record_type,source,user_id,session_id,timestamp,event_type,key_code,key_char,dwell_time_ms,flight_time_ms,x,y,delta_x,delta_y,velocity,window_start,window_end,task_type,task_index,trial_index,text_length,backspace_count,correction_count,total_duration_ms,pause_duration_ms,target_id,target_size,click_duration_ms,page,device_id,typing_speed,mean_key_hold,std_key_hold,mean_flight_time,std_flight_time,backspace_rate,correction_rate,pause_mean,pause_std,mouse_speed_mean,mouse_speed_std,mouse_acceleration,click_interval_mean,scroll_speed,trajectory_length,direction_changes,target_acquisition_mean,feature_created_at,training_fv_backspace_rate,training_fv_click_interval_mean,training_fv_correction_rate,training_fv_direction_changes,training_fv_mean_flight_time,training_fv_mean_key_hold,training_fv_mouse_acceleration,training_fv_mouse_speed_mean,training_fv_mouse_speed_std,training_fv_pause_mean,training_fv_pause_std,training_fv_scroll_speed,training_fv_std_flight_time,training_fv_std_key_hold,training_fv_target_acquisition_mean,training_fv_total_duration_ms,training_fv_trajectory_length,training_fv_typing_speed,behavioral_fv_accelerationMean,behavioral_fv_accelerationStd,behavioral_fv_clickCount,behavioral_fv_curvatureMean,behavioral_fv_curvatureStd,behavioral_fv_dwellMeanMs,behavioral_fv_dwellStdMs,behavioral_fv_flightMeanMs,behavioral_fv_flightStdMs,behavioral_fv_keysPerSec,behavioral_fv_mouseTravelPx,behavioral_fv_scrollAmount,behavioral_fv_velocityMean,behavioral_fv_velocityStd,window_f_accelerationMean,window_f_accelerationStd,window_f_clickCount,window_f_curvatureMean,window_f_curvatureStd,window_f_dwellMeanMs,window_f_dwellStdMs,window_f_flightMeanMs,window_f_flightStdMs,window_f_keysPerSec,window_f_mouseTravelPx,window_f_scrollAmount,window_f_velocityMean,window_f_velocityStd
training_event,training,468f03a2-d7c9-4701-abf8-bb2c692f696b,ecbdba9b-dd2f-4c4b-a2f5-2e74b1dce2bb,2026-08-13T02:57:39.649000+00:00,mouse_move,,,,,477.8,213.6,,,,,,mouse_tracking,,,,,,,,,,,/app/training,dev_6c3945cd-a562-4179-ae9a-ec1c8c010a88,,,,,,,,,,,,,,,,,,,,,,,,,,,,,,,,,,,,,,,,,,,,,,,,,,,,,,,,,,,,,,,,
training_event,training,468f03a2-d7c9-4701-abf8-bb2c692f696b,ecbdba9b-dd2f-4c4b-a2f5-2e74b1dce2bb,2026-08-13T02:57:39.682000+00:00,mouse_move,,,,,480.8,212.6,,,,,,mouse_tracking,,,,,,,,,,,/app/training,dev_6c3945cd-a562-4179-ae9a-ec1c8c010a88,,,,,,,,,,,,,,,,,,,,,,,,,,,,,,,,,,,,,,,,,,,,,,,,,,,,,,,,,,,,,,,,
training_event,training,468f03a2-d7c9-4701-abf8-bb2c692f696b,ecbdba9b-dd2f-4c4b-a2f5-2e74b1dce2bb,2026-08-13T02:57:40.999000+00:00,mouse_move,,,,,467.8,265.6,,,,,,mouse_tracking,,,,,,,,,,,/app/training,dev_6c3945cd-a562-4179-ae9a-ec1c8c010a88,,,,,,,,,,,,,,,,,,,,,,,,,,,,,,,,,,,,,,,,,,,,,,,,,,,,,,,,,,,,,,,,
training_event,training,468f03a2-d7c9-4701-abf8-bb2c692f696b,ecbdba9b-dd2f-4c4b-a2f5-2e74b1dce2bb,2026-08-13T02:57:42.181000+00:00,mouse_move,,,,,400.8,321.6,,,,,,mouse_tracking,,,,,,,,,,,/app/training,dev_6c3945cd-a562-4179-ae9a-ec1c8c010a88,,,,,,,,,,,,,,,,,,,,,,,,,,,,,,,,,,,,,,,,,,,,,,,,,,,,,,,,,,,,,,,,
training_event,training,468f03a2-d7c9-4701-abf8-bb2c692f696b,ecbdba9b-dd2f-4c4b-a2f5-2e74b1dce2bb,2026-08-13T02:57:43.347000+00:00,mouse_move,,,,,274.8,323.6,,,,,,mouse_tracking,,,,,,,,,,,/app/training,dev_6c3945cd-a562-4179-ae9a-ec1c8c010a88,,,,,,,,,,,,,,,,,,,,,,,,,,,,,,,,,,,,,,,,,,,,,,,,,,,,,,,,,,,,,,,,
training_event,training,468f03a2-d7c9-4701-abf8-bb2c692f696b,ecbdba9b-dd2f-4c4b-a2f5-2e74b1dce2bb,2026-08-13T02:57:43.415000+00:00,mouse_move,,,,,259.8,319.6,,,,,,mouse_tracking,,,,,,,,,,,/app/training,dev_6c3945cd-a562-4179-ae9a-ec1c8c010a88,,,,,,,,,,,,,,,,,,,,,,,,,,,,,,,,,,,,,,,,,,,,,,,,,,,,,,,,,,,,,,,,
training_event,training,468f03a2-d7c9-4701-abf8-bb2c692f696b,ecbdba9b-dd2f-4c4b-a2f5-2e74b1dce2bb,2026-08-13T02:57:45.831000+00:00,mouse_move,,,,,228.8,154.6,,,,,,mouse_tracking,,,,,,,,,,,/app/training,dev_6c3945cd-a562-4179-ae9a-ec1c8c010a88,,,,,,,,,,,,,,,,,,,,,,,,,,,,,,,,,,,,,,,,,,,,,,,,,,,,,,,,,,,,,,,,
training_event,training,468f03a2-d7c9-4701-abf8-bb2c692f696b,ecbdba9b-dd2f-4c4b-a2f5-2e74b1dce2bb,2026-08-13T02:57:47.080000+00:00,mouse_move,,,,,357.8,91.6,,,,,,mouse_tracking,,,,,,,,,,,/app/training,dev_6c3945cd-a562-4179-ae9a-ec1c8c010a88,,,,,,,,,,,,,,,,,,,,,,,,,,,,,,,,,,,,,,,,,,,,,,,,,,,,,,,,,,,,,,,,
training_event,training,468f03a2-d7c9-4701-abf8-bb2c692f696b,ecbdba9b-dd2f-4c4b-a2f5-2e74b1dce2bb,2026-08-13T02:57:48.761000+00:00,mouse_move,,,,,442.8,115.6,,,,,,mouse_tracking,,,,,,,,,,,/app/training,dev_6c3945cd-a562-4179-ae9a-ec1c8c010a88,,,,,,,,,,,,,,,,,,,,,,,,,,,,,,,,,,,,,,,,,,,,,,,,,,,,,,,,,,,,,,,,
training_event,training,468f03a2-d7c9-4701-abf8-bb2c692f696b,ecbdba9b-dd2f-4c4b-a2f5-2e74b1dce2bb,2026-08-13T02:57:48.829000+00:00,mouse_move,,,,,448.8,119.6,,,,,,mouse_tracking,,,,,,,,,,,/app/training,dev_6c3945cd-a562-4179-ae9a-ec1c8c010a88,,,,,,,,,,,,,,,,,,,,,,,,,,,,,,,,,,,,,,,,,,,,,,,,,,,,,,,,,,,,,,,,
training_event,training,468f03a2-d7c9-4701-abf8-bb2c692f696b,ecbdba9b-dd2f-4c4b-a2f5-2e74b1dce2bb,2026-08-13T02:57:39.583000+00:00,mouse_move,,,,,473.8,215.6,,,,,,mouse_tracking,,,,,,,,,,,/app/training,dev_6c3945cd-a562-4179-ae9a-ec1c8c010a88,,,,,,,,,,,,,,,,,,,,,,,,,,,,,,,,,,,,,,,,,,,,,,,,,,,,,,,,,,,,,,,,
training_event,training,468f03a2-d7c9-4701-abf8-bb2c692f696b,ecbdba9b-dd2f-4c4b-a2f5-2e74b1dce2bb,2026-08-13T02:57:39.616000+00:00,mouse_move,,,,,475.8,213.6,,,,,,mouse_tracking,,,,,,,,,,,/app/training,dev_6c3945cd-a562-4179-ae9a-ec1c8c010a88,,,,,,,,,,,,,,,,,,,,,,,,,,,,,,,,,,,,,,,,,,,,,,,,,,,,,,,,,,,,,,,,
training_event,training,468f03a2-d7c9-4701-abf8-bb2c692f696b,ecbdba9b-dd2f-4c4b-a2f5-2e74b1dce2bb,2026-08-13T02:57:39.716000+00:00,mouse_move,,,,,482.8,212.6,,,,,,mouse_tracking,,,,,,,,,,,/app/training,dev_6c3945cd-a562-4179-ae9a-ec1c8c010a88,,,,,,,,,,,,,,,,,,,,,,,,,,,,,,,,,,,,,,,,,,,,,,,,,,,,,,,,,,,,,,,,
training_event,training,468f03a2-d7c9-4701-abf8-bb2c692f696b,ecbdba9b-dd2f-4c4b-a2f5-2e74b1dce2bb,2026-08-13T02:57:41.015000+00:00,mouse_move,,,,,466.8,267.6,,,,,,mouse_tracking,,,,,,,,,,,/app/training,dev_6c3945cd-a562-4179-ae9a-ec1c8c010a88,,,,,,,,,,,,,,,,,,,,,,,,,,,,,,,,,,,,,,,,,,,,,,,,,,,,,,,,,,,,,,,,
training_event,training,468f03a2-d7c9-4701-abf8-bb2c692f696b,ecbdba9b-dd2f-4c4b-a2f5-2e74b1dce2bb,2026-08-13T02:57:42.115000+00:00,mouse_move,,,,,444.8,312.6,,,,,,mouse_tracking,,,,,,,,,,,/app/training,dev_6c3945cd-a562-4179-ae9a-ec1c8c010a88,,,,,,,,,,,,,,,,,,,,,,,,,,,,,,,,,,,,,,,,,,,,,,,,,,,,,,,,,,,,,,,,
training_event,training,468f03a2-d7c9-4701-abf8-bb2c692f696b,ecbdba9b-dd2f-4c4b-a2f5-2e74b1dce2bb,2026-08-13T02:57:42.132000+00:00,mouse_move,,,,,432.8,315.6,,,,,,mouse_tracking,,,,,,,,,,,/app/training,dev_6c3945cd-a562-4179-ae9a-ec1c8c010a88,,,,,,,,,,,,,,,,,,,,,,,,,,,,,,,,,,,,,,,,,,,,,,,,,,,,,,,,,,,,,,,,
training_event,training,468f03a2-d7c9-4701-abf8-bb2c692f696b,ecbdba9b-dd2f-4c4b-a2f5-2e74b1dce2bb,2026-08-13T02:57:44.498000+00:00,mouse_move,,,,,237.8,242.6,,,,,,mouse_tracking,,,,,,,,,,,/app/training,dev_6c3945cd-a562-4179-ae9a-ec1c8c010a88,,,,,,,,,,,,,,,,,,,,,,,,,,,,,,,,,,,,,,,,,,,,,,,,,,,,,,,,,,,,,,,,
training_event,training,468f03a2-d7c9-4701-abf8-bb2c692f696b,ecbdba9b-dd2f-4c4b-a2f5-2e74b1dce2bb,2026-08-13T02:57:44.598000+00:00,mouse_move,,,,,228.8,181.6,,,,,,mouse_tracking,,,,,,,,,,,/app/training,dev_6c3945cd-a562-4179-ae9a-ec1c8c010a88,,,,,,,,,,,,,,,,,,,,,,,,,,,,,,,,,,,,,,,,,,,,,,,,,,,,,,,,,,,,,,,,
training_event,training,468f03a2-d7c9-4701-abf8-bb2c692f696b,ecbdba9b-dd2f-4c4b-a2f5-2e74b1dce2bb,2026-08-13T02:57:45.897000+00:00,mouse_move,,,,,233.8,129.6,,,,,,mouse_tracking,,,,,,,,,,,/app/training,dev_6c3945cd-a562-4179-ae9a-ec1c8c010a88,,,,,,,,,,,,,,,,,,,,,,,,,,,,,,,,,,,,,,,,,,,,,,,,,,,,,,,,,,,,,,,,
training_event,training,468f03a2-d7c9-4701-abf8-bb2c692f696b,ecbdba9b-dd2f-4c4b-a2f5-2e74b1dce2bb,2026-08-13T02:57:45.931000+00:00,mouse_move,,,,,236.8,124.6,,,,,,mouse_tracking,,,,,,,,,,,/app/training,dev_6c3945cd-a562-4179-ae9a-ec1c8c010a88,,,,,,,,,,,,,,,,,,,,,,,,,,,,,,,,,,,,,,,,,,,,,,,,,,,,,,,,,,,,,,,,
training_event,training,468f03a2-d7c9-4701-abf8-bb2c692f696b,ecbdba9b-dd2f-4c4b-a2f5-2e74b1dce2bb,2026-08-13T02:57:46.097000+00:00,mouse_move,,,,,243.8,116.6,,,,,,mouse_tracking,,,,,,,,,,,/app/training,dev_6c3945cd-a562-4179-ae9a-ec1c8c010a88,,,,,,,,,,,,,,,,,,,,,,,,,,,,,,,,,,,,,,,,,,,,,,,,,,,,,,,,,,,,,,,,
training_event,training,468f03a2-d7c9-4701-abf8-bb2c692f696b,ecbdba9b-dd2f-4c4b-a2f5-2e74b1dce2bb,2026-08-13T02:57:46.980000+00:00,mouse_move,,,,,245.8,115.6,,,,,,mouse_tracking,,,,,,,,,,,/app/training,dev_6c3945cd-a562-4179-ae9a-ec1c8c010a88,,,,,,,,,,,,,,,,,,,,,,,,,,,,,,,,,,,,,,,,,,,,,,,,,,,,,,,,,,,,,,,,
training_event,training,468f03a2-d7c9-4701-abf8-bb2c692f696b,ecbdba9b-dd2f-4c4b-a2f5-2e74b1dce2bb,2026-08-13T02:57:47.146000+00:00,mouse_move,,,,,370.8,88.6,,,,,,mouse_tracking,,,,,,,,,,,/app/training,dev_6c3945cd-a562-4179-ae9a-ec1c8c010a88,,,,,,,,,,,,,,,,,,,,,,,,,,,,,,,,,,,,,,,,,,,,,,,,,,,,,,,,,,,,,,,,
training_event,training,468f03a2-d7c9-4701-abf8-bb2c692f696b,ecbdba9b-dd2f-4c4b-a2f5-2e74b1dce2bb,2026-08-13T02:57:48.796000+00:00,mouse_move,,,,,446.8,117.6,,,,,,mouse_tracking,,,,,,,,,,,/app/training,dev_6c3945cd-a562-4179-ae9a-ec1c8c010a88,,,,,,,,,,,,,,,,,,,,,,,,,,,,,,,,,,,,,,,,,,,,,,,,,,,,,,,,,,,,,,,,
training_event,training,468f03a2-d7c9-4701-abf8-bb2c692f696b,ecbdba9b-dd2f-4c4b-a2f5-2e74b1dce2bb,2026-08-13T02:57:39.450000+00:00,mouse_move,,,,,373.8,265.6,,,,,,mouse_tracking,,,,,,,,,,,/app/training,dev_6c3945cd-a562-4179-ae9a-ec1c8c010a88,,,,,,,,,,,,,,,,,,,,,,,,,,,,,,,,,,,,,,,,,,,,,,,,,,,,,,,,,,,,,,,,
training_event,training,468f03a2-d7c9-4701-abf8-bb2c692f696b,ecbdba9b-dd2f-4c4b-a2f5-2e74b1dce2bb,2026-08-13T02:57:39.699000+00:00,mouse_move,,,,,481.8,212.6,,,,,,mouse_tracking,,,,,,,,,,,/app/training,dev_6c3945cd-a562-4179-ae9a-ec1c8c010a88,,,,,,,,,,,,,,,,,,,,,,,,,,,,,,,,,,,,,,,,,,,,,,,,,,,,,,,,,,,,,,,,
training_event,training,468f03a2-d7c9-4701-abf8-bb2c692f696b,ecbdba9b-dd2f-4c4b-a2f5-2e74b1dce2bb,2026-08-13T02:57:41.148000+00:00,mouse_move,,,,,466.8,288.6,,,,,,mouse_tracking,,,,,,,,,,,/app/training,dev_6c3945cd-a562-4179-ae9a-ec1c8c010a88,,,,,,,,,,,,,,,,,,,,,,,,,,,,,,,,,,,,,,,,,,,,,,,,,,,,,,,,,,,,,,,,
training_event,training,468f03a2-d7c9-4701-abf8-bb2c692f696b,ecbdba9b-dd2f-4c4b-a2f5-2e74b1dce2bb,2026-08-13T02:57:42.215000+00:00,mouse_move,,,,,392.8,323.6,,,,,,mouse_tracking,,,,,,,,,,,/app/training,dev_6c3945cd-a562-4179-ae9a-ec1c8c010a88,,,,,,,,,,,,,,,,,,,,,,,,,,,,,,,,,,,,,,,,,,,,,,,,,,,,,,,,,,,,,,,,
training_event,training,468f03a2-d7c9-4701-abf8-bb2c692f696b,ecbdba9b-dd2f-4c4b-a2f5-2e74b1dce2bb,2026-08-13T02:57:42.265000+00:00,mouse_move,,,,,385.8,328.6,,,,,,mouse_tracking,,,,,,,,,,,/app/training,dev_6c3945cd-a562-4179-ae9a-ec1c8c010a88,,,,,,,,,,,,,,,,,,,,,,,,,,,,,,,,,,,,,,,,,,,,,,,,,,,,,,,,,,,,,,,,
training_event,training,468f03a2-d7c9-4701-abf8-bb2c692f696b,ecbdba9b-dd2f-4c4b-a2f5-2e74b1dce2bb,2026-08-13T02:57:43.480000+00:00,mouse_move,,,,,253.8,319.6,,,,,,mouse_tracking,,,,,,,,,,,/app/training,dev_6c3945cd-a562-4179-ae9a-ec1c8c010a88,,,,,,,,,,,,,,,,,,,,,,,,,,,,,,,,,,,,,,,,,,,,,,,,,,,,,,,,,,,,,,,,
training_event,training,468f03a2-d7c9-4701-abf8-bb2c692f696b,ecbdba9b-dd2f-4c4b-a2f5-2e74b1dce2bb,2026-08-13T02:57:44.548000+00:00,mouse_move,,,,,231.8,203.6,,,,,,mouse_tracking,,,,,,,,,,,/app/training,dev_6c3945cd-a562-4179-ae9a-ec1c8c010a88,,,,,,,,,,,,,,,,,,,,,,,,,,,,,,,,,,,,,,,,,,,,,,,,,,,,,,,,,,,,,,,,
training_event,training,468f03a2-d7c9-4701-abf8-bb2c692f696b,ecbdba9b-dd2f-4c4b-a2f5-2e74b1dce2bb,2026-08-13T02:57:44.781000+00:00,mouse_move,,,,,228.8,187.6,,,,,,mouse_tracking,,,,,,,,,,,/app/training,dev_6c3945cd-a562-4179-ae9a-ec1c8c010a88,,,,,,,,,,,,,,,,,,,,,,,,,,,,,,,,,,,,,,,,,,,,,,,,,,,,,,,,,,,,,,,,
training_event,training,468f03a2-d7c9-4701-abf8-bb2c692f696b,ecbdba9b-dd2f-4c4b-a2f5-2e74b1dce2bb,2026-08-13T02:57:44.830000+00:00,mouse_move,,,,,228.8,201.6,,,,,,mouse_tracking,,,,,,,,,,,/app/training,dev_6c3945cd-a562-4179-ae9a-ec1c8c010a88,,,,,,,,,,,,,,,,,,,,,,,,,,,,,,,,,,,,,,,,,,,,,,,,,,,,,,,,,,,,,,,,
training_event,training,468f03a2-d7c9-4701-abf8-bb2c692f696b,ecbdba9b-dd2f-4c4b-a2f5-2e74b1dce2bb,2026-08-13T02:57:47.563000+00:00,mouse_move,,,,,369.8,80.6,,,,,,mouse_tracking,,,,,,,,,,,/app/training,dev_6c3945cd-a562-4179-ae9a-ec1c8c010a88,,,,,,,,,,,,,,,,,,,,,,,,,,,,,,,,,,,,,,,,,,,,,,,,,,,,,,,,,,,,,,,,
training_event,training,468f03a2-d7c9-4701-abf8-bb2c692f696b,ecbdba9b-dd2f-4c4b-a2f5-2e74b1dce2bb,2026-08-13T02:57:47.580000+00:00,mouse_move,,,,,367.8,78.6,,,,,,mouse_tracking,,,,,,,,,,,/app/training,dev_6c3945cd-a562-4179-ae9a-ec1c8c010a88,,,,,,,,,,,,,,,,,,,,,,,,,,,,,,,,,,,,,,,,,,,,,,,,,,,,,,,,,,,,,,,,
training_event,training,468f03a2-d7c9-4701-abf8-bb2c692f696b,ecbdba9b-dd2f-4c4b-a2f5-2e74b1dce2bb,2026-08-13T02:57:47.629000+00:00,mouse_move,,,,,364.8,77.6,,,,,,mouse_tracking,,,,,,,,,,,/app/training,dev_6c3945cd-a562-4179-ae9a-ec1c8c010a88,,,,,,,,,,,,,,,,,,,,,,,,,,,,,,,,,,,,,,,,,,,,,,,,,,,,,,,,,,,,,,,,
training_event,training,468f03a2-d7c9-4701-abf8-bb2c692f696b,ecbdba9b-dd2f-4c4b-a2f5-2e74b1dce2bb,2026-08-13T02:57:48.613000+00:00,mouse_move,,,,,422.8,102.6,,,,,,mouse_tracking,,,,,,,,,,,/app/training,dev_6c3945cd-a562-4179-ae9a-ec1c8c010a88,,,,,,,,,,,,,,,,,,,,,,,,,,,,,,,,,,,,,,,,,,,,,,,,,,,,,,,,,,,,,,,,
training_event,training,468f03a2-d7c9-4701-abf8-bb2c692f696b,ecbdba9b-dd2f-4c4b-a2f5-2e74b1dce2bb,2026-08-13T02:57:48.729000+00:00,mouse_move,,,,,436.8,112.6,,,,,,mouse_tracking,,,,,,,,,,,/app/training,dev_6c3945cd-a562-4179-ae9a-ec1c8c010a88,,,,,,,,,,,,,,,,,,,,,,,,,,,,,,,,,,,,,,,,,,,,,,,,,,,,,,,,,,,,,,,,
training_event,training,468f03a2-d7c9-4701-abf8-bb2c692f696b,ecbdba9b-dd2f-4c4b-a2f5-2e74b1dce2bb,2026-08-13T02:57:48.746000+00:00,mouse_move,,,,,439.8,115.6,,,,,,mouse_tracking,,,,,,,,,,,/app/training,dev_6c3945cd-a562-4179-ae9a-ec1c8c010a88,,,,,,,,,,,,,,,,,,,,,,,,,,,,,,,,,,,,,,,,,,,,,,,,,,,,,,,,,,,,,,,,
training_event,training,468f03a2-d7c9-4701-abf8-bb2c692f696b,ecbdba9b-dd2f-4c4b-a2f5-2e74b1dce2bb,2026-08-13T02:57:41.099000+00:00,mouse_move,,,,,466.8,277.6,,,,,,mouse_tracking,,,,,,,,,,,/app/training,dev_6c3945cd-a562-4179-ae9a-ec1c8c010a88,,,,,,,,,,,,,,,,,,,,,,,,,,,,,,,,,,,,,,,,,,,,,,,,,,,,,,,,,,,,,,,,
training_event,training,468f03a2-d7c9-4701-abf8-bb2c692f696b,ecbdba9b-dd2f-4c4b-a2f5-2e74b1dce2bb,2026-08-13T02:57:41.232000+00:00,mouse_move,,,,,464.8,303.6,,,,,,mouse_tracking,,,,,,,,,,,/app/training,dev_6c3945cd-a562-4179-ae9a-ec1c8c010a88,,,,,,,,,,,,,,,,,,,,,,,,,,,,,,,,,,,,,,,,,,,,,,,,,,,,,,,,,,,,,,,,
training_event,training,468f03a2-d7c9-4701-abf8-bb2c692f696b,ecbdba9b-dd2f-4c4b-a2f5-2e74b1dce2bb,2026-08-13T02:57:42.232000+00:00,mouse_move,,,,,389.8,324.6,,,,,,mouse_tracking,,,,,,,,,,,/app/training,dev_6c3945cd-a562-4179-ae9a-ec1c8c010a88,,,,,,,,,,,,,,,,,,,,,,,,,,,,,,,,,,,,,,,,,,,,,,,,,,,,,,,,,,,,,,,,
training_event,training,468f03a2-d7c9-4701-abf8-bb2c692f696b,ecbdba9b-dd2f-4c4b-a2f5-2e74b1dce2bb,2026-08-13T02:57:42.315000+00:00,mouse_move,,,,,377.8,335.6,,,,,,mouse_tracking,,,,,,,,,,,/app/training,dev_6c3945cd-a562-4179-ae9a-ec1c8c010a88,,,,,,,,,,,,,,,,,,,,,,,,,,,,,,,,,,,,,,,,,,,,,,,,,,,,,,,,,,,,,,,,
training_event,training,468f03a2-d7c9-4701-abf8-bb2c692f696b,ecbdba9b-dd2f-4c4b-a2f5-2e74b1dce2bb,2026-08-13T02:57:45.797000+00:00,mouse_move,,,,,228.8,183.6,,,,,,mouse_tracking,,,,,,,,,,,/app/training,dev_6c3945cd-a562-4179-ae9a-ec1c8c010a88,,,,,,,,,,,,,,,,,,,,,,,,,,,,,,,,,,,,,,,,,,,,,,,,,,,,,,,,,,,,,,,,
training_event,training,468f03a2-d7c9-4701-abf8-bb2c692f696b,ecbdba9b-dd2f-4c4b-a2f5-2e74b1dce2bb,2026-08-13T02:57:47.497000+00:00,mouse_move,,,,,373.8,85.6,,,,,,mouse_tracking,,,,,,,,,,,/app/training,dev_6c3945cd-a562-4179-ae9a-ec1c8c010a88,,,,,,,,,,,,,,,,,,,,,,,,,,,,,,,,,,,,,,,,,,,,,,,,,,,,,,,,,,,,,,,,
training_event,training,468f03a2-d7c9-4701-abf8-bb2c692f696b,ecbdba9b-dd2f-4c4b-a2f5-2e74b1dce2bb,2026-08-13T02:57:47.596000+00:00,mouse_move,,,,,365.8,77.6,,,,,,mouse_tracking,,,,,,,,,,,/app/training,dev_6c3945cd-a562-4179-ae9a-ec1c8c010a88,,,,,,,,,,,,,,,,,,,,,,,,,,,,,,,,,,,,,,,,,,,,,,,,,,,,,,,,,,,,,,,,
training_event,training,468f03a2-d7c9-4701-abf8-bb2c692f696b,ecbdba9b-dd2f-4c4b-a2f5-2e74b1dce2bb,2026-08-13T02:57:48.480000+00:00,mouse_move,,,,,408.8,95.6,,,,,,mouse_tracking,,,,,,,,,,,/app/training,dev_6c3945cd-a562-4179-ae9a-ec1c8c010a88,,,,,,,,,,,,,,,,,,,,,,,,,,,,,,,,,,,,,,,,,,,,,,,,,,,,,,,,,,,,,,,,
training_event,training,468f03a2-d7c9-4701-abf8-bb2c692f696b,ecbdba9b-dd2f-4c4b-a2f5-2e74b1dce2bb,2026-08-13T02:57:48.579000+00:00,mouse_move,,,,,420.8,101.6,,,,,,mouse_tracking,,,,,,,,,,,/app/training,dev_6c3945cd-a562-4179-ae9a-ec1c8c010a88,,,,,,,,,,,,,,,,,,,,,,,,,,,,,,,,,,,,,,,,,,,,,,,,,,,,,,,,,,,,,,,,
training_event,training,468f03a2-d7c9-4701-abf8-bb2c692f696b,ecbdba9b-dd2f-4c4b-a2f5-2e74b1dce2bb,2026-08-13T02:57:48.679000+00:00,mouse_move,,,,,430.8,107.6,,,,,,mouse_tracking,,,,,,,,,,,/app/training,dev_6c3945cd-a562-4179-ae9a-ec1c8c010a88,,,,,,,,,,,,,,,,,,,,,,,,,,,,,,,,,,,,,,,,,,,,,,,,,,,,,,,,,,,,,,,,
training_event,training,468f03a2-d7c9-4701-abf8-bb2c692f696b,ecbdba9b-dd2f-4c4b-a2f5-2e74b1dce2bb,2026-08-13T02:57:39.465000+00:00,mouse_move,,,,,385.8,255.6,,,,,,mouse_tracking,,,,,,,,,,,/app/training,dev_6c3945cd-a562-4179-ae9a-ec1c8c010a88,,,,,,,,,,,,,,,,,,,,,,,,,,,,,,,,,,,,,,,,,,,,,,,,,,,,,,,,,,,,,,,,
training_event,training,468f03a2-d7c9-4701-abf8-bb2c692f696b,ecbdba9b-dd2f-4c4b-a2f5-2e74b1dce2bb,2026-08-13T02:57:39.749000+00:00,mouse_move,,,,,484.8,211.6,,,,,,mouse_tracking,,,,,,,,,,,/app/training,dev_6c3945cd-a562-4179-ae9a-ec1c8c010a88,,,,,,,,,,,,,,,,,,,,,,,,,,,,,,,,,,,,,,,,,,,,,,,,,,,,,,,,,,,,,,,,
training_event,training,468f03a2-d7c9-4701-abf8-bb2c692f696b,ecbdba9b-dd2f-4c4b-a2f5-2e74b1dce2bb,2026-08-13T02:57:43.431000+00:00,mouse_move,,,,,256.8,319.6,,,,,,mouse_tracking,,,,,,,,,,,/app/training,dev_6c3945cd-a562-4179-ae9a-ec1c8c010a88,,,,,,,,,,,,,,,,,,,,,,,,,,,,,,,,,,,,,,,,,,,,,,,,,,,,,,,,,,,,,,,,
training_event,training,468f03a2-d7c9-4701-abf8-bb2c692f696b,ecbdba9b-dd2f-4c4b-a2f5-2e74b1dce2bb,2026-08-13T02:57:45.780000+00:00,mouse_move,,,,,228.8,195.6,,,,,,mouse_tracking,,,,,,,,,,,/app/training,dev_6c3945cd-a562-4179-ae9a-ec1c8c010a88,,,,,,,,,,,,,,,,,,,,,,,,,,,,,,,,,,,,,,,,,,,,,,,,,,,,,,,,,,,,,,,,
training_event,training,468f03a2-d7c9-4701-abf8-bb2c692f696b,ecbdba9b-dd2f-4c4b-a2f5-2e74b1dce2bb,2026-08-13T02:57:47.046000+00:00,mouse_move,,,,,334.8,94.6,,,,,,mouse_tracking,,,,,,,,,,,/app/training,dev_6c3945cd-a562-4179-ae9a-ec1c8c010a88,,,,,,,,,,,,,,,,,,,,,,,,,,,,,,,,,,,,,,,,,,,,,,,,,,,,,,,,,,,,,,,,
training_event,training,468f03a2-d7c9-4701-abf8-bb2c692f696b,ecbdba9b-dd2f-4c4b-a2f5-2e74b1dce2bb,2026-08-13T02:57:48.412000+00:00,mouse_move,,,,,372.8,79.6,,,,,,mouse_tracking,,,,,,,,,,,/app/training,dev_6c3945cd-a562-4179-ae9a-ec1c8c010a88,,,,,,,,,,,,,,,,,,,,,,,,,,,,,,,,,,,,,,,,,,,,,,,,,,,,,,,,,,,,,,,,
training_event,training,468f03a2-d7c9-4701-abf8-bb2c692f696b,ecbdba9b-dd2f-4c4b-a2f5-2e74b1dce2bb,2026-08-13T02:57:48.696000+00:00,mouse_move,,,,,432.8,110.6,,,,,,mouse_tracking,,,,,,,,,,,/app/training,dev_6c3945cd-a562-4179-ae9a-ec1c8c010a88,,,,,,,,,,,,,,,,,,,,,,,,,,,,,,,,,,,,,,,,,,,,,,,,,,,,,,,,,,,,,,,,
training_event,training,468f03a2-d7c9-4701-abf8-bb2c692f696b,ecbdba9b-dd2f-4c4b-a2f5-2e74b1dce2bb,2026-08-13T02:57:39.550000+00:00,mouse_move,,,,,463.8,217.6,,,,,,mouse_tracking,,,,,,,,,,,/app/training,dev_6c3945cd-a562-4179-ae9a-ec1c8c010a88,,,,,,,,,,,,,,,,,,,,,,,,,,,,,,,,,,,,,,,,,,,,,,,,,,,,,,,,,,,,,,,,
training_event,training,468f03a2-d7c9-4701-abf8-bb2c692f696b,ecbdba9b-dd2f-4c4b-a2f5-2e74b1dce2bb,2026-08-13T02:57:39.565000+00:00,mouse_move,,,,,471.8,215.6,,,,,,mouse_tracking,,,,,,,,,,,/app/training,dev_6c3945cd-a562-4179-ae9a-ec1c8c010a88,,,,,,,,,,,,,,,,,,,,,,,,,,,,,,,,,,,,,,,,,,,,,,,,,,,,,,,,,,,,,,,,
training_event,training,468f03a2-d7c9-4701-abf8-bb2c692f696b,ecbdba9b-dd2f-4c4b-a2f5-2e74b1dce2bb,2026-08-13T02:57:40.982000+00:00,mouse_move,,,,,467.8,263.6,,,,,,mouse_tracking,,,,,,,,,,,/app/training,dev_6c3945cd-a562-4179-ae9a-ec1c8c010a88,,,,,,,,,,,,,,,,,,,,,,,,,,,,,,,,,,,,,,,,,,,,,,,,,,,,,,,,,,,,,,,,
training_event,training,468f03a2-d7c9-4701-abf8-bb2c692f696b,ecbdba9b-dd2f-4c4b-a2f5-2e74b1dce2bb,2026-08-13T02:57:41.116000+00:00,mouse_move,,,,,466.8,282.6,,,,,,mouse_tracking,,,,,,,,,,,/app/training,dev_6c3945cd-a562-4179-ae9a-ec1c8c010a88,,,,,,,,,,,,,,,,,,,,,,,,,,,,,,,,,,,,,,,,,,,,,,,,,,,,,,,,,,,,,,,,
training_event,training,468f03a2-d7c9-4701-abf8-bb2c692f696b,ecbdba9b-dd2f-4c4b-a2f5-2e74b1dce2bb,2026-08-13T02:57:41.315000+00:00,mouse_move,,,,,461.8,309.6,,,,,,mouse_tracking,,,,,,,,,,,/app/training,dev_6c3945cd-a562-4179-ae9a-ec1c8c010a88,,,,,,,,,,,,,,,,,,,,,,,,,,,,,,,,,,,,,,,,,,,,,,,,,,,,,,,,,,,,,,,,
training_event,training,468f03a2-d7c9-4701-abf8-bb2c692f696b,ecbdba9b-dd2f-4c4b-a2f5-2e74b1dce2bb,2026-08-13T02:57:42.249000+00:00,mouse_move,,,,,387.8,327.6,,,,,,mouse_tracking,,,,,,,,,,,/app/training,dev_6c3945cd-a562-4179-ae9a-ec1c8c010a88,,,,,,,,,,,,,,,,,,,,,,,,,,,,,,,,,,,,,,,,,,,,,,,,,,,,,,,,,,,,,,,,
training_event,training,468f03a2-d7c9-4701-abf8-bb2c692f696b,ecbdba9b-dd2f-4c4b-a2f5-2e74b1dce2bb,2026-08-13T02:57:44.797000+00:00,mouse_move,,,,,228.8,194.6,,,,,,mouse_tracking,,,,,,,,,,,/app/training,dev_6c3945cd-a562-4179-ae9a-ec1c8c010a88,,,,,,,,,,,,,,,,,,,,,,,,,,,,,,,,,,,,,,,,,,,,,,,,,,,,,,,,,,,,,,,,
training_event,training,468f03a2-d7c9-4701-abf8-bb2c692f696b,ecbdba9b-dd2f-4c4b-a2f5-2e74b1dce2bb,2026-08-13T02:57:45.848000+00:00,mouse_move,,,,,230.8,145.6,,,,,,mouse_tracking,,,,,,,,,,,/app/training,dev_6c3945cd-a562-4179-ae9a-ec1c8c010a88,,,,,,,,,,,,,,,,,,,,,,,,,,,,,,,,,,,,,,,,,,,,,,,,,,,,,,,,,,,,,,,,
training_event,training,468f03a2-d7c9-4701-abf8-bb2c692f696b,ecbdba9b-dd2f-4c4b-a2f5-2e74b1dce2bb,2026-08-13T02:57:45.880000+00:00,mouse_move,,,,,232.8,134.6,,,,,,mouse_tracking,,,,,,,,,,,/app/training,dev_6c3945cd-a562-4179-ae9a-ec1c8c010a88,,,,,,,,,,,,,,,,,,,,,,,,,,,,,,,,,,,,,,,,,,,,,,,,,,,,,,,,,,,,,,,,
training_event,training,468f03a2-d7c9-4701-abf8-bb2c692f696b,ecbdba9b-dd2f-4c4b-a2f5-2e74b1dce2bb,2026-08-13T02:57:47.180000+00:00,mouse_move,,,,,372.8,88.6,,,,,,mouse_tracking,,,,,,,,,,,/app/training,dev_6c3945cd-a562-4179-ae9a-ec1c8c010a88,,,,,,,,,,,,,,,,,,,,,,,,,,,,,,,,,,,,,,,,,,,,,,,,,,,,,,,,,,,,,,,,
training_event,training,468f03a2-d7c9-4701-abf8-bb2c692f696b,ecbdba9b-dd2f-4c4b-a2f5-2e74b1dce2bb,2026-08-13T02:57:39.833000+00:00,mouse_move,,,,,488.8,211.6,,,,,,mouse_tracking,,,,,,,,,,,/app/training,dev_6c3945cd-a562-4179-ae9a-ec1c8c010a88,,,,,,,,,,,,,,,,,,,,,,,,,,,,,,,,,,,,,,,,,,,,,,,,,,,,,,,,,,,,,,,,
training_event,training,468f03a2-d7c9-4701-abf8-bb2c692f696b,ecbdba9b-dd2f-4c4b-a2f5-2e74b1dce2bb,2026-08-13T02:57:40.932000+00:00,mouse_move,,,,,470.8,251.6,,,,,,mouse_tracking,,,,,,,,,,,/app/training,dev_6c3945cd-a562-4179-ae9a-ec1c8c010a88,,,,,,,,,,,,,,,,,,,,,,,,,,,,,,,,,,,,,,,,,,,,,,,,,,,,,,,,,,,,,,,,
training_event,training,468f03a2-d7c9-4701-abf8-bb2c692f696b,ecbdba9b-dd2f-4c4b-a2f5-2e74b1dce2bb,2026-08-13T02:57:41.248000+00:00,mouse_move,,,,,464.8,306.6,,,,,,mouse_tracking,,,,,,,,,,,/app/training,dev_6c3945cd-a562-4179-ae9a-ec1c8c010a88,,,,,,,,,,,,,,,,,,,,,,,,,,,,,,,,,,,,,,,,,,,,,,,,,,,,,,,,,,,,,,,,
training_event,training,468f03a2-d7c9-4701-abf8-bb2c692f696b,ecbdba9b-dd2f-4c4b-a2f5-2e74b1dce2bb,2026-08-13T02:57:41.298000+00:00,mouse_move,,,,,463.8,308.6,,,,,,mouse_tracking,,,,,,,,,,,/app/training,dev_6c3945cd-a562-4179-ae9a-ec1c8c010a88,,,,,,,,,,,,,,,,,,,,,,,,,,,,,,,,,,,,,,,,,,,,,,,,,,,,,,,,,,,,,,,,
training_event,training,468f03a2-d7c9-4701-abf8-bb2c692f696b,ecbdba9b-dd2f-4c4b-a2f5-2e74b1dce2bb,2026-08-13T02:57:43.298000+00:00,mouse_move,,,,,316.8,335.6,,,,,,mouse_tracking,,,,,,,,,,,/app/training,dev_6c3945cd-a562-4179-ae9a-ec1c8c010a88,,,,,,,,,,,,,,,,,,,,,,,,,,,,,,,,,,,,,,,,,,,,,,,,,,,,,,,,,,,,,,,,
training_event,training,468f03a2-d7c9-4701-abf8-bb2c692f696b,ecbdba9b-dd2f-4c4b-a2f5-2e74b1dce2bb,2026-08-13T02:57:44.614000+00:00,mouse_move,,,,,228.8,180.6,,,,,,mouse_tracking,,,,,,,,,,,/app/training,dev_6c3945cd-a562-4179-ae9a-ec1c8c010a88,,,,,,,,,,,,,,,,,,,,,,,,,,,,,,,,,,,,,,,,,,,,,,,,,,,,,,,,,,,,,,,,
training_event,training,468f03a2-d7c9-4701-abf8-bb2c692f696b,ecbdba9b-dd2f-4c4b-a2f5-2e74b1dce2bb,2026-08-13T02:57:45.814000+00:00,mouse_move,,,,,228.8,166.6,,,,,,mouse_tracking,,,,,,,,,,,/app/training,dev_6c3945cd-a562-4179-ae9a-ec1c8c010a88,,,,,,,,,,,,,,,,,,,,,,,,,,,,,,,,,,,,,,,,,,,,,,,,,,,,,,,,,,,,,,,,
training_event,training,468f03a2-d7c9-4701-abf8-bb2c692f696b,ecbdba9b-dd2f-4c4b-a2f5-2e74b1dce2bb,2026-08-13T02:57:39.733000+00:00,mouse_move,,,,,483.8,212.6,,,,,,mouse_tracking,,,,,,,,,,,/app/training,dev_6c3945cd-a562-4179-ae9a-ec1c8c010a88,,,,,,,,,,,,,,,,,,,,,,,,,,,,,,,,,,,,,,,,,,,,,,,,,,,,,,,,,,,,,,,,
training_event,training,468f03a2-d7c9-4701-abf8-bb2c692f696b,ecbdba9b-dd2f-4c4b-a2f5-2e74b1dce2bb,2026-08-13T02:57:40.882000+00:00,mouse_move,,,,,480.8,227.6,,,,,,mouse_tracking,,,,,,,,,,,/app/training,dev_6c3945cd-a562-4179-ae9a-ec1c8c010a88,,,,,,,,,,,,,,,,,,,,,,,,,,,,,,,,,,,,,,,,,,,,,,,,,,,,,,,,,,,,,,,,
training_event,training,468f03a2-d7c9-4701-abf8-bb2c692f696b,ecbdba9b-dd2f-4c4b-a2f5-2e74b1dce2bb,2026-08-13T02:57:42.165000+00:00,mouse_move,,,,,410.8,319.6,,,,,,mouse_tracking,,,,,,,,,,,/app/training,dev_6c3945cd-a562-4179-ae9a-ec1c8c010a88,,,,,,,,,,,,,,,,,,,,,,,,,,,,,,,,,,,,,,,,,,,,,,,,,,,,,,,,,,,,,,,,
training_event,training,468f03a2-d7c9-4701-abf8-bb2c692f696b,ecbdba9b-dd2f-4c4b-a2f5-2e74b1dce2bb,2026-08-13T02:57:42.415000+00:00,mouse_move,,,,,370.8,342.6,,,,,,mouse_tracking,,,,,,,,,,,/app/training,dev_6c3945cd-a562-4179-ae9a-ec1c8c010a88,,,,,,,,,,,,,,,,,,,,,,,,,,,,,,,,,,,,,,,,,,,,,,,,,,,,,,,,,,,,,,,,
training_event,training,468f03a2-d7c9-4701-abf8-bb2c692f696b,ecbdba9b-dd2f-4c4b-a2f5-2e74b1dce2bb,2026-08-13T02:57:44.414000+00:00,mouse_move,,,,,252.8,316.6,,,,,,mouse_tracking,,,,,,,,,,,/app/training,dev_6c3945cd-a562-4179-ae9a-ec1c8c010a88,,,,,,,,,,,,,,,,,,,,,,,,,,,,,,,,,,,,,,,,,,,,,,,,,,,,,,,,,,,,,,,,
training_event,training,468f03a2-d7c9-4701-abf8-bb2c692f696b,ecbdba9b-dd2f-4c4b-a2f5-2e74b1dce2bb,2026-08-13T02:57:45.964000+00:00,mouse_move,,,,,238.8,121.6,,,,,,mouse_tracking,,,,,,,,,,,/app/training,dev_6c3945cd-a562-4179-ae9a-ec1c8c010a88,,,,,,,,,,,,,,,,,,,,,,,,,,,,,,,,,,,,,,,,,,,,,,,,,,,,,,,,,,,,,,,,
training_event,training,468f03a2-d7c9-4701-abf8-bb2c692f696b,ecbdba9b-dd2f-4c4b-a2f5-2e74b1dce2bb,2026-08-13T02:57:45.980000+00:00,mouse_move,,,,,240.8,119.6,,,,,,mouse_tracking,,,,,,,,,,,/app/training,dev_6c3945cd-a562-4179-ae9a-ec1c8c010a88,,,,,,,,,,,,,,,,,,,,,,,,,,,,,,,,,,,,,,,,,,,,,,,,,,,,,,,,,,,,,,,,
training_event,training,468f03a2-d7c9-4701-abf8-bb2c692f696b,ecbdba9b-dd2f-4c4b-a2f5-2e74b1dce2bb,2026-08-13T02:57:48.547000+00:00,mouse_move,,,,,417.8,99.6,,,,,,mouse_tracking,,,,,,,,,,,/app/training,dev_6c3945cd-a562-4179-ae9a-ec1c8c010a88,,,,,,,,,,,,,,,,,,,,,,,,,,,,,,,,,,,,,,,,,,,,,,,,,,,,,,,,,,,,,,,,
training_event,training,468f03a2-d7c9-4701-abf8-bb2c692f696b,ecbdba9b-dd2f-4c4b-a2f5-2e74b1dce2bb,2026-08-13T02:57:48.813000+00:00,mouse_move,,,,,447.8,118.6,,,,,,mouse_tracking,,,,,,,,,,,/app/training,dev_6c3945cd-a562-4179-ae9a-ec1c8c010a88,,,,,,,,,,,,,,,,,,,,,,,,,,,,,,,,,,,,,,,,,,,,,,,,,,,,,,,,,,,,,,,,
training_event,training,468f03a2-d7c9-4701-abf8-bb2c692f696b,ecbdba9b-dd2f-4c4b-a2f5-2e74b1dce2bb,2026-08-13T02:57:48.846000+00:00,mouse_move,,,,,449.8,119.6,,,,,,mouse_tracking,,,,,,,,,,,/app/training,dev_6c3945cd-a562-4179-ae9a-ec1c8c010a88,,,,,,,,,,,,,,,,,,,,,,,,,,,,,,,,,,,,,,,,,,,,,,,,,,,,,,,,,,,,,,,,
training_event,training,468f03a2-d7c9-4701-abf8-bb2c692f696b,ecbdba9b-dd2f-4c4b-a2f5-2e74b1dce2bb,2026-08-13T02:57:39.531000+00:00,mouse_move,,,,,453.8,222.6,,,,,,mouse_tracking,,,,,,,,,,,/app/training,dev_6c3945cd-a562-4179-ae9a-ec1c8c010a88,,,,,,,,,,,,,,,,,,,,,,,,,,,,,,,,,,,,,,,,,,,,,,,,,,,,,,,,,,,,,,,,
training_event,training,468f03a2-d7c9-4701-abf8-bb2c692f696b,ecbdba9b-dd2f-4c4b-a2f5-2e74b1dce2bb,2026-08-13T02:57:40.965000+00:00,mouse_move,,,,,467.8,260.6,,,,,,mouse_tracking,,,,,,,,,,,/app/training,dev_6c3945cd-a562-4179-ae9a-ec1c8c010a88,,,,,,,,,,,,,,,,,,,,,,,,,,,,,,,,,,,,,,,,,,,,,,,,,,,,,,,,,,,,,,,,
training_event,training,468f03a2-d7c9-4701-abf8-bb2c692f696b,ecbdba9b-dd2f-4c4b-a2f5-2e74b1dce2bb,2026-08-13T02:57:41.081000+00:00,mouse_move,,,,,466.8,275.6,,,,,,mouse_tracking,,,,,,,,,,,/app/training,dev_6c3945cd-a562-4179-ae9a-ec1c8c010a88,,,,,,,,,,,,,,,,,,,,,,,,,,,,,,,,,,,,,,,,,,,,,,,,,,,,,,,,,,,,,,,,
training_event,training,468f03a2-d7c9-4701-abf8-bb2c692f696b,ecbdba9b-dd2f-4c4b-a2f5-2e74b1dce2bb,2026-08-13T02:57:41.166000+00:00,mouse_move,,,,,466.8,291.6,,,,,,mouse_tracking,,,,,,,,,,,/app/training,dev_6c3945cd-a562-4179-ae9a-ec1c8c010a88,,,,,,,,,,,,,,,,,,,,,,,,,,,,,,,,,,,,,,,,,,,,,,,,,,,,,,,,,,,,,,,,
training_event,training,468f03a2-d7c9-4701-abf8-bb2c692f696b,ecbdba9b-dd2f-4c4b-a2f5-2e74b1dce2bb,2026-08-13T02:57:43.364000+00:00,mouse_move,,,,,268.8,322.6,,,,,,mouse_tracking,,,,,,,,,,,/app/training,dev_6c3945cd-a562-4179-ae9a-ec1c8c010a88,,,,,,,,,,,,,,,,,,,,,,,,,,,,,,,,,,,,,,,,,,,,,,,,,,,,,,,,,,,,,,,,
training_event,training,468f03a2-d7c9-4701-abf8-bb2c692f696b,ecbdba9b-dd2f-4c4b-a2f5-2e74b1dce2bb,2026-08-13T02:57:44.447000+00:00,mouse_move,,,,,248.8,292.6,,,,,,mouse_tracking,,,,,,,,,,,/app/training,dev_6c3945cd-a562-4179-ae9a-ec1c8c010a88,,,,,,,,,,,,,,,,,,,,,,,,,,,,,,,,,,,,,,,,,,,,,,,,,,,,,,,,,,,,,,,,
training_event,training,468f03a2-d7c9-4701-abf8-bb2c692f696b,ecbdba9b-dd2f-4c4b-a2f5-2e74b1dce2bb,2026-08-13T02:57:44.648000+00:00,mouse_move,,,,,228.8,179.6,,,,,,mouse_tracking,,,,,,,,,,,/app/training,dev_6c3945cd-a562-4179-ae9a-ec1c8c010a88,,,,,,,,,,,,,,,,,,,,,,,,,,,,,,,,,,,,,,,,,,,,,,,,,,,,,,,,,,,,,,,,
training_event,training,468f03a2-d7c9-4701-abf8-bb2c692f696b,ecbdba9b-dd2f-4c4b-a2f5-2e74b1dce2bb,2026-08-13T02:57:46.030000+00:00,mouse_move,,,,,240.8,118.6,,,,,,mouse_tracking,,,,,,,,,,,/app/training,dev_6c3945cd-a562-4179-ae9a-ec1c8c010a88,,,,,,,,,,,,,,,,,,,,,,,,,,,,,,,,,,,,,,,,,,,,,,,,,,,,,,,,,,,,,,,,
training_event,training,468f03a2-d7c9-4701-abf8-bb2c692f696b,ecbdba9b-dd2f-4c4b-a2f5-2e74b1dce2bb,2026-08-13T02:57:47.163000+00:00,mouse_move,,,,,371.8,88.6,,,,,,mouse_tracking,,,,,,,,,,,/app/training,dev_6c3945cd-a562-4179-ae9a-ec1c8c010a88,,,,,,,,,,,,,,,,,,,,,,,,,,,,,,,,,,,,,,,,,,,,,,,,,,,,,,,,,,,,,,,,
training_event,training,468f03a2-d7c9-4701-abf8-bb2c692f696b,ecbdba9b-dd2f-4c4b-a2f5-2e74b1dce2bb,2026-08-13T02:57:47.414000+00:00,mouse_move,,,,,373.8,87.6,,,,,,mouse_tracking,,,,,,,,,,,/app/training,dev_6c3945cd-a562-4179-ae9a-ec1c8c010a88,,,,,,,,,,,,,,,,,,,,,,,,,,,,,,,,,,,,,,,,,,,,,,,,,,,,,,,,,,,,,,,,
training_event,training,468f03a2-d7c9-4701-abf8-bb2c692f696b,ecbdba9b-dd2f-4c4b-a2f5-2e74b1dce2bb,2026-08-13T02:57:39.483000+00:00,mouse_move,,,,,404.8,245.6,,,,,,mouse_tracking,,,,,,,,,,,/app/training,dev_6c3945cd-a562-4179-ae9a-ec1c8c010a88,,,,,,,,,,,,,,,,,,,,,,,,,,,,,,,,,,,,,,,,,,,,,,,,,,,,,,,,,,,,,,,,
training_event,training,468f03a2-d7c9-4701-abf8-bb2c692f696b,ecbdba9b-dd2f-4c4b-a2f5-2e74b1dce2bb,2026-08-13T02:57:41.215000+00:00,mouse_move,,,,,464.8,302.6,,,,,,mouse_tracking,,,,,,,,,,,/app/training,dev_6c3945cd-a562-4179-ae9a-ec1c8c010a88,,,,,,,,,,,,,,,,,,,,,,,,,,,,,,,,,,,,,,,,,,,,,,,,,,,,,,,,,,,,,,,,
training_event,training,468f03a2-d7c9-4701-abf8-bb2c692f696b,ecbdba9b-dd2f-4c4b-a2f5-2e74b1dce2bb,2026-08-13T02:57:42.098000+00:00,mouse_move,,,,,454.8,309.6,,,,,,mouse_tracking,,,,,,,,,,,/app/training,dev_6c3945cd-a562-4179-ae9a-ec1c8c010a88,,,,,,,,,,,,,,,,,,,,,,,,,,,,,,,,,,,,,,,,,,,,,,,,,,,,,,,,,,,,,,,,
training_event,training,468f03a2-d7c9-4701-abf8-bb2c692f696b,ecbdba9b-dd2f-4c4b-a2f5-2e74b1dce2bb,2026-08-13T02:57:42.198000+00:00,mouse_move,,,,,396.8,323.6,,,,,,mouse_tracking,,,,,,,,,,,/app/training,dev_6c3945cd-a562-4179-ae9a-ec1c8c010a88,,,,,,,,,,,,,,,,,,,,,,,,,,,,,,,,,,,,,,,,,,,,,,,,,,,,,,,,,,,,,,,,
training_event,training,468f03a2-d7c9-4701-abf8-bb2c692f696b,ecbdba9b-dd2f-4c4b-a2f5-2e74b1dce2bb,2026-08-13T02:57:43.264000+00:00,mouse_move,,,,,346.8,342.6,,,,,,mouse_tracking,,,,,,,,,,,/app/training,dev_6c3945cd-a562-4179-ae9a-ec1c8c010a88,,,,,,,,,,,,,,,,,,,,,,,,,,,,,,,,,,,,,,,,,,,,,,,,,,,,,,,,,,,,,,,,
training_event,training,468f03a2-d7c9-4701-abf8-bb2c692f696b,ecbdba9b-dd2f-4c4b-a2f5-2e74b1dce2bb,2026-08-13T02:57:43.398000+00:00,mouse_move,,,,,261.8,319.6,,,,,,mouse_tracking,,,,,,,,,,,/app/training,dev_6c3945cd-a562-4179-ae9a-ec1c8c010a88,,,,,,,,,,,,,,,,,,,,,,,,,,,,,,,,,,,,,,,,,,,,,,,,,,,,,,,,,,,,,,,,
training_event,training,468f03a2-d7c9-4701-abf8-bb2c692f696b,ecbdba9b-dd2f-4c4b-a2f5-2e74b1dce2bb,2026-08-13T02:57:44.531000+00:00,mouse_move,,,,,232.8,215.6,,,,,,mouse_tracking,,,,,,,,,,,/app/training,dev_6c3945cd-a562-4179-ae9a-ec1c8c010a88,,,,,,,,,,,,,,,,,,,,,,,,,,,,,,,,,,,,,,,,,,,,,,,,,,,,,,,,,,,,,,,,
training_event,training,468f03a2-d7c9-4701-abf8-bb2c692f696b,ecbdba9b-dd2f-4c4b-a2f5-2e74b1dce2bb,2026-08-13T02:57:46.997000+00:00,mouse_move,,,,,255.8,111.6,,,,,,mouse_tracking,,,,,,,,,,,/app/training,dev_6c3945cd-a562-4179-ae9a-ec1c8c010a88,,,,,,,,,,,,,,,,,,,,,,,,,,,,,,,,,,,,,,,,,,,,,,,,,,,,,,,,,,,,,,,,
training_event,training,468f03a2-d7c9-4701-abf8-bb2c692f696b,ecbdba9b-dd2f-4c4b-a2f5-2e74b1dce2bb,2026-08-13T02:57:47.513000+00:00,mouse_move,,,,,373.8,83.6,,,,,,mouse_tracking,,,,,,,,,,,/app/training,dev_6c3945cd-a562-4179-ae9a-ec1c8c010a88,,,,,,,,,,,,,,,,,,,,,,,,,,,,,,,,,,,,,,,,,,,,,,,,,,,,,,,,,,,,,,,,
training_event,training,468f03a2-d7c9-4701-abf8-bb2c692f696b,ecbdba9b-dd2f-4c4b-a2f5-2e74b1dce2bb,2026-08-13T02:57:48.429000+00:00,mouse_move,,,,,380.8,82.6,,,,,,mouse_tracking,,,,,,,,,,,/app/training,dev_6c3945cd-a562-4179-ae9a-ec1c8c010a88,,,,,,,,,,,,,,,,,,,,,,,,,,,,,,,,,,,,,,,,,,,,,,,,,,,,,,,,,,,,,,,,
training_event,training,468f03a2-d7c9-4701-abf8-bb2c692f696b,ecbdba9b-dd2f-4c4b-a2f5-2e74b1dce2bb,2026-08-13T02:57:48.630000+00:00,mouse_move,,,,,423.8,102.6,,,,,,mouse_tracking,,,,,,,,,,,/app/training,dev_6c3945cd-a562-4179-ae9a-ec1c8c010a88,,,,,,,,,,,,,,,,,,,,,,,,,,,,,,,,,,,,,,,,,,,,,,,,,,,,,,,,,,,,,,,,
training_event,training,468f03a2-d7c9-4701-abf8-bb2c692f696b,ecbdba9b-dd2f-4c4b-a2f5-2e74b1dce2bb,2026-08-13T02:57:39.633000+00:00,mouse_move,,,,,476.8,213.6,,,,,,mouse_tracking,,,,,,,,,,,/app/training,dev_6c3945cd-a562-4179-ae9a-ec1c8c010a88,,,,,,,,,,,,,,,,,,,,,,,,,,,,,,,,,,,,,,,,,,,,,,,,,,,,,,,,,,,,,,,,
training_event,training,468f03a2-d7c9-4701-abf8-bb2c692f696b,ecbdba9b-dd2f-4c4b-a2f5-2e74b1dce2bb,2026-08-13T02:57:41.032000+00:00,mouse_move,,,,,466.8,269.6,,,,,,mouse_tracking,,,,,,,,,,,/app/training,dev_6c3945cd-a562-4179-ae9a-ec1c8c010a88,,,,,,,,,,,,,,,,,,,,,,,,,,,,,,,,,,,,,,,,,,,,,,,,,,,,,,,,,,,,,,,,
training_event,training,468f03a2-d7c9-4701-abf8-bb2c692f696b,ecbdba9b-dd2f-4c4b-a2f5-2e74b1dce2bb,2026-08-13T02:57:42.349000+00:00,mouse_move,,,,,373.8,337.6,,,,,,mouse_tracking,,,,,,,,,,,/app/training,dev_6c3945cd-a562-4179-ae9a-ec1c8c010a88,,,,,,,,,,,,,,,,,,,,,,,,,,,,,,,,,,,,,,,,,,,,,,,,,,,,,,,,,,,,,,,,
training_event,training,468f03a2-d7c9-4701-abf8-bb2c692f696b,ecbdba9b-dd2f-4c4b-a2f5-2e74b1dce2bb,2026-08-13T02:57:44.564000+00:00,mouse_move,,,,,229.8,191.6,,,,,,mouse_tracking,,,,,,,,,,,/app/training,dev_6c3945cd-a562-4179-ae9a-ec1c8c010a88,,,,,,,,,,,,,,,,,,,,,,,,,,,,,,,,,,,,,,,,,,,,,,,,,,,,,,,,,,,,,,,,
training_event,training,468f03a2-d7c9-4701-abf8-bb2c692f696b,ecbdba9b-dd2f-4c4b-a2f5-2e74b1dce2bb,2026-08-13T02:57:44.847000+00:00,mouse_move,,,,,228.8,202.6,,,,,,mouse_tracking,,,,,,,,,,,/app/training,dev_6c3945cd-a562-4179-ae9a-ec1c8c010a88,,,,,,,,,,,,,,,,,,,,,,,,,,,,,,,,,,,,,,,,,,,,,,,,,,,,,,,,,,,,,,,,
training_event,training,468f03a2-d7c9-4701-abf8-bb2c692f696b,ecbdba9b-dd2f-4c4b-a2f5-2e74b1dce2bb,2026-08-13T02:57:45.946000+00:00,mouse_move,,,,,238.8,122.6,,,,,,mouse_tracking,,,,,,,,,,,/app/training,dev_6c3945cd-a562-4179-ae9a-ec1c8c010a88,,,,,,,,,,,,,,,,,,,,,,,,,,,,,,,,,,,,,,,,,,,,,,,,,,,,,,,,,,,,,,,,
training_event,training,468f03a2-d7c9-4701-abf8-bb2c692f696b,ecbdba9b-dd2f-4c4b-a2f5-2e74b1dce2bb,2026-08-13T02:57:46.063000+00:00,mouse_move,,,,,241.8,118.6,,,,,,mouse_tracking,,,,,,,,,,,/app/training,dev_6c3945cd-a562-4179-ae9a-ec1c8c010a88,,,,,,,,,,,,,,,,,,,,,,,,,,,,,,,,,,,,,,,,,,,,,,,,,,,,,,,,,,,,,,,,
training_event,training,468f03a2-d7c9-4701-abf8-bb2c692f696b,ecbdba9b-dd2f-4c4b-a2f5-2e74b1dce2bb,2026-08-13T02:57:46.080000+00:00,mouse_move,,,,,241.8,116.6,,,,,,mouse_tracking,,,,,,,,,,,/app/training,dev_6c3945cd-a562-4179-ae9a-ec1c8c010a88,,,,,,,,,,,,,,,,,,,,,,,,,,,,,,,,,,,,,,,,,,,,,,,,,,,,,,,,,,,,,,,,
training_event,training,468f03a2-d7c9-4701-abf8-bb2c692f696b,ecbdba9b-dd2f-4c4b-a2f5-2e74b1dce2bb,2026-08-13T02:57:47.030000+00:00,mouse_move,,,,,316.8,97.6,,,,,,mouse_tracking,,,,,,,,,,,/app/training,dev_6c3945cd-a562-4179-ae9a-ec1c8c010a88,,,,,,,,,,,,,,,,,,,,,,,,,,,,,,,,,,,,,,,,,,,,,,,,,,,,,,,,,,,,,,,,
training_event,training,468f03a2-d7c9-4701-abf8-bb2c692f696b,ecbdba9b-dd2f-4c4b-a2f5-2e74b1dce2bb,2026-08-13T02:57:47.546000+00:00,mouse_move,,,,,372.8,81.6,,,,,,mouse_tracking,,,,,,,,,,,/app/training,dev_6c3945cd-a562-4179-ae9a-ec1c8c010a88,,,,,,,,,,,,,,,,,,,,,,,,,,,,,,,,,,,,,,,,,,,,,,,,,,,,,,,,,,,,,,,,
training_event,training,468f03a2-d7c9-4701-abf8-bb2c692f696b,ecbdba9b-dd2f-4c4b-a2f5-2e74b1dce2bb,2026-08-13T02:57:40.916000+00:00,mouse_move,,,,,472.8,247.6,,,,,,mouse_tracking,,,,,,,,,,,/app/training,dev_6c3945cd-a562-4179-ae9a-ec1c8c010a88,,,,,,,,,,,,,,,,,,,,,,,,,,,,,,,,,,,,,,,,,,,,,,,,,,,,,,,,,,,,,,,,
training_event,training,468f03a2-d7c9-4701-abf8-bb2c692f696b,ecbdba9b-dd2f-4c4b-a2f5-2e74b1dce2bb,2026-08-13T02:57:42.281000+00:00,mouse_move,,,,,381.8,331.6,,,,,,mouse_tracking,,,,,,,,,,,/app/training,dev_6c3945cd-a562-4179-ae9a-ec1c8c010a88,,,,,,,,,,,,,,,,,,,,,,,,,,,,,,,,,,,,,,,,,,,,,,,,,,,,,,,,,,,,,,,,
training_event,training,468f03a2-d7c9-4701-abf8-bb2c692f696b,ecbdba9b-dd2f-4c4b-a2f5-2e74b1dce2bb,2026-08-13T02:57:42.331000+00:00,mouse_move,,,,,375.8,337.6,,,,,,mouse_tracking,,,,,,,,,,,/app/training,dev_6c3945cd-a562-4179-ae9a-ec1c8c010a88,,,,,,,,,,,,,,,,,,,,,,,,,,,,,,,,,,,,,,,,,,,,,,,,,,,,,,,,,,,,,,,,
training_event,training,468f03a2-d7c9-4701-abf8-bb2c692f696b,ecbdba9b-dd2f-4c4b-a2f5-2e74b1dce2bb,2026-08-13T02:57:43.315000+00:00,mouse_move,,,,,301.8,332.6,,,,,,mouse_tracking,,,,,,,,,,,/app/training,dev_6c3945cd-a562-4179-ae9a-ec1c8c010a88,,,,,,,,,,,,,,,,,,,,,,,,,,,,,,,,,,,,,,,,,,,,,,,,,,,,,,,,,,,,,,,,
training_event,training,468f03a2-d7c9-4701-abf8-bb2c692f696b,ecbdba9b-dd2f-4c4b-a2f5-2e74b1dce2bb,2026-08-13T02:57:43.331000+00:00,mouse_move,,,,,283.8,328.6,,,,,,mouse_tracking,,,,,,,,,,,/app/training,dev_6c3945cd-a562-4179-ae9a-ec1c8c010a88,,,,,,,,,,,,,,,,,,,,,,,,,,,,,,,,,,,,,,,,,,,,,,,,,,,,,,,,,,,,,,,,
training_event,training,468f03a2-d7c9-4701-abf8-bb2c692f696b,ecbdba9b-dd2f-4c4b-a2f5-2e74b1dce2bb,2026-08-13T02:57:44.431000+00:00,mouse_move,,,,,252.8,307.6,,,,,,mouse_tracking,,,,,,,,,,,/app/training,dev_6c3945cd-a562-4179-ae9a-ec1c8c010a88,,,,,,,,,,,,,,,,,,,,,,,,,,,,,,,,,,,,,,,,,,,,,,,,,,,,,,,,,,,,,,,,
training_event,training,468f03a2-d7c9-4701-abf8-bb2c692f696b,ecbdba9b-dd2f-4c4b-a2f5-2e74b1dce2bb,2026-08-13T02:57:44.481000+00:00,mouse_move,,,,,244.8,263.6,,,,,,mouse_tracking,,,,,,,,,,,/app/training,dev_6c3945cd-a562-4179-ae9a-ec1c8c010a88,,,,,,,,,,,,,,,,,,,,,,,,,,,,,,,,,,,,,,,,,,,,,,,,,,,,,,,,,,,,,,,,
training_event,training,468f03a2-d7c9-4701-abf8-bb2c692f696b,ecbdba9b-dd2f-4c4b-a2f5-2e74b1dce2bb,2026-08-13T02:57:45.763000+00:00,mouse_move,,,,,228.8,201.6,,,,,,mouse_tracking,,,,,,,,,,,/app/training,dev_6c3945cd-a562-4179-ae9a-ec1c8c010a88,,,,,,,,,,,,,,,,,,,,,,,,,,,,,,,,,,,,,,,,,,,,,,,,,,,,,,,,,,,,,,,,
training_event,training,468f03a2-d7c9-4701-abf8-bb2c692f696b,ecbdba9b-dd2f-4c4b-a2f5-2e74b1dce2bb,2026-08-13T02:57:47.646000+00:00,mouse_move,,,,,364.8,75.6,,,,,,mouse_tracking,,,,,,,,,,,/app/training,dev_6c3945cd-a562-4179-ae9a-ec1c8c010a88,,,,,,,,,,,,,,,,,,,,,,,,,,,,,,,,,,,,,,,,,,,,,,,,,,,,,,,,,,,,,,,,
training_event,training,468f03a2-d7c9-4701-abf8-bb2c692f696b,ecbdba9b-dd2f-4c4b-a2f5-2e74b1dce2bb,2026-08-13T02:57:48.463000+00:00,mouse_move,,,,,401.8,92.6,,,,,,mouse_tracking,,,,,,,,,,,/app/training,dev_6c3945cd-a562-4179-ae9a-ec1c8c010a88,,,,,,,,,,,,,,,,,,,,,,,,,,,,,,,,,,,,,,,,,,,,,,,,,,,,,,,,,,,,,,,,
training_event,training,468f03a2-d7c9-4701-abf8-bb2c692f696b,ecbdba9b-dd2f-4c4b-a2f5-2e74b1dce2bb,2026-08-13T02:57:48.646000+00:00,mouse_move,,,,,425.8,104.6,,,,,,mouse_tracking,,,,,,,,,,,/app/training,dev_6c3945cd-a562-4179-ae9a-ec1c8c010a88,,,,,,,,,,,,,,,,,,,,,,,,,,,,,,,,,,,,,,,,,,,,,,,,,,,,,,,,,,,,,,,,
training_event,training,468f03a2-d7c9-4701-abf8-bb2c692f696b,ecbdba9b-dd2f-4c4b-a2f5-2e74b1dce2bb,2026-08-13T02:57:48.662000+00:00,mouse_move,,,,,428.8,107.6,,,,,,mouse_tracking,,,,,,,,,,,/app/training,dev_6c3945cd-a562-4179-ae9a-ec1c8c010a88,,,,,,,,,,,,,,,,,,,,,,,,,,,,,,,,,,,,,,,,,,,,,,,,,,,,,,,,,,,,,,,,
training_event,training,468f03a2-d7c9-4701-abf8-bb2c692f696b,ecbdba9b-dd2f-4c4b-a2f5-2e74b1dce2bb,2026-08-13T02:57:39.665000+00:00,mouse_move,,,,,479.8,213.6,,,,,,mouse_tracking,,,,,,,,,,,/app/training,dev_6c3945cd-a562-4179-ae9a-ec1c8c010a88,,,,,,,,,,,,,,,,,,,,,,,,,,,,,,,,,,,,,,,,,,,,,,,,,,,,,,,,,,,,,,,,
training_event,training,468f03a2-d7c9-4701-abf8-bb2c692f696b,ecbdba9b-dd2f-4c4b-a2f5-2e74b1dce2bb,2026-08-13T02:57:41.132000+00:00,mouse_move,,,,,466.8,284.6,,,,,,mouse_tracking,,,,,,,,,,,/app/training,dev_6c3945cd-a562-4179-ae9a-ec1c8c010a88,,,,,,,,,,,,,,,,,,,,,,,,,,,,,,,,,,,,,,,,,,,,,,,,,,,,,,,,,,,,,,,,
training_event,training,468f03a2-d7c9-4701-abf8-bb2c692f696b,ecbdba9b-dd2f-4c4b-a2f5-2e74b1dce2bb,2026-08-13T02:57:41.182000+00:00,mouse_move,,,,,466.8,295.6,,,,,,mouse_tracking,,,,,,,,,,,/app/training,dev_6c3945cd-a562-4179-ae9a-ec1c8c010a88,,,,,,,,,,,,,,,,,,,,,,,,,,,,,,,,,,,,,,,,,,,,,,,,,,,,,,,,,,,,,,,,
training_event,training,468f03a2-d7c9-4701-abf8-bb2c692f696b,ecbdba9b-dd2f-4c4b-a2f5-2e74b1dce2bb,2026-08-13T02:57:41.199000+00:00,mouse_move,,,,,464.8,299.6,,,,,,mouse_tracking,,,,,,,,,,,/app/training,dev_6c3945cd-a562-4179-ae9a-ec1c8c010a88,,,,,,,,,,,,,,,,,,,,,,,,,,,,,,,,,,,,,,,,,,,,,,,,,,,,,,,,,,,,,,,,
training_event,training,468f03a2-d7c9-4701-abf8-bb2c692f696b,ecbdba9b-dd2f-4c4b-a2f5-2e74b1dce2bb,2026-08-13T02:57:43.380000+00:00,mouse_move,,,,,264.8,320.6,,,,,,mouse_tracking,,,,,,,,,,,/app/training,dev_6c3945cd-a562-4179-ae9a-ec1c8c010a88,,,,,,,,,,,,,,,,,,,,,,,,,,,,,,,,,,,,,,,,,,,,,,,,,,,,,,,,,,,,,,,,
training_event,training,468f03a2-d7c9-4701-abf8-bb2c692f696b,ecbdba9b-dd2f-4c4b-a2f5-2e74b1dce2bb,2026-08-13T02:57:44.464000+00:00,mouse_move,,,,,245.8,278.6,,,,,,mouse_tracking,,,,,,,,,,,/app/training,dev_6c3945cd-a562-4179-ae9a-ec1c8c010a88,,,,,,,,,,,,,,,,,,,,,,,,,,,,,,,,,,,,,,,,,,,,,,,,,,,,,,,,,,,,,,,,
training_event,training,468f03a2-d7c9-4701-abf8-bb2c692f696b,ecbdba9b-dd2f-4c4b-a2f5-2e74b1dce2bb,2026-08-13T02:57:44.514000+00:00,mouse_move,,,,,236.8,230.6,,,,,,mouse_tracking,,,,,,,,,,,/app/training,dev_6c3945cd-a562-4179-ae9a-ec1c8c010a88,,,,,,,,,,,,,,,,,,,,,,,,,,,,,,,,,,,,,,,,,,,,,,,,,,,,,,,,,,,,,,,,
training_event,training,468f03a2-d7c9-4701-abf8-bb2c692f696b,ecbdba9b-dd2f-4c4b-a2f5-2e74b1dce2bb,2026-08-13T02:57:45.914000+00:00,mouse_move,,,,,236.8,127.6,,,,,,mouse_tracking,,,,,,,,,,,/app/training,dev_6c3945cd-a562-4179-ae9a-ec1c8c010a88,,,,,,,,,,,,,,,,,,,,,,,,,,,,,,,,,,,,,,,,,,,,,,,,,,,,,,,,,,,,,,,,
training_event,training,468f03a2-d7c9-4701-abf8-bb2c692f696b,ecbdba9b-dd2f-4c4b-a2f5-2e74b1dce2bb,2026-08-13T02:57:47.446000+00:00,mouse_move,,,,,373.8,86.6,,,,,,mouse_tracking,,,,,,,,,,,/app/training,dev_6c3945cd-a562-4179-ae9a-ec1c8c010a88,,,,,,,,,,,,,,,,,,,,,,,,,,,,,,,,,,,,,,,,,,,,,,,,,,,,,,,,,,,,,,,,
training_event,training,468f03a2-d7c9-4701-abf8-bb2c692f696b,ecbdba9b-dd2f-4c4b-a2f5-2e74b1dce2bb,2026-08-13T02:57:48.396000+00:00,mouse_move,,,,,365.8,76.6,,,,,,mouse_tracking,,,,,,,,,,,/app/training,dev_6c3945cd-a562-4179-ae9a-ec1c8c010a88,,,,,,,,,,,,,,,,,,,,,,,,,,,,,,,,,,,,,,,,,,,,,,,,,,,,,,,,,,,,,,,,
training_event,training,468f03a2-d7c9-4701-abf8-bb2c692f696b,ecbdba9b-dd2f-4c4b-a2f5-2e74b1dce2bb,2026-08-13T02:57:39.782000+00:00,mouse_move,,,,,485.8,211.6,,,,,,mouse_tracking,,,,,,,,,,,/app/training,dev_6c3945cd-a562-4179-ae9a-ec1c8c010a88,,,,,,,,,,,,,,,,,,,,,,,,,,,,,,,,,,,,,,,,,,,,,,,,,,,,,,,,,,,,,,,,
training_event,training,468f03a2-d7c9-4701-abf8-bb2c692f696b,ecbdba9b-dd2f-4c4b-a2f5-2e74b1dce2bb,2026-08-13T02:57:39.799000+00:00,mouse_move,,,,,487.8,211.6,,,,,,mouse_tracking,,,,,,,,,,,/app/training,dev_6c3945cd-a562-4179-ae9a-ec1c8c010a88,,,,,,,,,,,,,,,,,,,,,,,,,,,,,,,,,,,,,,,,,,,,,,,,,,,,,,,,,,,,,,,,
training_event,training,468f03a2-d7c9-4701-abf8-bb2c692f696b,ecbdba9b-dd2f-4c4b-a2f5-2e74b1dce2bb,2026-08-13T02:57:41.065000+00:00,mouse_move,,,,,466.8,272.6,,,,,,mouse_tracking,,,,,,,,,,,/app/training,dev_6c3945cd-a562-4179-ae9a-ec1c8c010a88,,,,,,,,,,,,,,,,,,,,,,,,,,,,,,,,,,,,,,,,,,,,,,,,,,,,,,,,,,,,,,,,
training_event,training,468f03a2-d7c9-4701-abf8-bb2c692f696b,ecbdba9b-dd2f-4c4b-a2f5-2e74b1dce2bb,2026-08-13T02:57:41.265000+00:00,mouse_move,,,,,463.8,307.6,,,,,,mouse_tracking,,,,,,,,,,,/app/training,dev_6c3945cd-a562-4179-ae9a-ec1c8c010a88,,,,,,,,,,,,,,,,,,,,,,,,,,,,,,,,,,,,,,,,,,,,,,,,,,,,,,,,,,,,,,,,
training_event,training,468f03a2-d7c9-4701-abf8-bb2c692f696b,ecbdba9b-dd2f-4c4b-a2f5-2e74b1dce2bb,2026-08-13T02:57:42.147000+00:00,mouse_move,,,,,420.8,316.6,,,,,,mouse_tracking,,,,,,,,,,,/app/training,dev_6c3945cd-a562-4179-ae9a-ec1c8c010a88,,,,,,,,,,,,,,,,,,,,,,,,,,,,,,,,,,,,,,,,,,,,,,,,,,,,,,,,,,,,,,,,
training_event,training,468f03a2-d7c9-4701-abf8-bb2c692f696b,ecbdba9b-dd2f-4c4b-a2f5-2e74b1dce2bb,2026-08-13T02:57:42.365000+00:00,mouse_move,,,,,372.8,339.6,,,,,,mouse_tracking,,,,,,,,,,,/app/training,dev_6c3945cd-a562-4179-ae9a-ec1c8c010a88,,,,,,,,,,,,,,,,,,,,,,,,,,,,,,,,,,,,,,,,,,,,,,,,,,,,,,,,,,,,,,,,
training_event,training,468f03a2-d7c9-4701-abf8-bb2c692f696b,ecbdba9b-dd2f-4c4b-a2f5-2e74b1dce2bb,2026-08-13T02:57:43.281000+00:00,mouse_move,,,,,332.8,339.6,,,,,,mouse_tracking,,,,,,,,,,,/app/training,dev_6c3945cd-a562-4179-ae9a-ec1c8c010a88,,,,,,,,,,,,,,,,,,,,,,,,,,,,,,,,,,,,,,,,,,,,,,,,,,,,,,,,,,,,,,,,
training_event,training,468f03a2-d7c9-4701-abf8-bb2c692f696b,ecbdba9b-dd2f-4c4b-a2f5-2e74b1dce2bb,2026-08-13T02:57:43.464000+00:00,mouse_move,,,,,254.8,319.6,,,,,,mouse_tracking,,,,,,,,,,,/app/training,dev_6c3945cd-a562-4179-ae9a-ec1c8c010a88,,,,,,,,,,,,,,,,,,,,,,,,,,,,,,,,,,,,,,,,,,,,,,,,,,,,,,,,,,,,,,,,
training_event,training,468f03a2-d7c9-4701-abf8-bb2c692f696b,ecbdba9b-dd2f-4c4b-a2f5-2e74b1dce2bb,2026-08-13T02:57:44.814000+00:00,mouse_move,,,,,228.8,198.6,,,,,,mouse_tracking,,,,,,,,,,,/app/training,dev_6c3945cd-a562-4179-ae9a-ec1c8c010a88,,,,,,,,,,,,,,,,,,,,,,,,,,,,,,,,,,,,,,,,,,,,,,,,,,,,,,,,,,,,,,,,
training_event,training,468f03a2-d7c9-4701-abf8-bb2c692f696b,ecbdba9b-dd2f-4c4b-a2f5-2e74b1dce2bb,2026-08-13T02:57:44.897000+00:00,mouse_move,,,,,228.8,204.6,,,,,,mouse_tracking,,,,,,,,,,,/app/training,dev_6c3945cd-a562-4179-ae9a-ec1c8c010a88,,,,,,,,,,,,,,,,,,,,,,,,,,,,,,,,,,,,,,,,,,,,,,,,,,,,,,,,,,,,,,,,
training_event,training,468f03a2-d7c9-4701-abf8-bb2c692f696b,ecbdba9b-dd2f-4c4b-a2f5-2e74b1dce2bb,2026-08-13T02:57:46.146000+00:00,mouse_move,,,,,244.8,115.6,,,,,,mouse_tracking,,,,,,,,,,,/app/training,dev_6c3945cd-a562-4179-ae9a-ec1c8c010a88,,,,,,,,,,,,,,,,,,,,,,,,,,,,,,,,,,,,,,,,,,,,,,,,,,,,,,,,,,,,,,,,
training_event,training,468f03a2-d7c9-4701-abf8-bb2c692f696b,ecbdba9b-dd2f-4c4b-a2f5-2e74b1dce2bb,2026-08-13T02:57:47.013000+00:00,mouse_move,,,,,278.8,105.6,,,,,,mouse_tracking,,,,,,,,,,,/app/training,dev_6c3945cd-a562-4179-ae9a-ec1c8c010a88,,,,,,,,,,,,,,,,,,,,,,,,,,,,,,,,,,,,,,,,,,,,,,,,,,,,,,,,,,,,,,,,
training_event,training,468f03a2-d7c9-4701-abf8-bb2c692f696b,ecbdba9b-dd2f-4c4b-a2f5-2e74b1dce2bb,2026-08-13T02:57:47.113000+00:00,mouse_move,,,,,368.8,89.6,,,,,,mouse_tracking,,,,,,,,,,,/app/training,dev_6c3945cd-a562-4179-ae9a-ec1c8c010a88,,,,,,,,,,,,,,,,,,,,,,,,,,,,,,,,,,,,,,,,,,,,,,,,,,,,,,,,,,,,,,,,
training_event,training,468f03a2-d7c9-4701-abf8-bb2c692f696b,ecbdba9b-dd2f-4c4b-a2f5-2e74b1dce2bb,2026-08-13T02:57:48.563000+00:00,mouse_move,,,,,418.8,101.6,,,,,,mouse_tracking,,,,,,,,,,,/app/training,dev_6c3945cd-a562-4179-ae9a-ec1c8c010a88,,,,,,,,,,,,,,,,,,,,,,,,,,,,,,,,,,,,,,,,,,,,,,,,,,,,,,,,,,,,,,,,
training_event,training,468f03a2-d7c9-4701-abf8-bb2c692f696b,ecbdba9b-dd2f-4c4b-a2f5-2e74b1dce2bb,2026-08-13T02:57:48.713000+00:00,mouse_move,,,,,434.8,111.6,,,,,,mouse_tracking,,,,,,,,,,,/app/training,dev_6c3945cd-a562-4179-ae9a-ec1c8c010a88,,,,,,,,,,,,,,,,,,,,,,,,,,,,,,,,,,,,,,,,,,,,,,,,,,,,,,,,,,,,,,,,
training_event,training,468f03a2-d7c9-4701-abf8-bb2c692f696b,ecbdba9b-dd2f-4c4b-a2f5-2e74b1dce2bb,2026-08-13T02:57:39.499000+00:00,mouse_move,,,,,424.8,233.6,,,,,,mouse_tracking,,,,,,,,,,,/app/training,dev_6c3945cd-a562-4179-ae9a-ec1c8c010a88,,,,,,,,,,,,,,,,,,,,,,,,,,,,,,,,,,,,,,,,,,,,,,,,,,,,,,,,,,,,,,,,
training_event,training,468f03a2-d7c9-4701-abf8-bb2c692f696b,ecbdba9b-dd2f-4c4b-a2f5-2e74b1dce2bb,2026-08-13T02:57:39.516000+00:00,mouse_move,,,,,443.8,227.6,,,,,,mouse_tracking,,,,,,,,,,,/app/training,dev_6c3945cd-a562-4179-ae9a-ec1c8c010a88,,,,,,,,,,,,,,,,,,,,,,,,,,,,,,,,,,,,,,,,,,,,,,,,,,,,,,,,,,,,,,,,
training_event,training,468f03a2-d7c9-4701-abf8-bb2c692f696b,ecbdba9b-dd2f-4c4b-a2f5-2e74b1dce2bb,2026-08-13T02:57:39.599000+00:00,mouse_move,,,,,474.8,213.6,,,,,,mouse_tracking,,,,,,,,,,,/app/training,dev_6c3945cd-a562-4179-ae9a-ec1c8c010a88,,,,,,,,,,,,,,,,,,,,,,,,,,,,,,,,,,,,,,,,,,,,,,,,,,,,,,,,,,,,,,,,
training_event,training,468f03a2-d7c9-4701-abf8-bb2c692f696b,ecbdba9b-dd2f-4c4b-a2f5-2e74b1dce2bb,2026-08-13T02:57:40.848000+00:00,mouse_move,,,,,486.8,215.6,,,,,,mouse_tracking,,,,,,,,,,,/app/training,dev_6c3945cd-a562-4179-ae9a-ec1c8c010a88,,,,,,,,,,,,,,,,,,,,,,,,,,,,,,,,,,,,,,,,,,,,,,,,,,,,,,,,,,,,,,,,
training_event,training,468f03a2-d7c9-4701-abf8-bb2c692f696b,ecbdba9b-dd2f-4c4b-a2f5-2e74b1dce2bb,2026-08-13T02:57:40.865000+00:00,mouse_move,,,,,484.8,220.6,,,,,,mouse_tracking,,,,,,,,,,,/app/training,dev_6c3945cd-a562-4179-ae9a-ec1c8c010a88,,,,,,,,,,,,,,,,,,,,,,,,,,,,,,,,,,,,,,,,,,,,,,,,,,,,,,,,,,,,,,,,
training_event,training,468f03a2-d7c9-4701-abf8-bb2c692f696b,ecbdba9b-dd2f-4c4b-a2f5-2e74b1dce2bb,2026-08-13T02:57:40.899000+00:00,mouse_move,,,,,476.8,236.6,,,,,,mouse_tracking,,,,,,,,,,,/app/training,dev_6c3945cd-a562-4179-ae9a-ec1c8c010a88,,,,,,,,,,,,,,,,,,,,,,,,,,,,,,,,,,,,,,,,,,,,,,,,,,,,,,,,,,,,,,,,
training_event,training,468f03a2-d7c9-4701-abf8-bb2c692f696b,ecbdba9b-dd2f-4c4b-a2f5-2e74b1dce2bb,2026-08-13T02:57:40.948000+00:00,mouse_move,,,,,468.8,256.6,,,,,,mouse_tracking,,,,,,,,,,,/app/training,dev_6c3945cd-a562-4179-ae9a-ec1c8c010a88,,,,,,,,,,,,,,,,,,,,,,,,,,,,,,,,,,,,,,,,,,,,,,,,,,,,,,,,,,,,,,,,
training_event,training,468f03a2-d7c9-4701-abf8-bb2c692f696b,ecbdba9b-dd2f-4c4b-a2f5-2e74b1dce2bb,2026-08-13T02:57:41.048000+00:00,mouse_move,,,,,466.8,271.6,,,,,,mouse_tracking,,,,,,,,,,,/app/training,dev_6c3945cd-a562-4179-ae9a-ec1c8c010a88,,,,,,,,,,,,,,,,,,,,,,,,,,,,,,,,,,,,,,,,,,,,,,,,,,,,,,,,,,,,,,,,
training_event,training,468f03a2-d7c9-4701-abf8-bb2c692f696b,ecbdba9b-dd2f-4c4b-a2f5-2e74b1dce2bb,2026-08-13T02:57:42.298000+00:00,mouse_move,,,,,379.8,332.6,,,,,,mouse_tracking,,,,,,,,,,,/app/training,dev_6c3945cd-a562-4179-ae9a-ec1c8c010a88,,,,,,,,,,,,,,,,,,,,,,,,,,,,,,,,,,,,,,,,,,,,,,,,,,,,,,,,,,,,,,,,
training_event,training,468f03a2-d7c9-4701-abf8-bb2c692f696b,ecbdba9b-dd2f-4c4b-a2f5-2e74b1dce2bb,2026-08-13T02:57:44.581000+00:00,mouse_move,,,,,228.8,183.6,,,,,,mouse_tracking,,,,,,,,,,,/app/training,dev_6c3945cd-a562-4179-ae9a-ec1c8c010a88,,,,,,,,,,,,,,,,,,,,,,,,,,,,,,,,,,,,,,,,,,,,,,,,,,,,,,,,,,,,,,,,
training_event,training,468f03a2-d7c9-4701-abf8-bb2c692f696b,ecbdba9b-dd2f-4c4b-a2f5-2e74b1dce2bb,2026-08-13T02:57:46.130000+00:00,mouse_move,,,,,243.8,115.6,,,,,,mouse_tracking,,,,,,,,,,,/app/training,dev_6c3945cd-a562-4179-ae9a-ec1c8c010a88,,,,,,,,,,,,,,,,,,,,,,,,,,,,,,,,,,,,,,,,,,,,,,,,,,,,,,,,,,,,,,,,
training_event,training,468f03a2-d7c9-4701-abf8-bb2c692f696b,ecbdba9b-dd2f-4c4b-a2f5-2e74b1dce2bb,2026-08-13T02:57:47.063000+00:00,mouse_move,,,,,349.8,91.6,,,,,,mouse_tracking,,,,,,,,,,,/app/training,dev_6c3945cd-a562-4179-ae9a-ec1c8c010a88,,,,,,,,,,,,,,,,,,,,,,,,,,,,,,,,,,,,,,,,,,,,,,,,,,,,,,,,,,,,,,,,
training_event,training,468f03a2-d7c9-4701-abf8-bb2c692f696b,ecbdba9b-dd2f-4c4b-a2f5-2e74b1dce2bb,2026-08-13T02:57:47.097000+00:00,mouse_move,,,,,363.8,89.6,,,,,,mouse_tracking,,,,,,,,,,,/app/training,dev_6c3945cd-a562-4179-ae9a-ec1c8c010a88,,,,,,,,,,,,,,,,,,,,,,,,,,,,,,,,,,,,,,,,,,,,,,,,,,,,,,,,,,,,,,,,
training_event,training,468f03a2-d7c9-4701-abf8-bb2c692f696b,ecbdba9b-dd2f-4c4b-a2f5-2e74b1dce2bb,2026-08-13T02:57:47.363000+00:00,mouse_move,,,,,373.8,88.6,,,,,,mouse_tracking,,,,,,,,,,,/app/training,dev_6c3945cd-a562-4179-ae9a-ec1c8c010a88,,,,,,,,,,,,,,,,,,,,,,,,,,,,,,,,,,,,,,,,,,,,,,,,,,,,,,,,,,,,,,,,
training_event,training,468f03a2-d7c9-4701-abf8-bb2c692f696b,ecbdba9b-dd2f-4c4b-a2f5-2e74b1dce2bb,2026-08-13T02:57:48.447000+00:00,mouse_move,,,,,392.8,87.6,,,,,,mouse_tracking,,,,,,,,,,,/app/training,dev_6c3945cd-a562-4179-ae9a-ec1c8c010a88,,,,,,,,,,,,,,,,,,,,,,,,,,,,,,,,,,,,,,,,,,,,,,,,,,,,,,,,,,,,,,,,
training_event,training,468f03a2-d7c9-4701-abf8-bb2c692f696b,ecbdba9b-dd2f-4c4b-a2f5-2e74b1dce2bb,2026-08-13T02:57:48.496000+00:00,mouse_move,,,,,412.8,96.6,,,,,,mouse_tracking,,,,,,,,,,,/app/training,dev_6c3945cd-a562-4179-ae9a-ec1c8c010a88,,,,,,,,,,,,,,,,,,,,,,,,,,,,,,,,,,,,,,,,,,,,,,,,,,,,,,,,,,,,,,,,
training_event,training,468f03a2-d7c9-4701-abf8-bb2c692f696b,ecbdba9b-dd2f-4c4b-a2f5-2e74b1dce2bb,2026-08-13T02:57:48.513000+00:00,mouse_move,,,,,415.8,97.6,,,,,,mouse_tracking,,,,,,,,,,,/app/training,dev_6c3945cd-a562-4179-ae9a-ec1c8c010a88,,,,,,,,,,,,,,,,,,,,,,,,,,,,,,,,,,,,,,,,,,,,,,,,,,,,,,,,,,,,,,,,
training_event,training,468f03a2-d7c9-4701-abf8-bb2c692f696b,ecbdba9b-dd2f-4c4b-a2f5-2e74b1dce2bb,2026-08-13T02:57:48.529000+00:00,mouse_move,,,,,416.8,99.6,,,,,,mouse_tracking,,,,,,,,,,,/app/training,dev_6c3945cd-a562-4179-ae9a-ec1c8c010a88,,,,,,,,,,,,,,,,,,,,,,,,,,,,,,,,,,,,,,,,,,,,,,,,,,,,,,,,,,,,,,,,
training_event,training,468f03a2-d7c9-4701-abf8-bb2c692f696b,ecbdba9b-dd2f-4c4b-a2f5-2e74b1dce2bb,2026-08-13T02:57:48.779000+00:00,mouse_move,,,,,445.8,117.6,,,,,,mouse_tracking,,,,,,,,,,,/app/training,dev_6c3945cd-a562-4179-ae9a-ec1c8c010a88,,,,,,,,,,,,,,,,,,,,,,,,,,,,,,,,,,,,,,,,,,,,,,,,,,,,,,,,,,,,,,,,
training_event,training,468f03a2-d7c9-4701-abf8-bb2c692f696b,ecbdba9b-dd2f-4c4b-a2f5-2e74b1dce2bb,2026-08-13T02:57:42.398000+00:00,mouse_move,,,,,372.8,340.6,,,,,,mouse_tracking,,,,,,,,,,,/app/training,dev_6c3945cd-a562-4179-ae9a-ec1c8c010a88,,,,,,,,,,,,,,,,,,,,,,,,,,,,,,,,,,,,,,,,,,,,,,,,,,,,,,,,,,,,,,,,
training_event,training,468f03a2-d7c9-4701-abf8-bb2c692f696b,ecbdba9b-dd2f-4c4b-a2f5-2e74b1dce2bb,2026-08-13T02:57:43.248000+00:00,mouse_move,,,,,358.8,342.6,,,,,,mouse_tracking,,,,,,,,,,,/app/training,dev_6c3945cd-a562-4179-ae9a-ec1c8c010a88,,,,,,,,,,,,,,,,,,,,,,,,,,,,,,,,,,,,,,,,,,,,,,,,,,,,,,,,,,,,,,,,
training_event,training,468f03a2-d7c9-4701-abf8-bb2c692f696b,ecbdba9b-dd2f-4c4b-a2f5-2e74b1dce2bb,2026-08-13T02:57:43.498000+00:00,mouse_move,,,,,252.8,319.6,,,,,,mouse_tracking,,,,,,,,,,,/app/training,dev_6c3945cd-a562-4179-ae9a-ec1c8c010a88,,,,,,,,,,,,,,,,,,,,,,,,,,,,,,,,,,,,,,,,,,,,,,,,,,,,,,,,,,,,,,,,
training_event,training,468f03a2-d7c9-4701-abf8-bb2c692f696b,ecbdba9b-dd2f-4c4b-a2f5-2e74b1dce2bb,2026-08-13T02:57:44.864000+00:00,mouse_move,,,,,228.8,203.6,,,,,,mouse_tracking,,,,,,,,,,,/app/training,dev_6c3945cd-a562-4179-ae9a-ec1c8c010a88,,,,,,,,,,,,,,,,,,,,,,,,,,,,,,,,,,,,,,,,,,,,,,,,,,,,,,,,,,,,,,,,
training_event,training,468f03a2-d7c9-4701-abf8-bb2c692f696b,ecbdba9b-dd2f-4c4b-a2f5-2e74b1dce2bb,2026-08-13T02:57:45.864000+00:00,mouse_move,,,,,231.8,138.6,,,,,,mouse_tracking,,,,,,,,,,,/app/training,dev_6c3945cd-a562-4179-ae9a-ec1c8c010a88,,,,,,,,,,,,,,,,,,,,,,,,,,,,,,,,,,,,,,,,,,,,,,,,,,,,,,,,,,,,,,,,
training_event,training,468f03a2-d7c9-4701-abf8-bb2c692f696b,812b539a-fdd8-4de6-9d6e-d272d5be837c,2026-08-13T05:34:44.956000+00:00,keydown,73,i,,173.9,,,,,,,,repeated_typing,0,0,,,,,,,,,/app/training,dev_8d63bc2a-6792-425e-980a-35b6849501fe,,,,,,,,,,,,,,,,,,,,,,,,,,,,,,,,,,,,,,,,,,,,,,,,,,,,,,,,,,,,,,,,
training_event,training,468f03a2-d7c9-4701-abf8-bb2c692f696b,812b539a-fdd8-4de6-9d6e-d272d5be837c,2026-08-13T05:34:39.068000+00:00,keydown,65,a,,158.8,,,,,,,,repeated_typing,0,0,,,,,,,,,/app/training,dev_8d63bc2a-6792-425e-980a-35b6849501fe,,,,,,,,,,,,,,,,,,,,,,,,,,,,,,,,,,,,,,,,,,,,,,,,,,,,,,,,,,,,,,,,
training_event,training,468f03a2-d7c9-4701-abf8-bb2c692f696b,812b539a-fdd8-4de6-9d6e-d272d5be837c,2026-08-13T05:34:41.972000+00:00,keyup,75,,132.2,,,,,,,,,repeated_typing,0,0,,,,,,,,,/app/training,dev_8d63bc2a-6792-425e-980a-35b6849501fe,,,,,,,,,,,,,,,,,,,,,,,,,,,,,,,,,,,,,,,,,,,,,,,,,,,,,,,,,,,,,,,,
training_event,training,468f03a2-d7c9-4701-abf8-bb2c692f696b,812b539a-fdd8-4de6-9d6e-d272d5be837c,2026-08-13T05:34:44.547000+00:00,keydown,85,u,,337.3,,,,,,,,repeated_typing,0,0,,,,,,,,,/app/training,dev_8d63bc2a-6792-425e-980a-35b6849501fe,,,,,,,,,,,,,,,,,,,,,,,,,,,,,,,,,,,,,,,,,,,,,,,,,,,,,,,,,,,,,,,,
training_event,training,468f03a2-d7c9-4701-abf8-bb2c692f696b,812b539a-fdd8-4de6-9d6e-d272d5be837c,2026-08-13T05:34:36.333000+00:00,keydown,73,i,,200.7,,,,,,,,repeated_typing,0,0,,,,,,,,,/app/training,dev_8d63bc2a-6792-425e-980a-35b6849501fe,,,,,,,,,,,,,,,,,,,,,,,,,,,,,,,,,,,,,,,,,,,,,,,,,,,,,,,,,,,,,,,,
training_event,training,468f03a2-d7c9-4701-abf8-bb2c692f696b,812b539a-fdd8-4de6-9d6e-d272d5be837c,2026-08-13T05:34:39.387000+00:00,keyup,82,,123.7,,,,,,,,,repeated_typing,0,0,,,,,,,,,/app/training,dev_8d63bc2a-6792-425e-980a-35b6849501fe,,,,,,,,,,,,,,,,,,,,,,,,,,,,,,,,,,,,,,,,,,,,,,,,,,,,,,,,,,,,,,,,
training_event,training,468f03a2-d7c9-4701-abf8-bb2c692f696b,812b539a-fdd8-4de6-9d6e-d272d5be837c,2026-08-13T05:34:41.508000+00:00,keydown,78,n,,155.1,,,,,,,,repeated_typing,0,0,,,,,,,,,/app/training,dev_8d63bc2a-6792-425e-980a-35b6849501fe,,,,,,,,,,,,,,,,,,,,,,,,,,,,,,,,,,,,,,,,,,,,,,,,,,,,,,,,,,,,,,,,
training_event,training,468f03a2-d7c9-4701-abf8-bb2c692f696b,812b539a-fdd8-4de6-9d6e-d272d5be837c,2026-08-13T05:34:44.928000+00:00,keyup,82,,146.6,,,,,,,,,repeated_typing,0,0,,,,,,,,,/app/training,dev_8d63bc2a-6792-425e-980a-35b6849501fe,,,,,,,,,,,,,,,,,,,,,,,,,,,,,,,,,,,,,,,,,,,,,,,,,,,,,,,,,,,,,,,,
training_event,training,468f03a2-d7c9-4701-abf8-bb2c692f696b,812b539a-fdd8-4de6-9d6e-d272d5be837c,2026-08-13T05:34:45.248000+00:00,keydown,84,t,,292.3,,,,,,,,repeated_typing,0,0,,,,,,,,,/app/training,dev_8d63bc2a-6792-425e-980a-35b6849501fe,,,,,,,,,,,,,,,,,,,,,,,,,,,,,,,,,,,,,,,,,,,,,,,,,,,,,,,,,,,,,,,,
training_event,training,468f03a2-d7c9-4701-abf8-bb2c692f696b,812b539a-fdd8-4de6-9d6e-d272d5be837c,2026-08-13T05:34:38.105000+00:00,keydown,71,G,,1287.6,,,,,,,,repeated_typing,0,0,,,,,,,,,/app/training,dev_8d63bc2a-6792-425e-980a-35b6849501fe,,,,,,,,,,,,,,,,,,,,,,,,,,,,,,,,,,,,,,,,,,,,,,,,,,,,,,,,,,,,,,,,
training_event,training,468f03a2-d7c9-4701-abf8-bb2c692f696b,812b539a-fdd8-4de6-9d6e-d272d5be837c,2026-08-13T05:34:42.544000+00:00,keydown,71,g,,246.7,,,,,,,,repeated_typing,0,0,,,,,,,,,/app/training,dev_8d63bc2a-6792-425e-980a-35b6849501fe,,,,,,,,,,,,,,,,,,,,,,,,,,,,,,,,,,,,,,,,,,,,,,,,,,,,,,,,,,,,,,,,
training_event,training,468f03a2-d7c9-4701-abf8-bb2c692f696b,812b539a-fdd8-4de6-9d6e-d272d5be837c,2026-08-13T05:34:45.080000+00:00,keyup,73,,124.6,,,,,,,,,repeated_typing,0,0,,,,,,,,,/app/training,dev_8d63bc2a-6792-425e-980a-35b6849501fe,,,,,,,,,,,,,,,,,,,,,,,,,,,,,,,,,,,,,,,,,,,,,,,,,,,,,,,,,,,,,,,,
training_event,training,468f03a2-d7c9-4701-abf8-bb2c692f696b,812b539a-fdd8-4de6-9d6e-d272d5be837c,2026-08-13T05:34:39.238000+00:00,keyup,65,,170,,,,,,,,,repeated_typing,0,0,,,,,,,,,/app/training,dev_8d63bc2a-6792-425e-980a-35b6849501fe,,,,,,,,,,,,,,,,,,,,,,,,,,,,,,,,,,,,,,,,,,,,,,,,,,,,,,,,,,,,,,,,
training_event,training,468f03a2-d7c9-4701-abf8-bb2c692f696b,812b539a-fdd8-4de6-9d6e-d272d5be837c,2026-08-13T05:34:39.753000+00:00,keydown,73,i,,265.3,,,,,,,,repeated_typing,0,0,,,,,,,,,/app/training,dev_8d63bc2a-6792-425e-980a-35b6849501fe,,,,,,,,,,,,,,,,,,,,,,,,,,,,,,,,,,,,,,,,,,,,,,,,,,,,,,,,,,,,,,,,
training_event,training,468f03a2-d7c9-4701-abf8-bb2c692f696b,812b539a-fdd8-4de6-9d6e-d272d5be837c,2026-08-13T05:34:40.099000+00:00,keyup,65,,163.6,,,,,,,,,repeated_typing,0,0,,,,,,,,,/app/training,dev_8d63bc2a-6792-425e-980a-35b6849501fe,,,,,,,,,,,,,,,,,,,,,,,,,,,,,,,,,,,,,,,,,,,,,,,,,,,,,,,,,,,,,,,,
training_event,training,468f03a2-d7c9-4701-abf8-bb2c692f696b,812b539a-fdd8-4de6-9d6e-d272d5be837c,2026-08-13T05:34:42.418000+00:00,keyup,78,,120.1,,,,,,,,,repeated_typing,0,0,,,,,,,,,/app/training,dev_8d63bc2a-6792-425e-980a-35b6849501fe,,,,,,,,,,,,,,,,,,,,,,,,,,,,,,,,,,,,,,,,,,,,,,,,,,,,,,,,,,,,,,,,
training_event,training,468f03a2-d7c9-4701-abf8-bb2c692f696b,812b539a-fdd8-4de6-9d6e-d272d5be837c,2026-08-13T05:34:36.956000+00:00,keyup,69,,139,,,,,,,,,repeated_typing,0,0,,,,,,,,,/app/training,dev_8d63bc2a-6792-425e-980a-35b6849501fe,,,,,,,,,,,,,,,,,,,,,,,,,,,,,,,,,,,,,,,,,,,,,,,,,,,,,,,,,,,,,,,,
training_event,training,468f03a2-d7c9-4701-abf8-bb2c692f696b,812b539a-fdd8-4de6-9d6e-d272d5be837c,2026-08-13T05:34:38.909000+00:00,keydown,85,u,,804.3,,,,,,,,repeated_typing,0,0,,,,,,,,,/app/training,dev_8d63bc2a-6792-425e-980a-35b6849501fe,,,,,,,,,,,,,,,,,,,,,,,,,,,,,,,,,,,,,,,,,,,,,,,,,,,,,,,,,,,,,,,,
training_event,training,468f03a2-d7c9-4701-abf8-bb2c692f696b,812b539a-fdd8-4de6-9d6e-d272d5be837c,2026-08-13T05:34:39.031000+00:00,keyup,85,,122.3,,,,,,,,,repeated_typing,0,0,,,,,,,,,/app/training,dev_8d63bc2a-6792-425e-980a-35b6849501fe,,,,,,,,,,,,,,,,,,,,,,,,,,,,,,,,,,,,,,,,,,,,,,,,,,,,,,,,,,,,,,,,
training_event,training,468f03a2-d7c9-4701-abf8-bb2c692f696b,812b539a-fdd8-4de6-9d6e-d272d5be837c,2026-08-13T05:34:42.690000+00:00,keydown,32, ,,146.1,,,,,,,,repeated_typing,0,0,,,,,,,,,/app/training,dev_8d63bc2a-6792-425e-980a-35b6849501fe,,,,,,,,,,,,,,,,,,,,,,,,,,,,,,,,,,,,,,,,,,,,,,,,,,,,,,,,,,,,,,,,
training_event,training,468f03a2-d7c9-4701-abf8-bb2c692f696b,812b539a-fdd8-4de6-9d6e-d272d5be837c,2026-08-13T05:34:38.243000+00:00,keyup,71,,137.8,,,,,,,,,repeated_typing,0,0,,,,,,,,,/app/training,dev_8d63bc2a-6792-425e-980a-35b6849501fe,,,,,,,,,,,,,,,,,,,,,,,,,,,,,,,,,,,,,,,,,,,,,,,,,,,,,,,,,,,,,,,,
training_event,training,468f03a2-d7c9-4701-abf8-bb2c692f696b,812b539a-fdd8-4de6-9d6e-d272d5be837c,2026-08-13T05:34:36.132000+00:00,keydown,84,t,,257.5,,,,,,,,repeated_typing,0,0,,,,,,,,,/app/training,dev_8d63bc2a-6792-425e-980a-35b6849501fe,,,,,,,,,,,,,,,,,,,,,,,,,,,,,,,,,,,,,,,,,,,,,,,,,,,,,,,,,,,,,,,,
training_event,training,468f03a2-d7c9-4701-abf8-bb2c692f696b,812b539a-fdd8-4de6-9d6e-d272d5be837c,2026-08-13T05:34:40.908000+00:00,keyup,32,,141.7,,,,,,,,,repeated_typing,0,0,,,,,,,,,/app/training,dev_8d63bc2a-6792-425e-980a-35b6849501fe,,,,,,,,,,,,,,,,,,,,,,,,,,,,,,,,,,,,,,,,,,,,,,,,,,,,,,,,,,,,,,,,
training_event,training,468f03a2-d7c9-4701-abf8-bb2c692f696b,812b539a-fdd8-4de6-9d6e-d272d5be837c,2026-08-13T05:34:41.352000+00:00,keydown,65,a,,206.1,,,,,,,,repeated_typing,0,0,,,,,,,,,/app/training,dev_8d63bc2a-6792-425e-980a-35b6849501fe,,,,,,,,,,,,,,,,,,,,,,,,,,,,,,,,,,,,,,,,,,,,,,,,,,,,,,,,,,,,,,,,
training_event,training,468f03a2-d7c9-4701-abf8-bb2c692f696b,812b539a-fdd8-4de6-9d6e-d272d5be837c,2026-08-13T05:34:42.058000+00:00,keydown,73,i,,218.3,,,,,,,,repeated_typing,0,0,,,,,,,,,/app/training,dev_8d63bc2a-6792-425e-980a-35b6849501fe,,,,,,,,,,,,,,,,,,,,,,,,,,,,,,,,,,,,,,,,,,,,,,,,,,,,,,,,,,,,,,,,
training_event,training,468f03a2-d7c9-4701-abf8-bb2c692f696b,812b539a-fdd8-4de6-9d6e-d272d5be837c,2026-08-13T05:34:44.664000+00:00,keyup,85,,117.3,,,,,,,,,repeated_typing,0,0,,,,,,,,,/app/training,dev_8d63bc2a-6792-425e-980a-35b6849501fe,,,,,,,,,,,,,,,,,,,,,,,,,,,,,,,,,,,,,,,,,,,,,,,,,,,,,,,,,,,,,,,,
training_event,training,468f03a2-d7c9-4701-abf8-bb2c692f696b,812b539a-fdd8-4de6-9d6e-d272d5be837c,2026-08-13T05:34:45.346000+00:00,keydown,89,y,,97.4,,,,,,,,repeated_typing,0,0,,,,,,,,,/app/training,dev_8d63bc2a-6792-425e-980a-35b6849501fe,,,,,,,,,,,,,,,,,,,,,,,,,,,,,,,,,,,,,,,,,,,,,,,,,,,,,,,,,,,,,,,,
training_event,training,468f03a2-d7c9-4701-abf8-bb2c692f696b,812b539a-fdd8-4de6-9d6e-d272d5be837c,2026-08-13T05:34:35.416000+00:00,keyup,68,,106.4,,,,,,,,,repeated_typing,0,0,,,,,,,,,/app/training,dev_8d63bc2a-6792-425e-980a-35b6849501fe,,,,,,,,,,,,,,,,,,,,,,,,,,,,,,,,,,,,,,,,,,,,,,,,,,,,,,,,,,,,,,,,
training_event,training,468f03a2-d7c9-4701-abf8-bb2c692f696b,812b539a-fdd8-4de6-9d6e-d272d5be837c,2026-08-13T05:34:39.264000+00:00,keydown,82,r,,195.7,,,,,,,,repeated_typing,0,0,,,,,,,,,/app/training,dev_8d63bc2a-6792-425e-980a-35b6849501fe,,,,,,,,,,,,,,,,,,,,,,,,,,,,,,,,,,,,,,,,,,,,,,,,,,,,,,,,,,,,,,,,
training_event,training,468f03a2-d7c9-4701-abf8-bb2c692f696b,812b539a-fdd8-4de6-9d6e-d272d5be837c,2026-08-13T05:34:39.488000+00:00,keydown,68,d,,224.2,,,,,,,,repeated_typing,0,0,,,,,,,,,/app/training,dev_8d63bc2a-6792-425e-980a-35b6849501fe,,,,,,,,,,,,,,,,,,,,,,,,,,,,,,,,,,,,,,,,,,,,,,,,,,,,,,,,,,,,,,,,
training_event,training,468f03a2-d7c9-4701-abf8-bb2c692f696b,812b539a-fdd8-4de6-9d6e-d272d5be837c,2026-08-13T05:34:42.161000+00:00,keyup,73,,103.4,,,,,,,,,repeated_typing,0,0,,,,,,,,,/app/training,dev_8d63bc2a-6792-425e-980a-35b6849501fe,,,,,,,,,,,,,,,,,,,,,,,,,,,,,,,,,,,,,,,,,,,,,,,,,,,,,,,,,,,,,,,,
training_event,training,468f03a2-d7c9-4701-abf8-bb2c692f696b,812b539a-fdd8-4de6-9d6e-d272d5be837c,2026-08-13T05:34:42.298000+00:00,keydown,78,n,,239.6,,,,,,,,repeated_typing,0,0,,,,,,,,,/app/training,dev_8d63bc2a-6792-425e-980a-35b6849501fe,,,,,,,,,,,,,,,,,,,,,,,,,,,,,,,,,,,,,,,,,,,,,,,,,,,,,,,,,,,,,,,,
training_event,training,468f03a2-d7c9-4701-abf8-bb2c692f696b,812b539a-fdd8-4de6-9d6e-d272d5be837c,2026-08-13T05:34:35.309000+00:00,keydown,68,d,,787.2,,,,,,,,repeated_typing,0,0,,,,,,,,,/app/training,dev_8d63bc2a-6792-425e-980a-35b6849501fe,,,,,,,,,,,,,,,,,,,,,,,,,,,,,,,,,,,,,,,,,,,,,,,,,,,,,,,,,,,,,,,,
training_event,training,468f03a2-d7c9-4701-abf8-bb2c692f696b,812b539a-fdd8-4de6-9d6e-d272d5be837c,2026-08-13T05:34:35.875000+00:00,keydown,80,p,,377.9,,,,,,,,repeated_typing,0,0,,,,,,,,,/app/training,dev_8d63bc2a-6792-425e-980a-35b6849501fe,,,,,,,,,,,,,,,,,,,,,,,,,,,,,,,,,,,,,,,,,,,,,,,,,,,,,,,,,,,,,,,,
training_event,training,468f03a2-d7c9-4701-abf8-bb2c692f696b,812b539a-fdd8-4de6-9d6e-d272d5be837c,2026-08-13T05:34:36.296000+00:00,keyup,84,,163.6,,,,,,,,,repeated_typing,0,0,,,,,,,,,/app/training,dev_8d63bc2a-6792-425e-980a-35b6849501fe,,,,,,,,,,,,,,,,,,,,,,,,,,,,,,,,,,,,,,,,,,,,,,,,,,,,,,,,,,,,,,,,
training_event,training,468f03a2-d7c9-4701-abf8-bb2c692f696b,812b539a-fdd8-4de6-9d6e-d272d5be837c,2026-08-13T05:34:36.782000+00:00,keyup,86,,133.3,,,,,,,,,repeated_typing,0,0,,,,,,,,,/app/training,dev_8d63bc2a-6792-425e-980a-35b6849501fe,,,,,,,,,,,,,,,,,,,,,,,,,,,,,,,,,,,,,,,,,,,,,,,,,,,,,,,,,,,,,,,,
training_event,training,468f03a2-d7c9-4701-abf8-bb2c692f696b,812b539a-fdd8-4de6-9d6e-d272d5be837c,2026-08-13T05:34:40.195000+00:00,keyup,78,,91.3,,,,,,,,,repeated_typing,0,0,,,,,,,,,/app/training,dev_8d63bc2a-6792-425e-980a-35b6849501fe,,,,,,,,,,,,,,,,,,,,,,,,,,,,,,,,,,,,,,,,,,,,,,,,,,,,,,,,,,,,,,,,
training_event,training,468f03a2-d7c9-4701-abf8-bb2c692f696b,812b539a-fdd8-4de6-9d6e-d272d5be837c,2026-08-13T05:34:41.517000+00:00,keyup,65,,164.1,,,,,,,,,repeated_typing,0,0,,,,,,,,,/app/training,dev_8d63bc2a-6792-425e-980a-35b6849501fe,,,,,,,,,,,,,,,,,,,,,,,,,,,,,,,,,,,,,,,,,,,,,,,,,,,,,,,,,,,,,,,,
training_event,training,468f03a2-d7c9-4701-abf8-bb2c692f696b,812b539a-fdd8-4de6-9d6e-d272d5be837c,2026-08-13T05:34:43.971000+00:00,keydown,69,e,,181.4,,,,,,,,repeated_typing,0,0,,,,,,,,,/app/training,dev_8d63bc2a-6792-425e-980a-35b6849501fe,,,,,,,,,,,,,,,,,,,,,,,,,,,,,,,,,,,,,,,,,,,,,,,,,,,,,,,,,,,,,,,,
training_event,training,468f03a2-d7c9-4701-abf8-bb2c692f696b,812b539a-fdd8-4de6-9d6e-d272d5be837c,2026-08-13T05:34:44.085000+00:00,keyup,69,,114.2,,,,,,,,,repeated_typing,0,0,,,,,,,,,/app/training,dev_8d63bc2a-6792-425e-980a-35b6849501fe,,,,,,,,,,,,,,,,,,,,,,,,,,,,,,,,,,,,,,,,,,,,,,,,,,,,,,,,,,,,,,,,
training_event,training,468f03a2-d7c9-4701-abf8-bb2c692f696b,812b539a-fdd8-4de6-9d6e-d272d5be837c,2026-08-13T05:34:36.034000+00:00,keyup,80,,159.8,,,,,,,,,repeated_typing,0,0,,,,,,,,,/app/training,dev_8d63bc2a-6792-425e-980a-35b6849501fe,,,,,,,,,,,,,,,,,,,,,,,,,,,,,,,,,,,,,,,,,,,,,,,,,,,,,,,,,,,,,,,,
training_event,training,468f03a2-d7c9-4701-abf8-bb2c692f696b,812b539a-fdd8-4de6-9d6e-d272d5be837c,2026-08-13T05:34:39.936000+00:00,keydown,65,a,,182.9,,,,,,,,repeated_typing,0,0,,,,,,,,,/app/training,dev_8d63bc2a-6792-425e-980a-35b6849501fe,,,,,,,,,,,,,,,,,,,,,,,,,,,,,,,,,,,,,,,,,,,,,,,,,,,,,,,,,,,,,,,,
training_event,training,468f03a2-d7c9-4701-abf8-bb2c692f696b,812b539a-fdd8-4de6-9d6e-d272d5be837c,2026-08-13T05:34:34.704000+00:00,keyup,65,,182,,,,,,,,,repeated_typing,0,0,,,,,,,,,/app/training,dev_8d63bc2a-6792-425e-980a-35b6849501fe,,,,,,,,,,,,,,,,,,,,,,,,,,,,,,,,,,,,,,,,,,,,,,,,,,,,,,,,,,,,,,,,
training_event,training,468f03a2-d7c9-4701-abf8-bb2c692f696b,812b539a-fdd8-4de6-9d6e-d272d5be837c,2026-08-13T05:34:35.676000+00:00,keyup,65,,179.8,,,,,,,,,repeated_typing,0,0,,,,,,,,,/app/training,dev_8d63bc2a-6792-425e-980a-35b6849501fe,,,,,,,,,,,,,,,,,,,,,,,,,,,,,,,,,,,,,,,,,,,,,,,,,,,,,,,,,,,,,,,,
training_event,training,468f03a2-d7c9-4701-abf8-bb2c692f696b,812b539a-fdd8-4de6-9d6e-d272d5be837c,2026-08-13T05:34:36.450000+00:00,keyup,73,,117,,,,,,,,,repeated_typing,0,0,,,,,,,,,/app/training,dev_8d63bc2a-6792-425e-980a-35b6849501fe,,,,,,,,,,,,,,,,,,,,,,,,,,,,,,,,,,,,,,,,,,,,,,,,,,,,,,,,,,,,,,,,
training_event,training,468f03a2-d7c9-4701-abf8-bb2c692f696b,812b539a-fdd8-4de6-9d6e-d272d5be837c,2026-08-13T05:34:41.262000+00:00,keyup,66,,116,,,,,,,,,repeated_typing,0,0,,,,,,,,,/app/training,dev_8d63bc2a-6792-425e-980a-35b6849501fe,,,,,,,,,,,,,,,,,,,,,,,,,,,,,,,,,,,,,,,,,,,,,,,,,,,,,,,,,,,,,,,,
training_event,training,468f03a2-d7c9-4701-abf8-bb2c692f696b,812b539a-fdd8-4de6-9d6e-d272d5be837c,2026-08-13T05:34:41.840000+00:00,keydown,75,k,,332.1,,,,,,,,repeated_typing,0,0,,,,,,,,,/app/training,dev_8d63bc2a-6792-425e-980a-35b6849501fe,,,,,,,,,,,,,,,,,,,,,,,,,,,,,,,,,,,,,,,,,,,,,,,,,,,,,,,,,,,,,,,,
training_event,training,468f03a2-d7c9-4701-abf8-bb2c692f696b,812b539a-fdd8-4de6-9d6e-d272d5be837c,2026-08-13T05:34:42.640000+00:00,keyup,71,,95.9,,,,,,,,,repeated_typing,0,0,,,,,,,,,/app/training,dev_8d63bc2a-6792-425e-980a-35b6849501fe,,,,,,,,,,,,,,,,,,,,,,,,,,,,,,,,,,,,,,,,,,,,,,,,,,,,,,,,,,,,,,,,
training_event,training,468f03a2-d7c9-4701-abf8-bb2c692f696b,812b539a-fdd8-4de6-9d6e-d272d5be837c,2026-08-13T05:34:42.824000+00:00,keyup,32,,134.1,,,,,,,,,repeated_typing,0,0,,,,,,,,,/app/training,dev_8d63bc2a-6792-425e-980a-35b6849501fe,,,,,,,,,,,,,,,,,,,,,,,,,,,,,,,,,,,,,,,,,,,,,,,,,,,,,,,,,,,,,,,,
training_event,training,468f03a2-d7c9-4701-abf8-bb2c692f696b,812b539a-fdd8-4de6-9d6e-d272d5be837c,2026-08-13T05:34:44.351000+00:00,keyup,67,,141.2,,,,,,,,,repeated_typing,0,0,,,,,,,,,/app/training,dev_8d63bc2a-6792-425e-980a-35b6849501fe,,,,,,,,,,,,,,,,,,,,,,,,,,,,,,,,,,,,,,,,,,,,,,,,,,,,,,,,,,,,,,,,
training_event,training,468f03a2-d7c9-4701-abf8-bb2c692f696b,812b539a-fdd8-4de6-9d6e-d272d5be837c,2026-08-13T05:34:36.649000+00:00,keydown,86,v,,316.1,,,,,,,,repeated_typing,0,0,,,,,,,,,/app/training,dev_8d63bc2a-6792-425e-980a-35b6849501fe,,,,,,,,,,,,,,,,,,,,,,,,,,,,,,,,,,,,,,,,,,,,,,,,,,,,,,,,,,,,,,,,
training_event,training,468f03a2-d7c9-4701-abf8-bb2c692f696b,812b539a-fdd8-4de6-9d6e-d272d5be837c,2026-08-13T05:34:36.817000+00:00,keydown,69,e,,168.2,,,,,,,,repeated_typing,0,0,,,,,,,,,/app/training,dev_8d63bc2a-6792-425e-980a-35b6849501fe,,,,,,,,,,,,,,,,,,,,,,,,,,,,,,,,,,,,,,,,,,,,,,,,,,,,,,,,,,,,,,,,
training_event,training,468f03a2-d7c9-4701-abf8-bb2c692f696b,812b539a-fdd8-4de6-9d6e-d272d5be837c,2026-08-13T05:34:40.766000+00:00,keydown,32, ,,662.2,,,,,,,,repeated_typing,0,0,,,,,,,,,/app/training,dev_8d63bc2a-6792-425e-980a-35b6849501fe,,,,,,,,,,,,,,,,,,,,,,,,,,,,,,,,,,,,,,,,,,,,,,,,,,,,,,,,,,,,,,,,
training_event,training,468f03a2-d7c9-4701-abf8-bb2c692f696b,812b539a-fdd8-4de6-9d6e-d272d5be837c,2026-08-13T05:34:43.907000+00:00,keyup,83,,117.4,,,,,,,,,repeated_typing,0,0,,,,,,,,,/app/training,dev_8d63bc2a-6792-425e-980a-35b6849501fe,,,,,,,,,,,,,,,,,,,,,,,,,,,,,,,,,,,,,,,,,,,,,,,,,,,,,,,,,,,,,,,,
training_event,training,468f03a2-d7c9-4701-abf8-bb2c692f696b,812b539a-fdd8-4de6-9d6e-d272d5be837c,2026-08-13T05:34:34.522000+00:00,keydown,65,A,,,,,,,,,,repeated_typing,0,0,,,,,,,,,/app/training,dev_8d63bc2a-6792-425e-980a-35b6849501fe,,,,,,,,,,,,,,,,,,,,,,,,,,,,,,,,,,,,,,,,,,,,,,,,,,,,,,,,,,,,,,,,
training_event,training,468f03a2-d7c9-4701-abf8-bb2c692f696b,812b539a-fdd8-4de6-9d6e-d272d5be837c,2026-08-13T05:34:35.497000+00:00,keydown,65,a,,187.4,,,,,,,,repeated_typing,0,0,,,,,,,,,/app/training,dev_8d63bc2a-6792-425e-980a-35b6849501fe,,,,,,,,,,,,,,,,,,,,,,,,,,,,,,,,,,,,,,,,,,,,,,,,,,,,,,,,,,,,,,,,
training_event,training,468f03a2-d7c9-4701-abf8-bb2c692f696b,812b539a-fdd8-4de6-9d6e-d272d5be837c,2026-08-13T05:34:39.882000+00:00,keyup,73,,128.7,,,,,,,,,repeated_typing,0,0,,,,,,,,,/app/training,dev_8d63bc2a-6792-425e-980a-35b6849501fe,,,,,,,,,,,,,,,,,,,,,,,,,,,,,,,,,,,,,,,,,,,,,,,,,,,,,,,,,,,,,,,,
training_event,training,468f03a2-d7c9-4701-abf8-bb2c692f696b,812b539a-fdd8-4de6-9d6e-d272d5be837c,2026-08-13T05:34:41.146000+00:00,keydown,66,B,,380.4,,,,,,,,repeated_typing,0,0,,,,,,,,,/app/training,dev_8d63bc2a-6792-425e-980a-35b6849501fe,,,,,,,,,,,,,,,,,,,,,,,,,,,,,,,,,,,,,,,,,,,,,,,,,,,,,,,,,,,,,,,,
training_event,training,468f03a2-d7c9-4701-abf8-bb2c692f696b,812b539a-fdd8-4de6-9d6e-d272d5be837c,2026-08-13T05:34:39.635000+00:00,keyup,68,,147.4,,,,,,,,,repeated_typing,0,0,,,,,,,,,/app/training,dev_8d63bc2a-6792-425e-980a-35b6849501fe,,,,,,,,,,,,,,,,,,,,,,,,,,,,,,,,,,,,,,,,,,,,,,,,,,,,,,,,,,,,,,,,
training_event,training,468f03a2-d7c9-4701-abf8-bb2c692f696b,812b539a-fdd8-4de6-9d6e-d272d5be837c,2026-08-13T05:34:40.104000+00:00,keydown,78,n,,167.9,,,,,,,,repeated_typing,0,0,,,,,,,,,/app/training,dev_8d63bc2a-6792-425e-980a-35b6849501fe,,,,,,,,,,,,,,,,,,,,,,,,,,,,,,,,,,,,,,,,,,,,,,,,,,,,,,,,,,,,,,,,
training_event,training,468f03a2-d7c9-4701-abf8-bb2c692f696b,812b539a-fdd8-4de6-9d6e-d272d5be837c,2026-08-13T05:34:41.629000+00:00,keyup,78,,121.6,,,,,,,,,repeated_typing,0,0,,,,,,,,,/app/training,dev_8d63bc2a-6792-425e-980a-35b6849501fe,,,,,,,,,,,,,,,,,,,,,,,,,,,,,,,,,,,,,,,,,,,,,,,,,,,,,,,,,,,,,,,,
training_event,training,468f03a2-d7c9-4701-abf8-bb2c692f696b,812b539a-fdd8-4de6-9d6e-d272d5be837c,2026-08-13T05:34:43.790000+00:00,keydown,83,S,,1099.4,,,,,,,,repeated_typing,0,0,,,,,,,,,/app/training,dev_8d63bc2a-6792-425e-980a-35b6849501fe,,,,,,,,,,,,,,,,,,,,,,,,,,,,,,,,,,,,,,,,,,,,,,,,,,,,,,,,,,,,,,,,
training_event,training,468f03a2-d7c9-4701-abf8-bb2c692f696b,812b539a-fdd8-4de6-9d6e-d272d5be837c,2026-08-13T05:34:44.209000+00:00,keydown,67,c,,238.3,,,,,,,,repeated_typing,0,0,,,,,,,,,/app/training,dev_8d63bc2a-6792-425e-980a-35b6849501fe,,,,,,,,,,,,,,,,,,,,,,,,,,,,,,,,,,,,,,,,,,,,,,,,,,,,,,,,,,,,,,,,
training_event,training,468f03a2-d7c9-4701-abf8-bb2c692f696b,812b539a-fdd8-4de6-9d6e-d272d5be837c,2026-08-13T05:34:44.782000+00:00,keydown,82,r,,235.2,,,,,,,,repeated_typing,0,0,,,,,,,,,/app/training,dev_8d63bc2a-6792-425e-980a-35b6849501fe,,,,,,,,,,,,,,,,,,,,,,,,,,,,,,,,,,,,,,,,,,,,,,,,,,,,,,,,,,,,,,,,
training_event,training,468f03a2-d7c9-4701-abf8-bb2c692f696b,d5be29d4-3f54-480e-98c3-20983919df8d,2026-08-13T05:34:50.766000+00:00,keydown,68,d,,828,,,,,,,,repeated_typing,0,1,,,,,,,,,/app/training,dev_8d63bc2a-6792-425e-980a-35b6849501fe,,,,,,,,,,,,,,,,,,,,,,,,,,,,,,,,,,,,,,,,,,,,,,,,,,,,,,,,,,,,,,,,
training_event,training,468f03a2-d7c9-4701-abf8-bb2c692f696b,d5be29d4-3f54-480e-98c3-20983919df8d,2026-08-13T05:34:55.883000+00:00,keyup,78,,157.8,,,,,,,,,repeated_typing,0,1,,,,,,,,,/app/training,dev_8d63bc2a-6792-425e-980a-35b6849501fe,,,,,,,,,,,,,,,,,,,,,,,,,,,,,,,,,,,,,,,,,,,,,,,,,,,,,,,,,,,,,,,,
training_event,training,468f03a2-d7c9-4701-abf8-bb2c692f696b,d5be29d4-3f54-480e-98c3-20983919df8d,2026-08-13T05:34:57.329000+00:00,keyup,65,,184.6,,,,,,,,,repeated_typing,0,1,,,,,,,,,/app/training,dev_8d63bc2a-6792-425e-980a-35b6849501fe,,,,,,,,,,,,,,,,,,,,,,,,,,,,,,,,,,,,,,,,,,,,,,,,,,,,,,,,,,,,,,,,
training_event,training,468f03a2-d7c9-4701-abf8-bb2c692f696b,d5be29d4-3f54-480e-98c3-20983919df8d,2026-08-13T05:35:00.305000+00:00,keyup,69,,200.2,,,,,,,,,repeated_typing,0,1,,,,,,,,,/app/training,dev_8d63bc2a-6792-425e-980a-35b6849501fe,,,,,,,,,,,,,,,,,,,,,,,,,,,,,,,,,,,,,,,,,,,,,,,,,,,,,,,,,,,,,,,,
training_event,training,468f03a2-d7c9-4701-abf8-bb2c692f696b,d5be29d4-3f54-480e-98c3-20983919df8d,2026-08-13T05:35:01.093000+00:00,keydown,85,u,,276.8,,,,,,,,repeated_typing,0,1,,,,,,,,,/app/training,dev_8d63bc2a-6792-425e-980a-35b6849501fe,,,,,,,,,,,,,,,,,,,,,,,,,,,,,,,,,,,,,,,,,,,,,,,,,,,,,,,,,,,,,,,,
training_event,training,468f03a2-d7c9-4701-abf8-bb2c692f696b,d5be29d4-3f54-480e-98c3-20983919df8d,2026-08-13T05:35:04.389000+00:00,keyup,82,,155.2,,,,,,,,,repeated_typing,0,1,,,,,,,,,/app/training,dev_8d63bc2a-6792-425e-980a-35b6849501fe,,,,,,,,,,,,,,,,,,,,,,,,,,,,,,,,,,,,,,,,,,,,,,,,,,,,,,,,,,,,,,,,
training_event,training,468f03a2-d7c9-4701-abf8-bb2c692f696b,d5be29d4-3f54-480e-98c3-20983919df8d,2026-08-13T05:35:04.889000+00:00,keydown,89,y,,190.6,,,,,,,,repeated_typing,0,1,,,,,,,,,/app/training,dev_8d63bc2a-6792-425e-980a-35b6849501fe,,,,,,,,,,,,,,,,,,,,,,,,,,,,,,,,,,,,,,,,,,,,,,,,,,,,,,,,,,,,,,,,
training_event,training,468f03a2-d7c9-4701-abf8-bb2c692f696b,d5be29d4-3f54-480e-98c3-20983919df8d,2026-08-13T05:34:52.828000+00:00,keydown,86,v,,314.5,,,,,,,,repeated_typing,0,1,,,,,,,,,/app/training,dev_8d63bc2a-6792-425e-980a-35b6849501fe,,,,,,,,,,,,,,,,,,,,,,,,,,,,,,,,,,,,,,,,,,,,,,,,,,,,,,,,,,,,,,,,
training_event,training,468f03a2-d7c9-4701-abf8-bb2c692f696b,d5be29d4-3f54-480e-98c3-20983919df8d,2026-08-13T05:34:57.592000+00:00,keydown,75,k,,277.3,,,,,,,,repeated_typing,0,1,,,,,,,,,/app/training,dev_8d63bc2a-6792-425e-980a-35b6849501fe,,,,,,,,,,,,,,,,,,,,,,,,,,,,,,,,,,,,,,,,,,,,,,,,,,,,,,,,,,,,,,,,
training_event,training,468f03a2-d7c9-4701-abf8-bb2c692f696b,d5be29d4-3f54-480e-98c3-20983919df8d,2026-08-13T05:34:58.291000+00:00,keydown,71,g,,231.6,,,,,,,,repeated_typing,0,1,,,,,,,,,/app/training,dev_8d63bc2a-6792-425e-980a-35b6849501fe,,,,,,,,,,,,,,,,,,,,,,,,,,,,,,,,,,,,,,,,,,,,,,,,,,,,,,,,,,,,,,,,
training_event,training,468f03a2-d7c9-4701-abf8-bb2c692f696b,d5be29d4-3f54-480e-98c3-20983919df8d,2026-08-13T05:35:04.816000+00:00,keyup,84,,117,,,,,,,,,repeated_typing,0,1,,,,,,,,,/app/training,dev_8d63bc2a-6792-425e-980a-35b6849501fe,,,,,,,,,,,,,,,,,,,,,,,,,,,,,,,,,,,,,,,,,,,,,,,,,,,,,,,,,,,,,,,,
training_event,training,468f03a2-d7c9-4701-abf8-bb2c692f696b,d5be29d4-3f54-480e-98c3-20983919df8d,2026-08-13T05:34:52.967000+00:00,keyup,86,,138.8,,,,,,,,,repeated_typing,0,1,,,,,,,,,/app/training,dev_8d63bc2a-6792-425e-980a-35b6849501fe,,,,,,,,,,,,,,,,,,,,,,,,,,,,,,,,,,,,,,,,,,,,,,,,,,,,,,,,,,,,,,,,
training_event,training,468f03a2-d7c9-4701-abf8-bb2c692f696b,d5be29d4-3f54-480e-98c3-20983919df8d,2026-08-13T05:34:52.988000+00:00,keydown,69,e,,159.9,,,,,,,,repeated_typing,0,1,,,,,,,,,/app/training,dev_8d63bc2a-6792-425e-980a-35b6849501fe,,,,,,,,,,,,,,,,,,,,,,,,,,,,,,,,,,,,,,,,,,,,,,,,,,,,,,,,,,,,,,,,
training_event,training,468f03a2-d7c9-4701-abf8-bb2c692f696b,d5be29d4-3f54-480e-98c3-20983919df8d,2026-08-13T05:34:54.629000+00:00,keyup,85,,126.6,,,,,,,,,repeated_typing,0,1,,,,,,,,,/app/training,dev_8d63bc2a-6792-425e-980a-35b6849501fe,,,,,,,,,,,,,,,,,,,,,,,,,,,,,,,,,,,,,,,,,,,,,,,,,,,,,,,,,,,,,,,,
training_event,training,468f03a2-d7c9-4701-abf8-bb2c692f696b,d5be29d4-3f54-480e-98c3-20983919df8d,2026-08-13T05:34:55.748000+00:00,keyup,65,,179.6,,,,,,,,,repeated_typing,0,1,,,,,,,,,/app/training,dev_8d63bc2a-6792-425e-980a-35b6849501fe,,,,,,,,,,,,,,,,,,,,,,,,,,,,,,,,,,,,,,,,,,,,,,,,,,,,,,,,,,,,,,,,
training_event,training,468f03a2-d7c9-4701-abf8-bb2c692f696b,d5be29d4-3f54-480e-98c3-20983919df8d,2026-08-13T05:34:57.817000+00:00,keydown,73,i,,225.8,,,,,,,,repeated_typing,0,1,,,,,,,,,/app/training,dev_8d63bc2a-6792-425e-980a-35b6849501fe,,,,,,,,,,,,,,,,,,,,,,,,,,,,,,,,,,,,,,,,,,,,,,,,,,,,,,,,,,,,,,,,
training_event,training,468f03a2-d7c9-4701-abf8-bb2c692f696b,d5be29d4-3f54-480e-98c3-20983919df8d,2026-08-13T05:35:01.220000+00:00,keyup,85,,127.2,,,,,,,,,repeated_typing,0,1,,,,,,,,,/app/training,dev_8d63bc2a-6792-425e-980a-35b6849501fe,,,,,,,,,,,,,,,,,,,,,,,,,,,,,,,,,,,,,,,,,,,,,,,,,,,,,,,,,,,,,,,,
training_event,training,468f03a2-d7c9-4701-abf8-bb2c692f696b,d5be29d4-3f54-480e-98c3-20983919df8d,2026-08-13T05:34:54.678000+00:00,keydown,65,a,,176,,,,,,,,repeated_typing,0,1,,,,,,,,,/app/training,dev_8d63bc2a-6792-425e-980a-35b6849501fe,,,,,,,,,,,,,,,,,,,,,,,,,,,,,,,,,,,,,,,,,,,,,,,,,,,,,,,,,,,,,,,,
training_event,training,468f03a2-d7c9-4701-abf8-bb2c692f696b,d5be29d4-3f54-480e-98c3-20983919df8d,2026-08-13T05:34:56.605000+00:00,keyup,32,,150,,,,,,,,,repeated_typing,0,1,,,,,,,,,/app/training,dev_8d63bc2a-6792-425e-980a-35b6849501fe,,,,,,,,,,,,,,,,,,,,,,,,,,,,,,,,,,,,,,,,,,,,,,,,,,,,,,,,,,,,,,,,
training_event,training,468f03a2-d7c9-4701-abf8-bb2c692f696b,d5be29d4-3f54-480e-98c3-20983919df8d,2026-08-13T05:34:57.430000+00:00,keyup,78,,115.3,,,,,,,,,repeated_typing,0,1,,,,,,,,,/app/training,dev_8d63bc2a-6792-425e-980a-35b6849501fe,,,,,,,,,,,,,,,,,,,,,,,,,,,,,,,,,,,,,,,,,,,,,,,,,,,,,,,,,,,,,,,,
training_event,training,468f03a2-d7c9-4701-abf8-bb2c692f696b,d5be29d4-3f54-480e-98c3-20983919df8d,2026-08-13T05:35:03.544000+00:00,keydown,8,,,784.8,,,,,,,,repeated_typing,0,1,,,,,,,,,/app/training,dev_8d63bc2a-6792-425e-980a-35b6849501fe,,,,,,,,,,,,,,,,,,,,,,,,,,,,,,,,,,,,,,,,,,,,,,,,,,,,,,,,,,,,,,,,
training_event,training,468f03a2-d7c9-4701-abf8-bb2c692f696b,d5be29d4-3f54-480e-98c3-20983919df8d,2026-08-13T05:35:04.234000+00:00,keydown,82,r,,689.7,,,,,,,,repeated_typing,0,1,,,,,,,,,/app/training,dev_8d63bc2a-6792-425e-980a-35b6849501fe,,,,,,,,,,,,,,,,,,,,,,,,,,,,,,,,,,,,,,,,,,,,,,,,,,,,,,,,,,,,,,,,
training_event,training,468f03a2-d7c9-4701-abf8-bb2c692f696b,d5be29d4-3f54-480e-98c3-20983919df8d,2026-08-13T05:34:55.524000+00:00,keyup,73,,178,,,,,,,,,repeated_typing,0,1,,,,,,,,,/app/training,dev_8d63bc2a-6792-425e-980a-35b6849501fe,,,,,,,,,,,,,,,,,,,,,,,,,,,,,,,,,,,,,,,,,,,,,,,,,,,,,,,,,,,,,,,,
training_event,training,468f03a2-d7c9-4701-abf8-bb2c692f696b,d5be29d4-3f54-480e-98c3-20983919df8d,2026-08-13T05:34:57.041000+00:00,keyup,66,,144.6,,,,,,,,,repeated_typing,0,1,,,,,,,,,/app/training,dev_8d63bc2a-6792-425e-980a-35b6849501fe,,,,,,,,,,,,,,,,,,,,,,,,,,,,,,,,,,,,,,,,,,,,,,,,,,,,,,,,,,,,,,,,
training_event,training,468f03a2-d7c9-4701-abf8-bb2c692f696b,d5be29d4-3f54-480e-98c3-20983919df8d,2026-08-13T05:34:57.720000+00:00,keyup,75,,128.6,,,,,,,,,repeated_typing,0,1,,,,,,,,,/app/training,dev_8d63bc2a-6792-425e-980a-35b6849501fe,,,,,,,,,,,,,,,,,,,,,,,,,,,,,,,,,,,,,,,,,,,,,,,,,,,,,,,,,,,,,,,,
training_event,training,468f03a2-d7c9-4701-abf8-bb2c692f696b,d5be29d4-3f54-480e-98c3-20983919df8d,2026-08-13T05:34:59.697000+00:00,keyup,83,,134.2,,,,,,,,,repeated_typing,0,1,,,,,,,,,/app/training,dev_8d63bc2a-6792-425e-980a-35b6849501fe,,,,,,,,,,,,,,,,,,,,,,,,,,,,,,,,,,,,,,,,,,,,,,,,,,,,,,,,,,,,,,,,
training_event,training,468f03a2-d7c9-4701-abf8-bb2c692f696b,d5be29d4-3f54-480e-98c3-20983919df8d,2026-08-13T05:34:51.876000+00:00,keyup,65,,172,,,,,,,,,repeated_typing,0,1,,,,,,,,,/app/training,dev_8d63bc2a-6792-425e-980a-35b6849501fe,,,,,,,,,,,,,,,,,,,,,,,,,,,,,,,,,,,,,,,,,,,,,,,,,,,,,,,,,,,,,,,,
training_event,training,468f03a2-d7c9-4701-abf8-bb2c692f696b,d5be29d4-3f54-480e-98c3-20983919df8d,2026-08-13T05:34:52.513000+00:00,keydown,73,i,,155.6,,,,,,,,repeated_typing,0,1,,,,,,,,,/app/training,dev_8d63bc2a-6792-425e-980a-35b6849501fe,,,,,,,,,,,,,,,,,,,,,,,,,,,,,,,,,,,,,,,,,,,,,,,,,,,,,,,,,,,,,,,,
training_event,training,468f03a2-d7c9-4701-abf8-bb2c692f696b,d5be29d4-3f54-480e-98c3-20983919df8d,2026-08-13T05:34:53.127000+00:00,keyup,69,,139.2,,,,,,,,,repeated_typing,0,1,,,,,,,,,/app/training,dev_8d63bc2a-6792-425e-980a-35b6849501fe,,,,,,,,,,,,,,,,,,,,,,,,,,,,,,,,,,,,,,,,,,,,,,,,,,,,,,,,,,,,,,,,
training_event,training,468f03a2-d7c9-4701-abf8-bb2c692f696b,d5be29d4-3f54-480e-98c3-20983919df8d,2026-08-13T05:34:54.830000+00:00,keyup,65,,151.6,,,,,,,,,repeated_typing,0,1,,,,,,,,,/app/training,dev_8d63bc2a-6792-425e-980a-35b6849501fe,,,,,,,,,,,,,,,,,,,,,,,,,,,,,,,,,,,,,,,,,,,,,,,,,,,,,,,,,,,,,,,,
training_event,training,468f03a2-d7c9-4701-abf8-bb2c692f696b,d5be29d4-3f54-480e-98c3-20983919df8d,2026-08-13T05:34:55.726000+00:00,keydown,78,n,,157.7,,,,,,,,repeated_typing,0,1,,,,,,,,,/app/training,dev_8d63bc2a-6792-425e-980a-35b6849501fe,,,,,,,,,,,,,,,,,,,,,,,,,,,,,,,,,,,,,,,,,,,,,,,,,,,,,,,,,,,,,,,,
training_event,training,468f03a2-d7c9-4701-abf8-bb2c692f696b,d5be29d4-3f54-480e-98c3-20983919df8d,2026-08-13T05:34:50.854000+00:00,keyup,68,,88.7,,,,,,,,,repeated_typing,0,1,,,,,,,,,/app/training,dev_8d63bc2a-6792-425e-980a-35b6849501fe,,,,,,,,,,,,,,,,,,,,,,,,,,,,,,,,,,,,,,,,,,,,,,,,,,,,,,,,,,,,,,,,
training_event,training,468f03a2-d7c9-4701-abf8-bb2c692f696b,d5be29d4-3f54-480e-98c3-20983919df8d,2026-08-13T05:34:56.455000+00:00,keydown,32, ,,729.2,,,,,,,,repeated_typing,0,1,,,,,,,,,/app/training,dev_8d63bc2a-6792-425e-980a-35b6849501fe,,,,,,,,,,,,,,,,,,,,,,,,,,,,,,,,,,,,,,,,,,,,,,,,,,,,,,,,,,,,,,,,
training_event,training,468f03a2-d7c9-4701-abf8-bb2c692f696b,d5be29d4-3f54-480e-98c3-20983919df8d,2026-08-13T05:34:57.314000+00:00,keydown,78,n,,169.7,,,,,,,,repeated_typing,0,1,,,,,,,,,/app/training,dev_8d63bc2a-6792-425e-980a-35b6849501fe,,,,,,,,,,,,,,,,,,,,,,,,,,,,,,,,,,,,,,,,,,,,,,,,,,,,,,,,,,,,,,,,
training_event,training,468f03a2-d7c9-4701-abf8-bb2c692f696b,d5be29d4-3f54-480e-98c3-20983919df8d,2026-08-13T05:35:04.528000+00:00,keyup,73,,118.2,,,,,,,,,repeated_typing,0,1,,,,,,,,,/app/training,dev_8d63bc2a-6792-425e-980a-35b6849501fe,,,,,,,,,,,,,,,,,,,,,,,,,,,,,,,,,,,,,,,,,,,,,,,,,,,,,,,,,,,,,,,,
training_event,training,468f03a2-d7c9-4701-abf8-bb2c692f696b,d5be29d4-3f54-480e-98c3-20983919df8d,2026-08-13T05:34:54.143000+00:00,keydown,71,G,,1155.1,,,,,,,,repeated_typing,0,1,,,,,,,,,/app/training,dev_8d63bc2a-6792-425e-980a-35b6849501fe,,,,,,,,,,,,,,,,,,,,,,,,,,,,,,,,,,,,,,,,,,,,,,,,,,,,,,,,,,,,,,,,
training_event,training,468f03a2-d7c9-4701-abf8-bb2c692f696b,d5be29d4-3f54-480e-98c3-20983919df8d,2026-08-13T05:34:56.897000+00:00,keydown,66,B,,441.8,,,,,,,,repeated_typing,0,1,,,,,,,,,/app/training,dev_8d63bc2a-6792-425e-980a-35b6849501fe,,,,,,,,,,,,,,,,,,,,,,,,,,,,,,,,,,,,,,,,,,,,,,,,,,,,,,,,,,,,,,,,
training_event,training,468f03a2-d7c9-4701-abf8-bb2c692f696b,d5be29d4-3f54-480e-98c3-20983919df8d,2026-08-13T05:34:57.911000+00:00,keyup,73,,93.8,,,,,,,,,repeated_typing,0,1,,,,,,,,,/app/training,dev_8d63bc2a-6792-425e-980a-35b6849501fe,,,,,,,,,,,,,,,,,,,,,,,,,,,,,,,,,,,,,,,,,,,,,,,,,,,,,,,,,,,,,,,,
training_event,training,468f03a2-d7c9-4701-abf8-bb2c692f696b,d5be29d4-3f54-480e-98c3-20983919df8d,2026-08-13T05:34:58.186000+00:00,keyup,78,,126.9,,,,,,,,,repeated_typing,0,1,,,,,,,,,/app/training,dev_8d63bc2a-6792-425e-980a-35b6849501fe,,,,,,,,,,,,,,,,,,,,,,,,,,,,,,,,,,,,,,,,,,,,,,,,,,,,,,,,,,,,,,,,
training_event,training,468f03a2-d7c9-4701-abf8-bb2c692f696b,d5be29d4-3f54-480e-98c3-20983919df8d,2026-08-13T05:35:02.875000+00:00,keyup,84,,115.8,,,,,,,,,repeated_typing,0,1,,,,,,,,,/app/training,dev_8d63bc2a-6792-425e-980a-35b6849501fe,,,,,,,,,,,,,,,,,,,,,,,,,,,,,,,,,,,,,,,,,,,,,,,,,,,,,,,,,,,,,,,,
training_event,training,468f03a2-d7c9-4701-abf8-bb2c692f696b,d5be29d4-3f54-480e-98c3-20983919df8d,2026-08-13T05:34:52.358000+00:00,keydown,84,t,,331.3,,,,,,,,repeated_typing,0,1,,,,,,,,,/app/training,dev_8d63bc2a-6792-425e-980a-35b6849501fe,,,,,,,,,,,,,,,,,,,,,,,,,,,,,,,,,,,,,,,,,,,,,,,,,,,,,,,,,,,,,,,,
training_event,training,468f03a2-d7c9-4701-abf8-bb2c692f696b,d5be29d4-3f54-480e-98c3-20983919df8d,2026-08-13T05:34:59.146000+00:00,keyup,32,,137.7,,,,,,,,,repeated_typing,0,1,,,,,,,,,/app/training,dev_8d63bc2a-6792-425e-980a-35b6849501fe,,,,,,,,,,,,,,,,,,,,,,,,,,,,,,,,,,,,,,,,,,,,,,,,,,,,,,,,,,,,,,,,
training_event,training,468f03a2-d7c9-4701-abf8-bb2c692f696b,d5be29d4-3f54-480e-98c3-20983919df8d,2026-08-13T05:35:00.105000+00:00,keydown,69,e,,542.7,,,,,,,,repeated_typing,0,1,,,,,,,,,/app/training,dev_8d63bc2a-6792-425e-980a-35b6849501fe,,,,,,,,,,,,,,,,,,,,,,,,,,,,,,,,,,,,,,,,,,,,,,,,,,,,,,,,,,,,,,,,
training_event,training,468f03a2-d7c9-4701-abf8-bb2c692f696b,d5be29d4-3f54-480e-98c3-20983919df8d,2026-08-13T05:34:59.562000+00:00,keydown,83,S,,553.8,,,,,,,,repeated_typing,0,1,,,,,,,,,/app/training,dev_8d63bc2a-6792-425e-980a-35b6849501fe,,,,,,,,,,,,,,,,,,,,,,,,,,,,,,,,,,,,,,,,,,,,,,,,,,,,,,,,,,,,,,,,
training_event,training,468f03a2-d7c9-4701-abf8-bb2c692f696b,d5be29d4-3f54-480e-98c3-20983919df8d,2026-08-13T05:34:59.009000+00:00,keydown,32, ,,717.5,,,,,,,,repeated_typing,0,1,,,,,,,,,/app/training,dev_8d63bc2a-6792-425e-980a-35b6849501fe,,,,,,,,,,,,,,,,,,,,,,,,,,,,,,,,,,,,,,,,,,,,,,,,,,,,,,,,,,,,,,,,
training_event,training,468f03a2-d7c9-4701-abf8-bb2c692f696b,d5be29d4-3f54-480e-98c3-20983919df8d,2026-08-13T05:34:49.938000+00:00,keydown,65,A,,,,,,,,,,repeated_typing,0,1,,,,,,,,,/app/training,dev_8d63bc2a-6792-425e-980a-35b6849501fe,,,,,,,,,,,,,,,,,,,,,,,,,,,,,,,,,,,,,,,,,,,,,,,,,,,,,,,,,,,,,,,,
training_event,training,468f03a2-d7c9-4701-abf8-bb2c692f696b,d5be29d4-3f54-480e-98c3-20983919df8d,2026-08-13T05:34:54.899000+00:00,keydown,82,r,,221,,,,,,,,repeated_typing,0,1,,,,,,,,,/app/training,dev_8d63bc2a-6792-425e-980a-35b6849501fe,,,,,,,,,,,,,,,,,,,,,,,,,,,,,,,,,,,,,,,,,,,,,,,,,,,,,,,,,,,,,,,,
training_event,training,468f03a2-d7c9-4701-abf8-bb2c692f696b,d5be29d4-3f54-480e-98c3-20983919df8d,2026-08-13T05:35:00.966000+00:00,keyup,67,,149.4,,,,,,,,,repeated_typing,0,1,,,,,,,,,/app/training,dev_8d63bc2a-6792-425e-980a-35b6849501fe,,,,,,,,,,,,,,,,,,,,,,,,,,,,,,,,,,,,,,,,,,,,,,,,,,,,,,,,,,,,,,,,
training_event,training,468f03a2-d7c9-4701-abf8-bb2c692f696b,d5be29d4-3f54-480e-98c3-20983919df8d,2026-08-13T05:34:55.225000+00:00,keyup,68,,156.7,,,,,,,,,repeated_typing,0,1,,,,,,,,,/app/training,dev_8d63bc2a-6792-425e-980a-35b6849501fe,,,,,,,,,,,,,,,,,,,,,,,,,,,,,,,,,,,,,,,,,,,,,,,,,,,,,,,,,,,,,,,,
training_event,training,468f03a2-d7c9-4701-abf8-bb2c692f696b,d5be29d4-3f54-480e-98c3-20983919df8d,2026-08-13T05:34:57.145000+00:00,keydown,65,a,,248,,,,,,,,repeated_typing,0,1,,,,,,,,,/app/training,dev_8d63bc2a-6792-425e-980a-35b6849501fe,,,,,,,,,,,,,,,,,,,,,,,,,,,,,,,,,,,,,,,,,,,,,,,,,,,,,,,,,,,,,,,,
training_event,training,468f03a2-d7c9-4701-abf8-bb2c692f696b,d5be29d4-3f54-480e-98c3-20983919df8d,2026-08-13T05:34:52.521000+00:00,keyup,84,,163.4,,,,,,,,,repeated_typing,0,1,,,,,,,,,/app/training,dev_8d63bc2a-6792-425e-980a-35b6849501fe,,,,,,,,,,,,,,,,,,,,,,,,,,,,,,,,,,,,,,,,,,,,,,,,,,,,,,,,,,,,,,,,
training_event,training,468f03a2-d7c9-4701-abf8-bb2c692f696b,d5be29d4-3f54-480e-98c3-20983919df8d,2026-08-13T05:34:54.502000+00:00,keydown,85,u,,359.3,,,,,,,,repeated_typing,0,1,,,,,,,,,/app/training,dev_8d63bc2a-6792-425e-980a-35b6849501fe,,,,,,,,,,,,,,,,,,,,,,,,,,,,,,,,,,,,,,,,,,,,,,,,,,,,,,,,,,,,,,,,
training_event,training,468f03a2-d7c9-4701-abf8-bb2c692f696b,d5be29d4-3f54-480e-98c3-20983919df8d,2026-08-13T05:35:00.816000+00:00,keydown,67,c,,711.2,,,,,,,,repeated_typing,0,1,,,,,,,,,/app/training,dev_8d63bc2a-6792-425e-980a-35b6849501fe,,,,,,,,,,,,,,,,,,,,,,,,,,,,,,,,,,,,,,,,,,,,,,,,,,,,,,,,,,,,,,,,
training_event,training,468f03a2-d7c9-4701-abf8-bb2c692f696b,d5be29d4-3f54-480e-98c3-20983919df8d,2026-08-13T05:35:02.759000+00:00,keydown,84,t,,1666.1,,,,,,,,repeated_typing,0,1,,,,,,,,,/app/training,dev_8d63bc2a-6792-425e-980a-35b6849501fe,,,,,,,,,,,,,,,,,,,,,,,,,,,,,,,,,,,,,,,,,,,,,,,,,,,,,,,,,,,,,,,,
training_event,training,468f03a2-d7c9-4701-abf8-bb2c692f696b,d5be29d4-3f54-480e-98c3-20983919df8d,2026-08-13T05:35:03.724000+00:00,keyup,8,,180.2,,,,,,,,,repeated_typing,0,1,,,,,,,,,/app/training,dev_8d63bc2a-6792-425e-980a-35b6849501fe,,,,,,,,,,,,,,,,,,,,,,,,,,,,,,,,,,,,,,,,,,,,,,,,,,,,,,,,,,,,,,,,
training_event,training,468f03a2-d7c9-4701-abf8-bb2c692f696b,d5be29d4-3f54-480e-98c3-20983919df8d,2026-08-13T05:35:04.699000+00:00,keydown,84,t,,288.8,,,,,,,,repeated_typing,0,1,,,,,,,,,/app/training,dev_8d63bc2a-6792-425e-980a-35b6849501fe,,,,,,,,,,,,,,,,,,,,,,,,,,,,,,,,,,,,,,,,,,,,,,,,,,,,,,,,,,,,,,,,
training_event,training,468f03a2-d7c9-4701-abf8-bb2c692f696b,d5be29d4-3f54-480e-98c3-20983919df8d,2026-08-13T05:34:50.089000+00:00,keyup,65,,151,,,,,,,,,repeated_typing,0,1,,,,,,,,,/app/training,dev_8d63bc2a-6792-425e-980a-35b6849501fe,,,,,,,,,,,,,,,,,,,,,,,,,,,,,,,,,,,,,,,,,,,,,,,,,,,,,,,,,,,,,,,,
training_event,training,468f03a2-d7c9-4701-abf8-bb2c692f696b,d5be29d4-3f54-480e-98c3-20983919df8d,2026-08-13T05:34:51.704000+00:00,keydown,65,a,,938.2,,,,,,,,repeated_typing,0,1,,,,,,,,,/app/training,dev_8d63bc2a-6792-425e-980a-35b6849501fe,,,,,,,,,,,,,,,,,,,,,,,,,,,,,,,,,,,,,,,,,,,,,,,,,,,,,,,,,,,,,,,,
training_event,training,468f03a2-d7c9-4701-abf8-bb2c692f696b,d5be29d4-3f54-480e-98c3-20983919df8d,2026-08-13T05:34:52.178000+00:00,keyup,80,,151,,,,,,,,,repeated_typing,0,1,,,,,,,,,/app/training,dev_8d63bc2a-6792-425e-980a-35b6849501fe,,,,,,,,,,,,,,,,,,,,,,,,,,,,,,,,,,,,,,,,,,,,,,,,,,,,,,,,,,,,,,,,
training_event,training,468f03a2-d7c9-4701-abf8-bb2c692f696b,d5be29d4-3f54-480e-98c3-20983919df8d,2026-08-13T05:34:54.264000+00:00,keyup,71,,121.5,,,,,,,,,repeated_typing,0,1,,,,,,,,,/app/training,dev_8d63bc2a-6792-425e-980a-35b6849501fe,,,,,,,,,,,,,,,,,,,,,,,,,,,,,,,,,,,,,,,,,,,,,,,,,,,,,,,,,,,,,,,,
training_event,training,468f03a2-d7c9-4701-abf8-bb2c692f696b,d5be29d4-3f54-480e-98c3-20983919df8d,2026-08-13T05:34:55.011000+00:00,keyup,82,,111.6,,,,,,,,,repeated_typing,0,1,,,,,,,,,/app/training,dev_8d63bc2a-6792-425e-980a-35b6849501fe,,,,,,,,,,,,,,,,,,,,,,,,,,,,,,,,,,,,,,,,,,,,,,,,,,,,,,,,,,,,,,,,
training_event,training,468f03a2-d7c9-4701-abf8-bb2c692f696b,d5be29d4-3f54-480e-98c3-20983919df8d,2026-08-13T05:34:55.068000+00:00,keydown,68,d,,169.1,,,,,,,,repeated_typing,0,1,,,,,,,,,/app/training,dev_8d63bc2a-6792-425e-980a-35b6849501fe,,,,,,,,,,,,,,,,,,,,,,,,,,,,,,,,,,,,,,,,,,,,,,,,,,,,,,,,,,,,,,,,
training_event,training,468f03a2-d7c9-4701-abf8-bb2c692f696b,d5be29d4-3f54-480e-98c3-20983919df8d,2026-08-13T05:34:55.346000+00:00,keydown,73,i,,277.6,,,,,,,,repeated_typing,0,1,,,,,,,,,/app/training,dev_8d63bc2a-6792-425e-980a-35b6849501fe,,,,,,,,,,,,,,,,,,,,,,,,,,,,,,,,,,,,,,,,,,,,,,,,,,,,,,,,,,,,,,,,
training_event,training,468f03a2-d7c9-4701-abf8-bb2c692f696b,d5be29d4-3f54-480e-98c3-20983919df8d,2026-08-13T05:34:55.568000+00:00,keydown,65,a,,222,,,,,,,,repeated_typing,0,1,,,,,,,,,/app/training,dev_8d63bc2a-6792-425e-980a-35b6849501fe,,,,,,,,,,,,,,,,,,,,,,,,,,,,,,,,,,,,,,,,,,,,,,,,,,,,,,,,,,,,,,,,
training_event,training,468f03a2-d7c9-4701-abf8-bb2c692f696b,d5be29d4-3f54-480e-98c3-20983919df8d,2026-08-13T05:34:58.059000+00:00,keydown,78,n,,242.1,,,,,,,,repeated_typing,0,1,,,,,,,,,/app/training,dev_8d63bc2a-6792-425e-980a-35b6849501fe,,,,,,,,,,,,,,,,,,,,,,,,,,,,,,,,,,,,,,,,,,,,,,,,,,,,,,,,,,,,,,,,
training_event,training,468f03a2-d7c9-4701-abf8-bb2c692f696b,d5be29d4-3f54-480e-98c3-20983919df8d,2026-08-13T05:35:04.410000+00:00,keydown,73,i,,176.2,,,,,,,,repeated_typing,0,1,,,,,,,,,/app/training,dev_8d63bc2a-6792-425e-980a-35b6849501fe,,,,,,,,,,,,,,,,,,,,,,,,,,,,,,,,,,,,,,,,,,,,,,,,,,,,,,,,,,,,,,,,
training_event,training,468f03a2-d7c9-4701-abf8-bb2c692f696b,d5be29d4-3f54-480e-98c3-20983919df8d,2026-08-13T05:34:52.027000+00:00,keydown,80,p,,322.7,,,,,,,,repeated_typing,0,1,,,,,,,,,/app/training,dev_8d63bc2a-6792-425e-980a-35b6849501fe,,,,,,,,,,,,,,,,,,,,,,,,,,,,,,,,,,,,,,,,,,,,,,,,,,,,,,,,,,,,,,,,
training_event,training,468f03a2-d7c9-4701-abf8-bb2c692f696b,d5be29d4-3f54-480e-98c3-20983919df8d,2026-08-13T05:34:52.645000+00:00,keyup,73,,131.4,,,,,,,,,repeated_typing,0,1,,,,,,,,,/app/training,dev_8d63bc2a-6792-425e-980a-35b6849501fe,,,,,,,,,,,,,,,,,,,,,,,,,,,,,,,,,,,,,,,,,,,,,,,,,,,,,,,,,,,,,,,,
training_event,training,468f03a2-d7c9-4701-abf8-bb2c692f696b,d5be29d4-3f54-480e-98c3-20983919df8d,2026-08-13T05:34:58.400000+00:00,keyup,71,,109,,,,,,,,,repeated_typing,0,1,,,,,,,,,/app/training,dev_8d63bc2a-6792-425e-980a-35b6849501fe,,,,,,,,,,,,,,,,,,,,,,,,,,,,,,,,,,,,,,,,,,,,,,,,,,,,,,,,,,,,,,,,
training_event,training,468f03a2-d7c9-4701-abf8-bb2c692f696b,11f52f7a-68d3-4d53-8c90-7a3fb90317bc,2026-08-13T05:35:22.847000+00:00,keyup,73,,121.5,,,,,,,,,repeated_typing,0,2,,,,,,,,,/app/training,dev_8d63bc2a-6792-425e-980a-35b6849501fe,,,,,,,,,,,,,,,,,,,,,,,,,,,,,,,,,,,,,,,,,,,,,,,,,,,,,,,,,,,,,,,,
training_event,training,468f03a2-d7c9-4701-abf8-bb2c692f696b,11f52f7a-68d3-4d53-8c90-7a3fb90317bc,2026-08-13T05:35:29.082000+00:00,keyup,32,,138.2,,,,,,,,,repeated_typing,0,2,,,,,,,,,/app/training,dev_8d63bc2a-6792-425e-980a-35b6849501fe,,,,,,,,,,,,,,,,,,,,,,,,,,,,,,,,,,,,,,,,,,,,,,,,,,,,,,,,,,,,,,,,
training_event,training,468f03a2-d7c9-4701-abf8-bb2c692f696b,11f52f7a-68d3-4d53-8c90-7a3fb90317bc,2026-08-13T05:35:29.854000+00:00,keyup,83,,117.1,,,,,,,,,repeated_typing,0,2,,,,,,,,,/app/training,dev_8d63bc2a-6792-425e-980a-35b6849501fe,,,,,,,,,,,,,,,,,,,,,,,,,,,,,,,,,,,,,,,,,,,,,,,,,,,,,,,,,,,,,,,,
training_event,training,468f03a2-d7c9-4701-abf8-bb2c692f696b,11f52f7a-68d3-4d53-8c90-7a3fb90317bc,2026-08-13T05:35:21.787000+00:00,keyup,68,,129.7,,,,,,,,,repeated_typing,0,2,,,,,,,,,/app/training,dev_8d63bc2a-6792-425e-980a-35b6849501fe,,,,,,,,,,,,,,,,,,,,,,,,,,,,,,,,,,,,,,,,,,,,,,,,,,,,,,,,,,,,,,,,
training_event,training,468f03a2-d7c9-4701-abf8-bb2c692f696b,11f52f7a-68d3-4d53-8c90-7a3fb90317bc,2026-08-13T05:35:23.043000+00:00,keydown,86,v,,317.6,,,,,,,,repeated_typing,0,2,,,,,,,,,/app/training,dev_8d63bc2a-6792-425e-980a-35b6849501fe,,,,,,,,,,,,,,,,,,,,,,,,,,,,,,,,,,,,,,,,,,,,,,,,,,,,,,,,,,,,,,,,
training_event,training,468f03a2-d7c9-4701-abf8-bb2c692f696b,11f52f7a-68d3-4d53-8c90-7a3fb90317bc,2026-08-13T05:35:28.163000+00:00,keydown,75,k,,274.6,,,,,,,,repeated_typing,0,2,,,,,,,,,/app/training,dev_8d63bc2a-6792-425e-980a-35b6849501fe,,,,,,,,,,,,,,,,,,,,,,,,,,,,,,,,,,,,,,,,,,,,,,,,,,,,,,,,,,,,,,,,
training_event,training,468f03a2-d7c9-4701-abf8-bb2c692f696b,11f52f7a-68d3-4d53-8c90-7a3fb90317bc,2026-08-13T05:35:31.103000+00:00,keydown,73,i,,184.3,,,,,,,,repeated_typing,0,2,,,,,,,,,/app/training,dev_8d63bc2a-6792-425e-980a-35b6849501fe,,,,,,,,,,,,,,,,,,,,,,,,,,,,,,,,,,,,,,,,,,,,,,,,,,,,,,,,,,,,,,,,
training_event,training,468f03a2-d7c9-4701-abf8-bb2c692f696b,11f52f7a-68d3-4d53-8c90-7a3fb90317bc,2026-08-13T05:35:23.363000+00:00,keyup,69,,146.5,,,,,,,,,repeated_typing,0,2,,,,,,,,,/app/training,dev_8d63bc2a-6792-425e-980a-35b6849501fe,,,,,,,,,,,,,,,,,,,,,,,,,,,,,,,,,,,,,,,,,,,,,,,,,,,,,,,,,,,,,,,,
training_event,training,468f03a2-d7c9-4701-abf8-bb2c692f696b,11f52f7a-68d3-4d53-8c90-7a3fb90317bc,2026-08-13T05:35:24.935000+00:00,keyup,85,,117.3,,,,,,,,,repeated_typing,0,2,,,,,,,,,/app/training,dev_8d63bc2a-6792-425e-980a-35b6849501fe,,,,,,,,,,,,,,,,,,,,,,,,,,,,,,,,,,,,,,,,,,,,,,,,,,,,,,,,,,,,,,,,
training_event,training,468f03a2-d7c9-4701-abf8-bb2c692f696b,11f52f7a-68d3-4d53-8c90-7a3fb90317bc,2026-08-13T05:35:26.851000+00:00,keyup,32,,161.8,,,,,,,,,repeated_typing,0,2,,,,,,,,,/app/training,dev_8d63bc2a-6792-425e-980a-35b6849501fe,,,,,,,,,,,,,,,,,,,,,,,,,,,,,,,,,,,,,,,,,,,,,,,,,,,,,,,,,,,,,,,,
training_event,training,468f03a2-d7c9-4701-abf8-bb2c692f696b,11f52f7a-68d3-4d53-8c90-7a3fb90317bc,2026-08-13T05:35:30.599000+00:00,keydown,85,u,,298.3,,,,,,,,repeated_typing,0,2,,,,,,,,,/app/training,dev_8d63bc2a-6792-425e-980a-35b6849501fe,,,,,,,,,,,,,,,,,,,,,,,,,,,,,,,,,,,,,,,,,,,,,,,,,,,,,,,,,,,,,,,,
training_event,training,468f03a2-d7c9-4701-abf8-bb2c692f696b,11f52f7a-68d3-4d53-8c90-7a3fb90317bc,2026-08-13T05:35:20.900000+00:00,keydown,65,A,,,,,,,,,,repeated_typing,0,2,,,,,,,,,/app/training,dev_8d63bc2a-6792-425e-980a-35b6849501fe,,,,,,,,,,,,,,,,,,,,,,,,,,,,,,,,,,,,,,,,,,,,,,,,,,,,,,,,,,,,,,,,
training_event,training,468f03a2-d7c9-4701-abf8-bb2c692f696b,11f52f7a-68d3-4d53-8c90-7a3fb90317bc,2026-08-13T05:35:22.725000+00:00,keydown,73,i,,145.4,,,,,,,,repeated_typing,0,2,,,,,,,,,/app/training,dev_8d63bc2a-6792-425e-980a-35b6849501fe,,,,,,,,,,,,,,,,,,,,,,,,,,,,,,,,,,,,,,,,,,,,,,,,,,,,,,,,,,,,,,,,
training_event,training,468f03a2-d7c9-4701-abf8-bb2c692f696b,11f52f7a-68d3-4d53-8c90-7a3fb90317bc,2026-08-13T05:35:22.757000+00:00,keyup,84,,177.6,,,,,,,,,repeated_typing,0,2,,,,,,,,,/app/training,dev_8d63bc2a-6792-425e-980a-35b6849501fe,,,,,,,,,,,,,,,,,,,,,,,,,,,,,,,,,,,,,,,,,,,,,,,,,,,,,,,,,,,,,,,,
training_event,training,468f03a2-d7c9-4701-abf8-bb2c692f696b,11f52f7a-68d3-4d53-8c90-7a3fb90317bc,2026-08-13T05:35:24.519000+00:00,keyup,71,,122,,,,,,,,,repeated_typing,0,2,,,,,,,,,/app/training,dev_8d63bc2a-6792-425e-980a-35b6849501fe,,,,,,,,,,,,,,,,,,,,,,,,,,,,,,,,,,,,,,,,,,,,,,,,,,,,,,,,,,,,,,,,
training_event,training,468f03a2-d7c9-4701-abf8-bb2c692f696b,11f52f7a-68d3-4d53-8c90-7a3fb90317bc,2026-08-13T05:35:25.184000+00:00,keyup,65,,185.1,,,,,,,,,repeated_typing,0,2,,,,,,,,,/app/training,dev_8d63bc2a-6792-425e-980a-35b6849501fe,,,,,,,,,,,,,,,,,,,,,,,,,,,,,,,,,,,,,,,,,,,,,,,,,,,,,,,,,,,,,,,,
training_event,training,468f03a2-d7c9-4701-abf8-bb2c692f696b,11f52f7a-68d3-4d53-8c90-7a3fb90317bc,2026-08-13T05:35:25.869000+00:00,keydown,65,a,,179.4,,,,,,,,repeated_typing,0,2,,,,,,,,,/app/training,dev_8d63bc2a-6792-425e-980a-35b6849501fe,,,,,,,,,,,,,,,,,,,,,,,,,,,,,,,,,,,,,,,,,,,,,,,,,,,,,,,,,,,,,,,,
training_event,training,468f03a2-d7c9-4701-abf8-bb2c692f696b,11f52f7a-68d3-4d53-8c90-7a3fb90317bc,2026-08-13T05:35:29.934000+00:00,keydown,69,e,,197.2,,,,,,,,repeated_typing,0,2,,,,,,,,,/app/training,dev_8d63bc2a-6792-425e-980a-35b6849501fe,,,,,,,,,,,,,,,,,,,,,,,,,,,,,,,,,,,,,,,,,,,,,,,,,,,,,,,,,,,,,,,,
training_event,training,468f03a2-d7c9-4701-abf8-bb2c692f696b,11f52f7a-68d3-4d53-8c90-7a3fb90317bc,2026-08-13T05:35:26.689000+00:00,keydown,32, ,,701.7,,,,,,,,repeated_typing,0,2,,,,,,,,,/app/training,dev_8d63bc2a-6792-425e-980a-35b6849501fe,,,,,,,,,,,,,,,,,,,,,,,,,,,,,,,,,,,,,,,,,,,,,,,,,,,,,,,,,,,,,,,,
training_event,training,468f03a2-d7c9-4701-abf8-bb2c692f696b,11f52f7a-68d3-4d53-8c90-7a3fb90317bc,2026-08-13T05:35:22.580000+00:00,keydown,84,t,,324.9,,,,,,,,repeated_typing,0,2,,,,,,,,,/app/training,dev_8d63bc2a-6792-425e-980a-35b6849501fe,,,,,,,,,,,,,,,,,,,,,,,,,,,,,,,,,,,,,,,,,,,,,,,,,,,,,,,,,,,,,,,,
training_event,training,468f03a2-d7c9-4701-abf8-bb2c692f696b,11f52f7a-68d3-4d53-8c90-7a3fb90317bc,2026-08-13T05:35:27.991000+00:00,keyup,78,,103.4,,,,,,,,,repeated_typing,0,2,,,,,,,,,/app/training,dev_8d63bc2a-6792-425e-980a-35b6849501fe,,,,,,,,,,,,,,,,,,,,,,,,,,,,,,,,,,,,,,,,,,,,,,,,,,,,,,,,,,,,,,,,
training_event,training,468f03a2-d7c9-4701-abf8-bb2c692f696b,11f52f7a-68d3-4d53-8c90-7a3fb90317bc,2026-08-13T05:35:24.818000+00:00,keydown,85,u,,420.6,,,,,,,,repeated_typing,0,2,,,,,,,,,/app/training,dev_8d63bc2a-6792-425e-980a-35b6849501fe,,,,,,,,,,,,,,,,,,,,,,,,,,,,,,,,,,,,,,,,,,,,,,,,,,,,,,,,,,,,,,,,
training_event,training,468f03a2-d7c9-4701-abf8-bb2c692f696b,11f52f7a-68d3-4d53-8c90-7a3fb90317bc,2026-08-13T05:35:26.153000+00:00,keyup,78,,165.5,,,,,,,,,repeated_typing,0,2,,,,,,,,,/app/training,dev_8d63bc2a-6792-425e-980a-35b6849501fe,,,,,,,,,,,,,,,,,,,,,,,,,,,,,,,,,,,,,,,,,,,,,,,,,,,,,,,,,,,,,,,,
training_event,training,468f03a2-d7c9-4701-abf8-bb2c692f696b,11f52f7a-68d3-4d53-8c90-7a3fb90317bc,2026-08-13T05:35:28.298000+00:00,keyup,75,,134.9,,,,,,,,,repeated_typing,0,2,,,,,,,,,/app/training,dev_8d63bc2a-6792-425e-980a-35b6849501fe,,,,,,,,,,,,,,,,,,,,,,,,,,,,,,,,,,,,,,,,,,,,,,,,,,,,,,,,,,,,,,,,
training_event,training,468f03a2-d7c9-4701-abf8-bb2c692f696b,11f52f7a-68d3-4d53-8c90-7a3fb90317bc,2026-08-13T05:35:28.619000+00:00,keydown,78,n,,238.5,,,,,,,,repeated_typing,0,2,,,,,,,,,/app/training,dev_8d63bc2a-6792-425e-980a-35b6849501fe,,,,,,,,,,,,,,,,,,,,,,,,,,,,,,,,,,,,,,,,,,,,,,,,,,,,,,,,,,,,,,,,
training_event,training,468f03a2-d7c9-4701-abf8-bb2c692f696b,11f52f7a-68d3-4d53-8c90-7a3fb90317bc,2026-08-13T05:35:21.951000+00:00,keydown,65,a,,294.4,,,,,,,,repeated_typing,0,2,,,,,,,,,/app/training,dev_8d63bc2a-6792-425e-980a-35b6849501fe,,,,,,,,,,,,,,,,,,,,,,,,,,,,,,,,,,,,,,,,,,,,,,,,,,,,,,,,,,,,,,,,
training_event,training,468f03a2-d7c9-4701-abf8-bb2c692f696b,11f52f7a-68d3-4d53-8c90-7a3fb90317bc,2026-08-13T05:35:22.394000+00:00,keyup,80,,139.4,,,,,,,,,repeated_typing,0,2,,,,,,,,,/app/training,dev_8d63bc2a-6792-425e-980a-35b6849501fe,,,,,,,,,,,,,,,,,,,,,,,,,,,,,,,,,,,,,,,,,,,,,,,,,,,,,,,,,,,,,,,,
training_event,training,468f03a2-d7c9-4701-abf8-bb2c692f696b,11f52f7a-68d3-4d53-8c90-7a3fb90317bc,2026-08-13T05:35:25.415000+00:00,keydown,68,d,,220.4,,,,,,,,repeated_typing,0,2,,,,,,,,,/app/training,dev_8d63bc2a-6792-425e-980a-35b6849501fe,,,,,,,,,,,,,,,,,,,,,,,,,,,,,,,,,,,,,,,,,,,,,,,,,,,,,,,,,,,,,,,,
training_event,training,468f03a2-d7c9-4701-abf8-bb2c692f696b,11f52f7a-68d3-4d53-8c90-7a3fb90317bc,2026-08-13T05:35:27.549000+00:00,keyup,65,,192.8,,,,,,,,,repeated_typing,0,2,,,,,,,,,/app/training,dev_8d63bc2a-6792-425e-980a-35b6849501fe,,,,,,,,,,,,,,,,,,,,,,,,,,,,,,,,,,,,,,,,,,,,,,,,,,,,,,,,,,,,,,,,
training_event,training,468f03a2-d7c9-4701-abf8-bb2c692f696b,11f52f7a-68d3-4d53-8c90-7a3fb90317bc,2026-08-13T05:35:30.051000+00:00,keyup,69,,116.9,,,,,,,,,repeated_typing,0,2,,,,,,,,,/app/training,dev_8d63bc2a-6792-425e-980a-35b6849501fe,,,,,,,,,,,,,,,,,,,,,,,,,,,,,,,,,,,,,,,,,,,,,,,,,,,,,,,,,,,,,,,,
training_event,training,468f03a2-d7c9-4701-abf8-bb2c692f696b,11f52f7a-68d3-4d53-8c90-7a3fb90317bc,2026-08-13T05:35:25.570000+00:00,keyup,68,,154.5,,,,,,,,,repeated_typing,0,2,,,,,,,,,/app/training,dev_8d63bc2a-6792-425e-980a-35b6849501fe,,,,,,,,,,,,,,,,,,,,,,,,,,,,,,,,,,,,,,,,,,,,,,,,,,,,,,,,,,,,,,,,
training_event,training,468f03a2-d7c9-4701-abf8-bb2c692f696b,11f52f7a-68d3-4d53-8c90-7a3fb90317bc,2026-08-13T05:35:25.987000+00:00,keydown,78,n,,117.8,,,,,,,,repeated_typing,0,2,,,,,,,,,/app/training,dev_8d63bc2a-6792-425e-980a-35b6849501fe,,,,,,,,,,,,,,,,,,,,,,,,,,,,,,,,,,,,,,,,,,,,,,,,,,,,,,,,,,,,,,,,
training_event,training,468f03a2-d7c9-4701-abf8-bb2c692f696b,11f52f7a-68d3-4d53-8c90-7a3fb90317bc,2026-08-13T05:35:27.278000+00:00,keyup,66,,130.1,,,,,,,,,repeated_typing,0,2,,,,,,,,,/app/training,dev_8d63bc2a-6792-425e-980a-35b6849501fe,,,,,,,,,,,,,,,,,,,,,,,,,,,,,,,,,,,,,,,,,,,,,,,,,,,,,,,,,,,,,,,,
training_event,training,468f03a2-d7c9-4701-abf8-bb2c692f696b,11f52f7a-68d3-4d53-8c90-7a3fb90317bc,2026-08-13T05:35:28.848000+00:00,keydown,71,g,,228.2,,,,,,,,repeated_typing,0,2,,,,,,,,,/app/training,dev_8d63bc2a-6792-425e-980a-35b6849501fe,,,,,,,,,,,,,,,,,,,,,,,,,,,,,,,,,,,,,,,,,,,,,,,,,,,,,,,,,,,,,,,,
training_event,training,468f03a2-d7c9-4701-abf8-bb2c692f696b,11f52f7a-68d3-4d53-8c90-7a3fb90317bc,2026-08-13T05:35:29.736000+00:00,keydown,83,S,,792.5,,,,,,,,repeated_typing,0,2,,,,,,,,,/app/training,dev_8d63bc2a-6792-425e-980a-35b6849501fe,,,,,,,,,,,,,,,,,,,,,,,,,,,,,,,,,,,,,,,,,,,,,,,,,,,,,,,,,,,,,,,,
training_event,training,468f03a2-d7c9-4701-abf8-bb2c692f696b,11f52f7a-68d3-4d53-8c90-7a3fb90317bc,2026-08-13T05:35:30.300000+00:00,keydown,67,c,,366.5,,,,,,,,repeated_typing,0,2,,,,,,,,,/app/training,dev_8d63bc2a-6792-425e-980a-35b6849501fe,,,,,,,,,,,,,,,,,,,,,,,,,,,,,,,,,,,,,,,,,,,,,,,,,,,,,,,,,,,,,,,,
training_event,training,468f03a2-d7c9-4701-abf8-bb2c692f696b,11f52f7a-68d3-4d53-8c90-7a3fb90317bc,2026-08-13T05:35:30.466000+00:00,keyup,67,,165.7,,,,,,,,,repeated_typing,0,2,,,,,,,,,/app/training,dev_8d63bc2a-6792-425e-980a-35b6849501fe,,,,,,,,,,,,,,,,,,,,,,,,,,,,,,,,,,,,,,,,,,,,,,,,,,,,,,,,,,,,,,,,
training_event,training,468f03a2-d7c9-4701-abf8-bb2c692f696b,11f52f7a-68d3-4d53-8c90-7a3fb90317bc,2026-08-13T05:35:21.080000+00:00,keyup,65,,180.7,,,,,,,,,repeated_typing,0,2,,,,,,,,,/app/training,dev_8d63bc2a-6792-425e-980a-35b6849501fe,,,,,,,,,,,,,,,,,,,,,,,,,,,,,,,,,,,,,,,,,,,,,,,,,,,,,,,,,,,,,,,,
training_event,training,468f03a2-d7c9-4701-abf8-bb2c692f696b,11f52f7a-68d3-4d53-8c90-7a3fb90317bc,2026-08-13T05:35:24.397000+00:00,keydown,71,G,,1180.4,,,,,,,,repeated_typing,0,2,,,,,,,,,/app/training,dev_8d63bc2a-6792-425e-980a-35b6849501fe,,,,,,,,,,,,,,,,,,,,,,,,,,,,,,,,,,,,,,,,,,,,,,,,,,,,,,,,,,,,,,,,
training_event,training,468f03a2-d7c9-4701-abf8-bb2c692f696b,11f52f7a-68d3-4d53-8c90-7a3fb90317bc,2026-08-13T05:35:25.317000+00:00,keyup,82,,122.3,,,,,,,,,repeated_typing,0,2,,,,,,,,,/app/training,dev_8d63bc2a-6792-425e-980a-35b6849501fe,,,,,,,,,,,,,,,,,,,,,,,,,,,,,,,,,,,,,,,,,,,,,,,,,,,,,,,,,,,,,,,,
training_event,training,468f03a2-d7c9-4701-abf8-bb2c692f696b,11f52f7a-68d3-4d53-8c90-7a3fb90317bc,2026-08-13T05:35:27.357000+00:00,keydown,65,a,,208.3,,,,,,,,repeated_typing,0,2,,,,,,,,,/app/training,dev_8d63bc2a-6792-425e-980a-35b6849501fe,,,,,,,,,,,,,,,,,,,,,,,,,,,,,,,,,,,,,,,,,,,,,,,,,,,,,,,,,,,,,,,,
training_event,training,468f03a2-d7c9-4701-abf8-bb2c692f696b,11f52f7a-68d3-4d53-8c90-7a3fb90317bc,2026-08-13T05:35:27.888000+00:00,keydown,78,n,,531.4,,,,,,,,repeated_typing,0,2,,,,,,,,,/app/training,dev_8d63bc2a-6792-425e-980a-35b6849501fe,,,,,,,,,,,,,,,,,,,,,,,,,,,,,,,,,,,,,,,,,,,,,,,,,,,,,,,,,,,,,,,,
training_event,training,468f03a2-d7c9-4701-abf8-bb2c692f696b,11f52f7a-68d3-4d53-8c90-7a3fb90317bc,2026-08-13T05:35:28.492000+00:00,keyup,73,,111.6,,,,,,,,,repeated_typing,0,2,,,,,,,,,/app/training,dev_8d63bc2a-6792-425e-980a-35b6849501fe,,,,,,,,,,,,,,,,,,,,,,,,,,,,,,,,,,,,,,,,,,,,,,,,,,,,,,,,,,,,,,,,
training_event,training,468f03a2-d7c9-4701-abf8-bb2c692f696b,11f52f7a-68d3-4d53-8c90-7a3fb90317bc,2026-08-13T05:35:28.991000+00:00,keyup,71,,143.1,,,,,,,,,repeated_typing,0,2,,,,,,,,,/app/training,dev_8d63bc2a-6792-425e-980a-35b6849501fe,,,,,,,,,,,,,,,,,,,,,,,,,,,,,,,,,,,,,,,,,,,,,,,,,,,,,,,,,,,,,,,,
training_event,training,468f03a2-d7c9-4701-abf8-bb2c692f696b,11f52f7a-68d3-4d53-8c90-7a3fb90317bc,2026-08-13T05:35:30.729000+00:00,keyup,85,,130.9,,,,,,,,,repeated_typing,0,2,,,,,,,,,/app/training,dev_8d63bc2a-6792-425e-980a-35b6849501fe,,,,,,,,,,,,,,,,,,,,,,,,,,,,,,,,,,,,,,,,,,,,,,,,,,,,,,,,,,,,,,,,
training_event,training,468f03a2-d7c9-4701-abf8-bb2c692f696b,11f52f7a-68d3-4d53-8c90-7a3fb90317bc,2026-08-13T05:35:31.317000+00:00,keydown,84,t,,214.4,,,,,,,,repeated_typing,0,2,,,,,,,,,/app/training,dev_8d63bc2a-6792-425e-980a-35b6849501fe,,,,,,,,,,,,,,,,,,,,,,,,,,,,,,,,,,,,,,,,,,,,,,,,,,,,,,,,,,,,,,,,
training_event,training,468f03a2-d7c9-4701-abf8-bb2c692f696b,11f52f7a-68d3-4d53-8c90-7a3fb90317bc,2026-08-13T05:35:23.217000+00:00,keydown,69,e,,173.8,,,,,,,,repeated_typing,0,2,,,,,,,,,/app/training,dev_8d63bc2a-6792-425e-980a-35b6849501fe,,,,,,,,,,,,,,,,,,,,,,,,,,,,,,,,,,,,,,,,,,,,,,,,,,,,,,,,,,,,,,,,
training_event,training,468f03a2-d7c9-4701-abf8-bb2c692f696b,11f52f7a-68d3-4d53-8c90-7a3fb90317bc,2026-08-13T05:35:28.944000+00:00,keydown,32, ,,96.5,,,,,,,,repeated_typing,0,2,,,,,,,,,/app/training,dev_8d63bc2a-6792-425e-980a-35b6849501fe,,,,,,,,,,,,,,,,,,,,,,,,,,,,,,,,,,,,,,,,,,,,,,,,,,,,,,,,,,,,,,,,
training_event,training,468f03a2-d7c9-4701-abf8-bb2c692f696b,11f52f7a-68d3-4d53-8c90-7a3fb90317bc,2026-08-13T05:35:31.279000+00:00,keyup,73,,175.8,,,,,,,,,repeated_typing,0,2,,,,,,,,,/app/training,dev_8d63bc2a-6792-425e-980a-35b6849501fe,,,,,,,,,,,,,,,,,,,,,,,,,,,,,,,,,,,,,,,,,,,,,,,,,,,,,,,,,,,,,,,,
training_event,training,468f03a2-d7c9-4701-abf8-bb2c692f696b,11f52f7a-68d3-4d53-8c90-7a3fb90317bc,2026-08-13T05:35:31.450000+00:00,keydown,89,y,,132.5,,,,,,,,repeated_typing,0,2,,,,,,,,,/app/training,dev_8d63bc2a-6792-425e-980a-35b6849501fe,,,,,,,,,,,,,,,,,,,,,,,,,,,,,,,,,,,,,,,,,,,,,,,,,,,,,,,,,,,,,,,,
training_event,training,468f03a2-d7c9-4701-abf8-bb2c692f696b,11f52f7a-68d3-4d53-8c90-7a3fb90317bc,2026-08-13T05:35:25.944000+00:00,keyup,65,,74.8,,,,,,,,,repeated_typing,0,2,,,,,,,,,/app/training,dev_8d63bc2a-6792-425e-980a-35b6849501fe,,,,,,,,,,,,,,,,,,,,,,,,,,,,,,,,,,,,,,,,,,,,,,,,,,,,,,,,,,,,,,,,
training_event,training,468f03a2-d7c9-4701-abf8-bb2c692f696b,11f52f7a-68d3-4d53-8c90-7a3fb90317bc,2026-08-13T05:35:28.381000+00:00,keydown,73,i,,218.3,,,,,,,,repeated_typing,0,2,,,,,,,,,/app/training,dev_8d63bc2a-6792-425e-980a-35b6849501fe,,,,,,,,,,,,,,,,,,,,,,,,,,,,,,,,,,,,,,,,,,,,,,,,,,,,,,,,,,,,,,,,
training_event,training,468f03a2-d7c9-4701-abf8-bb2c692f696b,11f52f7a-68d3-4d53-8c90-7a3fb90317bc,2026-08-13T05:35:22.116000+00:00,keyup,65,,164.7,,,,,,,,,repeated_typing,0,2,,,,,,,,,/app/training,dev_8d63bc2a-6792-425e-980a-35b6849501fe,,,,,,,,,,,,,,,,,,,,,,,,,,,,,,,,,,,,,,,,,,,,,,,,,,,,,,,,,,,,,,,,
training_event,training,468f03a2-d7c9-4701-abf8-bb2c692f696b,11f52f7a-68d3-4d53-8c90-7a3fb90317bc,2026-08-13T05:35:22.255000+00:00,keydown,80,p,,303.6,,,,,,,,repeated_typing,0,2,,,,,,,,,/app/training,dev_8d63bc2a-6792-425e-980a-35b6849501fe,,,,,,,,,,,,,,,,,,,,,,,,,,,,,,,,,,,,,,,,,,,,,,,,,,,,,,,,,,,,,,,,
training_event,training,468f03a2-d7c9-4701-abf8-bb2c692f696b,11f52f7a-68d3-4d53-8c90-7a3fb90317bc,2026-08-13T05:35:25.831000+00:00,keyup,73,,141,,,,,,,,,repeated_typing,0,2,,,,,,,,,/app/training,dev_8d63bc2a-6792-425e-980a-35b6849501fe,,,,,,,,,,,,,,,,,,,,,,,,,,,,,,,,,,,,,,,,,,,,,,,,,,,,,,,,,,,,,,,,
training_event,training,468f03a2-d7c9-4701-abf8-bb2c692f696b,11f52f7a-68d3-4d53-8c90-7a3fb90317bc,2026-08-13T05:35:27.148000+00:00,keydown,66,B,,459.4,,,,,,,,repeated_typing,0,2,,,,,,,,,/app/training,dev_8d63bc2a-6792-425e-980a-35b6849501fe,,,,,,,,,,,,,,,,,,,,,,,,,,,,,,,,,,,,,,,,,,,,,,,,,,,,,,,,,,,,,,,,
training_event,training,468f03a2-d7c9-4701-abf8-bb2c692f696b,11f52f7a-68d3-4d53-8c90-7a3fb90317bc,2026-08-13T05:35:28.748000+00:00,keyup,78,,128.8,,,,,,,,,repeated_typing,0,2,,,,,,,,,/app/training,dev_8d63bc2a-6792-425e-980a-35b6849501fe,,,,,,,,,,,,,,,,,,,,,,,,,,,,,,,,,,,,,,,,,,,,,,,,,,,,,,,,,,,,,,,,
training_event,training,468f03a2-d7c9-4701-abf8-bb2c692f696b,11f52f7a-68d3-4d53-8c90-7a3fb90317bc,2026-08-13T05:35:30.919000+00:00,keydown,82,r,,320.2,,,,,,,,repeated_typing,0,2,,,,,,,,,/app/training,dev_8d63bc2a-6792-425e-980a-35b6849501fe,,,,,,,,,,,,,,,,,,,,,,,,,,,,,,,,,,,,,,,,,,,,,,,,,,,,,,,,,,,,,,,,
training_event,training,468f03a2-d7c9-4701-abf8-bb2c692f696b,11f52f7a-68d3-4d53-8c90-7a3fb90317bc,2026-08-13T05:35:31.098000+00:00,keyup,82,,179.5,,,,,,,,,repeated_typing,0,2,,,,,,,,,/app/training,dev_8d63bc2a-6792-425e-980a-35b6849501fe,,,,,,,,,,,,,,,,,,,,,,,,,,,,,,,,,,,,,,,,,,,,,,,,,,,,,,,,,,,,,,,,
training_event,training,468f03a2-d7c9-4701-abf8-bb2c692f696b,11f52f7a-68d3-4d53-8c90-7a3fb90317bc,2026-08-13T05:35:21.657000+00:00,keydown,68,d,,757.2,,,,,,,,repeated_typing,0,2,,,,,,,,,/app/training,dev_8d63bc2a-6792-425e-980a-35b6849501fe,,,,,,,,,,,,,,,,,,,,,,,,,,,,,,,,,,,,,,,,,,,,,,,,,,,,,,,,,,,,,,,,
training_event,training,468f03a2-d7c9-4701-abf8-bb2c692f696b,11f52f7a-68d3-4d53-8c90-7a3fb90317bc,2026-08-13T05:35:23.193000+00:00,keyup,86,,149.9,,,,,,,,,repeated_typing,0,2,,,,,,,,,/app/training,dev_8d63bc2a-6792-425e-980a-35b6849501fe,,,,,,,,,,,,,,,,,,,,,,,,,,,,,,,,,,,,,,,,,,,,,,,,,,,,,,,,,,,,,,,,
training_event,training,468f03a2-d7c9-4701-abf8-bb2c692f696b,11f52f7a-68d3-4d53-8c90-7a3fb90317bc,2026-08-13T05:35:24.999000+00:00,keydown,65,a,,181.1,,,,,,,,repeated_typing,0,2,,,,,,,,,/app/training,dev_8d63bc2a-6792-425e-980a-35b6849501fe,,,,,,,,,,,,,,,,,,,,,,,,,,,,,,,,,,,,,,,,,,,,,,,,,,,,,,,,,,,,,,,,
training_event,training,468f03a2-d7c9-4701-abf8-bb2c692f696b,11f52f7a-68d3-4d53-8c90-7a3fb90317bc,2026-08-13T05:35:25.195000+00:00,keydown,82,r,,196.2,,,,,,,,repeated_typing,0,2,,,,,,,,,/app/training,dev_8d63bc2a-6792-425e-980a-35b6849501fe,,,,,,,,,,,,,,,,,,,,,,,,,,,,,,,,,,,,,,,,,,,,,,,,,,,,,,,,,,,,,,,,
training_event,training,468f03a2-d7c9-4701-abf8-bb2c692f696b,11f52f7a-68d3-4d53-8c90-7a3fb90317bc,2026-08-13T05:35:25.690000+00:00,keydown,73,i,,274.7,,,,,,,,repeated_typing,0,2,,,,,,,,,/app/training,dev_8d63bc2a-6792-425e-980a-35b6849501fe,,,,,,,,,,,,,,,,,,,,,,,,,,,,,,,,,,,,,,,,,,,,,,,,,,,,,,,,,,,,,,,,
training_event,training,468f03a2-d7c9-4701-abf8-bb2c692f696b,0b2f3ad7-441c-4620-9b89-dfee680e5776,2026-08-13T05:35:41.775000+00:00,mouse_move,,,,,520.8,193.6,,,,,,mouse_tracking,,,,,,,,,,,/app/training,dev_8d63bc2a-6792-425e-980a-35b6849501fe,,,,,,,,,,,,,,,,,,,,,,,,,,,,,,,,,,,,,,,,,,,,,,,,,,,,,,,,,,,,,,,,
training_event,training,468f03a2-d7c9-4701-abf8-bb2c692f696b,0b2f3ad7-441c-4620-9b89-dfee680e5776,2026-08-13T05:35:44.959000+00:00,mouse_move,,,,,364.8,331.6,,,,,,mouse_tracking,,,,,,,,,,,/app/training,dev_8d63bc2a-6792-425e-980a-35b6849501fe,,,,,,,,,,,,,,,,,,,,,,,,,,,,,,,,,,,,,,,,,,,,,,,,,,,,,,,,,,,,,,,,
training_event,training,468f03a2-d7c9-4701-abf8-bb2c692f696b,0b2f3ad7-441c-4620-9b89-dfee680e5776,2026-08-13T05:35:45.091000+00:00,mouse_move,,,,,281.8,310.6,,,,,,mouse_tracking,,,,,,,,,,,/app/training,dev_8d63bc2a-6792-425e-980a-35b6849501fe,,,,,,,,,,,,,,,,,,,,,,,,,,,,,,,,,,,,,,,,,,,,,,,,,,,,,,,,,,,,,,,,
training_event,training,468f03a2-d7c9-4701-abf8-bb2c692f696b,0b2f3ad7-441c-4620-9b89-dfee680e5776,2026-08-13T05:35:47.057000+00:00,mouse_move,,,,,246.8,178.6,,,,,,mouse_tracking,,,,,,,,,,,/app/training,dev_8d63bc2a-6792-425e-980a-35b6849501fe,,,,,,,,,,,,,,,,,,,,,,,,,,,,,,,,,,,,,,,,,,,,,,,,,,,,,,,,,,,,,,,,
training_event,training,468f03a2-d7c9-4701-abf8-bb2c692f696b,0b2f3ad7-441c-4620-9b89-dfee680e5776,2026-08-13T05:35:47.359000+00:00,mouse_move,,,,,259.8,127.6,,,,,,mouse_tracking,,,,,,,,,,,/app/training,dev_8d63bc2a-6792-425e-980a-35b6849501fe,,,,,,,,,,,,,,,,,,,,,,,,,,,,,,,,,,,,,,,,,,,,,,,,,,,,,,,,,,,,,,,,
training_event,training,468f03a2-d7c9-4701-abf8-bb2c692f696b,0b2f3ad7-441c-4620-9b89-dfee680e5776,2026-08-13T05:35:48.455000+00:00,mouse_move,,,,,375.8,87.6,,,,,,mouse_tracking,,,,,,,,,,,/app/training,dev_8d63bc2a-6792-425e-980a-35b6849501fe,,,,,,,,,,,,,,,,,,,,,,,,,,,,,,,,,,,,,,,,,,,,,,,,,,,,,,,,,,,,,,,,
training_event,training,468f03a2-d7c9-4701-abf8-bb2c692f696b,0b2f3ad7-441c-4620-9b89-dfee680e5776,2026-08-13T05:35:41.440000+00:00,mouse_move,,,,,426.8,216.6,,,,,,mouse_tracking,,,,,,,,,,,/app/training,dev_8d63bc2a-6792-425e-980a-35b6849501fe,,,,,,,,,,,,,,,,,,,,,,,,,,,,,,,,,,,,,,,,,,,,,,,,,,,,,,,,,,,,,,,,
training_event,training,468f03a2-d7c9-4701-abf8-bb2c692f696b,0b2f3ad7-441c-4620-9b89-dfee680e5776,2026-08-13T05:35:43.073000+00:00,mouse_move,,,,,448.8,293.6,,,,,,mouse_tracking,,,,,,,,,,,/app/training,dev_8d63bc2a-6792-425e-980a-35b6849501fe,,,,,,,,,,,,,,,,,,,,,,,,,,,,,,,,,,,,,,,,,,,,,,,,,,,,,,,,,,,,,,,,
training_event,training,468f03a2-d7c9-4701-abf8-bb2c692f696b,0b2f3ad7-441c-4620-9b89-dfee680e5776,2026-08-13T05:35:43.207000+00:00,mouse_move,,,,,452.8,299.6,,,,,,mouse_tracking,,,,,,,,,,,/app/training,dev_8d63bc2a-6792-425e-980a-35b6849501fe,,,,,,,,,,,,,,,,,,,,,,,,,,,,,,,,,,,,,,,,,,,,,,,,,,,,,,,,,,,,,,,,
training_event,training,468f03a2-d7c9-4701-abf8-bb2c692f696b,0b2f3ad7-441c-4620-9b89-dfee680e5776,2026-08-13T05:35:45.041000+00:00,mouse_move,,,,,296.8,315.6,,,,,,mouse_tracking,,,,,,,,,,,/app/training,dev_8d63bc2a-6792-425e-980a-35b6849501fe,,,,,,,,,,,,,,,,,,,,,,,,,,,,,,,,,,,,,,,,,,,,,,,,,,,,,,,,,,,,,,,,
training_event,training,468f03a2-d7c9-4701-abf8-bb2c692f696b,0b2f3ad7-441c-4620-9b89-dfee680e5776,2026-08-13T05:35:45.159000+00:00,mouse_move,,,,,273.8,306.6,,,,,,mouse_tracking,,,,,,,,,,,/app/training,dev_8d63bc2a-6792-425e-980a-35b6849501fe,,,,,,,,,,,,,,,,,,,,,,,,,,,,,,,,,,,,,,,,,,,,,,,,,,,,,,,,,,,,,,,,
training_event,training,468f03a2-d7c9-4701-abf8-bb2c692f696b,0b2f3ad7-441c-4620-9b89-dfee680e5776,2026-08-13T05:35:45.257000+00:00,mouse_move,,,,,263.8,299.6,,,,,,mouse_tracking,,,,,,,,,,,/app/training,dev_8d63bc2a-6792-425e-980a-35b6849501fe,,,,,,,,,,,,,,,,,,,,,,,,,,,,,,,,,,,,,,,,,,,,,,,,,,,,,,,,,,,,,,,,
training_event,training,468f03a2-d7c9-4701-abf8-bb2c692f696b,0b2f3ad7-441c-4620-9b89-dfee680e5776,2026-08-13T05:35:46.089000+00:00,mouse_move,,,,,235.8,242.6,,,,,,mouse_tracking,,,,,,,,,,,/app/training,dev_8d63bc2a-6792-425e-980a-35b6849501fe,,,,,,,,,,,,,,,,,,,,,,,,,,,,,,,,,,,,,,,,,,,,,,,,,,,,,,,,,,,,,,,,
training_event,training,468f03a2-d7c9-4701-abf8-bb2c692f696b,0b2f3ad7-441c-4620-9b89-dfee680e5776,2026-08-13T05:35:46.205000+00:00,mouse_move,,,,,229.8,218.6,,,,,,mouse_tracking,,,,,,,,,,,/app/training,dev_8d63bc2a-6792-425e-980a-35b6849501fe,,,,,,,,,,,,,,,,,,,,,,,,,,,,,,,,,,,,,,,,,,,,,,,,,,,,,,,,,,,,,,,,
training_event,training,468f03a2-d7c9-4701-abf8-bb2c692f696b,0b2f3ad7-441c-4620-9b89-dfee680e5776,2026-08-13T05:35:47.240000+00:00,mouse_move,,,,,259.8,134.6,,,,,,mouse_tracking,,,,,,,,,,,/app/training,dev_8d63bc2a-6792-425e-980a-35b6849501fe,,,,,,,,,,,,,,,,,,,,,,,,,,,,,,,,,,,,,,,,,,,,,,,,,,,,,,,,,,,,,,,,
training_event,training,468f03a2-d7c9-4701-abf8-bb2c692f696b,0b2f3ad7-441c-4620-9b89-dfee680e5776,2026-08-13T05:35:47.395000+00:00,mouse_move,,,,,259.8,124.6,,,,,,mouse_tracking,,,,,,,,,,,/app/training,dev_8d63bc2a-6792-425e-980a-35b6849501fe,,,,,,,,,,,,,,,,,,,,,,,,,,,,,,,,,,,,,,,,,,,,,,,,,,,,,,,,,,,,,,,,
training_event,training,468f03a2-d7c9-4701-abf8-bb2c692f696b,0b2f3ad7-441c-4620-9b89-dfee680e5776,2026-08-13T05:35:48.355000+00:00,mouse_move,,,,,371.8,91.6,,,,,,mouse_tracking,,,,,,,,,,,/app/training,dev_8d63bc2a-6792-425e-980a-35b6849501fe,,,,,,,,,,,,,,,,,,,,,,,,,,,,,,,,,,,,,,,,,,,,,,,,,,,,,,,,,,,,,,,,
training_event,training,468f03a2-d7c9-4701-abf8-bb2c692f696b,0b2f3ad7-441c-4620-9b89-dfee680e5776,2026-08-13T05:35:49.538000+00:00,mouse_move,,,,,440.8,108.6,,,,,,mouse_tracking,,,,,,,,,,,/app/training,dev_8d63bc2a-6792-425e-980a-35b6849501fe,,,,,,,,,,,,,,,,,,,,,,,,,,,,,,,,,,,,,,,,,,,,,,,,,,,,,,,,,,,,,,,,
training_event,training,468f03a2-d7c9-4701-abf8-bb2c692f696b,0b2f3ad7-441c-4620-9b89-dfee680e5776,2026-08-13T05:35:42.723000+00:00,mouse_move,,,,,494.8,212.6,,,,,,mouse_tracking,,,,,,,,,,,/app/training,dev_8d63bc2a-6792-425e-980a-35b6849501fe,,,,,,,,,,,,,,,,,,,,,,,,,,,,,,,,,,,,,,,,,,,,,,,,,,,,,,,,,,,,,,,,
training_event,training,468f03a2-d7c9-4701-abf8-bb2c692f696b,0b2f3ad7-441c-4620-9b89-dfee680e5776,2026-08-13T05:35:42.773000+00:00,mouse_move,,,,,464.8,247.6,,,,,,mouse_tracking,,,,,,,,,,,/app/training,dev_8d63bc2a-6792-425e-980a-35b6849501fe,,,,,,,,,,,,,,,,,,,,,,,,,,,,,,,,,,,,,,,,,,,,,,,,,,,,,,,,,,,,,,,,
training_event,training,468f03a2-d7c9-4701-abf8-bb2c692f696b,0b2f3ad7-441c-4620-9b89-dfee680e5776,2026-08-13T05:35:43.007000+00:00,mouse_move,,,,,446.8,288.6,,,,,,mouse_tracking,,,,,,,,,,,/app/training,dev_8d63bc2a-6792-425e-980a-35b6849501fe,,,,,,,,,,,,,,,,,,,,,,,,,,,,,,,,,,,,,,,,,,,,,,,,,,,,,,,,,,,,,,,,
training_event,training,468f03a2-d7c9-4701-abf8-bb2c692f696b,0b2f3ad7-441c-4620-9b89-dfee680e5776,2026-08-13T05:35:43.107000+00:00,mouse_move,,,,,449.8,294.6,,,,,,mouse_tracking,,,,,,,,,,,/app/training,dev_8d63bc2a-6792-425e-980a-35b6849501fe,,,,,,,,,,,,,,,,,,,,,,,,,,,,,,,,,,,,,,,,,,,,,,,,,,,,,,,,,,,,,,,,
training_event,training,468f03a2-d7c9-4701-abf8-bb2c692f696b,0b2f3ad7-441c-4620-9b89-dfee680e5776,2026-08-13T05:35:44.043000+00:00,mouse_move,,,,,393.8,315.6,,,,,,mouse_tracking,,,,,,,,,,,/app/training,dev_8d63bc2a-6792-425e-980a-35b6849501fe,,,,,,,,,,,,,,,,,,,,,,,,,,,,,,,,,,,,,,,,,,,,,,,,,,,,,,,,,,,,,,,,
training_event,training,468f03a2-d7c9-4701-abf8-bb2c692f696b,0b2f3ad7-441c-4620-9b89-dfee680e5776,2026-08-13T05:35:45.140000+00:00,mouse_move,,,,,275.8,306.6,,,,,,mouse_tracking,,,,,,,,,,,/app/training,dev_8d63bc2a-6792-425e-980a-35b6849501fe,,,,,,,,,,,,,,,,,,,,,,,,,,,,,,,,,,,,,,,,,,,,,,,,,,,,,,,,,,,,,,,,
training_event,training,468f03a2-d7c9-4701-abf8-bb2c692f696b,0b2f3ad7-441c-4620-9b89-dfee680e5776,2026-08-13T05:35:47.175000+00:00,mouse_move,,,,,256.8,144.6,,,,,,mouse_tracking,,,,,,,,,,,/app/training,dev_8d63bc2a-6792-425e-980a-35b6849501fe,,,,,,,,,,,,,,,,,,,,,,,,,,,,,,,,,,,,,,,,,,,,,,,,,,,,,,,,,,,,,,,,
training_event,training,468f03a2-d7c9-4701-abf8-bb2c692f696b,0b2f3ad7-441c-4620-9b89-dfee680e5776,2026-08-13T05:35:48.606000+00:00,mouse_move,,,,,369.8,77.6,,,,,,mouse_tracking,,,,,,,,,,,/app/training,dev_8d63bc2a-6792-425e-980a-35b6849501fe,,,,,,,,,,,,,,,,,,,,,,,,,,,,,,,,,,,,,,,,,,,,,,,,,,,,,,,,,,,,,,,,
training_event,training,468f03a2-d7c9-4701-abf8-bb2c692f696b,0b2f3ad7-441c-4620-9b89-dfee680e5776,2026-08-13T05:35:48.672000+00:00,mouse_move,,,,,366.8,75.6,,,,,,mouse_tracking,,,,,,,,,,,/app/training,dev_8d63bc2a-6792-425e-980a-35b6849501fe,,,,,,,,,,,,,,,,,,,,,,,,,,,,,,,,,,,,,,,,,,,,,,,,,,,,,,,,,,,,,,,,
training_event,training,468f03a2-d7c9-4701-abf8-bb2c692f696b,0b2f3ad7-441c-4620-9b89-dfee680e5776,2026-08-13T05:35:41.826000+00:00,mouse_move,,,,,520.8,194.6,,,,,,mouse_tracking,,,,,,,,,,,/app/training,dev_8d63bc2a-6792-425e-980a-35b6849501fe,,,,,,,,,,,,,,,,,,,,,,,,,,,,,,,,,,,,,,,,,,,,,,,,,,,,,,,,,,,,,,,,
training_event,training,468f03a2-d7c9-4701-abf8-bb2c692f696b,0b2f3ad7-441c-4620-9b89-dfee680e5776,2026-08-13T05:35:41.925000+00:00,mouse_move,,,,,504.8,204.6,,,,,,mouse_tracking,,,,,,,,,,,/app/training,dev_8d63bc2a-6792-425e-980a-35b6849501fe,,,,,,,,,,,,,,,,,,,,,,,,,,,,,,,,,,,,,,,,,,,,,,,,,,,,,,,,,,,,,,,,
training_event,training,468f03a2-d7c9-4701-abf8-bb2c692f696b,0b2f3ad7-441c-4620-9b89-dfee680e5776,2026-08-13T05:35:41.941000+00:00,mouse_move,,,,,500.8,205.6,,,,,,mouse_tracking,,,,,,,,,,,/app/training,dev_8d63bc2a-6792-425e-980a-35b6849501fe,,,,,,,,,,,,,,,,,,,,,,,,,,,,,,,,,,,,,,,,,,,,,,,,,,,,,,,,,,,,,,,,
training_event,training,468f03a2-d7c9-4701-abf8-bb2c692f696b,0b2f3ad7-441c-4620-9b89-dfee680e5776,2026-08-13T05:35:42.824000+00:00,mouse_move,,,,,452.8,263.6,,,,,,mouse_tracking,,,,,,,,,,,/app/training,dev_8d63bc2a-6792-425e-980a-35b6849501fe,,,,,,,,,,,,,,,,,,,,,,,,,,,,,,,,,,,,,,,,,,,,,,,,,,,,,,,,,,,,,,,,
training_event,training,468f03a2-d7c9-4701-abf8-bb2c692f696b,0b2f3ad7-441c-4620-9b89-dfee680e5776,2026-08-13T05:35:43.040000+00:00,mouse_move,,,,,447.8,291.6,,,,,,mouse_tracking,,,,,,,,,,,/app/training,dev_8d63bc2a-6792-425e-980a-35b6849501fe,,,,,,,,,,,,,,,,,,,,,,,,,,,,,,,,,,,,,,,,,,,,,,,,,,,,,,,,,,,,,,,,
training_event,training,468f03a2-d7c9-4701-abf8-bb2c692f696b,0b2f3ad7-441c-4620-9b89-dfee680e5776,2026-08-13T05:35:44.009000+00:00,mouse_move,,,,,408.8,310.6,,,,,,mouse_tracking,,,,,,,,,,,/app/training,dev_8d63bc2a-6792-425e-980a-35b6849501fe,,,,,,,,,,,,,,,,,,,,,,,,,,,,,,,,,,,,,,,,,,,,,,,,,,,,,,,,,,,,,,,,
training_event,training,468f03a2-d7c9-4701-abf8-bb2c692f696b,0b2f3ad7-441c-4620-9b89-dfee680e5776,2026-08-13T05:35:44.190000+00:00,mouse_move,,,,,370.8,331.6,,,,,,mouse_tracking,,,,,,,,,,,/app/training,dev_8d63bc2a-6792-425e-980a-35b6849501fe,,,,,,,,,,,,,,,,,,,,,,,,,,,,,,,,,,,,,,,,,,,,,,,,,,,,,,,,,,,,,,,,
training_event,training,468f03a2-d7c9-4701-abf8-bb2c692f696b,0b2f3ad7-441c-4620-9b89-dfee680e5776,2026-08-13T05:35:47.274000+00:00,mouse_move,,,,,259.8,131.6,,,,,,mouse_tracking,,,,,,,,,,,/app/training,dev_8d63bc2a-6792-425e-980a-35b6849501fe,,,,,,,,,,,,,,,,,,,,,,,,,,,,,,,,,,,,,,,,,,,,,,,,,,,,,,,,,,,,,,,,
training_event,training,468f03a2-d7c9-4701-abf8-bb2c692f696b,0b2f3ad7-441c-4620-9b89-dfee680e5776,2026-08-13T05:35:48.339000+00:00,mouse_move,,,,,368.8,92.6,,,,,,mouse_tracking,,,,,,,,,,,/app/training,dev_8d63bc2a-6792-425e-980a-35b6849501fe,,,,,,,,,,,,,,,,,,,,,,,,,,,,,,,,,,,,,,,,,,,,,,,,,,,,,,,,,,,,,,,,
training_event,training,468f03a2-d7c9-4701-abf8-bb2c692f696b,0b2f3ad7-441c-4620-9b89-dfee680e5776,2026-08-13T05:35:48.422000+00:00,mouse_move,,,,,374.8,87.6,,,,,,mouse_tracking,,,,,,,,,,,/app/training,dev_8d63bc2a-6792-425e-980a-35b6849501fe,,,,,,,,,,,,,,,,,,,,,,,,,,,,,,,,,,,,,,,,,,,,,,,,,,,,,,,,,,,,,,,,
training_event,training,468f03a2-d7c9-4701-abf8-bb2c692f696b,0b2f3ad7-441c-4620-9b89-dfee680e5776,2026-08-13T05:35:49.511000+00:00,mouse_move,,,,,436.8,103.6,,,,,,mouse_tracking,,,,,,,,,,,/app/training,dev_8d63bc2a-6792-425e-980a-35b6849501fe,,,,,,,,,,,,,,,,,,,,,,,,,,,,,,,,,,,,,,,,,,,,,,,,,,,,,,,,,,,,,,,,
training_event,training,468f03a2-d7c9-4701-abf8-bb2c692f696b,0b2f3ad7-441c-4620-9b89-dfee680e5776,2026-08-13T05:35:41.875000+00:00,mouse_move,,,,,515.8,199.6,,,,,,mouse_tracking,,,,,,,,,,,/app/training,dev_8d63bc2a-6792-425e-980a-35b6849501fe,,,,,,,,,,,,,,,,,,,,,,,,,,,,,,,,,,,,,,,,,,,,,,,,,,,,,,,,,,,,,,,,
training_event,training,468f03a2-d7c9-4701-abf8-bb2c692f696b,0b2f3ad7-441c-4620-9b89-dfee680e5776,2026-08-13T05:35:42.839000+00:00,mouse_move,,,,,448.8,269.6,,,,,,mouse_tracking,,,,,,,,,,,/app/training,dev_8d63bc2a-6792-425e-980a-35b6849501fe,,,,,,,,,,,,,,,,,,,,,,,,,,,,,,,,,,,,,,,,,,,,,,,,,,,,,,,,,,,,,,,,
training_event,training,468f03a2-d7c9-4701-abf8-bb2c692f696b,0b2f3ad7-441c-4620-9b89-dfee680e5776,2026-08-13T05:35:43.940000+00:00,mouse_move,,,,,449.8,299.6,,,,,,mouse_tracking,,,,,,,,,,,/app/training,dev_8d63bc2a-6792-425e-980a-35b6849501fe,,,,,,,,,,,,,,,,,,,,,,,,,,,,,,,,,,,,,,,,,,,,,,,,,,,,,,,,,,,,,,,,
training_event,training,468f03a2-d7c9-4701-abf8-bb2c692f696b,0b2f3ad7-441c-4620-9b89-dfee680e5776,2026-08-13T05:35:43.991000+00:00,mouse_move,,,,,421.8,306.6,,,,,,mouse_tracking,,,,,,,,,,,/app/training,dev_8d63bc2a-6792-425e-980a-35b6849501fe,,,,,,,,,,,,,,,,,,,,,,,,,,,,,,,,,,,,,,,,,,,,,,,,,,,,,,,,,,,,,,,,
training_event,training,468f03a2-d7c9-4701-abf8-bb2c692f696b,0b2f3ad7-441c-4620-9b89-dfee680e5776,2026-08-13T05:35:44.025000+00:00,mouse_move,,,,,400.8,313.6,,,,,,mouse_tracking,,,,,,,,,,,/app/training,dev_8d63bc2a-6792-425e-980a-35b6849501fe,,,,,,,,,,,,,,,,,,,,,,,,,,,,,,,,,,,,,,,,,,,,,,,,,,,,,,,,,,,,,,,,
training_event,training,468f03a2-d7c9-4701-abf8-bb2c692f696b,0b2f3ad7-441c-4620-9b89-dfee680e5776,2026-08-13T05:35:45.075000+00:00,mouse_move,,,,,285.8,312.6,,,,,,mouse_tracking,,,,,,,,,,,/app/training,dev_8d63bc2a-6792-425e-980a-35b6849501fe,,,,,,,,,,,,,,,,,,,,,,,,,,,,,,,,,,,,,,,,,,,,,,,,,,,,,,,,,,,,,,,,
training_event,training,468f03a2-d7c9-4701-abf8-bb2c692f696b,0b2f3ad7-441c-4620-9b89-dfee680e5776,2026-08-13T05:35:46.005000+00:00,mouse_move,,,,,260.8,295.6,,,,,,mouse_tracking,,,,,,,,,,,/app/training,dev_8d63bc2a-6792-425e-980a-35b6849501fe,,,,,,,,,,,,,,,,,,,,,,,,,,,,,,,,,,,,,,,,,,,,,,,,,,,,,,,,,,,,,,,,
training_event,training,468f03a2-d7c9-4701-abf8-bb2c692f696b,0b2f3ad7-441c-4620-9b89-dfee680e5776,2026-08-13T05:35:48.157000+00:00,mouse_move,,,,,308.8,108.6,,,,,,mouse_tracking,,,,,,,,,,,/app/training,dev_8d63bc2a-6792-425e-980a-35b6849501fe,,,,,,,,,,,,,,,,,,,,,,,,,,,,,,,,,,,,,,,,,,,,,,,,,,,,,,,,,,,,,,,,
training_event,training,468f03a2-d7c9-4701-abf8-bb2c692f696b,0b2f3ad7-441c-4620-9b89-dfee680e5776,2026-08-13T05:35:49.489000+00:00,mouse_move,,,,,431.8,99.6,,,,,,mouse_tracking,,,,,,,,,,,/app/training,dev_8d63bc2a-6792-425e-980a-35b6849501fe,,,,,,,,,,,,,,,,,,,,,,,,,,,,,,,,,,,,,,,,,,,,,,,,,,,,,,,,,,,,,,,,
training_event,training,468f03a2-d7c9-4701-abf8-bb2c692f696b,0b2f3ad7-441c-4620-9b89-dfee680e5776,2026-08-13T05:35:49.639000+00:00,mouse_move,,,,,448.8,114.6,,,,,,mouse_tracking,,,,,,,,,,,/app/training,dev_8d63bc2a-6792-425e-980a-35b6849501fe,,,,,,,,,,,,,,,,,,,,,,,,,,,,,,,,,,,,,,,,,,,,,,,,,,,,,,,,,,,,,,,,
training_event,training,468f03a2-d7c9-4701-abf8-bb2c692f696b,0b2f3ad7-441c-4620-9b89-dfee680e5776,2026-08-13T05:35:41.490000+00:00,mouse_move,,,,,495.8,187.6,,,,,,mouse_tracking,,,,,,,,,,,/app/training,dev_8d63bc2a-6792-425e-980a-35b6849501fe,,,,,,,,,,,,,,,,,,,,,,,,,,,,,,,,,,,,,,,,,,,,,,,,,,,,,,,,,,,,,,,,
training_event,training,468f03a2-d7c9-4701-abf8-bb2c692f696b,0b2f3ad7-441c-4620-9b89-dfee680e5776,2026-08-13T05:35:41.507000+00:00,mouse_move,,,,,500.8,187.6,,,,,,mouse_tracking,,,,,,,,,,,/app/training,dev_8d63bc2a-6792-425e-980a-35b6849501fe,,,,,,,,,,,,,,,,,,,,,,,,,,,,,,,,,,,,,,,,,,,,,,,,,,,,,,,,,,,,,,,,
training_event,training,468f03a2-d7c9-4701-abf8-bb2c692f696b,0b2f3ad7-441c-4620-9b89-dfee680e5776,2026-08-13T05:35:42.740000+00:00,mouse_move,,,,,482.8,224.6,,,,,,mouse_tracking,,,,,,,,,,,/app/training,dev_8d63bc2a-6792-425e-980a-35b6849501fe,,,,,,,,,,,,,,,,,,,,,,,,,,,,,,,,,,,,,,,,,,,,,,,,,,,,,,,,,,,,,,,,
training_event,training,468f03a2-d7c9-4701-abf8-bb2c692f696b,0b2f3ad7-441c-4620-9b89-dfee680e5776,2026-08-13T05:35:45.024000+00:00,mouse_move,,,,,303.8,317.6,,,,,,mouse_tracking,,,,,,,,,,,/app/training,dev_8d63bc2a-6792-425e-980a-35b6849501fe,,,,,,,,,,,,,,,,,,,,,,,,,,,,,,,,,,,,,,,,,,,,,,,,,,,,,,,,,,,,,,,,
training_event,training,468f03a2-d7c9-4701-abf8-bb2c692f696b,0b2f3ad7-441c-4620-9b89-dfee680e5776,2026-08-13T05:35:45.241000+00:00,mouse_move,,,,,264.8,300.6,,,,,,mouse_tracking,,,,,,,,,,,/app/training,dev_8d63bc2a-6792-425e-980a-35b6849501fe,,,,,,,,,,,,,,,,,,,,,,,,,,,,,,,,,,,,,,,,,,,,,,,,,,,,,,,,,,,,,,,,
training_event,training,468f03a2-d7c9-4701-abf8-bb2c692f696b,0b2f3ad7-441c-4620-9b89-dfee680e5776,2026-08-13T05:35:46.039000+00:00,mouse_move,,,,,252.8,279.6,,,,,,mouse_tracking,,,,,,,,,,,/app/training,dev_8d63bc2a-6792-425e-980a-35b6849501fe,,,,,,,,,,,,,,,,,,,,,,,,,,,,,,,,,,,,,,,,,,,,,,,,,,,,,,,,,,,,,,,,
training_event,training,468f03a2-d7c9-4701-abf8-bb2c692f696b,0b2f3ad7-441c-4620-9b89-dfee680e5776,2026-08-13T05:35:48.322000+00:00,mouse_move,,,,,368.8,93.6,,,,,,mouse_tracking,,,,,,,,,,,/app/training,dev_8d63bc2a-6792-425e-980a-35b6849501fe,,,,,,,,,,,,,,,,,,,,,,,,,,,,,,,,,,,,,,,,,,,,,,,,,,,,,,,,,,,,,,,,
training_event,training,468f03a2-d7c9-4701-abf8-bb2c692f696b,0b2f3ad7-441c-4620-9b89-dfee680e5776,2026-08-13T05:35:48.639000+00:00,mouse_move,,,,,367.8,76.6,,,,,,mouse_tracking,,,,,,,,,,,/app/training,dev_8d63bc2a-6792-425e-980a-35b6849501fe,,,,,,,,,,,,,,,,,,,,,,,,,,,,,,,,,,,,,,,,,,,,,,,,,,,,,,,,,,,,,,,,
training_event,training,468f03a2-d7c9-4701-abf8-bb2c692f696b,0b2f3ad7-441c-4620-9b89-dfee680e5776,2026-08-13T05:35:49.472000+00:00,mouse_move,,,,,425.8,95.6,,,,,,mouse_tracking,,,,,,,,,,,/app/training,dev_8d63bc2a-6792-425e-980a-35b6849501fe,,,,,,,,,,,,,,,,,,,,,,,,,,,,,,,,,,,,,,,,,,,,,,,,,,,,,,,,,,,,,,,,
training_event,training,468f03a2-d7c9-4701-abf8-bb2c692f696b,0b2f3ad7-441c-4620-9b89-dfee680e5776,2026-08-13T05:35:43.023000+00:00,mouse_move,,,,,446.8,289.6,,,,,,mouse_tracking,,,,,,,,,,,/app/training,dev_8d63bc2a-6792-425e-980a-35b6849501fe,,,,,,,,,,,,,,,,,,,,,,,,,,,,,,,,,,,,,,,,,,,,,,,,,,,,,,,,,,,,,,,,
training_event,training,468f03a2-d7c9-4701-abf8-bb2c692f696b,0b2f3ad7-441c-4620-9b89-dfee680e5776,2026-08-13T05:35:44.059000+00:00,mouse_move,,,,,388.8,319.6,,,,,,mouse_tracking,,,,,,,,,,,/app/training,dev_8d63bc2a-6792-425e-980a-35b6849501fe,,,,,,,,,,,,,,,,,,,,,,,,,,,,,,,,,,,,,,,,,,,,,,,,,,,,,,,,,,,,,,,,
training_event,training,468f03a2-d7c9-4701-abf8-bb2c692f696b,0b2f3ad7-441c-4620-9b89-dfee680e5776,2026-08-13T05:35:44.091000+00:00,mouse_move,,,,,380.8,323.6,,,,,,mouse_tracking,,,,,,,,,,,/app/training,dev_8d63bc2a-6792-425e-980a-35b6849501fe,,,,,,,,,,,,,,,,,,,,,,,,,,,,,,,,,,,,,,,,,,,,,,,,,,,,,,,,,,,,,,,,
training_event,training,468f03a2-d7c9-4701-abf8-bb2c692f696b,0b2f3ad7-441c-4620-9b89-dfee680e5776,2026-08-13T05:35:45.275000+00:00,mouse_move,,,,,262.8,299.6,,,,,,mouse_tracking,,,,,,,,,,,/app/training,dev_8d63bc2a-6792-425e-980a-35b6849501fe,,,,,,,,,,,,,,,,,,,,,,,,,,,,,,,,,,,,,,,,,,,,,,,,,,,,,,,,,,,,,,,,
training_event,training,468f03a2-d7c9-4701-abf8-bb2c692f696b,0b2f3ad7-441c-4620-9b89-dfee680e5776,2026-08-13T05:35:46.106000+00:00,mouse_move,,,,,233.8,235.6,,,,,,mouse_tracking,,,,,,,,,,,/app/training,dev_8d63bc2a-6792-425e-980a-35b6849501fe,,,,,,,,,,,,,,,,,,,,,,,,,,,,,,,,,,,,,,,,,,,,,,,,,,,,,,,,,,,,,,,,
training_event,training,468f03a2-d7c9-4701-abf8-bb2c692f696b,0b2f3ad7-441c-4620-9b89-dfee680e5776,2026-08-13T05:35:47.041000+00:00,mouse_move,,,,,240.8,187.6,,,,,,mouse_tracking,,,,,,,,,,,/app/training,dev_8d63bc2a-6792-425e-980a-35b6849501fe,,,,,,,,,,,,,,,,,,,,,,,,,,,,,,,,,,,,,,,,,,,,,,,,,,,,,,,,,,,,,,,,
training_event,training,468f03a2-d7c9-4701-abf8-bb2c692f696b,0b2f3ad7-441c-4620-9b89-dfee680e5776,2026-08-13T05:35:47.307000+00:00,mouse_move,,,,,259.8,130.6,,,,,,mouse_tracking,,,,,,,,,,,/app/training,dev_8d63bc2a-6792-425e-980a-35b6849501fe,,,,,,,,,,,,,,,,,,,,,,,,,,,,,,,,,,,,,,,,,,,,,,,,,,,,,,,,,,,,,,,,
training_event,training,468f03a2-d7c9-4701-abf8-bb2c692f696b,0b2f3ad7-441c-4620-9b89-dfee680e5776,2026-08-13T05:35:48.555000+00:00,mouse_move,,,,,375.8,79.6,,,,,,mouse_tracking,,,,,,,,,,,/app/training,dev_8d63bc2a-6792-425e-980a-35b6849501fe,,,,,,,,,,,,,,,,,,,,,,,,,,,,,,,,,,,,,,,,,,,,,,,,,,,,,,,,,,,,,,,,
training_event,training,468f03a2-d7c9-4701-abf8-bb2c692f696b,0b2f3ad7-441c-4620-9b89-dfee680e5776,2026-08-13T05:35:48.623000+00:00,mouse_move,,,,,368.8,76.6,,,,,,mouse_tracking,,,,,,,,,,,/app/training,dev_8d63bc2a-6792-425e-980a-35b6849501fe,,,,,,,,,,,,,,,,,,,,,,,,,,,,,,,,,,,,,,,,,,,,,,,,,,,,,,,,,,,,,,,,
training_event,training,468f03a2-d7c9-4701-abf8-bb2c692f696b,0b2f3ad7-441c-4620-9b89-dfee680e5776,2026-08-13T05:35:49.423000+00:00,mouse_move,,,,,408.8,86.6,,,,,,mouse_tracking,,,,,,,,,,,/app/training,dev_8d63bc2a-6792-425e-980a-35b6849501fe,,,,,,,,,,,,,,,,,,,,,,,,,,,,,,,,,,,,,,,,,,,,,,,,,,,,,,,,,,,,,,,,
training_event,training,468f03a2-d7c9-4701-abf8-bb2c692f696b,0b2f3ad7-441c-4620-9b89-dfee680e5776,2026-08-13T05:35:49.456000+00:00,mouse_move,,,,,420.8,93.6,,,,,,mouse_tracking,,,,,,,,,,,/app/training,dev_8d63bc2a-6792-425e-980a-35b6849501fe,,,,,,,,,,,,,,,,,,,,,,,,,,,,,,,,,,,,,,,,,,,,,,,,,,,,,,,,,,,,,,,,
training_event,training,468f03a2-d7c9-4701-abf8-bb2c692f696b,0b2f3ad7-441c-4620-9b89-dfee680e5776,2026-08-13T05:35:41.910000+00:00,mouse_move,,,,,508.8,202.6,,,,,,mouse_tracking,,,,,,,,,,,/app/training,dev_8d63bc2a-6792-425e-980a-35b6849501fe,,,,,,,,,,,,,,,,,,,,,,,,,,,,,,,,,,,,,,,,,,,,,,,,,,,,,,,,,,,,,,,,
training_event,training,468f03a2-d7c9-4701-abf8-bb2c692f696b,0b2f3ad7-441c-4620-9b89-dfee680e5776,2026-08-13T05:35:42.973000+00:00,mouse_move,,,,,446.8,286.6,,,,,,mouse_tracking,,,,,,,,,,,/app/training,dev_8d63bc2a-6792-425e-980a-35b6849501fe,,,,,,,,,,,,,,,,,,,,,,,,,,,,,,,,,,,,,,,,,,,,,,,,,,,,,,,,,,,,,,,,
training_event,training,468f03a2-d7c9-4701-abf8-bb2c692f696b,0b2f3ad7-441c-4620-9b89-dfee680e5776,2026-08-13T05:35:43.173000+00:00,mouse_move,,,,,452.8,297.6,,,,,,mouse_tracking,,,,,,,,,,,/app/training,dev_8d63bc2a-6792-425e-980a-35b6849501fe,,,,,,,,,,,,,,,,,,,,,,,,,,,,,,,,,,,,,,,,,,,,,,,,,,,,,,,,,,,,,,,,
training_event,training,468f03a2-d7c9-4701-abf8-bb2c692f696b,0b2f3ad7-441c-4620-9b89-dfee680e5776,2026-08-13T05:35:44.122000+00:00,mouse_move,,,,,375.8,327.6,,,,,,mouse_tracking,,,,,,,,,,,/app/training,dev_8d63bc2a-6792-425e-980a-35b6849501fe,,,,,,,,,,,,,,,,,,,,,,,,,,,,,,,,,,,,,,,,,,,,,,,,,,,,,,,,,,,,,,,,
training_event,training,468f03a2-d7c9-4701-abf8-bb2c692f696b,0b2f3ad7-441c-4620-9b89-dfee680e5776,2026-08-13T05:35:44.173000+00:00,mouse_move,,,,,372.8,329.6,,,,,,mouse_tracking,,,,,,,,,,,/app/training,dev_8d63bc2a-6792-425e-980a-35b6849501fe,,,,,,,,,,,,,,,,,,,,,,,,,,,,,,,,,,,,,,,,,,,,,,,,,,,,,,,,,,,,,,,,
training_event,training,468f03a2-d7c9-4701-abf8-bb2c692f696b,0b2f3ad7-441c-4620-9b89-dfee680e5776,2026-08-13T05:35:45.009000+00:00,mouse_move,,,,,316.8,322.6,,,,,,mouse_tracking,,,,,,,,,,,/app/training,dev_8d63bc2a-6792-425e-980a-35b6849501fe,,,,,,,,,,,,,,,,,,,,,,,,,,,,,,,,,,,,,,,,,,,,,,,,,,,,,,,,,,,,,,,,
training_event,training,468f03a2-d7c9-4701-abf8-bb2c692f696b,0b2f3ad7-441c-4620-9b89-dfee680e5776,2026-08-13T05:35:46.239000+00:00,mouse_move,,,,,229.8,215.6,,,,,,mouse_tracking,,,,,,,,,,,/app/training,dev_8d63bc2a-6792-425e-980a-35b6849501fe,,,,,,,,,,,,,,,,,,,,,,,,,,,,,,,,,,,,,,,,,,,,,,,,,,,,,,,,,,,,,,,,
training_event,training,468f03a2-d7c9-4701-abf8-bb2c692f696b,0b2f3ad7-441c-4620-9b89-dfee680e5776,2026-08-13T05:35:47.007000+00:00,mouse_move,,,,,232.8,203.6,,,,,,mouse_tracking,,,,,,,,,,,/app/training,dev_8d63bc2a-6792-425e-980a-35b6849501fe,,,,,,,,,,,,,,,,,,,,,,,,,,,,,,,,,,,,,,,,,,,,,,,,,,,,,,,,,,,,,,,,
training_event,training,468f03a2-d7c9-4701-abf8-bb2c692f696b,0b2f3ad7-441c-4620-9b89-dfee680e5776,2026-08-13T05:35:47.159000+00:00,mouse_move,,,,,256.8,147.6,,,,,,mouse_tracking,,,,,,,,,,,/app/training,dev_8d63bc2a-6792-425e-980a-35b6849501fe,,,,,,,,,,,,,,,,,,,,,,,,,,,,,,,,,,,,,,,,,,,,,,,,,,,,,,,,,,,,,,,,
training_event,training,468f03a2-d7c9-4701-abf8-bb2c692f696b,0b2f3ad7-441c-4620-9b89-dfee680e5776,2026-08-13T05:35:47.191000+00:00,mouse_move,,,,,257.8,142.6,,,,,,mouse_tracking,,,,,,,,,,,/app/training,dev_8d63bc2a-6792-425e-980a-35b6849501fe,,,,,,,,,,,,,,,,,,,,,,,,,,,,,,,,,,,,,,,,,,,,,,,,,,,,,,,,,,,,,,,,
training_event,training,468f03a2-d7c9-4701-abf8-bb2c692f696b,0b2f3ad7-441c-4620-9b89-dfee680e5776,2026-08-13T05:35:47.376000+00:00,mouse_move,,,,,259.8,126.6,,,,,,mouse_tracking,,,,,,,,,,,/app/training,dev_8d63bc2a-6792-425e-980a-35b6849501fe,,,,,,,,,,,,,,,,,,,,,,,,,,,,,,,,,,,,,,,,,,,,,,,,,,,,,,,,,,,,,,,,
training_event,training,468f03a2-d7c9-4701-abf8-bb2c692f696b,0b2f3ad7-441c-4620-9b89-dfee680e5776,2026-08-13T05:35:47.407000+00:00,mouse_move,,,,,259.8,123.6,,,,,,mouse_tracking,,,,,,,,,,,/app/training,dev_8d63bc2a-6792-425e-980a-35b6849501fe,,,,,,,,,,,,,,,,,,,,,,,,,,,,,,,,,,,,,,,,,,,,,,,,,,,,,,,,,,,,,,,,
training_event,training,468f03a2-d7c9-4701-abf8-bb2c692f696b,0b2f3ad7-441c-4620-9b89-dfee680e5776,2026-08-13T05:35:48.295000+00:00,mouse_move,,,,,365.8,94.6,,,,,,mouse_tracking,,,,,,,,,,,/app/training,dev_8d63bc2a-6792-425e-980a-35b6849501fe,,,,,,,,,,,,,,,,,,,,,,,,,,,,,,,,,,,,,,,,,,,,,,,,,,,,,,,,,,,,,,,,
training_event,training,468f03a2-d7c9-4701-abf8-bb2c692f696b,0b2f3ad7-441c-4620-9b89-dfee680e5776,2026-08-13T05:35:41.407000+00:00,mouse_move,,,,,364.8,258.6,,,,,,mouse_tracking,,,,,,,,,,,/app/training,dev_8d63bc2a-6792-425e-980a-35b6849501fe,,,,,,,,,,,,,,,,,,,,,,,,,,,,,,,,,,,,,,,,,,,,,,,,,,,,,,,,,,,,,,,,
training_event,training,468f03a2-d7c9-4701-abf8-bb2c692f696b,0b2f3ad7-441c-4620-9b89-dfee680e5776,2026-08-13T05:35:41.844000+00:00,mouse_move,,,,,519.8,196.6,,,,,,mouse_tracking,,,,,,,,,,,/app/training,dev_8d63bc2a-6792-425e-980a-35b6849501fe,,,,,,,,,,,,,,,,,,,,,,,,,,,,,,,,,,,,,,,,,,,,,,,,,,,,,,,,,,,,,,,,
training_event,training,468f03a2-d7c9-4701-abf8-bb2c692f696b,0b2f3ad7-441c-4620-9b89-dfee680e5776,2026-08-13T05:35:42.907000+00:00,mouse_move,,,,,446.8,279.6,,,,,,mouse_tracking,,,,,,,,,,,/app/training,dev_8d63bc2a-6792-425e-980a-35b6849501fe,,,,,,,,,,,,,,,,,,,,,,,,,,,,,,,,,,,,,,,,,,,,,,,,,,,,,,,,,,,,,,,,
training_event,training,468f03a2-d7c9-4701-abf8-bb2c692f696b,0b2f3ad7-441c-4620-9b89-dfee680e5776,2026-08-13T05:35:42.924000+00:00,mouse_move,,,,,446.8,281.6,,,,,,mouse_tracking,,,,,,,,,,,/app/training,dev_8d63bc2a-6792-425e-980a-35b6849501fe,,,,,,,,,,,,,,,,,,,,,,,,,,,,,,,,,,,,,,,,,,,,,,,,,,,,,,,,,,,,,,,,
training_event,training,468f03a2-d7c9-4701-abf8-bb2c692f696b,0b2f3ad7-441c-4620-9b89-dfee680e5776,2026-08-13T05:35:43.140000+00:00,mouse_move,,,,,451.8,296.6,,,,,,mouse_tracking,,,,,,,,,,,/app/training,dev_8d63bc2a-6792-425e-980a-35b6849501fe,,,,,,,,,,,,,,,,,,,,,,,,,,,,,,,,,,,,,,,,,,,,,,,,,,,,,,,,,,,,,,,,
training_event,training,468f03a2-d7c9-4701-abf8-bb2c692f696b,0b2f3ad7-441c-4620-9b89-dfee680e5776,2026-08-13T05:35:43.957000+00:00,mouse_move,,,,,440.8,300.6,,,,,,mouse_tracking,,,,,,,,,,,/app/training,dev_8d63bc2a-6792-425e-980a-35b6849501fe,,,,,,,,,,,,,,,,,,,,,,,,,,,,,,,,,,,,,,,,,,,,,,,,,,,,,,,,,,,,,,,,
training_event,training,468f03a2-d7c9-4701-abf8-bb2c692f696b,0b2f3ad7-441c-4620-9b89-dfee680e5776,2026-08-13T05:35:44.076000+00:00,mouse_move,,,,,384.8,321.6,,,,,,mouse_tracking,,,,,,,,,,,/app/training,dev_8d63bc2a-6792-425e-980a-35b6849501fe,,,,,,,,,,,,,,,,,,,,,,,,,,,,,,,,,,,,,,,,,,,,,,,,,,,,,,,,,,,,,,,,
training_event,training,468f03a2-d7c9-4701-abf8-bb2c692f696b,0b2f3ad7-441c-4620-9b89-dfee680e5776,2026-08-13T05:35:44.991000+00:00,mouse_move,,,,,331.8,327.6,,,,,,mouse_tracking,,,,,,,,,,,/app/training,dev_8d63bc2a-6792-425e-980a-35b6849501fe,,,,,,,,,,,,,,,,,,,,,,,,,,,,,,,,,,,,,,,,,,,,,,,,,,,,,,,,,,,,,,,,
training_event,training,468f03a2-d7c9-4701-abf8-bb2c692f696b,0b2f3ad7-441c-4620-9b89-dfee680e5776,2026-08-13T05:35:45.191000+00:00,mouse_move,,,,,269.8,303.6,,,,,,mouse_tracking,,,,,,,,,,,/app/training,dev_8d63bc2a-6792-425e-980a-35b6849501fe,,,,,,,,,,,,,,,,,,,,,,,,,,,,,,,,,,,,,,,,,,,,,,,,,,,,,,,,,,,,,,,,
training_event,training,468f03a2-d7c9-4701-abf8-bb2c692f696b,0b2f3ad7-441c-4620-9b89-dfee680e5776,2026-08-13T05:35:47.257000+00:00,mouse_move,,,,,259.8,132.6,,,,,,mouse_tracking,,,,,,,,,,,/app/training,dev_8d63bc2a-6792-425e-980a-35b6849501fe,,,,,,,,,,,,,,,,,,,,,,,,,,,,,,,,,,,,,,,,,,,,,,,,,,,,,,,,,,,,,,,,
training_event,training,468f03a2-d7c9-4701-abf8-bb2c692f696b,0b2f3ad7-441c-4620-9b89-dfee680e5776,2026-08-13T05:35:48.242000+00:00,mouse_move,,,,,357.8,98.6,,,,,,mouse_tracking,,,,,,,,,,,/app/training,dev_8d63bc2a-6792-425e-980a-35b6849501fe,,,,,,,,,,,,,,,,,,,,,,,,,,,,,,,,,,,,,,,,,,,,,,,,,,,,,,,,,,,,,,,,
training_event,training,468f03a2-d7c9-4701-abf8-bb2c692f696b,0b2f3ad7-441c-4620-9b89-dfee680e5776,2026-08-13T05:35:48.372000+00:00,mouse_move,,,,,372.8,90.6,,,,,,mouse_tracking,,,,,,,,,,,/app/training,dev_8d63bc2a-6792-425e-980a-35b6849501fe,,,,,,,,,,,,,,,,,,,,,,,,,,,,,,,,,,,,,,,,,,,,,,,,,,,,,,,,,,,,,,,,
training_event,training,468f03a2-d7c9-4701-abf8-bb2c692f696b,0b2f3ad7-441c-4620-9b89-dfee680e5776,2026-08-13T05:35:49.355000+00:00,mouse_move,,,,,368.8,75.6,,,,,,mouse_tracking,,,,,,,,,,,/app/training,dev_8d63bc2a-6792-425e-980a-35b6849501fe,,,,,,,,,,,,,,,,,,,,,,,,,,,,,,,,,,,,,,,,,,,,,,,,,,,,,,,,,,,,,,,,
training_event,training,468f03a2-d7c9-4701-abf8-bb2c692f696b,0b2f3ad7-441c-4620-9b89-dfee680e5776,2026-08-13T05:35:41.573000+00:00,mouse_move,,,,,516.8,187.6,,,,,,mouse_tracking,,,,,,,,,,,/app/training,dev_8d63bc2a-6792-425e-980a-35b6849501fe,,,,,,,,,,,,,,,,,,,,,,,,,,,,,,,,,,,,,,,,,,,,,,,,,,,,,,,,,,,,,,,,
training_event,training,468f03a2-d7c9-4701-abf8-bb2c692f696b,0b2f3ad7-441c-4620-9b89-dfee680e5776,2026-08-13T05:35:41.591000+00:00,mouse_move,,,,,516.8,189.6,,,,,,mouse_tracking,,,,,,,,,,,/app/training,dev_8d63bc2a-6792-425e-980a-35b6849501fe,,,,,,,,,,,,,,,,,,,,,,,,,,,,,,,,,,,,,,,,,,,,,,,,,,,,,,,,,,,,,,,,
training_event,training,468f03a2-d7c9-4701-abf8-bb2c692f696b,0b2f3ad7-441c-4620-9b89-dfee680e5776,2026-08-13T05:35:42.890000+00:00,mouse_move,,,,,446.8,277.6,,,,,,mouse_tracking,,,,,,,,,,,/app/training,dev_8d63bc2a-6792-425e-980a-35b6849501fe,,,,,,,,,,,,,,,,,,,,,,,,,,,,,,,,,,,,,,,,,,,,,,,,,,,,,,,,,,,,,,,,
training_event,training,468f03a2-d7c9-4701-abf8-bb2c692f696b,0b2f3ad7-441c-4620-9b89-dfee680e5776,2026-08-13T05:35:45.059000+00:00,mouse_move,,,,,288.8,313.6,,,,,,mouse_tracking,,,,,,,,,,,/app/training,dev_8d63bc2a-6792-425e-980a-35b6849501fe,,,,,,,,,,,,,,,,,,,,,,,,,,,,,,,,,,,,,,,,,,,,,,,,,,,,,,,,,,,,,,,,
training_event,training,468f03a2-d7c9-4701-abf8-bb2c692f696b,0b2f3ad7-441c-4620-9b89-dfee680e5776,2026-08-13T05:35:45.207000+00:00,mouse_move,,,,,267.8,303.6,,,,,,mouse_tracking,,,,,,,,,,,/app/training,dev_8d63bc2a-6792-425e-980a-35b6849501fe,,,,,,,,,,,,,,,,,,,,,,,,,,,,,,,,,,,,,,,,,,,,,,,,,,,,,,,,,,,,,,,,
training_event,training,468f03a2-d7c9-4701-abf8-bb2c692f696b,0b2f3ad7-441c-4620-9b89-dfee680e5776,2026-08-13T05:35:47.325000+00:00,mouse_move,,,,,259.8,129.6,,,,,,mouse_tracking,,,,,,,,,,,/app/training,dev_8d63bc2a-6792-425e-980a-35b6849501fe,,,,,,,,,,,,,,,,,,,,,,,,,,,,,,,,,,,,,,,,,,,,,,,,,,,,,,,,,,,,,,,,
training_event,training,468f03a2-d7c9-4701-abf8-bb2c692f696b,0b2f3ad7-441c-4620-9b89-dfee680e5776,2026-08-13T05:35:48.489000+00:00,mouse_move,,,,,375.8,84.6,,,,,,mouse_tracking,,,,,,,,,,,/app/training,dev_8d63bc2a-6792-425e-980a-35b6849501fe,,,,,,,,,,,,,,,,,,,,,,,,,,,,,,,,,,,,,,,,,,,,,,,,,,,,,,,,,,,,,,,,
training_event,training,468f03a2-d7c9-4701-abf8-bb2c692f696b,0b2f3ad7-441c-4620-9b89-dfee680e5776,2026-08-13T05:35:48.522000+00:00,mouse_move,,,,,375.8,83.6,,,,,,mouse_tracking,,,,,,,,,,,/app/training,dev_8d63bc2a-6792-425e-980a-35b6849501fe,,,,,,,,,,,,,,,,,,,,,,,,,,,,,,,,,,,,,,,,,,,,,,,,,,,,,,,,,,,,,,,,
training_event,training,468f03a2-d7c9-4701-abf8-bb2c692f696b,0b2f3ad7-441c-4620-9b89-dfee680e5776,2026-08-13T05:35:49.572000+00:00,mouse_move,,,,,443.8,111.6,,,,,,mouse_tracking,,,,,,,,,,,/app/training,dev_8d63bc2a-6792-425e-980a-35b6849501fe,,,,,,,,,,,,,,,,,,,,,,,,,,,,,,,,,,,,,,,,,,,,,,,,,,,,,,,,,,,,,,,,
training_event,training,468f03a2-d7c9-4701-abf8-bb2c692f696b,0b2f3ad7-441c-4620-9b89-dfee680e5776,2026-08-13T05:35:49.589000+00:00,mouse_move,,,,,445.8,113.6,,,,,,mouse_tracking,,,,,,,,,,,/app/training,dev_8d63bc2a-6792-425e-980a-35b6849501fe,,,,,,,,,,,,,,,,,,,,,,,,,,,,,,,,,,,,,,,,,,,,,,,,,,,,,,,,,,,,,,,,
training_event,training,468f03a2-d7c9-4701-abf8-bb2c692f696b,0b2f3ad7-441c-4620-9b89-dfee680e5776,2026-08-13T05:35:41.524000+00:00,mouse_move,,,,,505.8,187.6,,,,,,mouse_tracking,,,,,,,,,,,/app/training,dev_8d63bc2a-6792-425e-980a-35b6849501fe,,,,,,,,,,,,,,,,,,,,,,,,,,,,,,,,,,,,,,,,,,,,,,,,,,,,,,,,,,,,,,,,
training_event,training,468f03a2-d7c9-4701-abf8-bb2c692f696b,0b2f3ad7-441c-4620-9b89-dfee680e5776,2026-08-13T05:35:41.540000+00:00,mouse_move,,,,,509.8,187.6,,,,,,mouse_tracking,,,,,,,,,,,/app/training,dev_8d63bc2a-6792-425e-980a-35b6849501fe,,,,,,,,,,,,,,,,,,,,,,,,,,,,,,,,,,,,,,,,,,,,,,,,,,,,,,,,,,,,,,,,
training_event,training,468f03a2-d7c9-4701-abf8-bb2c692f696b,0b2f3ad7-441c-4620-9b89-dfee680e5776,2026-08-13T05:35:41.557000+00:00,mouse_move,,,,,512.8,187.6,,,,,,mouse_tracking,,,,,,,,,,,/app/training,dev_8d63bc2a-6792-425e-980a-35b6849501fe,,,,,,,,,,,,,,,,,,,,,,,,,,,,,,,,,,,,,,,,,,,,,,,,,,,,,,,,,,,,,,,,
training_event,training,468f03a2-d7c9-4701-abf8-bb2c692f696b,0b2f3ad7-441c-4620-9b89-dfee680e5776,2026-08-13T05:35:41.608000+00:00,mouse_move,,,,,517.8,189.6,,,,,,mouse_tracking,,,,,,,,,,,/app/training,dev_8d63bc2a-6792-425e-980a-35b6849501fe,,,,,,,,,,,,,,,,,,,,,,,,,,,,,,,,,,,,,,,,,,,,,,,,,,,,,,,,,,,,,,,,
training_event,training,468f03a2-d7c9-4701-abf8-bb2c692f696b,0b2f3ad7-441c-4620-9b89-dfee680e5776,2026-08-13T05:35:42.756000+00:00,mouse_move,,,,,472.8,236.6,,,,,,mouse_tracking,,,,,,,,,,,/app/training,dev_8d63bc2a-6792-425e-980a-35b6849501fe,,,,,,,,,,,,,,,,,,,,,,,,,,,,,,,,,,,,,,,,,,,,,,,,,,,,,,,,,,,,,,,,
training_event,training,468f03a2-d7c9-4701-abf8-bb2c692f696b,0b2f3ad7-441c-4620-9b89-dfee680e5776,2026-08-13T05:35:42.857000+00:00,mouse_move,,,,,448.8,272.6,,,,,,mouse_tracking,,,,,,,,,,,/app/training,dev_8d63bc2a-6792-425e-980a-35b6849501fe,,,,,,,,,,,,,,,,,,,,,,,,,,,,,,,,,,,,,,,,,,,,,,,,,,,,,,,,,,,,,,,,
training_event,training,468f03a2-d7c9-4701-abf8-bb2c692f696b,0b2f3ad7-441c-4620-9b89-dfee680e5776,2026-08-13T05:35:46.189000+00:00,mouse_move,,,,,229.8,220.6,,,,,,mouse_tracking,,,,,,,,,,,/app/training,dev_8d63bc2a-6792-425e-980a-35b6849501fe,,,,,,,,,,,,,,,,,,,,,,,,,,,,,,,,,,,,,,,,,,,,,,,,,,,,,,,,,,,,,,,,
training_event,training,468f03a2-d7c9-4701-abf8-bb2c692f696b,0b2f3ad7-441c-4620-9b89-dfee680e5776,2026-08-13T05:35:47.124000+00:00,mouse_move,,,,,254.8,155.6,,,,,,mouse_tracking,,,,,,,,,,,/app/training,dev_8d63bc2a-6792-425e-980a-35b6849501fe,,,,,,,,,,,,,,,,,,,,,,,,,,,,,,,,,,,,,,,,,,,,,,,,,,,,,,,,,,,,,,,,
training_event,training,468f03a2-d7c9-4701-abf8-bb2c692f696b,0b2f3ad7-441c-4620-9b89-dfee680e5776,2026-08-13T05:35:48.105000+00:00,mouse_move,,,,,262.8,123.6,,,,,,mouse_tracking,,,,,,,,,,,/app/training,dev_8d63bc2a-6792-425e-980a-35b6849501fe,,,,,,,,,,,,,,,,,,,,,,,,,,,,,,,,,,,,,,,,,,,,,,,,,,,,,,,,,,,,,,,,
training_event,training,468f03a2-d7c9-4701-abf8-bb2c692f696b,0b2f3ad7-441c-4620-9b89-dfee680e5776,2026-08-13T05:35:48.190000+00:00,mouse_move,,,,,338.8,102.6,,,,,,mouse_tracking,,,,,,,,,,,/app/training,dev_8d63bc2a-6792-425e-980a-35b6849501fe,,,,,,,,,,,,,,,,,,,,,,,,,,,,,,,,,,,,,,,,,,,,,,,,,,,,,,,,,,,,,,,,
training_event,training,468f03a2-d7c9-4701-abf8-bb2c692f696b,0b2f3ad7-441c-4620-9b89-dfee680e5776,2026-08-13T05:35:48.405000+00:00,mouse_move,,,,,373.8,88.6,,,,,,mouse_tracking,,,,,,,,,,,/app/training,dev_8d63bc2a-6792-425e-980a-35b6849501fe,,,,,,,,,,,,,,,,,,,,,,,,,,,,,,,,,,,,,,,,,,,,,,,,,,,,,,,,,,,,,,,,
training_event,training,468f03a2-d7c9-4701-abf8-bb2c692f696b,0b2f3ad7-441c-4620-9b89-dfee680e5776,2026-08-13T05:35:48.472000+00:00,mouse_move,,,,,375.8,85.6,,,,,,mouse_tracking,,,,,,,,,,,/app/training,dev_8d63bc2a-6792-425e-980a-35b6849501fe,,,,,,,,,,,,,,,,,,,,,,,,,,,,,,,,,,,,,,,,,,,,,,,,,,,,,,,,,,,,,,,,
training_event,training,468f03a2-d7c9-4701-abf8-bb2c692f696b,0b2f3ad7-441c-4620-9b89-dfee680e5776,2026-08-13T05:35:41.457000+00:00,mouse_move,,,,,460.8,199.6,,,,,,mouse_tracking,,,,,,,,,,,/app/training,dev_8d63bc2a-6792-425e-980a-35b6849501fe,,,,,,,,,,,,,,,,,,,,,,,,,,,,,,,,,,,,,,,,,,,,,,,,,,,,,,,,,,,,,,,,
training_event,training,468f03a2-d7c9-4701-abf8-bb2c692f696b,0b2f3ad7-441c-4620-9b89-dfee680e5776,2026-08-13T05:35:41.625000+00:00,mouse_move,,,,,518.8,191.6,,,,,,mouse_tracking,,,,,,,,,,,/app/training,dev_8d63bc2a-6792-425e-980a-35b6849501fe,,,,,,,,,,,,,,,,,,,,,,,,,,,,,,,,,,,,,,,,,,,,,,,,,,,,,,,,,,,,,,,,
training_event,training,468f03a2-d7c9-4701-abf8-bb2c692f696b,0b2f3ad7-441c-4620-9b89-dfee680e5776,2026-08-13T05:35:41.957000+00:00,mouse_move,,,,,498.8,207.6,,,,,,mouse_tracking,,,,,,,,,,,/app/training,dev_8d63bc2a-6792-425e-980a-35b6849501fe,,,,,,,,,,,,,,,,,,,,,,,,,,,,,,,,,,,,,,,,,,,,,,,,,,,,,,,,,,,,,,,,
training_event,training,468f03a2-d7c9-4701-abf8-bb2c692f696b,0b2f3ad7-441c-4620-9b89-dfee680e5776,2026-08-13T05:35:42.807000+00:00,mouse_move,,,,,454.8,260.6,,,,,,mouse_tracking,,,,,,,,,,,/app/training,dev_8d63bc2a-6792-425e-980a-35b6849501fe,,,,,,,,,,,,,,,,,,,,,,,,,,,,,,,,,,,,,,,,,,,,,,,,,,,,,,,,,,,,,,,,
training_event,training,468f03a2-d7c9-4701-abf8-bb2c692f696b,0b2f3ad7-441c-4620-9b89-dfee680e5776,2026-08-13T05:35:42.957000+00:00,mouse_move,,,,,446.8,285.6,,,,,,mouse_tracking,,,,,,,,,,,/app/training,dev_8d63bc2a-6792-425e-980a-35b6849501fe,,,,,,,,,,,,,,,,,,,,,,,,,,,,,,,,,,,,,,,,,,,,,,,,,,,,,,,,,,,,,,,,
training_event,training,468f03a2-d7c9-4701-abf8-bb2c692f696b,0b2f3ad7-441c-4620-9b89-dfee680e5776,2026-08-13T05:35:42.990000+00:00,mouse_move,,,,,446.8,287.6,,,,,,mouse_tracking,,,,,,,,,,,/app/training,dev_8d63bc2a-6792-425e-980a-35b6849501fe,,,,,,,,,,,,,,,,,,,,,,,,,,,,,,,,,,,,,,,,,,,,,,,,,,,,,,,,,,,,,,,,
training_event,training,468f03a2-d7c9-4701-abf8-bb2c692f696b,0b2f3ad7-441c-4620-9b89-dfee680e5776,2026-08-13T05:35:44.140000+00:00,mouse_move,,,,,374.8,327.6,,,,,,mouse_tracking,,,,,,,,,,,/app/training,dev_8d63bc2a-6792-425e-980a-35b6849501fe,,,,,,,,,,,,,,,,,,,,,,,,,,,,,,,,,,,,,,,,,,,,,,,,,,,,,,,,,,,,,,,,
training_event,training,468f03a2-d7c9-4701-abf8-bb2c692f696b,0b2f3ad7-441c-4620-9b89-dfee680e5776,2026-08-13T05:35:45.106000+00:00,mouse_move,,,,,279.8,308.6,,,,,,mouse_tracking,,,,,,,,,,,/app/training,dev_8d63bc2a-6792-425e-980a-35b6849501fe,,,,,,,,,,,,,,,,,,,,,,,,,,,,,,,,,,,,,,,,,,,,,,,,,,,,,,,,,,,,,,,,
training_event,training,468f03a2-d7c9-4701-abf8-bb2c692f696b,0b2f3ad7-441c-4620-9b89-dfee680e5776,2026-08-13T05:35:46.022000+00:00,mouse_move,,,,,256.8,288.6,,,,,,mouse_tracking,,,,,,,,,,,/app/training,dev_8d63bc2a-6792-425e-980a-35b6849501fe,,,,,,,,,,,,,,,,,,,,,,,,,,,,,,,,,,,,,,,,,,,,,,,,,,,,,,,,,,,,,,,,
training_event,training,468f03a2-d7c9-4701-abf8-bb2c692f696b,0b2f3ad7-441c-4620-9b89-dfee680e5776,2026-08-13T05:35:46.073000+00:00,mouse_move,,,,,240.8,253.6,,,,,,mouse_tracking,,,,,,,,,,,/app/training,dev_8d63bc2a-6792-425e-980a-35b6849501fe,,,,,,,,,,,,,,,,,,,,,,,,,,,,,,,,,,,,,,,,,,,,,,,,,,,,,,,,,,,,,,,,
training_event,training,468f03a2-d7c9-4701-abf8-bb2c692f696b,0b2f3ad7-441c-4620-9b89-dfee680e5776,2026-08-13T05:35:48.226000+00:00,mouse_move,,,,,353.8,99.6,,,,,,mouse_tracking,,,,,,,,,,,/app/training,dev_8d63bc2a-6792-425e-980a-35b6849501fe,,,,,,,,,,,,,,,,,,,,,,,,,,,,,,,,,,,,,,,,,,,,,,,,,,,,,,,,,,,,,,,,
training_event,training,468f03a2-d7c9-4701-abf8-bb2c692f696b,0b2f3ad7-441c-4620-9b89-dfee680e5776,2026-08-13T05:35:48.655000+00:00,mouse_move,,,,,367.8,75.6,,,,,,mouse_tracking,,,,,,,,,,,/app/training,dev_8d63bc2a-6792-425e-980a-35b6849501fe,,,,,,,,,,,,,,,,,,,,,,,,,,,,,,,,,,,,,,,,,,,,,,,,,,,,,,,,,,,,,,,,
training_event,training,468f03a2-d7c9-4701-abf8-bb2c692f696b,0b2f3ad7-441c-4620-9b89-dfee680e5776,2026-08-13T05:35:49.372000+00:00,mouse_move,,,,,374.8,75.6,,,,,,mouse_tracking,,,,,,,,,,,/app/training,dev_8d63bc2a-6792-425e-980a-35b6849501fe,,,,,,,,,,,,,,,,,,,,,,,,,,,,,,,,,,,,,,,,,,,,,,,,,,,,,,,,,,,,,,,,
training_event,training,468f03a2-d7c9-4701-abf8-bb2c692f696b,0b2f3ad7-441c-4620-9b89-dfee680e5776,2026-08-13T05:35:49.406000+00:00,mouse_move,,,,,397.8,82.6,,,,,,mouse_tracking,,,,,,,,,,,/app/training,dev_8d63bc2a-6792-425e-980a-35b6849501fe,,,,,,,,,,,,,,,,,,,,,,,,,,,,,,,,,,,,,,,,,,,,,,,,,,,,,,,,,,,,,,,,
training_event,training,468f03a2-d7c9-4701-abf8-bb2c692f696b,0b2f3ad7-441c-4620-9b89-dfee680e5776,2026-08-13T05:35:49.439000+00:00,mouse_move,,,,,416.8,89.6,,,,,,mouse_tracking,,,,,,,,,,,/app/training,dev_8d63bc2a-6792-425e-980a-35b6849501fe,,,,,,,,,,,,,,,,,,,,,,,,,,,,,,,,,,,,,,,,,,,,,,,,,,,,,,,,,,,,,,,,
training_event,training,468f03a2-d7c9-4701-abf8-bb2c692f696b,0b2f3ad7-441c-4620-9b89-dfee680e5776,2026-08-13T05:35:42.940000+00:00,mouse_move,,,,,446.8,283.6,,,,,,mouse_tracking,,,,,,,,,,,/app/training,dev_8d63bc2a-6792-425e-980a-35b6849501fe,,,,,,,,,,,,,,,,,,,,,,,,,,,,,,,,,,,,,,,,,,,,,,,,,,,,,,,,,,,,,,,,
training_event,training,468f03a2-d7c9-4701-abf8-bb2c692f696b,0b2f3ad7-441c-4620-9b89-dfee680e5776,2026-08-13T05:35:43.123000+00:00,mouse_move,,,,,449.8,295.6,,,,,,mouse_tracking,,,,,,,,,,,/app/training,dev_8d63bc2a-6792-425e-980a-35b6849501fe,,,,,,,,,,,,,,,,,,,,,,,,,,,,,,,,,,,,,,,,,,,,,,,,,,,,,,,,,,,,,,,,
training_event,training,468f03a2-d7c9-4701-abf8-bb2c692f696b,0b2f3ad7-441c-4620-9b89-dfee680e5776,2026-08-13T05:35:43.975000+00:00,mouse_move,,,,,432.8,303.6,,,,,,mouse_tracking,,,,,,,,,,,/app/training,dev_8d63bc2a-6792-425e-980a-35b6849501fe,,,,,,,,,,,,,,,,,,,,,,,,,,,,,,,,,,,,,,,,,,,,,,,,,,,,,,,,,,,,,,,,
training_event,training,468f03a2-d7c9-4701-abf8-bb2c692f696b,0b2f3ad7-441c-4620-9b89-dfee680e5776,2026-08-13T05:35:44.223000+00:00,mouse_move,,,,,369.8,331.6,,,,,,mouse_tracking,,,,,,,,,,,/app/training,dev_8d63bc2a-6792-425e-980a-35b6849501fe,,,,,,,,,,,,,,,,,,,,,,,,,,,,,,,,,,,,,,,,,,,,,,,,,,,,,,,,,,,,,,,,
training_event,training,468f03a2-d7c9-4701-abf8-bb2c692f696b,0b2f3ad7-441c-4620-9b89-dfee680e5776,2026-08-13T05:35:44.976000+00:00,mouse_move,,,,,354.8,331.6,,,,,,mouse_tracking,,,,,,,,,,,/app/training,dev_8d63bc2a-6792-425e-980a-35b6849501fe,,,,,,,,,,,,,,,,,,,,,,,,,,,,,,,,,,,,,,,,,,,,,,,,,,,,,,,,,,,,,,,,
training_event,training,468f03a2-d7c9-4701-abf8-bb2c692f696b,0b2f3ad7-441c-4620-9b89-dfee680e5776,2026-08-13T05:35:45.223000+00:00,mouse_move,,,,,264.8,302.6,,,,,,mouse_tracking,,,,,,,,,,,/app/training,dev_8d63bc2a-6792-425e-980a-35b6849501fe,,,,,,,,,,,,,,,,,,,,,,,,,,,,,,,,,,,,,,,,,,,,,,,,,,,,,,,,,,,,,,,,
training_event,training,468f03a2-d7c9-4701-abf8-bb2c692f696b,0b2f3ad7-441c-4620-9b89-dfee680e5776,2026-08-13T05:35:46.122000+00:00,mouse_move,,,,,232.8,229.6,,,,,,mouse_tracking,,,,,,,,,,,/app/training,dev_8d63bc2a-6792-425e-980a-35b6849501fe,,,,,,,,,,,,,,,,,,,,,,,,,,,,,,,,,,,,,,,,,,,,,,,,,,,,,,,,,,,,,,,,
training_event,training,468f03a2-d7c9-4701-abf8-bb2c692f696b,0b2f3ad7-441c-4620-9b89-dfee680e5776,2026-08-13T05:35:47.091000+00:00,mouse_move,,,,,250.8,165.6,,,,,,mouse_tracking,,,,,,,,,,,/app/training,dev_8d63bc2a-6792-425e-980a-35b6849501fe,,,,,,,,,,,,,,,,,,,,,,,,,,,,,,,,,,,,,,,,,,,,,,,,,,,,,,,,,,,,,,,,
training_event,training,468f03a2-d7c9-4701-abf8-bb2c692f696b,0b2f3ad7-441c-4620-9b89-dfee680e5776,2026-08-13T05:35:47.107000+00:00,mouse_move,,,,,252.8,160.6,,,,,,mouse_tracking,,,,,,,,,,,/app/training,dev_8d63bc2a-6792-425e-980a-35b6849501fe,,,,,,,,,,,,,,,,,,,,,,,,,,,,,,,,,,,,,,,,,,,,,,,,,,,,,,,,,,,,,,,,
training_event,training,468f03a2-d7c9-4701-abf8-bb2c692f696b,0b2f3ad7-441c-4620-9b89-dfee680e5776,2026-08-13T05:35:47.142000+00:00,mouse_move,,,,,256.8,151.6,,,,,,mouse_tracking,,,,,,,,,,,/app/training,dev_8d63bc2a-6792-425e-980a-35b6849501fe,,,,,,,,,,,,,,,,,,,,,,,,,,,,,,,,,,,,,,,,,,,,,,,,,,,,,,,,,,,,,,,,
training_event,training,468f03a2-d7c9-4701-abf8-bb2c692f696b,0b2f3ad7-441c-4620-9b89-dfee680e5776,2026-08-13T05:35:48.172000+00:00,mouse_move,,,,,326.8,105.6,,,,,,mouse_tracking,,,,,,,,,,,/app/training,dev_8d63bc2a-6792-425e-980a-35b6849501fe,,,,,,,,,,,,,,,,,,,,,,,,,,,,,,,,,,,,,,,,,,,,,,,,,,,,,,,,,,,,,,,,
training_event,training,468f03a2-d7c9-4701-abf8-bb2c692f696b,0b2f3ad7-441c-4620-9b89-dfee680e5776,2026-08-13T05:35:48.209000+00:00,mouse_move,,,,,345.8,100.6,,,,,,mouse_tracking,,,,,,,,,,,/app/training,dev_8d63bc2a-6792-425e-980a-35b6849501fe,,,,,,,,,,,,,,,,,,,,,,,,,,,,,,,,,,,,,,,,,,,,,,,,,,,,,,,,,,,,,,,,
training_event,training,468f03a2-d7c9-4701-abf8-bb2c692f696b,0b2f3ad7-441c-4620-9b89-dfee680e5776,2026-08-13T05:35:49.389000+00:00,mouse_move,,,,,384.8,77.6,,,,,,mouse_tracking,,,,,,,,,,,/app/training,dev_8d63bc2a-6792-425e-980a-35b6849501fe,,,,,,,,,,,,,,,,,,,,,,,,,,,,,,,,,,,,,,,,,,,,,,,,,,,,,,,,,,,,,,,,
training_event,training,468f03a2-d7c9-4701-abf8-bb2c692f696b,0b2f3ad7-441c-4620-9b89-dfee680e5776,2026-08-13T05:35:49.606000+00:00,mouse_move,,,,,445.8,114.6,,,,,,mouse_tracking,,,,,,,,,,,/app/training,dev_8d63bc2a-6792-425e-980a-35b6849501fe,,,,,,,,,,,,,,,,,,,,,,,,,,,,,,,,,,,,,,,,,,,,,,,,,,,,,,,,,,,,,,,,
training_event,training,468f03a2-d7c9-4701-abf8-bb2c692f696b,0b2f3ad7-441c-4620-9b89-dfee680e5776,2026-08-13T05:35:42.791000+00:00,mouse_move,,,,,458.8,255.6,,,,,,mouse_tracking,,,,,,,,,,,/app/training,dev_8d63bc2a-6792-425e-980a-35b6849501fe,,,,,,,,,,,,,,,,,,,,,,,,,,,,,,,,,,,,,,,,,,,,,,,,,,,,,,,,,,,,,,,,
training_event,training,468f03a2-d7c9-4701-abf8-bb2c692f696b,0b2f3ad7-441c-4620-9b89-dfee680e5776,2026-08-13T05:35:47.024000+00:00,mouse_move,,,,,237.8,195.6,,,,,,mouse_tracking,,,,,,,,,,,/app/training,dev_8d63bc2a-6792-425e-980a-35b6849501fe,,,,,,,,,,,,,,,,,,,,,,,,,,,,,,,,,,,,,,,,,,,,,,,,,,,,,,,,,,,,,,,,
training_event,training,468f03a2-d7c9-4701-abf8-bb2c692f696b,0b2f3ad7-441c-4620-9b89-dfee680e5776,2026-08-13T05:35:47.207000+00:00,mouse_move,,,,,259.8,139.6,,,,,,mouse_tracking,,,,,,,,,,,/app/training,dev_8d63bc2a-6792-425e-980a-35b6849501fe,,,,,,,,,,,,,,,,,,,,,,,,,,,,,,,,,,,,,,,,,,,,,,,,,,,,,,,,,,,,,,,,
training_event,training,468f03a2-d7c9-4701-abf8-bb2c692f696b,0b2f3ad7-441c-4620-9b89-dfee680e5776,2026-08-13T05:35:48.141000+00:00,mouse_move,,,,,290.8,115.6,,,,,,mouse_tracking,,,,,,,,,,,/app/training,dev_8d63bc2a-6792-425e-980a-35b6849501fe,,,,,,,,,,,,,,,,,,,,,,,,,,,,,,,,,,,,,,,,,,,,,,,,,,,,,,,,,,,,,,,,
training_event,training,468f03a2-d7c9-4701-abf8-bb2c692f696b,0b2f3ad7-441c-4620-9b89-dfee680e5776,2026-08-13T05:35:48.258000+00:00,mouse_move,,,,,360.8,96.6,,,,,,mouse_tracking,,,,,,,,,,,/app/training,dev_8d63bc2a-6792-425e-980a-35b6849501fe,,,,,,,,,,,,,,,,,,,,,,,,,,,,,,,,,,,,,,,,,,,,,,,,,,,,,,,,,,,,,,,,
training_event,training,468f03a2-d7c9-4701-abf8-bb2c692f696b,0b2f3ad7-441c-4620-9b89-dfee680e5776,2026-08-13T05:35:41.641000+00:00,mouse_move,,,,,520.8,191.6,,,,,,mouse_tracking,,,,,,,,,,,/app/training,dev_8d63bc2a-6792-425e-980a-35b6849501fe,,,,,,,,,,,,,,,,,,,,,,,,,,,,,,,,,,,,,,,,,,,,,,,,,,,,,,,,,,,,,,,,
training_event,training,468f03a2-d7c9-4701-abf8-bb2c692f696b,0b2f3ad7-441c-4620-9b89-dfee680e5776,2026-08-13T05:35:41.859000+00:00,mouse_move,,,,,516.8,197.6,,,,,,mouse_tracking,,,,,,,,,,,/app/training,dev_8d63bc2a-6792-425e-980a-35b6849501fe,,,,,,,,,,,,,,,,,,,,,,,,,,,,,,,,,,,,,,,,,,,,,,,,,,,,,,,,,,,,,,,,
training_event,training,468f03a2-d7c9-4701-abf8-bb2c692f696b,0b2f3ad7-441c-4620-9b89-dfee680e5776,2026-08-13T05:35:42.873000+00:00,mouse_move,,,,,447.8,275.6,,,,,,mouse_tracking,,,,,,,,,,,/app/training,dev_8d63bc2a-6792-425e-980a-35b6849501fe,,,,,,,,,,,,,,,,,,,,,,,,,,,,,,,,,,,,,,,,,,,,,,,,,,,,,,,,,,,,,,,,
training_event,training,468f03a2-d7c9-4701-abf8-bb2c692f696b,0b2f3ad7-441c-4620-9b89-dfee680e5776,2026-08-13T05:35:44.107000+00:00,mouse_move,,,,,377.8,326.6,,,,,,mouse_tracking,,,,,,,,,,,/app/training,dev_8d63bc2a-6792-425e-980a-35b6849501fe,,,,,,,,,,,,,,,,,,,,,,,,,,,,,,,,,,,,,,,,,,,,,,,,,,,,,,,,,,,,,,,,
training_event,training,468f03a2-d7c9-4701-abf8-bb2c692f696b,0b2f3ad7-441c-4620-9b89-dfee680e5776,2026-08-13T05:35:44.156000+00:00,mouse_move,,,,,372.8,328.6,,,,,,mouse_tracking,,,,,,,,,,,/app/training,dev_8d63bc2a-6792-425e-980a-35b6849501fe,,,,,,,,,,,,,,,,,,,,,,,,,,,,,,,,,,,,,,,,,,,,,,,,,,,,,,,,,,,,,,,,
training_event,training,468f03a2-d7c9-4701-abf8-bb2c692f696b,0b2f3ad7-441c-4620-9b89-dfee680e5776,2026-08-13T05:35:46.056000+00:00,mouse_move,,,,,247.8,267.6,,,,,,mouse_tracking,,,,,,,,,,,/app/training,dev_8d63bc2a-6792-425e-980a-35b6849501fe,,,,,,,,,,,,,,,,,,,,,,,,,,,,,,,,,,,,,,,,,,,,,,,,,,,,,,,,,,,,,,,,
training_event,training,468f03a2-d7c9-4701-abf8-bb2c692f696b,0b2f3ad7-441c-4620-9b89-dfee680e5776,2026-08-13T05:35:46.139000+00:00,mouse_move,,,,,231.8,227.6,,,,,,mouse_tracking,,,,,,,,,,,/app/training,dev_8d63bc2a-6792-425e-980a-35b6849501fe,,,,,,,,,,,,,,,,,,,,,,,,,,,,,,,,,,,,,,,,,,,,,,,,,,,,,,,,,,,,,,,,
training_event,training,468f03a2-d7c9-4701-abf8-bb2c692f696b,0b2f3ad7-441c-4620-9b89-dfee680e5776,2026-08-13T05:35:46.156000+00:00,mouse_move,,,,,229.8,223.6,,,,,,mouse_tracking,,,,,,,,,,,/app/training,dev_8d63bc2a-6792-425e-980a-35b6849501fe,,,,,,,,,,,,,,,,,,,,,,,,,,,,,,,,,,,,,,,,,,,,,,,,,,,,,,,,,,,,,,,,
training_event,training,468f03a2-d7c9-4701-abf8-bb2c692f696b,0b2f3ad7-441c-4620-9b89-dfee680e5776,2026-08-13T05:35:46.305000+00:00,mouse_move,,,,,229.8,213.6,,,,,,mouse_tracking,,,,,,,,,,,/app/training,dev_8d63bc2a-6792-425e-980a-35b6849501fe,,,,,,,,,,,,,,,,,,,,,,,,,,,,,,,,,,,,,,,,,,,,,,,,,,,,,,,,,,,,,,,,
training_event,training,468f03a2-d7c9-4701-abf8-bb2c692f696b,0b2f3ad7-441c-4620-9b89-dfee680e5776,2026-08-13T05:35:46.990000+00:00,mouse_move,,,,,230.8,211.6,,,,,,mouse_tracking,,,,,,,,,,,/app/training,dev_8d63bc2a-6792-425e-980a-35b6849501fe,,,,,,,,,,,,,,,,,,,,,,,,,,,,,,,,,,,,,,,,,,,,,,,,,,,,,,,,,,,,,,,,
training_event,training,468f03a2-d7c9-4701-abf8-bb2c692f696b,0b2f3ad7-441c-4620-9b89-dfee680e5776,2026-08-13T05:35:47.075000+00:00,mouse_move,,,,,248.8,171.6,,,,,,mouse_tracking,,,,,,,,,,,/app/training,dev_8d63bc2a-6792-425e-980a-35b6849501fe,,,,,,,,,,,,,,,,,,,,,,,,,,,,,,,,,,,,,,,,,,,,,,,,,,,,,,,,,,,,,,,,
training_event,training,468f03a2-d7c9-4701-abf8-bb2c692f696b,0b2f3ad7-441c-4620-9b89-dfee680e5776,2026-08-13T05:35:47.225000+00:00,mouse_move,,,,,259.8,135.6,,,,,,mouse_tracking,,,,,,,,,,,/app/training,dev_8d63bc2a-6792-425e-980a-35b6849501fe,,,,,,,,,,,,,,,,,,,,,,,,,,,,,,,,,,,,,,,,,,,,,,,,,,,,,,,,,,,,,,,,
training_event,training,468f03a2-d7c9-4701-abf8-bb2c692f696b,0b2f3ad7-441c-4620-9b89-dfee680e5776,2026-08-13T05:35:48.124000+00:00,mouse_move,,,,,269.8,122.6,,,,,,mouse_tracking,,,,,,,,,,,/app/training,dev_8d63bc2a-6792-425e-980a-35b6849501fe,,,,,,,,,,,,,,,,,,,,,,,,,,,,,,,,,,,,,,,,,,,,,,,,,,,,,,,,,,,,,,,,
training_event,training,468f03a2-d7c9-4701-abf8-bb2c692f696b,0b2f3ad7-441c-4620-9b89-dfee680e5776,2026-08-13T05:35:48.278000+00:00,mouse_move,,,,,361.8,96.6,,,,,,mouse_tracking,,,,,,,,,,,/app/training,dev_8d63bc2a-6792-425e-980a-35b6849501fe,,,,,,,,,,,,,,,,,,,,,,,,,,,,,,,,,,,,,,,,,,,,,,,,,,,,,,,,,,,,,,,,
training_event,training,468f03a2-d7c9-4701-abf8-bb2c692f696b,0b2f3ad7-441c-4620-9b89-dfee680e5776,2026-08-13T05:35:49.555000+00:00,mouse_move,,,,,441.8,111.6,,,,,,mouse_tracking,,,,,,,,,,,/app/training,dev_8d63bc2a-6792-425e-980a-35b6849501fe,,,,,,,,,,,,,,,,,,,,,,,,,,,,,,,,,,,,,,,,,,,,,,,,,,,,,,,,,,,,,,,,
training_event,training,468f03a2-d7c9-4701-abf8-bb2c692f696b,0b2f3ad7-441c-4620-9b89-dfee680e5776,2026-08-13T05:35:49.622000+00:00,mouse_move,,,,,446.8,114.6,,,,,,mouse_tracking,,,,,,,,,,,/app/training,dev_8d63bc2a-6792-425e-980a-35b6849501fe,,,,,,,,,,,,,,,,,,,,,,,,,,,,,,,,,,,,,,,,,,,,,,,,,,,,,,,,,,,,,,,,
training_event,training,468f03a2-d7c9-4701-abf8-bb2c692f696b,0b2f3ad7-441c-4620-9b89-dfee680e5776,2026-08-13T05:35:41.424000+00:00,mouse_move,,,,,387.8,240.6,,,,,,mouse_tracking,,,,,,,,,,,/app/training,dev_8d63bc2a-6792-425e-980a-35b6849501fe,,,,,,,,,,,,,,,,,,,,,,,,,,,,,,,,,,,,,,,,,,,,,,,,,,,,,,,,,,,,,,,,
training_event,training,468f03a2-d7c9-4701-abf8-bb2c692f696b,0b2f3ad7-441c-4620-9b89-dfee680e5776,2026-08-13T05:35:41.473000+00:00,mouse_move,,,,,484.8,188.6,,,,,,mouse_tracking,,,,,,,,,,,/app/training,dev_8d63bc2a-6792-425e-980a-35b6849501fe,,,,,,,,,,,,,,,,,,,,,,,,,,,,,,,,,,,,,,,,,,,,,,,,,,,,,,,,,,,,,,,,
training_event,training,468f03a2-d7c9-4701-abf8-bb2c692f696b,0b2f3ad7-441c-4620-9b89-dfee680e5776,2026-08-13T05:35:41.891000+00:00,mouse_move,,,,,511.8,201.6,,,,,,mouse_tracking,,,,,,,,,,,/app/training,dev_8d63bc2a-6792-425e-980a-35b6849501fe,,,,,,,,,,,,,,,,,,,,,,,,,,,,,,,,,,,,,,,,,,,,,,,,,,,,,,,,,,,,,,,,
training_event,training,468f03a2-d7c9-4701-abf8-bb2c692f696b,0b2f3ad7-441c-4620-9b89-dfee680e5776,2026-08-13T05:35:45.124000+00:00,mouse_move,,,,,277.8,307.6,,,,,,mouse_tracking,,,,,,,,,,,/app/training,dev_8d63bc2a-6792-425e-980a-35b6849501fe,,,,,,,,,,,,,,,,,,,,,,,,,,,,,,,,,,,,,,,,,,,,,,,,,,,,,,,,,,,,,,,,
training_event,training,468f03a2-d7c9-4701-abf8-bb2c692f696b,0b2f3ad7-441c-4620-9b89-dfee680e5776,2026-08-13T05:35:45.174000+00:00,mouse_move,,,,,271.8,305.6,,,,,,mouse_tracking,,,,,,,,,,,/app/training,dev_8d63bc2a-6792-425e-980a-35b6849501fe,,,,,,,,,,,,,,,,,,,,,,,,,,,,,,,,,,,,,,,,,,,,,,,,,,,,,,,,,,,,,,,,
training_event,training,468f03a2-d7c9-4701-abf8-bb2c692f696b,0b2f3ad7-441c-4620-9b89-dfee680e5776,2026-08-13T05:35:46.222000+00:00,mouse_move,,,,,229.8,217.6,,,,,,mouse_tracking,,,,,,,,,,,/app/training,dev_8d63bc2a-6792-425e-980a-35b6849501fe,,,,,,,,,,,,,,,,,,,,,,,,,,,,,,,,,,,,,,,,,,,,,,,,,,,,,,,,,,,,,,,,
training_event,training,468f03a2-d7c9-4701-abf8-bb2c692f696b,0b2f3ad7-441c-4620-9b89-dfee680e5776,2026-08-13T05:35:48.539000+00:00,mouse_move,,,,,375.8,80.6,,,,,,mouse_tracking,,,,,,,,,,,/app/training,dev_8d63bc2a-6792-425e-980a-35b6849501fe,,,,,,,,,,,,,,,,,,,,,,,,,,,,,,,,,,,,,,,,,,,,,,,,,,,,,,,,,,,,,,,,
training_event,training,468f03a2-d7c9-4701-abf8-bb2c692f696b,0b2f3ad7-441c-4620-9b89-dfee680e5776,2026-08-13T05:35:48.572000+00:00,mouse_move,,,,,372.8,79.6,,,,,,mouse_tracking,,,,,,,,,,,/app/training,dev_8d63bc2a-6792-425e-980a-35b6849501fe,,,,,,,,,,,,,,,,,,,,,,,,,,,,,,,,,,,,,,,,,,,,,,,,,,,,,,,,,,,,,,,,
training_event,training,468f03a2-d7c9-4701-abf8-bb2c692f696b,0b2f3ad7-441c-4620-9b89-dfee680e5776,2026-08-13T05:35:49.523000+00:00,mouse_move,,,,,438.8,106.6,,,,,,mouse_tracking,,,,,,,,,,,/app/training,dev_8d63bc2a-6792-425e-980a-35b6849501fe,,,,,,,,,,,,,,,,,,,,,,,,,,,,,,,,,,,,,,,,,,,,,,,,,,,,,,,,,,,,,,,,
training_event,training,468f03a2-d7c9-4701-abf8-bb2c692f696b,21349e1e-4625-48da-aaa5-ecb6e9f8b47d,2026-08-15T18:40:41.601000+00:00,mouse_move,,,,,452.8,250.6,,,,,,mouse_tracking,,,,,,,,,,,/app/training,dev_a86eb88b-8ae6-46e3-9f1a-65c0820fcf90,,,,,,,,,,,,,,,,,,,,,,,,,,,,,,,,,,,,,,,,,,,,,,,,,,,,,,,,,,,,,,,,
training_event,training,468f03a2-d7c9-4701-abf8-bb2c692f696b,21349e1e-4625-48da-aaa5-ecb6e9f8b47d,2026-08-15T18:40:41.670000+00:00,mouse_move,,,,,472.8,251.6,,,,,,mouse_tracking,,,,,,,,,,,/app/training,dev_a86eb88b-8ae6-46e3-9f1a-65c0820fcf90,,,,,,,,,,,,,,,,,,,,,,,,,,,,,,,,,,,,,,,,,,,,,,,,,,,,,,,,,,,,,,,,
training_event,training,468f03a2-d7c9-4701-abf8-bb2c692f696b,21349e1e-4625-48da-aaa5-ecb6e9f8b47d,2026-08-15T18:40:41.786000+00:00,mouse_move,,,,,484.8,251.6,,,,,,mouse_tracking,,,,,,,,,,,/app/training,dev_a86eb88b-8ae6-46e3-9f1a-65c0820fcf90,,,,,,,,,,,,,,,,,,,,,,,,,,,,,,,,,,,,,,,,,,,,,,,,,,,,,,,,,,,,,,,,
training_event,training,468f03a2-d7c9-4701-abf8-bb2c692f696b,21349e1e-4625-48da-aaa5-ecb6e9f8b47d,2026-08-15T18:40:42.969000+00:00,mouse_move,,,,,456.8,275.6,,,,,,mouse_tracking,,,,,,,,,,,/app/training,dev_a86eb88b-8ae6-46e3-9f1a-65c0820fcf90,,,,,,,,,,,,,,,,,,,,,,,,,,,,,,,,,,,,,,,,,,,,,,,,,,,,,,,,,,,,,,,,
training_event,training,468f03a2-d7c9-4701-abf8-bb2c692f696b,21349e1e-4625-48da-aaa5-ecb6e9f8b47d,2026-08-15T18:40:43.185000+00:00,mouse_move,,,,,453.8,295.6,,,,,,mouse_tracking,,,,,,,,,,,/app/training,dev_a86eb88b-8ae6-46e3-9f1a-65c0820fcf90,,,,,,,,,,,,,,,,,,,,,,,,,,,,,,,,,,,,,,,,,,,,,,,,,,,,,,,,,,,,,,,,
training_event,training,468f03a2-d7c9-4701-abf8-bb2c692f696b,21349e1e-4625-48da-aaa5-ecb6e9f8b47d,2026-08-15T18:40:43.201000+00:00,mouse_move,,,,,453.8,296.6,,,,,,mouse_tracking,,,,,,,,,,,/app/training,dev_a86eb88b-8ae6-46e3-9f1a-65c0820fcf90,,,,,,,,,,,,,,,,,,,,,,,,,,,,,,,,,,,,,,,,,,,,,,,,,,,,,,,,,,,,,,,,
training_event,training,468f03a2-d7c9-4701-abf8-bb2c692f696b,21349e1e-4625-48da-aaa5-ecb6e9f8b47d,2026-08-15T18:40:46.151000+00:00,mouse_move,,,,,249.8,263.6,,,,,,mouse_tracking,,,,,,,,,,,/app/training,dev_a86eb88b-8ae6-46e3-9f1a-65c0820fcf90,,,,,,,,,,,,,,,,,,,,,,,,,,,,,,,,,,,,,,,,,,,,,,,,,,,,,,,,,,,,,,,,
training_event,training,468f03a2-d7c9-4701-abf8-bb2c692f696b,21349e1e-4625-48da-aaa5-ecb6e9f8b47d,2026-08-15T18:40:48.668000+00:00,mouse_move,,,,,352.8,79.6,,,,,,mouse_tracking,,,,,,,,,,,/app/training,dev_a86eb88b-8ae6-46e3-9f1a-65c0820fcf90,,,,,,,,,,,,,,,,,,,,,,,,,,,,,,,,,,,,,,,,,,,,,,,,,,,,,,,,,,,,,,,,
training_event,training,468f03a2-d7c9-4701-abf8-bb2c692f696b,21349e1e-4625-48da-aaa5-ecb6e9f8b47d,2026-08-15T18:40:49.867000+00:00,mouse_move,,,,,515.8,150.6,,,,,,mouse_tracking,,,,,,,,,,,/app/training,dev_a86eb88b-8ae6-46e3-9f1a-65c0820fcf90,,,,,,,,,,,,,,,,,,,,,,,,,,,,,,,,,,,,,,,,,,,,,,,,,,,,,,,,,,,,,,,,
training_event,training,468f03a2-d7c9-4701-abf8-bb2c692f696b,21349e1e-4625-48da-aaa5-ecb6e9f8b47d,2026-08-15T18:40:50.119000+00:00,mouse_move,,,,,498.8,148.6,,,,,,mouse_tracking,,,,,,,,,,,/app/training,dev_a86eb88b-8ae6-46e3-9f1a-65c0820fcf90,,,,,,,,,,,,,,,,,,,,,,,,,,,,,,,,,,,,,,,,,,,,,,,,,,,,,,,,,,,,,,,,
training_event,training,468f03a2-d7c9-4701-abf8-bb2c692f696b,21349e1e-4625-48da-aaa5-ecb6e9f8b47d,2026-08-15T18:40:41.553000+00:00,mouse_move,,,,,416.8,250.6,,,,,,mouse_tracking,,,,,,,,,,,/app/training,dev_a86eb88b-8ae6-46e3-9f1a-65c0820fcf90,,,,,,,,,,,,,,,,,,,,,,,,,,,,,,,,,,,,,,,,,,,,,,,,,,,,,,,,,,,,,,,,
training_event,training,468f03a2-d7c9-4701-abf8-bb2c692f696b,21349e1e-4625-48da-aaa5-ecb6e9f8b47d,2026-08-15T18:40:41.753000+00:00,mouse_move,,,,,481.8,251.6,,,,,,mouse_tracking,,,,,,,,,,,/app/training,dev_a86eb88b-8ae6-46e3-9f1a-65c0820fcf90,,,,,,,,,,,,,,,,,,,,,,,,,,,,,,,,,,,,,,,,,,,,,,,,,,,,,,,,,,,,,,,,
training_event,training,468f03a2-d7c9-4701-abf8-bb2c692f696b,21349e1e-4625-48da-aaa5-ecb6e9f8b47d,2026-08-15T18:40:41.936000+00:00,mouse_move,,,,,485.8,219.6,,,,,,mouse_tracking,,,,,,,,,,,/app/training,dev_a86eb88b-8ae6-46e3-9f1a-65c0820fcf90,,,,,,,,,,,,,,,,,,,,,,,,,,,,,,,,,,,,,,,,,,,,,,,,,,,,,,,,,,,,,,,,
training_event,training,468f03a2-d7c9-4701-abf8-bb2c692f696b,21349e1e-4625-48da-aaa5-ecb6e9f8b47d,2026-08-15T18:40:43.220000+00:00,mouse_move,,,,,453.8,298.6,,,,,,mouse_tracking,,,,,,,,,,,/app/training,dev_a86eb88b-8ae6-46e3-9f1a-65c0820fcf90,,,,,,,,,,,,,,,,,,,,,,,,,,,,,,,,,,,,,,,,,,,,,,,,,,,,,,,,,,,,,,,,
training_event,training,468f03a2-d7c9-4701-abf8-bb2c692f696b,21349e1e-4625-48da-aaa5-ecb6e9f8b47d,2026-08-15T18:40:45.153000+00:00,mouse_move,,,,,271.8,330.6,,,,,,mouse_tracking,,,,,,,,,,,/app/training,dev_a86eb88b-8ae6-46e3-9f1a-65c0820fcf90,,,,,,,,,,,,,,,,,,,,,,,,,,,,,,,,,,,,,,,,,,,,,,,,,,,,,,,,,,,,,,,,
training_event,training,468f03a2-d7c9-4701-abf8-bb2c692f696b,21349e1e-4625-48da-aaa5-ecb6e9f8b47d,2026-08-15T18:40:45.235000+00:00,mouse_move,,,,,267.8,327.6,,,,,,mouse_tracking,,,,,,,,,,,/app/training,dev_a86eb88b-8ae6-46e3-9f1a-65c0820fcf90,,,,,,,,,,,,,,,,,,,,,,,,,,,,,,,,,,,,,,,,,,,,,,,,,,,,,,,,,,,,,,,,
training_event,training,468f03a2-d7c9-4701-abf8-bb2c692f696b,21349e1e-4625-48da-aaa5-ecb6e9f8b47d,2026-08-15T18:40:47.185000+00:00,mouse_move,,,,,248.8,115.6,,,,,,mouse_tracking,,,,,,,,,,,/app/training,dev_a86eb88b-8ae6-46e3-9f1a-65c0820fcf90,,,,,,,,,,,,,,,,,,,,,,,,,,,,,,,,,,,,,,,,,,,,,,,,,,,,,,,,,,,,,,,,
training_event,training,468f03a2-d7c9-4701-abf8-bb2c692f696b,21349e1e-4625-48da-aaa5-ecb6e9f8b47d,2026-08-15T18:40:47.201000+00:00,mouse_move,,,,,248.8,111.6,,,,,,mouse_tracking,,,,,,,,,,,/app/training,dev_a86eb88b-8ae6-46e3-9f1a-65c0820fcf90,,,,,,,,,,,,,,,,,,,,,,,,,,,,,,,,,,,,,,,,,,,,,,,,,,,,,,,,,,,,,,,,
training_event,training,468f03a2-d7c9-4701-abf8-bb2c692f696b,21349e1e-4625-48da-aaa5-ecb6e9f8b47d,2026-08-15T18:40:48.317000+00:00,mouse_move,,,,,324.8,91.6,,,,,,mouse_tracking,,,,,,,,,,,/app/training,dev_a86eb88b-8ae6-46e3-9f1a-65c0820fcf90,,,,,,,,,,,,,,,,,,,,,,,,,,,,,,,,,,,,,,,,,,,,,,,,,,,,,,,,,,,,,,,,
training_event,training,468f03a2-d7c9-4701-abf8-bb2c692f696b,21349e1e-4625-48da-aaa5-ecb6e9f8b47d,2026-08-15T18:40:41.853000+00:00,mouse_move,,,,,484.8,247.6,,,,,,mouse_tracking,,,,,,,,,,,/app/training,dev_a86eb88b-8ae6-46e3-9f1a-65c0820fcf90,,,,,,,,,,,,,,,,,,,,,,,,,,,,,,,,,,,,,,,,,,,,,,,,,,,,,,,,,,,,,,,,
training_event,training,468f03a2-d7c9-4701-abf8-bb2c692f696b,21349e1e-4625-48da-aaa5-ecb6e9f8b47d,2026-08-15T18:40:42.903000+00:00,mouse_move,,,,,461.8,262.6,,,,,,mouse_tracking,,,,,,,,,,,/app/training,dev_a86eb88b-8ae6-46e3-9f1a-65c0820fcf90,,,,,,,,,,,,,,,,,,,,,,,,,,,,,,,,,,,,,,,,,,,,,,,,,,,,,,,,,,,,,,,,
training_event,training,468f03a2-d7c9-4701-abf8-bb2c692f696b,21349e1e-4625-48da-aaa5-ecb6e9f8b47d,2026-08-15T18:40:43.102000+00:00,mouse_move,,,,,453.8,291.6,,,,,,mouse_tracking,,,,,,,,,,,/app/training,dev_a86eb88b-8ae6-46e3-9f1a-65c0820fcf90,,,,,,,,,,,,,,,,,,,,,,,,,,,,,,,,,,,,,,,,,,,,,,,,,,,,,,,,,,,,,,,,
training_event,training,468f03a2-d7c9-4701-abf8-bb2c692f696b,21349e1e-4625-48da-aaa5-ecb6e9f8b47d,2026-08-15T18:40:43.152000+00:00,mouse_move,,,,,453.8,294.6,,,,,,mouse_tracking,,,,,,,,,,,/app/training,dev_a86eb88b-8ae6-46e3-9f1a-65c0820fcf90,,,,,,,,,,,,,,,,,,,,,,,,,,,,,,,,,,,,,,,,,,,,,,,,,,,,,,,,,,,,,,,,
training_event,training,468f03a2-d7c9-4701-abf8-bb2c692f696b,21349e1e-4625-48da-aaa5-ecb6e9f8b47d,2026-08-15T18:40:44.069000+00:00,mouse_move,,,,,368.8,335.6,,,,,,mouse_tracking,,,,,,,,,,,/app/training,dev_a86eb88b-8ae6-46e3-9f1a-65c0820fcf90,,,,,,,,,,,,,,,,,,,,,,,,,,,,,,,,,,,,,,,,,,,,,,,,,,,,,,,,,,,,,,,,
training_event,training,468f03a2-d7c9-4701-abf8-bb2c692f696b,21349e1e-4625-48da-aaa5-ecb6e9f8b47d,2026-08-15T18:40:45.118000+00:00,mouse_move,,,,,274.8,331.6,,,,,,mouse_tracking,,,,,,,,,,,/app/training,dev_a86eb88b-8ae6-46e3-9f1a-65c0820fcf90,,,,,,,,,,,,,,,,,,,,,,,,,,,,,,,,,,,,,,,,,,,,,,,,,,,,,,,,,,,,,,,,
training_event,training,468f03a2-d7c9-4701-abf8-bb2c692f696b,21349e1e-4625-48da-aaa5-ecb6e9f8b47d,2026-08-15T18:40:45.135000+00:00,mouse_move,,,,,272.8,331.6,,,,,,mouse_tracking,,,,,,,,,,,/app/training,dev_a86eb88b-8ae6-46e3-9f1a-65c0820fcf90,,,,,,,,,,,,,,,,,,,,,,,,,,,,,,,,,,,,,,,,,,,,,,,,,,,,,,,,,,,,,,,,
training_event,training,468f03a2-d7c9-4701-abf8-bb2c692f696b,21349e1e-4625-48da-aaa5-ecb6e9f8b47d,2026-08-15T18:40:46.119000+00:00,mouse_move,,,,,259.8,295.6,,,,,,mouse_tracking,,,,,,,,,,,/app/training,dev_a86eb88b-8ae6-46e3-9f1a-65c0820fcf90,,,,,,,,,,,,,,,,,,,,,,,,,,,,,,,,,,,,,,,,,,,,,,,,,,,,,,,,,,,,,,,,
training_event,training,468f03a2-d7c9-4701-abf8-bb2c692f696b,21349e1e-4625-48da-aaa5-ecb6e9f8b47d,2026-08-15T18:40:46.202000+00:00,mouse_move,,,,,239.8,241.6,,,,,,mouse_tracking,,,,,,,,,,,/app/training,dev_a86eb88b-8ae6-46e3-9f1a-65c0820fcf90,,,,,,,,,,,,,,,,,,,,,,,,,,,,,,,,,,,,,,,,,,,,,,,,,,,,,,,,,,,,,,,,
training_event,training,468f03a2-d7c9-4701-abf8-bb2c692f696b,21349e1e-4625-48da-aaa5-ecb6e9f8b47d,2026-08-15T18:40:48.184000+00:00,mouse_move,,,,,280.8,102.6,,,,,,mouse_tracking,,,,,,,,,,,/app/training,dev_a86eb88b-8ae6-46e3-9f1a-65c0820fcf90,,,,,,,,,,,,,,,,,,,,,,,,,,,,,,,,,,,,,,,,,,,,,,,,,,,,,,,,,,,,,,,,
training_event,training,468f03a2-d7c9-4701-abf8-bb2c692f696b,21349e1e-4625-48da-aaa5-ecb6e9f8b47d,2026-08-15T18:40:48.368000+00:00,mouse_move,,,,,332.8,90.6,,,,,,mouse_tracking,,,,,,,,,,,/app/training,dev_a86eb88b-8ae6-46e3-9f1a-65c0820fcf90,,,,,,,,,,,,,,,,,,,,,,,,,,,,,,,,,,,,,,,,,,,,,,,,,,,,,,,,,,,,,,,,
training_event,training,468f03a2-d7c9-4701-abf8-bb2c692f696b,21349e1e-4625-48da-aaa5-ecb6e9f8b47d,2026-08-15T18:40:48.417000+00:00,mouse_move,,,,,334.8,90.6,,,,,,mouse_tracking,,,,,,,,,,,/app/training,dev_a86eb88b-8ae6-46e3-9f1a-65c0820fcf90,,,,,,,,,,,,,,,,,,,,,,,,,,,,,,,,,,,,,,,,,,,,,,,,,,,,,,,,,,,,,,,,
training_event,training,468f03a2-d7c9-4701-abf8-bb2c692f696b,21349e1e-4625-48da-aaa5-ecb6e9f8b47d,2026-08-15T18:40:48.534000+00:00,mouse_move,,,,,337.8,89.6,,,,,,mouse_tracking,,,,,,,,,,,/app/training,dev_a86eb88b-8ae6-46e3-9f1a-65c0820fcf90,,,,,,,,,,,,,,,,,,,,,,,,,,,,,,,,,,,,,,,,,,,,,,,,,,,,,,,,,,,,,,,,
training_event,training,468f03a2-d7c9-4701-abf8-bb2c692f696b,21349e1e-4625-48da-aaa5-ecb6e9f8b47d,2026-08-15T18:40:50.217000+00:00,mouse_move,,,,,474.8,139.6,,,,,,mouse_tracking,,,,,,,,,,,/app/training,dev_a86eb88b-8ae6-46e3-9f1a-65c0820fcf90,,,,,,,,,,,,,,,,,,,,,,,,,,,,,,,,,,,,,,,,,,,,,,,,,,,,,,,,,,,,,,,,
training_event,training,468f03a2-d7c9-4701-abf8-bb2c692f696b,21349e1e-4625-48da-aaa5-ecb6e9f8b47d,2026-08-15T18:40:42.936000+00:00,mouse_move,,,,,457.8,270.6,,,,,,mouse_tracking,,,,,,,,,,,/app/training,dev_a86eb88b-8ae6-46e3-9f1a-65c0820fcf90,,,,,,,,,,,,,,,,,,,,,,,,,,,,,,,,,,,,,,,,,,,,,,,,,,,,,,,,,,,,,,,,
training_event,training,468f03a2-d7c9-4701-abf8-bb2c692f696b,21349e1e-4625-48da-aaa5-ecb6e9f8b47d,2026-08-15T18:40:43.020000+00:00,mouse_move,,,,,454.8,283.6,,,,,,mouse_tracking,,,,,,,,,,,/app/training,dev_a86eb88b-8ae6-46e3-9f1a-65c0820fcf90,,,,,,,,,,,,,,,,,,,,,,,,,,,,,,,,,,,,,,,,,,,,,,,,,,,,,,,,,,,,,,,,
training_event,training,468f03a2-d7c9-4701-abf8-bb2c692f696b,21349e1e-4625-48da-aaa5-ecb6e9f8b47d,2026-08-15T18:40:43.935000+00:00,mouse_move,,,,,450.8,307.6,,,,,,mouse_tracking,,,,,,,,,,,/app/training,dev_a86eb88b-8ae6-46e3-9f1a-65c0820fcf90,,,,,,,,,,,,,,,,,,,,,,,,,,,,,,,,,,,,,,,,,,,,,,,,,,,,,,,,,,,,,,,,
training_event,training,468f03a2-d7c9-4701-abf8-bb2c692f696b,21349e1e-4625-48da-aaa5-ecb6e9f8b47d,2026-08-15T18:40:44.202000+00:00,mouse_move,,,,,364.8,338.6,,,,,,mouse_tracking,,,,,,,,,,,/app/training,dev_a86eb88b-8ae6-46e3-9f1a-65c0820fcf90,,,,,,,,,,,,,,,,,,,,,,,,,,,,,,,,,,,,,,,,,,,,,,,,,,,,,,,,,,,,,,,,
training_event,training,468f03a2-d7c9-4701-abf8-bb2c692f696b,21349e1e-4625-48da-aaa5-ecb6e9f8b47d,2026-08-15T18:40:46.084000+00:00,mouse_move,,,,,264.8,312.6,,,,,,mouse_tracking,,,,,,,,,,,/app/training,dev_a86eb88b-8ae6-46e3-9f1a-65c0820fcf90,,,,,,,,,,,,,,,,,,,,,,,,,,,,,,,,,,,,,,,,,,,,,,,,,,,,,,,,,,,,,,,,
training_event,training,468f03a2-d7c9-4701-abf8-bb2c692f696b,21349e1e-4625-48da-aaa5-ecb6e9f8b47d,2026-08-15T18:40:46.218000+00:00,mouse_move,,,,,238.8,236.6,,,,,,mouse_tracking,,,,,,,,,,,/app/training,dev_a86eb88b-8ae6-46e3-9f1a-65c0820fcf90,,,,,,,,,,,,,,,,,,,,,,,,,,,,,,,,,,,,,,,,,,,,,,,,,,,,,,,,,,,,,,,,
training_event,training,468f03a2-d7c9-4701-abf8-bb2c692f696b,21349e1e-4625-48da-aaa5-ecb6e9f8b47d,2026-08-15T18:40:46.284000+00:00,mouse_move,,,,,237.8,234.6,,,,,,mouse_tracking,,,,,,,,,,,/app/training,dev_a86eb88b-8ae6-46e3-9f1a-65c0820fcf90,,,,,,,,,,,,,,,,,,,,,,,,,,,,,,,,,,,,,,,,,,,,,,,,,,,,,,,,,,,,,,,,
training_event,training,468f03a2-d7c9-4701-abf8-bb2c692f696b,21349e1e-4625-48da-aaa5-ecb6e9f8b47d,2026-08-15T18:40:47.118000+00:00,mouse_move,,,,,238.8,177.6,,,,,,mouse_tracking,,,,,,,,,,,/app/training,dev_a86eb88b-8ae6-46e3-9f1a-65c0820fcf90,,,,,,,,,,,,,,,,,,,,,,,,,,,,,,,,,,,,,,,,,,,,,,,,,,,,,,,,,,,,,,,,
training_event,training,468f03a2-d7c9-4701-abf8-bb2c692f696b,21349e1e-4625-48da-aaa5-ecb6e9f8b47d,2026-08-15T18:40:47.417000+00:00,mouse_move,,,,,256.8,107.6,,,,,,mouse_tracking,,,,,,,,,,,/app/training,dev_a86eb88b-8ae6-46e3-9f1a-65c0820fcf90,,,,,,,,,,,,,,,,,,,,,,,,,,,,,,,,,,,,,,,,,,,,,,,,,,,,,,,,,,,,,,,,
training_event,training,468f03a2-d7c9-4701-abf8-bb2c692f696b,21349e1e-4625-48da-aaa5-ecb6e9f8b47d,2026-08-15T18:40:48.299000+00:00,mouse_move,,,,,321.8,91.6,,,,,,mouse_tracking,,,,,,,,,,,/app/training,dev_a86eb88b-8ae6-46e3-9f1a-65c0820fcf90,,,,,,,,,,,,,,,,,,,,,,,,,,,,,,,,,,,,,,,,,,,,,,,,,,,,,,,,,,,,,,,,
training_event,training,468f03a2-d7c9-4701-abf8-bb2c692f696b,21349e1e-4625-48da-aaa5-ecb6e9f8b47d,2026-08-15T18:40:48.734000+00:00,mouse_move,,,,,356.8,76.6,,,,,,mouse_tracking,,,,,,,,,,,/app/training,dev_a86eb88b-8ae6-46e3-9f1a-65c0820fcf90,,,,,,,,,,,,,,,,,,,,,,,,,,,,,,,,,,,,,,,,,,,,,,,,,,,,,,,,,,,,,,,,
training_event,training,468f03a2-d7c9-4701-abf8-bb2c692f696b,21349e1e-4625-48da-aaa5-ecb6e9f8b47d,2026-08-15T18:40:50.183000+00:00,mouse_move,,,,,476.8,140.6,,,,,,mouse_tracking,,,,,,,,,,,/app/training,dev_a86eb88b-8ae6-46e3-9f1a-65c0820fcf90,,,,,,,,,,,,,,,,,,,,,,,,,,,,,,,,,,,,,,,,,,,,,,,,,,,,,,,,,,,,,,,,
training_event,training,468f03a2-d7c9-4701-abf8-bb2c692f696b,21349e1e-4625-48da-aaa5-ecb6e9f8b47d,2026-08-15T18:40:41.769000+00:00,mouse_move,,,,,482.8,251.6,,,,,,mouse_tracking,,,,,,,,,,,/app/training,dev_a86eb88b-8ae6-46e3-9f1a-65c0820fcf90,,,,,,,,,,,,,,,,,,,,,,,,,,,,,,,,,,,,,,,,,,,,,,,,,,,,,,,,,,,,,,,,
training_event,training,468f03a2-d7c9-4701-abf8-bb2c692f696b,21349e1e-4625-48da-aaa5-ecb6e9f8b47d,2026-08-15T18:40:42.852000+00:00,mouse_move,,,,,469.8,245.6,,,,,,mouse_tracking,,,,,,,,,,,/app/training,dev_a86eb88b-8ae6-46e3-9f1a-65c0820fcf90,,,,,,,,,,,,,,,,,,,,,,,,,,,,,,,,,,,,,,,,,,,,,,,,,,,,,,,,,,,,,,,,
training_event,training,468f03a2-d7c9-4701-abf8-bb2c692f696b,21349e1e-4625-48da-aaa5-ecb6e9f8b47d,2026-08-15T18:40:43.069000+00:00,mouse_move,,,,,453.8,289.6,,,,,,mouse_tracking,,,,,,,,,,,/app/training,dev_a86eb88b-8ae6-46e3-9f1a-65c0820fcf90,,,,,,,,,,,,,,,,,,,,,,,,,,,,,,,,,,,,,,,,,,,,,,,,,,,,,,,,,,,,,,,,
training_event,training,468f03a2-d7c9-4701-abf8-bb2c692f696b,21349e1e-4625-48da-aaa5-ecb6e9f8b47d,2026-08-15T18:40:45.302000+00:00,mouse_move,,,,,264.8,317.6,,,,,,mouse_tracking,,,,,,,,,,,/app/training,dev_a86eb88b-8ae6-46e3-9f1a-65c0820fcf90,,,,,,,,,,,,,,,,,,,,,,,,,,,,,,,,,,,,,,,,,,,,,,,,,,,,,,,,,,,,,,,,
training_event,training,468f03a2-d7c9-4701-abf8-bb2c692f696b,21349e1e-4625-48da-aaa5-ecb6e9f8b47d,2026-08-15T18:40:47.151000+00:00,mouse_move,,,,,245.8,132.6,,,,,,mouse_tracking,,,,,,,,,,,/app/training,dev_a86eb88b-8ae6-46e3-9f1a-65c0820fcf90,,,,,,,,,,,,,,,,,,,,,,,,,,,,,,,,,,,,,,,,,,,,,,,,,,,,,,,,,,,,,,,,
training_event,training,468f03a2-d7c9-4701-abf8-bb2c692f696b,21349e1e-4625-48da-aaa5-ecb6e9f8b47d,2026-08-15T18:40:48.168000+00:00,mouse_move,,,,,274.8,105.6,,,,,,mouse_tracking,,,,,,,,,,,/app/training,dev_a86eb88b-8ae6-46e3-9f1a-65c0820fcf90,,,,,,,,,,,,,,,,,,,,,,,,,,,,,,,,,,,,,,,,,,,,,,,,,,,,,,,,,,,,,,,,
training_event,training,468f03a2-d7c9-4701-abf8-bb2c692f696b,21349e1e-4625-48da-aaa5-ecb6e9f8b47d,2026-08-15T18:40:48.617000+00:00,mouse_move,,,,,345.8,83.6,,,,,,mouse_tracking,,,,,,,,,,,/app/training,dev_a86eb88b-8ae6-46e3-9f1a-65c0820fcf90,,,,,,,,,,,,,,,,,,,,,,,,,,,,,,,,,,,,,,,,,,,,,,,,,,,,,,,,,,,,,,,,
training_event,training,468f03a2-d7c9-4701-abf8-bb2c692f696b,21349e1e-4625-48da-aaa5-ecb6e9f8b47d,2026-08-15T18:40:48.635000+00:00,mouse_move,,,,,348.8,82.6,,,,,,mouse_tracking,,,,,,,,,,,/app/training,dev_a86eb88b-8ae6-46e3-9f1a-65c0820fcf90,,,,,,,,,,,,,,,,,,,,,,,,,,,,,,,,,,,,,,,,,,,,,,,,,,,,,,,,,,,,,,,,
training_event,training,468f03a2-d7c9-4701-abf8-bb2c692f696b,21349e1e-4625-48da-aaa5-ecb6e9f8b47d,2026-08-15T18:40:48.651000+00:00,mouse_move,,,,,350.8,79.6,,,,,,mouse_tracking,,,,,,,,,,,/app/training,dev_a86eb88b-8ae6-46e3-9f1a-65c0820fcf90,,,,,,,,,,,,,,,,,,,,,,,,,,,,,,,,,,,,,,,,,,,,,,,,,,,,,,,,,,,,,,,,
training_event,training,468f03a2-d7c9-4701-abf8-bb2c692f696b,21349e1e-4625-48da-aaa5-ecb6e9f8b47d,2026-08-15T18:40:49.734000+00:00,mouse_move,,,,,472.8,126.6,,,,,,mouse_tracking,,,,,,,,,,,/app/training,dev_a86eb88b-8ae6-46e3-9f1a-65c0820fcf90,,,,,,,,,,,,,,,,,,,,,,,,,,,,,,,,,,,,,,,,,,,,,,,,,,,,,,,,,,,,,,,,
training_event,training,468f03a2-d7c9-4701-abf8-bb2c692f696b,21349e1e-4625-48da-aaa5-ecb6e9f8b47d,2026-08-15T18:40:49.849000+00:00,mouse_move,,,,,513.8,150.6,,,,,,mouse_tracking,,,,,,,,,,,/app/training,dev_a86eb88b-8ae6-46e3-9f1a-65c0820fcf90,,,,,,,,,,,,,,,,,,,,,,,,,,,,,,,,,,,,,,,,,,,,,,,,,,,,,,,,,,,,,,,,
training_event,training,468f03a2-d7c9-4701-abf8-bb2c692f696b,21349e1e-4625-48da-aaa5-ecb6e9f8b47d,2026-08-15T18:40:41.585000+00:00,mouse_move,,,,,444.8,250.6,,,,,,mouse_tracking,,,,,,,,,,,/app/training,dev_a86eb88b-8ae6-46e3-9f1a-65c0820fcf90,,,,,,,,,,,,,,,,,,,,,,,,,,,,,,,,,,,,,,,,,,,,,,,,,,,,,,,,,,,,,,,,
training_event,training,468f03a2-d7c9-4701-abf8-bb2c692f696b,21349e1e-4625-48da-aaa5-ecb6e9f8b47d,2026-08-15T18:40:41.637000+00:00,mouse_move,,,,,464.8,251.6,,,,,,mouse_tracking,,,,,,,,,,,/app/training,dev_a86eb88b-8ae6-46e3-9f1a-65c0820fcf90,,,,,,,,,,,,,,,,,,,,,,,,,,,,,,,,,,,,,,,,,,,,,,,,,,,,,,,,,,,,,,,,
training_event,training,468f03a2-d7c9-4701-abf8-bb2c692f696b,21349e1e-4625-48da-aaa5-ecb6e9f8b47d,2026-08-15T18:40:43.036000+00:00,mouse_move,,,,,453.8,285.6,,,,,,mouse_tracking,,,,,,,,,,,/app/training,dev_a86eb88b-8ae6-46e3-9f1a-65c0820fcf90,,,,,,,,,,,,,,,,,,,,,,,,,,,,,,,,,,,,,,,,,,,,,,,,,,,,,,,,,,,,,,,,
training_event,training,468f03a2-d7c9-4701-abf8-bb2c692f696b,21349e1e-4625-48da-aaa5-ecb6e9f8b47d,2026-08-15T18:40:44.935000+00:00,mouse_move,,,,,362.8,338.6,,,,,,mouse_tracking,,,,,,,,,,,/app/training,dev_a86eb88b-8ae6-46e3-9f1a-65c0820fcf90,,,,,,,,,,,,,,,,,,,,,,,,,,,,,,,,,,,,,,,,,,,,,,,,,,,,,,,,,,,,,,,,
training_event,training,468f03a2-d7c9-4701-abf8-bb2c692f696b,21349e1e-4625-48da-aaa5-ecb6e9f8b47d,2026-08-15T18:40:45.002000+00:00,mouse_move,,,,,310.8,338.6,,,,,,mouse_tracking,,,,,,,,,,,/app/training,dev_a86eb88b-8ae6-46e3-9f1a-65c0820fcf90,,,,,,,,,,,,,,,,,,,,,,,,,,,,,,,,,,,,,,,,,,,,,,,,,,,,,,,,,,,,,,,,
training_event,training,468f03a2-d7c9-4701-abf8-bb2c692f696b,21349e1e-4625-48da-aaa5-ecb6e9f8b47d,2026-08-15T18:40:45.268000+00:00,mouse_move,,,,,266.8,322.6,,,,,,mouse_tracking,,,,,,,,,,,/app/training,dev_a86eb88b-8ae6-46e3-9f1a-65c0820fcf90,,,,,,,,,,,,,,,,,,,,,,,,,,,,,,,,,,,,,,,,,,,,,,,,,,,,,,,,,,,,,,,,
training_event,training,468f03a2-d7c9-4701-abf8-bb2c692f696b,21349e1e-4625-48da-aaa5-ecb6e9f8b47d,2026-08-15T18:40:46.101000+00:00,mouse_move,,,,,264.8,306.6,,,,,,mouse_tracking,,,,,,,,,,,/app/training,dev_a86eb88b-8ae6-46e3-9f1a-65c0820fcf90,,,,,,,,,,,,,,,,,,,,,,,,,,,,,,,,,,,,,,,,,,,,,,,,,,,,,,,,,,,,,,,,
training_event,training,468f03a2-d7c9-4701-abf8-bb2c692f696b,21349e1e-4625-48da-aaa5-ecb6e9f8b47d,2026-08-15T18:40:47.234000+00:00,mouse_move,,,,,249.8,109.6,,,,,,mouse_tracking,,,,,,,,,,,/app/training,dev_a86eb88b-8ae6-46e3-9f1a-65c0820fcf90,,,,,,,,,,,,,,,,,,,,,,,,,,,,,,,,,,,,,,,,,,,,,,,,,,,,,,,,,,,,,,,,
training_event,training,468f03a2-d7c9-4701-abf8-bb2c692f696b,21349e1e-4625-48da-aaa5-ecb6e9f8b47d,2026-08-15T18:40:48.600000+00:00,mouse_move,,,,,344.8,84.6,,,,,,mouse_tracking,,,,,,,,,,,/app/training,dev_a86eb88b-8ae6-46e3-9f1a-65c0820fcf90,,,,,,,,,,,,,,,,,,,,,,,,,,,,,,,,,,,,,,,,,,,,,,,,,,,,,,,,,,,,,,,,
training_event,training,468f03a2-d7c9-4701-abf8-bb2c692f696b,21349e1e-4625-48da-aaa5-ecb6e9f8b47d,2026-08-15T18:40:49.667000+00:00,mouse_move,,,,,375.8,80.6,,,,,,mouse_tracking,,,,,,,,,,,/app/training,dev_a86eb88b-8ae6-46e3-9f1a-65c0820fcf90,,,,,,,,,,,,,,,,,,,,,,,,,,,,,,,,,,,,,,,,,,,,,,,,,,,,,,,,,,,,,,,,
training_event,training,468f03a2-d7c9-4701-abf8-bb2c692f696b,21349e1e-4625-48da-aaa5-ecb6e9f8b47d,2026-08-15T18:40:49.917000+00:00,mouse_move,,,,,517.8,150.6,,,,,,mouse_tracking,,,,,,,,,,,/app/training,dev_a86eb88b-8ae6-46e3-9f1a-65c0820fcf90,,,,,,,,,,,,,,,,,,,,,,,,,,,,,,,,,,,,,,,,,,,,,,,,,,,,,,,,,,,,,,,,
training_event,training,468f03a2-d7c9-4701-abf8-bb2c692f696b,21349e1e-4625-48da-aaa5-ecb6e9f8b47d,2026-08-15T18:40:50.150000+00:00,mouse_move,,,,,484.8,143.6,,,,,,mouse_tracking,,,,,,,,,,,/app/training,dev_a86eb88b-8ae6-46e3-9f1a-65c0820fcf90,,,,,,,,,,,,,,,,,,,,,,,,,,,,,,,,,,,,,,,,,,,,,,,,,,,,,,,,,,,,,,,,
training_event,training,468f03a2-d7c9-4701-abf8-bb2c692f696b,21349e1e-4625-48da-aaa5-ecb6e9f8b47d,2026-08-15T18:40:44.002000+00:00,mouse_move,,,,,392.8,322.6,,,,,,mouse_tracking,,,,,,,,,,,/app/training,dev_a86eb88b-8ae6-46e3-9f1a-65c0820fcf90,,,,,,,,,,,,,,,,,,,,,,,,,,,,,,,,,,,,,,,,,,,,,,,,,,,,,,,,,,,,,,,,
training_event,training,468f03a2-d7c9-4701-abf8-bb2c692f696b,21349e1e-4625-48da-aaa5-ecb6e9f8b47d,2026-08-15T18:40:45.185000+00:00,mouse_move,,,,,269.8,330.6,,,,,,mouse_tracking,,,,,,,,,,,/app/training,dev_a86eb88b-8ae6-46e3-9f1a-65c0820fcf90,,,,,,,,,,,,,,,,,,,,,,,,,,,,,,,,,,,,,,,,,,,,,,,,,,,,,,,,,,,,,,,,
training_event,training,468f03a2-d7c9-4701-abf8-bb2c692f696b,21349e1e-4625-48da-aaa5-ecb6e9f8b47d,2026-08-15T18:40:45.340000+00:00,mouse_move,,,,,264.8,315.6,,,,,,mouse_tracking,,,,,,,,,,,/app/training,dev_a86eb88b-8ae6-46e3-9f1a-65c0820fcf90,,,,,,,,,,,,,,,,,,,,,,,,,,,,,,,,,,,,,,,,,,,,,,,,,,,,,,,,,,,,,,,,
training_event,training,468f03a2-d7c9-4701-abf8-bb2c692f696b,21349e1e-4625-48da-aaa5-ecb6e9f8b47d,2026-08-15T18:40:46.251000+00:00,mouse_move,,,,,238.8,235.6,,,,,,mouse_tracking,,,,,,,,,,,/app/training,dev_a86eb88b-8ae6-46e3-9f1a-65c0820fcf90,,,,,,,,,,,,,,,,,,,,,,,,,,,,,,,,,,,,,,,,,,,,,,,,,,,,,,,,,,,,,,,,
training_event,training,468f03a2-d7c9-4701-abf8-bb2c692f696b,21349e1e-4625-48da-aaa5-ecb6e9f8b47d,2026-08-15T18:40:47.434000+00:00,mouse_move,,,,,259.8,107.6,,,,,,mouse_tracking,,,,,,,,,,,/app/training,dev_a86eb88b-8ae6-46e3-9f1a-65c0820fcf90,,,,,,,,,,,,,,,,,,,,,,,,,,,,,,,,,,,,,,,,,,,,,,,,,,,,,,,,,,,,,,,,
training_event,training,468f03a2-d7c9-4701-abf8-bb2c692f696b,21349e1e-4625-48da-aaa5-ecb6e9f8b47d,2026-08-15T18:40:48.551000+00:00,mouse_move,,,,,340.8,87.6,,,,,,mouse_tracking,,,,,,,,,,,/app/training,dev_a86eb88b-8ae6-46e3-9f1a-65c0820fcf90,,,,,,,,,,,,,,,,,,,,,,,,,,,,,,,,,,,,,,,,,,,,,,,,,,,,,,,,,,,,,,,,
training_event,training,468f03a2-d7c9-4701-abf8-bb2c692f696b,21349e1e-4625-48da-aaa5-ecb6e9f8b47d,2026-08-15T18:40:50.083000+00:00,mouse_move,,,,,512.8,150.6,,,,,,mouse_tracking,,,,,,,,,,,/app/training,dev_a86eb88b-8ae6-46e3-9f1a-65c0820fcf90,,,,,,,,,,,,,,,,,,,,,,,,,,,,,,,,,,,,,,,,,,,,,,,,,,,,,,,,,,,,,,,,
training_event,training,468f03a2-d7c9-4701-abf8-bb2c692f696b,21349e1e-4625-48da-aaa5-ecb6e9f8b47d,2026-08-15T18:40:43.235000+00:00,mouse_move,,,,,453.8,300.6,,,,,,mouse_tracking,,,,,,,,,,,/app/training,dev_a86eb88b-8ae6-46e3-9f1a-65c0820fcf90,,,,,,,,,,,,,,,,,,,,,,,,,,,,,,,,,,,,,,,,,,,,,,,,,,,,,,,,,,,,,,,,
training_event,training,468f03a2-d7c9-4701-abf8-bb2c692f696b,21349e1e-4625-48da-aaa5-ecb6e9f8b47d,2026-08-15T18:40:43.253000+00:00,mouse_move,,,,,453.8,302.6,,,,,,mouse_tracking,,,,,,,,,,,/app/training,dev_a86eb88b-8ae6-46e3-9f1a-65c0820fcf90,,,,,,,,,,,,,,,,,,,,,,,,,,,,,,,,,,,,,,,,,,,,,,,,,,,,,,,,,,,,,,,,
training_event,training,468f03a2-d7c9-4701-abf8-bb2c692f696b,21349e1e-4625-48da-aaa5-ecb6e9f8b47d,2026-08-15T18:40:44.035000+00:00,mouse_move,,,,,377.8,329.6,,,,,,mouse_tracking,,,,,,,,,,,/app/training,dev_a86eb88b-8ae6-46e3-9f1a-65c0820fcf90,,,,,,,,,,,,,,,,,,,,,,,,,,,,,,,,,,,,,,,,,,,,,,,,,,,,,,,,,,,,,,,,
training_event,training,468f03a2-d7c9-4701-abf8-bb2c692f696b,21349e1e-4625-48da-aaa5-ecb6e9f8b47d,2026-08-15T18:40:45.285000+00:00,mouse_move,,,,,264.8,318.6,,,,,,mouse_tracking,,,,,,,,,,,/app/training,dev_a86eb88b-8ae6-46e3-9f1a-65c0820fcf90,,,,,,,,,,,,,,,,,,,,,,,,,,,,,,,,,,,,,,,,,,,,,,,,,,,,,,,,,,,,,,,,
training_event,training,468f03a2-d7c9-4701-abf8-bb2c692f696b,21349e1e-4625-48da-aaa5-ecb6e9f8b47d,2026-08-15T18:40:48.251000+00:00,mouse_move,,,,,308.8,94.6,,,,,,mouse_tracking,,,,,,,,,,,/app/training,dev_a86eb88b-8ae6-46e3-9f1a-65c0820fcf90,,,,,,,,,,,,,,,,,,,,,,,,,,,,,,,,,,,,,,,,,,,,,,,,,,,,,,,,,,,,,,,,
training_event,training,468f03a2-d7c9-4701-abf8-bb2c692f696b,21349e1e-4625-48da-aaa5-ecb6e9f8b47d,2026-08-15T18:40:48.500000+00:00,mouse_move,,,,,336.8,90.6,,,,,,mouse_tracking,,,,,,,,,,,/app/training,dev_a86eb88b-8ae6-46e3-9f1a-65c0820fcf90,,,,,,,,,,,,,,,,,,,,,,,,,,,,,,,,,,,,,,,,,,,,,,,,,,,,,,,,,,,,,,,,
training_event,training,468f03a2-d7c9-4701-abf8-bb2c692f696b,21349e1e-4625-48da-aaa5-ecb6e9f8b47d,2026-08-15T18:40:49.684000+00:00,mouse_move,,,,,398.8,90.6,,,,,,mouse_tracking,,,,,,,,,,,/app/training,dev_a86eb88b-8ae6-46e3-9f1a-65c0820fcf90,,,,,,,,,,,,,,,,,,,,,,,,,,,,,,,,,,,,,,,,,,,,,,,,,,,,,,,,,,,,,,,,
training_event,training,468f03a2-d7c9-4701-abf8-bb2c692f696b,21349e1e-4625-48da-aaa5-ecb6e9f8b47d,2026-08-15T18:40:49.801000+00:00,mouse_move,,,,,504.8,145.6,,,,,,mouse_tracking,,,,,,,,,,,/app/training,dev_a86eb88b-8ae6-46e3-9f1a-65c0820fcf90,,,,,,,,,,,,,,,,,,,,,,,,,,,,,,,,,,,,,,,,,,,,,,,,,,,,,,,,,,,,,,,,
training_event,training,468f03a2-d7c9-4701-abf8-bb2c692f696b,21349e1e-4625-48da-aaa5-ecb6e9f8b47d,2026-08-15T18:40:41.519000+00:00,mouse_move,,,,,390.8,251.6,,,,,,mouse_tracking,,,,,,,,,,,/app/training,dev_a86eb88b-8ae6-46e3-9f1a-65c0820fcf90,,,,,,,,,,,,,,,,,,,,,,,,,,,,,,,,,,,,,,,,,,,,,,,,,,,,,,,,,,,,,,,,
training_event,training,468f03a2-d7c9-4701-abf8-bb2c692f696b,21349e1e-4625-48da-aaa5-ecb6e9f8b47d,2026-08-15T18:40:41.869000+00:00,mouse_move,,,,,484.8,242.6,,,,,,mouse_tracking,,,,,,,,,,,/app/training,dev_a86eb88b-8ae6-46e3-9f1a-65c0820fcf90,,,,,,,,,,,,,,,,,,,,,,,,,,,,,,,,,,,,,,,,,,,,,,,,,,,,,,,,,,,,,,,,
training_event,training,468f03a2-d7c9-4701-abf8-bb2c692f696b,21349e1e-4625-48da-aaa5-ecb6e9f8b47d,2026-08-15T18:40:42.952000+00:00,mouse_move,,,,,456.8,274.6,,,,,,mouse_tracking,,,,,,,,,,,/app/training,dev_a86eb88b-8ae6-46e3-9f1a-65c0820fcf90,,,,,,,,,,,,,,,,,,,,,,,,,,,,,,,,,,,,,,,,,,,,,,,,,,,,,,,,,,,,,,,,
training_event,training,468f03a2-d7c9-4701-abf8-bb2c692f696b,21349e1e-4625-48da-aaa5-ecb6e9f8b47d,2026-08-15T18:40:42.986000+00:00,mouse_move,,,,,456.8,277.6,,,,,,mouse_tracking,,,,,,,,,,,/app/training,dev_a86eb88b-8ae6-46e3-9f1a-65c0820fcf90,,,,,,,,,,,,,,,,,,,,,,,,,,,,,,,,,,,,,,,,,,,,,,,,,,,,,,,,,,,,,,,,
training_event,training,468f03a2-d7c9-4701-abf8-bb2c692f696b,21349e1e-4625-48da-aaa5-ecb6e9f8b47d,2026-08-15T18:40:43.269000+00:00,mouse_move,,,,,453.8,303.6,,,,,,mouse_tracking,,,,,,,,,,,/app/training,dev_a86eb88b-8ae6-46e3-9f1a-65c0820fcf90,,,,,,,,,,,,,,,,,,,,,,,,,,,,,,,,,,,,,,,,,,,,,,,,,,,,,,,,,,,,,,,,
training_event,training,468f03a2-d7c9-4701-abf8-bb2c692f696b,21349e1e-4625-48da-aaa5-ecb6e9f8b47d,2026-08-15T18:40:43.952000+00:00,mouse_move,,,,,445.8,308.6,,,,,,mouse_tracking,,,,,,,,,,,/app/training,dev_a86eb88b-8ae6-46e3-9f1a-65c0820fcf90,,,,,,,,,,,,,,,,,,,,,,,,,,,,,,,,,,,,,,,,,,,,,,,,,,,,,,,,,,,,,,,,
training_event,training,468f03a2-d7c9-4701-abf8-bb2c692f696b,21349e1e-4625-48da-aaa5-ecb6e9f8b47d,2026-08-15T18:40:44.101000+00:00,mouse_move,,,,,364.8,336.6,,,,,,mouse_tracking,,,,,,,,,,,/app/training,dev_a86eb88b-8ae6-46e3-9f1a-65c0820fcf90,,,,,,,,,,,,,,,,,,,,,,,,,,,,,,,,,,,,,,,,,,,,,,,,,,,,,,,,,,,,,,,,
training_event,training,468f03a2-d7c9-4701-abf8-bb2c692f696b,21349e1e-4625-48da-aaa5-ecb6e9f8b47d,2026-08-15T18:40:45.018000+00:00,mouse_move,,,,,298.8,337.6,,,,,,mouse_tracking,,,,,,,,,,,/app/training,dev_a86eb88b-8ae6-46e3-9f1a-65c0820fcf90,,,,,,,,,,,,,,,,,,,,,,,,,,,,,,,,,,,,,,,,,,,,,,,,,,,,,,,,,,,,,,,,
training_event,training,468f03a2-d7c9-4701-abf8-bb2c692f696b,21349e1e-4625-48da-aaa5-ecb6e9f8b47d,2026-08-15T18:40:45.101000+00:00,mouse_move,,,,,274.8,333.6,,,,,,mouse_tracking,,,,,,,,,,,/app/training,dev_a86eb88b-8ae6-46e3-9f1a-65c0820fcf90,,,,,,,,,,,,,,,,,,,,,,,,,,,,,,,,,,,,,,,,,,,,,,,,,,,,,,,,,,,,,,,,
training_event,training,468f03a2-d7c9-4701-abf8-bb2c692f696b,21349e1e-4625-48da-aaa5-ecb6e9f8b47d,2026-08-15T18:40:47.401000+00:00,mouse_move,,,,,254.8,107.6,,,,,,mouse_tracking,,,,,,,,,,,/app/training,dev_a86eb88b-8ae6-46e3-9f1a-65c0820fcf90,,,,,,,,,,,,,,,,,,,,,,,,,,,,,,,,,,,,,,,,,,,,,,,,,,,,,,,,,,,,,,,,
training_event,training,468f03a2-d7c9-4701-abf8-bb2c692f696b,21349e1e-4625-48da-aaa5-ecb6e9f8b47d,2026-08-15T18:40:48.233000+00:00,mouse_move,,,,,302.8,95.6,,,,,,mouse_tracking,,,,,,,,,,,/app/training,dev_a86eb88b-8ae6-46e3-9f1a-65c0820fcf90,,,,,,,,,,,,,,,,,,,,,,,,,,,,,,,,,,,,,,,,,,,,,,,,,,,,,,,,,,,,,,,,
training_event,training,468f03a2-d7c9-4701-abf8-bb2c692f696b,21349e1e-4625-48da-aaa5-ecb6e9f8b47d,2026-08-15T18:40:48.283000+00:00,mouse_move,,,,,317.8,92.6,,,,,,mouse_tracking,,,,,,,,,,,/app/training,dev_a86eb88b-8ae6-46e3-9f1a-65c0820fcf90,,,,,,,,,,,,,,,,,,,,,,,,,,,,,,,,,,,,,,,,,,,,,,,,,,,,,,,,,,,,,,,,
training_event,training,468f03a2-d7c9-4701-abf8-bb2c692f696b,21349e1e-4625-48da-aaa5-ecb6e9f8b47d,2026-08-15T18:40:48.334000+00:00,mouse_move,,,,,327.8,91.6,,,,,,mouse_tracking,,,,,,,,,,,/app/training,dev_a86eb88b-8ae6-46e3-9f1a-65c0820fcf90,,,,,,,,,,,,,,,,,,,,,,,,,,,,,,,,,,,,,,,,,,,,,,,,,,,,,,,,,,,,,,,,
training_event,training,468f03a2-d7c9-4701-abf8-bb2c692f696b,21349e1e-4625-48da-aaa5-ecb6e9f8b47d,2026-08-15T18:40:41.537000+00:00,mouse_move,,,,,402.8,250.6,,,,,,mouse_tracking,,,,,,,,,,,/app/training,dev_a86eb88b-8ae6-46e3-9f1a-65c0820fcf90,,,,,,,,,,,,,,,,,,,,,,,,,,,,,,,,,,,,,,,,,,,,,,,,,,,,,,,,,,,,,,,,
training_event,training,468f03a2-d7c9-4701-abf8-bb2c692f696b,21349e1e-4625-48da-aaa5-ecb6e9f8b47d,2026-08-15T18:40:41.653000+00:00,mouse_move,,,,,468.8,251.6,,,,,,mouse_tracking,,,,,,,,,,,/app/training,dev_a86eb88b-8ae6-46e3-9f1a-65c0820fcf90,,,,,,,,,,,,,,,,,,,,,,,,,,,,,,,,,,,,,,,,,,,,,,,,,,,,,,,,,,,,,,,,
training_event,training,468f03a2-d7c9-4701-abf8-bb2c692f696b,21349e1e-4625-48da-aaa5-ecb6e9f8b47d,2026-08-15T18:40:43.003000+00:00,mouse_move,,,,,456.8,279.6,,,,,,mouse_tracking,,,,,,,,,,,/app/training,dev_a86eb88b-8ae6-46e3-9f1a-65c0820fcf90,,,,,,,,,,,,,,,,,,,,,,,,,,,,,,,,,,,,,,,,,,,,,,,,,,,,,,,,,,,,,,,,
training_event,training,468f03a2-d7c9-4701-abf8-bb2c692f696b,21349e1e-4625-48da-aaa5-ecb6e9f8b47d,2026-08-15T18:40:43.052000+00:00,mouse_move,,,,,453.8,288.6,,,,,,mouse_tracking,,,,,,,,,,,/app/training,dev_a86eb88b-8ae6-46e3-9f1a-65c0820fcf90,,,,,,,,,,,,,,,,,,,,,,,,,,,,,,,,,,,,,,,,,,,,,,,,,,,,,,,,,,,,,,,,
training_event,training,468f03a2-d7c9-4701-abf8-bb2c692f696b,21349e1e-4625-48da-aaa5-ecb6e9f8b47d,2026-08-15T18:40:44.086000+00:00,mouse_move,,,,,364.8,335.6,,,,,,mouse_tracking,,,,,,,,,,,/app/training,dev_a86eb88b-8ae6-46e3-9f1a-65c0820fcf90,,,,,,,,,,,,,,,,,,,,,,,,,,,,,,,,,,,,,,,,,,,,,,,,,,,,,,,,,,,,,,,,
training_event,training,468f03a2-d7c9-4701-abf8-bb2c692f696b,21349e1e-4625-48da-aaa5-ecb6e9f8b47d,2026-08-15T18:40:45.052000+00:00,mouse_move,,,,,282.8,334.6,,,,,,mouse_tracking,,,,,,,,,,,/app/training,dev_a86eb88b-8ae6-46e3-9f1a-65c0820fcf90,,,,,,,,,,,,,,,,,,,,,,,,,,,,,,,,,,,,,,,,,,,,,,,,,,,,,,,,,,,,,,,,
training_event,training,468f03a2-d7c9-4701-abf8-bb2c692f696b,21349e1e-4625-48da-aaa5-ecb6e9f8b47d,2026-08-15T18:40:46.135000+00:00,mouse_move,,,,,252.8,275.6,,,,,,mouse_tracking,,,,,,,,,,,/app/training,dev_a86eb88b-8ae6-46e3-9f1a-65c0820fcf90,,,,,,,,,,,,,,,,,,,,,,,,,,,,,,,,,,,,,,,,,,,,,,,,,,,,,,,,,,,,,,,,
training_event,training,468f03a2-d7c9-4701-abf8-bb2c692f696b,21349e1e-4625-48da-aaa5-ecb6e9f8b47d,2026-08-15T18:40:46.267000+00:00,mouse_move,,,,,237.8,235.6,,,,,,mouse_tracking,,,,,,,,,,,/app/training,dev_a86eb88b-8ae6-46e3-9f1a-65c0820fcf90,,,,,,,,,,,,,,,,,,,,,,,,,,,,,,,,,,,,,,,,,,,,,,,,,,,,,,,,,,,,,,,,
training_event,training,468f03a2-d7c9-4701-abf8-bb2c692f696b,21349e1e-4625-48da-aaa5-ecb6e9f8b47d,2026-08-15T18:40:48.217000+00:00,mouse_move,,,,,296.8,98.6,,,,,,mouse_tracking,,,,,,,,,,,/app/training,dev_a86eb88b-8ae6-46e3-9f1a-65c0820fcf90,,,,,,,,,,,,,,,,,,,,,,,,,,,,,,,,,,,,,,,,,,,,,,,,,,,,,,,,,,,,,,,,
training_event,training,468f03a2-d7c9-4701-abf8-bb2c692f696b,21349e1e-4625-48da-aaa5-ecb6e9f8b47d,2026-08-15T18:40:48.268000+00:00,mouse_move,,,,,314.8,92.6,,,,,,mouse_tracking,,,,,,,,,,,/app/training,dev_a86eb88b-8ae6-46e3-9f1a-65c0820fcf90,,,,,,,,,,,,,,,,,,,,,,,,,,,,,,,,,,,,,,,,,,,,,,,,,,,,,,,,,,,,,,,,
training_event,training,468f03a2-d7c9-4701-abf8-bb2c692f696b,21349e1e-4625-48da-aaa5-ecb6e9f8b47d,2026-08-15T18:40:48.583000+00:00,mouse_move,,,,,343.8,85.6,,,,,,mouse_tracking,,,,,,,,,,,/app/training,dev_a86eb88b-8ae6-46e3-9f1a-65c0820fcf90,,,,,,,,,,,,,,,,,,,,,,,,,,,,,,,,,,,,,,,,,,,,,,,,,,,,,,,,,,,,,,,,
training_event,training,468f03a2-d7c9-4701-abf8-bb2c692f696b,21349e1e-4625-48da-aaa5-ecb6e9f8b47d,2026-08-15T18:40:48.700000+00:00,mouse_move,,,,,354.8,77.6,,,,,,mouse_tracking,,,,,,,,,,,/app/training,dev_a86eb88b-8ae6-46e3-9f1a-65c0820fcf90,,,,,,,,,,,,,,,,,,,,,,,,,,,,,,,,,,,,,,,,,,,,,,,,,,,,,,,,,,,,,,,,
training_event,training,468f03a2-d7c9-4701-abf8-bb2c692f696b,21349e1e-4625-48da-aaa5-ecb6e9f8b47d,2026-08-15T18:40:48.717000+00:00,mouse_move,,,,,354.8,76.6,,,,,,mouse_tracking,,,,,,,,,,,/app/training,dev_a86eb88b-8ae6-46e3-9f1a-65c0820fcf90,,,,,,,,,,,,,,,,,,,,,,,,,,,,,,,,,,,,,,,,,,,,,,,,,,,,,,,,,,,,,,,,
training_event,training,468f03a2-d7c9-4701-abf8-bb2c692f696b,21349e1e-4625-48da-aaa5-ecb6e9f8b47d,2026-08-15T18:40:49.699000+00:00,mouse_move,,,,,424.8,102.6,,,,,,mouse_tracking,,,,,,,,,,,/app/training,dev_a86eb88b-8ae6-46e3-9f1a-65c0820fcf90,,,,,,,,,,,,,,,,,,,,,,,,,,,,,,,,,,,,,,,,,,,,,,,,,,,,,,,,,,,,,,,,
training_event,training,468f03a2-d7c9-4701-abf8-bb2c692f696b,21349e1e-4625-48da-aaa5-ecb6e9f8b47d,2026-08-15T18:40:49.717000+00:00,mouse_move,,,,,459.8,117.6,,,,,,mouse_tracking,,,,,,,,,,,/app/training,dev_a86eb88b-8ae6-46e3-9f1a-65c0820fcf90,,,,,,,,,,,,,,,,,,,,,,,,,,,,,,,,,,,,,,,,,,,,,,,,,,,,,,,,,,,,,,,,
training_event,training,468f03a2-d7c9-4701-abf8-bb2c692f696b,21349e1e-4625-48da-aaa5-ecb6e9f8b47d,2026-08-15T18:40:49.751000+00:00,mouse_move,,,,,484.8,134.6,,,,,,mouse_tracking,,,,,,,,,,,/app/training,dev_a86eb88b-8ae6-46e3-9f1a-65c0820fcf90,,,,,,,,,,,,,,,,,,,,,,,,,,,,,,,,,,,,,,,,,,,,,,,,,,,,,,,,,,,,,,,,
training_event,training,468f03a2-d7c9-4701-abf8-bb2c692f696b,21349e1e-4625-48da-aaa5-ecb6e9f8b47d,2026-08-15T18:40:50.200000+00:00,mouse_move,,,,,476.8,139.6,,,,,,mouse_tracking,,,,,,,,,,,/app/training,dev_a86eb88b-8ae6-46e3-9f1a-65c0820fcf90,,,,,,,,,,,,,,,,,,,,,,,,,,,,,,,,,,,,,,,,,,,,,,,,,,,,,,,,,,,,,,,,
training_event,training,468f03a2-d7c9-4701-abf8-bb2c692f696b,21349e1e-4625-48da-aaa5-ecb6e9f8b47d,2026-08-15T18:40:41.919000+00:00,mouse_move,,,,,485.8,221.6,,,,,,mouse_tracking,,,,,,,,,,,/app/training,dev_a86eb88b-8ae6-46e3-9f1a-65c0820fcf90,,,,,,,,,,,,,,,,,,,,,,,,,,,,,,,,,,,,,,,,,,,,,,,,,,,,,,,,,,,,,,,,
training_event,training,468f03a2-d7c9-4701-abf8-bb2c692f696b,21349e1e-4625-48da-aaa5-ecb6e9f8b47d,2026-08-15T18:40:41.953000+00:00,mouse_move,,,,,485.8,217.6,,,,,,mouse_tracking,,,,,,,,,,,/app/training,dev_a86eb88b-8ae6-46e3-9f1a-65c0820fcf90,,,,,,,,,,,,,,,,,,,,,,,,,,,,,,,,,,,,,,,,,,,,,,,,,,,,,,,,,,,,,,,,
training_event,training,468f03a2-d7c9-4701-abf8-bb2c692f696b,21349e1e-4625-48da-aaa5-ecb6e9f8b47d,2026-08-15T18:40:42.920000+00:00,mouse_move,,,,,459.8,268.6,,,,,,mouse_tracking,,,,,,,,,,,/app/training,dev_a86eb88b-8ae6-46e3-9f1a-65c0820fcf90,,,,,,,,,,,,,,,,,,,,,,,,,,,,,,,,,,,,,,,,,,,,,,,,,,,,,,,,,,,,,,,,
training_event,training,468f03a2-d7c9-4701-abf8-bb2c692f696b,21349e1e-4625-48da-aaa5-ecb6e9f8b47d,2026-08-15T18:40:43.285000+00:00,mouse_move,,,,,453.8,304.6,,,,,,mouse_tracking,,,,,,,,,,,/app/training,dev_a86eb88b-8ae6-46e3-9f1a-65c0820fcf90,,,,,,,,,,,,,,,,,,,,,,,,,,,,,,,,,,,,,,,,,,,,,,,,,,,,,,,,,,,,,,,,
training_event,training,468f03a2-d7c9-4701-abf8-bb2c692f696b,21349e1e-4625-48da-aaa5-ecb6e9f8b47d,2026-08-15T18:40:43.986000+00:00,mouse_move,,,,,406.8,319.6,,,,,,mouse_tracking,,,,,,,,,,,/app/training,dev_a86eb88b-8ae6-46e3-9f1a-65c0820fcf90,,,,,,,,,,,,,,,,,,,,,,,,,,,,,,,,,,,,,,,,,,,,,,,,,,,,,,,,,,,,,,,,
training_event,training,468f03a2-d7c9-4701-abf8-bb2c692f696b,21349e1e-4625-48da-aaa5-ecb6e9f8b47d,2026-08-15T18:40:44.952000+00:00,mouse_move,,,,,356.8,338.6,,,,,,mouse_tracking,,,,,,,,,,,/app/training,dev_a86eb88b-8ae6-46e3-9f1a-65c0820fcf90,,,,,,,,,,,,,,,,,,,,,,,,,,,,,,,,,,,,,,,,,,,,,,,,,,,,,,,,,,,,,,,,
training_event,training,468f03a2-d7c9-4701-abf8-bb2c692f696b,21349e1e-4625-48da-aaa5-ecb6e9f8b47d,2026-08-15T18:40:45.035000+00:00,mouse_move,,,,,289.8,335.6,,,,,,mouse_tracking,,,,,,,,,,,/app/training,dev_a86eb88b-8ae6-46e3-9f1a-65c0820fcf90,,,,,,,,,,,,,,,,,,,,,,,,,,,,,,,,,,,,,,,,,,,,,,,,,,,,,,,,,,,,,,,,
training_event,training,468f03a2-d7c9-4701-abf8-bb2c692f696b,21349e1e-4625-48da-aaa5-ecb6e9f8b47d,2026-08-15T18:40:47.134000+00:00,mouse_move,,,,,242.8,149.6,,,,,,mouse_tracking,,,,,,,,,,,/app/training,dev_a86eb88b-8ae6-46e3-9f1a-65c0820fcf90,,,,,,,,,,,,,,,,,,,,,,,,,,,,,,,,,,,,,,,,,,,,,,,,,,,,,,,,,,,,,,,,
training_event,training,468f03a2-d7c9-4701-abf8-bb2c692f696b,21349e1e-4625-48da-aaa5-ecb6e9f8b47d,2026-08-15T18:40:48.151000+00:00,mouse_move,,,,,264.8,107.6,,,,,,mouse_tracking,,,,,,,,,,,/app/training,dev_a86eb88b-8ae6-46e3-9f1a-65c0820fcf90,,,,,,,,,,,,,,,,,,,,,,,,,,,,,,,,,,,,,,,,,,,,,,,,,,,,,,,,,,,,,,,,
training_event,training,468f03a2-d7c9-4701-abf8-bb2c692f696b,21349e1e-4625-48da-aaa5-ecb6e9f8b47d,2026-08-15T18:40:48.684000+00:00,mouse_move,,,,,353.8,77.6,,,,,,mouse_tracking,,,,,,,,,,,/app/training,dev_a86eb88b-8ae6-46e3-9f1a-65c0820fcf90,,,,,,,,,,,,,,,,,,,,,,,,,,,,,,,,,,,,,,,,,,,,,,,,,,,,,,,,,,,,,,,,
training_event,training,468f03a2-d7c9-4701-abf8-bb2c692f696b,21349e1e-4625-48da-aaa5-ecb6e9f8b47d,2026-08-15T18:40:49.833000+00:00,mouse_move,,,,,512.8,149.6,,,,,,mouse_tracking,,,,,,,,,,,/app/training,dev_a86eb88b-8ae6-46e3-9f1a-65c0820fcf90,,,,,,,,,,,,,,,,,,,,,,,,,,,,,,,,,,,,,,,,,,,,,,,,,,,,,,,,,,,,,,,,
training_event,training,468f03a2-d7c9-4701-abf8-bb2c692f696b,21349e1e-4625-48da-aaa5-ecb6e9f8b47d,2026-08-15T18:40:41.686000+00:00,mouse_move,,,,,474.8,251.6,,,,,,mouse_tracking,,,,,,,,,,,/app/training,dev_a86eb88b-8ae6-46e3-9f1a-65c0820fcf90,,,,,,,,,,,,,,,,,,,,,,,,,,,,,,,,,,,,,,,,,,,,,,,,,,,,,,,,,,,,,,,,
training_event,training,468f03a2-d7c9-4701-abf8-bb2c692f696b,21349e1e-4625-48da-aaa5-ecb6e9f8b47d,2026-08-15T18:40:41.837000+00:00,mouse_move,,,,,484.8,250.6,,,,,,mouse_tracking,,,,,,,,,,,/app/training,dev_a86eb88b-8ae6-46e3-9f1a-65c0820fcf90,,,,,,,,,,,,,,,,,,,,,,,,,,,,,,,,,,,,,,,,,,,,,,,,,,,,,,,,,,,,,,,,
training_event,training,468f03a2-d7c9-4701-abf8-bb2c692f696b,21349e1e-4625-48da-aaa5-ecb6e9f8b47d,2026-08-15T18:40:41.969000+00:00,mouse_move,,,,,485.8,215.6,,,,,,mouse_tracking,,,,,,,,,,,/app/training,dev_a86eb88b-8ae6-46e3-9f1a-65c0820fcf90,,,,,,,,,,,,,,,,,,,,,,,,,,,,,,,,,,,,,,,,,,,,,,,,,,,,,,,,,,,,,,,,
training_event,training,468f03a2-d7c9-4701-abf8-bb2c692f696b,21349e1e-4625-48da-aaa5-ecb6e9f8b47d,2026-08-15T18:40:43.135000+00:00,mouse_move,,,,,453.8,292.6,,,,,,mouse_tracking,,,,,,,,,,,/app/training,dev_a86eb88b-8ae6-46e3-9f1a-65c0820fcf90,,,,,,,,,,,,,,,,,,,,,,,,,,,,,,,,,,,,,,,,,,,,,,,,,,,,,,,,,,,,,,,,
training_event,training,468f03a2-d7c9-4701-abf8-bb2c692f696b,21349e1e-4625-48da-aaa5-ecb6e9f8b47d,2026-08-15T18:40:43.336000+00:00,mouse_move,,,,,453.8,307.6,,,,,,mouse_tracking,,,,,,,,,,,/app/training,dev_a86eb88b-8ae6-46e3-9f1a-65c0820fcf90,,,,,,,,,,,,,,,,,,,,,,,,,,,,,,,,,,,,,,,,,,,,,,,,,,,,,,,,,,,,,,,,
training_event,training,468f03a2-d7c9-4701-abf8-bb2c692f696b,21349e1e-4625-48da-aaa5-ecb6e9f8b47d,2026-08-15T18:40:43.969000+00:00,mouse_move,,,,,430.8,312.6,,,,,,mouse_tracking,,,,,,,,,,,/app/training,dev_a86eb88b-8ae6-46e3-9f1a-65c0820fcf90,,,,,,,,,,,,,,,,,,,,,,,,,,,,,,,,,,,,,,,,,,,,,,,,,,,,,,,,,,,,,,,,
training_event,training,468f03a2-d7c9-4701-abf8-bb2c692f696b,21349e1e-4625-48da-aaa5-ecb6e9f8b47d,2026-08-15T18:40:44.969000+00:00,mouse_move,,,,,338.8,338.6,,,,,,mouse_tracking,,,,,,,,,,,/app/training,dev_a86eb88b-8ae6-46e3-9f1a-65c0820fcf90,,,,,,,,,,,,,,,,,,,,,,,,,,,,,,,,,,,,,,,,,,,,,,,,,,,,,,,,,,,,,,,,
training_event,training,468f03a2-d7c9-4701-abf8-bb2c692f696b,21349e1e-4625-48da-aaa5-ecb6e9f8b47d,2026-08-15T18:40:47.168000+00:00,mouse_move,,,,,247.8,122.6,,,,,,mouse_tracking,,,,,,,,,,,/app/training,dev_a86eb88b-8ae6-46e3-9f1a-65c0820fcf90,,,,,,,,,,,,,,,,,,,,,,,,,,,,,,,,,,,,,,,,,,,,,,,,,,,,,,,,,,,,,,,,
training_event,training,468f03a2-d7c9-4701-abf8-bb2c692f696b,21349e1e-4625-48da-aaa5-ecb6e9f8b47d,2026-08-15T18:40:47.384000+00:00,mouse_move,,,,,252.8,109.6,,,,,,mouse_tracking,,,,,,,,,,,/app/training,dev_a86eb88b-8ae6-46e3-9f1a-65c0820fcf90,,,,,,,,,,,,,,,,,,,,,,,,,,,,,,,,,,,,,,,,,,,,,,,,,,,,,,,,,,,,,,,,
training_event,training,468f03a2-d7c9-4701-abf8-bb2c692f696b,21349e1e-4625-48da-aaa5-ecb6e9f8b47d,2026-08-15T18:40:47.451000+00:00,mouse_move,,,,,260.8,107.6,,,,,,mouse_tracking,,,,,,,,,,,/app/training,dev_a86eb88b-8ae6-46e3-9f1a-65c0820fcf90,,,,,,,,,,,,,,,,,,,,,,,,,,,,,,,,,,,,,,,,,,,,,,,,,,,,,,,,,,,,,,,,
training_event,training,468f03a2-d7c9-4701-abf8-bb2c692f696b,21349e1e-4625-48da-aaa5-ecb6e9f8b47d,2026-08-15T18:40:47.468000+00:00,mouse_move,,,,,261.8,107.6,,,,,,mouse_tracking,,,,,,,,,,,/app/training,dev_a86eb88b-8ae6-46e3-9f1a-65c0820fcf90,,,,,,,,,,,,,,,,,,,,,,,,,,,,,,,,,,,,,,,,,,,,,,,,,,,,,,,,,,,,,,,,
training_event,training,468f03a2-d7c9-4701-abf8-bb2c692f696b,21349e1e-4625-48da-aaa5-ecb6e9f8b47d,2026-08-15T18:40:41.620000+00:00,mouse_move,,,,,459.8,251.6,,,,,,mouse_tracking,,,,,,,,,,,/app/training,dev_a86eb88b-8ae6-46e3-9f1a-65c0820fcf90,,,,,,,,,,,,,,,,,,,,,,,,,,,,,,,,,,,,,,,,,,,,,,,,,,,,,,,,,,,,,,,,
training_event,training,468f03a2-d7c9-4701-abf8-bb2c692f696b,21349e1e-4625-48da-aaa5-ecb6e9f8b47d,2026-08-15T18:40:42.820000+00:00,mouse_move,,,,,480.8,227.6,,,,,,mouse_tracking,,,,,,,,,,,/app/training,dev_a86eb88b-8ae6-46e3-9f1a-65c0820fcf90,,,,,,,,,,,,,,,,,,,,,,,,,,,,,,,,,,,,,,,,,,,,,,,,,,,,,,,,,,,,,,,,
training_event,training,468f03a2-d7c9-4701-abf8-bb2c692f696b,21349e1e-4625-48da-aaa5-ecb6e9f8b47d,2026-08-15T18:40:42.886000+00:00,mouse_move,,,,,463.8,256.6,,,,,,mouse_tracking,,,,,,,,,,,/app/training,dev_a86eb88b-8ae6-46e3-9f1a-65c0820fcf90,,,,,,,,,,,,,,,,,,,,,,,,,,,,,,,,,,,,,,,,,,,,,,,,,,,,,,,,,,,,,,,,
training_event,training,468f03a2-d7c9-4701-abf8-bb2c692f696b,21349e1e-4625-48da-aaa5-ecb6e9f8b47d,2026-08-15T18:40:44.018000+00:00,mouse_move,,,,,383.8,327.6,,,,,,mouse_tracking,,,,,,,,,,,/app/training,dev_a86eb88b-8ae6-46e3-9f1a-65c0820fcf90,,,,,,,,,,,,,,,,,,,,,,,,,,,,,,,,,,,,,,,,,,,,,,,,,,,,,,,,,,,,,,,,
training_event,training,468f03a2-d7c9-4701-abf8-bb2c692f696b,21349e1e-4625-48da-aaa5-ecb6e9f8b47d,2026-08-15T18:40:48.517000+00:00,mouse_move,,,,,336.8,89.6,,,,,,mouse_tracking,,,,,,,,,,,/app/training,dev_a86eb88b-8ae6-46e3-9f1a-65c0820fcf90,,,,,,,,,,,,,,,,,,,,,,,,,,,,,,,,,,,,,,,,,,,,,,,,,,,,,,,,,,,,,,,,
training_event,training,468f03a2-d7c9-4701-abf8-bb2c692f696b,21349e1e-4625-48da-aaa5-ecb6e9f8b47d,2026-08-15T18:40:49.783000+00:00,mouse_move,,,,,498.8,143.6,,,,,,mouse_tracking,,,,,,,,,,,/app/training,dev_a86eb88b-8ae6-46e3-9f1a-65c0820fcf90,,,,,,,,,,,,,,,,,,,,,,,,,,,,,,,,,,,,,,,,,,,,,,,,,,,,,,,,,,,,,,,,
training_event,training,468f03a2-d7c9-4701-abf8-bb2c692f696b,21349e1e-4625-48da-aaa5-ecb6e9f8b47d,2026-08-15T18:40:50.132000+00:00,mouse_move,,,,,491.8,147.6,,,,,,mouse_tracking,,,,,,,,,,,/app/training,dev_a86eb88b-8ae6-46e3-9f1a-65c0820fcf90,,,,,,,,,,,,,,,,,,,,,,,,,,,,,,,,,,,,,,,,,,,,,,,,,,,,,,,,,,,,,,,,
training_event,training,468f03a2-d7c9-4701-abf8-bb2c692f696b,21349e1e-4625-48da-aaa5-ecb6e9f8b47d,2026-08-15T18:40:50.166000+00:00,mouse_move,,,,,480.8,141.6,,,,,,mouse_tracking,,,,,,,,,,,/app/training,dev_a86eb88b-8ae6-46e3-9f1a-65c0820fcf90,,,,,,,,,,,,,,,,,,,,,,,,,,,,,,,,,,,,,,,,,,,,,,,,,,,,,,,,,,,,,,,,
training_event,training,468f03a2-d7c9-4701-abf8-bb2c692f696b,21349e1e-4625-48da-aaa5-ecb6e9f8b47d,2026-08-15T18:40:50.233000+00:00,mouse_move,,,,,474.8,138.6,,,,,,mouse_tracking,,,,,,,,,,,/app/training,dev_a86eb88b-8ae6-46e3-9f1a-65c0820fcf90,,,,,,,,,,,,,,,,,,,,,,,,,,,,,,,,,,,,,,,,,,,,,,,,,,,,,,,,,,,,,,,,
training_event,training,468f03a2-d7c9-4701-abf8-bb2c692f696b,21349e1e-4625-48da-aaa5-ecb6e9f8b47d,2026-08-15T18:40:41.570000+00:00,mouse_move,,,,,435.8,250.6,,,,,,mouse_tracking,,,,,,,,,,,/app/training,dev_a86eb88b-8ae6-46e3-9f1a-65c0820fcf90,,,,,,,,,,,,,,,,,,,,,,,,,,,,,,,,,,,,,,,,,,,,,,,,,,,,,,,,,,,,,,,,
training_event,training,468f03a2-d7c9-4701-abf8-bb2c692f696b,21349e1e-4625-48da-aaa5-ecb6e9f8b47d,2026-08-15T18:40:41.719000+00:00,mouse_move,,,,,479.8,251.6,,,,,,mouse_tracking,,,,,,,,,,,/app/training,dev_a86eb88b-8ae6-46e3-9f1a-65c0820fcf90,,,,,,,,,,,,,,,,,,,,,,,,,,,,,,,,,,,,,,,,,,,,,,,,,,,,,,,,,,,,,,,,
training_event,training,468f03a2-d7c9-4701-abf8-bb2c692f696b,21349e1e-4625-48da-aaa5-ecb6e9f8b47d,2026-08-15T18:40:41.902000+00:00,mouse_move,,,,,485.8,227.6,,,,,,mouse_tracking,,,,,,,,,,,/app/training,dev_a86eb88b-8ae6-46e3-9f1a-65c0820fcf90,,,,,,,,,,,,,,,,,,,,,,,,,,,,,,,,,,,,,,,,,,,,,,,,,,,,,,,,,,,,,,,,
training_event,training,468f03a2-d7c9-4701-abf8-bb2c692f696b,21349e1e-4625-48da-aaa5-ecb6e9f8b47d,2026-08-15T18:40:42.803000+00:00,mouse_move,,,,,485.8,217.6,,,,,,mouse_tracking,,,,,,,,,,,/app/training,dev_a86eb88b-8ae6-46e3-9f1a-65c0820fcf90,,,,,,,,,,,,,,,,,,,,,,,,,,,,,,,,,,,,,,,,,,,,,,,,,,,,,,,,,,,,,,,,
training_event,training,468f03a2-d7c9-4701-abf8-bb2c692f696b,21349e1e-4625-48da-aaa5-ecb6e9f8b47d,2026-08-15T18:40:43.303000+00:00,mouse_move,,,,,453.8,306.6,,,,,,mouse_tracking,,,,,,,,,,,/app/training,dev_a86eb88b-8ae6-46e3-9f1a-65c0820fcf90,,,,,,,,,,,,,,,,,,,,,,,,,,,,,,,,,,,,,,,,,,,,,,,,,,,,,,,,,,,,,,,,
training_event,training,468f03a2-d7c9-4701-abf8-bb2c692f696b,21349e1e-4625-48da-aaa5-ecb6e9f8b47d,2026-08-15T18:40:47.085000+00:00,mouse_move,,,,,237.8,227.6,,,,,,mouse_tracking,,,,,,,,,,,/app/training,dev_a86eb88b-8ae6-46e3-9f1a-65c0820fcf90,,,,,,,,,,,,,,,,,,,,,,,,,,,,,,,,,,,,,,,,,,,,,,,,,,,,,,,,,,,,,,,,
training_event,training,468f03a2-d7c9-4701-abf8-bb2c692f696b,21349e1e-4625-48da-aaa5-ecb6e9f8b47d,2026-08-15T18:40:48.201000+00:00,mouse_move,,,,,288.8,100.6,,,,,,mouse_tracking,,,,,,,,,,,/app/training,dev_a86eb88b-8ae6-46e3-9f1a-65c0820fcf90,,,,,,,,,,,,,,,,,,,,,,,,,,,,,,,,,,,,,,,,,,,,,,,,,,,,,,,,,,,,,,,,
training_event,training,468f03a2-d7c9-4701-abf8-bb2c692f696b,21349e1e-4625-48da-aaa5-ecb6e9f8b47d,2026-08-15T18:40:48.351000+00:00,mouse_move,,,,,329.8,91.6,,,,,,mouse_tracking,,,,,,,,,,,/app/training,dev_a86eb88b-8ae6-46e3-9f1a-65c0820fcf90,,,,,,,,,,,,,,,,,,,,,,,,,,,,,,,,,,,,,,,,,,,,,,,,,,,,,,,,,,,,,,,,
training_event,training,468f03a2-d7c9-4701-abf8-bb2c692f696b,21349e1e-4625-48da-aaa5-ecb6e9f8b47d,2026-08-15T18:40:48.450000+00:00,mouse_move,,,,,335.8,90.6,,,,,,mouse_tracking,,,,,,,,,,,/app/training,dev_a86eb88b-8ae6-46e3-9f1a-65c0820fcf90,,,,,,,,,,,,,,,,,,,,,,,,,,,,,,,,,,,,,,,,,,,,,,,,,,,,,,,,,,,,,,,,
training_event,training,468f03a2-d7c9-4701-abf8-bb2c692f696b,21349e1e-4625-48da-aaa5-ecb6e9f8b47d,2026-08-15T18:40:49.650000+00:00,mouse_move,,,,,362.8,77.6,,,,,,mouse_tracking,,,,,,,,,,,/app/training,dev_a86eb88b-8ae6-46e3-9f1a-65c0820fcf90,,,,,,,,,,,,,,,,,,,,,,,,,,,,,,,,,,,,,,,,,,,,,,,,,,,,,,,,,,,,,,,,
training_event,training,468f03a2-d7c9-4701-abf8-bb2c692f696b,21349e1e-4625-48da-aaa5-ecb6e9f8b47d,2026-08-15T18:40:41.487000+00:00,mouse_move,,,,,374.8,255.6,,,,,,mouse_tracking,,,,,,,,,,,/app/training,dev_a86eb88b-8ae6-46e3-9f1a-65c0820fcf90,,,,,,,,,,,,,,,,,,,,,,,,,,,,,,,,,,,,,,,,,,,,,,,,,,,,,,,,,,,,,,,,
training_event,training,468f03a2-d7c9-4701-abf8-bb2c692f696b,21349e1e-4625-48da-aaa5-ecb6e9f8b47d,2026-08-15T18:40:41.504000+00:00,mouse_move,,,,,381.8,253.6,,,,,,mouse_tracking,,,,,,,,,,,/app/training,dev_a86eb88b-8ae6-46e3-9f1a-65c0820fcf90,,,,,,,,,,,,,,,,,,,,,,,,,,,,,,,,,,,,,,,,,,,,,,,,,,,,,,,,,,,,,,,,
training_event,training,468f03a2-d7c9-4701-abf8-bb2c692f696b,21349e1e-4625-48da-aaa5-ecb6e9f8b47d,2026-08-15T18:40:41.886000+00:00,mouse_move,,,,,484.8,235.6,,,,,,mouse_tracking,,,,,,,,,,,/app/training,dev_a86eb88b-8ae6-46e3-9f1a-65c0820fcf90,,,,,,,,,,,,,,,,,,,,,,,,,,,,,,,,,,,,,,,,,,,,,,,,,,,,,,,,,,,,,,,,
training_event,training,468f03a2-d7c9-4701-abf8-bb2c692f696b,21349e1e-4625-48da-aaa5-ecb6e9f8b47d,2026-08-15T18:40:42.835000+00:00,mouse_move,,,,,474.8,236.6,,,,,,mouse_tracking,,,,,,,,,,,/app/training,dev_a86eb88b-8ae6-46e3-9f1a-65c0820fcf90,,,,,,,,,,,,,,,,,,,,,,,,,,,,,,,,,,,,,,,,,,,,,,,,,,,,,,,,,,,,,,,,
training_event,training,468f03a2-d7c9-4701-abf8-bb2c692f696b,21349e1e-4625-48da-aaa5-ecb6e9f8b47d,2026-08-15T18:40:42.869000+00:00,mouse_move,,,,,465.8,251.6,,,,,,mouse_tracking,,,,,,,,,,,/app/training,dev_a86eb88b-8ae6-46e3-9f1a-65c0820fcf90,,,,,,,,,,,,,,,,,,,,,,,,,,,,,,,,,,,,,,,,,,,,,,,,,,,,,,,,,,,,,,,,
training_event,training,468f03a2-d7c9-4701-abf8-bb2c692f696b,21349e1e-4625-48da-aaa5-ecb6e9f8b47d,2026-08-15T18:40:43.085000+00:00,mouse_move,,,,,453.8,290.6,,,,,,mouse_tracking,,,,,,,,,,,/app/training,dev_a86eb88b-8ae6-46e3-9f1a-65c0820fcf90,,,,,,,,,,,,,,,,,,,,,,,,,,,,,,,,,,,,,,,,,,,,,,,,,,,,,,,,,,,,,,,,
training_event,training,468f03a2-d7c9-4701-abf8-bb2c692f696b,21349e1e-4625-48da-aaa5-ecb6e9f8b47d,2026-08-15T18:40:44.984000+00:00,mouse_move,,,,,324.8,338.6,,,,,,mouse_tracking,,,,,,,,,,,/app/training,dev_a86eb88b-8ae6-46e3-9f1a-65c0820fcf90,,,,,,,,,,,,,,,,,,,,,,,,,,,,,,,,,,,,,,,,,,,,,,,,,,,,,,,,,,,,,,,,
training_event,training,468f03a2-d7c9-4701-abf8-bb2c692f696b,21349e1e-4625-48da-aaa5-ecb6e9f8b47d,2026-08-15T18:40:45.084000+00:00,mouse_move,,,,,275.8,333.6,,,,,,mouse_tracking,,,,,,,,,,,/app/training,dev_a86eb88b-8ae6-46e3-9f1a-65c0820fcf90,,,,,,,,,,,,,,,,,,,,,,,,,,,,,,,,,,,,,,,,,,,,,,,,,,,,,,,,,,,,,,,,
training_event,training,468f03a2-d7c9-4701-abf8-bb2c692f696b,21349e1e-4625-48da-aaa5-ecb6e9f8b47d,2026-08-15T18:40:45.253000+00:00,mouse_move,,,,,267.8,324.6,,,,,,mouse_tracking,,,,,,,,,,,/app/training,dev_a86eb88b-8ae6-46e3-9f1a-65c0820fcf90,,,,,,,,,,,,,,,,,,,,,,,,,,,,,,,,,,,,,,,,,,,,,,,,,,,,,,,,,,,,,,,,
training_event,training,468f03a2-d7c9-4701-abf8-bb2c692f696b,21349e1e-4625-48da-aaa5-ecb6e9f8b47d,2026-08-15T18:40:46.168000+00:00,mouse_move,,,,,244.8,251.6,,,,,,mouse_tracking,,,,,,,,,,,/app/training,dev_a86eb88b-8ae6-46e3-9f1a-65c0820fcf90,,,,,,,,,,,,,,,,,,,,,,,,,,,,,,,,,,,,,,,,,,,,,,,,,,,,,,,,,,,,,,,,
training_event,training,468f03a2-d7c9-4701-abf8-bb2c692f696b,21349e1e-4625-48da-aaa5-ecb6e9f8b47d,2026-08-15T18:40:46.185000+00:00,mouse_move,,,,,241.8,244.6,,,,,,mouse_tracking,,,,,,,,,,,/app/training,dev_a86eb88b-8ae6-46e3-9f1a-65c0820fcf90,,,,,,,,,,,,,,,,,,,,,,,,,,,,,,,,,,,,,,,,,,,,,,,,,,,,,,,,,,,,,,,,
training_event,training,468f03a2-d7c9-4701-abf8-bb2c692f696b,21349e1e-4625-48da-aaa5-ecb6e9f8b47d,2026-08-15T18:40:47.102000+00:00,mouse_move,,,,,237.8,202.6,,,,,,mouse_tracking,,,,,,,,,,,/app/training,dev_a86eb88b-8ae6-46e3-9f1a-65c0820fcf90,,,,,,,,,,,,,,,,,,,,,,,,,,,,,,,,,,,,,,,,,,,,,,,,,,,,,,,,,,,,,,,,
training_event,training,468f03a2-d7c9-4701-abf8-bb2c692f696b,21349e1e-4625-48da-aaa5-ecb6e9f8b47d,2026-08-15T18:40:47.366000+00:00,mouse_move,,,,,251.8,109.6,,,,,,mouse_tracking,,,,,,,,,,,/app/training,dev_a86eb88b-8ae6-46e3-9f1a-65c0820fcf90,,,,,,,,,,,,,,,,,,,,,,,,,,,,,,,,,,,,,,,,,,,,,,,,,,,,,,,,,,,,,,,,
training_event,training,468f03a2-d7c9-4701-abf8-bb2c692f696b,21349e1e-4625-48da-aaa5-ecb6e9f8b47d,2026-08-15T18:40:48.134000+00:00,mouse_move,,,,,262.8,107.6,,,,,,mouse_tracking,,,,,,,,,,,/app/training,dev_a86eb88b-8ae6-46e3-9f1a-65c0820fcf90,,,,,,,,,,,,,,,,,,,,,,,,,,,,,,,,,,,,,,,,,,,,,,,,,,,,,,,,,,,,,,,,
training_event,training,468f03a2-d7c9-4701-abf8-bb2c692f696b,21349e1e-4625-48da-aaa5-ecb6e9f8b47d,2026-08-15T18:40:48.752000+00:00,mouse_move,,,,,356.8,75.6,,,,,,mouse_tracking,,,,,,,,,,,/app/training,dev_a86eb88b-8ae6-46e3-9f1a-65c0820fcf90,,,,,,,,,,,,,,,,,,,,,,,,,,,,,,,,,,,,,,,,,,,,,,,,,,,,,,,,,,,,,,,,
training_event,training,468f03a2-d7c9-4701-abf8-bb2c692f696b,21349e1e-4625-48da-aaa5-ecb6e9f8b47d,2026-08-15T18:40:49.883000+00:00,mouse_move,,,,,516.8,150.6,,,,,,mouse_tracking,,,,,,,,,,,/app/training,dev_a86eb88b-8ae6-46e3-9f1a-65c0820fcf90,,,,,,,,,,,,,,,,,,,,,,,,,,,,,,,,,,,,,,,,,,,,,,,,,,,,,,,,,,,,,,,,
training_event,training,468f03a2-d7c9-4701-abf8-bb2c692f696b,21349e1e-4625-48da-aaa5-ecb6e9f8b47d,2026-08-15T18:40:50.101000+00:00,mouse_move,,,,,508.8,150.6,,,,,,mouse_tracking,,,,,,,,,,,/app/training,dev_a86eb88b-8ae6-46e3-9f1a-65c0820fcf90,,,,,,,,,,,,,,,,,,,,,,,,,,,,,,,,,,,,,,,,,,,,,,,,,,,,,,,,,,,,,,,,
training_event,training,468f03a2-d7c9-4701-abf8-bb2c692f696b,21349e1e-4625-48da-aaa5-ecb6e9f8b47d,2026-08-15T18:40:41.702000+00:00,mouse_move,,,,,476.8,251.6,,,,,,mouse_tracking,,,,,,,,,,,/app/training,dev_a86eb88b-8ae6-46e3-9f1a-65c0820fcf90,,,,,,,,,,,,,,,,,,,,,,,,,,,,,,,,,,,,,,,,,,,,,,,,,,,,,,,,,,,,,,,,
training_event,training,468f03a2-d7c9-4701-abf8-bb2c692f696b,21349e1e-4625-48da-aaa5-ecb6e9f8b47d,2026-08-15T18:40:41.736000+00:00,mouse_move,,,,,480.8,251.6,,,,,,mouse_tracking,,,,,,,,,,,/app/training,dev_a86eb88b-8ae6-46e3-9f1a-65c0820fcf90,,,,,,,,,,,,,,,,,,,,,,,,,,,,,,,,,,,,,,,,,,,,,,,,,,,,,,,,,,,,,,,,
training_event,training,468f03a2-d7c9-4701-abf8-bb2c692f696b,21349e1e-4625-48da-aaa5-ecb6e9f8b47d,2026-08-15T18:40:44.052000+00:00,mouse_move,,,,,372.8,332.6,,,,,,mouse_tracking,,,,,,,,,,,/app/training,dev_a86eb88b-8ae6-46e3-9f1a-65c0820fcf90,,,,,,,,,,,,,,,,,,,,,,,,,,,,,,,,,,,,,,,,,,,,,,,,,,,,,,,,,,,,,,,,
training_event,training,468f03a2-d7c9-4701-abf8-bb2c692f696b,21349e1e-4625-48da-aaa5-ecb6e9f8b47d,2026-08-15T18:40:45.069000+00:00,mouse_move,,,,,277.8,333.6,,,,,,mouse_tracking,,,,,,,,,,,/app/training,dev_a86eb88b-8ae6-46e3-9f1a-65c0820fcf90,,,,,,,,,,,,,,,,,,,,,,,,,,,,,,,,,,,,,,,,,,,,,,,,,,,,,,,,,,,,,,,,
training_event,training,468f03a2-d7c9-4701-abf8-bb2c692f696b,21349e1e-4625-48da-aaa5-ecb6e9f8b47d,2026-08-15T18:40:45.218000+00:00,mouse_move,,,,,268.8,328.6,,,,,,mouse_tracking,,,,,,,,,,,/app/training,dev_a86eb88b-8ae6-46e3-9f1a-65c0820fcf90,,,,,,,,,,,,,,,,,,,,,,,,,,,,,,,,,,,,,,,,,,,,,,,,,,,,,,,,,,,,,,,,
training_event,training,468f03a2-d7c9-4701-abf8-bb2c692f696b,21349e1e-4625-48da-aaa5-ecb6e9f8b47d,2026-08-15T18:40:47.068000+00:00,mouse_move,,,,,237.8,231.6,,,,,,mouse_tracking,,,,,,,,,,,/app/training,dev_a86eb88b-8ae6-46e3-9f1a-65c0820fcf90,,,,,,,,,,,,,,,,,,,,,,,,,,,,,,,,,,,,,,,,,,,,,,,,,,,,,,,,,,,,,,,,
training_event,training,468f03a2-d7c9-4701-abf8-bb2c692f696b,21349e1e-4625-48da-aaa5-ecb6e9f8b47d,2026-08-15T18:40:47.216000+00:00,mouse_move,,,,,248.8,110.6,,,,,,mouse_tracking,,,,,,,,,,,/app/training,dev_a86eb88b-8ae6-46e3-9f1a-65c0820fcf90,,,,,,,,,,,,,,,,,,,,,,,,,,,,,,,,,,,,,,,,,,,,,,,,,,,,,,,,,,,,,,,,
training_event,training,468f03a2-d7c9-4701-abf8-bb2c692f696b,21349e1e-4625-48da-aaa5-ecb6e9f8b47d,2026-08-15T18:40:49.765000+00:00,mouse_move,,,,,492.8,139.6,,,,,,mouse_tracking,,,,,,,,,,,/app/training,dev_a86eb88b-8ae6-46e3-9f1a-65c0820fcf90,,,,,,,,,,,,,,,,,,,,,,,,,,,,,,,,,,,,,,,,,,,,,,,,,,,,,,,,,,,,,,,,
training_event,training,468f03a2-d7c9-4701-abf8-bb2c692f696b,21349e1e-4625-48da-aaa5-ecb6e9f8b47d,2026-08-15T18:40:49.817000+00:00,mouse_move,,,,,510.8,147.6,,,,,,mouse_tracking,,,,,,,,,,,/app/training,dev_a86eb88b-8ae6-46e3-9f1a-65c0820fcf90,,,,,,,,,,,,,,,,,,,,,,,,,,,,,,,,,,,,,,,,,,,,,,,,,,,,,,,,,,,,,,,,
training_event,training,468f03a2-d7c9-4701-abf8-bb2c692f696b,193117fc-840d-40a6-9df6-c69e4dc800c3,2026-08-16T03:52:58.211000+00:00,mouse_move,,,,,949.3993981,257.7454485,,,,,,controlled_typing,3,9,,,,20254.71475,,,,,training/controlled_typing,seed_device_468f03a2,,,,,,,,,,,,,,,,,,,,,,,,,,,,,,,,,,,,,,,,,,,,,,,,,,,,,,,,,,,,,,,,
training_event,training,468f03a2-d7c9-4701-abf8-bb2c692f696b,193117fc-840d-40a6-9df6-c69e4dc800c3,2026-08-14T18:52:58.211000+00:00,mouse_click,,,,,383.1708499,432.4330952,,,,,,controlled_typing,0,3,,,,12421.63935,,target_10,small,128.1476413,training/controlled_typing,seed_device_468f03a2,,,,,,,,,,,,,,,,,,,,,,,,,,,,,,,,,,,,,,,,,,,,,,,,,,,,,,,,,,,,,,,,
training_event,training,468f03a2-d7c9-4701-abf8-bb2c692f696b,d99dc7e4-25ba-4fbe-ac2e-802077944d27,2026-08-14T06:52:58.211000+00:00,keyup,65,J,148.5272666,120.1638564,,,,,,,,repeated_typing,1,0,89,1,1,21034.31004,1470.845485,,,,training/repeated_typing,seed_device_468f03a2,,,,,,,,,,,,,,,,,,,,,,,,,,,,,,,,,,,,,,,,,,,,,,,,,,,,,,,,,,,,,,,,
training_event,training,468f03a2-d7c9-4701-abf8-bb2c692f696b,d99dc7e4-25ba-4fbe-ac2e-802077944d27,2026-08-15T20:52:58.211000+00:00,keyup,86,R,153.8443079,147.8698122,,,,,,,,repeated_typing,0,1,92,3,1,3224.115004,72.9278739,,,,training/repeated_typing,seed_device_468f03a2,,,,,,,,,,,,,,,,,,,,,,,,,,,,,,,,,,,,,,,,,,,,,,,,,,,,,,,,,,,,,,,,
training_event,training,468f03a2-d7c9-4701-abf8-bb2c692f696b,d99dc7e4-25ba-4fbe-ac2e-802077944d27,2026-08-14T03:52:58.211000+00:00,mouse_click,,,,,326.209603,374.0770633,,,,,,repeated_typing,1,9,,,,11463.68757,,target_17,large,55.84358089,training/repeated_typing,seed_device_468f03a2,,,,,,,,,,,,,,,,,,,,,,,,,,,,,,,,,,,,,,,,,,,,,,,,,,,,,,,,,,,,,,,,
training_event,training,468f03a2-d7c9-4701-abf8-bb2c692f696b,f40819c0-ae47-4719-9f50-81559426100a,2026-08-16T11:52:58.211000+00:00,keydown,87,Z,103.6785314,45.63709574,,,,,,,,paragraph_typing,0,0,92,1,2,17884.8323,3935.685716,,,,training/paragraph_typing,seed_device_468f03a2,,,,,,,,,,,,,,,,,,,,,,,,,,,,,,,,,,,,,,,,,,,,,,,,,,,,,,,,,,,,,,,,
training_event,training,468f03a2-d7c9-4701-abf8-bb2c692f696b,f40819c0-ae47-4719-9f50-81559426100a,2026-08-15T12:52:58.211000+00:00,mouse_scroll,,,,,1012.138887,819.8799487,,30.36271315,,,,paragraph_typing,3,3,,,,15638.65644,,,,,training/paragraph_typing,seed_device_468f03a2,,,,,,,,,,,,,,,,,,,,,,,,,,,,,,,,,,,,,,,,,,,,,,,,,,,,,,,,,,,,,,,,
training_event,training,468f03a2-d7c9-4701-abf8-bb2c692f696b,f40819c0-ae47-4719-9f50-81559426100a,2026-08-14T08:52:58.211000+00:00,mouse_click,,,,,277.0250918,524.0096428,,,,,,paragraph_typing,0,8,,,,15145.88905,,target_17,small,111.4664336,training/paragraph_typing,seed_device_468f03a2,,,,,,,,,,,,,,,,,,,,,,,,,,,,,,,,,,,,,,,,,,,,,,,,,,,,,,,,,,,,,,,,
training_event,training,468f03a2-d7c9-4701-abf8-bb2c692f696b,f40819c0-ae47-4719-9f50-81559426100a,2026-08-13T19:52:58.211000+00:00,mouse_click,,,,,1108.180709,388.6805128,,,,,,paragraph_typing,0,4,,,,10098.63963,,target_13,large,73.13094988,training/paragraph_typing,seed_device_468f03a2,,,,,,,,,,,,,,,,,,,,,,,,,,,,,,,,,,,,,,,,,,,,,,,,,,,,,,,,,,,,,,,,
training_event,training,468f03a2-d7c9-4701-abf8-bb2c692f696b,f40819c0-ae47-4719-9f50-81559426100a,2026-08-14T11:52:58.211000+00:00,mouse_move,,,,,255.042941,282.703631,,,,,,paragraph_typing,4,7,,,,5393.491151,,,,,training/paragraph_typing,seed_device_468f03a2,,,,,,,,,,,,,,,,,,,,,,,,,,,,,,,,,,,,,,,,,,,,,,,,,,,,,,,,,,,,,,,,
training_event,training,468f03a2-d7c9-4701-abf8-bb2c692f696b,193117fc-840d-40a6-9df6-c69e4dc800c3,2026-08-13T03:52:58.211000+00:00,mouse_move,,,,,1311.960513,381.8392811,,,,,,controlled_typing,2,0,,,,22285.79075,,,,,training/controlled_typing,seed_device_468f03a2,,,,,,,,,,,,,,,,,,,,,,,,,,,,,,,,,,,,,,,,,,,,,,,,,,,,,,,,,,,,,,,,
training_event,training,468f03a2-d7c9-4701-abf8-bb2c692f696b,193117fc-840d-40a6-9df6-c69e4dc800c3,2026-08-15T01:52:58.211000+00:00,keyup,65,E,57.31592808,38.01524019,,,,,,,,controlled_typing,4,4,31,2,1,9941.794434,3255.067557,,,,training/controlled_typing,seed_device_468f03a2,,,,,,,,,,,,,,,,,,,,,,,,,,,,,,,,,,,,,,,,,,,,,,,,,,,,,,,,,,,,,,,,
training_event,training,468f03a2-d7c9-4701-abf8-bb2c692f696b,193117fc-840d-40a6-9df6-c69e4dc800c3,2026-08-14T13:52:58.211000+00:00,mouse_move,,,,,439.8127373,113.7734663,,,,,,controlled_typing,2,7,,,,26647.65233,,,,,training/controlled_typing,seed_device_468f03a2,,,,,,,,,,,,,,,,,,,,,,,,,,,,,,,,,,,,,,,,,,,,,,,,,,,,,,,,,,,,,,,,
training_event,training,468f03a2-d7c9-4701-abf8-bb2c692f696b,193117fc-840d-40a6-9df6-c69e4dc800c3,2026-08-15T03:52:58.211000+00:00,mouse_click,,,,,1487.382141,272.4489011,,,,,,controlled_typing,4,6,,,,5312.288001,,target_2,medium,105.0383314,training/controlled_typing,seed_device_468f03a2,,,,,,,,,,,,,,,,,,,,,,,,,,,,,,,,,,,,,,,,,,,,,,,,,,,,,,,,,,,,,,,,
training_event,training,468f03a2-d7c9-4701-abf8-bb2c692f696b,193117fc-840d-40a6-9df6-c69e4dc800c3,2026-08-13T10:52:58.211000+00:00,keyup,69,B,160.6928039,82.9620153,,,,,,,,controlled_typing,1,6,94,3,1,17792.73258,4609.267119,,,,training/controlled_typing,seed_device_468f03a2,,,,,,,,,,,,,,,,,,,,,,,,,,,,,,,,,,,,,,,,,,,,,,,,,,,,,,,,,,,,,,,,
training_event,training,468f03a2-d7c9-4701-abf8-bb2c692f696b,193117fc-840d-40a6-9df6-c69e4dc800c3,2026-08-12T21:52:58.211000+00:00,keydown,66,Y,62.039573,45.31521687,,,,,,,,controlled_typing,0,7,44,3,2,17183.57975,2432.786612,,,,training/controlled_typing,seed_device_468f03a2,,,,,,,,,,,,,,,,,,,,,,,,,,,,,,,,,,,,,,,,,,,,,,,,,,,,,,,,,,,,,,,,
training_event,training,468f03a2-d7c9-4701-abf8-bb2c692f696b,193117fc-840d-40a6-9df6-c69e4dc800c3,2026-08-11T22:52:58.211000+00:00,mouse_move,,,,,516.2613814,422.1629197,,,,,,controlled_typing,1,3,,,,16858.31855,,,,,training/controlled_typing,seed_device_468f03a2,,,,,,,,,,,,,,,,,,,,,,,,,,,,,,,,,,,,,,,,,,,,,,,,,,,,,,,,,,,,,,,,
training_event,training,468f03a2-d7c9-4701-abf8-bb2c692f696b,f40819c0-ae47-4719-9f50-81559426100a,2026-08-13T03:52:58.211000+00:00,mouse_move,,,,,1017.9575,173.7157311,,,,,,paragraph_typing,3,3,,,,17341.13184,,,,,training/paragraph_typing,seed_device_468f03a2,,,,,,,,,,,,,,,,,,,,,,,,,,,,,,,,,,,,,,,,,,,,,,,,,,,,,,,,,,,,,,,,
training_event,training,468f03a2-d7c9-4701-abf8-bb2c692f696b,193117fc-840d-40a6-9df6-c69e4dc800c3,2026-08-15T16:52:58.211000+00:00,mouse_click,,,,,637.2672616,158.2779982,,,,,,controlled_typing,2,5,,,,18780.03465,,target_18,small,151.5803162,training/controlled_typing,seed_device_468f03a2,,,,,,,,,,,,,,,,,,,,,,,,,,,,,,,,,,,,,,,,,,,,,,,,,,,,,,,,,,,,,,,,
training_event,training,468f03a2-d7c9-4701-abf8-bb2c692f696b,193117fc-840d-40a6-9df6-c69e4dc800c3,2026-08-15T20:52:58.211000+00:00,mouse_click,,,,,591.3614434,697.2414376,,,,,,controlled_typing,0,2,,,,3331.700332,,target_10,medium,106.1852501,training/controlled_typing,seed_device_468f03a2,,,,,,,,,,,,,,,,,,,,,,,,,,,,,,,,,,,,,,,,,,,,,,,,,,,,,,,,,,,,,,,,
training_event,training,468f03a2-d7c9-4701-abf8-bb2c692f696b,193117fc-840d-40a6-9df6-c69e4dc800c3,2026-08-16T14:52:58.211000+00:00,mouse_move,,,,,1104.276683,530.3611495,,,,,,controlled_typing,2,0,,,,12525.08618,,,,,training/controlled_typing,seed_device_468f03a2,,,,,,,,,,,,,,,,,,,,,,,,,,,,,,,,,,,,,,,,,,,,,,,,,,,,,,,,,,,,,,,,
training_event,training,468f03a2-d7c9-4701-abf8-bb2c692f696b,d99dc7e4-25ba-4fbe-ac2e-802077944d27,2026-08-13T20:52:58.211000+00:00,mouse_move,,,,,1075.390236,856.594452,,,,,,repeated_typing,4,2,,,,21351.02679,,,,,training/repeated_typing,seed_device_468f03a2,,,,,,,,,,,,,,,,,,,,,,,,,,,,,,,,,,,,,,,,,,,,,,,,,,,,,,,,,,,,,,,,
training_event,training,468f03a2-d7c9-4701-abf8-bb2c692f696b,f40819c0-ae47-4719-9f50-81559426100a,2026-08-11T10:52:58.211000+00:00,mouse_scroll,,,,,1674.63797,246.0811879,,1.194107489,,,,paragraph_typing,3,0,,,,13645.78015,,,,,training/paragraph_typing,seed_device_468f03a2,,,,,,,,,,,,,,,,,,,,,,,,,,,,,,,,,,,,,,,,,,,,,,,,,,,,,,,,,,,,,,,,
training_event,training,468f03a2-d7c9-4701-abf8-bb2c692f696b,f40819c0-ae47-4719-9f50-81559426100a,2026-08-13T08:52:58.211000+00:00,keydown,70,I,77.30269281,86.52150239,,,,,,,,paragraph_typing,3,9,56,2,0,1677.792604,3254.300367,,,,training/paragraph_typing,seed_device_468f03a2,,,,,,,,,,,,,,,,,,,,,,,,,,,,,,,,,,,,,,,,,,,,,,,,,,,,,,,,,,,,,,,,
training_event,training,468f03a2-d7c9-4701-abf8-bb2c692f696b,f40819c0-ae47-4719-9f50-81559426100a,2026-08-11T23:52:58.211000+00:00,mouse_move,,,,,970.6849442,427.3697363,,,,,,paragraph_typing,0,8,,,,24843.48249,,,,,training/paragraph_typing,seed_device_468f03a2,,,,,,,,,,,,,,,,,,,,,,,,,,,,,,,,,,,,,,,,,,,,,,,,,,,,,,,,,,,,,,,,
training_event,training,468f03a2-d7c9-4701-abf8-bb2c692f696b,f40819c0-ae47-4719-9f50-81559426100a,2026-08-12T23:52:58.211000+00:00,mouse_move,,,,,903.0122792,247.5020684,,,,,,paragraph_typing,3,3,,,,5211.960902,,,,,training/paragraph_typing,seed_device_468f03a2,,,,,,,,,,,,,,,,,,,,,,,,,,,,,,,,,,,,,,,,,,,,,,,,,,,,,,,,,,,,,,,,
training_event,training,468f03a2-d7c9-4701-abf8-bb2c692f696b,193117fc-840d-40a6-9df6-c69e4dc800c3,2026-08-13T05:52:58.211000+00:00,keydown,75,S,172.3436855,117.7580404,,,,,,,,controlled_typing,0,4,92,3,0,6228.844577,2770.964732,,,,training/controlled_typing,seed_device_468f03a2,,,,,,,,,,,,,,,,,,,,,,,,,,,,,,,,,,,,,,,,,,,,,,,,,,,,,,,,,,,,,,,,
training_event,training,468f03a2-d7c9-4701-abf8-bb2c692f696b,193117fc-840d-40a6-9df6-c69e4dc800c3,2026-08-11T14:52:58.211000+00:00,mouse_move,,,,,911.6636443,589.7993214,,,,,,controlled_typing,2,4,,,,4850.765617,,,,,training/controlled_typing,seed_device_468f03a2,,,,,,,,,,,,,,,,,,,,,,,,,,,,,,,,,,,,,,,,,,,,,,,,,,,,,,,,,,,,,,,,
training_event,training,468f03a2-d7c9-4701-abf8-bb2c692f696b,193117fc-840d-40a6-9df6-c69e4dc800c3,2026-08-16T19:52:58.211000+00:00,mouse_scroll,,,,,118.7647486,434.3647412,,5.318916687,,,,controlled_typing,3,9,,,,15221.59438,,,,,training/controlled_typing,seed_device_468f03a2,,,,,,,,,,,,,,,,,,,,,,,,,,,,,,,,,,,,,,,,,,,,,,,,,,,,,,,,,,,,,,,,
training_event,training,468f03a2-d7c9-4701-abf8-bb2c692f696b,193117fc-840d-40a6-9df6-c69e4dc800c3,2026-08-17T06:52:58.211000+00:00,mouse_scroll,,,,,102.2106349,718.3933051,,3.669132348,,,,controlled_typing,2,4,,,,6868.150473,,,,,training/controlled_typing,seed_device_468f03a2,,,,,,,,,,,,,,,,,,,,,,,,,,,,,,,,,,,,,,,,,,,,,,,,,,,,,,,,,,,,,,,,
training_event,training,468f03a2-d7c9-4701-abf8-bb2c692f696b,193117fc-840d-40a6-9df6-c69e4dc800c3,2026-08-16T01:52:58.211000+00:00,keyup,70,C,171.5685467,54.17976317,,,,,,,,controlled_typing,2,8,46,0,1,19412.52101,3823.400852,,,,training/controlled_typing,seed_device_468f03a2,,,,,,,,,,,,,,,,,,,,,,,,,,,,,,,,,,,,,,,,,,,,,,,,,,,,,,,,,,,,,,,,
training_event,training,468f03a2-d7c9-4701-abf8-bb2c692f696b,193117fc-840d-40a6-9df6-c69e4dc800c3,2026-08-11T11:52:58.211000+00:00,mouse_click,,,,,1686.946825,572.8657727,,,,,,controlled_typing,4,1,,,,11033.36279,,target_8,small,255.3441822,training/controlled_typing,seed_device_468f03a2,,,,,,,,,,,,,,,,,,,,,,,,,,,,,,,,,,,,,,,,,,,,,,,,,,,,,,,,,,,,,,,,
training_event,training,468f03a2-d7c9-4701-abf8-bb2c692f696b,193117fc-840d-40a6-9df6-c69e4dc800c3,2026-08-14T05:52:58.211000+00:00,keydown,80,C,193.6174331,92.58760851,,,,,,,,controlled_typing,3,5,58,2,1,10688.05853,4778.339016,,,,training/controlled_typing,seed_device_468f03a2,,,,,,,,,,,,,,,,,,,,,,,,,,,,,,,,,,,,,,,,,,,,,,,,,,,,,,,,,,,,,,,,
training_event,training,468f03a2-d7c9-4701-abf8-bb2c692f696b,193117fc-840d-40a6-9df6-c69e4dc800c3,2026-08-15T06:52:58.211000+00:00,mouse_click,,,,,1421.947246,288.3755752,,,,,,controlled_typing,4,5,,,,10214.0823,,target_15,large,57.08464304,training/controlled_typing,seed_device_468f03a2,,,,,,,,,,,,,,,,,,,,,,,,,,,,,,,,,,,,,,,,,,,,,,,,,,,,,,,,,,,,,,,,
training_event,training,468f03a2-d7c9-4701-abf8-bb2c692f696b,193117fc-840d-40a6-9df6-c69e4dc800c3,2026-08-15T13:52:58.211000+00:00,mouse_scroll,,,,,1693.735302,813.0272842,,-48.55542102,,,,controlled_typing,0,8,,,,2413.648577,,,,,training/controlled_typing,seed_device_468f03a2,,,,,,,,,,,,,,,,,,,,,,,,,,,,,,,,,,,,,,,,,,,,,,,,,,,,,,,,,,,,,,,,
training_event,training,468f03a2-d7c9-4701-abf8-bb2c692f696b,193117fc-840d-40a6-9df6-c69e4dc800c3,2026-08-16T17:52:58.211000+00:00,keyup,75,F,155.4959025,84.30541016,,,,,,,,controlled_typing,1,7,98,3,2,26723.22157,1526.225896,,,,training/controlled_typing,seed_device_468f03a2,,,,,,,,,,,,,,,,,,,,,,,,,,,,,,,,,,,,,,,,,,,,,,,,,,,,,,,,,,,,,,,,
training_event,training,468f03a2-d7c9-4701-abf8-bb2c692f696b,f40819c0-ae47-4719-9f50-81559426100a,2026-08-12T17:52:58.211000+00:00,mouse_move,,,,,1070.332477,678.0226672,,,,,,paragraph_typing,4,3,,,,16257.36799,,,,,training/paragraph_typing,seed_device_468f03a2,,,,,,,,,,,,,,,,,,,,,,,,,,,,,,,,,,,,,,,,,,,,,,,,,,,,,,,,,,,,,,,,
training_event,training,468f03a2-d7c9-4701-abf8-bb2c692f696b,f40819c0-ae47-4719-9f50-81559426100a,2026-08-16T00:52:58.211000+00:00,keydown,77,U,179.1748326,118.9938776,,,,,,,,paragraph_typing,4,1,81,3,0,6411.494564,2134.529361,,,,training/paragraph_typing,seed_device_468f03a2,,,,,,,,,,,,,,,,,,,,,,,,,,,,,,,,,,,,,,,,,,,,,,,,,,,,,,,,,,,,,,,,
training_event,training,468f03a2-d7c9-4701-abf8-bb2c692f696b,f40819c0-ae47-4719-9f50-81559426100a,2026-08-12T10:52:58.211000+00:00,mouse_click,,,,,540.4119936,196.3049727,,,,,,paragraph_typing,2,0,,,,25590.96513,,target_16,medium,285.190959,training/paragraph_typing,seed_device_468f03a2,,,,,,,,,,,,,,,,,,,,,,,,,,,,,,,,,,,,,,,,,,,,,,,,,,,,,,,,,,,,,,,,
training_event,training,468f03a2-d7c9-4701-abf8-bb2c692f696b,f40819c0-ae47-4719-9f50-81559426100a,2026-08-14T07:52:58.211000+00:00,keydown,66,R,116.0872174,135.7645171,,,,,,,,paragraph_typing,0,0,95,1,1,12864.22016,3173.806986,,,,training/paragraph_typing,seed_device_468f03a2,,,,,,,,,,,,,,,,,,,,,,,,,,,,,,,,,,,,,,,,,,,,,,,,,,,,,,,,,,,,,,,,
training_event,training,468f03a2-d7c9-4701-abf8-bb2c692f696b,193117fc-840d-40a6-9df6-c69e4dc800c3,2026-08-16T10:52:58.211000+00:00,keyup,90,V,55.78720453,33.07625436,,,,,,,,controlled_typing,3,8,82,2,2,19730.69824,1733.330895,,,,training/controlled_typing,seed_device_468f03a2,,,,,,,,,,,,,,,,,,,,,,,,,,,,,,,,,,,,,,,,,,,,,,,,,,,,,,,,,,,,,,,,
training_event,training,468f03a2-d7c9-4701-abf8-bb2c692f696b,193117fc-840d-40a6-9df6-c69e4dc800c3,2026-08-13T03:52:58.211000+00:00,mouse_move,,,,,713.8735525,431.1538199,,,,,,controlled_typing,3,0,,,,25816.23132,,,,,training/controlled_typing,seed_device_468f03a2,,,,,,,,,,,,,,,,,,,,,,,,,,,,,,,,,,,,,,,,,,,,,,,,,,,,,,,,,,,,,,,,
training_event,training,468f03a2-d7c9-4701-abf8-bb2c692f696b,193117fc-840d-40a6-9df6-c69e4dc800c3,2026-08-17T01:52:58.211000+00:00,keydown,87,G,140.8114234,49.40662426,,,,,,,,controlled_typing,4,7,58,3,1,20856.978,1870.234306,,,,training/controlled_typing,seed_device_468f03a2,,,,,,,,,,,,,,,,,,,,,,,,,,,,,,,,,,,,,,,,,,,,,,,,,,,,,,,,,,,,,,,,
training_event,training,468f03a2-d7c9-4701-abf8-bb2c692f696b,193117fc-840d-40a6-9df6-c69e4dc800c3,2026-08-14T11:52:58.211000+00:00,mouse_scroll,,,,,1675.327414,867.0299203,,4.15202128,,,,controlled_typing,3,0,,,,27191.27564,,,,,training/controlled_typing,seed_device_468f03a2,,,,,,,,,,,,,,,,,,,,,,,,,,,,,,,,,,,,,,,,,,,,,,,,,,,,,,,,,,,,,,,,
training_event,training,468f03a2-d7c9-4701-abf8-bb2c692f696b,193117fc-840d-40a6-9df6-c69e4dc800c3,2026-08-14T08:52:58.211000+00:00,keydown,72,L,125.4853554,38.33997941,,,,,,,,controlled_typing,0,9,37,3,1,15652.90778,1593.980143,,,,training/controlled_typing,seed_device_468f03a2,,,,,,,,,,,,,,,,,,,,,,,,,,,,,,,,,,,,,,,,,,,,,,,,,,,,,,,,,,,,,,,,
training_event,training,468f03a2-d7c9-4701-abf8-bb2c692f696b,193117fc-840d-40a6-9df6-c69e4dc800c3,2026-08-13T03:52:58.211000+00:00,keydown,90,D,74.64638886,120.464348,,,,,,,,controlled_typing,2,4,35,0,1,14991.43269,3689.216801,,,,training/controlled_typing,seed_device_468f03a2,,,,,,,,,,,,,,,,,,,,,,,,,,,,,,,,,,,,,,,,,,,,,,,,,,,,,,,,,,,,,,,,
training_event,training,468f03a2-d7c9-4701-abf8-bb2c692f696b,193117fc-840d-40a6-9df6-c69e4dc800c3,2026-08-16T05:52:58.211000+00:00,mouse_click,,,,,556.4431914,312.7281896,,,,,,controlled_typing,0,7,,,,8381.681295,,target_14,large,132.0591209,training/controlled_typing,seed_device_468f03a2,,,,,,,,,,,,,,,,,,,,,,,,,,,,,,,,,,,,,,,,,,,,,,,,,,,,,,,,,,,,,,,,
training_event,training,468f03a2-d7c9-4701-abf8-bb2c692f696b,193117fc-840d-40a6-9df6-c69e4dc800c3,2026-08-14T08:52:58.211000+00:00,keydown,77,Q,161.0446085,44.2403446,,,,,,,,controlled_typing,0,6,27,0,0,28603.17859,219.6417115,,,,training/controlled_typing,seed_device_468f03a2,,,,,,,,,,,,,,,,,,,,,,,,,,,,,,,,,,,,,,,,,,,,,,,,,,,,,,,,,,,,,,,,
training_event,training,468f03a2-d7c9-4701-abf8-bb2c692f696b,193117fc-840d-40a6-9df6-c69e4dc800c3,2026-08-16T13:52:58.211000+00:00,keydown,82,E,166.5701838,52.54423618,,,,,,,,controlled_typing,2,2,44,3,0,3358.443513,4958.879716,,,,training/controlled_typing,seed_device_468f03a2,,,,,,,,,,,,,,,,,,,,,,,,,,,,,,,,,,,,,,,,,,,,,,,,,,,,,,,,,,,,,,,,
training_event,training,468f03a2-d7c9-4701-abf8-bb2c692f696b,d99dc7e4-25ba-4fbe-ac2e-802077944d27,2026-08-16T18:52:58.211000+00:00,mouse_move,,,,,815.4660073,377.7779384,,,,,,repeated_typing,2,6,,,,19224.2288,,,,,training/repeated_typing,seed_device_468f03a2,,,,,,,,,,,,,,,,,,,,,,,,,,,,,,,,,,,,,,,,,,,,,,,,,,,,,,,,,,,,,,,,
training_event,training,468f03a2-d7c9-4701-abf8-bb2c692f696b,d99dc7e4-25ba-4fbe-ac2e-802077944d27,2026-08-15T04:52:58.211000+00:00,keydown,85,Q,136.3430436,64.71434463,,,,,,,,repeated_typing,1,2,95,3,2,12685.6306,1173.683107,,,,training/repeated_typing,seed_device_468f03a2,,,,,,,,,,,,,,,,,,,,,,,,,,,,,,,,,,,,,,,,,,,,,,,,,,,,,,,,,,,,,,,,
training_event,training,468f03a2-d7c9-4701-abf8-bb2c692f696b,d99dc7e4-25ba-4fbe-ac2e-802077944d27,2026-08-12T13:52:58.211000+00:00,keydown,68,T,170.2224402,93.59749832,,,,,,,,repeated_typing,2,8,44,3,1,7347.568516,484.7944941,,,,training/repeated_typing,seed_device_468f03a2,,,,,,,,,,,,,,,,,,,,,,,,,,,,,,,,,,,,,,,,,,,,,,,,,,,,,,,,,,,,,,,,
training_event,training,468f03a2-d7c9-4701-abf8-bb2c692f696b,d99dc7e4-25ba-4fbe-ac2e-802077944d27,2026-08-11T10:52:58.211000+00:00,keyup,89,W,51.2595965,87.29118396,,,,,,,,repeated_typing,2,4,100,3,1,14835.03233,4741.590085,,,,training/repeated_typing,seed_device_468f03a2,,,,,,,,,,,,,,,,,,,,,,,,,,,,,,,,,,,,,,,,,,,,,,,,,,,,,,,,,,,,,,,,
training_event,training,468f03a2-d7c9-4701-abf8-bb2c692f696b,f40819c0-ae47-4719-9f50-81559426100a,2026-08-12T20:52:58.211000+00:00,mouse_click,,,,,1237.676416,483.7006942,,,,,,paragraph_typing,0,6,,,,2414.215689,,target_20,large,255.7377976,training/paragraph_typing,seed_device_468f03a2,,,,,,,,,,,,,,,,,,,,,,,,,,,,,,,,,,,,,,,,,,,,,,,,,,,,,,,,,,,,,,,,
training_event,training,468f03a2-d7c9-4701-abf8-bb2c692f696b,f40819c0-ae47-4719-9f50-81559426100a,2026-08-12T00:52:58.211000+00:00,keyup,75,L,148.1156719,121.1007932,,,,,,,,paragraph_typing,0,1,91,0,1,24554.34231,4734.486136,,,,training/paragraph_typing,seed_device_468f03a2,,,,,,,,,,,,,,,,,,,,,,,,,,,,,,,,,,,,,,,,,,,,,,,,,,,,,,,,,,,,,,,,
training_event,training,468f03a2-d7c9-4701-abf8-bb2c692f696b,f40819c0-ae47-4719-9f50-81559426100a,2026-08-13T17:52:58.211000+00:00,keydown,87,U,113.3513633,66.80478016,,,,,,,,paragraph_typing,3,0,45,2,2,22349.56089,3952.115739,,,,training/paragraph_typing,seed_device_468f03a2,,,,,,,,,,,,,,,,,,,,,,,,,,,,,,,,,,,,,,,,,,,,,,,,,,,,,,,,,,,,,,,,
training_event,training,468f03a2-d7c9-4701-abf8-bb2c692f696b,f40819c0-ae47-4719-9f50-81559426100a,2026-08-12T07:52:58.211000+00:00,mouse_scroll,,,,,1118.634932,636.4355856,,49.53859428,,,,paragraph_typing,2,2,,,,6948.667691,,,,,training/paragraph_typing,seed_device_468f03a2,,,,,,,,,,,,,,,,,,,,,,,,,,,,,,,,,,,,,,,,,,,,,,,,,,,,,,,,,,,,,,,,
training_event,training,468f03a2-d7c9-4701-abf8-bb2c692f696b,f40819c0-ae47-4719-9f50-81559426100a,2026-08-13T17:52:58.211000+00:00,keydown,82,Q,73.8168497,53.13011354,,,,,,,,paragraph_typing,1,0,81,1,2,2676.47891,1806.101759,,,,training/paragraph_typing,seed_device_468f03a2,,,,,,,,,,,,,,,,,,,,,,,,,,,,,,,,,,,,,,,,,,,,,,,,,,,,,,,,,,,,,,,,
training_event,training,468f03a2-d7c9-4701-abf8-bb2c692f696b,f40819c0-ae47-4719-9f50-81559426100a,2026-08-14T21:52:58.211000+00:00,mouse_move,,,,,1098.269821,733.326116,,,,,,paragraph_typing,0,4,,,,6308.097501,,,,,training/paragraph_typing,seed_device_468f03a2,,,,,,,,,,,,,,,,,,,,,,,,,,,,,,,,,,,,,,,,,,,,,,,,,,,,,,,,,,,,,,,,
training_event,training,468f03a2-d7c9-4701-abf8-bb2c692f696b,193117fc-840d-40a6-9df6-c69e4dc800c3,2026-08-13T11:52:58.211000+00:00,keyup,79,U,124.1837282,108.7582328,,,,,,,,controlled_typing,3,3,82,1,1,23391.95415,3298.175286,,,,training/controlled_typing,seed_device_468f03a2,,,,,,,,,,,,,,,,,,,,,,,,,,,,,,,,,,,,,,,,,,,,,,,,,,,,,,,,,,,,,,,,
training_event,training,468f03a2-d7c9-4701-abf8-bb2c692f696b,193117fc-840d-40a6-9df6-c69e4dc800c3,2026-08-12T15:52:58.211000+00:00,keydown,88,R,114.6933054,45.25982908,,,,,,,,controlled_typing,0,5,91,0,2,25856.54122,2942.475691,,,,training/controlled_typing,seed_device_468f03a2,,,,,,,,,,,,,,,,,,,,,,,,,,,,,,,,,,,,,,,,,,,,,,,,,,,,,,,,,,,,,,,,
training_event,training,468f03a2-d7c9-4701-abf8-bb2c692f696b,193117fc-840d-40a6-9df6-c69e4dc800c3,2026-08-16T14:52:58.211000+00:00,mouse_scroll,,,,,1404.041067,783.7292482,,-30.93972597,,,,controlled_typing,2,2,,,,4726.855456,,,,,training/controlled_typing,seed_device_468f03a2,,,,,,,,,,,,,,,,,,,,,,,,,,,,,,,,,,,,,,,,,,,,,,,,,,,,,,,,,,,,,,,,
training_event,training,468f03a2-d7c9-4701-abf8-bb2c692f696b,193117fc-840d-40a6-9df6-c69e4dc800c3,2026-08-16T23:52:58.211000+00:00,mouse_click,,,,,1599.290863,715.9716067,,,,,,controlled_typing,4,9,,,,11278.84806,,target_16,medium,207.6920946,training/controlled_typing,seed_device_468f03a2,,,,,,,,,,,,,,,,,,,,,,,,,,,,,,,,,,,,,,,,,,,,,,,,,,,,,,,,,,,,,,,,
training_event,training,468f03a2-d7c9-4701-abf8-bb2c692f696b,193117fc-840d-40a6-9df6-c69e4dc800c3,2026-08-14T07:52:58.211000+00:00,keydown,88,O,101.0223793,99.89843644,,,,,,,,controlled_typing,0,0,92,2,0,11177.68135,2059.237579,,,,training/controlled_typing,seed_device_468f03a2,,,,,,,,,,,,,,,,,,,,,,,,,,,,,,,,,,,,,,,,,,,,,,,,,,,,,,,,,,,,,,,,
training_event,training,468f03a2-d7c9-4701-abf8-bb2c692f696b,193117fc-840d-40a6-9df6-c69e4dc800c3,2026-08-12T03:52:58.211000+00:00,mouse_click,,,,,434.8440134,896.6833834,,,,,,controlled_typing,4,7,,,,15593.51245,,target_11,large,144.8322213,training/controlled_typing,seed_device_468f03a2,,,,,,,,,,,,,,,,,,,,,,,,,,,,,,,,,,,,,,,,,,,,,,,,,,,,,,,,,,,,,,,,
training_event,training,468f03a2-d7c9-4701-abf8-bb2c692f696b,193117fc-840d-40a6-9df6-c69e4dc800c3,2026-08-16T06:52:58.211000+00:00,keydown,85,C,176.1001432,124.6926565,,,,,,,,controlled_typing,0,0,52,1,0,27974.07371,1888.099938,,,,training/controlled_typing,seed_device_468f03a2,,,,,,,,,,,,,,,,,,,,,,,,,,,,,,,,,,,,,,,,,,,,,,,,,,,,,,,,,,,,,,,,
training_event,training,468f03a2-d7c9-4701-abf8-bb2c692f696b,193117fc-840d-40a6-9df6-c69e4dc800c3,2026-08-11T16:52:58.211000+00:00,keydown,66,T,92.26689371,79.18146649,,,,,,,,controlled_typing,2,9,57,1,0,12292.61222,1890.327679,,,,training/controlled_typing,seed_device_468f03a2,,,,,,,,,,,,,,,,,,,,,,,,,,,,,,,,,,,,,,,,,,,,,,,,,,,,,,,,,,,,,,,,
training_event,training,468f03a2-d7c9-4701-abf8-bb2c692f696b,d99dc7e4-25ba-4fbe-ac2e-802077944d27,2026-08-15T07:52:58.211000+00:00,mouse_scroll,,,,,376.4404714,580.8455966,,-42.15725178,,,,repeated_typing,3,2,,,,24517.16989,,,,,training/repeated_typing,seed_device_468f03a2,,,,,,,,,,,,,,,,,,,,,,,,,,,,,,,,,,,,,,,,,,,,,,,,,,,,,,,,,,,,,,,,
training_event,training,468f03a2-d7c9-4701-abf8-bb2c692f696b,d99dc7e4-25ba-4fbe-ac2e-802077944d27,2026-08-14T00:52:58.211000+00:00,mouse_scroll,,,,,736.6520138,683.6164556,,17.8308583,,,,repeated_typing,1,8,,,,1794.078554,,,,,training/repeated_typing,seed_device_468f03a2,,,,,,,,,,,,,,,,,,,,,,,,,,,,,,,,,,,,,,,,,,,,,,,,,,,,,,,,,,,,,,,,
training_event,training,468f03a2-d7c9-4701-abf8-bb2c692f696b,d99dc7e4-25ba-4fbe-ac2e-802077944d27,2026-08-15T01:52:58.211000+00:00,mouse_scroll,,,,,879.1476731,415.9320902,,43.28290836,,,,repeated_typing,2,4,,,,14862.051,,,,,training/repeated_typing,seed_device_468f03a2,,,,,,,,,,,,,,,,,,,,,,,,,,,,,,,,,,,,,,,,,,,,,,,,,,,,,,,,,,,,,,,,
training_event,training,468f03a2-d7c9-4701-abf8-bb2c692f696b,f40819c0-ae47-4719-9f50-81559426100a,2026-08-14T00:52:58.211000+00:00,keyup,69,H,63.93050033,52.18896288,,,,,,,,paragraph_typing,4,3,31,1,2,25411.8087,4268.36475,,,,training/paragraph_typing,seed_device_468f03a2,,,,,,,,,,,,,,,,,,,,,,,,,,,,,,,,,,,,,,,,,,,,,,,,,,,,,,,,,,,,,,,,
training_event,training,468f03a2-d7c9-4701-abf8-bb2c692f696b,f40819c0-ae47-4719-9f50-81559426100a,2026-08-16T22:52:58.211000+00:00,keyup,70,M,90.77746013,48.55263156,,,,,,,,paragraph_typing,4,5,51,2,1,26224.87184,3668.766797,,,,training/paragraph_typing,seed_device_468f03a2,,,,,,,,,,,,,,,,,,,,,,,,,,,,,,,,,,,,,,,,,,,,,,,,,,,,,,,,,,,,,,,,
training_event,training,468f03a2-d7c9-4701-abf8-bb2c692f696b,f40819c0-ae47-4719-9f50-81559426100a,2026-08-13T10:52:58.211000+00:00,mouse_scroll,,,,,219.1438455,875.8438137,,17.20767031,,,,paragraph_typing,2,2,,,,11707.06257,,,,,training/paragraph_typing,seed_device_468f03a2,,,,,,,,,,,,,,,,,,,,,,,,,,,,,,,,,,,,,,,,,,,,,,,,,,,,,,,,,,,,,,,,
training_event,training,468f03a2-d7c9-4701-abf8-bb2c692f696b,f40819c0-ae47-4719-9f50-81559426100a,2026-08-13T15:52:58.211000+00:00,keydown,74,S,182.5154931,66.60894422,,,,,,,,paragraph_typing,0,9,45,2,2,18128.28917,4710.200073,,,,training/paragraph_typing,seed_device_468f03a2,,,,,,,,,,,,,,,,,,,,,,,,,,,,,,,,,,,,,,,,,,,,,,,,,,,,,,,,,,,,,,,,
training_event,training,468f03a2-d7c9-4701-abf8-bb2c692f696b,f40819c0-ae47-4719-9f50-81559426100a,2026-08-16T00:52:58.211000+00:00,keyup,89,U,106.4924433,97.69965704,,,,,,,,paragraph_typing,2,9,60,2,0,22917.55464,4349.070734,,,,training/paragraph_typing,seed_device_468f03a2,,,,,,,,,,,,,,,,,,,,,,,,,,,,,,,,,,,,,,,,,,,,,,,,,,,,,,,,,,,,,,,,
training_event,training,468f03a2-d7c9-4701-abf8-bb2c692f696b,193117fc-840d-40a6-9df6-c69e4dc800c3,2026-08-13T07:52:58.211000+00:00,mouse_move,,,,,871.3904014,191.9896855,,,,,,controlled_typing,2,6,,,,22087.0615,,,,,training/controlled_typing,seed_device_468f03a2,,,,,,,,,,,,,,,,,,,,,,,,,,,,,,,,,,,,,,,,,,,,,,,,,,,,,,,,,,,,,,,,
training_event,training,468f03a2-d7c9-4701-abf8-bb2c692f696b,193117fc-840d-40a6-9df6-c69e4dc800c3,2026-08-11T18:52:58.211000+00:00,mouse_click,,,,,1384.28149,578.4186123,,,,,,controlled_typing,3,6,,,,24535.00017,,target_1,small,121.9125441,training/controlled_typing,seed_device_468f03a2,,,,,,,,,,,,,,,,,,,,,,,,,,,,,,,,,,,,,,,,,,,,,,,,,,,,,,,,,,,,,,,,
training_event,training,468f03a2-d7c9-4701-abf8-bb2c692f696b,193117fc-840d-40a6-9df6-c69e4dc800c3,2026-08-13T07:52:58.211000+00:00,keydown,66,U,74.7526717,76.34526651,,,,,,,,controlled_typing,3,8,65,0,0,19808.10234,950.0361677,,,,training/controlled_typing,seed_device_468f03a2,,,,,,,,,,,,,,,,,,,,,,,,,,,,,,,,,,,,,,,,,,,,,,,,,,,,,,,,,,,,,,,,
training_event,training,468f03a2-d7c9-4701-abf8-bb2c692f696b,193117fc-840d-40a6-9df6-c69e4dc800c3,2026-08-13T20:52:58.211000+00:00,mouse_click,,,,,363.1738543,367.4814041,,,,,,controlled_typing,4,6,,,,3855.141019,,target_8,large,219.0315127,training/controlled_typing,seed_device_468f03a2,,,,,,,,,,,,,,,,,,,,,,,,,,,,,,,,,,,,,,,,,,,,,,,,,,,,,,,,,,,,,,,,
training_event,training,468f03a2-d7c9-4701-abf8-bb2c692f696b,193117fc-840d-40a6-9df6-c69e4dc800c3,2026-08-11T22:52:58.211000+00:00,mouse_move,,,,,826.1408334,187.2135146,,,,,,controlled_typing,1,7,,,,26258.70777,,,,,training/controlled_typing,seed_device_468f03a2,,,,,,,,,,,,,,,,,,,,,,,,,,,,,,,,,,,,,,,,,,,,,,,,,,,,,,,,,,,,,,,,
training_event,training,468f03a2-d7c9-4701-abf8-bb2c692f696b,193117fc-840d-40a6-9df6-c69e4dc800c3,2026-08-17T05:52:58.211000+00:00,mouse_move,,,,,1487.636056,394.8742322,,,,,,controlled_typing,1,3,,,,26234.99461,,,,,training/controlled_typing,seed_device_468f03a2,,,,,,,,,,,,,,,,,,,,,,,,,,,,,,,,,,,,,,,,,,,,,,,,,,,,,,,,,,,,,,,,
training_event,training,468f03a2-d7c9-4701-abf8-bb2c692f696b,d99dc7e4-25ba-4fbe-ac2e-802077944d27,2026-08-13T05:52:58.211000+00:00,keydown,71,V,160.0051728,103.4967608,,,,,,,,repeated_typing,3,8,75,2,2,1249.49719,2685.703894,,,,training/repeated_typing,seed_device_468f03a2,,,,,,,,,,,,,,,,,,,,,,,,,,,,,,,,,,,,,,,,,,,,,,,,,,,,,,,,,,,,,,,,
training_event,training,468f03a2-d7c9-4701-abf8-bb2c692f696b,d99dc7e4-25ba-4fbe-ac2e-802077944d27,2026-08-15T18:52:58.211000+00:00,keyup,89,J,113.3519929,67.53146683,,,,,,,,repeated_typing,3,5,34,1,1,20040.87307,4439.225032,,,,training/repeated_typing,seed_device_468f03a2,,,,,,,,,,,,,,,,,,,,,,,,,,,,,,,,,,,,,,,,,,,,,,,,,,,,,,,,,,,,,,,,
training_event,training,468f03a2-d7c9-4701-abf8-bb2c692f696b,d99dc7e4-25ba-4fbe-ac2e-802077944d27,2026-08-13T21:52:58.211000+00:00,keyup,81,L,177.9498339,58.64292475,,,,,,,,repeated_typing,3,0,58,0,0,14980.90899,2903.603187,,,,training/repeated_typing,seed_device_468f03a2,,,,,,,,,,,,,,,,,,,,,,,,,,,,,,,,,,,,,,,,,,,,,,,,,,,,,,,,,,,,,,,,
training_event,training,468f03a2-d7c9-4701-abf8-bb2c692f696b,d99dc7e4-25ba-4fbe-ac2e-802077944d27,2026-08-11T19:52:58.211000+00:00,keydown,74,D,166.3621204,132.2780584,,,,,,,,repeated_typing,3,9,29,1,2,24592.6212,3662.737046,,,,training/repeated_typing,seed_device_468f03a2,,,,,,,,,,,,,,,,,,,,,,,,,,,,,,,,,,,,,,,,,,,,,,,,,,,,,,,,,,,,,,,,
training_event,training,468f03a2-d7c9-4701-abf8-bb2c692f696b,d99dc7e4-25ba-4fbe-ac2e-802077944d27,2026-08-16T18:52:58.211000+00:00,keydown,70,G,188.4247797,45.79262851,,,,,,,,repeated_typing,0,5,71,0,1,14195.42086,3972.146346,,,,training/repeated_typing,seed_device_468f03a2,,,,,,,,,,,,,,,,,,,,,,,,,,,,,,,,,,,,,,,,,,,,,,,,,,,,,,,,,,,,,,,,
training_event,training,468f03a2-d7c9-4701-abf8-bb2c692f696b,f40819c0-ae47-4719-9f50-81559426100a,2026-08-11T19:52:58.211000+00:00,keydown,83,J,186.593838,141.8323503,,,,,,,,paragraph_typing,2,2,76,3,1,6998.105718,358.851992,,,,training/paragraph_typing,seed_device_468f03a2,,,,,,,,,,,,,,,,,,,,,,,,,,,,,,,,,,,,,,,,,,,,,,,,,,,,,,,,,,,,,,,,
training_event,training,468f03a2-d7c9-4701-abf8-bb2c692f696b,f40819c0-ae47-4719-9f50-81559426100a,2026-08-12T18:52:58.211000+00:00,keyup,83,H,155.829983,65.16230731,,,,,,,,paragraph_typing,2,7,23,2,1,18748.65719,3438.890246,,,,training/paragraph_typing,seed_device_468f03a2,,,,,,,,,,,,,,,,,,,,,,,,,,,,,,,,,,,,,,,,,,,,,,,,,,,,,,,,,,,,,,,,
training_event,training,468f03a2-d7c9-4701-abf8-bb2c692f696b,f40819c0-ae47-4719-9f50-81559426100a,2026-08-14T18:52:58.211000+00:00,mouse_scroll,,,,,1056.246365,552.3857125,,32.98146693,,,,paragraph_typing,4,0,,,,26090.8387,,,,,training/paragraph_typing,seed_device_468f03a2,,,,,,,,,,,,,,,,,,,,,,,,,,,,,,,,,,,,,,,,,,,,,,,,,,,,,,,,,,,,,,,,
training_event,training,468f03a2-d7c9-4701-abf8-bb2c692f696b,f40819c0-ae47-4719-9f50-81559426100a,2026-08-14T15:52:58.211000+00:00,mouse_move,,,,,1083.149114,736.0870586,,,,,,paragraph_typing,4,4,,,,11715.69979,,,,,training/paragraph_typing,seed_device_468f03a2,,,,,,,,,,,,,,,,,,,,,,,,,,,,,,,,,,,,,,,,,,,,,,,,,,,,,,,,,,,,,,,,
training_event,training,468f03a2-d7c9-4701-abf8-bb2c692f696b,f40819c0-ae47-4719-9f50-81559426100a,2026-08-12T21:52:58.211000+00:00,mouse_move,,,,,438.7954779,270.6707536,,,,,,paragraph_typing,4,2,,,,5653.878878,,,,,training/paragraph_typing,seed_device_468f03a2,,,,,,,,,,,,,,,,,,,,,,,,,,,,,,,,,,,,,,,,,,,,,,,,,,,,,,,,,,,,,,,,
training_event,training,468f03a2-d7c9-4701-abf8-bb2c692f696b,193117fc-840d-40a6-9df6-c69e4dc800c3,2026-08-13T10:52:58.211000+00:00,mouse_scroll,,,,,256.4234524,340.1097381,,-15.72361764,,,,controlled_typing,2,7,,,,17513.193,,,,,training/controlled_typing,seed_device_468f03a2,,,,,,,,,,,,,,,,,,,,,,,,,,,,,,,,,,,,,,,,,,,,,,,,,,,,,,,,,,,,,,,,
training_event,training,468f03a2-d7c9-4701-abf8-bb2c692f696b,193117fc-840d-40a6-9df6-c69e4dc800c3,2026-08-12T23:52:58.211000+00:00,mouse_click,,,,,376.4226435,432.4276152,,,,,,controlled_typing,1,0,,,,27739.13801,,target_13,small,119.708655,training/controlled_typing,seed_device_468f03a2,,,,,,,,,,,,,,,,,,,,,,,,,,,,,,,,,,,,,,,,,,,,,,,,,,,,,,,,,,,,,,,,
training_event,training,468f03a2-d7c9-4701-abf8-bb2c692f696b,193117fc-840d-40a6-9df6-c69e4dc800c3,2026-08-14T04:52:58.211000+00:00,mouse_scroll,,,,,725.2852926,450.4108844,,-8.271404096,,,,controlled_typing,0,0,,,,23574.04169,,,,,training/controlled_typing,seed_device_468f03a2,,,,,,,,,,,,,,,,,,,,,,,,,,,,,,,,,,,,,,,,,,,,,,,,,,,,,,,,,,,,,,,,
training_event,training,468f03a2-d7c9-4701-abf8-bb2c692f696b,193117fc-840d-40a6-9df6-c69e4dc800c3,2026-08-13T20:52:58.211000+00:00,mouse_scroll,,,,,1094.394866,880.7646584,,-19.80692024,,,,controlled_typing,3,5,,,,14428.6009,,,,,training/controlled_typing,seed_device_468f03a2,,,,,,,,,,,,,,,,,,,,,,,,,,,,,,,,,,,,,,,,,,,,,,,,,,,,,,,,,,,,,,,,
training_event,training,468f03a2-d7c9-4701-abf8-bb2c692f696b,d99dc7e4-25ba-4fbe-ac2e-802077944d27,2026-08-15T10:52:58.211000+00:00,keydown,88,A,166.5448355,140.6274032,,,,,,,,repeated_typing,0,7,16,2,2,23397.46409,2543.093709,,,,training/repeated_typing,seed_device_468f03a2,,,,,,,,,,,,,,,,,,,,,,,,,,,,,,,,,,,,,,,,,,,,,,,,,,,,,,,,,,,,,,,,
training_event,training,468f03a2-d7c9-4701-abf8-bb2c692f696b,f40819c0-ae47-4719-9f50-81559426100a,2026-08-12T12:52:58.211000+00:00,mouse_click,,,,,532.1541327,889.5747668,,,,,,paragraph_typing,2,8,,,,6256.406166,,target_10,large,175.3886108,training/paragraph_typing,seed_device_468f03a2,,,,,,,,,,,,,,,,,,,,,,,,,,,,,,,,,,,,,,,,,,,,,,,,,,,,,,,,,,,,,,,,
training_event,training,468f03a2-d7c9-4701-abf8-bb2c692f696b,f40819c0-ae47-4719-9f50-81559426100a,2026-08-17T08:52:58.211000+00:00,keydown,68,Y,106.9172079,146.4306907,,,,,,,,paragraph_typing,3,3,28,1,2,6827.6736,611.6825927,,,,training/paragraph_typing,seed_device_468f03a2,,,,,,,,,,,,,,,,,,,,,,,,,,,,,,,,,,,,,,,,,,,,,,,,,,,,,,,,,,,,,,,,
training_event,training,468f03a2-d7c9-4701-abf8-bb2c692f696b,f40819c0-ae47-4719-9f50-81559426100a,2026-08-11T13:52:58.211000+00:00,keydown,77,G,135.4413349,104.4516154,,,,,,,,paragraph_typing,1,9,96,3,1,14061.80875,3992.624478,,,,training/paragraph_typing,seed_device_468f03a2,,,,,,,,,,,,,,,,,,,,,,,,,,,,,,,,,,,,,,,,,,,,,,,,,,,,,,,,,,,,,,,,
training_event,training,468f03a2-d7c9-4701-abf8-bb2c692f696b,f40819c0-ae47-4719-9f50-81559426100a,2026-08-16T20:52:58.211000+00:00,mouse_scroll,,,,,573.9919223,818.8516453,,-14.39649828,,,,paragraph_typing,0,3,,,,26960.97869,,,,,training/paragraph_typing,seed_device_468f03a2,,,,,,,,,,,,,,,,,,,,,,,,,,,,,,,,,,,,,,,,,,,,,,,,,,,,,,,,,,,,,,,,
training_event,training,468f03a2-d7c9-4701-abf8-bb2c692f696b,f40819c0-ae47-4719-9f50-81559426100a,2026-08-11T19:52:58.211000+00:00,mouse_click,,,,,573.3609769,437.5509254,,,,,,paragraph_typing,4,1,,,,8242.784311,,target_3,medium,173.859126,training/paragraph_typing,seed_device_468f03a2,,,,,,,,,,,,,,,,,,,,,,,,,,,,,,,,,,,,,,,,,,,,,,,,,,,,,,,,,,,,,,,,
training_event,training,468f03a2-d7c9-4701-abf8-bb2c692f696b,f40819c0-ae47-4719-9f50-81559426100a,2026-08-15T20:52:58.211000+00:00,mouse_click,,,,,565.1425911,294.9815962,,,,,,paragraph_typing,1,2,,,,3685.797296,,target_20,large,87.13171359,training/paragraph_typing,seed_device_468f03a2,,,,,,,,,,,,,,,,,,,,,,,,,,,,,,,,,,,,,,,,,,,,,,,,,,,,,,,,,,,,,,,,
training_event,training,468f03a2-d7c9-4701-abf8-bb2c692f696b,193117fc-840d-40a6-9df6-c69e4dc800c3,2026-08-15T06:52:58.211000+00:00,keyup,75,X,127.6773187,61.28491939,,,,,,,,controlled_typing,2,5,22,2,0,27575.95697,815.4655846,,,,training/controlled_typing,seed_device_468f03a2,,,,,,,,,,,,,,,,,,,,,,,,,,,,,,,,,,,,,,,,,,,,,,,,,,,,,,,,,,,,,,,,
training_event,training,468f03a2-d7c9-4701-abf8-bb2c692f696b,193117fc-840d-40a6-9df6-c69e4dc800c3,2026-08-16T11:52:58.211000+00:00,keydown,68,I,184.3608971,84.79676273,,,,,,,,controlled_typing,2,5,77,0,1,15173.35422,2928.880849,,,,training/controlled_typing,seed_device_468f03a2,,,,,,,,,,,,,,,,,,,,,,,,,,,,,,,,,,,,,,,,,,,,,,,,,,,,,,,,,,,,,,,,
training_event,training,468f03a2-d7c9-4701-abf8-bb2c692f696b,193117fc-840d-40a6-9df6-c69e4dc800c3,2026-08-15T16:52:58.211000+00:00,mouse_move,,,,,495.3892635,651.4628783,,,,,,controlled_typing,4,4,,,,26905.60532,,,,,training/controlled_typing,seed_device_468f03a2,,,,,,,,,,,,,,,,,,,,,,,,,,,,,,,,,,,,,,,,,,,,,,,,,,,,,,,,,,,,,,,,
training_event,training,468f03a2-d7c9-4701-abf8-bb2c692f696b,193117fc-840d-40a6-9df6-c69e4dc800c3,2026-08-14T04:52:58.211000+00:00,keydown,80,G,154.7989281,126.0051749,,,,,,,,controlled_typing,0,2,70,3,0,15840.56786,2587.279562,,,,training/controlled_typing,seed_device_468f03a2,,,,,,,,,,,,,,,,,,,,,,,,,,,,,,,,,,,,,,,,,,,,,,,,,,,,,,,,,,,,,,,,
training_event,training,468f03a2-d7c9-4701-abf8-bb2c692f696b,193117fc-840d-40a6-9df6-c69e4dc800c3,2026-08-16T01:52:58.211000+00:00,mouse_scroll,,,,,858.6562213,559.8186411,,-37.57046799,,,,controlled_typing,2,7,,,,14881.26067,,,,,training/controlled_typing,seed_device_468f03a2,,,,,,,,,,,,,,,,,,,,,,,,,,,,,,,,,,,,,,,,,,,,,,,,,,,,,,,,,,,,,,,,
training_event,training,468f03a2-d7c9-4701-abf8-bb2c692f696b,193117fc-840d-40a6-9df6-c69e4dc800c3,2026-08-16T00:52:58.211000+00:00,mouse_scroll,,,,,184.9116152,212.4660285,,30.24178448,,,,controlled_typing,1,0,,,,8345.314389,,,,,training/controlled_typing,seed_device_468f03a2,,,,,,,,,,,,,,,,,,,,,,,,,,,,,,,,,,,,,,,,,,,,,,,,,,,,,,,,,,,,,,,,
training_event,training,468f03a2-d7c9-4701-abf8-bb2c692f696b,193117fc-840d-40a6-9df6-c69e4dc800c3,2026-08-13T11:52:58.211000+00:00,mouse_move,,,,,588.0890933,503.8342078,,,,,,controlled_typing,2,9,,,,16062.2208,,,,,training/controlled_typing,seed_device_468f03a2,,,,,,,,,,,,,,,,,,,,,,,,,,,,,,,,,,,,,,,,,,,,,,,,,,,,,,,,,,,,,,,,
training_event,training,468f03a2-d7c9-4701-abf8-bb2c692f696b,d99dc7e4-25ba-4fbe-ac2e-802077944d27,2026-08-13T19:52:58.211000+00:00,mouse_move,,,,,949.4212597,400.8757119,,,,,,repeated_typing,0,0,,,,24568.10139,,,,,training/repeated_typing,seed_device_468f03a2,,,,,,,,,,,,,,,,,,,,,,,,,,,,,,,,,,,,,,,,,,,,,,,,,,,,,,,,,,,,,,,,
training_event,training,468f03a2-d7c9-4701-abf8-bb2c692f696b,f40819c0-ae47-4719-9f50-81559426100a,2026-08-13T22:52:58.211000+00:00,mouse_move,,,,,1360.56515,364.1362276,,,,,,paragraph_typing,2,1,,,,3604.385169,,,,,training/paragraph_typing,seed_device_468f03a2,,,,,,,,,,,,,,,,,,,,,,,,,,,,,,,,,,,,,,,,,,,,,,,,,,,,,,,,,,,,,,,,
training_event,training,468f03a2-d7c9-4701-abf8-bb2c692f696b,f40819c0-ae47-4719-9f50-81559426100a,2026-08-15T02:52:58.211000+00:00,keydown,70,A,89.92112782,114.8650425,,,,,,,,paragraph_typing,2,3,87,1,2,12504.65904,3912.99564,,,,training/paragraph_typing,seed_device_468f03a2,,,,,,,,,,,,,,,,,,,,,,,,,,,,,,,,,,,,,,,,,,,,,,,,,,,,,,,,,,,,,,,,
training_event,training,468f03a2-d7c9-4701-abf8-bb2c692f696b,f40819c0-ae47-4719-9f50-81559426100a,2026-08-13T11:52:58.211000+00:00,mouse_move,,,,,757.4754289,847.9838879,,,,,,paragraph_typing,1,6,,,,11299.50831,,,,,training/paragraph_typing,seed_device_468f03a2,,,,,,,,,,,,,,,,,,,,,,,,,,,,,,,,,,,,,,,,,,,,,,,,,,,,,,,,,,,,,,,,
training_event,training,468f03a2-d7c9-4701-abf8-bb2c692f696b,193117fc-840d-40a6-9df6-c69e4dc800c3,2026-08-13T07:52:58.211000+00:00,mouse_click,,,,,731.2931254,730.7291087,,,,,,controlled_typing,2,9,,,,7718.849739,,target_20,medium,80.45986143,training/controlled_typing,seed_device_468f03a2,,,,,,,,,,,,,,,,,,,,,,,,,,,,,,,,,,,,,,,,,,,,,,,,,,,,,,,,,,,,,,,,
training_event,training,468f03a2-d7c9-4701-abf8-bb2c692f696b,193117fc-840d-40a6-9df6-c69e4dc800c3,2026-08-12T07:52:58.211000+00:00,mouse_click,,,,,1458.998889,500.6344908,,,,,,controlled_typing,4,9,,,,2049.227998,,target_7,medium,222.459144,training/controlled_typing,seed_device_468f03a2,,,,,,,,,,,,,,,,,,,,,,,,,,,,,,,,,,,,,,,,,,,,,,,,,,,,,,,,,,,,,,,,
training_event,training,468f03a2-d7c9-4701-abf8-bb2c692f696b,193117fc-840d-40a6-9df6-c69e4dc800c3,2026-08-13T21:52:58.211000+00:00,keyup,66,S,114.3023402,93.28007826,,,,,,,,controlled_typing,0,8,62,3,1,24583.36795,3354.327526,,,,training/controlled_typing,seed_device_468f03a2,,,,,,,,,,,,,,,,,,,,,,,,,,,,,,,,,,,,,,,,,,,,,,,,,,,,,,,,,,,,,,,,
training_event,training,468f03a2-d7c9-4701-abf8-bb2c692f696b,193117fc-840d-40a6-9df6-c69e4dc800c3,2026-08-14T08:52:58.211000+00:00,mouse_click,,,,,848.3101999,166.5589834,,,,,,controlled_typing,2,9,,,,20958.52802,,target_7,small,67.68554403,training/controlled_typing,seed_device_468f03a2,,,,,,,,,,,,,,,,,,,,,,,,,,,,,,,,,,,,,,,,,,,,,,,,,,,,,,,,,,,,,,,,
training_event,training,468f03a2-d7c9-4701-abf8-bb2c692f696b,193117fc-840d-40a6-9df6-c69e4dc800c3,2026-08-14T16:52:58.211000+00:00,keydown,67,G,70.32117076,122.0738216,,,,,,,,controlled_typing,2,2,13,1,0,25884.36195,3817.658513,,,,training/controlled_typing,seed_device_468f03a2,,,,,,,,,,,,,,,,,,,,,,,,,,,,,,,,,,,,,,,,,,,,,,,,,,,,,,,,,,,,,,,,
training_event,training,468f03a2-d7c9-4701-abf8-bb2c692f696b,193117fc-840d-40a6-9df6-c69e4dc800c3,2026-08-17T07:52:58.211000+00:00,mouse_move,,,,,1391.088629,850.55834,,,,,,controlled_typing,1,2,,,,5498.514261,,,,,training/controlled_typing,seed_device_468f03a2,,,,,,,,,,,,,,,,,,,,,,,,,,,,,,,,,,,,,,,,,,,,,,,,,,,,,,,,,,,,,,,,
training_event,training,468f03a2-d7c9-4701-abf8-bb2c692f696b,d99dc7e4-25ba-4fbe-ac2e-802077944d27,2026-08-12T07:52:58.211000+00:00,keydown,87,J,147.9523025,135.1525362,,,,,,,,repeated_typing,1,0,81,0,0,4593.855781,3653.058466,,,,training/repeated_typing,seed_device_468f03a2,,,,,,,,,,,,,,,,,,,,,,,,,,,,,,,,,,,,,,,,,,,,,,,,,,,,,,,,,,,,,,,,
training_event,training,468f03a2-d7c9-4701-abf8-bb2c692f696b,d99dc7e4-25ba-4fbe-ac2e-802077944d27,2026-08-15T09:52:58.211000+00:00,mouse_click,,,,,1345.702831,522.1174851,,,,,,repeated_typing,1,0,,,,8454.895153,,target_3,small,230.2353309,training/repeated_typing,seed_device_468f03a2,,,,,,,,,,,,,,,,,,,,,,,,,,,,,,,,,,,,,,,,,,,,,,,,,,,,,,,,,,,,,,,,
training_event,training,468f03a2-d7c9-4701-abf8-bb2c692f696b,d99dc7e4-25ba-4fbe-ac2e-802077944d27,2026-08-14T17:52:58.211000+00:00,mouse_click,,,,,867.8550444,282.5087015,,,,,,repeated_typing,4,5,,,,15931.57023,,target_8,small,212.3847384,training/repeated_typing,seed_device_468f03a2,,,,,,,,,,,,,,,,,,,,,,,,,,,,,,,,,,,,,,,,,,,,,,,,,,,,,,,,,,,,,,,,
training_event,training,468f03a2-d7c9-4701-abf8-bb2c692f696b,d99dc7e4-25ba-4fbe-ac2e-802077944d27,2026-08-13T15:52:58.211000+00:00,keydown,84,R,113.9897839,133.4655344,,,,,,,,repeated_typing,2,7,46,3,2,13923.57432,4175.474596,,,,training/repeated_typing,seed_device_468f03a2,,,,,,,,,,,,,,,,,,,,,,,,,,,,,,,,,,,,,,,,,,,,,,,,,,,,,,,,,,,,,,,,
training_event,training,468f03a2-d7c9-4701-abf8-bb2c692f696b,d99dc7e4-25ba-4fbe-ac2e-802077944d27,2026-08-13T20:52:58.211000+00:00,mouse_click,,,,,1767.721463,660.350561,,,,,,repeated_typing,1,0,,,,15972.84463,,target_12,large,152.5351385,training/repeated_typing,seed_device_468f03a2,,,,,,,,,,,,,,,,,,,,,,,,,,,,,,,,,,,,,,,,,,,,,,,,,,,,,,,,,,,,,,,,
training_event,training,468f03a2-d7c9-4701-abf8-bb2c692f696b,f40819c0-ae47-4719-9f50-81559426100a,2026-08-15T23:52:58.211000+00:00,mouse_scroll,,,,,705.625291,576.3520537,,-40.47477545,,,,paragraph_typing,1,8,,,,19292.4844,,,,,training/paragraph_typing,seed_device_468f03a2,,,,,,,,,,,,,,,,,,,,,,,,,,,,,,,,,,,,,,,,,,,,,,,,,,,,,,,,,,,,,,,,
training_event,training,468f03a2-d7c9-4701-abf8-bb2c692f696b,f40819c0-ae47-4719-9f50-81559426100a,2026-08-12T01:52:58.211000+00:00,mouse_scroll,,,,,1099.427841,156.8345199,,23.63218421,,,,paragraph_typing,1,4,,,,5320.257617,,,,,training/paragraph_typing,seed_device_468f03a2,,,,,,,,,,,,,,,,,,,,,,,,,,,,,,,,,,,,,,,,,,,,,,,,,,,,,,,,,,,,,,,,
training_event,training,468f03a2-d7c9-4701-abf8-bb2c692f696b,f40819c0-ae47-4719-9f50-81559426100a,2026-08-12T04:52:58.211000+00:00,mouse_scroll,,,,,1431.770532,800.2332456,,-1.592026584,,,,paragraph_typing,2,5,,,,25952.76887,,,,,training/paragraph_typing,seed_device_468f03a2,,,,,,,,,,,,,,,,,,,,,,,,,,,,,,,,,,,,,,,,,,,,,,,,,,,,,,,,,,,,,,,,
training_event,training,468f03a2-d7c9-4701-abf8-bb2c692f696b,f40819c0-ae47-4719-9f50-81559426100a,2026-08-17T01:52:58.211000+00:00,keydown,89,S,66.43062376,51.57709687,,,,,,,,paragraph_typing,2,2,14,0,2,11239.85314,516.9749946,,,,training/paragraph_typing,seed_device_468f03a2,,,,,,,,,,,,,,,,,,,,,,,,,,,,,,,,,,,,,,,,,,,,,,,,,,,,,,,,,,,,,,,,
training_event,training,468f03a2-d7c9-4701-abf8-bb2c692f696b,f40819c0-ae47-4719-9f50-81559426100a,2026-08-15T14:52:58.211000+00:00,keyup,89,Q,95.07102241,102.7946025,,,,,,,,paragraph_typing,0,6,87,0,2,17771.18322,3509.326798,,,,training/paragraph_typing,seed_device_468f03a2,,,,,,,,,,,,,,,,,,,,,,,,,,,,,,,,,,,,,,,,,,,,,,,,,,,,,,,,,,,,,,,,
training_event,training,468f03a2-d7c9-4701-abf8-bb2c692f696b,f40819c0-ae47-4719-9f50-81559426100a,2026-08-13T21:52:58.211000+00:00,mouse_move,,,,,656.3048879,737.4325619,,,,,,paragraph_typing,4,8,,,,2241.350419,,,,,training/paragraph_typing,seed_device_468f03a2,,,,,,,,,,,,,,,,,,,,,,,,,,,,,,,,,,,,,,,,,,,,,,,,,,,,,,,,,,,,,,,,
training_event,training,468f03a2-d7c9-4701-abf8-bb2c692f696b,f40819c0-ae47-4719-9f50-81559426100a,2026-08-11T14:52:58.211000+00:00,keyup,73,L,104.6825614,96.97521283,,,,,,,,paragraph_typing,1,0,80,2,2,17137.61957,2004.238383,,,,training/paragraph_typing,seed_device_468f03a2,,,,,,,,,,,,,,,,,,,,,,,,,,,,,,,,,,,,,,,,,,,,,,,,,,,,,,,,,,,,,,,,
training_event,training,468f03a2-d7c9-4701-abf8-bb2c692f696b,f40819c0-ae47-4719-9f50-81559426100a,2026-08-12T15:52:58.211000+00:00,mouse_move,,,,,1452.034291,315.0076372,,,,,,paragraph_typing,3,8,,,,24911.66267,,,,,training/paragraph_typing,seed_device_468f03a2,,,,,,,,,,,,,,,,,,,,,,,,,,,,,,,,,,,,,,,,,,,,,,,,,,,,,,,,,,,,,,,,
training_event,training,468f03a2-d7c9-4701-abf8-bb2c692f696b,193117fc-840d-40a6-9df6-c69e4dc800c3,2026-08-15T12:52:58.211000+00:00,keydown,75,N,161.5624422,113.6234045,,,,,,,,controlled_typing,3,7,47,2,2,27883.15607,2667.702109,,,,training/controlled_typing,seed_device_468f03a2,,,,,,,,,,,,,,,,,,,,,,,,,,,,,,,,,,,,,,,,,,,,,,,,,,,,,,,,,,,,,,,,
training_event,training,468f03a2-d7c9-4701-abf8-bb2c692f696b,193117fc-840d-40a6-9df6-c69e4dc800c3,2026-08-14T01:52:58.211000+00:00,keyup,75,U,189.2809228,73.74413414,,,,,,,,controlled_typing,0,4,22,1,0,12461.18418,3943.544179,,,,training/controlled_typing,seed_device_468f03a2,,,,,,,,,,,,,,,,,,,,,,,,,,,,,,,,,,,,,,,,,,,,,,,,,,,,,,,,,,,,,,,,
training_event,training,468f03a2-d7c9-4701-abf8-bb2c692f696b,193117fc-840d-40a6-9df6-c69e4dc800c3,2026-08-13T03:52:58.211000+00:00,keyup,78,M,93.32358995,49.67900728,,,,,,,,controlled_typing,2,2,96,1,0,20880.40046,3569.019522,,,,training/controlled_typing,seed_device_468f03a2,,,,,,,,,,,,,,,,,,,,,,,,,,,,,,,,,,,,,,,,,,,,,,,,,,,,,,,,,,,,,,,,
training_event,training,468f03a2-d7c9-4701-abf8-bb2c692f696b,193117fc-840d-40a6-9df6-c69e4dc800c3,2026-08-13T03:52:58.211000+00:00,keyup,65,K,176.9889429,126.9836606,,,,,,,,controlled_typing,0,2,61,0,0,23324.51163,4764.566306,,,,training/controlled_typing,seed_device_468f03a2,,,,,,,,,,,,,,,,,,,,,,,,,,,,,,,,,,,,,,,,,,,,,,,,,,,,,,,,,,,,,,,,
training_event,training,468f03a2-d7c9-4701-abf8-bb2c692f696b,193117fc-840d-40a6-9df6-c69e4dc800c3,2026-08-14T09:52:58.211000+00:00,mouse_scroll,,,,,392.8339316,501.3523143,,-35.39027678,,,,controlled_typing,3,8,,,,9874.324119,,,,,training/controlled_typing,seed_device_468f03a2,,,,,,,,,,,,,,,,,,,,,,,,,,,,,,,,,,,,,,,,,,,,,,,,,,,,,,,,,,,,,,,,
training_event,training,468f03a2-d7c9-4701-abf8-bb2c692f696b,193117fc-840d-40a6-9df6-c69e4dc800c3,2026-08-15T01:52:58.211000+00:00,keydown,72,Y,191.7734642,138.1281549,,,,,,,,controlled_typing,3,0,91,3,2,21012.67213,129.658466,,,,training/controlled_typing,seed_device_468f03a2,,,,,,,,,,,,,,,,,,,,,,,,,,,,,,,,,,,,,,,,,,,,,,,,,,,,,,,,,,,,,,,,
training_event,training,468f03a2-d7c9-4701-abf8-bb2c692f696b,193117fc-840d-40a6-9df6-c69e4dc800c3,2026-08-13T12:52:58.211000+00:00,mouse_scroll,,,,,1322.392586,122.4460337,,-11.2983585,,,,controlled_typing,4,3,,,,24817.99256,,,,,training/controlled_typing,seed_device_468f03a2,,,,,,,,,,,,,,,,,,,,,,,,,,,,,,,,,,,,,,,,,,,,,,,,,,,,,,,,,,,,,,,,
training_event,training,468f03a2-d7c9-4701-abf8-bb2c692f696b,193117fc-840d-40a6-9df6-c69e4dc800c3,2026-08-14T22:52:58.211000+00:00,keyup,75,X,96.16609873,147.4920177,,,,,,,,controlled_typing,2,4,74,2,0,8307.001825,4940.953967,,,,training/controlled_typing,seed_device_468f03a2,,,,,,,,,,,,,,,,,,,,,,,,,,,,,,,,,,,,,,,,,,,,,,,,,,,,,,,,,,,,,,,,
training_event,training,468f03a2-d7c9-4701-abf8-bb2c692f696b,193117fc-840d-40a6-9df6-c69e4dc800c3,2026-08-16T09:52:58.211000+00:00,mouse_move,,,,,212.8320513,642.1539604,,,,,,controlled_typing,4,4,,,,20767.34781,,,,,training/controlled_typing,seed_device_468f03a2,,,,,,,,,,,,,,,,,,,,,,,,,,,,,,,,,,,,,,,,,,,,,,,,,,,,,,,,,,,,,,,,
training_event,training,468f03a2-d7c9-4701-abf8-bb2c692f696b,193117fc-840d-40a6-9df6-c69e4dc800c3,2026-08-15T20:52:58.211000+00:00,keyup,72,H,68.44002124,135.0049475,,,,,,,,controlled_typing,0,9,24,0,2,26709.68639,1485.721427,,,,training/controlled_typing,seed_device_468f03a2,,,,,,,,,,,,,,,,,,,,,,,,,,,,,,,,,,,,,,,,,,,,,,,,,,,,,,,,,,,,,,,,
training_event,training,468f03a2-d7c9-4701-abf8-bb2c692f696b,d99dc7e4-25ba-4fbe-ac2e-802077944d27,2026-08-17T04:52:58.211000+00:00,keydown,78,Z,80.04292049,112.6829082,,,,,,,,repeated_typing,0,2,62,0,0,6325.006222,2993.671562,,,,training/repeated_typing,seed_device_468f03a2,,,,,,,,,,,,,,,,,,,,,,,,,,,,,,,,,,,,,,,,,,,,,,,,,,,,,,,,,,,,,,,,
training_event,training,468f03a2-d7c9-4701-abf8-bb2c692f696b,f40819c0-ae47-4719-9f50-81559426100a,2026-08-12T12:52:58.211000+00:00,mouse_click,,,,,543.9089002,651.9604354,,,,,,paragraph_typing,3,5,,,,23457.62557,,target_5,medium,155.0099556,training/paragraph_typing,seed_device_468f03a2,,,,,,,,,,,,,,,,,,,,,,,,,,,,,,,,,,,,,,,,,,,,,,,,,,,,,,,,,,,,,,,,
training_event,training,468f03a2-d7c9-4701-abf8-bb2c692f696b,193117fc-840d-40a6-9df6-c69e4dc800c3,2026-08-12T02:52:58.211000+00:00,keydown,82,G,130.8135754,54.41326648,,,,,,,,controlled_typing,4,2,47,1,0,19743.66177,1789.861169,,,,training/controlled_typing,seed_device_468f03a2,,,,,,,,,,,,,,,,,,,,,,,,,,,,,,,,,,,,,,,,,,,,,,,,,,,,,,,,,,,,,,,,
training_event,training,468f03a2-d7c9-4701-abf8-bb2c692f696b,193117fc-840d-40a6-9df6-c69e4dc800c3,2026-08-17T00:52:58.211000+00:00,mouse_move,,,,,745.8382571,117.9514048,,,,,,controlled_typing,2,6,,,,21651.43703,,,,,training/controlled_typing,seed_device_468f03a2,,,,,,,,,,,,,,,,,,,,,,,,,,,,,,,,,,,,,,,,,,,,,,,,,,,,,,,,,,,,,,,,
training_event,training,468f03a2-d7c9-4701-abf8-bb2c692f696b,193117fc-840d-40a6-9df6-c69e4dc800c3,2026-08-17T02:52:58.211000+00:00,keydown,76,P,100.0695496,138.443291,,,,,,,,controlled_typing,3,8,51,2,2,19794.74144,2400.731905,,,,training/controlled_typing,seed_device_468f03a2,,,,,,,,,,,,,,,,,,,,,,,,,,,,,,,,,,,,,,,,,,,,,,,,,,,,,,,,,,,,,,,,
training_event,training,468f03a2-d7c9-4701-abf8-bb2c692f696b,193117fc-840d-40a6-9df6-c69e4dc800c3,2026-08-12T04:52:58.211000+00:00,keydown,89,Y,91.89504625,60.53812988,,,,,,,,controlled_typing,1,4,71,0,2,10891.07153,2404.464811,,,,training/controlled_typing,seed_device_468f03a2,,,,,,,,,,,,,,,,,,,,,,,,,,,,,,,,,,,,,,,,,,,,,,,,,,,,,,,,,,,,,,,,
training_event,training,468f03a2-d7c9-4701-abf8-bb2c692f696b,d99dc7e4-25ba-4fbe-ac2e-802077944d27,2026-08-16T18:52:58.211000+00:00,mouse_click,,,,,841.3597343,557.8086964,,,,,,repeated_typing,2,3,,,,20817.92437,,target_2,large,287.7775686,training/repeated_typing,seed_device_468f03a2,,,,,,,,,,,,,,,,,,,,,,,,,,,,,,,,,,,,,,,,,,,,,,,,,,,,,,,,,,,,,,,,
training_event,training,468f03a2-d7c9-4701-abf8-bb2c692f696b,d99dc7e4-25ba-4fbe-ac2e-802077944d27,2026-08-14T20:52:58.211000+00:00,keyup,80,F,192.0320156,148.7784263,,,,,,,,repeated_typing,2,4,10,3,1,16611.79645,3384.625112,,,,training/repeated_typing,seed_device_468f03a2,,,,,,,,,,,,,,,,,,,,,,,,,,,,,,,,,,,,,,,,,,,,,,,,,,,,,,,,,,,,,,,,
training_event,training,468f03a2-d7c9-4701-abf8-bb2c692f696b,d99dc7e4-25ba-4fbe-ac2e-802077944d27,2026-08-11T20:52:58.211000+00:00,mouse_click,,,,,465.7514386,848.0931323,,,,,,repeated_typing,2,6,,,,16295.24245,,target_9,medium,280.1373841,training/repeated_typing,seed_device_468f03a2,,,,,,,,,,,,,,,,,,,,,,,,,,,,,,,,,,,,,,,,,,,,,,,,,,,,,,,,,,,,,,,,
training_event,training,468f03a2-d7c9-4701-abf8-bb2c692f696b,d99dc7e4-25ba-4fbe-ac2e-802077944d27,2026-08-12T09:52:58.211000+00:00,keydown,89,Y,112.7715755,91.15208072,,,,,,,,repeated_typing,1,9,27,0,1,10103.07393,3677.005867,,,,training/repeated_typing,seed_device_468f03a2,,,,,,,,,,,,,,,,,,,,,,,,,,,,,,,,,,,,,,,,,,,,,,,,,,,,,,,,,,,,,,,,
training_event,training,468f03a2-d7c9-4701-abf8-bb2c692f696b,d99dc7e4-25ba-4fbe-ac2e-802077944d27,2026-08-15T23:52:58.211000+00:00,mouse_scroll,,,,,1024.728996,355.1727395,,47.27459843,,,,repeated_typing,3,5,,,,18193.09592,,,,,training/repeated_typing,seed_device_468f03a2,,,,,,,,,,,,,,,,,,,,,,,,,,,,,,,,,,,,,,,,,,,,,,,,,,,,,,,,,,,,,,,,
training_event,training,468f03a2-d7c9-4701-abf8-bb2c692f696b,f40819c0-ae47-4719-9f50-81559426100a,2026-08-13T05:52:58.211000+00:00,mouse_scroll,,,,,1393.80847,579.3494045,,19.76347025,,,,paragraph_typing,2,4,,,,14179.7745,,,,,training/paragraph_typing,seed_device_468f03a2,,,,,,,,,,,,,,,,,,,,,,,,,,,,,,,,,,,,,,,,,,,,,,,,,,,,,,,,,,,,,,,,
training_event,training,468f03a2-d7c9-4701-abf8-bb2c692f696b,f40819c0-ae47-4719-9f50-81559426100a,2026-08-16T13:52:58.211000+00:00,keyup,72,K,100.9375047,40.38339517,,,,,,,,paragraph_typing,4,7,63,0,1,26651.35556,134.3334,,,,training/paragraph_typing,seed_device_468f03a2,,,,,,,,,,,,,,,,,,,,,,,,,,,,,,,,,,,,,,,,,,,,,,,,,,,,,,,,,,,,,,,,
training_event,training,468f03a2-d7c9-4701-abf8-bb2c692f696b,f40819c0-ae47-4719-9f50-81559426100a,2026-08-16T17:52:58.211000+00:00,mouse_move,,,,,957.1873351,252.9237674,,,,,,paragraph_typing,3,6,,,,4642.036183,,,,,training/paragraph_typing,seed_device_468f03a2,,,,,,,,,,,,,,,,,,,,,,,,,,,,,,,,,,,,,,,,,,,,,,,,,,,,,,,,,,,,,,,,
training_event,training,468f03a2-d7c9-4701-abf8-bb2c692f696b,193117fc-840d-40a6-9df6-c69e4dc800c3,2026-08-13T09:52:58.211000+00:00,mouse_move,,,,,234.1282489,649.2639046,,,,,,controlled_typing,1,4,,,,11467.07956,,,,,training/controlled_typing,seed_device_468f03a2,,,,,,,,,,,,,,,,,,,,,,,,,,,,,,,,,,,,,,,,,,,,,,,,,,,,,,,,,,,,,,,,
training_event,training,468f03a2-d7c9-4701-abf8-bb2c692f696b,193117fc-840d-40a6-9df6-c69e4dc800c3,2026-08-12T18:52:58.211000+00:00,mouse_scroll,,,,,1354.904529,550.9992538,,-44.2006458,,,,controlled_typing,1,9,,,,7129.561262,,,,,training/controlled_typing,seed_device_468f03a2,,,,,,,,,,,,,,,,,,,,,,,,,,,,,,,,,,,,,,,,,,,,,,,,,,,,,,,,,,,,,,,,
training_event,training,468f03a2-d7c9-4701-abf8-bb2c692f696b,193117fc-840d-40a6-9df6-c69e4dc800c3,2026-08-15T00:52:58.211000+00:00,keydown,81,D,115.791993,72.40956649,,,,,,,,controlled_typing,0,6,69,1,2,24423.53048,124.272083,,,,training/controlled_typing,seed_device_468f03a2,,,,,,,,,,,,,,,,,,,,,,,,,,,,,,,,,,,,,,,,,,,,,,,,,,,,,,,,,,,,,,,,
training_event,training,468f03a2-d7c9-4701-abf8-bb2c692f696b,193117fc-840d-40a6-9df6-c69e4dc800c3,2026-08-13T05:52:58.211000+00:00,mouse_scroll,,,,,1603.430897,350.8430778,,21.91039447,,,,controlled_typing,3,8,,,,12390.98484,,,,,training/controlled_typing,seed_device_468f03a2,,,,,,,,,,,,,,,,,,,,,,,,,,,,,,,,,,,,,,,,,,,,,,,,,,,,,,,,,,,,,,,,
training_event,training,468f03a2-d7c9-4701-abf8-bb2c692f696b,193117fc-840d-40a6-9df6-c69e4dc800c3,2026-08-12T11:52:58.211000+00:00,mouse_move,,,,,652.5036513,578.5444684,,,,,,controlled_typing,3,0,,,,8115.54821,,,,,training/controlled_typing,seed_device_468f03a2,,,,,,,,,,,,,,,,,,,,,,,,,,,,,,,,,,,,,,,,,,,,,,,,,,,,,,,,,,,,,,,,
training_event,training,468f03a2-d7c9-4701-abf8-bb2c692f696b,193117fc-840d-40a6-9df6-c69e4dc800c3,2026-08-16T05:52:58.211000+00:00,keydown,67,B,181.4633729,138.5404323,,,,,,,,controlled_typing,1,4,77,2,2,23035.45087,2298.429612,,,,training/controlled_typing,seed_device_468f03a2,,,,,,,,,,,,,,,,,,,,,,,,,,,,,,,,,,,,,,,,,,,,,,,,,,,,,,,,,,,,,,,,
training_event,training,468f03a2-d7c9-4701-abf8-bb2c692f696b,193117fc-840d-40a6-9df6-c69e4dc800c3,2026-08-15T15:52:58.211000+00:00,keydown,77,I,171.3224663,91.29243014,,,,,,,,controlled_typing,1,8,62,1,0,6953.530383,2386.943473,,,,training/controlled_typing,seed_device_468f03a2,,,,,,,,,,,,,,,,,,,,,,,,,,,,,,,,,,,,,,,,,,,,,,,,,,,,,,,,,,,,,,,,
training_event,training,468f03a2-d7c9-4701-abf8-bb2c692f696b,193117fc-840d-40a6-9df6-c69e4dc800c3,2026-08-14T06:52:58.211000+00:00,keyup,79,X,85.14220132,30.91261846,,,,,,,,controlled_typing,4,5,52,2,2,15386.28485,4170.189139,,,,training/controlled_typing,seed_device_468f03a2,,,,,,,,,,,,,,,,,,,,,,,,,,,,,,,,,,,,,,,,,,,,,,,,,,,,,,,,,,,,,,,,
training_event,training,468f03a2-d7c9-4701-abf8-bb2c692f696b,d99dc7e4-25ba-4fbe-ac2e-802077944d27,2026-08-15T12:52:58.211000+00:00,mouse_move,,,,,200.3883534,731.355884,,,,,,repeated_typing,3,9,,,,14679.56806,,,,,training/repeated_typing,seed_device_468f03a2,,,,,,,,,,,,,,,,,,,,,,,,,,,,,,,,,,,,,,,,,,,,,,,,,,,,,,,,,,,,,,,,
training_event,training,468f03a2-d7c9-4701-abf8-bb2c692f696b,d99dc7e4-25ba-4fbe-ac2e-802077944d27,2026-08-12T09:52:58.211000+00:00,mouse_move,,,,,923.4935931,222.6260169,,,,,,repeated_typing,2,9,,,,14311.38758,,,,,training/repeated_typing,seed_device_468f03a2,,,,,,,,,,,,,,,,,,,,,,,,,,,,,,,,,,,,,,,,,,,,,,,,,,,,,,,,,,,,,,,,
training_event,training,468f03a2-d7c9-4701-abf8-bb2c692f696b,f40819c0-ae47-4719-9f50-81559426100a,2026-08-12T16:52:58.211000+00:00,mouse_click,,,,,919.2360057,750.9176589,,,,,,paragraph_typing,3,5,,,,15182.18823,,target_17,small,60.40465598,training/paragraph_typing,seed_device_468f03a2,,,,,,,,,,,,,,,,,,,,,,,,,,,,,,,,,,,,,,,,,,,,,,,,,,,,,,,,,,,,,,,,
training_event,training,468f03a2-d7c9-4701-abf8-bb2c692f696b,f40819c0-ae47-4719-9f50-81559426100a,2026-08-13T00:52:58.211000+00:00,keydown,71,A,155.866573,102.2356018,,,,,,,,paragraph_typing,4,4,20,3,1,10852.4906,3423.531793,,,,training/paragraph_typing,seed_device_468f03a2,,,,,,,,,,,,,,,,,,,,,,,,,,,,,,,,,,,,,,,,,,,,,,,,,,,,,,,,,,,,,,,,
training_event,training,468f03a2-d7c9-4701-abf8-bb2c692f696b,f40819c0-ae47-4719-9f50-81559426100a,2026-08-12T20:52:58.211000+00:00,keydown,66,A,168.2555623,39.69172291,,,,,,,,paragraph_typing,3,0,58,2,1,29200.23229,4951.872833,,,,training/paragraph_typing,seed_device_468f03a2,,,,,,,,,,,,,,,,,,,,,,,,,,,,,,,,,,,,,,,,,,,,,,,,,,,,,,,,,,,,,,,,
training_event,training,468f03a2-d7c9-4701-abf8-bb2c692f696b,f40819c0-ae47-4719-9f50-81559426100a,2026-08-11T19:52:58.211000+00:00,mouse_move,,,,,189.3912172,251.834109,,,,,,paragraph_typing,0,9,,,,19815.57046,,,,,training/paragraph_typing,seed_device_468f03a2,,,,,,,,,,,,,,,,,,,,,,,,,,,,,,,,,,,,,,,,,,,,,,,,,,,,,,,,,,,,,,,,
training_event,training,468f03a2-d7c9-4701-abf8-bb2c692f696b,f40819c0-ae47-4719-9f50-81559426100a,2026-08-17T03:52:58.211000+00:00,keydown,81,Q,190.842264,71.32437726,,,,,,,,paragraph_typing,4,1,62,2,0,2717.321714,548.9589033,,,,training/paragraph_typing,seed_device_468f03a2,,,,,,,,,,,,,,,,,,,,,,,,,,,,,,,,,,,,,,,,,,,,,,,,,,,,,,,,,,,,,,,,
training_event,training,468f03a2-d7c9-4701-abf8-bb2c692f696b,193117fc-840d-40a6-9df6-c69e4dc800c3,2026-08-13T11:52:58.211000+00:00,keyup,80,Z,125.1488549,88.02713955,,,,,,,,controlled_typing,4,9,38,3,1,4962.359657,1049.479617,,,,training/controlled_typing,seed_device_468f03a2,,,,,,,,,,,,,,,,,,,,,,,,,,,,,,,,,,,,,,,,,,,,,,,,,,,,,,,,,,,,,,,,
training_event,training,468f03a2-d7c9-4701-abf8-bb2c692f696b,193117fc-840d-40a6-9df6-c69e4dc800c3,2026-08-12T20:52:58.211000+00:00,keyup,65,H,155.6707965,90.90679677,,,,,,,,controlled_typing,2,6,33,0,1,10267.992,3414.116361,,,,training/controlled_typing,seed_device_468f03a2,,,,,,,,,,,,,,,,,,,,,,,,,,,,,,,,,,,,,,,,,,,,,,,,,,,,,,,,,,,,,,,,
training_event,training,468f03a2-d7c9-4701-abf8-bb2c692f696b,193117fc-840d-40a6-9df6-c69e4dc800c3,2026-08-16T17:52:58.211000+00:00,keyup,66,T,191.1179101,49.2939033,,,,,,,,controlled_typing,4,1,30,0,2,15017.92932,1102.74276,,,,training/controlled_typing,seed_device_468f03a2,,,,,,,,,,,,,,,,,,,,,,,,,,,,,,,,,,,,,,,,,,,,,,,,,,,,,,,,,,,,,,,,
training_event,training,468f03a2-d7c9-4701-abf8-bb2c692f696b,193117fc-840d-40a6-9df6-c69e4dc800c3,2026-08-12T02:52:58.211000+00:00,mouse_click,,,,,242.5125198,488.6925905,,,,,,controlled_typing,4,1,,,,19301.08729,,target_18,medium,127.8171842,training/controlled_typing,seed_device_468f03a2,,,,,,,,,,,,,,,,,,,,,,,,,,,,,,,,,,,,,,,,,,,,,,,,,,,,,,,,,,,,,,,,
training_event,training,468f03a2-d7c9-4701-abf8-bb2c692f696b,193117fc-840d-40a6-9df6-c69e4dc800c3,2026-08-15T20:52:58.211000+00:00,mouse_move,,,,,771.8826942,715.8856308,,,,,,controlled_typing,0,1,,,,17542.03419,,,,,training/controlled_typing,seed_device_468f03a2,,,,,,,,,,,,,,,,,,,,,,,,,,,,,,,,,,,,,,,,,,,,,,,,,,,,,,,,,,,,,,,,
training_event,training,468f03a2-d7c9-4701-abf8-bb2c692f696b,193117fc-840d-40a6-9df6-c69e4dc800c3,2026-08-15T04:52:58.211000+00:00,mouse_click,,,,,175.472062,654.4395997,,,,,,controlled_typing,3,9,,,,1714.7882,,target_16,medium,177.6913088,training/controlled_typing,seed_device_468f03a2,,,,,,,,,,,,,,,,,,,,,,,,,,,,,,,,,,,,,,,,,,,,,,,,,,,,,,,,,,,,,,,,
training_event,training,468f03a2-d7c9-4701-abf8-bb2c692f696b,f40819c0-ae47-4719-9f50-81559426100a,2026-08-15T18:52:58.211000+00:00,mouse_move,,,,,217.3470516,602.4074146,,,,,,paragraph_typing,4,8,,,,23334.39827,,,,,training/paragraph_typing,seed_device_468f03a2,,,,,,,,,,,,,,,,,,,,,,,,,,,,,,,,,,,,,,,,,,,,,,,,,,,,,,,,,,,,,,,,
training_event,training,468f03a2-d7c9-4701-abf8-bb2c692f696b,f40819c0-ae47-4719-9f50-81559426100a,2026-08-11T15:52:58.211000+00:00,mouse_scroll,,,,,1674.718773,894.388448,,-21.42773089,,,,paragraph_typing,2,3,,,,6941.409508,,,,,training/paragraph_typing,seed_device_468f03a2,,,,,,,,,,,,,,,,,,,,,,,,,,,,,,,,,,,,,,,,,,,,,,,,,,,,,,,,,,,,,,,,
training_event,training,468f03a2-d7c9-4701-abf8-bb2c692f696b,f40819c0-ae47-4719-9f50-81559426100a,2026-08-13T13:52:58.211000+00:00,keyup,76,H,169.3238908,127.8585086,,,,,,,,paragraph_typing,0,6,88,1,2,24624.06235,4541.185036,,,,training/paragraph_typing,seed_device_468f03a2,,,,,,,,,,,,,,,,,,,,,,,,,,,,,,,,,,,,,,,,,,,,,,,,,,,,,,,,,,,,,,,,
training_event,training,468f03a2-d7c9-4701-abf8-bb2c692f696b,f40819c0-ae47-4719-9f50-81559426100a,2026-08-14T03:52:58.211000+00:00,mouse_move,,,,,810.9738396,854.5050948,,,,,,paragraph_typing,3,4,,,,13564.14072,,,,,training/paragraph_typing,seed_device_468f03a2,,,,,,,,,,,,,,,,,,,,,,,,,,,,,,,,,,,,,,,,,,,,,,,,,,,,,,,,,,,,,,,,
training_event,training,468f03a2-d7c9-4701-abf8-bb2c692f696b,f40819c0-ae47-4719-9f50-81559426100a,2026-08-11T20:52:58.211000+00:00,mouse_click,,,,,1057.441483,114.5194782,,,,,,paragraph_typing,4,4,,,,27926.48517,,target_11,medium,147.1189347,training/paragraph_typing,seed_device_468f03a2,,,,,,,,,,,,,,,,,,,,,,,,,,,,,,,,,,,,,,,,,,,,,,,,,,,,,,,,,,,,,,,,
training_event,training,468f03a2-d7c9-4701-abf8-bb2c692f696b,f40819c0-ae47-4719-9f50-81559426100a,2026-08-15T09:52:58.211000+00:00,mouse_scroll,,,,,1599.036394,588.3643448,,-34.3920606,,,,paragraph_typing,1,6,,,,20204.60508,,,,,training/paragraph_typing,seed_device_468f03a2,,,,,,,,,,,,,,,,,,,,,,,,,,,,,,,,,,,,,,,,,,,,,,,,,,,,,,,,,,,,,,,,
training_event,training,468f03a2-d7c9-4701-abf8-bb2c692f696b,f40819c0-ae47-4719-9f50-81559426100a,2026-08-12T00:52:58.211000+00:00,keydown,80,S,79.4291429,102.9228453,,,,,,,,paragraph_typing,4,0,92,1,0,4799.189594,2192.095412,,,,training/paragraph_typing,seed_device_468f03a2,,,,,,,,,,,,,,,,,,,,,,,,,,,,,,,,,,,,,,,,,,,,,,,,,,,,,,,,,,,,,,,,
training_event,training,468f03a2-d7c9-4701-abf8-bb2c692f696b,f40819c0-ae47-4719-9f50-81559426100a,2026-08-13T00:52:58.211000+00:00,mouse_scroll,,,,,310.4417194,631.785382,,-10.12644875,,,,paragraph_typing,2,8,,,,14818.04549,,,,,training/paragraph_typing,seed_device_468f03a2,,,,,,,,,,,,,,,,,,,,,,,,,,,,,,,,,,,,,,,,,,,,,,,,,,,,,,,,,,,,,,,,
training_event,training,468f03a2-d7c9-4701-abf8-bb2c692f696b,f40819c0-ae47-4719-9f50-81559426100a,2026-08-17T06:52:58.211000+00:00,mouse_move,,,,,239.0590388,883.8253829,,,,,,paragraph_typing,1,1,,,,18200.73914,,,,,training/paragraph_typing,seed_device_468f03a2,,,,,,,,,,,,,,,,,,,,,,,,,,,,,,,,,,,,,,,,,,,,,,,,,,,,,,,,,,,,,,,,
training_event,training,468f03a2-d7c9-4701-abf8-bb2c692f696b,193117fc-840d-40a6-9df6-c69e4dc800c3,2026-08-16T02:52:58.211000+00:00,keydown,85,D,176.6446808,112.0312924,,,,,,,,controlled_typing,2,4,95,1,0,3773.788925,293.2743034,,,,training/controlled_typing,seed_device_468f03a2,,,,,,,,,,,,,,,,,,,,,,,,,,,,,,,,,,,,,,,,,,,,,,,,,,,,,,,,,,,,,,,,
training_event,training,468f03a2-d7c9-4701-abf8-bb2c692f696b,d99dc7e4-25ba-4fbe-ac2e-802077944d27,2026-08-16T14:52:58.211000+00:00,keyup,78,X,135.6209511,45.08052241,,,,,,,,repeated_typing,2,8,87,2,0,29805.3344,3765.849615,,,,training/repeated_typing,seed_device_468f03a2,,,,,,,,,,,,,,,,,,,,,,,,,,,,,,,,,,,,,,,,,,,,,,,,,,,,,,,,,,,,,,,,
training_event,training,468f03a2-d7c9-4701-abf8-bb2c692f696b,f40819c0-ae47-4719-9f50-81559426100a,2026-08-15T20:52:58.211000+00:00,keyup,83,E,61.10326362,83.90324595,,,,,,,,paragraph_typing,4,8,15,0,1,28465.62648,2900.101868,,,,training/paragraph_typing,seed_device_468f03a2,,,,,,,,,,,,,,,,,,,,,,,,,,,,,,,,,,,,,,,,,,,,,,,,,,,,,,,,,,,,,,,,
training_event,training,468f03a2-d7c9-4701-abf8-bb2c692f696b,f40819c0-ae47-4719-9f50-81559426100a,2026-08-14T21:52:58.211000+00:00,mouse_move,,,,,1681.191083,109.454154,,,,,,paragraph_typing,2,0,,,,1399.827242,,,,,training/paragraph_typing,seed_device_468f03a2,,,,,,,,,,,,,,,,,,,,,,,,,,,,,,,,,,,,,,,,,,,,,,,,,,,,,,,,,,,,,,,,
training_event,training,468f03a2-d7c9-4701-abf8-bb2c692f696b,f40819c0-ae47-4719-9f50-81559426100a,2026-08-14T21:52:58.211000+00:00,mouse_click,,,,,726.452997,689.2449488,,,,,,paragraph_typing,2,0,,,,17276.71411,,target_14,medium,121.845991,training/paragraph_typing,seed_device_468f03a2,,,,,,,,,,,,,,,,,,,,,,,,,,,,,,,,,,,,,,,,,,,,,,,,,,,,,,,,,,,,,,,,
training_event,training,468f03a2-d7c9-4701-abf8-bb2c692f696b,f40819c0-ae47-4719-9f50-81559426100a,2026-08-14T01:52:58.211000+00:00,keydown,74,Q,93.13982256,119.3154864,,,,,,,,paragraph_typing,1,8,98,0,0,16520.85284,2505.387421,,,,training/paragraph_typing,seed_device_468f03a2,,,,,,,,,,,,,,,,,,,,,,,,,,,,,,,,,,,,,,,,,,,,,,,,,,,,,,,,,,,,,,,,
training_event,training,468f03a2-d7c9-4701-abf8-bb2c692f696b,f40819c0-ae47-4719-9f50-81559426100a,2026-08-13T12:52:58.211000+00:00,mouse_move,,,,,884.8340809,809.1186004,,,,,,paragraph_typing,1,7,,,,4690.483861,,,,,training/paragraph_typing,seed_device_468f03a2,,,,,,,,,,,,,,,,,,,,,,,,,,,,,,,,,,,,,,,,,,,,,,,,,,,,,,,,,,,,,,,,
training_event,training,468f03a2-d7c9-4701-abf8-bb2c692f696b,f40819c0-ae47-4719-9f50-81559426100a,2026-08-15T22:52:58.211000+00:00,mouse_move,,,,,1600.982477,270.4449534,,,,,,paragraph_typing,1,8,,,,3214.146631,,,,,training/paragraph_typing,seed_device_468f03a2,,,,,,,,,,,,,,,,,,,,,,,,,,,,,,,,,,,,,,,,,,,,,,,,,,,,,,,,,,,,,,,,
training_event,training,468f03a2-d7c9-4701-abf8-bb2c692f696b,193117fc-840d-40a6-9df6-c69e4dc800c3,2026-08-14T18:52:58.211000+00:00,keydown,66,U,76.59047046,93.86678928,,,,,,,,controlled_typing,3,9,74,1,2,8352.790632,4395.588418,,,,training/controlled_typing,seed_device_468f03a2,,,,,,,,,,,,,,,,,,,,,,,,,,,,,,,,,,,,,,,,,,,,,,,,,,,,,,,,,,,,,,,,
training_event,training,468f03a2-d7c9-4701-abf8-bb2c692f696b,193117fc-840d-40a6-9df6-c69e4dc800c3,2026-08-16T21:52:58.211000+00:00,mouse_click,,,,,1459.574116,352.4617541,,,,,,controlled_typing,4,8,,,,10436.41607,,target_9,small,107.7989402,training/controlled_typing,seed_device_468f03a2,,,,,,,,,,,,,,,,,,,,,,,,,,,,,,,,,,,,,,,,,,,,,,,,,,,,,,,,,,,,,,,,
training_event,training,468f03a2-d7c9-4701-abf8-bb2c692f696b,193117fc-840d-40a6-9df6-c69e4dc800c3,2026-08-11T17:52:58.211000+00:00,keydown,71,A,88.92647787,31.68352229,,,,,,,,controlled_typing,1,9,91,2,2,9756.464785,4693.440564,,,,training/controlled_typing,seed_device_468f03a2,,,,,,,,,,,,,,,,,,,,,,,,,,,,,,,,,,,,,,,,,,,,,,,,,,,,,,,,,,,,,,,,
training_event,training,468f03a2-d7c9-4701-abf8-bb2c692f696b,193117fc-840d-40a6-9df6-c69e4dc800c3,2026-08-15T15:52:58.211000+00:00,keyup,80,K,129.1872676,74.88795018,,,,,,,,controlled_typing,1,0,68,2,1,26883.51644,3032.393571,,,,training/controlled_typing,seed_device_468f03a2,,,,,,,,,,,,,,,,,,,,,,,,,,,,,,,,,,,,,,,,,,,,,,,,,,,,,,,,,,,,,,,,
training_event,training,468f03a2-d7c9-4701-abf8-bb2c692f696b,193117fc-840d-40a6-9df6-c69e4dc800c3,2026-08-13T20:52:58.211000+00:00,mouse_click,,,,,581.4964721,100.5390024,,,,,,controlled_typing,4,3,,,,18398.96208,,target_6,medium,258.2266228,training/controlled_typing,seed_device_468f03a2,,,,,,,,,,,,,,,,,,,,,,,,,,,,,,,,,,,,,,,,,,,,,,,,,,,,,,,,,,,,,,,,
training_event,training,468f03a2-d7c9-4701-abf8-bb2c692f696b,193117fc-840d-40a6-9df6-c69e4dc800c3,2026-08-11T11:52:58.211000+00:00,keydown,86,A,127.6318707,83.39569367,,,,,,,,controlled_typing,1,8,49,0,2,6871.086447,4367.704712,,,,training/controlled_typing,seed_device_468f03a2,,,,,,,,,,,,,,,,,,,,,,,,,,,,,,,,,,,,,,,,,,,,,,,,,,,,,,,,,,,,,,,,
training_event,training,468f03a2-d7c9-4701-abf8-bb2c692f696b,f40819c0-ae47-4719-9f50-81559426100a,2026-08-16T16:52:58.211000+00:00,mouse_scroll,,,,,1490.106221,211.0261633,,-30.56447326,,,,paragraph_typing,0,6,,,,9557.246446,,,,,training/paragraph_typing,seed_device_468f03a2,,,,,,,,,,,,,,,,,,,,,,,,,,,,,,,,,,,,,,,,,,,,,,,,,,,,,,,,,,,,,,,,
training_event,training,468f03a2-d7c9-4701-abf8-bb2c692f696b,f40819c0-ae47-4719-9f50-81559426100a,2026-08-12T16:52:58.211000+00:00,mouse_move,,,,,1589.695655,258.2781084,,,,,,paragraph_typing,1,7,,,,27666.57734,,,,,training/paragraph_typing,seed_device_468f03a2,,,,,,,,,,,,,,,,,,,,,,,,,,,,,,,,,,,,,,,,,,,,,,,,,,,,,,,,,,,,,,,,
training_event,training,468f03a2-d7c9-4701-abf8-bb2c692f696b,f40819c0-ae47-4719-9f50-81559426100a,2026-08-17T09:52:58.211000+00:00,keyup,78,J,92.32408919,97.25671047,,,,,,,,paragraph_typing,4,0,23,2,0,5036.408009,35.96918599,,,,training/paragraph_typing,seed_device_468f03a2,,,,,,,,,,,,,,,,,,,,,,,,,,,,,,,,,,,,,,,,,,,,,,,,,,,,,,,,,,,,,,,,
training_event,training,468f03a2-d7c9-4701-abf8-bb2c692f696b,f40819c0-ae47-4719-9f50-81559426100a,2026-08-14T20:52:58.211000+00:00,mouse_scroll,,,,,120.1165995,797.7421178,,25.87330054,,,,paragraph_typing,0,0,,,,10619.97986,,,,,training/paragraph_typing,seed_device_468f03a2,,,,,,,,,,,,,,,,,,,,,,,,,,,,,,,,,,,,,,,,,,,,,,,,,,,,,,,,,,,,,,,,
training_event,training,468f03a2-d7c9-4701-abf8-bb2c692f696b,f40819c0-ae47-4719-9f50-81559426100a,2026-08-12T18:52:58.211000+00:00,keydown,82,W,60.37037083,120.1790037,,,,,,,,paragraph_typing,0,9,48,0,2,16204.07397,3409.67772,,,,training/paragraph_typing,seed_device_468f03a2,,,,,,,,,,,,,,,,,,,,,,,,,,,,,,,,,,,,,,,,,,,,,,,,,,,,,,,,,,,,,,,,
training_event,training,468f03a2-d7c9-4701-abf8-bb2c692f696b,f40819c0-ae47-4719-9f50-81559426100a,2026-08-16T00:52:58.211000+00:00,mouse_click,,,,,404.8521677,428.4378119,,,,,,paragraph_typing,0,9,,,,22390.56546,,target_16,large,246.1565257,training/paragraph_typing,seed_device_468f03a2,,,,,,,,,,,,,,,,,,,,,,,,,,,,,,,,,,,,,,,,,,,,,,,,,,,,,,,,,,,,,,,,
training_feature,training,468f03a2-d7c9-4701-abf8-bb2c692f696b,ecbdba9b-dd2f-4c4b-a2f5-2e74b1dce2bb,2026-08-13T02:57:49.582000+00:00,derived,,,,,,,,,,,,mouse_tracking,,,,,,,,,,,,,,,,,,,,,,,,0.3192,0.3615,0.000122,1286.24,0,972.95,4,1286.24,2026-08-13T02:57:49.582000+00:00,,1286.24,,4,,,0.000122,0.3192,0.3615,,,0,,,1286.24,,972.95,,,,,,,,,,,,,,,,,,,,,,,,,,,
training_feature,training,468f03a2-d7c9-4701-abf8-bb2c692f696b,812b539a-fdd8-4de6-9d6e-d272d5be837c,2026-08-13T05:34:45.963000+00:00,derived,,,,,,,,,,,,repeated_typing,0,0,,,,,,,,,,,,,2.8013,134.07,23.25,338.23,277.38,0,0,791.3,226.59,,,,,,,,,2026-08-13T05:34:45.963000+00:00,0,,0,,338.23,134.07,,,,791.3,226.59,,277.38,23.25,,11780.1,,2.8013,,,,,,,,,,,,,,,,,,,,,,,,,,
training_feature,training,468f03a2-d7c9-4701-abf8-bb2c692f696b,d5be29d4-3f54-480e-98c3-20983919df8d,2026-08-13T05:35:05.816000+00:00,derived,,,,,,,,,,,,repeated_typing,0,1,,,,,,,,,,,,,2.2082,141.38,26.01,439.76,336.52,0.0286,0,772.3,312.21,,,,,,,,,2026-08-13T05:35:05.816000+00:00,0.0286,,0,,439.76,141.38,,,,772.3,312.21,,336.52,26.01,,15850.1,,2.2082,,,,,,,,,,,,,,,,,,,,,,,,,,
training_feature,training,468f03a2-d7c9-4701-abf8-bb2c692f696b,11f52f7a-68d3-4d53-8c90-7a3fb90317bc,2026-08-13T05:35:32.232000+00:00,derived,,,,,,,,,,,,repeated_typing,0,2,,,,,,,,,,,,,2.7666,142.68,27.04,329.7,230.76,0,0,700.23,197.27,,,,,,,,,2026-08-13T05:35:32.232000+00:00,0,,0,,329.7,142.68,,,,700.23,197.27,,230.76,27.04,,11928,,2.7666,,,,,,,,,,,,,,,,,,,,,,,,,,
training_feature,training,468f03a2-d7c9-4701-abf8-bb2c692f696b,0b2f3ad7-441c-4620-9b89-dfee680e5776,2026-08-13T05:35:53.004000+00:00,derived,,,,,,,,,,,,mouse_tracking,,,,,,,,,,,,,,,,,,,,,,,,0.3158,0.3936,-0.000155,1098.97,0,956.34,1,1098.97,2026-08-13T05:35:53.004000+00:00,,1098.97,,1,,,-0.000155,0.3158,0.3936,,,0,,,1098.97,,956.34,,,,,,,,,,,,,,,,,,,,,,,,,,,
training_feature,training,468f03a2-d7c9-4701-abf8-bb2c692f696b,21349e1e-4625-48da-aaa5-ecb6e9f8b47d,2026-08-15T18:40:51.921000+00:00,derived,,,,,,,,,,,,mouse_tracking,,,,,,,,,,,,,,,,,,,,,,,,0.3279,0.3791,7.10E-05,1187,0,1016.51,3,1187,2026-08-15T18:40:51.921000+00:00,,1187,,3,,,7.10E-05,0.3279,0.3791,,,0,,,1187,,1016.51,,,,,,,,,,,,,,,,,,,,,,,,,,,
training_feature,training,468f03a2-d7c9-4701-abf8-bb2c692f696b,f40819c0-ae47-4719-9f50-81559426100a,2026-08-17T09:52:58.857000+00:00,derived,,,,,,,,,,,,paragraph_typing,0,0,,,,,,,,,,,,,2.646016488,138.4466288,21.01511339,89.86221178,7.277498262,0.039126314,0.039154016,171.8656913,132.8879941,1315.318914,443.0384055,0.636271269,285.9595782,147.9509228,3544.023498,18,716.4852529,2026-08-17T09:52:58.857000+00:00,,,,,,139.7913364,,1221.274788,,,,,,,,,,5.935005762,,,,,,,,,,,,,,,,,,,,,,,,,,
training_feature,training,468f03a2-d7c9-4701-abf8-bb2c692f696b,193117fc-840d-40a6-9df6-c69e4dc800c3,2026-08-17T09:52:58.857000+00:00,derived,,,,,,,,,,,,controlled_typing,0,0,,,,,,,,,,,,,2.69628416,105.0267813,37.40347842,79.53063203,5.40045026,0.078921045,0.037134551,465.9508828,72.33397714,1667.196683,342.392928,1.297689344,227.3287471,479.5991537,6814.425442,17,357.5530882,2026-08-17T09:52:58.857000+00:00,,,,,,102.6180397,,1848.450513,,,,,,,,,,5.441032952,,,,,,,,,,,,,,,,,,,,,,,,,,
training_feature,training,468f03a2-d7c9-4701-abf8-bb2c692f696b,d99dc7e4-25ba-4fbe-ac2e-802077944d27,2026-08-17T09:52:58.857000+00:00,derived,,,,,,,,,,,,repeated_typing,0,0,,,,,,,,,,,,,5.290195293,89.28173138,38.06600888,92.03493808,24.24438681,0.025059445,0.016633632,357.9437944,190.6185691,740.8406953,162.1458303,2.029742292,692.5762477,426.1397166,23885.33049,20,404.6130616,2026-08-17T09:52:58.857000+00:00,,,,,,142.6270526,,702.1990777,,,,,,,,,,5.495552876,,,,,,,,,,,,,,,,,,,,,,,,,,
behavioral_event,continuous,468f03a2-d7c9-4701-abf8-bb2c692f696b,892182e1-215c-4a77-bb62-02b4c7028887,2026-08-17T03:52:58.211000+00:00,mouse_move,,,,,540.7444459,221.9266523,-31.92002618,-8.070790791,1701.598512,,,,,,,,,,,,,,,,,,,,,,,,,,,,,,,,,,,,,,,,,,,,,,,,,,,,,,,,,,,,,,,,,,,,,,,,,,,,,,,
behavioral_event,continuous,468f03a2-d7c9-4701-abf8-bb2c692f696b,892182e1-215c-4a77-bb62-02b4c7028887,2026-08-15T05:52:58.211000+00:00,mouse_click,,,,,960.8701833,660.3053651,-49.42267959,-2.376136141,543.8618522,,,,,,,,,,,,,,,,,,,,,,,,,,,,,,,,,,,,,,,,,,,,,,,,,,,,,,0.137470805,,,,,,,,,1477.281729,,,,,,,,,,,,,,,,
behavioral_event,continuous,468f03a2-d7c9-4701-abf8-bb2c692f696b,892182e1-215c-4a77-bb62-02b4c7028887,2026-08-14T17:52:58.211000+00:00,keystroke,66,,90.64834899,115.281694,,,,,,,,,,,,,,,,,,,,,,,,,,,,,,,,,,,,,,,,,,,,,,,,,,,,,,,,,,,,,102.1135104,,110.063772,,,,,,,,,,,,,,,,,,,,,
behavioral_event,continuous,468f03a2-d7c9-4701-abf8-bb2c692f696b,a245bcdd-43a0-45f4-9fb9-96b30280020e,2026-08-16T23:52:58.211000+00:00,mouse_scroll,,,,,,,,65.66916598,,,,,,,,,,,,,,,,,,,,,,,,,,,,,,,,,,,,,,,,,,,,,,,,,,,,,,,,,,,,,,,17.18319298,,,,,,,,,,,,,,,,,
behavioral_event,continuous,468f03a2-d7c9-4701-abf8-bb2c692f696b,a245bcdd-43a0-45f4-9fb9-96b30280020e,2026-08-16T20:52:58.211000+00:00,keystroke,86,,133.8801815,130.3422532,,,,,,,,,,,,,,,,,,,,,,,,,,,,,,,,,,,,,,,,,,,,,,,,,,,,,,,,,,,,,,,,,,,,,,,,,,,,,,,,,,,,
behavioral_event,continuous,468f03a2-d7c9-4701-abf8-bb2c692f696b,a245bcdd-43a0-45f4-9fb9-96b30280020e,2026-08-15T04:52:58.211000+00:00,keystroke,72,,67.77726416,124.9479666,,,,,,,,,,,,,,,,,,,,,,,,,,,,,,,,,,,,,,,,,,,,,,,,,,,,,,,,,,,,,,,,,,,,,,,,,,,,,,,,,,,,
behavioral_event,continuous,468f03a2-d7c9-4701-abf8-bb2c692f696b,a245bcdd-43a0-45f4-9fb9-96b30280020e,2026-08-15T01:52:58.211000+00:00,mouse_click,,,,,135.9414287,560.4242569,13.23872325,-49.2447995,1042.133518,,,,,,,,,,,,,,,,,,,,,,,,,,,,,,,,,,,,,,,,,,,,,,,,,,,,,,,,,,,,,,,,,,,,,,,,,,,,,,,
behavioral_event,continuous,468f03a2-d7c9-4701-abf8-bb2c692f696b,a245bcdd-43a0-45f4-9fb9-96b30280020e,2026-08-17T05:52:58.211000+00:00,mouse_scroll,,,,,,,,77.06054119,,,,,,,,,,,,,,,,,,,,,,,,,,,,,,,,,,,,,,,,,,,,,,,,,,,,,,,,,,,,,,,,,,,,,,,,,,,,,,,,
behavioral_event,continuous,468f03a2-d7c9-4701-abf8-bb2c692f696b,bed84938-5c26-4776-a5c1-dfafb616181c,2026-08-16T14:52:58.211000+00:00,mouse_click,,,,,1590.256834,773.3454503,-11.91456621,-42.96547596,1557.150332,,,,,,,,,,,,,,,,,,,,,,,,,,,,,,,,,,,,,,,,,,,,,,,,,,,,,,0.479332424,,,,,,,,,964.5956374,,,,,,,,,,,,,,,,
behavioral_event,continuous,468f03a2-d7c9-4701-abf8-bb2c692f696b,bed84938-5c26-4776-a5c1-dfafb616181c,2026-08-14T13:52:58.211000+00:00,mouse_click,,,,,1165.672772,269.3689379,-26.3185472,49.79062508,1171.081686,,,,,,,,,,,,,,,,,,,,,,,,,,,,,,,,,,,,,,,,,,,,,,,,,,,,,,,,,,,,,,,,,,,,,,,,,,,,,,,
behavioral_event,continuous,468f03a2-d7c9-4701-abf8-bb2c692f696b,bed84938-5c26-4776-a5c1-dfafb616181c,2026-08-15T10:52:58.211000+00:00,mouse_move,,,,,537.0119135,213.9694983,21.49430456,21.51322528,689.3354519,,,,,,,,,,,,,,,,,,,,,,,,,,,,,,,,,,,,,,,,,,,,,,,,,,,,,,,,,,,,,,,,,,,,,,,,,,,,,,,
behavioral_event,continuous,468f03a2-d7c9-4701-abf8-bb2c692f696b,bed84938-5c26-4776-a5c1-dfafb616181c,2026-08-16T05:52:58.211000+00:00,mouse_click,,,,,944.3829871,766.7075268,-1.886731596,44.54484897,692.8775216,,,,,,,,,,,,,,,,,,,,,,,,,,,,,,,,,,,,,,,,,,,,,,,,,,,,,,,,,,,,,,,,,,,,,,,,,,,,,,,
behavioral_event,continuous,468f03a2-d7c9-4701-abf8-bb2c692f696b,bed84938-5c26-4776-a5c1-dfafb616181c,2026-08-15T15:52:58.211000+00:00,mouse_move,,,,,293.2499498,385.6405277,-19.03647648,-48.94910595,931.2462421,,,,,,,,,,,,,,,,,,,,,,,,,,,,,,,,,,,,,,,,,,,,,,,,,,,,,,,,,,,,,,,,,,,,,,,,,,,,,,,
behavioral_event,continuous,468f03a2-d7c9-4701-abf8-bb2c692f696b,bed84938-5c26-4776-a5c1-dfafb616181c,2026-08-16T02:52:58.211000+00:00,mouse_move,,,,,154.1747094,572.3629141,-21.95382531,35.24542356,266.9937113,,,,,,,,,,,,,,,,,,,,,,,,,,,,,,,,,,,,,,,,,,,,,,,,,,,,,,0.150798756,,,,,,,,,1481.866828,,,,,,,,,,,,,,,,
behavioral_event,continuous,468f03a2-d7c9-4701-abf8-bb2c692f696b,bed84938-5c26-4776-a5c1-dfafb616181c,2026-08-16T05:52:58.211000+00:00,mouse_move,,,,,913.6574213,779.0314304,-31.35146608,38.90005289,872.2452984,,,,,,,,,,,,,,,,,,,,,,,,,,,,,,,,,,,,,,,,,,,,,,,,,,,,,,,,,,,,,,,,,,,,,,,,,,,,,,,
behavioral_event,continuous,468f03a2-d7c9-4701-abf8-bb2c692f696b,e3b1241c-dc36-4812-ba05-47cbf46120c8,2026-08-16T04:52:58.211000+00:00,mouse_scroll,,,,,,,,48.09036194,,,,,,,,,,,,,,,,,,,,,,,,,,,,,,,,,,,,,,,,,,,,,,,,,,,,,,,,,,,,,,,,,,,,,,,,,,,,,,,,
behavioral_event,continuous,468f03a2-d7c9-4701-abf8-bb2c692f696b,e3b1241c-dc36-4812-ba05-47cbf46120c8,2026-08-14T10:52:58.211000+00:00,mouse_move,,,,,1605.797692,311.1878165,-25.92064439,44.74379564,1233.039312,,,,,,,,,,,,,,,,,,,,,,,,,,,,,,,,,,,,,,,,,,,,,,,,,,,,,,,,,,,,,,,,,,,,,,,,,,,,,,,
behavioral_event,continuous,468f03a2-d7c9-4701-abf8-bb2c692f696b,e3b1241c-dc36-4812-ba05-47cbf46120c8,2026-08-17T05:52:58.211000+00:00,mouse_click,,,,,298.4822701,557.2533161,-7.851647175,46.22604682,484.0773065,,,,,,,,,,,,,,,,,,,,,,,,,,,,,,,,,,,,,,,,,,,,,,,,,,,,,,,,,,,,,,,,,,,,,,,,,,,,,,,
behavioral_event,continuous,468f03a2-d7c9-4701-abf8-bb2c692f696b,e3b1241c-dc36-4812-ba05-47cbf46120c8,2026-08-17T03:52:58.211000+00:00,mouse_click,,,,,1328.250906,527.0732917,-0.743140832,12.41275936,1053.995859,,,,,,,,,,,,,,,,,,,,,,,,,,,,,,,,,,,,,,,,,,,,,,,,,,,,,,,,,,,,,,,,,,,,,,,,,,,,,,,
behavioral_event,continuous,468f03a2-d7c9-4701-abf8-bb2c692f696b,892182e1-215c-4a77-bb62-02b4c7028887,2026-08-17T06:52:58.211000+00:00,mouse_click,,,,,1474.25431,806.6407825,15.84046185,31.70602924,1932.104332,,,,,,,,,,,,,,,,,,,,,,,,,,,,,,,,,,,,,,,,,,,,,,,,,,,,,,0.306635504,,,,,,,,,821.2724072,,,,,,,,,,,,,,,,
behavioral_event,continuous,468f03a2-d7c9-4701-abf8-bb2c692f696b,892182e1-215c-4a77-bb62-02b4c7028887,2026-08-17T08:52:58.211000+00:00,keystroke,75,,83.67721506,86.04545723,,,,,,,,,,,,,,,,,,,,,,,,,,,,,,,,,,,,,,,,,,,,,,,,,,,,,,,,,,,,,110.1910608,,62.66783515,,,,,,,,,,,,,,,,,,,,,
behavioral_event,continuous,468f03a2-d7c9-4701-abf8-bb2c692f696b,c565b9ef-2cbb-424c-970f-c61fd2e45677,2026-08-16T04:52:58.211000+00:00,mouse_click,,,,,1318.214817,299.2678525,-15.31049549,41.87090447,821.7805739,,,,,,,,,,,,,,,,,,,,,,,,,,,,,,,,,,,,,,,,,,,,,,,,,,,,,,,,,,,,,,,,,,,,,,,,,,,,,,,
behavioral_event,continuous,468f03a2-d7c9-4701-abf8-bb2c692f696b,c565b9ef-2cbb-424c-970f-c61fd2e45677,2026-08-15T14:52:58.211000+00:00,mouse_move,,,,,781.681622,168.3571474,13.97206582,-40.51636669,155.9338699,,,,,,,,,,,,,,,,,,,,,,,,,,,,,,,,,,,,,,,,,,,,,,,,,,,,,,0.355343082,,,,,,,,,1367.120493,,,,,,,,,,,,,,,,
behavioral_event,continuous,468f03a2-d7c9-4701-abf8-bb2c692f696b,c565b9ef-2cbb-424c-970f-c61fd2e45677,2026-08-15T08:52:58.211000+00:00,mouse_scroll,,,,,,,,1.952744423,,,,,,,,,,,,,,,,,,,,,,,,,,,,,,,,,,,,,,,,,,,,,,,,,,,,,,,,,,,,,,,14.22901282,,,,,,,,,,,,,,,,,
behavioral_event,continuous,468f03a2-d7c9-4701-abf8-bb2c692f696b,a245bcdd-43a0-45f4-9fb9-96b30280020e,2026-08-16T04:52:58.211000+00:00,keystroke,70,,192.2974841,64.89902829,,,,,,,,,,,,,,,,,,,,,,,,,,,,,,,,,,,,,,,,,,,,,,,,,,,,,,,,,,,,,,,,,,,,,,,,,,,,,,,,,,,,
behavioral_event,continuous,468f03a2-d7c9-4701-abf8-bb2c692f696b,a245bcdd-43a0-45f4-9fb9-96b30280020e,2026-08-16T23:52:58.211000+00:00,mouse_scroll,,,,,,,,-47.33030579,,,,,,,,,,,,,,,,,,,,,,,,,,,,,,,,,,,,,,,,,,,,,,,,,,,,,,,,,,,,,,,,,,,,,,,,,,,,,,,,
behavioral_event,continuous,468f03a2-d7c9-4701-abf8-bb2c692f696b,bed84938-5c26-4776-a5c1-dfafb616181c,2026-08-16T17:52:58.211000+00:00,mouse_move,,,,,1647.43779,100.8845182,15.05978248,-14.46800832,909.4862481,,,,,,,,,,,,,,,,,,,,,,,,,,,,,,,,,,,,,,,,,,,,,,,,,,,,,,,,,,,,,,,,,,,,,,,,,,,,,,,
behavioral_event,continuous,468f03a2-d7c9-4701-abf8-bb2c692f696b,bed84938-5c26-4776-a5c1-dfafb616181c,2026-08-16T22:52:58.211000+00:00,mouse_move,,,,,364.9314499,789.2917559,-10.10625578,-15.11506382,1433.74777,,,,,,,,,,,,,,,,,,,,,,,,,,,,,,,,,,,,,,,,,,,,,,,,,,,,,,,,,,,,,,,,,,,,,,,,,,,,,,,
behavioral_event,continuous,468f03a2-d7c9-4701-abf8-bb2c692f696b,bed84938-5c26-4776-a5c1-dfafb616181c,2026-08-14T21:52:58.211000+00:00,mouse_move,,,,,1489.823388,376.9366079,43.16738398,33.60753284,1766.199783,,,,,,,,,,,,,,,,,,,,,,,,,,,,,,,,,,,,,,,,,,,,,,,,,,,,,,,,,,,,,,,,,,,,,,,,,,,,,,,
behavioral_event,continuous,468f03a2-d7c9-4701-abf8-bb2c692f696b,e3b1241c-dc36-4812-ba05-47cbf46120c8,2026-08-14T22:52:58.211000+00:00,mouse_scroll,,,,,,,,-29.20623,,,,,,,,,,,,,,,,,,,,,,,,,,,,,,,,,,,,,,,,,,,,,,,,,,,,,,,,,,,,,,,8.141847862,,,,,,,,,,,,,,,,,
behavioral_event,continuous,468f03a2-d7c9-4701-abf8-bb2c692f696b,e3b1241c-dc36-4812-ba05-47cbf46120c8,2026-08-16T20:52:58.211000+00:00,keystroke,89,,93.84857369,125.4848109,,,,,,,,,,,,,,,,,,,,,,,,,,,,,,,,,,,,,,,,,,,,,,,,,,,,,,,,,,,,,,,,,,,,,,,,,,,,,,,,,,,,
behavioral_event,continuous,468f03a2-d7c9-4701-abf8-bb2c692f696b,892182e1-215c-4a77-bb62-02b4c7028887,2026-08-16T21:52:58.211000+00:00,mouse_move,,,,,1524.136905,382.4824179,28.60476097,-13.01605781,953.039646,,,,,,,,,,,,,,,,,,,,,,,,,,,,,,,,,,,,,,,,,,,,,,,,,,,,,,,,,,,,,,,,,,,,,,,,,,,,,,,
behavioral_event,continuous,468f03a2-d7c9-4701-abf8-bb2c692f696b,892182e1-215c-4a77-bb62-02b4c7028887,2026-08-14T13:52:58.211000+00:00,keystroke,76,,86.43887495,69.24154059,,,,,,,,,,,,,,,,,,,,,,,,,,,,,,,,,,,,,,,,,,,,,,,,,,,,,,,,,,,,,,,,,,,,,,,,,,,,,,,,,,,,
behavioral_event,continuous,468f03a2-d7c9-4701-abf8-bb2c692f696b,a245bcdd-43a0-45f4-9fb9-96b30280020e,2026-08-16T10:52:58.211000+00:00,mouse_click,,,,,1475.690518,200.5704584,35.56450461,21.2369233,1721.106088,,,,,,,,,,,,,,,,,,,,,,,,,,,,,,,,,,,,,,,,,,,,,,,,,,,,,,,,,,,,,,,,,,,,,,,,,,,,,,,
behavioral_event,continuous,468f03a2-d7c9-4701-abf8-bb2c692f696b,bed84938-5c26-4776-a5c1-dfafb616181c,2026-08-15T08:52:58.211000+00:00,mouse_scroll,,,,,,,,22.11443656,,,,,,,,,,,,,,,,,,,,,,,,,,,,,,,,,,,,,,,,,,,,,,,,,,,,,,,,,,,,,,,25.86680701,,,,,,,,,,,,,,,,,
behavioral_event,continuous,468f03a2-d7c9-4701-abf8-bb2c692f696b,bed84938-5c26-4776-a5c1-dfafb616181c,2026-08-17T08:52:58.211000+00:00,mouse_scroll,,,,,,,,-90.70582674,,,,,,,,,,,,,,,,,,,,,,,,,,,,,,,,,,,,,,,,,,,,,,,,,,,,,,,,,,,,,,,,,,,,,,,,,,,,,,,,
behavioral_event,continuous,468f03a2-d7c9-4701-abf8-bb2c692f696b,e3b1241c-dc36-4812-ba05-47cbf46120c8,2026-08-16T09:52:58.211000+00:00,mouse_scroll,,,,,,,,-87.39480831,,,,,,,,,,,,,,,,,,,,,,,,,,,,,,,,,,,,,,,,,,,,,,,,,,,,,,,,,,,,,,,,,,,,,,,,,,,,,,,,
behavioral_event,continuous,468f03a2-d7c9-4701-abf8-bb2c692f696b,892182e1-215c-4a77-bb62-02b4c7028887,2026-08-15T06:52:58.211000+00:00,keystroke,76,,61.31234385,83.48921833,,,,,,,,,,,,,,,,,,,,,,,,,,,,,,,,,,,,,,,,,,,,,,,,,,,,,,,,,,,,,86.71338854,,99.25717731,,,,,,,,,,,,,,,,,,,,,
behavioral_event,continuous,468f03a2-d7c9-4701-abf8-bb2c692f696b,c565b9ef-2cbb-424c-970f-c61fd2e45677,2026-08-17T08:52:58.211000+00:00,mouse_move,,,,,869.2347407,564.1466976,11.67473487,16.47318814,540.544434,,,,,,,,,,,,,,,,,,,,,,,,,,,,,,,,,,,,,,,,,,,,,,,,,,,,,,,,,,,,,,,,,,,,,,,,,,,,,,,
behavioral_event,continuous,468f03a2-d7c9-4701-abf8-bb2c692f696b,bed84938-5c26-4776-a5c1-dfafb616181c,2026-08-16T13:52:58.211000+00:00,mouse_click,,,,,1384.571672,677.8009942,16.60448216,45.9087335,634.3063532,,,,,,,,,,,,,,,,,,,,,,,,,,,,,,,,,,,,,,,,,,,,,,,,,,,,,,,,,,,,,,,,,,,,,,,,,,,,,,,
behavioral_event,continuous,468f03a2-d7c9-4701-abf8-bb2c692f696b,bed84938-5c26-4776-a5c1-dfafb616181c,2026-08-15T23:52:58.211000+00:00,mouse_click,,,,,1186.693515,340.5342952,-10.73451506,-42.82837393,1662.621603,,,,,,,,,,,,,,,,,,,,,,,,,,,,,,,,,,,,,,,,,,,,,,,,,,,,,,,,,,,,,,,,,,,,,,,,,,,,,,,
behavioral_event,continuous,468f03a2-d7c9-4701-abf8-bb2c692f696b,bed84938-5c26-4776-a5c1-dfafb616181c,2026-08-15T01:52:58.211000+00:00,mouse_scroll,,,,,,,,-66.37048559,,,,,,,,,,,,,,,,,,,,,,,,,,,,,,,,,,,,,,,,,,,,,,,,,,,,,,,,,,,,,,,,,,,,,,,,,,,,,,,,
behavioral_event,continuous,468f03a2-d7c9-4701-abf8-bb2c692f696b,e3b1241c-dc36-4812-ba05-47cbf46120c8,2026-08-17T06:52:58.211000+00:00,keystroke,70,,182.8190543,52.195473,,,,,,,,,,,,,,,,,,,,,,,,,,,,,,,,,,,,,,,,,,,,,,,,,,,,,,,,,,,,,,,,,,,,,,,,,,,,,,,,,,,,
behavioral_event,continuous,468f03a2-d7c9-4701-abf8-bb2c692f696b,e3b1241c-dc36-4812-ba05-47cbf46120c8,2026-08-14T23:52:58.211000+00:00,keystroke,90,,84.15513899,117.5291534,,,,,,,,,,,,,,,,,,,,,,,,,,,,,,,,,,,,,,,,,,,,,,,,,,,,,,,,,,,,,,,,,,,,,,,,,,,,,,,,,,,,
behavioral_event,continuous,468f03a2-d7c9-4701-abf8-bb2c692f696b,e3b1241c-dc36-4812-ba05-47cbf46120c8,2026-08-14T18:52:58.211000+00:00,mouse_scroll,,,,,,,,-63.05101531,,,,,,,,,,,,,,,,,,,,,,,,,,,,,,,,,,,,,,,,,,,,,,,,,,,,,,,,,,,,,,,50.17239435,,,,,,,,,,,,,,,,,
behavioral_event,continuous,468f03a2-d7c9-4701-abf8-bb2c692f696b,e3b1241c-dc36-4812-ba05-47cbf46120c8,2026-08-15T16:52:58.211000+00:00,mouse_move,,,,,405.1437691,688.8890594,41.78508403,-6.55057864,1183.108091,,,,,,,,,,,,,,,,,,,,,,,,,,,,,,,,,,,,,,,,,,,,,,,,,,,,,,,,,,,,,,,,,,,,,,,,,,,,,,,
behavioral_event,continuous,468f03a2-d7c9-4701-abf8-bb2c692f696b,e3b1241c-dc36-4812-ba05-47cbf46120c8,2026-08-16T22:52:58.211000+00:00,mouse_click,,,,,1480.520651,162.9437499,1.88853929,-37.9845345,1901.864431,,,,,,,,,,,,,,,,,,,,,,,,,,,,,,,,,,,,,,,,,,,,,,,,,,,,,,0.480709732,,,,,,,,,955.8746447,,,,,,,,,,,,,,,,
behavioral_event,continuous,468f03a2-d7c9-4701-abf8-bb2c692f696b,e3b1241c-dc36-4812-ba05-47cbf46120c8,2026-08-16T04:52:58.211000+00:00,mouse_click,,,,,1026.620613,818.3407549,6.281736672,30.35548192,347.0728578,,,,,,,,,,,,,,,,,,,,,,,,,,,,,,,,,,,,,,,,,,,,,,,,,,,,,,0.385203479,,,,,,,,,1397.084101,,,,,,,,,,,,,,,,
behavioral_event,continuous,468f03a2-d7c9-4701-abf8-bb2c692f696b,e3b1241c-dc36-4812-ba05-47cbf46120c8,2026-08-14T16:52:58.211000+00:00,keystroke,72,,89.92406046,102.6296293,,,,,,,,,,,,,,,,,,,,,,,,,,,,,,,,,,,,,,,,,,,,,,,,,,,,,,,,,,,,,,,,,,,,,,,,,,,,,,,,,,,,
behavioral_event,continuous,468f03a2-d7c9-4701-abf8-bb2c692f696b,892182e1-215c-4a77-bb62-02b4c7028887,2026-08-16T21:52:58.211000+00:00,keystroke,89,,128.8044211,43.69572202,,,,,,,,,,,,,,,,,,,,,,,,,,,,,,,,,,,,,,,,,,,,,,,,,,,,,,,,,,,,,,,,,,,,,,,,,,,,,,,,,,,,
behavioral_event,continuous,468f03a2-d7c9-4701-abf8-bb2c692f696b,892182e1-215c-4a77-bb62-02b4c7028887,2026-08-16T04:52:58.211000+00:00,mouse_click,,,,,1097.080477,577.9589114,-29.80559887,-7.228099945,1674.272335,,,,,,,,,,,,,,,,,,,,,,,,,,,,,,,,,,,,,,,,,,,,,,,,,,,,,,,,,,,,,,,,,,,,,,,,,,,,,,,
behavioral_event,continuous,468f03a2-d7c9-4701-abf8-bb2c692f696b,892182e1-215c-4a77-bb62-02b4c7028887,2026-08-16T20:52:58.211000+00:00,mouse_move,,,,,1547.90353,665.9798591,-30.00530256,-5.874803272,855.1521939,,,,,,,,,,,,,,,,,,,,,,,,,,,,,,,,,,,,,,,,,,,,,,,,,,,,,,,,,,,,,,,,,,,,,,,,,,,,,,,
behavioral_event,continuous,468f03a2-d7c9-4701-abf8-bb2c692f696b,892182e1-215c-4a77-bb62-02b4c7028887,2026-08-14T22:52:58.211000+00:00,mouse_click,,,,,995.8418748,305.6666953,5.06490794,15.45358194,1665.576724,,,,,,,,,,,,,,,,,,,,,,,,,,,,,,,,,,,,,,,,,,,,,,,,,,,,,,,,,,,,,,,,,,,,,,,,,,,,,,,
behavioral_event,continuous,468f03a2-d7c9-4701-abf8-bb2c692f696b,c565b9ef-2cbb-424c-970f-c61fd2e45677,2026-08-14T19:52:58.211000+00:00,mouse_move,,,,,1029.399688,433.9989643,8.403009915,-45.05373669,1009.010532,,,,,,,,,,,,,,,,,,,,,,,,,,,,,,,,,,,,,,,,,,,,,,,,,,,,,,0.368326754,,,,,,,,,999.8096419,,,,,,,,,,,,,,,,
behavioral_event,continuous,468f03a2-d7c9-4701-abf8-bb2c692f696b,c565b9ef-2cbb-424c-970f-c61fd2e45677,2026-08-15T10:52:58.211000+00:00,mouse_click,,,,,343.0700106,736.2859893,-34.54785907,-37.29426273,509.9977971,,,,,,,,,,,,,,,,,,,,,,,,,,,,,,,,,,,,,,,,,,,,,,,,,,,,,,,,,,,,,,,,,,,,,,,,,,,,,,,
behavioral_event,continuous,468f03a2-d7c9-4701-abf8-bb2c692f696b,c565b9ef-2cbb-424c-970f-c61fd2e45677,2026-08-14T23:52:58.211000+00:00,mouse_click,,,,,595.0573624,503.7677322,18.06373343,-48.77022374,485.4469963,,,,,,,,,,,,,,,,,,,,,,,,,,,,,,,,,,,,,,,,,,,,,,,,,,,,,,,,,,,,,,,,,,,,,,,,,,,,,,,
behavioral_event,continuous,468f03a2-d7c9-4701-abf8-bb2c692f696b,c565b9ef-2cbb-424c-970f-c61fd2e45677,2026-08-14T21:52:58.211000+00:00,keystroke,84,,97.97006458,64.73704298,,,,,,,,,,,,,,,,,,,,,,,,,,,,,,,,,,,,,,,,,,,,,,,,,,,,,,,,,,,,,80.29608584,,54.57301843,,,,,,,,,,,,,,,,,,,,,
behavioral_event,continuous,468f03a2-d7c9-4701-abf8-bb2c692f696b,bed84938-5c26-4776-a5c1-dfafb616181c,2026-08-14T18:52:58.211000+00:00,mouse_scroll,,,,,,,,-24.01736172,,,,,,,,,,,,,,,,,,,,,,,,,,,,,,,,,,,,,,,,,,,,,,,,,,,,,,,,,,,,,,,,,,,,,,,,,,,,,,,,
behavioral_event,continuous,468f03a2-d7c9-4701-abf8-bb2c692f696b,bed84938-5c26-4776-a5c1-dfafb616181c,2026-08-16T10:52:58.211000+00:00,mouse_click,,,,,686.9662489,460.7285783,-38.10992714,-38.55816641,1338.432332,,,,,,,,,,,,,,,,,,,,,,,,,,,,,,,,,,,,,,,,,,,,,,,,,,,,,,,,,,,,,,,,,,,,,,,,,,,,,,,
behavioral_event,continuous,468f03a2-d7c9-4701-abf8-bb2c692f696b,bed84938-5c26-4776-a5c1-dfafb616181c,2026-08-17T08:52:58.211000+00:00,mouse_click,,,,,230.5021318,820.888736,27.946535,2.77370447,1757.502348,,,,,,,,,,,,,,,,,,,,,,,,,,,,,,,,,,,,,,,,,,,,,,,,,,,,,,,,,,,,,,,,,,,,,,,,,,,,,,,
behavioral_event,continuous,468f03a2-d7c9-4701-abf8-bb2c692f696b,bed84938-5c26-4776-a5c1-dfafb616181c,2026-08-15T10:52:58.211000+00:00,mouse_move,,,,,481.8985906,641.627366,2.213569192,-35.3663506,1648.615871,,,,,,,,,,,,,,,,,,,,,,,,,,,,,,,,,,,,,,,,,,,,,,,,,,,,,,,,,,,,,,,,,,,,,,,,,,,,,,,
behavioral_event,continuous,468f03a2-d7c9-4701-abf8-bb2c692f696b,bed84938-5c26-4776-a5c1-dfafb616181c,2026-08-14T17:52:58.211000+00:00,mouse_move,,,,,1645.149322,667.1149589,-12.99908899,43.37396189,630.6714603,,,,,,,,,,,,,,,,,,,,,,,,,,,,,,,,,,,,,,,,,,,,,,,,,,,,,,,,,,,,,,,,,,,,,,,,,,,,,,,
behavioral_event,continuous,468f03a2-d7c9-4701-abf8-bb2c692f696b,e3b1241c-dc36-4812-ba05-47cbf46120c8,2026-08-16T05:52:58.211000+00:00,keystroke,78,,54.45110035,71.8507326,,,,,,,,,,,,,,,,,,,,,,,,,,,,,,,,,,,,,,,,,,,,,,,,,,,,,,,,,,,,,,,,,,,,,,,,,,,,,,,,,,,,
behavioral_event,continuous,468f03a2-d7c9-4701-abf8-bb2c692f696b,e3b1241c-dc36-4812-ba05-47cbf46120c8,2026-08-15T08:52:58.211000+00:00,keystroke,74,,126.1467989,46.33347097,,,,,,,,,,,,,,,,,,,,,,,,,,,,,,,,,,,,,,,,,,,,,,,,,,,,,,,,,,,,,,,,,,,,,,,,,,,,,,,,,,,,
behavioral_event,continuous,468f03a2-d7c9-4701-abf8-bb2c692f696b,c565b9ef-2cbb-424c-970f-c61fd2e45677,2026-08-16T15:52:58.211000+00:00,keystroke,87,,68.78109778,121.1228783,,,,,,,,,,,,,,,,,,,,,,,,,,,,,,,,,,,,,,,,,,,,,,,,,,,,,,,,,,,,,,,,,,,,,,,,,,,,,,,,,,,,
behavioral_event,continuous,468f03a2-d7c9-4701-abf8-bb2c692f696b,c565b9ef-2cbb-424c-970f-c61fd2e45677,2026-08-17T02:52:58.211000+00:00,keystroke,66,,136.0853952,141.9673557,,,,,,,,,,,,,,,,,,,,,,,,,,,,,,,,,,,,,,,,,,,,,,,,,,,,,,,,,,,,,84.18738646,,101.5663799,,,,,,,,,,,,,,,,,,,,,
behavioral_event,continuous,468f03a2-d7c9-4701-abf8-bb2c692f696b,a245bcdd-43a0-45f4-9fb9-96b30280020e,2026-08-16T03:52:58.211000+00:00,mouse_click,,,,,717.0097979,161.7544815,47.43891085,-41.13121199,281.5919044,,,,,,,,,,,,,,,,,,,,,,,,,,,,,,,,,,,,,,,,,,,,,,,,,,,,,,0.381888773,,,,,,,,,818.8706756,,,,,,,,,,,,,,,,
behavioral_event,continuous,468f03a2-d7c9-4701-abf8-bb2c692f696b,a245bcdd-43a0-45f4-9fb9-96b30280020e,2026-08-16T00:52:58.211000+00:00,mouse_scroll,,,,,,,,74.88330189,,,,,,,,,,,,,,,,,,,,,,,,,,,,,,,,,,,,,,,,,,,,,,,,,,,,,,,,,,,,,,,,,,,,,,,,,,,,,,,,
behavioral_event,continuous,468f03a2-d7c9-4701-abf8-bb2c692f696b,bed84938-5c26-4776-a5c1-dfafb616181c,2026-08-15T23:52:58.211000+00:00,keystroke,67,,66.47768043,138.1815872,,,,,,,,,,,,,,,,,,,,,,,,,,,,,,,,,,,,,,,,,,,,,,,,,,,,,,,,,,,,,,,,,,,,,,,,,,,,,,,,,,,,
behavioral_event,continuous,468f03a2-d7c9-4701-abf8-bb2c692f696b,e3b1241c-dc36-4812-ba05-47cbf46120c8,2026-08-16T23:52:58.211000+00:00,mouse_scroll,,,,,,,,20.62560006,,,,,,,,,,,,,,,,,,,,,,,,,,,,,,,,,,,,,,,,,,,,,,,,,,,,,,,,,,,,,,,65.75324938,,,,,,,,,,,,,,,,,
behavioral_event,continuous,468f03a2-d7c9-4701-abf8-bb2c692f696b,e3b1241c-dc36-4812-ba05-47cbf46120c8,2026-08-17T07:52:58.211000+00:00,mouse_scroll,,,,,,,,-37.99957887,,,,,,,,,,,,,,,,,,,,,,,,,,,,,,,,,,,,,,,,,,,,,,,,,,,,,,,,,,,,,,,68.74836754,,,,,,,,,,,,,,,,,
behavioral_event,continuous,468f03a2-d7c9-4701-abf8-bb2c692f696b,c565b9ef-2cbb-424c-970f-c61fd2e45677,2026-08-14T19:52:58.211000+00:00,mouse_scroll,,,,,,,,-32.7639766,,,,,,,,,,,,,,,,,,,,,,,,,,,,,,,,,,,,,,,,,,,,,,,,,,,,,,,,,,,,,,,34.80707526,,,,,,,,,,,,,,,,,
behavioral_event,continuous,468f03a2-d7c9-4701-abf8-bb2c692f696b,a245bcdd-43a0-45f4-9fb9-96b30280020e,2026-08-15T10:52:58.211000+00:00,mouse_scroll,,,,,,,,-74.22868147,,,,,,,,,,,,,,,,,,,,,,,,,,,,,,,,,,,,,,,,,,,,,,,,,,,,,,,,,,,,,,,88.80443334,,,,,,,,,,,,,,,,,
behavioral_event,continuous,468f03a2-d7c9-4701-abf8-bb2c692f696b,a245bcdd-43a0-45f4-9fb9-96b30280020e,2026-08-15T14:52:58.211000+00:00,mouse_click,,,,,655.7704198,359.5297657,-19.42294291,4.265893366,489.9256683,,,,,,,,,,,,,,,,,,,,,,,,,,,,,,,,,,,,,,,,,,,,,,,,,,,,,,0.262913704,,,,,,,,,1450.567229,,,,,,,,,,,,,,,,
behavioral_event,continuous,468f03a2-d7c9-4701-abf8-bb2c692f696b,a245bcdd-43a0-45f4-9fb9-96b30280020e,2026-08-15T06:52:58.211000+00:00,mouse_move,,,,,1125.757102,489.3359592,-21.13847423,30.83343218,781.3374116,,,,,,,,,,,,,,,,,,,,,,,,,,,,,,,,,,,,,,,,,,,,,,,,,,,,,,,,,,,,,,,,,,,,,,,,,,,,,,,
behavioral_event,continuous,468f03a2-d7c9-4701-abf8-bb2c692f696b,a245bcdd-43a0-45f4-9fb9-96b30280020e,2026-08-16T07:52:58.211000+00:00,mouse_click,,,,,1758.474983,754.6081374,-26.03505487,-43.29762968,1042.767439,,,,,,,,,,,,,,,,,,,,,,,,,,,,,,,,,,,,,,,,,,,,,,,,,,,,,,0.477590628,,,,,,,,,1099.383948,,,,,,,,,,,,,,,,
behavioral_event,continuous,468f03a2-d7c9-4701-abf8-bb2c692f696b,a245bcdd-43a0-45f4-9fb9-96b30280020e,2026-08-17T05:52:58.211000+00:00,mouse_move,,,,,1183.214749,280.0898558,-12.82424312,29.99918921,388.6783768,,,,,,,,,,,,,,,,,,,,,,,,,,,,,,,,,,,,,,,,,,,,,,,,,,,,,,,,,,,,,,,,,,,,,,,,,,,,,,,
behavioral_event,continuous,468f03a2-d7c9-4701-abf8-bb2c692f696b,bed84938-5c26-4776-a5c1-dfafb616181c,2026-08-16T05:52:58.211000+00:00,mouse_click,,,,,1161.997582,482.9850526,-20.67927988,-43.66658203,629.8452808,,,,,,,,,,,,,,,,,,,,,,,,,,,,,,,,,,,,,,,,,,,,,,,,,,,,,,,,,,,,,,,,,,,,,,,,,,,,,,,
behavioral_event,continuous,468f03a2-d7c9-4701-abf8-bb2c692f696b,bed84938-5c26-4776-a5c1-dfafb616181c,2026-08-14T12:52:58.211000+00:00,keystroke,71,,111.5845186,43.52598971,,,,,,,,,,,,,,,,,,,,,,,,,,,,,,,,,,,,,,,,,,,,,,,,,,,,,,,,,,,,,103.4771419,,89.88456224,,,,,,,,,,,,,,,,,,,,,
behavioral_event,continuous,468f03a2-d7c9-4701-abf8-bb2c692f696b,bed84938-5c26-4776-a5c1-dfafb616181c,2026-08-15T12:52:58.211000+00:00,mouse_move,,,,,1541.462049,871.5825659,-24.89947996,25.51349209,708.4226572,,,,,,,,,,,,,,,,,,,,,,,,,,,,,,,,,,,,,,,,,,,,,,,,,,,,,,,,,,,,,,,,,,,,,,,,,,,,,,,
behavioral_event,continuous,468f03a2-d7c9-4701-abf8-bb2c692f696b,e3b1241c-dc36-4812-ba05-47cbf46120c8,2026-08-15T15:52:58.211000+00:00,mouse_scroll,,,,,,,,53.49582346,,,,,,,,,,,,,,,,,,,,,,,,,,,,,,,,,,,,,,,,,,,,,,,,,,,,,,,,,,,,,,,,,,,,,,,,,,,,,,,,
behavioral_event,continuous,468f03a2-d7c9-4701-abf8-bb2c692f696b,e3b1241c-dc36-4812-ba05-47cbf46120c8,2026-08-17T09:52:58.211000+00:00,mouse_scroll,,,,,,,,16.60477623,,,,,,,,,,,,,,,,,,,,,,,,,,,,,,,,,,,,,,,,,,,,,,,,,,,,,,,,,,,,,,,,,,,,,,,,,,,,,,,,
behavioral_event,continuous,468f03a2-d7c9-4701-abf8-bb2c692f696b,e3b1241c-dc36-4812-ba05-47cbf46120c8,2026-08-15T23:52:58.211000+00:00,mouse_move,,,,,1129.876366,333.9671086,29.23178067,34.29687013,1590.077364,,,,,,,,,,,,,,,,,,,,,,,,,,,,,,,,,,,,,,,,,,,,,,,,,,,,,,0.495361817,,,,,,,,,541.9637302,,,,,,,,,,,,,,,,
behavioral_event,continuous,468f03a2-d7c9-4701-abf8-bb2c692f696b,892182e1-215c-4a77-bb62-02b4c7028887,2026-08-15T05:52:58.211000+00:00,mouse_click,,,,,1563.966043,224.1347275,34.52816802,22.26648225,1798.085153,,,,,,,,,,,,,,,,,,,,,,,,,,,,,,,,,,,,,,,,,,,,,,,,,,,,,,,,,,,,,,,,,,,,,,,,,,,,,,,
behavioral_event,continuous,468f03a2-d7c9-4701-abf8-bb2c692f696b,c565b9ef-2cbb-424c-970f-c61fd2e45677,2026-08-15T15:52:58.211000+00:00,keystroke,67,,107.6152012,144.7793977,,,,,,,,,,,,,,,,,,,,,,,,,,,,,,,,,,,,,,,,,,,,,,,,,,,,,,,,,,,,,,,,,,,,,,,,,,,,,,,,,,,,
behavioral_event,continuous,468f03a2-d7c9-4701-abf8-bb2c692f696b,a245bcdd-43a0-45f4-9fb9-96b30280020e,2026-08-15T10:52:58.211000+00:00,mouse_click,,,,,644.178922,715.2561228,-11.38182123,-4.501872413,1814.516238,,,,,,,,,,,,,,,,,,,,,,,,,,,,,,,,,,,,,,,,,,,,,,,,,,,,,,,,,,,,,,,,,,,,,,,,,,,,,,,
behavioral_event,continuous,468f03a2-d7c9-4701-abf8-bb2c692f696b,a245bcdd-43a0-45f4-9fb9-96b30280020e,2026-08-16T02:52:58.211000+00:00,keystroke,84,,191.510175,33.21220302,,,,,,,,,,,,,,,,,,,,,,,,,,,,,,,,,,,,,,,,,,,,,,,,,,,,,,,,,,,,,,,,,,,,,,,,,,,,,,,,,,,,
behavioral_event,continuous,468f03a2-d7c9-4701-abf8-bb2c692f696b,a245bcdd-43a0-45f4-9fb9-96b30280020e,2026-08-16T03:52:58.211000+00:00,mouse_click,,,,,1062.72073,787.7080667,-0.209342929,30.17978509,152.0500698,,,,,,,,,,,,,,,,,,,,,,,,,,,,,,,,,,,,,,,,,,,,,,,,,,,,,,,,,,,,,,,,,,,,,,,,,,,,,,,
behavioral_event,continuous,468f03a2-d7c9-4701-abf8-bb2c692f696b,a245bcdd-43a0-45f4-9fb9-96b30280020e,2026-08-16T23:52:58.211000+00:00,mouse_scroll,,,,,,,,-97.24243725,,,,,,,,,,,,,,,,,,,,,,,,,,,,,,,,,,,,,,,,,,,,,,,,,,,,,,,,,,,,,,,35.37532213,,,,,,,,,,,,,,,,,
behavioral_event,continuous,468f03a2-d7c9-4701-abf8-bb2c692f696b,a245bcdd-43a0-45f4-9fb9-96b30280020e,2026-08-15T05:52:58.211000+00:00,mouse_scroll,,,,,,,,-88.80577055,,,,,,,,,,,,,,,,,,,,,,,,,,,,,,,,,,,,,,,,,,,,,,,,,,,,,,,,,,,,,,,6.222682842,,,,,,,,,,,,,,,,,
behavioral_event,continuous,468f03a2-d7c9-4701-abf8-bb2c692f696b,a245bcdd-43a0-45f4-9fb9-96b30280020e,2026-08-15T11:52:58.211000+00:00,mouse_click,,,,,925.0858377,366.6334952,18.49540892,-48.32795177,1999.288672,,,,,,,,,,,,,,,,,,,,,,,,,,,,,,,,,,,,,,,,,,,,,,,,,,,,,,,,,,,,,,,,,,,,,,,,,,,,,,,
behavioral_event,continuous,468f03a2-d7c9-4701-abf8-bb2c692f696b,bed84938-5c26-4776-a5c1-dfafb616181c,2026-08-16T10:52:58.211000+00:00,mouse_move,,,,,1709.834156,425.9375796,-5.028369087,-16.48695486,441.3098976,,,,,,,,,,,,,,,,,,,,,,,,,,,,,,,,,,,,,,,,,,,,,,,,,,,,,,0.248174087,,,,,,,,,846.6828107,,,,,,,,,,,,,,,,
behavioral_event,continuous,468f03a2-d7c9-4701-abf8-bb2c692f696b,bed84938-5c26-4776-a5c1-dfafb616181c,2026-08-15T05:52:58.211000+00:00,mouse_click,,,,,1319.697702,738.5792611,8.478908319,-40.98039303,293.377254,,,,,,,,,,,,,,,,,,,,,,,,,,,,,,,,,,,,,,,,,,,,,,,,,,,,,,,,,,,,,,,,,,,,,,,,,,,,,,,
behavioral_event,continuous,468f03a2-d7c9-4701-abf8-bb2c692f696b,bed84938-5c26-4776-a5c1-dfafb616181c,2026-08-15T15:52:58.211000+00:00,mouse_click,,,,,1375.913877,867.6254284,-42.57441506,-42.12571326,666.733488,,,,,,,,,,,,,,,,,,,,,,,,,,,,,,,,,,,,,,,,,,,,,,,,,,,,,,,,,,,,,,,,,,,,,,,,,,,,,,,
behavioral_event,continuous,468f03a2-d7c9-4701-abf8-bb2c692f696b,bed84938-5c26-4776-a5c1-dfafb616181c,2026-08-15T18:52:58.211000+00:00,mouse_scroll,,,,,,,,-51.48103084,,,,,,,,,,,,,,,,,,,,,,,,,,,,,,,,,,,,,,,,,,,,,,,,,,,,,,,,,,,,,,,,,,,,,,,,,,,,,,,,
behavioral_event,continuous,468f03a2-d7c9-4701-abf8-bb2c692f696b,bed84938-5c26-4776-a5c1-dfafb616181c,2026-08-17T08:52:58.211000+00:00,mouse_scroll,,,,,,,,-13.37771194,,,,,,,,,,,,,,,,,,,,,,,,,,,,,,,,,,,,,,,,,,,,,,,,,,,,,,,,,,,,,,,,,,,,,,,,,,,,,,,,
behavioral_event,continuous,468f03a2-d7c9-4701-abf8-bb2c692f696b,e3b1241c-dc36-4812-ba05-47cbf46120c8,2026-08-15T14:52:58.211000+00:00,mouse_move,,,,,1354.580789,113.2436808,16.72752169,25.51809973,644.2185217,,,,,,,,,,,,,,,,,,,,,,,,,,,,,,,,,,,,,,,,,,,,,,,,,,,,,,,,,,,,,,,,,,,,,,,,,,,,,,,
behavioral_event,continuous,468f03a2-d7c9-4701-abf8-bb2c692f696b,e3b1241c-dc36-4812-ba05-47cbf46120c8,2026-08-14T19:52:58.211000+00:00,keystroke,81,,117.6066346,123.9508752,,,,,,,,,,,,,,,,,,,,,,,,,,,,,,,,,,,,,,,,,,,,,,,,,,,,,,,,,,,,,,,,,,,,,,,,,,,,,,,,,,,,
behavioral_event,continuous,468f03a2-d7c9-4701-abf8-bb2c692f696b,e3b1241c-dc36-4812-ba05-47cbf46120c8,2026-08-16T05:52:58.211000+00:00,mouse_scroll,,,,,,,,95.60172105,,,,,,,,,,,,,,,,,,,,,,,,,,,,,,,,,,,,,,,,,,,,,,,,,,,,,,,,,,,,,,,,,,,,,,,,,,,,,,,,
behavioral_event,continuous,468f03a2-d7c9-4701-abf8-bb2c692f696b,e3b1241c-dc36-4812-ba05-47cbf46120c8,2026-08-14T11:52:58.211000+00:00,keystroke,70,,134.4776421,83.29270926,,,,,,,,,,,,,,,,,,,,,,,,,,,,,,,,,,,,,,,,,,,,,,,,,,,,,,,,,,,,,,,,,,,,,,,,,,,,,,,,,,,,
behavioral_event,continuous,468f03a2-d7c9-4701-abf8-bb2c692f696b,892182e1-215c-4a77-bb62-02b4c7028887,2026-08-17T00:52:58.211000+00:00,keystroke,74,,120.8387621,41.60995396,,,,,,,,,,,,,,,,,,,,,,,,,,,,,,,,,,,,,,,,,,,,,,,,,,,,,,,,,,,,,,,,,,,,,,,,,,,,,,,,,,,,
behavioral_event,continuous,468f03a2-d7c9-4701-abf8-bb2c692f696b,c565b9ef-2cbb-424c-970f-c61fd2e45677,2026-08-16T11:52:58.211000+00:00,mouse_click,,,,,698.4328744,104.3763976,39.75670322,-10.95244902,1640.804332,,,,,,,,,,,,,,,,,,,,,,,,,,,,,,,,,,,,,,,,,,,,,,,,,,,,,,,,,,,,,,,,,,,,,,,,,,,,,,,
behavioral_event,continuous,468f03a2-d7c9-4701-abf8-bb2c692f696b,a245bcdd-43a0-45f4-9fb9-96b30280020e,2026-08-14T14:52:58.211000+00:00,mouse_move,,,,,1297.393145,583.0564189,43.41934036,39.25702218,1014.982054,,,,,,,,,,,,,,,,,,,,,,,,,,,,,,,,,,,,,,,,,,,,,,,,,,,,,,0.203737282,,,,,,,,,580.9546727,,,,,,,,,,,,,,,,
behavioral_event,continuous,468f03a2-d7c9-4701-abf8-bb2c692f696b,a245bcdd-43a0-45f4-9fb9-96b30280020e,2026-08-17T01:52:58.211000+00:00,mouse_move,,,,,604.9028342,392.9932118,-23.62129986,17.91121737,274.918477,,,,,,,,,,,,,,,,,,,,,,,,,,,,,,,,,,,,,,,,,,,,,,,,,,,,,,0.113906337,,,,,,,,,676.3846505,,,,,,,,,,,,,,,,
behavioral_event,continuous,468f03a2-d7c9-4701-abf8-bb2c692f696b,bed84938-5c26-4776-a5c1-dfafb616181c,2026-08-14T18:52:58.211000+00:00,keystroke,69,,196.9664743,61.04337095,,,,,,,,,,,,,,,,,,,,,,,,,,,,,,,,,,,,,,,,,,,,,,,,,,,,,,,,,,,,,,,,,,,,,,,,,,,,,,,,,,,,
behavioral_event,continuous,468f03a2-d7c9-4701-abf8-bb2c692f696b,bed84938-5c26-4776-a5c1-dfafb616181c,2026-08-15T04:52:58.211000+00:00,mouse_scroll,,,,,,,,-49.11448779,,,,,,,,,,,,,,,,,,,,,,,,,,,,,,,,,,,,,,,,,,,,,,,,,,,,,,,,,,,,,,,,,,,,,,,,,,,,,,,,
behavioral_event,continuous,468f03a2-d7c9-4701-abf8-bb2c692f696b,bed84938-5c26-4776-a5c1-dfafb616181c,2026-08-16T03:52:58.211000+00:00,keystroke,82,,162.2179808,129.6337165,,,,,,,,,,,,,,,,,,,,,,,,,,,,,,,,,,,,,,,,,,,,,,,,,,,,,,,,,,,,,135.6442092,,113.6534164,,,,,,,,,,,,,,,,,,,,,
behavioral_event,continuous,468f03a2-d7c9-4701-abf8-bb2c692f696b,e3b1241c-dc36-4812-ba05-47cbf46120c8,2026-08-14T20:52:58.211000+00:00,mouse_click,,,,,175.3465871,819.9220695,-15.97983998,-22.03314179,1457.85299,,,,,,,,,,,,,,,,,,,,,,,,,,,,,,,,,,,,,,,,,,,,,,,,,,,,,,,,,,,,,,,,,,,,,,,,,,,,,,,
behavioral_event,continuous,468f03a2-d7c9-4701-abf8-bb2c692f696b,e3b1241c-dc36-4812-ba05-47cbf46120c8,2026-08-14T16:52:58.211000+00:00,keystroke,89,,148.3507261,31.91443931,,,,,,,,,,,,,,,,,,,,,,,,,,,,,,,,,,,,,,,,,,,,,,,,,,,,,,,,,,,,,115.6382281,,76.61821146,,,,,,,,,,,,,,,,,,,,,
behavioral_event,continuous,468f03a2-d7c9-4701-abf8-bb2c692f696b,892182e1-215c-4a77-bb62-02b4c7028887,2026-08-17T09:52:58.211000+00:00,mouse_move,,,,,1042.168975,587.8320507,10.52714857,8.288629857,299.4049402,,,,,,,,,,,,,,,,,,,,,,,,,,,,,,,,,,,,,,,,,,,,,,,,,,,,,,,,,,,,,,,,,,,,,,,,,,,,,,,
behavioral_event,continuous,468f03a2-d7c9-4701-abf8-bb2c692f696b,c565b9ef-2cbb-424c-970f-c61fd2e45677,2026-08-15T02:52:58.211000+00:00,keystroke,81,,63.97542996,101.8936324,,,,,,,,,,,,,,,,,,,,,,,,,,,,,,,,,,,,,,,,,,,,,,,,,,,,,,,,,,,,,,,,,,,,,,,,,,,,,,,,,,,,
behavioral_event,continuous,468f03a2-d7c9-4701-abf8-bb2c692f696b,a245bcdd-43a0-45f4-9fb9-96b30280020e,2026-08-17T05:52:58.211000+00:00,mouse_scroll,,,,,,,,-84.28029609,,,,,,,,,,,,,,,,,,,,,,,,,,,,,,,,,,,,,,,,,,,,,,,,,,,,,,,,,,,,,,,,,,,,,,,,,,,,,,,,
behavioral_event,continuous,468f03a2-d7c9-4701-abf8-bb2c692f696b,a245bcdd-43a0-45f4-9fb9-96b30280020e,2026-08-16T05:52:58.211000+00:00,keystroke,73,,115.0355973,118.1103221,,,,,,,,,,,,,,,,,,,,,,,,,,,,,,,,,,,,,,,,,,,,,,,,,,,,,,,,,,,,,,,,,,,,,,,,,,,,,,,,,,,,
behavioral_event,continuous,468f03a2-d7c9-4701-abf8-bb2c692f696b,a245bcdd-43a0-45f4-9fb9-96b30280020e,2026-08-14T21:52:58.211000+00:00,keystroke,81,,91.39660167,119.3204093,,,,,,,,,,,,,,,,,,,,,,,,,,,,,,,,,,,,,,,,,,,,,,,,,,,,,,,,,,,,,,,,,,,,,,,,,,,,,,,,,,,,
behavioral_event,continuous,468f03a2-d7c9-4701-abf8-bb2c692f696b,bed84938-5c26-4776-a5c1-dfafb616181c,2026-08-16T07:52:58.211000+00:00,mouse_scroll,,,,,,,,-39.08557937,,,,,,,,,,,,,,,,,,,,,,,,,,,,,,,,,,,,,,,,,,,,,,,,,,,,,,,,,,,,,,,,,,,,,,,,,,,,,,,,
behavioral_event,continuous,468f03a2-d7c9-4701-abf8-bb2c692f696b,e3b1241c-dc36-4812-ba05-47cbf46120c8,2026-08-15T16:52:58.211000+00:00,keystroke,87,,198.0970167,91.71450589,,,,,,,,,,,,,,,,,,,,,,,,,,,,,,,,,,,,,,,,,,,,,,,,,,,,,,,,,,,,,,,,,,,,,,,,,,,,,,,,,,,,
behavioral_event,continuous,468f03a2-d7c9-4701-abf8-bb2c692f696b,e3b1241c-dc36-4812-ba05-47cbf46120c8,2026-08-16T10:52:58.211000+00:00,keystroke,87,,110.60622,58.85122953,,,,,,,,,,,,,,,,,,,,,,,,,,,,,,,,,,,,,,,,,,,,,,,,,,,,,,,,,,,,,,,,,,,,,,,,,,,,,,,,,,,,
behavioral_event,continuous,468f03a2-d7c9-4701-abf8-bb2c692f696b,892182e1-215c-4a77-bb62-02b4c7028887,2026-08-14T10:52:58.211000+00:00,mouse_scroll,,,,,,,,6.176933382,,,,,,,,,,,,,,,,,,,,,,,,,,,,,,,,,,,,,,,,,,,,,,,,,,,,,,,,,,,,,,,27.41177078,,,,,,,,,,,,,,,,,
behavioral_event,continuous,468f03a2-d7c9-4701-abf8-bb2c692f696b,892182e1-215c-4a77-bb62-02b4c7028887,2026-08-14T10:52:58.211000+00:00,mouse_scroll,,,,,,,,5.061974495,,,,,,,,,,,,,,,,,,,,,,,,,,,,,,,,,,,,,,,,,,,,,,,,,,,,,,,,,,,,,,,,,,,,,,,,,,,,,,,,
behavioral_event,continuous,468f03a2-d7c9-4701-abf8-bb2c692f696b,892182e1-215c-4a77-bb62-02b4c7028887,2026-08-16T11:52:58.211000+00:00,mouse_move,,,,,1179.010111,771.3581223,28.6356501,44.69471215,1524.057004,,,,,,,,,,,,,,,,,,,,,,,,,,,,,,,,,,,,,,,,,,,,,,,,,,,,,,,,,,,,,,,,,,,,,,,,,,,,,,,
behavioral_event,continuous,468f03a2-d7c9-4701-abf8-bb2c692f696b,892182e1-215c-4a77-bb62-02b4c7028887,2026-08-16T07:52:58.211000+00:00,mouse_click,,,,,1571.311957,410.9329715,6.268500726,-1.954959351,1612.371088,,,,,,,,,,,,,,,,,,,,,,,,,,,,,,,,,,,,,,,,,,,,,,,,,,,,,,,,,,,,,,,,,,,,,,,,,,,,,,,
behavioral_event,continuous,468f03a2-d7c9-4701-abf8-bb2c692f696b,c565b9ef-2cbb-424c-970f-c61fd2e45677,2026-08-15T19:52:58.211000+00:00,mouse_scroll,,,,,,,,26.4237697,,,,,,,,,,,,,,,,,,,,,,,,,,,,,,,,,,,,,,,,,,,,,,,,,,,,,,,,,,,,,,,,,,,,,,,,,,,,,,,,
behavioral_event,continuous,468f03a2-d7c9-4701-abf8-bb2c692f696b,a245bcdd-43a0-45f4-9fb9-96b30280020e,2026-08-15T15:52:58.211000+00:00,keystroke,85,,55.98063488,38.858303,,,,,,,,,,,,,,,,,,,,,,,,,,,,,,,,,,,,,,,,,,,,,,,,,,,,,,,,,,,,,,,,,,,,,,,,,,,,,,,,,,,,
behavioral_event,continuous,468f03a2-d7c9-4701-abf8-bb2c692f696b,a245bcdd-43a0-45f4-9fb9-96b30280020e,2026-08-16T06:52:58.211000+00:00,keystroke,77,,72.61983093,79.5589258,,,,,,,,,,,,,,,,,,,,,,,,,,,,,,,,,,,,,,,,,,,,,,,,,,,,,,,,,,,,,98.25154003,,76.00330233,,,,,,,,,,,,,,,,,,,,,
behavioral_event,continuous,468f03a2-d7c9-4701-abf8-bb2c692f696b,bed84938-5c26-4776-a5c1-dfafb616181c,2026-08-16T13:52:58.211000+00:00,mouse_scroll,,,,,,,,-17.37802149,,,,,,,,,,,,,,,,,,,,,,,,,,,,,,,,,,,,,,,,,,,,,,,,,,,,,,,,,,,,,,,,,,,,,,,,,,,,,,,,
behavioral_event,continuous,468f03a2-d7c9-4701-abf8-bb2c692f696b,bed84938-5c26-4776-a5c1-dfafb616181c,2026-08-17T07:52:58.211000+00:00,mouse_click,,,,,297.0249076,223.9191373,-10.8449214,-25.42048751,555.7903126,,,,,,,,,,,,,,,,,,,,,,,,,,,,,,,,,,,,,,,,,,,,,,,,,,,,,,,,,,,,,,,,,,,,,,,,,,,,,,,
behavioral_event,continuous,468f03a2-d7c9-4701-abf8-bb2c692f696b,e3b1241c-dc36-4812-ba05-47cbf46120c8,2026-08-15T14:52:58.211000+00:00,mouse_click,,,,,1527.224261,207.3831311,-13.80409014,-41.24902933,1789.664561,,,,,,,,,,,,,,,,,,,,,,,,,,,,,,,,,,,,,,,,,,,,,,,,,,,,,,0.289503728,,,,,,,,,1337.818313,,,,,,,,,,,,,,,,
behavioral_event,continuous,468f03a2-d7c9-4701-abf8-bb2c692f696b,e3b1241c-dc36-4812-ba05-47cbf46120c8,2026-08-14T22:52:58.211000+00:00,mouse_scroll,,,,,,,,-61.40032515,,,,,,,,,,,,,,,,,,,,,,,,,,,,,,,,,,,,,,,,,,,,,,,,,,,,,,,,,,,,,,,,,,,,,,,,,,,,,,,,
behavioral_event,continuous,468f03a2-d7c9-4701-abf8-bb2c692f696b,892182e1-215c-4a77-bb62-02b4c7028887,2026-08-16T01:52:58.211000+00:00,mouse_click,,,,,1137.776991,139.3941807,16.71841312,-24.70595815,376.5898336,,,,,,,,,,,,,,,,,,,,,,,,,,,,,,,,,,,,,,,,,,,,,,,,,,,,,,,,,,,,,,,,,,,,,,,,,,,,,,,
behavioral_event,continuous,468f03a2-d7c9-4701-abf8-bb2c692f696b,892182e1-215c-4a77-bb62-02b4c7028887,2026-08-16T04:52:58.211000+00:00,mouse_click,,,,,215.1622216,373.0148689,-41.12385021,23.20145119,1226.352014,,,,,,,,,,,,,,,,,,,,,,,,,,,,,,,,,,,,,,,,,,,,,,,,,,,,,,,,,,,,,,,,,,,,,,,,,,,,,,,
behavioral_event,continuous,468f03a2-d7c9-4701-abf8-bb2c692f696b,892182e1-215c-4a77-bb62-02b4c7028887,2026-08-15T21:52:58.211000+00:00,mouse_move,,,,,1724.901727,417.7657381,38.98373275,-24.16338081,143.3953523,,,,,,,,,,,,,,,,,,,,,,,,,,,,,,,,,,,,,,,,,,,,,,,,,,,,,,,,,,,,,,,,,,,,,,,,,,,,,,,
behavioral_event,continuous,468f03a2-d7c9-4701-abf8-bb2c692f696b,892182e1-215c-4a77-bb62-02b4c7028887,2026-08-16T19:52:58.211000+00:00,keystroke,85,,122.8062369,59.35809824,,,,,,,,,,,,,,,,,,,,,,,,,,,,,,,,,,,,,,,,,,,,,,,,,,,,,,,,,,,,,,,,,,,,,,,,,,,,,,,,,,,,
behavioral_event,continuous,468f03a2-d7c9-4701-abf8-bb2c692f696b,892182e1-215c-4a77-bb62-02b4c7028887,2026-08-16T17:52:58.211000+00:00,mouse_click,,,,,1661.083376,805.8725836,25.78778076,-26.40424289,263.8232946,,,,,,,,,,,,,,,,,,,,,,,,,,,,,,,,,,,,,,,,,,,,,,,,,,,,,,0.122681143,,,,,,,,,1301.549819,,,,,,,,,,,,,,,,
behavioral_event,continuous,468f03a2-d7c9-4701-abf8-bb2c692f696b,c565b9ef-2cbb-424c-970f-c61fd2e45677,2026-08-16T08:52:58.211000+00:00,mouse_click,,,,,1772.466999,531.3517901,48.26626898,-22.15434446,1973.281396,,,,,,,,,,,,,,,,,,,,,,,,,,,,,,,,,,,,,,,,,,,,,,,,,,,,,,0.162791672,,,,,,,,,750.0384361,,,,,,,,,,,,,,,,
behavioral_event,continuous,468f03a2-d7c9-4701-abf8-bb2c692f696b,c565b9ef-2cbb-424c-970f-c61fd2e45677,2026-08-16T21:52:58.211000+00:00,keystroke,69,,76.88012401,82.50988464,,,,,,,,,,,,,,,,,,,,,,,,,,,,,,,,,,,,,,,,,,,,,,,,,,,,,,,,,,,,,135.0441588,,88.48877734,,,,,,,,,,,,,,,,,,,,,
behavioral_event,continuous,468f03a2-d7c9-4701-abf8-bb2c692f696b,a245bcdd-43a0-45f4-9fb9-96b30280020e,2026-08-16T21:52:58.211000+00:00,mouse_scroll,,,,,,,,-21.26593806,,,,,,,,,,,,,,,,,,,,,,,,,,,,,,,,,,,,,,,,,,,,,,,,,,,,,,,,,,,,,,,,,,,,,,,,,,,,,,,,
behavioral_event,continuous,468f03a2-d7c9-4701-abf8-bb2c692f696b,bed84938-5c26-4776-a5c1-dfafb616181c,2026-08-16T03:52:58.211000+00:00,keystroke,90,,158.5201526,49.27508529,,,,,,,,,,,,,,,,,,,,,,,,,,,,,,,,,,,,,,,,,,,,,,,,,,,,,,,,,,,,,,,,,,,,,,,,,,,,,,,,,,,,
behavioral_event,continuous,468f03a2-d7c9-4701-abf8-bb2c692f696b,bed84938-5c26-4776-a5c1-dfafb616181c,2026-08-15T09:52:58.211000+00:00,keystroke,78,,72.66788034,109.9557521,,,,,,,,,,,,,,,,,,,,,,,,,,,,,,,,,,,,,,,,,,,,,,,,,,,,,,,,,,,,,,,,,,,,,,,,,,,,,,,,,,,,
behavioral_event,continuous,468f03a2-d7c9-4701-abf8-bb2c692f696b,bed84938-5c26-4776-a5c1-dfafb616181c,2026-08-15T20:52:58.211000+00:00,mouse_move,,,,,1743.412088,762.4145035,-12.03560259,35.72762042,1362.923508,,,,,,,,,,,,,,,,,,,,,,,,,,,,,,,,,,,,,,,,,,,,,,,,,,,,,,0.468214353,,,,,,,,,1375.785492,,,,,,,,,,,,,,,,
behavioral_event,continuous,468f03a2-d7c9-4701-abf8-bb2c692f696b,bed84938-5c26-4776-a5c1-dfafb616181c,2026-08-15T12:52:58.211000+00:00,keystroke,77,,118.3150752,106.7705091,,,,,,,,,,,,,,,,,,,,,,,,,,,,,,,,,,,,,,,,,,,,,,,,,,,,,,,,,,,,,,,,,,,,,,,,,,,,,,,,,,,,
behavioral_event,continuous,468f03a2-d7c9-4701-abf8-bb2c692f696b,e3b1241c-dc36-4812-ba05-47cbf46120c8,2026-08-17T01:52:58.211000+00:00,mouse_move,,,,,1299.796834,135.1038495,38.43256028,-43.46008257,611.2393146,,,,,,,,,,,,,,,,,,,,,,,,,,,,,,,,,,,,,,,,,,,,,,,,,,,,,,0.374303653,,,,,,,,,1443.728169,,,,,,,,,,,,,,,,
behavioral_event,continuous,468f03a2-d7c9-4701-abf8-bb2c692f696b,e3b1241c-dc36-4812-ba05-47cbf46120c8,2026-08-16T13:52:58.211000+00:00,mouse_scroll,,,,,,,,-11.43832308,,,,,,,,,,,,,,,,,,,,,,,,,,,,,,,,,,,,,,,,,,,,,,,,,,,,,,,,,,,,,,,,,,,,,,,,,,,,,,,,
behavioral_event,continuous,468f03a2-d7c9-4701-abf8-bb2c692f696b,c565b9ef-2cbb-424c-970f-c61fd2e45677,2026-08-16T01:52:58.211000+00:00,keystroke,85,,102.8204471,125.959665,,,,,,,,,,,,,,,,,,,,,,,,,,,,,,,,,,,,,,,,,,,,,,,,,,,,,,,,,,,,,107.0018581,,82.00430581,,,,,,,,,,,,,,,,,,,,,
behavioral_event,continuous,468f03a2-d7c9-4701-abf8-bb2c692f696b,c565b9ef-2cbb-424c-970f-c61fd2e45677,2026-08-15T05:52:58.211000+00:00,mouse_scroll,,,,,,,,-33.32357644,,,,,,,,,,,,,,,,,,,,,,,,,,,,,,,,,,,,,,,,,,,,,,,,,,,,,,,,,,,,,,,,,,,,,,,,,,,,,,,,
behavioral_event,continuous,468f03a2-d7c9-4701-abf8-bb2c692f696b,a245bcdd-43a0-45f4-9fb9-96b30280020e,2026-08-14T14:52:58.211000+00:00,mouse_click,,,,,1770.81475,896.5608877,23.77847343,10.05605119,1002.679582,,,,,,,,,,,,,,,,,,,,,,,,,,,,,,,,,,,,,,,,,,,,,,,,,,,,,,,,,,,,,,,,,,,,,,,,,,,,,,,
behavioral_event,continuous,468f03a2-d7c9-4701-abf8-bb2c692f696b,bed84938-5c26-4776-a5c1-dfafb616181c,2026-08-16T03:52:58.211000+00:00,keystroke,88,,148.0615006,66.83128607,,,,,,,,,,,,,,,,,,,,,,,,,,,,,,,,,,,,,,,,,,,,,,,,,,,,,,,,,,,,,,,,,,,,,,,,,,,,,,,,,,,,
behavioral_event,continuous,468f03a2-d7c9-4701-abf8-bb2c692f696b,bed84938-5c26-4776-a5c1-dfafb616181c,2026-08-15T08:52:58.211000+00:00,mouse_click,,,,,364.7361628,654.1428826,-8.211899964,-14.70461839,969.4996702,,,,,,,,,,,,,,,,,,,,,,,,,,,,,,,,,,,,,,,,,,,,,,,,,,,,,,0.453934316,,,,,,,,,879.1230877,,,,,,,,,,,,,,,,
behavioral_event,continuous,468f03a2-d7c9-4701-abf8-bb2c692f696b,e3b1241c-dc36-4812-ba05-47cbf46120c8,2026-08-14T20:52:58.211000+00:00,mouse_scroll,,,,,,,,78.49268231,,,,,,,,,,,,,,,,,,,,,,,,,,,,,,,,,,,,,,,,,,,,,,,,,,,,,,,,,,,,,,,42.78237662,,,,,,,,,,,,,,,,,
behavioral_event,continuous,468f03a2-d7c9-4701-abf8-bb2c692f696b,e3b1241c-dc36-4812-ba05-47cbf46120c8,2026-08-15T14:52:58.211000+00:00,mouse_scroll,,,,,,,,-96.62131784,,,,,,,,,,,,,,,,,,,,,,,,,,,,,,,,,,,,,,,,,,,,,,,,,,,,,,,,,,,,,,,45.2853893,,,,,,,,,,,,,,,,,
behavioral_event,continuous,468f03a2-d7c9-4701-abf8-bb2c692f696b,e3b1241c-dc36-4812-ba05-47cbf46120c8,2026-08-16T17:52:58.211000+00:00,mouse_scroll,,,,,,,,73.12891874,,,,,,,,,,,,,,,,,,,,,,,,,,,,,,,,,,,,,,,,,,,,,,,,,,,,,,,,,,,,,,,,,,,,,,,,,,,,,,,,
behavioral_event,continuous,468f03a2-d7c9-4701-abf8-bb2c692f696b,892182e1-215c-4a77-bb62-02b4c7028887,2026-08-14T13:52:58.211000+00:00,mouse_click,,,,,273.0949405,195.8818317,21.63603125,0.332286024,597.8733632,,,,,,,,,,,,,,,,,,,,,,,,,,,,,,,,,,,,,,,,,,,,,,,,,,,,,,,,,,,,,,,,,,,,,,,,,,,,,,,
behavioral_event,continuous,468f03a2-d7c9-4701-abf8-bb2c692f696b,c565b9ef-2cbb-424c-970f-c61fd2e45677,2026-08-16T05:52:58.211000+00:00,mouse_move,,,,,1334.674558,690.9543116,45.39374306,-44.46869164,107.5854004,,,,,,,,,,,,,,,,,,,,,,,,,,,,,,,,,,,,,,,,,,,,,,,,,,,,,,,,,,,,,,,,,,,,,,,,,,,,,,,
behavioral_event,continuous,468f03a2-d7c9-4701-abf8-bb2c692f696b,c565b9ef-2cbb-424c-970f-c61fd2e45677,2026-08-15T08:52:58.211000+00:00,mouse_move,,,,,1128.989295,843.7785367,-14.30100942,-20.51793401,1322.88685,,,,,,,,,,,,,,,,,,,,,,,,,,,,,,,,,,,,,,,,,,,,,,,,,,,,,,,,,,,,,,,,,,,,,,,,,,,,,,,
behavioral_event,continuous,468f03a2-d7c9-4701-abf8-bb2c692f696b,c565b9ef-2cbb-424c-970f-c61fd2e45677,2026-08-16T22:52:58.211000+00:00,mouse_scroll,,,,,,,,-87.2915601,,,,,,,,,,,,,,,,,,,,,,,,,,,,,,,,,,,,,,,,,,,,,,,,,,,,,,,,,,,,,,,,,,,,,,,,,,,,,,,,
behavioral_event,continuous,468f03a2-d7c9-4701-abf8-bb2c692f696b,bed84938-5c26-4776-a5c1-dfafb616181c,2026-08-14T13:52:58.211000+00:00,mouse_click,,,,,1118.47185,866.5660273,38.66312495,22.44168245,925.872574,,,,,,,,,,,,,,,,,,,,,,,,,,,,,,,,,,,,,,,,,,,,,,,,,,,,,,,,,,,,,,,,,,,,,,,,,,,,,,,
behavioral_event,continuous,468f03a2-d7c9-4701-abf8-bb2c692f696b,bed84938-5c26-4776-a5c1-dfafb616181c,2026-08-14T09:52:58.211000+00:00,mouse_scroll,,,,,,,,-97.44126659,,,,,,,,,,,,,,,,,,,,,,,,,,,,,,,,,,,,,,,,,,,,,,,,,,,,,,,,,,,,,,,75.26672266,,,,,,,,,,,,,,,,,
behavioral_event,continuous,468f03a2-d7c9-4701-abf8-bb2c692f696b,bed84938-5c26-4776-a5c1-dfafb616181c,2026-08-15T21:52:58.211000+00:00,mouse_move,,,,,1755.282486,625.0571114,42.89270909,33.08141379,112.7478337,,,,,,,,,,,,,,,,,,,,,,,,,,,,,,,,,,,,,,,,,,,,,,,,,,,,,,,,,,,,,,,,,,,,,,,,,,,,,,,
behavioral_event,continuous,468f03a2-d7c9-4701-abf8-bb2c692f696b,bed84938-5c26-4776-a5c1-dfafb616181c,2026-08-17T09:52:58.211000+00:00,mouse_scroll,,,,,,,,-35.62554817,,,,,,,,,,,,,,,,,,,,,,,,,,,,,,,,,,,,,,,,,,,,,,,,,,,,,,,,,,,,,,,14.31060296,,,,,,,,,,,,,,,,,
behavioral_event,continuous,468f03a2-d7c9-4701-abf8-bb2c692f696b,bed84938-5c26-4776-a5c1-dfafb616181c,2026-08-14T21:52:58.211000+00:00,keystroke,82,,150.2865345,149.7438559,,,,,,,,,,,,,,,,,,,,,,,,,,,,,,,,,,,,,,,,,,,,,,,,,,,,,,,,,,,,,,,,,,,,,,,,,,,,,,,,,,,,
behavioral_event,continuous,468f03a2-d7c9-4701-abf8-bb2c692f696b,e3b1241c-dc36-4812-ba05-47cbf46120c8,2026-08-15T21:52:58.211000+00:00,mouse_scroll,,,,,,,,-26.99035383,,,,,,,,,,,,,,,,,,,,,,,,,,,,,,,,,,,,,,,,,,,,,,,,,,,,,,,,,,,,,,,76.20937629,,,,,,,,,,,,,,,,,
behavioral_event,continuous,468f03a2-d7c9-4701-abf8-bb2c692f696b,e3b1241c-dc36-4812-ba05-47cbf46120c8,2026-08-16T02:52:58.211000+00:00,mouse_move,,,,,1476.545352,511.8912461,17.27342635,39.57826561,1125.648209,,,,,,,,,,,,,,,,,,,,,,,,,,,,,,,,,,,,,,,,,,,,,,,,,,,,,,,,,,,,,,,,,,,,,,,,,,,,,,,
behavioral_event,continuous,468f03a2-d7c9-4701-abf8-bb2c692f696b,c565b9ef-2cbb-424c-970f-c61fd2e45677,2026-08-17T03:52:58.211000+00:00,mouse_scroll,,,,,,,,-79.65766084,,,,,,,,,,,,,,,,,,,,,,,,,,,,,,,,,,,,,,,,,,,,,,,,,,,,,,,,,,,,,,,,,,,,,,,,,,,,,,,,
behavioral_event,continuous,468f03a2-d7c9-4701-abf8-bb2c692f696b,a245bcdd-43a0-45f4-9fb9-96b30280020e,2026-08-15T11:52:58.211000+00:00,mouse_click,,,,,893.9333475,105.5147498,-49.97439555,38.95987788,1569.351196,,,,,,,,,,,,,,,,,,,,,,,,,,,,,,,,,,,,,,,,,,,,,,,,,,,,,,,,,,,,,,,,,,,,,,,,,,,,,,,
behavioral_event,continuous,468f03a2-d7c9-4701-abf8-bb2c692f696b,a245bcdd-43a0-45f4-9fb9-96b30280020e,2026-08-15T19:52:58.211000+00:00,mouse_click,,,,,1785.028027,807.9963753,-17.07725917,34.69277259,1021.077714,,,,,,,,,,,,,,,,,,,,,,,,,,,,,,,,,,,,,,,,,,,,,,,,,,,,,,,,,,,,,,,,,,,,,,,,,,,,,,,
behavioral_event,continuous,468f03a2-d7c9-4701-abf8-bb2c692f696b,a245bcdd-43a0-45f4-9fb9-96b30280020e,2026-08-16T04:52:58.211000+00:00,mouse_move,,,,,1613.49143,690.4601409,14.12711685,3.346741283,1321.503981,,,,,,,,,,,,,,,,,,,,,,,,,,,,,,,,,,,,,,,,,,,,,,,,,,,,,,,,,,,,,,,,,,,,,,,,,,,,,,,
behavioral_event,continuous,468f03a2-d7c9-4701-abf8-bb2c692f696b,a245bcdd-43a0-45f4-9fb9-96b30280020e,2026-08-16T02:52:58.211000+00:00,mouse_click,,,,,127.2498939,153.0249203,11.82900522,-48.26828216,1771.58137,,,,,,,,,,,,,,,,,,,,,,,,,,,,,,,,,,,,,,,,,,,,,,,,,,,,,,,,,,,,,,,,,,,,,,,,,,,,,,,
behavioral_event,continuous,468f03a2-d7c9-4701-abf8-bb2c692f696b,a245bcdd-43a0-45f4-9fb9-96b30280020e,2026-08-16T06:52:58.211000+00:00,mouse_click,,,,,657.9753953,745.4801853,14.01247674,44.91813793,1204.653496,,,,,,,,,,,,,,,,,,,,,,,,,,,,,,,,,,,,,,,,,,,,,,,,,,,,,,,,,,,,,,,,,,,,,,,,,,,,,,,
behavioral_event,continuous,468f03a2-d7c9-4701-abf8-bb2c692f696b,a245bcdd-43a0-45f4-9fb9-96b30280020e,2026-08-16T20:52:58.211000+00:00,mouse_move,,,,,470.3348892,252.6283811,-11.93576517,28.37121387,1910.250849,,,,,,,,,,,,,,,,,,,,,,,,,,,,,,,,,,,,,,,,,,,,,,,,,,,,,,0.182574231,,,,,,,,,582.2961275,,,,,,,,,,,,,,,,
behavioral_event,continuous,468f03a2-d7c9-4701-abf8-bb2c692f696b,bed84938-5c26-4776-a5c1-dfafb616181c,2026-08-16T19:52:58.211000+00:00,keystroke,65,,165.0996978,32.69043039,,,,,,,,,,,,,,,,,,,,,,,,,,,,,,,,,,,,,,,,,,,,,,,,,,,,,,,,,,,,,146.3449431,,74.85969266,,,,,,,,,,,,,,,,,,,,,
behavioral_event,continuous,468f03a2-d7c9-4701-abf8-bb2c692f696b,e3b1241c-dc36-4812-ba05-47cbf46120c8,2026-08-16T15:52:58.211000+00:00,keystroke,81,,193.1507236,56.40109371,,,,,,,,,,,,,,,,,,,,,,,,,,,,,,,,,,,,,,,,,,,,,,,,,,,,,,,,,,,,,100.0055148,,70.22234997,,,,,,,,,,,,,,,,,,,,,
behavioral_event,continuous,468f03a2-d7c9-4701-abf8-bb2c692f696b,e3b1241c-dc36-4812-ba05-47cbf46120c8,2026-08-16T03:52:58.211000+00:00,keystroke,90,,71.48207838,148.6729577,,,,,,,,,,,,,,,,,,,,,,,,,,,,,,,,,,,,,,,,,,,,,,,,,,,,,,,,,,,,,,,,,,,,,,,,,,,,,,,,,,,,
behavioral_event,continuous,468f03a2-d7c9-4701-abf8-bb2c692f696b,a245bcdd-43a0-45f4-9fb9-96b30280020e,2026-08-14T13:52:58.211000+00:00,mouse_move,,,,,1065.835014,675.1001778,31.01533119,-24.78169048,180.0911738,,,,,,,,,,,,,,,,,,,,,,,,,,,,,,,,,,,,,,,,,,,,,,,,,,,,,,,,,,,,,,,,,,,,,,,,,,,,,,,
behavioral_event,continuous,468f03a2-d7c9-4701-abf8-bb2c692f696b,a245bcdd-43a0-45f4-9fb9-96b30280020e,2026-08-14T20:52:58.211000+00:00,mouse_click,,,,,452.3382138,258.2007798,27.68522638,-1.291701536,1735.815067,,,,,,,,,,,,,,,,,,,,,,,,,,,,,,,,,,,,,,,,,,,,,,,,,,,,,,0.392720621,,,,,,,,,1224.112698,,,,,,,,,,,,,,,,
behavioral_event,continuous,468f03a2-d7c9-4701-abf8-bb2c692f696b,a245bcdd-43a0-45f4-9fb9-96b30280020e,2026-08-15T17:52:58.211000+00:00,mouse_click,,,,,1575.439944,594.757884,30.91493691,42.97345804,415.134535,,,,,,,,,,,,,,,,,,,,,,,,,,,,,,,,,,,,,,,,,,,,,,,,,,,,,,0.409025759,,,,,,,,,1019.271902,,,,,,,,,,,,,,,,
behavioral_event,continuous,468f03a2-d7c9-4701-abf8-bb2c692f696b,a245bcdd-43a0-45f4-9fb9-96b30280020e,2026-08-15T03:52:58.211000+00:00,keystroke,71,,188.626348,38.34623441,,,,,,,,,,,,,,,,,,,,,,,,,,,,,,,,,,,,,,,,,,,,,,,,,,,,,,,,,,,,,100.3039697,,115.3044522,,,,,,,,,,,,,,,,,,,,,
behavioral_event,continuous,468f03a2-d7c9-4701-abf8-bb2c692f696b,a245bcdd-43a0-45f4-9fb9-96b30280020e,2026-08-15T06:52:58.211000+00:00,keystroke,67,,117.8515702,90.88407555,,,,,,,,,,,,,,,,,,,,,,,,,,,,,,,,,,,,,,,,,,,,,,,,,,,,,,,,,,,,,121.6216993,,76.84645043,,,,,,,,,,,,,,,,,,,,,
behavioral_event,continuous,468f03a2-d7c9-4701-abf8-bb2c692f696b,bed84938-5c26-4776-a5c1-dfafb616181c,2026-08-16T07:52:58.211000+00:00,mouse_scroll,,,,,,,,6.527911213,,,,,,,,,,,,,,,,,,,,,,,,,,,,,,,,,,,,,,,,,,,,,,,,,,,,,,,,,,,,,,,29.92106927,,,,,,,,,,,,,,,,,
behavioral_event,continuous,468f03a2-d7c9-4701-abf8-bb2c692f696b,bed84938-5c26-4776-a5c1-dfafb616181c,2026-08-14T18:52:58.211000+00:00,mouse_move,,,,,521.4008777,619.9105538,-17.96274056,-31.6964773,1184.916226,,,,,,,,,,,,,,,,,,,,,,,,,,,,,,,,,,,,,,,,,,,,,,,,,,,,,,,,,,,,,,,,,,,,,,,,,,,,,,,
behavioral_event,continuous,468f03a2-d7c9-4701-abf8-bb2c692f696b,bed84938-5c26-4776-a5c1-dfafb616181c,2026-08-15T12:52:58.211000+00:00,mouse_scroll,,,,,,,,-35.46367155,,,,,,,,,,,,,,,,,,,,,,,,,,,,,,,,,,,,,,,,,,,,,,,,,,,,,,,,,,,,,,,,,,,,,,,,,,,,,,,,
behavioral_event,continuous,468f03a2-d7c9-4701-abf8-bb2c692f696b,bed84938-5c26-4776-a5c1-dfafb616181c,2026-08-17T02:52:58.211000+00:00,mouse_move,,,,,823.3126481,832.7559368,33.81687259,-31.04317259,659.0722518,,,,,,,,,,,,,,,,,,,,,,,,,,,,,,,,,,,,,,,,,,,,,,,,,,,,,,,,,,,,,,,,,,,,,,,,,,,,,,,
behavioral_event,continuous,468f03a2-d7c9-4701-abf8-bb2c692f696b,e3b1241c-dc36-4812-ba05-47cbf46120c8,2026-08-15T11:52:58.211000+00:00,mouse_click,,,,,1323.916037,685.3941885,-21.57531476,-32.19092121,374.9036023,,,,,,,,,,,,,,,,,,,,,,,,,,,,,,,,,,,,,,,,,,,,,,,,,,,,,,,,,,,,,,,,,,,,,,,,,,,,,,,
behavioral_event,continuous,468f03a2-d7c9-4701-abf8-bb2c692f696b,e3b1241c-dc36-4812-ba05-47cbf46120c8,2026-08-14T12:52:58.211000+00:00,mouse_scroll,,,,,,,,-59.87694542,,,,,,,,,,,,,,,,,,,,,,,,,,,,,,,,,,,,,,,,,,,,,,,,,,,,,,,,,,,,,,,,,,,,,,,,,,,,,,,,
behavioral_event,continuous,468f03a2-d7c9-4701-abf8-bb2c692f696b,e3b1241c-dc36-4812-ba05-47cbf46120c8,2026-08-15T15:52:58.211000+00:00,mouse_click,,,,,583.1188391,424.1780416,21.0380523,-40.71667629,1962.389758,,,,,,,,,,,,,,,,,,,,,,,,,,,,,,,,,,,,,,,,,,,,,,,,,,,,,,,,,,,,,,,,,,,,,,,,,,,,,,,
behavior_window,continuous,468f03a2-d7c9-4701-abf8-bb2c692f696b,e68dfd83-bb44-4626-993b-3362cea449d9,2026-08-12T18:30:32.299000+00:00,window_aggregate,,,,,,,,,,1970-01-01T00:00:03.207000+00:00,1970-01-01T00:00:33.219000+00:00,,,,,,,,,,,,,,,,,,,,,,,,,,,,,,2026-08-12T18:30:32.299000+00:00,,,,,,,,,,,,,,,,,,,,,,,,,,,,,,,,,-0.00337,0.07434,8,0.34111,0.484571,95,40.2,135.4,0,0.07,4359.17,2271.11,0.7281,0.904,
behavior_window,continuous,468f03a2-d7c9-4701-abf8-bb2c692f696b,942fb1bf-f729-4da0-8e08-d14095bcdfcf,2026-08-12T18:47:19.233000+00:00,window_aggregate,,,,,,,,,,1970-01-01T00:00:12.020000+00:00,1970-01-01T00:00:42.024000+00:00,,,,,,,,,,,,,,,,,,,,,,,,,,,,,,2026-08-12T18:47:19.233000+00:00,,,,,,,,,,,,,,,,,,,,,,,,,,,,,,,,,-0.000972,0.05025,0,0.228363,0.554748,0,0,0,0,0,1426.94,0,2.659,2.6387,
behavior_window,continuous,468f03a2-d7c9-4701-abf8-bb2c692f696b,942fb1bf-f729-4da0-8e08-d14095bcdfcf,2026-08-12T18:47:49.133000+00:00,window_aggregate,,,,,,,,,,1970-01-01T00:00:42.024000+00:00,1970-01-01T00:01:12.028000+00:00,,,,,,,,,,,,,,,,,,,,,,,,,,,,,,2026-08-12T18:47:49.133000+00:00,,,,,,,,,,,,,,,,,,,,,,,,,,,,,,,,,-0.00504,0.032665,3,0.327637,0.645369,0,0,0,0,0,3824.73,0,1.2788,1.8244,
behavior_window,continuous,468f03a2-d7c9-4701-abf8-bb2c692f696b,942fb1bf-f729-4da0-8e08-d14095bcdfcf,2026-08-12T18:48:19.086000+00:00,window_aggregate,,,,,,,,,,1970-01-01T00:01:12.028000+00:00,1970-01-01T00:01:42.028000+00:00,,,,,,,,,,,,,,,,,,,,,,,,,,,,,,2026-08-12T18:48:19.086000+00:00,,,,,,,,,,,,,,,,,,,,,,,,,,,,,,,,,-0.00178,0.036228,3,0.242913,0.54242,0,0,0,0,0,4788.66,0,1.9114,2.1232,
behavior_window,continuous,468f03a2-d7c9-4701-abf8-bb2c692f696b,942fb1bf-f729-4da0-8e08-d14095bcdfcf,2026-08-12T18:48:49.079000+00:00,window_aggregate,,,,,,,,,,1970-01-01T00:01:42.028000+00:00,1970-01-01T00:02:12.022000+00:00,,,,,,,,,,,,,,,,,,,,,,,,,,,,,,2026-08-12T18:48:49.079000+00:00,,,,,,,,,,,,,,,,,,,,,,,,,,,,,,,,,0.010413,0.152561,3,0.315813,0.397443,0,0,0,0,0,725.41,0,1.2273,1.5086,
behavior_window,continuous,468f03a2-d7c9-4701-abf8-bb2c692f696b,942fb1bf-f729-4da0-8e08-d14095bcdfcf,2026-08-12T18:49:19.813000+00:00,window_aggregate,,,,,,,,,,1970-01-01T00:02:12.022000+00:00,1970-01-01T00:02:42.455000+00:00,,,,,,,,,,,,,,,,,,,,,,,,,,,,,,2026-08-12T18:49:19.813000+00:00,,,,,,,,,,,,,,,,,,,,,,,,,,,,,,,,,-0.006791,0.059691,1,0.210664,0.387279,0,0,0,0,0,778.03,0,1.1082,0.9852,
behavior_window,continuous,468f03a2-d7c9-4701-abf8-bb2c692f696b,942fb1bf-f729-4da0-8e08-d14095bcdfcf,2026-08-12T19:01:50.121000+00:00,window_aggregate,,,,,,,,,,1970-01-01T00:15:00.688000+00:00,1970-01-01T00:15:12.448000+00:00,,,,,,,,,,,,,,,,,,,,,,,,,,,,,,2026-08-12T19:01:50.121000+00:00,,,,,,,,,,,,,,,,,,,,,,,,,,,,,,,,,-0.00288,0.039326,0,0.324274,0.546537,0,0,0,0,0,4347.65,0,1.8483,2.1968,
behavior_window,continuous,468f03a2-d7c9-4701-abf8-bb2c692f696b,4328e952-1400-491c-b111-e77ab6ac9320,2026-08-12T19:15:07.523000+00:00,window_aggregate,,,,,,,,,,1970-01-01T00:12:38.987000+00:00,1970-01-01T00:13:09.004000+00:00,,,,,,,,,,,,,,,,,,,,,,,,,,,,,,2026-08-12T19:15:07.523000+00:00,,,,,,,,,,,,,,,,,,,,,,,,,,,,,,,,,0.000401,0.02528,0,0.250161,0.567523,0,0,0,0,0,417.39,0,1.5707,1.1948,
behavior_window,continuous,468f03a2-d7c9-4701-abf8-bb2c692f696b,6ae6b1ad-3ebd-4091-9109-dc16551befc8,2026-08-12T19:20:37.834000+00:00,window_aggregate,,,,,,,,,,1970-01-01T00:18:33.415000+00:00,1970-01-01T00:18:38.997000+00:00,,,,,,,,,,,,,,,,,,,,,,,,,,,,,,2026-08-12T19:20:37.834000+00:00,,,,,,,,,,,,,,,,,,,,,,,,,,,,,,,,,-0.023568,0.041944,0,0.536457,1.150361,0,0,0,0,0,698.71,0,3.535,2.3218,
behavior_window,continuous,468f03a2-d7c9-4701-abf8-bb2c692f696b,6ae6b1ad-3ebd-4091-9109-dc16551befc8,2026-08-12T19:23:07.520000+00:00,window_aggregate,,,,,,,,,,1970-01-01T00:20:38.986000+00:00,1970-01-01T00:21:08.999000+00:00,,,,,,,,,,,,,,,,,,,,,,,,,,,,,,2026-08-12T19:23:07.520000+00:00,,,,,,,,,,,,,,,,,,,,,,,,,,,,,,,,,-0.000491,0.014025,0,0.219398,0.673258,0,0,0,0,0,394.14,0,1.1233,0.758,
behavior_window,continuous,468f03a2-d7c9-4701-abf8-bb2c692f696b,6ae6b1ad-3ebd-4091-9109-dc16551befc8,2026-08-12T19:27:37.826000+00:00,window_aggregate,,,,,,,,,,1970-01-01T00:25:08.999000+00:00,1970-01-01T00:25:38.997000+00:00,,,,,,,,,,,,,,,,,,,,,,,,,,,,,,2026-08-12T19:27:37.826000+00:00,,,,,,,,,,,,,,,,,,,,,,,,,,,,,,,,,9.30E-05,0.02491,0,0.242095,0.52627,0,0,0,0,0,1663.57,0,2.4247,2.6741,
behavior_window,continuous,468f03a2-d7c9-4701-abf8-bb2c692f696b,6ae6b1ad-3ebd-4091-9109-dc16551befc8,2026-08-12T19:31:07.500000+00:00,window_aggregate,,,,,,,,,,1970-01-01T00:28:38.997000+00:00,1970-01-01T00:29:08.984000+00:00,,,,,,,,,,,,,,,,,,,,,,,,,,,,,,2026-08-12T19:31:07.500000+00:00,,,,,,,,,,,,,,,,,,,,,,,,,,,,,,,,,-0.004313,0.036358,0,0.534878,0.853111,0,0,0,0,0,1494.83,0,2.1335,2.9779,
behavior_window,continuous,468f03a2-d7c9-4701-abf8-bb2c692f696b,1b8db34d-f938-4d87-b78e-315476e05b56,2026-08-12T19:31:36.644000+00:00,window_aggregate,,,,,,,,,,1970-01-01T00:29:08.984000+00:00,1970-01-01T00:29:38.111000+00:00,,,,,,,,,,,,,,,,,,,,,,,,,,,,,,2026-08-12T19:31:36.644000+00:00,,,,,,,,,,,,,,,,,,,,,,,,,,,,,,,,,-0.002703,0.054238,2,0.309125,0.454982,65.3,29.1,94.8,0,0.07,3429.64,0,1.2606,2.0087,
behavior_window,continuous,468f03a2-d7c9-4701-abf8-bb2c692f696b,f434e8b4-c562-4c95-8413-8ee6bed06cb2,2026-08-15T18:40:35.132000+00:00,window_aggregate,,,,,,,,,,1970-01-01T00:00:01.696000+00:00,1970-01-01T00:00:31.708000+00:00,,,,,,,,,,,,,,,,,,,,,,,,,,,,,,2026-08-15T18:40:35.132000+00:00,,,,,,,,,,,,,,,,,,,,,,,,,,,,,,,,,-0.001298,0.025725,5,0.327773,0.61853,173.13,45.09,710.96,611.91,0.77,3151.71,0,1.2489,2.1943,
behavior_window,continuous,468f03a2-d7c9-4701-abf8-bb2c692f696b,892182e1-215c-4a77-bb62-02b4c7028887,2026-08-17T09:52:59.767000+00:00,window_aggregate,,,,,,,,,,2026-08-16T09:52:58.211000+00:00,2026-08-16T09:53:28.211000+00:00,,,,,,,,,,,,,,,,,,,,,,,,,,,,,,2026-08-17T09:52:59.767000+00:00,,,,,,,,,,,,,,,,,,,,,,,,,,,,,,,,,2.782398902,0.648003451,8,0.149452611,0.180591699,137.7364198,16.18827424,101.1935584,9.991921087,5.986004758,6534.849231,40.78069851,743.8420719,309.6382396,
behavior_window,continuous,468f03a2-d7c9-4701-abf8-bb2c692f696b,bed84938-5c26-4776-a5c1-dfafb616181c,2026-08-17T09:52:59.768000+00:00,window_aggregate,,,,,,,,,,2026-08-15T04:52:58.211000+00:00,2026-08-15T04:53:28.211000+00:00,,,,,,,,,,,,,,,,,,,,,,,,,,,,,,2026-08-17T09:52:59.768000+00:00,,,,,,,,,,,,,,,,,,,,,,,,,,,,,,,,,0.76343631,0.540572554,2,0.235422703,0.168528972,96.85540003,25.22495278,94.36447272,14.6943149,3.877624706,31742.16606,33.6480239,1333.943696,275.9879378,
behavior_window,continuous,468f03a2-d7c9-4701-abf8-bb2c692f696b,bed84938-5c26-4776-a5c1-dfafb616181c,2026-08-17T09:52:59.768000+00:00,window_aggregate,,,,,,,,,,2026-08-17T04:52:58.211000+00:00,2026-08-17T04:53:28.211000+00:00,,,,,,,,,,,,,,,,,,,,,,,,,,,,,,2026-08-17T09:52:59.768000+00:00,,,,,,,,,,,,,,,,,,,,,,,,,,,,,,,,,0.725548138,0.194807136,0,0.473429466,0.167178826,115.8198659,11.69577619,78.98827421,29.9404507,4.292730681,32886.89086,91.35160126,672.9093471,176.3837052,
behavior_window,continuous,468f03a2-d7c9-4701-abf8-bb2c692f696b,e3b1241c-dc36-4812-ba05-47cbf46120c8,2026-08-17T09:52:59.769000+00:00,window_aggregate,,,,,,,,,,2026-08-14T21:52:58.211000+00:00,2026-08-14T21:53:28.211000+00:00,,,,,,,,,,,,,,,,,,,,,,,,,,,,,,2026-08-17T09:52:59.769000+00:00,,,,,,,,,,,,,,,,,,,,,,,,,,,,,,,,,0.503375364,0.638558637,6,0.204692279,0.174181169,112.4454429,33.75722337,61.08160128,27.65140725,4.886945492,5158.974269,252.0593495,1023.714777,263.4288132,
behavior_window,continuous,468f03a2-d7c9-4701-abf8-bb2c692f696b,892182e1-215c-4a77-bb62-02b4c7028887,2026-08-17T09:52:59.767000+00:00,window_aggregate,,,,,,,,,,2026-08-14T22:52:58.211000+00:00,2026-08-14T22:53:28.211000+00:00,,,,,,,,,,,,,,,,,,,,,,,,,,,,,,2026-08-17T09:52:59.767000+00:00,,,,,,,,,,,,,,,,,,,,,,,,,,,,,,,,,2.59828785,0.870472463,10,0.38723095,0.059484974,106.2969641,21.78383106,64.42095199,23.0049269,5.099212984,27287.72605,267.4555529,1330.720334,282.7785069,
behavior_window,continuous,468f03a2-d7c9-4701-abf8-bb2c692f696b,892182e1-215c-4a77-bb62-02b4c7028887,2026-08-17T09:52:59.767000+00:00,window_aggregate,,,,,,,,,,2026-08-14T12:52:58.211000+00:00,2026-08-14T12:53:28.211000+00:00,,,,,,,,,,,,,,,,,,,,,,,,,,,,,,2026-08-17T09:52:59.767000+00:00,,,,,,,,,,,,,,,,,,,,,,,,,,,,,,,,,1.6113522,0.983992524,9,0.485882781,0.184189259,91.48880407,31.71693222,90.50359134,18.30442266,5.456534437,27255.41716,216.9050841,529.9351566,308.9441226,
behavior_window,continuous,468f03a2-d7c9-4701-abf8-bb2c692f696b,c565b9ef-2cbb-424c-970f-c61fd2e45677,2026-08-17T09:52:59.768000+00:00,window_aggregate,,,,,,,,,,2026-08-16T05:52:58.211000+00:00,2026-08-16T05:53:28.211000+00:00,,,,,,,,,,,,,,,,,,,,,,,,,,,,,,2026-08-17T09:52:59.768000+00:00,,,,,,,,,,,,,,,,,,,,,,,,,,,,,,,,,1.161052851,0.476844474,9,0.493232436,0.124154129,108.4717914,39.81520302,88.72473187,9.770658655,3.692532204,4552.935871,390.1495589,1273.111532,127.6129079,
behavior_window,continuous,468f03a2-d7c9-4701-abf8-bb2c692f696b,e3b1241c-dc36-4812-ba05-47cbf46120c8,2026-08-17T09:52:59.769000+00:00,window_aggregate,,,,,,,,,,2026-08-16T11:52:58.211000+00:00,2026-08-16T11:53:28.211000+00:00,,,,,,,,,,,,,,,,,,,,,,,,,,,,,,2026-08-17T09:52:59.769000+00:00,,,,,,,,,,,,,,,,,,,,,,,,,,,,,,,,,1.141625586,0.290355401,5,0.440359757,0.165469908,87.1030587,28.72476483,103.9188488,6.696732542,5.488409359,13377.28711,357.0719879,1449.16543,333.7733056,
behavior_window,continuous,468f03a2-d7c9-4701-abf8-bb2c692f696b,c565b9ef-2cbb-424c-970f-c61fd2e45677,2026-08-17T09:52:59.768000+00:00,window_aggregate,,,,,,,,,,2026-08-15T09:52:58.211000+00:00,2026-08-15T09:53:28.211000+00:00,,,,,,,,,,,,,,,,,,,,,,,,,,,,,,2026-08-17T09:52:59.768000+00:00,,,,,,,,,,,,,,,,,,,,,,,,,,,,,,,,,0.693169433,0.120576584,8,0.355855528,0.057869674,131.5429565,17.22437817,59.38496595,25.1840778,5.133990598,28061.71246,329.8984921,1391.911137,229.8785911,
behavior_window,continuous,468f03a2-d7c9-4701-abf8-bb2c692f696b,a245bcdd-43a0-45f4-9fb9-96b30280020e,2026-08-17T09:52:59.768000+00:00,window_aggregate,,,,,,,,,,2026-08-15T19:52:58.211000+00:00,2026-08-15T19:53:28.211000+00:00,,,,,,,,,,,,,,,,,,,,,,,,,,,,,,2026-08-17T09:52:59.768000+00:00,,,,,,,,,,,,,,,,,,,,,,,,,,,,,,,,,2.206233925,0.133396782,1,0.208895925,0.127707164,140.299325,14.66092859,116.7376137,15.64012089,3.868013146,46598.56535,97.04495324,679.4603177,449.5195888,
behavior_window,continuous,468f03a2-d7c9-4701-abf8-bb2c692f696b,e3b1241c-dc36-4812-ba05-47cbf46120c8,2026-08-17T09:52:59.769000+00:00,window_aggregate,,,,,,,,,,2026-08-16T05:52:58.211000+00:00,2026-08-16T05:53:28.211000+00:00,,,,,,,,,,,,,,,,,,,,,,,,,,,,,,2026-08-17T09:52:59.769000+00:00,,,,,,,,,,,,,,,,,,,,,,,,,,,,,,,,,1.204711056,0.365644842,3,0.432076296,0.16826025,147.3810255,19.45265312,91.82141892,19.41758529,5.764897831,24621.4424,275.8245376,1469.654912,424.2935557,
behavior_window,continuous,468f03a2-d7c9-4701-abf8-bb2c692f696b,892182e1-215c-4a77-bb62-02b4c7028887,2026-08-17T09:52:59.767000+00:00,window_aggregate,,,,,,,,,,2026-08-15T14:52:58.211000+00:00,2026-08-15T14:53:28.211000+00:00,,,,,,,,,,,,,,,,,,,,,,,,,,,,,,2026-08-17T09:52:59.767000+00:00,,,,,,,,,,,,,,,,,,,,,,,,,,,,,,,,,2.654410096,0.493256215,0,0.374371327,0.186322022,135.3915645,38.62490595,97.48362533,17.05639555,4.517128625,41647.76226,411.0253825,529.8684509,141.6820326,
behavior_window,continuous,468f03a2-d7c9-4701-abf8-bb2c692f696b,c565b9ef-2cbb-424c-970f-c61fd2e45677,2026-08-17T09:52:59.768000+00:00,window_aggregate,,,,,,,,,,2026-08-17T09:52:58.211000+00:00,2026-08-17T09:53:28.211000+00:00,,,,,,,,,,,,,,,,,,,,,,,,,,,,,,2026-08-17T09:52:59.768000+00:00,,,,,,,,,,,,,,,,,,,,,,,,,,,,,,,,,2.265198758,0.250943669,0,0.122649396,0.052161195,147.5416526,24.91250909,96.31054471,9.390384062,3.67102851,34079.40927,202.1026657,720.9891901,239.8477294,
behavior_window,continuous,468f03a2-d7c9-4701-abf8-bb2c692f696b,a245bcdd-43a0-45f4-9fb9-96b30280020e,2026-08-17T09:52:59.768000+00:00,window_aggregate,,,,,,,,,,2026-08-14T12:52:58.211000+00:00,2026-08-14T12:53:28.211000+00:00,,,,,,,,,,,,,,,,,,,,,,,,,,,,,,2026-08-17T09:52:59.768000+00:00,,,,,,,,,,,,,,,,,,,,,,,,,,,,,,,,,2.992483699,0.303386172,3,0.31404597,0.108709058,146.1518724,21.66647854,79.26316087,14.75889548,3.080078786,40110.76659,84.49237119,1031.497431,108.9271477,
behavior_window,continuous,468f03a2-d7c9-4701-abf8-bb2c692f696b,a245bcdd-43a0-45f4-9fb9-96b30280020e,2026-08-17T09:52:59.768000+00:00,window_aggregate,,,,,,,,,,2026-08-15T06:52:58.211000+00:00,2026-08-15T06:53:28.211000+00:00,,,,,,,,,,,,,,,,,,,,,,,,,,,,,,2026-08-17T09:52:59.768000+00:00,,,,,,,,,,,,,,,,,,,,,,,,,,,,,,,,,1.490612354,0.680341382,3,0.264221839,0.161776507,102.3604798,13.43715645,107.6824307,5.327308409,4.191131832,30308.39255,180.6744639,1132.440889,139.246528,
behavior_window,continuous,468f03a2-d7c9-4701-abf8-bb2c692f696b,bed84938-5c26-4776-a5c1-dfafb616181c,2026-08-17T09:52:59.768000+00:00,window_aggregate,,,,,,,,,,2026-08-16T22:52:58.211000+00:00,2026-08-16T22:53:28.211000+00:00,,,,,,,,,,,,,,,,,,,,,,,,,,,,,,2026-08-17T09:52:59.768000+00:00,,,,,,,,,,,,,,,,,,,,,,,,,,,,,,,,,1.254968346,0.855875263,10,0.485826181,0.125492514,122.1568462,30.45101449,60.40462431,14.51006119,4.910444798,35941.57727,416.7184901,1374.001452,108.747712,
behavior_window,continuous,468f03a2-d7c9-4701-abf8-bb2c692f696b,e3b1241c-dc36-4812-ba05-47cbf46120c8,2026-08-17T09:52:59.769000+00:00,window_aggregate,,,,,,,,,,2026-08-14T18:52:58.211000+00:00,2026-08-14T18:53:28.211000+00:00,,,,,,,,,,,,,,,,,,,,,,,,,,,,,,2026-08-17T09:52:59.769000+00:00,,,,,,,,,,,,,,,,,,,,,,,,,,,,,,,,,0.840963832,0.208906341,9,0.480046397,0.161396217,149.8122283,39.37260725,85.65062599,5.764841994,5.909676929,27523.63862,65.10227247,1199.20013,487.2239034,
behavior_window,continuous,468f03a2-d7c9-4701-abf8-bb2c692f696b,892182e1-215c-4a77-bb62-02b4c7028887,2026-08-17T09:52:59.768000+00:00,window_aggregate,,,,,,,,,,2026-08-16T23:52:58.211000+00:00,2026-08-16T23:53:28.211000+00:00,,,,,,,,,,,,,,,,,,,,,,,,,,,,,,2026-08-17T09:52:59.768000+00:00,,,,,,,,,,,,,,,,,,,,,,,,,,,,,,,,,1.194906008,0.39084986,5,0.149892683,0.194963039,134.2374618,30.98569674,95.65531615,24.91255222,3.10794166,6201.123095,372.859966,1268.485234,273.1281191,
behavior_window,continuous,468f03a2-d7c9-4701-abf8-bb2c692f696b,892182e1-215c-4a77-bb62-02b4c7028887,2026-08-17T09:52:59.768000+00:00,window_aggregate,,,,,,,,,,2026-08-15T05:52:58.211000+00:00,2026-08-15T05:53:28.211000+00:00,,,,,,,,,,,,,,,,,,,,,,,,,,,,,,2026-08-17T09:52:59.768000+00:00,,,,,,,,,,,,,,,,,,,,,,,,,,,,,,,,,2.660482992,0.178517417,4,0.178103292,0.123164804,120.5439902,35.6618135,62.70019858,25.13774462,4.47147008,17687.25336,72.50872865,1311.456385,110.1938452,
behavior_window,continuous,468f03a2-d7c9-4701-abf8-bb2c692f696b,a245bcdd-43a0-45f4-9fb9-96b30280020e,2026-08-17T09:52:59.768000+00:00,window_aggregate,,,,,,,,,,2026-08-16T00:52:58.211000+00:00,2026-08-16T00:53:28.211000+00:00,,,,,,,,,,,,,,,,,,,,,,,,,,,,,,2026-08-17T09:52:59.768000+00:00,,,,,,,,,,,,,,,,,,,,,,,,,,,,,,,,,2.996541763,0.911390022,7,0.245905647,0.072707769,134.2202287,14.70699536,52.20460973,22.33646071,3.916182327,33731.1109,488.073014,852.298394,145.7642639,
behavior_window,continuous,468f03a2-d7c9-4701-abf8-bb2c692f696b,a245bcdd-43a0-45f4-9fb9-96b30280020e,2026-08-17T09:52:59.768000+00:00,window_aggregate,,,,,,,,,,2026-08-14T18:52:58.211000+00:00,2026-08-14T18:53:28.211000+00:00,,,,,,,,,,,,,,,,,,,,,,,,,,,,,,2026-08-17T09:52:59.768000+00:00,,,,,,,,,,,,,,,,,,,,,,,,,,,,,,,,,1.480743836,0.579591711,1,0.22477435,0.169615867,117.1636795,29.33425055,67.11035631,23.92009745,5.534055898,4285.510905,458.8813696,1021.832122,416.9990804,
behavior_window,continuous,468f03a2-d7c9-4701-abf8-bb2c692f696b,e3b1241c-dc36-4812-ba05-47cbf46120c8,2026-08-17T09:52:59.769000+00:00,window_aggregate,,,,,,,,,,2026-08-14T19:52:58.211000+00:00,2026-08-14T19:53:28.211000+00:00,,,,,,,,,,,,,,,,,,,,,,,,,,,,,,2026-08-17T09:52:59.769000+00:00,,,,,,,,,,,,,,,,,,,,,,,,,,,,,,,,,0.908458662,0.852511643,10,0.12239986,0.136700001,118.9764472,25.97153871,53.29121175,16.87373465,4.643126694,25198.88539,178.6458852,572.1126749,219.8602656,
behavior_window,continuous,468f03a2-d7c9-4701-abf8-bb2c692f696b,892182e1-215c-4a77-bb62-02b4c7028887,2026-08-17T09:52:59.767000+00:00,window_aggregate,,,,,,,,,,2026-08-17T00:52:58.211000+00:00,2026-08-17T00:53:28.211000+00:00,,,,,,,,,,,,,,,,,,,,,,,,,,,,,,2026-08-17T09:52:59.767000+00:00,,,,,,,,,,,,,,,,,,,,,,,,,,,,,,,,,2.11457157,0.480383389,10,0.295528675,0.107982755,122.0038065,32.22710522,118.982571,23.22735626,3.546608309,29371.69741,406.1225945,645.7215409,390.3319502,
behavior_window,continuous,468f03a2-d7c9-4701-abf8-bb2c692f696b,bed84938-5c26-4776-a5c1-dfafb616181c,2026-08-17T09:52:59.768000+00:00,window_aggregate,,,,,,,,,,2026-08-16T17:52:58.211000+00:00,2026-08-16T17:53:28.211000+00:00,,,,,,,,,,,,,,,,,,,,,,,,,,,,,,2026-08-17T09:52:59.768000+00:00,,,,,,,,,,,,,,,,,,,,,,,,,,,,,,,,,1.434896887,0.728839516,10,0.231682996,0.07463502,129.6630706,11.31161524,79.59750537,15.05151463,3.39161362,28391.08555,422.2908765,1340.400111,359.9247982,
behavior_window,continuous,468f03a2-d7c9-4701-abf8-bb2c692f696b,bed84938-5c26-4776-a5c1-dfafb616181c,2026-08-17T09:52:59.769000+00:00,window_aggregate,,,,,,,,,,2026-08-15T11:52:58.211000+00:00,2026-08-15T11:53:28.211000+00:00,,,,,,,,,,,,,,,,,,,,,,,,,,,,,,2026-08-17T09:52:59.769000+00:00,,,,,,,,,,,,,,,,,,,,,,,,,,,,,,,,,2.733417132,0.922626396,8,0.231638888,0.073447418,121.4584989,10.56091016,71.03755188,10.43953468,3.752463262,48068.97987,64.6397404,841.2093355,471.4726319,
behavior_window,continuous,468f03a2-d7c9-4701-abf8-bb2c692f696b,e3b1241c-dc36-4812-ba05-47cbf46120c8,2026-08-17T09:52:59.769000+00:00,window_aggregate,,,,,,,,,,2026-08-16T14:52:58.211000+00:00,2026-08-16T14:53:28.211000+00:00,,,,,,,,,,,,,,,,,,,,,,,,,,,,,,2026-08-17T09:52:59.769000+00:00,,,,,,,,,,,,,,,,,,,,,,,,,,,,,,,,,1.452378031,0.153312574,4,0.124266018,0.158552945,101.7229616,18.1922828,92.97002496,21.29298939,5.003174439,10165.50142,129.240181,617.3110857,489.043174,
behavior_window,continuous,468f03a2-d7c9-4701-abf8-bb2c692f696b,c565b9ef-2cbb-424c-970f-c61fd2e45677,2026-08-17T09:52:59.768000+00:00,window_aggregate,,,,,,,,,,2026-08-14T20:52:58.211000+00:00,2026-08-14T20:53:28.211000+00:00,,,,,,,,,,,,,,,,,,,,,,,,,,,,,,2026-08-17T09:52:59.768000+00:00,,,,,,,,,,,,,,,,,,,,,,,,,,,,,,,,,1.226653054,0.548917206,7,0.353865179,0.174387628,104.8987398,17.92946742,113.0457008,10.4879652,5.376014201,8816.993736,347.0801002,526.6856766,440.7121071,
behavior_window,continuous,468f03a2-d7c9-4701-abf8-bb2c692f696b,bed84938-5c26-4776-a5c1-dfafb616181c,2026-08-17T09:52:59.768000+00:00,window_aggregate,,,,,,,,,,2026-08-17T01:52:58.211000+00:00,2026-08-17T01:53:28.211000+00:00,,,,,,,,,,,,,,,,,,,,,,,,,,,,,,2026-08-17T09:52:59.768000+00:00,,,,,,,,,,,,,,,,,,,,,,,,,,,,,,,,,1.411157215,0.178656573,4,0.275513236,0.053307507,90.13555711,20.22899641,78.62262329,17.38068874,3.555297346,21470.94905,383.3008811,731.643315,313.9132252,
behavior_window,continuous,468f03a2-d7c9-4701-abf8-bb2c692f696b,c565b9ef-2cbb-424c-970f-c61fd2e45677,2026-08-17T09:52:59.768000+00:00,window_aggregate,,,,,,,,,,2026-08-15T20:52:58.211000+00:00,2026-08-15T20:53:28.211000+00:00,,,,,,,,,,,,,,,,,,,,,,,,,,,,,,2026-08-17T09:52:59.768000+00:00,,,,,,,,,,,,,,,,,,,,,,,,,,,,,,,,,1.903974431,0.223215884,9,0.392933672,0.051016067,135.5414355,27.12572279,58.30835768,12.52030082,3.564887444,16789.28882,87.49245208,677.5615814,228.9819844,
behavior_window,continuous,468f03a2-d7c9-4701-abf8-bb2c692f696b,c565b9ef-2cbb-424c-970f-c61fd2e45677,2026-08-17T09:52:59.768000+00:00,window_aggregate,,,,,,,,,,2026-08-14T13:52:58.211000+00:00,2026-08-14T13:53:28.211000+00:00,,,,,,,,,,,,,,,,,,,,,,,,,,,,,,2026-08-17T09:52:59.768000+00:00,,,,,,,,,,,,,,,,,,,,,,,,,,,,,,,,,2.976688309,0.990714886,6,0.337636625,0.056157548,112.1083045,16.55809326,86.39280069,26.65303884,3.715626547,26871.64431,40.14727695,559.1355865,403.7315344,
behavior_window,continuous,468f03a2-d7c9-4701-abf8-bb2c692f696b,c565b9ef-2cbb-424c-970f-c61fd2e45677,2026-08-17T09:52:59.768000+00:00,window_aggregate,,,,,,,,,,2026-08-15T15:52:58.211000+00:00,2026-08-15T15:53:28.211000+00:00,,,,,,,,,,,,,,,,,,,,,,,,,,,,,,2026-08-17T09:52:59.768000+00:00,,,,,,,,,,,,,,,,,,,,,,,,,,,,,,,,,2.872460275,0.31151946,4,0.201672244,0.158501458,97.97009673,27.53776284,68.02391712,18.7573453,4.840509645,37020.92794,194.900806,535.7773443,369.9686928,
behavior_window,continuous,468f03a2-d7c9-4701-abf8-bb2c692f696b,e3b1241c-dc36-4812-ba05-47cbf46120c8,2026-08-17T09:52:59.769000+00:00,window_aggregate,,,,,,,,,,2026-08-16T10:52:58.211000+00:00,2026-08-16T10:53:28.211000+00:00,,,,,,,,,,,,,,,,,,,,,,,,,,,,,,2026-08-17T09:52:59.769000+00:00,,,,,,,,,,,,,,,,,,,,,,,,,,,,,,,,,2.022303637,0.895328837,8,0.209700764,0.168674917,102.7565276,33.8031876,58.67280678,12.54112097,5.897590486,36748.34316,493.1455689,1051.534155,261.1570177,
behavior_window,continuous,468f03a2-d7c9-4701-abf8-bb2c692f696b,e3b1241c-dc36-4812-ba05-47cbf46120c8,2026-08-17T09:52:59.769000+00:00,window_aggregate,,,,,,,,,,2026-08-17T04:52:58.211000+00:00,2026-08-17T04:53:28.211000+00:00,,,,,,,,,,,,,,,,,,,,,,,,,,,,,,2026-08-17T09:52:59.769000+00:00,,,,,,,,,,,,,,,,,,,,,,,,,,,,,,,,,0.865653485,0.138417705,6,0.314966189,0.091686583,144.2851167,31.79691736,50.48108565,15.41967819,3.196126842,27020.71006,67.81226368,1215.627113,140.2693672,
behavior_window,continuous,468f03a2-d7c9-4701-abf8-bb2c692f696b,e3b1241c-dc36-4812-ba05-47cbf46120c8,2026-08-17T09:52:59.769000+00:00,window_aggregate,,,,,,,,,,2026-08-15T11:52:58.211000+00:00,2026-08-15T11:53:28.211000+00:00,,,,,,,,,,,,,,,,,,,,,,,,,,,,,,2026-08-17T09:52:59.769000+00:00,,,,,,,,,,,,,,,,,,,,,,,,,,,,,,,,,1.280521998,0.220867748,4,0.303927575,0.110625709,123.1702228,11.97077791,83.82039286,21.7271527,3.430216027,8669.283804,119.5624207,923.4481907,213.616328,
behavior_window,continuous,468f03a2-d7c9-4701-abf8-bb2c692f696b,c565b9ef-2cbb-424c-970f-c61fd2e45677,2026-08-17T09:52:59.768000+00:00,window_aggregate,,,,,,,,,,2026-08-16T00:52:58.211000+00:00,2026-08-16T00:53:28.211000+00:00,,,,,,,,,,,,,,,,,,,,,,,,,,,,,,2026-08-17T09:52:59.768000+00:00,,,,,,,,,,,,,,,,,,,,,,,,,,,,,,,,,2.263308896,0.988749079,8,0.265551348,0.062218917,87.60221081,25.1642587,65.25964992,13.4991298,5.830589605,12936.85768,31.23707407,1177.579414,203.0739157,
behavior_window,continuous,468f03a2-d7c9-4701-abf8-bb2c692f696b,bed84938-5c26-4776-a5c1-dfafb616181c,2026-08-17T09:52:59.768000+00:00,window_aggregate,,,,,,,,,,2026-08-17T08:52:58.211000+00:00,2026-08-17T08:53:28.211000+00:00,,,,,,,,,,,,,,,,,,,,,,,,,,,,,,2026-08-17T09:52:59.768000+00:00,,,,,,,,,,,,,,,,,,,,,,,,,,,,,,,,,1.040655249,0.260370358,1,0.423602656,0.111182722,148.3618067,20.65439584,51.6108703,17.86125962,5.61462046,1135.661408,321.6915828,1105.538009,138.3883694,
behavior_window,continuous,468f03a2-d7c9-4701-abf8-bb2c692f696b,bed84938-5c26-4776-a5c1-dfafb616181c,2026-08-17T09:52:59.768000+00:00,window_aggregate,,,,,,,,,,2026-08-15T01:52:58.211000+00:00,2026-08-15T01:53:28.211000+00:00,,,,,,,,,,,,,,,,,,,,,,,,,,,,,,2026-08-17T09:52:59.768000+00:00,,,,,,,,,,,,,,,,,,,,,,,,,,,,,,,,,0.601717049,0.221286636,4,0.104067493,0.055435823,92.96159576,26.33228444,62.23500517,21.2753732,3.232703552,42712.1471,401.7137142,1148.372667,164.6920133,
behavior_window,continuous,468f03a2-d7c9-4701-abf8-bb2c692f696b,e3b1241c-dc36-4812-ba05-47cbf46120c8,2026-08-17T09:52:59.769000+00:00,window_aggregate,,,,,,,,,,2026-08-14T20:52:58.211000+00:00,2026-08-14T20:53:28.211000+00:00,,,,,,,,,,,,,,,,,,,,,,,,,,,,,,2026-08-17T09:52:59.769000+00:00,,,,,,,,,,,,,,,,,,,,,,,,,,,,,,,,,2.819487523,0.39361331,4,0.4739256,0.154687722,99.67604299,10.07495604,64.18706334,25.583163,4.754432123,1444.05787,185.7923375,1273.528038,347.4581344,
behavior_window,continuous,468f03a2-d7c9-4701-abf8-bb2c692f696b,892182e1-215c-4a77-bb62-02b4c7028887,2026-08-17T09:52:59.767000+00:00,window_aggregate,,,,,,,,,,2026-08-14T14:52:58.211000+00:00,2026-08-14T14:53:28.211000+00:00,,,,,,,,,,,,,,,,,,,,,,,,,,,,,,2026-08-17T09:52:59.767000+00:00,,,,,,,,,,,,,,,,,,,,,,,,,,,,,,,,,2.088520997,0.88908714,8,0.421363459,0.191667843,98.79393222,35.4179466,73.73158655,27.66147118,5.28093908,44795.9037,66.7019331,556.7613735,295.2130868,
behavior_window,continuous,468f03a2-d7c9-4701-abf8-bb2c692f696b,bed84938-5c26-4776-a5c1-dfafb616181c,2026-08-17T09:52:59.768000+00:00,window_aggregate,,,,,,,,,,2026-08-16T23:52:58.211000+00:00,2026-08-16T23:53:28.211000+00:00,,,,,,,,,,,,,,,,,,,,,,,,,,,,,,2026-08-17T09:52:59.768000+00:00,,,,,,,,,,,,,,,,,,,,,,,,,,,,,,,,,0.864382662,0.186719168,6,0.439193885,0.1432221,105.4682956,23.95022547,69.896342,23.99355652,3.121542491,22872.76415,483.006512,1284.57062,314.6406692,
behavior_window,continuous,468f03a2-d7c9-4701-abf8-bb2c692f696b,a245bcdd-43a0-45f4-9fb9-96b30280020e,2026-08-17T09:52:59.768000+00:00,window_aggregate,,,,,,,,,,2026-08-15T15:52:58.211000+00:00,2026-08-15T15:53:28.211000+00:00,,,,,,,,,,,,,,,,,,,,,,,,,,,,,,2026-08-17T09:52:59.768000+00:00,,,,,,,,,,,,,,,,,,,,,,,,,,,,,,,,,2.943751332,0.200838011,1,0.432869554,0.151236512,121.6976634,32.89305822,115.9736014,28.51705373,3.972740029,32824.22295,411.6376499,925.1919793,350.6220165,
behavior_window,continuous,468f03a2-d7c9-4701-abf8-bb2c692f696b,a245bcdd-43a0-45f4-9fb9-96b30280020e,2026-08-17T09:52:59.768000+00:00,window_aggregate,,,,,,,,,,2026-08-15T14:52:58.211000+00:00,2026-08-15T14:53:28.211000+00:00,,,,,,,,,,,,,,,,,,,,,,,,,,,,,,2026-08-17T09:52:59.768000+00:00,,,,,,,,,,,,,,,,,,,,,,,,,,,,,,,,,1.569546149,0.324520389,4,0.217451232,0.07218084,122.1288188,32.85241158,111.5222007,28.64585851,4.083035456,27320.67706,9.279760145,1435.94341,241.2685769,
behavior_window,continuous,468f03a2-d7c9-4701-abf8-bb2c692f696b,a245bcdd-43a0-45f4-9fb9-96b30280020e,2026-08-17T09:52:59.768000+00:00,window_aggregate,,,,,,,,,,2026-08-15T09:52:58.211000+00:00,2026-08-15T09:53:28.211000+00:00,,,,,,,,,,,,,,,,,,,,,,,,,,,,,,2026-08-17T09:52:59.768000+00:00,,,,,,,,,,,,,,,,,,,,,,,,,,,,,,,,,1.873367809,0.208469526,9,0.193777623,0.077626231,81.99742214,35.51142897,111.5992587,10.20609403,3.159597541,47168.82421,468.7579666,852.8377949,432.2893261,
behavior_window,continuous,468f03a2-d7c9-4701-abf8-bb2c692f696b,bed84938-5c26-4776-a5c1-dfafb616181c,2026-08-17T09:52:59.768000+00:00,window_aggregate,,,,,,,,,,2026-08-16T02:52:58.211000+00:00,2026-08-16T02:53:28.211000+00:00,,,,,,,,,,,,,,,,,,,,,,,,,,,,,,2026-08-17T09:52:59.768000+00:00,,,,,,,,,,,,,,,,,,,,,,,,,,,,,,,,,2.850744244,0.167916772,8,0.312542771,0.160613052,129.11111,14.40117458,112.5382589,13.52683648,3.972812616,26868.24323,221.4264839,1487.953737,169.4138529,
behavior_window,continuous,468f03a2-d7c9-4701-abf8-bb2c692f696b,bed84938-5c26-4776-a5c1-dfafb616181c,2026-08-17T09:52:59.768000+00:00,window_aggregate,,,,,,,,,,2026-08-14T14:52:58.211000+00:00,2026-08-14T14:53:28.211000+00:00,,,,,,,,,,,,,,,,,,,,,,,,,,,,,,2026-08-17T09:52:59.768000+00:00,,,,,,,,,,,,,,,,,,,,,,,,,,,,,,,,,0.65771658,0.550409377,6,0.197645437,0.05892629,129.7135976,26.57487062,79.62757643,5.663194752,4.50922185,25567.5684,61.75958927,1029.608925,100.2852552,
behavior_window,continuous,468f03a2-d7c9-4701-abf8-bb2c692f696b,e3b1241c-dc36-4812-ba05-47cbf46120c8,2026-08-17T09:52:59.769000+00:00,window_aggregate,,,,,,,,,,2026-08-15T23:52:58.211000+00:00,2026-08-15T23:53:28.211000+00:00,,,,,,,,,,,,,,,,,,,,,,,,,,,,,,2026-08-17T09:52:59.769000+00:00,,,,,,,,,,,,,,,,,,,,,,,,,,,,,,,,,1.391765878,0.625966035,10,0.210427625,0.089866976,81.63592886,30.54355926,76.21518129,7.052909251,5.770541511,26899.23172,402.8122063,1177.837126,427.5189073,
behavior_window,continuous,468f03a2-d7c9-4701-abf8-bb2c692f696b,e3b1241c-dc36-4812-ba05-47cbf46120c8,2026-08-17T09:52:59.769000+00:00,window_aggregate,,,,,,,,,,2026-08-14T23:52:58.211000+00:00,2026-08-14T23:53:28.211000+00:00,,,,,,,,,,,,,,,,,,,,,,,,,,,,,,2026-08-17T09:52:59.769000+00:00,,,,,,,,,,,,,,,,,,,,,,,,,,,,,,,,,2.911461204,0.310450187,2,0.259645047,0.073479747,148.1634954,26.5892339,119.7637248,19.86049235,3.744341305,11069.90978,98.86326678,985.6081835,270.6598598,
behavior_window,continuous,468f03a2-d7c9-4701-abf8-bb2c692f696b,c565b9ef-2cbb-424c-970f-c61fd2e45677,2026-08-17T09:52:59.768000+00:00,window_aggregate,,,,,,,,,,2026-08-17T03:52:58.211000+00:00,2026-08-17T03:53:28.211000+00:00,,,,,,,,,,,,,,,,,,,,,,,,,,,,,,2026-08-17T09:52:59.768000+00:00,,,,,,,,,,,,,,,,,,,,,,,,,,,,,,,,,1.043444496,0.432957702,8,0.259807323,0.148088435,109.2751536,25.96631693,75.40420859,20.99760276,5.963420946,2736.03153,145.9665136,585.6943127,247.5919662,
behavior_window,continuous,468f03a2-d7c9-4701-abf8-bb2c692f696b,a245bcdd-43a0-45f4-9fb9-96b30280020e,2026-08-17T09:52:59.768000+00:00,window_aggregate,,,,,,,,,,2026-08-16T22:52:58.211000+00:00,2026-08-16T22:53:28.211000+00:00,,,,,,,,,,,,,,,,,,,,,,,,,,,,,,2026-08-17T09:52:59.768000+00:00,,,,,,,,,,,,,,,,,,,,,,,,,,,,,,,,,2.348538671,0.445003423,5,0.121285022,0.155070549,145.7999838,37.67426895,111.5052484,7.309553188,5.564639987,22803.28978,105.5429611,849.8062933,180.6047068,
behavior_window,continuous,468f03a2-d7c9-4701-abf8-bb2c692f696b,892182e1-215c-4a77-bb62-02b4c7028887,2026-08-17T09:52:59.767000+00:00,window_aggregate,,,,,,,,,,2026-08-14T13:52:58.211000+00:00,2026-08-14T13:53:28.211000+00:00,,,,,,,,,,,,,,,,,,,,,,,,,,,,,,2026-08-17T09:52:59.767000+00:00,,,,,,,,,,,,,,,,,,,,,,,,,,,,,,,,,1.98810804,0.267511588,5,0.136389387,0.132876866,95.40195377,34.82371175,117.8114632,17.98788188,5.792789579,26124.62301,191.7246341,698.0979397,331.4301137,
behavior_window,continuous,468f03a2-d7c9-4701-abf8-bb2c692f696b,892182e1-215c-4a77-bb62-02b4c7028887,2026-08-17T09:52:59.767000+00:00,window_aggregate,,,,,,,,,,2026-08-14T11:52:58.211000+00:00,2026-08-14T11:53:28.211000+00:00,,,,,,,,,,,,,,,,,,,,,,,,,,,,,,2026-08-17T09:52:59.767000+00:00,,,,,,,,,,,,,,,,,,,,,,,,,,,,,,,,,2.505997285,0.34971075,8,0.45571889,0.054938197,138.3710479,25.54702974,80.02918766,11.68668566,3.123145248,46489.90929,296.0869398,1005.729338,362.7076854,
behavior_window,continuous,468f03a2-d7c9-4701-abf8-bb2c692f696b,892182e1-215c-4a77-bb62-02b4c7028887,2026-08-17T09:52:59.767000+00:00,window_aggregate,,,,,,,,,,2026-08-14T17:52:58.211000+00:00,2026-08-14T17:53:28.211000+00:00,,,,,,,,,,,,,,,,,,,,,,,,,,,,,,2026-08-17T09:52:59.767000+00:00,,,,,,,,,,,,,,,,,,,,,,,,,,,,,,,,,1.425472552,0.88438122,2,0.271825294,0.064154162,110.6531111,14.49298185,118.7570939,17.09412016,5.981046148,22869.58737,479.2621633,678.4117702,432.9307908,
behavior_window,continuous,468f03a2-d7c9-4701-abf8-bb2c692f696b,892182e1-215c-4a77-bb62-02b4c7028887,2026-08-17T09:52:59.768000+00:00,window_aggregate,,,,,,,,,,2026-08-17T04:52:58.211000+00:00,2026-08-17T04:53:28.211000+00:00,,,,,,,,,,,,,,,,,,,,,,,,,,,,,,2026-08-17T09:52:59.768000+00:00,,,,,,,,,,,,,,,,,,,,,,,,,,,,,,,,,2.78029011,0.32625035,0,0.226774668,0.094843416,144.3467361,37.91558435,71.02786176,26.36604892,4.221564189,49146.77206,248.2511479,1181.552998,458.6151895,
behavior_window,continuous,468f03a2-d7c9-4701-abf8-bb2c692f696b,a245bcdd-43a0-45f4-9fb9-96b30280020e,2026-08-17T09:52:59.768000+00:00,window_aggregate,,,,,,,,,,2026-08-16T23:52:58.211000+00:00,2026-08-16T23:53:28.211000+00:00,,,,,,,,,,,,,,,,,,,,,,,,,,,,,,2026-08-17T09:52:59.768000+00:00,,,,,,,,,,,,,,,,,,,,,,,,,,,,,,,,,2.501899284,0.951887046,7,0.345043928,0.194218065,146.0359932,33.77211749,80.330246,23.42325985,4.190438962,42279.08055,28.74293875,679.043742,319.4506809,
behavior_window,continuous,468f03a2-d7c9-4701-abf8-bb2c692f696b,bed84938-5c26-4776-a5c1-dfafb616181c,2026-08-17T09:52:59.768000+00:00,window_aggregate,,,,,,,,,,2026-08-16T11:52:58.211000+00:00,2026-08-16T11:53:28.211000+00:00,,,,,,,,,,,,,,,,,,,,,,,,,,,,,,2026-08-17T09:52:59.768000+00:00,,,,,,,,,,,,,,,,,,,,,,,,,,,,,,,,,2.545114302,0.590811555,7,0.223359859,0.085251151,91.06195313,11.09533554,52.36668104,29.134592,4.425704541,13742.7152,487.8413809,732.1266121,380.4915755,
