dwellMeanMs,dwellStdMs,flightMeanMs,flightStdMs,keysPerSec,velocityMean,velocityStd,accelerationMean,accelerationStd,curvatureMean,curvatureStd,clickCount,scrollAmount,mouseTravelPx,windowDurationMs,platform,viewport,userLabel,label
0.0,0.0,0.0,0.0,0.0,0.0,0.0,0.0,0.0,0.0,0.0,0.0,0.0,0.0,29994.0,Win32,1536x703,,GENUINE
165.77,81.23,510.7,434.08,1.6,0.0,0.0,0.0,0.0,0.0,0.0,1.0,0.0,0.0,30002.0,Win32,1536x703,,GENUINE
70.12727272727274,19.63850998370715,419.9,302.53713821612047,2.3815194093831864,0.0,0.0,0.0,0.0,0.0,0.0,0.0,0.0,0.0,0.0,Win32,1536x703,,IMPOSTOR
128.74,79.66,442.06,394.28,1.83,438.6894,614.6294,-0.539602,11.128334,0.306472,0.599489,0.0,186.0,1576.3,29996.0,Win32,1536x703,,IMPOSTOR
116.55,192.45,294.63,339.3,3.33,0.0,0.0,0.0,0.0,0.0,0.0,0.0,0.0,0.0,30008.0,Win32,1536x703,,IMPOSTOR
0.0,0.0,0.0,0.0,0.0,887.6324,1328.8987,-0.441042,21.549576,0.207265,0.39057,7.0,3447.0,6540.07,30000.0,Win32,1536x703,,IMPOSTOR
0.0,0.0,0.0,0.0,0.0,0.0,0.0,0.0,0.0,0.0,0.0,0.0,0.0,0.0,29996.0,Win32,1536x703,,IMPOSTOR
0.0,0.0,0.0,0.0,0.0,2092.7133,1414.4834,-0.294437,29.127612,0.295501,0.354026,0.0,0.0,530.59,32673.0,Win32,1536x703,,IMPOSTOR
90.45,28.89,341.39,373.91,2.57,780.3775,1101.3095,-1.395766,17.713528,0.175169,0.271461,6.0,0.0,2686.01,30000.0,Win32,1536x703,,IMPOSTOR
0.0,0.0,0.0,0.0,0.0,1183.0243,1463.3284,0.684291,18.747518,0.224647,0.38065,2.0,0.0,11902.4,25851.0,Win32,1536x703,,IMPOSTOR
79.65454545454546,15.08903055120529,234.75,141.72409287061956,4.259850905218317,0.0,0.0,0.0,0.0,0.0,0.0,0.0,0.0,0.0,0.0,Win32,1536x703,,IMPOSTOR
0.0,0.0,0.0,0.0,0.0,490.1553,599.7212,0.188857,9.996643,0.376534,0.506787,0.0,2911.0,365.2,2062.0,Win32,1536x703,,IMPOSTOR
0.0,0.0,0.0,0.0,0.0,619.0584,1042.7491,-0.578272,14.73839,0.209026,0.354115,9.0,1397.0,4156.09,30001.0,Win32,1536x703,,IMPOSTOR
56.39090909090909,10.644029871285897,276.55,175.2061143339467,3.615982643283312,0.0,0.0,0.0,0.0,0.0,0.0,0.0,0.0,0.0,0.0,Win32,1536x703,,IMPOSTOR
0.0,0.0,0.0,0.0,0.0,0.0,0.0,0.0,0.0,0.0,0.0,0.0,0.0,0.0,59992.0,Win32,1536x703,,IMPOSTOR
0.0,0.0,0.0,0.0,0.0,549.8736,709.7897,-0.259104,12.991204,0.29551,0.406652,3.0,700.0,6900.6,29999.0,Win32,1536x703,,IMPOSTOR
0.0,0.0,0.0,0.0,0.0,1154.2428,1522.8893,-1.006957,23.333984,0.233511,0.418095,4.0,1118.0,9571.32,30138.0,Win32,1536x703,,IMPOSTOR
169.95,70.95,420.13,352.01,2.1,902.415,1646.2735,-0.843838,21.488207,0.49677,0.602073,3.0,0.0,1371.99,30003.0,Win32,1536x703,,GENUINE
97.43636363636362,11.471012694239551,228.60000000000005,120.75237471784976,4.37445319335083,0.0,0.0,0.0,0.0,0.0,0.0,0.0,0.0,0.0,0.0,Win32,1536x703,,IMPOSTOR
0.0,0.0,0.0,0.0,0.0,0.0,0.0,0.0,0.0,0.0,0.0,0.0,0.0,0.0,59987.0,Win32,1536x703,,IMPOSTOR
186.05,59.33,608.76,516.34,1.23,0.0,0.0,0.0,0.0,0.0,0.0,0.0,0.0,0.0,30006.0,Win32,1536x703,,GENUINE
0.0,0.0,0.0,0.0,0.0,381.9357,580.5079,-0.333586,9.513481,0.285262,0.519248,7.0,392.78,864.6,30014.0,Win32,1536x703,,GENUINE
153.07,45.15,429.36,444.44,1.97,621.6752,278.6267,-0.500675,12.204785,0.151818,0.135761,0.0,0.0,62.43,30010.0,Win32,1536x703,,GENUINE
0.0,0.0,0.0,0.0,0.0,0.0,0.0,0.0,0.0,0.0,0.0,0.0,0.0,0.0,30003.0,Win32,1536x703,,GENUINE
0.0,0.0,0.0,0.0,0.0,0.0,0.0,0.0,0.0,0.0,0.0,0.0,0.0,0.0,29996.0,Win32,1536x703,,GENUINE
95.38,33.09,379.66,326.46,2.67,0.0,0.0,0.0,0.0,0.0,0.0,0.0,0.0,0.0,30000.0,Win32,1536x703,,IMPOSTOR
0.0,0.0,0.0,0.0,0.0,0.0,0.0,0.0,0.0,0.0,0.0,0.0,0.0,0.0,29998.0,Win32,1536x703,,IMPOSTOR
148.52,249.19,452.3,405.82,1.97,924.8745,1382.9925,-2.042445,11.777645,0.226512,0.314631,3.0,0.0,1766.99,30001.0,Win32,1536x703,,IMPOSTOR
141.55,25.51,448.77,476.15,2.07,679.7363,1086.6009,-1.478364,17.232633,0.253061,0.480947,2.0,0.0,1167.54,30005.0,Win32,1536x703,,GENUINE
98.90909090909092,16.753423234749505,281.5799999999999,159.76549564909186,3.55138859293984,0.0,0.0,0.0,0.0,0.0,0.0,0.0,0.0,0.0,0.0,Win32,1536x703,,IMPOSTOR
0.0,0.0,0.0,0.0,0.0,0.0,0.0,0.0,0.0,0.0,0.0,0.0,0.0,0.0,60005.0,Win32,1536x703,,IMPOSTOR
110.34545454545456,31.004555783607724,508.53,237.34318212242792,1.96645232336342,0.0,0.0,0.0,0.0,0.0,0.0,0.0,0.0,0.0,0.0,Win32,1536x703,,IMPOSTOR
59.909090909090914,8.2891445490697,222.67,130.77905069237963,4.490950734270445,0.0,0.0,0.0,0.0,0.0,0.0,0.0,0.0,0.0,0.0,Win32,1536x703,,IMPOSTOR
0.0,0.0,0.0,0.0,0.0,0.0,0.0,0.0,0.0,0.0,0.0,0.0,0.0,0.0,33072.0,Win32,1536x703,,IMPOSTOR
73.88181818181819,13.67405095140016,223.75000000000003,178.2015670525936,4.46927374301676,0.0,0.0,0.0,0.0,0.0,0.0,0.0,0.0,0.0,0.0,Win32,1536x703,,IMPOSTOR
122.26,26.85,375.18,445.53,1.5,737.2981,1154.9818,-1.444255,20.639982,0.346271,0.533714,4.0,0.0,3544.77,29995.0,Win32,1536x703,,IMPOSTOR
0.0,0.0,0.0,0.0,0.0,429.0452,453.5743,-0.587211,8.141227,0.292475,0.434578,24.0,855.56,3668.58,30000.0,Win32,1536x703,,GENUINE
0.0,0.0,0.0,0.0,0.0,490.754,556.0352,-0.157563,7.741014,0.244527,0.382042,3.0,200.0,5690.13,29989.0,Win32,1536x703,,IMPOSTOR
0.0,0.0,0.0,0.0,0.0,1076.4731,1576.5957,0.997855,22.499251,0.189034,0.265625,1.0,0.0,4571.1,14038.0,Win32,1536x703,,IMPOSTOR
171.65,173.5,610.53,657.56,0.5,711.9841,1177.7696,-0.999462,20.010515,0.27444,0.511201,4.0,583.33,3079.22,30007.0,Win32,1536x703,,GENUINE
116.83,36.54,370.06,241.65,1.31,403.7882,497.7551,-1.063017,6.438242,0.170597,0.277183,3.0,0.0,360.25,7617.0,Win32,1536x703,,IMPOSTOR
0.0,0.0,0.0,0.0,0.0,999.2031,1358.3753,-0.706546,20.649944,0.265803,0.431433,4.0,300.0,6234.01,30002.0,Win32,1536x703,,IMPOSTOR
0.0,0.0,0.0,0.0,0.0,736.0386,1203.7883,0.15281,19.201966,0.265333,0.39351,5.0,0.0,4578.39,34566.0,Win32,1536x703,,IMPOSTOR
111.24545454545456,17.87152960011912,471.69,164.89732835919446,2.120036464627192,0.0,0.0,0.0,0.0,0.0,0.0,0.0,0.0,0.0,0.0,Win32,1536x703,,IMPOSTOR
56.081818181818186,14.00771334150764,927.88,1080.2978235653354,1.0777255679613742,0.0,0.0,0.0,0.0,0.0,0.0,0.0,0.0,0.0,0.0,Win32,1536x703,,IMPOSTOR
117.32,32.77,378.26,339.44,1.7,588.9796,799.3341,-2.497412,15.422312,0.2829,0.405447,3.0,0.0,931.7,30001.0,Win32,1536x703,,IMPOSTOR
85.65454545454544,15.359886578437989,210.72000000000003,111.52272234840754,4.745634016704631,0.0,0.0,0.0,0.0,0.0,0.0,0.0,0.0,0.0,0.0,Win32,1536x703,,IMPOSTOR
0.0,0.0,0.0,0.0,0.0,764.8372,1532.8943,-0.573582,17.76202,0.409249,0.64102,1.0,0.0,1401.77,9993.0,Win32,1536x703,,GENUINE
0.0,0.0,0.0,0.0,0.0,784.2251,1099.7725,-0.074354,17.677082,0.217026,0.330606,15.0,2600.0,9279.33,30001.0,Win32,1536x703,,IMPOSTOR
0.0,0.0,0.0,0.0,0.0,0.0,0.0,0.0,0.0,0.0,0.0,0.0,0.0,0.0,54994.0,Win32,1536x703,,IMPOSTOR
0.0,0.0,0.0,0.0,0.0,478.5154,428.2573,-0.716613,7.831153,0.214794,0.301154,2.0,151.0,439.48,30000.0,Win32,1536x703,,IMPOSTOR
90.38181818181818,18.41924972224924,443.69000000000005,391.2791444736098,2.253825869413329,0.0,0.0,0.0,0.0,0.0,0.0,0.0,0.0,0.0,0.0,Win32,1536x703,,IMPOSTOR
97.7818181818182,21.115389397818067,410.25999999999993,246.0763426256169,2.43747867206162,0.0,0.0,0.0,0.0,0.0,0.0,0.0,0.0,0.0,0.0,Win32,1536x703,,IMPOSTOR
69.57272727272729,8.765955935953269,382.66,271.11457799240526,2.613285945748184,0.0,0.0,0.0,0.0,0.0,0.0,0.0,0.0,0.0,0.0,Win32,1536x703,,IMPOSTOR
157.61,32.08,375.14,326.96,1.73,793.119,1091.7234,-0.969458,16.329179,0.312371,0.467979,5.0,54.44,2795.37,29990.0,Win32,1536x703,,GENUINE
86.65454545454544,16.895473500123888,275.04,120.82922825210794,3.635834787667248,0.0,0.0,0.0,0.0,0.0,0.0,0.0,0.0,0.0,0.0,Win32,1536x703,,IMPOSTOR
0.0,0.0,0.0,0.0,0.0,2484.0078,1880.0085,3.653373,41.170875,0.075593,0.058906,0.0,0.0,864.14,30194.0,Win32,1536x703,,IMPOSTOR
103.96363636363638,20.239981707109624,367.06,235.25158532940853,2.7243502424671715,0.0,0.0,0.0,0.0,0.0,0.0,0.0,0.0,0.0,0.0,Win32,1536x703,,IMPOSTOR
150.85,33.37,453.55,458.25,1.47,678.8694,822.7691,-0.782478,12.21182,0.308202,0.518241,4.0,0.0,2729.12,30003.0,Win32,1536x703,,GENUINE
0.0,0.0,0.0,0.0,0.0,450.2113,534.486,-0.546841,8.82787,0.302221,0.549867,15.0,579.44,3200.93,29997.0,Win32,1536x703,,GENUINE
0.0,0.0,0.0,0.0,0.0,0.0,0.0,0.0,0.0,0.0,0.0,0.0,0.0,0.0,30002.0,Win32,1536x703,,IMPOSTOR
0.0,0.0,0.0,0.0,0.0,1033.689,1206.1785,-1.079722,21.060825,0.212417,0.444912,4.0,2135.0,4474.14,30000.0,Win32,1536x703,,IMPOSTOR
81.41818181818182,18.340904021628223,310.29,127.62255639188552,3.222791582068388,0.0,0.0,0.0,0.0,0.0,0.0,0.0,0.0,0.0,0.0,Win32,1536x703,,IMPOSTOR
0.0,0.0,0.0,0.0,0.0,1043.1359,1065.317,-0.372446,18.72365,0.209673,0.254311,1.0,3023.0,1461.3,29999.0,Win32,1536x703,,IMPOSTOR
0.0,0.0,0.0,0.0,0.0,816.1133,240.539,3.831348,11.687182,0.07192,0.05207,0.0,0.0,73.51,29990.0,Win32,1536x703,,IMPOSTOR
89.17,28.58,352.43,366.87,1.07,497.6551,813.7239,-0.191607,13.350931,0.280823,0.431568,3.0,0.0,1203.82,29999.0,Win32,1536x703,,IMPOSTOR
258.34,412.24,479.12,306.81,0.63,1033.607,1534.571,-0.707714,22.748556,0.312668,0.530298,3.0,85.56,3283.17,30002.0,Win32,1536x703,,GENUINE
149.94,35.7,473.75,454.96,1.6,834.055,1254.3085,-1.185045,21.745239,0.379303,0.485311,4.0,143.89,2359.57,30001.0,Win32,1536x703,,GENUINE
97.93636363636364,26.15163032384485,234.61,113.32635571657636,4.262392907378202,0.0,0.0,0.0,0.0,0.0,0.0,0.0,0.0,0.0,0.0,Win32,1536x703,,IMPOSTOR
129.48,57.47,766.16,718.12,0.17,609.2699,960.0628,-0.305283,14.735954,0.248007,0.363614,7.0,3300.0,5247.69,29999.0,Win32,1536x703,,IMPOSTOR
76.76363636363635,14.084954753680364,252.89,87.81044869490191,3.9542884257977775,0.0,0.0,0.0,0.0,0.0,0.0,0.0,0.0,0.0,0.0,Win32,1536x703,,IMPOSTOR
62.40909090909092,20.72935794933687,307.2699999999999,188.768239118767,3.254466755622092,0.0,0.0,0.0,0.0,0.0,0.0,0.0,0.0,0.0,0.0,Win32,1536x703,,IMPOSTOR
90.83,24.36,360.26,362.42,2.43,0.0,0.0,0.0,0.0,0.0,0.0,0.0,0.0,0.0,29999.0,Win32,1536x703,,IMPOSTOR
111.95454545454544,24.61608356843009,318.22,180.01808131407245,3.1424800452517125,0.0,0.0,0.0,0.0,0.0,0.0,0.0,0.0,0.0,0.0,Win32,1536x703,,IMPOSTOR
0.0,0.0,0.0,0.0,0.0,446.4489,751.7653,-1.399919,15.811793,0.350532,0.552049,9.0,3196.67,2869.41,29991.0,Win32,1536x703,,GENUINE
90.46,32.36,302.76,352.78,1.13,789.8779,1169.3305,-0.200003,19.606566,0.248164,0.508446,4.0,0.0,1622.33,29989.0,Win32,1536x703,,IMPOSTOR
160.18,32.8,532.6,553.04,1.2,0.0,0.0,0.0,0.0,0.0,0.0,0.0,0.0,0.0,30012.0,Win32,1536x703,,GENUINE
0.0,0.0,0.0,0.0,0.0,0.0,0.0,0.0,0.0,0.0,0.0,0.0,0.0,0.0,60009.0,Win32,1536x703,,IMPOSTOR
0.0,0.0,0.0,0.0,0.0,1893.4921,1795.2836,-0.72358,31.611295,0.256878,0.356025,5.0,8193.0,10532.24,30413.0,Win32,1536x703,,IMPOSTOR
0.0,0.0,0.0,0.0,0.0,421.7641,434.4212,-0.525695,8.088571,0.268154,0.484775,23.0,2041.67,3478.1,29992.0,Win32,1536x703,,GENUINE
0.0,0.0,0.0,0.0,0.0,0.0,0.0,0.0,0.0,0.0,0.0,0.0,0.0,0.0,30011.0,Win32,1536x703,,IMPOSTOR
71.48181818181818,18.405326214382924,284.45,230.71835752709404,3.515556336790297,0.0,0.0,0.0,0.0,0.0,0.0,0.0,0.0,0.0,0.0,Win32,1536x703,,IMPOSTOR
89.42727272727275,17.378151952646064,312.06999999999994,271.2868889201983,3.204409267151601,0.0,0.0,0.0,0.0,0.0,0.0,0.0,0.0,0.0,0.0,Win32,1536x703,,IMPOSTOR
152.11,33.47,483.34,393.05,0.9,697.5286,968.3429,-1.675313,14.58732,0.305453,0.449582,2.0,0.0,1159.79,29997.0,Win32,1536x703,,GENUINE
0.0,0.0,0.0,0.0,0.0,0.0,0.0,0.0,0.0,0.0,0.0,0.0,0.0,0.0,29999.0,Win32,1536x703,,IMPOSTOR
169.8,53.87,947.32,562.48,0.2,339.0251,512.2625,-0.581449,9.443447,0.395832,0.570848,4.0,0.0,844.22,30001.0,Win32,1536x703,,GENUINE
89.71,28.27,442.17,488.42,1.3,661.342,954.4038,-0.660754,19.359335,0.327767,0.522289,4.0,0.0,4936.88,29992.0,Win32,1536x703,,IMPOSTOR
70.78181818181818,17.196765984643115,197.07,113.33451416051513,5.074339067336479,0.0,0.0,0.0,0.0,0.0,0.0,0.0,0.0,0.0,0.0,Win32,1536x703,,IMPOSTOR
77.78181818181818,11.189265812442192,203.64,133.69378594385006,4.910626595953644,0.0,0.0,0.0,0.0,0.0,0.0,0.0,0.0,0.0,0.0,Win32,1536x703,,IMPOSTOR
116.51,25.03,320.5,324.65,2.1,737.5567,1307.4448,-2.534516,22.006673,0.416439,0.603518,3.0,0.0,1977.35,30011.0,Win32,1536x703,,IMPOSTOR
0.0,0.0,0.0,0.0,0.0,0.0,0.0,0.0,0.0,0.0,0.0,0.0,0.0,0.0,30003.0,Win32,1536x703,,IMPOSTOR
239.4,0.0,0.0,0.0,0.16,667.2838,822.7289,-0.38847,14.57955,0.310075,0.50926,1.0,0.0,717.29,6216.0,Win32,1536x703,,GENUINE
0.0,0.0,0.0,0.0,0.0,391.1732,396.1593,-0.39587,7.180503,0.344059,0.48745,24.0,1252.22,3304.5,29994.0,Win32,1536x703,,GENUINE
0.0,0.0,0.0,0.0,0.0,920.7331,1262.8803,-1.593213,18.7361,0.165483,0.4483,3.0,497.78,1482.48,30014.0,Win32,1536x703,,GENUINE
81.45454545454545,19.564084144926184,384.3500000000001,256.3519738562588,2.6017952387147125,0.0,0.0,0.0,0.0,0.0,0.0,0.0,0.0,0.0,0.0,Win32,1536x703,,IMPOSTOR
79.55,35.81,751.59,730.14,0.27,1108.3008,1656.683,-1.175349,22.387992,0.317282,0.529198,8.0,892.0,6732.91,30001.0,Win32,1536x703,,IMPOSTOR
106.21818181818182,27.09618618523876,455.3,243.36489064776785,2.1963540522732266,0.0,0.0,0.0,0.0,0.0,0.0,0.0,0.0,0.0,0.0,Win32,1536x703,,IMPOSTOR
0.0,0.0,0.0,0.0,0.0,874.6734,1083.7432,-0.560656,18.610578,0.259395,0.481967,5.0,843.89,3903.39,29999.0,Win32,1536x703,,GENUINE
105.4,22.74574885355703,464.5,384.9023538509476,2.1528525296017222,0.0,0.0,0.0,0.0,0.0,0.0,0.0,0.0,0.0,0.0,Win32,1536x703,,IMPOSTOR
0.0,0.0,0.0,0.0,0.0,0.0,0.0,0.0,0.0,0.0,0.0,0.0,0.0,0.0,29997.0,Win32,1536x703,,IMPOSTOR
58.26363636363636,18.06187711614376,441.84,358.17624488511234,2.263262719536484,0.0,0.0,0.0,0.0,0.0,0.0,0.0,0.0,0.0,0.0,Win32,1536x703,,IMPOSTOR
137.48,28.35,625.84,617.87,0.63,1063.9269,1437.7317,-0.499808,27.469892,0.344881,0.506242,2.0,178.89,2717.11,29998.0,Win32,1536x703,,GENUINE
0.0,0.0,0.0,0.0,0.0,808.4326,1049.255,-0.416127,18.373441,0.250944,0.385323,5.0,1000.0,7764.22,30004.0,Win32,1536x703,,IMPOSTOR
116.81,29.06,413.72,396.83,1.87,1171.1575,1630.2544,-2.967034,30.25977,0.296908,0.582719,5.0,0.0,3063.45,29996.0,Win32,1536x703,,IMPOSTOR
95.19090909090907,19.56766602635604,450.23,542.8675401053189,2.221086999977789,0.0,0.0,0.0,0.0,0.0,0.0,0.0,0.0,0.0,0.0,Win32,1536x703,,IMPOSTOR
70.24545454545454,15.615863940607648,538.7700000000001,722.7943664002922,1.8560795886927628,0.0,0.0,0.0,0.0,0.0,0.0,0.0,0.0,0.0,0.0,Win32,1536x703,,IMPOSTOR
109.48181818181818,28.37091398475873,639.36,557.7638105865242,1.564064064064064,0.0,0.0,0.0,0.0,0.0,0.0,0.0,0.0,0.0,0.0,Win32,1536x703,,IMPOSTOR
138.75,30.19,394.31,406.45,2.07,697.4992,800.7529,-1.500698,9.753598,0.282748,0.438819,1.0,0.0,540.04,29993.0,Win32,1536x703,,GENUINE
87.29,28.58,449.8,484.26,2.03,0.0,0.0,0.0,0.0,0.0,0.0,0.0,0.0,0.0,29999.0,Win32,1536x703,,IMPOSTOR
61.76363636363636,7.580390098773731,231.05,132.67052611639104,4.328067517853279,0.0,0.0,0.0,0.0,0.0,0.0,0.0,0.0,0.0,0.0,Win32,1536x703,,IMPOSTOR
0.0,0.0,0.0,0.0,0.0,1121.5591,1073.1467,0.324463,20.243578,0.192655,0.454756,2.0,0.0,1146.3,2830.0,Win32,1536x703,,IMPOSTOR
122.41,62.13,324.54,297.62,2.1,843.9959,1134.2346,-2.469568,17.65236,0.397776,0.606028,6.0,0.0,2665.65,30002.0,Win32,1536x703,,IMPOSTOR
73.53636363636363,12.904141176542211,265.29,155.74487118361233,3.769459836405444,0.0,0.0,0.0,0.0,0.0,0.0,0.0,0.0,0.0,0.0,Win32,1536x703,,IMPOSTOR
104.18,14.57,675.47,774.56,0.13,394.2655,499.9227,-0.170027,7.597879,0.286678,0.406413,25.0,700.0,6374.28,29995.0,Win32,1536x703,,IMPOSTOR
0.0,0.0,0.0,0.0,0.0,829.9985,1177.9334,-0.242796,18.979914,0.316919,0.470908,1.0,0.0,2749.95,30003.0,Win32,1536x703,,IMPOSTOR
72.27272727272727,19.164460047849506,461.73,310.50156859507166,2.165767872999372,0.0,0.0,0.0,0.0,0.0,0.0,0.0,0.0,0.0,0.0,Win32,1536x703,,IMPOSTOR
0.0,0.0,0.0,0.0,0.0,0.0,0.0,0.0,0.0,0.0,0.0,0.0,0.0,0.0,72949.0,Win32,1536x703,,IMPOSTOR
0.0,0.0,0.0,0.0,0.0,798.3479,1083.0214,-1.726094,18.832069,0.356414,0.593427,7.0,334.44,2906.98,30000.0,Win32,1536x703,,GENUINE
90.00909090909092,20.437152200897383,427.11,325.66921392726084,2.3413172250708247,0.0,0.0,0.0,0.0,0.0,0.0,0.0,0.0,0.0,0.0,Win32,1536x703,,IMPOSTOR
136.5090909090909,32.6338489788372,413.45,189.0555645835372,2.418672148990205,0.0,0.0,0.0,0.0,0.0,0.0,0.0,0.0,0.0,0.0,Win32,1536x703,,IMPOSTOR
93.5090909090909,14.581835184755445,308.99,231.00909267818875,3.236350690960873,0.0,0.0,0.0,0.0,0.0,0.0,0.0,0.0,0.0,0.0,Win32,1536x703,,IMPOSTOR
77.07272727272729,7.094567820662756,350.45000000000005,230.46449726584788,2.8534741047224994,0.0,0.0,0.0,0.0,0.0,0.0,0.0,0.0,0.0,0.0,Win32,1536x703,,IMPOSTOR
144.75,27.51,408.35,425.75,1.47,986.5062,1499.9404,-1.069336,23.256607,0.268215,0.567558,3.0,400.56,1529.58,29988.0,Win32,1536x703,,GENUINE
0.0,0.0,0.0,0.0,0.0,333.6939,368.3502,-0.138112,6.415676,0.278294,0.379298,29.0,400.0,5307.01,29992.0,Win32,1536x703,,IMPOSTOR
65.41818181818182,10.83494499560802,341.48,262.393714863752,2.928429190582172,0.0,0.0,0.0,0.0,0.0,0.0,0.0,0.0,0.0,0.0,Win32,1536x703,,IMPOSTOR
0.0,0.0,0.0,0.0,0.0,697.4317,814.8851,-0.474399,15.54972,0.356454,0.569316,0.0,700.0,721.94,30006.0,Win32,1536x703,,GENUINE
0.0,0.0,0.0,0.0,0.0,1003.7158,1126.7342,-1.196232,21.363997,0.270134,0.482149,12.0,980.0,6792.09,30006.0,Win32,1536x703,,GENUINE
74.8,20.72,366.33,296.96,1.5,862.9917,1170.7255,-0.088767,15.3602,0.234562,0.394241,4.0,2741.0,3325.42,30002.0,Win32,1536x703,,IMPOSTOR
150.04,33.43,461.74,489.19,1.57,297.2255,177.4351,-0.028482,3.711308,0.335845,0.296616,2.0,0.0,246.7,30000.0,Win32,1536x703,,GENUINE
155.62,30.88,407.1,343.5,1.9,850.8365,1265.6737,-1.740446,15.854954,0.445186,0.705752,4.0,416.11,1445.17,29986.0,Win32,1536x703,,GENUINE
144.45,27.29,375.78,317.27,1.77,600.0545,773.161,-0.485034,11.600455,0.347811,0.520976,4.0,46.67,1914.44,30003.0,Win32,1536x703,,GENUINE
0.0,0.0,0.0,0.0,0.0,430.0444,445.7175,-0.405766,7.125547,0.216315,0.322017,4.0,600.0,1710.69,29993.0,Win32,1536x703,,IMPOSTOR
0.0,0.0,0.0,0.0,0.0,384.0591,536.3382,-1.886492,9.5934,0.384951,0.557739,10.0,618.0,1948.3,30002.0,Win32,1536x703,,IMPOSTOR
140.07,30.02,339.02,328.7,2.4,591.7715,904.0485,-0.553611,11.207637,0.274664,0.380237,2.0,0.0,1121.21,30002.0,Win32,1536x703,,GENUINE
97.30909090909093,18.88378113839082,234.79,162.44649242135088,4.259125175688913,0.0,0.0,0.0,0.0,0.0,0.0,0.0,0.0,0.0,0.0,Win32,1536x703,,IMPOSTOR
97.87272727272727,25.510963451001743,271.04999999999995,174.58787615410182,3.6893562073418193,0.0,0.0,0.0,0.0,0.0,0.0,0.0,0.0,0.0,0.0,Win32,1536x703,,IMPOSTOR
115.7,63.76,287.06,240.87,3.37,745.8577,1015.8862,-0.233224,21.903126,0.683175,0.699873,1.0,0.0,367.0,29998.0,Win32,1536x703,,IMPOSTOR
0.0,0.0,0.0,0.0,0.0,908.3938,1502.3379,-1.390205,19.263289,0.238396,0.412536,2.0,2641.0,3264.8,23224.0,Win32,1536x703,,IMPOSTOR
38.67272727272727,6.745246259955083,1030.0800000000002,535.5870980522216,0.970798384591488,0.0,0.0,0.0,0.0,0.0,0.0,0.0,0.0,0.0,0.0,Win32,1536x703,,IMPOSTOR
67.2818181818182,17.14233558828807,254.51,99.38792129831472,3.929118698675887,0.0,0.0,0.0,0.0,0.0,0.0,0.0,0.0,0.0,0.0,Win32,1536x703,,IMPOSTOR
100.57272727272728,22.311965436798538,537.6,314.8767758981281,1.860119047619048,0.0,0.0,0.0,0.0,0.0,0.0,0.0,0.0,0.0,0.0,Win32,1536x703,,IMPOSTOR
86.38,39.75,663.58,666.32,0.3,952.1147,1201.0963,-0.612469,18.268774,0.189194,0.301241,8.0,2222.0,9018.42,30001.0,Win32,1536x703,,IMPOSTOR
157.52,32.39,472.45,426.61,0.77,888.9819,1238.2395,-2.702229,32.032037,0.28466,0.464406,6.0,2453.89,3832.24,30003.0,Win32,1536x703,,GENUINE
0.0,0.0,0.0,0.0,0.0,1997.2513,2250.7068,-4.847007,25.54805,0.106644,0.105701,0.0,0.0,1038.77,25003.0,Win32,1536x703,,IMPOSTOR
153.51,38.34,397.0,385.51,2.47,0.0,0.0,0.0,0.0,0.0,0.0,0.0,0.0,0.0,30000.0,Win32,1536x703,,GENUINE
0.0,0.0,0.0,0.0,0.0,1966.8849,1962.0141,-8.843638,34.296873,0.367294,0.578064,0.0,0.0,2904.73,29997.0,Win32,1536x703,,IMPOSTOR
111.18,81.35,428.31,423.44,2.1,0.0,0.0,0.0,0.0,0.0,0.0,0.0,0.0,0.0,29999.0,Win32,1536x703,,IMPOSTOR
0.0,0.0,0.0,0.0,0.0,735.6535,1350.4773,0.310999,20.506024,0.23027,0.475764,7.0,5769.0,3379.18,30002.0,Win32,1536x703,,IMPOSTOR
70.53636363636362,15.082577108419002,193.58000000000004,110.6977036798867,5.165822915590453,0.0,0.0,0.0,0.0,0.0,0.0,0.0,0.0,0.0,0.0,Win32,1536x703,,IMPOSTOR
98.25,33.66,371.71,366.96,2.33,876.1047,1245.858,-1.799491,23.503774,0.245545,0.511538,3.0,0.0,1007.13,30000.0,Win32,1536x703,,IMPOSTOR
165.18,31.98,492.87,474.14,1.93,0.0,0.0,0.0,0.0,0.0,0.0,0.0,0.0,0.0,29997.0,Win32,1536x703,,GENUINE
144.78,9.68,749.75,743.43,0.13,929.9566,1164.3852,-0.521883,15.665801,0.236855,0.387526,6.0,800.0,13882.41,30009.0,Win32,1536x703,,IMPOSTOR
164.46363636363637,31.97818212831063,406.41,289.11947513095686,2.4605693757535496,0.0,0.0,0.0,0.0,0.0,0.0,0.0,0.0,0.0,0.0,Win32,1536x703,,IMPOSTOR
91.03636363636365,22.258084240329104,426.29,227.514124616473,2.345820920030965,0.0,0.0,0.0,0.0,0.0,0.0,0.0,0.0,0.0,0.0,Win32,1536x703,,IMPOSTOR
145.27,11.22,1065.07,669.08,0.1,0.0,0.0,0.0,0.0,0.0,0.0,0.0,0.0,0.0,30013.0,Win32,1536x703,,IMPOSTOR
0.0,0.0,0.0,0.0,0.0,960.5291,1816.1927,-1.179634,22.702652,0.264501,0.395246,0.0,0.0,3156.96,21201.0,Win32,1536x703,,IMPOSTOR
83.89,29.98,589.88,581.33,0.57,534.6093,701.2604,-0.836164,11.824037,0.28198,0.492652,8.0,262.0,2471.68,30000.0,Win32,1536x703,,IMPOSTOR
0.0,0.0,0.0,0.0,0.0,0.0,0.0,0.0,0.0,0.0,0.0,0.0,2323.0,0.0,30000.0,Win32,1536x703,,IMPOSTOR
0.0,0.0,0.0,0.0,0.0,248.39,387.238,-0.921992,6.778238,0.412837,0.575114,10.0,415.0,1357.7,30008.0,Win32,1536x703,,IMPOSTOR
58.02727272727272,8.546034796547556,304.62,207.513627504316,3.282778543759438,0.0,0.0,0.0,0.0,0.0,0.0,0.0,0.0,0.0,0.0,Win32,1536x703,,IMPOSTOR
0.0,0.0,0.0,0.0,0.0,848.3037,905.8838,-2.045251,16.75513,0.382344,0.594381,1.0,183.0,1092.41,29998.0,Win32,1536x703,,IMPOSTOR
70.85454545454544,15.15875766295832,377.12,276.9322942525844,2.651675859142978,0.0,0.0,0.0,0.0,0.0,0.0,0.0,0.0,0.0,0.0,Win32,1536x703,,IMPOSTOR
140.28,44.58,430.36,310.23,0.4,1014.8168,1228.8367,-1.741625,18.914758,0.298957,0.564049,12.0,225.56,5017.06,29998.0,Win32,1536x703,,GENUINE
0.0,0.0,0.0,0.0,0.0,896.1397,1265.6176,-1.211442,21.929344,0.238985,0.442666,4.0,3314.0,3902.7,30000.0,Win32,1536x703,,IMPOSTOR
146.91,31.68,378.37,326.27,2.1,773.5665,1009.3402,-1.546354,16.970107,0.354554,0.534092,3.0,140.0,1240.95,30007.0,Win32,1536x703,,GENUINE
87.56363636363639,14.98334061108432,339.62,207.8185978203106,2.9444673458571344,0.0,0.0,0.0,0.0,0.0,0.0,0.0,0.0,0.0,0.0,Win32,1536x703,,IMPOSTOR
275.7,0.0,2000.0,0.0,0.03,755.2165,975.1505,-0.254093,15.321797,0.216802,0.310307,7.0,1300.0,10648.8,30011.0,Win32,1536x703,,IMPOSTOR
91.38,22.45,325.83,336.99,2.23,741.2987,909.9741,-1.595876,16.746409,0.243172,0.37738,7.0,0.0,2878.89,30013.0,Win32,1536x703,,IMPOSTOR
0.0,0.0,0.0,0.0,0.0,0.0,0.0,0.0,0.0,0.0,0.0,0.0,0.0,0.0,59996.0,Win32,1536x703,,IMPOSTOR
65.74545454545454,12.44758929828756,215.34,131.25076152160034,4.643819076808767,0.0,0.0,0.0,0.0,0.0,0.0,0.0,0.0,0.0,0.0,Win32,1536x703,,IMPOSTOR
90.3,28.03990662674117,396.18,246.3895241279548,2.524105204704932,0.0,0.0,0.0,0.0,0.0,0.0,0.0,0.0,0.0,0.0,Win32,1536x703,,IMPOSTOR
0.0,0.0,0.0,0.0,0.0,0.0,0.0,0.0,0.0,0.0,0.0,0.0,0.0,0.0,30444.0,Win32,1536x703,,IMPOSTOR
151.44,32.4,373.78,305.32,2.0,875.1078,1437.0364,-0.375845,20.377787,0.295054,0.45635,4.0,0.0,1876.06,30008.0,Win32,1536x703,,GENUINE
131.9636363636364,17.394632020841826,419.92,320.380223484534,2.381405982091827,0.0,0.0,0.0,0.0,0.0,0.0,0.0,0.0,0.0,0.0,Win32,1536x703,,IMPOSTOR
0.0,0.0,0.0,0.0,0.0,0.0,0.0,0.0,0.0,0.0,0.0,0.0,0.0,0.0,30212.0,Win32,1536x703,,IMPOSTOR
104.71,46.2,376.83,376.66,2.67,0.0,0.0,0.0,0.0,0.0,0.0,0.0,0.0,0.0,29999.0,Win32,1536x703,,IMPOSTOR
0.0,0.0,0.0,0.0,0.0,904.7646,1286.9385,-0.500761,18.832021,0.227677,0.363321,11.0,3200.0,10291.36,30014.0,Win32,1536x703,,IMPOSTOR
86.24,23.78,441.57,490.26,0.7,757.8726,1093.0532,-0.384159,21.573834,0.244989,0.338595,2.0,0.0,1274.13,30001.0,Win32,1536x703,,IMPOSTOR
0.0,0.0,0.0,0.0,0.0,620.4068,1011.9825,0.491101,13.803275,0.322802,0.510635,0.0,400.0,1903.73,21728.0,Win32,1536x703,,IMPOSTOR
65.55454545454543,12.202634859761275,827.6299999999999,434.459314665942,1.2082693957444754,0.0,0.0,0.0,0.0,0.0,0.0,0.0,0.0,0.0,0.0,Win32,1536x703,,IMPOSTOR
84.56363636363635,14.510389552271766,242.57,173.82474536152785,4.122521334047904,0.0,0.0,0.0,0.0,0.0,0.0,0.0,0.0,0.0,0.0,Win32,1536x703,,IMPOSTOR
31.590909090909093,10.037244691235516,903.87,415.7715912613559,1.106353789814907,0.0,0.0,0.0,0.0,0.0,0.0,0.0,0.0,0.0,0.0,Win32,1536x703,,IMPOSTOR
103.71818181818182,18.14190619341249,234.21,146.34826579088664,4.269672516118014,0.0,0.0,0.0,0.0,0.0,0.0,0.0,0.0,0.0,0.0,Win32,1536x703,,IMPOSTOR
0.0,0.0,0.0,0.0,0.0,5328.3786,2695.4064,33.94783,26.522333,0.063996,0.025107,0.0,0.0,882.62,30010.0,Win32,1536x703,,IMPOSTOR
150.64,29.69,482.99,487.28,1.27,1039.1827,1320.0328,-0.687922,18.465183,0.262925,0.47192,4.0,0.0,2054.29,30000.0,Win32,1536x703,,GENUINE
94.03636363636365,14.474508798528458,266.48,200.65945180828132,3.752626838787152,0.0,0.0,0.0,0.0,0.0,0.0,0.0,0.0,0.0,0.0,Win32,1536x703,,IMPOSTOR
0.0,0.0,0.0,0.0,0.0,929.7749,1034.96,-0.462092,18.322758,0.260083,0.434055,0.0,0.0,1354.48,29990.0,Win32,1536x703,,GENUINE
164.07,41.97,414.28,368.53,2.23,836.7107,1151.8287,-1.824542,14.754082,0.252174,0.502023,2.0,0.0,1152.35,30006.0,Win32,1536x703,,GENUINE
76.01818181818182,15.436604559636114,234.22,93.79403819006836,4.26949022286739,0.0,0.0,0.0,0.0,0.0,0.0,0.0,0.0,0.0,0.0,Win32,1536x703,,IMPOSTOR
79.7090909090909,13.277763677082929,312.06999999999994,212.89896688335529,3.204409267151601,0.0,0.0,0.0,0.0,0.0,0.0,0.0,0.0,0.0,0.0,Win32,1536x703,,IMPOSTOR
0.0,0.0,0.0,0.0,0.0,693.6466,961.2994,-1.337584,31.612199,0.240773,0.351436,3.0,500.0,3569.19,25439.0,Win32,1536x703,,IMPOSTOR
66.4,13.757113862223491,173.47,57.73894786017494,5.76468553640399,0.0,0.0,0.0,0.0,0.0,0.0,0.0,0.0,0.0,0.0,Win32,1536x703,,IMPOSTOR
139.87,35.85,399.95,390.77,1.8,923.9319,1353.7653,-1.035827,17.397089,0.28039,0.540465,5.0,116.67,1598.26,29993.0,Win32,1536x703,,GENUINE
79.17272727272727,8.508508138551768,303.67,197.76994741365533,3.293048374880627,0.0,0.0,0.0,0.0,0.0,0.0,0.0,0.0,0.0,0.0,Win32,1536x703,,IMPOSTOR
106.56363636363636,21.02155918130773,526.31,396.7644476260442,1.9000209002299029,0.0,0.0,0.0,0.0,0.0,0.0,0.0,0.0,0.0,0.0,Win32,1536x703,,IMPOSTOR
81.25454545454545,17.141940254897616,297.26,186.835779228712,3.364058400053825,0.0,0.0,0.0,0.0,0.0,0.0,0.0,0.0,0.0,0.0,Win32,1536x703,,IMPOSTOR
0.0,0.0,0.0,0.0,0.0,422.2184,601.7624,-0.66154,9.784895,0.2611,0.402019,4.0,4525.0,2297.82,29007.0,Win32,1536x703,,IMPOSTOR
0.0,0.0,0.0,0.0,0.0,0.0,0.0,0.0,0.0,0.0,0.0,0.0,0.0,0.0,30012.0,Win32,1536x703,,GENUINE
83.62727272727271,23.36481779821537,373.39,224.97780090488928,2.67816492139586,0.0,0.0,0.0,0.0,0.0,0.0,0.0,0.0,0.0,0.0,Win32,1536x703,,IMPOSTOR
0.0,0.0,0.0,0.0,0.0,1093.4597,1701.2346,-0.511232,16.826568,0.300208,0.444915,3.0,0.0,4437.0,9723.0,Win32,1536x703,,IMPOSTOR
94.38,31.5,413.02,436.6,2.23,1019.4699,1451.9571,-1.74106,25.176463,0.260138,0.39888,2.0,0.0,1551.13,29999.0,Win32,1536x703,,IMPOSTOR
0.0,0.0,0.0,0.0,0.0,0.0,0.0,0.0,0.0,0.0,0.0,0.0,0.0,0.0,29994.0,Win32,1536x703,,IMPOSTOR
130.55,173.65,333.24,354.04,2.2,527.5472,1120.2531,1.871236,17.120366,0.335647,0.54043,1.0,0.0,1276.93,29988.0,Win32,1536x703,,IMPOSTOR
0.0,0.0,0.0,0.0,0.0,1133.6194,1441.6053,-0.513904,20.933074,0.200378,0.252752,6.0,9149.0,5843.04,24983.0,Win32,1536x703,,IMPOSTOR
87.25,25.94,326.71,346.17,3.13,0.0,0.0,0.0,0.0,0.0,0.0,0.0,0.0,0.0,29999.0,Win32,1536x703,,IMPOSTOR
215.69,309.54,511.18,484.49,1.7,702.8149,1011.0681,-3.317511,18.907988,0.316666,0.442415,0.0,0.0,524.96,29997.0,Win32,1536x703,,IMPOSTOR
0.0,0.0,0.0,0.0,0.0,0.0,0.0,0.0,0.0,0.0,0.0,0.0,0.0,0.0,29995.0,Win32,1536x703,,IMPOSTOR
143.03,56.91,328.73,310.84,2.13,0.0,0.0,0.0,0.0,0.0,0.0,0.0,0.0,0.0,30007.0,Win32,1536x703,,GENUINE
102.05454545454543,23.351323249885883,284.19,161.56140906788352,3.518772652098948,0.0,0.0,0.0,0.0,0.0,0.0,0.0,0.0,0.0,0.0,Win32,1536x703,,IMPOSTOR
108.46,21.91,283.63,249.61,3.17,829.1035,1292.4301,-2.900611,26.826488,0.278817,0.482174,3.0,0.0,972.82,30000.0,Win32,1536x703,,IMPOSTOR
108.8181818181818,15.650432360093165,347.05,196.65680384873545,2.881429188877683,0.0,0.0,0.0,0.0,0.0,0.0,0.0,0.0,0.0,0.0,Win32,1536x703,,IMPOSTOR
102.30909090909093,15.554154928416718,252.99,198.2964671899124,3.952725404166173,0.0,0.0,0.0,0.0,0.0,0.0,0.0,0.0,0.0,0.0,Win32,1536x703,,IMPOSTOR
0.0,0.0,0.0,0.0,0.0,1388.4109,2105.2525,1.515869,33.230348,0.308439,0.569341,2.0,62.0,7767.03,30001.0,Win32,1536x703,,IMPOSTOR
0.0,0.0,0.0,0.0,0.0,864.7091,975.2225,-1.08547,15.258888,0.263015,0.47642,1.0,723.33,2043.07,30010.0,Win32,1536x703,,GENUINE
74.98181818181818,24.2409052554418,261.28000000000003,142.48241154612734,3.827311696264544,0.0,0.0,0.0,0.0,0.0,0.0,0.0,0.0,0.0,0.0,Win32,1536x703,,IMPOSTOR
0.0,0.0,0.0,0.0,0.0,0.0,0.0,0.0,0.0,0.0,0.0,0.0,0.0,0.0,30000.0,Win32,1536x703,,IMPOSTOR
0.0,0.0,0.0,0.0,0.0,1102.1048,1588.9812,-0.393354,23.400424,0.172945,0.306307,4.0,9426.0,4060.48,30001.0,Win32,1536x703,,IMPOSTOR
158.08,33.22,486.45,374.87,1.87,745.2605,856.0546,-0.174994,12.40522,0.171731,0.371641,3.0,0.0,1080.29,29998.0,Win32,1536x703,,GENUINE
0.0,0.0,0.0,0.0,0.0,434.7154,216.6808,-0.600431,7.543897,0.285068,0.20002,0.0,0.0,50.53,181.0,Win32,1536x703,,IMPOSTOR
0.0,0.0,0.0,0.0,0.0,0.0,0.0,0.0,0.0,0.0,0.0,0.0,0.0,0.0,29989.0,Win32,1536x703,,IMPOSTOR
94.93636363636364,16.637595582801605,247.60000000000005,141.71071942517264,4.038772213247172,0.0,0.0,0.0,0.0,0.0,0.0,0.0,0.0,0.0,0.0,Win32,1536x703,,IMPOSTOR
143.17272727272726,32.44959982689494,424.51,414.03312053506056,2.3556571105509883,0.0,0.0,0.0,0.0,0.0,0.0,0.0,0.0,0.0,0.0,Win32,1536x703,,IMPOSTOR
0.0,0.0,0.0,0.0,0.0,475.8272,529.8995,-0.853558,10.090158,0.301642,0.516211,24.0,1586.67,3557.87,29991.0,Win32,1536x703,,GENUINE
71.92727272727272,15.873253141346174,255.84,171.09202903700688,3.908692933083177,0.0,0.0,0.0,0.0,0.0,0.0,0.0,0.0,0.0,0.0,Win32,1536x703,,IMPOSTOR
0.0,0.0,0.0,0.0,0.0,864.3277,1122.0007,-0.68485,19.722923,0.234728,0.42078,2.0,8189.0,3377.98,30002.0,Win32,1536x703,,IMPOSTOR
76.24545454545455,12.1955553480739,217.7,151.52843297546502,4.593477262287552,0.0,0.0,0.0,0.0,0.0,0.0,0.0,0.0,0.0,0.0,Win32,1536x703,,IMPOSTOR
94.29090909090908,25.318173657579887,383.9,237.4568971413549,2.6048450117218027,0.0,0.0,0.0,0.0,0.0,0.0,0.0,0.0,0.0,0.0,Win32,1536x703,,IMPOSTOR
150.94,32.06,377.91,282.98,2.37,895.3832,1201.613,-1.027383,16.227095,0.268177,0.401,2.0,0.0,1171.36,30007.0,Win32,1536x703,,GENUINE
0.0,0.0,0.0,0.0,0.0,593.5929,810.1835,-0.852061,12.371177,0.240858,0.404929,4.0,1118.0,2294.36,30000.0,Win32,1536x703,,IMPOSTOR
59.79090909090909,7.912527988800654,225.36,116.77660895915756,4.437344692935747,0.0,0.0,0.0,0.0,0.0,0.0,0.0,0.0,0.0,0.0,Win32,1536x703,,IMPOSTOR
91.05,23.32,313.67,309.03,2.7,0.0,0.0,0.0,0.0,0.0,0.0,1.0,0.0,0.0,29990.0,Win32,1536x703,,IMPOSTOR
99.78181818181818,21.391239421009296,295.54,193.57843474932844,3.3836367327603707,0.0,0.0,0.0,0.0,0.0,0.0,0.0,0.0,0.0,0.0,Win32,1536x703,,IMPOSTOR
105.24,21.2,591.84,617.27,0.67,0.0,0.0,0.0,0.0,0.0,0.0,0.0,0.0,0.0,29996.0,Win32,1536x703,,IMPOSTOR
0.0,0.0,0.0,0.0,0.0,337.1424,519.8148,-1.038746,9.741987,0.449296,0.547321,12.0,584.0,3062.49,30011.0,Win32,1536x703,,IMPOSTOR
44.97272727272728,9.34413680133074,990.39,478.8863862128469,1.0097032482153496,0.0,0.0,0.0,0.0,0.0,0.0,0.0,0.0,0.0,0.0,Win32,1536x703,,IMPOSTOR
70.51818181818182,14.786776536168338,283.75,151.9948305041984,3.524229074889868,0.0,0.0,0.0,0.0,0.0,0.0,0.0,0.0,0.0,0.0,Win32,1536x703,,IMPOSTOR
172.63,137.34,491.8,550.08,0.3,931.3582,640.1866,-2.890666,18.800698,0.265087,0.679624,0.0,0.0,300.71,29998.0,Win32,1536x703,,IMPOSTOR
96.61,27.03,481.25,488.04,1.8,1078.5207,1478.3303,-2.446338,21.213989,0.16454,0.38005,6.0,0.0,3075.31,30000.0,Win32,1536x703,,IMPOSTOR
0.0,0.0,0.0,0.0,0.0,460.6018,539.7269,-0.932267,13.921013,0.444961,0.519881,1.0,12.0,535.36,30001.0,Win32,1536x703,,IMPOSTOR
104.3909090909091,23.419124063483384,552.9200000000001,240.0556010594213,1.8085799030601168,0.0,0.0,0.0,0.0,0.0,0.0,0.0,0.0,0.0,0.0,Win32,1536x703,,IMPOSTOR
92.62,31.39,419.15,416.05,1.37,389.7166,539.52,-0.317788,8.715472,0.202182,0.3092,4.0,0.0,2354.14,30001.0,Win32,1536x703,,IMPOSTOR
0.0,0.0,0.0,0.0,0.0,0.0,0.0,0.0,0.0,0.0,0.0,0.0,0.0,0.0,60010.0,Win32,1536x703,,IMPOSTOR
0.0,0.0,0.0,0.0,0.0,1174.7611,1344.4347,-0.943688,24.244446,0.205744,0.316104,9.0,5042.0,14291.7,30003.0,Win32,1536x703,,IMPOSTOR
92.5818181818182,24.56482400735647,393.89,295.84805373704927,2.5387798623981315,0.0,0.0,0.0,0.0,0.0,0.0,0.0,0.0,0.0,0.0,Win32,1536x703,,IMPOSTOR
78.22727272727273,12.299156727123492,330.98,230.55522895826937,3.0213305939935946,0.0,0.0,0.0,0.0,0.0,0.0,0.0,0.0,0.0,0.0,Win32,1536x703,,IMPOSTOR
0.0,0.0,0.0,0.0,0.0,0.0,0.0,0.0,0.0,0.0,0.0,0.0,0.0,0.0,30012.0,Win32,1536x703,,IMPOSTOR
0.0,0.0,0.0,0.0,0.0,799.143,1227.3924,-3.1816,20.627985,0.321054,0.467616,2.0,1081.0,1601.11,29997.0,Win32,1536x703,,IMPOSTOR
72.24545454545456,8.026474787891702,376.57,252.22204919475223,2.6555487691531456,0.0,0.0,0.0,0.0,0.0,0.0,0.0,0.0,0.0,0.0,Win32,1536x703,,IMPOSTOR
81.87,22.92,328.8,272.69,3.13,0.0,0.0,0.0,0.0,0.0,0.0,0.0,0.0,0.0,29988.0,Win32,1536x703,,IMPOSTOR
0.0,0.0,0.0,0.0,0.0,310.3033,497.9242,-1.62799,9.613062,0.471202,0.610917,11.0,519.0,1732.39,29996.0,Win32,1536x703,,IMPOSTOR
90.81,20.52,385.15,400.3,1.97,653.4227,761.4067,-0.38744,14.138747,0.253583,0.311372,6.0,0.0,2582.56,30009.0,Win32,1536x703,,IMPOSTOR
122.97,130.15,368.08,369.38,2.43,861.8832,1104.8677,-1.239689,16.844249,0.167719,0.360237,6.0,0.0,2382.26,30000.0,Win32,1536x703,,IMPOSTOR
0.0,0.0,0.0,0.0,0.0,428.7463,567.9131,-0.078526,9.36138,0.281711,0.394543,27.0,600.0,6888.53,30002.0,Win32,1536x703,,IMPOSTOR
100.6909090909091,32.4909345271305,656.97,307.60914827098367,1.5221395193083396,0.0,0.0,0.0,0.0,0.0,0.0,0.0,0.0,0.0,0.0,Win32,1536x703,,IMPOSTOR
0.0,0.0,0.0,0.0,0.0,358.6964,350.6596,-0.129931,6.513262,0.287793,0.386596,30.0,600.0,6144.05,30003.0,Win32,1536x703,,IMPOSTOR
70.55454545454545,14.922671198631942,257.76,125.42104448616269,3.879577901924271,0.0,0.0,0.0,0.0,0.0,0.0,0.0,0.0,0.0,0.0,Win32,1536x703,,IMPOSTOR
0.0,0.0,0.0,0.0,0.0,618.0881,909.8911,-0.058107,14.381621,0.296475,0.425579,10.0,2200.0,8449.37,29996.0,Win32,1536x703,,IMPOSTOR
0.0,0.0,0.0,0.0,0.0,0.0,0.0,0.0,0.0,0.0,0.0,0.0,0.0,0.0,34604.0,Win32,1536x703,,IMPOSTOR
0.0,0.0,0.0,0.0,0.0,0.0,0.0,0.0,0.0,0.0,0.0,0.0,0.0,0.0,30001.0,Win32,1536x703,,IMPOSTOR
165.78,199.81,556.15,684.2,0.37,411.9958,934.8067,-0.208631,15.818277,0.340974,0.416966,3.0,0.0,4354.33,29999.0,Win32,1536x703,,IMPOSTOR
133.84545454545457,26.83387830324548,450.27,223.0464796852889,2.2208896884091764,0.0,0.0,0.0,0.0,0.0,0.0,0.0,0.0,0.0,0.0,Win32,1536x703,,IMPOSTOR
0.0,0.0,0.0,0.0,0.0,1445.6847,1398.1756,-0.481869,18.940866,0.322739,0.504508,2.0,0.0,3549.51,30000.0,Win32,1536x703,,IMPOSTOR
0.0,0.0,0.0,0.0,0.0,1003.6262,1425.9252,-1.132341,21.606851,0.324391,0.483371,5.0,0.0,1729.85,29998.0,Win32,1536x703,,GENUINE
9.7,0.0,2000.0,0.0,0.03,523.3421,594.7041,-0.614527,9.409991,0.354541,0.558413,13.0,964.44,2557.6,29997.0,Win32,1536x703,,GENUINE
0.0,0.0,0.0,0.0,0.0,1214.6025,1371.2498,-3.945659,44.321262,0.267648,0.559317,25.0,7276.11,7386.23,29998.0,Win32,1536x703,,GENUINE
0.0,0.0,0.0,0.0,0.0,0.0,0.0,0.0,0.0,0.0,0.0,0.0,0.0,0.0,18143.0,Win32,1536x703,,IMPOSTOR
105.8,15.56464525192212,223.50000000000003,125.89472586252371,4.474272930648769,0.0,0.0,0.0,0.0,0.0,0.0,0.0,0.0,0.0,0.0,Win32,1536x703,,IMPOSTOR
59.70909090909091,20.051771834902976,676.39,344.0630536689459,1.4784369964073982,0.0,0.0,0.0,0.0,0.0,0.0,0.0,0.0,0.0,0.0,Win32,1536x703,,IMPOSTOR
142.56,29.98,361.42,357.59,2.33,793.9449,1098.3877,-0.496031,13.396154,0.362165,0.68274,2.0,0.0,1185.67,30014.0,Win32,1536x703,,GENUINE
159.01,22.82,482.27,427.72,1.5,864.3172,1397.0515,-1.591166,23.26968,0.238647,0.536193,4.0,0.0,1896.55,30000.0,Win32,1536x703,,GENUINE
0.0,0.0,0.0,0.0,0.0,849.3903,798.9042,-0.303214,8.79601,0.203663,0.407725,3.0,0.0,2081.28,23787.0,Win32,1536x703,,IMPOSTOR
75.75454545454546,4.04415709531297,466.8,415.49019483015473,2.1422450728363325,0.0,0.0,0.0,0.0,0.0,0.0,0.0,0.0,0.0,0.0,Win32,1536x703,,IMPOSTOR
0.0,0.0,0.0,0.0,0.0,1174.7526,1098.6442,-0.913574,29.077066,0.184195,0.525867,1.0,1617.78,1134.9,29994.0,Win32,1536x703,,GENUINE
84.4,20.73709894674935,264.28000000000003,190.6711609027437,3.783865597093991,0.0,0.0,0.0,0.0,0.0,0.0,0.0,0.0,0.0,0.0,Win32,1536x703,,IMPOSTOR
88.36363636363636,17.775533375312804,298.28,163.8314487514531,3.3525546466407405,0.0,0.0,0.0,0.0,0.0,0.0,0.0,0.0,0.0,0.0,Win32,1536x703,,IMPOSTOR
79.92727272727272,17.786771944294646,272.47,91.52389906467056,3.6701288215216334,0.0,0.0,0.0,0.0,0.0,0.0,0.0,0.0,0.0,0.0,Win32,1536x703,,IMPOSTOR
88.61818181818182,21.29232974066304,554.7100000000002,255.65305181045665,1.8027437760271128,0.0,0.0,0.0,0.0,0.0,0.0,0.0,0.0,0.0,0.0,Win32,1536x703,,IMPOSTOR
89.42,24.8,317.23,262.85,1.03,801.4758,956.2082,-0.459797,19.00869,0.224663,0.3678,4.0,0.0,2614.37,30010.0,Win32,1536x703,,IMPOSTOR
91.16,32.18,227.88,215.63,1.33,1232.3346,1792.8135,-1.365033,25.65966,0.212371,0.327747,3.0,0.0,2117.68,30012.0,Win32,1536x703,,IMPOSTOR
0.0,0.0,0.0,0.0,0.0,732.4179,1115.9029,-0.669375,17.735953,0.194343,0.332706,9.0,3759.0,7430.21,30000.0,Win32,1536x703,,IMPOSTOR
0.0,0.0,0.0,0.0,0.0,228.424,338.4496,-0.811516,5.223421,0.418615,0.540671,8.0,449.0,933.41,30007.0,Win32,1536x703,,IMPOSTOR
149.84,32.18,476.02,565.63,0.6,585.2857,740.7777,-0.906011,14.129149,0.307786,0.53982,10.0,202.22,3662.18,30007.0,Win32,1536x703,,GENUINE
0.0,0.0,0.0,0.0,0.0,1101.0746,1420.8827,-0.913365,20.144389,0.194791,0.374516,3.0,1200.0,3650.71,27327.0,Win32,1536x703,,IMPOSTOR
0.0,0.0,0.0,0.0,0.0,469.1417,549.8734,-0.501947,10.324465,0.32509,0.473589,21.0,1236.67,3887.69,29995.0,Win32,1536x703,,GENUINE
109.57272727272724,17.938333301979103,423.23,273.8378061919136,2.3627814663421782,0.0,0.0,0.0,0.0,0.0,0.0,0.0,0.0,0.0,0.0,Win32,1536x703,,IMPOSTOR
73.59090909090908,11.800497258047647,221.23,83.90722316940301,4.520182615377662,0.0,0.0,0.0,0.0,0.0,0.0,0.0,0.0,0.0,0.0,Win32,1536x703,,IMPOSTOR
76.24545454545455,31.37066851336144,392.02,251.815102009391,2.5508902607009847,0.0,0.0,0.0,0.0,0.0,0.0,0.0,0.0,0.0,0.0,Win32,1536x703,,IMPOSTOR
0.0,0.0,0.0,0.0,0.0,298.143,565.9115,0.064345,8.434346,0.330679,0.37552,1.0,2556.0,476.58,5445.0,Win32,1536x703,,IMPOSTOR
0.0,0.0,0.0,0.0,0.0,4725.0642,3278.3783,-0.318269,67.962795,0.381599,0.5468,1.0,808.0,58511.74,30000.0,Win32,1536x703,,IMPOSTOR
0.0,0.0,0.0,0.0,0.0,742.3769,1082.959,-0.288882,17.100745,0.247514,0.392352,7.0,6400.0,7728.05,30006.0,Win32,1536x703,,IMPOSTOR
112.09,23.02,378.2,377.34,1.47,730.0073,1211.1147,-2.892876,22.788177,0.372734,0.499138,6.0,1286.0,2466.84,30004.0,Win32,1536x703,,IMPOSTOR
0.0,0.0,0.0,0.0,0.0,831.8853,1101.1457,-0.739325,21.274656,0.174977,0.287187,1.0,1575.0,2138.45,29999.0,Win32,1536x703,,IMPOSTOR
0.0,0.0,0.0,0.0,0.0,1496.0869,1407.7083,0.272219,29.755611,0.282374,0.627265,0.0,3153.89,667.25,30006.0,Win32,1536x703,,GENUINE
0.0,0.0,0.0,0.0,0.0,719.8382,886.3086,-0.095733,16.141378,0.224671,0.36321,5.0,1300.0,4126.91,30005.0,Win32,1536x703,,IMPOSTOR
91.6,30.38,332.01,344.35,1.63,794.6962,1512.0458,-1.836387,21.187147,0.243483,0.419623,7.0,0.0,4627.67,30001.0,Win32,1536x703,,IMPOSTOR
172.31,37.31,588.61,659.03,0.67,0.0,0.0,0.0,0.0,0.0,0.0,0.0,0.0,0.0,29986.0,Win32,1536x703,,GENUINE
75.58181818181818,20.524478431278908,355.48,226.20675409898791,2.8130977832789466,0.0,0.0,0.0,0.0,0.0,0.0,0.0,0.0,0.0,0.0,Win32,1536x703,,IMPOSTOR
68.45454545454545,14.735199886750072,257.72,170.81938882925436,3.880180040353872,0.0,0.0,0.0,0.0,0.0,0.0,0.0,0.0,0.0,0.0,Win32,1536x703,,IMPOSTOR
0.0,0.0,0.0,0.0,0.0,422.3856,464.1178,-0.135421,8.664916,0.28456,0.377588,27.0,400.0,6492.86,30004.0,Win32,1536x703,,IMPOSTOR
81.89090909090909,12.770452725331133,312.7699999999999,157.7872938483958,3.19723758672507,0.0,0.0,0.0,0.0,0.0,0.0,0.0,0.0,0.0,0.0,Win32,1536x703,,IMPOSTOR
142.53,41.16,538.8,495.17,0.13,826.9633,1162.5987,-0.902085,20.408453,0.227347,0.45313,12.0,307.22,4144.89,30001.0,Win32,1536x703,,GENUINE
0.0,0.0,0.0,0.0,0.0,0.0,0.0,0.0,0.0,0.0,0.0,0.0,0.0,0.0,30010.0,Win32,1536x703,,IMPOSTOR
110.91,30.69,298.68,276.65,2.43,714.4057,950.8769,-2.533179,14.375726,0.264961,0.487819,3.0,0.0,1522.35,30001.0,Win32,1536x703,,IMPOSTOR
145.44,25.75,387.41,343.96,0.23,711.4296,1218.5403,-0.639059,27.534281,0.170974,0.400603,2.0,0.0,1150.15,29993.0,Win32,1536x703,,GENUINE
76.60909090909091,10.936715024960195,217.23,90.86342553525044,4.603415734474981,0.0,0.0,0.0,0.0,0.0,0.0,0.0,0.0,0.0,0.0,Win32,1536x703,,IMPOSTOR
0.0,0.0,0.0,0.0,0.0,0.0,0.0,0.0,0.0,0.0,0.0,0.0,0.0,0.0,59998.0,Win32,1536x703,,IMPOSTOR
84.3090909090909,20.069445548596978,309.65,285.11396054911097,3.229452607782981,0.0,0.0,0.0,0.0,0.0,0.0,0.0,0.0,0.0,0.0,Win32,1536x703,,IMPOSTOR
0.0,0.0,0.0,0.0,0.0,1220.0965,1381.134,-1.6066,26.919468,0.275319,0.532815,5.0,3585.56,4365.77,29998.0,Win32,1536x703,,GENUINE
83.93,24.74,295.99,239.05,1.93,743.3065,800.8227,-0.12466,16.249076,0.237081,0.269856,1.0,0.0,1152.39,30001.0,Win32,1536x703,,IMPOSTOR
0.0,0.0,0.0,0.0,0.0,521.8163,763.3696,-0.463373,11.264066,0.237211,0.429002,2.0,1615.0,1803.94,30000.0,Win32,1536x703,,IMPOSTOR
129.84,223.89,496.51,509.19,1.67,685.9921,941.2187,0.081797,17.582286,0.298121,0.464401,3.0,0.0,1423.62,30006.0,Win32,1536x703,,IMPOSTOR
87.74,31.25,390.46,412.28,2.13,785.5338,1366.8107,-1.500261,20.27083,0.209187,0.392348,7.0,0.0,2669.99,30000.0,Win32,1536x703,,IMPOSTOR
75.87272727272727,9.895645590505582,254.84,139.79531608748556,3.9240307644011927,0.0,0.0,0.0,0.0,0.0,0.0,0.0,0.0,0.0,0.0,Win32,1536x703,,IMPOSTOR
131.32,28.37,392.16,310.08,2.07,1425.9882,1941.648,-2.62779,27.870216,0.328733,0.77107,2.0,0.0,761.74,29998.0,Win32,1536x703,,GENUINE
0.0,0.0,0.0,0.0,0.0,482.9262,662.393,-1.811884,10.818394,0.363575,0.496381,12.0,1154.0,2951.31,29997.0,Win32,1536x703,,IMPOSTOR
107.32727272727271,31.769427582592986,570.6,290.7224449539457,1.752541184717841,0.0,0.0,0.0,0.0,0.0,0.0,0.0,0.0,0.0,0.0,Win32,1536x703,,IMPOSTOR
0.0,0.0,0.0,0.0,0.0,456.8768,722.5579,-1.392606,7.49829,0.368758,0.534964,8.0,369.44,2501.16,29995.0,Win32,1536x703,,GENUINE
91.39,23.78,328.71,301.62,3.2,0.0,0.0,0.0,0.0,0.0,0.0,0.0,0.0,0.0,30001.0,Win32,1536x703,,IMPOSTOR
91.85454545454547,20.639034668949893,492.45,484.2402838467696,2.030663011473246,0.0,0.0,0.0,0.0,0.0,0.0,0.0,0.0,0.0,0.0,Win32,1536x703,,IMPOSTOR
150.33,92.51,428.79,319.4,1.17,730.0318,1070.937,-2.24674,12.597809,0.256043,0.47878,0.0,0.0,814.49,29996.0,Win32,1536x703,,IMPOSTOR
0.0,0.0,0.0,0.0,0.0,1982.8049,2781.1226,17.643693,35.344493,0.220034,0.408545,1.0,0.0,533.32,2046.0,Win32,1536x703,,IMPOSTOR
0.0,0.0,0.0,0.0,0.0,897.2361,1035.7939,0.084605,18.680851,0.311334,0.415318,3.0,0.0,7013.58,30001.0,Win32,1536x703,,IMPOSTOR
59.6,14.279801373714106,379.17,365.08356317424096,2.637339451960862,0.0,0.0,0.0,0.0,0.0,0.0,0.0,0.0,0.0,0.0,Win32,1536x703,,IMPOSTOR
0.0,0.0,0.0,0.0,0.0,522.981,799.3691,-0.031928,10.257499,0.244417,0.358771,3.0,0.0,5633.35,20619.0,Win32,1536x703,,IMPOSTOR
117.15,15.51,407.83,163.96,0.2,783.3143,1525.6154,-2.677309,23.378354,0.38689,0.462301,1.0,0.0,485.38,30002.0,Win32,1536x703,,IMPOSTOR
162.53,35.73,536.62,517.73,1.5,0.0,0.0,0.0,0.0,0.0,0.0,0.0,0.0,0.0,30004.0,Win32,1536x703,,GENUINE
10.01,1.68,185.05,482.49,0.53,416.9764,408.0028,-0.419452,8.890975,0.27083,0.421326,17.0,1096.67,2976.84,30011.0,Win32,1536x703,,GENUINE
91.04545454545456,18.303917297391617,355.02,210.88551301594904,2.816742718720072,0.0,0.0,0.0,0.0,0.0,0.0,0.0,0.0,0.0,0.0,Win32,1536x703,,IMPOSTOR
155.28,45.35,544.65,509.56,1.43,312.3117,279.1501,-0.742655,4.64945,0.362768,0.703008,1.0,0.0,104.5,30003.0,Win32,1536x703,,GENUINE
158.9,32.94,493.21,412.71,1.97,112.0027,48.866,-0.309613,1.492929,0.939947,0.465015,0.0,108.89,13.06,29999.0,Win32,1536x703,,GENUINE
0.0,0.0,0.0,0.0,0.0,577.5998,770.4577,-0.166734,10.978367,0.217776,0.328482,3.0,1200.0,9567.65,29991.0,Win32,1536x703,,IMPOSTOR
84.00909090909093,20.262166021944115,302.13,200.43744186154444,3.3098335153741765,0.0,0.0,0.0,0.0,0.0,0.0,0.0,0.0,0.0,0.0,Win32,1536x703,,IMPOSTOR
73.0,10.480631486873124,208.83,106.50949300414494,4.788584015706556,0.0,0.0,0.0,0.0,0.0,0.0,0.0,0.0,0.0,0.0,Win32,1536x703,,IMPOSTOR
170.84,78.68,481.09,423.69,1.63,808.7523,1107.5226,-0.695461,15.146915,0.32081,0.412706,2.0,0.0,1809.7,30002.0,Win32,1536x703,,GENUINE
0.0,0.0,0.0,0.0,0.0,223.2383,309.2565,-0.130138,5.677063,0.426087,0.545104,7.0,192.0,1392.43,29997.0,Win32,1536x703,,IMPOSTOR
84.92727272727272,22.542972737301326,391.54,240.22305135019823,2.554017469479492,0.0,0.0,0.0,0.0,0.0,0.0,0.0,0.0,0.0,0.0,Win32,1536x703,,IMPOSTOR
79.17272727272727,19.68142136908404,315.17,167.4546508759909,3.172890820826855,0.0,0.0,0.0,0.0,0.0,0.0,0.0,0.0,0.0,0.0,Win32,1536x703,,IMPOSTOR
166.63,39.59,423.6,392.97,2.13,0.0,0.0,0.0,0.0,0.0,0.0,0.0,0.0,0.0,30010.0,Win32,1536x703,,GENUINE
0.0,0.0,0.0,0.0,0.0,1141.0684,1608.4688,-3.500412,23.307549,0.346997,0.582954,1.0,433.0,2774.56,29863.0,Win32,1536x703,,IMPOSTOR
130.11,22.58,720.04,602.16,0.67,0.0,0.0,0.0,0.0,0.0,0.0,0.0,0.0,0.0,29996.0,Win32,1536x703,,IMPOSTOR
110.29,25.32,406.1,439.47,1.6,602.337,875.4469,-1.651027,17.561264,0.346615,0.497642,3.0,0.0,890.02,29999.0,Win32,1536x703,,IMPOSTOR
125.89,136.88,365.14,301.57,2.2,943.0011,1483.9584,-4.053895,20.783351,0.430703,0.635451,2.0,0.0,1056.78,30000.0,Win32,1536x703,,IMPOSTOR
0.0,0.0,0.0,0.0,0.0,385.8999,477.6041,-0.155963,10.25342,0.333856,0.458187,1.0,0.0,315.24,29998.0,Win32,1536x703,,IMPOSTOR
82.19999999999999,17.571102309292847,402.94,310.3464199890181,2.481759070829404,0.0,0.0,0.0,0.0,0.0,0.0,0.0,0.0,0.0,0.0,Win32,1536x703,,IMPOSTOR
78.44545454545454,10.604661379563549,200.76,95.3463287179952,4.981071926678622,0.0,0.0,0.0,0.0,0.0,0.0,0.0,0.0,0.0,0.0,Win32,1536x703,,IMPOSTOR
0.0,0.0,0.0,0.0,0.0,0.0,0.0,0.0,0.0,0.0,0.0,0.0,0.0,0.0,100.0,Win32,1536x703,,IMPOSTOR
0.0,0.0,0.0,0.0,0.0,1978.5155,2454.2063,-9.600253,49.004366,0.079315,0.072357,0.0,0.0,915.78,29995.0,Win32,1536x703,,IMPOSTOR
140.12,36.03,1013.58,773.39,0.4,694.9325,950.3425,-0.28523,14.616549,0.261042,0.39407,11.0,3500.0,6298.04,29998.0,Win32,1536x703,,IMPOSTOR
89.27272727272727,18.22231852871592,277.18000000000006,152.5626874435555,3.607763907929865,0.0,0.0,0.0,0.0,0.0,0.0,0.0,0.0,0.0,0.0,Win32,1536x703,,IMPOSTOR
181.87,68.41,731.21,571.63,1.13,0.0,0.0,0.0,0.0,0.0,0.0,0.0,0.0,0.0,29996.0,Win32,1536x703,,GENUINE
161.03,33.16,503.74,441.27,1.3,1123.258,1258.3296,-0.577235,23.046168,0.256081,0.485712,4.0,536.67,2904.19,30001.0,Win32,1536x703,,GENUINE
98.34,37.88,728.54,649.22,0.17,0.0,0.0,0.0,0.0,0.0,0.0,0.0,0.0,0.0,29996.0,Win32,1536x703,,IMPOSTOR
0.0,0.0,0.0,0.0,0.0,988.0325,1418.1472,-1.150289,24.600257,0.243233,0.556784,12.0,2216.67,5295.79,30005.0,Win32,1536x703,,GENUINE
104.16,117.39,294.85,333.11,2.93,859.2351,1408.1052,-2.922117,17.372962,0.235098,0.295627,2.0,0.0,1270.83,29996.0,Win32,1536x703,,IMPOSTOR
0.0,0.0,0.0,0.0,0.0,0.0,0.0,0.0,0.0,0.0,0.0,0.0,0.0,0.0,3008.0,Win32,1536x703,,IMPOSTOR
86.33,25.06,276.7,307.93,1.47,233.0044,185.9647,-0.30895,4.39267,0.258927,0.337188,2.0,0.0,142.85,29998.0,Win32,1536x703,,IMPOSTOR
79.27272727272728,23.363378137943347,410.62000000000006,264.1996699468037,2.4353416784374846,0.0,0.0,0.0,0.0,0.0,0.0,0.0,0.0,0.0,0.0,Win32,1536x703,,IMPOSTOR
107.84,71.24,360.73,376.16,2.83,0.0,0.0,0.0,0.0,0.0,0.0,0.0,0.0,0.0,30000.0,Win32,1536x703,,IMPOSTOR
91.48181818181818,15.310591591314592,252.76,171.48676450385318,3.956322202880203,0.0,0.0,0.0,0.0,0.0,0.0,0.0,0.0,0.0,0.0,Win32,1536x703,,IMPOSTOR
115.52,28.0,374.25,395.09,2.23,693.5259,1023.9832,-2.531674,17.653104,0.289192,0.495489,4.0,0.0,2054.71,30000.0,Win32,1536x703,,IMPOSTOR
0.0,0.0,0.0,0.0,0.0,2914.6635,2430.5431,-0.367307,52.155586,0.166412,0.119785,0.0,0.0,1010.25,29998.0,Win32,1536x703,,IMPOSTOR
0.0,0.0,0.0,0.0,0.0,0.0,0.0,0.0,0.0,0.0,0.0,0.0,0.0,0.0,33942.0,Win32,1536x703,,IMPOSTOR
85.42,28.69,546.46,544.33,1.37,473.4948,657.2197,-0.184963,8.237136,0.273297,0.442403,1.0,0.0,1594.71,30000.0,Win32,1536x703,,IMPOSTOR
68.85454545454544,14.800943682221666,390.25000000000006,130.46741547221666,2.5624599615631003,0.0,0.0,0.0,0.0,0.0,0.0,0.0,0.0,0.0,0.0,Win32,1536x703,,IMPOSTOR
0.0,0.0,0.0,0.0,0.0,826.3385,1423.0714,-0.780507,20.148597,0.228457,0.361278,5.0,1539.0,6495.35,30000.0,Win32,1536x703,,IMPOSTOR
0.0,0.0,0.0,0.0,0.0,1273.5996,1489.8296,-0.715971,21.96152,0.212549,0.352623,12.0,382.0,13458.67,29999.0,Win32,1536x703,,IMPOSTOR
79.48181818181818,16.554692725619205,260.2,186.81794346368332,3.8431975403535743,0.0,0.0,0.0,0.0,0.0,0.0,0.0,0.0,0.0,0.0,Win32,1536x703,,IMPOSTOR
85.69,26.64,572.85,516.97,1.37,0.0,0.0,0.0,0.0,0.0,0.0,0.0,0.0,0.0,30000.0,Win32,1536x703,,IMPOSTOR
103.63636363636364,14.832291107719405,345.49000000000007,198.0028608379182,2.894439781180352,0.0,0.0,0.0,0.0,0.0,0.0,0.0,0.0,0.0,0.0,Win32,1536x703,,IMPOSTOR
0.0,0.0,0.0,0.0,0.0,1000.6738,1469.356,-0.896137,19.10445,0.266899,0.472647,6.0,1700.0,6576.07,30807.0,Win32,1536x703,,IMPOSTOR
0.0,0.0,0.0,0.0,0.0,284.4166,254.3088,-0.00968,8.543231,0.378441,0.217375,0.0,0.0,64.11,276.0,Win32,1536x703,,IMPOSTOR
121.67272727272726,25.21652023103076,511.42,337.07729321329253,1.9553400336318487,0.0,0.0,0.0,0.0,0.0,0.0,0.0,0.0,0.0,0.0,Win32,1536x703,,IMPOSTOR
78.31818181818181,17.746898227414697,352.56000000000006,327.64962444660307,2.836396641706376,0.0,0.0,0.0,0.0,0.0,0.0,0.0,0.0,0.0,0.0,Win32,1536x703,,IMPOSTOR
0.0,0.0,0.0,0.0,0.0,1001.3012,1508.2834,-0.169789,22.701977,0.23262,0.441142,8.0,4921.0,6721.05,30000.0,Win32,1536x703,,IMPOSTOR
158.54,55.36,404.61,435.17,2.1,1154.8618,1589.2456,-1.841921,23.679184,0.216233,0.434526,2.0,0.0,1908.36,30005.0,Win32,1536x703,,GENUINE
70.1909090909091,21.459367716918347,223.18,105.75531003216814,4.480688233712699,0.0,0.0,0.0,0.0,0.0,0.0,0.0,0.0,0.0,0.0,Win32,1536x703,,IMPOSTOR
127.37,94.82,398.24,396.7,2.17,892.8348,1252.5011,-3.569755,20.451883,0.31699,0.48498,5.0,0.0,2082.67,29997.0,Win32,1536x703,,IMPOSTOR
95.73,24.7,473.43,524.92,1.3,990.077,1473.7522,-0.279527,24.892997,0.219676,0.387333,6.0,0.0,3740.09,29995.0,Win32,1536x703,,IMPOSTOR
135.22,38.02,477.32,405.1,2.07,0.0,0.0,0.0,0.0,0.0,0.0,0.0,0.0,0.0,30009.0,Win32,1536x703,,GENUINE
0.0,0.0,0.0,0.0,0.0,435.7881,473.4053,-0.069139,8.659184,0.284052,0.38484,35.0,800.0,7908.94,29996.0,Win32,1536x703,,IMPOSTOR
0.0,0.0,0.0,0.0,0.0,823.0961,1043.7843,-0.457573,19.442221,0.296548,0.415745,0.0,0.0,5163.37,30003.0,Win32,1536x703,,IMPOSTOR
182.61,88.17,763.29,719.75,0.77,660.8741,725.7751,-1.327892,12.024886,0.304944,0.655716,8.0,0.0,2349.8,29996.0,Win32,1536x703,,GENUINE
64.26363636363637,20.85570655402901,349.88000000000005,285.2919585266995,2.8581227849548414,0.0,0.0,0.0,0.0,0.0,0.0,0.0,0.0,0.0,0.0,Win32,1536x703,,IMPOSTOR
0.0,0.0,0.0,0.0,0.0,392.9129,404.5746,-0.655691,8.070363,0.340985,0.483321,23.0,956.67,3338.05,30006.0,Win32,1536x703,,GENUINE
0.0,0.0,0.0,0.0,0.0,941.9088,1028.4539,-0.166371,17.224188,0.149426,0.238635,1.0,423.0,455.82,10776.0,Win32,1536x703,,IMPOSTOR
68.13636363636365,17.103655788231766,250.94,171.03079956545835,3.985016338566988,0.0,0.0,0.0,0.0,0.0,0.0,0.0,0.0,0.0,0.0,Win32,1536x703,,IMPOSTOR
105.9181818181818,26.46042733736613,636.7,715.1636889551929,1.570598397989634,0.0,0.0,0.0,0.0,0.0,0.0,0.0,0.0,0.0,0.0,Win32,1536x703,,IMPOSTOR
96.22727272727272,23.06725703475465,254.97,137.3726468406283,3.922030042750128,0.0,0.0,0.0,0.0,0.0,0.0,0.0,0.0,0.0,0.0,Win32,1536x703,,IMPOSTOR
0.0,0.0,0.0,0.0,0.0,842.4477,1097.807,-0.806588,20.250259,0.223026,0.460775,4.0,1917.0,5378.55,29999.0,Win32,1536x703,,IMPOSTOR
110.43636363636362,19.13104439135857,343.2,186.9887536725137,2.913752913752914,0.0,0.0,0.0,0.0,0.0,0.0,0.0,0.0,0.0,0.0,Win32,1536x703,,IMPOSTOR
57.21818181818183,7.724673359592411,237.6,141.05773995070246,4.208754208754209,0.0,0.0,0.0,0.0,0.0,0.0,0.0,0.0,0.0,0.0,Win32,1536x703,,IMPOSTOR
88.71818181818182,24.184435948534343,520.8999999999999,179.419447106494,1.9197542714532545,0.0,0.0,0.0,0.0,0.0,0.0,0.0,0.0,0.0,0.0,Win32,1536x703,,IMPOSTOR
89.81818181818181,8.678690536105528,305.71000000000004,183.692620700996,3.271073893559255,0.0,0.0,0.0,0.0,0.0,0.0,0.0,0.0,0.0,0.0,Win32,1536x703,,IMPOSTOR
0.0,0.0,0.0,0.0,0.0,461.451,626.8097,-0.678201,14.564278,0.398911,0.576581,5.0,386.0,1887.09,29997.0,Win32,1536x703,,IMPOSTOR
99.12,74.0,408.77,451.94,1.8,0.0,0.0,0.0,0.0,0.0,0.0,0.0,0.0,0.0,29998.0,Win32,1536x703,,IMPOSTOR
0.0,0.0,0.0,0.0,0.0,834.0247,1042.571,-0.331438,16.89057,0.245402,0.372818,8.0,8000.0,11943.03,30000.0,Win32,1536x703,,IMPOSTOR
154.26,38.74,405.4,386.97,1.7,977.9442,1394.2667,-0.677449,19.356292,0.282388,0.457109,5.0,0.0,3363.24,29993.0,Win32,1536x703,,GENUINE
92.60000000000002,16.911749546610274,252.03,189.8430881017268,3.967781613300005,0.0,0.0,0.0,0.0,0.0,0.0,0.0,0.0,0.0,0.0,Win32,1536x703,,IMPOSTOR
0.0,0.0,0.0,0.0,0.0,485.9544,616.226,-0.507303,9.900116,0.333164,0.581142,15.0,742.78,3002.09,29999.0,Win32,1536x703,,GENUINE
102.9,98.99,312.46,293.28,3.23,0.0,0.0,0.0,0.0,0.0,0.0,0.0,0.0,0.0,29996.0,Win32,1536x703,,IMPOSTOR
85.31,24.11,288.57,306.29,3.33,986.5246,883.7684,-1.347437,19.679659,0.201729,0.528816,3.0,0.0,1013.16,30005.0,Win32,1536x703,,IMPOSTOR
0.0,0.0,0.0,0.0,0.0,267.5915,382.1751,-0.856473,7.14922,0.399988,0.506689,15.0,827.0,2618.97,30001.0,Win32,1536x703,,IMPOSTOR
84.99,26.84,293.72,308.64,3.03,714.737,782.307,-0.723229,16.896634,0.248539,0.398099,1.0,0.0,1225.21,30002.0,Win32,1536x703,,IMPOSTOR
0.0,0.0,0.0,0.0,0.0,1943.8896,2485.2413,-3.640447,44.444693,0.113023,0.164982,0.0,441.0,1265.29,6776.0,Win32,1536x703,,IMPOSTOR
157.6,32.74,384.5,359.69,2.17,931.3075,1578.498,-1.22698,29.146086,0.254941,0.506543,3.0,256.67,1089.03,29989.0,Win32,1536x703,,GENUINE
0.0,0.0,0.0,0.0,0.0,771.9076,1191.4282,-0.387952,19.635082,0.269183,0.410425,5.0,3200.0,5777.6,30003.0,Win32,1536x703,,IMPOSTOR
156.73636363636365,26.740989059265715,452.4,253.69669686458275,2.210433244916004,0.0,0.0,0.0,0.0,0.0,0.0,0.0,0.0,0.0,0.0,Win32,1536x703,,IMPOSTOR
96.86,31.45,897.98,688.58,0.33,367.5475,444.8063,-0.411398,5.904971,0.237951,0.49436,3.0,0.0,1156.76,30000.0,Win32,1536x703,,IMPOSTOR
0.0,0.0,0.0,0.0,0.0,1145.7443,1521.9232,-0.449758,23.897955,0.27792,0.494261,2.0,2253.0,3361.97,29999.0,Win32,1536x703,,IMPOSTOR
0.0,0.0,0.0,0.0,0.0,25.3944,7.5506,-0.004943,0.159308,0.785398,0.785398,1.0,0.0,3.0,30009.0,Win32,1536x703,,IMPOSTOR
71.55454545454543,17.078660988409624,352.43,188.00631930868707,2.8374428964617087,0.0,0.0,0.0,0.0,0.0,0.0,0.0,0.0,0.0,0.0,Win32,1536x703,,IMPOSTOR
76.80909090909093,14.01612412677592,254.95999999999995,175.36438749073315,3.922183871979919,0.0,0.0,0.0,0.0,0.0,0.0,0.0,0.0,0.0,0.0,Win32,1536x703,,IMPOSTOR
154.9,17.8,1285.1,714.9,0.07,174.498,324.3136,-0.297543,3.977385,0.225337,0.47032,1.0,65.0,1477.69,29995.0,Win32,1536x703,,IMPOSTOR
98.7,20.578806397050165,495.25,296.8759614721273,2.0191822311963654,0.0,0.0,0.0,0.0,0.0,0.0,0.0,0.0,0.0,0.0,Win32,1536x703,,IMPOSTOR
0.0,0.0,0.0,0.0,0.0,754.6498,1152.2752,-0.80078,14.188291,0.174391,0.291946,8.0,1756.0,4493.6,30000.0,Win32,1536x703,,IMPOSTOR
107.94545454545457,13.655326209369646,340.04,363.57713129403504,2.9408304905305256,0.0,0.0,0.0,0.0,0.0,0.0,0.0,0.0,0.0,0.0,Win32,1536x703,,IMPOSTOR
0.0,0.0,0.0,0.0,0.0,0.0,0.0,0.0,0.0,0.0,0.0,0.0,0.0,0.0,30005.0,Win32,1536x703,,GENUINE
0.0,0.0,0.0,0.0,0.0,543.9394,676.4742,-2.123359,14.736581,0.290425,0.454831,5.0,1347.0,2185.41,29998.0,Win32,1536x703,,IMPOSTOR
93.93,28.16,249.03,164.1,3.17,527.6119,500.8234,-0.18289,7.242678,0.184939,0.293659,1.0,0.0,1341.79,29996.0,Win32,1536x703,,IMPOSTOR
114.91,19.39,378.45,395.2,1.5,933.2683,1210.406,-2.986355,21.518952,0.267715,0.477625,3.0,231.0,2717.17,30014.0,Win32,1536x703,,IMPOSTOR
53.136363636363626,9.556556314648144,1173.15,739.5031970857191,0.852405915697055,0.0,0.0,0.0,0.0,0.0,0.0,0.0,0.0,0.0,0.0,Win32,1536x703,,IMPOSTOR
125.69,76.52,386.33,384.86,1.43,1065.1651,1651.3953,-3.904626,28.026915,0.356763,0.502156,3.0,0.0,3183.13,30007.0,Win32,1536x703,,IMPOSTOR
152.45,36.34,384.8,337.02,2.43,1492.2954,1690.6148,-1.284359,25.469676,0.237206,0.440084,1.0,0.0,529.32,29981.0,Win32,1536x703,,GENUINE
73.7,22.83625506633137,346.8,211.0936995743833,2.883506343713956,0.0,0.0,0.0,0.0,0.0,0.0,0.0,0.0,0.0,0.0,Win32,1536x703,,IMPOSTOR
106.07,32.92,352.95,420.84,2.57,690.2159,831.7262,-0.836943,10.806661,0.203427,0.451724,6.0,0.0,2177.25,30000.0,Win32,1536x703,,IMPOSTOR
151.53,27.0,466.31,458.28,1.77,982.969,1171.6367,-1.293563,17.002056,0.286514,0.501971,5.0,0.0,1774.08,30008.0,Win32,1536x703,,GENUINE
87.12727272727274,17.75367264996129,254.13,114.0790432112752,3.934993900759455,0.0,0.0,0.0,0.0,0.0,0.0,0.0,0.0,0.0,0.0,Win32,1536x703,,IMPOSTOR
149.4,256.47,335.53,349.67,2.73,0.0,0.0,0.0,0.0,0.0,0.0,0.0,0.0,0.0,30009.0,Win32,1536x703,,IMPOSTOR
35.83636363636364,8.935045681042379,883.0799999999998,443.0378105760275,1.132400235539249,0.0,0.0,0.0,0.0,0.0,0.0,0.0,0.0,0.0,0.0,Win32,1536x703,,IMPOSTOR
164.65,31.16,572.85,504.05,1.27,0.0,0.0,0.0,0.0,0.0,0.0,0.0,0.0,0.0,29990.0,Win32,1536x703,,GENUINE
0.0,0.0,0.0,0.0,0.0,391.8614,400.8629,-0.238911,7.337155,0.297947,0.409035,29.0,1000.0,6133.62,29999.0,Win32,1536x703,,IMPOSTOR
116.9,23.62,413.85,421.85,2.03,764.5726,1316.9914,-2.633297,31.415399,0.516099,0.626858,1.0,0.0,537.72,30002.0,Win32,1536x703,,IMPOSTOR
61.71818181818181,11.936408640779243,407.46,205.5827191181204,2.454228635939724,0.0,0.0,0.0,0.0,0.0,0.0,0.0,0.0,0.0,0.0,Win32,1536x703,,IMPOSTOR
51.81818181818181,14.346796803203029,728.0799999999999,529.5181862788095,1.3734754422590925,0.0,0.0,0.0,0.0,0.0,0.0,0.0,0.0,0.0,0.0,Win32,1536x703,,IMPOSTOR
114.08181818181818,20.73108417906959,349.57000000000005,334.1478297101449,2.860657379065709,0.0,0.0,0.0,0.0,0.0,0.0,0.0,0.0,0.0,0.0,Win32,1536x703,,IMPOSTOR
0.0,0.0,0.0,0.0,0.0,321.2721,238.5675,-1.880117,5.047141,0.071831,0.089543,0.0,0.0,50.44,25918.0,Win32,1536x703,,IMPOSTOR
0.0,0.0,0.0,0.0,0.0,1185.7898,1798.5392,-1.497665,27.835809,0.236196,0.433009,1.0,0.0,5180.04,30137.0,Win32,1536x703,,IMPOSTOR
84.48,25.35,311.2,358.7,2.47,550.3823,763.8205,-1.411103,16.032703,0.239136,0.368264,5.0,0.0,1786.4,30003.0,Win32,1536x703,,IMPOSTOR
89.69,60.87,316.32,332.35,3.17,0.0,0.0,0.0,0.0,0.0,0.0,0.0,0.0,0.0,29999.0,Win32,1536x703,,IMPOSTOR
0.0,0.0,0.0,0.0,0.0,286.0082,354.056,-0.778211,6.151777,0.623503,0.713951,1.0,0.0,140.87,30009.0,Win32,1536x703,,IMPOSTOR
0.0,0.0,0.0,0.0,0.0,412.9236,430.4466,-0.494825,8.497257,0.331786,0.492997,1.0,490.0,483.16,30002.0,Win32,1536x703,,GENUINE
0.0,0.0,0.0,0.0,0.0,434.891,459.9067,-0.2466,8.440608,0.300173,0.405097,31.0,400.0,7177.59,29994.0,Win32,1536x703,,IMPOSTOR
76.60909090909091,16.156814185602904,344.80000000000007,257.9951511172255,2.9002320185614843,0.0,0.0,0.0,0.0,0.0,0.0,0.0,0.0,0.0,0.0,Win32,1536x703,,IMPOSTOR
0.0,0.0,0.0,0.0,0.0,738.1585,945.5919,0.014443,13.440509,0.249687,0.42267,6.0,0.0,5987.47,30005.0,Win32,1536x703,,IMPOSTOR
96.11818181818182,24.647729682719195,230.58,96.45075220028096,4.336889582791222,0.0,0.0,0.0,0.0,0.0,0.0,0.0,0.0,0.0,0.0,Win32,1536x703,,IMPOSTOR
93.42727272727274,19.77041365774493,565.75,321.2153895752817,1.7675651789659743,0.0,0.0,0.0,0.0,0.0,0.0,0.0,0.0,0.0,0.0,Win32,1536x703,,IMPOSTOR
143.54,33.84,386.51,375.15,2.23,0.0,0.0,0.0,0.0,0.0,0.0,0.0,0.0,0.0,29999.0,Win32,1536x703,,GENUINE
79.02727272727273,10.103023031754669,248.8,197.45745364508275,4.019292604501608,0.0,0.0,0.0,0.0,0.0,0.0,0.0,0.0,0.0,0.0,Win32,1536x703,,IMPOSTOR
157.86,75.52,401.69,344.54,2.07,1149.7162,1347.7911,-2.322472,18.954958,0.217422,0.334808,2.0,0.0,1126.53,30002.0,Win32,1536x703,,GENUINE
0.0,0.0,0.0,0.0,0.0,18.6619,27.4942,-0.062436,1.208541,1.570796,0.0,0.0,1221.0,13.41,30001.0,Win32,1536x703,,IMPOSTOR
80.0090909090909,17.097179700728663,211.0,93.32679143740025,4.739336492890995,0.0,0.0,0.0,0.0,0.0,0.0,0.0,0.0,0.0,0.0,Win32,1536x703,,IMPOSTOR
0.0,0.0,0.0,0.0,0.0,1275.5897,1791.5629,-1.108677,31.749277,0.240168,0.415628,7.0,0.0,8449.47,29996.0,Win32,1536x703,,IMPOSTOR
100.6,31.77,535.58,556.69,1.27,771.0851,1197.9461,-1.201019,19.808368,0.16977,0.31165,5.0,0.0,3000.78,30000.0,Win32,1536x703,,IMPOSTOR
69.82727272727273,17.44878692887434,353.94000000000005,237.0770642639224,2.8253376278465274,0.0,0.0,0.0,0.0,0.0,0.0,0.0,0.0,0.0,0.0,Win32,1536x703,,IMPOSTOR
110.12727272727273,14.412184927351069,242.58000000000007,125.8443705534737,4.122351389232417,0.0,0.0,0.0,0.0,0.0,0.0,0.0,0.0,0.0,0.0,Win32,1536x703,,IMPOSTOR
142.47272727272727,38.39344382737266,475.69,228.9568800014536,2.10220942210263,0.0,0.0,0.0,0.0,0.0,0.0,0.0,0.0,0.0,0.0,Win32,1536x703,,IMPOSTOR
0.0,0.0,0.0,0.0,0.0,432.027,513.0696,-0.209252,8.848393,0.300133,0.402652,31.0,700.0,7706.97,29999.0,Win32,1536x703,,IMPOSTOR
111.41,140.8,375.83,366.56,1.7,962.7747,1586.3011,-1.738779,15.285953,0.279095,0.433719,4.0,0.0,3237.84,30006.0,Win32,1536x703,,IMPOSTOR
84.74,23.86,350.14,338.32,2.5,744.711,850.0343,-0.25917,15.512733,0.217946,0.26664,3.0,0.0,1640.12,30003.0,Win32,1536x703,,IMPOSTOR
89.89999999999999,19.60264360650462,314.42999999999995,287.28564548198364,3.1803581083229977,0.0,0.0,0.0,0.0,0.0,0.0,0.0,0.0,0.0,0.0,Win32,1536x703,,IMPOSTOR
0.0,0.0,0.0,0.0,0.0,583.5954,369.8063,-0.019463,9.852729,0.154023,0.137301,0.0,0.0,287.38,29995.0,Win32,1536x703,,GENUINE
92.29090909090912,22.810581856412583,252.79,105.7335561683234,3.9558526840460457,0.0,0.0,0.0,0.0,0.0,0.0,0.0,0.0,0.0,0.0,Win32,1536x703,,IMPOSTOR
0.0,0.0,0.0,0.0,0.0,837.8877,1302.0401,-0.583008,17.703333,0.242597,0.459038,2.0,272.0,3254.04,19223.0,Win32,1536x703,,IMPOSTOR
80.61818181818181,10.40015893076274,187.63,81.29576926261292,5.329638117571817,0.0,0.0,0.0,0.0,0.0,0.0,0.0,0.0,0.0,0.0,Win32,1536x703,,IMPOSTOR
113.99,230.94,415.58,461.62,1.87,909.7218,1162.5424,-0.786729,18.013359,0.263412,0.415116,2.0,0.0,1381.33,30004.0,Win32,1536x703,,IMPOSTOR
0.0,0.0,0.0,0.0,0.0,361.7581,337.7898,-0.19016,5.879825,0.281022,0.385899,31.0,1100.0,5973.38,29996.0,Win32,1536x703,,IMPOSTOR
50.82727272727273,9.871270610771155,312.29999999999995,194.8807994646984,3.2020493115593984,0.0,0.0,0.0,0.0,0.0,0.0,0.0,0.0,0.0,0.0,Win32,1536x703,,IMPOSTOR
0.0,0.0,0.0,0.0,0.0,834.3874,923.7183,-1.179817,19.700683,0.253539,0.552848,11.0,0.0,5312.06,30002.0,Win32,1536x703,,GENUINE
0.0,0.0,0.0,0.0,0.0,1316.9316,1534.1312,1.065824,41.981003,0.195689,0.221099,0.0,0.0,523.19,86135.0,Win32,1536x703,,IMPOSTOR
0.0,0.0,0.0,0.0,0.0,1548.8258,1669.8025,2.25017,20.685407,0.097519,0.082117,1.0,0.0,628.16,9005.0,Win32,1536x703,,IMPOSTOR
144.2,34.73,747.57,563.49,0.93,295.1922,498.2223,-0.430385,12.459451,0.284319,0.496201,0.0,108.89,457.41,29979.0,Win32,1536x703,,GENUINE
0.0,0.0,0.0,0.0,0.0,505.3719,615.3672,-0.733083,9.817543,0.321568,0.51811,17.0,762.22,3096.74,30001.0,Win32,1536x703,,GENUINE
0.0,0.0,0.0,0.0,0.0,259.1442,407.667,-1.065983,6.646111,0.469317,0.546449,15.0,1010.0,2263.39,29998.0,Win32,1536x703,,IMPOSTOR
77.82727272727273,13.837044541841026,321.24,270.38682734186585,3.112937367700161,0.0,0.0,0.0,0.0,0.0,0.0,0.0,0.0,0.0,0.0,Win32,1536x703,,IMPOSTOR
85.63636363636364,12.366984840679104,261.62,111.31232456471297,3.822337741762862,0.0,0.0,0.0,0.0,0.0,0.0,0.0,0.0,0.0,0.0,Win32,1536x703,,IMPOSTOR
40.79090909090909,4.561190942058593,823.7099999999999,759.9670288242773,1.2140194971531244,0.0,0.0,0.0,0.0,0.0,0.0,0.0,0.0,0.0,0.0,Win32,1536x703,,IMPOSTOR
97.9,29.35,334.77,294.79,2.9,869.1887,1115.2075,-0.768942,19.562098,0.16956,0.262851,3.0,0.0,1293.32,30000.0,Win32,1536x703,,IMPOSTOR
75.6909090909091,18.250103588520684,347.46,216.50522949804235,2.878029125654752,0.0,0.0,0.0,0.0,0.0,0.0,0.0,0.0,0.0,0.0,Win32,1536x703,,IMPOSTOR
83.22727272727272,16.531022676888497,231.38,80.23621127645548,4.321894718644654,0.0,0.0,0.0,0.0,0.0,0.0,0.0,0.0,0.0,0.0,Win32,1536x703,,IMPOSTOR
80.65454545454546,15.84724602609457,417.38,186.24003221649207,2.3958982222435194,0.0,0.0,0.0,0.0,0.0,0.0,0.0,0.0,0.0,0.0,Win32,1536x703,,IMPOSTOR
0.0,0.0,0.0,0.0,0.0,0.0,0.0,0.0,0.0,0.0,0.0,0.0,0.0,0.0,30007.0,Win32,1536x703,,IMPOSTOR
0.0,0.0,0.0,0.0,0.0,276.5446,394.2748,-0.072095,8.107603,0.285285,0.50143,1.0,525.0,658.04,30013.0,Win32,1536x703,,GENUINE
54.44545454545455,5.556709889258968,342.14,343.20910302612896,2.922780148477232,0.0,0.0,0.0,0.0,0.0,0.0,0.0,0.0,0.0,0.0,Win32,1536x703,,IMPOSTOR
0.0,0.0,0.0,0.0,0.0,379.1465,357.601,-0.357945,6.333702,0.34682,0.518622,20.0,1050.0,3168.72,29991.0,Win32,1536x703,,GENUINE
109.12,126.81,334.94,353.06,2.53,743.9925,1046.4594,-0.485037,17.739278,0.272785,0.34224,4.0,0.0,1587.9,30000.0,Win32,1536x703,,IMPOSTOR
58.37272727272728,14.768891809789125,252.83,153.4212439657559,3.95522683225883,0.0,0.0,0.0,0.0,0.0,0.0,0.0,0.0,0.0,0.0,Win32,1536x703,,IMPOSTOR
72.16363636363636,20.827834205359675,374.35,367.2374878739914,2.671296914652064,0.0,0.0,0.0,0.0,0.0,0.0,0.0,0.0,0.0,0.0,Win32,1536x703,,IMPOSTOR
82.54,22.79,239.67,226.21,3.53,1044.205,1436.4764,-1.979162,22.044535,0.280833,0.393174,2.0,0.0,2073.59,30000.0,Win32,1536x703,,IMPOSTOR
87.76,26.31,285.3,314.08,2.57,624.8362,788.7439,-0.432252,13.532572,0.278185,0.380959,4.0,0.0,1746.3,30013.0,Win32,1536x703,,IMPOSTOR
85.39,21.8,646.95,545.17,1.1,770.7403,1420.2037,-1.095762,19.298111,0.2888,0.461328,5.0,2601.0,2873.85,30000.0,Win32,1536x703,,IMPOSTOR
66.10909090909091,12.288239355020757,347.56000000000006,235.3205354404924,2.877201058809989,0.0,0.0,0.0,0.0,0.0,0.0,0.0,0.0,0.0,0.0,Win32,1536x703,,IMPOSTOR
59.77272727272727,11.069704020769391,338.63000000000005,259.79175910717413,2.95307562826684,0.0,0.0,0.0,0.0,0.0,0.0,0.0,0.0,0.0,0.0,Win32,1536x703,,IMPOSTOR
0.0,0.0,0.0,0.0,0.0,587.4764,911.8822,-0.284704,12.823051,0.206231,0.340155,5.0,5021.0,4035.4,30001.0,Win32,1536x703,,IMPOSTOR
115.31,22.17,296.8,252.77,2.53,0.0,0.0,0.0,0.0,0.0,0.0,0.0,0.0,0.0,29997.0,Win32,1536x703,,IMPOSTOR
0.0,0.0,0.0,0.0,0.0,298.1324,545.9942,-1.449967,9.248246,0.449878,0.552729,17.0,864.0,2575.28,29999.0,Win32,1536x703,,IMPOSTOR
162.7,41.93,400.64,393.03,1.1,495.4961,727.6718,-1.038436,10.395335,0.359366,0.455963,3.0,248.89,909.13,29993.0,Win32,1536x703,,GENUINE
0.0,0.0,0.0,0.0,0.0,833.1165,967.6568,-1.916907,20.415089,0.316554,0.629742,13.0,7062.22,4222.81,30002.0,Win32,1536x703,,GENUINE
157.2,25.44,501.81,587.83,0.87,545.4902,637.9826,-1.300246,10.481566,0.219348,0.590243,2.0,0.0,963.81,30005.0,Win32,1536x703,,GENUINE
0.0,0.0,0.0,0.0,0.0,699.2232,1226.3835,-0.892071,23.407034,0.252019,0.327395,0.0,0.0,704.18,6223.0,Win32,1536x703,,IMPOSTOR
131.89,30.26,508.17,426.46,1.6,0.0,0.0,0.0,0.0,0.0,0.0,0.0,0.0,0.0,30005.0,Win32,1536x703,,GENUINE
0.0,0.0,0.0,0.0,0.0,1052.4593,1390.429,-2.444964,41.422719,0.297486,0.516938,6.0,388.89,3884.68,30008.0,Win32,1536x703,,GENUINE
97.02727272727272,26.183724678061544,507.7200000000001,215.9025557977488,1.969589537540376,0.0,0.0,0.0,0.0,0.0,0.0,0.0,0.0,0.0,0.0,Win32,1536x703,,IMPOSTOR
0.0,0.0,0.0,0.0,0.0,0.0,0.0,0.0,0.0,0.0,0.0,0.0,0.0,0.0,64318.0,Win32,1536x703,,IMPOSTOR
152.56,29.9,411.29,388.99,1.8,692.2036,1107.4157,-0.669046,19.134195,0.26288,0.392019,2.0,132.22,1738.07,30002.0,Win32,1536x703,,GENUINE
80.61818181818182,14.791755577275174,325.14,211.9081791720178,3.075598203850649,0.0,0.0,0.0,0.0,0.0,0.0,0.0,0.0,0.0,0.0,Win32,1536x703,,IMPOSTOR
166.29,35.7,558.19,530.23,1.0,0.0,0.0,0.0,0.0,0.0,0.0,0.0,0.0,0.0,30008.0,Win32,1536x703,,GENUINE
0.0,0.0,0.0,0.0,0.0,259.8629,391.5769,-0.64634,7.425973,0.4035,0.533908,13.0,592.0,2427.24,30005.0,Win32,1536x703,,IMPOSTOR
76.39090909090908,16.084914137474197,296.93,247.1067706478315,3.367797123901256,0.0,0.0,0.0,0.0,0.0,0.0,0.0,0.0,0.0,0.0,Win32,1536x703,,IMPOSTOR
124.4,269.01,385.93,423.15,1.67,820.9168,1201.6827,0.135726,30.883568,0.199659,0.319473,4.0,0.0,1977.25,30011.0,Win32,1536x703,,IMPOSTOR
0.0,0.0,0.0,0.0,0.0,0.0,0.0,0.0,0.0,0.0,0.0,0.0,0.0,0.0,30013.0,Win32,1536x703,,IMPOSTOR
0.0,0.0,0.0,0.0,0.0,115.9485,212.1724,-0.137286,4.949976,0.423231,0.642019,0.0,0.0,181.2,29995.0,Win32,1536x703,,IMPOSTOR
119.55,183.81,340.21,377.29,2.33,694.0562,990.1241,-0.002933,17.335258,0.24002,0.367453,5.0,0.0,1841.13,29990.0,Win32,1536x703,,IMPOSTOR
140.95,31.79,501.6,450.39,0.77,700.1195,973.9141,-0.572536,17.028593,0.355295,0.547105,4.0,1621.67,3087.49,29992.0,Win32,1536x703,,GENUINE
122.4,6.2,1169.9,830.1,0.07,759.9103,1199.1236,-0.281597,19.540185,0.266993,0.43919,13.0,300.0,10724.94,29997.0,Win32,1536x703,,IMPOSTOR
0.0,0.0,0.0,0.0,0.0,387.2844,652.1399,-1.545984,11.99927,0.424045,0.555483,10.0,1144.0,3115.56,30010.0,Win32,1536x703,,IMPOSTOR
0.0,0.0,0.0,0.0,0.0,413.2029,689.2405,-0.378201,8.130997,0.334519,0.529458,2.0,1200.0,1126.95,29996.0,Win32,1536x703,,IMPOSTOR
0.0,0.0,0.0,0.0,0.0,970.1012,1278.4166,-0.214945,22.406573,0.287099,0.413874,12.0,0.0,14620.21,29987.0,Win32,1536x703,,IMPOSTOR
146.12,36.06,426.2,454.49,1.73,708.7511,1087.6316,-0.697615,17.589593,0.373445,0.551696,4.0,210.0,1951.65,30011.0,Win32,1536x703,,GENUINE
80.46363636363637,15.359289325845818,283.71000000000004,209.621475283426,3.5247259525571883,0.0,0.0,0.0,0.0,0.0,0.0,0.0,0.0,0.0,0.0,Win32,1536x703,,IMPOSTOR
0.0,0.0,0.0,0.0,0.0,309.6225,431.0381,-1.263383,7.909446,0.414126,0.544567,17.0,1325.0,2517.32,30003.0,Win32,1536x703,,IMPOSTOR
142.15454545454546,22.88963098460896,365.27,209.2087142066506,2.7377008788019817,0.0,0.0,0.0,0.0,0.0,0.0,0.0,0.0,0.0,0.0,Win32,1536x703,,IMPOSTOR
179.2,22.0,1914.85,85.15,0.07,0.0,0.0,0.0,0.0,0.0,0.0,0.0,0.0,0.0,29996.0,Win32,1536x703,,IMPOSTOR
0.0,0.0,0.0,0.0,0.0,591.6778,993.767,-0.854262,12.643732,0.21118,0.306145,8.0,0.0,3468.65,30000.0,Win32,1536x703,,IMPOSTOR
287.65,412.49,816.51,658.53,0.87,664.2829,955.304,-0.27502,14.581358,0.266283,0.385364,4.0,0.0,1828.65,29993.0,Win32,1536x703,,IMPOSTOR
78.6818181818182,17.16417083143192,303.38000000000005,103.23232826978185,3.2961961895972043,0.0,0.0,0.0,0.0,0.0,0.0,0.0,0.0,0.0,0.0,Win32,1536x703,,IMPOSTOR
94.76363636363637,17.31574547405667,354.09000000000003,340.15639770552605,2.8241407551752378,0.0,0.0,0.0,0.0,0.0,0.0,0.0,0.0,0.0,0.0,Win32,1536x703,,IMPOSTOR
83.65,25.61,370.63,404.35,2.13,793.0206,1051.4824,-0.312198,17.054052,0.234092,0.375863,6.0,0.0,2500.32,29989.0,Win32,1536x703,,IMPOSTOR
0.0,0.0,0.0,0.0,0.0,926.7402,1266.9215,-1.605439,19.839886,0.144541,0.190565,1.0,377.0,1552.18,30000.0,Win32,1536x703,,IMPOSTOR
169.76363636363638,77.81999360677612,580.88,443.9485844104022,1.721525960611486,0.0,0.0,0.0,0.0,0.0,0.0,0.0,0.0,0.0,0.0,Win32,1536x703,,IMPOSTOR
0.0,0.0,0.0,0.0,0.0,1120.2016,1257.4846,-1.326426,21.4209,0.265262,0.560378,7.0,6315.56,5801.81,30004.0,Win32,1536x703,,GENUINE
148.87,284.37,397.09,444.86,1.8,792.9699,1116.2791,-0.039447,15.982985,0.260883,0.393906,5.0,0.0,2251.64,30004.0,Win32,1536x703,,IMPOSTOR
42.62727272727273,8.14650967192151,988.74,532.6995104183972,1.0113882314865383,0.0,0.0,0.0,0.0,0.0,0.0,0.0,0.0,0.0,0.0,Win32,1536x703,,IMPOSTOR
83.03,25.97,324.8,354.94,2.63,507.939,706.3247,-0.335804,13.704567,0.304194,0.498315,3.0,0.0,1169.22,29995.0,Win32,1536x703,,IMPOSTOR
110.15,22.03,500.03,504.22,1.07,306.3636,514.6345,-0.704893,11.405128,0.354724,0.545509,3.0,0.0,715.97,29999.0,Win32,1536x703,,IMPOSTOR
73.62727272727274,12.60260369267838,551.81,776.4677462071429,1.8122179735778623,0.0,0.0,0.0,0.0,0.0,0.0,0.0,0.0,0.0,0.0,Win32,1536x703,,IMPOSTOR
284.09,150.9,1002.86,613.77,0.27,570.986,712.5127,-0.232055,11.566027,0.365099,0.585198,5.0,0.0,752.18,30011.0,Win32,1536x703,,GENUINE
90.05,25.37,344.71,352.44,2.23,845.4704,989.3941,-0.61198,16.603524,0.22674,0.308151,5.0,0.0,2634.39,30005.0,Win32,1536x703,,IMPOSTOR
142.4,0.0,2000.0,0.0,0.03,286.9978,466.9155,-0.312572,6.030464,0.307722,0.516211,1.0,0.0,1574.07,30013.0,Win32,1536x703,,IMPOSTOR
0.0,0.0,0.0,0.0,0.0,1101.4037,1458.8165,-0.361172,24.552692,0.196697,0.276501,1.0,2400.0,3778.86,29998.0,Win32,1536x703,,IMPOSTOR
0.0,0.0,0.0,0.0,0.0,387.0405,445.2342,-0.395043,7.615139,0.303192,0.469884,17.0,855.56,2928.42,29987.0,Win32,1536x703,,GENUINE
98.13,32.09,396.94,364.82,2.33,1046.3133,1276.7284,-1.40194,18.671704,0.251948,0.493761,4.0,0.0,2170.09,30000.0,Win32,1536x703,,IMPOSTOR
0.0,0.0,0.0,0.0,0.0,97.3738,95.3468,-0.286434,1.812196,0.268158,0.388945,0.0,1599.0,77.37,30001.0,Win32,1536x703,,IMPOSTOR
0.0,0.0,0.0,0.0,0.0,400.0162,579.5986,-1.452596,11.455983,0.348353,0.52996,12.0,1669.0,2416.01,29988.0,Win32,1536x703,,IMPOSTOR
87.76363636363637,28.12608859233954,253.14000000000004,119.65355155614898,3.950383187169155,0.0,0.0,0.0,0.0,0.0,0.0,0.0,0.0,0.0,0.0,Win32,1536x703,,IMPOSTOR
87.32,29.67,329.38,375.2,2.6,844.7457,1212.8863,-1.379286,19.51556,0.210505,0.351469,6.0,0.0,3370.51,30002.0,Win32,1536x703,,IMPOSTOR
212.1,27.99,1641.47,514.42,0.17,332.275,702.26,-0.291346,10.836067,0.24547,0.553827,8.0,0.0,1773.41,30008.0,Win32,1536x703,,GENUINE
151.58,36.17,377.38,368.63,2.0,830.8447,1119.9304,-0.803159,17.336577,0.267448,0.473826,7.0,0.0,2835.24,29990.0,Win32,1536x703,,GENUINE
145.37,32.56,427.27,397.79,2.07,1446.0689,1730.2342,-1.707107,27.600964,0.246829,0.527121,2.0,198.33,1091.06,30000.0,Win32,1536x703,,GENUINE
89.25,24.57,410.5,422.25,1.17,1416.5329,1927.0723,-2.032776,30.541979,0.311048,0.378976,1.0,0.0,1014.81,29990.0,Win32,1536x703,,IMPOSTOR
0.0,0.0,0.0,0.0,0.0,3245.9717,3034.7752,-0.309972,67.915407,0.344901,0.598312,3.0,0.0,45755.63,16555.0,Win32,1536x703,,IMPOSTOR
0.0,0.0,0.0,0.0,0.0,0.0,0.0,0.0,0.0,0.0,0.0,0.0,0.0,13.0,29996.0,Win32,1536x703,,IMPOSTOR
113.54,21.1,341.66,353.48,1.93,631.3887,1013.9534,-1.960355,22.267536,0.281396,0.466196,6.0,0.0,2469.58,29995.0,Win32,1536x703,,IMPOSTOR
118.69,74.38,378.96,416.21,2.33,735.2853,1194.512,-2.430894,19.815663,0.435466,0.489786,2.0,0.0,1007.26,29996.0,Win32,1536x703,,IMPOSTOR
93.1,24.34,466.17,521.66,1.53,752.1728,925.093,-0.086108,17.818198,0.255439,0.427993,7.0,700.0,3230.66,30001.0,Win32,1536x703,,IMPOSTOR
159.07,33.6,459.64,454.75,0.83,853.9457,1247.4123,-0.743479,17.845888,0.215393,0.390691,4.0,882.78,3638.49,30005.0,Win32,1536x703,,GENUINE
0.0,0.0,0.0,0.0,0.0,345.2675,483.3355,-1.420479,9.519781,0.404688,0.554072,19.0,824.0,3247.79,29995.0,Win32,1536x703,,IMPOSTOR
0.0,0.0,0.0,0.0,0.0,691.6829,1036.9647,-1.041236,19.168122,0.173433,0.346948,9.0,0.0,3548.77,29999.0,Win32,1536x703,,IMPOSTOR
116.74,20.56,272.47,279.07,3.17,778.6044,1300.0875,-2.156806,19.227532,0.358114,0.459765,3.0,0.0,1181.7,30003.0,Win32,1536x703,,IMPOSTOR
162.71,42.75,501.22,539.09,0.97,652.2821,697.8013,-0.762079,11.342721,0.218718,0.482273,2.0,649.44,2008.85,29997.0,Win32,1536x703,,GENUINE
0.0,0.0,0.0,0.0,0.0,344.0166,408.2301,-0.608014,7.697908,0.372346,0.474322,16.0,1108.33,2324.63,29999.0,Win32,1536x703,,GENUINE
0.0,0.0,0.0,0.0,0.0,1312.8452,1350.3674,-0.55123,23.991791,0.251597,0.532829,4.0,1030.56,3035.15,30008.0,Win32,1536x703,,GENUINE
145.82,35.88,499.49,390.25,1.27,203.4081,271.4496,-0.034144,3.790795,0.229129,0.472892,1.0,1975.56,406.42,30006.0,Win32,1536x703,,GENUINE
59.854545454545466,14.63584414662501,602.27,353.02187198529214,1.6603848772145384,0.0,0.0,0.0,0.0,0.0,0.0,0.0,0.0,0.0,0.0,Win32,1536x703,,IMPOSTOR
93.64545454545454,10.210721961507256,348.41,298.63498941014933,2.870181682500502,0.0,0.0,0.0,0.0,0.0,0.0,0.0,0.0,0.0,0.0,Win32,1536x703,,IMPOSTOR
0.0,0.0,0.0,0.0,0.0,350.937,347.5825,-0.190369,5.859754,0.293155,0.424853,30.0,500.0,5153.26,29998.0,Win32,1536x703,,IMPOSTOR
0.0,0.0,0.0,0.0,0.0,903.4922,1054.8273,0.13924,21.152989,0.181405,0.256863,0.0,0.0,4449.57,29992.0,Win32,1536x703,,IMPOSTOR
117.27,101.45,352.45,339.29,2.4,728.4245,1228.3084,-3.020964,21.69406,0.421552,0.509918,2.0,0.0,1538.28,30003.0,Win32,1536x703,,IMPOSTOR
0.0,0.0,0.0,0.0,0.0,450.3113,569.8531,-0.085697,6.29589,0.268917,0.381772,1.0,0.0,1717.3,13514.0,Win32,1536x703,,IMPOSTOR
76.73636363636365,11.116758252727582,174.52,107.13204749280207,5.730002292000917,0.0,0.0,0.0,0.0,0.0,0.0,0.0,0.0,0.0,0.0,Win32,1536x703,,IMPOSTOR
209.75,0.65,2000.0,0.0,0.07,460.2295,900.3741,-0.044592,16.757408,0.31404,0.449743,6.0,1900.0,3082.09,30012.0,Win32,1536x703,,IMPOSTOR
117.75454545454546,19.16390374145024,402.66,178.9438135281575,2.4834848259077136,0.0,0.0,0.0,0.0,0.0,0.0,0.0,0.0,0.0,0.0,Win32,1536x703,,IMPOSTOR
153.44,72.97,340.39,309.4,2.3,1214.1358,1667.5847,-1.787022,30.451263,0.360472,0.646001,3.0,400.56,1851.21,30023.0,Win32,1536x703,,GENUINE
155.07,44.97,447.06,463.34,1.07,647.5118,798.2569,-0.734111,13.676328,0.297405,0.568885,4.0,206.11,1300.04,29999.0,Win32,1536x703,,GENUINE
149.22,28.1,326.35,269.7,2.7,954.0517,632.7253,-0.793838,13.297797,0.255036,0.489224,1.0,35.0,865.76,29996.0,Win32,1536x703,,GENUINE
56.28181818181818,8.46445167442997,260.25999999999993,173.8864986133196,3.842311534619228,0.0,0.0,0.0,0.0,0.0,0.0,0.0,0.0,0.0,0.0,Win32,1536x703,,IMPOSTOR
0.0,0.0,0.0,0.0,0.0,668.5953,1138.4101,0.027782,14.860708,0.24872,0.391089,7.0,4765.0,4292.91,26128.0,Win32,1536x703,,IMPOSTOR
191.02,389.84,477.87,464.06,1.83,1086.1377,1097.8529,-0.825889,18.492368,0.201864,0.21625,0.0,0.0,914.79,30003.0,Win32,1536x703,,IMPOSTOR
0.0,0.0,0.0,0.0,0.0,0.0,0.0,0.0,0.0,0.0,0.0,0.0,0.0,0.0,29798.0,Win32,1536x703,,IMPOSTOR
0.0,0.0,0.0,0.0,0.0,449.006,473.4065,-0.59775,8.243865,0.327479,0.485761,20.0,1112.22,3214.01,30004.0,Win32,1536x703,,GENUINE
0.0,0.0,0.0,0.0,0.0,430.1347,475.4437,-0.785658,9.023408,0.316232,0.489171,24.0,1108.33,3535.74,30004.0,Win32,1536x703,,GENUINE
79.5090909090909,15.20451216194208,530.25,227.12406411474768,1.8859028760018857,0.0,0.0,0.0,0.0,0.0,0.0,0.0,0.0,0.0,0.0,Win32,1536x703,,IMPOSTOR
111.26363636363637,16.18581156036881,364.97,365.8349629272741,2.739951228868126,0.0,0.0,0.0,0.0,0.0,0.0,0.0,0.0,0.0,0.0,Win32,1536x703,,IMPOSTOR
86.99,23.36,275.42,276.73,3.7,0.0,0.0,0.0,0.0,0.0,0.0,0.0,0.0,0.0,29997.0,Win32,1536x703,,IMPOSTOR
169.04,38.85,604.96,478.42,1.57,0.0,0.0,0.0,0.0,0.0,0.0,0.0,0.0,0.0,30002.0,Win32,1536x703,,GENUINE
88.68,31.15,331.48,301.52,0.2,946.86,1154.6412,-0.650515,19.815807,0.253336,0.434185,9.0,5400.0,11233.5,29993.0,Win32,1536x703,,IMPOSTOR
75.86363636363637,14.54849400061568,388.4500000000001,333.32165021192367,2.574333891105676,0.0,0.0,0.0,0.0,0.0,0.0,0.0,0.0,0.0,0.0,Win32,1536x703,,IMPOSTOR
0.0,0.0,0.0,0.0,0.0,227.129,380.3208,-0.476454,7.119001,0.552346,0.717067,2.0,516.0,471.14,29997.0,Win32,1536x703,,IMPOSTOR
159.4090909090909,25.66272339212708,356.53000000000003,191.34786149837163,2.804813059209604,0.0,0.0,0.0,0.0,0.0,0.0,0.0,0.0,0.0,0.0,Win32,1536x703,,IMPOSTOR
93.39999999999998,22.693851790538098,575.14,244.62816354622785,1.7387070974023715,0.0,0.0,0.0,0.0,0.0,0.0,0.0,0.0,0.0,0.0,Win32,1536x703,,IMPOSTOR
91.66,25.03,385.38,394.95,2.2,723.1798,994.9598,-0.197679,12.912466,0.260766,0.442895,7.0,0.0,2036.37,30005.0,Win32,1536x703,,IMPOSTOR
58.8,10.0,1126.7,873.3,0.1,978.4647,1789.9821,1.814916,23.632634,0.202324,0.26459,4.0,0.0,1863.32,20320.0,Win32,1536x703,,IMPOSTOR
95.05,23.37,339.08,347.1,1.53,505.0351,1101.402,-0.381158,15.94566,0.319004,0.449859,3.0,0.0,2680.45,30002.0,Win32,1536x703,,IMPOSTOR
67.93636363636362,15.963268788478857,298.09000000000003,192.3876786595233,3.354691536113254,0.0,0.0,0.0,0.0,0.0,0.0,0.0,0.0,0.0,0.0,Win32,1536x703,,IMPOSTOR
63.65454545454546,9.392682222818092,372.64,362.242687158761,2.6835551738943755,0.0,0.0,0.0,0.0,0.0,0.0,0.0,0.0,0.0,0.0,Win32,1536x703,,IMPOSTOR
107.09,41.29,354.8,268.43,2.5,960.0034,1069.1946,-1.900822,14.253032,0.216946,0.446136,1.0,0.0,1280.55,30001.0,Win32,1536x703,,IMPOSTOR
126.19,41.26,498.43,616.26,0.23,1117.2024,1539.3792,-1.211223,28.344816,0.277633,0.552999,15.0,7027.22,4823.46,29993.0,Win32,1536x703,,GENUINE
73.82727272727273,10.297139135709749,220.88,110.13961866649076,4.527345164795364,0.0,0.0,0.0,0.0,0.0,0.0,0.0,0.0,0.0,0.0,Win32,1536x703,,IMPOSTOR
0.0,0.0,0.0,0.0,0.0,408.7862,389.5033,-0.494699,7.004682,0.31056,0.493132,22.0,1613.89,3426.92,30001.0,Win32,1536x703,,GENUINE
99.87,43.99,287.14,299.69,3.33,299.9188,229.4713,-0.568301,4.252617,0.330223,0.360888,1.0,0.0,139.56,30000.0,Win32,1536x703,,IMPOSTOR
0.0,0.0,0.0,0.0,0.0,541.5007,601.0598,-1.484016,12.342455,0.347849,0.401257,1.0,0.0,410.76,29996.0,Win32,1536x703,,IMPOSTOR
0.0,0.0,0.0,0.0,0.0,1586.1414,2081.8767,-0.773201,24.902181,0.21031,0.453873,1.0,628.0,1455.05,30000.0,Win32,1536x703,,IMPOSTOR
85.17,24.78,337.73,397.14,2.33,645.0496,1047.1179,-0.258297,22.769775,0.311014,0.409572,4.0,0.0,2223.2,29996.0,Win32,1536x703,,IMPOSTOR
90.54,34.83,342.39,368.42,2.53,1013.7319,1563.3359,-1.489463,26.351597,0.21007,0.363898,7.0,0.0,3917.23,29999.0,Win32,1536x703,,IMPOSTOR
76.81,17.51,340.28,214.02,0.93,877.1531,1354.5784,-1.602349,21.102794,0.298218,0.432928,5.0,134.0,2937.18,30002.0,Win32,1536x703,,IMPOSTOR
88.98,21.26,339.8,297.3,1.97,754.3048,1066.6292,-0.817822,15.304862,0.330251,0.496001,7.0,0.0,2487.61,29995.0,Win32,1536x703,,IMPOSTOR
130.83,63.0,404.6,335.12,2.57,0.0,0.0,0.0,0.0,0.0,0.0,0.0,0.0,0.0,29999.0,Win32,1536x703,,IMPOSTOR
0.0,0.0,0.0,0.0,0.0,304.7671,424.2364,-0.167341,7.815946,0.333639,0.464007,1.0,0.0,469.1,29995.0,Win32,1536x703,,GENUINE
68.73636363636363,13.928667150701868,582.5599999999998,460.8702880420911,1.7165613842351006,0.0,0.0,0.0,0.0,0.0,0.0,0.0,0.0,0.0,0.0,Win32,1536x703,,IMPOSTOR
0.0,0.0,0.0,0.0,0.0,2264.081,1925.6493,-5.102841,44.010828,0.224127,0.16711,0.0,0.0,1036.27,30915.0,Win32,1536x703,,IMPOSTOR
138.41,97.12,419.58,368.16,1.73,617.6647,1147.0922,-2.863539,18.68551,0.41483,0.626306,3.0,0.0,1342.01,29998.0,Win32,1536x703,,IMPOSTOR
97.78181818181818,45.31475413316021,310.64,250.2648724851332,3.2191604429564773,0.0,0.0,0.0,0.0,0.0,0.0,0.0,0.0,0.0,0.0,Win32,1536x703,,IMPOSTOR
144.68181818181816,19.178435720731105,402.34,257.7370062680173,2.4854600586568574,0.0,0.0,0.0,0.0,0.0,0.0,0.0,0.0,0.0,0.0,Win32,1536x703,,IMPOSTOR
94.93636363636364,23.15820187427312,264.67,188.9637269425008,3.7782899459704535,0.0,0.0,0.0,0.0,0.0,0.0,0.0,0.0,0.0,0.0,Win32,1536x703,,IMPOSTOR
77.79090909090908,9.863472977281065,216.52000000000004,121.78927538991272,4.61851099205616,0.0,0.0,0.0,0.0,0.0,0.0,0.0,0.0,0.0,0.0,Win32,1536x703,,IMPOSTOR
0.0,0.0,0.0,0.0,0.0,612.8808,1071.6109,-0.557545,12.536727,0.340641,0.515826,9.0,2224.44,3407.99,29996.0,Win32,1536x703,,GENUINE
0.0,0.0,0.0,0.0,0.0,696.397,1093.9742,-1.32676,18.096843,0.275154,0.489087,7.0,3442.0,3568.37,30001.0,Win32,1536x703,,IMPOSTOR
162.22,33.85,357.02,309.55,2.7,0.0,0.0,0.0,0.0,0.0,0.0,0.0,0.0,0.0,30004.0,Win32,1536x703,,GENUINE
0.0,0.0,0.0,0.0,0.0,531.1058,638.9525,-0.50517,9.845724,0.295675,0.38512,3.0,3600.0,2446.22,30001.0,Win32,1536x703,,IMPOSTOR
0.0,0.0,0.0,0.0,0.0,870.2135,1208.3592,-0.60234,18.060763,0.211745,0.440022,6.0,2807.0,5680.42,29999.0,Win32,1536x703,,IMPOSTOR
0.0,0.0,0.0,0.0,0.0,524.4482,525.221,-0.677365,13.553026,0.411736,0.454215,0.0,0.0,1536.28,30002.0,Win32,1536x703,,GENUINE
0.0,0.0,0.0,0.0,0.0,772.2817,1448.5652,-0.316217,18.570225,0.359978,0.470406,0.0,0.0,1693.01,34496.0,Win32,1536x703,,IMPOSTOR
80.10909090909092,10.809882225029478,368.95,255.1231124378973,2.710394362379726,0.0,0.0,0.0,0.0,0.0,0.0,0.0,0.0,0.0,0.0,Win32,1536x703,,IMPOSTOR
0.0,0.0,0.0,0.0,0.0,1337.0029,1505.4814,-0.909934,22.653216,0.192378,0.375132,1.0,2659.0,5003.45,66800.0,Win32,1536x703,,IMPOSTOR
0.0,0.0,0.0,0.0,0.0,832.8719,1144.8367,-0.055556,16.080925,0.27391,0.458193,2.0,6500.0,7524.69,30005.0,Win32,1536x703,,IMPOSTOR
103.29090909090908,13.036972218582775,266.3299999999999,204.564410638801,3.754740359704127,0.0,0.0,0.0,0.0,0.0,0.0,0.0,0.0,0.0,0.0,Win32,1536x703,,IMPOSTOR
62.44545454545454,15.509197484446776,301.02,197.55530769888213,3.322038402763936,0.0,0.0,0.0,0.0,0.0,0.0,0.0,0.0,0.0,0.0,Win32,1536x703,,IMPOSTOR
0.0,0.0,0.0,0.0,0.0,774.6138,1184.6061,-0.214456,18.974949,0.24987,0.367169,6.0,200.0,4471.78,30009.0,Win32,1536x703,,IMPOSTOR
0.0,0.0,0.0,0.0,0.0,415.5653,441.3221,-0.715481,7.949517,0.323793,0.477142,25.0,983.89,3557.02,29999.0,Win32,1536x703,,GENUINE
139.19,23.75,411.66,402.05,1.43,848.6409,1063.4437,-0.668637,17.434892,0.245945,0.510548,5.0,528.89,2513.29,29999.0,Win32,1536x703,,GENUINE
108.33,19.67,345.14,368.29,2.3,747.8725,1162.0468,-2.426463,16.212445,0.370323,0.534861,5.0,0.0,2211.55,30005.0,Win32,1536x703,,IMPOSTOR
89.03,24.78,251.16,226.19,3.87,0.0,0.0,0.0,0.0,0.0,0.0,0.0,0.0,0.0,30006.0,Win32,1536x703,,IMPOSTOR
0.0,0.0,0.0,0.0,0.0,841.6049,1231.7361,-0.373324,16.711208,0.296844,0.48623,2.0,0.0,5002.7,30008.0,Win32,1536x703,,IMPOSTOR
0.0,0.0,0.0,0.0,0.0,1145.2801,1818.5785,-1.446969,27.320499,0.225612,0.490177,6.0,4219.0,9566.47,30001.0,Win32,1536x703,,IMPOSTOR
68.51818181818182,20.27689317164281,257.42999999999995,183.2605961465803,3.88455114011576,0.0,0.0,0.0,0.0,0.0,0.0,0.0,0.0,0.0,0.0,Win32,1536x703,,IMPOSTOR
0.0,0.0,0.0,0.0,0.0,580.1233,1025.4734,-0.528316,15.360396,0.315619,0.496968,2.0,2166.11,4805.15,29998.0,Win32,1536x703,,GENUINE
96.8,32.23,392.75,340.31,2.33,882.9322,1623.8765,-1.810341,31.862818,0.357469,0.581866,5.0,0.0,1179.51,30000.0,Win32,1536x703,,IMPOSTOR
0.0,0.0,0.0,0.0,0.0,452.8083,487.7242,-0.284117,7.573331,0.280439,0.395109,28.0,800.0,6898.71,29997.0,Win32,1536x703,,IMPOSTOR
72.8909090909091,19.62495880924245,245.19000000000003,134.9732599443312,4.078469758146743,0.0,0.0,0.0,0.0,0.0,0.0,0.0,0.0,0.0,0.0,Win32,1536x703,,IMPOSTOR
114.04,27.8,356.61,346.67,2.4,680.3618,1181.7036,-2.514005,12.961754,0.244342,0.306555,3.0,0.0,909.4,29997.0,Win32,1536x703,,IMPOSTOR
123.68,29.27,364.94,345.55,1.73,844.1243,1210.3965,-1.595253,28.037261,0.299714,0.44015,3.0,0.0,1886.95,29994.0,Win32,1536x703,,IMPOSTOR
0.0,0.0,0.0,0.0,0.0,405.9022,388.9709,-0.271903,8.688268,0.295465,0.392637,38.0,800.0,6856.14,30007.0,Win32,1536x703,,IMPOSTOR
0.0,0.0,0.0,0.0,0.0,686.1737,820.6799,1.788394,14.457995,0.271635,0.367567,2.0,0.0,1328.71,16495.0,Win32,1536x703,,IMPOSTOR
0.0,0.0,0.0,0.0,0.0,0.0,0.0,0.0,0.0,0.0,0.0,0.0,0.0,0.0,61685.0,Win32,1536x703,,IMPOSTOR
171.75,45.89,470.3,482.08,2.1,0.0,0.0,0.0,0.0,0.0,0.0,0.0,0.0,0.0,30001.0,Win32,1536x703,,GENUINE
145.71818181818182,25.121009612811,405.65,182.66785294626968,2.465179341797116,0.0,0.0,0.0,0.0,0.0,0.0,0.0,0.0,0.0,0.0,Win32,1536x703,,IMPOSTOR
156.38,30.74,491.41,425.13,1.83,1525.6092,2108.9098,-3.971858,26.930282,0.427829,0.741701,2.0,233.33,1410.9,29997.0,Win32,1536x703,,GENUINE
148.74,25.23,716.07,786.56,0.37,681.2921,863.1204,-1.497579,15.950844,0.293164,0.529232,7.0,237.22,2942.09,30002.0,Win32,1536x703,,GENUINE
86.5909090909091,20.8837237425554,354.3299999999999,234.7973128040438,2.8222278666779563,0.0,0.0,0.0,0.0,0.0,0.0,0.0,0.0,0.0,0.0,Win32,1536x703,,IMPOSTOR
0.0,0.0,0.0,0.0,0.0,694.7712,817.0838,-0.167593,14.881076,0.239822,0.405203,11.0,0.0,10148.67,30001.0,Win32,1536x703,,IMPOSTOR
0.0,0.0,0.0,0.0,0.0,403.5209,449.0547,-0.389046,8.508137,0.300313,0.37551,31.0,600.0,6063.34,30008.0,Win32,1536x703,,IMPOSTOR
62.04545454545454,21.49280486946794,615.08,335.4492414658289,1.6258047733628145,0.0,0.0,0.0,0.0,0.0,0.0,0.0,0.0,0.0,0.0,Win32,1536x703,,IMPOSTOR
110.66363636363636,23.03397777700163,334.05999999999995,229.39058045177003,2.9934742261869127,0.0,0.0,0.0,0.0,0.0,0.0,0.0,0.0,0.0,0.0,Win32,1536x703,,IMPOSTOR
95.09090909090912,21.00997401865273,580.2,348.5180884832235,1.723543605653223,0.0,0.0,0.0,0.0,0.0,0.0,0.0,0.0,0.0,0.0,Win32,1536x703,,IMPOSTOR
202.35,254.83,775.3,700.23,0.33,495.7606,859.01,-0.754931,14.421499,0.345593,0.535423,6.0,206.11,2546.53,29991.0,Win32,1536x703,,GENUINE
100.10000000000002,27.808076001569955,434.0,342.7937747392739,2.3041474654377883,0.0,0.0,0.0,0.0,0.0,0.0,0.0,0.0,0.0,0.0,Win32,1536x703,,IMPOSTOR
0.0,0.0,0.0,0.0,0.0,808.5328,992.3838,-0.417439,12.261458,0.26597,0.43698,10.0,2200.0,9212.09,30006.0,Win32,1536x703,,IMPOSTOR
91.36,26.34,376.07,445.67,1.87,686.6624,932.0276,-0.373507,13.124621,0.282707,0.386926,6.0,0.0,3088.76,29999.0,Win32,1536x703,,IMPOSTOR
73.96363636363635,17.41682951668366,313.75,208.60177012671767,3.1872509960159365,0.0,0.0,0.0,0.0,0.0,0.0,0.0,0.0,0.0,0.0,Win32,1536x703,,IMPOSTOR
0.0,0.0,0.0,0.0,0.0,0.0,0.0,0.0,0.0,0.0,0.0,0.0,0.0,0.0,35997.0,Win32,1536x703,,IMPOSTOR
0.0,0.0,0.0,0.0,0.0,711.0455,989.1071,-1.25072,18.426818,0.298188,0.504977,10.0,738.89,3027.67,29989.0,Win32,1536x703,,GENUINE
179.99,44.72,525.52,434.26,1.77,0.0,0.0,0.0,0.0,0.0,0.0,0.0,0.0,0.0,30006.0,Win32,1536x703,,GENUINE
56.94545454545455,7.971581756620159,196.7,113.77998066443853,5.083884087442807,0.0,0.0,0.0,0.0,0.0,0.0,0.0,0.0,0.0,0.0,Win32,1536x703,,IMPOSTOR
57.69090909090909,8.151458825985415,187.62,105.32327188233376,5.329922183136127,0.0,0.0,0.0,0.0,0.0,0.0,0.0,0.0,0.0,0.0,Win32,1536x703,,IMPOSTOR
118.48,66.47,355.98,296.52,2.4,1323.6321,1784.4957,-8.901882,46.161696,0.322981,0.521381,2.0,0.0,1625.77,30001.0,Win32,1536x703,,IMPOSTOR
0.0,0.0,0.0,0.0,0.0,901.8335,1007.9543,-7.032132,12.464518,0.227365,0.212605,0.0,0.0,251.32,30002.0,Win32,1536x703,,GENUINE
395.67,277.3,1729.33,382.78,0.1,1019.297,1232.7057,-0.489747,19.874331,0.302426,0.490643,2.0,132.22,3994.08,29989.0,Win32,1536x703,,GENUINE
0.0,0.0,0.0,0.0,0.0,997.8869,1778.2944,-1.213389,26.952934,0.191274,0.369954,1.0,268.0,2963.32,29999.0,Win32,1536x703,,IMPOSTOR
67.76363636363638,11.11904776230842,309.32,191.38794005892845,3.232897969740076,0.0,0.0,0.0,0.0,0.0,0.0,0.0,0.0,0.0,0.0,Win32,1536x703,,IMPOSTOR
105.75,124.27,384.55,392.91,1.93,857.2453,1006.7165,-0.954914,16.134956,0.257302,0.376052,4.0,0.0,1905.46,29995.0,Win32,1536x703,,IMPOSTOR
99.75454545454546,31.847744707831456,387.88,189.51346020797573,2.578116943384552,0.0,0.0,0.0,0.0,0.0,0.0,0.0,0.0,0.0,0.0,Win32,1536x703,,IMPOSTOR
161.51,42.69,519.86,446.1,1.57,0.0,0.0,0.0,0.0,0.0,0.0,0.0,0.0,0.0,30001.0,Win32,1536x703,,GENUINE
141.16,33.9,361.24,298.86,1.93,809.2782,1277.415,-0.781939,21.931927,0.286913,0.49431,6.0,0.0,2722.25,29999.0,Win32,1536x703,,GENUINE
82.36363636363636,11.08932924664499,309.58000000000004,204.42352995680315,3.2301828283480845,0.0,0.0,0.0,0.0,0.0,0.0,0.0,0.0,0.0,0.0,Win32,1536x703,,IMPOSTOR
0.0,0.0,0.0,0.0,0.0,372.1914,430.6582,-0.436562,7.883566,0.345188,0.483006,11.0,462.78,1930.41,29996.0,Win32,1536x703,,GENUINE
0.0,0.0,0.0,0.0,0.0,557.0451,589.0898,-0.122609,9.455172,0.228398,0.359569,7.0,3300.0,7264.31,30004.0,Win32,1536x703,,IMPOSTOR
160.77,206.63,440.58,430.15,1.87,301.3095,407.6664,-0.384234,8.098284,0.297854,0.345225,1.0,300.0,529.97,29994.0,Win32,1536x703,,IMPOSTOR
70.33636363636364,12.064845455610635,406.24000000000007,235.4275098623778,2.4615990547459625,0.0,0.0,0.0,0.0,0.0,0.0,0.0,0.0,0.0,0.0,Win32,1536x703,,IMPOSTOR
63.63636363636364,14.46967190224705,346.81,241.08423610846063,2.8834232000230675,0.0,0.0,0.0,0.0,0.0,0.0,0.0,0.0,0.0,0.0,Win32,1536x703,,IMPOSTOR
0.0,0.0,0.0,0.0,0.0,0.0,0.0,0.0,0.0,0.0,0.0,0.0,0.0,0.0,30008.0,Win32,1536x703,,IMPOSTOR
89.9909090909091,15.687021534634903,363.86,303.75427964063323,2.74830978947947,0.0,0.0,0.0,0.0,0.0,0.0,0.0,0.0,0.0,0.0,Win32,1536x703,,IMPOSTOR
92.7,22.78947125319058,480.4,357.9806810429859,2.0815986677768525,0.0,0.0,0.0,0.0,0.0,0.0,0.0,0.0,0.0,0.0,Win32,1536x703,,IMPOSTOR
0.0,0.0,0.0,0.0,0.0,2239.5728,2425.6318,-3.727335,46.105766,0.254956,0.420421,1.0,0.0,3324.63,29995.0,Win32,1536x703,,IMPOSTOR
155.22,46.61,432.17,441.53,0.83,226.4532,379.9831,-0.279808,5.755046,0.172442,0.350316,0.0,373.33,348.66,29994.0,Win32,1536x703,,GENUINE
88.31818181818181,16.238664196171836,284.03000000000003,235.9917246430476,3.520754849839806,0.0,0.0,0.0,0.0,0.0,0.0,0.0,0.0,0.0,0.0,Win32,1536x703,,IMPOSTOR
0.0,0.0,0.0,0.0,0.0,0.0,0.0,0.0,0.0,0.0,0.0,0.0,0.0,0.0,50003.0,Win32,1536x703,,IMPOSTOR
82.94545454545454,14.698445411697836,280.26,162.14929663738909,3.5681153214871904,0.0,0.0,0.0,0.0,0.0,0.0,0.0,0.0,0.0,0.0,Win32,1536x703,,IMPOSTOR
94.9,28.26536589345536,472.63,506.777037857873,2.115819986035588,0.0,0.0,0.0,0.0,0.0,0.0,0.0,0.0,0.0,0.0,Win32,1536x703,,IMPOSTOR
89.98,24.57,353.03,386.03,1.63,483.4953,534.7923,-0.2361,8.056134,0.2306,0.323728,6.0,0.0,2305.83,30000.0,Win32,1536x703,,IMPOSTOR
69.1,15.203169526002256,652.0500000000002,419.76484905241887,1.5336247220305188,0.0,0.0,0.0,0.0,0.0,0.0,0.0,0.0,0.0,0.0,Win32,1536x703,,IMPOSTOR
147.6272727272727,50.71924667688859,647.8699999999999,418.6650906153987,1.5435195332396934,0.0,0.0,0.0,0.0,0.0,0.0,0.0,0.0,0.0,0.0,Win32,1536x703,,IMPOSTOR
108.94545454545454,16.872536245000124,231.2,171.77722200571296,4.325259515570934,0.0,0.0,0.0,0.0,0.0,0.0,0.0,0.0,0.0,0.0,Win32,1536x703,,IMPOSTOR
0.0,0.0,0.0,0.0,0.0,765.5523,1031.8882,-0.131566,15.245886,0.230849,0.39194,11.0,1900.0,11671.43,29999.0,Win32,1536x703,,IMPOSTOR
80.46363636363638,12.02265079886316,250.65,98.2285218253843,3.9896269698783167,0.0,0.0,0.0,0.0,0.0,0.0,0.0,0.0,0.0,0.0,Win32,1536x703,,IMPOSTOR
0.0,0.0,0.0,0.0,0.0,904.4047,1283.0252,-1.12996,21.930767,0.271987,0.463709,14.0,1621.67,6278.53,29991.0,Win32,1536x703,,GENUINE
0.0,0.0,0.0,0.0,0.0,664.886,1175.4593,-0.918091,14.99085,0.251306,0.387109,2.0,821.0,4145.97,30000.0,Win32,1536x703,,IMPOSTOR
0.0,0.0,0.0,0.0,0.0,806.3102,1468.5049,-0.183695,21.531033,0.285471,0.40468,0.0,0.0,2760.19,30001.0,Win32,1536x703,,IMPOSTOR
0.0,0.0,0.0,0.0,0.0,445.7942,643.4846,-2.307563,12.046434,0.395008,0.54046,13.0,620.0,2768.09,30003.0,Win32,1536x703,,IMPOSTOR
84.54545454545453,19.678154183411504,285.52,134.09135542606765,3.5023816195012607,0.0,0.0,0.0,0.0,0.0,0.0,0.0,0.0,0.0,0.0,Win32,1536x703,,IMPOSTOR
100.87272727272726,17.451235481613065,245.19000000000003,171.48391440598738,4.078469758146743,0.0,0.0,0.0,0.0,0.0,0.0,0.0,0.0,0.0,0.0,Win32,1536x703,,IMPOSTOR
158.94,44.26,409.75,342.36,1.37,827.5869,1199.8607,-0.818903,16.447835,0.362113,0.510763,6.0,0.0,2581.64,30000.0,Win32,1536x703,,GENUINE
0.0,0.0,0.0,0.0,0.0,384.7807,540.5238,-0.882878,13.339748,0.379042,0.532636,2.0,200.0,1415.84,30008.0,Win32,1536x703,,IMPOSTOR
91.37272727272727,19.985999231693576,304.13,227.29050596098372,3.2880676026699107,0.0,0.0,0.0,0.0,0.0,0.0,0.0,0.0,0.0,0.0,Win32,1536x703,,IMPOSTOR
0.0,0.0,0.0,0.0,0.0,629.81,1053.695,-0.237163,16.602095,0.268685,0.392351,5.0,10300.0,6713.89,30008.0,Win32,1536x703,,IMPOSTOR
0.0,0.0,0.0,0.0,0.0,455.8974,554.2786,-0.860186,9.636917,0.284001,0.462801,20.0,1450.56,3446.09,30003.0,Win32,1536x703,,GENUINE
40.97272727272727,8.570678440218128,603.2299999999999,287.99826752951134,1.657742486282181,0.0,0.0,0.0,0.0,0.0,0.0,0.0,0.0,0.0,0.0,Win32,1536x703,,IMPOSTOR
55.345454545454544,9.328486541611388,797.89,490.9947992596256,1.253305593502864,0.0,0.0,0.0,0.0,0.0,0.0,0.0,0.0,0.0,0.0,Win32,1536x703,,IMPOSTOR
0.0,0.0,0.0,0.0,0.0,0.0,0.0,0.0,0.0,0.0,0.0,0.0,0.0,0.0,29993.0,Win32,1536x703,,GENUINE
0.0,0.0,0.0,0.0,0.0,1106.1336,1512.3582,-1.07191,24.208728,0.194822,0.354421,1.0,340.0,2265.12,25171.0,Win32,1536x703,,IMPOSTOR
203.32,222.82,656.72,585.85,0.57,754.5078,994.2597,-1.752911,20.834996,0.259512,0.466608,6.0,373.33,2321.2,30007.0,Win32,1536x703,,GENUINE
87.41,27.02,295.63,283.66,2.73,836.7841,1091.739,-0.705933,18.022432,0.21493,0.318779,3.0,0.0,2539.81,29996.0,Win32,1536x703,,IMPOSTOR
71.35454545454544,10.957053654764517,275.62,209.4859412943981,3.6281837312241496,0.0,0.0,0.0,0.0,0.0,0.0,0.0,0.0,0.0,0.0,Win32,1536x703,,IMPOSTOR
153.63,38.68,452.89,405.87,1.53,1193.64,1461.6625,-1.769025,23.443622,0.186343,0.391456,4.0,0.0,1389.17,29997.0,Win32,1536x703,,GENUINE
0.0,0.0,0.0,0.0,0.0,334.7131,516.0416,-1.313726,7.969093,0.463003,0.590447,18.0,722.0,2985.33,29996.0,Win32,1536x703,,IMPOSTOR
0.0,0.0,0.0,0.0,0.0,615.7747,729.9296,-0.899631,9.355566,0.258412,0.390774,2.0,3100.0,2350.77,21995.0,Win32,1536x703,,IMPOSTOR
0.0,0.0,0.0,0.0,0.0,1007.4697,1039.5639,-1.29997,20.532037,0.245614,0.470213,1.0,591.11,4350.16,30010.0,Win32,1536x703,,GENUINE
77.98181818181818,16.241239215025107,356.72,310.9440618503592,2.8033191298497417,0.0,0.0,0.0,0.0,0.0,0.0,0.0,0.0,0.0,0.0,Win32,1536x703,,IMPOSTOR
70.61818181818181,14.983070336023085,245.76000000000005,138.63293403805605,4.069010416666666,0.0,0.0,0.0,0.0,0.0,0.0,0.0,0.0,0.0,0.0,Win32,1536x703,,IMPOSTOR
152.26,30.59,394.67,324.46,2.1,1230.9577,1939.9013,-2.283027,32.80356,0.260642,0.584524,3.0,420.0,1224.18,29993.0,Win32,1536x703,,GENUINE
0.0,0.0,0.0,0.0,0.0,606.2524,1079.689,-0.700891,18.601181,0.285551,0.483598,6.0,224.0,2579.87,29999.0,Win32,1536x703,,IMPOSTOR
100.97272727272724,37.58188855163399,603.14,319.8893752533835,1.657989853102099,0.0,0.0,0.0,0.0,0.0,0.0,0.0,0.0,0.0,0.0,Win32,1536x703,,IMPOSTOR
53.29090909090908,8.81604472697928,812.9200000000001,493.8359217391947,1.2301333464547557,0.0,0.0,0.0,0.0,0.0,0.0,0.0,0.0,0.0,0.0,Win32,1536x703,,IMPOSTOR
149.9,80.95,423.56,332.75,1.9,708.2688,837.0497,-0.485643,19.288559,0.273997,0.526782,3.0,0.0,1472.5,29997.0,Win32,1536x703,,GENUINE
156.79,36.02,342.95,284.85,0.5,325.9763,268.8886,-0.457581,5.1126,0.503186,0.714221,1.0,0.0,136.66,30001.0,Win32,1536x703,,GENUINE
0.0,0.0,0.0,0.0,0.0,558.9971,626.4733,-0.136432,10.138011,0.206768,0.362261,8.0,3900.0,8262.79,29993.0,Win32,1536x703,,IMPOSTOR
177.48,59.71,619.56,567.17,0.3,931.6314,1260.2353,-1.189941,21.744836,0.30782,0.50407,6.0,497.78,3873.22,29991.0,Win32,1536x703,,GENUINE
60.64545454545455,16.021483510720767,354.42999999999995,333.61389074797233,2.8214315943909942,0.0,0.0,0.0,0.0,0.0,0.0,0.0,0.0,0.0,0.0,Win32,1536x703,,IMPOSTOR
80.57272727272728,15.183130046750206,472.8,369.4594240238027,2.1150592216582065,0.0,0.0,0.0,0.0,0.0,0.0,0.0,0.0,0.0,0.0,Win32,1536x703,,IMPOSTOR
44.83636363636364,6.315964293651263,978.92,540.0458884206046,1.0215339353573325,0.0,0.0,0.0,0.0,0.0,0.0,0.0,0.0,0.0,0.0,Win32,1536x703,,IMPOSTOR
68.77272727272728,12.369103069495448,910.1899999999998,490.32082038192095,1.098671705907558,0.0,0.0,0.0,0.0,0.0,0.0,0.0,0.0,0.0,0.0,Win32,1536x703,,IMPOSTOR
0.0,0.0,0.0,0.0,0.0,1911.3662,2125.9616,-3.208372,31.46697,0.179457,0.116739,0.0,0.0,1119.63,30208.0,Win32,1536x703,,IMPOSTOR
125.91,31.51,482.09,474.38,0.5,950.0656,1324.2265,-4.501642,25.28148,0.320651,0.55556,3.0,0.0,1453.46,30002.0,Win32,1536x703,,IMPOSTOR
0.0,0.0,0.0,0.0,0.0,300.1211,630.5721,-2.154467,8.124946,0.405696,0.590006,1.0,0.0,239.52,30004.0,Win32,1536x703,,IMPOSTOR
116.49,24.96,373.27,468.89,1.37,411.3811,587.4265,-1.450882,10.68368,0.415876,0.569163,5.0,0.0,1497.1,29998.0,Win32,1536x703,,IMPOSTOR
101.21,94.47,345.59,351.55,1.63,888.0094,1049.2625,-0.550446,19.856585,0.376714,0.710128,2.0,0.0,821.2,30002.0,Win32,1536x703,,IMPOSTOR
0.0,0.0,0.0,0.0,0.0,558.9197,667.4601,-1.461235,12.0137,0.328172,0.5214,16.0,1331.0,5988.16,29994.0,Win32,1536x703,,IMPOSTOR
78.15454545454546,16.378276279398197,228.36,120.55623749935133,4.379050621825189,0.0,0.0,0.0,0.0,0.0,0.0,0.0,0.0,0.0,0.0,Win32,1536x703,,IMPOSTOR
0.0,0.0,0.0,0.0,0.0,1276.8884,1111.2207,1.689366,19.13191,0.253983,0.575247,2.0,0.0,715.88,23780.0,Win32,1536x703,,GENUINE
213.66,61.7,1644.38,615.96,0.17,558.793,789.0874,-0.824567,12.266543,0.332542,0.507521,5.0,315.0,1563.84,29990.0,Win32,1536x703,,GENUINE
104.74545454545454,20.391770338071705,563.6699999999998,280.14327066699286,1.7740876754129191,0.0,0.0,0.0,0.0,0.0,0.0,0.0,0.0,0.0,0.0,Win32,1536x703,,IMPOSTOR
90.92,34.84,566.52,538.88,0.83,931.4364,1252.1596,-0.661472,20.395831,0.226032,0.341497,13.0,1133.0,10216.0,30000.0,Win32,1536x703,,IMPOSTOR
0.0,0.0,0.0,0.0,0.0,427.0019,545.5547,-0.724429,8.35262,0.305365,0.44571,17.0,859.44,2767.51,30004.0,Win32,1536x703,,GENUINE
82.65454545454547,11.65046730520935,383.55,275.3263200277082,2.6072220049537216,0.0,0.0,0.0,0.0,0.0,0.0,0.0,0.0,0.0,0.0,Win32,1536x703,,IMPOSTOR
102.41818181818182,16.48998694424855,240.82,132.48362766772354,4.152479029980898,0.0,0.0,0.0,0.0,0.0,0.0,0.0,0.0,0.0,0.0,Win32,1536x703,,IMPOSTOR
177.49,35.11,611.26,502.0,0.77,0.0,0.0,0.0,0.0,0.0,0.0,0.0,0.0,0.0,30008.0,Win32,1536x703,,GENUINE
77.72727272727273,12.510293282594494,286.05,210.1033900250065,3.495892326516343,0.0,0.0,0.0,0.0,0.0,0.0,0.0,0.0,0.0,0.0,Win32,1536x703,,IMPOSTOR
62.20909090909091,9.464810860661675,329.5,199.58036476567528,3.0349013657056143,0.0,0.0,0.0,0.0,0.0,0.0,0.0,0.0,0.0,0.0,Win32,1536x703,,IMPOSTOR
148.36363636363637,44.34146987204217,408.03,175.1528421122535,2.4508001862608144,0.0,0.0,0.0,0.0,0.0,0.0,0.0,0.0,0.0,0.0,Win32,1536x703,,IMPOSTOR
0.0,0.0,0.0,0.0,0.0,1126.8593,1603.3839,1.924525,25.316871,0.327436,0.641154,1.0,0.0,2682.94,29999.0,Win32,1536x703,,IMPOSTOR
0.0,0.0,0.0,0.0,0.0,998.3073,1311.233,-1.655043,21.865295,0.275113,0.630014,17.0,1586.67,4847.5,30000.0,Win32,1536x703,,GENUINE
151.78,38.43,421.2,368.31,2.07,986.0348,1363.9311,-1.621965,15.845311,0.270673,0.448181,2.0,0.0,1452.8,30010.0,Win32,1536x703,,GENUINE
0.0,0.0,0.0,0.0,0.0,676.7959,1039.2805,-1.40211,22.200142,0.504855,0.679439,0.0,0.0,507.01,30012.0,Win32,1536x703,,IMPOSTOR
0.0,0.0,0.0,0.0,0.0,882.4115,1597.3665,-3.62626,21.529134,0.238316,0.413117,0.0,0.0,1563.95,30012.0,Win32,1536x703,,IMPOSTOR
0.0,0.0,0.0,0.0,0.0,493.5627,667.4162,-0.526077,8.839589,0.204375,0.301266,0.0,718.0,993.34,30000.0,Win32,1536x703,,IMPOSTOR
100.94545454545457,31.17488393610716,373.59,330.4739882350803,2.6767311758880057,0.0,0.0,0.0,0.0,0.0,0.0,0.0,0.0,0.0,0.0,Win32,1536x703,,IMPOSTOR
56.190909090909095,9.087099201660916,196.36,110.31971899891695,5.092686901609289,0.0,0.0,0.0,0.0,0.0,0.0,0.0,0.0,0.0,0.0,Win32,1536x703,,IMPOSTOR
0.0,0.0,0.0,0.0,0.0,442.7276,418.3005,-0.635516,7.232864,0.27334,0.406764,9.0,482.22,1564.66,29994.0,Win32,1536x703,,GENUINE
78.08181818181819,17.466373833055137,350.27,170.81893366954378,2.854940474491107,0.0,0.0,0.0,0.0,0.0,0.0,0.0,0.0,0.0,0.0,Win32,1536x703,,IMPOSTOR
74.44545454545455,19.520216263535776,358.61,319.8387857968449,2.7885446585427065,0.0,0.0,0.0,0.0,0.0,0.0,0.0,0.0,0.0,0.0,Win32,1536x703,,IMPOSTOR
0.0,0.0,0.0,0.0,0.0,649.7317,1079.5981,-1.162957,18.308557,0.267252,0.463393,5.0,3730.0,2384.79,30002.0,Win32,1536x703,,IMPOSTOR
0.0,0.0,0.0,0.0,0.0,414.3524,393.4531,-0.532779,6.851286,0.307378,0.504334,24.0,1065.56,3658.3,30009.0,Win32,1536x703,,GENUINE
0.0,0.0,0.0,0.0,0.0,2955.9098,1754.7363,13.548779,31.072311,0.4972,0.923957,0.0,0.0,395.13,856.0,Win32,1536x703,,IMPOSTOR
0.0,0.0,0.0,0.0,0.0,902.4895,908.8195,-0.558514,18.004956,0.163228,0.298904,3.0,1403.89,887.45,29993.0,Win32,1536x703,,GENUINE
0.0,0.0,0.0,0.0,0.0,425.3044,449.3761,-0.613862,8.274157,0.280706,0.465491,25.0,1085.0,3721.75,30014.0,Win32,1536x703,,GENUINE
0.0,0.0,0.0,0.0,0.0,618.9147,755.9461,-0.200843,12.537798,0.249145,0.371676,9.0,5900.0,7959.63,29999.0,Win32,1536x703,,IMPOSTOR
86.91818181818181,14.350978312031437,298.12,236.6340879924108,3.354353951428955,0.0,0.0,0.0,0.0,0.0,0.0,0.0,0.0,0.0,0.0,Win32,1536x703,,IMPOSTOR
115.78181818181817,21.481781633485625,540.39,468.5762658308677,1.850515368530136,0.0,0.0,0.0,0.0,0.0,0.0,0.0,0.0,0.0,0.0,Win32,1536x703,,IMPOSTOR
0.0,0.0,0.0,0.0,0.0,1006.788,1566.3355,-1.208893,20.817347,0.205912,0.430945,4.0,1838.0,5462.1,29861.0,Win32,1536x703,,IMPOSTOR
131.83,26.95,701.58,551.4,1.27,0.0,0.0,0.0,0.0,0.0,0.0,0.0,0.0,0.0,30000.0,Win32,1536x703,,GENUINE
85.03,25.71,334.83,288.0,1.5,1360.6166,1665.4806,-0.610439,30.655214,0.288803,0.523184,3.0,3876.0,5578.99,30000.0,Win32,1536x703,,IMPOSTOR
0.0,0.0,0.0,0.0,0.0,893.7541,1549.3392,-1.239202,27.727618,0.230759,0.46219,6.0,1543.0,5302.26,30000.0,Win32,1536x703,,IMPOSTOR
135.15454545454548,34.3384058410183,358.11,206.49994406778904,2.792438077685627,0.0,0.0,0.0,0.0,0.0,0.0,0.0,0.0,0.0,0.0,Win32,1536x703,,IMPOSTOR
0.0,0.0,0.0,0.0,0.0,757.2125,1055.1842,-0.364065,15.016287,0.222493,0.33095,9.0,11000.0,7114.15,30002.0,Win32,1536x703,,IMPOSTOR
81.68181818181819,20.00271882346444,329.08,210.47222999721365,3.038774766014343,0.0,0.0,0.0,0.0,0.0,0.0,0.0,0.0,0.0,0.0,Win32,1536x703,,IMPOSTOR
88.14545454545454,18.30952874803736,406.75,230.10977923591167,2.4585125998770745,0.0,0.0,0.0,0.0,0.0,0.0,0.0,0.0,0.0,0.0,Win32,1536x703,,IMPOSTOR
0.0,0.0,0.0,0.0,0.0,1041.3666,1489.6455,-0.796395,22.763211,0.21513,0.385416,6.0,9036.0,7007.23,29999.0,Win32,1536x703,,IMPOSTOR
95.2,21.36,469.6,519.42,1.43,780.6771,1322.3176,-0.611051,20.635121,0.285101,0.441821,10.0,0.0,4466.02,29999.0,Win32,1536x703,,IMPOSTOR
0.0,0.0,0.0,0.0,0.0,493.3968,575.6647,-0.654218,10.886726,0.34275,0.538595,22.0,1438.89,3479.8,30002.0,Win32,1536x703,,GENUINE
156.3,40.37,503.39,499.38,1.57,1074.5312,1094.9198,-1.17922,15.095104,0.324927,0.439776,1.0,330.56,1041.95,29999.0,Win32,1536x703,,GENUINE
0.0,0.0,0.0,0.0,0.0,939.1131,1487.0567,-0.776179,22.449286,0.261936,0.460738,3.0,2822.0,4318.33,30004.0,Win32,1536x703,,IMPOSTOR
130.37,25.92,883.93,794.3,0.1,794.7861,1122.486,-0.26283,17.427103,0.270149,0.439904,10.0,500.0,10005.48,29997.0,Win32,1536x703,,IMPOSTOR
180.9,45.56,511.69,508.5,1.8,0.0,0.0,0.0,0.0,0.0,0.0,0.0,0.0,0.0,29994.0,Win32,1536x703,,GENUINE
0.0,0.0,0.0,0.0,0.0,326.207,558.3083,-1.010285,10.810005,0.499582,0.611567,10.0,141.0,1399.94,29996.0,Win32,1536x703,,IMPOSTOR
0.0,0.0,0.0,0.0,0.0,511.594,395.88,-1.487202,11.52056,0.057441,0.079222,0.0,321.0,111.43,30012.0,Win32,1536x703,,IMPOSTOR
0.0,0.0,0.0,0.0,0.0,1868.3503,1860.3612,-1.634912,31.146695,0.279676,0.514912,0.0,0.0,7245.7,29996.0,Win32,1536x703,,IMPOSTOR
83.4909090909091,17.99946739340587,294.62,258.7524639496212,3.3942027017853507,0.0,0.0,0.0,0.0,0.0,0.0,0.0,0.0,0.0,0.0,Win32,1536x703,,IMPOSTOR
0.0,0.0,0.0,0.0,0.0,661.4896,1287.5026,-0.538491,18.655096,0.208152,0.274528,1.0,544.0,1628.7,30001.0,Win32,1536x703,,IMPOSTOR
0.0,0.0,0.0,0.0,0.0,411.4444,629.1932,-0.900345,8.104238,0.379411,0.594238,3.0,587.22,677.81,16278.0,Win32,1536x703,,GENUINE
78.2090909090909,14.340499201749289,260.04,103.38773815109798,3.845562221196739,0.0,0.0,0.0,0.0,0.0,0.0,0.0,0.0,0.0,0.0,Win32,1536x703,,IMPOSTOR
0.0,0.0,0.0,0.0,0.0,4044.8073,1558.7363,-6.69009,51.779402,0.037617,0.024119,0.0,0.0,511.98,30000.0,Win32,1536x703,,IMPOSTOR
121.05454545454548,22.720609932448543,315.29,151.14467539414017,3.1716832122807577,0.0,0.0,0.0,0.0,0.0,0.0,0.0,0.0,0.0,0.0,Win32,1536x703,,IMPOSTOR
90.26363636363637,15.011769487322134,300.28,165.2165415447255,3.3302251232183298,0.0,0.0,0.0,0.0,0.0,0.0,0.0,0.0,0.0,0.0,Win32,1536x703,,IMPOSTOR
65.45454545454544,18.95930395904792,305.54,168.8220850481358,3.2728938927799955,0.0,0.0,0.0,0.0,0.0,0.0,0.0,0.0,0.0,0.0,Win32,1536x703,,IMPOSTOR
0.0,0.0,0.0,0.0,0.0,320.4599,455.0806,-1.510403,8.043981,0.428529,0.572943,19.0,1505.0,2953.39,30003.0,Win32,1536x703,,IMPOSTOR
147.21,23.84,451.67,435.59,1.7,868.7645,1392.3883,-2.422223,20.249815,0.216298,0.387928,3.0,0.0,1453.12,30002.0,Win32,1536x703,,GENUINE
114.63636363636364,25.98878334020529,484.25999999999993,347.4581045248477,2.0650064015198453,0.0,0.0,0.0,0.0,0.0,0.0,0.0,0.0,0.0,0.0,Win32,1536x703,,IMPOSTOR
86.71,23.72,304.5,307.92,2.83,822.3595,881.5887,0.329542,15.760715,0.271192,0.480544,2.0,0.0,1180.29,30000.0,Win32,1536x703,,IMPOSTOR
117.65,5.55,1154.35,845.65,0.07,662.7424,807.9944,-0.682187,17.125321,0.25969,0.382655,1.0,0.0,979.88,30003.0,Win32,1536x703,,IMPOSTOR
0.0,0.0,0.0,0.0,0.0,714.3858,608.9966,-5.610262,12.102127,0.213945,0.204648,0.0,190.56,158.99,2011.0,Win32,1536x703,,GENUINE
0.0,0.0,0.0,0.0,0.0,897.66,1146.0335,-0.420188,49.194363,0.314283,0.537657,11.0,6000.56,5228.16,29997.0,Win32,1536x703,,GENUINE
0.0,0.0,0.0,0.0,0.0,582.6187,837.0914,-1.452004,10.844634,0.297687,0.475741,14.0,1419.44,3498.38,30004.0,Win32,1536x703,,GENUINE
96.97,29.14,376.54,391.18,2.03,971.7288,1447.2415,-0.517135,25.566716,0.290969,0.462499,7.0,0.0,3673.76,29994.0,Win32,1536x703,,IMPOSTOR
101.40909090909092,15.76281323215293,246.8,139.42003442834175,4.051863857374392,0.0,0.0,0.0,0.0,0.0,0.0,0.0,0.0,0.0,0.0,Win32,1536x703,,IMPOSTOR
0.0,0.0,0.0,0.0,0.0,1049.7934,1386.0806,-0.550008,21.372355,0.269231,0.534516,7.0,5591.0,5644.84,30000.0,Win32,1536x703,,IMPOSTOR
0.0,0.0,0.0,0.0,0.0,331.4592,404.3585,-0.565078,6.837462,0.367069,0.453056,8.0,136.11,1187.6,29991.0,Win32,1536x703,,GENUINE
89.65454545454544,19.71586180240596,1224.65,1383.4170341946783,0.816559833421794,0.0,0.0,0.0,0.0,0.0,0.0,0.0,0.0,0.0,0.0,Win32,1536x703,,IMPOSTOR
0.0,0.0,0.0,0.0,0.0,1486.5741,1747.7933,-1.745895,27.836508,0.221324,0.430354,1.0,1800.0,2421.79,34073.0,Win32,1536x703,,IMPOSTOR
106.33636363636364,30.523620443169545,621.59,361.3968440648037,1.6087774899853602,0.0,0.0,0.0,0.0,0.0,0.0,0.0,0.0,0.0,0.0,Win32,1536x703,,IMPOSTOR
0.0,0.0,0.0,0.0,0.0,891.994,1151.7412,-0.275167,15.991948,0.225295,0.35959,13.0,1700.0,14714.36,29995.0,Win32,1536x703,,IMPOSTOR
0.0,0.0,0.0,0.0,0.0,958.9151,1309.2086,-0.53476,19.762594,0.216486,0.285044,3.0,3451.0,4419.65,30000.0,Win32,1536x703,,IMPOSTOR
86.25454545454546,30.358954456675207,480.99,244.78231329080947,2.079045302397139,0.0,0.0,0.0,0.0,0.0,0.0,0.0,0.0,0.0,0.0,Win32,1536x703,,IMPOSTOR
0.0,0.0,0.0,0.0,0.0,0.0,0.0,0.0,0.0,0.0,0.0,0.0,0.0,0.0,30004.0,Win32,1536x703,,IMPOSTOR
117.87,25.76,457.32,425.79,1.43,772.9241,968.4089,-2.315633,16.641052,0.243406,0.409177,2.0,0.0,2109.16,30003.0,Win32,1536x703,,IMPOSTOR
164.5,45.58,529.63,494.83,1.37,834.9509,878.6064,2.677451,12.06952,0.467637,0.623593,0.0,451.11,354.56,30002.0,Win32,1536x703,,GENUINE
0.0,0.0,0.0,0.0,0.0,843.5227,987.7926,-1.189605,16.787715,0.241411,0.533595,11.0,999.44,3565.05,30007.0,Win32,1536x703,,GENUINE
83.34,22.05,309.97,330.79,2.63,740.9352,660.7333,-0.178561,11.823123,0.259555,0.416769,3.0,0.0,1930.67,30003.0,Win32,1536x703,,IMPOSTOR
0.0,0.0,0.0,0.0,0.0,448.3233,778.0628,-2.120089,13.583505,0.370531,0.583836,18.0,836.0,4331.85,30011.0,Win32,1536x703,,IMPOSTOR
97.51,32.14,333.46,296.78,2.77,783.2187,1288.8972,-1.250945,23.195611,0.187112,0.262553,4.0,0.0,1239.61,30001.0,Win32,1536x703,,IMPOSTOR
0.0,0.0,0.0,0.0,0.0,331.2515,507.635,-1.019577,9.571739,0.422761,0.57916,18.0,871.0,2973.56,29992.0,Win32,1536x703,,IMPOSTOR
0.0,0.0,0.0,0.0,0.0,0.0,0.0,0.0,0.0,0.0,0.0,0.0,0.0,0.0,30233.0,Win32,1536x703,,IMPOSTOR
56.74545454545455,8.175836197029705,258.67999999999995,200.53126339800485,3.865780114427092,0.0,0.0,0.0,0.0,0.0,0.0,0.0,0.0,0.0,0.0,Win32,1536x703,,IMPOSTOR
94.84545454545456,21.61532973005138,331.11999999999995,323.2626387320379,3.020053152935492,0.0,0.0,0.0,0.0,0.0,0.0,0.0,0.0,0.0,0.0,Win32,1536x703,,IMPOSTOR
0.0,0.0,0.0,0.0,0.0,653.7453,822.2072,-0.23433,13.606803,0.367349,0.517631,0.0,300.0,6188.92,29994.0,Win32,1536x703,,IMPOSTOR
100.50909090909092,27.16265666968848,304.58,176.72441144335434,3.2832096657692564,0.0,0.0,0.0,0.0,0.0,0.0,0.0,0.0,0.0,0.0,Win32,1536x703,,IMPOSTOR
0.0,0.0,0.0,0.0,0.0,963.9453,1286.8384,-1.501965,23.607017,0.225628,0.411917,4.0,9122.0,3952.68,29999.0,Win32,1536x703,,IMPOSTOR
95.29090909090912,21.74218582912259,270.02000000000004,114.06646132847288,3.703429375601807,0.0,0.0,0.0,0.0,0.0,0.0,0.0,0.0,0.0,0.0,Win32,1536x703,,IMPOSTOR
275.8,0.0,2000.0,0.0,0.03,1348.0121,1800.6974,-0.357522,25.721559,0.333111,0.473683,4.0,3600.0,13089.97,30000.0,Win32,1536x703,,IMPOSTOR
76.78181818181818,13.833609808382574,363.16,207.24992255728347,2.75360722546536,0.0,0.0,0.0,0.0,0.0,0.0,0.0,0.0,0.0,0.0,Win32,1536x703,,IMPOSTOR
87.42,25.93,295.38,272.75,2.77,567.2743,699.5586,-0.616439,10.351967,0.205566,0.333965,3.0,0.0,1345.07,29997.0,Win32,1536x703,,IMPOSTOR
0.0,0.0,0.0,0.0,0.0,843.4813,1142.8924,-0.628442,15.391164,0.267933,0.400592,5.0,8100.0,7816.17,30002.0,Win32,1536x703,,IMPOSTOR
0.0,0.0,0.0,0.0,0.0,1029.6697,1335.7511,-0.756277,22.495194,0.2381,0.469749,1.0,5541.67,5330.6,29999.0,Win32,1536x703,,GENUINE
0.0,0.0,0.0,0.0,0.0,1203.8247,895.001,-2.556112,21.072789,0.109538,0.083946,0.0,1586.67,504.66,29989.0,Win32,1536x703,,GENUINE
0.0,0.0,0.0,0.0,0.0,1409.5235,1555.1553,-1.853652,27.09971,0.215366,0.278838,0.0,300.0,1361.67,29989.0,Win32,1536x703,,IMPOSTOR
110.70000000000002,13.096495020354944,247.39,151.99997664473506,4.042200573992481,0.0,0.0,0.0,0.0,0.0,0.0,0.0,0.0,0.0,0.0,Win32,1536x703,,IMPOSTOR
0.0,0.0,0.0,0.0,0.0,542.1263,761.1426,-1.105788,9.782293,0.257937,0.445708,2.0,796.0,873.8,30000.0,Win32,1536x703,,IMPOSTOR
0.0,0.0,0.0,0.0,0.0,0.0,0.0,0.0,0.0,0.0,0.0,0.0,0.0,0.0,18630.0,Win32,1536x703,,IMPOSTOR
0.0,0.0,0.0,0.0,0.0,733.7996,1177.2812,-1.031517,20.322164,0.245294,0.453096,5.0,4933.0,2751.6,30000.0,Win32,1536x703,,IMPOSTOR
0.0,0.0,0.0,0.0,0.0,1774.6171,1905.1807,-2.888415,19.240743,0.212068,0.451785,1.0,0.0,2447.46,29990.0,Win32,1536x703,,IMPOSTOR
0.0,0.0,0.0,0.0,0.0,480.6449,528.5825,-0.403376,7.39467,0.236562,0.396118,2.0,0.0,611.32,30005.0,Win32,1536x703,,IMPOSTOR
155.89,34.27,383.91,388.44,2.0,900.8001,1565.4071,-1.35643,23.466708,0.363288,0.455549,3.0,0.0,1519.32,30003.0,Win32,1536x703,,GENUINE
158.23,40.23,1371.76,645.24,0.27,470.2747,903.293,-0.553495,13.639243,0.318249,0.589623,8.0,0.0,2072.97,30002.0,Win32,1536x703,,GENUINE
102.28181818181818,22.49613373577449,310.0300000000001,167.18265490175708,3.2254943070025472,0.0,0.0,0.0,0.0,0.0,0.0,0.0,0.0,0.0,0.0,Win32,1536x703,,IMPOSTOR
0.0,0.0,0.0,0.0,0.0,0.0,0.0,0.0,0.0,0.0,0.0,2.0,0.0,0.0,1665.0,Win32,1536x703,,IMPOSTOR
111.85,26.15,366.11,364.26,2.17,739.4525,1281.4596,-3.182266,17.569923,0.336204,0.498039,2.0,0.0,1834.08,29996.0,Win32,1536x703,,IMPOSTOR
64.57272727272728,17.719998507546155,354.85,267.4811068094343,2.818092151613358,0.0,0.0,0.0,0.0,0.0,0.0,0.0,0.0,0.0,0.0,Win32,1536x703,,IMPOSTOR
167.42,88.24,383.12,328.06,1.77,1032.1124,1374.0155,-1.622563,21.849653,0.302935,0.476194,5.0,0.0,4297.08,29997.0,Win32,1536x703,,GENUINE
65.82727272727271,21.0221567490152,235.68,145.79351700264314,4.243041412084183,0.0,0.0,0.0,0.0,0.0,0.0,0.0,0.0,0.0,0.0,Win32,1536x703,,IMPOSTOR
0.0,0.0,0.0,0.0,0.0,28.7934,18.0791,-0.16239,0.224907,0.0,0.0,0.0,0.0,6.0,30002.0,Win32,1536x703,,GENUINE
0.0,0.0,0.0,0.0,0.0,0.0,0.0,0.0,0.0,0.0,0.0,0.0,0.0,0.0,59995.0,Win32,1536x703,,IMPOSTOR
107.72,151.89,317.18,358.82,2.93,904.9793,1157.6224,-3.835942,31.371268,0.289125,0.440928,3.0,0.0,1027.13,29998.0,Win32,1536x703,,IMPOSTOR
82.03636363636365,15.866102960100058,360.14000000000004,288.38200082529426,2.7766979507969123,0.0,0.0,0.0,0.0,0.0,0.0,0.0,0.0,0.0,0.0,Win32,1536x703,,IMPOSTOR
0.0,0.0,0.0,0.0,0.0,404.3261,514.4273,-0.696196,8.09967,0.330481,0.5119,20.0,1127.78,3306.94,30000.0,Win32,1536x703,,GENUINE
89.45454545454544,18.163618163609048,233.17,115.89809359950664,4.288716387185315,0.0,0.0,0.0,0.0,0.0,0.0,0.0,0.0,0.0,0.0,Win32,1536x703,,IMPOSTOR
120.09,27.71,384.62,365.55,2.63,0.0,0.0,0.0,0.0,0.0,0.0,0.0,0.0,0.0,29997.0,Win32,1536x703,,IMPOSTOR
0.0,0.0,0.0,0.0,0.0,0.0,0.0,0.0,0.0,0.0,0.0,0.0,0.0,0.0,59993.0,Win32,1536x703,,IMPOSTOR
0.0,0.0,0.0,0.0,0.0,511.2252,548.0561,-0.76116,9.246326,0.142683,0.327876,14.0,567.78,2496.29,30010.0,Win32,1536x703,,GENUINE
0.0,0.0,0.0,0.0,0.0,372.6659,362.4224,-0.200471,6.024553,0.28613,0.364149,26.0,300.0,5882.75,30006.0,Win32,1536x703,,IMPOSTOR
0.0,0.0,0.0,0.0,0.0,697.61,923.7944,-0.755279,16.423767,0.225177,0.390887,7.0,1622.0,4232.12,30000.0,Win32,1536x703,,IMPOSTOR
0.0,0.0,0.0,0.0,0.0,0.0,0.0,0.0,0.0,0.0,0.0,0.0,0.0,0.0,60008.0,Win32,1536x703,,IMPOSTOR
154.25454545454545,34.635724164939184,478.2800000000001,226.6352876319132,2.090825457890775,0.0,0.0,0.0,0.0,0.0,0.0,0.0,0.0,0.0,0.0,Win32,1536x703,,IMPOSTOR
0.0,0.0,0.0,0.0,0.0,0.0,0.0,0.0,0.0,0.0,0.0,0.0,0.0,0.0,60000.0,Win32,1536x703,,IMPOSTOR
133.05454545454543,15.269420637718063,306.93000000000006,165.26663940432746,3.25807187306552,0.0,0.0,0.0,0.0,0.0,0.0,0.0,0.0,0.0,0.0,Win32,1536x703,,IMPOSTOR
87.29,23.56,338.79,350.25,2.73,99.5948,60.5425,-0.29028,1.505616,0.22143,0.255358,2.0,0.0,24.68,30004.0,Win32,1536x703,,IMPOSTOR
69.94545454545455,12.59252040887502,278.34000000000003,221.268358334399,3.592728317884601,0.0,0.0,0.0,0.0,0.0,0.0,0.0,0.0,0.0,0.0,Win32,1536x703,,IMPOSTOR
148.44,70.39,355.35,253.11,2.27,1030.2457,1170.6538,-1.440218,18.725631,0.133062,0.301435,0.0,0.0,941.01,29998.0,Win32,1536x703,,GENUINE
63.76363636363637,18.32257786186573,275.14,239.3214499371087,3.634513338663953,0.0,0.0,0.0,0.0,0.0,0.0,0.0,0.0,0.0,0.0,Win32,1536x703,,IMPOSTOR
0.0,0.0,0.0,0.0,0.0,799.0936,910.981,-1.377141,14.077977,0.291022,0.484032,2.0,587.0,1268.04,29998.0,Win32,1536x703,,IMPOSTOR
94.18,37.79,293.28,252.84,3.27,1010.8832,1581.756,-2.071241,24.069105,0.119874,0.202828,4.0,0.0,1312.51,30000.0,Win32,1536x703,,IMPOSTOR
0.0,0.0,0.0,0.0,0.0,385.2303,460.3103,-0.389268,7.883008,0.322299,0.483505,22.0,1446.67,3234.1,30004.0,Win32,1536x703,,GENUINE
104.82727272727271,18.53395365313426,354.46,298.396471829008,2.8211928003159734,0.0,0.0,0.0,0.0,0.0,0.0,0.0,0.0,0.0,0.0,Win32,1536x703,,IMPOSTOR
92.91,23.95,307.36,319.93,2.7,521.7419,636.2985,-0.247473,14.024188,0.233475,0.271697,3.0,0.0,1245.37,30007.0,Win32,1536x703,,IMPOSTOR
0.0,0.0,0.0,0.0,0.0,390.9982,422.3223,-0.644719,9.284832,0.36839,0.550818,25.0,1143.33,3129.27,30002.0,Win32,1536x703,,GENUINE
122.64,40.07,676.4,651.68,0.33,738.5416,1045.2916,-0.053816,16.742976,0.324054,0.545115,7.0,0.0,2533.55,30008.0,Win32,1536x703,,GENUINE
101.12727272727273,14.47418334383928,430.50999999999993,160.89204113317723,2.3228264151819937,0.0,0.0,0.0,0.0,0.0,0.0,0.0,0.0,0.0,0.0,Win32,1536x703,,IMPOSTOR
183.31,244.92,443.89,437.51,1.9,0.0,0.0,0.0,0.0,0.0,0.0,0.0,0.0,0.0,29993.0,Win32,1536x703,,GENUINE
147.92,247.2,502.8,454.2,1.37,887.8599,1188.542,-1.46237,16.701563,0.226545,0.288023,3.0,0.0,3231.09,29999.0,Win32,1536x703,,IMPOSTOR
144.56,31.34,451.02,387.13,1.17,829.1269,880.5982,-0.312096,16.220922,0.313999,0.559729,1.0,0.0,730.28,29992.0,Win32,1536x703,,GENUINE
156.89,33.36,482.91,458.0,1.97,0.0,0.0,0.0,0.0,0.0,0.0,0.0,0.0,0.0,29997.0,Win32,1536x703,,GENUINE
87.7090909090909,19.14131441033692,266.2099999999999,159.88895803025298,3.756432891326397,0.0,0.0,0.0,0.0,0.0,0.0,0.0,0.0,0.0,0.0,Win32,1536x703,,IMPOSTOR
67.55454545454545,13.87105315765459,265.14,189.1544934702848,3.771592366297051,0.0,0.0,0.0,0.0,0.0,0.0,0.0,0.0,0.0,0.0,Win32,1536x703,,IMPOSTOR
95.3,21.41932008088195,309.75,194.92347857556825,3.228410008071025,0.0,0.0,0.0,0.0,0.0,0.0,0.0,0.0,0.0,0.0,Win32,1536x703,,IMPOSTOR
0.0,0.0,0.0,0.0,0.0,1229.8155,1241.261,-0.508742,21.530051,0.318156,0.571956,1.0,3126.0,3264.65,29999.0,Win32,1536x703,,IMPOSTOR
0.0,0.0,0.0,0.0,0.0,1129.8937,1504.9546,-0.810938,25.358542,0.297145,0.482013,2.0,318.89,1765.3,30005.0,Win32,1536x703,,GENUINE
156.12,30.04,422.63,412.36,2.13,0.0,0.0,0.0,0.0,0.0,0.0,0.0,0.0,0.0,29995.0,Win32,1536x703,,GENUINE
67.01818181818182,13.41354933584411,478.38000000000005,427.86806097207113,2.0903883941636354,0.0,0.0,0.0,0.0,0.0,0.0,0.0,0.0,0.0,0.0,Win32,1536x703,,IMPOSTOR
111.10909090909092,28.437761532718,395.26,283.072920640601,2.529980266153924,0.0,0.0,0.0,0.0,0.0,0.0,0.0,0.0,0.0,0.0,Win32,1536x703,,IMPOSTOR
0.0,0.0,0.0,0.0,0.0,1182.8905,1369.5671,-0.6426,22.791443,0.274492,0.462809,3.0,1615.0,8690.7,29999.0,Win32,1536x703,,IMPOSTOR
158.3,160.54,683.13,668.13,0.53,411.799,605.9837,-0.554729,8.445452,0.39556,0.606969,9.0,0.0,823.57,30000.0,Win32,1536x703,,GENUINE
76.38181818181818,17.09438069190193,337.82,234.97542765148864,2.960156296252442,0.0,0.0,0.0,0.0,0.0,0.0,0.0,0.0,0.0,0.0,Win32,1536x703,,IMPOSTOR
81.73636363636363,20.228255338748,361.57,248.61658050097947,2.765716182205382,0.0,0.0,0.0,0.0,0.0,0.0,0.0,0.0,0.0,0.0,Win32,1536x703,,IMPOSTOR
110.93,17.32,409.28,395.64,2.07,583.8521,834.1863,-2.156678,16.022276,0.306222,0.471642,3.0,0.0,734.96,29997.0,Win32,1536x703,,IMPOSTOR
124.27,29.37,391.84,373.95,1.93,465.5825,873.4627,-1.471705,14.655469,0.291338,0.467157,2.0,0.0,1065.82,30001.0,Win32,1536x703,,IMPOSTOR
167.61,39.19,610.15,495.85,1.2,0.0,0.0,0.0,0.0,0.0,0.0,0.0,0.0,0.0,30003.0,Win32,1536x703,,GENUINE
67.08181818181819,19.203636880067474,504.33,286.4023709748228,1.9828287034283103,0.0,0.0,0.0,0.0,0.0,0.0,0.0,0.0,0.0,0.0,Win32,1536x703,,IMPOSTOR
81.56363636363636,15.057844390414932,250.06,136.8700127858546,3.999040230344717,0.0,0.0,0.0,0.0,0.0,0.0,0.0,0.0,0.0,0.0,Win32,1536x703,,IMPOSTOR
80.82,24.56,460.85,381.56,1.07,535.501,896.73,-0.723944,16.694734,0.261612,0.457206,13.0,667.0,3270.45,30000.0,Win32,1536x703,,IMPOSTOR
0.0,0.0,0.0,0.0,0.0,0.0,0.0,0.0,0.0,0.0,0.0,0.0,0.0,0.0,46765.0,Win32,1536x703,,IMPOSTOR
0.0,0.0,0.0,0.0,0.0,599.1303,768.9831,-1.841622,13.806804,0.447377,0.578019,1.0,0.0,433.01,29993.0,Win32,1536x703,,IMPOSTOR
142.81,28.77,417.67,409.04,2.0,484.018,758.4232,-0.641439,9.687928,0.418601,0.440055,2.0,0.0,882.01,30002.0,Win32,1536x703,,GENUINE
0.0,0.0,0.0,0.0,0.0,365.3604,345.4014,-0.034748,5.893033,0.286608,0.367515,30.0,400.0,5740.84,30002.0,Win32,1536x703,,IMPOSTOR
90.7,30.48,376.89,406.24,1.87,276.429,281.1026,-0.358102,6.19484,0.236508,0.356685,0.0,0.0,379.62,30000.0,Win32,1536x703,,IMPOSTOR
0.0,0.0,0.0,0.0,0.0,574.0222,654.7551,-0.455248,12.187147,0.237424,0.384679,9.0,1100.0,3364.21,30001.0,Win32,1536x703,,IMPOSTOR
89.1,23.01,413.15,433.5,2.03,883.4758,1238.1123,-0.590535,27.440696,0.322537,0.456895,4.0,0.0,1810.93,30006.0,Win32,1536x703,,IMPOSTOR
83.24,21.87,285.74,302.23,3.2,894.3577,1024.448,-0.199971,16.223873,0.190175,0.26456,4.0,0.0,1018.26,30000.0,Win32,1536x703,,IMPOSTOR
82.93636363636362,16.542687081238302,303.65000000000003,247.7630531374685,3.293265272517701,0.0,0.0,0.0,0.0,0.0,0.0,0.0,0.0,0.0,0.0,Win32,1536x703,,IMPOSTOR
78.52727272727272,10.698775708130931,296.02,225.89753340840176,3.378150124991554,0.0,0.0,0.0,0.0,0.0,0.0,0.0,0.0,0.0,0.0,Win32,1536x703,,IMPOSTOR
121.02,28.02,521.2,457.96,1.4,272.6063,336.3623,-0.21315,7.333268,0.44224,0.623259,1.0,0.0,613.0,29996.0,Win32,1536x703,,IMPOSTOR
91.36363636363636,14.909074279369886,290.48,243.09817276154087,3.442577802258332,0.0,0.0,0.0,0.0,0.0,0.0,0.0,0.0,0.0,0.0,Win32,1536x703,,IMPOSTOR
0.0,0.0,0.0,0.0,0.0,707.5812,832.8653,-0.332462,14.909107,0.253853,0.394208,11.0,10300.0,8631.61,30002.0,Win32,1536x703,,IMPOSTOR
95.2,13.794201680416306,253.73,122.61021205429832,3.941197335750601,0.0,0.0,0.0,0.0,0.0,0.0,0.0,0.0,0.0,0.0,Win32,1536x703,,IMPOSTOR
101.57,101.53,351.51,391.43,1.27,474.6467,702.4971,-0.233862,11.392186,0.312612,0.432912,14.0,300.0,3903.5,30004.0,Win32,1536x703,,IMPOSTOR
62.118181818181824,11.079860368484976,257.9699999999999,169.53971835531635,3.876419738729311,0.0,0.0,0.0,0.0,0.0,0.0,0.0,0.0,0.0,0.0,Win32,1536x703,,IMPOSTOR
0.0,0.0,0.0,0.0,0.0,2147.2246,2426.8276,0.578841,34.886596,0.187314,0.307833,0.0,0.0,2357.72,29845.0,Win32,1536x703,,IMPOSTOR
144.35,31.49,747.65,518.2,1.17,0.0,0.0,0.0,0.0,0.0,0.0,0.0,0.0,0.0,30000.0,Win32,1536x703,,GENUINE
84.51,30.95,550.28,548.32,1.43,347.8714,599.4317,-0.617731,14.493185,0.234244,0.29581,1.0,0.0,385.93,30001.0,Win32,1536x703,,IMPOSTOR
81.76363636363635,13.98331946071804,234.56000000000003,117.8207893370266,4.263301500682128,0.0,0.0,0.0,0.0,0.0,0.0,0.0,0.0,0.0,0.0,Win32,1536x703,,IMPOSTOR
119.94,20.72,484.04,497.22,0.93,0.0,0.0,0.0,0.0,0.0,0.0,0.0,0.0,0.0,29996.0,Win32,1536x703,,IMPOSTOR
97.63,31.4,394.14,400.88,2.47,0.0,0.0,0.0,0.0,0.0,0.0,0.0,0.0,0.0,30000.0,Win32,1536x703,,IMPOSTOR
0.0,0.0,0.0,0.0,0.0,1526.6686,509.0371,2.22748,14.788038,0.127781,0.085117,0.0,1230.0,227.94,29999.0,Win32,1536x703,,IMPOSTOR
88.50000000000001,14.289792924258276,299.34000000000003,269.51888690776383,3.3406828355715903,0.0,0.0,0.0,0.0,0.0,0.0,0.0,0.0,0.0,0.0,Win32,1536x703,,IMPOSTOR
0.0,0.0,0.0,0.0,0.0,595.6181,841.1739,-1.336964,20.113584,0.363321,0.546791,3.0,379.0,1997.83,29993.0,Win32,1536x703,,IMPOSTOR
153.96,36.75,420.66,362.0,1.73,742.745,948.6238,-0.722495,18.093309,0.214225,0.425127,3.0,357.78,1334.97,29998.0,Win32,1536x703,,GENUINE
101.54545454545456,19.80345991975616,277.52000000000004,185.0737950116115,3.603343903142116,0.0,0.0,0.0,0.0,0.0,0.0,0.0,0.0,0.0,0.0,Win32,1536x703,,IMPOSTOR
134.51,200.23,474.57,429.29,1.73,782.5999,1050.4556,-0.424262,20.73791,0.268141,0.418327,4.0,0.0,1775.06,29997.0,Win32,1536x703,,IMPOSTOR
0.0,0.0,0.0,0.0,0.0,855.897,1364.8796,-0.870709,20.547064,0.194326,0.354482,3.0,4027.0,6952.62,30001.0,Win32,1536x703,,IMPOSTOR
92.3,22.23,348.53,367.94,2.2,887.0411,968.4058,-0.359531,16.635416,0.233552,0.375768,4.0,0.0,2357.23,29999.0,Win32,1536x703,,IMPOSTOR
0.0,0.0,0.0,0.0,0.0,0.0,0.0,0.0,0.0,0.0,0.0,0.0,0.0,0.0,30009.0,Win32,1536x703,,IMPOSTOR
0.0,0.0,0.0,0.0,0.0,1318.6259,1595.2639,-1.954569,25.460576,0.281435,0.573355,16.0,4900.0,7406.47,30000.0,Win32,1536x703,,GENUINE
73.12727272727273,12.431930363462609,376.0,319.3806099311603,2.6595744680851063,0.0,0.0,0.0,0.0,0.0,0.0,0.0,0.0,0.0,0.0,Win32,1536x703,,IMPOSTOR
0.0,0.0,0.0,0.0,0.0,0.0,0.0,0.0,0.0,0.0,0.0,0.0,0.0,0.0,60003.0,Win32,1536x703,,IMPOSTOR
