dwellMeanMs,dwellStdMs,flightMeanMs,flightStdMs,keysPerSec,velocityMean,velocityStd,accelerationMean,accelerationStd,curvatureMean,curvatureStd,clickCount,scrollAmount,mouseTravelPx,windowDurationMs,platform,viewport,userLabel,label
0.0854545454545454,0.0158493110625359,0.212385,0.205912195547034,1927.636524856873,0.0,0.0,0.0,0.0,0.0,0.0,0.0,0.0,0.0,5.1877,Win32,950x947,,IMPOSTOR
0.0828818181818181,0.0167257459777552,0.15199,0.1351263405113895,2530.684550170821,0.0,0.0,0.0,0.0,0.0,0.0,0.0,0.0,0.0,3.9515,Win32,1912x948,,IMPOSTOR
120.09,27.71,384.62,365.55,2.63,0.0,0.0,0.0,0.0,0.0,0.0,0.0,0.0,0.0,29997.0,Win32,1912x948,,IMPOSTOR
0.0,0.0,0.0,0.0,0.0,428.7463,567.9131,-0.078526,9.36138,0.281711,0.394543,27.0,600.0,6888.53,30002.0,Win32,1052x947,,GENUINE
0.0,0.0,0.0,0.0,0.0,649.7317,1079.5981,-1.162957,18.308557,0.267252,0.463393,5.0,3730.0,2384.79,30002.0,Win32,1912x948,,IMPOSTOR
0.0,0.0,0.0,0.0,0.0,0.0,0.0,0.0,0.0,0.0,0.0,0.0,0.0,0.0,29798.0,Win32,1052x947,,GENUINE
0.0,0.0,0.0,0.0,0.0,0.0,0.0,0.0,0.0,0.0,0.0,0.0,0.0,0.0,30011.0,Win32,1912x948,,IMPOSTOR
145.37,32.56,427.27,397.79,2.07,1446.0689,1730.2342,-1.707107,27.600964,0.246829,0.527121,2.0,198.33,1091.06,30000.0,Win32,1912x948,,IMPOSTOR
0.0,0.0,0.0,0.0,0.0,841.6049,1231.7361,-0.373324,16.711208,0.296844,0.48623,2.0,0.0,5002.7,30008.0,Win32,1052x947,,GENUINE
0.1179636363636364,0.023589992975731,0.2254299999999999,0.1388334545417638,1722.2968550859428,0.0,0.0,0.0,0.0,0.0,0.0,0.0,0.0,0.0,5.8062,Win32,1912x948,,IMPOSTOR
94.18,37.79,293.28,252.84,3.27,1010.8832,1581.756,-2.071241,24.069105,0.119874,0.202828,4.0,0.0,1312.51,30000.0,Win32,1912x948,,IMPOSTOR
115.7,63.76,287.06,240.87,3.37,745.8577,1015.8862,-0.233224,21.903126,0.683175,0.699873,1.0,0.0,367.0,29998.0,Win32,1912x948,,IMPOSTOR
0.0889727272727272,0.0149078436285363,0.1775949999999999,0.1416858090106415,2207.213172648215,0.0,0.0,0.0,0.0,0.0,0.0,0.0,0.0,0.0,4.530599999999999,Win32,1912x948,,IMPOSTOR
0.0,0.0,0.0,0.0,0.0,0.0,0.0,0.0,0.0,0.0,0.0,0.0,0.0,0.0,29997.0,Win32,1052x947,,GENUINE
0.1344636363636363,0.0227632188460113,0.16831,0.1626662807714002,2063.8556952097906,0.0,0.0,0.0,0.0,0.0,0.0,0.0,0.0,0.0,4.845300000000001,Win32,1912x948,,IMPOSTOR
0.0,0.0,0.0,0.0,0.0,1312.8452,1350.3674,-0.55123,23.991791,0.251597,0.532829,4.0,1030.56,3035.15,30008.0,Win32,1912x948,,IMPOSTOR
0.0857181818181818,0.0153494339950026,0.15703,0.1093226650791134,2448.879637565813,0.0,0.0,0.0,0.0,0.0,0.0,0.0,0.0,0.0,4.0835,Win32,1912x948,,IMPOSTOR
0.0,0.0,0.0,0.0,0.0,505.3719,615.3672,-0.733083,9.817543,0.321568,0.51811,17.0,762.22,3096.74,30001.0,Win32,1912x948,,IMPOSTOR
0.0894272727272727,0.017378151952646,0.266055,0.2790129485794521,1586.09313538891,0.0,0.0,0.0,0.0,0.0,0.0,0.0,0.0,0.0,6.3048,Win32,1912x948,,IMPOSTOR
275.7,0.0,2000.0,0.0,0.03,755.2165,975.1505,-0.254093,15.321797,0.216802,0.310307,7.0,1300.0,10648.8,30011.0,Win32,1052x947,,GENUINE
0.0,0.0,0.0,0.0,0.0,0.0,0.0,0.0,0.0,0.0,0.0,0.0,2323.0,0.0,30000.0,Win32,1912x948,,IMPOSTOR
142.56,29.98,361.42,357.59,2.33,793.9449,1098.3877,-0.496031,13.396154,0.362165,0.68274,2.0,0.0,1185.67,30014.0,Win32,1912x948,,IMPOSTOR
0.0930363636363636,0.0194122863028581,0.16102,0.1115280529732318,2356.3787171874264,0.0,0.0,0.0,0.0,0.0,0.0,0.0,0.0,0.0,4.2438,Win32,1912x948,,IMPOSTOR
0.0870818181818181,0.0178727735133037,0.1681149999999999,0.1195969116449083,2314.707652423499,0.0,0.0,0.0,0.0,0.0,0.0,0.0,0.0,0.0,4.3202,Win32,1912x948,,IMPOSTOR
0.0944363636363636,0.0201128304923305,0.139575,0.1049025398882219,2610.761559146803,0.0,0.0,0.0,0.0,0.0,0.0,0.0,0.0,0.0,3.8303,Win32,1912x948,,IMPOSTOR
119.94,20.72,484.04,497.22,0.93,0.0,0.0,0.0,0.0,0.0,0.0,0.0,0.0,0.0,29996.0,Win32,1912x948,,IMPOSTOR
0.0,0.0,0.0,0.0,0.0,541.5007,601.0598,-1.484016,12.342455,0.347849,0.401257,1.0,0.0,410.76,29996.0,Win32,1912x948,,IMPOSTOR
0.0,0.0,0.0,0.0,0.0,326.207,558.3083,-1.010285,10.810005,0.499582,0.611567,10.0,141.0,1399.94,29996.0,Win32,1912x948,,IMPOSTOR
142.4,0.0,2000.0,0.0,0.03,286.9978,466.9155,-0.312572,6.030464,0.307722,0.516211,1.0,0.0,1574.07,30013.0,Win32,1912x948,,IMPOSTOR
0.0,0.0,0.0,0.0,0.0,0.0,0.0,0.0,0.0,0.0,0.0,0.0,0.0,0.0,30001.0,Win32,1912x948,,IMPOSTOR
130.55,173.65,333.24,354.04,2.2,527.5472,1120.2531,1.871236,17.120366,0.335647,0.54043,1.0,0.0,1276.93,29988.0,Win32,1052x947,,GENUINE
0.0,0.0,0.0,0.0,0.0,574.0222,654.7551,-0.455248,12.187147,0.237424,0.384679,9.0,1100.0,3364.21,30001.0,Win32,1052x947,,GENUINE
0.0952636363636363,0.0212596618773793,0.192145,0.1528398687352223,2044.6552711212887,0.0,0.0,0.0,0.0,0.0,0.0,0.0,0.0,0.0,4.8908000000000005,Win32,1052x947,,IMPOSTOR
83.65,25.61,370.63,404.35,2.13,793.0206,1051.4824,-0.312198,17.054052,0.234092,0.375863,6.0,0.0,2500.32,29989.0,Win32,1052x947,,GENUINE
0.0,0.0,0.0,0.0,0.0,0.0,0.0,0.0,0.0,0.0,0.0,0.0,0.0,0.0,30000.0,Win32,1912x948,,IMPOSTOR
0.0888272727272727,0.0169431719102464,0.121505,0.1061412194908274,2934.961258511388,0.0,0.0,0.0,0.0,0.0,0.0,0.0,0.0,0.0,3.4072,Win32,1912x948,,IMPOSTOR
0.0,0.0,0.0,0.0,0.0,1029.6697,1335.7511,-0.756277,22.495194,0.2381,0.469749,1.0,5541.67,5330.6,29999.0,Win32,1912x948,,IMPOSTOR
150.85,33.37,453.55,458.25,1.47,678.8694,822.7691,-0.782478,12.21182,0.308202,0.518241,4.0,0.0,2729.12,30003.0,Win32,1912x948,,IMPOSTOR
0.0,0.0,0.0,0.0,0.0,0.0,0.0,0.0,0.0,0.0,0.0,0.0,0.0,0.0,30002.0,Win32,1912x948,,IMPOSTOR
0.0888727272727272,0.0158044925091277,0.1853749999999999,0.1488433333240021,2134.426159527012,0.0,0.0,0.0,0.0,0.0,0.0,0.0,0.0,0.0,4.685099999999999,Win32,1912x948,,IMPOSTOR
109.12,126.81,334.94,353.06,2.53,743.9925,1046.4594,-0.485037,17.739278,0.272785,0.34224,4.0,0.0,1587.9,30000.0,Win32,1052x947,,GENUINE
0.0,0.0,0.0,0.0,0.0,0.0,0.0,0.0,0.0,0.0,0.0,0.0,0.0,0.0,29997.0,Win32,1912x948,,IMPOSTOR
138.75,30.19,394.31,406.45,2.07,697.4992,800.7529,-1.500698,9.753598,0.282748,0.438819,1.0,0.0,540.04,29993.0,Win32,1912x948,,IMPOSTOR
0.1307727272727272,0.0154362672660017,0.174265,0.1210792933370524,2030.95170396848,0.0,0.0,0.0,0.0,0.0,0.0,0.0,0.0,0.0,4.9238,Win32,1912x948,,IMPOSTOR
0.0986181818181818,0.0136290343939839,0.16116,0.1334409172630344,2321.2627669452177,0.0,0.0,0.0,0.0,0.0,0.0,0.0,0.0,0.0,4.308000000000001,Win32,1912x948,,IMPOSTOR
0.0930909090909091,0.0141934975217818,0.2362449999999999,0.1932834925051801,1739.4632016559694,0.0,0.0,0.0,0.0,0.0,0.0,0.0,0.0,0.0,5.748899999999999,Win32,1912x948,,IMPOSTOR
85.17,24.78,337.73,397.14,2.33,645.0496,1047.1179,-0.258297,22.769775,0.311014,0.409572,4.0,0.0,2223.2,29996.0,Win32,1052x947,,GENUINE
0.0,0.0,0.0,0.0,0.0,1911.3662,2125.9616,-3.208372,31.46697,0.179457,0.116739,0.0,0.0,1119.63,30208.0,Win32,1052x947,,GENUINE
143.54,33.84,386.51,375.15,2.23,0.0,0.0,0.0,0.0,0.0,0.0,0.0,0.0,0.0,29999.0,Win32,1912x948,,IMPOSTOR
0.0,0.0,0.0,0.0,0.0,1318.6259,1595.2639,-1.954569,25.460576,0.281435,0.573355,16.0,4900.0,7406.47,30000.0,Win32,1912x948,,IMPOSTOR
0.0,0.0,0.0,0.0,0.0,0.0,0.0,0.0,0.0,0.0,0.0,0.0,0.0,0.0,29998.0,Win32,1052x947,,GENUINE
0.0,0.0,0.0,0.0,0.0,430.1347,475.4437,-0.785658,9.023408,0.316232,0.489171,24.0,1108.33,3535.74,30004.0,Win32,1912x948,,IMPOSTOR
0.0899090909090909,0.0212363091531057,0.15913,0.0991069427436847,2397.161760475596,0.0,0.0,0.0,0.0,0.0,0.0,0.0,0.0,0.0,4.171600000000001,Win32,1912x948,,IMPOSTOR
0.0,0.0,0.0,0.0,0.0,1145.7443,1521.9232,-0.449758,23.897955,0.27792,0.494261,2.0,2253.0,3361.97,29999.0,Win32,1912x948,,IMPOSTOR
156.79,36.02,342.95,284.85,0.5,325.9763,268.8886,-0.457581,5.1126,0.503186,0.714221,1.0,0.0,136.66,30001.0,Win32,1912x948,,IMPOSTOR
95.38,33.09,379.66,326.46,2.67,0.0,0.0,0.0,0.0,0.0,0.0,0.0,0.0,0.0,30000.0,Win32,1912x948,,IMPOSTOR
0.0,0.0,0.0,0.0,0.0,901.8335,1007.9543,-7.032132,12.464518,0.227365,0.212605,0.0,0.0,251.32,30002.0,Win32,1912x948,,IMPOSTOR
101.57,101.53,351.51,391.43,1.27,474.6467,702.4971,-0.233862,11.392186,0.312612,0.432912,14.0,300.0,3903.5,30004.0,Win32,1052x947,,GENUINE
131.83,26.95,701.58,551.4,1.27,0.0,0.0,0.0,0.0,0.0,0.0,0.0,0.0,0.0,30000.0,Win32,1912x948,,IMPOSTOR
0.0844363636363636,0.0130720571329056,0.18766,0.1619952017807934,2135.839384878257,0.0,0.0,0.0,0.0,0.0,0.0,0.0,0.0,0.0,4.682,Win32,1912x948,,IMPOSTOR
0.0876636363636363,0.0128784014202266,0.20264,0.1523969665052424,1993.1833130693024,0.0,0.0,0.0,0.0,0.0,0.0,0.0,0.0,0.0,5.017100000000001,Win32,1912x948,,IMPOSTOR
0.1017363636363636,0.018346625784758,0.218905,0.1613362466248672,1819.1079094811903,0.0,0.0,0.0,0.0,0.0,0.0,0.0,0.0,0.0,5.497199999999999,Win32,1912x948,,IMPOSTOR
89.1,23.01,413.15,433.5,2.03,883.4758,1238.1123,-0.590535,27.440696,0.322537,0.456895,4.0,0.0,1810.93,30006.0,Win32,1052x947,,GENUINE
117.15,15.51,407.83,163.96,0.2,783.3143,1525.6154,-2.677309,23.378354,0.38689,0.462301,1.0,0.0,485.38,30002.0,Win32,1912x948,,IMPOSTOR
0.0,0.0,0.0,0.0,0.0,350.937,347.5825,-0.190369,5.859754,0.293155,0.424853,30.0,500.0,5153.26,29998.0,Win32,1912x948,,GENUINE
0.0,0.0,0.0,0.0,0.0,411.4444,629.1932,-0.900345,8.104238,0.379411,0.594238,3.0,587.22,677.81,16278.0,Win32,1912x948,,IMPOSTOR
0.0,0.0,0.0,0.0,0.0,693.6466,961.2994,-1.337584,31.612199,0.240773,0.351436,3.0,500.0,3569.19,25439.0,Win32,1912x948,,GENUINE
0.0902090909090909,0.0202650372695731,0.13985,0.0954143097234371,2639.009843506716,0.0,0.0,0.0,0.0,0.0,0.0,0.0,0.0,0.0,3.789300000000001,Win32,1912x948,,IMPOSTOR
0.0965363636363636,0.0146840836979903,0.15489,0.1035893329450479,2404.019520638508,0.0,0.0,0.0,0.0,0.0,0.0,0.0,0.0,0.0,4.1597,Win32,1912x948,,IMPOSTOR
0.0755454545454545,0.0235991665352195,0.12812,0.093608047730951,2946.896917545824,0.0,0.0,0.0,0.0,0.0,0.0,0.0,0.0,0.0,3.3934,Win32,1912x948,,IMPOSTOR
0.0,0.0,0.0,0.0,0.0,774.6138,1184.6061,-0.214456,18.974949,0.24987,0.367169,6.0,200.0,4471.78,30009.0,Win32,1912x948,,GENUINE
0.0,0.0,0.0,0.0,0.0,0.0,0.0,0.0,0.0,0.0,0.0,0.0,0.0,0.0,59996.0,Win32,1912x948,,IMPOSTOR
95.73,24.7,473.43,524.92,1.3,990.077,1473.7522,-0.279527,24.892997,0.219676,0.387333,6.0,0.0,3740.09,29995.0,Win32,1912x948,,GENUINE
0.0,0.0,0.0,0.0,0.0,0.0,0.0,0.0,0.0,0.0,0.0,0.0,0.0,0.0,59987.0,Win32,1912x948,,GENUINE
0.120590909090909,0.0346720336489709,0.274145,0.2031648874067564,1468.5581695890974,0.0,0.0,0.0,0.0,0.0,0.0,0.0,0.0,0.0,6.8094,Win32,1912x948,,IMPOSTOR
0.0869363636363636,0.0184034716451826,0.2025849999999999,0.1932526695158439,1996.8051118210865,0.0,0.0,0.0,0.0,0.0,0.0,0.0,0.0,0.0,5.007999999999999,Win32,1912x948,,IMPOSTOR
96.86,31.45,897.98,688.58,0.33,367.5475,444.8063,-0.411398,5.904971,0.237951,0.49436,3.0,0.0,1156.76,30000.0,Win32,1912x948,,IMPOSTOR
0.1310181818181818,0.0250771470822564,0.1433549999999999,0.1421116619950664,2321.1011303762502,0.0,0.0,0.0,0.0,0.0,0.0,0.0,0.0,0.0,4.3083,Win32,1912x948,,IMPOSTOR
0.1124181818181818,0.028916205528194,0.169165,0.1608245387837316,2164.549016212472,0.0,0.0,0.0,0.0,0.0,0.0,0.0,0.0,0.0,4.6199,Win32,1912x948,,IMPOSTOR
177.49,35.11,611.26,502.0,0.77,0.0,0.0,0.0,0.0,0.0,0.0,0.0,0.0,0.0,30008.0,Win32,1912x948,,IMPOSTOR
81.87,22.92,328.8,272.69,3.13,0.0,0.0,0.0,0.0,0.0,0.0,0.0,0.0,0.0,29988.0,Win32,1912x948,,GENUINE
0.0,0.0,0.0,0.0,0.0,738.1585,945.5919,0.014443,13.440509,0.249687,0.42267,6.0,0.0,5987.47,30005.0,Win32,1912x948,,GENUINE
0.0931272727272727,0.0180477694874207,0.249505,0.2709603725178278,1662.648599218555,0.0,0.0,0.0,0.0,0.0,0.0,0.0,0.0,0.0,6.0145,Win32,1912x948,,IMPOSTOR
0.0,0.0,0.0,0.0,0.0,372.1914,430.6582,-0.436562,7.883566,0.345188,0.483006,11.0,462.78,1930.41,29996.0,Win32,1912x948,,IMPOSTOR
0.0,0.0,0.0,0.0,0.0,798.3479,1083.0214,-1.726094,18.832069,0.356414,0.593427,7.0,334.44,2906.98,30000.0,Win32,1912x948,,IMPOSTOR
162.71,42.75,501.22,539.09,0.97,652.2821,697.8013,-0.762079,11.342721,0.218718,0.482273,2.0,649.44,2008.85,29997.0,Win32,1912x948,,IMPOSTOR
0.0,0.0,0.0,0.0,0.0,385.2303,460.3103,-0.389268,7.883008,0.322299,0.483505,22.0,1446.67,3234.1,30004.0,Win32,1912x948,,IMPOSTOR
0.0,0.0,0.0,0.0,0.0,259.1442,407.667,-1.065983,6.646111,0.469317,0.546449,15.0,1010.0,2263.39,29998.0,Win32,1912x948,,IMPOSTOR
0.0938090909090909,0.0130774931254534,0.161125,0.1221446064097797,2350.507709665287,0.0,0.0,0.0,0.0,0.0,0.0,0.0,0.0,0.0,4.254400000000001,Win32,1912x948,,IMPOSTOR
0.0789363636363636,0.0096384903313625,0.1543,0.0994109853084657,2528.892597931366,0.0,0.0,0.0,0.0,0.0,0.0,0.0,0.0,0.0,3.9543,Win32,1912x948,,IMPOSTOR
0.0,0.0,0.0,0.0,0.0,412.9236,430.4466,-0.494825,8.497257,0.331786,0.492997,1.0,490.0,483.16,30002.0,Win32,1912x948,,IMPOSTOR
0.0,0.0,0.0,0.0,0.0,920.7331,1262.8803,-1.593213,18.7361,0.165483,0.4483,3.0,497.78,1482.48,30014.0,Win32,1912x948,,IMPOSTOR
0.0,0.0,0.0,0.0,0.0,415.5653,441.3221,-0.715481,7.949517,0.323793,0.477142,25.0,983.89,3557.02,29999.0,Win32,1912x948,,IMPOSTOR
0.0807727272727272,0.0165295377985807,0.1313549999999999,0.0949136211246837,2844.464671748777,0.0,0.0,0.0,0.0,0.0,0.0,0.0,0.0,0.0,3.5156,Win32,1912x948,,IMPOSTOR
0.0,0.0,0.0,0.0,0.0,449.006,473.4065,-0.59775,8.243865,0.327479,0.485761,20.0,1112.22,3214.01,30004.0,Win32,1912x948,,IMPOSTOR
95.2,21.36,469.6,519.42,1.43,780.6771,1322.3176,-0.611051,20.635121,0.285101,0.441821,10.0,0.0,4466.02,29999.0,Win32,1912x948,,GENUINE
0.0,0.0,0.0,0.0,0.0,0.0,0.0,0.0,0.0,0.0,0.0,0.0,0.0,0.0,29996.0,Win32,1912x948,,IMPOSTOR
0.0,0.0,0.0,0.0,0.0,0.0,0.0,0.0,0.0,0.0,0.0,0.0,0.0,0.0,29996.0,Win32,1912x948,,IMPOSTOR
0.0818636363636363,0.0122404896461236,0.118585,0.0995369844580395,3056.0479188313666,0.0,0.0,0.0,0.0,0.0,0.0,0.0,0.0,0.0,3.2722000000000007,Win32,1912x948,,IMPOSTOR
150.04,33.43,461.74,489.19,1.57,297.2255,177.4351,-0.028482,3.711308,0.335845,0.296616,2.0,0.0,246.7,30000.0,Win32,950x947,,IMPOSTOR
0.0,0.0,0.0,0.0,0.0,0.0,0.0,0.0,0.0,0.0,0.0,0.0,0.0,0.0,30001.0,Win32,950x947,,IMPOSTOR
0.0,0.0,0.0,0.0,0.0,0.0,0.0,0.0,0.0,0.0,0.0,0.0,0.0,0.0,3008.0,Win32,1912x948,,IMPOSTOR
0.0875727272727272,0.0140863629029892,0.1977699999999999,0.1635480972069073,2033.057515197105,0.0,0.0,0.0,0.0,0.0,0.0,0.0,0.0,0.0,4.918699999999999,Win32,1912x948,,IMPOSTOR
0.0,0.0,0.0,0.0,0.0,0.0,0.0,0.0,0.0,0.0,0.0,0.0,0.0,0.0,35997.0,Win32,950x947,,GENUINE
0.0856363636363636,0.0087942411660103,0.226215,0.174315559474764,1829.3909957375188,0.0,0.0,0.0,0.0,0.0,0.0,0.0,0.0,0.0,5.4663,Win32,1912x948,,IMPOSTOR
209.75,0.65,2000.0,0.0,0.07,460.2295,900.3741,-0.044592,16.757408,0.31404,0.449743,6.0,1900.0,3082.09,30012.0,Win32,950x947,,GENUINE
0.0,0.0,0.0,0.0,0.0,816.1133,240.539,3.831348,11.687182,0.07192,0.05207,0.0,0.0,73.51,29990.0,Win32,950x947,,GENUINE
0.0934272727272727,0.0155780784734709,0.160725,0.1145747479813942,2357.267455565508,0.0,0.0,0.0,0.0,0.0,0.0,0.0,0.0,0.0,4.2422,Win32,1912x948,,IMPOSTOR
0.0840818181818181,0.0213122166494336,0.12858,0.0956417879381183,2860.00286000286,0.0,0.0,0.0,0.0,0.0,0.0,0.0,0.0,0.0,3.4965,Win32,1052x947,,IMPOSTOR
0.0,0.0,0.0,0.0,0.0,903.4922,1054.8273,0.13924,21.152989,0.181405,0.256863,0.0,0.0,4449.57,29992.0,Win32,950x947,,GENUINE
85.31,24.11,288.57,306.29,3.33,986.5246,883.7684,-1.347437,19.679659,0.201729,0.528816,3.0,0.0,1013.16,30005.0,Win32,950x947,,GENUINE
161.51,42.69,519.86,446.1,1.57,0.0,0.0,0.0,0.0,0.0,0.0,0.0,0.0,0.0,30001.0,Win32,1052x947,,IMPOSTOR
91.6,30.38,332.01,344.35,1.63,794.6962,1512.0458,-1.836387,21.187147,0.243483,0.419623,7.0,0.0,4627.67,30001.0,Win32,1912x948,,IMPOSTOR
148.44,70.39,355.35,253.11,2.27,1030.2457,1170.6538,-1.440218,18.725631,0.133062,0.301435,0.0,0.0,941.01,29998.0,Win32,1912x948,,IMPOSTOR
0.0,0.0,0.0,0.0,0.0,1120.2016,1257.4846,-1.326426,21.4209,0.265262,0.560378,7.0,6315.56,5801.81,30004.0,Win32,1912x948,,IMPOSTOR
0.0,0.0,0.0,0.0,0.0,0.0,0.0,0.0,0.0,0.0,0.0,0.0,0.0,0.0,60005.0,Win32,1052x947,,IMPOSTOR
85.03,25.71,334.83,288.0,1.5,1360.6166,1665.4806,-0.610439,30.655214,0.288803,0.523184,3.0,3876.0,5578.99,30000.0,Win32,1912x948,,IMPOSTOR
0.0,0.0,0.0,0.0,0.0,115.9485,212.1724,-0.137286,4.949976,0.423231,0.642019,0.0,0.0,181.2,29995.0,Win32,1912x948,,IMPOSTOR
0.0,0.0,0.0,0.0,0.0,0.0,0.0,0.0,0.0,0.0,0.0,0.0,0.0,0.0,29998.0,Win32,1912x948,,IMPOSTOR
0.0,0.0,0.0,0.0,0.0,543.9394,676.4742,-2.123359,14.736581,0.290425,0.454831,5.0,1347.0,2185.41,29998.0,Win32,1912x948,,IMPOSTOR
86.24,23.78,441.57,490.26,0.7,757.8726,1093.0532,-0.384159,21.573834,0.244989,0.338595,2.0,0.0,1274.13,30001.0,Win32,950x947,,GENUINE
102.9,98.99,312.46,293.28,3.23,0.0,0.0,0.0,0.0,0.0,0.0,0.0,0.0,0.0,29996.0,Win32,1912x948,,GENUINE
0.0,0.0,0.0,0.0,0.0,422.2184,601.7624,-0.66154,9.784895,0.2611,0.402019,4.0,4525.0,2297.82,29007.0,Win32,1912x948,,IMPOSTOR
0.0750090909090909,0.0115674664897606,0.13285,0.1148566171363234,2871.830217397547,0.0,0.0,0.0,0.0,0.0,0.0,0.0,0.0,0.0,3.4821,Win32,1912x948,,IMPOSTOR
0.0,0.0,0.0,0.0,0.0,696.397,1093.9742,-1.32676,18.096843,0.275154,0.489087,7.0,3442.0,3568.37,30001.0,Win32,1912x948,,IMPOSTOR
0.0,0.0,0.0,0.0,0.0,593.5929,810.1835,-0.852061,12.371177,0.240858,0.404929,4.0,1118.0,2294.36,30000.0,Win32,1912x948,,IMPOSTOR
0.0,0.0,0.0,0.0,0.0,896.1397,1265.6176,-1.211442,21.929344,0.238985,0.442666,4.0,3314.0,3902.7,30000.0,Win32,1912x948,,IMPOSTOR
0.0891181818181818,0.021108284378923,0.259545,0.1982442016176009,1620.430386310604,0.0,0.0,0.0,0.0,0.0,0.0,0.0,0.0,0.0,6.1712,Win32,1912x948,,IMPOSTOR
91.39,23.78,328.71,301.62,3.2,0.0,0.0,0.0,0.0,0.0,0.0,0.0,0.0,0.0,30001.0,Win32,950x947,,GENUINE
115.31,22.17,296.8,252.77,2.53,0.0,0.0,0.0,0.0,0.0,0.0,0.0,0.0,0.0,29997.0,Win32,1912x948,,IMPOSTOR
0.0934363636363636,0.0154431080672531,0.1377599999999999,0.1001190011935796,2643.4047052603755,0.0,0.0,0.0,0.0,0.0,0.0,0.0,0.0,0.0,3.783,Win32,1912x948,,IMPOSTOR
0.0846727272727272,0.0176492127513892,0.180245,0.1212998618094843,2204.4397416396623,0.0,0.0,0.0,0.0,0.0,0.0,0.0,0.0,0.0,4.5363,Win32,1912x948,,IMPOSTOR
83.34,22.05,309.97,330.79,2.63,740.9352,660.7333,-0.178561,11.823123,0.259555,0.416769,3.0,0.0,1930.67,30003.0,Win32,950x947,,GENUINE
146.12,36.06,426.2,454.49,1.73,708.7511,1087.6316,-0.697615,17.589593,0.373445,0.551696,4.0,210.0,1951.65,30011.0,Win32,1912x948,,IMPOSTOR
0.0,0.0,0.0,0.0,0.0,0.0,0.0,0.0,0.0,0.0,0.0,0.0,0.0,0.0,30000.0,Win32,1052x947,,IMPOSTOR
108.46,21.91,283.63,249.61,3.17,829.1035,1292.4301,-2.900611,26.826488,0.278817,0.482174,3.0,0.0,972.82,30000.0,Win32,1912x948,,IMPOSTOR
131.32,28.37,392.16,310.08,2.07,1425.9882,1941.648,-2.62779,27.870216,0.328733,0.77107,2.0,0.0,761.74,29998.0,Win32,1912x948,,IMPOSTOR
87.32,29.67,329.38,375.2,2.6,844.7457,1212.8863,-1.379286,19.51556,0.210505,0.351469,6.0,0.0,3370.51,30002.0,Win32,1912x948,,IMPOSTOR
0.0,0.0,0.0,0.0,0.0,582.6187,837.0914,-1.452004,10.844634,0.297687,0.475741,14.0,1419.44,3498.38,30004.0,Win32,1912x948,,IMPOSTOR
0.091790909090909,0.0173825123482536,0.1700499999999999,0.1220276013859159,2267.2138209354525,0.0,0.0,0.0,0.0,0.0,0.0,0.0,0.0,0.0,4.4107,Win32,1912x948,,IMPOSTOR
0.0791090909090909,0.0161540006047167,0.142735,0.1224779338289146,2684.635829149776,0.0,0.0,0.0,0.0,0.0,0.0,0.0,0.0,0.0,3.7249,Win32,1912x948,,IMPOSTOR
0.0830181818181818,0.014569945291082,0.13888,0.0944927753852113,2709.439687872548,0.0,0.0,0.0,0.0,0.0,0.0,0.0,0.0,0.0,3.6908,Win32,1912x948,,IMPOSTOR
0.0,0.0,0.0,0.0,0.0,618.9147,755.9461,-0.200843,12.537798,0.249145,0.371676,9.0,5900.0,7959.63,29999.0,Win32,950x947,,GENUINE
0.0850454545454545,0.0140755987204396,0.16525,0.1129360150704813,2358.212474943992,0.0,0.0,0.0,0.0,0.0,0.0,0.0,0.0,0.0,4.2405,Win32,1912x948,,IMPOSTOR
0.0883181818181818,0.0159253267802532,0.162855,0.1189537282938202,2364.8488861561746,0.0,0.0,0.0,0.0,0.0,0.0,0.0,0.0,0.0,4.2286,Win32,1912x948,,IMPOSTOR
0.0,0.0,0.0,0.0,0.0,521.8163,763.3696,-0.463373,11.264066,0.237211,0.429002,2.0,1615.0,1803.94,30000.0,Win32,1912x948,,IMPOSTOR
0.0950363636363636,0.0132029798790254,0.2231199999999999,0.144483039143008,1815.6069574058613,0.0,0.0,0.0,0.0,0.0,0.0,0.0,0.0,0.0,5.507799999999999,Win32,1912x948,,IMPOSTOR
0.0,0.0,0.0,0.0,0.0,891.994,1151.7412,-0.275167,15.991948,0.225295,0.35959,13.0,1700.0,14714.36,29995.0,Win32,950x947,,GENUINE
149.84,32.18,476.02,565.63,0.6,585.2857,740.7777,-0.906011,14.129149,0.307786,0.53982,10.0,202.22,3662.18,30007.0,Win32,1912x948,,IMPOSTOR
0.0950909090909091,0.0154014435300694,0.146265,0.0883427035753378,2518.06713166973,0.0,0.0,0.0,0.0,0.0,0.0,0.0,0.0,0.0,3.9713,Win32,1912x948,,IMPOSTOR
0.0,0.0,0.0,0.0,0.0,2264.081,1925.6493,-5.102841,44.010828,0.224127,0.16711,0.0,0.0,1036.27,30915.0,Win32,950x947,,GENUINE
131.89,30.26,508.17,426.46,1.6,0.0,0.0,0.0,0.0,0.0,0.0,0.0,0.0,0.0,30005.0,Win32,1912x948,,IMPOSTOR
0.0961818181818181,0.0147889896502781,0.138235,0.1125126760636329,2615.952075757972,0.0,0.0,0.0,0.0,0.0,0.0,0.0,0.0,0.0,3.8227,Win32,1912x948,,IMPOSTOR
0.0,0.0,0.0,0.0,0.0,904.4047,1283.0252,-1.12996,21.930767,0.271987,0.463709,14.0,1621.67,6278.53,29991.0,Win32,1912x948,,IMPOSTOR
0.0,0.0,0.0,0.0,0.0,1007.4697,1039.5639,-1.29997,20.532037,0.245614,0.470213,1.0,591.11,4350.16,30010.0,Win32,1912x948,,IMPOSTOR
0.0,0.0,0.0,0.0,0.0,808.4326,1049.255,-0.416127,18.373441,0.250944,0.385323,5.0,1000.0,7764.22,30004.0,Win32,950x947,,GENUINE
0.0869363636363636,0.0148488917693159,0.2028949999999999,0.157153086113509,1994.336085517132,0.0,0.0,0.0,0.0,0.0,0.0,0.0,0.0,0.0,5.014199999999999,Win32,1912x948,,IMPOSTOR
142.81,28.77,417.67,409.04,2.0,484.018,758.4232,-0.641439,9.687928,0.418601,0.440055,2.0,0.0,882.01,30002.0,Win32,1912x948,,IMPOSTOR
0.1097454545454545,0.0237513392401876,0.3733399999999999,0.4225567765401473,1152.8706479133043,0.0,0.0,0.0,0.0,0.0,0.0,0.0,0.0,0.0,8.674,Win32,1912x948,,IMPOSTOR
0.0862636363636363,0.0166676754515642,0.138055,0.1028354485330812,2695.417789757412,0.0,0.0,0.0,0.0,0.0,0.0,0.0,0.0,0.0,3.71,Win32,1912x948,,IMPOSTOR
0.0855545454545454,0.0168946125698193,0.173845,0.1299624617918574,2263.4676324128563,0.0,0.0,0.0,0.0,0.0,0.0,0.0,0.0,0.0,4.418,Win32,1912x948,,IMPOSTOR
90.7,30.48,376.89,406.24,1.87,276.429,281.1026,-0.358102,6.19484,0.236508,0.356685,0.0,0.0,379.62,30000.0,Win32,1912x948,,IMPOSTOR
0.075,0.0135972590820891,0.160825,0.1219950649616614,2474.3288383026106,0.0,0.0,0.0,0.0,0.0,0.0,0.0,0.0,0.0,4.0415,Win32,1912x948,,IMPOSTOR
99.87,43.99,287.14,299.69,3.33,299.9188,229.4713,-0.568301,4.252617,0.330223,0.360888,1.0,0.0,139.56,30000.0,Win32,1912x948,,IMPOSTOR
0.0,0.0,0.0,0.0,0.0,405.9022,388.9709,-0.271903,8.688268,0.295465,0.392637,38.0,800.0,6856.14,30007.0,Win32,950x947,,GENUINE
162.22,33.85,357.02,309.55,2.7,0.0,0.0,0.0,0.0,0.0,0.0,0.0,0.0,0.0,30004.0,Win32,950x947,,IMPOSTOR
213.66,61.7,1644.38,615.96,0.17,558.793,789.0874,-0.824567,12.266543,0.332542,0.507521,5.0,315.0,1563.84,29990.0,Win32,1912x948,,IMPOSTOR
0.1255454545454545,0.0214172557293227,0.20662,0.1634840836289575,1813.7628323720387,0.0,0.0,0.0,0.0,0.0,0.0,0.0,0.0,0.0,5.513400000000001,Win32,1912x948,,IMPOSTOR
164.5,45.58,529.63,494.83,1.37,834.9509,878.6064,2.677451,12.06952,0.467637,0.623593,0.0,451.11,354.56,30002.0,Win32,1912x948,,IMPOSTOR
0.0918727272727272,0.0171206462765171,0.1500349999999999,0.0925454984048387,2492.957395358113,0.0,0.0,0.0,0.0,0.0,0.0,0.0,0.0,0.0,4.011299999999999,Win32,1912x948,,IMPOSTOR
144.35,31.49,747.65,518.2,1.17,0.0,0.0,0.0,0.0,0.0,0.0,0.0,0.0,0.0,30000.0,Win32,1912x948,,IMPOSTOR
83.03,25.97,324.8,354.94,2.63,507.939,706.3247,-0.335804,13.704567,0.304194,0.498315,3.0,0.0,1169.22,29995.0,Win32,950x947,,GENUINE
0.0940454545454545,0.0160636440808748,0.151425,0.1222539155814651,2461.235540241201,0.0,0.0,0.0,0.0,0.0,0.0,0.0,0.0,0.0,4.063000000000001,Win32,1912x948,,IMPOSTOR
0.0,0.0,0.0,0.0,0.0,897.66,1146.0335,-0.420188,49.194363,0.314283,0.537657,11.0,6000.56,5228.16,29997.0,Win32,1912x948,,IMPOSTOR
0.0,0.0,0.0,0.0,0.0,714.3858,608.9966,-5.610262,12.102127,0.213945,0.204648,0.0,190.56,158.99,2011.0,Win32,1912x948,,IMPOSTOR
0.0806090909090909,0.0102263878405066,0.1471199999999999,0.100677766165127,2611.5797445875014,0.0,0.0,0.0,0.0,0.0,0.0,0.0,0.0,0.0,3.8291,Win32,1912x948,,IMPOSTOR
0.0,0.0,0.0,0.0,0.0,939.1131,1487.0567,-0.776179,22.449286,0.261936,0.460738,3.0,2822.0,4318.33,30004.0,Win32,1912x948,,IMPOSTOR
97.63,31.4,394.14,400.88,2.47,0.0,0.0,0.0,0.0,0.0,0.0,0.0,0.0,0.0,30000.0,Win32,1052x947,,IMPOSTOR
134.51,200.23,474.57,429.29,1.73,782.5999,1050.4556,-0.424262,20.73791,0.268141,0.418327,4.0,0.0,1775.06,29997.0,Win32,950x947,,GENUINE
0.0883,0.0118011555674549,0.152645,0.1158127776845025,2484.9659559664037,0.0,0.0,0.0,0.0,0.0,0.0,0.0,0.0,0.0,4.0242,Win32,1912x948,,IMPOSTOR
0.0852272727272727,0.0175396740360035,0.18692,0.1629159126666269,2138.625719112898,0.0,0.0,0.0,0.0,0.0,0.0,0.0,0.0,0.0,4.6759,Win32,1912x948,,IMPOSTOR
0.0875181818181818,0.0151110325850063,0.183435,0.136303684011108,2159.1743317355445,0.0,0.0,0.0,0.0,0.0,0.0,0.0,0.0,0.0,4.6314,Win32,1912x948,,IMPOSTOR
0.0931090909090909,0.0166049529601838,0.1470049999999999,0.1220428468817406,2522.5134323840275,0.0,0.0,0.0,0.0,0.0,0.0,0.0,0.0,0.0,3.9643,Win32,1912x948,,IMPOSTOR
158.3,160.54,683.13,668.13,0.53,411.799,605.9837,-0.554729,8.445452,0.39556,0.606969,9.0,0.0,823.57,30000.0,Win32,1912x948,,IMPOSTOR
0.0988636363636363,0.0162303460293181,0.2409,0.2063248652004891,1693.3367200067728,0.0,0.0,0.0,0.0,0.0,0.0,0.0,0.0,0.0,5.905500000000002,Win32,1912x948,,IMPOSTOR
0.1022818181818181,0.0224961337357744,0.2584099999999999,0.1728400442605821,1588.991467115822,0.0,0.0,0.0,0.0,0.0,0.0,0.0,0.0,0.0,6.293299999999999,Win32,1912x948,,IMPOSTOR
0.0879636363636363,0.0159931390248371,0.1622949999999999,0.1702801382281562,2373.323840037974,0.0,0.0,0.0,0.0,0.0,0.0,0.0,0.0,0.0,4.213499999999999,Win32,1912x948,,IMPOSTOR
139.87,35.85,399.95,390.77,1.8,923.9319,1353.7653,-1.035827,17.397089,0.28039,0.540465,5.0,116.67,1598.26,29993.0,Win32,1912x948,,IMPOSTOR
0.0,0.0,0.0,0.0,0.0,267.5915,382.1751,-0.856473,7.14922,0.399988,0.506689,15.0,827.0,2618.97,30001.0,Win32,1912x948,,IMPOSTOR
0.0891363636363636,0.0153134090217615,0.2479049999999999,0.1934305055439808,1683.8985619506282,0.0,0.0,0.0,0.0,0.0,0.0,0.0,0.0,0.0,5.938599999999999,Win32,1912x948,,IMPOSTOR
0.0878,0.016850573230066,0.1208049999999999,0.0812828301365054,2956.917708980159,0.0,0.0,0.0,0.0,0.0,0.0,0.0,0.0,0.0,3.3819,Win32,1912x948,,IMPOSTOR
0.0,0.0,0.0,0.0,0.0,0.0,0.0,0.0,0.0,0.0,0.0,0.0,0.0,0.0,59992.0,Win32,1912x948,,IMPOSTOR
0.0866181818181818,0.0183686896737513,0.2509949999999999,0.2076450805461087,1674.2846618782128,0.0,0.0,0.0,0.0,0.0,0.0,0.0,0.0,0.0,5.972699999999999,Win32,950x947,,IMPOSTOR
92.62,31.39,419.15,416.05,1.37,389.7166,539.52,-0.317788,8.715472,0.202182,0.3092,4.0,0.0,2354.14,30001.0,Win32,1912x948,,IMPOSTOR
0.0,0.0,0.0,0.0,0.0,676.7959,1039.2805,-1.40211,22.200142,0.504855,0.679439,0.0,0.0,507.01,30012.0,Win32,1912x948,,IMPOSTOR
0.0,0.0,0.0,0.0,0.0,400.0162,579.5986,-1.452596,11.455983,0.348353,0.52996,12.0,1669.0,2416.01,29988.0,Win32,1912x948,,IMPOSTOR
0.0,0.0,0.0,0.0,0.0,0.0,0.0,0.0,0.0,0.0,0.0,0.0,0.0,0.0,29994.0,Win32,950x947,,GENUINE
130.11,22.58,720.04,602.16,0.67,0.0,0.0,0.0,0.0,0.0,0.0,0.0,0.0,0.0,29996.0,Win32,950x947,,IMPOSTOR
0.0,0.0,0.0,0.0,0.0,0.0,0.0,0.0,0.0,0.0,0.0,0.0,0.0,0.0,60009.0,Win32,1912x948,,IMPOSTOR
0.0,0.0,0.0,0.0,0.0,97.3738,95.3468,-0.286434,1.812196,0.268158,0.388945,0.0,1599.0,77.37,30001.0,Win32,1912x948,,IMPOSTOR
0.0,0.0,0.0,0.0,0.0,620.4068,1011.9825,0.491101,13.803275,0.322802,0.510635,0.0,400.0,1903.73,21728.0,Win32,950x947,,GENUINE
0.0880818181818181,0.0229520376667922,0.1439799999999999,0.102877915997555,2598.4149668702103,0.0,0.0,0.0,0.0,0.0,0.0,0.0,0.0,0.0,3.848499999999999,Win32,1912x948,,IMPOSTOR
0.0,0.0,0.0,0.0,0.0,379.1465,357.601,-0.357945,6.333702,0.34682,0.518622,20.0,1050.0,3168.72,29991.0,Win32,1912x948,,IMPOSTOR
144.75,27.51,408.35,425.75,1.47,986.5062,1499.9404,-1.069336,23.256607,0.268215,0.567558,3.0,400.56,1529.58,29988.0,Win32,1912x948,,IMPOSTOR
0.0,0.0,0.0,0.0,0.0,0.0,0.0,0.0,0.0,0.0,0.0,0.0,0.0,0.0,29999.0,Win32,1912x948,,IMPOSTOR
0.0976454545454545,0.0105611090702344,0.14706,0.108231078715866,2490.473937190247,0.0,0.0,0.0,0.0,0.0,0.0,0.0,0.0,0.0,4.0153,Win32,950x947,,IMPOSTOR
0.0925818181818182,0.0245648240073564,0.34706,0.3010104423437831,1256.3445399266293,0.0,0.0,0.0,0.0,0.0,0.0,0.0,0.0,0.0,7.9596,Win32,1912x948,,IMPOSTOR
0.0877818181818181,0.0146708008197989,0.1625549999999999,0.1766585137348324,2371.5227547608324,0.0,0.0,0.0,0.0,0.0,0.0,0.0,0.0,0.0,4.2167,Win32,1912x948,,IMPOSTOR
0.0,0.0,0.0,0.0,0.0,0.0,0.0,0.0,0.0,0.0,0.0,0.0,0.0,0.0,60000.0,Win32,1912x948,,IMPOSTOR
84.48,25.35,311.2,358.7,2.47,550.3823,763.8205,-1.411103,16.032703,0.239136,0.368264,5.0,0.0,1786.4,30003.0,Win32,950x947,,GENUINE
0.094390909090909,0.014684652132906,0.1673249999999999,0.1208189259801625,2280.6057288815914,0.0,0.0,0.0,0.0,0.0,0.0,0.0,0.0,0.0,4.384799999999999,Win32,1912x948,,IMPOSTOR
153.07,45.15,429.36,444.44,1.97,621.6752,278.6267,-0.500675,12.204785,0.151818,0.135761,0.0,0.0,62.43,30010.0,Win32,1912x948,,IMPOSTOR
0.0929181818181818,0.0127014543320345,0.1715349999999999,0.1220592490350485,2245.7779374775428,0.0,0.0,0.0,0.0,0.0,0.0,0.0,0.0,0.0,4.452799999999999,Win32,1912x948,,IMPOSTOR
158.54,55.36,404.61,435.17,2.1,1154.8618,1589.2456,-1.841921,23.679184,0.216233,0.434526,2.0,0.0,1908.36,30005.0,Win32,950x947,,IMPOSTOR
0.0,0.0,0.0,0.0,0.0,826.3385,1423.0714,-0.780507,20.148597,0.228457,0.361278,5.0,1539.0,6495.35,30000.0,Win32,1912x948,,IMPOSTOR
0.0,0.0,0.0,0.0,0.0,0.0,0.0,0.0,0.0,0.0,0.0,0.0,0.0,0.0,30003.0,Win32,950x947,,GENUINE
0.0,0.0,0.0,0.0,0.0,1182.8905,1369.5671,-0.6426,22.791443,0.274492,0.462809,3.0,1615.0,8690.7,29999.0,Win32,1912x948,,IMPOSTOR
0.0913727272727272,0.0229233938035159,0.29219,0.2707950514688184,1460.0884813619705,0.0,0.0,0.0,0.0,0.0,0.0,0.0,0.0,0.0,6.8489,Win32,1912x948,,IMPOSTOR
0.0859636363636363,0.0158202558723861,0.1416649999999999,0.096065817411814,2646.272724867025,0.0,0.0,0.0,0.0,0.0,0.0,0.0,0.0,0.0,3.7789,Win32,1912x948,,IMPOSTOR
0.0,0.0,0.0,0.0,0.0,0.0,0.0,0.0,0.0,0.0,0.0,0.0,0.0,0.0,29989.0,Win32,1912x948,,GENUINE
0.0,0.0,0.0,0.0,0.0,1868.3503,1860.3612,-1.634912,31.146695,0.279676,0.514912,0.0,0.0,7245.7,29996.0,Win32,1912x948,,GENUINE
149.94,35.7,473.75,454.96,1.6,834.055,1254.3085,-1.185045,21.745239,0.379303,0.485311,4.0,143.89,2359.57,30001.0,Win32,1912x948,,IMPOSTOR
0.0918727272727272,0.0160395018574365,0.216165,0.1743586455413095,1874.8008024147437,0.0,0.0,0.0,0.0,0.0,0.0,0.0,0.0,0.0,5.3339,Win32,1912x948,,IMPOSTOR
140.12,36.03,1013.58,773.39,0.4,694.9325,950.3425,-0.28523,14.616549,0.261042,0.39407,11.0,3500.0,6298.04,29998.0,Win32,1912x948,,GENUINE
395.67,277.3,1729.33,382.78,0.1,1019.297,1232.7057,-0.489747,19.874331,0.302426,0.490643,2.0,132.22,3994.08,29989.0,Win32,1912x948,,IMPOSTOR
0.0,0.0,0.0,0.0,0.0,0.0,0.0,0.0,0.0,0.0,0.0,0.0,0.0,0.0,60009.0,Win32,1052x947,,IMPOSTOR
0.1315454545454545,0.023172293943664,0.18779,0.1458684232450601,1922.0419773967865,0.0,0.0,0.0,0.0,0.0,0.0,0.0,0.0,0.0,5.202800000000001,Win32,1912x948,,IMPOSTOR
0.0,0.0,0.0,0.0,0.0,0.0,0.0,0.0,0.0,0.0,0.0,0.0,0.0,0.0,30007.0,Win32,1912x948,,GENUINE
0.0,0.0,0.0,0.0,0.0,0.0,0.0,0.0,0.0,0.0,0.0,0.0,0.0,0.0,29996.0,Win32,1912x948,,IMPOSTOR
0.0890636363636363,0.0154026723022203,0.2945,0.2265397249932117,1455.6676419639866,0.0,0.0,0.0,0.0,0.0,0.0,0.0,0.0,0.0,6.869700000000001,Win32,1912x948,,IMPOSTOR
0.0,0.0,0.0,0.0,0.0,1052.4593,1390.429,-2.444964,41.422719,0.297486,0.516938,6.0,388.89,3884.68,30008.0,Win32,1912x948,,IMPOSTOR
0.0,0.0,0.0,0.0,0.0,1003.6262,1425.9252,-1.132341,21.606851,0.324391,0.483371,5.0,0.0,1729.85,29998.0,Win32,950x947,,IMPOSTOR
0.0,0.0,0.0,0.0,0.0,0.0,0.0,0.0,0.0,0.0,0.0,0.0,0.0,0.0,29996.0,Win32,1912x948,,IMPOSTOR
0.0,0.0,0.0,0.0,0.0,864.3277,1122.0007,-0.68485,19.722923,0.234728,0.42078,2.0,8189.0,3377.98,30002.0,Win32,1912x948,,IMPOSTOR
0.0909181818181818,0.0184313378482418,0.1871649999999999,0.15329838314542,2108.1924358055408,0.0,0.0,0.0,0.0,0.0,0.0,0.0,0.0,0.0,4.743399999999999,Win32,1052x947,,IMPOSTOR
0.0921363636363636,0.0206511400841904,0.27568,0.2296947618035726,1532.0739685312003,0.0,0.0,0.0,0.0,0.0,0.0,0.0,0.0,0.0,6.527100000000001,Win32,1912x948,,IMPOSTOR
0.0,0.0,0.0,0.0,0.0,18.6619,27.4942,-0.062436,1.208541,1.570796,0.0,0.0,1221.0,13.41,30001.0,Win32,1912x948,,IMPOSTOR
0.0,0.0,0.0,0.0,0.0,583.5954,369.8063,-0.019463,9.852729,0.154023,0.137301,0.0,0.0,287.38,29995.0,Win32,950x947,,IMPOSTOR
116.83,36.54,370.06,241.65,1.31,403.7882,497.7551,-1.063017,6.438242,0.170597,0.277183,3.0,0.0,360.25,7617.0,Win32,1052x947,,IMPOSTOR
0.0871999999999999,0.0160701869650265,0.14137,0.1156515849437438,2640.891564992341,0.0,0.0,0.0,0.0,0.0,0.0,0.0,0.0,0.0,3.7866,Win32,1912x948,,IMPOSTOR
0.0915181818181818,0.0208224449783408,0.2136599999999999,0.1825734137271908,1893.9752646830436,0.0,0.0,0.0,0.0,0.0,0.0,0.0,0.0,0.0,5.2799,Win32,1912x948,,IMPOSTOR
0.0934272727272727,0.0088978128986939,0.1443399999999999,0.0986918861913176,2554.604674926556,0.0,0.0,0.0,0.0,0.0,0.0,0.0,0.0,0.0,3.9145,Win32,950x947,,IMPOSTOR
0.0995545454545454,0.0142808430892172,0.1497399999999999,0.0977180812337205,2445.047556174968,0.0,0.0,0.0,0.0,0.0,0.0,0.0,0.0,0.0,4.089899999999999,Win32,1912x948,,IMPOSTOR
0.0,0.0,0.0,0.0,0.0,0.0,0.0,0.0,0.0,0.0,0.0,0.0,0.0,0.0,29996.0,Win32,1912x948,,IMPOSTOR
144.56,31.34,451.02,387.13,1.17,829.1269,880.5982,-0.312096,16.220922,0.313999,0.559729,1.0,0.0,730.28,29992.0,Win32,1912x948,,IMPOSTOR
0.1201363636363636,0.0204633274077077,0.1610149999999999,0.1125395009541094,2201.770223259501,0.0,0.0,0.0,0.0,0.0,0.0,0.0,0.0,0.0,4.541799999999999,Win32,1912x948,,IMPOSTOR
165.18,31.98,492.87,474.14,1.93,0.0,0.0,0.0,0.0,0.0,0.0,0.0,0.0,0.0,29997.0,Win32,1912x948,,IMPOSTOR
0.0,0.0,0.0,0.0,0.0,331.2515,507.635,-1.019577,9.571739,0.422761,0.57916,18.0,871.0,2973.56,29992.0,Win32,1912x948,,IMPOSTOR
0.0,0.0,0.0,0.0,0.0,0.0,0.0,0.0,0.0,0.0,0.0,0.0,0.0,0.0,30000.0,Win32,1912x948,,IMPOSTOR
160.77,206.63,440.58,430.15,1.87,301.3095,407.6664,-0.384234,8.098284,0.297854,0.345225,1.0,300.0,529.97,29994.0,Win32,1912x948,,GENUINE
166.29,35.7,558.19,530.23,1.0,0.0,0.0,0.0,0.0,0.0,0.0,0.0,0.0,0.0,30008.0,Win32,1912x948,,IMPOSTOR
179.2,22.0,1914.85,85.15,0.07,0.0,0.0,0.0,0.0,0.0,0.0,0.0,0.0,0.0,29996.0,Win32,1912x948,,IMPOSTOR
0.0949363636363636,0.0107818258470001,0.1268399999999999,0.1029472991389283,2792.438077685628,0.0,0.0,0.0,0.0,0.0,0.0,0.0,0.0,0.0,3.5810999999999997,Win32,1912x948,,IMPOSTOR
0.0893545454545454,0.0191442069868935,0.1864299999999999,0.1641223083556894,2122.466305847395,0.0,0.0,0.0,0.0,0.0,0.0,0.0,0.0,0.0,4.711499999999999,Win32,1912x948,,IMPOSTOR
0.0,0.0,0.0,0.0,0.0,430.0444,445.7175,-0.405766,7.125547,0.216315,0.322017,4.0,600.0,1710.69,29993.0,Win32,1912x948,,GENUINE
0.0,0.0,0.0,0.0,0.0,1337.0029,1505.4814,-0.909934,22.653216,0.192378,0.375132,1.0,2659.0,5003.45,66800.0,Win32,1912x948,,IMPOSTOR
0.0,0.0,0.0,0.0,0.0,422.3856,464.1178,-0.135421,8.664916,0.28456,0.377588,27.0,400.0,6492.86,30004.0,Win32,1912x948,,GENUINE
158.23,40.23,1371.76,645.24,0.27,470.2747,903.293,-0.553495,13.639243,0.318249,0.589623,8.0,0.0,2072.97,30002.0,Win32,1912x948,,IMPOSTOR
90.05,25.37,344.71,352.44,2.23,845.4704,989.3941,-0.61198,16.603524,0.22674,0.308151,5.0,0.0,2634.39,30005.0,Win32,1912x948,,GENUINE
0.0873363636363636,0.0143049433748854,0.16694,0.1243972282649416,2325.851843237585,0.0,0.0,0.0,0.0,0.0,0.0,0.0,0.0,0.0,4.299500000000001,Win32,1912x948,,IMPOSTOR
0.0828363636363636,0.0127031329512392,0.1303049999999999,0.0961058815838031,2843.089870070793,0.0,0.0,0.0,0.0,0.0,0.0,0.0,0.0,0.0,3.5173,Win32,1912x948,,IMPOSTOR
129.48,57.47,766.16,718.12,0.17,609.2699,960.0628,-0.305283,14.735954,0.248007,0.363614,7.0,3300.0,5247.69,29999.0,Win32,1912x948,,GENUINE
0.0,0.0,0.0,0.0,0.0,358.6964,350.6596,-0.129931,6.513262,0.287793,0.386596,30.0,600.0,6144.05,30003.0,Win32,1912x948,,GENUINE
0.0,0.0,0.0,0.0,0.0,427.0019,545.5547,-0.724429,8.35262,0.305365,0.44571,17.0,859.44,2767.51,30004.0,Win32,1052x947,,IMPOSTOR
0.0,0.0,0.0,0.0,0.0,0.0,0.0,0.0,0.0,0.0,0.0,0.0,0.0,0.0,29997.0,Win32,1912x948,,IMPOSTOR
0.0921272727272727,0.0192604677989583,0.219215,0.2069351668397616,1852.6409396594845,0.0,0.0,0.0,0.0,0.0,0.0,0.0,0.0,0.0,5.397700000000001,Win32,1912x948,,IMPOSTOR
0.0,0.0,0.0,0.0,0.0,736.0386,1203.7883,0.15281,19.201966,0.265333,0.39351,5.0,0.0,4578.39,34566.0,Win32,1912x948,,GENUINE
79.55,35.81,751.59,730.14,0.27,1108.3008,1656.683,-1.175349,22.387992,0.317282,0.529198,8.0,892.0,6732.91,30001.0,Win32,1912x948,,IMPOSTOR
0.1177545454545454,0.0191639037414502,0.342685,0.1918577136187128,1227.1444348999876,0.0,0.0,0.0,0.0,0.0,0.0,0.0,0.0,0.0,8.149000000000001,Win32,1912x948,,IMPOSTOR
0.0854636363636363,0.0143331321659276,0.1509899999999999,0.1300300538337195,2525.3162958660573,0.0,0.0,0.0,0.0,0.0,0.0,0.0,0.0,0.0,3.9598999999999993,Win32,1912x948,,IMPOSTOR
98.25,33.66,371.71,366.96,2.33,876.1047,1245.858,-1.799491,23.503774,0.245545,0.511538,3.0,0.0,1007.13,30000.0,Win32,1912x948,,IMPOSTOR
0.0871727272727272,0.022695177337491,0.1568,0.1346665363035672,2442.0620772180027,0.0,0.0,0.0,0.0,0.0,0.0,0.0,0.0,0.0,4.0949,Win32,1912x948,,IMPOSTOR
0.0752454545454545,0.0130167279533518,0.13139,0.0968411425996203,2893.937201562725,0.0,0.0,0.0,0.0,0.0,0.0,0.0,0.0,0.0,3.4555000000000007,Win32,1912x948,,IMPOSTOR
0.0,0.0,0.0,0.0,0.0,0.0,0.0,0.0,0.0,0.0,0.0,0.0,0.0,0.0,30001.0,Win32,1912x948,,IMPOSTOR
116.9,23.62,413.85,421.85,2.03,764.5726,1316.9914,-2.633297,31.415399,0.516099,0.626858,1.0,0.0,537.72,30002.0,Win32,1912x948,,IMPOSTOR
0.0948454545454545,0.0216153297300513,0.28235,0.3224515583773786,1494.701283948403,0.0,0.0,0.0,0.0,0.0,0.0,0.0,0.0,0.0,6.6903,Win32,1912x948,,IMPOSTOR
0.0903636363636363,0.0137507204920173,0.178395,0.1294267185514644,2192.069094017844,0.0,0.0,0.0,0.0,0.0,0.0,0.0,0.0,0.0,4.5619000000000005,Win32,1912x948,,IMPOSTOR
157.86,75.52,401.69,344.54,2.07,1149.7162,1347.7911,-2.322472,18.954958,0.217422,0.334808,2.0,0.0,1126.53,30002.0,Win32,1052x947,,IMPOSTOR
0.0846727272727272,0.0172621019951006,0.159295,0.1270214213233342,2428.776139703204,0.0,0.0,0.0,0.0,0.0,0.0,0.0,0.0,0.0,4.1173,Win32,1912x948,,IMPOSTOR
0.0822363636363636,0.0137131836186451,0.158055,0.1133265391468388,2459.601052709251,0.0,0.0,0.0,0.0,0.0,0.0,0.0,0.0,0.0,4.0657,Win32,1912x948,,IMPOSTOR
83.93,24.74,295.99,239.05,1.93,743.3065,800.8227,-0.12466,16.249076,0.237081,0.269856,1.0,0.0,1152.39,30001.0,Win32,1912x948,,GENUINE
0.0,0.0,0.0,0.0,0.0,1893.4921,1795.2836,-0.72358,31.611295,0.256878,0.356025,5.0,8193.0,10532.24,30413.0,Win32,1912x948,,IMPOSTOR
127.37,94.82,398.24,396.7,2.17,892.8348,1252.5011,-3.569755,20.451883,0.31699,0.48498,5.0,0.0,2082.67,29997.0,Win32,1912x948,,IMPOSTOR
110.15,22.03,500.03,504.22,1.07,306.3636,514.6345,-0.704893,11.405128,0.354724,0.545509,3.0,0.0,715.97,29999.0,Win32,1912x948,,IMPOSTOR
148.87,284.37,397.09,444.86,1.8,792.9699,1116.2791,-0.039447,15.982985,0.260883,0.393906,5.0,0.0,2251.64,30004.0,Win32,1912x948,,GENUINE
0.0933272727272727,0.0189612567146364,0.353395,0.3086128099658211,1235.4067576749646,0.0,0.0,0.0,0.0,0.0,0.0,0.0,0.0,0.0,8.0945,Win32,1912x948,,IMPOSTOR
151.44,32.4,373.78,305.32,2.0,875.1078,1437.0364,-0.375845,20.377787,0.295054,0.45635,4.0,0.0,1876.06,30008.0,Win32,1912x948,,IMPOSTOR
140.28,44.58,430.36,310.23,0.4,1014.8168,1228.8367,-1.741625,18.914758,0.298957,0.564049,12.0,225.56,5017.06,29998.0,Win32,1912x948,,IMPOSTOR
156.3,40.37,503.39,499.38,1.57,1074.5312,1094.9198,-1.17922,15.095104,0.324927,0.439776,1.0,330.56,1041.95,29999.0,Win32,1912x948,,IMPOSTOR
0.0907636363636363,0.0206388985227265,0.2441299999999999,0.1348502172782825,1700.3910899506889,0.0,0.0,0.0,0.0,0.0,0.0,0.0,0.0,0.0,5.880999999999999,Win32,1052x947,,IMPOSTOR
0.0,0.0,0.0,0.0,0.0,0.0,0.0,0.0,0.0,0.0,0.0,0.0,0.0,0.0,30444.0,Win32,1912x948,,IMPOSTOR
0.0816545454545454,0.0136789395944916,0.15387,0.1150624704236789,2515.3435959352046,0.0,0.0,0.0,0.0,0.0,0.0,0.0,0.0,0.0,3.9756,Win32,950x947,,IMPOSTOR
0.0846545454545454,0.0147781388689426,0.14051,0.097813659066615,2672.796279467578,0.0,0.0,0.0,0.0,0.0,0.0,0.0,0.0,0.0,3.7414,Win32,1912x948,,IMPOSTOR
0.0,0.0,0.0,0.0,0.0,612.8808,1071.6109,-0.557545,12.536727,0.340641,0.515826,9.0,2224.44,3407.99,29996.0,Win32,1912x948,,IMPOSTOR
0.0,0.0,0.0,0.0,0.0,421.7641,434.4212,-0.525695,8.088571,0.268154,0.484775,23.0,2041.67,3478.1,29992.0,Win32,950x947,,IMPOSTOR
83.24,21.87,285.74,302.23,3.2,894.3577,1024.448,-0.199971,16.223873,0.190175,0.26456,4.0,0.0,1018.26,30000.0,Win32,1912x948,,GENUINE
0.0,0.0,0.0,0.0,0.0,0.0,0.0,0.0,0.0,0.0,0.0,0.0,0.0,0.0,29996.0,Win32,1912x948,,IMPOSTOR
98.34,37.88,728.54,649.22,0.17,0.0,0.0,0.0,0.0,0.0,0.0,0.0,0.0,0.0,29996.0,Win32,1912x948,,IMPOSTOR
0.0898818181818181,0.0164749296139657,0.206405,0.1790828592439823,1954.3464665415888,0.0,0.0,0.0,0.0,0.0,0.0,0.0,0.0,0.0,5.1168,Win32,1912x948,,IMPOSTOR
153.63,38.68,452.89,405.87,1.53,1193.64,1461.6625,-1.769025,23.443622,0.186343,0.391456,4.0,0.0,1389.17,29997.0,Win32,1912x948,,IMPOSTOR
191.02,389.84,477.87,464.06,1.83,1086.1377,1097.8529,-0.825889,18.492368,0.201864,0.21625,0.0,0.0,914.79,30003.0,Win32,1912x948,,GENUINE
0.1043363636363636,0.0210819299067955,0.1686049999999999,0.1185374517821266,2212.4872781981503,0.0,0.0,0.0,0.0,0.0,0.0,0.0,0.0,0.0,4.5198,Win32,1052x947,,IMPOSTOR
0.0,0.0,0.0,0.0,0.0,929.7749,1034.96,-0.462092,18.322758,0.260083,0.434055,0.0,0.0,1354.48,29990.0,Win32,1912x948,,IMPOSTOR
0.0,0.0,0.0,0.0,0.0,754.6498,1152.2752,-0.80078,14.188291,0.174391,0.291946,8.0,1756.0,4493.6,30000.0,Win32,1912x948,,IMPOSTOR
0.080190909090909,0.0118915901945606,0.166235,0.1216051613830597,2377.1037368070743,0.0,0.0,0.0,0.0,0.0,0.0,0.0,0.0,0.0,4.2068,Win32,1912x948,,IMPOSTOR
182.61,88.17,763.29,719.75,0.77,660.8741,725.7751,-1.327892,12.024886,0.304944,0.655716,8.0,0.0,2349.8,29996.0,Win32,1912x948,,IMPOSTOR
0.0,0.0,0.0,0.0,0.0,0.0,0.0,0.0,0.0,0.0,0.0,0.0,0.0,0.0,50003.0,Win32,1912x948,,IMPOSTOR
0.1001,0.0278080760015699,0.38268,0.3474101993321439,1142.2435948690418,0.0,0.0,0.0,0.0,0.0,0.0,0.0,0.0,0.0,8.754700000000001,Win32,950x947,,IMPOSTOR
93.93,28.16,249.03,164.1,3.17,527.6119,500.8234,-0.18289,7.242678,0.184939,0.293659,1.0,0.0,1341.79,29996.0,Win32,1912x948,,GENUINE
0.0,0.0,0.0,0.0,0.0,309.6225,431.0381,-1.263383,7.909446,0.414126,0.544567,17.0,1325.0,2517.32,30003.0,Win32,1912x948,,IMPOSTOR
0.0,0.0,0.0,0.0,0.0,999.2031,1358.3753,-0.706546,20.649944,0.265803,0.431433,4.0,300.0,6234.01,30002.0,Win32,1912x948,,GENUINE
124.4,269.01,385.93,423.15,1.67,820.9168,1201.6827,0.135726,30.883568,0.199659,0.319473,4.0,0.0,1977.25,30011.0,Win32,1912x948,,GENUINE
0.0,0.0,0.0,0.0,0.0,0.0,0.0,0.0,0.0,0.0,0.0,0.0,0.0,0.0,59992.0,Win32,1912x948,,IMPOSTOR
0.0878545454545454,0.0135972165357716,0.142855,0.1025674045445237,2615.404733882568,0.0,0.0,0.0,0.0,0.0,0.0,0.0,0.0,0.0,3.8235,Win32,1912x948,,IMPOSTOR
284.09,150.9,1002.86,613.77,0.27,570.986,712.5127,-0.232055,11.566027,0.365099,0.585198,5.0,0.0,752.18,30011.0,Win32,1912x948,,IMPOSTOR
100.6,31.77,535.58,556.69,1.27,771.0851,1197.9461,-1.201019,19.808368,0.16977,0.31165,5.0,0.0,3000.78,30000.0,Win32,1912x948,,IMPOSTOR
80.82,24.56,460.85,381.56,1.07,535.501,896.73,-0.723944,16.694734,0.261612,0.457206,13.0,667.0,3270.45,30000.0,Win32,1912x948,,IMPOSTOR
87.25,25.94,326.71,346.17,3.13,0.0,0.0,0.0,0.0,0.0,0.0,0.0,0.0,0.0,29999.0,Win32,1912x948,,GENUINE
0.0864181818181818,0.0119350376608933,0.16299,0.1256256856697706,2375.0712521375644,0.0,0.0,0.0,0.0,0.0,0.0,0.0,0.0,0.0,4.2104,Win32,1912x948,,IMPOSTOR
0.0,0.0,0.0,0.0,0.0,304.7671,424.2364,-0.167341,7.815946,0.333639,0.464007,1.0,0.0,469.1,29995.0,Win32,1912x948,,IMPOSTOR
0.0,0.0,0.0,0.0,0.0,587.4764,911.8822,-0.284704,12.823051,0.206231,0.340155,5.0,5021.0,4035.4,30001.0,Win32,1912x948,,IMPOSTOR
0.0958181818181818,0.0172648785995688,0.226785,0.199823728007962,1789.0047766427535,0.0,0.0,0.0,0.0,0.0,0.0,0.0,0.0,0.0,5.589700000000001,Win32,950x947,,IMPOSTOR
156.38,30.74,491.41,425.13,1.83,1525.6092,2108.9098,-3.971858,26.930282,0.427829,0.741701,2.0,233.33,1410.9,29997.0,Win32,1912x948,,IMPOSTOR
95.05,23.37,339.08,347.1,1.53,505.0351,1101.402,-0.381158,15.94566,0.319004,0.449859,3.0,0.0,2680.45,30002.0,Win32,1912x948,,GENUINE
0.0,0.0,0.0,0.0,0.0,1043.1359,1065.317,-0.372446,18.72365,0.209673,0.254311,1.0,3023.0,1461.3,29999.0,Win32,1912x948,,IMPOSTOR
0.0,0.0,0.0,0.0,0.0,799.0936,910.981,-1.377141,14.077977,0.291022,0.484032,2.0,587.0,1268.04,29998.0,Win32,1912x948,,IMPOSTOR
0.0912999999999999,0.0147597733414476,0.2037199999999999,0.1391583292512525,1969.0078169610333,0.0,0.0,0.0,0.0,0.0,0.0,0.0,0.0,0.0,5.0787,Win32,1052x947,,IMPOSTOR
0.0,0.0,0.0,0.0,0.0,469.1417,549.8734,-0.501947,10.324465,0.32509,0.473589,21.0,1236.67,3887.69,29995.0,Win32,1912x948,,IMPOSTOR
0.0,0.0,0.0,0.0,0.0,0.0,0.0,0.0,0.0,0.0,0.0,0.0,0.0,0.0,54994.0,Win32,1912x948,,IMPOSTOR
0.0,0.0,0.0,0.0,0.0,1229.8155,1241.261,-0.508742,21.530051,0.318156,0.571956,1.0,3126.0,3264.65,29999.0,Win32,1912x948,,IMPOSTOR
0.0992090909090909,0.0191584993977491,0.178005,0.1556128576789206,2149.8903555918646,0.0,0.0,0.0,0.0,0.0,0.0,0.0,0.0,0.0,4.651400000000001,Win32,1912x948,,IMPOSTOR
0.0917818181818181,0.0129571895228316,0.2259150000000001,0.2308586153363136,1809.0052280251089,0.0,0.0,0.0,0.0,0.0,0.0,0.0,0.0,0.0,5.527900000000002,Win32,1912x948,,IMPOSTOR
0.0,0.0,0.0,0.0,0.0,0.0,0.0,0.0,0.0,0.0,0.0,0.0,0.0,0.0,29994.0,Win32,1912x948,,GENUINE
0.0945181818181818,0.016926032568573,0.1824699999999999,0.151251866434765,2132.605404022094,0.0,0.0,0.0,0.0,0.0,0.0,0.0,0.0,0.0,4.6891,Win32,1912x948,,IMPOSTOR
145.44,25.75,387.41,343.96,0.23,711.4296,1218.5403,-0.639059,27.534281,0.170974,0.400603,2.0,0.0,1150.15,29993.0,Win32,1912x948,,IMPOSTOR
144.2,34.73,747.57,563.49,0.93,295.1922,498.2223,-0.430385,12.459451,0.284319,0.496201,0.0,108.89,457.41,29979.0,Win32,1912x948,,IMPOSTOR
0.0,0.0,0.0,0.0,0.0,4725.0642,3278.3783,-0.318269,67.962795,0.381599,0.5468,1.0,808.0,58511.74,30000.0,Win32,950x947,,IMPOSTOR
0.0,0.0,0.0,0.0,0.0,0.0,0.0,0.0,0.0,0.0,0.0,0.0,0.0,0.0,33942.0,Win32,1912x948,,GENUINE
0.0,0.0,0.0,0.0,0.0,227.129,380.3208,-0.476454,7.119001,0.552346,0.717067,2.0,516.0,471.14,29997.0,Win32,1912x948,,IMPOSTOR
0.1157818181818182,0.0214817816334856,0.48042,0.4715330970356163,918.9487226612754,0.0,0.0,0.0,0.0,0.0,0.0,0.0,0.0,0.0,10.882,Win32,1052x947,,IMPOSTOR
0.086890909090909,0.0214040121364474,0.173345,0.1500816760134294,2261.062247043661,0.0,0.0,0.0,0.0,0.0,0.0,0.0,0.0,0.0,4.4227,Win32,1912x948,,IMPOSTOR
139.19,23.75,411.66,402.05,1.43,848.6409,1063.4437,-0.668637,17.434892,0.245945,0.510548,5.0,528.89,2513.29,29999.0,Win32,950x947,,IMPOSTOR
0.0905818181818182,0.0155286139510153,0.14898,0.120299956774722,2515.0905432595564,0.0,0.0,0.0,0.0,0.0,0.0,0.0,0.0,0.0,3.976000000000001,Win32,1912x948,,IMPOSTOR
0.0,0.0,0.0,0.0,0.0,408.7862,389.5033,-0.494699,7.004682,0.31056,0.493132,22.0,1613.89,3426.92,30001.0,Win32,1912x948,,IMPOSTOR
107.09,41.29,354.8,268.43,2.5,960.0034,1069.1946,-1.900822,14.253032,0.216946,0.446136,1.0,0.0,1280.55,30001.0,Win32,1912x948,,IMPOSTOR
0.0914272727272727,0.0258202912070435,0.32106,0.2379225659747305,1346.456798933606,0.0,0.0,0.0,0.0,0.0,0.0,0.0,0.0,0.0,7.426900000000001,Win32,1912x948,,IMPOSTOR
0.1054,0.022745748853557,0.410595,0.390939667308141,1067.087810655939,0.0,0.0,0.0,0.0,0.0,0.0,0.0,0.0,0.0,9.3713,Win32,1912x948,,IMPOSTOR
0.1188727272727272,0.017695047633273,0.2022949999999999,0.1391465467591632,1867.9368637340056,0.0,0.0,0.0,0.0,0.0,0.0,0.0,0.0,0.0,5.3535,Win32,1912x948,,IMPOSTOR
0.0923545454545454,0.0235590694227534,0.177985,0.1165191498209628,2185.5057260250023,0.0,0.0,0.0,0.0,0.0,0.0,0.0,0.0,0.0,4.5756,Win32,1912x948,,IMPOSTOR
0.0,0.0,0.0,0.0,0.0,228.424,338.4496,-0.811516,5.223421,0.418615,0.540671,8.0,449.0,933.41,30007.0,Win32,1912x948,,IMPOSTOR
0.0891818181818181,0.0162341289310132,0.165225,0.1614089212992888,2333.450005833625,0.0,0.0,0.0,0.0,0.0,0.0,0.0,0.0,0.0,4.2855,Win32,1912x948,,IMPOSTOR
145.82,35.88,499.49,390.25,1.27,203.4081,271.4496,-0.034144,3.790795,0.229129,0.472892,1.0,1975.56,406.42,30006.0,Win32,1912x948,,IMPOSTOR
0.0913454545454545,0.015128622098908,0.2269699999999999,0.1912528093911302,1803.6867356877456,0.0,0.0,0.0,0.0,0.0,0.0,0.0,0.0,0.0,5.5442,Win32,1912x948,,IMPOSTOR
84.99,26.84,293.72,308.64,3.03,714.737,782.307,-0.723229,16.896634,0.248539,0.398099,1.0,0.0,1225.21,30002.0,Win32,1912x948,,GENUINE
122.41,62.13,324.54,297.62,2.1,843.9959,1134.2346,-2.469568,17.65236,0.397776,0.606028,6.0,0.0,2665.65,30002.0,Win32,1052x947,,IMPOSTOR
0.0850454545454545,0.0134716107990344,0.2098549999999999,0.1955081340379474,1948.3302809492263,0.0,0.0,0.0,0.0,0.0,0.0,0.0,0.0,0.0,5.1326,Win32,1912x948,,IMPOSTOR
0.0830363636363636,0.0114725183672091,0.1588449999999999,0.126067515542268,2444.808449258001,0.0,0.0,0.0,0.0,0.0,0.0,0.0,0.0,0.0,4.090299999999999,Win32,1052x947,,IMPOSTOR
96.97,29.14,376.54,391.18,2.03,971.7288,1447.2415,-0.517135,25.566716,0.290969,0.462499,7.0,0.0,3673.76,29994.0,Win32,1912x948,,GENUINE
0.0898454545454545,0.0180502512516566,0.15275,0.11933600672052,2473.22731432246,0.0,0.0,0.0,0.0,0.0,0.0,0.0,0.0,0.0,4.0433,Win32,950x947,,IMPOSTOR
0.0806818181818181,0.0137440114682602,0.1692299999999999,0.1722070355705596,2340.769176751481,0.0,0.0,0.0,0.0,0.0,0.0,0.0,0.0,0.0,4.272099999999999,Win32,1912x948,,IMPOSTOR
151.53,27.0,466.31,458.28,1.77,982.969,1171.6367,-1.293563,17.002056,0.286514,0.501971,5.0,0.0,1774.08,30008.0,Win32,1912x948,,IMPOSTOR
0.0,0.0,0.0,0.0,0.0,0.0,0.0,0.0,0.0,0.0,0.0,0.0,0.0,13.0,29996.0,Win32,1912x948,,GENUINE
98.13,32.09,396.94,364.82,2.33,1046.3133,1276.7284,-1.40194,18.671704,0.251948,0.493761,4.0,0.0,2170.09,30000.0,Win32,1912x948,,IMPOSTOR
0.085590909090909,0.0130493089016207,0.148075,0.1220337898903414,2562.1316935690493,0.0,0.0,0.0,0.0,0.0,0.0,0.0,0.0,0.0,3.903,Win32,1912x948,,IMPOSTOR
141.55,25.51,448.77,476.15,2.07,679.7363,1086.6009,-1.478364,17.232633,0.253061,0.480947,2.0,0.0,1167.54,30005.0,Win32,1912x948,,IMPOSTOR
89.25,24.57,410.5,422.25,1.17,1416.5329,1927.0723,-2.032776,30.541979,0.311048,0.378976,1.0,0.0,1014.81,29990.0,Win32,1912x948,,GENUINE
0.0923,0.0133346438749869,0.19549,0.1917788515452108,2030.4156260786583,0.0,0.0,0.0,0.0,0.0,0.0,0.0,0.0,0.0,4.9251,Win32,1912x948,,IMPOSTOR
0.0,0.0,0.0,0.0,0.0,0.0,0.0,0.0,0.0,0.0,0.0,0.0,0.0,0.0,29997.0,Win32,1912x948,,IMPOSTOR
0.0863818181818181,0.0169435865142815,0.306505,0.4761834588422828,1412.369532364448,0.0,0.0,0.0,0.0,0.0,0.0,0.0,0.0,0.0,7.0803,Win32,1912x948,,IMPOSTOR
0.0954636363636363,0.0213998841427311,0.28901,0.2975324753703366,1464.0645359647451,0.0,0.0,0.0,0.0,0.0,0.0,0.0,0.0,0.0,6.830300000000001,Win32,1912x948,,IMPOSTOR
0.0,0.0,0.0,0.0,0.0,0.0,0.0,0.0,0.0,0.0,0.0,0.0,0.0,0.0,30012.0,Win32,1052x947,,IMPOSTOR
0.0,0.0,0.0,0.0,0.0,549.8736,709.7897,-0.259104,12.991204,0.29551,0.406652,3.0,700.0,6900.6,29999.0,Win32,1912x948,,GENUINE
110.91,30.69,298.68,276.65,2.43,714.4057,950.8769,-2.533179,14.375726,0.264961,0.487819,3.0,0.0,1522.35,30001.0,Win32,1912x948,,IMPOSTOR
0.0,0.0,0.0,0.0,0.0,1774.6171,1905.1807,-2.888415,19.240743,0.212068,0.451785,1.0,0.0,2447.46,29990.0,Win32,1912x948,,GENUINE
0.0,0.0,0.0,0.0,0.0,799.143,1227.3924,-3.1816,20.627985,0.321054,0.467616,2.0,1081.0,1601.11,29997.0,Win32,1912x948,,IMPOSTOR
0.0842272727272727,0.020690142181026,0.164595,0.1548959246558798,2370.5670396358805,0.0,0.0,0.0,0.0,0.0,0.0,0.0,0.0,0.0,4.218400000000001,Win32,1912x948,,IMPOSTOR
0.0,0.0,0.0,0.0,0.0,1275.5897,1791.5629,-1.108677,31.749277,0.240168,0.415628,7.0,0.0,8449.47,29996.0,Win32,1912x948,,GENUINE
0.0,0.0,0.0,0.0,0.0,1129.8937,1504.9546,-0.810938,25.358542,0.297145,0.482013,2.0,318.89,1765.3,30005.0,Win32,1912x948,,IMPOSTOR
0.1274090909090909,0.022726654537047,0.181095,0.1702797623765079,1990.6836007484965,0.0,0.0,0.0,0.0,0.0,0.0,0.0,0.0,0.0,5.023400000000001,Win32,1912x948,,IMPOSTOR
0.0,0.0,0.0,0.0,0.0,0.0,0.0,0.0,0.0,0.0,0.0,0.0,0.0,0.0,30001.0,Win32,1912x948,,GENUINE
89.42,24.8,317.23,262.85,1.03,801.4758,956.2082,-0.459797,19.00869,0.224663,0.3678,4.0,0.0,2614.37,30010.0,Win32,1912x948,,GENUINE
0.0955545454545454,0.012767598452643,0.13684,0.0983892036760131,2639.9852160827904,0.0,0.0,0.0,0.0,0.0,0.0,0.0,0.0,0.0,3.7879,Win32,1912x948,,IMPOSTOR
0.0,0.0,0.0,0.0,0.0,618.0881,909.8911,-0.058107,14.381621,0.296475,0.425579,10.0,2200.0,8449.37,29996.0,Win32,1912x948,,GENUINE
0.0816818181818181,0.0123623194485808,0.1350449999999999,0.0948000025052742,2778.240817914097,0.0,0.0,0.0,0.0,0.0,0.0,0.0,0.0,0.0,3.5993999999999997,Win32,950x947,,IMPOSTOR
157.6,32.74,384.5,359.69,2.17,931.3075,1578.498,-1.22698,29.146086,0.254941,0.506543,3.0,256.67,1089.03,29989.0,Win32,1912x948,,IMPOSTOR
0.1101272727272727,0.014412184927351,0.18705,0.1389668107858851,2019.2230029884497,0.0,0.0,0.0,0.0,0.0,0.0,0.0,0.0,0.0,4.952400000000001,Win32,1912x948,,IMPOSTOR
0.0858272727272727,0.0122000067741479,0.1962349999999999,0.1448883303616961,2053.894183371673,0.0,0.0,0.0,0.0,0.0,0.0,0.0,0.0,0.0,4.868799999999999,Win32,1912x948,,IMPOSTOR
0.0998,0.0171572407190348,0.129265,0.1003358872736968,2715.1041242431643,0.0,0.0,0.0,0.0,0.0,0.0,0.0,0.0,0.0,3.683100000000001,Win32,1912x948,,IMPOSTOR
0.0903181818181818,0.0135148953637908,0.27771,0.2928089580255358,1527.2538448615544,0.0,0.0,0.0,0.0,0.0,0.0,0.0,0.0,0.0,6.5477,Win32,1912x948,,IMPOSTOR
0.0873636363636363,0.0150991434270757,0.154015,0.113748768235089,2474.4512904263484,0.0,0.0,0.0,0.0,0.0,0.0,0.0,0.0,0.0,4.0413,Win32,1912x948,,IMPOSTOR
149.4,256.47,335.53,349.67,2.73,0.0,0.0,0.0,0.0,0.0,0.0,0.0,0.0,0.0,30009.0,Win32,1912x948,,GENUINE
0.1075545454545454,0.0225432256962793,0.47598,0.4621387752612844,934.3436702888056,0.0,0.0,0.0,0.0,0.0,0.0,0.0,0.0,0.0,10.7027,Win32,1912x948,,IMPOSTOR
0.0,0.0,0.0,0.0,0.0,1093.4597,1701.2346,-0.511232,16.826568,0.300208,0.444915,3.0,0.0,4437.0,9723.0,Win32,1912x948,,GENUINE
0.0,0.0,0.0,0.0,0.0,0.0,0.0,0.0,0.0,0.0,0.0,0.0,0.0,0.0,59995.0,Win32,1912x948,,GENUINE
0.1336727272727272,0.0335543545720045,0.1986899999999999,0.1774887345720849,1836.817163219573,0.0,0.0,0.0,0.0,0.0,0.0,0.0,0.0,0.0,5.4442,Win32,1912x948,,IMPOSTOR
0.0,0.0,0.0,0.0,0.0,1033.689,1206.1785,-1.079722,21.060825,0.212417,0.444912,4.0,2135.0,4474.14,30000.0,Win32,1912x948,,IMPOSTOR
0.0,0.0,0.0,0.0,0.0,1154.2428,1522.8893,-1.006957,23.333984,0.233511,0.418095,4.0,1118.0,9571.32,30138.0,Win32,1912x948,,IMPOSTOR
0.0,0.0,0.0,0.0,0.0,478.5154,428.2573,-0.716613,7.831153,0.214794,0.301154,2.0,151.0,439.48,30000.0,Win32,1912x948,,IMPOSTOR
0.0,0.0,0.0,0.0,0.0,333.6939,368.3502,-0.138112,6.415676,0.278294,0.379298,29.0,400.0,5307.01,29992.0,Win32,1912x948,,GENUINE
0.0804181818181818,0.0121666323256996,0.154825,0.1598981703303699,2511.8685790359445,0.0,0.0,0.0,0.0,0.0,0.0,0.0,0.0,0.0,3.981100000000001,Win32,1912x948,,IMPOSTOR
287.65,412.49,816.51,658.53,0.87,664.2829,955.304,-0.27502,14.581358,0.266283,0.385364,4.0,0.0,1828.65,29993.0,Win32,1912x948,,GENUINE
0.0,0.0,0.0,0.0,0.0,591.6778,993.767,-0.854262,12.643732,0.21118,0.306145,8.0,0.0,3468.65,30000.0,Win32,1912x948,,IMPOSTOR
151.78,38.43,421.2,368.31,2.07,986.0348,1363.9311,-1.621965,15.845311,0.270673,0.448181,2.0,0.0,1452.8,30010.0,Win32,1052x947,,IMPOSTOR
90.83,24.36,360.26,362.42,2.43,0.0,0.0,0.0,0.0,0.0,0.0,0.0,0.0,0.0,29999.0,Win32,1912x948,,GENUINE
0.1268090909090909,0.0241396864687575,0.1639699999999999,0.1147065608411306,2139.357764799008,0.0,0.0,0.0,0.0,0.0,0.0,0.0,0.0,0.0,4.674299999999999,Win32,1052x947,,IMPOSTOR
0.0,0.0,0.0,0.0,0.0,0.0,0.0,0.0,0.0,0.0,0.0,0.0,0.0,0.0,30007.0,Win32,1912x948,,GENUINE
90.45,28.89,341.39,373.91,2.57,780.3775,1101.3095,-1.395766,17.713528,0.175169,0.271461,6.0,0.0,2686.01,30000.0,Win32,1912x948,,IMPOSTOR
171.65,173.5,610.53,657.56,0.5,711.9841,1177.7696,-0.999462,20.010515,0.27444,0.511201,4.0,583.33,3079.22,30007.0,Win32,1912x948,,IMPOSTOR
147.92,247.2,502.8,454.2,1.37,887.8599,1188.542,-1.46237,16.701563,0.226545,0.288023,3.0,0.0,3231.09,29999.0,Win32,1912x948,,GENUINE
0.0,0.0,0.0,0.0,0.0,1486.5741,1747.7933,-1.745895,27.836508,0.221324,0.430354,1.0,1800.0,2421.79,34073.0,Win32,1912x948,,GENUINE
94.38,31.5,413.02,436.6,2.23,1019.4699,1451.9571,-1.74106,25.176463,0.260138,0.39888,2.0,0.0,1551.13,29999.0,Win32,1912x948,,IMPOSTOR
0.1247727272727272,0.0209691587774691,0.1655599999999999,0.1545920935882556,2135.0641586779684,0.0,0.0,0.0,0.0,0.0,0.0,0.0,0.0,0.0,4.6837,Win32,1912x948,,IMPOSTOR
0.0,0.0,0.0,0.0,0.0,0.0,0.0,0.0,0.0,0.0,0.0,0.0,0.0,0.0,18143.0,Win32,1912x948,,IMPOSTOR
202.35,254.83,775.3,700.23,0.33,495.7606,859.01,-0.754931,14.421499,0.345593,0.535423,6.0,206.11,2546.53,29991.0,Win32,1912x948,,IMPOSTOR
0.0,0.0,0.0,0.0,0.0,963.9453,1286.8384,-1.501965,23.607017,0.225628,0.411917,4.0,9122.0,3952.68,29999.0,Win32,1912x948,,IMPOSTOR
0.0892454545454545,0.0142635175845335,0.214795,0.18745850867592,1894.8006669698343,0.0,0.0,0.0,0.0,0.0,0.0,0.0,0.0,0.0,5.277600000000001,Win32,1912x948,,IMPOSTOR
0.090290909090909,0.0190483334773534,0.1380549999999999,0.1107661115820177,2663.612391124844,0.0,0.0,0.0,0.0,0.0,0.0,0.0,0.0,0.0,3.7542999999999993,Win32,950x947,,IMPOSTOR
275.8,0.0,2000.0,0.0,0.03,1348.0121,1800.6974,-0.357522,25.721559,0.333111,0.473683,4.0,3600.0,13089.97,30000.0,Win32,1912x948,,GENUINE
0.0,0.0,0.0,0.0,0.0,834.3874,923.7183,-1.179817,19.700683,0.253539,0.552848,11.0,0.0,5312.06,30002.0,Win32,1912x948,,IMPOSTOR
0.0983545454545454,0.0240640570763785,0.30505,0.3019013274233817,1392.195352851912,0.0,0.0,0.0,0.0,0.0,0.0,0.0,0.0,0.0,7.182900000000001,Win32,1912x948,,IMPOSTOR
0.0,0.0,0.0,0.0,0.0,0.0,0.0,0.0,0.0,0.0,0.0,0.0,0.0,0.0,29996.0,Win32,1912x948,,IMPOSTOR
0.0823181818181818,0.009040295468001,0.11768,0.0824183511118731,3068.3317480285964,0.0,0.0,0.0,0.0,0.0,0.0,0.0,0.0,0.0,3.259100000000001,Win32,1912x948,,IMPOSTOR
0.0,0.0,0.0,0.0,0.0,0.0,0.0,0.0,0.0,0.0,0.0,0.0,0.0,0.0,29999.0,Win32,1912x948,,IMPOSTOR
0.0,0.0,0.0,0.0,0.0,771.9076,1191.4282,-0.387952,19.635082,0.269183,0.410425,5.0,3200.0,5777.6,30003.0,Win32,1912x948,,GENUINE
0.0,0.0,0.0,0.0,0.0,0.0,0.0,0.0,0.0,0.0,0.0,0.0,0.0,0.0,30010.0,Win32,1912x948,,IMPOSTOR
0.0,0.0,0.0,0.0,0.0,434.891,459.9067,-0.2466,8.440608,0.300173,0.405097,31.0,400.0,7177.59,29994.0,Win32,1912x948,,GENUINE
0.0,0.0,0.0,0.0,0.0,0.0,0.0,0.0,0.0,0.0,0.0,0.0,0.0,0.0,59998.0,Win32,1912x948,,GENUINE
0.0,0.0,0.0,0.0,0.0,524.4482,525.221,-0.677365,13.553026,0.411736,0.454215,0.0,0.0,1536.28,30002.0,Win32,1912x948,,IMPOSTOR
142.53,41.16,538.8,495.17,0.13,826.9633,1162.5987,-0.902085,20.408453,0.227347,0.45313,12.0,307.22,4144.89,30001.0,Win32,1912x948,,IMPOSTOR
0.0,0.0,0.0,0.0,0.0,0.0,0.0,0.0,0.0,0.0,0.0,0.0,0.0,0.0,60000.0,Win32,1912x948,,IMPOSTOR
0.0898636363636363,0.0203187899034488,0.1762899999999999,0.1203827267509753,2215.182863345369,0.0,0.0,0.0,0.0,0.0,0.0,0.0,0.0,0.0,4.5143,Win32,1912x948,,IMPOSTOR
0.0909545454545454,0.02114531384304,0.268885,0.2258412545904756,1567.840456555141,0.0,0.0,0.0,0.0,0.0,0.0,0.0,0.0,0.0,6.3782,Win32,1912x948,,IMPOSTOR
0.0915272727272727,0.0122748146373037,0.180605,0.163147866903003,2165.017644893805,0.0,0.0,0.0,0.0,0.0,0.0,0.0,0.0,0.0,4.6189,Win32,1912x948,,IMPOSTOR
0.0,0.0,0.0,0.0,0.0,599.1303,768.9831,-1.841622,13.806804,0.447377,0.578019,1.0,0.0,433.01,29993.0,Win32,1912x948,,IMPOSTOR
165.78,199.81,556.15,684.2,0.37,411.9958,934.8067,-0.208631,15.818277,0.340974,0.416966,3.0,0.0,4354.33,29999.0,Win32,1912x948,,GENUINE
9.7,0.0,2000.0,0.0,0.03,523.3421,594.7041,-0.614527,9.409991,0.354541,0.558413,13.0,964.44,2557.6,29997.0,Win32,950x947,,IMPOSTOR
0.0,0.0,0.0,0.0,0.0,619.0584,1042.7491,-0.578272,14.73839,0.209026,0.354115,9.0,1397.0,4156.09,30001.0,Win32,1052x947,,IMPOSTOR
0.0854818181818181,0.0182214069001679,0.2063849999999999,0.1688703860213507,1973.1649565903715,0.0,0.0,0.0,0.0,0.0,0.0,0.0,0.0,0.0,5.067999999999999,Win32,1912x948,,IMPOSTOR
0.0903181818181818,0.0292685937228353,0.3427849999999999,0.2545997079240272,1274.0151862610203,0.0,0.0,0.0,0.0,0.0,0.0,0.0,0.0,0.0,7.849199999999999,Win32,950x947,,IMPOSTOR
0.0,0.0,0.0,0.0,0.0,0.0,0.0,0.0,0.0,0.0,0.0,0.0,0.0,0.0,30008.0,Win32,1912x948,,GENUINE
0.0,0.0,0.0,0.0,0.0,284.4166,254.3088,-0.00968,8.543231,0.378441,0.217375,0.0,0.0,64.11,276.0,Win32,1912x948,,GENUINE
148.74,25.23,716.07,786.56,0.37,681.2921,863.1204,-1.497579,15.950844,0.293164,0.529232,7.0,237.22,2942.09,30002.0,Win32,1912x948,,IMPOSTOR
91.16,32.18,227.88,215.63,1.33,1232.3346,1792.8135,-1.365033,25.65966,0.212371,0.327747,3.0,0.0,2117.68,30012.0,Win32,1912x948,,GENUINE
87.76,26.31,285.3,314.08,2.57,624.8362,788.7439,-0.432252,13.532572,0.278185,0.380959,4.0,0.0,1746.3,30013.0,Win32,1912x948,,GENUINE
172.31,37.31,588.61,659.03,0.67,0.0,0.0,0.0,0.0,0.0,0.0,0.0,0.0,0.0,29986.0,Win32,1912x948,,IMPOSTOR
0.0931363636363636,0.0177025561958652,0.16477,0.1376832418996589,2314.8683997314747,0.0,0.0,0.0,0.0,0.0,0.0,0.0,0.0,0.0,4.3199000000000005,Win32,1912x948,,IMPOSTOR
0.0888818181818181,0.0169442303498494,0.165965,0.1755702801586874,2327.2050267628574,0.0,0.0,0.0,0.0,0.0,0.0,0.0,0.0,0.0,4.297000000000001,Win32,1052x947,,IMPOSTOR
169.04,38.85,604.96,478.42,1.57,0.0,0.0,0.0,0.0,0.0,0.0,0.0,0.0,0.0,30002.0,Win32,1912x948,,IMPOSTOR
141.16,33.9,361.24,298.86,1.93,809.2782,1277.415,-0.781939,21.931927,0.286913,0.49431,6.0,0.0,2722.25,29999.0,Win32,1912x948,,IMPOSTOR
186.05,59.33,608.76,516.34,1.23,0.0,0.0,0.0,0.0,0.0,0.0,0.0,0.0,0.0,30006.0,Win32,1912x948,,IMPOSTOR
0.0,0.0,0.0,0.0,0.0,808.5328,992.3838,-0.417439,12.261458,0.26597,0.43698,10.0,2200.0,9212.09,30006.0,Win32,1912x948,,GENUINE
0.0910181818181818,0.0139876450797134,0.1390199999999999,0.0985729810850823,2644.383329807489,0.0,0.0,0.0,0.0,0.0,0.0,0.0,0.0,0.0,3.7816,Win32,1912x948,,IMPOSTOR
0.0,0.0,0.0,0.0,0.0,450.3113,569.8531,-0.085697,6.29589,0.268917,0.381772,1.0,0.0,1717.3,13514.0,Win32,1912x948,,GENUINE
0.0,0.0,0.0,0.0,0.0,0.0,0.0,0.0,0.0,0.0,0.0,0.0,0.0,0.0,30000.0,Win32,1912x948,,GENUINE
0.0,0.0,0.0,0.0,0.0,887.6324,1328.8987,-0.441042,21.549576,0.207265,0.39057,7.0,3447.0,6540.07,30000.0,Win32,1912x948,,IMPOSTOR
0.0,0.0,0.0,0.0,0.0,0.0,0.0,0.0,0.0,0.0,0.0,0.0,0.0,0.0,30005.0,Win32,1912x948,,IMPOSTOR
0.0,0.0,0.0,0.0,0.0,4044.8073,1558.7363,-6.69009,51.779402,0.037617,0.024119,0.0,0.0,511.98,30000.0,Win32,1912x948,,GENUINE
0.0,0.0,0.0,0.0,0.0,425.3044,449.3761,-0.613862,8.274157,0.280706,0.465491,25.0,1085.0,3721.75,30014.0,Win32,1912x948,,IMPOSTOR
0.0,0.0,0.0,0.0,0.0,345.2675,483.3355,-1.420479,9.519781,0.404688,0.554072,19.0,824.0,3247.79,29995.0,Win32,1912x948,,IMPOSTOR
0.0,0.0,0.0,0.0,0.0,390.9982,422.3223,-0.644719,9.284832,0.36839,0.550818,25.0,1143.33,3129.27,30002.0,Win32,950x947,,IMPOSTOR
0.0918181818181818,0.0105452978044777,0.169255,0.1374516768722739,2275.261086209643,0.0,0.0,0.0,0.0,0.0,0.0,0.0,0.0,0.0,4.395099999999999,Win32,1912x948,,IMPOSTOR
96.8,32.23,392.75,340.31,2.33,882.9322,1623.8765,-1.810341,31.862818,0.357469,0.581866,5.0,0.0,1179.51,30000.0,Win32,1912x948,,IMPOSTOR
0.0872272727272727,0.0200040037314847,0.300465,0.2797487681384853,1434.9672827459533,0.0,0.0,0.0,0.0,0.0,0.0,0.0,0.0,0.0,6.968800000000001,Win32,1912x948,,IMPOSTOR
0.0,0.0,0.0,0.0,0.0,522.981,799.3691,-0.031928,10.257499,0.244417,0.358771,3.0,0.0,5633.35,20619.0,Win32,1912x948,,GENUINE
0.0,0.0,0.0,0.0,0.0,0.0,0.0,0.0,0.0,0.0,0.0,0.0,0.0,0.0,30011.0,Win32,950x947,,IMPOSTOR
0.0,0.0,0.0,0.0,0.0,0.0,0.0,0.0,0.0,0.0,0.0,0.0,0.0,0.0,29996.0,Win32,1912x948,,IMPOSTOR
157.2,25.44,501.81,587.83,0.87,545.4902,637.9826,-1.300246,10.481566,0.219348,0.590243,2.0,0.0,963.81,30005.0,Win32,1912x948,,IMPOSTOR
170.84,78.68,481.09,423.69,1.63,808.7523,1107.5226,-0.695461,15.146915,0.32081,0.412706,2.0,0.0,1809.7,30002.0,Win32,1912x948,,IMPOSTOR
0.0,0.0,0.0,0.0,0.0,697.61,923.7944,-0.755279,16.423767,0.225177,0.390887,7.0,1622.0,4232.12,30000.0,Win32,1912x948,,IMPOSTOR
0.0764181818181818,0.0145143701946987,0.1313299999999999,0.0844309605535789,2884.1716658975547,0.0,0.0,0.0,0.0,0.0,0.0,0.0,0.0,0.0,3.467199999999999,Win32,1912x948,,IMPOSTOR
0.0,0.0,0.0,0.0,0.0,0.0,0.0,0.0,0.0,0.0,0.0,0.0,0.0,0.0,30000.0,Win32,1912x948,,IMPOSTOR
0.0831727272727272,0.0164207236530323,0.16291,0.1370170825116343,2396.300112626105,0.0,0.0,0.0,0.0,0.0,0.0,0.0,0.0,0.0,4.1731,Win32,1912x948,,IMPOSTOR
0.0803818181818182,0.0123208484198582,0.136375,0.0992840011028967,2768.779245230778,0.0,0.0,0.0,0.0,0.0,0.0,0.0,0.0,0.0,3.6117,Win32,1912x948,,IMPOSTOR
0.1021181818181818,0.0164060309410798,0.139985,0.1231602016683961,2549.069589599796,0.0,0.0,0.0,0.0,0.0,0.0,0.0,0.0,0.0,3.923,Win32,1912x948,,IMPOSTOR
0.1245545454545454,0.0219012396343371,0.2145,0.1684785624345127,1766.753237575308,0.0,0.0,0.0,0.0,0.0,0.0,0.0,0.0,0.0,5.6601,Win32,1912x948,,IMPOSTOR
0.0,0.0,0.0,0.0,0.0,1997.2513,2250.7068,-4.847007,25.54805,0.106644,0.105701,0.0,0.0,1038.77,25003.0,Win32,1912x948,,GENUINE
0.0,0.0,0.0,0.0,0.0,0.0,0.0,0.0,0.0,0.0,0.0,0.0,0.0,0.0,29996.0,Win32,1912x948,,IMPOSTOR
0.0,0.0,0.0,0.0,0.0,0.0,0.0,0.0,0.0,0.0,0.0,0.0,0.0,0.0,29994.0,Win32,1912x948,,IMPOSTOR
0.0,0.0,0.0,0.0,0.0,1106.1336,1512.3582,-1.07191,24.208728,0.194822,0.354421,1.0,340.0,2265.12,25171.0,Win32,1912x948,,IMPOSTOR
0.1375999999999999,0.0220687355983321,0.1682949999999999,0.1317169976692454,2049.390306383851,0.0,0.0,0.0,0.0,0.0,0.0,0.0,0.0,0.0,4.879499999999999,Win32,1912x948,,IMPOSTOR
0.0,0.0,0.0,0.0,0.0,1041.3666,1489.6455,-0.796395,22.763211,0.21513,0.385416,6.0,9036.0,7007.23,29999.0,Win32,950x947,,IMPOSTOR
0.0842181818181818,0.0114246796797601,0.14022,0.1017990353588873,2680.390264822558,0.0,0.0,0.0,0.0,0.0,0.0,0.0,0.0,0.0,3.7308,Win32,1912x948,,IMPOSTOR
0.0,0.0,0.0,0.0,0.0,908.3938,1502.3379,-1.390205,19.263289,0.238396,0.412536,2.0,2641.0,3264.8,23224.0,Win32,1912x948,,IMPOSTOR
0.0874363636363636,0.0150197610879965,0.230745,0.2338267595357725,1793.1751752828732,0.0,0.0,0.0,0.0,0.0,0.0,0.0,0.0,0.0,5.576700000000001,Win32,1912x948,,IMPOSTOR
0.0993090909090909,0.0185857450040446,0.13809,0.0946471917174514,2594.5721550516323,0.0,0.0,0.0,0.0,0.0,0.0,0.0,0.0,0.0,3.8542,Win32,1912x948,,IMPOSTOR
0.0898727272727272,0.0143876266859024,0.15769,0.1266283218715307,2414.059482425647,0.0,0.0,0.0,0.0,0.0,0.0,0.0,0.0,0.0,4.1424,Win32,1912x948,,IMPOSTOR
0.0,0.0,0.0,0.0,0.0,0.0,0.0,0.0,0.0,0.0,0.0,2.0,0.0,0.0,1665.0,Win32,1912x948,,IMPOSTOR
0.0913090909090909,0.0152128805798635,0.155265,0.1044125245121484,2433.267635107185,0.0,0.0,0.0,0.0,0.0,0.0,0.0,0.0,0.0,4.1097,Win32,1912x948,,IMPOSTOR
0.0,0.0,0.0,0.0,0.0,1102.1048,1588.9812,-0.393354,23.400424,0.172945,0.306307,4.0,9426.0,4060.48,30001.0,Win32,1912x948,,IMPOSTOR
0.0,0.0,0.0,0.0,0.0,0.0,0.0,0.0,0.0,0.0,0.0,0.0,0.0,0.0,34604.0,Win32,1912x948,,IMPOSTOR
0.0880181818181818,0.0135382164920318,0.15024,0.127497483896742,2516.9896803423107,0.0,0.0,0.0,0.0,0.0,0.0,0.0,0.0,0.0,3.973,Win32,1912x948,,IMPOSTOR
0.0,0.0,0.0,0.0,0.0,1174.7611,1344.4347,-0.943688,24.244446,0.205744,0.316104,9.0,5042.0,14291.7,30003.0,Win32,1912x948,,IMPOSTOR
0.0,0.0,0.0,0.0,0.0,450.2113,534.486,-0.546841,8.82787,0.302221,0.549867,15.0,579.44,3200.93,29997.0,Win32,1912x948,,IMPOSTOR
0.0878363636363636,0.0165618001177557,0.2592150000000001,0.2286387615322476,1625.8840744654904,0.0,0.0,0.0,0.0,0.0,0.0,0.0,0.0,0.0,6.150500000000001,Win32,1912x948,,IMPOSTOR
0.0815727272727272,0.0129869928571272,0.14749,0.12787672931382,2599.3605573029035,0.0,0.0,0.0,0.0,0.0,0.0,0.0,0.0,0.0,3.8471,Win32,1912x948,,IMPOSTOR
0.0816636363636363,0.0160089334564555,0.14609,0.1482696121934633,2617.7325200910973,0.0,0.0,0.0,0.0,0.0,0.0,0.0,0.0,0.0,3.8201,Win32,1912x948,,IMPOSTOR
91.05,23.32,313.67,309.03,2.7,0.0,0.0,0.0,0.0,0.0,0.0,1.0,0.0,0.0,29990.0,Win32,1912x948,,GENUINE
0.0,0.0,0.0,0.0,0.0,772.2817,1448.5652,-0.316217,18.570225,0.359978,0.470406,0.0,0.0,1693.01,34496.0,Win32,1912x948,,GENUINE
76.81,17.51,340.28,214.02,0.93,877.1531,1354.5784,-1.602349,21.102794,0.298218,0.432928,5.0,134.0,2937.18,30002.0,Win32,1052x947,,IMPOSTOR
0.0,0.0,0.0,0.0,0.0,365.3604,345.4014,-0.034748,5.893033,0.286608,0.367515,30.0,400.0,5740.84,30002.0,Win32,1912x948,,GENUINE
0.0800363636363636,0.0167722320695559,0.139995,0.1038673118695193,2717.1697959405483,0.0,0.0,0.0,0.0,0.0,0.0,0.0,0.0,0.0,3.6803,Win32,1912x948,,IMPOSTOR
87.42,25.93,295.38,272.75,2.77,567.2743,699.5586,-0.616439,10.351967,0.205566,0.333965,3.0,0.0,1345.07,29997.0,Win32,1912x948,,GENUINE
0.0,0.0,0.0,0.0,0.0,435.7881,473.4053,-0.069139,8.659184,0.284052,0.38484,35.0,800.0,7908.94,29996.0,Win32,1912x948,,GENUINE
0.0,0.0,0.0,0.0,0.0,0.0,0.0,0.0,0.0,0.0,0.0,0.0,0.0,0.0,29996.0,Win32,1912x948,,IMPOSTOR
97.51,32.14,333.46,296.78,2.77,783.2187,1288.8972,-1.250945,23.195611,0.187112,0.262553,4.0,0.0,1239.61,30001.0,Win32,1052x947,,IMPOSTOR
0.0,0.0,0.0,0.0,0.0,1316.9316,1534.1312,1.065824,41.981003,0.195689,0.221099,0.0,0.0,523.19,86135.0,Win32,1912x948,,GENUINE
0.0,0.0,0.0,0.0,0.0,320.4599,455.0806,-1.510403,8.043981,0.428529,0.572943,19.0,1505.0,2953.39,30003.0,Win32,1912x948,,IMPOSTOR
0.0,0.0,0.0,0.0,0.0,874.6734,1083.7432,-0.560656,18.610578,0.259395,0.481967,5.0,843.89,3903.39,29999.0,Win32,1912x948,,IMPOSTOR
0.1407636363636363,0.0249147737379496,0.2356949999999999,0.3033981682129936,1596.8573846669756,0.0,0.0,0.0,0.0,0.0,0.0,0.0,0.0,0.0,6.262299999999999,Win32,950x947,,IMPOSTOR
146.91,31.68,378.37,326.27,2.1,773.5665,1009.3402,-1.546354,16.970107,0.354554,0.534092,3.0,140.0,1240.95,30007.0,Win32,1912x948,,IMPOSTOR
167.42,88.24,383.12,328.06,1.77,1032.1124,1374.0155,-1.622563,21.849653,0.302935,0.476194,5.0,0.0,4297.08,29997.0,Win32,1912x948,,IMPOSTOR
105.75,124.27,384.55,392.91,1.93,857.2453,1006.7165,-0.954914,16.134956,0.257302,0.376052,4.0,0.0,1905.46,29995.0,Win32,1912x948,,GENUINE
0.0964454545454545,0.0186816080501343,0.1726499999999999,0.1407406959624685,2215.379162143601,0.0,0.0,0.0,0.0,0.0,0.0,0.0,0.0,0.0,4.5139,Win32,1912x948,,IMPOSTOR
0.0,0.0,0.0,0.0,0.0,0.0,0.0,0.0,0.0,0.0,0.0,0.0,0.0,0.0,33072.0,Win32,1912x948,,GENUINE
0.0,0.0,0.0,0.0,0.0,893.7541,1549.3392,-1.239202,27.727618,0.230759,0.46219,6.0,1543.0,5302.26,30000.0,Win32,1912x948,,IMPOSTOR
0.0,0.0,0.0,0.0,0.0,321.2721,238.5675,-1.880117,5.047141,0.071831,0.089543,0.0,0.0,50.44,25918.0,Win32,1912x948,,GENUINE
0.1292363636363636,0.0143207587868591,0.1642799999999999,0.1301489246978245,2124.405166553365,0.0,0.0,0.0,0.0,0.0,0.0,0.0,0.0,0.0,4.7072,Win32,1912x948,,IMPOSTOR
0.0917363636363636,0.0160268112138987,0.2392,0.2072854191688359,1726.1915036854189,0.0,0.0,0.0,0.0,0.0,0.0,0.0,0.0,0.0,5.7931,Win32,950x947,,IMPOSTOR
0.0857272727272727,0.0140433802528315,0.223675,0.2342770237880787,1846.2106526354653,0.0,0.0,0.0,0.0,0.0,0.0,0.0,0.0,0.0,5.416500000000001,Win32,1912x948,,IMPOSTOR
0.0,0.0,0.0,0.0,0.0,558.9197,667.4601,-1.461235,12.0137,0.328172,0.5214,16.0,1331.0,5988.16,29994.0,Win32,1052x947,,IMPOSTOR
0.0,0.0,0.0,0.0,0.0,0.0,0.0,0.0,0.0,0.0,0.0,0.0,0.0,0.0,30001.0,Win32,1052x947,,IMPOSTOR
0.0892818181818181,0.0127703362368931,0.179675,0.1379617080026193,2185.505726025002,0.0,0.0,0.0,0.0,0.0,0.0,0.0,0.0,0.0,4.5756000000000006,Win32,1912x948,,IMPOSTOR
0.0,0.0,0.0,0.0,0.0,960.5291,1816.1927,-1.179634,22.702652,0.264501,0.395246,0.0,0.0,3156.96,21201.0,Win32,1912x948,,GENUINE
0.0,0.0,0.0,0.0,0.0,0.0,0.0,0.0,0.0,0.0,0.0,0.0,0.0,0.0,29996.0,Win32,1052x947,,IMPOSTOR
0.0,0.0,0.0,0.0,0.0,0.0,0.0,0.0,0.0,0.0,0.0,0.0,0.0,0.0,60005.0,Win32,1912x948,,GENUINE
116.51,25.03,320.5,324.65,2.1,737.5567,1307.4448,-2.534516,22.006673,0.416439,0.603518,3.0,0.0,1977.35,30011.0,Win32,1912x948,,IMPOSTOR
86.99,23.36,275.42,276.73,3.7,0.0,0.0,0.0,0.0,0.0,0.0,0.0,0.0,0.0,29997.0,Win32,1912x948,,GENUINE
108.33,19.67,345.14,368.29,2.3,747.8725,1162.0468,-2.426463,16.212445,0.370323,0.534861,5.0,0.0,2211.55,30005.0,Win32,1912x948,,IMPOSTOR
0.0960545454545454,0.0168948278065084,0.1855099999999999,0.114447236314382,2097.843416967358,0.0,0.0,0.0,0.0,0.0,0.0,0.0,0.0,0.0,4.7668,Win32,1912x948,,IMPOSTOR
0.0,0.0,0.0,0.0,0.0,711.0455,989.1071,-1.25072,18.426818,0.298188,0.504977,10.0,738.89,3027.67,29989.0,Win32,1912x948,,IMPOSTOR
0.0813,0.017304807529596,0.125635,0.082309563690983,2935.1335485764607,0.0,0.0,0.0,0.0,0.0,0.0,0.0,0.0,0.0,3.407,Win32,1912x948,,IMPOSTOR
0.1357363636363636,0.0167002053731123,0.154025,0.1287165874120348,2186.4614308203604,0.0,0.0,0.0,0.0,0.0,0.0,0.0,0.0,0.0,4.5736,Win32,950x947,,IMPOSTOR
0.0944363636363636,0.0254468170085723,0.3534,0.273480624542215,1233.5323432180394,0.0,0.0,0.0,0.0,0.0,0.0,0.0,0.0,0.0,8.1068,Win32,950x947,,IMPOSTOR
104.18,14.57,675.47,774.56,0.13,394.2655,499.9227,-0.170027,7.597879,0.286678,0.406413,25.0,700.0,6374.28,29995.0,Win32,1912x948,,GENUINE
0.0,0.0,0.0,0.0,0.0,843.4813,1142.8924,-0.628442,15.391164,0.267933,0.400592,5.0,8100.0,7816.17,30002.0,Win32,1912x948,,GENUINE
0.0,0.0,0.0,0.0,0.0,0.0,0.0,0.0,0.0,0.0,0.0,0.0,0.0,0.0,30212.0,Win32,1912x948,,GENUINE
0.0830181818181818,0.0145348370339438,0.139435,0.1056162784564955,2701.3155406683054,0.0,0.0,0.0,0.0,0.0,0.0,0.0,0.0,0.0,3.7019,Win32,1912x948,,IMPOSTOR
0.0803454545454545,0.0112046551718766,0.132815,0.0887177731629914,2824.7789610462983,0.0,0.0,0.0,0.0,0.0,0.0,0.0,0.0,0.0,3.5401,Win32,1912x948,,IMPOSTOR
0.0,0.0,0.0,0.0,0.0,0.0,0.0,0.0,0.0,0.0,0.0,0.0,0.0,0.0,29994.0,Win32,1912x948,,GENUINE
0.0,0.0,0.0,0.0,0.0,480.6449,528.5825,-0.403376,7.39467,0.236562,0.396118,2.0,0.0,611.32,30005.0,Win32,1912x948,,GENUINE
0.096990909090909,0.0315600280719271,0.30909,0.2088593399874662,1379.5577137969567,0.0,0.0,0.0,0.0,0.0,0.0,0.0,0.0,0.0,7.248699999999999,Win32,1912x948,,IMPOSTOR
165.77,81.23,510.7,434.08,1.6,0.0,0.0,0.0,0.0,0.0,0.0,1.0,0.0,0.0,30002.0,Win32,1912x948,,IMPOSTOR
116.74,20.56,272.47,279.07,3.17,778.6044,1300.0875,-2.156806,19.227532,0.358114,0.459765,3.0,0.0,1181.7,30003.0,Win32,1912x948,,IMPOSTOR
0.0876454545454545,0.0153367273761898,0.16148,0.1252338237058982,2384.529174714453,0.0,0.0,0.0,0.0,0.0,0.0,0.0,0.0,0.0,4.1937,Win32,1912x948,,IMPOSTOR
150.33,92.51,428.79,319.4,1.17,730.0318,1070.937,-2.24674,12.597809,0.256043,0.47878,0.0,0.0,814.49,29996.0,Win32,1912x948,,IMPOSTOR
112.09,23.02,378.2,377.34,1.47,730.0073,1211.1147,-2.892876,22.788177,0.372734,0.499138,6.0,1286.0,2466.84,30004.0,Win32,1912x948,,IMPOSTOR
0.0855181818181818,0.0120467889483854,0.19195,0.1747901441729481,2092.181517668472,0.0,0.0,0.0,0.0,0.0,0.0,0.0,0.0,0.0,4.779700000000001,Win32,1912x948,,IMPOSTOR
0.088890909090909,0.0194284914749379,0.20341,0.2240983286416925,1981.7677368212444,0.0,0.0,0.0,0.0,0.0,0.0,0.0,0.0,0.0,5.046,Win32,1912x948,,IMPOSTOR
93.1,24.34,466.17,521.66,1.53,752.1728,925.093,-0.086108,17.818198,0.255439,0.427993,7.0,700.0,3230.66,30001.0,Win32,1912x948,,GENUINE
0.0,0.0,0.0,0.0,0.0,719.8382,886.3086,-0.095733,16.141378,0.224671,0.36321,5.0,1300.0,4126.91,30005.0,Win32,1912x948,,GENUINE
0.0,0.0,0.0,0.0,0.0,0.0,0.0,0.0,0.0,0.0,0.0,0.0,0.0,0.0,29998.0,Win32,1912x948,,IMPOSTOR
0.0,0.0,0.0,0.0,0.0,448.3233,778.0628,-2.120089,13.583505,0.370531,0.583836,18.0,836.0,4331.85,30011.0,Win32,1912x948,,IMPOSTOR
0.0,0.0,0.0,0.0,0.0,475.8272,529.8995,-0.853558,10.090158,0.301642,0.516211,24.0,1586.67,3557.87,29991.0,Win32,950x947,,IMPOSTOR
215.69,309.54,511.18,484.49,1.7,702.8149,1011.0681,-3.317511,18.907988,0.316666,0.442415,0.0,0.0,524.96,29997.0,Win32,1912x948,,GENUINE
0.0,0.0,0.0,0.0,0.0,387.0405,445.2342,-0.395043,7.615139,0.303192,0.469884,17.0,855.56,2928.42,29987.0,Win32,1912x948,,IMPOSTOR
0.0,0.0,0.0,0.0,0.0,707.5812,832.8653,-0.332462,14.909107,0.253853,0.394208,11.0,10300.0,8631.61,30002.0,Win32,1912x948,,GENUINE
0.0,0.0,0.0,0.0,0.0,1185.7898,1798.5392,-1.497665,27.835809,0.236196,0.433009,1.0,0.0,5180.04,30137.0,Win32,950x947,,IMPOSTOR
0.0847,0.0178730370823051,0.200595,0.1754052350273503,2022.8173800469287,0.0,0.0,0.0,0.0,0.0,0.0,0.0,0.0,0.0,4.9436,Win32,1912x948,,IMPOSTOR
152.45,36.34,384.8,337.02,2.43,1492.2954,1690.6148,-1.284359,25.469676,0.237206,0.440084,1.0,0.0,529.32,29981.0,Win32,1912x948,,IMPOSTOR
0.0948909090909091,0.0174826903767674,0.243825,0.2042454770001039,1689.1035927233418,0.0,0.0,0.0,0.0,0.0,0.0,0.0,0.0,0.0,5.9203,Win32,1912x948,,IMPOSTOR
0.0947818181818181,0.0172006774804111,0.31478,0.2250084789513497,1362.7320051238723,0.0,0.0,0.0,0.0,0.0,0.0,0.0,0.0,0.0,7.3382,Win32,950x947,,IMPOSTOR
87.29,23.56,338.79,350.25,2.73,99.5948,60.5425,-0.29028,1.505616,0.22143,0.255358,2.0,0.0,24.68,30004.0,Win32,1912x948,,GENUINE
0.0825818181818181,0.0084567152640875,0.134245,0.0947206602331297,2782.957170289149,0.0,0.0,0.0,0.0,0.0,0.0,0.0,0.0,0.0,3.5933,Win32,1912x948,,IMPOSTOR
0.0,0.0,0.0,0.0,0.0,511.594,395.88,-1.487202,11.52056,0.057441,0.079222,0.0,321.0,111.43,30012.0,Win32,1912x948,,IMPOSTOR
0.088390909090909,0.0137554256763355,0.2208,0.2045779655779185,1855.8729098231352,0.0,0.0,0.0,0.0,0.0,0.0,0.0,0.0,0.0,5.3883,Win32,1912x948,,IMPOSTOR
0.0,0.0,0.0,0.0,0.0,855.897,1364.8796,-0.870709,20.547064,0.194326,0.354482,3.0,4027.0,6952.62,30001.0,Win32,1912x948,,IMPOSTOR
156.89,33.36,482.91,458.0,1.97,0.0,0.0,0.0,0.0,0.0,0.0,0.0,0.0,0.0,29997.0,Win32,950x947,,IMPOSTOR
0.0929818181818181,0.019353215292265,0.1668599999999999,0.1193024073520731,2293.5779816513764,0.0,0.0,0.0,0.0,0.0,0.0,0.0,0.0,0.0,4.359999999999999,Win32,1912x948,,IMPOSTOR
116.81,29.06,413.72,396.83,1.87,1171.1575,1630.2544,-2.967034,30.25977,0.296908,0.582719,5.0,0.0,3063.45,29996.0,Win32,1912x948,,IMPOSTOR
158.94,44.26,409.75,342.36,1.37,827.5869,1199.8607,-0.818903,16.447835,0.362113,0.510763,6.0,0.0,2581.64,30000.0,Win32,1912x948,,IMPOSTOR
0.0,0.0,0.0,0.0,0.0,606.2524,1079.689,-0.700891,18.601181,0.285551,0.483598,6.0,224.0,2579.87,29999.0,Win32,1912x948,,IMPOSTOR
110.29,25.32,406.1,439.47,1.6,602.337,875.4469,-1.651027,17.561264,0.346615,0.497642,3.0,0.0,890.02,29999.0,Win32,1912x948,,IMPOSTOR
0.0,0.0,0.0,0.0,0.0,558.9971,626.4733,-0.136432,10.138011,0.206768,0.362261,8.0,3900.0,8262.79,29993.0,Win32,1912x948,,GENUINE
117.27,101.45,352.45,339.29,2.4,728.4245,1228.3084,-3.020964,21.69406,0.421552,0.509918,2.0,0.0,1538.28,30003.0,Win32,1912x948,,IMPOSTOR
0.0,0.0,0.0,0.0,0.0,1548.8258,1669.8025,2.25017,20.685407,0.097519,0.082117,1.0,0.0,628.16,9005.0,Win32,1912x948,,GENUINE
85.69,26.64,572.85,516.97,1.37,0.0,0.0,0.0,0.0,0.0,0.0,0.0,0.0,0.0,30000.0,Win32,1052x947,,IMPOSTOR
0.0,0.0,0.0,0.0,0.0,1006.788,1566.3355,-1.208893,20.817347,0.205912,0.430945,4.0,1838.0,5462.1,29861.0,Win32,1912x948,,IMPOSTOR
0.0,0.0,0.0,0.0,0.0,434.7154,216.6808,-0.600431,7.543897,0.285068,0.20002,0.0,0.0,50.53,181.0,Win32,1912x948,,GENUINE
0.0,0.0,0.0,0.0,0.0,0.0,0.0,0.0,0.0,0.0,0.0,0.0,0.0,0.0,30010.0,Win32,1912x948,,IMPOSTOR
104.71,46.2,376.83,376.66,2.67,0.0,0.0,0.0,0.0,0.0,0.0,0.0,0.0,0.0,29999.0,Win32,1912x948,,IMPOSTOR
0.0800636363636363,0.0120824645835699,0.150495,0.10366398832285,2570.297640466765,0.0,0.0,0.0,0.0,0.0,0.0,0.0,0.0,0.0,3.890600000000001,Win32,950x947,,IMPOSTOR
91.38,22.45,325.83,336.99,2.23,741.2987,909.9741,-1.595876,16.746409,0.243172,0.37738,7.0,0.0,2878.89,30013.0,Win32,1912x948,,GENUINE
0.0831363636363636,0.0143067226872399,0.14511,0.1064615700616894,2620.064453585558,0.0,0.0,0.0,0.0,0.0,0.0,0.0,0.0,0.0,3.8167,Win32,1912x948,,IMPOSTOR
0.0937272727272727,0.0189504660968868,0.22609,0.1989716384312096,1800.8932430485518,0.0,0.0,0.0,0.0,0.0,0.0,0.0,0.0,0.0,5.552800000000001,Win32,1912x948,,IMPOSTOR
0.0893181818181818,0.0164890497097491,0.2304149999999999,0.2510421284864355,1788.6527867210418,0.0,0.0,0.0,0.0,0.0,0.0,0.0,0.0,0.0,5.5908,Win32,1912x948,,IMPOSTOR
0.0,0.0,0.0,0.0,0.0,691.6829,1036.9647,-1.041236,19.168122,0.173433,0.346948,9.0,0.0,3548.77,29999.0,Win32,1912x948,,IMPOSTOR
0.0,0.0,0.0,0.0,0.0,864.7091,975.2225,-1.08547,15.258888,0.263015,0.47642,1.0,723.33,2043.07,30010.0,Win32,1912x948,,IMPOSTOR
0.0,0.0,0.0,0.0,0.0,0.0,0.0,0.0,0.0,0.0,0.0,0.0,0.0,0.0,29998.0,Win32,1912x948,,IMPOSTOR
0.0789727272727272,0.0130209684676183,0.169585,0.1329689936601763,2347.197446249178,0.0,0.0,0.0,0.0,0.0,0.0,0.0,0.0,0.0,4.260400000000001,Win32,1912x948,,IMPOSTOR
0.0952272727272727,0.0267064204370781,0.285605,0.2061849715061696,1479.3774779572752,0.0,0.0,0.0,0.0,0.0,0.0,0.0,0.0,0.0,6.759600000000002,Win32,950x947,,IMPOSTOR
0.0,0.0,0.0,0.0,0.0,1445.6847,1398.1756,-0.481869,18.940866,0.322739,0.504508,2.0,0.0,3549.51,30000.0,Win32,1912x948,,IMPOSTOR
129.84,223.89,496.51,509.19,1.67,685.9921,941.2187,0.081797,17.582286,0.298121,0.464401,3.0,0.0,1423.62,30006.0,Win32,1912x948,,GENUINE
122.64,40.07,676.4,651.68,0.33,738.5416,1045.2916,-0.053816,16.742976,0.324054,0.545115,7.0,0.0,2533.55,30008.0,Win32,1912x948,,IMPOSTOR
148.52,249.19,452.3,405.82,1.97,924.8745,1382.9925,-2.042445,11.777645,0.226512,0.314631,3.0,0.0,1766.99,30001.0,Win32,1912x948,,GENUINE
0.0858181818181818,0.0154730157007621,0.175995,0.1694944231383439,2240.193552722955,0.0,0.0,0.0,0.0,0.0,0.0,0.0,0.0,0.0,4.463900000000001,Win32,1912x948,,IMPOSTOR
0.0,0.0,0.0,0.0,0.0,0.0,0.0,0.0,0.0,0.0,0.0,0.0,0.0,0.0,59992.0,Win32,1912x948,,IMPOSTOR
0.0881636363636363,0.0166485201486647,0.179115,0.1495689749747587,2196.7882955119617,0.0,0.0,0.0,0.0,0.0,0.0,0.0,0.0,0.0,4.5521,Win32,1052x947,,IMPOSTOR
0.098090909090909,0.0241849861219519,0.239145,0.2275232130464933,1705.9315239086304,0.0,0.0,0.0,0.0,0.0,0.0,0.0,0.0,0.0,5.8619,Win32,1912x948,,IMPOSTOR
0.0906727272727272,0.0163896913781521,0.207865,0.2115177445865949,1939.9771082701225,0.0,0.0,0.0,0.0,0.0,0.0,0.0,0.0,0.0,5.1547,Win32,1912x948,,IMPOSTOR
0.0,0.0,0.0,0.0,0.0,0.0,0.0,0.0,0.0,0.0,0.0,0.0,0.0,0.0,29996.0,Win32,1912x948,,IMPOSTOR
0.0958727272727272,0.0243885998296928,0.17165,0.1660830710819137,2228.362599162136,0.0,0.0,0.0,0.0,0.0,0.0,0.0,0.0,0.0,4.4876000000000005,Win32,1912x948,,IMPOSTOR
0.0,0.0,0.0,0.0,0.0,970.1012,1278.4166,-0.214945,22.406573,0.287099,0.413874,12.0,0.0,14620.21,29987.0,Win32,1912x948,,GENUINE
0.1288363636363636,0.017750660562729,0.157495,0.1533090097645927,2189.573252173151,0.0,0.0,0.0,0.0,0.0,0.0,0.0,0.0,0.0,4.567100000000001,Win32,1912x948,,IMPOSTOR
140.95,31.79,501.6,450.39,0.77,700.1195,973.9141,-0.572536,17.028593,0.355295,0.547105,4.0,1621.67,3087.49,29992.0,Win32,1912x948,,IMPOSTOR
0.0851272727272727,0.0129750873816704,0.192435,0.1375430597122224,2089.8204844203883,0.0,0.0,0.0,0.0,0.0,0.0,0.0,0.0,0.0,4.785100000000001,Win32,1052x947,,IMPOSTOR
0.0925545454545454,0.0174037803435901,0.190275,0.2248107334514969,2073.1403930674182,0.0,0.0,0.0,0.0,0.0,0.0,0.0,0.0,0.0,4.823600000000001,Win32,1912x948,,IMPOSTOR
0.0,0.0,0.0,0.0,0.0,0.0,0.0,0.0,0.0,0.0,0.0,0.0,0.0,0.0,30012.0,Win32,1912x948,,IMPOSTOR
0.0,0.0,0.0,0.0,0.0,0.0,0.0,0.0,0.0,0.0,0.0,0.0,0.0,0.0,29996.0,Win32,1912x948,,IMPOSTOR
0.0,0.0,0.0,0.0,0.0,757.2125,1055.1842,-0.364065,15.016287,0.222493,0.33095,9.0,11000.0,7114.15,30002.0,Win32,1912x948,,GENUINE
0.0,0.0,0.0,0.0,0.0,831.8853,1101.1457,-0.739325,21.274656,0.174977,0.287187,1.0,1575.0,2138.45,29999.0,Win32,1912x948,,IMPOSTOR
151.58,36.17,377.38,368.63,2.0,830.8447,1119.9304,-0.803159,17.336577,0.267448,0.473826,7.0,0.0,2835.24,29990.0,Win32,1912x948,,IMPOSTOR
0.0791,0.0128913642694352,0.13165,0.1023672188740126,2854.6144843138927,0.0,0.0,0.0,0.0,0.0,0.0,0.0,0.0,0.0,3.5031000000000008,Win32,1912x948,,IMPOSTOR
0.0,0.0,0.0,0.0,0.0,0.0,0.0,0.0,0.0,0.0,0.0,0.0,0.0,0.0,29993.0,Win32,1912x948,,IMPOSTOR
0.0861636363636363,0.0144545854773602,0.13198,0.101974470334491,2787.5341472933046,0.0,0.0,0.0,0.0,0.0,0.0,0.0,0.0,0.0,3.5874,Win32,1912x948,,IMPOSTOR
0.0,0.0,0.0,0.0,0.0,0.0,0.0,0.0,0.0,0.0,0.0,0.0,0.0,0.0,30000.0,Win32,1912x948,,GENUINE
0.0843727272727272,0.0143981116760049,0.12892,0.1006425585922774,2851.846570654498,0.0,0.0,0.0,0.0,0.0,0.0,0.0,0.0,0.0,3.506500000000001,Win32,1912x948,,IMPOSTOR
0.0916727272727272,0.0157703456415163,0.1968099999999999,0.1602046625413879,2022.4082837843305,0.0,0.0,0.0,0.0,0.0,0.0,0.0,0.0,0.0,4.944599999999999,Win32,1912x948,,IMPOSTOR
0.0,0.0,0.0,0.0,0.0,0.0,0.0,0.0,0.0,0.0,0.0,0.0,0.0,0.0,29999.0,Win32,1912x948,,GENUINE
0.0,0.0,0.0,0.0,0.0,0.0,0.0,0.0,0.0,0.0,0.0,0.0,0.0,0.0,29995.0,Win32,1912x948,,IMPOSTOR
0.1428545454545454,0.0209693873685325,0.1763349999999999,0.1531437601569192,1961.5150742433457,0.0,0.0,0.0,0.0,0.0,0.0,0.0,0.0,0.0,5.0981,Win32,950x947,,IMPOSTOR
0.0921818181818181,0.012437247443343,0.20892,0.1813416019560872,1925.8916878514756,0.0,0.0,0.0,0.0,0.0,0.0,0.0,0.0,0.0,5.1924,Win32,1912x948,,IMPOSTOR
86.33,25.06,276.7,307.93,1.47,233.0044,185.9647,-0.30895,4.39267,0.258927,0.337188,2.0,0.0,142.85,29998.0,Win32,1912x948,,GENUINE
85.42,28.69,546.46,544.33,1.37,473.4948,657.2197,-0.184963,8.237136,0.273297,0.442403,1.0,0.0,1594.71,30000.0,Win32,1912x948,,IMPOSTOR
0.0,0.0,0.0,0.0,0.0,381.9357,580.5079,-0.333586,9.513481,0.285262,0.519248,7.0,392.78,864.6,30014.0,Win32,1912x948,,IMPOSTOR
150.94,32.06,377.91,282.98,2.37,895.3832,1201.613,-1.027383,16.227095,0.268177,0.401,2.0,0.0,1171.36,30007.0,Win32,1912x948,,IMPOSTOR
0.0915363636363636,0.0154438733205273,0.13941,0.1004901632001859,2634.976680456378,0.0,0.0,0.0,0.0,0.0,0.0,0.0,0.0,0.0,3.7951000000000006,Win32,1912x948,,IMPOSTOR
149.22,28.1,326.35,269.7,2.7,954.0517,632.7253,-0.793838,13.297797,0.255036,0.489224,1.0,35.0,865.76,29996.0,Win32,1052x947,,IMPOSTOR
155.89,34.27,383.91,388.44,2.0,900.8001,1565.4071,-1.35643,23.466708,0.363288,0.455549,3.0,0.0,1519.32,30003.0,Win32,1912x948,,IMPOSTOR
0.1001,0.0198612459556063,0.32822,0.3618906776914818,1304.546344008871,0.0,0.0,0.0,0.0,0.0,0.0,0.0,0.0,0.0,7.6655,Win32,1912x948,,IMPOSTOR
0.0,0.0,0.0,0.0,0.0,668.5953,1138.4101,0.027782,14.860708,0.24872,0.391089,7.0,4765.0,4292.91,26128.0,Win32,1912x948,,IMPOSTOR
0.0,0.0,0.0,0.0,0.0,806.3102,1468.5049,-0.183695,21.531033,0.285471,0.40468,0.0,0.0,2760.19,30001.0,Win32,1912x948,,GENUINE
0.0894272727272727,0.0225978313886769,0.16978,0.1212077415019354,2283.469960952664,0.0,0.0,0.0,0.0,0.0,0.0,0.0,0.0,0.0,4.3793,Win32,1912x948,,IMPOSTOR
0.1091363636363636,0.0353694339720631,0.212165,0.1889166569548593,1836.9521290275172,0.0,0.0,0.0,0.0,0.0,0.0,0.0,0.0,0.0,5.4438,Win32,1912x948,,IMPOSTOR
89.98,24.57,353.03,386.03,1.63,483.4953,534.7923,-0.2361,8.056134,0.2306,0.323728,6.0,0.0,2305.83,30000.0,Win32,1912x948,,GENUINE
0.0820272727272727,0.0157626769132363,0.132175,0.09803206044453,2820.238028089571,0.0,0.0,0.0,0.0,0.0,0.0,0.0,0.0,0.0,3.5458,Win32,1912x948,,IMPOSTOR
0.0,0.0,0.0,0.0,0.0,0.0,0.0,0.0,0.0,0.0,0.0,0.0,0.0,0.0,30002.0,Win32,1912x948,,GENUINE
0.0,0.0,0.0,0.0,0.0,0.0,0.0,0.0,0.0,0.0,0.0,0.0,0.0,0.0,30009.0,Win32,1912x948,,GENUINE
0.0,0.0,0.0,0.0,0.0,1126.8593,1603.3839,1.924525,25.316871,0.327436,0.641154,1.0,0.0,2682.94,29999.0,Win32,950x947,,IMPOSTOR
0.0996363636363636,0.0214164878169419,0.33064,0.3471287303004463,1297.2187629721875,0.0,0.0,0.0,0.0,0.0,0.0,0.0,0.0,0.0,7.708800000000001,Win32,1912x948,,IMPOSTOR
0.0,0.0,0.0,0.0,0.0,0.0,0.0,0.0,0.0,0.0,0.0,0.0,0.0,0.0,29999.0,Win32,1052x947,,IMPOSTOR
0.0,0.0,0.0,0.0,0.0,1966.8849,1962.0141,-8.843638,34.296873,0.367294,0.578064,0.0,0.0,2904.73,29997.0,Win32,1912x948,,GENUINE
0.0,0.0,0.0,0.0,0.0,829.9985,1177.9334,-0.242796,18.979914,0.316919,0.470908,1.0,0.0,2749.95,30003.0,Win32,1912x948,,GENUINE
0.0,0.0,0.0,0.0,0.0,493.5627,667.4162,-0.526077,8.839589,0.204375,0.301266,0.0,718.0,993.34,30000.0,Win32,1912x948,,IMPOSTOR
0.0,0.0,0.0,0.0,0.0,337.1424,519.8148,-1.038746,9.741987,0.449296,0.547321,12.0,584.0,3062.49,30011.0,Win32,1912x948,,IMPOSTOR
0.0989636363636363,0.0190498996765324,0.164745,0.1104924905819395,2281.2820805292577,0.0,0.0,0.0,0.0,0.0,0.0,0.0,0.0,0.0,4.3835,Win32,1912x948,,IMPOSTOR
138.41,97.12,419.58,368.16,1.73,617.6647,1147.0922,-2.863539,18.68551,0.41483,0.626306,3.0,0.0,1342.01,29998.0,Win32,1912x948,,IMPOSTOR
0.0,0.0,0.0,0.0,0.0,276.5446,394.2748,-0.072095,8.107603,0.285285,0.50143,1.0,525.0,658.04,30013.0,Win32,1912x948,,IMPOSTOR
135.22,38.02,477.32,405.1,2.07,0.0,0.0,0.0,0.0,0.0,0.0,0.0,0.0,0.0,30009.0,Win32,1912x948,,IMPOSTOR
0.0,0.0,0.0,0.0,0.0,1174.7526,1098.6442,-0.913574,29.077066,0.184195,0.525867,1.0,1617.78,1134.9,29994.0,Win32,1052x947,,IMPOSTOR
0.0,0.0,0.0,0.0,0.0,455.8974,554.2786,-0.860186,9.636917,0.284001,0.462801,20.0,1450.56,3446.09,30003.0,Win32,1912x948,,IMPOSTOR
113.99,230.94,415.58,461.62,1.87,909.7218,1162.5424,-0.786729,18.013359,0.263412,0.415116,2.0,0.0,1381.33,30004.0,Win32,1912x948,,GENUINE
0.0,0.0,0.0,0.0,0.0,0.0,0.0,0.0,0.0,0.0,0.0,0.0,0.0,0.0,100.0,Win32,1912x948,,GENUINE
0.085790909090909,0.0112559846340799,0.126735,0.0998488521466321,2874.8850045998165,0.0,0.0,0.0,0.0,0.0,0.0,0.0,0.0,0.0,3.4784,Win32,1912x948,,IMPOSTOR
0.098990909090909,0.013404304230389,0.16379,0.1133210920349782,2291.108209040713,0.0,0.0,0.0,0.0,0.0,0.0,0.0,0.0,0.0,4.3647,Win32,950x947,,IMPOSTOR
84.51,30.95,550.28,548.32,1.43,347.8714,599.4317,-0.617731,14.493185,0.234244,0.29581,1.0,0.0,385.93,30001.0,Win32,1912x948,,IMPOSTOR
0.0927181818181818,0.0140003128654533,0.13968,0.1060346198182461,2622.263012980201,0.0,0.0,0.0,0.0,0.0,0.0,0.0,0.0,0.0,3.8135,Win32,1912x948,,IMPOSTOR
0.0884363636363636,0.0174790405773352,0.1687,0.1037769964876609,2300.5429281310385,0.0,0.0,0.0,0.0,0.0,0.0,0.0,0.0,0.0,4.346800000000001,Win32,1912x948,,IMPOSTOR
0.0,0.0,0.0,0.0,0.0,0.0,0.0,0.0,0.0,0.0,0.0,0.0,0.0,0.0,30012.0,Win32,950x947,,IMPOSTOR
0.1194454545454545,0.0304144213292541,0.157035,0.1366170680222643,2244.8704709738245,0.0,0.0,0.0,0.0,0.0,0.0,0.0,0.0,0.0,4.4546,Win32,1052x947,,IMPOSTOR
152.56,29.9,411.29,388.99,1.8,692.2036,1107.4157,-0.669046,19.134195,0.26288,0.392019,2.0,132.22,1738.07,30002.0,Win32,1912x948,,IMPOSTOR
169.8,53.87,947.32,562.48,0.2,339.0251,512.2625,-0.581449,9.443447,0.395832,0.570848,4.0,0.0,844.22,30001.0,Win32,1912x948,,IMPOSTOR
90.54,34.83,342.39,368.42,2.53,1013.7319,1563.3359,-1.489463,26.351597,0.21007,0.363898,7.0,0.0,3917.23,29999.0,Win32,1912x948,,IMPOSTOR
154.26,38.74,405.4,386.97,1.7,977.9442,1394.2667,-0.677449,19.356292,0.282388,0.457109,5.0,0.0,3363.24,29993.0,Win32,1912x948,,IMPOSTOR
0.0,0.0,0.0,0.0,0.0,0.0,0.0,0.0,0.0,0.0,0.0,0.0,0.0,0.0,30012.0,Win32,1912x948,,IMPOSTOR
0.0930545454545454,0.0153993130682899,0.1512049999999999,0.1001864036434086,2470.538824517628,0.0,0.0,0.0,0.0,0.0,0.0,0.0,0.0,0.0,4.047699999999999,Win32,950x947,,IMPOSTOR
171.75,45.89,470.3,482.08,2.1,0.0,0.0,0.0,0.0,0.0,0.0,0.0,0.0,0.0,30001.0,Win32,1912x948,,IMPOSTOR
0.087890909090909,0.0160099659045377,0.201565,0.1325505385692566,2000.7602889097857,0.0,0.0,0.0,0.0,0.0,0.0,0.0,0.0,0.0,4.9981,Win32,1912x948,,IMPOSTOR
0.0,0.0,0.0,0.0,0.0,0.0,0.0,0.0,0.0,0.0,0.0,0.0,0.0,0.0,46765.0,Win32,1912x948,,GENUINE
0.0,0.0,0.0,0.0,0.0,0.0,0.0,0.0,0.0,0.0,0.0,0.0,0.0,0.0,61685.0,Win32,1912x948,,GENUINE
86.71,23.72,304.5,307.92,2.83,822.3595,881.5887,0.329542,15.760715,0.271192,0.480544,2.0,0.0,1180.29,30000.0,Win32,1912x948,,GENUINE
0.0,0.0,0.0,0.0,0.0,28.7934,18.0791,-0.16239,0.224907,0.0,0.0,0.0,0.0,6.0,30002.0,Win32,950x947,,IMPOSTOR
0.0,0.0,0.0,0.0,0.0,1101.4037,1458.8165,-0.361172,24.552692,0.196697,0.276501,1.0,2400.0,3778.86,29998.0,Win32,1912x948,,GENUINE
0.0921,0.0197804311011022,0.267675,0.2778101003833373,1570.6970753620458,0.0,0.0,0.0,0.0,0.0,0.0,0.0,0.0,0.0,6.3666,Win32,1912x948,,IMPOSTOR
0.0734181818181818,0.0161989796638171,0.1724499999999999,0.1239715955370422,2349.292862848284,0.0,0.0,0.0,0.0,0.0,0.0,0.0,0.0,0.0,4.256599999999999,Win32,1912x948,,IMPOSTOR
0.0809,0.0119586408470649,0.191765,0.1522149837401036,2116.3125370354696,0.0,0.0,0.0,0.0,0.0,0.0,0.0,0.0,0.0,4.7252,Win32,1912x948,,IMPOSTOR
150.64,29.69,482.99,487.28,1.27,1039.1827,1320.0328,-0.687922,18.465183,0.262925,0.47192,4.0,0.0,2054.29,30000.0,Win32,1912x948,,IMPOSTOR
0.0,0.0,0.0,0.0,0.0,0.0,0.0,0.0,0.0,0.0,0.0,0.0,0.0,0.0,59992.0,Win32,1912x948,,IMPOSTOR
0.0,0.0,0.0,0.0,0.0,0.0,0.0,0.0,0.0,0.0,0.0,0.0,0.0,0.0,30012.0,Win32,1912x948,,IMPOSTOR
0.0925727272727272,0.0070331799233853,0.184795,0.1304888940676562,2121.250689406474,0.0,0.0,0.0,0.0,0.0,0.0,0.0,0.0,0.0,4.7142,Win32,1912x948,,IMPOSTOR
0.0,0.0,0.0,0.0,0.0,485.9544,616.226,-0.507303,9.900116,0.333164,0.581142,15.0,742.78,3002.09,29999.0,Win32,1912x948,,IMPOSTOR
0.0,0.0,0.0,0.0,0.0,334.7131,516.0416,-1.313726,7.969093,0.463003,0.590447,18.0,722.0,2985.33,29996.0,Win32,1912x948,,IMPOSTOR
125.89,136.88,365.14,301.57,2.2,943.0011,1483.9584,-4.053895,20.783351,0.430703,0.635451,2.0,0.0,1056.78,30000.0,Win32,1912x948,,IMPOSTOR
0.0929545454545454,0.01830620181232,0.19637,0.1265393895196274,2020.2428331885496,0.0,0.0,0.0,0.0,0.0,0.0,0.0,0.0,0.0,4.9499,Win32,1912x948,,IMPOSTOR
0.0,0.0,0.0,0.0,0.0,0.0,0.0,0.0,0.0,0.0,0.0,0.0,0.0,0.0,29996.0,Win32,1912x948,,IMPOSTOR
0.0,0.0,0.0,0.0,0.0,843.5227,987.7926,-1.189605,16.787715,0.241411,0.533595,11.0,999.44,3565.05,30007.0,Win32,1912x948,,IMPOSTOR
0.0946727272727272,0.0155027323638061,0.146525,0.1167611017205644,2517.6867494146377,0.0,0.0,0.0,0.0,0.0,0.0,0.0,0.0,0.0,3.9719000000000007,Win32,1912x948,,IMPOSTOR
0.0877727272727272,0.0154152280618337,0.1752349999999999,0.1216134954476681,2237.036374211445,0.0,0.0,0.0,0.0,0.0,0.0,0.0,0.0,0.0,4.470199999999999,Win32,1912x948,,IMPOSTOR
0.1293727272727273,0.0262843227007033,0.18223,0.1489793781031455,1973.2817649032104,0.0,0.0,0.0,0.0,0.0,0.0,0.0,0.0,0.0,5.0677,Win32,1912x948,,IMPOSTOR
0.0828454545454545,0.0093718498839841,0.13925,0.1301196353361013,2705.408110813516,0.0,0.0,0.0,0.0,0.0,0.0,0.0,0.0,0.0,3.696300000000001,Win32,950x947,,IMPOSTOR
0.0791999999999999,0.017743936224166,0.1447349999999999,0.1034250611554085,2655.4077378581483,0.0,0.0,0.0,0.0,0.0,0.0,0.0,0.0,0.0,3.7659,Win32,1912x948,,IMPOSTOR
0.0962363636363636,0.0114534054266741,0.18313,0.1335076705661513,2118.105566381428,0.0,0.0,0.0,0.0,0.0,0.0,0.0,0.0,0.0,4.7212000000000005,Win32,950x947,,IMPOSTOR
0.0900727272727272,0.0256629230571014,0.13839,0.1433153268146851,2660.5651040280954,0.0,0.0,0.0,0.0,0.0,0.0,0.0,0.0,0.0,3.7586,Win32,1912x948,,IMPOSTOR
117.32,32.77,378.26,339.44,1.7,588.9796,799.3341,-2.497412,15.422312,0.2829,0.405447,3.0,0.0,931.7,30001.0,Win32,1912x948,,IMPOSTOR
114.91,19.39,378.45,395.2,1.5,933.2683,1210.406,-2.986355,21.518952,0.267715,0.477625,3.0,231.0,2717.17,30014.0,Win32,1052x947,,IMPOSTOR
126.19,41.26,498.43,616.26,0.23,1117.2024,1539.3792,-1.211223,28.344816,0.277633,0.552999,15.0,7027.22,4823.46,29993.0,Win32,950x947,,IMPOSTOR
166.63,39.59,423.6,392.97,2.13,0.0,0.0,0.0,0.0,0.0,0.0,0.0,0.0,0.0,30010.0,Win32,1912x948,,IMPOSTOR
0.0,0.0,0.0,0.0,0.0,0.0,0.0,0.0,0.0,0.0,0.0,0.0,0.0,0.0,29996.0,Win32,1912x948,,IMPOSTOR
0.0,0.0,0.0,0.0,0.0,0.0,0.0,0.0,0.0,0.0,0.0,0.0,0.0,0.0,29997.0,Win32,1912x948,,IMPOSTOR
0.1313272727272727,0.0176160098107628,0.19422,0.1812930103451316,1876.5246762994927,0.0,0.0,0.0,0.0,0.0,0.0,0.0,0.0,0.0,5.329000000000001,Win32,1912x948,,IMPOSTOR
0.0,0.0,0.0,0.0,0.0,697.4317,814.8851,-0.474399,15.54972,0.356454,0.569316,0.0,700.0,721.94,30006.0,Win32,1912x948,,IMPOSTOR
90.92,34.84,566.52,538.88,0.83,931.4364,1252.1596,-0.661472,20.395831,0.226032,0.341497,13.0,1133.0,10216.0,30000.0,Win32,1912x948,,IMPOSTOR
0.0857363636363636,0.0207495135858551,0.1719099999999999,0.1809342170513913,2282.427589984708,0.0,0.0,0.0,0.0,0.0,0.0,0.0,0.0,0.0,4.3813,Win32,1912x948,,IMPOSTOR
157.61,32.08,375.14,326.96,1.73,793.119,1091.7234,-0.969458,16.329179,0.312371,0.467979,5.0,54.44,2795.37,29990.0,Win32,1912x948,,IMPOSTOR
0.0955181818181818,0.0191236558972397,0.1662,0.1508341141784576,2285.871031156422,0.0,0.0,0.0,0.0,0.0,0.0,0.0,0.0,0.0,4.374700000000001,Win32,1912x948,,IMPOSTOR
0.0830181818181818,0.0146169153680259,0.12679,0.0815353107555248,2899.391127863149,0.0,0.0,0.0,0.0,0.0,0.0,0.0,0.0,0.0,3.449,Win32,1912x948,,IMPOSTOR
88.98,21.26,339.8,297.3,1.97,754.3048,1066.6292,-0.817822,15.304862,0.330251,0.496001,7.0,0.0,2487.61,29995.0,Win32,1912x948,,GENUINE
0.0922454545454545,0.0185392146365169,0.185105,0.164641724587056,2120.0814111261875,0.0,0.0,0.0,0.0,0.0,0.0,0.0,0.0,0.0,4.716799999999999,Win32,1912x948,,IMPOSTOR
0.0,0.0,0.0,0.0,0.0,1049.7934,1386.0806,-0.550008,21.372355,0.269231,0.534516,7.0,5591.0,5644.84,30000.0,Win32,1912x948,,IMPOSTOR
0.0965272727272727,0.0189494586590507,0.1436749999999999,0.110765242179124,2541.1023301908367,0.0,0.0,0.0,0.0,0.0,0.0,0.0,0.0,0.0,3.9353,Win32,1912x948,,IMPOSTOR
0.0,0.0,0.0,0.0,0.0,460.6018,539.7269,-0.932267,13.921013,0.444961,0.519881,1.0,12.0,535.36,30001.0,Win32,1912x948,,IMPOSTOR
158.08,33.22,486.45,374.87,1.87,745.2605,856.0546,-0.174994,12.40522,0.171731,0.371641,3.0,0.0,1080.29,29998.0,Win32,1912x948,,IMPOSTOR
0.0,0.0,0.0,0.0,0.0,941.9088,1028.4539,-0.166371,17.224188,0.149426,0.238635,1.0,423.0,455.82,10776.0,Win32,950x947,,IMPOSTOR
86.38,39.75,663.58,666.32,0.3,952.1147,1201.0963,-0.612469,18.268774,0.189194,0.301241,8.0,2222.0,9018.42,30001.0,Win32,1912x948,,IMPOSTOR
0.0,0.0,0.0,0.0,0.0,0.0,0.0,0.0,0.0,0.0,0.0,0.0,0.0,0.0,30013.0,Win32,1912x948,,IMPOSTOR
0.1305636363636363,0.0190400187512929,0.146905,0.1131487846819399,2286.0800585236493,0.0,0.0,0.0,0.0,0.0,0.0,0.0,0.0,0.0,4.3743,Win32,1912x948,,IMPOSTOR
118.48,66.47,355.98,296.52,2.4,1323.6321,1784.4957,-8.901882,46.161696,0.322981,0.521381,2.0,0.0,1625.77,30001.0,Win32,950x947,,IMPOSTOR
0.1233181818181818,0.0269358435810257,0.1732199999999999,0.133302897942993,2074.3014789769545,0.0,0.0,0.0,0.0,0.0,0.0,0.0,0.0,0.0,4.8209,Win32,950x947,,IMPOSTOR
0.0,0.0,0.0,0.0,0.0,414.3524,393.4531,-0.532779,6.851286,0.307378,0.504334,24.0,1065.56,3658.3,30009.0,Win32,1912x948,,IMPOSTOR
0.0,0.0,0.0,0.0,0.0,1978.5155,2454.2063,-9.600253,49.004366,0.079315,0.072357,0.0,0.0,915.78,29995.0,Win32,1912x948,,GENUINE
0.0,0.0,0.0,0.0,0.0,765.5523,1031.8882,-0.131566,15.245886,0.230849,0.39194,11.0,1900.0,11671.43,29999.0,Win32,1912x948,,GENUINE
0.0935272727272727,0.0144923234167792,0.194665,0.1665862967803774,2031.6531561731776,0.0,0.0,0.0,0.0,0.0,0.0,0.0,0.0,0.0,4.9221,Win32,1052x947,,IMPOSTOR
121.02,28.02,521.2,457.96,1.4,272.6063,336.3623,-0.21315,7.333268,0.44224,0.623259,1.0,0.0,613.0,29996.0,Win32,1912x948,,IMPOSTOR
91.36,26.34,376.07,445.67,1.87,686.6624,932.0276,-0.373507,13.124621,0.282707,0.386926,6.0,0.0,3088.76,29999.0,Win32,1912x948,,GENUINE
0.1111090909090909,0.028437761532718,0.338875,0.2913877174401831,1250.0468767578784,0.0,0.0,0.0,0.0,0.0,0.0,0.0,0.0,0.0,7.9997,Win32,1912x948,,IMPOSTOR
0.0,0.0,0.0,0.0,0.0,25.3944,7.5506,-0.004943,0.159308,0.785398,0.785398,1.0,0.0,3.0,30009.0,Win32,1912x948,,IMPOSTOR
118.69,74.38,378.96,416.21,2.33,735.2853,1194.512,-2.430894,19.815663,0.435466,0.489786,2.0,0.0,1007.26,29996.0,Win32,1912x948,,IMPOSTOR
0.0855727272727272,0.0121813636278829,0.1600299999999999,0.1074809243540452,2414.3509017600622,0.0,0.0,0.0,0.0,0.0,0.0,0.0,0.0,0.0,4.1419,Win32,1912x948,,IMPOSTOR
0.0935,0.0135838138974295,0.1436899999999999,0.1019795562845808,2562.591292314789,0.0,0.0,0.0,0.0,0.0,0.0,0.0,0.0,0.0,3.9023,Win32,1912x948,,IMPOSTOR
0.0790545454545454,0.0105149558972285,0.131855,0.0939671350792392,2851.6839193543788,0.0,0.0,0.0,0.0,0.0,0.0,0.0,0.0,0.0,3.5067000000000004,Win32,1912x948,,IMPOSTOR
117.87,25.76,457.32,425.79,1.43,772.9241,968.4089,-2.315633,16.641052,0.243406,0.409177,2.0,0.0,2109.16,30003.0,Win32,1912x948,,IMPOSTOR
0.0959,0.0141450280375055,0.14374,0.1138759605887037,2544.723515790009,0.0,0.0,0.0,0.0,0.0,0.0,0.0,0.0,0.0,3.9297,Win32,1912x948,,IMPOSTOR
0.0773818181818181,0.0148077263727615,0.14084,0.1386250460775397,2726.2813522355505,0.0,0.0,0.0,0.0,0.0,0.0,0.0,0.0,0.0,3.668,Win32,1912x948,,IMPOSTOR
0.0,0.0,0.0,0.0,0.0,0.0,0.0,0.0,0.0,0.0,0.0,0.0,0.0,0.0,100.0,Win32,1912x948,,GENUINE
107.84,71.24,360.73,376.16,2.83,0.0,0.0,0.0,0.0,0.0,0.0,0.0,0.0,0.0,30000.0,Win32,1912x948,,IMPOSTOR
125.69,76.52,386.33,384.86,1.43,1065.1651,1651.3953,-3.904626,28.026915,0.356763,0.502156,3.0,0.0,3183.13,30007.0,Win32,1912x948,,IMPOSTOR
0.0901818181818182,0.0150706106639752,0.2141699999999999,0.2094155058728937,1895.5908556697125,0.0,0.0,0.0,0.0,0.0,0.0,0.0,0.0,0.0,5.275399999999999,Win32,1912x948,,IMPOSTOR
144.78,9.68,749.75,743.43,0.13,929.9566,1164.3852,-0.521883,15.665801,0.236855,0.387526,6.0,800.0,13882.41,30009.0,Win32,1912x948,,GENUINE
0.0878,0.0137353558381281,0.18533,0.1905556561742526,2140.2277202294326,0.0,0.0,0.0,0.0,0.0,0.0,0.0,0.0,0.0,4.6724,Win32,1912x948,,IMPOSTOR
0.0,0.0,0.0,0.0,0.0,1076.4731,1576.5957,0.997855,22.499251,0.189034,0.265625,1.0,0.0,4571.1,14038.0,Win32,1912x948,,GENUINE
85.39,21.8,646.95,545.17,1.1,770.7403,1420.2037,-1.095762,19.298111,0.2888,0.461328,5.0,2601.0,2873.85,30000.0,Win32,1912x948,,IMPOSTOR
0.0858999999999999,0.017365640055738,0.188615,0.1540948969791018,2119.9016365640628,0.0,0.0,0.0,0.0,0.0,0.0,0.0,0.0,0.0,4.717200000000001,Win32,1912x948,,IMPOSTOR
0.0,0.0,0.0,0.0,0.0,0.0,0.0,0.0,0.0,0.0,0.0,0.0,0.0,0.0,30004.0,Win32,1912x948,,GENUINE
92.91,23.95,307.36,319.93,2.7,521.7419,636.2985,-0.247473,14.024188,0.233475,0.271697,3.0,0.0,1245.37,30007.0,Win32,1912x948,,GENUINE
0.0,0.0,0.0,0.0,0.0,461.451,626.8097,-0.678201,14.564278,0.398911,0.576581,5.0,386.0,1887.09,29997.0,Win32,1912x948,,IMPOSTOR
130.37,25.92,883.93,794.3,0.1,794.7861,1122.486,-0.26283,17.427103,0.270149,0.439904,10.0,500.0,10005.48,29997.0,Win32,1912x948,,GENUINE
0.0,0.0,0.0,0.0,0.0,0.0,0.0,0.0,0.0,0.0,0.0,0.0,0.0,0.0,29996.0,Win32,1912x948,,IMPOSTOR
0.0822727272727272,0.0178542121798186,0.1654999999999999,0.1288678586770184,2372.479240806643,0.0,0.0,0.0,0.0,0.0,0.0,0.0,0.0,0.0,4.215,Win32,1912x948,,IMPOSTOR
0.0,0.0,0.0,0.0,0.0,0.0,0.0,0.0,0.0,0.0,0.0,0.0,0.0,0.0,29996.0,Win32,1912x948,,IMPOSTOR
0.0864454545454545,0.0203549129042313,0.240285,0.2453430929840903,1737.136504186499,0.0,0.0,0.0,0.0,0.0,0.0,0.0,0.0,0.0,5.7566,Win32,1912x948,,IMPOSTOR
0.0930181818181818,0.0152898551144701,0.1868649999999999,0.1511887438766524,2100.6196828064285,0.0,0.0,0.0,0.0,0.0,0.0,0.0,0.0,0.0,4.7605,Win32,1912x948,,IMPOSTOR
0.0847909090909091,0.017254746622067,0.131055,0.0825959652464937,2813.8893578704483,0.0,0.0,0.0,0.0,0.0,0.0,0.0,0.0,0.0,3.5538000000000003,Win32,1912x948,,IMPOSTOR
84.74,23.86,350.14,338.32,2.5,744.711,850.0343,-0.25917,15.512733,0.217946,0.26664,3.0,0.0,1640.12,30003.0,Win32,1912x948,,GENUINE
0.0881181818181818,0.0115023964445215,0.1748549999999999,0.1415949274338597,2238.9396381873544,0.0,0.0,0.0,0.0,0.0,0.0,0.0,0.0,0.0,4.4664,Win32,1912x948,,IMPOSTOR
258.34,412.24,479.12,306.81,0.63,1033.607,1534.571,-0.707714,22.748556,0.312668,0.530298,3.0,85.56,3283.17,30002.0,Win32,950x947,,IMPOSTOR
0.0,0.0,0.0,0.0,0.0,735.6535,1350.4773,0.310999,20.506024,0.23027,0.475764,7.0,5769.0,3379.18,30002.0,Win32,1912x948,,IMPOSTOR
0.0805636363636363,0.0122968785933868,0.131565,0.1087802522289776,2842.9282160625444,0.0,0.0,0.0,0.0,0.0,0.0,0.0,0.0,0.0,3.5175,Win32,1912x948,,IMPOSTOR
0.0,0.0,0.0,0.0,0.0,842.4477,1097.807,-0.806588,20.250259,0.223026,0.460775,4.0,1917.0,5378.55,29999.0,Win32,1912x948,,IMPOSTOR
0.0840454545454545,0.0115457480277659,0.177985,0.1253187905902383,2230.052183221087,0.0,0.0,0.0,0.0,0.0,0.0,0.0,0.0,0.0,4.4842,Win32,1912x948,,IMPOSTOR
169.95,70.95,420.13,352.01,2.1,902.415,1646.2735,-0.843838,21.488207,0.49677,0.602073,3.0,0.0,1371.99,30003.0,Win32,1912x948,,IMPOSTOR
159.01,22.82,482.27,427.72,1.5,864.3172,1397.0515,-1.591166,23.26968,0.238647,0.536193,4.0,0.0,1896.55,30000.0,Win32,1912x948,,IMPOSTOR
157.52,32.39,472.45,426.61,0.77,888.9819,1238.2395,-2.702229,32.032037,0.28466,0.464406,6.0,2453.89,3832.24,30003.0,Win32,1912x948,,IMPOSTOR
212.1,27.99,1641.47,514.42,0.17,332.275,702.26,-0.291346,10.836067,0.24547,0.553827,8.0,0.0,1773.41,30008.0,Win32,1912x948,,IMPOSTOR
0.0943,0.0190151136061435,0.231345,0.177014995056916,1765.4743829667032,0.0,0.0,0.0,0.0,0.0,0.0,0.0,0.0,0.0,5.6642,Win32,1912x948,,IMPOSTOR
140.07,30.02,339.02,328.7,2.4,591.7715,904.0485,-0.553611,11.207637,0.274664,0.380237,2.0,0.0,1121.21,30002.0,Win32,1912x948,,IMPOSTOR
0.0849090909090909,0.0173830353320521,0.135055,0.097843315944422,2750.955957195125,0.0,0.0,0.0,0.0,0.0,0.0,0.0,0.0,0.0,3.6351,Win32,1912x948,,IMPOSTOR
0.0,0.0,0.0,0.0,0.0,384.0591,536.3382,-1.886492,9.5934,0.384951,0.557739,10.0,618.0,1948.3,30002.0,Win32,1912x948,,IMPOSTOR
0.0,0.0,0.0,0.0,0.0,1496.0869,1407.7083,0.272219,29.755611,0.282374,0.627265,0.0,3153.89,667.25,30006.0,Win32,1912x948,,IMPOSTOR
0.0934454545454545,0.0185936139397063,0.305145,0.2219598623062287,1402.3671958265552,0.0,0.0,0.0,0.0,0.0,0.0,0.0,0.0,0.0,7.1308,Win32,1912x948,,IMPOSTOR
0.0918727272727272,0.0218643375430939,0.22556,0.2428766423516267,1811.0036582273892,0.0,0.0,0.0,0.0,0.0,0.0,0.0,0.0,0.0,5.521800000000001,Win32,1912x948,,IMPOSTOR
167.61,39.19,610.15,495.85,1.2,0.0,0.0,0.0,0.0,0.0,0.0,0.0,0.0,0.0,30003.0,Win32,1912x948,,IMPOSTOR
0.0926636363636363,0.0112325236156822,0.1654749999999999,0.1174070776188556,2310.1090371465534,0.0,0.0,0.0,0.0,0.0,0.0,0.0,0.0,0.0,4.3288,Win32,950x947,,IMPOSTOR
0.0,0.0,0.0,0.0,0.0,694.7712,817.0838,-0.167593,14.881076,0.239822,0.405203,11.0,0.0,10148.67,30001.0,Win32,1912x948,,GENUINE
0.0919,0.0147238211443534,0.163665,0.1270296157397951,2334.1580691844447,0.0,0.0,0.0,0.0,0.0,0.0,0.0,0.0,0.0,4.284200000000001,Win32,1912x948,,IMPOSTOR
111.85,26.15,366.11,364.26,2.17,739.4525,1281.4596,-3.182266,17.569923,0.336204,0.498039,2.0,0.0,1834.08,29996.0,Win32,1912x948,,IMPOSTOR
90.81,20.52,385.15,400.3,1.97,653.4227,761.4067,-0.38744,14.138747,0.253583,0.311372,6.0,0.0,2582.56,30009.0,Win32,1912x948,,GENUINE
0.0,0.0,0.0,0.0,0.0,1214.6025,1371.2498,-3.945659,44.321262,0.267648,0.559317,25.0,7276.11,7386.23,29998.0,Win32,1912x948,,IMPOSTOR
0.0932272727272727,0.0144458922068833,0.19587,0.1076222704648066,2023.103845920411,0.0,0.0,0.0,0.0,0.0,0.0,0.0,0.0,0.0,4.9429,Win32,1912x948,,IMPOSTOR
0.0,0.0,0.0,0.0,0.0,0.0,0.0,0.0,0.0,0.0,0.0,0.0,0.0,0.0,29994.0,Win32,1912x948,,IMPOSTOR
0.1237454545454545,0.0199766847570936,0.17085,0.1167780608676133,2092.8383073123773,0.0,0.0,0.0,0.0,0.0,0.0,0.0,0.0,0.0,4.7782,Win32,1912x948,,IMPOSTOR
0.0,0.0,0.0,0.0,0.0,664.886,1175.4593,-0.918091,14.99085,0.251306,0.387109,2.0,821.0,4145.97,30000.0,Win32,1912x948,,IMPOSTOR
0.0806181818181818,0.0182388605197213,0.1311399999999999,0.0949806685594495,2849.327558696148,0.0,0.0,0.0,0.0,0.0,0.0,0.0,0.0,0.0,3.5096,Win32,1912x948,,IMPOSTOR
0.0,0.0,0.0,0.0,0.0,298.1324,545.9942,-1.449967,9.248246,0.449878,0.552729,17.0,864.0,2575.28,29999.0,Win32,1912x948,,IMPOSTOR
0.0,0.0,0.0,0.0,0.0,988.0325,1418.1472,-1.150289,24.600257,0.243233,0.556784,12.0,2216.67,5295.79,30005.0,Win32,1912x948,,IMPOSTOR
0.085990909090909,0.0148057393383569,0.186325,0.1248025956260525,2140.227720229432,0.0,0.0,0.0,0.0,0.0,0.0,0.0,0.0,0.0,4.672400000000001,Win32,1912x948,,IMPOSTOR
0.0824181818181818,0.0131395183377763,0.15709,0.1680033270503891,2470.1116490465365,0.0,0.0,0.0,0.0,0.0,0.0,0.0,0.0,0.0,4.048400000000001,Win32,1912x948,,IMPOSTOR
123.68,29.27,364.94,345.55,1.73,844.1243,1210.3965,-1.595253,28.037261,0.299714,0.44015,3.0,0.0,1886.95,29994.0,Win32,1912x948,,IMPOSTOR
156.12,30.04,422.63,412.36,2.13,0.0,0.0,0.0,0.0,0.0,0.0,0.0,0.0,0.0,29995.0,Win32,1912x948,,IMPOSTOR
0.0,0.0,0.0,0.0,0.0,1133.6194,1441.6053,-0.513904,20.933074,0.200378,0.252752,6.0,9149.0,5843.04,24983.0,Win32,950x947,,IMPOSTOR
155.28,45.35,544.65,509.56,1.43,312.3117,279.1501,-0.742655,4.64945,0.362768,0.703008,1.0,0.0,104.5,30003.0,Win32,950x947,,IMPOSTOR
0.0903636363636363,0.0152494573809438,0.186965,0.1797611700979942,2112.6909344432,0.0,0.0,0.0,0.0,0.0,0.0,0.0,0.0,0.0,4.733300000000001,Win32,950x947,,IMPOSTOR
0.0,0.0,0.0,0.0,0.0,823.0961,1043.7843,-0.457573,19.442221,0.296548,0.415745,0.0,0.0,5163.37,30003.0,Win32,1912x948,,GENUINE
0.1140818181818181,0.0207310841790695,0.292315,0.3389642581084324,1408.212696445671,0.0,0.0,0.0,0.0,0.0,0.0,0.0,0.0,0.0,7.1012,Win32,1912x948,,IMPOSTOR
0.0,0.0,0.0,0.0,0.0,490.1553,599.7212,0.188857,9.996643,0.376534,0.506787,0.0,2911.0,365.2,2062.0,Win32,1912x948,,IMPOSTOR
0.0696181818181818,0.0211699967012415,0.22555,0.3343843230475974,1895.0879320800489,0.0,0.0,0.0,0.0,0.0,0.0,0.0,0.0,0.0,5.2768,Win32,1912x948,,IMPOSTOR
0.0,0.0,0.0,0.0,0.0,699.2232,1226.3835,-0.892071,23.407034,0.252019,0.327395,0.0,0.0,704.18,6223.0,Win32,1912x948,,GENUINE
0.0902818181818181,0.013645966315883,0.179115,0.1227157336082052,2185.601258906325,0.0,0.0,0.0,0.0,0.0,0.0,0.0,0.0,0.0,4.5754,Win32,1912x948,,IMPOSTOR
0.0936,0.0196918995805612,0.1633349999999999,0.117689716097032,2327.5842003584485,0.0,0.0,0.0,0.0,0.0,0.0,0.0,0.0,0.0,4.2963,Win32,1912x948,,IMPOSTOR
0.0,0.0,0.0,0.0,0.0,0.0,0.0,0.0,0.0,0.0,0.0,0.0,0.0,0.0,29998.0,Win32,1912x948,,GENUINE
0.0809454545454545,0.0214751172559552,0.1319899999999999,0.0992607218390033,2832.700696844372,0.0,0.0,0.0,0.0,0.0,0.0,0.0,0.0,0.0,3.5302,Win32,1912x948,,IMPOSTOR
0.0971272727272727,0.0186247192002794,0.192305,0.1562364889358437,2034.7949944043137,0.0,0.0,0.0,0.0,0.0,0.0,0.0,0.0,0.0,4.9145,Win32,1052x947,,IMPOSTOR
0.0,0.0,0.0,0.0,0.0,446.4489,751.7653,-1.399919,15.811793,0.350532,0.552049,9.0,3196.67,2869.41,29991.0,Win32,1912x948,,IMPOSTOR
0.0,0.0,0.0,0.0,0.0,0.0,0.0,0.0,0.0,0.0,0.0,0.0,0.0,0.0,29996.0,Win32,1052x947,,IMPOSTOR
0.0929090909090909,0.0153173374463801,0.2126149999999999,0.2318850669512808,1895.9861972204849,0.0,0.0,0.0,0.0,0.0,0.0,0.0,0.0,0.0,5.274299999999999,Win32,1912x948,,IMPOSTOR
0.0,0.0,0.0,0.0,0.0,248.39,387.238,-0.921992,6.778238,0.412837,0.575114,10.0,415.0,1357.7,30008.0,Win32,1912x948,,IMPOSTOR
0.0,0.0,0.0,0.0,0.0,331.4592,404.3585,-0.565078,6.837462,0.367069,0.453056,8.0,136.11,1187.6,29991.0,Win32,1912x948,,IMPOSTOR
0.0,0.0,0.0,0.0,0.0,1586.1414,2081.8767,-0.773201,24.902181,0.21031,0.453873,1.0,628.0,1455.05,30000.0,Win32,1912x948,,IMPOSTOR
0.0,0.0,0.0,0.0,0.0,445.7942,643.4846,-2.307563,12.046434,0.395008,0.54046,13.0,620.0,2768.09,30003.0,Win32,950x947,,IMPOSTOR
89.69,60.87,316.32,332.35,3.17,0.0,0.0,0.0,0.0,0.0,0.0,0.0,0.0,0.0,29999.0,Win32,1912x948,,GENUINE
122.26,26.85,375.18,445.53,1.5,737.2981,1154.9818,-1.444255,20.639982,0.346271,0.533714,4.0,0.0,3544.77,29995.0,Win32,1912x948,,IMPOSTOR
88.68,31.15,331.48,301.52,0.2,946.86,1154.6412,-0.650515,19.815807,0.253336,0.434185,9.0,5400.0,11233.5,29993.0,Win32,1912x948,,GENUINE
0.0,0.0,0.0,0.0,0.0,0.0,0.0,0.0,0.0,0.0,0.0,0.0,0.0,0.0,29996.0,Win32,1912x948,,IMPOSTOR
152.11,33.47,483.34,393.05,0.9,697.5286,968.3429,-1.675313,14.58732,0.305453,0.449582,2.0,0.0,1159.79,29997.0,Win32,1912x948,,IMPOSTOR
0.1334272727272727,0.0169155706059718,0.136635,0.1139926281607718,2380.72564517665,0.0,0.0,0.0,0.0,0.0,0.0,0.0,0.0,0.0,4.2004,Win32,1052x947,,IMPOSTOR
0.0,0.0,0.0,0.0,0.0,490.754,556.0352,-0.157563,7.741014,0.244527,0.382042,3.0,200.0,5690.13,29989.0,Win32,1912x948,,GENUINE
0.1337272727272727,0.0212813657673942,0.22031,0.1813559370409471,1701.4905056829782,0.0,0.0,0.0,0.0,0.0,0.0,0.0,0.0,0.0,5.8772,Win32,1912x948,,IMPOSTOR
0.0850818181818181,0.0147275757544582,0.15858,0.1291838054866011,2434.5709068776628,0.0,0.0,0.0,0.0,0.0,0.0,0.0,0.0,0.0,4.1075,Win32,1912x948,,IMPOSTOR
0.1150454545454545,0.0357951333318921,0.1739349999999999,0.136645765668022,2107.836937734497,0.0,0.0,0.0,0.0,0.0,0.0,0.0,0.0,0.0,4.744199999999999,Win32,1912x948,,IMPOSTOR
0.1221090909090908,0.0185080549808334,0.2064649999999999,0.1622452842920249,1827.3184102329835,0.0,0.0,0.0,0.0,0.0,0.0,0.0,0.0,0.0,5.472499999999999,Win32,1912x948,,IMPOSTOR
0.0,0.0,0.0,0.0,0.0,0.0,0.0,0.0,0.0,0.0,0.0,0.0,0.0,0.0,29997.0,Win32,1912x948,,IMPOSTOR
0.1094727272727272,0.0214289562342466,0.2196049999999999,0.135376764900776,1786.8949127101837,0.0,0.0,0.0,0.0,0.0,0.0,0.0,0.0,0.0,5.596299999999999,Win32,1912x948,,IMPOSTOR
0.0,0.0,0.0,0.0,0.0,1982.8049,2781.1226,17.643693,35.344493,0.220034,0.408545,1.0,0.0,533.32,2046.0,Win32,1912x948,,GENUINE
0.0,0.0,0.0,0.0,0.0,5328.3786,2695.4064,33.94783,26.522333,0.063996,0.025107,0.0,0.0,882.62,30010.0,Win32,1912x948,,GENUINE
177.48,59.71,619.56,567.17,0.3,931.6314,1260.2353,-1.189941,21.744836,0.30782,0.50407,6.0,497.78,3873.22,29991.0,Win32,1912x948,,IMPOSTOR
0.0901272727272727,0.0134763153116927,0.2585849999999999,0.1721059710614364,1622.5600752867877,0.0,0.0,0.0,0.0,0.0,0.0,0.0,0.0,0.0,6.163099999999999,Win32,1912x948,,IMPOSTOR
0.0,0.0,0.0,0.0,0.0,429.0452,453.5743,-0.587211,8.141227,0.292475,0.434578,24.0,855.56,3668.58,30000.0,Win32,1912x948,,IMPOSTOR
0.1048272727272727,0.0185339536531342,0.30174,0.3040305632662611,1391.2269230234142,0.0,0.0,0.0,0.0,0.0,0.0,0.0,0.0,0.0,7.187900000000001,Win32,1912x948,,IMPOSTOR
153.44,72.97,340.39,309.4,2.3,1214.1358,1667.5847,-1.787022,30.451263,0.360472,0.646001,3.0,400.56,1851.21,30023.0,Win32,1912x948,,IMPOSTOR
116.55,192.45,294.63,339.3,3.33,0.0,0.0,0.0,0.0,0.0,0.0,0.0,0.0,0.0,30008.0,Win32,1912x948,,GENUINE
0.1238,0.0339718867728757,0.2252949999999999,0.1759346511492264,1704.2452749799754,0.0,0.0,0.0,0.0,0.0,0.0,0.0,0.0,0.0,5.867699999999999,Win32,1912x948,,IMPOSTOR
172.63,137.34,491.8,550.08,0.3,931.3582,640.1866,-2.890666,18.800698,0.265087,0.679624,0.0,0.0,300.71,29998.0,Win32,1912x948,,IMPOSTOR
0.0,0.0,0.0,0.0,0.0,1101.0746,1420.8827,-0.913365,20.144389,0.194791,0.374516,3.0,1200.0,3650.71,27327.0,Win32,1912x948,,GENUINE
0.0,0.0,0.0,0.0,0.0,2092.7133,1414.4834,-0.294437,29.127612,0.295501,0.354026,0.0,0.0,530.59,32673.0,Win32,1912x948,,GENUINE
0.0,0.0,0.0,0.0,0.0,733.7996,1177.2812,-1.031517,20.322164,0.245294,0.453096,5.0,4933.0,2751.6,30000.0,Win32,1912x948,,IMPOSTOR
0.0,0.0,0.0,0.0,0.0,0.0,0.0,0.0,0.0,0.0,0.0,0.0,0.0,0.0,72949.0,Win32,1912x948,,GENUINE
87.41,27.02,295.63,283.66,2.73,836.7841,1091.739,-0.705933,18.022432,0.21493,0.318779,3.0,0.0,2539.81,29996.0,Win32,1912x948,,GENUINE
0.0900363636363636,0.0216226427081878,0.24173,0.242230634107249,1716.7381974248924,0.0,0.0,0.0,0.0,0.0,0.0,0.0,0.0,0.0,5.825000000000001,Win32,950x947,,IMPOSTOR
0.0,0.0,0.0,0.0,0.0,1526.6686,509.0371,2.22748,14.788038,0.127781,0.085117,0.0,1230.0,227.94,29999.0,Win32,1912x948,,IMPOSTOR
0.0,0.0,0.0,0.0,0.0,1141.0684,1608.4688,-3.500412,23.307549,0.346997,0.582954,1.0,433.0,2774.56,29863.0,Win32,1912x948,,IMPOSTOR
0.0,0.0,0.0,0.0,0.0,298.143,565.9115,0.064345,8.434346,0.330679,0.37552,1.0,2556.0,476.58,5445.0,Win32,1912x948,,IMPOSTOR
0.0875909090909091,0.0140715996729359,0.172125,0.117964244053018,2269.6323195642303,0.0,0.0,0.0,0.0,0.0,0.0,0.0,0.0,0.0,4.406000000000001,Win32,1912x948,,IMPOSTOR
0.1166909090909091,0.0270602511090094,0.22272,0.1741202216860523,1742.7675148135238,0.0,0.0,0.0,0.0,0.0,0.0,0.0,0.0,0.0,5.738,Win32,1912x948,,IMPOSTOR
0.0842909090909091,0.0171586953596793,0.173555,0.1795609436236065,2273.605711297547,0.0,0.0,0.0,0.0,0.0,0.0,0.0,0.0,0.0,4.3983,Win32,1052x947,,IMPOSTOR
0.0,0.0,0.0,0.0,0.0,1409.5235,1555.1553,-1.853652,27.09971,0.215366,0.278838,0.0,300.0,1361.67,29989.0,Win32,1912x948,,GENUINE
0.0835636363636363,0.0153275315410047,0.1385949999999999,0.1056258608248945,2709.2194738695785,0.0,0.0,0.0,0.0,0.0,0.0,0.0,0.0,0.0,3.6911,Win32,1912x948,,IMPOSTOR
0.0846909090909091,0.015130790674855,0.15494,0.1045774660239958,2481.143310837634,0.0,0.0,0.0,0.0,0.0,0.0,0.0,0.0,0.0,4.0304,Win32,1912x948,,IMPOSTOR
153.96,36.75,420.66,362.0,1.73,742.745,948.6238,-0.722495,18.093309,0.214225,0.425127,3.0,357.78,1334.97,29998.0,Win32,1912x948,,IMPOSTOR
0.0,0.0,0.0,0.0,0.0,848.3037,905.8838,-2.045251,16.75513,0.382344,0.594381,1.0,183.0,1092.41,29998.0,Win32,1912x948,,IMPOSTOR
0.1266,0.0285084038646342,0.20298,0.1579788264293667,1834.122005795825,0.0,0.0,0.0,0.0,0.0,0.0,0.0,0.0,0.0,5.4522,Win32,1912x948,,IMPOSTOR
0.0,0.0,0.0,0.0,0.0,0.0,0.0,0.0,0.0,0.0,0.0,0.0,0.0,0.0,60003.0,Win32,1912x948,,IMPOSTOR
0.1012727272727272,0.0203100105594659,0.163545,0.1462568236869651,2280.553718442838,0.0,0.0,0.0,0.0,0.0,0.0,0.0,0.0,0.0,4.3849,Win32,1912x948,,IMPOSTOR
164.07,41.97,414.28,368.53,2.23,836.7107,1151.8287,-1.824542,14.754082,0.252174,0.502023,2.0,0.0,1152.35,30006.0,Win32,1052x947,,IMPOSTOR
0.0,0.0,0.0,0.0,0.0,902.4895,908.8195,-0.558514,18.004956,0.163228,0.298904,3.0,1403.89,887.45,29993.0,Win32,1912x948,,IMPOSTOR
0.0,0.0,0.0,0.0,0.0,0.0,0.0,0.0,0.0,0.0,0.0,0.0,0.0,0.0,30003.0,Win32,1912x948,,GENUINE
89.03,24.78,251.16,226.19,3.87,0.0,0.0,0.0,0.0,0.0,0.0,0.0,0.0,0.0,30006.0,Win32,1912x948,,GENUINE
89.71,28.27,442.17,488.42,1.3,661.342,954.4038,-0.660754,19.359335,0.327767,0.522289,4.0,0.0,4936.88,29992.0,Win32,1912x948,,GENUINE
0.0,0.0,0.0,0.0,0.0,0.0,0.0,0.0,0.0,0.0,0.0,0.0,0.0,0.0,29995.0,Win32,1912x948,,IMPOSTOR
0.0,0.0,0.0,0.0,0.0,442.7276,418.3005,-0.635516,7.232864,0.27334,0.406764,9.0,482.22,1564.66,29994.0,Win32,1912x948,,IMPOSTOR
0.0967818181818182,0.0244037932290646,0.29441,0.2476669858903281,1438.2694741686798,0.0,0.0,0.0,0.0,0.0,0.0,0.0,0.0,0.0,6.952800000000002,Win32,950x947,,IMPOSTOR
0.1210545454545454,0.0227206099324485,0.25271,0.1637155914994048,1565.9745059350437,0.0,0.0,0.0,0.0,0.0,0.0,0.0,0.0,0.0,6.3858,Win32,1912x948,,IMPOSTOR
0.0,0.0,0.0,0.0,0.0,0.0,0.0,0.0,0.0,0.0,0.0,0.0,0.0,0.0,30000.0,Win32,1912x948,,IMPOSTOR
0.0902454545454545,0.01433947911038,0.26229,0.2267186536216197,1602.94942694558,0.0,0.0,0.0,0.0,0.0,0.0,0.0,0.0,0.0,6.2385,Win32,1912x948,,IMPOSTOR
107.72,151.89,317.18,358.82,2.93,904.9793,1157.6224,-3.835942,31.371268,0.289125,0.440928,3.0,0.0,1027.13,29998.0,Win32,1912x948,,GENUINE
0.0895090909090909,0.0126908309453181,0.22022,0.193478152771831,1855.6318426424195,0.0,0.0,0.0,0.0,0.0,0.0,0.0,0.0,0.0,5.389,Win32,1912x948,,IMPOSTOR
0.0,0.0,0.0,0.0,0.0,531.1058,638.9525,-0.50517,9.845724,0.295675,0.38512,3.0,3600.0,2446.22,30001.0,Win32,1912x948,,GENUINE
74.8,20.72,366.33,296.96,1.5,862.9917,1170.7255,-0.088767,15.3602,0.234562,0.394241,4.0,2741.0,3325.42,30002.0,Win32,1052x947,,IMPOSTOR
0.0862636363636363,0.0147159945592463,0.3046149999999999,0.3754182910767668,1420.2124637845825,0.0,0.0,0.0,0.0,0.0,0.0,0.0,0.0,0.0,7.0412,Win32,1912x948,,IMPOSTOR
0.0,0.0,0.0,0.0,0.0,3245.9717,3034.7752,-0.309972,67.915407,0.344901,0.598312,3.0,0.0,45755.63,16555.0,Win32,1912x948,,IMPOSTOR
0.0912818181818181,0.0150262690089915,0.1565599999999999,0.1273717723830519,2418.20424153024,0.0,0.0,0.0,0.0,0.0,0.0,0.0,0.0,0.0,4.1353,Win32,950x947,,IMPOSTOR
0.0914545454545454,0.0199921968248688,0.22424,0.1786901099669481,1821.228236322576,0.0,0.0,0.0,0.0,0.0,0.0,0.0,0.0,0.0,5.4908,Win32,1912x948,,IMPOSTOR
0.0856818181818181,0.0192880942167026,0.26084,0.2652490064071872,1623.561118958323,0.0,0.0,0.0,0.0,0.0,0.0,0.0,0.0,0.0,6.1593,Win32,1912x948,,IMPOSTOR
0.0,0.0,0.0,0.0,0.0,0.0,0.0,0.0,0.0,0.0,0.0,0.0,0.0,0.0,30000.0,Win32,1912x948,,IMPOSTOR
0.0,0.0,0.0,0.0,0.0,0.0,0.0,0.0,0.0,0.0,0.0,0.0,0.0,0.0,60009.0,Win32,1912x948,,IMPOSTOR
0.0964636363636363,0.0265913613015161,0.2712249999999999,0.2506502261618768,1541.8773899099544,0.0,0.0,0.0,0.0,0.0,0.0,0.0,0.0,0.0,6.485599999999999,Win32,1912x948,,IMPOSTOR
0.0899181818181818,0.0101252895071353,0.1569249999999999,0.1242476232167038,2422.715379397229,0.0,0.0,0.0,0.0,0.0,0.0,0.0,0.0,0.0,4.127599999999999,Win32,1912x948,,IMPOSTOR
0.0928272727272727,0.0164820613731243,0.28829,0.3408172749436272,1473.4267485891935,0.0,0.0,0.0,0.0,0.0,0.0,0.0,0.0,0.0,6.786900000000001,Win32,1912x948,,IMPOSTOR
0.1022181818181818,0.0223786756526596,0.26463,0.2520388345077004,1558.3606046439145,0.0,0.0,0.0,0.0,0.0,0.0,0.0,0.0,0.0,6.417000000000002,Win32,1912x948,,IMPOSTOR
0.0,0.0,0.0,0.0,0.0,0.0,0.0,0.0,0.0,0.0,0.0,0.0,0.0,0.0,30002.0,Win32,1912x948,,GENUINE
0.0907545454545454,0.0224897295200342,0.224965,0.2145627676811613,1818.975552968568,0.0,0.0,0.0,0.0,0.0,0.0,0.0,0.0,0.0,5.4976,Win32,1912x948,,IMPOSTOR
0.0,0.0,0.0,0.0,0.0,542.1263,761.1426,-1.105788,9.782293,0.257937,0.445708,2.0,796.0,873.8,30000.0,Win32,1912x948,,IMPOSTOR
0.0,0.0,0.0,0.0,0.0,595.6181,841.1739,-1.336964,20.113584,0.363321,0.546791,3.0,379.0,1997.83,29993.0,Win32,1912x948,,IMPOSTOR
0.0,0.0,0.0,0.0,0.0,300.1211,630.5721,-2.154467,8.124946,0.405696,0.590006,1.0,0.0,239.52,30004.0,Win32,1912x948,,IMPOSTOR
0.0898272727272727,0.017314580871156,0.152685,0.0973128320161323,2474.1451828393297,0.0,0.0,0.0,0.0,0.0,0.0,0.0,0.0,0.0,4.041799999999999,Win32,1912x948,,IMPOSTOR
0.0795727272727272,0.0126340154783599,0.13189,0.0919193662945953,2846.488855996128,0.0,0.0,0.0,0.0,0.0,0.0,0.0,0.0,0.0,3.513100000000001,Win32,1052x947,,IMPOSTOR
0.0,0.0,0.0,0.0,0.0,615.7747,729.9296,-0.899631,9.355566,0.258412,0.390774,2.0,3100.0,2350.77,21995.0,Win32,1912x948,,GENUINE
0.0,0.0,0.0,0.0,0.0,384.7807,540.5238,-0.882878,13.339748,0.379042,0.532636,2.0,200.0,1415.84,30008.0,Win32,1912x948,,GENUINE
0.0947,0.0197651207939643,0.1839749999999999,0.1220721134207153,2118.1055663814286,0.0,0.0,0.0,0.0,0.0,0.0,0.0,0.0,0.0,4.7212,Win32,1912x948,,IMPOSTOR
0.0898272727272727,0.0199257298672796,0.24328,0.1921694918554972,1708.3212327246015,0.0,0.0,0.0,0.0,0.0,0.0,0.0,0.0,0.0,5.8537,Win32,1912x948,,IMPOSTOR
110.93,17.32,409.28,395.64,2.07,583.8521,834.1863,-2.156678,16.022276,0.306222,0.471642,3.0,0.0,734.96,29997.0,Win32,1912x948,,IMPOSTOR
0.0,0.0,0.0,0.0,0.0,1388.4109,2105.2525,1.515869,33.230348,0.308439,0.569341,2.0,62.0,7767.03,30001.0,Win32,1912x948,,IMPOSTOR
0.0,0.0,0.0,0.0,0.0,958.9151,1309.2086,-0.53476,19.762594,0.216486,0.285044,3.0,3451.0,4419.65,30000.0,Win32,1912x948,,IMPOSTOR
0.0820545454545454,0.0094585568413295,0.209995,0.1769082826636446,1959.8236158745715,0.0,0.0,0.0,0.0,0.0,0.0,0.0,0.0,0.0,5.102499999999999,Win32,1052x947,,IMPOSTOR
83.89,29.98,589.88,581.33,0.57,534.6093,701.2604,-0.836164,11.824037,0.28198,0.492652,8.0,262.0,2471.68,30000.0,Win32,1912x948,,IMPOSTOR
0.1333272727272727,0.026770305493183,0.16242,0.1216530583257157,2120.890774125133,0.0,0.0,0.0,0.0,0.0,0.0,0.0,0.0,0.0,4.715,Win32,1912x948,,IMPOSTOR
0.0,0.0,0.0,0.0,0.0,0.0,0.0,0.0,0.0,0.0,0.0,0.0,0.0,0.0,59998.0,Win32,1912x948,,IMPOSTOR
0.0,0.0,0.0,0.0,0.0,259.8629,391.5769,-0.64634,7.425973,0.4035,0.533908,13.0,592.0,2427.24,30005.0,Win32,1052x947,,IMPOSTOR
0.0822181818181818,0.0137490375320547,0.1335449999999999,0.0787485268116172,2796.9680865941323,0.0,0.0,0.0,0.0,0.0,0.0,0.0,0.0,0.0,3.5752999999999995,Win32,1912x948,,IMPOSTOR
0.0964636363636363,0.021657846477653,0.156455,0.1045008635131787,2386.520929788554,0.0,0.0,0.0,0.0,0.0,0.0,0.0,0.0,0.0,4.190200000000001,Win32,1912x948,,IMPOSTOR
0.0912636363636363,0.0113177473447094,0.17889,0.1239133080020059,2182.5959796582056,0.0,0.0,0.0,0.0,0.0,0.0,0.0,0.0,0.0,4.5817000000000005,Win32,1912x948,,IMPOSTOR
0.0890909090909091,0.0108896493428354,0.1451199999999999,0.1129846963088364,2575.726354832063,0.0,0.0,0.0,0.0,0.0,0.0,0.0,0.0,0.0,3.8824,Win32,1912x948,,IMPOSTOR
0.1137,0.0179905530765454,0.1559749999999999,0.1279070321561719,2288.224795203881,0.0,0.0,0.0,0.0,0.0,0.0,0.0,0.0,0.0,4.3702,Win32,950x947,,IMPOSTOR
0.0,0.0,0.0,0.0,0.0,0.0,0.0,0.0,0.0,0.0,0.0,0.0,0.0,0.0,29996.0,Win32,1912x948,,IMPOSTOR
180.9,45.56,511.69,508.5,1.8,0.0,0.0,0.0,0.0,0.0,0.0,0.0,0.0,0.0,29994.0,Win32,1912x948,,IMPOSTOR
0.0,0.0,0.0,0.0,0.0,310.3033,497.9242,-1.62799,9.613062,0.471202,0.610917,11.0,519.0,1732.39,29996.0,Win32,1912x948,,IMPOSTOR
0.0825272727272727,0.0142228427607967,0.166535,0.1451900247089999,2359.3252329833667,0.0,0.0,0.0,0.0,0.0,0.0,0.0,0.0,0.0,4.2385,Win32,1912x948,,IMPOSTOR
0.0,0.0,0.0,0.0,0.0,997.8869,1778.2944,-1.213389,26.952934,0.191274,0.369954,1.0,268.0,2963.32,29999.0,Win32,1912x948,,IMPOSTOR
0.0,0.0,0.0,0.0,0.0,2955.9098,1754.7363,13.548779,31.072311,0.4972,0.923957,0.0,0.0,395.13,856.0,Win32,1912x948,,GENUINE
0.0,0.0,0.0,0.0,0.0,0.0,0.0,0.0,0.0,0.0,0.0,0.0,0.0,0.0,30003.0,Win32,1912x948,,IMPOSTOR
164.65,31.16,572.85,504.05,1.27,0.0,0.0,0.0,0.0,0.0,0.0,0.0,0.0,0.0,29990.0,Win32,950x947,,IMPOSTOR
0.0890636363636363,0.0155288747310686,0.140635,0.0951359252595989,2636.8526526737687,0.0,0.0,0.0,0.0,0.0,0.0,0.0,0.0,0.0,3.7924,Win32,1912x948,,IMPOSTOR
181.87,68.41,731.21,571.63,1.13,0.0,0.0,0.0,0.0,0.0,0.0,0.0,0.0,0.0,29996.0,Win32,1912x948,,IMPOSTOR
58.8,10.0,1126.7,873.3,0.1,978.4647,1789.9821,1.814916,23.632634,0.202324,0.26459,4.0,0.0,1863.32,20320.0,Win32,1912x948,,IMPOSTOR
111.18,81.35,428.31,423.44,2.1,0.0,0.0,0.0,0.0,0.0,0.0,0.0,0.0,0.0,29999.0,Win32,950x947,,IMPOSTOR
0.0853818181818181,0.0203701126065445,0.21866,0.1879419655106331,1882.3883743694,0.0,0.0,0.0,0.0,0.0,0.0,0.0,0.0,0.0,5.3124,Win32,1912x948,,IMPOSTOR
0.1513636363636363,0.0230210683239692,0.1617949999999999,0.145814016730217,2040.441551551756,0.0,0.0,0.0,0.0,0.0,0.0,0.0,0.0,0.0,4.9009,Win32,1912x948,,IMPOSTOR
0.1252727272727272,0.0206529368771826,0.19885,0.1549395027099287,1867.4136321195144,0.0,0.0,0.0,0.0,0.0,0.0,0.0,0.0,0.0,5.355,Win32,1912x948,,IMPOSTOR
0.0,0.0,0.0,0.0,0.0,286.0082,354.056,-0.778211,6.151777,0.623503,0.713951,1.0,0.0,140.87,30009.0,Win32,1052x947,,IMPOSTOR
0.0789818181818181,0.0144869733448438,0.142985,0.1076460323235371,2682.043717312592,0.0,0.0,0.0,0.0,0.0,0.0,0.0,0.0,0.0,3.7285,Win32,1912x948,,IMPOSTOR
0.0807181818181818,0.0148570655478871,0.15624,0.1201166408121705,2492.087621800782,0.0,0.0,0.0,0.0,0.0,0.0,0.0,0.0,0.0,4.012700000000001,Win32,1052x947,,IMPOSTOR
0.1008727272727272,0.0242729588003939,0.271455,0.2758924708559478,1529.3559881933716,0.0,0.0,0.0,0.0,0.0,0.0,0.0,0.0,0.0,6.5387,Win32,1912x948,,IMPOSTOR
0.0,0.0,0.0,0.0,0.0,580.1233,1025.4734,-0.528316,15.360396,0.315619,0.496968,2.0,2166.11,4805.15,29998.0,Win32,1912x948,,IMPOSTOR
0.0,0.0,0.0,0.0,0.0,0.0,0.0,0.0,0.0,0.0,0.0,0.0,0.0,0.0,29996.0,Win32,1912x948,,IMPOSTOR
0.0943818181818181,0.0329736759519639,0.2426049999999999,0.1630492639511138,1697.706398655417,0.0,0.0,0.0,0.0,0.0,0.0,0.0,0.0,0.0,5.890299999999998,Win32,1912x948,,IMPOSTOR
0.0,0.0,0.0,0.0,0.0,1943.8896,2485.2413,-3.640447,44.444693,0.113023,0.164982,0.0,441.0,1265.29,6776.0,Win32,1912x948,,IMPOSTOR
0.0935818181818182,0.0213678100371826,0.2675,0.2420853940245053,1567.5455371978555,0.0,0.0,0.0,0.0,0.0,0.0,0.0,0.0,0.0,6.3794,Win32,1912x948,,IMPOSTOR
128.74,79.66,442.06,394.28,1.83,438.6894,614.6294,-0.539602,11.128334,0.306472,0.599489,0.0,186.0,1576.3,29996.0,Win32,1912x948,,IMPOSTOR
0.0884181818181818,0.0147501505805452,0.1667599999999999,0.1221106072378644,2321.3705371651427,0.0,0.0,0.0,0.0,0.0,0.0,0.0,0.0,0.0,4.307799999999999,Win32,1912x948,,IMPOSTOR
0.0878181818181818,0.0157494483702427,0.212355,0.1786409316898005,1918.2444227043409,0.0,0.0,0.0,0.0,0.0,0.0,0.0,0.0,0.0,5.213100000000001,Win32,1912x948,,IMPOSTOR
0.0810909090909091,0.0129178139542018,0.12785,0.1030344481229457,2899.391127863148,0.0,0.0,0.0,0.0,0.0,0.0,0.0,0.0,0.0,3.4490000000000007,Win32,1912x948,,IMPOSTOR
0.0,0.0,0.0,0.0,0.0,833.1165,967.6568,-1.916907,20.415089,0.316554,0.629742,13.0,7062.22,4222.81,30002.0,Win32,1912x948,,IMPOSTOR
144.45,27.29,375.78,317.27,1.77,600.0545,773.161,-0.485034,11.600455,0.347811,0.520976,4.0,46.67,1914.44,30003.0,Win32,1912x948,,IMPOSTOR
0.0889,0.0130029367312297,0.20216,0.1325362531536183,1991.5954671287168,0.0,0.0,0.0,0.0,0.0,0.0,0.0,0.0,0.0,5.021100000000001,Win32,1912x948,,IMPOSTOR
0.1006363636363636,0.0212738966267571,0.2281799999999999,0.182153714208632,1763.4818185024517,0.0,0.0,0.0,0.0,0.0,0.0,0.0,0.0,0.0,5.670599999999999,Win32,1912x948,,IMPOSTOR
0.0855636363636363,0.0219830212468735,0.137545,0.1322515046228208,2708.485685653151,0.0,0.0,0.0,0.0,0.0,0.0,0.0,0.0,0.0,3.692100000000001,Win32,950x947,,IMPOSTOR
158.9,32.94,493.21,412.71,1.97,112.0027,48.866,-0.309613,1.492929,0.939947,0.465015,0.0,108.89,13.06,29999.0,Win32,1912x948,,IMPOSTOR
0.0909454545454545,0.0106940394303949,0.1390099999999999,0.0958901710291519,2645.0827910913617,0.0,0.0,0.0,0.0,0.0,0.0,0.0,0.0,0.0,3.7805999999999993,Win32,1912x948,,IMPOSTOR
0.119,0.0266767859587865,0.200935,0.1770052464617927,1876.9825628319911,0.0,0.0,0.0,0.0,0.0,0.0,0.0,0.0,0.0,5.3277,Win32,1912x948,,IMPOSTOR
0.0869454545454545,0.0152754921739702,0.161025,0.1260861922456222,2394.120041178865,0.0,0.0,0.0,0.0,0.0,0.0,0.0,0.0,0.0,4.1769,Win32,1912x948,,IMPOSTOR
0.0961181818181818,0.0166922310825244,0.1491649999999999,0.1016591917880523,2474.879968321537,0.0,0.0,0.0,0.0,0.0,0.0,0.0,0.0,0.0,4.0406,Win32,1912x948,,IMPOSTOR
0.0854363636363636,0.0171092358220121,0.163215,0.1240766951324865,2378.630384624533,0.0,0.0,0.0,0.0,0.0,0.0,0.0,0.0,0.0,4.2041,Win32,1912x948,,IMPOSTOR
0.0,0.0,0.0,0.0,0.0,482.9262,662.393,-1.811884,10.818394,0.363575,0.496381,12.0,1154.0,2951.31,29997.0,Win32,1052x947,,IMPOSTOR
0.0,0.0,0.0,0.0,0.0,0.0,0.0,0.0,0.0,0.0,0.0,0.0,0.0,0.0,29996.0,Win32,1912x948,,IMPOSTOR
0.0,0.0,0.0,0.0,0.0,784.2251,1099.7725,-0.074354,17.677082,0.217026,0.330606,15.0,2600.0,9279.33,30001.0,Win32,1912x948,,GENUINE
0.0882545454545454,0.0149822539654184,0.127985,0.0943522298358655,2832.45999150262,0.0,0.0,0.0,0.0,0.0,0.0,0.0,0.0,0.0,3.5305000000000004,Win32,1912x948,,IMPOSTOR
87.29,28.58,449.8,484.26,2.03,0.0,0.0,0.0,0.0,0.0,0.0,0.0,0.0,0.0,29999.0,Win32,950x947,,IMPOSTOR
0.1088181818181818,0.0156504323600931,0.2923749999999999,0.2023468430072483,1419.5471644545391,0.0,0.0,0.0,0.0,0.0,0.0,0.0,0.0,0.0,7.044499999999999,Win32,1912x948,,IMPOSTOR
96.61,27.03,481.25,488.04,1.8,1078.5207,1478.3303,-2.446338,21.213989,0.16454,0.38005,6.0,0.0,3075.31,30000.0,Win32,1912x948,,IMPOSTOR
0.0,0.0,0.0,0.0,0.0,1220.0965,1381.134,-1.6066,26.919468,0.275319,0.532815,5.0,3585.56,4365.77,29998.0,Win32,1912x948,,IMPOSTOR
0.0,0.0,0.0,0.0,0.0,0.0,0.0,0.0,0.0,0.0,0.0,0.0,0.0,0.0,30003.0,Win32,1912x948,,GENUINE
0.0923818181818181,0.0171968188486242,0.179175,0.1297198360891656,2174.054829662804,0.0,0.0,0.0,0.0,0.0,0.0,0.0,0.0,0.0,4.5997,Win32,1912x948,,IMPOSTOR
92.3,22.23,348.53,367.94,2.2,887.0411,968.4058,-0.359531,16.635416,0.233552,0.375768,4.0,0.0,2357.23,29999.0,Win32,1912x948,,GENUINE
0.0,0.0,0.0,0.0,0.0,2147.2246,2426.8276,0.578841,34.886596,0.187314,0.307833,0.0,0.0,2357.72,29845.0,Win32,1912x948,,GENUINE
0.0860818181818181,0.0150434412275563,0.14929,0.1202109183893043,2542.782312406235,0.0,0.0,0.0,0.0,0.0,0.0,0.0,0.0,0.0,3.9327,Win32,950x947,,IMPOSTOR
0.0,0.0,0.0,0.0,0.0,849.3903,798.9042,-0.303214,8.79601,0.203663,0.407725,3.0,0.0,2081.28,23787.0,Win32,1912x948,,GENUINE
0.0,0.0,0.0,0.0,0.0,732.4179,1115.9029,-0.669375,17.735953,0.194343,0.332706,9.0,3759.0,7430.21,30000.0,Win32,1912x948,,IMPOSTOR
0.0880636363636363,0.0167744542101848,0.16009,0.1216526732135385,2397.7940294928662,0.0,0.0,0.0,0.0,0.0,0.0,0.0,0.0,0.0,4.1705000000000005,Win32,1912x948,,IMPOSTOR
0.1230181818181818,0.0132986546265414,0.13723,0.1146840272226258,2440.333837668993,0.0,0.0,0.0,0.0,0.0,0.0,0.0,0.0,0.0,4.097799999999999,Win32,1912x948,,IMPOSTOR
0.0,0.0,0.0,0.0,0.0,764.8372,1532.8943,-0.573582,17.76202,0.409249,0.64102,1.0,0.0,1401.77,9993.0,Win32,1912x948,,IMPOSTOR
0.0922,0.0212896902065508,0.27793,0.2389219058604715,1521.421616358325,0.0,0.0,0.0,0.0,0.0,0.0,0.0,0.0,0.0,6.5728,Win32,1912x948,,IMPOSTOR
159.07,33.6,459.64,454.75,0.83,853.9457,1247.4123,-0.743479,17.845888,0.215393,0.390691,4.0,882.78,3638.49,30005.0,Win32,1912x948,,IMPOSTOR
0.0837727272727272,0.0150432159828754,0.11247,0.0897384649969008,3153.6787662808665,0.0,0.0,0.0,0.0,0.0,0.0,0.0,0.0,0.0,3.1709,Win32,1912x948,,IMPOSTOR
0.0,0.0,0.0,0.0,0.0,897.2361,1035.7939,0.084605,18.680851,0.311334,0.415318,3.0,0.0,7013.58,30001.0,Win32,1912x948,,GENUINE
161.03,33.16,503.74,441.27,1.3,1123.258,1258.3296,-0.577235,23.046168,0.256081,0.485712,4.0,536.67,2904.19,30001.0,Win32,950x947,,IMPOSTOR
0.0,0.0,0.0,0.0,0.0,391.8614,400.8629,-0.238911,7.337155,0.297947,0.409035,29.0,1000.0,6133.62,29999.0,Win32,1912x948,,GENUINE
0.0,0.0,0.0,0.0,0.0,837.8877,1302.0401,-0.583008,17.703333,0.242597,0.459038,2.0,272.0,3254.04,19223.0,Win32,1052x947,,IMPOSTOR
90.46,32.36,302.76,352.78,1.13,789.8779,1169.3305,-0.200003,19.606566,0.248164,0.508446,4.0,0.0,1622.33,29989.0,Win32,1912x948,,GENUINE
0.0912272727272727,0.014645451723943,0.15487,0.1249756940368806,2438.489112146114,0.0,0.0,0.0,0.0,0.0,0.0,0.0,0.0,0.0,4.1009,Win32,950x947,,IMPOSTOR
87.74,31.25,390.46,412.28,2.13,785.5338,1366.8107,-1.500261,20.27083,0.209187,0.392348,7.0,0.0,2669.99,30000.0,Win32,1912x948,,IMPOSTOR
0.0857363636363636,0.0180917998867027,0.1289749999999999,0.105179769323763,2838.812240958383,0.0,0.0,0.0,0.0,0.0,0.0,0.0,0.0,0.0,3.5226,Win32,1912x948,,IMPOSTOR
0.0875181818181818,0.0238874184526201,0.2828750000000001,0.1914689814956981,1510.528382828313,0.0,0.0,0.0,0.0,0.0,0.0,0.0,0.0,0.0,6.620200000000001,Win32,950x947,,IMPOSTOR
0.0787454545454545,0.0174402545663428,0.16057,0.1385795118334597,2452.4229939179904,0.0,0.0,0.0,0.0,0.0,0.0,0.0,0.0,0.0,4.0776,Win32,1912x948,,IMPOSTOR
147.21,23.84,451.67,435.59,1.7,868.7645,1392.3883,-2.422223,20.249815,0.216298,0.387928,3.0,0.0,1453.12,30002.0,Win32,1912x948,,IMPOSTOR
125.91,31.51,482.09,474.38,0.5,950.0656,1324.2265,-4.501642,25.28148,0.320651,0.55556,3.0,0.0,1453.46,30002.0,Win32,1912x948,,IMPOSTOR
0.0,0.0,0.0,0.0,0.0,0.0,0.0,0.0,0.0,0.0,0.0,0.0,0.0,0.0,30012.0,Win32,1052x947,,IMPOSTOR
114.04,27.8,356.61,346.67,2.4,680.3618,1181.7036,-2.514005,12.961754,0.244342,0.306555,3.0,0.0,909.4,29997.0,Win32,1912x948,,IMPOSTOR
0.0893999999999999,0.0140835816725459,0.23633,0.2382755591746664,1751.3134851138354,0.0,0.0,0.0,0.0,0.0,0.0,0.0,0.0,0.0,5.71,Win32,1912x948,,IMPOSTOR
0.091390909090909,0.0147964648447129,0.1724599999999999,0.1267593996514656,2244.920866539455,0.0,0.0,0.0,0.0,0.0,0.0,0.0,0.0,0.0,4.4545,Win32,1912x948,,IMPOSTOR
0.090790909090909,0.0127258116044414,0.147345,0.1083464234527379,2534.4687753446874,0.0,0.0,0.0,0.0,0.0,0.0,0.0,0.0,0.0,3.9456000000000007,Win32,1912x948,,IMPOSTOR
0.0858636363636363,0.0145645442912994,0.1642499999999999,0.1077321702185563,2364.345667336565,0.0,0.0,0.0,0.0,0.0,0.0,0.0,0.0,0.0,4.2295,Win32,1912x948,,IMPOSTOR
0.0,0.0,0.0,0.0,0.0,832.8719,1144.8367,-0.055556,16.080925,0.27391,0.458193,2.0,6500.0,7524.69,30005.0,Win32,1912x948,,GENUINE
0.1355818181818181,0.032739517911201,0.177915,0.1742475689213482,1980.3156623165733,0.0,0.0,0.0,0.0,0.0,0.0,0.0,0.0,0.0,5.0497,Win32,1912x948,,IMPOSTOR
0.0,0.0,0.0,0.0,0.0,2239.5728,2425.6318,-3.727335,46.105766,0.254956,0.420421,1.0,0.0,3324.63,29995.0,Win32,1912x948,,GENUINE
0.0842454545454545,0.0133623190445346,0.1828599999999999,0.1611576693800205,2181.548463099108,0.0,0.0,0.0,0.0,0.0,0.0,0.0,0.0,0.0,4.5839,Win32,1052x947,,IMPOSTOR
179.99,44.72,525.52,434.26,1.77,0.0,0.0,0.0,0.0,0.0,0.0,0.0,0.0,0.0,30006.0,Win32,1912x948,,IMPOSTOR
0.0921454545454545,0.0156262811045054,0.15434,0.1242255142875247,2438.7864598575748,0.0,0.0,0.0,0.0,0.0,0.0,0.0,0.0,0.0,4.1004000000000005,Win32,950x947,,IMPOSTOR
0.0,0.0,0.0,0.0,0.0,686.1737,820.6799,1.788394,14.457995,0.271635,0.367567,2.0,0.0,1328.71,16495.0,Win32,1912x948,,GENUINE
0.0897727272727272,0.0092439750313469,0.169005,0.1245563827148171,2289.5869585126843,0.0,0.0,0.0,0.0,0.0,0.0,0.0,0.0,0.0,4.3676,Win32,1912x948,,IMPOSTOR
183.31,244.92,443.89,437.51,1.9,0.0,0.0,0.0,0.0,0.0,0.0,0.0,0.0,0.0,29993.0,Win32,1912x948,,IMPOSTOR
82.54,22.79,239.67,226.21,3.53,1044.205,1436.4764,-1.979162,22.044535,0.280833,0.393174,2.0,0.0,2073.59,30000.0,Win32,1912x948,,GENUINE
203.32,222.82,656.72,585.85,0.57,754.5078,994.2597,-1.752911,20.834996,0.259512,0.466608,6.0,373.33,2321.2,30007.0,Win32,1912x948,,IMPOSTOR
116.49,24.96,373.27,468.89,1.37,411.3811,587.4265,-1.450882,10.68368,0.415876,0.569163,5.0,0.0,1497.1,29998.0,Win32,1912x948,,IMPOSTOR
153.51,38.34,397.0,385.51,2.47,0.0,0.0,0.0,0.0,0.0,0.0,0.0,0.0,0.0,30000.0,Win32,1912x948,,IMPOSTOR
0.0,0.0,0.0,0.0,0.0,742.3769,1082.959,-0.288882,17.100745,0.247514,0.392352,7.0,6400.0,7728.05,30006.0,Win32,1912x948,,GENUINE
101.21,94.47,345.59,351.55,1.63,888.0094,1049.2625,-0.550446,19.856585,0.376714,0.710128,2.0,0.0,821.2,30002.0,Win32,1912x948,,GENUINE
0.0919454545454545,0.0161572029327965,0.283335,0.236762299099751,1497.4319042841526,0.0,0.0,0.0,0.0,0.0,0.0,0.0,0.0,0.0,6.678100000000001,Win32,1912x948,,IMPOSTOR
0.1324363636363636,0.0215021467311891,0.212845,0.1307485352690423,1750.1793933878223,0.0,0.0,0.0,0.0,0.0,0.0,0.0,0.0,0.0,5.713699999999999,Win32,1912x948,,IMPOSTOR
0.0857727272727272,0.0123674125249376,0.12844,0.1094035392480517,2847.137203541838,0.0,0.0,0.0,0.0,0.0,0.0,0.0,0.0,0.0,3.5123000000000006,Win32,1912x948,,IMPOSTOR
0.0,0.0,0.0,0.0,0.0,1273.5996,1489.8296,-0.715971,21.96152,0.212549,0.352623,12.0,382.0,13458.67,29999.0,Win32,1912x948,,IMPOSTOR
0.0869818181818181,0.0137058592766888,0.164125,0.1423243439296313,2358.880003774208,0.0,0.0,0.0,0.0,0.0,0.0,0.0,0.0,0.0,4.2393,Win32,1912x948,,IMPOSTOR
0.1063454545454545,0.0204241997122114,0.13921,0.0999498169082865,2529.0844714213454,0.0,0.0,0.0,0.0,0.0,0.0,0.0,0.0,0.0,3.954,Win32,1912x948,,IMPOSTOR
0.0,0.0,0.0,0.0,0.0,344.0166,408.2301,-0.608014,7.697908,0.372346,0.474322,16.0,1108.33,2324.63,29999.0,Win32,1912x948,,IMPOSTOR
155.22,46.61,432.17,441.53,0.83,226.4532,379.9831,-0.279808,5.755046,0.172442,0.350316,0.0,373.33,348.66,29994.0,Win32,1912x948,,IMPOSTOR
0.0,0.0,0.0,0.0,0.0,1203.8247,895.001,-2.556112,21.072789,0.109538,0.083946,0.0,1586.67,504.66,29989.0,Win32,1912x948,,IMPOSTOR
149.9,80.95,423.56,332.75,1.9,708.2688,837.0497,-0.485643,19.288559,0.273997,0.526782,3.0,0.0,1472.5,29997.0,Win32,950x947,,IMPOSTOR
0.0,0.0,0.0,0.0,0.0,361.7581,337.7898,-0.19016,5.879825,0.281022,0.385899,31.0,1100.0,5973.38,29996.0,Win32,1912x948,,GENUINE
152.26,30.59,394.67,324.46,2.1,1230.9577,1939.9013,-2.283027,32.80356,0.260642,0.584524,3.0,420.0,1224.18,29993.0,Win32,1912x948,,IMPOSTOR
0.0991727272727272,0.0172651562354561,0.3001049999999999,0.219929091925102,1409.840688002256,0.0,0.0,0.0,0.0,0.0,0.0,0.0,0.0,0.0,7.092999999999998,Win32,1912x948,,IMPOSTOR
0.0943909090909091,0.0175550280052315,0.167255,0.1363770709283639,2281.3341241958296,0.0,0.0,0.0,0.0,0.0,0.0,0.0,0.0,0.0,4.3834,Win32,1912x948,,IMPOSTOR
0.0971363636363636,0.0150522890272103,0.156395,0.1322519356191054,2382.9949480507103,0.0,0.0,0.0,0.0,0.0,0.0,0.0,0.0,0.0,4.1964,Win32,1052x947,,IMPOSTOR
0.0,0.0,0.0,0.0,0.0,1145.2801,1818.5785,-1.446969,27.320499,0.225612,0.490177,6.0,4219.0,9566.47,30001.0,Win32,1912x948,,IMPOSTOR
0.0,0.0,0.0,0.0,0.0,1001.3012,1508.2834,-0.169789,22.701977,0.23262,0.441142,8.0,4921.0,6721.05,30000.0,Win32,1912x948,,IMPOSTOR
89.17,28.58,352.43,366.87,1.07,497.6551,813.7239,-0.191607,13.350931,0.280823,0.431568,3.0,0.0,1203.82,29999.0,Win32,1912x948,,GENUINE
0.1255363636363636,0.0287129135574688,0.20022,0.1221219210461414,1856.906764711344,0.0,0.0,0.0,0.0,0.0,0.0,0.0,0.0,0.0,5.385300000000001,Win32,1912x948,,IMPOSTOR
0.0,0.0,0.0,0.0,0.0,661.4896,1287.5026,-0.538491,18.655096,0.208152,0.274528,1.0,544.0,1628.7,30001.0,Win32,1912x948,,IMPOSTOR
97.9,29.35,334.77,294.79,2.9,869.1887,1115.2075,-0.768942,19.562098,0.16956,0.262851,3.0,0.0,1293.32,30000.0,Win32,1912x948,,IMPOSTOR
0.0,0.0,0.0,0.0,0.0,0.0,0.0,0.0,0.0,0.0,0.0,0.0,0.0,0.0,29999.0,Win32,1912x948,,IMPOSTOR
162.7,41.93,400.64,393.03,1.1,495.4961,727.6718,-1.038436,10.395335,0.359366,0.455963,3.0,248.89,909.13,29993.0,Win32,1912x948,,IMPOSTOR
0.0,0.0,0.0,0.0,0.0,0.0,0.0,0.0,0.0,0.0,0.0,0.0,0.0,0.0,29996.0,Win32,950x947,,IMPOSTOR
155.07,44.97,447.06,463.34,1.07,647.5118,798.2569,-0.734111,13.676328,0.297405,0.568885,4.0,206.11,1300.04,29999.0,Win32,1912x948,,IMPOSTOR
0.0791545454545454,0.0186459044314325,0.206335,0.1711586552734041,2001.0405410813623,0.0,0.0,0.0,0.0,0.0,0.0,0.0,0.0,0.0,4.9974,Win32,1912x948,,IMPOSTOR
155.62,30.88,407.1,343.5,1.9,850.8365,1265.6737,-1.740446,15.854954,0.445186,0.705752,4.0,416.11,1445.17,29986.0,Win32,1912x948,,IMPOSTOR
0.0949,0.0112235142770556,0.18792,0.2262032970581994,2082.335547550132,0.0,0.0,0.0,0.0,0.0,0.0,0.0,0.0,0.0,4.8023,Win32,1912x948,,IMPOSTOR
0.0,0.0,0.0,0.0,0.0,629.81,1053.695,-0.237163,16.602095,0.268685,0.392351,5.0,10300.0,6713.89,30008.0,Win32,1912x948,,GENUINE
0.0,0.0,0.0,0.0,0.0,653.7453,822.2072,-0.23433,13.606803,0.367349,0.517631,0.0,300.0,6188.92,29994.0,Win32,1912x948,,GENUINE
0.0917090909090909,0.0160548749065342,0.29072,0.2372144127155852,1465.587993903154,0.0,0.0,0.0,0.0,0.0,0.0,0.0,0.0,0.0,6.8232,Win32,1912x948,,IMPOSTOR
111.41,140.8,375.83,366.56,1.7,962.7747,1586.3011,-1.738779,15.285953,0.279095,0.433719,4.0,0.0,3237.84,30006.0,Win32,1912x948,,GENUINE
0.0,0.0,0.0,0.0,0.0,1121.5591,1073.1467,0.324463,20.243578,0.192655,0.454756,2.0,0.0,1146.3,2830.0,Win32,950x947,,IMPOSTOR
0.0880636363636363,0.0161093576829952,0.148025,0.1015129148187559,2545.0473378804845,0.0,0.0,0.0,0.0,0.0,0.0,0.0,0.0,0.0,3.9292,Win32,1912x948,,IMPOSTOR
0.0,0.0,0.0,0.0,0.0,387.2844,652.1399,-1.545984,11.99927,0.424045,0.555483,10.0,1144.0,3115.56,30010.0,Win32,1912x948,,IMPOSTOR
10.01,1.68,185.05,482.49,0.53,416.9764,408.0028,-0.419452,8.890975,0.27083,0.421326,17.0,1096.67,2976.84,30011.0,Win32,1912x948,,IMPOSTOR
0.0755818181818181,0.0130616592417946,0.143345,0.1031740203491169,2703.945055836465,0.0,0.0,0.0,0.0,0.0,0.0,0.0,0.0,0.0,3.6983,Win32,1912x948,,IMPOSTOR
0.0983,0.014194236986762,0.1966699999999999,0.1258544083455164,1994.1372365246175,0.0,0.0,0.0,0.0,0.0,0.0,0.0,0.0,0.0,5.0147,Win32,1912x948,,IMPOSTOR
130.83,63.0,404.6,335.12,2.57,0.0,0.0,0.0,0.0,0.0,0.0,0.0,0.0,0.0,29999.0,Win32,1912x948,,IMPOSTOR
0.1093181818181818,0.0323751537218342,0.15387,0.1110890503155014,2336.5031893268538,0.0,0.0,0.0,0.0,0.0,0.0,0.0,0.0,0.0,4.2799,Win32,1912x948,,IMPOSTOR
0.0,0.0,0.0,0.0,0.0,413.2029,689.2405,-0.378201,8.130997,0.334519,0.529458,2.0,1200.0,1126.95,29996.0,Win32,1912x948,,GENUINE
0.0878818181818181,0.0161881448306423,0.13909,0.0970844678617542,2667.7337601707354,0.0,0.0,0.0,0.0,0.0,0.0,0.0,0.0,0.0,3.7485,Win32,1912x948,,IMPOSTOR
0.0,0.0,0.0,0.0,0.0,452.8083,487.7242,-0.284117,7.573331,0.280439,0.395109,28.0,800.0,6898.71,29997.0,Win32,1912x948,,GENUINE
0.0,0.0,0.0,0.0,0.0,392.9129,404.5746,-0.655691,8.070363,0.340985,0.483321,23.0,956.67,3338.05,30006.0,Win32,1052x947,,IMPOSTOR
0.0948818181818181,0.015495267205993,0.1580899999999999,0.1214482684108752,2377.838544762811,0.0,0.0,0.0,0.0,0.0,0.0,0.0,0.0,0.0,4.205499999999999,Win32,1912x948,,IMPOSTOR
122.97,130.15,368.08,369.38,2.43,861.8832,1104.8677,-1.239689,16.844249,0.167719,0.360237,6.0,0.0,2382.26,30000.0,Win32,1912x948,,IMPOSTOR
106.07,32.92,352.95,420.84,2.57,690.2159,831.7262,-0.836943,10.806661,0.203427,0.451724,6.0,0.0,2177.25,30000.0,Win32,1912x948,,IMPOSTOR
0.0,0.0,0.0,0.0,0.0,882.4115,1597.3665,-3.62626,21.529134,0.238316,0.413117,0.0,0.0,1563.95,30012.0,Win32,1912x948,,GENUINE
160.18,32.8,532.6,553.04,1.2,0.0,0.0,0.0,0.0,0.0,0.0,0.0,0.0,0.0,30012.0,Win32,1052x947,,IMPOSTOR
154.9,17.8,1285.1,714.9,0.07,174.498,324.3136,-0.297543,3.977385,0.225337,0.47032,1.0,65.0,1477.69,29995.0,Win32,950x947,,IMPOSTOR
0.0,0.0,0.0,0.0,0.0,0.0,0.0,0.0,0.0,0.0,0.0,0.0,0.0,0.0,29996.0,Win32,1912x948,,GENUINE
119.55,183.81,340.21,377.29,2.33,694.0562,990.1241,-0.002933,17.335258,0.24002,0.367453,5.0,0.0,1841.13,29990.0,Win32,1912x948,,GENUINE
0.0896454545454545,0.0154877290803434,0.1690699999999999,0.1287504566982191,2289.639381797367,0.0,0.0,0.0,0.0,0.0,0.0,0.0,0.0,0.0,4.3675,Win32,1912x948,,IMPOSTOR
0.0,0.0,0.0,0.0,0.0,0.0,0.0,0.0,0.0,0.0,0.0,0.0,0.0,0.0,64318.0,Win32,1912x948,,GENUINE
0.0,0.0,0.0,0.0,0.0,0.0,0.0,0.0,0.0,0.0,0.0,0.0,0.0,0.0,29997.0,Win32,1912x948,,IMPOSTOR
0.0,0.0,0.0,0.0,0.0,1276.8884,1111.2207,1.689366,19.13191,0.253983,0.575247,2.0,0.0,715.88,23780.0,Win32,1912x948,,IMPOSTOR
0.0,0.0,0.0,0.0,0.0,0.0,0.0,0.0,0.0,0.0,0.0,0.0,0.0,0.0,18630.0,Win32,1912x948,,IMPOSTOR
0.0902545454545454,0.0127426530444633,0.13523,0.1013003460013834,2704.603234705469,0.0,0.0,0.0,0.0,0.0,0.0,0.0,0.0,0.0,3.6974,Win32,1912x948,,IMPOSTOR
0.0945636363636363,0.0114364864858266,0.131305,0.0987274200766939,2727.545481820909,0.0,0.0,0.0,0.0,0.0,0.0,0.0,0.0,0.0,3.666300000000001,Win32,1912x948,,IMPOSTOR
124.27,29.37,391.84,373.95,1.93,465.5825,873.4627,-1.471705,14.655469,0.291338,0.467157,2.0,0.0,1065.82,30001.0,Win32,1912x948,,IMPOSTOR
0.0736636363636363,0.0169817159817831,0.14714,0.1098077064690816,2664.4640430577383,0.0,0.0,0.0,0.0,0.0,0.0,0.0,0.0,0.0,3.7531000000000008,Win32,1912x948,,IMPOSTOR
0.0859,0.0256924820981476,0.248275,0.1952593630917606,1691.932864103952,0.0,0.0,0.0,0.0,0.0,0.0,0.0,0.0,0.0,5.910400000000001,Win32,1052x947,,IMPOSTOR
0.0,0.0,0.0,0.0,0.0,0.0,0.0,0.0,0.0,0.0,0.0,0.0,0.0,0.0,60010.0,Win32,1912x948,,GENUINE
0.0,0.0,0.0,0.0,0.0,870.2135,1208.3592,-0.60234,18.060763,0.211745,0.440022,6.0,2807.0,5680.42,29999.0,Win32,1912x948,,IMPOSTOR
0.1138636363636363,0.0222585335107591,0.191305,0.1259542951828162,1969.046587642264,0.0,0.0,0.0,0.0,0.0,0.0,0.0,0.0,0.0,5.0786,Win32,1912x948,,IMPOSTOR
162.53,35.73,536.62,517.73,1.5,0.0,0.0,0.0,0.0,0.0,0.0,0.0,0.0,0.0,30004.0,Win32,1912x948,,IMPOSTOR
0.0,0.0,0.0,0.0,0.0,493.3968,575.6647,-0.654218,10.886726,0.34275,0.538595,22.0,1438.89,3479.8,30002.0,Win32,1912x948,,IMPOSTOR
0.0,0.0,0.0,0.0,0.0,456.8768,722.5579,-1.392606,7.49829,0.368758,0.534964,8.0,369.44,2501.16,29995.0,Win32,1912x948,,IMPOSTOR
0.0944818181818182,0.0160421500589041,0.2408099999999999,0.2257162486397468,1707.7960891469563,0.0,0.0,0.0,0.0,0.0,0.0,0.0,0.0,0.0,5.855499999999998,Win32,1912x948,,IMPOSTOR
0.0,0.0,0.0,0.0,0.0,2914.6635,2430.5431,-0.367307,52.155586,0.166412,0.119785,0.0,0.0,1010.25,29998.0,Win32,1912x948,,GENUINE
0.0,0.0,0.0,0.0,0.0,372.6659,362.4224,-0.200471,6.024553,0.28613,0.364149,26.0,300.0,5882.75,30006.0,Win32,1912x948,,GENUINE
115.52,28.0,374.25,395.09,2.23,693.5259,1023.9832,-2.531674,17.653104,0.289192,0.495489,4.0,0.0,2054.71,30000.0,Win32,1912x948,,IMPOSTOR
0.1014090909090909,0.0157628132321529,0.19517,0.1490039868594126,1992.468469186475,0.0,0.0,0.0,0.0,0.0,0.0,0.0,0.0,0.0,5.0189,Win32,1912x948,,IMPOSTOR
0.0,0.0,0.0,0.0,0.0,403.5209,449.0547,-0.389046,8.508137,0.300313,0.37551,31.0,600.0,6063.34,30008.0,Win32,1912x948,,GENUINE
0.0,0.0,0.0,0.0,0.0,391.1732,396.1593,-0.39587,7.180503,0.344059,0.48745,24.0,1252.22,3304.5,29994.0,Win32,950x947,,IMPOSTOR
137.48,28.35,625.84,617.87,0.63,1063.9269,1437.7317,-0.499808,27.469892,0.344881,0.506242,2.0,178.89,2717.11,29998.0,Win32,1912x948,,IMPOSTOR
0.0,0.0,0.0,0.0,0.0,926.7402,1266.9215,-1.605439,19.839886,0.144541,0.190565,1.0,377.0,1552.18,30000.0,Win32,1912x948,,IMPOSTOR
0.0,0.0,0.0,0.0,0.0,0.0,0.0,0.0,0.0,0.0,0.0,0.0,0.0,0.0,100.0,Win32,1912x948,,GENUINE
0.1009454545454545,0.0311748839361071,0.321025,0.3372819145388616,1327.8625396698933,0.0,0.0,0.0,0.0,0.0,0.0,0.0,0.0,0.0,7.530900000000001,Win32,1912x948,,IMPOSTOR
143.03,56.91,328.73,310.84,2.13,0.0,0.0,0.0,0.0,0.0,0.0,0.0,0.0,0.0,30007.0,Win32,1912x948,,IMPOSTOR
0.1122272727272727,0.0288024964482749,0.238925,0.1688210587426817,1663.063362714119,0.0,0.0,0.0,0.0,0.0,0.0,0.0,0.0,0.0,6.013000000000002,Win32,1912x948,,IMPOSTOR
113.54,21.1,341.66,353.48,1.93,631.3887,1013.9534,-1.960355,22.267536,0.281396,0.466196,6.0,0.0,2469.58,29995.0,Win32,1912x948,,IMPOSTOR
0.0,0.0,0.0,0.0,0.0,223.2383,309.2565,-0.130138,5.677063,0.426087,0.545104,7.0,192.0,1392.43,29997.0,Win32,950x947,,IMPOSTOR
104.16,117.39,294.85,333.11,2.93,859.2351,1408.1052,-2.922117,17.372962,0.235098,0.295627,2.0,0.0,1270.83,29996.0,Win32,1912x948,,GENUINE
145.27,11.22,1065.07,669.08,0.1,0.0,0.0,0.0,0.0,0.0,0.0,0.0,0.0,0.0,30013.0,Win32,1912x948,,IMPOSTOR
0.0,0.0,0.0,0.0,0.0,998.3073,1311.233,-1.655043,21.865295,0.275113,0.630014,17.0,1586.67,4847.5,30000.0,Win32,1912x948,,IMPOSTOR
0.0943363636363636,0.02214338697618,0.1709049999999999,0.1302746885430934,2244.2659006239064,0.0,0.0,0.0,0.0,0.0,0.0,0.0,0.0,0.0,4.455799999999999,Win32,1912x948,,IMPOSTOR
0.0,0.0,0.0,0.0,0.0,0.0,0.0,0.0,0.0,0.0,0.0,0.0,0.0,0.0,30233.0,Win32,1912x948,,GENUINE
0.0,0.0,0.0,0.0,0.0,432.027,513.0696,-0.209252,8.848393,0.300133,0.402652,31.0,700.0,7706.97,29999.0,Win32,1912x948,,GENUINE
0.0,0.0,0.0,0.0,0.0,0.0,0.0,0.0,0.0,0.0,0.0,0.0,0.0,0.0,59993.0,Win32,1912x948,,IMPOSTOR
0.1250545454545454,0.0131340891393602,0.155735,0.1311182492065845,2227.0226933612453,0.0,0.0,0.0,0.0,0.0,0.0,0.0,0.0,0.0,4.4903,Win32,950x947,,IMPOSTOR
0.0810818181818181,0.0202861716528914,0.14497,0.1177320393945505,2637.6177036900267,0.0,0.0,0.0,0.0,0.0,0.0,0.0,0.0,0.0,3.791300000000001,Win32,1912x948,,IMPOSTOR
91.66,25.03,385.38,394.95,2.2,723.1798,994.9598,-0.197679,12.912466,0.260766,0.442895,7.0,0.0,2036.37,30005.0,Win32,1912x948,,GENUINE
0.0,0.0,0.0,0.0,0.0,0.0,0.0,0.0,0.0,0.0,0.0,0.0,0.0,0.0,60008.0,Win32,1912x948,,IMPOSTOR
0.0860272727272727,0.0128624959340282,0.1353499999999999,0.0973176525610847,2737.2512522924485,0.0,0.0,0.0,0.0,0.0,0.0,0.0,0.0,0.0,3.6532999999999993,Win32,1912x948,,IMPOSTOR
0.0,0.0,0.0,0.0,0.0,404.3261,514.4273,-0.696196,8.09967,0.330481,0.5119,20.0,1127.78,3306.94,30000.0,Win32,1052x947,,IMPOSTOR
0.1104363636363636,0.0191310443913585,0.287635,0.2019707386603317,1435.2350197344813,0.0,0.0,0.0,0.0,0.0,0.0,0.0,0.0,0.0,6.9675,Win32,1912x948,,IMPOSTOR
0.0947636363636363,0.0173157454740566,0.30642,0.3471089995952279,1394.5445417526637,0.0,0.0,0.0,0.0,0.0,0.0,0.0,0.0,0.0,7.1708,Win32,950x947,,IMPOSTOR
0.0,0.0,0.0,0.0,0.0,385.8999,477.6041,-0.155963,10.25342,0.333856,0.458187,1.0,0.0,315.24,29998.0,Win32,1912x948,,GENUINE
0.0,0.0,0.0,0.0,0.0,834.0247,1042.571,-0.331438,16.89057,0.245402,0.372818,8.0,8000.0,11943.03,30000.0,Win32,1912x948,,GENUINE
99.12,74.0,408.77,451.94,1.8,0.0,0.0,0.0,0.0,0.0,0.0,0.0,0.0,0.0,29998.0,Win32,1912x948,,GENUINE
0.0,0.0,0.0,0.0,0.0,2484.0078,1880.0085,3.653373,41.170875,0.075593,0.058906,0.0,0.0,864.14,30194.0,Win32,1912x948,,GENUINE
0.0,0.0,0.0,0.0,0.0,904.7646,1286.9385,-0.500761,18.832021,0.227677,0.363321,11.0,3200.0,10291.36,30014.0,Win32,1912x948,,GENUINE
0.0,0.0,0.0,0.0,0.0,577.5998,770.4577,-0.166734,10.978367,0.217776,0.328482,3.0,1200.0,9567.65,29991.0,Win32,1912x948,,GENUINE
0.0828727272727272,0.0240398567122144,0.2389149999999999,0.1551120603789402,1757.5001318125103,0.0,0.0,0.0,0.0,0.0,0.0,0.0,0.0,0.0,5.689899999999999,Win32,1912x948,,IMPOSTOR
0.1390636363636363,0.0347478259026183,0.19978,0.1360005904398947,1809.856478381264,0.0,0.0,0.0,0.0,0.0,0.0,0.0,0.0,0.0,5.5253000000000005,Win32,1912x948,,IMPOSTOR
0.1203545454545454,0.0165425272135659,0.1606,0.1197841600546583,2204.6341409643064,0.0,0.0,0.0,0.0,0.0,0.0,0.0,0.0,0.0,4.535900000000001,Win32,1912x948,,IMPOSTOR
0.0,0.0,0.0,0.0,0.0,1003.7158,1126.7342,-1.196232,21.363997,0.270134,0.482149,12.0,980.0,6792.09,30006.0,Win32,950x947,,IMPOSTOR
117.65,5.55,1154.35,845.65,0.07,662.7424,807.9944,-0.682187,17.125321,0.25969,0.382655,1.0,0.0,979.88,30003.0,Win32,1912x948,,IMPOSTOR
0.0901,0.0122102788293678,0.1372399999999999,0.0904888026222029,2676.731175888006,0.0,0.0,0.0,0.0,0.0,0.0,0.0,0.0,0.0,3.7359,Win32,950x947,,IMPOSTOR
0.0905636363636363,0.0156100359749904,0.1679049999999999,0.1742529582962654,2296.580391796615,0.0,0.0,0.0,0.0,0.0,0.0,0.0,0.0,0.0,4.354299999999999,Win32,1912x948,,IMPOSTOR
0.0,0.0,0.0,0.0,0.0,1000.6738,1469.356,-0.896137,19.10445,0.266899,0.472647,6.0,1700.0,6576.07,30807.0,Win32,1912x948,,GENUINE
105.24,21.2,591.84,617.27,0.67,0.0,0.0,0.0,0.0,0.0,0.0,0.0,0.0,0.0,29996.0,Win32,1912x948,,IMPOSTOR
0.0924818181818181,0.0182493744939788,0.158035,0.1121772359928697,2393.489707994255,0.0,0.0,0.0,0.0,0.0,0.0,0.0,0.0,0.0,4.178000000000001,Win32,1912x948,,IMPOSTOR
0.1011636363636363,0.0152687603073174,0.145235,0.1088726746020322,2489.110143123833,0.0,0.0,0.0,0.0,0.0,0.0,0.0,0.0,0.0,4.0175,Win32,1912x948,,IMPOSTOR
239.4,0.0,0.0,0.0,0.16,667.2838,822.7289,-0.38847,14.57955,0.310075,0.50926,1.0,0.0,717.29,6216.0,Win32,1912x948,,IMPOSTOR
0.0,0.0,0.0,0.0,0.0,511.2252,548.0561,-0.76116,9.246326,0.142683,0.327876,14.0,567.78,2496.29,30010.0,Win32,1912x948,,IMPOSTOR
0.1211545454545454,0.0200859681295793,0.162895,0.1494363927395197,2178.3644839454537,0.0,0.0,0.0,0.0,0.0,0.0,0.0,0.0,0.0,4.5906,Win32,1912x948,,IMPOSTOR
0.0971454545454545,0.0192270341700223,0.2186599999999999,0.1432476889865941,1837.627255687457,0.0,0.0,0.0,0.0,0.0,0.0,0.0,0.0,0.0,5.441799999999999,Win32,1912x948,,IMPOSTOR
0.0,0.0,0.0,0.0,0.0,557.0451,589.0898,-0.122609,9.455172,0.228398,0.359569,7.0,3300.0,7264.31,30004.0,Win32,1912x948,,GENUINE
122.4,6.2,1169.9,830.1,0.07,759.9103,1199.1236,-0.281597,19.540185,0.266993,0.43919,13.0,300.0,10724.94,29997.0,Win32,1912x948,,GENUINE
0.0,0.0,0.0,0.0,0.0,1183.0243,1463.3284,0.684291,18.747518,0.224647,0.38065,2.0,0.0,11902.4,25851.0,Win32,1912x948,,GENUINE
