record_type,source,user_id,session_id,timestamp,event_type,key_code,key_char,dwell_time_ms,flight_time_ms,x,y,delta_x,delta_y,velocity,window_start,window_end,task_type,task_index,trial_index,text_length,backspace_count,correction_count,total_duration_ms,pause_duration_ms,target_id,target_size,click_duration_ms,page,device_id,typing_speed,mean_key_hold,std_key_hold,mean_flight_time,std_flight_time,backspace_rate,correction_rate,pause_mean,pause_std,mouse_speed_mean,mouse_speed_std,mouse_acceleration,click_interval_mean,scroll_speed,trajectory_length,direction_changes,target_acquisition_mean,feature_created_at,training_fv_backspace_rate,training_fv_click_interval_mean,training_fv_correction_rate,training_fv_direction_changes,training_fv_mean_flight_time,training_fv_mean_key_hold,training_fv_mouse_acceleration,training_fv_mouse_speed_mean,training_fv_mouse_speed_std,training_fv_pause_mean,training_fv_pause_std,training_fv_scroll_speed,training_fv_std_flight_time,training_fv_std_key_hold,training_fv_target_acquisition_mean,training_fv_total_duration_ms,training_fv_trajectory_length,training_fv_typing_speed,behavioral_fv_accelerationMean,behavioral_fv_accelerationStd,behavioral_fv_clickCount,behavioral_fv_curvatureMean,behavioral_fv_curvatureStd,behavioral_fv_dwellMeanMs,behavioral_fv_dwellStdMs,behavioral_fv_flightMeanMs,behavioral_fv_flightStdMs,behavioral_fv_keysPerSec,behavioral_fv_mouseTravelPx,behavioral_fv_scrollAmount,behavioral_fv_velocityMean,behavioral_fv_velocityStd,window_f_accelerationMean,window_f_accelerationStd,window_f_clickCount,window_f_curvatureMean,window_f_curvatureStd,window_f_dwellMeanMs,window_f_dwellStdMs,window_f_flightMeanMs,window_f_flightStdMs,window_f_keysPerSec,window_f_mouseTravelPx,window_f_scrollAmount,window_f_velocityMean,window_f_velocityStd
training_event,training,468f03a2-d7c9-4701-abf8-bb2c692f696b,ecbdba9b-dd2f-4c4b-a2f5-2e74b1dce2bb,2026-08-13T02:57:39.649000+00:00,mouse_move,,,,,477.8,213.6,,,,,,mouse_tracking,,,,,,,,,,,/app/training,dev_6c3945cd-a562-4179-ae9a-ec1c8c010a88,,,,,,,,,,,,,,,,,,,,,,,,,,,,,,,,,,,,,,,,,,,,,,,,,,,,,,,,,,,,,,,,,,
training_event,training,468f03a2-d7c9-4701-abf8-bb2c692f696b,ecbdba9b-dd2f-4c4b-a2f5-2e74b1dce2bb,2026-08-13T02:57:39.682000+00:00,mouse_move,,,,,480.8,212.6,,,,,,mouse_tracking,,,,,,,,,,,/app/training,dev_6c3945cd-a562-4179-ae9a-ec1c8c010a88,,,,,,,,,,,,,,,,,,,,,,,,,,,,,,,,,,,,,,,,,,,,,,,,,,,,,,,,,,,,,,,,,,
training_event,training,468f03a2-d7c9-4701-abf8-bb2c692f696b,ecbdba9b-dd2f-4c4b-a2f5-2e74b1dce2bb,2026-08-13T02:57:40.999000+00:00,mouse_move,,,,,467.8,265.6,,,,,,mouse_tracking,,,,,,,,,,,/app/training,dev_6c3945cd-a562-4179-ae9a-ec1c8c010a88,,,,,,,,,,,,,,,,,,,,,,,,,,,,,,,,,,,,,,,,,,,,,,,,,,,,,,,,,,,,,,,,,,
training_event,training,468f03a2-d7c9-4701-abf8-bb2c692f696b,ecbdba9b-dd2f-4c4b-a2f5-2e74b1dce2bb,2026-08-13T02:57:42.181000+00:00,mouse_move,,,,,400.8,321.6,,,,,,mouse_tracking,,,,,,,,,,,/app/training,dev_6c3945cd-a562-4179-ae9a-ec1c8c010a88,,,,,,,,,,,,,,,,,,,,,,,,,,,,,,,,,,,,,,,,,,,,,,,,,,,,,,,,,,,,,,,,,,
training_event,training,468f03a2-d7c9-4701-abf8-bb2c692f696b,ecbdba9b-dd2f-4c4b-a2f5-2e74b1dce2bb,2026-08-13T02:57:43.347000+00:00,mouse_move,,,,,274.8,323.6,,,,,,mouse_tracking,,,,,,,,,,,/app/training,dev_6c3945cd-a562-4179-ae9a-ec1c8c010a88,,,,,,,,,,,,,,,,,,,,,,,,,,,,,,,,,,,,,,,,,,,,,,,,,,,,,,,,,,,,,,,,,,
training_event,training,468f03a2-d7c9-4701-abf8-bb2c692f696b,ecbdba9b-dd2f-4c4b-a2f5-2e74b1dce2bb,2026-08-13T02:57:43.415000+00:00,mouse_move,,,,,259.8,319.6,,,,,,mouse_tracking,,,,,,,,,,,/app/training,dev_6c3945cd-a562-4179-ae9a-ec1c8c010a88,,,,,,,,,,,,,,,,,,,,,,,,,,,,,,,,,,,,,,,,,,,,,,,,,,,,,,,,,,,,,,,,,,
training_event,training,468f03a2-d7c9-4701-abf8-bb2c692f696b,ecbdba9b-dd2f-4c4b-a2f5-2e74b1dce2bb,2026-08-13T02:57:45.831000+00:00,mouse_move,,,,,228.8,154.6,,,,,,mouse_tracking,,,,,,,,,,,/app/training,dev_6c3945cd-a562-4179-ae9a-ec1c8c010a88,,,,,,,,,,,,,,,,,,,,,,,,,,,,,,,,,,,,,,,,,,,,,,,,,,,,,,,,,,,,,,,,,,
training_event,training,468f03a2-d7c9-4701-abf8-bb2c692f696b,ecbdba9b-dd2f-4c4b-a2f5-2e74b1dce2bb,2026-08-13T02:57:47.080000+00:00,mouse_move,,,,,357.8,91.6,,,,,,mouse_tracking,,,,,,,,,,,/app/training,dev_6c3945cd-a562-4179-ae9a-ec1c8c010a88,,,,,,,,,,,,,,,,,,,,,,,,,,,,,,,,,,,,,,,,,,,,,,,,,,,,,,,,,,,,,,,,,,
training_event,training,468f03a2-d7c9-4701-abf8-bb2c692f696b,ecbdba9b-dd2f-4c4b-a2f5-2e74b1dce2bb,2026-08-13T02:57:48.761000+00:00,mouse_move,,,,,442.8,115.6,,,,,,mouse_tracking,,,,,,,,,,,/app/training,dev_6c3945cd-a562-4179-ae9a-ec1c8c010a88,,,,,,,,,,,,,,,,,,,,,,,,,,,,,,,,,,,,,,,,,,,,,,,,,,,,,,,,,,,,,,,,,,
training_event,training,468f03a2-d7c9-4701-abf8-bb2c692f696b,ecbdba9b-dd2f-4c4b-a2f5-2e74b1dce2bb,2026-08-13T02:57:48.829000+00:00,mouse_move,,,,,448.8,119.6,,,,,,mouse_tracking,,,,,,,,,,,/app/training,dev_6c3945cd-a562-4179-ae9a-ec1c8c010a88,,,,,,,,,,,,,,,,,,,,,,,,,,,,,,,,,,,,,,,,,,,,,,,,,,,,,,,,,,,,,,,,,,
training_event,training,468f03a2-d7c9-4701-abf8-bb2c692f696b,ecbdba9b-dd2f-4c4b-a2f5-2e74b1dce2bb,2026-08-13T02:57:39.583000+00:00,mouse_move,,,,,473.8,215.6,,,,,,mouse_tracking,,,,,,,,,,,/app/training,dev_6c3945cd-a562-4179-ae9a-ec1c8c010a88,,,,,,,,,,,,,,,,,,,,,,,,,,,,,,,,,,,,,,,,,,,,,,,,,,,,,,,,,,,,,,,,,,
training_event,training,468f03a2-d7c9-4701-abf8-bb2c692f696b,ecbdba9b-dd2f-4c4b-a2f5-2e74b1dce2bb,2026-08-13T02:57:39.616000+00:00,mouse_move,,,,,475.8,213.6,,,,,,mouse_tracking,,,,,,,,,,,/app/training,dev_6c3945cd-a562-4179-ae9a-ec1c8c010a88,,,,,,,,,,,,,,,,,,,,,,,,,,,,,,,,,,,,,,,,,,,,,,,,,,,,,,,,,,,,,,,,,,
training_event,training,468f03a2-d7c9-4701-abf8-bb2c692f696b,ecbdba9b-dd2f-4c4b-a2f5-2e74b1dce2bb,2026-08-13T02:57:39.716000+00:00,mouse_move,,,,,482.8,212.6,,,,,,mouse_tracking,,,,,,,,,,,/app/training,dev_6c3945cd-a562-4179-ae9a-ec1c8c010a88,,,,,,,,,,,,,,,,,,,,,,,,,,,,,,,,,,,,,,,,,,,,,,,,,,,,,,,,,,,,,,,,,,
training_event,training,468f03a2-d7c9-4701-abf8-bb2c692f696b,ecbdba9b-dd2f-4c4b-a2f5-2e74b1dce2bb,2026-08-13T02:57:41.015000+00:00,mouse_move,,,,,466.8,267.6,,,,,,mouse_tracking,,,,,,,,,,,/app/training,dev_6c3945cd-a562-4179-ae9a-ec1c8c010a88,,,,,,,,,,,,,,,,,,,,,,,,,,,,,,,,,,,,,,,,,,,,,,,,,,,,,,,,,,,,,,,,,,
training_event,training,468f03a2-d7c9-4701-abf8-bb2c692f696b,ecbdba9b-dd2f-4c4b-a2f5-2e74b1dce2bb,2026-08-13T02:57:42.115000+00:00,mouse_move,,,,,444.8,312.6,,,,,,mouse_tracking,,,,,,,,,,,/app/training,dev_6c3945cd-a562-4179-ae9a-ec1c8c010a88,,,,,,,,,,,,,,,,,,,,,,,,,,,,,,,,,,,,,,,,,,,,,,,,,,,,,,,,,,,,,,,,,,
training_event,training,468f03a2-d7c9-4701-abf8-bb2c692f696b,ecbdba9b-dd2f-4c4b-a2f5-2e74b1dce2bb,2026-08-13T02:57:42.132000+00:00,mouse_move,,,,,432.8,315.6,,,,,,mouse_tracking,,,,,,,,,,,/app/training,dev_6c3945cd-a562-4179-ae9a-ec1c8c010a88,,,,,,,,,,,,,,,,,,,,,,,,,,,,,,,,,,,,,,,,,,,,,,,,,,,,,,,,,,,,,,,,,,
training_event,training,468f03a2-d7c9-4701-abf8-bb2c692f696b,ecbdba9b-dd2f-4c4b-a2f5-2e74b1dce2bb,2026-08-13T02:57:44.498000+00:00,mouse_move,,,,,237.8,242.6,,,,,,mouse_tracking,,,,,,,,,,,/app/training,dev_6c3945cd-a562-4179-ae9a-ec1c8c010a88,,,,,,,,,,,,,,,,,,,,,,,,,,,,,,,,,,,,,,,,,,,,,,,,,,,,,,,,,,,,,,,,,,
training_event,training,468f03a2-d7c9-4701-abf8-bb2c692f696b,ecbdba9b-dd2f-4c4b-a2f5-2e74b1dce2bb,2026-08-13T02:57:44.598000+00:00,mouse_move,,,,,228.8,181.6,,,,,,mouse_tracking,,,,,,,,,,,/app/training,dev_6c3945cd-a562-4179-ae9a-ec1c8c010a88,,,,,,,,,,,,,,,,,,,,,,,,,,,,,,,,,,,,,,,,,,,,,,,,,,,,,,,,,,,,,,,,,,
training_event,training,468f03a2-d7c9-4701-abf8-bb2c692f696b,ecbdba9b-dd2f-4c4b-a2f5-2e74b1dce2bb,2026-08-13T02:57:45.897000+00:00,mouse_move,,,,,233.8,129.6,,,,,,mouse_tracking,,,,,,,,,,,/app/training,dev_6c3945cd-a562-4179-ae9a-ec1c8c010a88,,,,,,,,,,,,,,,,,,,,,,,,,,,,,,,,,,,,,,,,,,,,,,,,,,,,,,,,,,,,,,,,,,
training_event,training,468f03a2-d7c9-4701-abf8-bb2c692f696b,ecbdba9b-dd2f-4c4b-a2f5-2e74b1dce2bb,2026-08-13T02:57:45.931000+00:00,mouse_move,,,,,236.8,124.6,,,,,,mouse_tracking,,,,,,,,,,,/app/training,dev_6c3945cd-a562-4179-ae9a-ec1c8c010a88,,,,,,,,,,,,,,,,,,,,,,,,,,,,,,,,,,,,,,,,,,,,,,,,,,,,,,,,,,,,,,,,,,
training_event,training,468f03a2-d7c9-4701-abf8-bb2c692f696b,ecbdba9b-dd2f-4c4b-a2f5-2e74b1dce2bb,2026-08-13T02:57:46.097000+00:00,mouse_move,,,,,243.8,116.6,,,,,,mouse_tracking,,,,,,,,,,,/app/training,dev_6c3945cd-a562-4179-ae9a-ec1c8c010a88,,,,,,,,,,,,,,,,,,,,,,,,,,,,,,,,,,,,,,,,,,,,,,,,,,,,,,,,,,,,,,,,,,
training_event,training,468f03a2-d7c9-4701-abf8-bb2c692f696b,ecbdba9b-dd2f-4c4b-a2f5-2e74b1dce2bb,2026-08-13T02:57:46.980000+00:00,mouse_move,,,,,245.8,115.6,,,,,,mouse_tracking,,,,,,,,,,,/app/training,dev_6c3945cd-a562-4179-ae9a-ec1c8c010a88,,,,,,,,,,,,,,,,,,,,,,,,,,,,,,,,,,,,,,,,,,,,,,,,,,,,,,,,,,,,,,,,,,
training_event,training,468f03a2-d7c9-4701-abf8-bb2c692f696b,ecbdba9b-dd2f-4c4b-a2f5-2e74b1dce2bb,2026-08-13T02:57:47.146000+00:00,mouse_move,,,,,370.8,88.6,,,,,,mouse_tracking,,,,,,,,,,,/app/training,dev_6c3945cd-a562-4179-ae9a-ec1c8c010a88,,,,,,,,,,,,,,,,,,,,,,,,,,,,,,,,,,,,,,,,,,,,,,,,,,,,,,,,,,,,,,,,,,
training_event,training,468f03a2-d7c9-4701-abf8-bb2c692f696b,ecbdba9b-dd2f-4c4b-a2f5-2e74b1dce2bb,2026-08-13T02:57:48.796000+00:00,mouse_move,,,,,446.8,117.6,,,,,,mouse_tracking,,,,,,,,,,,/app/training,dev_6c3945cd-a562-4179-ae9a-ec1c8c010a88,,,,,,,,,,,,,,,,,,,,,,,,,,,,,,,,,,,,,,,,,,,,,,,,,,,,,,,,,,,,,,,,,,
training_event,training,468f03a2-d7c9-4701-abf8-bb2c692f696b,ecbdba9b-dd2f-4c4b-a2f5-2e74b1dce2bb,2026-08-13T02:57:39.450000+00:00,mouse_move,,,,,373.8,265.6,,,,,,mouse_tracking,,,,,,,,,,,/app/training,dev_6c3945cd-a562-4179-ae9a-ec1c8c010a88,,,,,,,,,,,,,,,,,,,,,,,,,,,,,,,,,,,,,,,,,,,,,,,,,,,,,,,,,,,,,,,,,,
training_event,training,468f03a2-d7c9-4701-abf8-bb2c692f696b,ecbdba9b-dd2f-4c4b-a2f5-2e74b1dce2bb,2026-08-13T02:57:39.699000+00:00,mouse_move,,,,,481.8,212.6,,,,,,mouse_tracking,,,,,,,,,,,/app/training,dev_6c3945cd-a562-4179-ae9a-ec1c8c010a88,,,,,,,,,,,,,,,,,,,,,,,,,,,,,,,,,,,,,,,,,,,,,,,,,,,,,,,,,,,,,,,,,,
training_event,training,468f03a2-d7c9-4701-abf8-bb2c692f696b,ecbdba9b-dd2f-4c4b-a2f5-2e74b1dce2bb,2026-08-13T02:57:41.148000+00:00,mouse_move,,,,,466.8,288.6,,,,,,mouse_tracking,,,,,,,,,,,/app/training,dev_6c3945cd-a562-4179-ae9a-ec1c8c010a88,,,,,,,,,,,,,,,,,,,,,,,,,,,,,,,,,,,,,,,,,,,,,,,,,,,,,,,,,,,,,,,,,,
training_event,training,468f03a2-d7c9-4701-abf8-bb2c692f696b,ecbdba9b-dd2f-4c4b-a2f5-2e74b1dce2bb,2026-08-13T02:57:42.215000+00:00,mouse_move,,,,,392.8,323.6,,,,,,mouse_tracking,,,,,,,,,,,/app/training,dev_6c3945cd-a562-4179-ae9a-ec1c8c010a88,,,,,,,,,,,,,,,,,,,,,,,,,,,,,,,,,,,,,,,,,,,,,,,,,,,,,,,,,,,,,,,,,,
training_event,training,468f03a2-d7c9-4701-abf8-bb2c692f696b,ecbdba9b-dd2f-4c4b-a2f5-2e74b1dce2bb,2026-08-13T02:57:42.265000+00:00,mouse_move,,,,,385.8,328.6,,,,,,mouse_tracking,,,,,,,,,,,/app/training,dev_6c3945cd-a562-4179-ae9a-ec1c8c010a88,,,,,,,,,,,,,,,,,,,,,,,,,,,,,,,,,,,,,,,,,,,,,,,,,,,,,,,,,,,,,,,,,,
training_event,training,468f03a2-d7c9-4701-abf8-bb2c692f696b,ecbdba9b-dd2f-4c4b-a2f5-2e74b1dce2bb,2026-08-13T02:57:43.480000+00:00,mouse_move,,,,,253.8,319.6,,,,,,mouse_tracking,,,,,,,,,,,/app/training,dev_6c3945cd-a562-4179-ae9a-ec1c8c010a88,,,,,,,,,,,,,,,,,,,,,,,,,,,,,,,,,,,,,,,,,,,,,,,,,,,,,,,,,,,,,,,,,,
training_event,training,468f03a2-d7c9-4701-abf8-bb2c692f696b,ecbdba9b-dd2f-4c4b-a2f5-2e74b1dce2bb,2026-08-13T02:57:44.548000+00:00,mouse_move,,,,,231.8,203.6,,,,,,mouse_tracking,,,,,,,,,,,/app/training,dev_6c3945cd-a562-4179-ae9a-ec1c8c010a88,,,,,,,,,,,,,,,,,,,,,,,,,,,,,,,,,,,,,,,,,,,,,,,,,,,,,,,,,,,,,,,,,,
training_event,training,468f03a2-d7c9-4701-abf8-bb2c692f696b,ecbdba9b-dd2f-4c4b-a2f5-2e74b1dce2bb,2026-08-13T02:57:44.781000+00:00,mouse_move,,,,,228.8,187.6,,,,,,mouse_tracking,,,,,,,,,,,/app/training,dev_6c3945cd-a562-4179-ae9a-ec1c8c010a88,,,,,,,,,,,,,,,,,,,,,,,,,,,,,,,,,,,,,,,,,,,,,,,,,,,,,,,,,,,,,,,,,,
training_event,training,468f03a2-d7c9-4701-abf8-bb2c692f696b,ecbdba9b-dd2f-4c4b-a2f5-2e74b1dce2bb,2026-08-13T02:57:44.830000+00:00,mouse_move,,,,,228.8,201.6,,,,,,mouse_tracking,,,,,,,,,,,/app/training,dev_6c3945cd-a562-4179-ae9a-ec1c8c010a88,,,,,,,,,,,,,,,,,,,,,,,,,,,,,,,,,,,,,,,,,,,,,,,,,,,,,,,,,,,,,,,,,,
training_event,training,468f03a2-d7c9-4701-abf8-bb2c692f696b,ecbdba9b-dd2f-4c4b-a2f5-2e74b1dce2bb,2026-08-13T02:57:47.563000+00:00,mouse_move,,,,,369.8,80.6,,,,,,mouse_tracking,,,,,,,,,,,/app/training,dev_6c3945cd-a562-4179-ae9a-ec1c8c010a88,,,,,,,,,,,,,,,,,,,,,,,,,,,,,,,,,,,,,,,,,,,,,,,,,,,,,,,,,,,,,,,,,,
training_event,training,468f03a2-d7c9-4701-abf8-bb2c692f696b,ecbdba9b-dd2f-4c4b-a2f5-2e74b1dce2bb,2026-08-13T02:57:47.580000+00:00,mouse_move,,,,,367.8,78.6,,,,,,mouse_tracking,,,,,,,,,,,/app/training,dev_6c3945cd-a562-4179-ae9a-ec1c8c010a88,,,,,,,,,,,,,,,,,,,,,,,,,,,,,,,,,,,,,,,,,,,,,,,,,,,,,,,,,,,,,,,,,,
training_event,training,468f03a2-d7c9-4701-abf8-bb2c692f696b,ecbdba9b-dd2f-4c4b-a2f5-2e74b1dce2bb,2026-08-13T02:57:47.629000+00:00,mouse_move,,,,,364.8,77.6,,,,,,mouse_tracking,,,,,,,,,,,/app/training,dev_6c3945cd-a562-4179-ae9a-ec1c8c010a88,,,,,,,,,,,,,,,,,,,,,,,,,,,,,,,,,,,,,,,,,,,,,,,,,,,,,,,,,,,,,,,,,,
training_event,training,468f03a2-d7c9-4701-abf8-bb2c692f696b,ecbdba9b-dd2f-4c4b-a2f5-2e74b1dce2bb,2026-08-13T02:57:48.613000+00:00,mouse_move,,,,,422.8,102.6,,,,,,mouse_tracking,,,,,,,,,,,/app/training,dev_6c3945cd-a562-4179-ae9a-ec1c8c010a88,,,,,,,,,,,,,,,,,,,,,,,,,,,,,,,,,,,,,,,,,,,,,,,,,,,,,,,,,,,,,,,,,,
training_event,training,468f03a2-d7c9-4701-abf8-bb2c692f696b,ecbdba9b-dd2f-4c4b-a2f5-2e74b1dce2bb,2026-08-13T02:57:48.729000+00:00,mouse_move,,,,,436.8,112.6,,,,,,mouse_tracking,,,,,,,,,,,/app/training,dev_6c3945cd-a562-4179-ae9a-ec1c8c010a88,,,,,,,,,,,,,,,,,,,,,,,,,,,,,,,,,,,,,,,,,,,,,,,,,,,,,,,,,,,,,,,,,,
training_event,training,468f03a2-d7c9-4701-abf8-bb2c692f696b,ecbdba9b-dd2f-4c4b-a2f5-2e74b1dce2bb,2026-08-13T02:57:48.746000+00:00,mouse_move,,,,,439.8,115.6,,,,,,mouse_tracking,,,,,,,,,,,/app/training,dev_6c3945cd-a562-4179-ae9a-ec1c8c010a88,,,,,,,,,,,,,,,,,,,,,,,,,,,,,,,,,,,,,,,,,,,,,,,,,,,,,,,,,,,,,,,,,,
training_event,training,468f03a2-d7c9-4701-abf8-bb2c692f696b,ecbdba9b-dd2f-4c4b-a2f5-2e74b1dce2bb,2026-08-13T02:57:41.099000+00:00,mouse_move,,,,,466.8,277.6,,,,,,mouse_tracking,,,,,,,,,,,/app/training,dev_6c3945cd-a562-4179-ae9a-ec1c8c010a88,,,,,,,,,,,,,,,,,,,,,,,,,,,,,,,,,,,,,,,,,,,,,,,,,,,,,,,,,,,,,,,,,,
training_event,training,468f03a2-d7c9-4701-abf8-bb2c692f696b,ecbdba9b-dd2f-4c4b-a2f5-2e74b1dce2bb,2026-08-13T02:57:41.232000+00:00,mouse_move,,,,,464.8,303.6,,,,,,mouse_tracking,,,,,,,,,,,/app/training,dev_6c3945cd-a562-4179-ae9a-ec1c8c010a88,,,,,,,,,,,,,,,,,,,,,,,,,,,,,,,,,,,,,,,,,,,,,,,,,,,,,,,,,,,,,,,,,,
training_event,training,468f03a2-d7c9-4701-abf8-bb2c692f696b,ecbdba9b-dd2f-4c4b-a2f5-2e74b1dce2bb,2026-08-13T02:57:42.232000+00:00,mouse_move,,,,,389.8,324.6,,,,,,mouse_tracking,,,,,,,,,,,/app/training,dev_6c3945cd-a562-4179-ae9a-ec1c8c010a88,,,,,,,,,,,,,,,,,,,,,,,,,,,,,,,,,,,,,,,,,,,,,,,,,,,,,,,,,,,,,,,,,,
training_event,training,468f03a2-d7c9-4701-abf8-bb2c692f696b,ecbdba9b-dd2f-4c4b-a2f5-2e74b1dce2bb,2026-08-13T02:57:42.315000+00:00,mouse_move,,,,,377.8,335.6,,,,,,mouse_tracking,,,,,,,,,,,/app/training,dev_6c3945cd-a562-4179-ae9a-ec1c8c010a88,,,,,,,,,,,,,,,,,,,,,,,,,,,,,,,,,,,,,,,,,,,,,,,,,,,,,,,,,,,,,,,,,,
training_event,training,468f03a2-d7c9-4701-abf8-bb2c692f696b,ecbdba9b-dd2f-4c4b-a2f5-2e74b1dce2bb,2026-08-13T02:57:45.797000+00:00,mouse_move,,,,,228.8,183.6,,,,,,mouse_tracking,,,,,,,,,,,/app/training,dev_6c3945cd-a562-4179-ae9a-ec1c8c010a88,,,,,,,,,,,,,,,,,,,,,,,,,,,,,,,,,,,,,,,,,,,,,,,,,,,,,,,,,,,,,,,,,,
training_event,training,468f03a2-d7c9-4701-abf8-bb2c692f696b,ecbdba9b-dd2f-4c4b-a2f5-2e74b1dce2bb,2026-08-13T02:57:47.497000+00:00,mouse_move,,,,,373.8,85.6,,,,,,mouse_tracking,,,,,,,,,,,/app/training,dev_6c3945cd-a562-4179-ae9a-ec1c8c010a88,,,,,,,,,,,,,,,,,,,,,,,,,,,,,,,,,,,,,,,,,,,,,,,,,,,,,,,,,,,,,,,,,,
training_event,training,468f03a2-d7c9-4701-abf8-bb2c692f696b,ecbdba9b-dd2f-4c4b-a2f5-2e74b1dce2bb,2026-08-13T02:57:47.596000+00:00,mouse_move,,,,,365.8,77.6,,,,,,mouse_tracking,,,,,,,,,,,/app/training,dev_6c3945cd-a562-4179-ae9a-ec1c8c010a88,,,,,,,,,,,,,,,,,,,,,,,,,,,,,,,,,,,,,,,,,,,,,,,,,,,,,,,,,,,,,,,,,,
training_event,training,468f03a2-d7c9-4701-abf8-bb2c692f696b,ecbdba9b-dd2f-4c4b-a2f5-2e74b1dce2bb,2026-08-13T02:57:48.480000+00:00,mouse_move,,,,,408.8,95.6,,,,,,mouse_tracking,,,,,,,,,,,/app/training,dev_6c3945cd-a562-4179-ae9a-ec1c8c010a88,,,,,,,,,,,,,,,,,,,,,,,,,,,,,,,,,,,,,,,,,,,,,,,,,,,,,,,,,,,,,,,,,,
training_event,training,468f03a2-d7c9-4701-abf8-bb2c692f696b,ecbdba9b-dd2f-4c4b-a2f5-2e74b1dce2bb,2026-08-13T02:57:48.579000+00:00,mouse_move,,,,,420.8,101.6,,,,,,mouse_tracking,,,,,,,,,,,/app/training,dev_6c3945cd-a562-4179-ae9a-ec1c8c010a88,,,,,,,,,,,,,,,,,,,,,,,,,,,,,,,,,,,,,,,,,,,,,,,,,,,,,,,,,,,,,,,,,,
training_event,training,468f03a2-d7c9-4701-abf8-bb2c692f696b,ecbdba9b-dd2f-4c4b-a2f5-2e74b1dce2bb,2026-08-13T02:57:48.679000+00:00,mouse_move,,,,,430.8,107.6,,,,,,mouse_tracking,,,,,,,,,,,/app/training,dev_6c3945cd-a562-4179-ae9a-ec1c8c010a88,,,,,,,,,,,,,,,,,,,,,,,,,,,,,,,,,,,,,,,,,,,,,,,,,,,,,,,,,,,,,,,,,,
training_event,training,468f03a2-d7c9-4701-abf8-bb2c692f696b,ecbdba9b-dd2f-4c4b-a2f5-2e74b1dce2bb,2026-08-13T02:57:39.465000+00:00,mouse_move,,,,,385.8,255.6,,,,,,mouse_tracking,,,,,,,,,,,/app/training,dev_6c3945cd-a562-4179-ae9a-ec1c8c010a88,,,,,,,,,,,,,,,,,,,,,,,,,,,,,,,,,,,,,,,,,,,,,,,,,,,,,,,,,,,,,,,,,,
training_event,training,468f03a2-d7c9-4701-abf8-bb2c692f696b,ecbdba9b-dd2f-4c4b-a2f5-2e74b1dce2bb,2026-08-13T02:57:39.749000+00:00,mouse_move,,,,,484.8,211.6,,,,,,mouse_tracking,,,,,,,,,,,/app/training,dev_6c3945cd-a562-4179-ae9a-ec1c8c010a88,,,,,,,,,,,,,,,,,,,,,,,,,,,,,,,,,,,,,,,,,,,,,,,,,,,,,,,,,,,,,,,,,,
training_event,training,468f03a2-d7c9-4701-abf8-bb2c692f696b,ecbdba9b-dd2f-4c4b-a2f5-2e74b1dce2bb,2026-08-13T02:57:43.431000+00:00,mouse_move,,,,,256.8,319.6,,,,,,mouse_tracking,,,,,,,,,,,/app/training,dev_6c3945cd-a562-4179-ae9a-ec1c8c010a88,,,,,,,,,,,,,,,,,,,,,,,,,,,,,,,,,,,,,,,,,,,,,,,,,,,,,,,,,,,,,,,,,,
training_event,training,468f03a2-d7c9-4701-abf8-bb2c692f696b,ecbdba9b-dd2f-4c4b-a2f5-2e74b1dce2bb,2026-08-13T02:57:45.780000+00:00,mouse_move,,,,,228.8,195.6,,,,,,mouse_tracking,,,,,,,,,,,/app/training,dev_6c3945cd-a562-4179-ae9a-ec1c8c010a88,,,,,,,,,,,,,,,,,,,,,,,,,,,,,,,,,,,,,,,,,,,,,,,,,,,,,,,,,,,,,,,,,,
training_event,training,468f03a2-d7c9-4701-abf8-bb2c692f696b,ecbdba9b-dd2f-4c4b-a2f5-2e74b1dce2bb,2026-08-13T02:57:47.046000+00:00,mouse_move,,,,,334.8,94.6,,,,,,mouse_tracking,,,,,,,,,,,/app/training,dev_6c3945cd-a562-4179-ae9a-ec1c8c010a88,,,,,,,,,,,,,,,,,,,,,,,,,,,,,,,,,,,,,,,,,,,,,,,,,,,,,,,,,,,,,,,,,,
training_event,training,468f03a2-d7c9-4701-abf8-bb2c692f696b,ecbdba9b-dd2f-4c4b-a2f5-2e74b1dce2bb,2026-08-13T02:57:48.412000+00:00,mouse_move,,,,,372.8,79.6,,,,,,mouse_tracking,,,,,,,,,,,/app/training,dev_6c3945cd-a562-4179-ae9a-ec1c8c010a88,,,,,,,,,,,,,,,,,,,,,,,,,,,,,,,,,,,,,,,,,,,,,,,,,,,,,,,,,,,,,,,,,,
training_event,training,468f03a2-d7c9-4701-abf8-bb2c692f696b,ecbdba9b-dd2f-4c4b-a2f5-2e74b1dce2bb,2026-08-13T02:57:48.696000+00:00,mouse_move,,,,,432.8,110.6,,,,,,mouse_tracking,,,,,,,,,,,/app/training,dev_6c3945cd-a562-4179-ae9a-ec1c8c010a88,,,,,,,,,,,,,,,,,,,,,,,,,,,,,,,,,,,,,,,,,,,,,,,,,,,,,,,,,,,,,,,,,,
training_event,training,468f03a2-d7c9-4701-abf8-bb2c692f696b,ecbdba9b-dd2f-4c4b-a2f5-2e74b1dce2bb,2026-08-13T02:57:39.550000+00:00,mouse_move,,,,,463.8,217.6,,,,,,mouse_tracking,,,,,,,,,,,/app/training,dev_6c3945cd-a562-4179-ae9a-ec1c8c010a88,,,,,,,,,,,,,,,,,,,,,,,,,,,,,,,,,,,,,,,,,,,,,,,,,,,,,,,,,,,,,,,,,,
training_event,training,468f03a2-d7c9-4701-abf8-bb2c692f696b,ecbdba9b-dd2f-4c4b-a2f5-2e74b1dce2bb,2026-08-13T02:57:39.565000+00:00,mouse_move,,,,,471.8,215.6,,,,,,mouse_tracking,,,,,,,,,,,/app/training,dev_6c3945cd-a562-4179-ae9a-ec1c8c010a88,,,,,,,,,,,,,,,,,,,,,,,,,,,,,,,,,,,,,,,,,,,,,,,,,,,,,,,,,,,,,,,,,,
training_event,training,468f03a2-d7c9-4701-abf8-bb2c692f696b,ecbdba9b-dd2f-4c4b-a2f5-2e74b1dce2bb,2026-08-13T02:57:40.982000+00:00,mouse_move,,,,,467.8,263.6,,,,,,mouse_tracking,,,,,,,,,,,/app/training,dev_6c3945cd-a562-4179-ae9a-ec1c8c010a88,,,,,,,,,,,,,,,,,,,,,,,,,,,,,,,,,,,,,,,,,,,,,,,,,,,,,,,,,,,,,,,,,,
training_event,training,468f03a2-d7c9-4701-abf8-bb2c692f696b,ecbdba9b-dd2f-4c4b-a2f5-2e74b1dce2bb,2026-08-13T02:57:41.116000+00:00,mouse_move,,,,,466.8,282.6,,,,,,mouse_tracking,,,,,,,,,,,/app/training,dev_6c3945cd-a562-4179-ae9a-ec1c8c010a88,,,,,,,,,,,,,,,,,,,,,,,,,,,,,,,,,,,,,,,,,,,,,,,,,,,,,,,,,,,,,,,,,,
training_event,training,468f03a2-d7c9-4701-abf8-bb2c692f696b,ecbdba9b-dd2f-4c4b-a2f5-2e74b1dce2bb,2026-08-13T02:57:41.315000+00:00,mouse_move,,,,,461.8,309.6,,,,,,mouse_tracking,,,,,,,,,,,/app/training,dev_6c3945cd-a562-4179-ae9a-ec1c8c010a88,,,,,,,,,,,,,,,,,,,,,,,,,,,,,,,,,,,,,,,,,,,,,,,,,,,,,,,,,,,,,,,,,,
training_event,training,468f03a2-d7c9-4701-abf8-bb2c692f696b,ecbdba9b-dd2f-4c4b-a2f5-2e74b1dce2bb,2026-08-13T02:57:42.249000+00:00,mouse_move,,,,,387.8,327.6,,,,,,mouse_tracking,,,,,,,,,,,/app/training,dev_6c3945cd-a562-4179-ae9a-ec1c8c010a88,,,,,,,,,,,,,,,,,,,,,,,,,,,,,,,,,,,,,,,,,,,,,,,,,,,,,,,,,,,,,,,,,,
training_event,training,468f03a2-d7c9-4701-abf8-bb2c692f696b,ecbdba9b-dd2f-4c4b-a2f5-2e74b1dce2bb,2026-08-13T02:57:44.797000+00:00,mouse_move,,,,,228.8,194.6,,,,,,mouse_tracking,,,,,,,,,,,/app/training,dev_6c3945cd-a562-4179-ae9a-ec1c8c010a88,,,,,,,,,,,,,,,,,,,,,,,,,,,,,,,,,,,,,,,,,,,,,,,,,,,,,,,,,,,,,,,,,,
training_event,training,468f03a2-d7c9-4701-abf8-bb2c692f696b,ecbdba9b-dd2f-4c4b-a2f5-2e74b1dce2bb,2026-08-13T02:57:45.848000+00:00,mouse_move,,,,,230.8,145.6,,,,,,mouse_tracking,,,,,,,,,,,/app/training,dev_6c3945cd-a562-4179-ae9a-ec1c8c010a88,,,,,,,,,,,,,,,,,,,,,,,,,,,,,,,,,,,,,,,,,,,,,,,,,,,,,,,,,,,,,,,,,,
training_event,training,468f03a2-d7c9-4701-abf8-bb2c692f696b,ecbdba9b-dd2f-4c4b-a2f5-2e74b1dce2bb,2026-08-13T02:57:45.880000+00:00,mouse_move,,,,,232.8,134.6,,,,,,mouse_tracking,,,,,,,,,,,/app/training,dev_6c3945cd-a562-4179-ae9a-ec1c8c010a88,,,,,,,,,,,,,,,,,,,,,,,,,,,,,,,,,,,,,,,,,,,,,,,,,,,,,,,,,,,,,,,,,,
training_event,training,468f03a2-d7c9-4701-abf8-bb2c692f696b,ecbdba9b-dd2f-4c4b-a2f5-2e74b1dce2bb,2026-08-13T02:57:47.180000+00:00,mouse_move,,,,,372.8,88.6,,,,,,mouse_tracking,,,,,,,,,,,/app/training,dev_6c3945cd-a562-4179-ae9a-ec1c8c010a88,,,,,,,,,,,,,,,,,,,,,,,,,,,,,,,,,,,,,,,,,,,,,,,,,,,,,,,,,,,,,,,,,,
training_event,training,468f03a2-d7c9-4701-abf8-bb2c692f696b,ecbdba9b-dd2f-4c4b-a2f5-2e74b1dce2bb,2026-08-13T02:57:39.833000+00:00,mouse_move,,,,,488.8,211.6,,,,,,mouse_tracking,,,,,,,,,,,/app/training,dev_6c3945cd-a562-4179-ae9a-ec1c8c010a88,,,,,,,,,,,,,,,,,,,,,,,,,,,,,,,,,,,,,,,,,,,,,,,,,,,,,,,,,,,,,,,,,,
training_event,training,468f03a2-d7c9-4701-abf8-bb2c692f696b,ecbdba9b-dd2f-4c4b-a2f5-2e74b1dce2bb,2026-08-13T02:57:40.932000+00:00,mouse_move,,,,,470.8,251.6,,,,,,mouse_tracking,,,,,,,,,,,/app/training,dev_6c3945cd-a562-4179-ae9a-ec1c8c010a88,,,,,,,,,,,,,,,,,,,,,,,,,,,,,,,,,,,,,,,,,,,,,,,,,,,,,,,,,,,,,,,,,,
training_event,training,468f03a2-d7c9-4701-abf8-bb2c692f696b,ecbdba9b-dd2f-4c4b-a2f5-2e74b1dce2bb,2026-08-13T02:57:41.248000+00:00,mouse_move,,,,,464.8,306.6,,,,,,mouse_tracking,,,,,,,,,,,/app/training,dev_6c3945cd-a562-4179-ae9a-ec1c8c010a88,,,,,,,,,,,,,,,,,,,,,,,,,,,,,,,,,,,,,,,,,,,,,,,,,,,,,,,,,,,,,,,,,,
training_event,training,468f03a2-d7c9-4701-abf8-bb2c692f696b,ecbdba9b-dd2f-4c4b-a2f5-2e74b1dce2bb,2026-08-13T02:57:41.298000+00:00,mouse_move,,,,,463.8,308.6,,,,,,mouse_tracking,,,,,,,,,,,/app/training,dev_6c3945cd-a562-4179-ae9a-ec1c8c010a88,,,,,,,,,,,,,,,,,,,,,,,,,,,,,,,,,,,,,,,,,,,,,,,,,,,,,,,,,,,,,,,,,,
training_event,training,468f03a2-d7c9-4701-abf8-bb2c692f696b,ecbdba9b-dd2f-4c4b-a2f5-2e74b1dce2bb,2026-08-13T02:57:43.298000+00:00,mouse_move,,,,,316.8,335.6,,,,,,mouse_tracking,,,,,,,,,,,/app/training,dev_6c3945cd-a562-4179-ae9a-ec1c8c010a88,,,,,,,,,,,,,,,,,,,,,,,,,,,,,,,,,,,,,,,,,,,,,,,,,,,,,,,,,,,,,,,,,,
training_event,training,468f03a2-d7c9-4701-abf8-bb2c692f696b,ecbdba9b-dd2f-4c4b-a2f5-2e74b1dce2bb,2026-08-13T02:57:44.614000+00:00,mouse_move,,,,,228.8,180.6,,,,,,mouse_tracking,,,,,,,,,,,/app/training,dev_6c3945cd-a562-4179-ae9a-ec1c8c010a88,,,,,,,,,,,,,,,,,,,,,,,,,,,,,,,,,,,,,,,,,,,,,,,,,,,,,,,,,,,,,,,,,,
training_event,training,468f03a2-d7c9-4701-abf8-bb2c692f696b,ecbdba9b-dd2f-4c4b-a2f5-2e74b1dce2bb,2026-08-13T02:57:45.814000+00:00,mouse_move,,,,,228.8,166.6,,,,,,mouse_tracking,,,,,,,,,,,/app/training,dev_6c3945cd-a562-4179-ae9a-ec1c8c010a88,,,,,,,,,,,,,,,,,,,,,,,,,,,,,,,,,,,,,,,,,,,,,,,,,,,,,,,,,,,,,,,,,,
training_event,training,468f03a2-d7c9-4701-abf8-bb2c692f696b,ecbdba9b-dd2f-4c4b-a2f5-2e74b1dce2bb,2026-08-13T02:57:39.733000+00:00,mouse_move,,,,,483.8,212.6,,,,,,mouse_tracking,,,,,,,,,,,/app/training,dev_6c3945cd-a562-4179-ae9a-ec1c8c010a88,,,,,,,,,,,,,,,,,,,,,,,,,,,,,,,,,,,,,,,,,,,,,,,,,,,,,,,,,,,,,,,,,,
training_event,training,468f03a2-d7c9-4701-abf8-bb2c692f696b,ecbdba9b-dd2f-4c4b-a2f5-2e74b1dce2bb,2026-08-13T02:57:40.882000+00:00,mouse_move,,,,,480.8,227.6,,,,,,mouse_tracking,,,,,,,,,,,/app/training,dev_6c3945cd-a562-4179-ae9a-ec1c8c010a88,,,,,,,,,,,,,,,,,,,,,,,,,,,,,,,,,,,,,,,,,,,,,,,,,,,,,,,,,,,,,,,,,,
training_event,training,468f03a2-d7c9-4701-abf8-bb2c692f696b,ecbdba9b-dd2f-4c4b-a2f5-2e74b1dce2bb,2026-08-13T02:57:42.165000+00:00,mouse_move,,,,,410.8,319.6,,,,,,mouse_tracking,,,,,,,,,,,/app/training,dev_6c3945cd-a562-4179-ae9a-ec1c8c010a88,,,,,,,,,,,,,,,,,,,,,,,,,,,,,,,,,,,,,,,,,,,,,,,,,,,,,,,,,,,,,,,,,,
training_event,training,468f03a2-d7c9-4701-abf8-bb2c692f696b,ecbdba9b-dd2f-4c4b-a2f5-2e74b1dce2bb,2026-08-13T02:57:42.415000+00:00,mouse_move,,,,,370.8,342.6,,,,,,mouse_tracking,,,,,,,,,,,/app/training,dev_6c3945cd-a562-4179-ae9a-ec1c8c010a88,,,,,,,,,,,,,,,,,,,,,,,,,,,,,,,,,,,,,,,,,,,,,,,,,,,,,,,,,,,,,,,,,,
training_event,training,468f03a2-d7c9-4701-abf8-bb2c692f696b,ecbdba9b-dd2f-4c4b-a2f5-2e74b1dce2bb,2026-08-13T02:57:44.414000+00:00,mouse_move,,,,,252.8,316.6,,,,,,mouse_tracking,,,,,,,,,,,/app/training,dev_6c3945cd-a562-4179-ae9a-ec1c8c010a88,,,,,,,,,,,,,,,,,,,,,,,,,,,,,,,,,,,,,,,,,,,,,,,,,,,,,,,,,,,,,,,,,,
training_event,training,468f03a2-d7c9-4701-abf8-bb2c692f696b,ecbdba9b-dd2f-4c4b-a2f5-2e74b1dce2bb,2026-08-13T02:57:45.964000+00:00,mouse_move,,,,,238.8,121.6,,,,,,mouse_tracking,,,,,,,,,,,/app/training,dev_6c3945cd-a562-4179-ae9a-ec1c8c010a88,,,,,,,,,,,,,,,,,,,,,,,,,,,,,,,,,,,,,,,,,,,,,,,,,,,,,,,,,,,,,,,,,,
training_event,training,468f03a2-d7c9-4701-abf8-bb2c692f696b,ecbdba9b-dd2f-4c4b-a2f5-2e74b1dce2bb,2026-08-13T02:57:45.980000+00:00,mouse_move,,,,,240.8,119.6,,,,,,mouse_tracking,,,,,,,,,,,/app/training,dev_6c3945cd-a562-4179-ae9a-ec1c8c010a88,,,,,,,,,,,,,,,,,,,,,,,,,,,,,,,,,,,,,,,,,,,,,,,,,,,,,,,,,,,,,,,,,,
training_event,training,468f03a2-d7c9-4701-abf8-bb2c692f696b,ecbdba9b-dd2f-4c4b-a2f5-2e74b1dce2bb,2026-08-13T02:57:48.547000+00:00,mouse_move,,,,,417.8,99.6,,,,,,mouse_tracking,,,,,,,,,,,/app/training,dev_6c3945cd-a562-4179-ae9a-ec1c8c010a88,,,,,,,,,,,,,,,,,,,,,,,,,,,,,,,,,,,,,,,,,,,,,,,,,,,,,,,,,,,,,,,,,,
training_event,training,468f03a2-d7c9-4701-abf8-bb2c692f696b,ecbdba9b-dd2f-4c4b-a2f5-2e74b1dce2bb,2026-08-13T02:57:48.813000+00:00,mouse_move,,,,,447.8,118.6,,,,,,mouse_tracking,,,,,,,,,,,/app/training,dev_6c3945cd-a562-4179-ae9a-ec1c8c010a88,,,,,,,,,,,,,,,,,,,,,,,,,,,,,,,,,,,,,,,,,,,,,,,,,,,,,,,,,,,,,,,,,,
training_event,training,468f03a2-d7c9-4701-abf8-bb2c692f696b,ecbdba9b-dd2f-4c4b-a2f5-2e74b1dce2bb,2026-08-13T02:57:48.846000+00:00,mouse_move,,,,,449.8,119.6,,,,,,mouse_tracking,,,,,,,,,,,/app/training,dev_6c3945cd-a562-4179-ae9a-ec1c8c010a88,,,,,,,,,,,,,,,,,,,,,,,,,,,,,,,,,,,,,,,,,,,,,,,,,,,,,,,,,,,,,,,,,,
training_event,training,468f03a2-d7c9-4701-abf8-bb2c692f696b,ecbdba9b-dd2f-4c4b-a2f5-2e74b1dce2bb,2026-08-13T02:57:39.531000+00:00,mouse_move,,,,,453.8,222.6,,,,,,mouse_tracking,,,,,,,,,,,/app/training,dev_6c3945cd-a562-4179-ae9a-ec1c8c010a88,,,,,,,,,,,,,,,,,,,,,,,,,,,,,,,,,,,,,,,,,,,,,,,,,,,,,,,,,,,,,,,,,,
training_event,training,468f03a2-d7c9-4701-abf8-bb2c692f696b,ecbdba9b-dd2f-4c4b-a2f5-2e74b1dce2bb,2026-08-13T02:57:40.965000+00:00,mouse_move,,,,,467.8,260.6,,,,,,mouse_tracking,,,,,,,,,,,/app/training,dev_6c3945cd-a562-4179-ae9a-ec1c8c010a88,,,,,,,,,,,,,,,,,,,,,,,,,,,,,,,,,,,,,,,,,,,,,,,,,,,,,,,,,,,,,,,,,,
training_event,training,468f03a2-d7c9-4701-abf8-bb2c692f696b,ecbdba9b-dd2f-4c4b-a2f5-2e74b1dce2bb,2026-08-13T02:57:41.081000+00:00,mouse_move,,,,,466.8,275.6,,,,,,mouse_tracking,,,,,,,,,,,/app/training,dev_6c3945cd-a562-4179-ae9a-ec1c8c010a88,,,,,,,,,,,,,,,,,,,,,,,,,,,,,,,,,,,,,,,,,,,,,,,,,,,,,,,,,,,,,,,,,,
training_event,training,468f03a2-d7c9-4701-abf8-bb2c692f696b,ecbdba9b-dd2f-4c4b-a2f5-2e74b1dce2bb,2026-08-13T02:57:41.166000+00:00,mouse_move,,,,,466.8,291.6,,,,,,mouse_tracking,,,,,,,,,,,/app/training,dev_6c3945cd-a562-4179-ae9a-ec1c8c010a88,,,,,,,,,,,,,,,,,,,,,,,,,,,,,,,,,,,,,,,,,,,,,,,,,,,,,,,,,,,,,,,,,,
training_event,training,468f03a2-d7c9-4701-abf8-bb2c692f696b,ecbdba9b-dd2f-4c4b-a2f5-2e74b1dce2bb,2026-08-13T02:57:43.364000+00:00,mouse_move,,,,,268.8,322.6,,,,,,mouse_tracking,,,,,,,,,,,/app/training,dev_6c3945cd-a562-4179-ae9a-ec1c8c010a88,,,,,,,,,,,,,,,,,,,,,,,,,,,,,,,,,,,,,,,,,,,,,,,,,,,,,,,,,,,,,,,,,,
training_event,training,468f03a2-d7c9-4701-abf8-bb2c692f696b,ecbdba9b-dd2f-4c4b-a2f5-2e74b1dce2bb,2026-08-13T02:57:44.447000+00:00,mouse_move,,,,,248.8,292.6,,,,,,mouse_tracking,,,,,,,,,,,/app/training,dev_6c3945cd-a562-4179-ae9a-ec1c8c010a88,,,,,,,,,,,,,,,,,,,,,,,,,,,,,,,,,,,,,,,,,,,,,,,,,,,,,,,,,,,,,,,,,,
training_event,training,468f03a2-d7c9-4701-abf8-bb2c692f696b,ecbdba9b-dd2f-4c4b-a2f5-2e74b1dce2bb,2026-08-13T02:57:44.648000+00:00,mouse_move,,,,,228.8,179.6,,,,,,mouse_tracking,,,,,,,,,,,/app/training,dev_6c3945cd-a562-4179-ae9a-ec1c8c010a88,,,,,,,,,,,,,,,,,,,,,,,,,,,,,,,,,,,,,,,,,,,,,,,,,,,,,,,,,,,,,,,,,,
training_event,training,468f03a2-d7c9-4701-abf8-bb2c692f696b,ecbdba9b-dd2f-4c4b-a2f5-2e74b1dce2bb,2026-08-13T02:57:46.030000+00:00,mouse_move,,,,,240.8,118.6,,,,,,mouse_tracking,,,,,,,,,,,/app/training,dev_6c3945cd-a562-4179-ae9a-ec1c8c010a88,,,,,,,,,,,,,,,,,,,,,,,,,,,,,,,,,,,,,,,,,,,,,,,,,,,,,,,,,,,,,,,,,,
training_event,training,468f03a2-d7c9-4701-abf8-bb2c692f696b,ecbdba9b-dd2f-4c4b-a2f5-2e74b1dce2bb,2026-08-13T02:57:47.163000+00:00,mouse_move,,,,,371.8,88.6,,,,,,mouse_tracking,,,,,,,,,,,/app/training,dev_6c3945cd-a562-4179-ae9a-ec1c8c010a88,,,,,,,,,,,,,,,,,,,,,,,,,,,,,,,,,,,,,,,,,,,,,,,,,,,,,,,,,,,,,,,,,,
training_event,training,468f03a2-d7c9-4701-abf8-bb2c692f696b,ecbdba9b-dd2f-4c4b-a2f5-2e74b1dce2bb,2026-08-13T02:57:47.414000+00:00,mouse_move,,,,,373.8,87.6,,,,,,mouse_tracking,,,,,,,,,,,/app/training,dev_6c3945cd-a562-4179-ae9a-ec1c8c010a88,,,,,,,,,,,,,,,,,,,,,,,,,,,,,,,,,,,,,,,,,,,,,,,,,,,,,,,,,,,,,,,,,,
training_event,training,468f03a2-d7c9-4701-abf8-bb2c692f696b,ecbdba9b-dd2f-4c4b-a2f5-2e74b1dce2bb,2026-08-13T02:57:39.483000+00:00,mouse_move,,,,,404.8,245.6,,,,,,mouse_tracking,,,,,,,,,,,/app/training,dev_6c3945cd-a562-4179-ae9a-ec1c8c010a88,,,,,,,,,,,,,,,,,,,,,,,,,,,,,,,,,,,,,,,,,,,,,,,,,,,,,,,,,,,,,,,,,,
training_event,training,468f03a2-d7c9-4701-abf8-bb2c692f696b,ecbdba9b-dd2f-4c4b-a2f5-2e74b1dce2bb,2026-08-13T02:57:41.215000+00:00,mouse_move,,,,,464.8,302.6,,,,,,mouse_tracking,,,,,,,,,,,/app/training,dev_6c3945cd-a562-4179-ae9a-ec1c8c010a88,,,,,,,,,,,,,,,,,,,,,,,,,,,,,,,,,,,,,,,,,,,,,,,,,,,,,,,,,,,,,,,,,,
training_event,training,468f03a2-d7c9-4701-abf8-bb2c692f696b,ecbdba9b-dd2f-4c4b-a2f5-2e74b1dce2bb,2026-08-13T02:57:42.098000+00:00,mouse_move,,,,,454.8,309.6,,,,,,mouse_tracking,,,,,,,,,,,/app/training,dev_6c3945cd-a562-4179-ae9a-ec1c8c010a88,,,,,,,,,,,,,,,,,,,,,,,,,,,,,,,,,,,,,,,,,,,,,,,,,,,,,,,,,,,,,,,,,,
training_event,training,468f03a2-d7c9-4701-abf8-bb2c692f696b,ecbdba9b-dd2f-4c4b-a2f5-2e74b1dce2bb,2026-08-13T02:57:42.198000+00:00,mouse_move,,,,,396.8,323.6,,,,,,mouse_tracking,,,,,,,,,,,/app/training,dev_6c3945cd-a562-4179-ae9a-ec1c8c010a88,,,,,,,,,,,,,,,,,,,,,,,,,,,,,,,,,,,,,,,,,,,,,,,,,,,,,,,,,,,,,,,,,,
training_event,training,468f03a2-d7c9-4701-abf8-bb2c692f696b,ecbdba9b-dd2f-4c4b-a2f5-2e74b1dce2bb,2026-08-13T02:57:43.264000+00:00,mouse_move,,,,,346.8,342.6,,,,,,mouse_tracking,,,,,,,,,,,/app/training,dev_6c3945cd-a562-4179-ae9a-ec1c8c010a88,,,,,,,,,,,,,,,,,,,,,,,,,,,,,,,,,,,,,,,,,,,,,,,,,,,,,,,,,,,,,,,,,,
training_event,training,468f03a2-d7c9-4701-abf8-bb2c692f696b,ecbdba9b-dd2f-4c4b-a2f5-2e74b1dce2bb,2026-08-13T02:57:43.398000+00:00,mouse_move,,,,,261.8,319.6,,,,,,mouse_tracking,,,,,,,,,,,/app/training,dev_6c3945cd-a562-4179-ae9a-ec1c8c010a88,,,,,,,,,,,,,,,,,,,,,,,,,,,,,,,,,,,,,,,,,,,,,,,,,,,,,,,,,,,,,,,,,,
training_event,training,468f03a2-d7c9-4701-abf8-bb2c692f696b,ecbdba9b-dd2f-4c4b-a2f5-2e74b1dce2bb,2026-08-13T02:57:44.531000+00:00,mouse_move,,,,,232.8,215.6,,,,,,mouse_tracking,,,,,,,,,,,/app/training,dev_6c3945cd-a562-4179-ae9a-ec1c8c010a88,,,,,,,,,,,,,,,,,,,,,,,,,,,,,,,,,,,,,,,,,,,,,,,,,,,,,,,,,,,,,,,,,,
training_event,training,468f03a2-d7c9-4701-abf8-bb2c692f696b,ecbdba9b-dd2f-4c4b-a2f5-2e74b1dce2bb,2026-08-13T02:57:46.997000+00:00,mouse_move,,,,,255.8,111.6,,,,,,mouse_tracking,,,,,,,,,,,/app/training,dev_6c3945cd-a562-4179-ae9a-ec1c8c010a88,,,,,,,,,,,,,,,,,,,,,,,,,,,,,,,,,,,,,,,,,,,,,,,,,,,,,,,,,,,,,,,,,,
training_event,training,468f03a2-d7c9-4701-abf8-bb2c692f696b,ecbdba9b-dd2f-4c4b-a2f5-2e74b1dce2bb,2026-08-13T02:57:47.513000+00:00,mouse_move,,,,,373.8,83.6,,,,,,mouse_tracking,,,,,,,,,,,/app/training,dev_6c3945cd-a562-4179-ae9a-ec1c8c010a88,,,,,,,,,,,,,,,,,,,,,,,,,,,,,,,,,,,,,,,,,,,,,,,,,,,,,,,,,,,,,,,,,,
training_event,training,468f03a2-d7c9-4701-abf8-bb2c692f696b,ecbdba9b-dd2f-4c4b-a2f5-2e74b1dce2bb,2026-08-13T02:57:48.429000+00:00,mouse_move,,,,,380.8,82.6,,,,,,mouse_tracking,,,,,,,,,,,/app/training,dev_6c3945cd-a562-4179-ae9a-ec1c8c010a88,,,,,,,,,,,,,,,,,,,,,,,,,,,,,,,,,,,,,,,,,,,,,,,,,,,,,,,,,,,,,,,,,,
training_event,training,468f03a2-d7c9-4701-abf8-bb2c692f696b,ecbdba9b-dd2f-4c4b-a2f5-2e74b1dce2bb,2026-08-13T02:57:48.630000+00:00,mouse_move,,,,,423.8,102.6,,,,,,mouse_tracking,,,,,,,,,,,/app/training,dev_6c3945cd-a562-4179-ae9a-ec1c8c010a88,,,,,,,,,,,,,,,,,,,,,,,,,,,,,,,,,,,,,,,,,,,,,,,,,,,,,,,,,,,,,,,,,,
training_event,training,468f03a2-d7c9-4701-abf8-bb2c692f696b,ecbdba9b-dd2f-4c4b-a2f5-2e74b1dce2bb,2026-08-13T02:57:39.633000+00:00,mouse_move,,,,,476.8,213.6,,,,,,mouse_tracking,,,,,,,,,,,/app/training,dev_6c3945cd-a562-4179-ae9a-ec1c8c010a88,,,,,,,,,,,,,,,,,,,,,,,,,,,,,,,,,,,,,,,,,,,,,,,,,,,,,,,,,,,,,,,,,,
training_event,training,468f03a2-d7c9-4701-abf8-bb2c692f696b,ecbdba9b-dd2f-4c4b-a2f5-2e74b1dce2bb,2026-08-13T02:57:41.032000+00:00,mouse_move,,,,,466.8,269.6,,,,,,mouse_tracking,,,,,,,,,,,/app/training,dev_6c3945cd-a562-4179-ae9a-ec1c8c010a88,,,,,,,,,,,,,,,,,,,,,,,,,,,,,,,,,,,,,,,,,,,,,,,,,,,,,,,,,,,,,,,,,,
training_event,training,468f03a2-d7c9-4701-abf8-bb2c692f696b,ecbdba9b-dd2f-4c4b-a2f5-2e74b1dce2bb,2026-08-13T02:57:42.349000+00:00,mouse_move,,,,,373.8,337.6,,,,,,mouse_tracking,,,,,,,,,,,/app/training,dev_6c3945cd-a562-4179-ae9a-ec1c8c010a88,,,,,,,,,,,,,,,,,,,,,,,,,,,,,,,,,,,,,,,,,,,,,,,,,,,,,,,,,,,,,,,,,,
training_event,training,468f03a2-d7c9-4701-abf8-bb2c692f696b,ecbdba9b-dd2f-4c4b-a2f5-2e74b1dce2bb,2026-08-13T02:57:44.564000+00:00,mouse_move,,,,,229.8,191.6,,,,,,mouse_tracking,,,,,,,,,,,/app/training,dev_6c3945cd-a562-4179-ae9a-ec1c8c010a88,,,,,,,,,,,,,,,,,,,,,,,,,,,,,,,,,,,,,,,,,,,,,,,,,,,,,,,,,,,,,,,,,,
training_event,training,468f03a2-d7c9-4701-abf8-bb2c692f696b,ecbdba9b-dd2f-4c4b-a2f5-2e74b1dce2bb,2026-08-13T02:57:44.847000+00:00,mouse_move,,,,,228.8,202.6,,,,,,mouse_tracking,,,,,,,,,,,/app/training,dev_6c3945cd-a562-4179-ae9a-ec1c8c010a88,,,,,,,,,,,,,,,,,,,,,,,,,,,,,,,,,,,,,,,,,,,,,,,,,,,,,,,,,,,,,,,,,,
training_event,training,468f03a2-d7c9-4701-abf8-bb2c692f696b,ecbdba9b-dd2f-4c4b-a2f5-2e74b1dce2bb,2026-08-13T02:57:45.946000+00:00,mouse_move,,,,,238.8,122.6,,,,,,mouse_tracking,,,,,,,,,,,/app/training,dev_6c3945cd-a562-4179-ae9a-ec1c8c010a88,,,,,,,,,,,,,,,,,,,,,,,,,,,,,,,,,,,,,,,,,,,,,,,,,,,,,,,,,,,,,,,,,,
training_event,training,468f03a2-d7c9-4701-abf8-bb2c692f696b,ecbdba9b-dd2f-4c4b-a2f5-2e74b1dce2bb,2026-08-13T02:57:46.063000+00:00,mouse_move,,,,,241.8,118.6,,,,,,mouse_tracking,,,,,,,,,,,/app/training,dev_6c3945cd-a562-4179-ae9a-ec1c8c010a88,,,,,,,,,,,,,,,,,,,,,,,,,,,,,,,,,,,,,,,,,,,,,,,,,,,,,,,,,,,,,,,,,,
training_event,training,468f03a2-d7c9-4701-abf8-bb2c692f696b,ecbdba9b-dd2f-4c4b-a2f5-2e74b1dce2bb,2026-08-13T02:57:46.080000+00:00,mouse_move,,,,,241.8,116.6,,,,,,mouse_tracking,,,,,,,,,,,/app/training,dev_6c3945cd-a562-4179-ae9a-ec1c8c010a88,,,,,,,,,,,,,,,,,,,,,,,,,,,,,,,,,,,,,,,,,,,,,,,,,,,,,,,,,,,,,,,,,,
training_event,training,468f03a2-d7c9-4701-abf8-bb2c692f696b,ecbdba9b-dd2f-4c4b-a2f5-2e74b1dce2bb,2026-08-13T02:57:47.030000+00:00,mouse_move,,,,,316.8,97.6,,,,,,mouse_tracking,,,,,,,,,,,/app/training,dev_6c3945cd-a562-4179-ae9a-ec1c8c010a88,,,,,,,,,,,,,,,,,,,,,,,,,,,,,,,,,,,,,,,,,,,,,,,,,,,,,,,,,,,,,,,,,,
training_event,training,468f03a2-d7c9-4701-abf8-bb2c692f696b,ecbdba9b-dd2f-4c4b-a2f5-2e74b1dce2bb,2026-08-13T02:57:47.546000+00:00,mouse_move,,,,,372.8,81.6,,,,,,mouse_tracking,,,,,,,,,,,/app/training,dev_6c3945cd-a562-4179-ae9a-ec1c8c010a88,,,,,,,,,,,,,,,,,,,,,,,,,,,,,,,,,,,,,,,,,,,,,,,,,,,,,,,,,,,,,,,,,,
training_event,training,468f03a2-d7c9-4701-abf8-bb2c692f696b,ecbdba9b-dd2f-4c4b-a2f5-2e74b1dce2bb,2026-08-13T02:57:40.916000+00:00,mouse_move,,,,,472.8,247.6,,,,,,mouse_tracking,,,,,,,,,,,/app/training,dev_6c3945cd-a562-4179-ae9a-ec1c8c010a88,,,,,,,,,,,,,,,,,,,,,,,,,,,,,,,,,,,,,,,,,,,,,,,,,,,,,,,,,,,,,,,,,,
training_event,training,468f03a2-d7c9-4701-abf8-bb2c692f696b,ecbdba9b-dd2f-4c4b-a2f5-2e74b1dce2bb,2026-08-13T02:57:42.281000+00:00,mouse_move,,,,,381.8,331.6,,,,,,mouse_tracking,,,,,,,,,,,/app/training,dev_6c3945cd-a562-4179-ae9a-ec1c8c010a88,,,,,,,,,,,,,,,,,,,,,,,,,,,,,,,,,,,,,,,,,,,,,,,,,,,,,,,,,,,,,,,,,,
training_event,training,468f03a2-d7c9-4701-abf8-bb2c692f696b,ecbdba9b-dd2f-4c4b-a2f5-2e74b1dce2bb,2026-08-13T02:57:42.331000+00:00,mouse_move,,,,,375.8,337.6,,,,,,mouse_tracking,,,,,,,,,,,/app/training,dev_6c3945cd-a562-4179-ae9a-ec1c8c010a88,,,,,,,,,,,,,,,,,,,,,,,,,,,,,,,,,,,,,,,,,,,,,,,,,,,,,,,,,,,,,,,,,,
training_event,training,468f03a2-d7c9-4701-abf8-bb2c692f696b,ecbdba9b-dd2f-4c4b-a2f5-2e74b1dce2bb,2026-08-13T02:57:43.315000+00:00,mouse_move,,,,,301.8,332.6,,,,,,mouse_tracking,,,,,,,,,,,/app/training,dev_6c3945cd-a562-4179-ae9a-ec1c8c010a88,,,,,,,,,,,,,,,,,,,,,,,,,,,,,,,,,,,,,,,,,,,,,,,,,,,,,,,,,,,,,,,,,,
training_event,training,468f03a2-d7c9-4701-abf8-bb2c692f696b,ecbdba9b-dd2f-4c4b-a2f5-2e74b1dce2bb,2026-08-13T02:57:43.331000+00:00,mouse_move,,,,,283.8,328.6,,,,,,mouse_tracking,,,,,,,,,,,/app/training,dev_6c3945cd-a562-4179-ae9a-ec1c8c010a88,,,,,,,,,,,,,,,,,,,,,,,,,,,,,,,,,,,,,,,,,,,,,,,,,,,,,,,,,,,,,,,,,,
training_event,training,468f03a2-d7c9-4701-abf8-bb2c692f696b,ecbdba9b-dd2f-4c4b-a2f5-2e74b1dce2bb,2026-08-13T02:57:44.431000+00:00,mouse_move,,,,,252.8,307.6,,,,,,mouse_tracking,,,,,,,,,,,/app/training,dev_6c3945cd-a562-4179-ae9a-ec1c8c010a88,,,,,,,,,,,,,,,,,,,,,,,,,,,,,,,,,,,,,,,,,,,,,,,,,,,,,,,,,,,,,,,,,,
training_event,training,468f03a2-d7c9-4701-abf8-bb2c692f696b,ecbdba9b-dd2f-4c4b-a2f5-2e74b1dce2bb,2026-08-13T02:57:44.481000+00:00,mouse_move,,,,,244.8,263.6,,,,,,mouse_tracking,,,,,,,,,,,/app/training,dev_6c3945cd-a562-4179-ae9a-ec1c8c010a88,,,,,,,,,,,,,,,,,,,,,,,,,,,,,,,,,,,,,,,,,,,,,,,,,,,,,,,,,,,,,,,,,,
training_event,training,468f03a2-d7c9-4701-abf8-bb2c692f696b,ecbdba9b-dd2f-4c4b-a2f5-2e74b1dce2bb,2026-08-13T02:57:45.763000+00:00,mouse_move,,,,,228.8,201.6,,,,,,mouse_tracking,,,,,,,,,,,/app/training,dev_6c3945cd-a562-4179-ae9a-ec1c8c010a88,,,,,,,,,,,,,,,,,,,,,,,,,,,,,,,,,,,,,,,,,,,,,,,,,,,,,,,,,,,,,,,,,,
training_event,training,468f03a2-d7c9-4701-abf8-bb2c692f696b,ecbdba9b-dd2f-4c4b-a2f5-2e74b1dce2bb,2026-08-13T02:57:47.646000+00:00,mouse_move,,,,,364.8,75.6,,,,,,mouse_tracking,,,,,,,,,,,/app/training,dev_6c3945cd-a562-4179-ae9a-ec1c8c010a88,,,,,,,,,,,,,,,,,,,,,,,,,,,,,,,,,,,,,,,,,,,,,,,,,,,,,,,,,,,,,,,,,,
training_event,training,468f03a2-d7c9-4701-abf8-bb2c692f696b,ecbdba9b-dd2f-4c4b-a2f5-2e74b1dce2bb,2026-08-13T02:57:48.463000+00:00,mouse_move,,,,,401.8,92.6,,,,,,mouse_tracking,,,,,,,,,,,/app/training,dev_6c3945cd-a562-4179-ae9a-ec1c8c010a88,,,,,,,,,,,,,,,,,,,,,,,,,,,,,,,,,,,,,,,,,,,,,,,,,,,,,,,,,,,,,,,,,,
training_event,training,468f03a2-d7c9-4701-abf8-bb2c692f696b,ecbdba9b-dd2f-4c4b-a2f5-2e74b1dce2bb,2026-08-13T02:57:48.646000+00:00,mouse_move,,,,,425.8,104.6,,,,,,mouse_tracking,,,,,,,,,,,/app/training,dev_6c3945cd-a562-4179-ae9a-ec1c8c010a88,,,,,,,,,,,,,,,,,,,,,,,,,,,,,,,,,,,,,,,,,,,,,,,,,,,,,,,,,,,,,,,,,,
training_event,training,468f03a2-d7c9-4701-abf8-bb2c692f696b,ecbdba9b-dd2f-4c4b-a2f5-2e74b1dce2bb,2026-08-13T02:57:48.662000+00:00,mouse_move,,,,,428.8,107.6,,,,,,mouse_tracking,,,,,,,,,,,/app/training,dev_6c3945cd-a562-4179-ae9a-ec1c8c010a88,,,,,,,,,,,,,,,,,,,,,,,,,,,,,,,,,,,,,,,,,,,,,,,,,,,,,,,,,,,,,,,,,,
training_event,training,468f03a2-d7c9-4701-abf8-bb2c692f696b,ecbdba9b-dd2f-4c4b-a2f5-2e74b1dce2bb,2026-08-13T02:57:39.665000+00:00,mouse_move,,,,,479.8,213.6,,,,,,mouse_tracking,,,,,,,,,,,/app/training,dev_6c3945cd-a562-4179-ae9a-ec1c8c010a88,,,,,,,,,,,,,,,,,,,,,,,,,,,,,,,,,,,,,,,,,,,,,,,,,,,,,,,,,,,,,,,,,,
training_event,training,468f03a2-d7c9-4701-abf8-bb2c692f696b,ecbdba9b-dd2f-4c4b-a2f5-2e74b1dce2bb,2026-08-13T02:57:41.132000+00:00,mouse_move,,,,,466.8,284.6,,,,,,mouse_tracking,,,,,,,,,,,/app/training,dev_6c3945cd-a562-4179-ae9a-ec1c8c010a88,,,,,,,,,,,,,,,,,,,,,,,,,,,,,,,,,,,,,,,,,,,,,,,,,,,,,,,,,,,,,,,,,,
training_event,training,468f03a2-d7c9-4701-abf8-bb2c692f696b,ecbdba9b-dd2f-4c4b-a2f5-2e74b1dce2bb,2026-08-13T02:57:41.182000+00:00,mouse_move,,,,,466.8,295.6,,,,,,mouse_tracking,,,,,,,,,,,/app/training,dev_6c3945cd-a562-4179-ae9a-ec1c8c010a88,,,,,,,,,,,,,,,,,,,,,,,,,,,,,,,,,,,,,,,,,,,,,,,,,,,,,,,,,,,,,,,,,,
training_event,training,468f03a2-d7c9-4701-abf8-bb2c692f696b,ecbdba9b-dd2f-4c4b-a2f5-2e74b1dce2bb,2026-08-13T02:57:41.199000+00:00,mouse_move,,,,,464.8,299.6,,,,,,mouse_tracking,,,,,,,,,,,/app/training,dev_6c3945cd-a562-4179-ae9a-ec1c8c010a88,,,,,,,,,,,,,,,,,,,,,,,,,,,,,,,,,,,,,,,,,,,,,,,,,,,,,,,,,,,,,,,,,,
training_event,training,468f03a2-d7c9-4701-abf8-bb2c692f696b,ecbdba9b-dd2f-4c4b-a2f5-2e74b1dce2bb,2026-08-13T02:57:43.380000+00:00,mouse_move,,,,,264.8,320.6,,,,,,mouse_tracking,,,,,,,,,,,/app/training,dev_6c3945cd-a562-4179-ae9a-ec1c8c010a88,,,,,,,,,,,,,,,,,,,,,,,,,,,,,,,,,,,,,,,,,,,,,,,,,,,,,,,,,,,,,,,,,,
training_event,training,468f03a2-d7c9-4701-abf8-bb2c692f696b,ecbdba9b-dd2f-4c4b-a2f5-2e74b1dce2bb,2026-08-13T02:57:44.464000+00:00,mouse_move,,,,,245.8,278.6,,,,,,mouse_tracking,,,,,,,,,,,/app/training,dev_6c3945cd-a562-4179-ae9a-ec1c8c010a88,,,,,,,,,,,,,,,,,,,,,,,,,,,,,,,,,,,,,,,,,,,,,,,,,,,,,,,,,,,,,,,,,,
training_event,training,468f03a2-d7c9-4701-abf8-bb2c692f696b,ecbdba9b-dd2f-4c4b-a2f5-2e74b1dce2bb,2026-08-13T02:57:44.514000+00:00,mouse_move,,,,,236.8,230.6,,,,,,mouse_tracking,,,,,,,,,,,/app/training,dev_6c3945cd-a562-4179-ae9a-ec1c8c010a88,,,,,,,,,,,,,,,,,,,,,,,,,,,,,,,,,,,,,,,,,,,,,,,,,,,,,,,,,,,,,,,,,,
training_event,training,468f03a2-d7c9-4701-abf8-bb2c692f696b,ecbdba9b-dd2f-4c4b-a2f5-2e74b1dce2bb,2026-08-13T02:57:45.914000+00:00,mouse_move,,,,,236.8,127.6,,,,,,mouse_tracking,,,,,,,,,,,/app/training,dev_6c3945cd-a562-4179-ae9a-ec1c8c010a88,,,,,,,,,,,,,,,,,,,,,,,,,,,,,,,,,,,,,,,,,,,,,,,,,,,,,,,,,,,,,,,,,,
training_event,training,468f03a2-d7c9-4701-abf8-bb2c692f696b,ecbdba9b-dd2f-4c4b-a2f5-2e74b1dce2bb,2026-08-13T02:57:47.446000+00:00,mouse_move,,,,,373.8,86.6,,,,,,mouse_tracking,,,,,,,,,,,/app/training,dev_6c3945cd-a562-4179-ae9a-ec1c8c010a88,,,,,,,,,,,,,,,,,,,,,,,,,,,,,,,,,,,,,,,,,,,,,,,,,,,,,,,,,,,,,,,,,,
training_event,training,468f03a2-d7c9-4701-abf8-bb2c692f696b,ecbdba9b-dd2f-4c4b-a2f5-2e74b1dce2bb,2026-08-13T02:57:48.396000+00:00,mouse_move,,,,,365.8,76.6,,,,,,mouse_tracking,,,,,,,,,,,/app/training,dev_6c3945cd-a562-4179-ae9a-ec1c8c010a88,,,,,,,,,,,,,,,,,,,,,,,,,,,,,,,,,,,,,,,,,,,,,,,,,,,,,,,,,,,,,,,,,,
training_event,training,468f03a2-d7c9-4701-abf8-bb2c692f696b,ecbdba9b-dd2f-4c4b-a2f5-2e74b1dce2bb,2026-08-13T02:57:39.782000+00:00,mouse_move,,,,,485.8,211.6,,,,,,mouse_tracking,,,,,,,,,,,/app/training,dev_6c3945cd-a562-4179-ae9a-ec1c8c010a88,,,,,,,,,,,,,,,,,,,,,,,,,,,,,,,,,,,,,,,,,,,,,,,,,,,,,,,,,,,,,,,,,,
training_event,training,468f03a2-d7c9-4701-abf8-bb2c692f696b,ecbdba9b-dd2f-4c4b-a2f5-2e74b1dce2bb,2026-08-13T02:57:39.799000+00:00,mouse_move,,,,,487.8,211.6,,,,,,mouse_tracking,,,,,,,,,,,/app/training,dev_6c3945cd-a562-4179-ae9a-ec1c8c010a88,,,,,,,,,,,,,,,,,,,,,,,,,,,,,,,,,,,,,,,,,,,,,,,,,,,,,,,,,,,,,,,,,,
training_event,training,468f03a2-d7c9-4701-abf8-bb2c692f696b,ecbdba9b-dd2f-4c4b-a2f5-2e74b1dce2bb,2026-08-13T02:57:41.065000+00:00,mouse_move,,,,,466.8,272.6,,,,,,mouse_tracking,,,,,,,,,,,/app/training,dev_6c3945cd-a562-4179-ae9a-ec1c8c010a88,,,,,,,,,,,,,,,,,,,,,,,,,,,,,,,,,,,,,,,,,,,,,,,,,,,,,,,,,,,,,,,,,,
training_event,training,468f03a2-d7c9-4701-abf8-bb2c692f696b,ecbdba9b-dd2f-4c4b-a2f5-2e74b1dce2bb,2026-08-13T02:57:41.265000+00:00,mouse_move,,,,,463.8,307.6,,,,,,mouse_tracking,,,,,,,,,,,/app/training,dev_6c3945cd-a562-4179-ae9a-ec1c8c010a88,,,,,,,,,,,,,,,,,,,,,,,,,,,,,,,,,,,,,,,,,,,,,,,,,,,,,,,,,,,,,,,,,,
training_event,training,468f03a2-d7c9-4701-abf8-bb2c692f696b,ecbdba9b-dd2f-4c4b-a2f5-2e74b1dce2bb,2026-08-13T02:57:42.147000+00:00,mouse_move,,,,,420.8,316.6,,,,,,mouse_tracking,,,,,,,,,,,/app/training,dev_6c3945cd-a562-4179-ae9a-ec1c8c010a88,,,,,,,,,,,,,,,,,,,,,,,,,,,,,,,,,,,,,,,,,,,,,,,,,,,,,,,,,,,,,,,,,,
training_event,training,468f03a2-d7c9-4701-abf8-bb2c692f696b,ecbdba9b-dd2f-4c4b-a2f5-2e74b1dce2bb,2026-08-13T02:57:42.365000+00:00,mouse_move,,,,,372.8,339.6,,,,,,mouse_tracking,,,,,,,,,,,/app/training,dev_6c3945cd-a562-4179-ae9a-ec1c8c010a88,,,,,,,,,,,,,,,,,,,,,,,,,,,,,,,,,,,,,,,,,,,,,,,,,,,,,,,,,,,,,,,,,,
training_event,training,468f03a2-d7c9-4701-abf8-bb2c692f696b,ecbdba9b-dd2f-4c4b-a2f5-2e74b1dce2bb,2026-08-13T02:57:43.281000+00:00,mouse_move,,,,,332.8,339.6,,,,,,mouse_tracking,,,,,,,,,,,/app/training,dev_6c3945cd-a562-4179-ae9a-ec1c8c010a88,,,,,,,,,,,,,,,,,,,,,,,,,,,,,,,,,,,,,,,,,,,,,,,,,,,,,,,,,,,,,,,,,,
training_event,training,468f03a2-d7c9-4701-abf8-bb2c692f696b,ecbdba9b-dd2f-4c4b-a2f5-2e74b1dce2bb,2026-08-13T02:57:43.464000+00:00,mouse_move,,,,,254.8,319.6,,,,,,mouse_tracking,,,,,,,,,,,/app/training,dev_6c3945cd-a562-4179-ae9a-ec1c8c010a88,,,,,,,,,,,,,,,,,,,,,,,,,,,,,,,,,,,,,,,,,,,,,,,,,,,,,,,,,,,,,,,,,,
training_event,training,468f03a2-d7c9-4701-abf8-bb2c692f696b,ecbdba9b-dd2f-4c4b-a2f5-2e74b1dce2bb,2026-08-13T02:57:44.814000+00:00,mouse_move,,,,,228.8,198.6,,,,,,mouse_tracking,,,,,,,,,,,/app/training,dev_6c3945cd-a562-4179-ae9a-ec1c8c010a88,,,,,,,,,,,,,,,,,,,,,,,,,,,,,,,,,,,,,,,,,,,,,,,,,,,,,,,,,,,,,,,,,,
training_event,training,468f03a2-d7c9-4701-abf8-bb2c692f696b,ecbdba9b-dd2f-4c4b-a2f5-2e74b1dce2bb,2026-08-13T02:57:44.897000+00:00,mouse_move,,,,,228.8,204.6,,,,,,mouse_tracking,,,,,,,,,,,/app/training,dev_6c3945cd-a562-4179-ae9a-ec1c8c010a88,,,,,,,,,,,,,,,,,,,,,,,,,,,,,,,,,,,,,,,,,,,,,,,,,,,,,,,,,,,,,,,,,,
training_event,training,468f03a2-d7c9-4701-abf8-bb2c692f696b,ecbdba9b-dd2f-4c4b-a2f5-2e74b1dce2bb,2026-08-13T02:57:46.146000+00:00,mouse_move,,,,,244.8,115.6,,,,,,mouse_tracking,,,,,,,,,,,/app/training,dev_6c3945cd-a562-4179-ae9a-ec1c8c010a88,,,,,,,,,,,,,,,,,,,,,,,,,,,,,,,,,,,,,,,,,,,,,,,,,,,,,,,,,,,,,,,,,,
training_event,training,468f03a2-d7c9-4701-abf8-bb2c692f696b,ecbdba9b-dd2f-4c4b-a2f5-2e74b1dce2bb,2026-08-13T02:57:47.013000+00:00,mouse_move,,,,,278.8,105.6,,,,,,mouse_tracking,,,,,,,,,,,/app/training,dev_6c3945cd-a562-4179-ae9a-ec1c8c010a88,,,,,,,,,,,,,,,,,,,,,,,,,,,,,,,,,,,,,,,,,,,,,,,,,,,,,,,,,,,,,,,,,,
training_event,training,468f03a2-d7c9-4701-abf8-bb2c692f696b,ecbdba9b-dd2f-4c4b-a2f5-2e74b1dce2bb,2026-08-13T02:57:47.113000+00:00,mouse_move,,,,,368.8,89.6,,,,,,mouse_tracking,,,,,,,,,,,/app/training,dev_6c3945cd-a562-4179-ae9a-ec1c8c010a88,,,,,,,,,,,,,,,,,,,,,,,,,,,,,,,,,,,,,,,,,,,,,,,,,,,,,,,,,,,,,,,,,,
training_event,training,468f03a2-d7c9-4701-abf8-bb2c692f696b,ecbdba9b-dd2f-4c4b-a2f5-2e74b1dce2bb,2026-08-13T02:57:48.563000+00:00,mouse_move,,,,,418.8,101.6,,,,,,mouse_tracking,,,,,,,,,,,/app/training,dev_6c3945cd-a562-4179-ae9a-ec1c8c010a88,,,,,,,,,,,,,,,,,,,,,,,,,,,,,,,,,,,,,,,,,,,,,,,,,,,,,,,,,,,,,,,,,,
training_event,training,468f03a2-d7c9-4701-abf8-bb2c692f696b,ecbdba9b-dd2f-4c4b-a2f5-2e74b1dce2bb,2026-08-13T02:57:48.713000+00:00,mouse_move,,,,,434.8,111.6,,,,,,mouse_tracking,,,,,,,,,,,/app/training,dev_6c3945cd-a562-4179-ae9a-ec1c8c010a88,,,,,,,,,,,,,,,,,,,,,,,,,,,,,,,,,,,,,,,,,,,,,,,,,,,,,,,,,,,,,,,,,,
training_event,training,468f03a2-d7c9-4701-abf8-bb2c692f696b,ecbdba9b-dd2f-4c4b-a2f5-2e74b1dce2bb,2026-08-13T02:57:39.499000+00:00,mouse_move,,,,,424.8,233.6,,,,,,mouse_tracking,,,,,,,,,,,/app/training,dev_6c3945cd-a562-4179-ae9a-ec1c8c010a88,,,,,,,,,,,,,,,,,,,,,,,,,,,,,,,,,,,,,,,,,,,,,,,,,,,,,,,,,,,,,,,,,,
training_event,training,468f03a2-d7c9-4701-abf8-bb2c692f696b,ecbdba9b-dd2f-4c4b-a2f5-2e74b1dce2bb,2026-08-13T02:57:39.516000+00:00,mouse_move,,,,,443.8,227.6,,,,,,mouse_tracking,,,,,,,,,,,/app/training,dev_6c3945cd-a562-4179-ae9a-ec1c8c010a88,,,,,,,,,,,,,,,,,,,,,,,,,,,,,,,,,,,,,,,,,,,,,,,,,,,,,,,,,,,,,,,,,,
training_event,training,468f03a2-d7c9-4701-abf8-bb2c692f696b,ecbdba9b-dd2f-4c4b-a2f5-2e74b1dce2bb,2026-08-13T02:57:39.599000+00:00,mouse_move,,,,,474.8,213.6,,,,,,mouse_tracking,,,,,,,,,,,/app/training,dev_6c3945cd-a562-4179-ae9a-ec1c8c010a88,,,,,,,,,,,,,,,,,,,,,,,,,,,,,,,,,,,,,,,,,,,,,,,,,,,,,,,,,,,,,,,,,,
training_event,training,468f03a2-d7c9-4701-abf8-bb2c692f696b,ecbdba9b-dd2f-4c4b-a2f5-2e74b1dce2bb,2026-08-13T02:57:40.848000+00:00,mouse_move,,,,,486.8,215.6,,,,,,mouse_tracking,,,,,,,,,,,/app/training,dev_6c3945cd-a562-4179-ae9a-ec1c8c010a88,,,,,,,,,,,,,,,,,,,,,,,,,,,,,,,,,,,,,,,,,,,,,,,,,,,,,,,,,,,,,,,,,,
training_event,training,468f03a2-d7c9-4701-abf8-bb2c692f696b,ecbdba9b-dd2f-4c4b-a2f5-2e74b1dce2bb,2026-08-13T02:57:40.865000+00:00,mouse_move,,,,,484.8,220.6,,,,,,mouse_tracking,,,,,,,,,,,/app/training,dev_6c3945cd-a562-4179-ae9a-ec1c8c010a88,,,,,,,,,,,,,,,,,,,,,,,,,,,,,,,,,,,,,,,,,,,,,,,,,,,,,,,,,,,,,,,,,,
training_event,training,468f03a2-d7c9-4701-abf8-bb2c692f696b,ecbdba9b-dd2f-4c4b-a2f5-2e74b1dce2bb,2026-08-13T02:57:40.899000+00:00,mouse_move,,,,,476.8,236.6,,,,,,mouse_tracking,,,,,,,,,,,/app/training,dev_6c3945cd-a562-4179-ae9a-ec1c8c010a88,,,,,,,,,,,,,,,,,,,,,,,,,,,,,,,,,,,,,,,,,,,,,,,,,,,,,,,,,,,,,,,,,,
training_event,training,468f03a2-d7c9-4701-abf8-bb2c692f696b,ecbdba9b-dd2f-4c4b-a2f5-2e74b1dce2bb,2026-08-13T02:57:40.948000+00:00,mouse_move,,,,,468.8,256.6,,,,,,mouse_tracking,,,,,,,,,,,/app/training,dev_6c3945cd-a562-4179-ae9a-ec1c8c010a88,,,,,,,,,,,,,,,,,,,,,,,,,,,,,,,,,,,,,,,,,,,,,,,,,,,,,,,,,,,,,,,,,,
training_event,training,468f03a2-d7c9-4701-abf8-bb2c692f696b,ecbdba9b-dd2f-4c4b-a2f5-2e74b1dce2bb,2026-08-13T02:57:41.048000+00:00,mouse_move,,,,,466.8,271.6,,,,,,mouse_tracking,,,,,,,,,,,/app/training,dev_6c3945cd-a562-4179-ae9a-ec1c8c010a88,,,,,,,,,,,,,,,,,,,,,,,,,,,,,,,,,,,,,,,,,,,,,,,,,,,,,,,,,,,,,,,,,,
training_event,training,468f03a2-d7c9-4701-abf8-bb2c692f696b,ecbdba9b-dd2f-4c4b-a2f5-2e74b1dce2bb,2026-08-13T02:57:42.298000+00:00,mouse_move,,,,,379.8,332.6,,,,,,mouse_tracking,,,,,,,,,,,/app/training,dev_6c3945cd-a562-4179-ae9a-ec1c8c010a88,,,,,,,,,,,,,,,,,,,,,,,,,,,,,,,,,,,,,,,,,,,,,,,,,,,,,,,,,,,,,,,,,,
training_event,training,468f03a2-d7c9-4701-abf8-bb2c692f696b,ecbdba9b-dd2f-4c4b-a2f5-2e74b1dce2bb,2026-08-13T02:57:44.581000+00:00,mouse_move,,,,,228.8,183.6,,,,,,mouse_tracking,,,,,,,,,,,/app/training,dev_6c3945cd-a562-4179-ae9a-ec1c8c010a88,,,,,,,,,,,,,,,,,,,,,,,,,,,,,,,,,,,,,,,,,,,,,,,,,,,,,,,,,,,,,,,,,,
training_event,training,468f03a2-d7c9-4701-abf8-bb2c692f696b,ecbdba9b-dd2f-4c4b-a2f5-2e74b1dce2bb,2026-08-13T02:57:46.130000+00:00,mouse_move,,,,,243.8,115.6,,,,,,mouse_tracking,,,,,,,,,,,/app/training,dev_6c3945cd-a562-4179-ae9a-ec1c8c010a88,,,,,,,,,,,,,,,,,,,,,,,,,,,,,,,,,,,,,,,,,,,,,,,,,,,,,,,,,,,,,,,,,,
training_event,training,468f03a2-d7c9-4701-abf8-bb2c692f696b,ecbdba9b-dd2f-4c4b-a2f5-2e74b1dce2bb,2026-08-13T02:57:47.063000+00:00,mouse_move,,,,,349.8,91.6,,,,,,mouse_tracking,,,,,,,,,,,/app/training,dev_6c3945cd-a562-4179-ae9a-ec1c8c010a88,,,,,,,,,,,,,,,,,,,,,,,,,,,,,,,,,,,,,,,,,,,,,,,,,,,,,,,,,,,,,,,,,,
training_event,training,468f03a2-d7c9-4701-abf8-bb2c692f696b,ecbdba9b-dd2f-4c4b-a2f5-2e74b1dce2bb,2026-08-13T02:57:47.097000+00:00,mouse_move,,,,,363.8,89.6,,,,,,mouse_tracking,,,,,,,,,,,/app/training,dev_6c3945cd-a562-4179-ae9a-ec1c8c010a88,,,,,,,,,,,,,,,,,,,,,,,,,,,,,,,,,,,,,,,,,,,,,,,,,,,,,,,,,,,,,,,,,,
training_event,training,468f03a2-d7c9-4701-abf8-bb2c692f696b,ecbdba9b-dd2f-4c4b-a2f5-2e74b1dce2bb,2026-08-13T02:57:47.363000+00:00,mouse_move,,,,,373.8,88.6,,,,,,mouse_tracking,,,,,,,,,,,/app/training,dev_6c3945cd-a562-4179-ae9a-ec1c8c010a88,,,,,,,,,,,,,,,,,,,,,,,,,,,,,,,,,,,,,,,,,,,,,,,,,,,,,,,,,,,,,,,,,,
training_event,training,468f03a2-d7c9-4701-abf8-bb2c692f696b,ecbdba9b-dd2f-4c4b-a2f5-2e74b1dce2bb,2026-08-13T02:57:48.447000+00:00,mouse_move,,,,,392.8,87.6,,,,,,mouse_tracking,,,,,,,,,,,/app/training,dev_6c3945cd-a562-4179-ae9a-ec1c8c010a88,,,,,,,,,,,,,,,,,,,,,,,,,,,,,,,,,,,,,,,,,,,,,,,,,,,,,,,,,,,,,,,,,,
training_event,training,468f03a2-d7c9-4701-abf8-bb2c692f696b,ecbdba9b-dd2f-4c4b-a2f5-2e74b1dce2bb,2026-08-13T02:57:48.496000+00:00,mouse_move,,,,,412.8,96.6,,,,,,mouse_tracking,,,,,,,,,,,/app/training,dev_6c3945cd-a562-4179-ae9a-ec1c8c010a88,,,,,,,,,,,,,,,,,,,,,,,,,,,,,,,,,,,,,,,,,,,,,,,,,,,,,,,,,,,,,,,,,,
training_event,training,468f03a2-d7c9-4701-abf8-bb2c692f696b,ecbdba9b-dd2f-4c4b-a2f5-2e74b1dce2bb,2026-08-13T02:57:48.513000+00:00,mouse_move,,,,,415.8,97.6,,,,,,mouse_tracking,,,,,,,,,,,/app/training,dev_6c3945cd-a562-4179-ae9a-ec1c8c010a88,,,,,,,,,,,,,,,,,,,,,,,,,,,,,,,,,,,,,,,,,,,,,,,,,,,,,,,,,,,,,,,,,,
training_event,training,468f03a2-d7c9-4701-abf8-bb2c692f696b,ecbdba9b-dd2f-4c4b-a2f5-2e74b1dce2bb,2026-08-13T02:57:48.529000+00:00,mouse_move,,,,,416.8,99.6,,,,,,mouse_tracking,,,,,,,,,,,/app/training,dev_6c3945cd-a562-4179-ae9a-ec1c8c010a88,,,,,,,,,,,,,,,,,,,,,,,,,,,,,,,,,,,,,,,,,,,,,,,,,,,,,,,,,,,,,,,,,,
training_event,training,468f03a2-d7c9-4701-abf8-bb2c692f696b,ecbdba9b-dd2f-4c4b-a2f5-2e74b1dce2bb,2026-08-13T02:57:48.779000+00:00,mouse_move,,,,,445.8,117.6,,,,,,mouse_tracking,,,,,,,,,,,/app/training,dev_6c3945cd-a562-4179-ae9a-ec1c8c010a88,,,,,,,,,,,,,,,,,,,,,,,,,,,,,,,,,,,,,,,,,,,,,,,,,,,,,,,,,,,,,,,,,,
training_event,training,468f03a2-d7c9-4701-abf8-bb2c692f696b,ecbdba9b-dd2f-4c4b-a2f5-2e74b1dce2bb,2026-08-13T02:57:42.398000+00:00,mouse_move,,,,,372.8,340.6,,,,,,mouse_tracking,,,,,,,,,,,/app/training,dev_6c3945cd-a562-4179-ae9a-ec1c8c010a88,,,,,,,,,,,,,,,,,,,,,,,,,,,,,,,,,,,,,,,,,,,,,,,,,,,,,,,,,,,,,,,,,,
training_event,training,468f03a2-d7c9-4701-abf8-bb2c692f696b,ecbdba9b-dd2f-4c4b-a2f5-2e74b1dce2bb,2026-08-13T02:57:43.248000+00:00,mouse_move,,,,,358.8,342.6,,,,,,mouse_tracking,,,,,,,,,,,/app/training,dev_6c3945cd-a562-4179-ae9a-ec1c8c010a88,,,,,,,,,,,,,,,,,,,,,,,,,,,,,,,,,,,,,,,,,,,,,,,,,,,,,,,,,,,,,,,,,,
training_event,training,468f03a2-d7c9-4701-abf8-bb2c692f696b,ecbdba9b-dd2f-4c4b-a2f5-2e74b1dce2bb,2026-08-13T02:57:43.498000+00:00,mouse_move,,,,,252.8,319.6,,,,,,mouse_tracking,,,,,,,,,,,/app/training,dev_6c3945cd-a562-4179-ae9a-ec1c8c010a88,,,,,,,,,,,,,,,,,,,,,,,,,,,,,,,,,,,,,,,,,,,,,,,,,,,,,,,,,,,,,,,,,,
training_event,training,468f03a2-d7c9-4701-abf8-bb2c692f696b,ecbdba9b-dd2f-4c4b-a2f5-2e74b1dce2bb,2026-08-13T02:57:44.864000+00:00,mouse_move,,,,,228.8,203.6,,,,,,mouse_tracking,,,,,,,,,,,/app/training,dev_6c3945cd-a562-4179-ae9a-ec1c8c010a88,,,,,,,,,,,,,,,,,,,,,,,,,,,,,,,,,,,,,,,,,,,,,,,,,,,,,,,,,,,,,,,,,,
training_event,training,468f03a2-d7c9-4701-abf8-bb2c692f696b,ecbdba9b-dd2f-4c4b-a2f5-2e74b1dce2bb,2026-08-13T02:57:45.864000+00:00,mouse_move,,,,,231.8,138.6,,,,,,mouse_tracking,,,,,,,,,,,/app/training,dev_6c3945cd-a562-4179-ae9a-ec1c8c010a88,,,,,,,,,,,,,,,,,,,,,,,,,,,,,,,,,,,,,,,,,,,,,,,,,,,,,,,,,,,,,,,,,,
training_event,training,468f03a2-d7c9-4701-abf8-bb2c692f696b,812b539a-fdd8-4de6-9d6e-d272d5be837c,2026-08-13T05:34:44.956000+00:00,keydown,73,i,,173.9,,,,,,,,repeated_typing,0,0,,,,,,,,,/app/training,dev_8d63bc2a-6792-425e-980a-35b6849501fe,,,,,,,,,,,,,,,,,,,,,,,,,,,,,,,,,,,,,,,,,,,,,,,,,,,,,,,,,,,,,,,,,,
training_event,training,468f03a2-d7c9-4701-abf8-bb2c692f696b,812b539a-fdd8-4de6-9d6e-d272d5be837c,2026-08-13T05:34:39.068000+00:00,keydown,65,a,,158.8,,,,,,,,repeated_typing,0,0,,,,,,,,,/app/training,dev_8d63bc2a-6792-425e-980a-35b6849501fe,,,,,,,,,,,,,,,,,,,,,,,,,,,,,,,,,,,,,,,,,,,,,,,,,,,,,,,,,,,,,,,,,,
training_event,training,468f03a2-d7c9-4701-abf8-bb2c692f696b,812b539a-fdd8-4de6-9d6e-d272d5be837c,2026-08-13T05:34:41.972000+00:00,keyup,75,,132.2,,,,,,,,,repeated_typing,0,0,,,,,,,,,/app/training,dev_8d63bc2a-6792-425e-980a-35b6849501fe,,,,,,,,,,,,,,,,,,,,,,,,,,,,,,,,,,,,,,,,,,,,,,,,,,,,,,,,,,,,,,,,,,
training_event,training,468f03a2-d7c9-4701-abf8-bb2c692f696b,812b539a-fdd8-4de6-9d6e-d272d5be837c,2026-08-13T05:34:44.547000+00:00,keydown,85,u,,337.3,,,,,,,,repeated_typing,0,0,,,,,,,,,/app/training,dev_8d63bc2a-6792-425e-980a-35b6849501fe,,,,,,,,,,,,,,,,,,,,,,,,,,,,,,,,,,,,,,,,,,,,,,,,,,,,,,,,,,,,,,,,,,
training_event,training,468f03a2-d7c9-4701-abf8-bb2c692f696b,812b539a-fdd8-4de6-9d6e-d272d5be837c,2026-08-13T05:34:36.333000+00:00,keydown,73,i,,200.7,,,,,,,,repeated_typing,0,0,,,,,,,,,/app/training,dev_8d63bc2a-6792-425e-980a-35b6849501fe,,,,,,,,,,,,,,,,,,,,,,,,,,,,,,,,,,,,,,,,,,,,,,,,,,,,,,,,,,,,,,,,,,
training_event,training,468f03a2-d7c9-4701-abf8-bb2c692f696b,812b539a-fdd8-4de6-9d6e-d272d5be837c,2026-08-13T05:34:39.387000+00:00,keyup,82,,123.7,,,,,,,,,repeated_typing,0,0,,,,,,,,,/app/training,dev_8d63bc2a-6792-425e-980a-35b6849501fe,,,,,,,,,,,,,,,,,,,,,,,,,,,,,,,,,,,,,,,,,,,,,,,,,,,,,,,,,,,,,,,,,,
training_event,training,468f03a2-d7c9-4701-abf8-bb2c692f696b,812b539a-fdd8-4de6-9d6e-d272d5be837c,2026-08-13T05:34:41.508000+00:00,keydown,78,n,,155.1,,,,,,,,repeated_typing,0,0,,,,,,,,,/app/training,dev_8d63bc2a-6792-425e-980a-35b6849501fe,,,,,,,,,,,,,,,,,,,,,,,,,,,,,,,,,,,,,,,,,,,,,,,,,,,,,,,,,,,,,,,,,,
training_event,training,468f03a2-d7c9-4701-abf8-bb2c692f696b,812b539a-fdd8-4de6-9d6e-d272d5be837c,2026-08-13T05:34:44.928000+00:00,keyup,82,,146.6,,,,,,,,,repeated_typing,0,0,,,,,,,,,/app/training,dev_8d63bc2a-6792-425e-980a-35b6849501fe,,,,,,,,,,,,,,,,,,,,,,,,,,,,,,,,,,,,,,,,,,,,,,,,,,,,,,,,,,,,,,,,,,
training_event,training,468f03a2-d7c9-4701-abf8-bb2c692f696b,812b539a-fdd8-4de6-9d6e-d272d5be837c,2026-08-13T05:34:45.248000+00:00,keydown,84,t,,292.3,,,,,,,,repeated_typing,0,0,,,,,,,,,/app/training,dev_8d63bc2a-6792-425e-980a-35b6849501fe,,,,,,,,,,,,,,,,,,,,,,,,,,,,,,,,,,,,,,,,,,,,,,,,,,,,,,,,,,,,,,,,,,
training_event,training,468f03a2-d7c9-4701-abf8-bb2c692f696b,812b539a-fdd8-4de6-9d6e-d272d5be837c,2026-08-13T05:34:38.105000+00:00,keydown,71,G,,1287.6,,,,,,,,repeated_typing,0,0,,,,,,,,,/app/training,dev_8d63bc2a-6792-425e-980a-35b6849501fe,,,,,,,,,,,,,,,,,,,,,,,,,,,,,,,,,,,,,,,,,,,,,,,,,,,,,,,,,,,,,,,,,,
training_event,training,468f03a2-d7c9-4701-abf8-bb2c692f696b,812b539a-fdd8-4de6-9d6e-d272d5be837c,2026-08-13T05:34:42.544000+00:00,keydown,71,g,,246.7,,,,,,,,repeated_typing,0,0,,,,,,,,,/app/training,dev_8d63bc2a-6792-425e-980a-35b6849501fe,,,,,,,,,,,,,,,,,,,,,,,,,,,,,,,,,,,,,,,,,,,,,,,,,,,,,,,,,,,,,,,,,,
training_event,training,468f03a2-d7c9-4701-abf8-bb2c692f696b,812b539a-fdd8-4de6-9d6e-d272d5be837c,2026-08-13T05:34:45.080000+00:00,keyup,73,,124.6,,,,,,,,,repeated_typing,0,0,,,,,,,,,/app/training,dev_8d63bc2a-6792-425e-980a-35b6849501fe,,,,,,,,,,,,,,,,,,,,,,,,,,,,,,,,,,,,,,,,,,,,,,,,,,,,,,,,,,,,,,,,,,
training_event,training,468f03a2-d7c9-4701-abf8-bb2c692f696b,812b539a-fdd8-4de6-9d6e-d272d5be837c,2026-08-13T05:34:39.238000+00:00,keyup,65,,170.0,,,,,,,,,repeated_typing,0,0,,,,,,,,,/app/training,dev_8d63bc2a-6792-425e-980a-35b6849501fe,,,,,,,,,,,,,,,,,,,,,,,,,,,,,,,,,,,,,,,,,,,,,,,,,,,,,,,,,,,,,,,,,,
training_event,training,468f03a2-d7c9-4701-abf8-bb2c692f696b,812b539a-fdd8-4de6-9d6e-d272d5be837c,2026-08-13T05:34:39.753000+00:00,keydown,73,i,,265.3,,,,,,,,repeated_typing,0,0,,,,,,,,,/app/training,dev_8d63bc2a-6792-425e-980a-35b6849501fe,,,,,,,,,,,,,,,,,,,,,,,,,,,,,,,,,,,,,,,,,,,,,,,,,,,,,,,,,,,,,,,,,,
training_event,training,468f03a2-d7c9-4701-abf8-bb2c692f696b,812b539a-fdd8-4de6-9d6e-d272d5be837c,2026-08-13T05:34:40.099000+00:00,keyup,65,,163.6,,,,,,,,,repeated_typing,0,0,,,,,,,,,/app/training,dev_8d63bc2a-6792-425e-980a-35b6849501fe,,,,,,,,,,,,,,,,,,,,,,,,,,,,,,,,,,,,,,,,,,,,,,,,,,,,,,,,,,,,,,,,,,
training_event,training,468f03a2-d7c9-4701-abf8-bb2c692f696b,812b539a-fdd8-4de6-9d6e-d272d5be837c,2026-08-13T05:34:42.418000+00:00,keyup,78,,120.1,,,,,,,,,repeated_typing,0,0,,,,,,,,,/app/training,dev_8d63bc2a-6792-425e-980a-35b6849501fe,,,,,,,,,,,,,,,,,,,,,,,,,,,,,,,,,,,,,,,,,,,,,,,,,,,,,,,,,,,,,,,,,,
training_event,training,468f03a2-d7c9-4701-abf8-bb2c692f696b,812b539a-fdd8-4de6-9d6e-d272d5be837c,2026-08-13T05:34:36.956000+00:00,keyup,69,,139.0,,,,,,,,,repeated_typing,0,0,,,,,,,,,/app/training,dev_8d63bc2a-6792-425e-980a-35b6849501fe,,,,,,,,,,,,,,,,,,,,,,,,,,,,,,,,,,,,,,,,,,,,,,,,,,,,,,,,,,,,,,,,,,
training_event,training,468f03a2-d7c9-4701-abf8-bb2c692f696b,812b539a-fdd8-4de6-9d6e-d272d5be837c,2026-08-13T05:34:38.909000+00:00,keydown,85,u,,804.3,,,,,,,,repeated_typing,0,0,,,,,,,,,/app/training,dev_8d63bc2a-6792-425e-980a-35b6849501fe,,,,,,,,,,,,,,,,,,,,,,,,,,,,,,,,,,,,,,,,,,,,,,,,,,,,,,,,,,,,,,,,,,
training_event,training,468f03a2-d7c9-4701-abf8-bb2c692f696b,812b539a-fdd8-4de6-9d6e-d272d5be837c,2026-08-13T05:34:39.031000+00:00,keyup,85,,122.3,,,,,,,,,repeated_typing,0,0,,,,,,,,,/app/training,dev_8d63bc2a-6792-425e-980a-35b6849501fe,,,,,,,,,,,,,,,,,,,,,,,,,,,,,,,,,,,,,,,,,,,,,,,,,,,,,,,,,,,,,,,,,,
training_event,training,468f03a2-d7c9-4701-abf8-bb2c692f696b,812b539a-fdd8-4de6-9d6e-d272d5be837c,2026-08-13T05:34:42.690000+00:00,keydown,32, ,,146.1,,,,,,,,repeated_typing,0,0,,,,,,,,,/app/training,dev_8d63bc2a-6792-425e-980a-35b6849501fe,,,,,,,,,,,,,,,,,,,,,,,,,,,,,,,,,,,,,,,,,,,,,,,,,,,,,,,,,,,,,,,,,,
training_event,training,468f03a2-d7c9-4701-abf8-bb2c692f696b,812b539a-fdd8-4de6-9d6e-d272d5be837c,2026-08-13T05:34:38.243000+00:00,keyup,71,,137.8,,,,,,,,,repeated_typing,0,0,,,,,,,,,/app/training,dev_8d63bc2a-6792-425e-980a-35b6849501fe,,,,,,,,,,,,,,,,,,,,,,,,,,,,,,,,,,,,,,,,,,,,,,,,,,,,,,,,,,,,,,,,,,
training_event,training,468f03a2-d7c9-4701-abf8-bb2c692f696b,812b539a-fdd8-4de6-9d6e-d272d5be837c,2026-08-13T05:34:36.132000+00:00,keydown,84,t,,257.5,,,,,,,,repeated_typing,0,0,,,,,,,,,/app/training,dev_8d63bc2a-6792-425e-980a-35b6849501fe,,,,,,,,,,,,,,,,,,,,,,,,,,,,,,,,,,,,,,,,,,,,,,,,,,,,,,,,,,,,,,,,,,
training_event,training,468f03a2-d7c9-4701-abf8-bb2c692f696b,812b539a-fdd8-4de6-9d6e-d272d5be837c,2026-08-13T05:34:40.908000+00:00,keyup,32,,141.7,,,,,,,,,repeated_typing,0,0,,,,,,,,,/app/training,dev_8d63bc2a-6792-425e-980a-35b6849501fe,,,,,,,,,,,,,,,,,,,,,,,,,,,,,,,,,,,,,,,,,,,,,,,,,,,,,,,,,,,,,,,,,,
training_event,training,468f03a2-d7c9-4701-abf8-bb2c692f696b,812b539a-fdd8-4de6-9d6e-d272d5be837c,2026-08-13T05:34:41.352000+00:00,keydown,65,a,,206.1,,,,,,,,repeated_typing,0,0,,,,,,,,,/app/training,dev_8d63bc2a-6792-425e-980a-35b6849501fe,,,,,,,,,,,,,,,,,,,,,,,,,,,,,,,,,,,,,,,,,,,,,,,,,,,,,,,,,,,,,,,,,,
training_event,training,468f03a2-d7c9-4701-abf8-bb2c692f696b,812b539a-fdd8-4de6-9d6e-d272d5be837c,2026-08-13T05:34:42.058000+00:00,keydown,73,i,,218.3,,,,,,,,repeated_typing,0,0,,,,,,,,,/app/training,dev_8d63bc2a-6792-425e-980a-35b6849501fe,,,,,,,,,,,,,,,,,,,,,,,,,,,,,,,,,,,,,,,,,,,,,,,,,,,,,,,,,,,,,,,,,,
training_event,training,468f03a2-d7c9-4701-abf8-bb2c692f696b,812b539a-fdd8-4de6-9d6e-d272d5be837c,2026-08-13T05:34:44.664000+00:00,keyup,85,,117.3,,,,,,,,,repeated_typing,0,0,,,,,,,,,/app/training,dev_8d63bc2a-6792-425e-980a-35b6849501fe,,,,,,,,,,,,,,,,,,,,,,,,,,,,,,,,,,,,,,,,,,,,,,,,,,,,,,,,,,,,,,,,,,
training_event,training,468f03a2-d7c9-4701-abf8-bb2c692f696b,812b539a-fdd8-4de6-9d6e-d272d5be837c,2026-08-13T05:34:45.346000+00:00,keydown,89,y,,97.4,,,,,,,,repeated_typing,0,0,,,,,,,,,/app/training,dev_8d63bc2a-6792-425e-980a-35b6849501fe,,,,,,,,,,,,,,,,,,,,,,,,,,,,,,,,,,,,,,,,,,,,,,,,,,,,,,,,,,,,,,,,,,
training_event,training,468f03a2-d7c9-4701-abf8-bb2c692f696b,812b539a-fdd8-4de6-9d6e-d272d5be837c,2026-08-13T05:34:35.416000+00:00,keyup,68,,106.4,,,,,,,,,repeated_typing,0,0,,,,,,,,,/app/training,dev_8d63bc2a-6792-425e-980a-35b6849501fe,,,,,,,,,,,,,,,,,,,,,,,,,,,,,,,,,,,,,,,,,,,,,,,,,,,,,,,,,,,,,,,,,,
training_event,training,468f03a2-d7c9-4701-abf8-bb2c692f696b,812b539a-fdd8-4de6-9d6e-d272d5be837c,2026-08-13T05:34:39.264000+00:00,keydown,82,r,,195.7,,,,,,,,repeated_typing,0,0,,,,,,,,,/app/training,dev_8d63bc2a-6792-425e-980a-35b6849501fe,,,,,,,,,,,,,,,,,,,,,,,,,,,,,,,,,,,,,,,,,,,,,,,,,,,,,,,,,,,,,,,,,,
training_event,training,468f03a2-d7c9-4701-abf8-bb2c692f696b,812b539a-fdd8-4de6-9d6e-d272d5be837c,2026-08-13T05:34:39.488000+00:00,keydown,68,d,,224.2,,,,,,,,repeated_typing,0,0,,,,,,,,,/app/training,dev_8d63bc2a-6792-425e-980a-35b6849501fe,,,,,,,,,,,,,,,,,,,,,,,,,,,,,,,,,,,,,,,,,,,,,,,,,,,,,,,,,,,,,,,,,,
training_event,training,468f03a2-d7c9-4701-abf8-bb2c692f696b,812b539a-fdd8-4de6-9d6e-d272d5be837c,2026-08-13T05:34:42.161000+00:00,keyup,73,,103.4,,,,,,,,,repeated_typing,0,0,,,,,,,,,/app/training,dev_8d63bc2a-6792-425e-980a-35b6849501fe,,,,,,,,,,,,,,,,,,,,,,,,,,,,,,,,,,,,,,,,,,,,,,,,,,,,,,,,,,,,,,,,,,
training_event,training,468f03a2-d7c9-4701-abf8-bb2c692f696b,812b539a-fdd8-4de6-9d6e-d272d5be837c,2026-08-13T05:34:42.298000+00:00,keydown,78,n,,239.6,,,,,,,,repeated_typing,0,0,,,,,,,,,/app/training,dev_8d63bc2a-6792-425e-980a-35b6849501fe,,,,,,,,,,,,,,,,,,,,,,,,,,,,,,,,,,,,,,,,,,,,,,,,,,,,,,,,,,,,,,,,,,
training_event,training,468f03a2-d7c9-4701-abf8-bb2c692f696b,812b539a-fdd8-4de6-9d6e-d272d5be837c,2026-08-13T05:34:35.309000+00:00,keydown,68,d,,787.2,,,,,,,,repeated_typing,0,0,,,,,,,,,/app/training,dev_8d63bc2a-6792-425e-980a-35b6849501fe,,,,,,,,,,,,,,,,,,,,,,,,,,,,,,,,,,,,,,,,,,,,,,,,,,,,,,,,,,,,,,,,,,
training_event,training,468f03a2-d7c9-4701-abf8-bb2c692f696b,812b539a-fdd8-4de6-9d6e-d272d5be837c,2026-08-13T05:34:35.875000+00:00,keydown,80,p,,377.9,,,,,,,,repeated_typing,0,0,,,,,,,,,/app/training,dev_8d63bc2a-6792-425e-980a-35b6849501fe,,,,,,,,,,,,,,,,,,,,,,,,,,,,,,,,,,,,,,,,,,,,,,,,,,,,,,,,,,,,,,,,,,
training_event,training,468f03a2-d7c9-4701-abf8-bb2c692f696b,812b539a-fdd8-4de6-9d6e-d272d5be837c,2026-08-13T05:34:36.296000+00:00,keyup,84,,163.6,,,,,,,,,repeated_typing,0,0,,,,,,,,,/app/training,dev_8d63bc2a-6792-425e-980a-35b6849501fe,,,,,,,,,,,,,,,,,,,,,,,,,,,,,,,,,,,,,,,,,,,,,,,,,,,,,,,,,,,,,,,,,,
training_event,training,468f03a2-d7c9-4701-abf8-bb2c692f696b,812b539a-fdd8-4de6-9d6e-d272d5be837c,2026-08-13T05:34:36.782000+00:00,keyup,86,,133.3,,,,,,,,,repeated_typing,0,0,,,,,,,,,/app/training,dev_8d63bc2a-6792-425e-980a-35b6849501fe,,,,,,,,,,,,,,,,,,,,,,,,,,,,,,,,,,,,,,,,,,,,,,,,,,,,,,,,,,,,,,,,,,
training_event,training,468f03a2-d7c9-4701-abf8-bb2c692f696b,812b539a-fdd8-4de6-9d6e-d272d5be837c,2026-08-13T05:34:40.195000+00:00,keyup,78,,91.3,,,,,,,,,repeated_typing,0,0,,,,,,,,,/app/training,dev_8d63bc2a-6792-425e-980a-35b6849501fe,,,,,,,,,,,,,,,,,,,,,,,,,,,,,,,,,,,,,,,,,,,,,,,,,,,,,,,,,,,,,,,,,,
training_event,training,468f03a2-d7c9-4701-abf8-bb2c692f696b,812b539a-fdd8-4de6-9d6e-d272d5be837c,2026-08-13T05:34:41.517000+00:00,keyup,65,,164.1,,,,,,,,,repeated_typing,0,0,,,,,,,,,/app/training,dev_8d63bc2a-6792-425e-980a-35b6849501fe,,,,,,,,,,,,,,,,,,,,,,,,,,,,,,,,,,,,,,,,,,,,,,,,,,,,,,,,,,,,,,,,,,
training_event,training,468f03a2-d7c9-4701-abf8-bb2c692f696b,812b539a-fdd8-4de6-9d6e-d272d5be837c,2026-08-13T05:34:43.971000+00:00,keydown,69,e,,181.4,,,,,,,,repeated_typing,0,0,,,,,,,,,/app/training,dev_8d63bc2a-6792-425e-980a-35b6849501fe,,,,,,,,,,,,,,,,,,,,,,,,,,,,,,,,,,,,,,,,,,,,,,,,,,,,,,,,,,,,,,,,,,
training_event,training,468f03a2-d7c9-4701-abf8-bb2c692f696b,812b539a-fdd8-4de6-9d6e-d272d5be837c,2026-08-13T05:34:44.085000+00:00,keyup,69,,114.2,,,,,,,,,repeated_typing,0,0,,,,,,,,,/app/training,dev_8d63bc2a-6792-425e-980a-35b6849501fe,,,,,,,,,,,,,,,,,,,,,,,,,,,,,,,,,,,,,,,,,,,,,,,,,,,,,,,,,,,,,,,,,,
training_event,training,468f03a2-d7c9-4701-abf8-bb2c692f696b,812b539a-fdd8-4de6-9d6e-d272d5be837c,2026-08-13T05:34:36.034000+00:00,keyup,80,,159.8,,,,,,,,,repeated_typing,0,0,,,,,,,,,/app/training,dev_8d63bc2a-6792-425e-980a-35b6849501fe,,,,,,,,,,,,,,,,,,,,,,,,,,,,,,,,,,,,,,,,,,,,,,,,,,,,,,,,,,,,,,,,,,
training_event,training,468f03a2-d7c9-4701-abf8-bb2c692f696b,812b539a-fdd8-4de6-9d6e-d272d5be837c,2026-08-13T05:34:39.936000+00:00,keydown,65,a,,182.9,,,,,,,,repeated_typing,0,0,,,,,,,,,/app/training,dev_8d63bc2a-6792-425e-980a-35b6849501fe,,,,,,,,,,,,,,,,,,,,,,,,,,,,,,,,,,,,,,,,,,,,,,,,,,,,,,,,,,,,,,,,,,
training_event,training,468f03a2-d7c9-4701-abf8-bb2c692f696b,812b539a-fdd8-4de6-9d6e-d272d5be837c,2026-08-13T05:34:34.704000+00:00,keyup,65,,182.0,,,,,,,,,repeated_typing,0,0,,,,,,,,,/app/training,dev_8d63bc2a-6792-425e-980a-35b6849501fe,,,,,,,,,,,,,,,,,,,,,,,,,,,,,,,,,,,,,,,,,,,,,,,,,,,,,,,,,,,,,,,,,,
training_event,training,468f03a2-d7c9-4701-abf8-bb2c692f696b,812b539a-fdd8-4de6-9d6e-d272d5be837c,2026-08-13T05:34:35.676000+00:00,keyup,65,,179.8,,,,,,,,,repeated_typing,0,0,,,,,,,,,/app/training,dev_8d63bc2a-6792-425e-980a-35b6849501fe,,,,,,,,,,,,,,,,,,,,,,,,,,,,,,,,,,,,,,,,,,,,,,,,,,,,,,,,,,,,,,,,,,
training_event,training,468f03a2-d7c9-4701-abf8-bb2c692f696b,812b539a-fdd8-4de6-9d6e-d272d5be837c,2026-08-13T05:34:36.450000+00:00,keyup,73,,117.0,,,,,,,,,repeated_typing,0,0,,,,,,,,,/app/training,dev_8d63bc2a-6792-425e-980a-35b6849501fe,,,,,,,,,,,,,,,,,,,,,,,,,,,,,,,,,,,,,,,,,,,,,,,,,,,,,,,,,,,,,,,,,,
training_event,training,468f03a2-d7c9-4701-abf8-bb2c692f696b,812b539a-fdd8-4de6-9d6e-d272d5be837c,2026-08-13T05:34:41.262000+00:00,keyup,66,,116.0,,,,,,,,,repeated_typing,0,0,,,,,,,,,/app/training,dev_8d63bc2a-6792-425e-980a-35b6849501fe,,,,,,,,,,,,,,,,,,,,,,,,,,,,,,,,,,,,,,,,,,,,,,,,,,,,,,,,,,,,,,,,,,
training_event,training,468f03a2-d7c9-4701-abf8-bb2c692f696b,812b539a-fdd8-4de6-9d6e-d272d5be837c,2026-08-13T05:34:41.840000+00:00,keydown,75,k,,332.1,,,,,,,,repeated_typing,0,0,,,,,,,,,/app/training,dev_8d63bc2a-6792-425e-980a-35b6849501fe,,,,,,,,,,,,,,,,,,,,,,,,,,,,,,,,,,,,,,,,,,,,,,,,,,,,,,,,,,,,,,,,,,
training_event,training,468f03a2-d7c9-4701-abf8-bb2c692f696b,812b539a-fdd8-4de6-9d6e-d272d5be837c,2026-08-13T05:34:42.640000+00:00,keyup,71,,95.9,,,,,,,,,repeated_typing,0,0,,,,,,,,,/app/training,dev_8d63bc2a-6792-425e-980a-35b6849501fe,,,,,,,,,,,,,,,,,,,,,,,,,,,,,,,,,,,,,,,,,,,,,,,,,,,,,,,,,,,,,,,,,,
training_event,training,468f03a2-d7c9-4701-abf8-bb2c692f696b,812b539a-fdd8-4de6-9d6e-d272d5be837c,2026-08-13T05:34:42.824000+00:00,keyup,32,,134.1,,,,,,,,,repeated_typing,0,0,,,,,,,,,/app/training,dev_8d63bc2a-6792-425e-980a-35b6849501fe,,,,,,,,,,,,,,,,,,,,,,,,,,,,,,,,,,,,,,,,,,,,,,,,,,,,,,,,,,,,,,,,,,
training_event,training,468f03a2-d7c9-4701-abf8-bb2c692f696b,812b539a-fdd8-4de6-9d6e-d272d5be837c,2026-08-13T05:34:44.351000+00:00,keyup,67,,141.2,,,,,,,,,repeated_typing,0,0,,,,,,,,,/app/training,dev_8d63bc2a-6792-425e-980a-35b6849501fe,,,,,,,,,,,,,,,,,,,,,,,,,,,,,,,,,,,,,,,,,,,,,,,,,,,,,,,,,,,,,,,,,,
training_event,training,468f03a2-d7c9-4701-abf8-bb2c692f696b,812b539a-fdd8-4de6-9d6e-d272d5be837c,2026-08-13T05:34:36.649000+00:00,keydown,86,v,,316.1,,,,,,,,repeated_typing,0,0,,,,,,,,,/app/training,dev_8d63bc2a-6792-425e-980a-35b6849501fe,,,,,,,,,,,,,,,,,,,,,,,,,,,,,,,,,,,,,,,,,,,,,,,,,,,,,,,,,,,,,,,,,,
training_event,training,468f03a2-d7c9-4701-abf8-bb2c692f696b,812b539a-fdd8-4de6-9d6e-d272d5be837c,2026-08-13T05:34:36.817000+00:00,keydown,69,e,,168.2,,,,,,,,repeated_typing,0,0,,,,,,,,,/app/training,dev_8d63bc2a-6792-425e-980a-35b6849501fe,,,,,,,,,,,,,,,,,,,,,,,,,,,,,,,,,,,,,,,,,,,,,,,,,,,,,,,,,,,,,,,,,,
training_event,training,468f03a2-d7c9-4701-abf8-bb2c692f696b,812b539a-fdd8-4de6-9d6e-d272d5be837c,2026-08-13T05:34:40.766000+00:00,keydown,32, ,,662.2,,,,,,,,repeated_typing,0,0,,,,,,,,,/app/training,dev_8d63bc2a-6792-425e-980a-35b6849501fe,,,,,,,,,,,,,,,,,,,,,,,,,,,,,,,,,,,,,,,,,,,,,,,,,,,,,,,,,,,,,,,,,,
training_event,training,468f03a2-d7c9-4701-abf8-bb2c692f696b,812b539a-fdd8-4de6-9d6e-d272d5be837c,2026-08-13T05:34:43.907000+00:00,keyup,83,,117.4,,,,,,,,,repeated_typing,0,0,,,,,,,,,/app/training,dev_8d63bc2a-6792-425e-980a-35b6849501fe,,,,,,,,,,,,,,,,,,,,,,,,,,,,,,,,,,,,,,,,,,,,,,,,,,,,,,,,,,,,,,,,,,
training_event,training,468f03a2-d7c9-4701-abf8-bb2c692f696b,812b539a-fdd8-4de6-9d6e-d272d5be837c,2026-08-13T05:34:34.522000+00:00,keydown,65,A,,,,,,,,,,repeated_typing,0,0,,,,,,,,,/app/training,dev_8d63bc2a-6792-425e-980a-35b6849501fe,,,,,,,,,,,,,,,,,,,,,,,,,,,,,,,,,,,,,,,,,,,,,,,,,,,,,,,,,,,,,,,,,,
training_event,training,468f03a2-d7c9-4701-abf8-bb2c692f696b,812b539a-fdd8-4de6-9d6e-d272d5be837c,2026-08-13T05:34:35.497000+00:00,keydown,65,a,,187.4,,,,,,,,repeated_typing,0,0,,,,,,,,,/app/training,dev_8d63bc2a-6792-425e-980a-35b6849501fe,,,,,,,,,,,,,,,,,,,,,,,,,,,,,,,,,,,,,,,,,,,,,,,,,,,,,,,,,,,,,,,,,,
training_event,training,468f03a2-d7c9-4701-abf8-bb2c692f696b,812b539a-fdd8-4de6-9d6e-d272d5be837c,2026-08-13T05:34:39.882000+00:00,keyup,73,,128.7,,,,,,,,,repeated_typing,0,0,,,,,,,,,/app/training,dev_8d63bc2a-6792-425e-980a-35b6849501fe,,,,,,,,,,,,,,,,,,,,,,,,,,,,,,,,,,,,,,,,,,,,,,,,,,,,,,,,,,,,,,,,,,
training_event,training,468f03a2-d7c9-4701-abf8-bb2c692f696b,812b539a-fdd8-4de6-9d6e-d272d5be837c,2026-08-13T05:34:41.146000+00:00,keydown,66,B,,380.4,,,,,,,,repeated_typing,0,0,,,,,,,,,/app/training,dev_8d63bc2a-6792-425e-980a-35b6849501fe,,,,,,,,,,,,,,,,,,,,,,,,,,,,,,,,,,,,,,,,,,,,,,,,,,,,,,,,,,,,,,,,,,
training_event,training,468f03a2-d7c9-4701-abf8-bb2c692f696b,812b539a-fdd8-4de6-9d6e-d272d5be837c,2026-08-13T05:34:39.635000+00:00,keyup,68,,147.4,,,,,,,,,repeated_typing,0,0,,,,,,,,,/app/training,dev_8d63bc2a-6792-425e-980a-35b6849501fe,,,,,,,,,,,,,,,,,,,,,,,,,,,,,,,,,,,,,,,,,,,,,,,,,,,,,,,,,,,,,,,,,,
training_event,training,468f03a2-d7c9-4701-abf8-bb2c692f696b,812b539a-fdd8-4de6-9d6e-d272d5be837c,2026-08-13T05:34:40.104000+00:00,keydown,78,n,,167.9,,,,,,,,repeated_typing,0,0,,,,,,,,,/app/training,dev_8d63bc2a-6792-425e-980a-35b6849501fe,,,,,,,,,,,,,,,,,,,,,,,,,,,,,,,,,,,,,,,,,,,,,,,,,,,,,,,,,,,,,,,,,,
training_event,training,468f03a2-d7c9-4701-abf8-bb2c692f696b,812b539a-fdd8-4de6-9d6e-d272d5be837c,2026-08-13T05:34:41.629000+00:00,keyup,78,,121.6,,,,,,,,,repeated_typing,0,0,,,,,,,,,/app/training,dev_8d63bc2a-6792-425e-980a-35b6849501fe,,,,,,,,,,,,,,,,,,,,,,,,,,,,,,,,,,,,,,,,,,,,,,,,,,,,,,,,,,,,,,,,,,
training_event,training,468f03a2-d7c9-4701-abf8-bb2c692f696b,812b539a-fdd8-4de6-9d6e-d272d5be837c,2026-08-13T05:34:43.790000+00:00,keydown,83,S,,1099.4,,,,,,,,repeated_typing,0,0,,,,,,,,,/app/training,dev_8d63bc2a-6792-425e-980a-35b6849501fe,,,,,,,,,,,,,,,,,,,,,,,,,,,,,,,,,,,,,,,,,,,,,,,,,,,,,,,,,,,,,,,,,,
training_event,training,468f03a2-d7c9-4701-abf8-bb2c692f696b,812b539a-fdd8-4de6-9d6e-d272d5be837c,2026-08-13T05:34:44.209000+00:00,keydown,67,c,,238.3,,,,,,,,repeated_typing,0,0,,,,,,,,,/app/training,dev_8d63bc2a-6792-425e-980a-35b6849501fe,,,,,,,,,,,,,,,,,,,,,,,,,,,,,,,,,,,,,,,,,,,,,,,,,,,,,,,,,,,,,,,,,,
training_event,training,468f03a2-d7c9-4701-abf8-bb2c692f696b,812b539a-fdd8-4de6-9d6e-d272d5be837c,2026-08-13T05:34:44.782000+00:00,keydown,82,r,,235.2,,,,,,,,repeated_typing,0,0,,,,,,,,,/app/training,dev_8d63bc2a-6792-425e-980a-35b6849501fe,,,,,,,,,,,,,,,,,,,,,,,,,,,,,,,,,,,,,,,,,,,,,,,,,,,,,,,,,,,,,,,,,,
training_event,training,468f03a2-d7c9-4701-abf8-bb2c692f696b,d5be29d4-3f54-480e-98c3-20983919df8d,2026-08-13T05:34:50.766000+00:00,keydown,68,d,,828.0,,,,,,,,repeated_typing,0,1,,,,,,,,,/app/training,dev_8d63bc2a-6792-425e-980a-35b6849501fe,,,,,,,,,,,,,,,,,,,,,,,,,,,,,,,,,,,,,,,,,,,,,,,,,,,,,,,,,,,,,,,,,,
training_event,training,468f03a2-d7c9-4701-abf8-bb2c692f696b,d5be29d4-3f54-480e-98c3-20983919df8d,2026-08-13T05:34:55.883000+00:00,keyup,78,,157.8,,,,,,,,,repeated_typing,0,1,,,,,,,,,/app/training,dev_8d63bc2a-6792-425e-980a-35b6849501fe,,,,,,,,,,,,,,,,,,,,,,,,,,,,,,,,,,,,,,,,,,,,,,,,,,,,,,,,,,,,,,,,,,
training_event,training,468f03a2-d7c9-4701-abf8-bb2c692f696b,d5be29d4-3f54-480e-98c3-20983919df8d,2026-08-13T05:34:57.329000+00:00,keyup,65,,184.6,,,,,,,,,repeated_typing,0,1,,,,,,,,,/app/training,dev_8d63bc2a-6792-425e-980a-35b6849501fe,,,,,,,,,,,,,,,,,,,,,,,,,,,,,,,,,,,,,,,,,,,,,,,,,,,,,,,,,,,,,,,,,,
training_event,training,468f03a2-d7c9-4701-abf8-bb2c692f696b,d5be29d4-3f54-480e-98c3-20983919df8d,2026-08-13T05:35:00.305000+00:00,keyup,69,,200.2,,,,,,,,,repeated_typing,0,1,,,,,,,,,/app/training,dev_8d63bc2a-6792-425e-980a-35b6849501fe,,,,,,,,,,,,,,,,,,,,,,,,,,,,,,,,,,,,,,,,,,,,,,,,,,,,,,,,,,,,,,,,,,
training_event,training,468f03a2-d7c9-4701-abf8-bb2c692f696b,d5be29d4-3f54-480e-98c3-20983919df8d,2026-08-13T05:35:01.093000+00:00,keydown,85,u,,276.8,,,,,,,,repeated_typing,0,1,,,,,,,,,/app/training,dev_8d63bc2a-6792-425e-980a-35b6849501fe,,,,,,,,,,,,,,,,,,,,,,,,,,,,,,,,,,,,,,,,,,,,,,,,,,,,,,,,,,,,,,,,,,
training_event,training,468f03a2-d7c9-4701-abf8-bb2c692f696b,d5be29d4-3f54-480e-98c3-20983919df8d,2026-08-13T05:35:04.389000+00:00,keyup,82,,155.2,,,,,,,,,repeated_typing,0,1,,,,,,,,,/app/training,dev_8d63bc2a-6792-425e-980a-35b6849501fe,,,,,,,,,,,,,,,,,,,,,,,,,,,,,,,,,,,,,,,,,,,,,,,,,,,,,,,,,,,,,,,,,,
training_event,training,468f03a2-d7c9-4701-abf8-bb2c692f696b,d5be29d4-3f54-480e-98c3-20983919df8d,2026-08-13T05:35:04.889000+00:00,keydown,89,y,,190.6,,,,,,,,repeated_typing,0,1,,,,,,,,,/app/training,dev_8d63bc2a-6792-425e-980a-35b6849501fe,,,,,,,,,,,,,,,,,,,,,,,,,,,,,,,,,,,,,,,,,,,,,,,,,,,,,,,,,,,,,,,,,,
training_event,training,468f03a2-d7c9-4701-abf8-bb2c692f696b,d5be29d4-3f54-480e-98c3-20983919df8d,2026-08-13T05:34:52.828000+00:00,keydown,86,v,,314.5,,,,,,,,repeated_typing,0,1,,,,,,,,,/app/training,dev_8d63bc2a-6792-425e-980a-35b6849501fe,,,,,,,,,,,,,,,,,,,,,,,,,,,,,,,,,,,,,,,,,,,,,,,,,,,,,,,,,,,,,,,,,,
training_event,training,468f03a2-d7c9-4701-abf8-bb2c692f696b,d5be29d4-3f54-480e-98c3-20983919df8d,2026-08-13T05:34:57.592000+00:00,keydown,75,k,,277.3,,,,,,,,repeated_typing,0,1,,,,,,,,,/app/training,dev_8d63bc2a-6792-425e-980a-35b6849501fe,,,,,,,,,,,,,,,,,,,,,,,,,,,,,,,,,,,,,,,,,,,,,,,,,,,,,,,,,,,,,,,,,,
training_event,training,468f03a2-d7c9-4701-abf8-bb2c692f696b,d5be29d4-3f54-480e-98c3-20983919df8d,2026-08-13T05:34:58.291000+00:00,keydown,71,g,,231.6,,,,,,,,repeated_typing,0,1,,,,,,,,,/app/training,dev_8d63bc2a-6792-425e-980a-35b6849501fe,,,,,,,,,,,,,,,,,,,,,,,,,,,,,,,,,,,,,,,,,,,,,,,,,,,,,,,,,,,,,,,,,,
training_event,training,468f03a2-d7c9-4701-abf8-bb2c692f696b,d5be29d4-3f54-480e-98c3-20983919df8d,2026-08-13T05:35:04.816000+00:00,keyup,84,,117.0,,,,,,,,,repeated_typing,0,1,,,,,,,,,/app/training,dev_8d63bc2a-6792-425e-980a-35b6849501fe,,,,,,,,,,,,,,,,,,,,,,,,,,,,,,,,,,,,,,,,,,,,,,,,,,,,,,,,,,,,,,,,,,
training_event,training,468f03a2-d7c9-4701-abf8-bb2c692f696b,d5be29d4-3f54-480e-98c3-20983919df8d,2026-08-13T05:34:52.967000+00:00,keyup,86,,138.8,,,,,,,,,repeated_typing,0,1,,,,,,,,,/app/training,dev_8d63bc2a-6792-425e-980a-35b6849501fe,,,,,,,,,,,,,,,,,,,,,,,,,,,,,,,,,,,,,,,,,,,,,,,,,,,,,,,,,,,,,,,,,,
training_event,training,468f03a2-d7c9-4701-abf8-bb2c692f696b,d5be29d4-3f54-480e-98c3-20983919df8d,2026-08-13T05:34:52.988000+00:00,keydown,69,e,,159.9,,,,,,,,repeated_typing,0,1,,,,,,,,,/app/training,dev_8d63bc2a-6792-425e-980a-35b6849501fe,,,,,,,,,,,,,,,,,,,,,,,,,,,,,,,,,,,,,,,,,,,,,,,,,,,,,,,,,,,,,,,,,,
training_event,training,468f03a2-d7c9-4701-abf8-bb2c692f696b,d5be29d4-3f54-480e-98c3-20983919df8d,2026-08-13T05:34:54.629000+00:00,keyup,85,,126.6,,,,,,,,,repeated_typing,0,1,,,,,,,,,/app/training,dev_8d63bc2a-6792-425e-980a-35b6849501fe,,,,,,,,,,,,,,,,,,,,,,,,,,,,,,,,,,,,,,,,,,,,,,,,,,,,,,,,,,,,,,,,,,
training_event,training,468f03a2-d7c9-4701-abf8-bb2c692f696b,d5be29d4-3f54-480e-98c3-20983919df8d,2026-08-13T05:34:55.748000+00:00,keyup,65,,179.6,,,,,,,,,repeated_typing,0,1,,,,,,,,,/app/training,dev_8d63bc2a-6792-425e-980a-35b6849501fe,,,,,,,,,,,,,,,,,,,,,,,,,,,,,,,,,,,,,,,,,,,,,,,,,,,,,,,,,,,,,,,,,,
training_event,training,468f03a2-d7c9-4701-abf8-bb2c692f696b,d5be29d4-3f54-480e-98c3-20983919df8d,2026-08-13T05:34:57.817000+00:00,keydown,73,i,,225.8,,,,,,,,repeated_typing,0,1,,,,,,,,,/app/training,dev_8d63bc2a-6792-425e-980a-35b6849501fe,,,,,,,,,,,,,,,,,,,,,,,,,,,,,,,,,,,,,,,,,,,,,,,,,,,,,,,,,,,,,,,,,,
training_event,training,468f03a2-d7c9-4701-abf8-bb2c692f696b,d5be29d4-3f54-480e-98c3-20983919df8d,2026-08-13T05:35:01.220000+00:00,keyup,85,,127.2,,,,,,,,,repeated_typing,0,1,,,,,,,,,/app/training,dev_8d63bc2a-6792-425e-980a-35b6849501fe,,,,,,,,,,,,,,,,,,,,,,,,,,,,,,,,,,,,,,,,,,,,,,,,,,,,,,,,,,,,,,,,,,
training_event,training,468f03a2-d7c9-4701-abf8-bb2c692f696b,d5be29d4-3f54-480e-98c3-20983919df8d,2026-08-13T05:34:54.678000+00:00,keydown,65,a,,176.0,,,,,,,,repeated_typing,0,1,,,,,,,,,/app/training,dev_8d63bc2a-6792-425e-980a-35b6849501fe,,,,,,,,,,,,,,,,,,,,,,,,,,,,,,,,,,,,,,,,,,,,,,,,,,,,,,,,,,,,,,,,,,
training_event,training,468f03a2-d7c9-4701-abf8-bb2c692f696b,d5be29d4-3f54-480e-98c3-20983919df8d,2026-08-13T05:34:56.605000+00:00,keyup,32,,150.0,,,,,,,,,repeated_typing,0,1,,,,,,,,,/app/training,dev_8d63bc2a-6792-425e-980a-35b6849501fe,,,,,,,,,,,,,,,,,,,,,,,,,,,,,,,,,,,,,,,,,,,,,,,,,,,,,,,,,,,,,,,,,,
training_event,training,468f03a2-d7c9-4701-abf8-bb2c692f696b,d5be29d4-3f54-480e-98c3-20983919df8d,2026-08-13T05:34:57.430000+00:00,keyup,78,,115.3,,,,,,,,,repeated_typing,0,1,,,,,,,,,/app/training,dev_8d63bc2a-6792-425e-980a-35b6849501fe,,,,,,,,,,,,,,,,,,,,,,,,,,,,,,,,,,,,,,,,,,,,,,,,,,,,,,,,,,,,,,,,,,
training_event,training,468f03a2-d7c9-4701-abf8-bb2c692f696b,d5be29d4-3f54-480e-98c3-20983919df8d,2026-08-13T05:35:03.544000+00:00,keydown,8,,,784.8,,,,,,,,repeated_typing,0,1,,,,,,,,,/app/training,dev_8d63bc2a-6792-425e-980a-35b6849501fe,,,,,,,,,,,,,,,,,,,,,,,,,,,,,,,,,,,,,,,,,,,,,,,,,,,,,,,,,,,,,,,,,,
training_event,training,468f03a2-d7c9-4701-abf8-bb2c692f696b,d5be29d4-3f54-480e-98c3-20983919df8d,2026-08-13T05:35:04.234000+00:00,keydown,82,r,,689.7,,,,,,,,repeated_typing,0,1,,,,,,,,,/app/training,dev_8d63bc2a-6792-425e-980a-35b6849501fe,,,,,,,,,,,,,,,,,,,,,,,,,,,,,,,,,,,,,,,,,,,,,,,,,,,,,,,,,,,,,,,,,,
training_event,training,468f03a2-d7c9-4701-abf8-bb2c692f696b,d5be29d4-3f54-480e-98c3-20983919df8d,2026-08-13T05:34:55.524000+00:00,keyup,73,,178.0,,,,,,,,,repeated_typing,0,1,,,,,,,,,/app/training,dev_8d63bc2a-6792-425e-980a-35b6849501fe,,,,,,,,,,,,,,,,,,,,,,,,,,,,,,,,,,,,,,,,,,,,,,,,,,,,,,,,,,,,,,,,,,
training_event,training,468f03a2-d7c9-4701-abf8-bb2c692f696b,d5be29d4-3f54-480e-98c3-20983919df8d,2026-08-13T05:34:57.041000+00:00,keyup,66,,144.6,,,,,,,,,repeated_typing,0,1,,,,,,,,,/app/training,dev_8d63bc2a-6792-425e-980a-35b6849501fe,,,,,,,,,,,,,,,,,,,,,,,,,,,,,,,,,,,,,,,,,,,,,,,,,,,,,,,,,,,,,,,,,,
training_event,training,468f03a2-d7c9-4701-abf8-bb2c692f696b,d5be29d4-3f54-480e-98c3-20983919df8d,2026-08-13T05:34:57.720000+00:00,keyup,75,,128.6,,,,,,,,,repeated_typing,0,1,,,,,,,,,/app/training,dev_8d63bc2a-6792-425e-980a-35b6849501fe,,,,,,,,,,,,,,,,,,,,,,,,,,,,,,,,,,,,,,,,,,,,,,,,,,,,,,,,,,,,,,,,,,
training_event,training,468f03a2-d7c9-4701-abf8-bb2c692f696b,d5be29d4-3f54-480e-98c3-20983919df8d,2026-08-13T05:34:59.697000+00:00,keyup,83,,134.2,,,,,,,,,repeated_typing,0,1,,,,,,,,,/app/training,dev_8d63bc2a-6792-425e-980a-35b6849501fe,,,,,,,,,,,,,,,,,,,,,,,,,,,,,,,,,,,,,,,,,,,,,,,,,,,,,,,,,,,,,,,,,,
training_event,training,468f03a2-d7c9-4701-abf8-bb2c692f696b,d5be29d4-3f54-480e-98c3-20983919df8d,2026-08-13T05:34:51.876000+00:00,keyup,65,,172.0,,,,,,,,,repeated_typing,0,1,,,,,,,,,/app/training,dev_8d63bc2a-6792-425e-980a-35b6849501fe,,,,,,,,,,,,,,,,,,,,,,,,,,,,,,,,,,,,,,,,,,,,,,,,,,,,,,,,,,,,,,,,,,
training_event,training,468f03a2-d7c9-4701-abf8-bb2c692f696b,d5be29d4-3f54-480e-98c3-20983919df8d,2026-08-13T05:34:52.513000+00:00,keydown,73,i,,155.6,,,,,,,,repeated_typing,0,1,,,,,,,,,/app/training,dev_8d63bc2a-6792-425e-980a-35b6849501fe,,,,,,,,,,,,,,,,,,,,,,,,,,,,,,,,,,,,,,,,,,,,,,,,,,,,,,,,,,,,,,,,,,
training_event,training,468f03a2-d7c9-4701-abf8-bb2c692f696b,d5be29d4-3f54-480e-98c3-20983919df8d,2026-08-13T05:34:53.127000+00:00,keyup,69,,139.2,,,,,,,,,repeated_typing,0,1,,,,,,,,,/app/training,dev_8d63bc2a-6792-425e-980a-35b6849501fe,,,,,,,,,,,,,,,,,,,,,,,,,,,,,,,,,,,,,,,,,,,,,,,,,,,,,,,,,,,,,,,,,,
training_event,training,468f03a2-d7c9-4701-abf8-bb2c692f696b,d5be29d4-3f54-480e-98c3-20983919df8d,2026-08-13T05:34:54.830000+00:00,keyup,65,,151.6,,,,,,,,,repeated_typing,0,1,,,,,,,,,/app/training,dev_8d63bc2a-6792-425e-980a-35b6849501fe,,,,,,,,,,,,,,,,,,,,,,,,,,,,,,,,,,,,,,,,,,,,,,,,,,,,,,,,,,,,,,,,,,
training_event,training,468f03a2-d7c9-4701-abf8-bb2c692f696b,d5be29d4-3f54-480e-98c3-20983919df8d,2026-08-13T05:34:55.726000+00:00,keydown,78,n,,157.7,,,,,,,,repeated_typing,0,1,,,,,,,,,/app/training,dev_8d63bc2a-6792-425e-980a-35b6849501fe,,,,,,,,,,,,,,,,,,,,,,,,,,,,,,,,,,,,,,,,,,,,,,,,,,,,,,,,,,,,,,,,,,
training_event,training,468f03a2-d7c9-4701-abf8-bb2c692f696b,d5be29d4-3f54-480e-98c3-20983919df8d,2026-08-13T05:34:50.854000+00:00,keyup,68,,88.7,,,,,,,,,repeated_typing,0,1,,,,,,,,,/app/training,dev_8d63bc2a-6792-425e-980a-35b6849501fe,,,,,,,,,,,,,,,,,,,,,,,,,,,,,,,,,,,,,,,,,,,,,,,,,,,,,,,,,,,,,,,,,,
training_event,training,468f03a2-d7c9-4701-abf8-bb2c692f696b,d5be29d4-3f54-480e-98c3-20983919df8d,2026-08-13T05:34:56.455000+00:00,keydown,32, ,,729.2,,,,,,,,repeated_typing,0,1,,,,,,,,,/app/training,dev_8d63bc2a-6792-425e-980a-35b6849501fe,,,,,,,,,,,,,,,,,,,,,,,,,,,,,,,,,,,,,,,,,,,,,,,,,,,,,,,,,,,,,,,,,,
training_event,training,468f03a2-d7c9-4701-abf8-bb2c692f696b,d5be29d4-3f54-480e-98c3-20983919df8d,2026-08-13T05:34:57.314000+00:00,keydown,78,n,,169.7,,,,,,,,repeated_typing,0,1,,,,,,,,,/app/training,dev_8d63bc2a-6792-425e-980a-35b6849501fe,,,,,,,,,,,,,,,,,,,,,,,,,,,,,,,,,,,,,,,,,,,,,,,,,,,,,,,,,,,,,,,,,,
training_event,training,468f03a2-d7c9-4701-abf8-bb2c692f696b,d5be29d4-3f54-480e-98c3-20983919df8d,2026-08-13T05:35:04.528000+00:00,keyup,73,,118.2,,,,,,,,,repeated_typing,0,1,,,,,,,,,/app/training,dev_8d63bc2a-6792-425e-980a-35b6849501fe,,,,,,,,,,,,,,,,,,,,,,,,,,,,,,,,,,,,,,,,,,,,,,,,,,,,,,,,,,,,,,,,,,
training_event,training,468f03a2-d7c9-4701-abf8-bb2c692f696b,d5be29d4-3f54-480e-98c3-20983919df8d,2026-08-13T05:34:54.143000+00:00,keydown,71,G,,1155.1,,,,,,,,repeated_typing,0,1,,,,,,,,,/app/training,dev_8d63bc2a-6792-425e-980a-35b6849501fe,,,,,,,,,,,,,,,,,,,,,,,,,,,,,,,,,,,,,,,,,,,,,,,,,,,,,,,,,,,,,,,,,,
training_event,training,468f03a2-d7c9-4701-abf8-bb2c692f696b,d5be29d4-3f54-480e-98c3-20983919df8d,2026-08-13T05:34:56.897000+00:00,keydown,66,B,,441.8,,,,,,,,repeated_typing,0,1,,,,,,,,,/app/training,dev_8d63bc2a-6792-425e-980a-35b6849501fe,,,,,,,,,,,,,,,,,,,,,,,,,,,,,,,,,,,,,,,,,,,,,,,,,,,,,,,,,,,,,,,,,,
training_event,training,468f03a2-d7c9-4701-abf8-bb2c692f696b,d5be29d4-3f54-480e-98c3-20983919df8d,2026-08-13T05:34:57.911000+00:00,keyup,73,,93.8,,,,,,,,,repeated_typing,0,1,,,,,,,,,/app/training,dev_8d63bc2a-6792-425e-980a-35b6849501fe,,,,,,,,,,,,,,,,,,,,,,,,,,,,,,,,,,,,,,,,,,,,,,,,,,,,,,,,,,,,,,,,,,
training_event,training,468f03a2-d7c9-4701-abf8-bb2c692f696b,d5be29d4-3f54-480e-98c3-20983919df8d,2026-08-13T05:34:58.186000+00:00,keyup,78,,126.9,,,,,,,,,repeated_typing,0,1,,,,,,,,,/app/training,dev_8d63bc2a-6792-425e-980a-35b6849501fe,,,,,,,,,,,,,,,,,,,,,,,,,,,,,,,,,,,,,,,,,,,,,,,,,,,,,,,,,,,,,,,,,,
training_event,training,468f03a2-d7c9-4701-abf8-bb2c692f696b,d5be29d4-3f54-480e-98c3-20983919df8d,2026-08-13T05:35:02.875000+00:00,keyup,84,,115.8,,,,,,,,,repeated_typing,0,1,,,,,,,,,/app/training,dev_8d63bc2a-6792-425e-980a-35b6849501fe,,,,,,,,,,,,,,,,,,,,,,,,,,,,,,,,,,,,,,,,,,,,,,,,,,,,,,,,,,,,,,,,,,
training_event,training,468f03a2-d7c9-4701-abf8-bb2c692f696b,d5be29d4-3f54-480e-98c3-20983919df8d,2026-08-13T05:34:52.358000+00:00,keydown,84,t,,331.3,,,,,,,,repeated_typing,0,1,,,,,,,,,/app/training,dev_8d63bc2a-6792-425e-980a-35b6849501fe,,,,,,,,,,,,,,,,,,,,,,,,,,,,,,,,,,,,,,,,,,,,,,,,,,,,,,,,,,,,,,,,,,
training_event,training,468f03a2-d7c9-4701-abf8-bb2c692f696b,d5be29d4-3f54-480e-98c3-20983919df8d,2026-08-13T05:34:59.146000+00:00,keyup,32,,137.7,,,,,,,,,repeated_typing,0,1,,,,,,,,,/app/training,dev_8d63bc2a-6792-425e-980a-35b6849501fe,,,,,,,,,,,,,,,,,,,,,,,,,,,,,,,,,,,,,,,,,,,,,,,,,,,,,,,,,,,,,,,,,,
training_event,training,468f03a2-d7c9-4701-abf8-bb2c692f696b,d5be29d4-3f54-480e-98c3-20983919df8d,2026-08-13T05:35:00.105000+00:00,keydown,69,e,,542.7,,,,,,,,repeated_typing,0,1,,,,,,,,,/app/training,dev_8d63bc2a-6792-425e-980a-35b6849501fe,,,,,,,,,,,,,,,,,,,,,,,,,,,,,,,,,,,,,,,,,,,,,,,,,,,,,,,,,,,,,,,,,,
training_event,training,468f03a2-d7c9-4701-abf8-bb2c692f696b,d5be29d4-3f54-480e-98c3-20983919df8d,2026-08-13T05:34:59.562000+00:00,keydown,83,S,,553.8,,,,,,,,repeated_typing,0,1,,,,,,,,,/app/training,dev_8d63bc2a-6792-425e-980a-35b6849501fe,,,,,,,,,,,,,,,,,,,,,,,,,,,,,,,,,,,,,,,,,,,,,,,,,,,,,,,,,,,,,,,,,,
training_event,training,468f03a2-d7c9-4701-abf8-bb2c692f696b,d5be29d4-3f54-480e-98c3-20983919df8d,2026-08-13T05:34:59.009000+00:00,keydown,32, ,,717.5,,,,,,,,repeated_typing,0,1,,,,,,,,,/app/training,dev_8d63bc2a-6792-425e-980a-35b6849501fe,,,,,,,,,,,,,,,,,,,,,,,,,,,,,,,,,,,,,,,,,,,,,,,,,,,,,,,,,,,,,,,,,,
training_event,training,468f03a2-d7c9-4701-abf8-bb2c692f696b,d5be29d4-3f54-480e-98c3-20983919df8d,2026-08-13T05:34:49.938000+00:00,keydown,65,A,,,,,,,,,,repeated_typing,0,1,,,,,,,,,/app/training,dev_8d63bc2a-6792-425e-980a-35b6849501fe,,,,,,,,,,,,,,,,,,,,,,,,,,,,,,,,,,,,,,,,,,,,,,,,,,,,,,,,,,,,,,,,,,
training_event,training,468f03a2-d7c9-4701-abf8-bb2c692f696b,d5be29d4-3f54-480e-98c3-20983919df8d,2026-08-13T05:34:54.899000+00:00,keydown,82,r,,221.0,,,,,,,,repeated_typing,0,1,,,,,,,,,/app/training,dev_8d63bc2a-6792-425e-980a-35b6849501fe,,,,,,,,,,,,,,,,,,,,,,,,,,,,,,,,,,,,,,,,,,,,,,,,,,,,,,,,,,,,,,,,,,
training_event,training,468f03a2-d7c9-4701-abf8-bb2c692f696b,d5be29d4-3f54-480e-98c3-20983919df8d,2026-08-13T05:35:00.966000+00:00,keyup,67,,149.4,,,,,,,,,repeated_typing,0,1,,,,,,,,,/app/training,dev_8d63bc2a-6792-425e-980a-35b6849501fe,,,,,,,,,,,,,,,,,,,,,,,,,,,,,,,,,,,,,,,,,,,,,,,,,,,,,,,,,,,,,,,,,,
training_event,training,468f03a2-d7c9-4701-abf8-bb2c692f696b,d5be29d4-3f54-480e-98c3-20983919df8d,2026-08-13T05:34:55.225000+00:00,keyup,68,,156.7,,,,,,,,,repeated_typing,0,1,,,,,,,,,/app/training,dev_8d63bc2a-6792-425e-980a-35b6849501fe,,,,,,,,,,,,,,,,,,,,,,,,,,,,,,,,,,,,,,,,,,,,,,,,,,,,,,,,,,,,,,,,,,
training_event,training,468f03a2-d7c9-4701-abf8-bb2c692f696b,d5be29d4-3f54-480e-98c3-20983919df8d,2026-08-13T05:34:57.145000+00:00,keydown,65,a,,248.0,,,,,,,,repeated_typing,0,1,,,,,,,,,/app/training,dev_8d63bc2a-6792-425e-980a-35b6849501fe,,,,,,,,,,,,,,,,,,,,,,,,,,,,,,,,,,,,,,,,,,,,,,,,,,,,,,,,,,,,,,,,,,
training_event,training,468f03a2-d7c9-4701-abf8-bb2c692f696b,d5be29d4-3f54-480e-98c3-20983919df8d,2026-08-13T05:34:52.521000+00:00,keyup,84,,163.4,,,,,,,,,repeated_typing,0,1,,,,,,,,,/app/training,dev_8d63bc2a-6792-425e-980a-35b6849501fe,,,,,,,,,,,,,,,,,,,,,,,,,,,,,,,,,,,,,,,,,,,,,,,,,,,,,,,,,,,,,,,,,,
training_event,training,468f03a2-d7c9-4701-abf8-bb2c692f696b,d5be29d4-3f54-480e-98c3-20983919df8d,2026-08-13T05:34:54.502000+00:00,keydown,85,u,,359.3,,,,,,,,repeated_typing,0,1,,,,,,,,,/app/training,dev_8d63bc2a-6792-425e-980a-35b6849501fe,,,,,,,,,,,,,,,,,,,,,,,,,,,,,,,,,,,,,,,,,,,,,,,,,,,,,,,,,,,,,,,,,,
training_event,training,468f03a2-d7c9-4701-abf8-bb2c692f696b,d5be29d4-3f54-480e-98c3-20983919df8d,2026-08-13T05:35:00.816000+00:00,keydown,67,c,,711.2,,,,,,,,repeated_typing,0,1,,,,,,,,,/app/training,dev_8d63bc2a-6792-425e-980a-35b6849501fe,,,,,,,,,,,,,,,,,,,,,,,,,,,,,,,,,,,,,,,,,,,,,,,,,,,,,,,,,,,,,,,,,,
training_event,training,468f03a2-d7c9-4701-abf8-bb2c692f696b,d5be29d4-3f54-480e-98c3-20983919df8d,2026-08-13T05:35:02.759000+00:00,keydown,84,t,,1666.1,,,,,,,,repeated_typing,0,1,,,,,,,,,/app/training,dev_8d63bc2a-6792-425e-980a-35b6849501fe,,,,,,,,,,,,,,,,,,,,,,,,,,,,,,,,,,,,,,,,,,,,,,,,,,,,,,,,,,,,,,,,,,
training_event,training,468f03a2-d7c9-4701-abf8-bb2c692f696b,d5be29d4-3f54-480e-98c3-20983919df8d,2026-08-13T05:35:03.724000+00:00,keyup,8,,180.2,,,,,,,,,repeated_typing,0,1,,,,,,,,,/app/training,dev_8d63bc2a-6792-425e-980a-35b6849501fe,,,,,,,,,,,,,,,,,,,,,,,,,,,,,,,,,,,,,,,,,,,,,,,,,,,,,,,,,,,,,,,,,,
training_event,training,468f03a2-d7c9-4701-abf8-bb2c692f696b,d5be29d4-3f54-480e-98c3-20983919df8d,2026-08-13T05:35:04.699000+00:00,keydown,84,t,,288.8,,,,,,,,repeated_typing,0,1,,,,,,,,,/app/training,dev_8d63bc2a-6792-425e-980a-35b6849501fe,,,,,,,,,,,,,,,,,,,,,,,,,,,,,,,,,,,,,,,,,,,,,,,,,,,,,,,,,,,,,,,,,,
training_event,training,468f03a2-d7c9-4701-abf8-bb2c692f696b,d5be29d4-3f54-480e-98c3-20983919df8d,2026-08-13T05:34:50.089000+00:00,keyup,65,,151.0,,,,,,,,,repeated_typing,0,1,,,,,,,,,/app/training,dev_8d63bc2a-6792-425e-980a-35b6849501fe,,,,,,,,,,,,,,,,,,,,,,,,,,,,,,,,,,,,,,,,,,,,,,,,,,,,,,,,,,,,,,,,,,
training_event,training,468f03a2-d7c9-4701-abf8-bb2c692f696b,d5be29d4-3f54-480e-98c3-20983919df8d,2026-08-13T05:34:51.704000+00:00,keydown,65,a,,938.2,,,,,,,,repeated_typing,0,1,,,,,,,,,/app/training,dev_8d63bc2a-6792-425e-980a-35b6849501fe,,,,,,,,,,,,,,,,,,,,,,,,,,,,,,,,,,,,,,,,,,,,,,,,,,,,,,,,,,,,,,,,,,
training_event,training,468f03a2-d7c9-4701-abf8-bb2c692f696b,d5be29d4-3f54-480e-98c3-20983919df8d,2026-08-13T05:34:52.178000+00:00,keyup,80,,151.0,,,,,,,,,repeated_typing,0,1,,,,,,,,,/app/training,dev_8d63bc2a-6792-425e-980a-35b6849501fe,,,,,,,,,,,,,,,,,,,,,,,,,,,,,,,,,,,,,,,,,,,,,,,,,,,,,,,,,,,,,,,,,,
training_event,training,468f03a2-d7c9-4701-abf8-bb2c692f696b,d5be29d4-3f54-480e-98c3-20983919df8d,2026-08-13T05:34:54.264000+00:00,keyup,71,,121.5,,,,,,,,,repeated_typing,0,1,,,,,,,,,/app/training,dev_8d63bc2a-6792-425e-980a-35b6849501fe,,,,,,,,,,,,,,,,,,,,,,,,,,,,,,,,,,,,,,,,,,,,,,,,,,,,,,,,,,,,,,,,,,
training_event,training,468f03a2-d7c9-4701-abf8-bb2c692f696b,d5be29d4-3f54-480e-98c3-20983919df8d,2026-08-13T05:34:55.011000+00:00,keyup,82,,111.6,,,,,,,,,repeated_typing,0,1,,,,,,,,,/app/training,dev_8d63bc2a-6792-425e-980a-35b6849501fe,,,,,,,,,,,,,,,,,,,,,,,,,,,,,,,,,,,,,,,,,,,,,,,,,,,,,,,,,,,,,,,,,,
training_event,training,468f03a2-d7c9-4701-abf8-bb2c692f696b,d5be29d4-3f54-480e-98c3-20983919df8d,2026-08-13T05:34:55.068000+00:00,keydown,68,d,,169.1,,,,,,,,repeated_typing,0,1,,,,,,,,,/app/training,dev_8d63bc2a-6792-425e-980a-35b6849501fe,,,,,,,,,,,,,,,,,,,,,,,,,,,,,,,,,,,,,,,,,,,,,,,,,,,,,,,,,,,,,,,,,,
training_event,training,468f03a2-d7c9-4701-abf8-bb2c692f696b,d5be29d4-3f54-480e-98c3-20983919df8d,2026-08-13T05:34:55.346000+00:00,keydown,73,i,,277.6,,,,,,,,repeated_typing,0,1,,,,,,,,,/app/training,dev_8d63bc2a-6792-425e-980a-35b6849501fe,,,,,,,,,,,,,,,,,,,,,,,,,,,,,,,,,,,,,,,,,,,,,,,,,,,,,,,,,,,,,,,,,,
training_event,training,468f03a2-d7c9-4701-abf8-bb2c692f696b,d5be29d4-3f54-480e-98c3-20983919df8d,2026-08-13T05:34:55.568000+00:00,keydown,65,a,,222.0,,,,,,,,repeated_typing,0,1,,,,,,,,,/app/training,dev_8d63bc2a-6792-425e-980a-35b6849501fe,,,,,,,,,,,,,,,,,,,,,,,,,,,,,,,,,,,,,,,,,,,,,,,,,,,,,,,,,,,,,,,,,,
training_event,training,468f03a2-d7c9-4701-abf8-bb2c692f696b,d5be29d4-3f54-480e-98c3-20983919df8d,2026-08-13T05:34:58.059000+00:00,keydown,78,n,,242.1,,,,,,,,repeated_typing,0,1,,,,,,,,,/app/training,dev_8d63bc2a-6792-425e-980a-35b6849501fe,,,,,,,,,,,,,,,,,,,,,,,,,,,,,,,,,,,,,,,,,,,,,,,,,,,,,,,,,,,,,,,,,,
training_event,training,468f03a2-d7c9-4701-abf8-bb2c692f696b,d5be29d4-3f54-480e-98c3-20983919df8d,2026-08-13T05:35:04.410000+00:00,keydown,73,i,,176.2,,,,,,,,repeated_typing,0,1,,,,,,,,,/app/training,dev_8d63bc2a-6792-425e-980a-35b6849501fe,,,,,,,,,,,,,,,,,,,,,,,,,,,,,,,,,,,,,,,,,,,,,,,,,,,,,,,,,,,,,,,,,,
training_event,training,468f03a2-d7c9-4701-abf8-bb2c692f696b,d5be29d4-3f54-480e-98c3-20983919df8d,2026-08-13T05:34:52.027000+00:00,keydown,80,p,,322.7,,,,,,,,repeated_typing,0,1,,,,,,,,,/app/training,dev_8d63bc2a-6792-425e-980a-35b6849501fe,,,,,,,,,,,,,,,,,,,,,,,,,,,,,,,,,,,,,,,,,,,,,,,,,,,,,,,,,,,,,,,,,,
training_event,training,468f03a2-d7c9-4701-abf8-bb2c692f696b,d5be29d4-3f54-480e-98c3-20983919df8d,2026-08-13T05:34:52.645000+00:00,keyup,73,,131.4,,,,,,,,,repeated_typing,0,1,,,,,,,,,/app/training,dev_8d63bc2a-6792-425e-980a-35b6849501fe,,,,,,,,,,,,,,,,,,,,,,,,,,,,,,,,,,,,,,,,,,,,,,,,,,,,,,,,,,,,,,,,,,
training_event,training,468f03a2-d7c9-4701-abf8-bb2c692f696b,d5be29d4-3f54-480e-98c3-20983919df8d,2026-08-13T05:34:58.400000+00:00,keyup,71,,109.0,,,,,,,,,repeated_typing,0,1,,,,,,,,,/app/training,dev_8d63bc2a-6792-425e-980a-35b6849501fe,,,,,,,,,,,,,,,,,,,,,,,,,,,,,,,,,,,,,,,,,,,,,,,,,,,,,,,,,,,,,,,,,,
training_event,training,468f03a2-d7c9-4701-abf8-bb2c692f696b,11f52f7a-68d3-4d53-8c90-7a3fb90317bc,2026-08-13T05:35:22.847000+00:00,keyup,73,,121.5,,,,,,,,,repeated_typing,0,2,,,,,,,,,/app/training,dev_8d63bc2a-6792-425e-980a-35b6849501fe,,,,,,,,,,,,,,,,,,,,,,,,,,,,,,,,,,,,,,,,,,,,,,,,,,,,,,,,,,,,,,,,,,
training_event,training,468f03a2-d7c9-4701-abf8-bb2c692f696b,11f52f7a-68d3-4d53-8c90-7a3fb90317bc,2026-08-13T05:35:29.082000+00:00,keyup,32,,138.2,,,,,,,,,repeated_typing,0,2,,,,,,,,,/app/training,dev_8d63bc2a-6792-425e-980a-35b6849501fe,,,,,,,,,,,,,,,,,,,,,,,,,,,,,,,,,,,,,,,,,,,,,,,,,,,,,,,,,,,,,,,,,,
training_event,training,468f03a2-d7c9-4701-abf8-bb2c692f696b,11f52f7a-68d3-4d53-8c90-7a3fb90317bc,2026-08-13T05:35:29.854000+00:00,keyup,83,,117.1,,,,,,,,,repeated_typing,0,2,,,,,,,,,/app/training,dev_8d63bc2a-6792-425e-980a-35b6849501fe,,,,,,,,,,,,,,,,,,,,,,,,,,,,,,,,,,,,,,,,,,,,,,,,,,,,,,,,,,,,,,,,,,
training_event,training,468f03a2-d7c9-4701-abf8-bb2c692f696b,11f52f7a-68d3-4d53-8c90-7a3fb90317bc,2026-08-13T05:35:21.787000+00:00,keyup,68,,129.7,,,,,,,,,repeated_typing,0,2,,,,,,,,,/app/training,dev_8d63bc2a-6792-425e-980a-35b6849501fe,,,,,,,,,,,,,,,,,,,,,,,,,,,,,,,,,,,,,,,,,,,,,,,,,,,,,,,,,,,,,,,,,,
training_event,training,468f03a2-d7c9-4701-abf8-bb2c692f696b,11f52f7a-68d3-4d53-8c90-7a3fb90317bc,2026-08-13T05:35:23.043000+00:00,keydown,86,v,,317.6,,,,,,,,repeated_typing,0,2,,,,,,,,,/app/training,dev_8d63bc2a-6792-425e-980a-35b6849501fe,,,,,,,,,,,,,,,,,,,,,,,,,,,,,,,,,,,,,,,,,,,,,,,,,,,,,,,,,,,,,,,,,,
training_event,training,468f03a2-d7c9-4701-abf8-bb2c692f696b,11f52f7a-68d3-4d53-8c90-7a3fb90317bc,2026-08-13T05:35:28.163000+00:00,keydown,75,k,,274.6,,,,,,,,repeated_typing,0,2,,,,,,,,,/app/training,dev_8d63bc2a-6792-425e-980a-35b6849501fe,,,,,,,,,,,,,,,,,,,,,,,,,,,,,,,,,,,,,,,,,,,,,,,,,,,,,,,,,,,,,,,,,,
training_event,training,468f03a2-d7c9-4701-abf8-bb2c692f696b,11f52f7a-68d3-4d53-8c90-7a3fb90317bc,2026-08-13T05:35:31.103000+00:00,keydown,73,i,,184.3,,,,,,,,repeated_typing,0,2,,,,,,,,,/app/training,dev_8d63bc2a-6792-425e-980a-35b6849501fe,,,,,,,,,,,,,,,,,,,,,,,,,,,,,,,,,,,,,,,,,,,,,,,,,,,,,,,,,,,,,,,,,,
training_event,training,468f03a2-d7c9-4701-abf8-bb2c692f696b,11f52f7a-68d3-4d53-8c90-7a3fb90317bc,2026-08-13T05:35:23.363000+00:00,keyup,69,,146.5,,,,,,,,,repeated_typing,0,2,,,,,,,,,/app/training,dev_8d63bc2a-6792-425e-980a-35b6849501fe,,,,,,,,,,,,,,,,,,,,,,,,,,,,,,,,,,,,,,,,,,,,,,,,,,,,,,,,,,,,,,,,,,
training_event,training,468f03a2-d7c9-4701-abf8-bb2c692f696b,11f52f7a-68d3-4d53-8c90-7a3fb90317bc,2026-08-13T05:35:24.935000+00:00,keyup,85,,117.3,,,,,,,,,repeated_typing,0,2,,,,,,,,,/app/training,dev_8d63bc2a-6792-425e-980a-35b6849501fe,,,,,,,,,,,,,,,,,,,,,,,,,,,,,,,,,,,,,,,,,,,,,,,,,,,,,,,,,,,,,,,,,,
training_event,training,468f03a2-d7c9-4701-abf8-bb2c692f696b,11f52f7a-68d3-4d53-8c90-7a3fb90317bc,2026-08-13T05:35:26.851000+00:00,keyup,32,,161.8,,,,,,,,,repeated_typing,0,2,,,,,,,,,/app/training,dev_8d63bc2a-6792-425e-980a-35b6849501fe,,,,,,,,,,,,,,,,,,,,,,,,,,,,,,,,,,,,,,,,,,,,,,,,,,,,,,,,,,,,,,,,,,
training_event,training,468f03a2-d7c9-4701-abf8-bb2c692f696b,11f52f7a-68d3-4d53-8c90-7a3fb90317bc,2026-08-13T05:35:30.599000+00:00,keydown,85,u,,298.3,,,,,,,,repeated_typing,0,2,,,,,,,,,/app/training,dev_8d63bc2a-6792-425e-980a-35b6849501fe,,,,,,,,,,,,,,,,,,,,,,,,,,,,,,,,,,,,,,,,,,,,,,,,,,,,,,,,,,,,,,,,,,
training_event,training,468f03a2-d7c9-4701-abf8-bb2c692f696b,11f52f7a-68d3-4d53-8c90-7a3fb90317bc,2026-08-13T05:35:20.900000+00:00,keydown,65,A,,,,,,,,,,repeated_typing,0,2,,,,,,,,,/app/training,dev_8d63bc2a-6792-425e-980a-35b6849501fe,,,,,,,,,,,,,,,,,,,,,,,,,,,,,,,,,,,,,,,,,,,,,,,,,,,,,,,,,,,,,,,,,,
training_event,training,468f03a2-d7c9-4701-abf8-bb2c692f696b,11f52f7a-68d3-4d53-8c90-7a3fb90317bc,2026-08-13T05:35:22.725000+00:00,keydown,73,i,,145.4,,,,,,,,repeated_typing,0,2,,,,,,,,,/app/training,dev_8d63bc2a-6792-425e-980a-35b6849501fe,,,,,,,,,,,,,,,,,,,,,,,,,,,,,,,,,,,,,,,,,,,,,,,,,,,,,,,,,,,,,,,,,,
training_event,training,468f03a2-d7c9-4701-abf8-bb2c692f696b,11f52f7a-68d3-4d53-8c90-7a3fb90317bc,2026-08-13T05:35:22.757000+00:00,keyup,84,,177.6,,,,,,,,,repeated_typing,0,2,,,,,,,,,/app/training,dev_8d63bc2a-6792-425e-980a-35b6849501fe,,,,,,,,,,,,,,,,,,,,,,,,,,,,,,,,,,,,,,,,,,,,,,,,,,,,,,,,,,,,,,,,,,
training_event,training,468f03a2-d7c9-4701-abf8-bb2c692f696b,11f52f7a-68d3-4d53-8c90-7a3fb90317bc,2026-08-13T05:35:24.519000+00:00,keyup,71,,122.0,,,,,,,,,repeated_typing,0,2,,,,,,,,,/app/training,dev_8d63bc2a-6792-425e-980a-35b6849501fe,,,,,,,,,,,,,,,,,,,,,,,,,,,,,,,,,,,,,,,,,,,,,,,,,,,,,,,,,,,,,,,,,,
training_event,training,468f03a2-d7c9-4701-abf8-bb2c692f696b,11f52f7a-68d3-4d53-8c90-7a3fb90317bc,2026-08-13T05:35:25.184000+00:00,keyup,65,,185.1,,,,,,,,,repeated_typing,0,2,,,,,,,,,/app/training,dev_8d63bc2a-6792-425e-980a-35b6849501fe,,,,,,,,,,,,,,,,,,,,,,,,,,,,,,,,,,,,,,,,,,,,,,,,,,,,,,,,,,,,,,,,,,
training_event,training,468f03a2-d7c9-4701-abf8-bb2c692f696b,11f52f7a-68d3-4d53-8c90-7a3fb90317bc,2026-08-13T05:35:25.869000+00:00,keydown,65,a,,179.4,,,,,,,,repeated_typing,0,2,,,,,,,,,/app/training,dev_8d63bc2a-6792-425e-980a-35b6849501fe,,,,,,,,,,,,,,,,,,,,,,,,,,,,,,,,,,,,,,,,,,,,,,,,,,,,,,,,,,,,,,,,,,
training_event,training,468f03a2-d7c9-4701-abf8-bb2c692f696b,11f52f7a-68d3-4d53-8c90-7a3fb90317bc,2026-08-13T05:35:29.934000+00:00,keydown,69,e,,197.2,,,,,,,,repeated_typing,0,2,,,,,,,,,/app/training,dev_8d63bc2a-6792-425e-980a-35b6849501fe,,,,,,,,,,,,,,,,,,,,,,,,,,,,,,,,,,,,,,,,,,,,,,,,,,,,,,,,,,,,,,,,,,
training_event,training,468f03a2-d7c9-4701-abf8-bb2c692f696b,11f52f7a-68d3-4d53-8c90-7a3fb90317bc,2026-08-13T05:35:26.689000+00:00,keydown,32, ,,701.7,,,,,,,,repeated_typing,0,2,,,,,,,,,/app/training,dev_8d63bc2a-6792-425e-980a-35b6849501fe,,,,,,,,,,,,,,,,,,,,,,,,,,,,,,,,,,,,,,,,,,,,,,,,,,,,,,,,,,,,,,,,,,
training_event,training,468f03a2-d7c9-4701-abf8-bb2c692f696b,11f52f7a-68d3-4d53-8c90-7a3fb90317bc,2026-08-13T05:35:22.580000+00:00,keydown,84,t,,324.9,,,,,,,,repeated_typing,0,2,,,,,,,,,/app/training,dev_8d63bc2a-6792-425e-980a-35b6849501fe,,,,,,,,,,,,,,,,,,,,,,,,,,,,,,,,,,,,,,,,,,,,,,,,,,,,,,,,,,,,,,,,,,
training_event,training,468f03a2-d7c9-4701-abf8-bb2c692f696b,11f52f7a-68d3-4d53-8c90-7a3fb90317bc,2026-08-13T05:35:27.991000+00:00,keyup,78,,103.4,,,,,,,,,repeated_typing,0,2,,,,,,,,,/app/training,dev_8d63bc2a-6792-425e-980a-35b6849501fe,,,,,,,,,,,,,,,,,,,,,,,,,,,,,,,,,,,,,,,,,,,,,,,,,,,,,,,,,,,,,,,,,,
training_event,training,468f03a2-d7c9-4701-abf8-bb2c692f696b,11f52f7a-68d3-4d53-8c90-7a3fb90317bc,2026-08-13T05:35:24.818000+00:00,keydown,85,u,,420.6,,,,,,,,repeated_typing,0,2,,,,,,,,,/app/training,dev_8d63bc2a-6792-425e-980a-35b6849501fe,,,,,,,,,,,,,,,,,,,,,,,,,,,,,,,,,,,,,,,,,,,,,,,,,,,,,,,,,,,,,,,,,,
training_event,training,468f03a2-d7c9-4701-abf8-bb2c692f696b,11f52f7a-68d3-4d53-8c90-7a3fb90317bc,2026-08-13T05:35:26.153000+00:00,keyup,78,,165.5,,,,,,,,,repeated_typing,0,2,,,,,,,,,/app/training,dev_8d63bc2a-6792-425e-980a-35b6849501fe,,,,,,,,,,,,,,,,,,,,,,,,,,,,,,,,,,,,,,,,,,,,,,,,,,,,,,,,,,,,,,,,,,
training_event,training,468f03a2-d7c9-4701-abf8-bb2c692f696b,11f52f7a-68d3-4d53-8c90-7a3fb90317bc,2026-08-13T05:35:28.298000+00:00,keyup,75,,134.9,,,,,,,,,repeated_typing,0,2,,,,,,,,,/app/training,dev_8d63bc2a-6792-425e-980a-35b6849501fe,,,,,,,,,,,,,,,,,,,,,,,,,,,,,,,,,,,,,,,,,,,,,,,,,,,,,,,,,,,,,,,,,,
training_event,training,468f03a2-d7c9-4701-abf8-bb2c692f696b,11f52f7a-68d3-4d53-8c90-7a3fb90317bc,2026-08-13T05:35:28.619000+00:00,keydown,78,n,,238.5,,,,,,,,repeated_typing,0,2,,,,,,,,,/app/training,dev_8d63bc2a-6792-425e-980a-35b6849501fe,,,,,,,,,,,,,,,,,,,,,,,,,,,,,,,,,,,,,,,,,,,,,,,,,,,,,,,,,,,,,,,,,,
training_event,training,468f03a2-d7c9-4701-abf8-bb2c692f696b,11f52f7a-68d3-4d53-8c90-7a3fb90317bc,2026-08-13T05:35:21.951000+00:00,keydown,65,a,,294.4,,,,,,,,repeated_typing,0,2,,,,,,,,,/app/training,dev_8d63bc2a-6792-425e-980a-35b6849501fe,,,,,,,,,,,,,,,,,,,,,,,,,,,,,,,,,,,,,,,,,,,,,,,,,,,,,,,,,,,,,,,,,,
training_event,training,468f03a2-d7c9-4701-abf8-bb2c692f696b,11f52f7a-68d3-4d53-8c90-7a3fb90317bc,2026-08-13T05:35:22.394000+00:00,keyup,80,,139.4,,,,,,,,,repeated_typing,0,2,,,,,,,,,/app/training,dev_8d63bc2a-6792-425e-980a-35b6849501fe,,,,,,,,,,,,,,,,,,,,,,,,,,,,,,,,,,,,,,,,,,,,,,,,,,,,,,,,,,,,,,,,,,
training_event,training,468f03a2-d7c9-4701-abf8-bb2c692f696b,11f52f7a-68d3-4d53-8c90-7a3fb90317bc,2026-08-13T05:35:25.415000+00:00,keydown,68,d,,220.4,,,,,,,,repeated_typing,0,2,,,,,,,,,/app/training,dev_8d63bc2a-6792-425e-980a-35b6849501fe,,,,,,,,,,,,,,,,,,,,,,,,,,,,,,,,,,,,,,,,,,,,,,,,,,,,,,,,,,,,,,,,,,
training_event,training,468f03a2-d7c9-4701-abf8-bb2c692f696b,11f52f7a-68d3-4d53-8c90-7a3fb90317bc,2026-08-13T05:35:27.549000+00:00,keyup,65,,192.8,,,,,,,,,repeated_typing,0,2,,,,,,,,,/app/training,dev_8d63bc2a-6792-425e-980a-35b6849501fe,,,,,,,,,,,,,,,,,,,,,,,,,,,,,,,,,,,,,,,,,,,,,,,,,,,,,,,,,,,,,,,,,,
training_event,training,468f03a2-d7c9-4701-abf8-bb2c692f696b,11f52f7a-68d3-4d53-8c90-7a3fb90317bc,2026-08-13T05:35:30.051000+00:00,keyup,69,,116.9,,,,,,,,,repeated_typing,0,2,,,,,,,,,/app/training,dev_8d63bc2a-6792-425e-980a-35b6849501fe,,,,,,,,,,,,,,,,,,,,,,,,,,,,,,,,,,,,,,,,,,,,,,,,,,,,,,,,,,,,,,,,,,
training_event,training,468f03a2-d7c9-4701-abf8-bb2c692f696b,11f52f7a-68d3-4d53-8c90-7a3fb90317bc,2026-08-13T05:35:25.570000+00:00,keyup,68,,154.5,,,,,,,,,repeated_typing,0,2,,,,,,,,,/app/training,dev_8d63bc2a-6792-425e-980a-35b6849501fe,,,,,,,,,,,,,,,,,,,,,,,,,,,,,,,,,,,,,,,,,,,,,,,,,,,,,,,,,,,,,,,,,,
training_event,training,468f03a2-d7c9-4701-abf8-bb2c692f696b,11f52f7a-68d3-4d53-8c90-7a3fb90317bc,2026-08-13T05:35:25.987000+00:00,keydown,78,n,,117.8,,,,,,,,repeated_typing,0,2,,,,,,,,,/app/training,dev_8d63bc2a-6792-425e-980a-35b6849501fe,,,,,,,,,,,,,,,,,,,,,,,,,,,,,,,,,,,,,,,,,,,,,,,,,,,,,,,,,,,,,,,,,,
training_event,training,468f03a2-d7c9-4701-abf8-bb2c692f696b,11f52f7a-68d3-4d53-8c90-7a3fb90317bc,2026-08-13T05:35:27.278000+00:00,keyup,66,,130.1,,,,,,,,,repeated_typing,0,2,,,,,,,,,/app/training,dev_8d63bc2a-6792-425e-980a-35b6849501fe,,,,,,,,,,,,,,,,,,,,,,,,,,,,,,,,,,,,,,,,,,,,,,,,,,,,,,,,,,,,,,,,,,
training_event,training,468f03a2-d7c9-4701-abf8-bb2c692f696b,11f52f7a-68d3-4d53-8c90-7a3fb90317bc,2026-08-13T05:35:28.848000+00:00,keydown,71,g,,228.2,,,,,,,,repeated_typing,0,2,,,,,,,,,/app/training,dev_8d63bc2a-6792-425e-980a-35b6849501fe,,,,,,,,,,,,,,,,,,,,,,,,,,,,,,,,,,,,,,,,,,,,,,,,,,,,,,,,,,,,,,,,,,
training_event,training,468f03a2-d7c9-4701-abf8-bb2c692f696b,11f52f7a-68d3-4d53-8c90-7a3fb90317bc,2026-08-13T05:35:29.736000+00:00,keydown,83,S,,792.5,,,,,,,,repeated_typing,0,2,,,,,,,,,/app/training,dev_8d63bc2a-6792-425e-980a-35b6849501fe,,,,,,,,,,,,,,,,,,,,,,,,,,,,,,,,,,,,,,,,,,,,,,,,,,,,,,,,,,,,,,,,,,
training_event,training,468f03a2-d7c9-4701-abf8-bb2c692f696b,11f52f7a-68d3-4d53-8c90-7a3fb90317bc,2026-08-13T05:35:30.300000+00:00,keydown,67,c,,366.5,,,,,,,,repeated_typing,0,2,,,,,,,,,/app/training,dev_8d63bc2a-6792-425e-980a-35b6849501fe,,,,,,,,,,,,,,,,,,,,,,,,,,,,,,,,,,,,,,,,,,,,,,,,,,,,,,,,,,,,,,,,,,
training_event,training,468f03a2-d7c9-4701-abf8-bb2c692f696b,11f52f7a-68d3-4d53-8c90-7a3fb90317bc,2026-08-13T05:35:30.466000+00:00,keyup,67,,165.7,,,,,,,,,repeated_typing,0,2,,,,,,,,,/app/training,dev_8d63bc2a-6792-425e-980a-35b6849501fe,,,,,,,,,,,,,,,,,,,,,,,,,,,,,,,,,,,,,,,,,,,,,,,,,,,,,,,,,,,,,,,,,,
training_event,training,468f03a2-d7c9-4701-abf8-bb2c692f696b,11f52f7a-68d3-4d53-8c90-7a3fb90317bc,2026-08-13T05:35:21.080000+00:00,keyup,65,,180.7,,,,,,,,,repeated_typing,0,2,,,,,,,,,/app/training,dev_8d63bc2a-6792-425e-980a-35b6849501fe,,,,,,,,,,,,,,,,,,,,,,,,,,,,,,,,,,,,,,,,,,,,,,,,,,,,,,,,,,,,,,,,,,
training_event,training,468f03a2-d7c9-4701-abf8-bb2c692f696b,11f52f7a-68d3-4d53-8c90-7a3fb90317bc,2026-08-13T05:35:24.397000+00:00,keydown,71,G,,1180.4,,,,,,,,repeated_typing,0,2,,,,,,,,,/app/training,dev_8d63bc2a-6792-425e-980a-35b6849501fe,,,,,,,,,,,,,,,,,,,,,,,,,,,,,,,,,,,,,,,,,,,,,,,,,,,,,,,,,,,,,,,,,,
training_event,training,468f03a2-d7c9-4701-abf8-bb2c692f696b,11f52f7a-68d3-4d53-8c90-7a3fb90317bc,2026-08-13T05:35:25.317000+00:00,keyup,82,,122.3,,,,,,,,,repeated_typing,0,2,,,,,,,,,/app/training,dev_8d63bc2a-6792-425e-980a-35b6849501fe,,,,,,,,,,,,,,,,,,,,,,,,,,,,,,,,,,,,,,,,,,,,,,,,,,,,,,,,,,,,,,,,,,
training_event,training,468f03a2-d7c9-4701-abf8-bb2c692f696b,11f52f7a-68d3-4d53-8c90-7a3fb90317bc,2026-08-13T05:35:27.357000+00:00,keydown,65,a,,208.3,,,,,,,,repeated_typing,0,2,,,,,,,,,/app/training,dev_8d63bc2a-6792-425e-980a-35b6849501fe,,,,,,,,,,,,,,,,,,,,,,,,,,,,,,,,,,,,,,,,,,,,,,,,,,,,,,,,,,,,,,,,,,
training_event,training,468f03a2-d7c9-4701-abf8-bb2c692f696b,11f52f7a-68d3-4d53-8c90-7a3fb90317bc,2026-08-13T05:35:27.888000+00:00,keydown,78,n,,531.4,,,,,,,,repeated_typing,0,2,,,,,,,,,/app/training,dev_8d63bc2a-6792-425e-980a-35b6849501fe,,,,,,,,,,,,,,,,,,,,,,,,,,,,,,,,,,,,,,,,,,,,,,,,,,,,,,,,,,,,,,,,,,
training_event,training,468f03a2-d7c9-4701-abf8-bb2c692f696b,11f52f7a-68d3-4d53-8c90-7a3fb90317bc,2026-08-13T05:35:28.492000+00:00,keyup,73,,111.6,,,,,,,,,repeated_typing,0,2,,,,,,,,,/app/training,dev_8d63bc2a-6792-425e-980a-35b6849501fe,,,,,,,,,,,,,,,,,,,,,,,,,,,,,,,,,,,,,,,,,,,,,,,,,,,,,,,,,,,,,,,,,,
training_event,training,468f03a2-d7c9-4701-abf8-bb2c692f696b,11f52f7a-68d3-4d53-8c90-7a3fb90317bc,2026-08-13T05:35:28.991000+00:00,keyup,71,,143.1,,,,,,,,,repeated_typing,0,2,,,,,,,,,/app/training,dev_8d63bc2a-6792-425e-980a-35b6849501fe,,,,,,,,,,,,,,,,,,,,,,,,,,,,,,,,,,,,,,,,,,,,,,,,,,,,,,,,,,,,,,,,,,
training_event,training,468f03a2-d7c9-4701-abf8-bb2c692f696b,11f52f7a-68d3-4d53-8c90-7a3fb90317bc,2026-08-13T05:35:30.729000+00:00,keyup,85,,130.9,,,,,,,,,repeated_typing,0,2,,,,,,,,,/app/training,dev_8d63bc2a-6792-425e-980a-35b6849501fe,,,,,,,,,,,,,,,,,,,,,,,,,,,,,,,,,,,,,,,,,,,,,,,,,,,,,,,,,,,,,,,,,,
training_event,training,468f03a2-d7c9-4701-abf8-bb2c692f696b,11f52f7a-68d3-4d53-8c90-7a3fb90317bc,2026-08-13T05:35:31.317000+00:00,keydown,84,t,,214.4,,,,,,,,repeated_typing,0,2,,,,,,,,,/app/training,dev_8d63bc2a-6792-425e-980a-35b6849501fe,,,,,,,,,,,,,,,,,,,,,,,,,,,,,,,,,,,,,,,,,,,,,,,,,,,,,,,,,,,,,,,,,,
training_event,training,468f03a2-d7c9-4701-abf8-bb2c692f696b,11f52f7a-68d3-4d53-8c90-7a3fb90317bc,2026-08-13T05:35:23.217000+00:00,keydown,69,e,,173.8,,,,,,,,repeated_typing,0,2,,,,,,,,,/app/training,dev_8d63bc2a-6792-425e-980a-35b6849501fe,,,,,,,,,,,,,,,,,,,,,,,,,,,,,,,,,,,,,,,,,,,,,,,,,,,,,,,,,,,,,,,,,,
training_event,training,468f03a2-d7c9-4701-abf8-bb2c692f696b,11f52f7a-68d3-4d53-8c90-7a3fb90317bc,2026-08-13T05:35:28.944000+00:00,keydown,32, ,,96.5,,,,,,,,repeated_typing,0,2,,,,,,,,,/app/training,dev_8d63bc2a-6792-425e-980a-35b6849501fe,,,,,,,,,,,,,,,,,,,,,,,,,,,,,,,,,,,,,,,,,,,,,,,,,,,,,,,,,,,,,,,,,,
training_event,training,468f03a2-d7c9-4701-abf8-bb2c692f696b,11f52f7a-68d3-4d53-8c90-7a3fb90317bc,2026-08-13T05:35:31.279000+00:00,keyup,73,,175.8,,,,,,,,,repeated_typing,0,2,,,,,,,,,/app/training,dev_8d63bc2a-6792-425e-980a-35b6849501fe,,,,,,,,,,,,,,,,,,,,,,,,,,,,,,,,,,,,,,,,,,,,,,,,,,,,,,,,,,,,,,,,,,
training_event,training,468f03a2-d7c9-4701-abf8-bb2c692f696b,11f52f7a-68d3-4d53-8c90-7a3fb90317bc,2026-08-13T05:35:31.450000+00:00,keydown,89,y,,132.5,,,,,,,,repeated_typing,0,2,,,,,,,,,/app/training,dev_8d63bc2a-6792-425e-980a-35b6849501fe,,,,,,,,,,,,,,,,,,,,,,,,,,,,,,,,,,,,,,,,,,,,,,,,,,,,,,,,,,,,,,,,,,
training_event,training,468f03a2-d7c9-4701-abf8-bb2c692f696b,11f52f7a-68d3-4d53-8c90-7a3fb90317bc,2026-08-13T05:35:25.944000+00:00,keyup,65,,74.8,,,,,,,,,repeated_typing,0,2,,,,,,,,,/app/training,dev_8d63bc2a-6792-425e-980a-35b6849501fe,,,,,,,,,,,,,,,,,,,,,,,,,,,,,,,,,,,,,,,,,,,,,,,,,,,,,,,,,,,,,,,,,,
training_event,training,468f03a2-d7c9-4701-abf8-bb2c692f696b,11f52f7a-68d3-4d53-8c90-7a3fb90317bc,2026-08-13T05:35:28.381000+00:00,keydown,73,i,,218.3,,,,,,,,repeated_typing,0,2,,,,,,,,,/app/training,dev_8d63bc2a-6792-425e-980a-35b6849501fe,,,,,,,,,,,,,,,,,,,,,,,,,,,,,,,,,,,,,,,,,,,,,,,,,,,,,,,,,,,,,,,,,,
training_event,training,468f03a2-d7c9-4701-abf8-bb2c692f696b,11f52f7a-68d3-4d53-8c90-7a3fb90317bc,2026-08-13T05:35:22.116000+00:00,keyup,65,,164.7,,,,,,,,,repeated_typing,0,2,,,,,,,,,/app/training,dev_8d63bc2a-6792-425e-980a-35b6849501fe,,,,,,,,,,,,,,,,,,,,,,,,,,,,,,,,,,,,,,,,,,,,,,,,,,,,,,,,,,,,,,,,,,
training_event,training,468f03a2-d7c9-4701-abf8-bb2c692f696b,11f52f7a-68d3-4d53-8c90-7a3fb90317bc,2026-08-13T05:35:22.255000+00:00,keydown,80,p,,303.6,,,,,,,,repeated_typing,0,2,,,,,,,,,/app/training,dev_8d63bc2a-6792-425e-980a-35b6849501fe,,,,,,,,,,,,,,,,,,,,,,,,,,,,,,,,,,,,,,,,,,,,,,,,,,,,,,,,,,,,,,,,,,
training_event,training,468f03a2-d7c9-4701-abf8-bb2c692f696b,11f52f7a-68d3-4d53-8c90-7a3fb90317bc,2026-08-13T05:35:25.831000+00:00,keyup,73,,141.0,,,,,,,,,repeated_typing,0,2,,,,,,,,,/app/training,dev_8d63bc2a-6792-425e-980a-35b6849501fe,,,,,,,,,,,,,,,,,,,,,,,,,,,,,,,,,,,,,,,,,,,,,,,,,,,,,,,,,,,,,,,,,,
training_event,training,468f03a2-d7c9-4701-abf8-bb2c692f696b,11f52f7a-68d3-4d53-8c90-7a3fb90317bc,2026-08-13T05:35:27.148000+00:00,keydown,66,B,,459.4,,,,,,,,repeated_typing,0,2,,,,,,,,,/app/training,dev_8d63bc2a-6792-425e-980a-35b6849501fe,,,,,,,,,,,,,,,,,,,,,,,,,,,,,,,,,,,,,,,,,,,,,,,,,,,,,,,,,,,,,,,,,,
training_event,training,468f03a2-d7c9-4701-abf8-bb2c692f696b,11f52f7a-68d3-4d53-8c90-7a3fb90317bc,2026-08-13T05:35:28.748000+00:00,keyup,78,,128.8,,,,,,,,,repeated_typing,0,2,,,,,,,,,/app/training,dev_8d63bc2a-6792-425e-980a-35b6849501fe,,,,,,,,,,,,,,,,,,,,,,,,,,,,,,,,,,,,,,,,,,,,,,,,,,,,,,,,,,,,,,,,,,
training_event,training,468f03a2-d7c9-4701-abf8-bb2c692f696b,11f52f7a-68d3-4d53-8c90-7a3fb90317bc,2026-08-13T05:35:30.919000+00:00,keydown,82,r,,320.2,,,,,,,,repeated_typing,0,2,,,,,,,,,/app/training,dev_8d63bc2a-6792-425e-980a-35b6849501fe,,,,,,,,,,,,,,,,,,,,,,,,,,,,,,,,,,,,,,,,,,,,,,,,,,,,,,,,,,,,,,,,,,
training_event,training,468f03a2-d7c9-4701-abf8-bb2c692f696b,11f52f7a-68d3-4d53-8c90-7a3fb90317bc,2026-08-13T05:35:31.098000+00:00,keyup,82,,179.5,,,,,,,,,repeated_typing,0,2,,,,,,,,,/app/training,dev_8d63bc2a-6792-425e-980a-35b6849501fe,,,,,,,,,,,,,,,,,,,,,,,,,,,,,,,,,,,,,,,,,,,,,,,,,,,,,,,,,,,,,,,,,,
training_event,training,468f03a2-d7c9-4701-abf8-bb2c692f696b,11f52f7a-68d3-4d53-8c90-7a3fb90317bc,2026-08-13T05:35:21.657000+00:00,keydown,68,d,,757.2,,,,,,,,repeated_typing,0,2,,,,,,,,,/app/training,dev_8d63bc2a-6792-425e-980a-35b6849501fe,,,,,,,,,,,,,,,,,,,,,,,,,,,,,,,,,,,,,,,,,,,,,,,,,,,,,,,,,,,,,,,,,,
training_event,training,468f03a2-d7c9-4701-abf8-bb2c692f696b,11f52f7a-68d3-4d53-8c90-7a3fb90317bc,2026-08-13T05:35:23.193000+00:00,keyup,86,,149.9,,,,,,,,,repeated_typing,0,2,,,,,,,,,/app/training,dev_8d63bc2a-6792-425e-980a-35b6849501fe,,,,,,,,,,,,,,,,,,,,,,,,,,,,,,,,,,,,,,,,,,,,,,,,,,,,,,,,,,,,,,,,,,
training_event,training,468f03a2-d7c9-4701-abf8-bb2c692f696b,11f52f7a-68d3-4d53-8c90-7a3fb90317bc,2026-08-13T05:35:24.999000+00:00,keydown,65,a,,181.1,,,,,,,,repeated_typing,0,2,,,,,,,,,/app/training,dev_8d63bc2a-6792-425e-980a-35b6849501fe,,,,,,,,,,,,,,,,,,,,,,,,,,,,,,,,,,,,,,,,,,,,,,,,,,,,,,,,,,,,,,,,,,
training_event,training,468f03a2-d7c9-4701-abf8-bb2c692f696b,11f52f7a-68d3-4d53-8c90-7a3fb90317bc,2026-08-13T05:35:25.195000+00:00,keydown,82,r,,196.2,,,,,,,,repeated_typing,0,2,,,,,,,,,/app/training,dev_8d63bc2a-6792-425e-980a-35b6849501fe,,,,,,,,,,,,,,,,,,,,,,,,,,,,,,,,,,,,,,,,,,,,,,,,,,,,,,,,,,,,,,,,,,
training_event,training,468f03a2-d7c9-4701-abf8-bb2c692f696b,11f52f7a-68d3-4d53-8c90-7a3fb90317bc,2026-08-13T05:35:25.690000+00:00,keydown,73,i,,274.7,,,,,,,,repeated_typing,0,2,,,,,,,,,/app/training,dev_8d63bc2a-6792-425e-980a-35b6849501fe,,,,,,,,,,,,,,,,,,,,,,,,,,,,,,,,,,,,,,,,,,,,,,,,,,,,,,,,,,,,,,,,,,
training_event,training,468f03a2-d7c9-4701-abf8-bb2c692f696b,0b2f3ad7-441c-4620-9b89-dfee680e5776,2026-08-13T05:35:41.775000+00:00,mouse_move,,,,,520.8,193.6,,,,,,mouse_tracking,,,,,,,,,,,/app/training,dev_8d63bc2a-6792-425e-980a-35b6849501fe,,,,,,,,,,,,,,,,,,,,,,,,,,,,,,,,,,,,,,,,,,,,,,,,,,,,,,,,,,,,,,,,,,
training_event,training,468f03a2-d7c9-4701-abf8-bb2c692f696b,0b2f3ad7-441c-4620-9b89-dfee680e5776,2026-08-13T05:35:44.959000+00:00,mouse_move,,,,,364.8,331.6,,,,,,mouse_tracking,,,,,,,,,,,/app/training,dev_8d63bc2a-6792-425e-980a-35b6849501fe,,,,,,,,,,,,,,,,,,,,,,,,,,,,,,,,,,,,,,,,,,,,,,,,,,,,,,,,,,,,,,,,,,
training_event,training,468f03a2-d7c9-4701-abf8-bb2c692f696b,0b2f3ad7-441c-4620-9b89-dfee680e5776,2026-08-13T05:35:45.091000+00:00,mouse_move,,,,,281.8,310.6,,,,,,mouse_tracking,,,,,,,,,,,/app/training,dev_8d63bc2a-6792-425e-980a-35b6849501fe,,,,,,,,,,,,,,,,,,,,,,,,,,,,,,,,,,,,,,,,,,,,,,,,,,,,,,,,,,,,,,,,,,
training_event,training,468f03a2-d7c9-4701-abf8-bb2c692f696b,0b2f3ad7-441c-4620-9b89-dfee680e5776,2026-08-13T05:35:47.057000+00:00,mouse_move,,,,,246.8,178.6,,,,,,mouse_tracking,,,,,,,,,,,/app/training,dev_8d63bc2a-6792-425e-980a-35b6849501fe,,,,,,,,,,,,,,,,,,,,,,,,,,,,,,,,,,,,,,,,,,,,,,,,,,,,,,,,,,,,,,,,,,
training_event,training,468f03a2-d7c9-4701-abf8-bb2c692f696b,0b2f3ad7-441c-4620-9b89-dfee680e5776,2026-08-13T05:35:47.359000+00:00,mouse_move,,,,,259.8,127.6,,,,,,mouse_tracking,,,,,,,,,,,/app/training,dev_8d63bc2a-6792-425e-980a-35b6849501fe,,,,,,,,,,,,,,,,,,,,,,,,,,,,,,,,,,,,,,,,,,,,,,,,,,,,,,,,,,,,,,,,,,
training_event,training,468f03a2-d7c9-4701-abf8-bb2c692f696b,0b2f3ad7-441c-4620-9b89-dfee680e5776,2026-08-13T05:35:48.455000+00:00,mouse_move,,,,,375.8,87.6,,,,,,mouse_tracking,,,,,,,,,,,/app/training,dev_8d63bc2a-6792-425e-980a-35b6849501fe,,,,,,,,,,,,,,,,,,,,,,,,,,,,,,,,,,,,,,,,,,,,,,,,,,,,,,,,,,,,,,,,,,
training_event,training,468f03a2-d7c9-4701-abf8-bb2c692f696b,0b2f3ad7-441c-4620-9b89-dfee680e5776,2026-08-13T05:35:41.440000+00:00,mouse_move,,,,,426.8,216.6,,,,,,mouse_tracking,,,,,,,,,,,/app/training,dev_8d63bc2a-6792-425e-980a-35b6849501fe,,,,,,,,,,,,,,,,,,,,,,,,,,,,,,,,,,,,,,,,,,,,,,,,,,,,,,,,,,,,,,,,,,
training_event,training,468f03a2-d7c9-4701-abf8-bb2c692f696b,0b2f3ad7-441c-4620-9b89-dfee680e5776,2026-08-13T05:35:43.073000+00:00,mouse_move,,,,,448.8,293.6,,,,,,mouse_tracking,,,,,,,,,,,/app/training,dev_8d63bc2a-6792-425e-980a-35b6849501fe,,,,,,,,,,,,,,,,,,,,,,,,,,,,,,,,,,,,,,,,,,,,,,,,,,,,,,,,,,,,,,,,,,
training_event,training,468f03a2-d7c9-4701-abf8-bb2c692f696b,0b2f3ad7-441c-4620-9b89-dfee680e5776,2026-08-13T05:35:43.207000+00:00,mouse_move,,,,,452.8,299.6,,,,,,mouse_tracking,,,,,,,,,,,/app/training,dev_8d63bc2a-6792-425e-980a-35b6849501fe,,,,,,,,,,,,,,,,,,,,,,,,,,,,,,,,,,,,,,,,,,,,,,,,,,,,,,,,,,,,,,,,,,
training_event,training,468f03a2-d7c9-4701-abf8-bb2c692f696b,0b2f3ad7-441c-4620-9b89-dfee680e5776,2026-08-13T05:35:45.041000+00:00,mouse_move,,,,,296.8,315.6,,,,,,mouse_tracking,,,,,,,,,,,/app/training,dev_8d63bc2a-6792-425e-980a-35b6849501fe,,,,,,,,,,,,,,,,,,,,,,,,,,,,,,,,,,,,,,,,,,,,,,,,,,,,,,,,,,,,,,,,,,
training_event,training,468f03a2-d7c9-4701-abf8-bb2c692f696b,0b2f3ad7-441c-4620-9b89-dfee680e5776,2026-08-13T05:35:45.159000+00:00,mouse_move,,,,,273.8,306.6,,,,,,mouse_tracking,,,,,,,,,,,/app/training,dev_8d63bc2a-6792-425e-980a-35b6849501fe,,,,,,,,,,,,,,,,,,,,,,,,,,,,,,,,,,,,,,,,,,,,,,,,,,,,,,,,,,,,,,,,,,
training_event,training,468f03a2-d7c9-4701-abf8-bb2c692f696b,0b2f3ad7-441c-4620-9b89-dfee680e5776,2026-08-13T05:35:45.257000+00:00,mouse_move,,,,,263.8,299.6,,,,,,mouse_tracking,,,,,,,,,,,/app/training,dev_8d63bc2a-6792-425e-980a-35b6849501fe,,,,,,,,,,,,,,,,,,,,,,,,,,,,,,,,,,,,,,,,,,,,,,,,,,,,,,,,,,,,,,,,,,
training_event,training,468f03a2-d7c9-4701-abf8-bb2c692f696b,0b2f3ad7-441c-4620-9b89-dfee680e5776,2026-08-13T05:35:46.089000+00:00,mouse_move,,,,,235.8,242.6,,,,,,mouse_tracking,,,,,,,,,,,/app/training,dev_8d63bc2a-6792-425e-980a-35b6849501fe,,,,,,,,,,,,,,,,,,,,,,,,,,,,,,,,,,,,,,,,,,,,,,,,,,,,,,,,,,,,,,,,,,
training_event,training,468f03a2-d7c9-4701-abf8-bb2c692f696b,0b2f3ad7-441c-4620-9b89-dfee680e5776,2026-08-13T05:35:46.205000+00:00,mouse_move,,,,,229.8,218.6,,,,,,mouse_tracking,,,,,,,,,,,/app/training,dev_8d63bc2a-6792-425e-980a-35b6849501fe,,,,,,,,,,,,,,,,,,,,,,,,,,,,,,,,,,,,,,,,,,,,,,,,,,,,,,,,,,,,,,,,,,
training_event,training,468f03a2-d7c9-4701-abf8-bb2c692f696b,0b2f3ad7-441c-4620-9b89-dfee680e5776,2026-08-13T05:35:47.240000+00:00,mouse_move,,,,,259.8,134.6,,,,,,mouse_tracking,,,,,,,,,,,/app/training,dev_8d63bc2a-6792-425e-980a-35b6849501fe,,,,,,,,,,,,,,,,,,,,,,,,,,,,,,,,,,,,,,,,,,,,,,,,,,,,,,,,,,,,,,,,,,
training_event,training,468f03a2-d7c9-4701-abf8-bb2c692f696b,0b2f3ad7-441c-4620-9b89-dfee680e5776,2026-08-13T05:35:47.395000+00:00,mouse_move,,,,,259.8,124.6,,,,,,mouse_tracking,,,,,,,,,,,/app/training,dev_8d63bc2a-6792-425e-980a-35b6849501fe,,,,,,,,,,,,,,,,,,,,,,,,,,,,,,,,,,,,,,,,,,,,,,,,,,,,,,,,,,,,,,,,,,
training_event,training,468f03a2-d7c9-4701-abf8-bb2c692f696b,0b2f3ad7-441c-4620-9b89-dfee680e5776,2026-08-13T05:35:48.355000+00:00,mouse_move,,,,,371.8,91.6,,,,,,mouse_tracking,,,,,,,,,,,/app/training,dev_8d63bc2a-6792-425e-980a-35b6849501fe,,,,,,,,,,,,,,,,,,,,,,,,,,,,,,,,,,,,,,,,,,,,,,,,,,,,,,,,,,,,,,,,,,
training_event,training,468f03a2-d7c9-4701-abf8-bb2c692f696b,0b2f3ad7-441c-4620-9b89-dfee680e5776,2026-08-13T05:35:49.538000+00:00,mouse_move,,,,,440.8,108.6,,,,,,mouse_tracking,,,,,,,,,,,/app/training,dev_8d63bc2a-6792-425e-980a-35b6849501fe,,,,,,,,,,,,,,,,,,,,,,,,,,,,,,,,,,,,,,,,,,,,,,,,,,,,,,,,,,,,,,,,,,
training_event,training,468f03a2-d7c9-4701-abf8-bb2c692f696b,0b2f3ad7-441c-4620-9b89-dfee680e5776,2026-08-13T05:35:42.723000+00:00,mouse_move,,,,,494.8,212.6,,,,,,mouse_tracking,,,,,,,,,,,/app/training,dev_8d63bc2a-6792-425e-980a-35b6849501fe,,,,,,,,,,,,,,,,,,,,,,,,,,,,,,,,,,,,,,,,,,,,,,,,,,,,,,,,,,,,,,,,,,
training_event,training,468f03a2-d7c9-4701-abf8-bb2c692f696b,0b2f3ad7-441c-4620-9b89-dfee680e5776,2026-08-13T05:35:42.773000+00:00,mouse_move,,,,,464.8,247.6,,,,,,mouse_tracking,,,,,,,,,,,/app/training,dev_8d63bc2a-6792-425e-980a-35b6849501fe,,,,,,,,,,,,,,,,,,,,,,,,,,,,,,,,,,,,,,,,,,,,,,,,,,,,,,,,,,,,,,,,,,
training_event,training,468f03a2-d7c9-4701-abf8-bb2c692f696b,0b2f3ad7-441c-4620-9b89-dfee680e5776,2026-08-13T05:35:43.007000+00:00,mouse_move,,,,,446.8,288.6,,,,,,mouse_tracking,,,,,,,,,,,/app/training,dev_8d63bc2a-6792-425e-980a-35b6849501fe,,,,,,,,,,,,,,,,,,,,,,,,,,,,,,,,,,,,,,,,,,,,,,,,,,,,,,,,,,,,,,,,,,
training_event,training,468f03a2-d7c9-4701-abf8-bb2c692f696b,0b2f3ad7-441c-4620-9b89-dfee680e5776,2026-08-13T05:35:43.107000+00:00,mouse_move,,,,,449.8,294.6,,,,,,mouse_tracking,,,,,,,,,,,/app/training,dev_8d63bc2a-6792-425e-980a-35b6849501fe,,,,,,,,,,,,,,,,,,,,,,,,,,,,,,,,,,,,,,,,,,,,,,,,,,,,,,,,,,,,,,,,,,
training_event,training,468f03a2-d7c9-4701-abf8-bb2c692f696b,0b2f3ad7-441c-4620-9b89-dfee680e5776,2026-08-13T05:35:44.043000+00:00,mouse_move,,,,,393.8,315.6,,,,,,mouse_tracking,,,,,,,,,,,/app/training,dev_8d63bc2a-6792-425e-980a-35b6849501fe,,,,,,,,,,,,,,,,,,,,,,,,,,,,,,,,,,,,,,,,,,,,,,,,,,,,,,,,,,,,,,,,,,
training_event,training,468f03a2-d7c9-4701-abf8-bb2c692f696b,0b2f3ad7-441c-4620-9b89-dfee680e5776,2026-08-13T05:35:45.140000+00:00,mouse_move,,,,,275.8,306.6,,,,,,mouse_tracking,,,,,,,,,,,/app/training,dev_8d63bc2a-6792-425e-980a-35b6849501fe,,,,,,,,,,,,,,,,,,,,,,,,,,,,,,,,,,,,,,,,,,,,,,,,,,,,,,,,,,,,,,,,,,
training_event,training,468f03a2-d7c9-4701-abf8-bb2c692f696b,0b2f3ad7-441c-4620-9b89-dfee680e5776,2026-08-13T05:35:47.175000+00:00,mouse_move,,,,,256.8,144.6,,,,,,mouse_tracking,,,,,,,,,,,/app/training,dev_8d63bc2a-6792-425e-980a-35b6849501fe,,,,,,,,,,,,,,,,,,,,,,,,,,,,,,,,,,,,,,,,,,,,,,,,,,,,,,,,,,,,,,,,,,
training_event,training,468f03a2-d7c9-4701-abf8-bb2c692f696b,0b2f3ad7-441c-4620-9b89-dfee680e5776,2026-08-13T05:35:48.606000+00:00,mouse_move,,,,,369.8,77.6,,,,,,mouse_tracking,,,,,,,,,,,/app/training,dev_8d63bc2a-6792-425e-980a-35b6849501fe,,,,,,,,,,,,,,,,,,,,,,,,,,,,,,,,,,,,,,,,,,,,,,,,,,,,,,,,,,,,,,,,,,
training_event,training,468f03a2-d7c9-4701-abf8-bb2c692f696b,0b2f3ad7-441c-4620-9b89-dfee680e5776,2026-08-13T05:35:48.672000+00:00,mouse_move,,,,,366.8,75.6,,,,,,mouse_tracking,,,,,,,,,,,/app/training,dev_8d63bc2a-6792-425e-980a-35b6849501fe,,,,,,,,,,,,,,,,,,,,,,,,,,,,,,,,,,,,,,,,,,,,,,,,,,,,,,,,,,,,,,,,,,
training_event,training,468f03a2-d7c9-4701-abf8-bb2c692f696b,0b2f3ad7-441c-4620-9b89-dfee680e5776,2026-08-13T05:35:41.826000+00:00,mouse_move,,,,,520.8,194.6,,,,,,mouse_tracking,,,,,,,,,,,/app/training,dev_8d63bc2a-6792-425e-980a-35b6849501fe,,,,,,,,,,,,,,,,,,,,,,,,,,,,,,,,,,,,,,,,,,,,,,,,,,,,,,,,,,,,,,,,,,
training_event,training,468f03a2-d7c9-4701-abf8-bb2c692f696b,0b2f3ad7-441c-4620-9b89-dfee680e5776,2026-08-13T05:35:41.925000+00:00,mouse_move,,,,,504.8,204.6,,,,,,mouse_tracking,,,,,,,,,,,/app/training,dev_8d63bc2a-6792-425e-980a-35b6849501fe,,,,,,,,,,,,,,,,,,,,,,,,,,,,,,,,,,,,,,,,,,,,,,,,,,,,,,,,,,,,,,,,,,
training_event,training,468f03a2-d7c9-4701-abf8-bb2c692f696b,0b2f3ad7-441c-4620-9b89-dfee680e5776,2026-08-13T05:35:41.941000+00:00,mouse_move,,,,,500.8,205.6,,,,,,mouse_tracking,,,,,,,,,,,/app/training,dev_8d63bc2a-6792-425e-980a-35b6849501fe,,,,,,,,,,,,,,,,,,,,,,,,,,,,,,,,,,,,,,,,,,,,,,,,,,,,,,,,,,,,,,,,,,
training_event,training,468f03a2-d7c9-4701-abf8-bb2c692f696b,0b2f3ad7-441c-4620-9b89-dfee680e5776,2026-08-13T05:35:42.824000+00:00,mouse_move,,,,,452.8,263.6,,,,,,mouse_tracking,,,,,,,,,,,/app/training,dev_8d63bc2a-6792-425e-980a-35b6849501fe,,,,,,,,,,,,,,,,,,,,,,,,,,,,,,,,,,,,,,,,,,,,,,,,,,,,,,,,,,,,,,,,,,
training_event,training,468f03a2-d7c9-4701-abf8-bb2c692f696b,0b2f3ad7-441c-4620-9b89-dfee680e5776,2026-08-13T05:35:43.040000+00:00,mouse_move,,,,,447.8,291.6,,,,,,mouse_tracking,,,,,,,,,,,/app/training,dev_8d63bc2a-6792-425e-980a-35b6849501fe,,,,,,,,,,,,,,,,,,,,,,,,,,,,,,,,,,,,,,,,,,,,,,,,,,,,,,,,,,,,,,,,,,
training_event,training,468f03a2-d7c9-4701-abf8-bb2c692f696b,0b2f3ad7-441c-4620-9b89-dfee680e5776,2026-08-13T05:35:44.009000+00:00,mouse_move,,,,,408.8,310.6,,,,,,mouse_tracking,,,,,,,,,,,/app/training,dev_8d63bc2a-6792-425e-980a-35b6849501fe,,,,,,,,,,,,,,,,,,,,,,,,,,,,,,,,,,,,,,,,,,,,,,,,,,,,,,,,,,,,,,,,,,
training_event,training,468f03a2-d7c9-4701-abf8-bb2c692f696b,0b2f3ad7-441c-4620-9b89-dfee680e5776,2026-08-13T05:35:44.190000+00:00,mouse_move,,,,,370.8,331.6,,,,,,mouse_tracking,,,,,,,,,,,/app/training,dev_8d63bc2a-6792-425e-980a-35b6849501fe,,,,,,,,,,,,,,,,,,,,,,,,,,,,,,,,,,,,,,,,,,,,,,,,,,,,,,,,,,,,,,,,,,
training_event,training,468f03a2-d7c9-4701-abf8-bb2c692f696b,0b2f3ad7-441c-4620-9b89-dfee680e5776,2026-08-13T05:35:47.274000+00:00,mouse_move,,,,,259.8,131.6,,,,,,mouse_tracking,,,,,,,,,,,/app/training,dev_8d63bc2a-6792-425e-980a-35b6849501fe,,,,,,,,,,,,,,,,,,,,,,,,,,,,,,,,,,,,,,,,,,,,,,,,,,,,,,,,,,,,,,,,,,
training_event,training,468f03a2-d7c9-4701-abf8-bb2c692f696b,0b2f3ad7-441c-4620-9b89-dfee680e5776,2026-08-13T05:35:48.339000+00:00,mouse_move,,,,,368.8,92.6,,,,,,mouse_tracking,,,,,,,,,,,/app/training,dev_8d63bc2a-6792-425e-980a-35b6849501fe,,,,,,,,,,,,,,,,,,,,,,,,,,,,,,,,,,,,,,,,,,,,,,,,,,,,,,,,,,,,,,,,,,
training_event,training,468f03a2-d7c9-4701-abf8-bb2c692f696b,0b2f3ad7-441c-4620-9b89-dfee680e5776,2026-08-13T05:35:48.422000+00:00,mouse_move,,,,,374.8,87.6,,,,,,mouse_tracking,,,,,,,,,,,/app/training,dev_8d63bc2a-6792-425e-980a-35b6849501fe,,,,,,,,,,,,,,,,,,,,,,,,,,,,,,,,,,,,,,,,,,,,,,,,,,,,,,,,,,,,,,,,,,
training_event,training,468f03a2-d7c9-4701-abf8-bb2c692f696b,0b2f3ad7-441c-4620-9b89-dfee680e5776,2026-08-13T05:35:49.511000+00:00,mouse_move,,,,,436.8,103.6,,,,,,mouse_tracking,,,,,,,,,,,/app/training,dev_8d63bc2a-6792-425e-980a-35b6849501fe,,,,,,,,,,,,,,,,,,,,,,,,,,,,,,,,,,,,,,,,,,,,,,,,,,,,,,,,,,,,,,,,,,
training_event,training,468f03a2-d7c9-4701-abf8-bb2c692f696b,0b2f3ad7-441c-4620-9b89-dfee680e5776,2026-08-13T05:35:41.875000+00:00,mouse_move,,,,,515.8,199.6,,,,,,mouse_tracking,,,,,,,,,,,/app/training,dev_8d63bc2a-6792-425e-980a-35b6849501fe,,,,,,,,,,,,,,,,,,,,,,,,,,,,,,,,,,,,,,,,,,,,,,,,,,,,,,,,,,,,,,,,,,
training_event,training,468f03a2-d7c9-4701-abf8-bb2c692f696b,0b2f3ad7-441c-4620-9b89-dfee680e5776,2026-08-13T05:35:42.839000+00:00,mouse_move,,,,,448.8,269.6,,,,,,mouse_tracking,,,,,,,,,,,/app/training,dev_8d63bc2a-6792-425e-980a-35b6849501fe,,,,,,,,,,,,,,,,,,,,,,,,,,,,,,,,,,,,,,,,,,,,,,,,,,,,,,,,,,,,,,,,,,
training_event,training,468f03a2-d7c9-4701-abf8-bb2c692f696b,0b2f3ad7-441c-4620-9b89-dfee680e5776,2026-08-13T05:35:43.940000+00:00,mouse_move,,,,,449.8,299.6,,,,,,mouse_tracking,,,,,,,,,,,/app/training,dev_8d63bc2a-6792-425e-980a-35b6849501fe,,,,,,,,,,,,,,,,,,,,,,,,,,,,,,,,,,,,,,,,,,,,,,,,,,,,,,,,,,,,,,,,,,
training_event,training,468f03a2-d7c9-4701-abf8-bb2c692f696b,0b2f3ad7-441c-4620-9b89-dfee680e5776,2026-08-13T05:35:43.991000+00:00,mouse_move,,,,,421.8,306.6,,,,,,mouse_tracking,,,,,,,,,,,/app/training,dev_8d63bc2a-6792-425e-980a-35b6849501fe,,,,,,,,,,,,,,,,,,,,,,,,,,,,,,,,,,,,,,,,,,,,,,,,,,,,,,,,,,,,,,,,,,
training_event,training,468f03a2-d7c9-4701-abf8-bb2c692f696b,0b2f3ad7-441c-4620-9b89-dfee680e5776,2026-08-13T05:35:44.025000+00:00,mouse_move,,,,,400.8,313.6,,,,,,mouse_tracking,,,,,,,,,,,/app/training,dev_8d63bc2a-6792-425e-980a-35b6849501fe,,,,,,,,,,,,,,,,,,,,,,,,,,,,,,,,,,,,,,,,,,,,,,,,,,,,,,,,,,,,,,,,,,
training_event,training,468f03a2-d7c9-4701-abf8-bb2c692f696b,0b2f3ad7-441c-4620-9b89-dfee680e5776,2026-08-13T05:35:45.075000+00:00,mouse_move,,,,,285.8,312.6,,,,,,mouse_tracking,,,,,,,,,,,/app/training,dev_8d63bc2a-6792-425e-980a-35b6849501fe,,,,,,,,,,,,,,,,,,,,,,,,,,,,,,,,,,,,,,,,,,,,,,,,,,,,,,,,,,,,,,,,,,
training_event,training,468f03a2-d7c9-4701-abf8-bb2c692f696b,0b2f3ad7-441c-4620-9b89-dfee680e5776,2026-08-13T05:35:46.005000+00:00,mouse_move,,,,,260.8,295.6,,,,,,mouse_tracking,,,,,,,,,,,/app/training,dev_8d63bc2a-6792-425e-980a-35b6849501fe,,,,,,,,,,,,,,,,,,,,,,,,,,,,,,,,,,,,,,,,,,,,,,,,,,,,,,,,,,,,,,,,,,
training_event,training,468f03a2-d7c9-4701-abf8-bb2c692f696b,0b2f3ad7-441c-4620-9b89-dfee680e5776,2026-08-13T05:35:48.157000+00:00,mouse_move,,,,,308.8,108.6,,,,,,mouse_tracking,,,,,,,,,,,/app/training,dev_8d63bc2a-6792-425e-980a-35b6849501fe,,,,,,,,,,,,,,,,,,,,,,,,,,,,,,,,,,,,,,,,,,,,,,,,,,,,,,,,,,,,,,,,,,
training_event,training,468f03a2-d7c9-4701-abf8-bb2c692f696b,0b2f3ad7-441c-4620-9b89-dfee680e5776,2026-08-13T05:35:49.489000+00:00,mouse_move,,,,,431.8,99.6,,,,,,mouse_tracking,,,,,,,,,,,/app/training,dev_8d63bc2a-6792-425e-980a-35b6849501fe,,,,,,,,,,,,,,,,,,,,,,,,,,,,,,,,,,,,,,,,,,,,,,,,,,,,,,,,,,,,,,,,,,
training_event,training,468f03a2-d7c9-4701-abf8-bb2c692f696b,0b2f3ad7-441c-4620-9b89-dfee680e5776,2026-08-13T05:35:49.639000+00:00,mouse_move,,,,,448.8,114.6,,,,,,mouse_tracking,,,,,,,,,,,/app/training,dev_8d63bc2a-6792-425e-980a-35b6849501fe,,,,,,,,,,,,,,,,,,,,,,,,,,,,,,,,,,,,,,,,,,,,,,,,,,,,,,,,,,,,,,,,,,
training_event,training,468f03a2-d7c9-4701-abf8-bb2c692f696b,0b2f3ad7-441c-4620-9b89-dfee680e5776,2026-08-13T05:35:41.490000+00:00,mouse_move,,,,,495.8,187.6,,,,,,mouse_tracking,,,,,,,,,,,/app/training,dev_8d63bc2a-6792-425e-980a-35b6849501fe,,,,,,,,,,,,,,,,,,,,,,,,,,,,,,,,,,,,,,,,,,,,,,,,,,,,,,,,,,,,,,,,,,
training_event,training,468f03a2-d7c9-4701-abf8-bb2c692f696b,0b2f3ad7-441c-4620-9b89-dfee680e5776,2026-08-13T05:35:41.507000+00:00,mouse_move,,,,,500.8,187.6,,,,,,mouse_tracking,,,,,,,,,,,/app/training,dev_8d63bc2a-6792-425e-980a-35b6849501fe,,,,,,,,,,,,,,,,,,,,,,,,,,,,,,,,,,,,,,,,,,,,,,,,,,,,,,,,,,,,,,,,,,
training_event,training,468f03a2-d7c9-4701-abf8-bb2c692f696b,0b2f3ad7-441c-4620-9b89-dfee680e5776,2026-08-13T05:35:42.740000+00:00,mouse_move,,,,,482.8,224.6,,,,,,mouse_tracking,,,,,,,,,,,/app/training,dev_8d63bc2a-6792-425e-980a-35b6849501fe,,,,,,,,,,,,,,,,,,,,,,,,,,,,,,,,,,,,,,,,,,,,,,,,,,,,,,,,,,,,,,,,,,
training_event,training,468f03a2-d7c9-4701-abf8-bb2c692f696b,0b2f3ad7-441c-4620-9b89-dfee680e5776,2026-08-13T05:35:45.024000+00:00,mouse_move,,,,,303.8,317.6,,,,,,mouse_tracking,,,,,,,,,,,/app/training,dev_8d63bc2a-6792-425e-980a-35b6849501fe,,,,,,,,,,,,,,,,,,,,,,,,,,,,,,,,,,,,,,,,,,,,,,,,,,,,,,,,,,,,,,,,,,
training_event,training,468f03a2-d7c9-4701-abf8-bb2c692f696b,0b2f3ad7-441c-4620-9b89-dfee680e5776,2026-08-13T05:35:45.241000+00:00,mouse_move,,,,,264.8,300.6,,,,,,mouse_tracking,,,,,,,,,,,/app/training,dev_8d63bc2a-6792-425e-980a-35b6849501fe,,,,,,,,,,,,,,,,,,,,,,,,,,,,,,,,,,,,,,,,,,,,,,,,,,,,,,,,,,,,,,,,,,
training_event,training,468f03a2-d7c9-4701-abf8-bb2c692f696b,0b2f3ad7-441c-4620-9b89-dfee680e5776,2026-08-13T05:35:46.039000+00:00,mouse_move,,,,,252.8,279.6,,,,,,mouse_tracking,,,,,,,,,,,/app/training,dev_8d63bc2a-6792-425e-980a-35b6849501fe,,,,,,,,,,,,,,,,,,,,,,,,,,,,,,,,,,,,,,,,,,,,,,,,,,,,,,,,,,,,,,,,,,
training_event,training,468f03a2-d7c9-4701-abf8-bb2c692f696b,0b2f3ad7-441c-4620-9b89-dfee680e5776,2026-08-13T05:35:48.322000+00:00,mouse_move,,,,,368.8,93.6,,,,,,mouse_tracking,,,,,,,,,,,/app/training,dev_8d63bc2a-6792-425e-980a-35b6849501fe,,,,,,,,,,,,,,,,,,,,,,,,,,,,,,,,,,,,,,,,,,,,,,,,,,,,,,,,,,,,,,,,,,
training_event,training,468f03a2-d7c9-4701-abf8-bb2c692f696b,0b2f3ad7-441c-4620-9b89-dfee680e5776,2026-08-13T05:35:48.639000+00:00,mouse_move,,,,,367.8,76.6,,,,,,mouse_tracking,,,,,,,,,,,/app/training,dev_8d63bc2a-6792-425e-980a-35b6849501fe,,,,,,,,,,,,,,,,,,,,,,,,,,,,,,,,,,,,,,,,,,,,,,,,,,,,,,,,,,,,,,,,,,
training_event,training,468f03a2-d7c9-4701-abf8-bb2c692f696b,0b2f3ad7-441c-4620-9b89-dfee680e5776,2026-08-13T05:35:49.472000+00:00,mouse_move,,,,,425.8,95.6,,,,,,mouse_tracking,,,,,,,,,,,/app/training,dev_8d63bc2a-6792-425e-980a-35b6849501fe,,,,,,,,,,,,,,,,,,,,,,,,,,,,,,,,,,,,,,,,,,,,,,,,,,,,,,,,,,,,,,,,,,
training_event,training,468f03a2-d7c9-4701-abf8-bb2c692f696b,0b2f3ad7-441c-4620-9b89-dfee680e5776,2026-08-13T05:35:43.023000+00:00,mouse_move,,,,,446.8,289.6,,,,,,mouse_tracking,,,,,,,,,,,/app/training,dev_8d63bc2a-6792-425e-980a-35b6849501fe,,,,,,,,,,,,,,,,,,,,,,,,,,,,,,,,,,,,,,,,,,,,,,,,,,,,,,,,,,,,,,,,,,
training_event,training,468f03a2-d7c9-4701-abf8-bb2c692f696b,0b2f3ad7-441c-4620-9b89-dfee680e5776,2026-08-13T05:35:44.059000+00:00,mouse_move,,,,,388.8,319.6,,,,,,mouse_tracking,,,,,,,,,,,/app/training,dev_8d63bc2a-6792-425e-980a-35b6849501fe,,,,,,,,,,,,,,,,,,,,,,,,,,,,,,,,,,,,,,,,,,,,,,,,,,,,,,,,,,,,,,,,,,
training_event,training,468f03a2-d7c9-4701-abf8-bb2c692f696b,0b2f3ad7-441c-4620-9b89-dfee680e5776,2026-08-13T05:35:44.091000+00:00,mouse_move,,,,,380.8,323.6,,,,,,mouse_tracking,,,,,,,,,,,/app/training,dev_8d63bc2a-6792-425e-980a-35b6849501fe,,,,,,,,,,,,,,,,,,,,,,,,,,,,,,,,,,,,,,,,,,,,,,,,,,,,,,,,,,,,,,,,,,
training_event,training,468f03a2-d7c9-4701-abf8-bb2c692f696b,0b2f3ad7-441c-4620-9b89-dfee680e5776,2026-08-13T05:35:45.275000+00:00,mouse_move,,,,,262.8,299.6,,,,,,mouse_tracking,,,,,,,,,,,/app/training,dev_8d63bc2a-6792-425e-980a-35b6849501fe,,,,,,,,,,,,,,,,,,,,,,,,,,,,,,,,,,,,,,,,,,,,,,,,,,,,,,,,,,,,,,,,,,
training_event,training,468f03a2-d7c9-4701-abf8-bb2c692f696b,0b2f3ad7-441c-4620-9b89-dfee680e5776,2026-08-13T05:35:46.106000+00:00,mouse_move,,,,,233.8,235.6,,,,,,mouse_tracking,,,,,,,,,,,/app/training,dev_8d63bc2a-6792-425e-980a-35b6849501fe,,,,,,,,,,,,,,,,,,,,,,,,,,,,,,,,,,,,,,,,,,,,,,,,,,,,,,,,,,,,,,,,,,
training_event,training,468f03a2-d7c9-4701-abf8-bb2c692f696b,0b2f3ad7-441c-4620-9b89-dfee680e5776,2026-08-13T05:35:47.041000+00:00,mouse_move,,,,,240.8,187.6,,,,,,mouse_tracking,,,,,,,,,,,/app/training,dev_8d63bc2a-6792-425e-980a-35b6849501fe,,,,,,,,,,,,,,,,,,,,,,,,,,,,,,,,,,,,,,,,,,,,,,,,,,,,,,,,,,,,,,,,,,
training_event,training,468f03a2-d7c9-4701-abf8-bb2c692f696b,0b2f3ad7-441c-4620-9b89-dfee680e5776,2026-08-13T05:35:47.307000+00:00,mouse_move,,,,,259.8,130.6,,,,,,mouse_tracking,,,,,,,,,,,/app/training,dev_8d63bc2a-6792-425e-980a-35b6849501fe,,,,,,,,,,,,,,,,,,,,,,,,,,,,,,,,,,,,,,,,,,,,,,,,,,,,,,,,,,,,,,,,,,
training_event,training,468f03a2-d7c9-4701-abf8-bb2c692f696b,0b2f3ad7-441c-4620-9b89-dfee680e5776,2026-08-13T05:35:48.555000+00:00,mouse_move,,,,,375.8,79.6,,,,,,mouse_tracking,,,,,,,,,,,/app/training,dev_8d63bc2a-6792-425e-980a-35b6849501fe,,,,,,,,,,,,,,,,,,,,,,,,,,,,,,,,,,,,,,,,,,,,,,,,,,,,,,,,,,,,,,,,,,
training_event,training,468f03a2-d7c9-4701-abf8-bb2c692f696b,0b2f3ad7-441c-4620-9b89-dfee680e5776,2026-08-13T05:35:48.623000+00:00,mouse_move,,,,,368.8,76.6,,,,,,mouse_tracking,,,,,,,,,,,/app/training,dev_8d63bc2a-6792-425e-980a-35b6849501fe,,,,,,,,,,,,,,,,,,,,,,,,,,,,,,,,,,,,,,,,,,,,,,,,,,,,,,,,,,,,,,,,,,
training_event,training,468f03a2-d7c9-4701-abf8-bb2c692f696b,0b2f3ad7-441c-4620-9b89-dfee680e5776,2026-08-13T05:35:49.423000+00:00,mouse_move,,,,,408.8,86.6,,,,,,mouse_tracking,,,,,,,,,,,/app/training,dev_8d63bc2a-6792-425e-980a-35b6849501fe,,,,,,,,,,,,,,,,,,,,,,,,,,,,,,,,,,,,,,,,,,,,,,,,,,,,,,,,,,,,,,,,,,
training_event,training,468f03a2-d7c9-4701-abf8-bb2c692f696b,0b2f3ad7-441c-4620-9b89-dfee680e5776,2026-08-13T05:35:49.456000+00:00,mouse_move,,,,,420.8,93.6,,,,,,mouse_tracking,,,,,,,,,,,/app/training,dev_8d63bc2a-6792-425e-980a-35b6849501fe,,,,,,,,,,,,,,,,,,,,,,,,,,,,,,,,,,,,,,,,,,,,,,,,,,,,,,,,,,,,,,,,,,
training_event,training,468f03a2-d7c9-4701-abf8-bb2c692f696b,0b2f3ad7-441c-4620-9b89-dfee680e5776,2026-08-13T05:35:41.910000+00:00,mouse_move,,,,,508.8,202.6,,,,,,mouse_tracking,,,,,,,,,,,/app/training,dev_8d63bc2a-6792-425e-980a-35b6849501fe,,,,,,,,,,,,,,,,,,,,,,,,,,,,,,,,,,,,,,,,,,,,,,,,,,,,,,,,,,,,,,,,,,
training_event,training,468f03a2-d7c9-4701-abf8-bb2c692f696b,0b2f3ad7-441c-4620-9b89-dfee680e5776,2026-08-13T05:35:42.973000+00:00,mouse_move,,,,,446.8,286.6,,,,,,mouse_tracking,,,,,,,,,,,/app/training,dev_8d63bc2a-6792-425e-980a-35b6849501fe,,,,,,,,,,,,,,,,,,,,,,,,,,,,,,,,,,,,,,,,,,,,,,,,,,,,,,,,,,,,,,,,,,
training_event,training,468f03a2-d7c9-4701-abf8-bb2c692f696b,0b2f3ad7-441c-4620-9b89-dfee680e5776,2026-08-13T05:35:43.173000+00:00,mouse_move,,,,,452.8,297.6,,,,,,mouse_tracking,,,,,,,,,,,/app/training,dev_8d63bc2a-6792-425e-980a-35b6849501fe,,,,,,,,,,,,,,,,,,,,,,,,,,,,,,,,,,,,,,,,,,,,,,,,,,,,,,,,,,,,,,,,,,
training_event,training,468f03a2-d7c9-4701-abf8-bb2c692f696b,0b2f3ad7-441c-4620-9b89-dfee680e5776,2026-08-13T05:35:44.122000+00:00,mouse_move,,,,,375.8,327.6,,,,,,mouse_tracking,,,,,,,,,,,/app/training,dev_8d63bc2a-6792-425e-980a-35b6849501fe,,,,,,,,,,,,,,,,,,,,,,,,,,,,,,,,,,,,,,,,,,,,,,,,,,,,,,,,,,,,,,,,,,
training_event,training,468f03a2-d7c9-4701-abf8-bb2c692f696b,0b2f3ad7-441c-4620-9b89-dfee680e5776,2026-08-13T05:35:44.173000+00:00,mouse_move,,,,,372.8,329.6,,,,,,mouse_tracking,,,,,,,,,,,/app/training,dev_8d63bc2a-6792-425e-980a-35b6849501fe,,,,,,,,,,,,,,,,,,,,,,,,,,,,,,,,,,,,,,,,,,,,,,,,,,,,,,,,,,,,,,,,,,
training_event,training,468f03a2-d7c9-4701-abf8-bb2c692f696b,0b2f3ad7-441c-4620-9b89-dfee680e5776,2026-08-13T05:35:45.009000+00:00,mouse_move,,,,,316.8,322.6,,,,,,mouse_tracking,,,,,,,,,,,/app/training,dev_8d63bc2a-6792-425e-980a-35b6849501fe,,,,,,,,,,,,,,,,,,,,,,,,,,,,,,,,,,,,,,,,,,,,,,,,,,,,,,,,,,,,,,,,,,
training_event,training,468f03a2-d7c9-4701-abf8-bb2c692f696b,0b2f3ad7-441c-4620-9b89-dfee680e5776,2026-08-13T05:35:46.239000+00:00,mouse_move,,,,,229.8,215.6,,,,,,mouse_tracking,,,,,,,,,,,/app/training,dev_8d63bc2a-6792-425e-980a-35b6849501fe,,,,,,,,,,,,,,,,,,,,,,,,,,,,,,,,,,,,,,,,,,,,,,,,,,,,,,,,,,,,,,,,,,
training_event,training,468f03a2-d7c9-4701-abf8-bb2c692f696b,0b2f3ad7-441c-4620-9b89-dfee680e5776,2026-08-13T05:35:47.007000+00:00,mouse_move,,,,,232.8,203.6,,,,,,mouse_tracking,,,,,,,,,,,/app/training,dev_8d63bc2a-6792-425e-980a-35b6849501fe,,,,,,,,,,,,,,,,,,,,,,,,,,,,,,,,,,,,,,,,,,,,,,,,,,,,,,,,,,,,,,,,,,
training_event,training,468f03a2-d7c9-4701-abf8-bb2c692f696b,0b2f3ad7-441c-4620-9b89-dfee680e5776,2026-08-13T05:35:47.159000+00:00,mouse_move,,,,,256.8,147.6,,,,,,mouse_tracking,,,,,,,,,,,/app/training,dev_8d63bc2a-6792-425e-980a-35b6849501fe,,,,,,,,,,,,,,,,,,,,,,,,,,,,,,,,,,,,,,,,,,,,,,,,,,,,,,,,,,,,,,,,,,
training_event,training,468f03a2-d7c9-4701-abf8-bb2c692f696b,0b2f3ad7-441c-4620-9b89-dfee680e5776,2026-08-13T05:35:47.191000+00:00,mouse_move,,,,,257.8,142.6,,,,,,mouse_tracking,,,,,,,,,,,/app/training,dev_8d63bc2a-6792-425e-980a-35b6849501fe,,,,,,,,,,,,,,,,,,,,,,,,,,,,,,,,,,,,,,,,,,,,,,,,,,,,,,,,,,,,,,,,,,
training_event,training,468f03a2-d7c9-4701-abf8-bb2c692f696b,0b2f3ad7-441c-4620-9b89-dfee680e5776,2026-08-13T05:35:47.376000+00:00,mouse_move,,,,,259.8,126.6,,,,,,mouse_tracking,,,,,,,,,,,/app/training,dev_8d63bc2a-6792-425e-980a-35b6849501fe,,,,,,,,,,,,,,,,,,,,,,,,,,,,,,,,,,,,,,,,,,,,,,,,,,,,,,,,,,,,,,,,,,
training_event,training,468f03a2-d7c9-4701-abf8-bb2c692f696b,0b2f3ad7-441c-4620-9b89-dfee680e5776,2026-08-13T05:35:47.407000+00:00,mouse_move,,,,,259.8,123.6,,,,,,mouse_tracking,,,,,,,,,,,/app/training,dev_8d63bc2a-6792-425e-980a-35b6849501fe,,,,,,,,,,,,,,,,,,,,,,,,,,,,,,,,,,,,,,,,,,,,,,,,,,,,,,,,,,,,,,,,,,
training_event,training,468f03a2-d7c9-4701-abf8-bb2c692f696b,0b2f3ad7-441c-4620-9b89-dfee680e5776,2026-08-13T05:35:48.295000+00:00,mouse_move,,,,,365.8,94.6,,,,,,mouse_tracking,,,,,,,,,,,/app/training,dev_8d63bc2a-6792-425e-980a-35b6849501fe,,,,,,,,,,,,,,,,,,,,,,,,,,,,,,,,,,,,,,,,,,,,,,,,,,,,,,,,,,,,,,,,,,
training_event,training,468f03a2-d7c9-4701-abf8-bb2c692f696b,0b2f3ad7-441c-4620-9b89-dfee680e5776,2026-08-13T05:35:41.407000+00:00,mouse_move,,,,,364.8,258.6,,,,,,mouse_tracking,,,,,,,,,,,/app/training,dev_8d63bc2a-6792-425e-980a-35b6849501fe,,,,,,,,,,,,,,,,,,,,,,,,,,,,,,,,,,,,,,,,,,,,,,,,,,,,,,,,,,,,,,,,,,
training_event,training,468f03a2-d7c9-4701-abf8-bb2c692f696b,0b2f3ad7-441c-4620-9b89-dfee680e5776,2026-08-13T05:35:41.844000+00:00,mouse_move,,,,,519.8,196.6,,,,,,mouse_tracking,,,,,,,,,,,/app/training,dev_8d63bc2a-6792-425e-980a-35b6849501fe,,,,,,,,,,,,,,,,,,,,,,,,,,,,,,,,,,,,,,,,,,,,,,,,,,,,,,,,,,,,,,,,,,
training_event,training,468f03a2-d7c9-4701-abf8-bb2c692f696b,0b2f3ad7-441c-4620-9b89-dfee680e5776,2026-08-13T05:35:42.907000+00:00,mouse_move,,,,,446.8,279.6,,,,,,mouse_tracking,,,,,,,,,,,/app/training,dev_8d63bc2a-6792-425e-980a-35b6849501fe,,,,,,,,,,,,,,,,,,,,,,,,,,,,,,,,,,,,,,,,,,,,,,,,,,,,,,,,,,,,,,,,,,
training_event,training,468f03a2-d7c9-4701-abf8-bb2c692f696b,0b2f3ad7-441c-4620-9b89-dfee680e5776,2026-08-13T05:35:42.924000+00:00,mouse_move,,,,,446.8,281.6,,,,,,mouse_tracking,,,,,,,,,,,/app/training,dev_8d63bc2a-6792-425e-980a-35b6849501fe,,,,,,,,,,,,,,,,,,,,,,,,,,,,,,,,,,,,,,,,,,,,,,,,,,,,,,,,,,,,,,,,,,
training_event,training,468f03a2-d7c9-4701-abf8-bb2c692f696b,0b2f3ad7-441c-4620-9b89-dfee680e5776,2026-08-13T05:35:43.140000+00:00,mouse_move,,,,,451.8,296.6,,,,,,mouse_tracking,,,,,,,,,,,/app/training,dev_8d63bc2a-6792-425e-980a-35b6849501fe,,,,,,,,,,,,,,,,,,,,,,,,,,,,,,,,,,,,,,,,,,,,,,,,,,,,,,,,,,,,,,,,,,
training_event,training,468f03a2-d7c9-4701-abf8-bb2c692f696b,0b2f3ad7-441c-4620-9b89-dfee680e5776,2026-08-13T05:35:43.957000+00:00,mouse_move,,,,,440.8,300.6,,,,,,mouse_tracking,,,,,,,,,,,/app/training,dev_8d63bc2a-6792-425e-980a-35b6849501fe,,,,,,,,,,,,,,,,,,,,,,,,,,,,,,,,,,,,,,,,,,,,,,,,,,,,,,,,,,,,,,,,,,
training_event,training,468f03a2-d7c9-4701-abf8-bb2c692f696b,0b2f3ad7-441c-4620-9b89-dfee680e5776,2026-08-13T05:35:44.076000+00:00,mouse_move,,,,,384.8,321.6,,,,,,mouse_tracking,,,,,,,,,,,/app/training,dev_8d63bc2a-6792-425e-980a-35b6849501fe,,,,,,,,,,,,,,,,,,,,,,,,,,,,,,,,,,,,,,,,,,,,,,,,,,,,,,,,,,,,,,,,,,
training_event,training,468f03a2-d7c9-4701-abf8-bb2c692f696b,0b2f3ad7-441c-4620-9b89-dfee680e5776,2026-08-13T05:35:44.991000+00:00,mouse_move,,,,,331.8,327.6,,,,,,mouse_tracking,,,,,,,,,,,/app/training,dev_8d63bc2a-6792-425e-980a-35b6849501fe,,,,,,,,,,,,,,,,,,,,,,,,,,,,,,,,,,,,,,,,,,,,,,,,,,,,,,,,,,,,,,,,,,
training_event,training,468f03a2-d7c9-4701-abf8-bb2c692f696b,0b2f3ad7-441c-4620-9b89-dfee680e5776,2026-08-13T05:35:45.191000+00:00,mouse_move,,,,,269.8,303.6,,,,,,mouse_tracking,,,,,,,,,,,/app/training,dev_8d63bc2a-6792-425e-980a-35b6849501fe,,,,,,,,,,,,,,,,,,,,,,,,,,,,,,,,,,,,,,,,,,,,,,,,,,,,,,,,,,,,,,,,,,
training_event,training,468f03a2-d7c9-4701-abf8-bb2c692f696b,0b2f3ad7-441c-4620-9b89-dfee680e5776,2026-08-13T05:35:47.257000+00:00,mouse_move,,,,,259.8,132.6,,,,,,mouse_tracking,,,,,,,,,,,/app/training,dev_8d63bc2a-6792-425e-980a-35b6849501fe,,,,,,,,,,,,,,,,,,,,,,,,,,,,,,,,,,,,,,,,,,,,,,,,,,,,,,,,,,,,,,,,,,
training_event,training,468f03a2-d7c9-4701-abf8-bb2c692f696b,0b2f3ad7-441c-4620-9b89-dfee680e5776,2026-08-13T05:35:48.242000+00:00,mouse_move,,,,,357.8,98.6,,,,,,mouse_tracking,,,,,,,,,,,/app/training,dev_8d63bc2a-6792-425e-980a-35b6849501fe,,,,,,,,,,,,,,,,,,,,,,,,,,,,,,,,,,,,,,,,,,,,,,,,,,,,,,,,,,,,,,,,,,
training_event,training,468f03a2-d7c9-4701-abf8-bb2c692f696b,0b2f3ad7-441c-4620-9b89-dfee680e5776,2026-08-13T05:35:48.372000+00:00,mouse_move,,,,,372.8,90.6,,,,,,mouse_tracking,,,,,,,,,,,/app/training,dev_8d63bc2a-6792-425e-980a-35b6849501fe,,,,,,,,,,,,,,,,,,,,,,,,,,,,,,,,,,,,,,,,,,,,,,,,,,,,,,,,,,,,,,,,,,
training_event,training,468f03a2-d7c9-4701-abf8-bb2c692f696b,0b2f3ad7-441c-4620-9b89-dfee680e5776,2026-08-13T05:35:49.355000+00:00,mouse_move,,,,,368.8,75.6,,,,,,mouse_tracking,,,,,,,,,,,/app/training,dev_8d63bc2a-6792-425e-980a-35b6849501fe,,,,,,,,,,,,,,,,,,,,,,,,,,,,,,,,,,,,,,,,,,,,,,,,,,,,,,,,,,,,,,,,,,
training_event,training,468f03a2-d7c9-4701-abf8-bb2c692f696b,0b2f3ad7-441c-4620-9b89-dfee680e5776,2026-08-13T05:35:41.573000+00:00,mouse_move,,,,,516.8,187.6,,,,,,mouse_tracking,,,,,,,,,,,/app/training,dev_8d63bc2a-6792-425e-980a-35b6849501fe,,,,,,,,,,,,,,,,,,,,,,,,,,,,,,,,,,,,,,,,,,,,,,,,,,,,,,,,,,,,,,,,,,
training_event,training,468f03a2-d7c9-4701-abf8-bb2c692f696b,0b2f3ad7-441c-4620-9b89-dfee680e5776,2026-08-13T05:35:41.591000+00:00,mouse_move,,,,,516.8,189.6,,,,,,mouse_tracking,,,,,,,,,,,/app/training,dev_8d63bc2a-6792-425e-980a-35b6849501fe,,,,,,,,,,,,,,,,,,,,,,,,,,,,,,,,,,,,,,,,,,,,,,,,,,,,,,,,,,,,,,,,,,
training_event,training,468f03a2-d7c9-4701-abf8-bb2c692f696b,0b2f3ad7-441c-4620-9b89-dfee680e5776,2026-08-13T05:35:42.890000+00:00,mouse_move,,,,,446.8,277.6,,,,,,mouse_tracking,,,,,,,,,,,/app/training,dev_8d63bc2a-6792-425e-980a-35b6849501fe,,,,,,,,,,,,,,,,,,,,,,,,,,,,,,,,,,,,,,,,,,,,,,,,,,,,,,,,,,,,,,,,,,
training_event,training,468f03a2-d7c9-4701-abf8-bb2c692f696b,0b2f3ad7-441c-4620-9b89-dfee680e5776,2026-08-13T05:35:45.059000+00:00,mouse_move,,,,,288.8,313.6,,,,,,mouse_tracking,,,,,,,,,,,/app/training,dev_8d63bc2a-6792-425e-980a-35b6849501fe,,,,,,,,,,,,,,,,,,,,,,,,,,,,,,,,,,,,,,,,,,,,,,,,,,,,,,,,,,,,,,,,,,
training_event,training,468f03a2-d7c9-4701-abf8-bb2c692f696b,0b2f3ad7-441c-4620-9b89-dfee680e5776,2026-08-13T05:35:45.207000+00:00,mouse_move,,,,,267.8,303.6,,,,,,mouse_tracking,,,,,,,,,,,/app/training,dev_8d63bc2a-6792-425e-980a-35b6849501fe,,,,,,,,,,,,,,,,,,,,,,,,,,,,,,,,,,,,,,,,,,,,,,,,,,,,,,,,,,,,,,,,,,
training_event,training,468f03a2-d7c9-4701-abf8-bb2c692f696b,0b2f3ad7-441c-4620-9b89-dfee680e5776,2026-08-13T05:35:47.325000+00:00,mouse_move,,,,,259.8,129.6,,,,,,mouse_tracking,,,,,,,,,,,/app/training,dev_8d63bc2a-6792-425e-980a-35b6849501fe,,,,,,,,,,,,,,,,,,,,,,,,,,,,,,,,,,,,,,,,,,,,,,,,,,,,,,,,,,,,,,,,,,
training_event,training,468f03a2-d7c9-4701-abf8-bb2c692f696b,0b2f3ad7-441c-4620-9b89-dfee680e5776,2026-08-13T05:35:48.489000+00:00,mouse_move,,,,,375.8,84.6,,,,,,mouse_tracking,,,,,,,,,,,/app/training,dev_8d63bc2a-6792-425e-980a-35b6849501fe,,,,,,,,,,,,,,,,,,,,,,,,,,,,,,,,,,,,,,,,,,,,,,,,,,,,,,,,,,,,,,,,,,
training_event,training,468f03a2-d7c9-4701-abf8-bb2c692f696b,0b2f3ad7-441c-4620-9b89-dfee680e5776,2026-08-13T05:35:48.522000+00:00,mouse_move,,,,,375.8,83.6,,,,,,mouse_tracking,,,,,,,,,,,/app/training,dev_8d63bc2a-6792-425e-980a-35b6849501fe,,,,,,,,,,,,,,,,,,,,,,,,,,,,,,,,,,,,,,,,,,,,,,,,,,,,,,,,,,,,,,,,,,
training_event,training,468f03a2-d7c9-4701-abf8-bb2c692f696b,0b2f3ad7-441c-4620-9b89-dfee680e5776,2026-08-13T05:35:49.572000+00:00,mouse_move,,,,,443.8,111.6,,,,,,mouse_tracking,,,,,,,,,,,/app/training,dev_8d63bc2a-6792-425e-980a-35b6849501fe,,,,,,,,,,,,,,,,,,,,,,,,,,,,,,,,,,,,,,,,,,,,,,,,,,,,,,,,,,,,,,,,,,
training_event,training,468f03a2-d7c9-4701-abf8-bb2c692f696b,0b2f3ad7-441c-4620-9b89-dfee680e5776,2026-08-13T05:35:49.589000+00:00,mouse_move,,,,,445.8,113.6,,,,,,mouse_tracking,,,,,,,,,,,/app/training,dev_8d63bc2a-6792-425e-980a-35b6849501fe,,,,,,,,,,,,,,,,,,,,,,,,,,,,,,,,,,,,,,,,,,,,,,,,,,,,,,,,,,,,,,,,,,
training_event,training,468f03a2-d7c9-4701-abf8-bb2c692f696b,0b2f3ad7-441c-4620-9b89-dfee680e5776,2026-08-13T05:35:41.524000+00:00,mouse_move,,,,,505.8,187.6,,,,,,mouse_tracking,,,,,,,,,,,/app/training,dev_8d63bc2a-6792-425e-980a-35b6849501fe,,,,,,,,,,,,,,,,,,,,,,,,,,,,,,,,,,,,,,,,,,,,,,,,,,,,,,,,,,,,,,,,,,
training_event,training,468f03a2-d7c9-4701-abf8-bb2c692f696b,0b2f3ad7-441c-4620-9b89-dfee680e5776,2026-08-13T05:35:41.540000+00:00,mouse_move,,,,,509.8,187.6,,,,,,mouse_tracking,,,,,,,,,,,/app/training,dev_8d63bc2a-6792-425e-980a-35b6849501fe,,,,,,,,,,,,,,,,,,,,,,,,,,,,,,,,,,,,,,,,,,,,,,,,,,,,,,,,,,,,,,,,,,
training_event,training,468f03a2-d7c9-4701-abf8-bb2c692f696b,0b2f3ad7-441c-4620-9b89-dfee680e5776,2026-08-13T05:35:41.557000+00:00,mouse_move,,,,,512.8,187.6,,,,,,mouse_tracking,,,,,,,,,,,/app/training,dev_8d63bc2a-6792-425e-980a-35b6849501fe,,,,,,,,,,,,,,,,,,,,,,,,,,,,,,,,,,,,,,,,,,,,,,,,,,,,,,,,,,,,,,,,,,
training_event,training,468f03a2-d7c9-4701-abf8-bb2c692f696b,0b2f3ad7-441c-4620-9b89-dfee680e5776,2026-08-13T05:35:41.608000+00:00,mouse_move,,,,,517.8,189.6,,,,,,mouse_tracking,,,,,,,,,,,/app/training,dev_8d63bc2a-6792-425e-980a-35b6849501fe,,,,,,,,,,,,,,,,,,,,,,,,,,,,,,,,,,,,,,,,,,,,,,,,,,,,,,,,,,,,,,,,,,
training_event,training,468f03a2-d7c9-4701-abf8-bb2c692f696b,0b2f3ad7-441c-4620-9b89-dfee680e5776,2026-08-13T05:35:42.756000+00:00,mouse_move,,,,,472.8,236.6,,,,,,mouse_tracking,,,,,,,,,,,/app/training,dev_8d63bc2a-6792-425e-980a-35b6849501fe,,,,,,,,,,,,,,,,,,,,,,,,,,,,,,,,,,,,,,,,,,,,,,,,,,,,,,,,,,,,,,,,,,
training_event,training,468f03a2-d7c9-4701-abf8-bb2c692f696b,0b2f3ad7-441c-4620-9b89-dfee680e5776,2026-08-13T05:35:42.857000+00:00,mouse_move,,,,,448.8,272.6,,,,,,mouse_tracking,,,,,,,,,,,/app/training,dev_8d63bc2a-6792-425e-980a-35b6849501fe,,,,,,,,,,,,,,,,,,,,,,,,,,,,,,,,,,,,,,,,,,,,,,,,,,,,,,,,,,,,,,,,,,
training_event,training,468f03a2-d7c9-4701-abf8-bb2c692f696b,0b2f3ad7-441c-4620-9b89-dfee680e5776,2026-08-13T05:35:46.189000+00:00,mouse_move,,,,,229.8,220.6,,,,,,mouse_tracking,,,,,,,,,,,/app/training,dev_8d63bc2a-6792-425e-980a-35b6849501fe,,,,,,,,,,,,,,,,,,,,,,,,,,,,,,,,,,,,,,,,,,,,,,,,,,,,,,,,,,,,,,,,,,
training_event,training,468f03a2-d7c9-4701-abf8-bb2c692f696b,0b2f3ad7-441c-4620-9b89-dfee680e5776,2026-08-13T05:35:47.124000+00:00,mouse_move,,,,,254.8,155.6,,,,,,mouse_tracking,,,,,,,,,,,/app/training,dev_8d63bc2a-6792-425e-980a-35b6849501fe,,,,,,,,,,,,,,,,,,,,,,,,,,,,,,,,,,,,,,,,,,,,,,,,,,,,,,,,,,,,,,,,,,
training_event,training,468f03a2-d7c9-4701-abf8-bb2c692f696b,0b2f3ad7-441c-4620-9b89-dfee680e5776,2026-08-13T05:35:48.105000+00:00,mouse_move,,,,,262.8,123.6,,,,,,mouse_tracking,,,,,,,,,,,/app/training,dev_8d63bc2a-6792-425e-980a-35b6849501fe,,,,,,,,,,,,,,,,,,,,,,,,,,,,,,,,,,,,,,,,,,,,,,,,,,,,,,,,,,,,,,,,,,
training_event,training,468f03a2-d7c9-4701-abf8-bb2c692f696b,0b2f3ad7-441c-4620-9b89-dfee680e5776,2026-08-13T05:35:48.190000+00:00,mouse_move,,,,,338.8,102.6,,,,,,mouse_tracking,,,,,,,,,,,/app/training,dev_8d63bc2a-6792-425e-980a-35b6849501fe,,,,,,,,,,,,,,,,,,,,,,,,,,,,,,,,,,,,,,,,,,,,,,,,,,,,,,,,,,,,,,,,,,
training_event,training,468f03a2-d7c9-4701-abf8-bb2c692f696b,0b2f3ad7-441c-4620-9b89-dfee680e5776,2026-08-13T05:35:48.405000+00:00,mouse_move,,,,,373.8,88.6,,,,,,mouse_tracking,,,,,,,,,,,/app/training,dev_8d63bc2a-6792-425e-980a-35b6849501fe,,,,,,,,,,,,,,,,,,,,,,,,,,,,,,,,,,,,,,,,,,,,,,,,,,,,,,,,,,,,,,,,,,
training_event,training,468f03a2-d7c9-4701-abf8-bb2c692f696b,0b2f3ad7-441c-4620-9b89-dfee680e5776,2026-08-13T05:35:48.472000+00:00,mouse_move,,,,,375.8,85.6,,,,,,mouse_tracking,,,,,,,,,,,/app/training,dev_8d63bc2a-6792-425e-980a-35b6849501fe,,,,,,,,,,,,,,,,,,,,,,,,,,,,,,,,,,,,,,,,,,,,,,,,,,,,,,,,,,,,,,,,,,
training_event,training,468f03a2-d7c9-4701-abf8-bb2c692f696b,0b2f3ad7-441c-4620-9b89-dfee680e5776,2026-08-13T05:35:41.457000+00:00,mouse_move,,,,,460.8,199.6,,,,,,mouse_tracking,,,,,,,,,,,/app/training,dev_8d63bc2a-6792-425e-980a-35b6849501fe,,,,,,,,,,,,,,,,,,,,,,,,,,,,,,,,,,,,,,,,,,,,,,,,,,,,,,,,,,,,,,,,,,
training_event,training,468f03a2-d7c9-4701-abf8-bb2c692f696b,0b2f3ad7-441c-4620-9b89-dfee680e5776,2026-08-13T05:35:41.625000+00:00,mouse_move,,,,,518.8,191.6,,,,,,mouse_tracking,,,,,,,,,,,/app/training,dev_8d63bc2a-6792-425e-980a-35b6849501fe,,,,,,,,,,,,,,,,,,,,,,,,,,,,,,,,,,,,,,,,,,,,,,,,,,,,,,,,,,,,,,,,,,
training_event,training,468f03a2-d7c9-4701-abf8-bb2c692f696b,0b2f3ad7-441c-4620-9b89-dfee680e5776,2026-08-13T05:35:41.957000+00:00,mouse_move,,,,,498.8,207.6,,,,,,mouse_tracking,,,,,,,,,,,/app/training,dev_8d63bc2a-6792-425e-980a-35b6849501fe,,,,,,,,,,,,,,,,,,,,,,,,,,,,,,,,,,,,,,,,,,,,,,,,,,,,,,,,,,,,,,,,,,
training_event,training,468f03a2-d7c9-4701-abf8-bb2c692f696b,0b2f3ad7-441c-4620-9b89-dfee680e5776,2026-08-13T05:35:42.807000+00:00,mouse_move,,,,,454.8,260.6,,,,,,mouse_tracking,,,,,,,,,,,/app/training,dev_8d63bc2a-6792-425e-980a-35b6849501fe,,,,,,,,,,,,,,,,,,,,,,,,,,,,,,,,,,,,,,,,,,,,,,,,,,,,,,,,,,,,,,,,,,
training_event,training,468f03a2-d7c9-4701-abf8-bb2c692f696b,0b2f3ad7-441c-4620-9b89-dfee680e5776,2026-08-13T05:35:42.957000+00:00,mouse_move,,,,,446.8,285.6,,,,,,mouse_tracking,,,,,,,,,,,/app/training,dev_8d63bc2a-6792-425e-980a-35b6849501fe,,,,,,,,,,,,,,,,,,,,,,,,,,,,,,,,,,,,,,,,,,,,,,,,,,,,,,,,,,,,,,,,,,
training_event,training,468f03a2-d7c9-4701-abf8-bb2c692f696b,0b2f3ad7-441c-4620-9b89-dfee680e5776,2026-08-13T05:35:42.990000+00:00,mouse_move,,,,,446.8,287.6,,,,,,mouse_tracking,,,,,,,,,,,/app/training,dev_8d63bc2a-6792-425e-980a-35b6849501fe,,,,,,,,,,,,,,,,,,,,,,,,,,,,,,,,,,,,,,,,,,,,,,,,,,,,,,,,,,,,,,,,,,
training_event,training,468f03a2-d7c9-4701-abf8-bb2c692f696b,0b2f3ad7-441c-4620-9b89-dfee680e5776,2026-08-13T05:35:44.140000+00:00,mouse_move,,,,,374.8,327.6,,,,,,mouse_tracking,,,,,,,,,,,/app/training,dev_8d63bc2a-6792-425e-980a-35b6849501fe,,,,,,,,,,,,,,,,,,,,,,,,,,,,,,,,,,,,,,,,,,,,,,,,,,,,,,,,,,,,,,,,,,
training_event,training,468f03a2-d7c9-4701-abf8-bb2c692f696b,0b2f3ad7-441c-4620-9b89-dfee680e5776,2026-08-13T05:35:45.106000+00:00,mouse_move,,,,,279.8,308.6,,,,,,mouse_tracking,,,,,,,,,,,/app/training,dev_8d63bc2a-6792-425e-980a-35b6849501fe,,,,,,,,,,,,,,,,,,,,,,,,,,,,,,,,,,,,,,,,,,,,,,,,,,,,,,,,,,,,,,,,,,
training_event,training,468f03a2-d7c9-4701-abf8-bb2c692f696b,0b2f3ad7-441c-4620-9b89-dfee680e5776,2026-08-13T05:35:46.022000+00:00,mouse_move,,,,,256.8,288.6,,,,,,mouse_tracking,,,,,,,,,,,/app/training,dev_8d63bc2a-6792-425e-980a-35b6849501fe,,,,,,,,,,,,,,,,,,,,,,,,,,,,,,,,,,,,,,,,,,,,,,,,,,,,,,,,,,,,,,,,,,
training_event,training,468f03a2-d7c9-4701-abf8-bb2c692f696b,0b2f3ad7-441c-4620-9b89-dfee680e5776,2026-08-13T05:35:46.073000+00:00,mouse_move,,,,,240.8,253.6,,,,,,mouse_tracking,,,,,,,,,,,/app/training,dev_8d63bc2a-6792-425e-980a-35b6849501fe,,,,,,,,,,,,,,,,,,,,,,,,,,,,,,,,,,,,,,,,,,,,,,,,,,,,,,,,,,,,,,,,,,
training_event,training,468f03a2-d7c9-4701-abf8-bb2c692f696b,0b2f3ad7-441c-4620-9b89-dfee680e5776,2026-08-13T05:35:48.226000+00:00,mouse_move,,,,,353.8,99.6,,,,,,mouse_tracking,,,,,,,,,,,/app/training,dev_8d63bc2a-6792-425e-980a-35b6849501fe,,,,,,,,,,,,,,,,,,,,,,,,,,,,,,,,,,,,,,,,,,,,,,,,,,,,,,,,,,,,,,,,,,
training_event,training,468f03a2-d7c9-4701-abf8-bb2c692f696b,0b2f3ad7-441c-4620-9b89-dfee680e5776,2026-08-13T05:35:48.655000+00:00,mouse_move,,,,,367.8,75.6,,,,,,mouse_tracking,,,,,,,,,,,/app/training,dev_8d63bc2a-6792-425e-980a-35b6849501fe,,,,,,,,,,,,,,,,,,,,,,,,,,,,,,,,,,,,,,,,,,,,,,,,,,,,,,,,,,,,,,,,,,
training_event,training,468f03a2-d7c9-4701-abf8-bb2c692f696b,0b2f3ad7-441c-4620-9b89-dfee680e5776,2026-08-13T05:35:49.372000+00:00,mouse_move,,,,,374.8,75.6,,,,,,mouse_tracking,,,,,,,,,,,/app/training,dev_8d63bc2a-6792-425e-980a-35b6849501fe,,,,,,,,,,,,,,,,,,,,,,,,,,,,,,,,,,,,,,,,,,,,,,,,,,,,,,,,,,,,,,,,,,
training_event,training,468f03a2-d7c9-4701-abf8-bb2c692f696b,0b2f3ad7-441c-4620-9b89-dfee680e5776,2026-08-13T05:35:49.406000+00:00,mouse_move,,,,,397.8,82.6,,,,,,mouse_tracking,,,,,,,,,,,/app/training,dev_8d63bc2a-6792-425e-980a-35b6849501fe,,,,,,,,,,,,,,,,,,,,,,,,,,,,,,,,,,,,,,,,,,,,,,,,,,,,,,,,,,,,,,,,,,
training_event,training,468f03a2-d7c9-4701-abf8-bb2c692f696b,0b2f3ad7-441c-4620-9b89-dfee680e5776,2026-08-13T05:35:49.439000+00:00,mouse_move,,,,,416.8,89.6,,,,,,mouse_tracking,,,,,,,,,,,/app/training,dev_8d63bc2a-6792-425e-980a-35b6849501fe,,,,,,,,,,,,,,,,,,,,,,,,,,,,,,,,,,,,,,,,,,,,,,,,,,,,,,,,,,,,,,,,,,
training_event,training,468f03a2-d7c9-4701-abf8-bb2c692f696b,0b2f3ad7-441c-4620-9b89-dfee680e5776,2026-08-13T05:35:42.940000+00:00,mouse_move,,,,,446.8,283.6,,,,,,mouse_tracking,,,,,,,,,,,/app/training,dev_8d63bc2a-6792-425e-980a-35b6849501fe,,,,,,,,,,,,,,,,,,,,,,,,,,,,,,,,,,,,,,,,,,,,,,,,,,,,,,,,,,,,,,,,,,
training_event,training,468f03a2-d7c9-4701-abf8-bb2c692f696b,0b2f3ad7-441c-4620-9b89-dfee680e5776,2026-08-13T05:35:43.123000+00:00,mouse_move,,,,,449.8,295.6,,,,,,mouse_tracking,,,,,,,,,,,/app/training,dev_8d63bc2a-6792-425e-980a-35b6849501fe,,,,,,,,,,,,,,,,,,,,,,,,,,,,,,,,,,,,,,,,,,,,,,,,,,,,,,,,,,,,,,,,,,
training_event,training,468f03a2-d7c9-4701-abf8-bb2c692f696b,0b2f3ad7-441c-4620-9b89-dfee680e5776,2026-08-13T05:35:43.975000+00:00,mouse_move,,,,,432.8,303.6,,,,,,mouse_tracking,,,,,,,,,,,/app/training,dev_8d63bc2a-6792-425e-980a-35b6849501fe,,,,,,,,,,,,,,,,,,,,,,,,,,,,,,,,,,,,,,,,,,,,,,,,,,,,,,,,,,,,,,,,,,
training_event,training,468f03a2-d7c9-4701-abf8-bb2c692f696b,0b2f3ad7-441c-4620-9b89-dfee680e5776,2026-08-13T05:35:44.223000+00:00,mouse_move,,,,,369.8,331.6,,,,,,mouse_tracking,,,,,,,,,,,/app/training,dev_8d63bc2a-6792-425e-980a-35b6849501fe,,,,,,,,,,,,,,,,,,,,,,,,,,,,,,,,,,,,,,,,,,,,,,,,,,,,,,,,,,,,,,,,,,
training_event,training,468f03a2-d7c9-4701-abf8-bb2c692f696b,0b2f3ad7-441c-4620-9b89-dfee680e5776,2026-08-13T05:35:44.976000+00:00,mouse_move,,,,,354.8,331.6,,,,,,mouse_tracking,,,,,,,,,,,/app/training,dev_8d63bc2a-6792-425e-980a-35b6849501fe,,,,,,,,,,,,,,,,,,,,,,,,,,,,,,,,,,,,,,,,,,,,,,,,,,,,,,,,,,,,,,,,,,
training_event,training,468f03a2-d7c9-4701-abf8-bb2c692f696b,0b2f3ad7-441c-4620-9b89-dfee680e5776,2026-08-13T05:35:45.223000+00:00,mouse_move,,,,,264.8,302.6,,,,,,mouse_tracking,,,,,,,,,,,/app/training,dev_8d63bc2a-6792-425e-980a-35b6849501fe,,,,,,,,,,,,,,,,,,,,,,,,,,,,,,,,,,,,,,,,,,,,,,,,,,,,,,,,,,,,,,,,,,
training_event,training,468f03a2-d7c9-4701-abf8-bb2c692f696b,0b2f3ad7-441c-4620-9b89-dfee680e5776,2026-08-13T05:35:46.122000+00:00,mouse_move,,,,,232.8,229.6,,,,,,mouse_tracking,,,,,,,,,,,/app/training,dev_8d63bc2a-6792-425e-980a-35b6849501fe,,,,,,,,,,,,,,,,,,,,,,,,,,,,,,,,,,,,,,,,,,,,,,,,,,,,,,,,,,,,,,,,,,
training_event,training,468f03a2-d7c9-4701-abf8-bb2c692f696b,0b2f3ad7-441c-4620-9b89-dfee680e5776,2026-08-13T05:35:47.091000+00:00,mouse_move,,,,,250.8,165.6,,,,,,mouse_tracking,,,,,,,,,,,/app/training,dev_8d63bc2a-6792-425e-980a-35b6849501fe,,,,,,,,,,,,,,,,,,,,,,,,,,,,,,,,,,,,,,,,,,,,,,,,,,,,,,,,,,,,,,,,,,
training_event,training,468f03a2-d7c9-4701-abf8-bb2c692f696b,0b2f3ad7-441c-4620-9b89-dfee680e5776,2026-08-13T05:35:47.107000+00:00,mouse_move,,,,,252.8,160.6,,,,,,mouse_tracking,,,,,,,,,,,/app/training,dev_8d63bc2a-6792-425e-980a-35b6849501fe,,,,,,,,,,,,,,,,,,,,,,,,,,,,,,,,,,,,,,,,,,,,,,,,,,,,,,,,,,,,,,,,,,
training_event,training,468f03a2-d7c9-4701-abf8-bb2c692f696b,0b2f3ad7-441c-4620-9b89-dfee680e5776,2026-08-13T05:35:47.142000+00:00,mouse_move,,,,,256.8,151.6,,,,,,mouse_tracking,,,,,,,,,,,/app/training,dev_8d63bc2a-6792-425e-980a-35b6849501fe,,,,,,,,,,,,,,,,,,,,,,,,,,,,,,,,,,,,,,,,,,,,,,,,,,,,,,,,,,,,,,,,,,
training_event,training,468f03a2-d7c9-4701-abf8-bb2c692f696b,0b2f3ad7-441c-4620-9b89-dfee680e5776,2026-08-13T05:35:48.172000+00:00,mouse_move,,,,,326.8,105.6,,,,,,mouse_tracking,,,,,,,,,,,/app/training,dev_8d63bc2a-6792-425e-980a-35b6849501fe,,,,,,,,,,,,,,,,,,,,,,,,,,,,,,,,,,,,,,,,,,,,,,,,,,,,,,,,,,,,,,,,,,
training_event,training,468f03a2-d7c9-4701-abf8-bb2c692f696b,0b2f3ad7-441c-4620-9b89-dfee680e5776,2026-08-13T05:35:48.209000+00:00,mouse_move,,,,,345.8,100.6,,,,,,mouse_tracking,,,,,,,,,,,/app/training,dev_8d63bc2a-6792-425e-980a-35b6849501fe,,,,,,,,,,,,,,,,,,,,,,,,,,,,,,,,,,,,,,,,,,,,,,,,,,,,,,,,,,,,,,,,,,
training_event,training,468f03a2-d7c9-4701-abf8-bb2c692f696b,0b2f3ad7-441c-4620-9b89-dfee680e5776,2026-08-13T05:35:49.389000+00:00,mouse_move,,,,,384.8,77.6,,,,,,mouse_tracking,,,,,,,,,,,/app/training,dev_8d63bc2a-6792-425e-980a-35b6849501fe,,,,,,,,,,,,,,,,,,,,,,,,,,,,,,,,,,,,,,,,,,,,,,,,,,,,,,,,,,,,,,,,,,
training_event,training,468f03a2-d7c9-4701-abf8-bb2c692f696b,0b2f3ad7-441c-4620-9b89-dfee680e5776,2026-08-13T05:35:49.606000+00:00,mouse_move,,,,,445.8,114.6,,,,,,mouse_tracking,,,,,,,,,,,/app/training,dev_8d63bc2a-6792-425e-980a-35b6849501fe,,,,,,,,,,,,,,,,,,,,,,,,,,,,,,,,,,,,,,,,,,,,,,,,,,,,,,,,,,,,,,,,,,
training_event,training,468f03a2-d7c9-4701-abf8-bb2c692f696b,0b2f3ad7-441c-4620-9b89-dfee680e5776,2026-08-13T05:35:42.791000+00:00,mouse_move,,,,,458.8,255.6,,,,,,mouse_tracking,,,,,,,,,,,/app/training,dev_8d63bc2a-6792-425e-980a-35b6849501fe,,,,,,,,,,,,,,,,,,,,,,,,,,,,,,,,,,,,,,,,,,,,,,,,,,,,,,,,,,,,,,,,,,
training_event,training,468f03a2-d7c9-4701-abf8-bb2c692f696b,0b2f3ad7-441c-4620-9b89-dfee680e5776,2026-08-13T05:35:47.024000+00:00,mouse_move,,,,,237.8,195.6,,,,,,mouse_tracking,,,,,,,,,,,/app/training,dev_8d63bc2a-6792-425e-980a-35b6849501fe,,,,,,,,,,,,,,,,,,,,,,,,,,,,,,,,,,,,,,,,,,,,,,,,,,,,,,,,,,,,,,,,,,
training_event,training,468f03a2-d7c9-4701-abf8-bb2c692f696b,0b2f3ad7-441c-4620-9b89-dfee680e5776,2026-08-13T05:35:47.207000+00:00,mouse_move,,,,,259.8,139.6,,,,,,mouse_tracking,,,,,,,,,,,/app/training,dev_8d63bc2a-6792-425e-980a-35b6849501fe,,,,,,,,,,,,,,,,,,,,,,,,,,,,,,,,,,,,,,,,,,,,,,,,,,,,,,,,,,,,,,,,,,
training_event,training,468f03a2-d7c9-4701-abf8-bb2c692f696b,0b2f3ad7-441c-4620-9b89-dfee680e5776,2026-08-13T05:35:48.141000+00:00,mouse_move,,,,,290.8,115.6,,,,,,mouse_tracking,,,,,,,,,,,/app/training,dev_8d63bc2a-6792-425e-980a-35b6849501fe,,,,,,,,,,,,,,,,,,,,,,,,,,,,,,,,,,,,,,,,,,,,,,,,,,,,,,,,,,,,,,,,,,
training_event,training,468f03a2-d7c9-4701-abf8-bb2c692f696b,0b2f3ad7-441c-4620-9b89-dfee680e5776,2026-08-13T05:35:48.258000+00:00,mouse_move,,,,,360.8,96.6,,,,,,mouse_tracking,,,,,,,,,,,/app/training,dev_8d63bc2a-6792-425e-980a-35b6849501fe,,,,,,,,,,,,,,,,,,,,,,,,,,,,,,,,,,,,,,,,,,,,,,,,,,,,,,,,,,,,,,,,,,
training_event,training,468f03a2-d7c9-4701-abf8-bb2c692f696b,0b2f3ad7-441c-4620-9b89-dfee680e5776,2026-08-13T05:35:41.641000+00:00,mouse_move,,,,,520.8,191.6,,,,,,mouse_tracking,,,,,,,,,,,/app/training,dev_8d63bc2a-6792-425e-980a-35b6849501fe,,,,,,,,,,,,,,,,,,,,,,,,,,,,,,,,,,,,,,,,,,,,,,,,,,,,,,,,,,,,,,,,,,
training_event,training,468f03a2-d7c9-4701-abf8-bb2c692f696b,0b2f3ad7-441c-4620-9b89-dfee680e5776,2026-08-13T05:35:41.859000+00:00,mouse_move,,,,,516.8,197.6,,,,,,mouse_tracking,,,,,,,,,,,/app/training,dev_8d63bc2a-6792-425e-980a-35b6849501fe,,,,,,,,,,,,,,,,,,,,,,,,,,,,,,,,,,,,,,,,,,,,,,,,,,,,,,,,,,,,,,,,,,
training_event,training,468f03a2-d7c9-4701-abf8-bb2c692f696b,0b2f3ad7-441c-4620-9b89-dfee680e5776,2026-08-13T05:35:42.873000+00:00,mouse_move,,,,,447.8,275.6,,,,,,mouse_tracking,,,,,,,,,,,/app/training,dev_8d63bc2a-6792-425e-980a-35b6849501fe,,,,,,,,,,,,,,,,,,,,,,,,,,,,,,,,,,,,,,,,,,,,,,,,,,,,,,,,,,,,,,,,,,
training_event,training,468f03a2-d7c9-4701-abf8-bb2c692f696b,0b2f3ad7-441c-4620-9b89-dfee680e5776,2026-08-13T05:35:44.107000+00:00,mouse_move,,,,,377.8,326.6,,,,,,mouse_tracking,,,,,,,,,,,/app/training,dev_8d63bc2a-6792-425e-980a-35b6849501fe,,,,,,,,,,,,,,,,,,,,,,,,,,,,,,,,,,,,,,,,,,,,,,,,,,,,,,,,,,,,,,,,,,
training_event,training,468f03a2-d7c9-4701-abf8-bb2c692f696b,0b2f3ad7-441c-4620-9b89-dfee680e5776,2026-08-13T05:35:44.156000+00:00,mouse_move,,,,,372.8,328.6,,,,,,mouse_tracking,,,,,,,,,,,/app/training,dev_8d63bc2a-6792-425e-980a-35b6849501fe,,,,,,,,,,,,,,,,,,,,,,,,,,,,,,,,,,,,,,,,,,,,,,,,,,,,,,,,,,,,,,,,,,
training_event,training,468f03a2-d7c9-4701-abf8-bb2c692f696b,0b2f3ad7-441c-4620-9b89-dfee680e5776,2026-08-13T05:35:46.056000+00:00,mouse_move,,,,,247.8,267.6,,,,,,mouse_tracking,,,,,,,,,,,/app/training,dev_8d63bc2a-6792-425e-980a-35b6849501fe,,,,,,,,,,,,,,,,,,,,,,,,,,,,,,,,,,,,,,,,,,,,,,,,,,,,,,,,,,,,,,,,,,
training_event,training,468f03a2-d7c9-4701-abf8-bb2c692f696b,0b2f3ad7-441c-4620-9b89-dfee680e5776,2026-08-13T05:35:46.139000+00:00,mouse_move,,,,,231.8,227.6,,,,,,mouse_tracking,,,,,,,,,,,/app/training,dev_8d63bc2a-6792-425e-980a-35b6849501fe,,,,,,,,,,,,,,,,,,,,,,,,,,,,,,,,,,,,,,,,,,,,,,,,,,,,,,,,,,,,,,,,,,
training_event,training,468f03a2-d7c9-4701-abf8-bb2c692f696b,0b2f3ad7-441c-4620-9b89-dfee680e5776,2026-08-13T05:35:46.156000+00:00,mouse_move,,,,,229.8,223.6,,,,,,mouse_tracking,,,,,,,,,,,/app/training,dev_8d63bc2a-6792-425e-980a-35b6849501fe,,,,,,,,,,,,,,,,,,,,,,,,,,,,,,,,,,,,,,,,,,,,,,,,,,,,,,,,,,,,,,,,,,
training_event,training,468f03a2-d7c9-4701-abf8-bb2c692f696b,0b2f3ad7-441c-4620-9b89-dfee680e5776,2026-08-13T05:35:46.305000+00:00,mouse_move,,,,,229.8,213.6,,,,,,mouse_tracking,,,,,,,,,,,/app/training,dev_8d63bc2a-6792-425e-980a-35b6849501fe,,,,,,,,,,,,,,,,,,,,,,,,,,,,,,,,,,,,,,,,,,,,,,,,,,,,,,,,,,,,,,,,,,
training_event,training,468f03a2-d7c9-4701-abf8-bb2c692f696b,0b2f3ad7-441c-4620-9b89-dfee680e5776,2026-08-13T05:35:46.990000+00:00,mouse_move,,,,,230.8,211.6,,,,,,mouse_tracking,,,,,,,,,,,/app/training,dev_8d63bc2a-6792-425e-980a-35b6849501fe,,,,,,,,,,,,,,,,,,,,,,,,,,,,,,,,,,,,,,,,,,,,,,,,,,,,,,,,,,,,,,,,,,
training_event,training,468f03a2-d7c9-4701-abf8-bb2c692f696b,0b2f3ad7-441c-4620-9b89-dfee680e5776,2026-08-13T05:35:47.075000+00:00,mouse_move,,,,,248.8,171.6,,,,,,mouse_tracking,,,,,,,,,,,/app/training,dev_8d63bc2a-6792-425e-980a-35b6849501fe,,,,,,,,,,,,,,,,,,,,,,,,,,,,,,,,,,,,,,,,,,,,,,,,,,,,,,,,,,,,,,,,,,
training_event,training,468f03a2-d7c9-4701-abf8-bb2c692f696b,0b2f3ad7-441c-4620-9b89-dfee680e5776,2026-08-13T05:35:47.225000+00:00,mouse_move,,,,,259.8,135.6,,,,,,mouse_tracking,,,,,,,,,,,/app/training,dev_8d63bc2a-6792-425e-980a-35b6849501fe,,,,,,,,,,,,,,,,,,,,,,,,,,,,,,,,,,,,,,,,,,,,,,,,,,,,,,,,,,,,,,,,,,
training_event,training,468f03a2-d7c9-4701-abf8-bb2c692f696b,0b2f3ad7-441c-4620-9b89-dfee680e5776,2026-08-13T05:35:48.124000+00:00,mouse_move,,,,,269.8,122.6,,,,,,mouse_tracking,,,,,,,,,,,/app/training,dev_8d63bc2a-6792-425e-980a-35b6849501fe,,,,,,,,,,,,,,,,,,,,,,,,,,,,,,,,,,,,,,,,,,,,,,,,,,,,,,,,,,,,,,,,,,
training_event,training,468f03a2-d7c9-4701-abf8-bb2c692f696b,0b2f3ad7-441c-4620-9b89-dfee680e5776,2026-08-13T05:35:48.278000+00:00,mouse_move,,,,,361.8,96.6,,,,,,mouse_tracking,,,,,,,,,,,/app/training,dev_8d63bc2a-6792-425e-980a-35b6849501fe,,,,,,,,,,,,,,,,,,,,,,,,,,,,,,,,,,,,,,,,,,,,,,,,,,,,,,,,,,,,,,,,,,
training_event,training,468f03a2-d7c9-4701-abf8-bb2c692f696b,0b2f3ad7-441c-4620-9b89-dfee680e5776,2026-08-13T05:35:49.555000+00:00,mouse_move,,,,,441.8,111.6,,,,,,mouse_tracking,,,,,,,,,,,/app/training,dev_8d63bc2a-6792-425e-980a-35b6849501fe,,,,,,,,,,,,,,,,,,,,,,,,,,,,,,,,,,,,,,,,,,,,,,,,,,,,,,,,,,,,,,,,,,
training_event,training,468f03a2-d7c9-4701-abf8-bb2c692f696b,0b2f3ad7-441c-4620-9b89-dfee680e5776,2026-08-13T05:35:49.622000+00:00,mouse_move,,,,,446.8,114.6,,,,,,mouse_tracking,,,,,,,,,,,/app/training,dev_8d63bc2a-6792-425e-980a-35b6849501fe,,,,,,,,,,,,,,,,,,,,,,,,,,,,,,,,,,,,,,,,,,,,,,,,,,,,,,,,,,,,,,,,,,
training_event,training,468f03a2-d7c9-4701-abf8-bb2c692f696b,0b2f3ad7-441c-4620-9b89-dfee680e5776,2026-08-13T05:35:41.424000+00:00,mouse_move,,,,,387.8,240.6,,,,,,mouse_tracking,,,,,,,,,,,/app/training,dev_8d63bc2a-6792-425e-980a-35b6849501fe,,,,,,,,,,,,,,,,,,,,,,,,,,,,,,,,,,,,,,,,,,,,,,,,,,,,,,,,,,,,,,,,,,
training_event,training,468f03a2-d7c9-4701-abf8-bb2c692f696b,0b2f3ad7-441c-4620-9b89-dfee680e5776,2026-08-13T05:35:41.473000+00:00,mouse_move,,,,,484.8,188.6,,,,,,mouse_tracking,,,,,,,,,,,/app/training,dev_8d63bc2a-6792-425e-980a-35b6849501fe,,,,,,,,,,,,,,,,,,,,,,,,,,,,,,,,,,,,,,,,,,,,,,,,,,,,,,,,,,,,,,,,,,
training_event,training,468f03a2-d7c9-4701-abf8-bb2c692f696b,0b2f3ad7-441c-4620-9b89-dfee680e5776,2026-08-13T05:35:41.891000+00:00,mouse_move,,,,,511.8,201.6,,,,,,mouse_tracking,,,,,,,,,,,/app/training,dev_8d63bc2a-6792-425e-980a-35b6849501fe,,,,,,,,,,,,,,,,,,,,,,,,,,,,,,,,,,,,,,,,,,,,,,,,,,,,,,,,,,,,,,,,,,
training_event,training,468f03a2-d7c9-4701-abf8-bb2c692f696b,0b2f3ad7-441c-4620-9b89-dfee680e5776,2026-08-13T05:35:45.124000+00:00,mouse_move,,,,,277.8,307.6,,,,,,mouse_tracking,,,,,,,,,,,/app/training,dev_8d63bc2a-6792-425e-980a-35b6849501fe,,,,,,,,,,,,,,,,,,,,,,,,,,,,,,,,,,,,,,,,,,,,,,,,,,,,,,,,,,,,,,,,,,
training_event,training,468f03a2-d7c9-4701-abf8-bb2c692f696b,0b2f3ad7-441c-4620-9b89-dfee680e5776,2026-08-13T05:35:45.174000+00:00,mouse_move,,,,,271.8,305.6,,,,,,mouse_tracking,,,,,,,,,,,/app/training,dev_8d63bc2a-6792-425e-980a-35b6849501fe,,,,,,,,,,,,,,,,,,,,,,,,,,,,,,,,,,,,,,,,,,,,,,,,,,,,,,,,,,,,,,,,,,
training_event,training,468f03a2-d7c9-4701-abf8-bb2c692f696b,0b2f3ad7-441c-4620-9b89-dfee680e5776,2026-08-13T05:35:46.222000+00:00,mouse_move,,,,,229.8,217.6,,,,,,mouse_tracking,,,,,,,,,,,/app/training,dev_8d63bc2a-6792-425e-980a-35b6849501fe,,,,,,,,,,,,,,,,,,,,,,,,,,,,,,,,,,,,,,,,,,,,,,,,,,,,,,,,,,,,,,,,,,
training_event,training,468f03a2-d7c9-4701-abf8-bb2c692f696b,0b2f3ad7-441c-4620-9b89-dfee680e5776,2026-08-13T05:35:48.539000+00:00,mouse_move,,,,,375.8,80.6,,,,,,mouse_tracking,,,,,,,,,,,/app/training,dev_8d63bc2a-6792-425e-980a-35b6849501fe,,,,,,,,,,,,,,,,,,,,,,,,,,,,,,,,,,,,,,,,,,,,,,,,,,,,,,,,,,,,,,,,,,
training_event,training,468f03a2-d7c9-4701-abf8-bb2c692f696b,0b2f3ad7-441c-4620-9b89-dfee680e5776,2026-08-13T05:35:48.572000+00:00,mouse_move,,,,,372.8,79.6,,,,,,mouse_tracking,,,,,,,,,,,/app/training,dev_8d63bc2a-6792-425e-980a-35b6849501fe,,,,,,,,,,,,,,,,,,,,,,,,,,,,,,,,,,,,,,,,,,,,,,,,,,,,,,,,,,,,,,,,,,
training_event,training,468f03a2-d7c9-4701-abf8-bb2c692f696b,0b2f3ad7-441c-4620-9b89-dfee680e5776,2026-08-13T05:35:49.523000+00:00,mouse_move,,,,,438.8,106.6,,,,,,mouse_tracking,,,,,,,,,,,/app/training,dev_8d63bc2a-6792-425e-980a-35b6849501fe,,,,,,,,,,,,,,,,,,,,,,,,,,,,,,,,,,,,,,,,,,,,,,,,,,,,,,,,,,,,,,,,,,
training_event,training,468f03a2-d7c9-4701-abf8-bb2c692f696b,21349e1e-4625-48da-aaa5-ecb6e9f8b47d,2026-08-15T18:40:41.601000+00:00,mouse_move,,,,,452.8,250.6,,,,,,mouse_tracking,,,,,,,,,,,/app/training,dev_a86eb88b-8ae6-46e3-9f1a-65c0820fcf90,,,,,,,,,,,,,,,,,,,,,,,,,,,,,,,,,,,,,,,,,,,,,,,,,,,,,,,,,,,,,,,,,,
training_event,training,468f03a2-d7c9-4701-abf8-bb2c692f696b,21349e1e-4625-48da-aaa5-ecb6e9f8b47d,2026-08-15T18:40:41.670000+00:00,mouse_move,,,,,472.8,251.6,,,,,,mouse_tracking,,,,,,,,,,,/app/training,dev_a86eb88b-8ae6-46e3-9f1a-65c0820fcf90,,,,,,,,,,,,,,,,,,,,,,,,,,,,,,,,,,,,,,,,,,,,,,,,,,,,,,,,,,,,,,,,,,
training_event,training,468f03a2-d7c9-4701-abf8-bb2c692f696b,21349e1e-4625-48da-aaa5-ecb6e9f8b47d,2026-08-15T18:40:41.786000+00:00,mouse_move,,,,,484.8,251.6,,,,,,mouse_tracking,,,,,,,,,,,/app/training,dev_a86eb88b-8ae6-46e3-9f1a-65c0820fcf90,,,,,,,,,,,,,,,,,,,,,,,,,,,,,,,,,,,,,,,,,,,,,,,,,,,,,,,,,,,,,,,,,,
training_event,training,468f03a2-d7c9-4701-abf8-bb2c692f696b,21349e1e-4625-48da-aaa5-ecb6e9f8b47d,2026-08-15T18:40:42.969000+00:00,mouse_move,,,,,456.8,275.6,,,,,,mouse_tracking,,,,,,,,,,,/app/training,dev_a86eb88b-8ae6-46e3-9f1a-65c0820fcf90,,,,,,,,,,,,,,,,,,,,,,,,,,,,,,,,,,,,,,,,,,,,,,,,,,,,,,,,,,,,,,,,,,
training_event,training,468f03a2-d7c9-4701-abf8-bb2c692f696b,21349e1e-4625-48da-aaa5-ecb6e9f8b47d,2026-08-15T18:40:43.185000+00:00,mouse_move,,,,,453.8,295.6,,,,,,mouse_tracking,,,,,,,,,,,/app/training,dev_a86eb88b-8ae6-46e3-9f1a-65c0820fcf90,,,,,,,,,,,,,,,,,,,,,,,,,,,,,,,,,,,,,,,,,,,,,,,,,,,,,,,,,,,,,,,,,,
training_event,training,468f03a2-d7c9-4701-abf8-bb2c692f696b,21349e1e-4625-48da-aaa5-ecb6e9f8b47d,2026-08-15T18:40:43.201000+00:00,mouse_move,,,,,453.8,296.6,,,,,,mouse_tracking,,,,,,,,,,,/app/training,dev_a86eb88b-8ae6-46e3-9f1a-65c0820fcf90,,,,,,,,,,,,,,,,,,,,,,,,,,,,,,,,,,,,,,,,,,,,,,,,,,,,,,,,,,,,,,,,,,
training_event,training,468f03a2-d7c9-4701-abf8-bb2c692f696b,21349e1e-4625-48da-aaa5-ecb6e9f8b47d,2026-08-15T18:40:46.151000+00:00,mouse_move,,,,,249.8,263.6,,,,,,mouse_tracking,,,,,,,,,,,/app/training,dev_a86eb88b-8ae6-46e3-9f1a-65c0820fcf90,,,,,,,,,,,,,,,,,,,,,,,,,,,,,,,,,,,,,,,,,,,,,,,,,,,,,,,,,,,,,,,,,,
training_event,training,468f03a2-d7c9-4701-abf8-bb2c692f696b,21349e1e-4625-48da-aaa5-ecb6e9f8b47d,2026-08-15T18:40:48.668000+00:00,mouse_move,,,,,352.8,79.6,,,,,,mouse_tracking,,,,,,,,,,,/app/training,dev_a86eb88b-8ae6-46e3-9f1a-65c0820fcf90,,,,,,,,,,,,,,,,,,,,,,,,,,,,,,,,,,,,,,,,,,,,,,,,,,,,,,,,,,,,,,,,,,
training_event,training,468f03a2-d7c9-4701-abf8-bb2c692f696b,21349e1e-4625-48da-aaa5-ecb6e9f8b47d,2026-08-15T18:40:49.867000+00:00,mouse_move,,,,,515.8,150.6,,,,,,mouse_tracking,,,,,,,,,,,/app/training,dev_a86eb88b-8ae6-46e3-9f1a-65c0820fcf90,,,,,,,,,,,,,,,,,,,,,,,,,,,,,,,,,,,,,,,,,,,,,,,,,,,,,,,,,,,,,,,,,,
training_event,training,468f03a2-d7c9-4701-abf8-bb2c692f696b,21349e1e-4625-48da-aaa5-ecb6e9f8b47d,2026-08-15T18:40:50.119000+00:00,mouse_move,,,,,498.8,148.6,,,,,,mouse_tracking,,,,,,,,,,,/app/training,dev_a86eb88b-8ae6-46e3-9f1a-65c0820fcf90,,,,,,,,,,,,,,,,,,,,,,,,,,,,,,,,,,,,,,,,,,,,,,,,,,,,,,,,,,,,,,,,,,
training_event,training,468f03a2-d7c9-4701-abf8-bb2c692f696b,21349e1e-4625-48da-aaa5-ecb6e9f8b47d,2026-08-15T18:40:41.553000+00:00,mouse_move,,,,,416.8,250.6,,,,,,mouse_tracking,,,,,,,,,,,/app/training,dev_a86eb88b-8ae6-46e3-9f1a-65c0820fcf90,,,,,,,,,,,,,,,,,,,,,,,,,,,,,,,,,,,,,,,,,,,,,,,,,,,,,,,,,,,,,,,,,,
training_event,training,468f03a2-d7c9-4701-abf8-bb2c692f696b,21349e1e-4625-48da-aaa5-ecb6e9f8b47d,2026-08-15T18:40:41.753000+00:00,mouse_move,,,,,481.8,251.6,,,,,,mouse_tracking,,,,,,,,,,,/app/training,dev_a86eb88b-8ae6-46e3-9f1a-65c0820fcf90,,,,,,,,,,,,,,,,,,,,,,,,,,,,,,,,,,,,,,,,,,,,,,,,,,,,,,,,,,,,,,,,,,
training_event,training,468f03a2-d7c9-4701-abf8-bb2c692f696b,21349e1e-4625-48da-aaa5-ecb6e9f8b47d,2026-08-15T18:40:41.936000+00:00,mouse_move,,,,,485.8,219.6,,,,,,mouse_tracking,,,,,,,,,,,/app/training,dev_a86eb88b-8ae6-46e3-9f1a-65c0820fcf90,,,,,,,,,,,,,,,,,,,,,,,,,,,,,,,,,,,,,,,,,,,,,,,,,,,,,,,,,,,,,,,,,,
training_event,training,468f03a2-d7c9-4701-abf8-bb2c692f696b,21349e1e-4625-48da-aaa5-ecb6e9f8b47d,2026-08-15T18:40:43.220000+00:00,mouse_move,,,,,453.8,298.6,,,,,,mouse_tracking,,,,,,,,,,,/app/training,dev_a86eb88b-8ae6-46e3-9f1a-65c0820fcf90,,,,,,,,,,,,,,,,,,,,,,,,,,,,,,,,,,,,,,,,,,,,,,,,,,,,,,,,,,,,,,,,,,
training_event,training,468f03a2-d7c9-4701-abf8-bb2c692f696b,21349e1e-4625-48da-aaa5-ecb6e9f8b47d,2026-08-15T18:40:45.153000+00:00,mouse_move,,,,,271.8,330.6,,,,,,mouse_tracking,,,,,,,,,,,/app/training,dev_a86eb88b-8ae6-46e3-9f1a-65c0820fcf90,,,,,,,,,,,,,,,,,,,,,,,,,,,,,,,,,,,,,,,,,,,,,,,,,,,,,,,,,,,,,,,,,,
training_event,training,468f03a2-d7c9-4701-abf8-bb2c692f696b,21349e1e-4625-48da-aaa5-ecb6e9f8b47d,2026-08-15T18:40:45.235000+00:00,mouse_move,,,,,267.8,327.6,,,,,,mouse_tracking,,,,,,,,,,,/app/training,dev_a86eb88b-8ae6-46e3-9f1a-65c0820fcf90,,,,,,,,,,,,,,,,,,,,,,,,,,,,,,,,,,,,,,,,,,,,,,,,,,,,,,,,,,,,,,,,,,
training_event,training,468f03a2-d7c9-4701-abf8-bb2c692f696b,21349e1e-4625-48da-aaa5-ecb6e9f8b47d,2026-08-15T18:40:47.185000+00:00,mouse_move,,,,,248.8,115.6,,,,,,mouse_tracking,,,,,,,,,,,/app/training,dev_a86eb88b-8ae6-46e3-9f1a-65c0820fcf90,,,,,,,,,,,,,,,,,,,,,,,,,,,,,,,,,,,,,,,,,,,,,,,,,,,,,,,,,,,,,,,,,,
training_event,training,468f03a2-d7c9-4701-abf8-bb2c692f696b,21349e1e-4625-48da-aaa5-ecb6e9f8b47d,2026-08-15T18:40:47.201000+00:00,mouse_move,,,,,248.8,111.6,,,,,,mouse_tracking,,,,,,,,,,,/app/training,dev_a86eb88b-8ae6-46e3-9f1a-65c0820fcf90,,,,,,,,,,,,,,,,,,,,,,,,,,,,,,,,,,,,,,,,,,,,,,,,,,,,,,,,,,,,,,,,,,
training_event,training,468f03a2-d7c9-4701-abf8-bb2c692f696b,21349e1e-4625-48da-aaa5-ecb6e9f8b47d,2026-08-15T18:40:48.317000+00:00,mouse_move,,,,,324.8,91.6,,,,,,mouse_tracking,,,,,,,,,,,/app/training,dev_a86eb88b-8ae6-46e3-9f1a-65c0820fcf90,,,,,,,,,,,,,,,,,,,,,,,,,,,,,,,,,,,,,,,,,,,,,,,,,,,,,,,,,,,,,,,,,,
training_event,training,468f03a2-d7c9-4701-abf8-bb2c692f696b,21349e1e-4625-48da-aaa5-ecb6e9f8b47d,2026-08-15T18:40:41.853000+00:00,mouse_move,,,,,484.8,247.6,,,,,,mouse_tracking,,,,,,,,,,,/app/training,dev_a86eb88b-8ae6-46e3-9f1a-65c0820fcf90,,,,,,,,,,,,,,,,,,,,,,,,,,,,,,,,,,,,,,,,,,,,,,,,,,,,,,,,,,,,,,,,,,
training_event,training,468f03a2-d7c9-4701-abf8-bb2c692f696b,21349e1e-4625-48da-aaa5-ecb6e9f8b47d,2026-08-15T18:40:42.903000+00:00,mouse_move,,,,,461.8,262.6,,,,,,mouse_tracking,,,,,,,,,,,/app/training,dev_a86eb88b-8ae6-46e3-9f1a-65c0820fcf90,,,,,,,,,,,,,,,,,,,,,,,,,,,,,,,,,,,,,,,,,,,,,,,,,,,,,,,,,,,,,,,,,,
training_event,training,468f03a2-d7c9-4701-abf8-bb2c692f696b,21349e1e-4625-48da-aaa5-ecb6e9f8b47d,2026-08-15T18:40:43.102000+00:00,mouse_move,,,,,453.8,291.6,,,,,,mouse_tracking,,,,,,,,,,,/app/training,dev_a86eb88b-8ae6-46e3-9f1a-65c0820fcf90,,,,,,,,,,,,,,,,,,,,,,,,,,,,,,,,,,,,,,,,,,,,,,,,,,,,,,,,,,,,,,,,,,
training_event,training,468f03a2-d7c9-4701-abf8-bb2c692f696b,21349e1e-4625-48da-aaa5-ecb6e9f8b47d,2026-08-15T18:40:43.152000+00:00,mouse_move,,,,,453.8,294.6,,,,,,mouse_tracking,,,,,,,,,,,/app/training,dev_a86eb88b-8ae6-46e3-9f1a-65c0820fcf90,,,,,,,,,,,,,,,,,,,,,,,,,,,,,,,,,,,,,,,,,,,,,,,,,,,,,,,,,,,,,,,,,,
training_event,training,468f03a2-d7c9-4701-abf8-bb2c692f696b,21349e1e-4625-48da-aaa5-ecb6e9f8b47d,2026-08-15T18:40:44.069000+00:00,mouse_move,,,,,368.8,335.6,,,,,,mouse_tracking,,,,,,,,,,,/app/training,dev_a86eb88b-8ae6-46e3-9f1a-65c0820fcf90,,,,,,,,,,,,,,,,,,,,,,,,,,,,,,,,,,,,,,,,,,,,,,,,,,,,,,,,,,,,,,,,,,
training_event,training,468f03a2-d7c9-4701-abf8-bb2c692f696b,21349e1e-4625-48da-aaa5-ecb6e9f8b47d,2026-08-15T18:40:45.118000+00:00,mouse_move,,,,,274.8,331.6,,,,,,mouse_tracking,,,,,,,,,,,/app/training,dev_a86eb88b-8ae6-46e3-9f1a-65c0820fcf90,,,,,,,,,,,,,,,,,,,,,,,,,,,,,,,,,,,,,,,,,,,,,,,,,,,,,,,,,,,,,,,,,,
training_event,training,468f03a2-d7c9-4701-abf8-bb2c692f696b,21349e1e-4625-48da-aaa5-ecb6e9f8b47d,2026-08-15T18:40:45.135000+00:00,mouse_move,,,,,272.8,331.6,,,,,,mouse_tracking,,,,,,,,,,,/app/training,dev_a86eb88b-8ae6-46e3-9f1a-65c0820fcf90,,,,,,,,,,,,,,,,,,,,,,,,,,,,,,,,,,,,,,,,,,,,,,,,,,,,,,,,,,,,,,,,,,
training_event,training,468f03a2-d7c9-4701-abf8-bb2c692f696b,21349e1e-4625-48da-aaa5-ecb6e9f8b47d,2026-08-15T18:40:46.119000+00:00,mouse_move,,,,,259.8,295.6,,,,,,mouse_tracking,,,,,,,,,,,/app/training,dev_a86eb88b-8ae6-46e3-9f1a-65c0820fcf90,,,,,,,,,,,,,,,,,,,,,,,,,,,,,,,,,,,,,,,,,,,,,,,,,,,,,,,,,,,,,,,,,,
training_event,training,468f03a2-d7c9-4701-abf8-bb2c692f696b,21349e1e-4625-48da-aaa5-ecb6e9f8b47d,2026-08-15T18:40:46.202000+00:00,mouse_move,,,,,239.8,241.6,,,,,,mouse_tracking,,,,,,,,,,,/app/training,dev_a86eb88b-8ae6-46e3-9f1a-65c0820fcf90,,,,,,,,,,,,,,,,,,,,,,,,,,,,,,,,,,,,,,,,,,,,,,,,,,,,,,,,,,,,,,,,,,
training_event,training,468f03a2-d7c9-4701-abf8-bb2c692f696b,21349e1e-4625-48da-aaa5-ecb6e9f8b47d,2026-08-15T18:40:48.184000+00:00,mouse_move,,,,,280.8,102.6,,,,,,mouse_tracking,,,,,,,,,,,/app/training,dev_a86eb88b-8ae6-46e3-9f1a-65c0820fcf90,,,,,,,,,,,,,,,,,,,,,,,,,,,,,,,,,,,,,,,,,,,,,,,,,,,,,,,,,,,,,,,,,,
training_event,training,468f03a2-d7c9-4701-abf8-bb2c692f696b,21349e1e-4625-48da-aaa5-ecb6e9f8b47d,2026-08-15T18:40:48.368000+00:00,mouse_move,,,,,332.8,90.6,,,,,,mouse_tracking,,,,,,,,,,,/app/training,dev_a86eb88b-8ae6-46e3-9f1a-65c0820fcf90,,,,,,,,,,,,,,,,,,,,,,,,,,,,,,,,,,,,,,,,,,,,,,,,,,,,,,,,,,,,,,,,,,
training_event,training,468f03a2-d7c9-4701-abf8-bb2c692f696b,21349e1e-4625-48da-aaa5-ecb6e9f8b47d,2026-08-15T18:40:48.417000+00:00,mouse_move,,,,,334.8,90.6,,,,,,mouse_tracking,,,,,,,,,,,/app/training,dev_a86eb88b-8ae6-46e3-9f1a-65c0820fcf90,,,,,,,,,,,,,,,,,,,,,,,,,,,,,,,,,,,,,,,,,,,,,,,,,,,,,,,,,,,,,,,,,,
training_event,training,468f03a2-d7c9-4701-abf8-bb2c692f696b,21349e1e-4625-48da-aaa5-ecb6e9f8b47d,2026-08-15T18:40:48.534000+00:00,mouse_move,,,,,337.8,89.6,,,,,,mouse_tracking,,,,,,,,,,,/app/training,dev_a86eb88b-8ae6-46e3-9f1a-65c0820fcf90,,,,,,,,,,,,,,,,,,,,,,,,,,,,,,,,,,,,,,,,,,,,,,,,,,,,,,,,,,,,,,,,,,
training_event,training,468f03a2-d7c9-4701-abf8-bb2c692f696b,21349e1e-4625-48da-aaa5-ecb6e9f8b47d,2026-08-15T18:40:50.217000+00:00,mouse_move,,,,,474.8,139.6,,,,,,mouse_tracking,,,,,,,,,,,/app/training,dev_a86eb88b-8ae6-46e3-9f1a-65c0820fcf90,,,,,,,,,,,,,,,,,,,,,,,,,,,,,,,,,,,,,,,,,,,,,,,,,,,,,,,,,,,,,,,,,,
training_event,training,468f03a2-d7c9-4701-abf8-bb2c692f696b,21349e1e-4625-48da-aaa5-ecb6e9f8b47d,2026-08-15T18:40:42.936000+00:00,mouse_move,,,,,457.8,270.6,,,,,,mouse_tracking,,,,,,,,,,,/app/training,dev_a86eb88b-8ae6-46e3-9f1a-65c0820fcf90,,,,,,,,,,,,,,,,,,,,,,,,,,,,,,,,,,,,,,,,,,,,,,,,,,,,,,,,,,,,,,,,,,
training_event,training,468f03a2-d7c9-4701-abf8-bb2c692f696b,21349e1e-4625-48da-aaa5-ecb6e9f8b47d,2026-08-15T18:40:43.020000+00:00,mouse_move,,,,,454.8,283.6,,,,,,mouse_tracking,,,,,,,,,,,/app/training,dev_a86eb88b-8ae6-46e3-9f1a-65c0820fcf90,,,,,,,,,,,,,,,,,,,,,,,,,,,,,,,,,,,,,,,,,,,,,,,,,,,,,,,,,,,,,,,,,,
training_event,training,468f03a2-d7c9-4701-abf8-bb2c692f696b,21349e1e-4625-48da-aaa5-ecb6e9f8b47d,2026-08-15T18:40:43.935000+00:00,mouse_move,,,,,450.8,307.6,,,,,,mouse_tracking,,,,,,,,,,,/app/training,dev_a86eb88b-8ae6-46e3-9f1a-65c0820fcf90,,,,,,,,,,,,,,,,,,,,,,,,,,,,,,,,,,,,,,,,,,,,,,,,,,,,,,,,,,,,,,,,,,
training_event,training,468f03a2-d7c9-4701-abf8-bb2c692f696b,21349e1e-4625-48da-aaa5-ecb6e9f8b47d,2026-08-15T18:40:44.202000+00:00,mouse_move,,,,,364.8,338.6,,,,,,mouse_tracking,,,,,,,,,,,/app/training,dev_a86eb88b-8ae6-46e3-9f1a-65c0820fcf90,,,,,,,,,,,,,,,,,,,,,,,,,,,,,,,,,,,,,,,,,,,,,,,,,,,,,,,,,,,,,,,,,,
training_event,training,468f03a2-d7c9-4701-abf8-bb2c692f696b,21349e1e-4625-48da-aaa5-ecb6e9f8b47d,2026-08-15T18:40:46.084000+00:00,mouse_move,,,,,264.8,312.6,,,,,,mouse_tracking,,,,,,,,,,,/app/training,dev_a86eb88b-8ae6-46e3-9f1a-65c0820fcf90,,,,,,,,,,,,,,,,,,,,,,,,,,,,,,,,,,,,,,,,,,,,,,,,,,,,,,,,,,,,,,,,,,
training_event,training,468f03a2-d7c9-4701-abf8-bb2c692f696b,21349e1e-4625-48da-aaa5-ecb6e9f8b47d,2026-08-15T18:40:46.218000+00:00,mouse_move,,,,,238.8,236.6,,,,,,mouse_tracking,,,,,,,,,,,/app/training,dev_a86eb88b-8ae6-46e3-9f1a-65c0820fcf90,,,,,,,,,,,,,,,,,,,,,,,,,,,,,,,,,,,,,,,,,,,,,,,,,,,,,,,,,,,,,,,,,,
training_event,training,468f03a2-d7c9-4701-abf8-bb2c692f696b,21349e1e-4625-48da-aaa5-ecb6e9f8b47d,2026-08-15T18:40:46.284000+00:00,mouse_move,,,,,237.8,234.6,,,,,,mouse_tracking,,,,,,,,,,,/app/training,dev_a86eb88b-8ae6-46e3-9f1a-65c0820fcf90,,,,,,,,,,,,,,,,,,,,,,,,,,,,,,,,,,,,,,,,,,,,,,,,,,,,,,,,,,,,,,,,,,
training_event,training,468f03a2-d7c9-4701-abf8-bb2c692f696b,21349e1e-4625-48da-aaa5-ecb6e9f8b47d,2026-08-15T18:40:47.118000+00:00,mouse_move,,,,,238.8,177.6,,,,,,mouse_tracking,,,,,,,,,,,/app/training,dev_a86eb88b-8ae6-46e3-9f1a-65c0820fcf90,,,,,,,,,,,,,,,,,,,,,,,,,,,,,,,,,,,,,,,,,,,,,,,,,,,,,,,,,,,,,,,,,,
training_event,training,468f03a2-d7c9-4701-abf8-bb2c692f696b,21349e1e-4625-48da-aaa5-ecb6e9f8b47d,2026-08-15T18:40:47.417000+00:00,mouse_move,,,,,256.8,107.6,,,,,,mouse_tracking,,,,,,,,,,,/app/training,dev_a86eb88b-8ae6-46e3-9f1a-65c0820fcf90,,,,,,,,,,,,,,,,,,,,,,,,,,,,,,,,,,,,,,,,,,,,,,,,,,,,,,,,,,,,,,,,,,
training_event,training,468f03a2-d7c9-4701-abf8-bb2c692f696b,21349e1e-4625-48da-aaa5-ecb6e9f8b47d,2026-08-15T18:40:48.299000+00:00,mouse_move,,,,,321.8,91.6,,,,,,mouse_tracking,,,,,,,,,,,/app/training,dev_a86eb88b-8ae6-46e3-9f1a-65c0820fcf90,,,,,,,,,,,,,,,,,,,,,,,,,,,,,,,,,,,,,,,,,,,,,,,,,,,,,,,,,,,,,,,,,,
training_event,training,468f03a2-d7c9-4701-abf8-bb2c692f696b,21349e1e-4625-48da-aaa5-ecb6e9f8b47d,2026-08-15T18:40:48.734000+00:00,mouse_move,,,,,356.8,76.6,,,,,,mouse_tracking,,,,,,,,,,,/app/training,dev_a86eb88b-8ae6-46e3-9f1a-65c0820fcf90,,,,,,,,,,,,,,,,,,,,,,,,,,,,,,,,,,,,,,,,,,,,,,,,,,,,,,,,,,,,,,,,,,
training_event,training,468f03a2-d7c9-4701-abf8-bb2c692f696b,21349e1e-4625-48da-aaa5-ecb6e9f8b47d,2026-08-15T18:40:50.183000+00:00,mouse_move,,,,,476.8,140.6,,,,,,mouse_tracking,,,,,,,,,,,/app/training,dev_a86eb88b-8ae6-46e3-9f1a-65c0820fcf90,,,,,,,,,,,,,,,,,,,,,,,,,,,,,,,,,,,,,,,,,,,,,,,,,,,,,,,,,,,,,,,,,,
training_event,training,468f03a2-d7c9-4701-abf8-bb2c692f696b,21349e1e-4625-48da-aaa5-ecb6e9f8b47d,2026-08-15T18:40:41.769000+00:00,mouse_move,,,,,482.8,251.6,,,,,,mouse_tracking,,,,,,,,,,,/app/training,dev_a86eb88b-8ae6-46e3-9f1a-65c0820fcf90,,,,,,,,,,,,,,,,,,,,,,,,,,,,,,,,,,,,,,,,,,,,,,,,,,,,,,,,,,,,,,,,,,
training_event,training,468f03a2-d7c9-4701-abf8-bb2c692f696b,21349e1e-4625-48da-aaa5-ecb6e9f8b47d,2026-08-15T18:40:42.852000+00:00,mouse_move,,,,,469.8,245.6,,,,,,mouse_tracking,,,,,,,,,,,/app/training,dev_a86eb88b-8ae6-46e3-9f1a-65c0820fcf90,,,,,,,,,,,,,,,,,,,,,,,,,,,,,,,,,,,,,,,,,,,,,,,,,,,,,,,,,,,,,,,,,,
training_event,training,468f03a2-d7c9-4701-abf8-bb2c692f696b,21349e1e-4625-48da-aaa5-ecb6e9f8b47d,2026-08-15T18:40:43.069000+00:00,mouse_move,,,,,453.8,289.6,,,,,,mouse_tracking,,,,,,,,,,,/app/training,dev_a86eb88b-8ae6-46e3-9f1a-65c0820fcf90,,,,,,,,,,,,,,,,,,,,,,,,,,,,,,,,,,,,,,,,,,,,,,,,,,,,,,,,,,,,,,,,,,
training_event,training,468f03a2-d7c9-4701-abf8-bb2c692f696b,21349e1e-4625-48da-aaa5-ecb6e9f8b47d,2026-08-15T18:40:45.302000+00:00,mouse_move,,,,,264.8,317.6,,,,,,mouse_tracking,,,,,,,,,,,/app/training,dev_a86eb88b-8ae6-46e3-9f1a-65c0820fcf90,,,,,,,,,,,,,,,,,,,,,,,,,,,,,,,,,,,,,,,,,,,,,,,,,,,,,,,,,,,,,,,,,,
training_event,training,468f03a2-d7c9-4701-abf8-bb2c692f696b,21349e1e-4625-48da-aaa5-ecb6e9f8b47d,2026-08-15T18:40:47.151000+00:00,mouse_move,,,,,245.8,132.6,,,,,,mouse_tracking,,,,,,,,,,,/app/training,dev_a86eb88b-8ae6-46e3-9f1a-65c0820fcf90,,,,,,,,,,,,,,,,,,,,,,,,,,,,,,,,,,,,,,,,,,,,,,,,,,,,,,,,,,,,,,,,,,
training_event,training,468f03a2-d7c9-4701-abf8-bb2c692f696b,21349e1e-4625-48da-aaa5-ecb6e9f8b47d,2026-08-15T18:40:48.168000+00:00,mouse_move,,,,,274.8,105.6,,,,,,mouse_tracking,,,,,,,,,,,/app/training,dev_a86eb88b-8ae6-46e3-9f1a-65c0820fcf90,,,,,,,,,,,,,,,,,,,,,,,,,,,,,,,,,,,,,,,,,,,,,,,,,,,,,,,,,,,,,,,,,,
training_event,training,468f03a2-d7c9-4701-abf8-bb2c692f696b,21349e1e-4625-48da-aaa5-ecb6e9f8b47d,2026-08-15T18:40:48.617000+00:00,mouse_move,,,,,345.8,83.6,,,,,,mouse_tracking,,,,,,,,,,,/app/training,dev_a86eb88b-8ae6-46e3-9f1a-65c0820fcf90,,,,,,,,,,,,,,,,,,,,,,,,,,,,,,,,,,,,,,,,,,,,,,,,,,,,,,,,,,,,,,,,,,
training_event,training,468f03a2-d7c9-4701-abf8-bb2c692f696b,21349e1e-4625-48da-aaa5-ecb6e9f8b47d,2026-08-15T18:40:48.635000+00:00,mouse_move,,,,,348.8,82.6,,,,,,mouse_tracking,,,,,,,,,,,/app/training,dev_a86eb88b-8ae6-46e3-9f1a-65c0820fcf90,,,,,,,,,,,,,,,,,,,,,,,,,,,,,,,,,,,,,,,,,,,,,,,,,,,,,,,,,,,,,,,,,,
training_event,training,468f03a2-d7c9-4701-abf8-bb2c692f696b,21349e1e-4625-48da-aaa5-ecb6e9f8b47d,2026-08-15T18:40:48.651000+00:00,mouse_move,,,,,350.8,79.6,,,,,,mouse_tracking,,,,,,,,,,,/app/training,dev_a86eb88b-8ae6-46e3-9f1a-65c0820fcf90,,,,,,,,,,,,,,,,,,,,,,,,,,,,,,,,,,,,,,,,,,,,,,,,,,,,,,,,,,,,,,,,,,
training_event,training,468f03a2-d7c9-4701-abf8-bb2c692f696b,21349e1e-4625-48da-aaa5-ecb6e9f8b47d,2026-08-15T18:40:49.734000+00:00,mouse_move,,,,,472.8,126.6,,,,,,mouse_tracking,,,,,,,,,,,/app/training,dev_a86eb88b-8ae6-46e3-9f1a-65c0820fcf90,,,,,,,,,,,,,,,,,,,,,,,,,,,,,,,,,,,,,,,,,,,,,,,,,,,,,,,,,,,,,,,,,,
training_event,training,468f03a2-d7c9-4701-abf8-bb2c692f696b,21349e1e-4625-48da-aaa5-ecb6e9f8b47d,2026-08-15T18:40:49.849000+00:00,mouse_move,,,,,513.8,150.6,,,,,,mouse_tracking,,,,,,,,,,,/app/training,dev_a86eb88b-8ae6-46e3-9f1a-65c0820fcf90,,,,,,,,,,,,,,,,,,,,,,,,,,,,,,,,,,,,,,,,,,,,,,,,,,,,,,,,,,,,,,,,,,
training_event,training,468f03a2-d7c9-4701-abf8-bb2c692f696b,21349e1e-4625-48da-aaa5-ecb6e9f8b47d,2026-08-15T18:40:41.585000+00:00,mouse_move,,,,,444.8,250.6,,,,,,mouse_tracking,,,,,,,,,,,/app/training,dev_a86eb88b-8ae6-46e3-9f1a-65c0820fcf90,,,,,,,,,,,,,,,,,,,,,,,,,,,,,,,,,,,,,,,,,,,,,,,,,,,,,,,,,,,,,,,,,,
training_event,training,468f03a2-d7c9-4701-abf8-bb2c692f696b,21349e1e-4625-48da-aaa5-ecb6e9f8b47d,2026-08-15T18:40:41.637000+00:00,mouse_move,,,,,464.8,251.6,,,,,,mouse_tracking,,,,,,,,,,,/app/training,dev_a86eb88b-8ae6-46e3-9f1a-65c0820fcf90,,,,,,,,,,,,,,,,,,,,,,,,,,,,,,,,,,,,,,,,,,,,,,,,,,,,,,,,,,,,,,,,,,
training_event,training,468f03a2-d7c9-4701-abf8-bb2c692f696b,21349e1e-4625-48da-aaa5-ecb6e9f8b47d,2026-08-15T18:40:43.036000+00:00,mouse_move,,,,,453.8,285.6,,,,,,mouse_tracking,,,,,,,,,,,/app/training,dev_a86eb88b-8ae6-46e3-9f1a-65c0820fcf90,,,,,,,,,,,,,,,,,,,,,,,,,,,,,,,,,,,,,,,,,,,,,,,,,,,,,,,,,,,,,,,,,,
training_event,training,468f03a2-d7c9-4701-abf8-bb2c692f696b,21349e1e-4625-48da-aaa5-ecb6e9f8b47d,2026-08-15T18:40:44.935000+00:00,mouse_move,,,,,362.8,338.6,,,,,,mouse_tracking,,,,,,,,,,,/app/training,dev_a86eb88b-8ae6-46e3-9f1a-65c0820fcf90,,,,,,,,,,,,,,,,,,,,,,,,,,,,,,,,,,,,,,,,,,,,,,,,,,,,,,,,,,,,,,,,,,
training_event,training,468f03a2-d7c9-4701-abf8-bb2c692f696b,21349e1e-4625-48da-aaa5-ecb6e9f8b47d,2026-08-15T18:40:45.002000+00:00,mouse_move,,,,,310.8,338.6,,,,,,mouse_tracking,,,,,,,,,,,/app/training,dev_a86eb88b-8ae6-46e3-9f1a-65c0820fcf90,,,,,,,,,,,,,,,,,,,,,,,,,,,,,,,,,,,,,,,,,,,,,,,,,,,,,,,,,,,,,,,,,,
training_event,training,468f03a2-d7c9-4701-abf8-bb2c692f696b,21349e1e-4625-48da-aaa5-ecb6e9f8b47d,2026-08-15T18:40:45.268000+00:00,mouse_move,,,,,266.8,322.6,,,,,,mouse_tracking,,,,,,,,,,,/app/training,dev_a86eb88b-8ae6-46e3-9f1a-65c0820fcf90,,,,,,,,,,,,,,,,,,,,,,,,,,,,,,,,,,,,,,,,,,,,,,,,,,,,,,,,,,,,,,,,,,
training_event,training,468f03a2-d7c9-4701-abf8-bb2c692f696b,21349e1e-4625-48da-aaa5-ecb6e9f8b47d,2026-08-15T18:40:46.101000+00:00,mouse_move,,,,,264.8,306.6,,,,,,mouse_tracking,,,,,,,,,,,/app/training,dev_a86eb88b-8ae6-46e3-9f1a-65c0820fcf90,,,,,,,,,,,,,,,,,,,,,,,,,,,,,,,,,,,,,,,,,,,,,,,,,,,,,,,,,,,,,,,,,,
training_event,training,468f03a2-d7c9-4701-abf8-bb2c692f696b,21349e1e-4625-48da-aaa5-ecb6e9f8b47d,2026-08-15T18:40:47.234000+00:00,mouse_move,,,,,249.8,109.6,,,,,,mouse_tracking,,,,,,,,,,,/app/training,dev_a86eb88b-8ae6-46e3-9f1a-65c0820fcf90,,,,,,,,,,,,,,,,,,,,,,,,,,,,,,,,,,,,,,,,,,,,,,,,,,,,,,,,,,,,,,,,,,
training_event,training,468f03a2-d7c9-4701-abf8-bb2c692f696b,21349e1e-4625-48da-aaa5-ecb6e9f8b47d,2026-08-15T18:40:48.600000+00:00,mouse_move,,,,,344.8,84.6,,,,,,mouse_tracking,,,,,,,,,,,/app/training,dev_a86eb88b-8ae6-46e3-9f1a-65c0820fcf90,,,,,,,,,,,,,,,,,,,,,,,,,,,,,,,,,,,,,,,,,,,,,,,,,,,,,,,,,,,,,,,,,,
training_event,training,468f03a2-d7c9-4701-abf8-bb2c692f696b,21349e1e-4625-48da-aaa5-ecb6e9f8b47d,2026-08-15T18:40:49.667000+00:00,mouse_move,,,,,375.8,80.6,,,,,,mouse_tracking,,,,,,,,,,,/app/training,dev_a86eb88b-8ae6-46e3-9f1a-65c0820fcf90,,,,,,,,,,,,,,,,,,,,,,,,,,,,,,,,,,,,,,,,,,,,,,,,,,,,,,,,,,,,,,,,,,
training_event,training,468f03a2-d7c9-4701-abf8-bb2c692f696b,21349e1e-4625-48da-aaa5-ecb6e9f8b47d,2026-08-15T18:40:49.917000+00:00,mouse_move,,,,,517.8,150.6,,,,,,mouse_tracking,,,,,,,,,,,/app/training,dev_a86eb88b-8ae6-46e3-9f1a-65c0820fcf90,,,,,,,,,,,,,,,,,,,,,,,,,,,,,,,,,,,,,,,,,,,,,,,,,,,,,,,,,,,,,,,,,,
training_event,training,468f03a2-d7c9-4701-abf8-bb2c692f696b,21349e1e-4625-48da-aaa5-ecb6e9f8b47d,2026-08-15T18:40:50.150000+00:00,mouse_move,,,,,484.8,143.6,,,,,,mouse_tracking,,,,,,,,,,,/app/training,dev_a86eb88b-8ae6-46e3-9f1a-65c0820fcf90,,,,,,,,,,,,,,,,,,,,,,,,,,,,,,,,,,,,,,,,,,,,,,,,,,,,,,,,,,,,,,,,,,
training_event,training,468f03a2-d7c9-4701-abf8-bb2c692f696b,21349e1e-4625-48da-aaa5-ecb6e9f8b47d,2026-08-15T18:40:44.002000+00:00,mouse_move,,,,,392.8,322.6,,,,,,mouse_tracking,,,,,,,,,,,/app/training,dev_a86eb88b-8ae6-46e3-9f1a-65c0820fcf90,,,,,,,,,,,,,,,,,,,,,,,,,,,,,,,,,,,,,,,,,,,,,,,,,,,,,,,,,,,,,,,,,,
training_event,training,468f03a2-d7c9-4701-abf8-bb2c692f696b,21349e1e-4625-48da-aaa5-ecb6e9f8b47d,2026-08-15T18:40:45.185000+00:00,mouse_move,,,,,269.8,330.6,,,,,,mouse_tracking,,,,,,,,,,,/app/training,dev_a86eb88b-8ae6-46e3-9f1a-65c0820fcf90,,,,,,,,,,,,,,,,,,,,,,,,,,,,,,,,,,,,,,,,,,,,,,,,,,,,,,,,,,,,,,,,,,
training_event,training,468f03a2-d7c9-4701-abf8-bb2c692f696b,21349e1e-4625-48da-aaa5-ecb6e9f8b47d,2026-08-15T18:40:45.340000+00:00,mouse_move,,,,,264.8,315.6,,,,,,mouse_tracking,,,,,,,,,,,/app/training,dev_a86eb88b-8ae6-46e3-9f1a-65c0820fcf90,,,,,,,,,,,,,,,,,,,,,,,,,,,,,,,,,,,,,,,,,,,,,,,,,,,,,,,,,,,,,,,,,,
training_event,training,468f03a2-d7c9-4701-abf8-bb2c692f696b,21349e1e-4625-48da-aaa5-ecb6e9f8b47d,2026-08-15T18:40:46.251000+00:00,mouse_move,,,,,238.8,235.6,,,,,,mouse_tracking,,,,,,,,,,,/app/training,dev_a86eb88b-8ae6-46e3-9f1a-65c0820fcf90,,,,,,,,,,,,,,,,,,,,,,,,,,,,,,,,,,,,,,,,,,,,,,,,,,,,,,,,,,,,,,,,,,
training_event,training,468f03a2-d7c9-4701-abf8-bb2c692f696b,21349e1e-4625-48da-aaa5-ecb6e9f8b47d,2026-08-15T18:40:47.434000+00:00,mouse_move,,,,,259.8,107.6,,,,,,mouse_tracking,,,,,,,,,,,/app/training,dev_a86eb88b-8ae6-46e3-9f1a-65c0820fcf90,,,,,,,,,,,,,,,,,,,,,,,,,,,,,,,,,,,,,,,,,,,,,,,,,,,,,,,,,,,,,,,,,,
training_event,training,468f03a2-d7c9-4701-abf8-bb2c692f696b,21349e1e-4625-48da-aaa5-ecb6e9f8b47d,2026-08-15T18:40:48.551000+00:00,mouse_move,,,,,340.8,87.6,,,,,,mouse_tracking,,,,,,,,,,,/app/training,dev_a86eb88b-8ae6-46e3-9f1a-65c0820fcf90,,,,,,,,,,,,,,,,,,,,,,,,,,,,,,,,,,,,,,,,,,,,,,,,,,,,,,,,,,,,,,,,,,
training_event,training,468f03a2-d7c9-4701-abf8-bb2c692f696b,21349e1e-4625-48da-aaa5-ecb6e9f8b47d,2026-08-15T18:40:50.083000+00:00,mouse_move,,,,,512.8,150.6,,,,,,mouse_tracking,,,,,,,,,,,/app/training,dev_a86eb88b-8ae6-46e3-9f1a-65c0820fcf90,,,,,,,,,,,,,,,,,,,,,,,,,,,,,,,,,,,,,,,,,,,,,,,,,,,,,,,,,,,,,,,,,,
training_event,training,468f03a2-d7c9-4701-abf8-bb2c692f696b,21349e1e-4625-48da-aaa5-ecb6e9f8b47d,2026-08-15T18:40:43.235000+00:00,mouse_move,,,,,453.8,300.6,,,,,,mouse_tracking,,,,,,,,,,,/app/training,dev_a86eb88b-8ae6-46e3-9f1a-65c0820fcf90,,,,,,,,,,,,,,,,,,,,,,,,,,,,,,,,,,,,,,,,,,,,,,,,,,,,,,,,,,,,,,,,,,
training_event,training,468f03a2-d7c9-4701-abf8-bb2c692f696b,21349e1e-4625-48da-aaa5-ecb6e9f8b47d,2026-08-15T18:40:43.253000+00:00,mouse_move,,,,,453.8,302.6,,,,,,mouse_tracking,,,,,,,,,,,/app/training,dev_a86eb88b-8ae6-46e3-9f1a-65c0820fcf90,,,,,,,,,,,,,,,,,,,,,,,,,,,,,,,,,,,,,,,,,,,,,,,,,,,,,,,,,,,,,,,,,,
training_event,training,468f03a2-d7c9-4701-abf8-bb2c692f696b,21349e1e-4625-48da-aaa5-ecb6e9f8b47d,2026-08-15T18:40:44.035000+00:00,mouse_move,,,,,377.8,329.6,,,,,,mouse_tracking,,,,,,,,,,,/app/training,dev_a86eb88b-8ae6-46e3-9f1a-65c0820fcf90,,,,,,,,,,,,,,,,,,,,,,,,,,,,,,,,,,,,,,,,,,,,,,,,,,,,,,,,,,,,,,,,,,
training_event,training,468f03a2-d7c9-4701-abf8-bb2c692f696b,21349e1e-4625-48da-aaa5-ecb6e9f8b47d,2026-08-15T18:40:45.285000+00:00,mouse_move,,,,,264.8,318.6,,,,,,mouse_tracking,,,,,,,,,,,/app/training,dev_a86eb88b-8ae6-46e3-9f1a-65c0820fcf90,,,,,,,,,,,,,,,,,,,,,,,,,,,,,,,,,,,,,,,,,,,,,,,,,,,,,,,,,,,,,,,,,,
training_event,training,468f03a2-d7c9-4701-abf8-bb2c692f696b,21349e1e-4625-48da-aaa5-ecb6e9f8b47d,2026-08-15T18:40:48.251000+00:00,mouse_move,,,,,308.8,94.6,,,,,,mouse_tracking,,,,,,,,,,,/app/training,dev_a86eb88b-8ae6-46e3-9f1a-65c0820fcf90,,,,,,,,,,,,,,,,,,,,,,,,,,,,,,,,,,,,,,,,,,,,,,,,,,,,,,,,,,,,,,,,,,
training_event,training,468f03a2-d7c9-4701-abf8-bb2c692f696b,21349e1e-4625-48da-aaa5-ecb6e9f8b47d,2026-08-15T18:40:48.500000+00:00,mouse_move,,,,,336.8,90.6,,,,,,mouse_tracking,,,,,,,,,,,/app/training,dev_a86eb88b-8ae6-46e3-9f1a-65c0820fcf90,,,,,,,,,,,,,,,,,,,,,,,,,,,,,,,,,,,,,,,,,,,,,,,,,,,,,,,,,,,,,,,,,,
training_event,training,468f03a2-d7c9-4701-abf8-bb2c692f696b,21349e1e-4625-48da-aaa5-ecb6e9f8b47d,2026-08-15T18:40:49.684000+00:00,mouse_move,,,,,398.8,90.6,,,,,,mouse_tracking,,,,,,,,,,,/app/training,dev_a86eb88b-8ae6-46e3-9f1a-65c0820fcf90,,,,,,,,,,,,,,,,,,,,,,,,,,,,,,,,,,,,,,,,,,,,,,,,,,,,,,,,,,,,,,,,,,
training_event,training,468f03a2-d7c9-4701-abf8-bb2c692f696b,21349e1e-4625-48da-aaa5-ecb6e9f8b47d,2026-08-15T18:40:49.801000+00:00,mouse_move,,,,,504.8,145.6,,,,,,mouse_tracking,,,,,,,,,,,/app/training,dev_a86eb88b-8ae6-46e3-9f1a-65c0820fcf90,,,,,,,,,,,,,,,,,,,,,,,,,,,,,,,,,,,,,,,,,,,,,,,,,,,,,,,,,,,,,,,,,,
training_event,training,468f03a2-d7c9-4701-abf8-bb2c692f696b,21349e1e-4625-48da-aaa5-ecb6e9f8b47d,2026-08-15T18:40:41.519000+00:00,mouse_move,,,,,390.8,251.6,,,,,,mouse_tracking,,,,,,,,,,,/app/training,dev_a86eb88b-8ae6-46e3-9f1a-65c0820fcf90,,,,,,,,,,,,,,,,,,,,,,,,,,,,,,,,,,,,,,,,,,,,,,,,,,,,,,,,,,,,,,,,,,
training_event,training,468f03a2-d7c9-4701-abf8-bb2c692f696b,21349e1e-4625-48da-aaa5-ecb6e9f8b47d,2026-08-15T18:40:41.869000+00:00,mouse_move,,,,,484.8,242.6,,,,,,mouse_tracking,,,,,,,,,,,/app/training,dev_a86eb88b-8ae6-46e3-9f1a-65c0820fcf90,,,,,,,,,,,,,,,,,,,,,,,,,,,,,,,,,,,,,,,,,,,,,,,,,,,,,,,,,,,,,,,,,,
training_event,training,468f03a2-d7c9-4701-abf8-bb2c692f696b,21349e1e-4625-48da-aaa5-ecb6e9f8b47d,2026-08-15T18:40:42.952000+00:00,mouse_move,,,,,456.8,274.6,,,,,,mouse_tracking,,,,,,,,,,,/app/training,dev_a86eb88b-8ae6-46e3-9f1a-65c0820fcf90,,,,,,,,,,,,,,,,,,,,,,,,,,,,,,,,,,,,,,,,,,,,,,,,,,,,,,,,,,,,,,,,,,
training_event,training,468f03a2-d7c9-4701-abf8-bb2c692f696b,21349e1e-4625-48da-aaa5-ecb6e9f8b47d,2026-08-15T18:40:42.986000+00:00,mouse_move,,,,,456.8,277.6,,,,,,mouse_tracking,,,,,,,,,,,/app/training,dev_a86eb88b-8ae6-46e3-9f1a-65c0820fcf90,,,,,,,,,,,,,,,,,,,,,,,,,,,,,,,,,,,,,,,,,,,,,,,,,,,,,,,,,,,,,,,,,,
training_event,training,468f03a2-d7c9-4701-abf8-bb2c692f696b,21349e1e-4625-48da-aaa5-ecb6e9f8b47d,2026-08-15T18:40:43.269000+00:00,mouse_move,,,,,453.8,303.6,,,,,,mouse_tracking,,,,,,,,,,,/app/training,dev_a86eb88b-8ae6-46e3-9f1a-65c0820fcf90,,,,,,,,,,,,,,,,,,,,,,,,,,,,,,,,,,,,,,,,,,,,,,,,,,,,,,,,,,,,,,,,,,
training_event,training,468f03a2-d7c9-4701-abf8-bb2c692f696b,21349e1e-4625-48da-aaa5-ecb6e9f8b47d,2026-08-15T18:40:43.952000+00:00,mouse_move,,,,,445.8,308.6,,,,,,mouse_tracking,,,,,,,,,,,/app/training,dev_a86eb88b-8ae6-46e3-9f1a-65c0820fcf90,,,,,,,,,,,,,,,,,,,,,,,,,,,,,,,,,,,,,,,,,,,,,,,,,,,,,,,,,,,,,,,,,,
training_event,training,468f03a2-d7c9-4701-abf8-bb2c692f696b,21349e1e-4625-48da-aaa5-ecb6e9f8b47d,2026-08-15T18:40:44.101000+00:00,mouse_move,,,,,364.8,336.6,,,,,,mouse_tracking,,,,,,,,,,,/app/training,dev_a86eb88b-8ae6-46e3-9f1a-65c0820fcf90,,,,,,,,,,,,,,,,,,,,,,,,,,,,,,,,,,,,,,,,,,,,,,,,,,,,,,,,,,,,,,,,,,
training_event,training,468f03a2-d7c9-4701-abf8-bb2c692f696b,21349e1e-4625-48da-aaa5-ecb6e9f8b47d,2026-08-15T18:40:45.018000+00:00,mouse_move,,,,,298.8,337.6,,,,,,mouse_tracking,,,,,,,,,,,/app/training,dev_a86eb88b-8ae6-46e3-9f1a-65c0820fcf90,,,,,,,,,,,,,,,,,,,,,,,,,,,,,,,,,,,,,,,,,,,,,,,,,,,,,,,,,,,,,,,,,,
training_event,training,468f03a2-d7c9-4701-abf8-bb2c692f696b,21349e1e-4625-48da-aaa5-ecb6e9f8b47d,2026-08-15T18:40:45.101000+00:00,mouse_move,,,,,274.8,333.6,,,,,,mouse_tracking,,,,,,,,,,,/app/training,dev_a86eb88b-8ae6-46e3-9f1a-65c0820fcf90,,,,,,,,,,,,,,,,,,,,,,,,,,,,,,,,,,,,,,,,,,,,,,,,,,,,,,,,,,,,,,,,,,
training_event,training,468f03a2-d7c9-4701-abf8-bb2c692f696b,21349e1e-4625-48da-aaa5-ecb6e9f8b47d,2026-08-15T18:40:47.401000+00:00,mouse_move,,,,,254.8,107.6,,,,,,mouse_tracking,,,,,,,,,,,/app/training,dev_a86eb88b-8ae6-46e3-9f1a-65c0820fcf90,,,,,,,,,,,,,,,,,,,,,,,,,,,,,,,,,,,,,,,,,,,,,,,,,,,,,,,,,,,,,,,,,,
training_event,training,468f03a2-d7c9-4701-abf8-bb2c692f696b,21349e1e-4625-48da-aaa5-ecb6e9f8b47d,2026-08-15T18:40:48.233000+00:00,mouse_move,,,,,302.8,95.6,,,,,,mouse_tracking,,,,,,,,,,,/app/training,dev_a86eb88b-8ae6-46e3-9f1a-65c0820fcf90,,,,,,,,,,,,,,,,,,,,,,,,,,,,,,,,,,,,,,,,,,,,,,,,,,,,,,,,,,,,,,,,,,
training_event,training,468f03a2-d7c9-4701-abf8-bb2c692f696b,21349e1e-4625-48da-aaa5-ecb6e9f8b47d,2026-08-15T18:40:48.283000+00:00,mouse_move,,,,,317.8,92.6,,,,,,mouse_tracking,,,,,,,,,,,/app/training,dev_a86eb88b-8ae6-46e3-9f1a-65c0820fcf90,,,,,,,,,,,,,,,,,,,,,,,,,,,,,,,,,,,,,,,,,,,,,,,,,,,,,,,,,,,,,,,,,,
training_event,training,468f03a2-d7c9-4701-abf8-bb2c692f696b,21349e1e-4625-48da-aaa5-ecb6e9f8b47d,2026-08-15T18:40:48.334000+00:00,mouse_move,,,,,327.8,91.6,,,,,,mouse_tracking,,,,,,,,,,,/app/training,dev_a86eb88b-8ae6-46e3-9f1a-65c0820fcf90,,,,,,,,,,,,,,,,,,,,,,,,,,,,,,,,,,,,,,,,,,,,,,,,,,,,,,,,,,,,,,,,,,
training_event,training,468f03a2-d7c9-4701-abf8-bb2c692f696b,21349e1e-4625-48da-aaa5-ecb6e9f8b47d,2026-08-15T18:40:41.537000+00:00,mouse_move,,,,,402.8,250.6,,,,,,mouse_tracking,,,,,,,,,,,/app/training,dev_a86eb88b-8ae6-46e3-9f1a-65c0820fcf90,,,,,,,,,,,,,,,,,,,,,,,,,,,,,,,,,,,,,,,,,,,,,,,,,,,,,,,,,,,,,,,,,,
training_event,training,468f03a2-d7c9-4701-abf8-bb2c692f696b,21349e1e-4625-48da-aaa5-ecb6e9f8b47d,2026-08-15T18:40:41.653000+00:00,mouse_move,,,,,468.8,251.6,,,,,,mouse_tracking,,,,,,,,,,,/app/training,dev_a86eb88b-8ae6-46e3-9f1a-65c0820fcf90,,,,,,,,,,,,,,,,,,,,,,,,,,,,,,,,,,,,,,,,,,,,,,,,,,,,,,,,,,,,,,,,,,
training_event,training,468f03a2-d7c9-4701-abf8-bb2c692f696b,21349e1e-4625-48da-aaa5-ecb6e9f8b47d,2026-08-15T18:40:43.003000+00:00,mouse_move,,,,,456.8,279.6,,,,,,mouse_tracking,,,,,,,,,,,/app/training,dev_a86eb88b-8ae6-46e3-9f1a-65c0820fcf90,,,,,,,,,,,,,,,,,,,,,,,,,,,,,,,,,,,,,,,,,,,,,,,,,,,,,,,,,,,,,,,,,,
training_event,training,468f03a2-d7c9-4701-abf8-bb2c692f696b,21349e1e-4625-48da-aaa5-ecb6e9f8b47d,2026-08-15T18:40:43.052000+00:00,mouse_move,,,,,453.8,288.6,,,,,,mouse_tracking,,,,,,,,,,,/app/training,dev_a86eb88b-8ae6-46e3-9f1a-65c0820fcf90,,,,,,,,,,,,,,,,,,,,,,,,,,,,,,,,,,,,,,,,,,,,,,,,,,,,,,,,,,,,,,,,,,
training_event,training,468f03a2-d7c9-4701-abf8-bb2c692f696b,21349e1e-4625-48da-aaa5-ecb6e9f8b47d,2026-08-15T18:40:44.086000+00:00,mouse_move,,,,,364.8,335.6,,,,,,mouse_tracking,,,,,,,,,,,/app/training,dev_a86eb88b-8ae6-46e3-9f1a-65c0820fcf90,,,,,,,,,,,,,,,,,,,,,,,,,,,,,,,,,,,,,,,,,,,,,,,,,,,,,,,,,,,,,,,,,,
training_event,training,468f03a2-d7c9-4701-abf8-bb2c692f696b,21349e1e-4625-48da-aaa5-ecb6e9f8b47d,2026-08-15T18:40:45.052000+00:00,mouse_move,,,,,282.8,334.6,,,,,,mouse_tracking,,,,,,,,,,,/app/training,dev_a86eb88b-8ae6-46e3-9f1a-65c0820fcf90,,,,,,,,,,,,,,,,,,,,,,,,,,,,,,,,,,,,,,,,,,,,,,,,,,,,,,,,,,,,,,,,,,
training_event,training,468f03a2-d7c9-4701-abf8-bb2c692f696b,21349e1e-4625-48da-aaa5-ecb6e9f8b47d,2026-08-15T18:40:46.135000+00:00,mouse_move,,,,,252.8,275.6,,,,,,mouse_tracking,,,,,,,,,,,/app/training,dev_a86eb88b-8ae6-46e3-9f1a-65c0820fcf90,,,,,,,,,,,,,,,,,,,,,,,,,,,,,,,,,,,,,,,,,,,,,,,,,,,,,,,,,,,,,,,,,,
training_event,training,468f03a2-d7c9-4701-abf8-bb2c692f696b,21349e1e-4625-48da-aaa5-ecb6e9f8b47d,2026-08-15T18:40:46.267000+00:00,mouse_move,,,,,237.8,235.6,,,,,,mouse_tracking,,,,,,,,,,,/app/training,dev_a86eb88b-8ae6-46e3-9f1a-65c0820fcf90,,,,,,,,,,,,,,,,,,,,,,,,,,,,,,,,,,,,,,,,,,,,,,,,,,,,,,,,,,,,,,,,,,
training_event,training,468f03a2-d7c9-4701-abf8-bb2c692f696b,21349e1e-4625-48da-aaa5-ecb6e9f8b47d,2026-08-15T18:40:48.217000+00:00,mouse_move,,,,,296.8,98.6,,,,,,mouse_tracking,,,,,,,,,,,/app/training,dev_a86eb88b-8ae6-46e3-9f1a-65c0820fcf90,,,,,,,,,,,,,,,,,,,,,,,,,,,,,,,,,,,,,,,,,,,,,,,,,,,,,,,,,,,,,,,,,,
training_event,training,468f03a2-d7c9-4701-abf8-bb2c692f696b,21349e1e-4625-48da-aaa5-ecb6e9f8b47d,2026-08-15T18:40:48.268000+00:00,mouse_move,,,,,314.8,92.6,,,,,,mouse_tracking,,,,,,,,,,,/app/training,dev_a86eb88b-8ae6-46e3-9f1a-65c0820fcf90,,,,,,,,,,,,,,,,,,,,,,,,,,,,,,,,,,,,,,,,,,,,,,,,,,,,,,,,,,,,,,,,,,
training_event,training,468f03a2-d7c9-4701-abf8-bb2c692f696b,21349e1e-4625-48da-aaa5-ecb6e9f8b47d,2026-08-15T18:40:48.583000+00:00,mouse_move,,,,,343.8,85.6,,,,,,mouse_tracking,,,,,,,,,,,/app/training,dev_a86eb88b-8ae6-46e3-9f1a-65c0820fcf90,,,,,,,,,,,,,,,,,,,,,,,,,,,,,,,,,,,,,,,,,,,,,,,,,,,,,,,,,,,,,,,,,,
training_event,training,468f03a2-d7c9-4701-abf8-bb2c692f696b,21349e1e-4625-48da-aaa5-ecb6e9f8b47d,2026-08-15T18:40:48.700000+00:00,mouse_move,,,,,354.8,77.6,,,,,,mouse_tracking,,,,,,,,,,,/app/training,dev_a86eb88b-8ae6-46e3-9f1a-65c0820fcf90,,,,,,,,,,,,,,,,,,,,,,,,,,,,,,,,,,,,,,,,,,,,,,,,,,,,,,,,,,,,,,,,,,
training_event,training,468f03a2-d7c9-4701-abf8-bb2c692f696b,21349e1e-4625-48da-aaa5-ecb6e9f8b47d,2026-08-15T18:40:48.717000+00:00,mouse_move,,,,,354.8,76.6,,,,,,mouse_tracking,,,,,,,,,,,/app/training,dev_a86eb88b-8ae6-46e3-9f1a-65c0820fcf90,,,,,,,,,,,,,,,,,,,,,,,,,,,,,,,,,,,,,,,,,,,,,,,,,,,,,,,,,,,,,,,,,,
training_event,training,468f03a2-d7c9-4701-abf8-bb2c692f696b,21349e1e-4625-48da-aaa5-ecb6e9f8b47d,2026-08-15T18:40:49.699000+00:00,mouse_move,,,,,424.8,102.6,,,,,,mouse_tracking,,,,,,,,,,,/app/training,dev_a86eb88b-8ae6-46e3-9f1a-65c0820fcf90,,,,,,,,,,,,,,,,,,,,,,,,,,,,,,,,,,,,,,,,,,,,,,,,,,,,,,,,,,,,,,,,,,
training_event,training,468f03a2-d7c9-4701-abf8-bb2c692f696b,21349e1e-4625-48da-aaa5-ecb6e9f8b47d,2026-08-15T18:40:49.717000+00:00,mouse_move,,,,,459.8,117.6,,,,,,mouse_tracking,,,,,,,,,,,/app/training,dev_a86eb88b-8ae6-46e3-9f1a-65c0820fcf90,,,,,,,,,,,,,,,,,,,,,,,,,,,,,,,,,,,,,,,,,,,,,,,,,,,,,,,,,,,,,,,,,,
training_event,training,468f03a2-d7c9-4701-abf8-bb2c692f696b,21349e1e-4625-48da-aaa5-ecb6e9f8b47d,2026-08-15T18:40:49.751000+00:00,mouse_move,,,,,484.8,134.6,,,,,,mouse_tracking,,,,,,,,,,,/app/training,dev_a86eb88b-8ae6-46e3-9f1a-65c0820fcf90,,,,,,,,,,,,,,,,,,,,,,,,,,,,,,,,,,,,,,,,,,,,,,,,,,,,,,,,,,,,,,,,,,
training_event,training,468f03a2-d7c9-4701-abf8-bb2c692f696b,21349e1e-4625-48da-aaa5-ecb6e9f8b47d,2026-08-15T18:40:50.200000+00:00,mouse_move,,,,,476.8,139.6,,,,,,mouse_tracking,,,,,,,,,,,/app/training,dev_a86eb88b-8ae6-46e3-9f1a-65c0820fcf90,,,,,,,,,,,,,,,,,,,,,,,,,,,,,,,,,,,,,,,,,,,,,,,,,,,,,,,,,,,,,,,,,,
training_event,training,468f03a2-d7c9-4701-abf8-bb2c692f696b,21349e1e-4625-48da-aaa5-ecb6e9f8b47d,2026-08-15T18:40:41.919000+00:00,mouse_move,,,,,485.8,221.6,,,,,,mouse_tracking,,,,,,,,,,,/app/training,dev_a86eb88b-8ae6-46e3-9f1a-65c0820fcf90,,,,,,,,,,,,,,,,,,,,,,,,,,,,,,,,,,,,,,,,,,,,,,,,,,,,,,,,,,,,,,,,,,
training_event,training,468f03a2-d7c9-4701-abf8-bb2c692f696b,21349e1e-4625-48da-aaa5-ecb6e9f8b47d,2026-08-15T18:40:41.953000+00:00,mouse_move,,,,,485.8,217.6,,,,,,mouse_tracking,,,,,,,,,,,/app/training,dev_a86eb88b-8ae6-46e3-9f1a-65c0820fcf90,,,,,,,,,,,,,,,,,,,,,,,,,,,,,,,,,,,,,,,,,,,,,,,,,,,,,,,,,,,,,,,,,,
training_event,training,468f03a2-d7c9-4701-abf8-bb2c692f696b,21349e1e-4625-48da-aaa5-ecb6e9f8b47d,2026-08-15T18:40:42.920000+00:00,mouse_move,,,,,459.8,268.6,,,,,,mouse_tracking,,,,,,,,,,,/app/training,dev_a86eb88b-8ae6-46e3-9f1a-65c0820fcf90,,,,,,,,,,,,,,,,,,,,,,,,,,,,,,,,,,,,,,,,,,,,,,,,,,,,,,,,,,,,,,,,,,
training_event,training,468f03a2-d7c9-4701-abf8-bb2c692f696b,21349e1e-4625-48da-aaa5-ecb6e9f8b47d,2026-08-15T18:40:43.285000+00:00,mouse_move,,,,,453.8,304.6,,,,,,mouse_tracking,,,,,,,,,,,/app/training,dev_a86eb88b-8ae6-46e3-9f1a-65c0820fcf90,,,,,,,,,,,,,,,,,,,,,,,,,,,,,,,,,,,,,,,,,,,,,,,,,,,,,,,,,,,,,,,,,,
training_event,training,468f03a2-d7c9-4701-abf8-bb2c692f696b,21349e1e-4625-48da-aaa5-ecb6e9f8b47d,2026-08-15T18:40:43.986000+00:00,mouse_move,,,,,406.8,319.6,,,,,,mouse_tracking,,,,,,,,,,,/app/training,dev_a86eb88b-8ae6-46e3-9f1a-65c0820fcf90,,,,,,,,,,,,,,,,,,,,,,,,,,,,,,,,,,,,,,,,,,,,,,,,,,,,,,,,,,,,,,,,,,
training_event,training,468f03a2-d7c9-4701-abf8-bb2c692f696b,21349e1e-4625-48da-aaa5-ecb6e9f8b47d,2026-08-15T18:40:44.952000+00:00,mouse_move,,,,,356.8,338.6,,,,,,mouse_tracking,,,,,,,,,,,/app/training,dev_a86eb88b-8ae6-46e3-9f1a-65c0820fcf90,,,,,,,,,,,,,,,,,,,,,,,,,,,,,,,,,,,,,,,,,,,,,,,,,,,,,,,,,,,,,,,,,,
training_event,training,468f03a2-d7c9-4701-abf8-bb2c692f696b,21349e1e-4625-48da-aaa5-ecb6e9f8b47d,2026-08-15T18:40:45.035000+00:00,mouse_move,,,,,289.8,335.6,,,,,,mouse_tracking,,,,,,,,,,,/app/training,dev_a86eb88b-8ae6-46e3-9f1a-65c0820fcf90,,,,,,,,,,,,,,,,,,,,,,,,,,,,,,,,,,,,,,,,,,,,,,,,,,,,,,,,,,,,,,,,,,
training_event,training,468f03a2-d7c9-4701-abf8-bb2c692f696b,21349e1e-4625-48da-aaa5-ecb6e9f8b47d,2026-08-15T18:40:47.134000+00:00,mouse_move,,,,,242.8,149.6,,,,,,mouse_tracking,,,,,,,,,,,/app/training,dev_a86eb88b-8ae6-46e3-9f1a-65c0820fcf90,,,,,,,,,,,,,,,,,,,,,,,,,,,,,,,,,,,,,,,,,,,,,,,,,,,,,,,,,,,,,,,,,,
training_event,training,468f03a2-d7c9-4701-abf8-bb2c692f696b,21349e1e-4625-48da-aaa5-ecb6e9f8b47d,2026-08-15T18:40:48.151000+00:00,mouse_move,,,,,264.8,107.6,,,,,,mouse_tracking,,,,,,,,,,,/app/training,dev_a86eb88b-8ae6-46e3-9f1a-65c0820fcf90,,,,,,,,,,,,,,,,,,,,,,,,,,,,,,,,,,,,,,,,,,,,,,,,,,,,,,,,,,,,,,,,,,
training_event,training,468f03a2-d7c9-4701-abf8-bb2c692f696b,21349e1e-4625-48da-aaa5-ecb6e9f8b47d,2026-08-15T18:40:48.684000+00:00,mouse_move,,,,,353.8,77.6,,,,,,mouse_tracking,,,,,,,,,,,/app/training,dev_a86eb88b-8ae6-46e3-9f1a-65c0820fcf90,,,,,,,,,,,,,,,,,,,,,,,,,,,,,,,,,,,,,,,,,,,,,,,,,,,,,,,,,,,,,,,,,,
training_event,training,468f03a2-d7c9-4701-abf8-bb2c692f696b,21349e1e-4625-48da-aaa5-ecb6e9f8b47d,2026-08-15T18:40:49.833000+00:00,mouse_move,,,,,512.8,149.6,,,,,,mouse_tracking,,,,,,,,,,,/app/training,dev_a86eb88b-8ae6-46e3-9f1a-65c0820fcf90,,,,,,,,,,,,,,,,,,,,,,,,,,,,,,,,,,,,,,,,,,,,,,,,,,,,,,,,,,,,,,,,,,
training_event,training,468f03a2-d7c9-4701-abf8-bb2c692f696b,21349e1e-4625-48da-aaa5-ecb6e9f8b47d,2026-08-15T18:40:41.686000+00:00,mouse_move,,,,,474.8,251.6,,,,,,mouse_tracking,,,,,,,,,,,/app/training,dev_a86eb88b-8ae6-46e3-9f1a-65c0820fcf90,,,,,,,,,,,,,,,,,,,,,,,,,,,,,,,,,,,,,,,,,,,,,,,,,,,,,,,,,,,,,,,,,,
training_event,training,468f03a2-d7c9-4701-abf8-bb2c692f696b,21349e1e-4625-48da-aaa5-ecb6e9f8b47d,2026-08-15T18:40:41.837000+00:00,mouse_move,,,,,484.8,250.6,,,,,,mouse_tracking,,,,,,,,,,,/app/training,dev_a86eb88b-8ae6-46e3-9f1a-65c0820fcf90,,,,,,,,,,,,,,,,,,,,,,,,,,,,,,,,,,,,,,,,,,,,,,,,,,,,,,,,,,,,,,,,,,
training_event,training,468f03a2-d7c9-4701-abf8-bb2c692f696b,21349e1e-4625-48da-aaa5-ecb6e9f8b47d,2026-08-15T18:40:41.969000+00:00,mouse_move,,,,,485.8,215.6,,,,,,mouse_tracking,,,,,,,,,,,/app/training,dev_a86eb88b-8ae6-46e3-9f1a-65c0820fcf90,,,,,,,,,,,,,,,,,,,,,,,,,,,,,,,,,,,,,,,,,,,,,,,,,,,,,,,,,,,,,,,,,,
training_event,training,468f03a2-d7c9-4701-abf8-bb2c692f696b,21349e1e-4625-48da-aaa5-ecb6e9f8b47d,2026-08-15T18:40:43.135000+00:00,mouse_move,,,,,453.8,292.6,,,,,,mouse_tracking,,,,,,,,,,,/app/training,dev_a86eb88b-8ae6-46e3-9f1a-65c0820fcf90,,,,,,,,,,,,,,,,,,,,,,,,,,,,,,,,,,,,,,,,,,,,,,,,,,,,,,,,,,,,,,,,,,
training_event,training,468f03a2-d7c9-4701-abf8-bb2c692f696b,21349e1e-4625-48da-aaa5-ecb6e9f8b47d,2026-08-15T18:40:43.336000+00:00,mouse_move,,,,,453.8,307.6,,,,,,mouse_tracking,,,,,,,,,,,/app/training,dev_a86eb88b-8ae6-46e3-9f1a-65c0820fcf90,,,,,,,,,,,,,,,,,,,,,,,,,,,,,,,,,,,,,,,,,,,,,,,,,,,,,,,,,,,,,,,,,,
training_event,training,468f03a2-d7c9-4701-abf8-bb2c692f696b,21349e1e-4625-48da-aaa5-ecb6e9f8b47d,2026-08-15T18:40:43.969000+00:00,mouse_move,,,,,430.8,312.6,,,,,,mouse_tracking,,,,,,,,,,,/app/training,dev_a86eb88b-8ae6-46e3-9f1a-65c0820fcf90,,,,,,,,,,,,,,,,,,,,,,,,,,,,,,,,,,,,,,,,,,,,,,,,,,,,,,,,,,,,,,,,,,
training_event,training,468f03a2-d7c9-4701-abf8-bb2c692f696b,21349e1e-4625-48da-aaa5-ecb6e9f8b47d,2026-08-15T18:40:44.969000+00:00,mouse_move,,,,,338.8,338.6,,,,,,mouse_tracking,,,,,,,,,,,/app/training,dev_a86eb88b-8ae6-46e3-9f1a-65c0820fcf90,,,,,,,,,,,,,,,,,,,,,,,,,,,,,,,,,,,,,,,,,,,,,,,,,,,,,,,,,,,,,,,,,,
training_event,training,468f03a2-d7c9-4701-abf8-bb2c692f696b,21349e1e-4625-48da-aaa5-ecb6e9f8b47d,2026-08-15T18:40:47.168000+00:00,mouse_move,,,,,247.8,122.6,,,,,,mouse_tracking,,,,,,,,,,,/app/training,dev_a86eb88b-8ae6-46e3-9f1a-65c0820fcf90,,,,,,,,,,,,,,,,,,,,,,,,,,,,,,,,,,,,,,,,,,,,,,,,,,,,,,,,,,,,,,,,,,
training_event,training,468f03a2-d7c9-4701-abf8-bb2c692f696b,21349e1e-4625-48da-aaa5-ecb6e9f8b47d,2026-08-15T18:40:47.384000+00:00,mouse_move,,,,,252.8,109.6,,,,,,mouse_tracking,,,,,,,,,,,/app/training,dev_a86eb88b-8ae6-46e3-9f1a-65c0820fcf90,,,,,,,,,,,,,,,,,,,,,,,,,,,,,,,,,,,,,,,,,,,,,,,,,,,,,,,,,,,,,,,,,,
training_event,training,468f03a2-d7c9-4701-abf8-bb2c692f696b,21349e1e-4625-48da-aaa5-ecb6e9f8b47d,2026-08-15T18:40:47.451000+00:00,mouse_move,,,,,260.8,107.6,,,,,,mouse_tracking,,,,,,,,,,,/app/training,dev_a86eb88b-8ae6-46e3-9f1a-65c0820fcf90,,,,,,,,,,,,,,,,,,,,,,,,,,,,,,,,,,,,,,,,,,,,,,,,,,,,,,,,,,,,,,,,,,
training_event,training,468f03a2-d7c9-4701-abf8-bb2c692f696b,21349e1e-4625-48da-aaa5-ecb6e9f8b47d,2026-08-15T18:40:47.468000+00:00,mouse_move,,,,,261.8,107.6,,,,,,mouse_tracking,,,,,,,,,,,/app/training,dev_a86eb88b-8ae6-46e3-9f1a-65c0820fcf90,,,,,,,,,,,,,,,,,,,,,,,,,,,,,,,,,,,,,,,,,,,,,,,,,,,,,,,,,,,,,,,,,,
training_event,training,468f03a2-d7c9-4701-abf8-bb2c692f696b,21349e1e-4625-48da-aaa5-ecb6e9f8b47d,2026-08-15T18:40:41.620000+00:00,mouse_move,,,,,459.8,251.6,,,,,,mouse_tracking,,,,,,,,,,,/app/training,dev_a86eb88b-8ae6-46e3-9f1a-65c0820fcf90,,,,,,,,,,,,,,,,,,,,,,,,,,,,,,,,,,,,,,,,,,,,,,,,,,,,,,,,,,,,,,,,,,
training_event,training,468f03a2-d7c9-4701-abf8-bb2c692f696b,21349e1e-4625-48da-aaa5-ecb6e9f8b47d,2026-08-15T18:40:42.820000+00:00,mouse_move,,,,,480.8,227.6,,,,,,mouse_tracking,,,,,,,,,,,/app/training,dev_a86eb88b-8ae6-46e3-9f1a-65c0820fcf90,,,,,,,,,,,,,,,,,,,,,,,,,,,,,,,,,,,,,,,,,,,,,,,,,,,,,,,,,,,,,,,,,,
training_event,training,468f03a2-d7c9-4701-abf8-bb2c692f696b,21349e1e-4625-48da-aaa5-ecb6e9f8b47d,2026-08-15T18:40:42.886000+00:00,mouse_move,,,,,463.8,256.6,,,,,,mouse_tracking,,,,,,,,,,,/app/training,dev_a86eb88b-8ae6-46e3-9f1a-65c0820fcf90,,,,,,,,,,,,,,,,,,,,,,,,,,,,,,,,,,,,,,,,,,,,,,,,,,,,,,,,,,,,,,,,,,
training_event,training,468f03a2-d7c9-4701-abf8-bb2c692f696b,21349e1e-4625-48da-aaa5-ecb6e9f8b47d,2026-08-15T18:40:44.018000+00:00,mouse_move,,,,,383.8,327.6,,,,,,mouse_tracking,,,,,,,,,,,/app/training,dev_a86eb88b-8ae6-46e3-9f1a-65c0820fcf90,,,,,,,,,,,,,,,,,,,,,,,,,,,,,,,,,,,,,,,,,,,,,,,,,,,,,,,,,,,,,,,,,,
training_event,training,468f03a2-d7c9-4701-abf8-bb2c692f696b,21349e1e-4625-48da-aaa5-ecb6e9f8b47d,2026-08-15T18:40:48.517000+00:00,mouse_move,,,,,336.8,89.6,,,,,,mouse_tracking,,,,,,,,,,,/app/training,dev_a86eb88b-8ae6-46e3-9f1a-65c0820fcf90,,,,,,,,,,,,,,,,,,,,,,,,,,,,,,,,,,,,,,,,,,,,,,,,,,,,,,,,,,,,,,,,,,
training_event,training,468f03a2-d7c9-4701-abf8-bb2c692f696b,21349e1e-4625-48da-aaa5-ecb6e9f8b47d,2026-08-15T18:40:49.783000+00:00,mouse_move,,,,,498.8,143.6,,,,,,mouse_tracking,,,,,,,,,,,/app/training,dev_a86eb88b-8ae6-46e3-9f1a-65c0820fcf90,,,,,,,,,,,,,,,,,,,,,,,,,,,,,,,,,,,,,,,,,,,,,,,,,,,,,,,,,,,,,,,,,,
training_event,training,468f03a2-d7c9-4701-abf8-bb2c692f696b,21349e1e-4625-48da-aaa5-ecb6e9f8b47d,2026-08-15T18:40:50.132000+00:00,mouse_move,,,,,491.8,147.6,,,,,,mouse_tracking,,,,,,,,,,,/app/training,dev_a86eb88b-8ae6-46e3-9f1a-65c0820fcf90,,,,,,,,,,,,,,,,,,,,,,,,,,,,,,,,,,,,,,,,,,,,,,,,,,,,,,,,,,,,,,,,,,
training_event,training,468f03a2-d7c9-4701-abf8-bb2c692f696b,21349e1e-4625-48da-aaa5-ecb6e9f8b47d,2026-08-15T18:40:50.166000+00:00,mouse_move,,,,,480.8,141.6,,,,,,mouse_tracking,,,,,,,,,,,/app/training,dev_a86eb88b-8ae6-46e3-9f1a-65c0820fcf90,,,,,,,,,,,,,,,,,,,,,,,,,,,,,,,,,,,,,,,,,,,,,,,,,,,,,,,,,,,,,,,,,,
training_event,training,468f03a2-d7c9-4701-abf8-bb2c692f696b,21349e1e-4625-48da-aaa5-ecb6e9f8b47d,2026-08-15T18:40:50.233000+00:00,mouse_move,,,,,474.8,138.6,,,,,,mouse_tracking,,,,,,,,,,,/app/training,dev_a86eb88b-8ae6-46e3-9f1a-65c0820fcf90,,,,,,,,,,,,,,,,,,,,,,,,,,,,,,,,,,,,,,,,,,,,,,,,,,,,,,,,,,,,,,,,,,
training_event,training,468f03a2-d7c9-4701-abf8-bb2c692f696b,21349e1e-4625-48da-aaa5-ecb6e9f8b47d,2026-08-15T18:40:41.570000+00:00,mouse_move,,,,,435.8,250.6,,,,,,mouse_tracking,,,,,,,,,,,/app/training,dev_a86eb88b-8ae6-46e3-9f1a-65c0820fcf90,,,,,,,,,,,,,,,,,,,,,,,,,,,,,,,,,,,,,,,,,,,,,,,,,,,,,,,,,,,,,,,,,,
training_event,training,468f03a2-d7c9-4701-abf8-bb2c692f696b,21349e1e-4625-48da-aaa5-ecb6e9f8b47d,2026-08-15T18:40:41.719000+00:00,mouse_move,,,,,479.8,251.6,,,,,,mouse_tracking,,,,,,,,,,,/app/training,dev_a86eb88b-8ae6-46e3-9f1a-65c0820fcf90,,,,,,,,,,,,,,,,,,,,,,,,,,,,,,,,,,,,,,,,,,,,,,,,,,,,,,,,,,,,,,,,,,
training_event,training,468f03a2-d7c9-4701-abf8-bb2c692f696b,21349e1e-4625-48da-aaa5-ecb6e9f8b47d,2026-08-15T18:40:41.902000+00:00,mouse_move,,,,,485.8,227.6,,,,,,mouse_tracking,,,,,,,,,,,/app/training,dev_a86eb88b-8ae6-46e3-9f1a-65c0820fcf90,,,,,,,,,,,,,,,,,,,,,,,,,,,,,,,,,,,,,,,,,,,,,,,,,,,,,,,,,,,,,,,,,,
training_event,training,468f03a2-d7c9-4701-abf8-bb2c692f696b,21349e1e-4625-48da-aaa5-ecb6e9f8b47d,2026-08-15T18:40:42.803000+00:00,mouse_move,,,,,485.8,217.6,,,,,,mouse_tracking,,,,,,,,,,,/app/training,dev_a86eb88b-8ae6-46e3-9f1a-65c0820fcf90,,,,,,,,,,,,,,,,,,,,,,,,,,,,,,,,,,,,,,,,,,,,,,,,,,,,,,,,,,,,,,,,,,
training_event,training,468f03a2-d7c9-4701-abf8-bb2c692f696b,21349e1e-4625-48da-aaa5-ecb6e9f8b47d,2026-08-15T18:40:43.303000+00:00,mouse_move,,,,,453.8,306.6,,,,,,mouse_tracking,,,,,,,,,,,/app/training,dev_a86eb88b-8ae6-46e3-9f1a-65c0820fcf90,,,,,,,,,,,,,,,,,,,,,,,,,,,,,,,,,,,,,,,,,,,,,,,,,,,,,,,,,,,,,,,,,,
training_event,training,468f03a2-d7c9-4701-abf8-bb2c692f696b,21349e1e-4625-48da-aaa5-ecb6e9f8b47d,2026-08-15T18:40:47.085000+00:00,mouse_move,,,,,237.8,227.6,,,,,,mouse_tracking,,,,,,,,,,,/app/training,dev_a86eb88b-8ae6-46e3-9f1a-65c0820fcf90,,,,,,,,,,,,,,,,,,,,,,,,,,,,,,,,,,,,,,,,,,,,,,,,,,,,,,,,,,,,,,,,,,
training_event,training,468f03a2-d7c9-4701-abf8-bb2c692f696b,21349e1e-4625-48da-aaa5-ecb6e9f8b47d,2026-08-15T18:40:48.201000+00:00,mouse_move,,,,,288.8,100.6,,,,,,mouse_tracking,,,,,,,,,,,/app/training,dev_a86eb88b-8ae6-46e3-9f1a-65c0820fcf90,,,,,,,,,,,,,,,,,,,,,,,,,,,,,,,,,,,,,,,,,,,,,,,,,,,,,,,,,,,,,,,,,,
training_event,training,468f03a2-d7c9-4701-abf8-bb2c692f696b,21349e1e-4625-48da-aaa5-ecb6e9f8b47d,2026-08-15T18:40:48.351000+00:00,mouse_move,,,,,329.8,91.6,,,,,,mouse_tracking,,,,,,,,,,,/app/training,dev_a86eb88b-8ae6-46e3-9f1a-65c0820fcf90,,,,,,,,,,,,,,,,,,,,,,,,,,,,,,,,,,,,,,,,,,,,,,,,,,,,,,,,,,,,,,,,,,
training_event,training,468f03a2-d7c9-4701-abf8-bb2c692f696b,21349e1e-4625-48da-aaa5-ecb6e9f8b47d,2026-08-15T18:40:48.450000+00:00,mouse_move,,,,,335.8,90.6,,,,,,mouse_tracking,,,,,,,,,,,/app/training,dev_a86eb88b-8ae6-46e3-9f1a-65c0820fcf90,,,,,,,,,,,,,,,,,,,,,,,,,,,,,,,,,,,,,,,,,,,,,,,,,,,,,,,,,,,,,,,,,,
training_event,training,468f03a2-d7c9-4701-abf8-bb2c692f696b,21349e1e-4625-48da-aaa5-ecb6e9f8b47d,2026-08-15T18:40:49.650000+00:00,mouse_move,,,,,362.8,77.6,,,,,,mouse_tracking,,,,,,,,,,,/app/training,dev_a86eb88b-8ae6-46e3-9f1a-65c0820fcf90,,,,,,,,,,,,,,,,,,,,,,,,,,,,,,,,,,,,,,,,,,,,,,,,,,,,,,,,,,,,,,,,,,
training_event,training,468f03a2-d7c9-4701-abf8-bb2c692f696b,21349e1e-4625-48da-aaa5-ecb6e9f8b47d,2026-08-15T18:40:41.487000+00:00,mouse_move,,,,,374.8,255.6,,,,,,mouse_tracking,,,,,,,,,,,/app/training,dev_a86eb88b-8ae6-46e3-9f1a-65c0820fcf90,,,,,,,,,,,,,,,,,,,,,,,,,,,,,,,,,,,,,,,,,,,,,,,,,,,,,,,,,,,,,,,,,,
training_event,training,468f03a2-d7c9-4701-abf8-bb2c692f696b,21349e1e-4625-48da-aaa5-ecb6e9f8b47d,2026-08-15T18:40:41.504000+00:00,mouse_move,,,,,381.8,253.6,,,,,,mouse_tracking,,,,,,,,,,,/app/training,dev_a86eb88b-8ae6-46e3-9f1a-65c0820fcf90,,,,,,,,,,,,,,,,,,,,,,,,,,,,,,,,,,,,,,,,,,,,,,,,,,,,,,,,,,,,,,,,,,
training_event,training,468f03a2-d7c9-4701-abf8-bb2c692f696b,21349e1e-4625-48da-aaa5-ecb6e9f8b47d,2026-08-15T18:40:41.886000+00:00,mouse_move,,,,,484.8,235.6,,,,,,mouse_tracking,,,,,,,,,,,/app/training,dev_a86eb88b-8ae6-46e3-9f1a-65c0820fcf90,,,,,,,,,,,,,,,,,,,,,,,,,,,,,,,,,,,,,,,,,,,,,,,,,,,,,,,,,,,,,,,,,,
training_event,training,468f03a2-d7c9-4701-abf8-bb2c692f696b,21349e1e-4625-48da-aaa5-ecb6e9f8b47d,2026-08-15T18:40:42.835000+00:00,mouse_move,,,,,474.8,236.6,,,,,,mouse_tracking,,,,,,,,,,,/app/training,dev_a86eb88b-8ae6-46e3-9f1a-65c0820fcf90,,,,,,,,,,,,,,,,,,,,,,,,,,,,,,,,,,,,,,,,,,,,,,,,,,,,,,,,,,,,,,,,,,
training_event,training,468f03a2-d7c9-4701-abf8-bb2c692f696b,21349e1e-4625-48da-aaa5-ecb6e9f8b47d,2026-08-15T18:40:42.869000+00:00,mouse_move,,,,,465.8,251.6,,,,,,mouse_tracking,,,,,,,,,,,/app/training,dev_a86eb88b-8ae6-46e3-9f1a-65c0820fcf90,,,,,,,,,,,,,,,,,,,,,,,,,,,,,,,,,,,,,,,,,,,,,,,,,,,,,,,,,,,,,,,,,,
training_event,training,468f03a2-d7c9-4701-abf8-bb2c692f696b,21349e1e-4625-48da-aaa5-ecb6e9f8b47d,2026-08-15T18:40:43.085000+00:00,mouse_move,,,,,453.8,290.6,,,,,,mouse_tracking,,,,,,,,,,,/app/training,dev_a86eb88b-8ae6-46e3-9f1a-65c0820fcf90,,,,,,,,,,,,,,,,,,,,,,,,,,,,,,,,,,,,,,,,,,,,,,,,,,,,,,,,,,,,,,,,,,
training_event,training,468f03a2-d7c9-4701-abf8-bb2c692f696b,21349e1e-4625-48da-aaa5-ecb6e9f8b47d,2026-08-15T18:40:44.984000+00:00,mouse_move,,,,,324.8,338.6,,,,,,mouse_tracking,,,,,,,,,,,/app/training,dev_a86eb88b-8ae6-46e3-9f1a-65c0820fcf90,,,,,,,,,,,,,,,,,,,,,,,,,,,,,,,,,,,,,,,,,,,,,,,,,,,,,,,,,,,,,,,,,,
training_event,training,468f03a2-d7c9-4701-abf8-bb2c692f696b,21349e1e-4625-48da-aaa5-ecb6e9f8b47d,2026-08-15T18:40:45.084000+00:00,mouse_move,,,,,275.8,333.6,,,,,,mouse_tracking,,,,,,,,,,,/app/training,dev_a86eb88b-8ae6-46e3-9f1a-65c0820fcf90,,,,,,,,,,,,,,,,,,,,,,,,,,,,,,,,,,,,,,,,,,,,,,,,,,,,,,,,,,,,,,,,,,
training_event,training,468f03a2-d7c9-4701-abf8-bb2c692f696b,21349e1e-4625-48da-aaa5-ecb6e9f8b47d,2026-08-15T18:40:45.253000+00:00,mouse_move,,,,,267.8,324.6,,,,,,mouse_tracking,,,,,,,,,,,/app/training,dev_a86eb88b-8ae6-46e3-9f1a-65c0820fcf90,,,,,,,,,,,,,,,,,,,,,,,,,,,,,,,,,,,,,,,,,,,,,,,,,,,,,,,,,,,,,,,,,,
training_event,training,468f03a2-d7c9-4701-abf8-bb2c692f696b,21349e1e-4625-48da-aaa5-ecb6e9f8b47d,2026-08-15T18:40:46.168000+00:00,mouse_move,,,,,244.8,251.6,,,,,,mouse_tracking,,,,,,,,,,,/app/training,dev_a86eb88b-8ae6-46e3-9f1a-65c0820fcf90,,,,,,,,,,,,,,,,,,,,,,,,,,,,,,,,,,,,,,,,,,,,,,,,,,,,,,,,,,,,,,,,,,
training_event,training,468f03a2-d7c9-4701-abf8-bb2c692f696b,21349e1e-4625-48da-aaa5-ecb6e9f8b47d,2026-08-15T18:40:46.185000+00:00,mouse_move,,,,,241.8,244.6,,,,,,mouse_tracking,,,,,,,,,,,/app/training,dev_a86eb88b-8ae6-46e3-9f1a-65c0820fcf90,,,,,,,,,,,,,,,,,,,,,,,,,,,,,,,,,,,,,,,,,,,,,,,,,,,,,,,,,,,,,,,,,,
training_event,training,468f03a2-d7c9-4701-abf8-bb2c692f696b,21349e1e-4625-48da-aaa5-ecb6e9f8b47d,2026-08-15T18:40:47.102000+00:00,mouse_move,,,,,237.8,202.6,,,,,,mouse_tracking,,,,,,,,,,,/app/training,dev_a86eb88b-8ae6-46e3-9f1a-65c0820fcf90,,,,,,,,,,,,,,,,,,,,,,,,,,,,,,,,,,,,,,,,,,,,,,,,,,,,,,,,,,,,,,,,,,
training_event,training,468f03a2-d7c9-4701-abf8-bb2c692f696b,21349e1e-4625-48da-aaa5-ecb6e9f8b47d,2026-08-15T18:40:47.366000+00:00,mouse_move,,,,,251.8,109.6,,,,,,mouse_tracking,,,,,,,,,,,/app/training,dev_a86eb88b-8ae6-46e3-9f1a-65c0820fcf90,,,,,,,,,,,,,,,,,,,,,,,,,,,,,,,,,,,,,,,,,,,,,,,,,,,,,,,,,,,,,,,,,,
training_event,training,468f03a2-d7c9-4701-abf8-bb2c692f696b,21349e1e-4625-48da-aaa5-ecb6e9f8b47d,2026-08-15T18:40:48.134000+00:00,mouse_move,,,,,262.8,107.6,,,,,,mouse_tracking,,,,,,,,,,,/app/training,dev_a86eb88b-8ae6-46e3-9f1a-65c0820fcf90,,,,,,,,,,,,,,,,,,,,,,,,,,,,,,,,,,,,,,,,,,,,,,,,,,,,,,,,,,,,,,,,,,
training_event,training,468f03a2-d7c9-4701-abf8-bb2c692f696b,21349e1e-4625-48da-aaa5-ecb6e9f8b47d,2026-08-15T18:40:48.752000+00:00,mouse_move,,,,,356.8,75.6,,,,,,mouse_tracking,,,,,,,,,,,/app/training,dev_a86eb88b-8ae6-46e3-9f1a-65c0820fcf90,,,,,,,,,,,,,,,,,,,,,,,,,,,,,,,,,,,,,,,,,,,,,,,,,,,,,,,,,,,,,,,,,,
training_event,training,468f03a2-d7c9-4701-abf8-bb2c692f696b,21349e1e-4625-48da-aaa5-ecb6e9f8b47d,2026-08-15T18:40:49.883000+00:00,mouse_move,,,,,516.8,150.6,,,,,,mouse_tracking,,,,,,,,,,,/app/training,dev_a86eb88b-8ae6-46e3-9f1a-65c0820fcf90,,,,,,,,,,,,,,,,,,,,,,,,,,,,,,,,,,,,,,,,,,,,,,,,,,,,,,,,,,,,,,,,,,
training_event,training,468f03a2-d7c9-4701-abf8-bb2c692f696b,21349e1e-4625-48da-aaa5-ecb6e9f8b47d,2026-08-15T18:40:50.101000+00:00,mouse_move,,,,,508.8,150.6,,,,,,mouse_tracking,,,,,,,,,,,/app/training,dev_a86eb88b-8ae6-46e3-9f1a-65c0820fcf90,,,,,,,,,,,,,,,,,,,,,,,,,,,,,,,,,,,,,,,,,,,,,,,,,,,,,,,,,,,,,,,,,,
training_event,training,468f03a2-d7c9-4701-abf8-bb2c692f696b,21349e1e-4625-48da-aaa5-ecb6e9f8b47d,2026-08-15T18:40:41.702000+00:00,mouse_move,,,,,476.8,251.6,,,,,,mouse_tracking,,,,,,,,,,,/app/training,dev_a86eb88b-8ae6-46e3-9f1a-65c0820fcf90,,,,,,,,,,,,,,,,,,,,,,,,,,,,,,,,,,,,,,,,,,,,,,,,,,,,,,,,,,,,,,,,,,
training_event,training,468f03a2-d7c9-4701-abf8-bb2c692f696b,21349e1e-4625-48da-aaa5-ecb6e9f8b47d,2026-08-15T18:40:41.736000+00:00,mouse_move,,,,,480.8,251.6,,,,,,mouse_tracking,,,,,,,,,,,/app/training,dev_a86eb88b-8ae6-46e3-9f1a-65c0820fcf90,,,,,,,,,,,,,,,,,,,,,,,,,,,,,,,,,,,,,,,,,,,,,,,,,,,,,,,,,,,,,,,,,,
training_event,training,468f03a2-d7c9-4701-abf8-bb2c692f696b,21349e1e-4625-48da-aaa5-ecb6e9f8b47d,2026-08-15T18:40:44.052000+00:00,mouse_move,,,,,372.8,332.6,,,,,,mouse_tracking,,,,,,,,,,,/app/training,dev_a86eb88b-8ae6-46e3-9f1a-65c0820fcf90,,,,,,,,,,,,,,,,,,,,,,,,,,,,,,,,,,,,,,,,,,,,,,,,,,,,,,,,,,,,,,,,,,
training_event,training,468f03a2-d7c9-4701-abf8-bb2c692f696b,21349e1e-4625-48da-aaa5-ecb6e9f8b47d,2026-08-15T18:40:45.069000+00:00,mouse_move,,,,,277.8,333.6,,,,,,mouse_tracking,,,,,,,,,,,/app/training,dev_a86eb88b-8ae6-46e3-9f1a-65c0820fcf90,,,,,,,,,,,,,,,,,,,,,,,,,,,,,,,,,,,,,,,,,,,,,,,,,,,,,,,,,,,,,,,,,,
training_event,training,468f03a2-d7c9-4701-abf8-bb2c692f696b,21349e1e-4625-48da-aaa5-ecb6e9f8b47d,2026-08-15T18:40:45.218000+00:00,mouse_move,,,,,268.8,328.6,,,,,,mouse_tracking,,,,,,,,,,,/app/training,dev_a86eb88b-8ae6-46e3-9f1a-65c0820fcf90,,,,,,,,,,,,,,,,,,,,,,,,,,,,,,,,,,,,,,,,,,,,,,,,,,,,,,,,,,,,,,,,,,
training_event,training,468f03a2-d7c9-4701-abf8-bb2c692f696b,21349e1e-4625-48da-aaa5-ecb6e9f8b47d,2026-08-15T18:40:47.068000+00:00,mouse_move,,,,,237.8,231.6,,,,,,mouse_tracking,,,,,,,,,,,/app/training,dev_a86eb88b-8ae6-46e3-9f1a-65c0820fcf90,,,,,,,,,,,,,,,,,,,,,,,,,,,,,,,,,,,,,,,,,,,,,,,,,,,,,,,,,,,,,,,,,,
training_event,training,468f03a2-d7c9-4701-abf8-bb2c692f696b,21349e1e-4625-48da-aaa5-ecb6e9f8b47d,2026-08-15T18:40:47.216000+00:00,mouse_move,,,,,248.8,110.6,,,,,,mouse_tracking,,,,,,,,,,,/app/training,dev_a86eb88b-8ae6-46e3-9f1a-65c0820fcf90,,,,,,,,,,,,,,,,,,,,,,,,,,,,,,,,,,,,,,,,,,,,,,,,,,,,,,,,,,,,,,,,,,
training_event,training,468f03a2-d7c9-4701-abf8-bb2c692f696b,21349e1e-4625-48da-aaa5-ecb6e9f8b47d,2026-08-15T18:40:49.765000+00:00,mouse_move,,,,,492.8,139.6,,,,,,mouse_tracking,,,,,,,,,,,/app/training,dev_a86eb88b-8ae6-46e3-9f1a-65c0820fcf90,,,,,,,,,,,,,,,,,,,,,,,,,,,,,,,,,,,,,,,,,,,,,,,,,,,,,,,,,,,,,,,,,,
training_event,training,468f03a2-d7c9-4701-abf8-bb2c692f696b,21349e1e-4625-48da-aaa5-ecb6e9f8b47d,2026-08-15T18:40:49.817000+00:00,mouse_move,,,,,510.8,147.6,,,,,,mouse_tracking,,,,,,,,,,,/app/training,dev_a86eb88b-8ae6-46e3-9f1a-65c0820fcf90,,,,,,,,,,,,,,,,,,,,,,,,,,,,,,,,,,,,,,,,,,,,,,,,,,,,,,,,,,,,,,,,,,
training_event,training,468f03a2-d7c9-4701-abf8-bb2c692f696b,193117fc-840d-40a6-9df6-c69e4dc800c3,2026-08-16T03:52:58.211000+00:00,mouse_move,,,,,949.3993981427072,257.74544847485595,,,,,,controlled_typing,3,9,,,,20254.714750513063,,,,,training/controlled_typing,seed_device_468f03a2,,,,,,,,,,,,,,,,,,,,,,,,,,,,,,,,,,,,,,,,,,,,,,,,,,,,,,,,,,,,,,,,,,
training_event,training,468f03a2-d7c9-4701-abf8-bb2c692f696b,193117fc-840d-40a6-9df6-c69e4dc800c3,2026-08-14T18:52:58.211000+00:00,mouse_click,,,,,383.17084988113396,432.43309517882125,,,,,,controlled_typing,0,3,,,,12421.639347552853,,target_10,small,128.1476413244339,training/controlled_typing,seed_device_468f03a2,,,,,,,,,,,,,,,,,,,,,,,,,,,,,,,,,,,,,,,,,,,,,,,,,,,,,,,,,,,,,,,,,,
training_event,training,468f03a2-d7c9-4701-abf8-bb2c692f696b,d99dc7e4-25ba-4fbe-ac2e-802077944d27,2026-08-14T06:52:58.211000+00:00,keyup,65,J,148.52726661638894,120.1638564303992,,,,,,,,repeated_typing,1,0,89,1,1,21034.31003811445,1470.8454847840685,,,,training/repeated_typing,seed_device_468f03a2,,,,,,,,,,,,,,,,,,,,,,,,,,,,,,,,,,,,,,,,,,,,,,,,,,,,,,,,,,,,,,,,,,
training_event,training,468f03a2-d7c9-4701-abf8-bb2c692f696b,d99dc7e4-25ba-4fbe-ac2e-802077944d27,2026-08-15T20:52:58.211000+00:00,keyup,86,R,153.8443078758413,147.86981222032261,,,,,,,,repeated_typing,0,1,92,3,1,3224.11500416514,72.92787389802768,,,,training/repeated_typing,seed_device_468f03a2,,,,,,,,,,,,,,,,,,,,,,,,,,,,,,,,,,,,,,,,,,,,,,,,,,,,,,,,,,,,,,,,,,
training_event,training,468f03a2-d7c9-4701-abf8-bb2c692f696b,d99dc7e4-25ba-4fbe-ac2e-802077944d27,2026-08-14T03:52:58.211000+00:00,mouse_click,,,,,326.20960299742296,374.07706332771323,,,,,,repeated_typing,1,9,,,,11463.687569879896,,target_17,large,55.843580892457155,training/repeated_typing,seed_device_468f03a2,,,,,,,,,,,,,,,,,,,,,,,,,,,,,,,,,,,,,,,,,,,,,,,,,,,,,,,,,,,,,,,,,,
training_event,training,468f03a2-d7c9-4701-abf8-bb2c692f696b,f40819c0-ae47-4719-9f50-81559426100a,2026-08-16T11:52:58.211000+00:00,keydown,87,Z,103.67853138888947,45.63709574094069,,,,,,,,paragraph_typing,0,0,92,1,2,17884.832296934626,3935.685716293311,,,,training/paragraph_typing,seed_device_468f03a2,,,,,,,,,,,,,,,,,,,,,,,,,,,,,,,,,,,,,,,,,,,,,,,,,,,,,,,,,,,,,,,,,,
training_event,training,468f03a2-d7c9-4701-abf8-bb2c692f696b,f40819c0-ae47-4719-9f50-81559426100a,2026-08-15T12:52:58.211000+00:00,mouse_scroll,,,,,1012.1388867751966,819.8799486603428,,30.362713147670007,,,,paragraph_typing,3,3,,,,15638.656442151574,,,,,training/paragraph_typing,seed_device_468f03a2,,,,,,,,,,,,,,,,,,,,,,,,,,,,,,,,,,,,,,,,,,,,,,,,,,,,,,,,,,,,,,,,,,
training_event,training,468f03a2-d7c9-4701-abf8-bb2c692f696b,f40819c0-ae47-4719-9f50-81559426100a,2026-08-14T08:52:58.211000+00:00,mouse_click,,,,,277.0250917558186,524.009642831815,,,,,,paragraph_typing,0,8,,,,15145.889054613212,,target_17,small,111.46643364562462,training/paragraph_typing,seed_device_468f03a2,,,,,,,,,,,,,,,,,,,,,,,,,,,,,,,,,,,,,,,,,,,,,,,,,,,,,,,,,,,,,,,,,,
training_event,training,468f03a2-d7c9-4701-abf8-bb2c692f696b,f40819c0-ae47-4719-9f50-81559426100a,2026-08-13T19:52:58.211000+00:00,mouse_click,,,,,1108.1807087726847,388.6805128314102,,,,,,paragraph_typing,0,4,,,,10098.639634873078,,target_13,large,73.13094987892143,training/paragraph_typing,seed_device_468f03a2,,,,,,,,,,,,,,,,,,,,,,,,,,,,,,,,,,,,,,,,,,,,,,,,,,,,,,,,,,,,,,,,,,
training_event,training,468f03a2-d7c9-4701-abf8-bb2c692f696b,f40819c0-ae47-4719-9f50-81559426100a,2026-08-14T11:52:58.211000+00:00,mouse_move,,,,,255.04294099113685,282.7036309834043,,,,,,paragraph_typing,4,7,,,,5393.491151081759,,,,,training/paragraph_typing,seed_device_468f03a2,,,,,,,,,,,,,,,,,,,,,,,,,,,,,,,,,,,,,,,,,,,,,,,,,,,,,,,,,,,,,,,,,,
training_event,training,468f03a2-d7c9-4701-abf8-bb2c692f696b,193117fc-840d-40a6-9df6-c69e4dc800c3,2026-08-13T03:52:58.211000+00:00,mouse_move,,,,,1311.9605129259628,381.8392810959274,,,,,,controlled_typing,2,0,,,,22285.79075223324,,,,,training/controlled_typing,seed_device_468f03a2,,,,,,,,,,,,,,,,,,,,,,,,,,,,,,,,,,,,,,,,,,,,,,,,,,,,,,,,,,,,,,,,,,
training_event,training,468f03a2-d7c9-4701-abf8-bb2c692f696b,193117fc-840d-40a6-9df6-c69e4dc800c3,2026-08-15T01:52:58.211000+00:00,keyup,65,E,57.315928078952666,38.015240194006324,,,,,,,,controlled_typing,4,4,31,2,1,9941.794433877316,3255.0675573418393,,,,training/controlled_typing,seed_device_468f03a2,,,,,,,,,,,,,,,,,,,,,,,,,,,,,,,,,,,,,,,,,,,,,,,,,,,,,,,,,,,,,,,,,,
training_event,training,468f03a2-d7c9-4701-abf8-bb2c692f696b,193117fc-840d-40a6-9df6-c69e4dc800c3,2026-08-14T13:52:58.211000+00:00,mouse_move,,,,,439.8127372973674,113.77346629602725,,,,,,controlled_typing,2,7,,,,26647.65233442153,,,,,training/controlled_typing,seed_device_468f03a2,,,,,,,,,,,,,,,,,,,,,,,,,,,,,,,,,,,,,,,,,,,,,,,,,,,,,,,,,,,,,,,,,,
training_event,training,468f03a2-d7c9-4701-abf8-bb2c692f696b,193117fc-840d-40a6-9df6-c69e4dc800c3,2026-08-15T03:52:58.211000+00:00,mouse_click,,,,,1487.3821412823595,272.44890113904626,,,,,,controlled_typing,4,6,,,,5312.288001317452,,target_2,medium,105.03833141463421,training/controlled_typing,seed_device_468f03a2,,,,,,,,,,,,,,,,,,,,,,,,,,,,,,,,,,,,,,,,,,,,,,,,,,,,,,,,,,,,,,,,,,
training_event,training,468f03a2-d7c9-4701-abf8-bb2c692f696b,193117fc-840d-40a6-9df6-c69e4dc800c3,2026-08-13T10:52:58.211000+00:00,keyup,69,B,160.69280393300565,82.96201529544727,,,,,,,,controlled_typing,1,6,94,3,1,17792.732583501183,4609.267119253935,,,,training/controlled_typing,seed_device_468f03a2,,,,,,,,,,,,,,,,,,,,,,,,,,,,,,,,,,,,,,,,,,,,,,,,,,,,,,,,,,,,,,,,,,
training_event,training,468f03a2-d7c9-4701-abf8-bb2c692f696b,193117fc-840d-40a6-9df6-c69e4dc800c3,2026-08-12T21:52:58.211000+00:00,keydown,66,Y,62.039573002251394,45.31521686639373,,,,,,,,controlled_typing,0,7,44,3,2,17183.579753686587,2432.7866118517654,,,,training/controlled_typing,seed_device_468f03a2,,,,,,,,,,,,,,,,,,,,,,,,,,,,,,,,,,,,,,,,,,,,,,,,,,,,,,,,,,,,,,,,,,
training_event,training,468f03a2-d7c9-4701-abf8-bb2c692f696b,193117fc-840d-40a6-9df6-c69e4dc800c3,2026-08-11T22:52:58.211000+00:00,mouse_move,,,,,516.2613814126248,422.16291967916277,,,,,,controlled_typing,1,3,,,,16858.318553540692,,,,,training/controlled_typing,seed_device_468f03a2,,,,,,,,,,,,,,,,,,,,,,,,,,,,,,,,,,,,,,,,,,,,,,,,,,,,,,,,,,,,,,,,,,
training_event,training,468f03a2-d7c9-4701-abf8-bb2c692f696b,f40819c0-ae47-4719-9f50-81559426100a,2026-08-13T03:52:58.211000+00:00,mouse_move,,,,,1017.9574999205616,173.71573109186036,,,,,,paragraph_typing,3,3,,,,17341.131842758048,,,,,training/paragraph_typing,seed_device_468f03a2,,,,,,,,,,,,,,,,,,,,,,,,,,,,,,,,,,,,,,,,,,,,,,,,,,,,,,,,,,,,,,,,,,
training_event,training,468f03a2-d7c9-4701-abf8-bb2c692f696b,193117fc-840d-40a6-9df6-c69e4dc800c3,2026-08-15T16:52:58.211000+00:00,mouse_click,,,,,637.2672615565245,158.27799819936786,,,,,,controlled_typing,2,5,,,,18780.03465315674,,target_18,small,151.58031623665602,training/controlled_typing,seed_device_468f03a2,,,,,,,,,,,,,,,,,,,,,,,,,,,,,,,,,,,,,,,,,,,,,,,,,,,,,,,,,,,,,,,,,,
training_event,training,468f03a2-d7c9-4701-abf8-bb2c692f696b,193117fc-840d-40a6-9df6-c69e4dc800c3,2026-08-15T20:52:58.211000+00:00,mouse_click,,,,,591.3614433694183,697.2414375678421,,,,,,controlled_typing,0,2,,,,3331.7003320124227,,target_10,medium,106.18525007008805,training/controlled_typing,seed_device_468f03a2,,,,,,,,,,,,,,,,,,,,,,,,,,,,,,,,,,,,,,,,,,,,,,,,,,,,,,,,,,,,,,,,,,
training_event,training,468f03a2-d7c9-4701-abf8-bb2c692f696b,193117fc-840d-40a6-9df6-c69e4dc800c3,2026-08-16T14:52:58.211000+00:00,mouse_move,,,,,1104.2766827138653,530.3611494916436,,,,,,controlled_typing,2,0,,,,12525.086176580979,,,,,training/controlled_typing,seed_device_468f03a2,,,,,,,,,,,,,,,,,,,,,,,,,,,,,,,,,,,,,,,,,,,,,,,,,,,,,,,,,,,,,,,,,,
training_event,training,468f03a2-d7c9-4701-abf8-bb2c692f696b,d99dc7e4-25ba-4fbe-ac2e-802077944d27,2026-08-13T20:52:58.211000+00:00,mouse_move,,,,,1075.3902364758737,856.5944520057824,,,,,,repeated_typing,4,2,,,,21351.02679323876,,,,,training/repeated_typing,seed_device_468f03a2,,,,,,,,,,,,,,,,,,,,,,,,,,,,,,,,,,,,,,,,,,,,,,,,,,,,,,,,,,,,,,,,,,
training_event,training,468f03a2-d7c9-4701-abf8-bb2c692f696b,f40819c0-ae47-4719-9f50-81559426100a,2026-08-11T10:52:58.211000+00:00,mouse_scroll,,,,,1674.6379699188954,246.08118790185404,,1.1941074887621,,,,paragraph_typing,3,0,,,,13645.780151708765,,,,,training/paragraph_typing,seed_device_468f03a2,,,,,,,,,,,,,,,,,,,,,,,,,,,,,,,,,,,,,,,,,,,,,,,,,,,,,,,,,,,,,,,,,,
training_event,training,468f03a2-d7c9-4701-abf8-bb2c692f696b,f40819c0-ae47-4719-9f50-81559426100a,2026-08-13T08:52:58.211000+00:00,keydown,70,I,77.3026928102878,86.52150238599404,,,,,,,,paragraph_typing,3,9,56,2,0,1677.7926042197332,3254.3003673098924,,,,training/paragraph_typing,seed_device_468f03a2,,,,,,,,,,,,,,,,,,,,,,,,,,,,,,,,,,,,,,,,,,,,,,,,,,,,,,,,,,,,,,,,,,
training_event,training,468f03a2-d7c9-4701-abf8-bb2c692f696b,f40819c0-ae47-4719-9f50-81559426100a,2026-08-11T23:52:58.211000+00:00,mouse_move,,,,,970.6849442315015,427.36973634766014,,,,,,paragraph_typing,0,8,,,,24843.482486404813,,,,,training/paragraph_typing,seed_device_468f03a2,,,,,,,,,,,,,,,,,,,,,,,,,,,,,,,,,,,,,,,,,,,,,,,,,,,,,,,,,,,,,,,,,,
training_event,training,468f03a2-d7c9-4701-abf8-bb2c692f696b,f40819c0-ae47-4719-9f50-81559426100a,2026-08-12T23:52:58.211000+00:00,mouse_move,,,,,903.0122791503284,247.50206842552186,,,,,,paragraph_typing,3,3,,,,5211.960902010638,,,,,training/paragraph_typing,seed_device_468f03a2,,,,,,,,,,,,,,,,,,,,,,,,,,,,,,,,,,,,,,,,,,,,,,,,,,,,,,,,,,,,,,,,,,
training_event,training,468f03a2-d7c9-4701-abf8-bb2c692f696b,193117fc-840d-40a6-9df6-c69e4dc800c3,2026-08-13T05:52:58.211000+00:00,keydown,75,S,172.34368553279893,117.75804037490404,,,,,,,,controlled_typing,0,4,92,3,0,6228.844577333685,2770.9647319334213,,,,training/controlled_typing,seed_device_468f03a2,,,,,,,,,,,,,,,,,,,,,,,,,,,,,,,,,,,,,,,,,,,,,,,,,,,,,,,,,,,,,,,,,,
training_event,training,468f03a2-d7c9-4701-abf8-bb2c692f696b,193117fc-840d-40a6-9df6-c69e4dc800c3,2026-08-11T14:52:58.211000+00:00,mouse_move,,,,,911.6636443263811,589.7993213883847,,,,,,controlled_typing,2,4,,,,4850.765617492115,,,,,training/controlled_typing,seed_device_468f03a2,,,,,,,,,,,,,,,,,,,,,,,,,,,,,,,,,,,,,,,,,,,,,,,,,,,,,,,,,,,,,,,,,,
training_event,training,468f03a2-d7c9-4701-abf8-bb2c692f696b,193117fc-840d-40a6-9df6-c69e4dc800c3,2026-08-16T19:52:58.211000+00:00,mouse_scroll,,,,,118.76474860323214,434.36474117771724,,5.3189166867227655,,,,controlled_typing,3,9,,,,15221.59437839152,,,,,training/controlled_typing,seed_device_468f03a2,,,,,,,,,,,,,,,,,,,,,,,,,,,,,,,,,,,,,,,,,,,,,,,,,,,,,,,,,,,,,,,,,,
training_event,training,468f03a2-d7c9-4701-abf8-bb2c692f696b,193117fc-840d-40a6-9df6-c69e4dc800c3,2026-08-17T06:52:58.211000+00:00,mouse_scroll,,,,,102.21063494140942,718.3933051359888,,3.6691323477575324,,,,controlled_typing,2,4,,,,6868.1504731286,,,,,training/controlled_typing,seed_device_468f03a2,,,,,,,,,,,,,,,,,,,,,,,,,,,,,,,,,,,,,,,,,,,,,,,,,,,,,,,,,,,,,,,,,,
training_event,training,468f03a2-d7c9-4701-abf8-bb2c692f696b,193117fc-840d-40a6-9df6-c69e4dc800c3,2026-08-16T01:52:58.211000+00:00,keyup,70,C,171.5685467341177,54.1797631659079,,,,,,,,controlled_typing,2,8,46,0,1,19412.52100711243,3823.400852051998,,,,training/controlled_typing,seed_device_468f03a2,,,,,,,,,,,,,,,,,,,,,,,,,,,,,,,,,,,,,,,,,,,,,,,,,,,,,,,,,,,,,,,,,,
training_event,training,468f03a2-d7c9-4701-abf8-bb2c692f696b,193117fc-840d-40a6-9df6-c69e4dc800c3,2026-08-11T11:52:58.211000+00:00,mouse_click,,,,,1686.946825253502,572.8657727452568,,,,,,controlled_typing,4,1,,,,11033.362792881608,,target_8,small,255.3441821766301,training/controlled_typing,seed_device_468f03a2,,,,,,,,,,,,,,,,,,,,,,,,,,,,,,,,,,,,,,,,,,,,,,,,,,,,,,,,,,,,,,,,,,
training_event,training,468f03a2-d7c9-4701-abf8-bb2c692f696b,193117fc-840d-40a6-9df6-c69e4dc800c3,2026-08-14T05:52:58.211000+00:00,keydown,80,C,193.61743308808676,92.58760851437373,,,,,,,,controlled_typing,3,5,58,2,1,10688.058527245192,4778.3390158016355,,,,training/controlled_typing,seed_device_468f03a2,,,,,,,,,,,,,,,,,,,,,,,,,,,,,,,,,,,,,,,,,,,,,,,,,,,,,,,,,,,,,,,,,,
training_event,training,468f03a2-d7c9-4701-abf8-bb2c692f696b,193117fc-840d-40a6-9df6-c69e4dc800c3,2026-08-15T06:52:58.211000+00:00,mouse_click,,,,,1421.9472461740045,288.37557515575173,,,,,,controlled_typing,4,5,,,,10214.082300826143,,target_15,large,57.08464304212203,training/controlled_typing,seed_device_468f03a2,,,,,,,,,,,,,,,,,,,,,,,,,,,,,,,,,,,,,,,,,,,,,,,,,,,,,,,,,,,,,,,,,,
training_event,training,468f03a2-d7c9-4701-abf8-bb2c692f696b,193117fc-840d-40a6-9df6-c69e4dc800c3,2026-08-15T13:52:58.211000+00:00,mouse_scroll,,,,,1693.7353017787711,813.0272841863194,,-48.55542102286279,,,,controlled_typing,0,8,,,,2413.648577266311,,,,,training/controlled_typing,seed_device_468f03a2,,,,,,,,,,,,,,,,,,,,,,,,,,,,,,,,,,,,,,,,,,,,,,,,,,,,,,,,,,,,,,,,,,
training_event,training,468f03a2-d7c9-4701-abf8-bb2c692f696b,193117fc-840d-40a6-9df6-c69e4dc800c3,2026-08-16T17:52:58.211000+00:00,keyup,75,F,155.49590252581632,84.3054101551719,,,,,,,,controlled_typing,1,7,98,3,2,26723.22157393874,1526.225896447228,,,,training/controlled_typing,seed_device_468f03a2,,,,,,,,,,,,,,,,,,,,,,,,,,,,,,,,,,,,,,,,,,,,,,,,,,,,,,,,,,,,,,,,,,
training_event,training,468f03a2-d7c9-4701-abf8-bb2c692f696b,f40819c0-ae47-4719-9f50-81559426100a,2026-08-12T17:52:58.211000+00:00,mouse_move,,,,,1070.3324770026816,678.022667191175,,,,,,paragraph_typing,4,3,,,,16257.367986387382,,,,,training/paragraph_typing,seed_device_468f03a2,,,,,,,,,,,,,,,,,,,,,,,,,,,,,,,,,,,,,,,,,,,,,,,,,,,,,,,,,,,,,,,,,,
training_event,training,468f03a2-d7c9-4701-abf8-bb2c692f696b,f40819c0-ae47-4719-9f50-81559426100a,2026-08-16T00:52:58.211000+00:00,keydown,77,U,179.17483260698137,118.99387760725037,,,,,,,,paragraph_typing,4,1,81,3,0,6411.494563511601,2134.5293607229464,,,,training/paragraph_typing,seed_device_468f03a2,,,,,,,,,,,,,,,,,,,,,,,,,,,,,,,,,,,,,,,,,,,,,,,,,,,,,,,,,,,,,,,,,,
training_event,training,468f03a2-d7c9-4701-abf8-bb2c692f696b,f40819c0-ae47-4719-9f50-81559426100a,2026-08-12T10:52:58.211000+00:00,mouse_click,,,,,540.4119935737103,196.30497268905856,,,,,,paragraph_typing,2,0,,,,25590.965128213007,,target_16,medium,285.19095897884506,training/paragraph_typing,seed_device_468f03a2,,,,,,,,,,,,,,,,,,,,,,,,,,,,,,,,,,,,,,,,,,,,,,,,,,,,,,,,,,,,,,,,,,
training_event,training,468f03a2-d7c9-4701-abf8-bb2c692f696b,f40819c0-ae47-4719-9f50-81559426100a,2026-08-14T07:52:58.211000+00:00,keydown,66,R,116.08721735483572,135.7645171361847,,,,,,,,paragraph_typing,0,0,95,1,1,12864.220164582961,3173.806986161711,,,,training/paragraph_typing,seed_device_468f03a2,,,,,,,,,,,,,,,,,,,,,,,,,,,,,,,,,,,,,,,,,,,,,,,,,,,,,,,,,,,,,,,,,,
training_event,training,468f03a2-d7c9-4701-abf8-bb2c692f696b,193117fc-840d-40a6-9df6-c69e4dc800c3,2026-08-16T10:52:58.211000+00:00,keyup,90,V,55.78720453197035,33.076254356043194,,,,,,,,controlled_typing,3,8,82,2,2,19730.69823732097,1733.3308945841518,,,,training/controlled_typing,seed_device_468f03a2,,,,,,,,,,,,,,,,,,,,,,,,,,,,,,,,,,,,,,,,,,,,,,,,,,,,,,,,,,,,,,,,,,
training_event,training,468f03a2-d7c9-4701-abf8-bb2c692f696b,193117fc-840d-40a6-9df6-c69e4dc800c3,2026-08-13T03:52:58.211000+00:00,mouse_move,,,,,713.8735525252229,431.15381987556856,,,,,,controlled_typing,3,0,,,,25816.231324078777,,,,,training/controlled_typing,seed_device_468f03a2,,,,,,,,,,,,,,,,,,,,,,,,,,,,,,,,,,,,,,,,,,,,,,,,,,,,,,,,,,,,,,,,,,
training_event,training,468f03a2-d7c9-4701-abf8-bb2c692f696b,193117fc-840d-40a6-9df6-c69e4dc800c3,2026-08-17T01:52:58.211000+00:00,keydown,87,G,140.81142336630288,49.406624256128985,,,,,,,,controlled_typing,4,7,58,3,1,20856.97800015498,1870.2343064254467,,,,training/controlled_typing,seed_device_468f03a2,,,,,,,,,,,,,,,,,,,,,,,,,,,,,,,,,,,,,,,,,,,,,,,,,,,,,,,,,,,,,,,,,,
training_event,training,468f03a2-d7c9-4701-abf8-bb2c692f696b,193117fc-840d-40a6-9df6-c69e4dc800c3,2026-08-14T11:52:58.211000+00:00,mouse_scroll,,,,,1675.3274138699387,867.0299202512189,,4.15202128029555,,,,controlled_typing,3,0,,,,27191.275639193373,,,,,training/controlled_typing,seed_device_468f03a2,,,,,,,,,,,,,,,,,,,,,,,,,,,,,,,,,,,,,,,,,,,,,,,,,,,,,,,,,,,,,,,,,,
training_event,training,468f03a2-d7c9-4701-abf8-bb2c692f696b,193117fc-840d-40a6-9df6-c69e4dc800c3,2026-08-14T08:52:58.211000+00:00,keydown,72,L,125.48535542256003,38.339979405280125,,,,,,,,controlled_typing,0,9,37,3,1,15652.907775525346,1593.9801432283307,,,,training/controlled_typing,seed_device_468f03a2,,,,,,,,,,,,,,,,,,,,,,,,,,,,,,,,,,,,,,,,,,,,,,,,,,,,,,,,,,,,,,,,,,
training_event,training,468f03a2-d7c9-4701-abf8-bb2c692f696b,193117fc-840d-40a6-9df6-c69e4dc800c3,2026-08-13T03:52:58.211000+00:00,keydown,90,D,74.64638885715141,120.46434804612359,,,,,,,,controlled_typing,2,4,35,0,1,14991.432689814505,3689.216801274051,,,,training/controlled_typing,seed_device_468f03a2,,,,,,,,,,,,,,,,,,,,,,,,,,,,,,,,,,,,,,,,,,,,,,,,,,,,,,,,,,,,,,,,,,
training_event,training,468f03a2-d7c9-4701-abf8-bb2c692f696b,193117fc-840d-40a6-9df6-c69e4dc800c3,2026-08-16T05:52:58.211000+00:00,mouse_click,,,,,556.443191369533,312.72818957922874,,,,,,controlled_typing,0,7,,,,8381.681295352191,,target_14,large,132.05912090368798,training/controlled_typing,seed_device_468f03a2,,,,,,,,,,,,,,,,,,,,,,,,,,,,,,,,,,,,,,,,,,,,,,,,,,,,,,,,,,,,,,,,,,
training_event,training,468f03a2-d7c9-4701-abf8-bb2c692f696b,193117fc-840d-40a6-9df6-c69e4dc800c3,2026-08-14T08:52:58.211000+00:00,keydown,77,Q,161.04460853347365,44.24034460315908,,,,,,,,controlled_typing,0,6,27,0,0,28603.178588883733,219.64171151216573,,,,training/controlled_typing,seed_device_468f03a2,,,,,,,,,,,,,,,,,,,,,,,,,,,,,,,,,,,,,,,,,,,,,,,,,,,,,,,,,,,,,,,,,,
training_event,training,468f03a2-d7c9-4701-abf8-bb2c692f696b,193117fc-840d-40a6-9df6-c69e4dc800c3,2026-08-16T13:52:58.211000+00:00,keydown,82,E,166.5701837727052,52.54423617664409,,,,,,,,controlled_typing,2,2,44,3,0,3358.443512970867,4958.8797159390215,,,,training/controlled_typing,seed_device_468f03a2,,,,,,,,,,,,,,,,,,,,,,,,,,,,,,,,,,,,,,,,,,,,,,,,,,,,,,,,,,,,,,,,,,
training_event,training,468f03a2-d7c9-4701-abf8-bb2c692f696b,d99dc7e4-25ba-4fbe-ac2e-802077944d27,2026-08-16T18:52:58.211000+00:00,mouse_move,,,,,815.4660073070478,377.7779384434344,,,,,,repeated_typing,2,6,,,,19224.2288036485,,,,,training/repeated_typing,seed_device_468f03a2,,,,,,,,,,,,,,,,,,,,,,,,,,,,,,,,,,,,,,,,,,,,,,,,,,,,,,,,,,,,,,,,,,
training_event,training,468f03a2-d7c9-4701-abf8-bb2c692f696b,d99dc7e4-25ba-4fbe-ac2e-802077944d27,2026-08-15T04:52:58.211000+00:00,keydown,85,Q,136.34304355011824,64.71434462608948,,,,,,,,repeated_typing,1,2,95,3,2,12685.630601192463,1173.6831070979993,,,,training/repeated_typing,seed_device_468f03a2,,,,,,,,,,,,,,,,,,,,,,,,,,,,,,,,,,,,,,,,,,,,,,,,,,,,,,,,,,,,,,,,,,
training_event,training,468f03a2-d7c9-4701-abf8-bb2c692f696b,d99dc7e4-25ba-4fbe-ac2e-802077944d27,2026-08-12T13:52:58.211000+00:00,keydown,68,T,170.2224401929489,93.59749832388721,,,,,,,,repeated_typing,2,8,44,3,1,7347.568515911983,484.7944940715787,,,,training/repeated_typing,seed_device_468f03a2,,,,,,,,,,,,,,,,,,,,,,,,,,,,,,,,,,,,,,,,,,,,,,,,,,,,,,,,,,,,,,,,,,
training_event,training,468f03a2-d7c9-4701-abf8-bb2c692f696b,d99dc7e4-25ba-4fbe-ac2e-802077944d27,2026-08-11T10:52:58.211000+00:00,keyup,89,W,51.25959649678682,87.29118396065539,,,,,,,,repeated_typing,2,4,100,3,1,14835.032332391636,4741.590084613919,,,,training/repeated_typing,seed_device_468f03a2,,,,,,,,,,,,,,,,,,,,,,,,,,,,,,,,,,,,,,,,,,,,,,,,,,,,,,,,,,,,,,,,,,
training_event,training,468f03a2-d7c9-4701-abf8-bb2c692f696b,f40819c0-ae47-4719-9f50-81559426100a,2026-08-12T20:52:58.211000+00:00,mouse_click,,,,,1237.6764159386548,483.70069419637167,,,,,,paragraph_typing,0,6,,,,2414.2156885654135,,target_20,large,255.73779757820458,training/paragraph_typing,seed_device_468f03a2,,,,,,,,,,,,,,,,,,,,,,,,,,,,,,,,,,,,,,,,,,,,,,,,,,,,,,,,,,,,,,,,,,
training_event,training,468f03a2-d7c9-4701-abf8-bb2c692f696b,f40819c0-ae47-4719-9f50-81559426100a,2026-08-12T00:52:58.211000+00:00,keyup,75,L,148.11567187037429,121.10079317396077,,,,,,,,paragraph_typing,0,1,91,0,1,24554.34231487375,4734.486135890456,,,,training/paragraph_typing,seed_device_468f03a2,,,,,,,,,,,,,,,,,,,,,,,,,,,,,,,,,,,,,,,,,,,,,,,,,,,,,,,,,,,,,,,,,,
training_event,training,468f03a2-d7c9-4701-abf8-bb2c692f696b,f40819c0-ae47-4719-9f50-81559426100a,2026-08-13T17:52:58.211000+00:00,keydown,87,U,113.35136328137776,66.8047801640358,,,,,,,,paragraph_typing,3,0,45,2,2,22349.560887919775,3952.115738953124,,,,training/paragraph_typing,seed_device_468f03a2,,,,,,,,,,,,,,,,,,,,,,,,,,,,,,,,,,,,,,,,,,,,,,,,,,,,,,,,,,,,,,,,,,
training_event,training,468f03a2-d7c9-4701-abf8-bb2c692f696b,f40819c0-ae47-4719-9f50-81559426100a,2026-08-12T07:52:58.211000+00:00,mouse_scroll,,,,,1118.6349315032567,636.4355856039267,,49.53859428349213,,,,paragraph_typing,2,2,,,,6948.667690761739,,,,,training/paragraph_typing,seed_device_468f03a2,,,,,,,,,,,,,,,,,,,,,,,,,,,,,,,,,,,,,,,,,,,,,,,,,,,,,,,,,,,,,,,,,,
training_event,training,468f03a2-d7c9-4701-abf8-bb2c692f696b,f40819c0-ae47-4719-9f50-81559426100a,2026-08-13T17:52:58.211000+00:00,keydown,82,Q,73.81684969904519,53.130113541405954,,,,,,,,paragraph_typing,1,0,81,1,2,2676.4789099273053,1806.1017588216832,,,,training/paragraph_typing,seed_device_468f03a2,,,,,,,,,,,,,,,,,,,,,,,,,,,,,,,,,,,,,,,,,,,,,,,,,,,,,,,,,,,,,,,,,,
training_event,training,468f03a2-d7c9-4701-abf8-bb2c692f696b,f40819c0-ae47-4719-9f50-81559426100a,2026-08-14T21:52:58.211000+00:00,mouse_move,,,,,1098.269821040456,733.326116014001,,,,,,paragraph_typing,0,4,,,,6308.097500659841,,,,,training/paragraph_typing,seed_device_468f03a2,,,,,,,,,,,,,,,,,,,,,,,,,,,,,,,,,,,,,,,,,,,,,,,,,,,,,,,,,,,,,,,,,,
training_event,training,468f03a2-d7c9-4701-abf8-bb2c692f696b,193117fc-840d-40a6-9df6-c69e4dc800c3,2026-08-13T11:52:58.211000+00:00,keyup,79,U,124.18372824158185,108.7582327727412,,,,,,,,controlled_typing,3,3,82,1,1,23391.9541547275,3298.175286418986,,,,training/controlled_typing,seed_device_468f03a2,,,,,,,,,,,,,,,,,,,,,,,,,,,,,,,,,,,,,,,,,,,,,,,,,,,,,,,,,,,,,,,,,,
training_event,training,468f03a2-d7c9-4701-abf8-bb2c692f696b,193117fc-840d-40a6-9df6-c69e4dc800c3,2026-08-12T15:52:58.211000+00:00,keydown,88,R,114.69330539034038,45.25982907947489,,,,,,,,controlled_typing,0,5,91,0,2,25856.541216522714,2942.4756905272657,,,,training/controlled_typing,seed_device_468f03a2,,,,,,,,,,,,,,,,,,,,,,,,,,,,,,,,,,,,,,,,,,,,,,,,,,,,,,,,,,,,,,,,,,
training_event,training,468f03a2-d7c9-4701-abf8-bb2c692f696b,193117fc-840d-40a6-9df6-c69e4dc800c3,2026-08-16T14:52:58.211000+00:00,mouse_scroll,,,,,1404.0410665350494,783.7292482108229,,-30.93972596758554,,,,controlled_typing,2,2,,,,4726.855455670978,,,,,training/controlled_typing,seed_device_468f03a2,,,,,,,,,,,,,,,,,,,,,,,,,,,,,,,,,,,,,,,,,,,,,,,,,,,,,,,,,,,,,,,,,,
training_event,training,468f03a2-d7c9-4701-abf8-bb2c692f696b,193117fc-840d-40a6-9df6-c69e4dc800c3,2026-08-16T23:52:58.211000+00:00,mouse_click,,,,,1599.2908631881378,715.9716067159676,,,,,,controlled_typing,4,9,,,,11278.84806446103,,target_16,medium,207.6920946241599,training/controlled_typing,seed_device_468f03a2,,,,,,,,,,,,,,,,,,,,,,,,,,,,,,,,,,,,,,,,,,,,,,,,,,,,,,,,,,,,,,,,,,
training_event,training,468f03a2-d7c9-4701-abf8-bb2c692f696b,193117fc-840d-40a6-9df6-c69e4dc800c3,2026-08-14T07:52:58.211000+00:00,keydown,88,O,101.02237931821494,99.8984364438379,,,,,,,,controlled_typing,0,0,92,2,0,11177.681347040634,2059.2375790159413,,,,training/controlled_typing,seed_device_468f03a2,,,,,,,,,,,,,,,,,,,,,,,,,,,,,,,,,,,,,,,,,,,,,,,,,,,,,,,,,,,,,,,,,,
training_event,training,468f03a2-d7c9-4701-abf8-bb2c692f696b,193117fc-840d-40a6-9df6-c69e4dc800c3,2026-08-12T03:52:58.211000+00:00,mouse_click,,,,,434.84401336041054,896.6833833509389,,,,,,controlled_typing,4,7,,,,15593.512453140254,,target_11,large,144.83222126272204,training/controlled_typing,seed_device_468f03a2,,,,,,,,,,,,,,,,,,,,,,,,,,,,,,,,,,,,,,,,,,,,,,,,,,,,,,,,,,,,,,,,,,
training_event,training,468f03a2-d7c9-4701-abf8-bb2c692f696b,193117fc-840d-40a6-9df6-c69e4dc800c3,2026-08-16T06:52:58.211000+00:00,keydown,85,C,176.10014315572846,124.69265645683187,,,,,,,,controlled_typing,0,0,52,1,0,27974.073709325974,1888.0999384831698,,,,training/controlled_typing,seed_device_468f03a2,,,,,,,,,,,,,,,,,,,,,,,,,,,,,,,,,,,,,,,,,,,,,,,,,,,,,,,,,,,,,,,,,,
training_event,training,468f03a2-d7c9-4701-abf8-bb2c692f696b,193117fc-840d-40a6-9df6-c69e4dc800c3,2026-08-11T16:52:58.211000+00:00,keydown,66,T,92.26689370829673,79.18146648526738,,,,,,,,controlled_typing,2,9,57,1,0,12292.612224678951,1890.3276790680284,,,,training/controlled_typing,seed_device_468f03a2,,,,,,,,,,,,,,,,,,,,,,,,,,,,,,,,,,,,,,,,,,,,,,,,,,,,,,,,,,,,,,,,,,
training_event,training,468f03a2-d7c9-4701-abf8-bb2c692f696b,d99dc7e4-25ba-4fbe-ac2e-802077944d27,2026-08-15T07:52:58.211000+00:00,mouse_scroll,,,,,376.44047137764437,580.8455966150248,,-42.15725177704442,,,,repeated_typing,3,2,,,,24517.169892082504,,,,,training/repeated_typing,seed_device_468f03a2,,,,,,,,,,,,,,,,,,,,,,,,,,,,,,,,,,,,,,,,,,,,,,,,,,,,,,,,,,,,,,,,,,
training_event,training,468f03a2-d7c9-4701-abf8-bb2c692f696b,d99dc7e4-25ba-4fbe-ac2e-802077944d27,2026-08-14T00:52:58.211000+00:00,mouse_scroll,,,,,736.6520137601312,683.6164555787299,,17.83085829761869,,,,repeated_typing,1,8,,,,1794.0785543743582,,,,,training/repeated_typing,seed_device_468f03a2,,,,,,,,,,,,,,,,,,,,,,,,,,,,,,,,,,,,,,,,,,,,,,,,,,,,,,,,,,,,,,,,,,
training_event,training,468f03a2-d7c9-4701-abf8-bb2c692f696b,d99dc7e4-25ba-4fbe-ac2e-802077944d27,2026-08-15T01:52:58.211000+00:00,mouse_scroll,,,,,879.1476731361307,415.9320901774727,,43.28290835924619,,,,repeated_typing,2,4,,,,14862.050996286165,,,,,training/repeated_typing,seed_device_468f03a2,,,,,,,,,,,,,,,,,,,,,,,,,,,,,,,,,,,,,,,,,,,,,,,,,,,,,,,,,,,,,,,,,,
training_event,training,468f03a2-d7c9-4701-abf8-bb2c692f696b,f40819c0-ae47-4719-9f50-81559426100a,2026-08-14T00:52:58.211000+00:00,keyup,69,H,63.93050033165099,52.18896287684764,,,,,,,,paragraph_typing,4,3,31,1,2,25411.80869978629,4268.364749616074,,,,training/paragraph_typing,seed_device_468f03a2,,,,,,,,,,,,,,,,,,,,,,,,,,,,,,,,,,,,,,,,,,,,,,,,,,,,,,,,,,,,,,,,,,
training_event,training,468f03a2-d7c9-4701-abf8-bb2c692f696b,f40819c0-ae47-4719-9f50-81559426100a,2026-08-16T22:52:58.211000+00:00,keyup,70,M,90.77746012783622,48.55263155846109,,,,,,,,paragraph_typing,4,5,51,2,1,26224.871842497927,3668.7667967760135,,,,training/paragraph_typing,seed_device_468f03a2,,,,,,,,,,,,,,,,,,,,,,,,,,,,,,,,,,,,,,,,,,,,,,,,,,,,,,,,,,,,,,,,,,
training_event,training,468f03a2-d7c9-4701-abf8-bb2c692f696b,f40819c0-ae47-4719-9f50-81559426100a,2026-08-13T10:52:58.211000+00:00,mouse_scroll,,,,,219.14384554682505,875.8438137332628,,17.207670306597365,,,,paragraph_typing,2,2,,,,11707.062574273972,,,,,training/paragraph_typing,seed_device_468f03a2,,,,,,,,,,,,,,,,,,,,,,,,,,,,,,,,,,,,,,,,,,,,,,,,,,,,,,,,,,,,,,,,,,
training_event,training,468f03a2-d7c9-4701-abf8-bb2c692f696b,f40819c0-ae47-4719-9f50-81559426100a,2026-08-13T15:52:58.211000+00:00,keydown,74,S,182.5154930936965,66.60894422328774,,,,,,,,paragraph_typing,0,9,45,2,2,18128.289171756653,4710.200072726107,,,,training/paragraph_typing,seed_device_468f03a2,,,,,,,,,,,,,,,,,,,,,,,,,,,,,,,,,,,,,,,,,,,,,,,,,,,,,,,,,,,,,,,,,,
training_event,training,468f03a2-d7c9-4701-abf8-bb2c692f696b,f40819c0-ae47-4719-9f50-81559426100a,2026-08-16T00:52:58.211000+00:00,keyup,89,U,106.492443272522,97.69965704194497,,,,,,,,paragraph_typing,2,9,60,2,0,22917.55463926549,4349.070733948662,,,,training/paragraph_typing,seed_device_468f03a2,,,,,,,,,,,,,,,,,,,,,,,,,,,,,,,,,,,,,,,,,,,,,,,,,,,,,,,,,,,,,,,,,,
training_event,training,468f03a2-d7c9-4701-abf8-bb2c692f696b,193117fc-840d-40a6-9df6-c69e4dc800c3,2026-08-13T07:52:58.211000+00:00,mouse_move,,,,,871.3904013718394,191.98968554891903,,,,,,controlled_typing,2,6,,,,22087.061500003452,,,,,training/controlled_typing,seed_device_468f03a2,,,,,,,,,,,,,,,,,,,,,,,,,,,,,,,,,,,,,,,,,,,,,,,,,,,,,,,,,,,,,,,,,,
training_event,training,468f03a2-d7c9-4701-abf8-bb2c692f696b,193117fc-840d-40a6-9df6-c69e4dc800c3,2026-08-11T18:52:58.211000+00:00,mouse_click,,,,,1384.2814896494979,578.4186123359912,,,,,,controlled_typing,3,6,,,,24535.000173547676,,target_1,small,121.9125441124355,training/controlled_typing,seed_device_468f03a2,,,,,,,,,,,,,,,,,,,,,,,,,,,,,,,,,,,,,,,,,,,,,,,,,,,,,,,,,,,,,,,,,,
training_event,training,468f03a2-d7c9-4701-abf8-bb2c692f696b,193117fc-840d-40a6-9df6-c69e4dc800c3,2026-08-13T07:52:58.211000+00:00,keydown,66,U,74.75267169662122,76.3452665113875,,,,,,,,controlled_typing,3,8,65,0,0,19808.102341886934,950.0361676855163,,,,training/controlled_typing,seed_device_468f03a2,,,,,,,,,,,,,,,,,,,,,,,,,,,,,,,,,,,,,,,,,,,,,,,,,,,,,,,,,,,,,,,,,,
training_event,training,468f03a2-d7c9-4701-abf8-bb2c692f696b,193117fc-840d-40a6-9df6-c69e4dc800c3,2026-08-13T20:52:58.211000+00:00,mouse_click,,,,,363.17385427210155,367.48140405360095,,,,,,controlled_typing,4,6,,,,3855.14101890556,,target_8,large,219.03151271520636,training/controlled_typing,seed_device_468f03a2,,,,,,,,,,,,,,,,,,,,,,,,,,,,,,,,,,,,,,,,,,,,,,,,,,,,,,,,,,,,,,,,,,
training_event,training,468f03a2-d7c9-4701-abf8-bb2c692f696b,193117fc-840d-40a6-9df6-c69e4dc800c3,2026-08-11T22:52:58.211000+00:00,mouse_move,,,,,826.1408333566941,187.2135145602665,,,,,,controlled_typing,1,7,,,,26258.7077651758,,,,,training/controlled_typing,seed_device_468f03a2,,,,,,,,,,,,,,,,,,,,,,,,,,,,,,,,,,,,,,,,,,,,,,,,,,,,,,,,,,,,,,,,,,
training_event,training,468f03a2-d7c9-4701-abf8-bb2c692f696b,193117fc-840d-40a6-9df6-c69e4dc800c3,2026-08-17T05:52:58.211000+00:00,mouse_move,,,,,1487.636056357657,394.8742322198317,,,,,,controlled_typing,1,3,,,,26234.99461342571,,,,,training/controlled_typing,seed_device_468f03a2,,,,,,,,,,,,,,,,,,,,,,,,,,,,,,,,,,,,,,,,,,,,,,,,,,,,,,,,,,,,,,,,,,
training_event,training,468f03a2-d7c9-4701-abf8-bb2c692f696b,d99dc7e4-25ba-4fbe-ac2e-802077944d27,2026-08-13T05:52:58.211000+00:00,keydown,71,V,160.0051728033937,103.49676075735914,,,,,,,,repeated_typing,3,8,75,2,2,1249.4971898539245,2685.703893689016,,,,training/repeated_typing,seed_device_468f03a2,,,,,,,,,,,,,,,,,,,,,,,,,,,,,,,,,,,,,,,,,,,,,,,,,,,,,,,,,,,,,,,,,,
training_event,training,468f03a2-d7c9-4701-abf8-bb2c692f696b,d99dc7e4-25ba-4fbe-ac2e-802077944d27,2026-08-15T18:52:58.211000+00:00,keyup,89,J,113.3519928898749,67.5314668275868,,,,,,,,repeated_typing,3,5,34,1,1,20040.873073980685,4439.225031979656,,,,training/repeated_typing,seed_device_468f03a2,,,,,,,,,,,,,,,,,,,,,,,,,,,,,,,,,,,,,,,,,,,,,,,,,,,,,,,,,,,,,,,,,,
training_event,training,468f03a2-d7c9-4701-abf8-bb2c692f696b,d99dc7e4-25ba-4fbe-ac2e-802077944d27,2026-08-13T21:52:58.211000+00:00,keyup,81,L,177.94983387962714,58.642924749073856,,,,,,,,repeated_typing,3,0,58,0,0,14980.908990813221,2903.603187058154,,,,training/repeated_typing,seed_device_468f03a2,,,,,,,,,,,,,,,,,,,,,,,,,,,,,,,,,,,,,,,,,,,,,,,,,,,,,,,,,,,,,,,,,,
training_event,training,468f03a2-d7c9-4701-abf8-bb2c692f696b,d99dc7e4-25ba-4fbe-ac2e-802077944d27,2026-08-11T19:52:58.211000+00:00,keydown,74,D,166.36212044283386,132.27805844501546,,,,,,,,repeated_typing,3,9,29,1,2,24592.621202327064,3662.737046030574,,,,training/repeated_typing,seed_device_468f03a2,,,,,,,,,,,,,,,,,,,,,,,,,,,,,,,,,,,,,,,,,,,,,,,,,,,,,,,,,,,,,,,,,,
training_event,training,468f03a2-d7c9-4701-abf8-bb2c692f696b,d99dc7e4-25ba-4fbe-ac2e-802077944d27,2026-08-16T18:52:58.211000+00:00,keydown,70,G,188.4247796863797,45.792628510973074,,,,,,,,repeated_typing,0,5,71,0,1,14195.420861557242,3972.14634600489,,,,training/repeated_typing,seed_device_468f03a2,,,,,,,,,,,,,,,,,,,,,,,,,,,,,,,,,,,,,,,,,,,,,,,,,,,,,,,,,,,,,,,,,,
training_event,training,468f03a2-d7c9-4701-abf8-bb2c692f696b,f40819c0-ae47-4719-9f50-81559426100a,2026-08-11T19:52:58.211000+00:00,keydown,83,J,186.5938379578196,141.83235025835825,,,,,,,,paragraph_typing,2,2,76,3,1,6998.105718058616,358.85199201632855,,,,training/paragraph_typing,seed_device_468f03a2,,,,,,,,,,,,,,,,,,,,,,,,,,,,,,,,,,,,,,,,,,,,,,,,,,,,,,,,,,,,,,,,,,
training_event,training,468f03a2-d7c9-4701-abf8-bb2c692f696b,f40819c0-ae47-4719-9f50-81559426100a,2026-08-12T18:52:58.211000+00:00,keyup,83,H,155.829983026759,65.16230731232129,,,,,,,,paragraph_typing,2,7,23,2,1,18748.65718642238,3438.890245762465,,,,training/paragraph_typing,seed_device_468f03a2,,,,,,,,,,,,,,,,,,,,,,,,,,,,,,,,,,,,,,,,,,,,,,,,,,,,,,,,,,,,,,,,,,
training_event,training,468f03a2-d7c9-4701-abf8-bb2c692f696b,f40819c0-ae47-4719-9f50-81559426100a,2026-08-14T18:52:58.211000+00:00,mouse_scroll,,,,,1056.2463648648315,552.385712497856,,32.98146693411327,,,,paragraph_typing,4,0,,,,26090.838699780288,,,,,training/paragraph_typing,seed_device_468f03a2,,,,,,,,,,,,,,,,,,,,,,,,,,,,,,,,,,,,,,,,,,,,,,,,,,,,,,,,,,,,,,,,,,
training_event,training,468f03a2-d7c9-4701-abf8-bb2c692f696b,f40819c0-ae47-4719-9f50-81559426100a,2026-08-14T15:52:58.211000+00:00,mouse_move,,,,,1083.149113899206,736.0870586415524,,,,,,paragraph_typing,4,4,,,,11715.699790368108,,,,,training/paragraph_typing,seed_device_468f03a2,,,,,,,,,,,,,,,,,,,,,,,,,,,,,,,,,,,,,,,,,,,,,,,,,,,,,,,,,,,,,,,,,,
training_event,training,468f03a2-d7c9-4701-abf8-bb2c692f696b,f40819c0-ae47-4719-9f50-81559426100a,2026-08-12T21:52:58.211000+00:00,mouse_move,,,,,438.7954778915985,270.6707535739552,,,,,,paragraph_typing,4,2,,,,5653.878878084049,,,,,training/paragraph_typing,seed_device_468f03a2,,,,,,,,,,,,,,,,,,,,,,,,,,,,,,,,,,,,,,,,,,,,,,,,,,,,,,,,,,,,,,,,,,
training_event,training,468f03a2-d7c9-4701-abf8-bb2c692f696b,193117fc-840d-40a6-9df6-c69e4dc800c3,2026-08-13T10:52:58.211000+00:00,mouse_scroll,,,,,256.42345240344036,340.10973812346367,,-15.723617638631119,,,,controlled_typing,2,7,,,,17513.192995627516,,,,,training/controlled_typing,seed_device_468f03a2,,,,,,,,,,,,,,,,,,,,,,,,,,,,,,,,,,,,,,,,,,,,,,,,,,,,,,,,,,,,,,,,,,
training_event,training,468f03a2-d7c9-4701-abf8-bb2c692f696b,193117fc-840d-40a6-9df6-c69e4dc800c3,2026-08-12T23:52:58.211000+00:00,mouse_click,,,,,376.4226434818122,432.4276151824383,,,,,,controlled_typing,1,0,,,,27739.138006154306,,target_13,small,119.70865500668758,training/controlled_typing,seed_device_468f03a2,,,,,,,,,,,,,,,,,,,,,,,,,,,,,,,,,,,,,,,,,,,,,,,,,,,,,,,,,,,,,,,,,,
training_event,training,468f03a2-d7c9-4701-abf8-bb2c692f696b,193117fc-840d-40a6-9df6-c69e4dc800c3,2026-08-14T04:52:58.211000+00:00,mouse_scroll,,,,,725.2852926284891,450.41088439288615,,-8.271404096190594,,,,controlled_typing,0,0,,,,23574.041685044605,,,,,training/controlled_typing,seed_device_468f03a2,,,,,,,,,,,,,,,,,,,,,,,,,,,,,,,,,,,,,,,,,,,,,,,,,,,,,,,,,,,,,,,,,,
training_event,training,468f03a2-d7c9-4701-abf8-bb2c692f696b,193117fc-840d-40a6-9df6-c69e4dc800c3,2026-08-13T20:52:58.211000+00:00,mouse_scroll,,,,,1094.3948657757726,880.7646584021396,,-19.80692023609123,,,,controlled_typing,3,5,,,,14428.600904953068,,,,,training/controlled_typing,seed_device_468f03a2,,,,,,,,,,,,,,,,,,,,,,,,,,,,,,,,,,,,,,,,,,,,,,,,,,,,,,,,,,,,,,,,,,
training_event,training,468f03a2-d7c9-4701-abf8-bb2c692f696b,d99dc7e4-25ba-4fbe-ac2e-802077944d27,2026-08-15T10:52:58.211000+00:00,keydown,88,A,166.54483549692125,140.62740320802766,,,,,,,,repeated_typing,0,7,16,2,2,23397.46408783688,2543.0937085221726,,,,training/repeated_typing,seed_device_468f03a2,,,,,,,,,,,,,,,,,,,,,,,,,,,,,,,,,,,,,,,,,,,,,,,,,,,,,,,,,,,,,,,,,,
training_event,training,468f03a2-d7c9-4701-abf8-bb2c692f696b,f40819c0-ae47-4719-9f50-81559426100a,2026-08-12T12:52:58.211000+00:00,mouse_click,,,,,532.1541326899991,889.574766790593,,,,,,paragraph_typing,2,8,,,,6256.406165946053,,target_10,large,175.38861084724218,training/paragraph_typing,seed_device_468f03a2,,,,,,,,,,,,,,,,,,,,,,,,,,,,,,,,,,,,,,,,,,,,,,,,,,,,,,,,,,,,,,,,,,
training_event,training,468f03a2-d7c9-4701-abf8-bb2c692f696b,f40819c0-ae47-4719-9f50-81559426100a,2026-08-17T08:52:58.211000+00:00,keydown,68,Y,106.91720791009607,146.43069072676462,,,,,,,,paragraph_typing,3,3,28,1,2,6827.6735999872235,611.6825927278663,,,,training/paragraph_typing,seed_device_468f03a2,,,,,,,,,,,,,,,,,,,,,,,,,,,,,,,,,,,,,,,,,,,,,,,,,,,,,,,,,,,,,,,,,,
training_event,training,468f03a2-d7c9-4701-abf8-bb2c692f696b,f40819c0-ae47-4719-9f50-81559426100a,2026-08-11T13:52:58.211000+00:00,keydown,77,G,135.44133493623957,104.45161542827472,,,,,,,,paragraph_typing,1,9,96,3,1,14061.80874619858,3992.624478152777,,,,training/paragraph_typing,seed_device_468f03a2,,,,,,,,,,,,,,,,,,,,,,,,,,,,,,,,,,,,,,,,,,,,,,,,,,,,,,,,,,,,,,,,,,
training_event,training,468f03a2-d7c9-4701-abf8-bb2c692f696b,f40819c0-ae47-4719-9f50-81559426100a,2026-08-16T20:52:58.211000+00:00,mouse_scroll,,,,,573.9919223106504,818.8516452637517,,-14.396498275789341,,,,paragraph_typing,0,3,,,,26960.978685540897,,,,,training/paragraph_typing,seed_device_468f03a2,,,,,,,,,,,,,,,,,,,,,,,,,,,,,,,,,,,,,,,,,,,,,,,,,,,,,,,,,,,,,,,,,,
training_event,training,468f03a2-d7c9-4701-abf8-bb2c692f696b,f40819c0-ae47-4719-9f50-81559426100a,2026-08-11T19:52:58.211000+00:00,mouse_click,,,,,573.360976902502,437.5509253628385,,,,,,paragraph_typing,4,1,,,,8242.784311022822,,target_3,medium,173.85912599237503,training/paragraph_typing,seed_device_468f03a2,,,,,,,,,,,,,,,,,,,,,,,,,,,,,,,,,,,,,,,,,,,,,,,,,,,,,,,,,,,,,,,,,,
training_event,training,468f03a2-d7c9-4701-abf8-bb2c692f696b,f40819c0-ae47-4719-9f50-81559426100a,2026-08-15T20:52:58.211000+00:00,mouse_click,,,,,565.1425911444836,294.9815961706428,,,,,,paragraph_typing,1,2,,,,3685.7972955345117,,target_20,large,87.13171359494233,training/paragraph_typing,seed_device_468f03a2,,,,,,,,,,,,,,,,,,,,,,,,,,,,,,,,,,,,,,,,,,,,,,,,,,,,,,,,,,,,,,,,,,
training_event,training,468f03a2-d7c9-4701-abf8-bb2c692f696b,193117fc-840d-40a6-9df6-c69e4dc800c3,2026-08-15T06:52:58.211000+00:00,keyup,75,X,127.67731874742572,61.28491939111295,,,,,,,,controlled_typing,2,5,22,2,0,27575.95696610453,815.4655846374626,,,,training/controlled_typing,seed_device_468f03a2,,,,,,,,,,,,,,,,,,,,,,,,,,,,,,,,,,,,,,,,,,,,,,,,,,,,,,,,,,,,,,,,,,
training_event,training,468f03a2-d7c9-4701-abf8-bb2c692f696b,193117fc-840d-40a6-9df6-c69e4dc800c3,2026-08-16T11:52:58.211000+00:00,keydown,68,I,184.3608971232728,84.79676273015235,,,,,,,,controlled_typing,2,5,77,0,1,15173.354218197974,2928.880849479326,,,,training/controlled_typing,seed_device_468f03a2,,,,,,,,,,,,,,,,,,,,,,,,,,,,,,,,,,,,,,,,,,,,,,,,,,,,,,,,,,,,,,,,,,
training_event,training,468f03a2-d7c9-4701-abf8-bb2c692f696b,193117fc-840d-40a6-9df6-c69e4dc800c3,2026-08-15T16:52:58.211000+00:00,mouse_move,,,,,495.3892635196141,651.4628783429685,,,,,,controlled_typing,4,4,,,,26905.605324301858,,,,,training/controlled_typing,seed_device_468f03a2,,,,,,,,,,,,,,,,,,,,,,,,,,,,,,,,,,,,,,,,,,,,,,,,,,,,,,,,,,,,,,,,,,
training_event,training,468f03a2-d7c9-4701-abf8-bb2c692f696b,193117fc-840d-40a6-9df6-c69e4dc800c3,2026-08-14T04:52:58.211000+00:00,keydown,80,G,154.79892810682733,126.00517485371259,,,,,,,,controlled_typing,0,2,70,3,0,15840.567857250024,2587.2795619890358,,,,training/controlled_typing,seed_device_468f03a2,,,,,,,,,,,,,,,,,,,,,,,,,,,,,,,,,,,,,,,,,,,,,,,,,,,,,,,,,,,,,,,,,,
training_event,training,468f03a2-d7c9-4701-abf8-bb2c692f696b,193117fc-840d-40a6-9df6-c69e4dc800c3,2026-08-16T01:52:58.211000+00:00,mouse_scroll,,,,,858.6562213131696,559.8186410696435,,-37.570467987054215,,,,controlled_typing,2,7,,,,14881.260666312557,,,,,training/controlled_typing,seed_device_468f03a2,,,,,,,,,,,,,,,,,,,,,,,,,,,,,,,,,,,,,,,,,,,,,,,,,,,,,,,,,,,,,,,,,,
training_event,training,468f03a2-d7c9-4701-abf8-bb2c692f696b,193117fc-840d-40a6-9df6-c69e4dc800c3,2026-08-16T00:52:58.211000+00:00,mouse_scroll,,,,,184.91161522669526,212.46602847963567,,30.241784479036824,,,,controlled_typing,1,0,,,,8345.314389140076,,,,,training/controlled_typing,seed_device_468f03a2,,,,,,,,,,,,,,,,,,,,,,,,,,,,,,,,,,,,,,,,,,,,,,,,,,,,,,,,,,,,,,,,,,
training_event,training,468f03a2-d7c9-4701-abf8-bb2c692f696b,193117fc-840d-40a6-9df6-c69e4dc800c3,2026-08-13T11:52:58.211000+00:00,mouse_move,,,,,588.0890932940385,503.83420782483415,,,,,,controlled_typing,2,9,,,,16062.220797239203,,,,,training/controlled_typing,seed_device_468f03a2,,,,,,,,,,,,,,,,,,,,,,,,,,,,,,,,,,,,,,,,,,,,,,,,,,,,,,,,,,,,,,,,,,
training_event,training,468f03a2-d7c9-4701-abf8-bb2c692f696b,d99dc7e4-25ba-4fbe-ac2e-802077944d27,2026-08-13T19:52:58.211000+00:00,mouse_move,,,,,949.4212597144798,400.8757118794124,,,,,,repeated_typing,0,0,,,,24568.10139425485,,,,,training/repeated_typing,seed_device_468f03a2,,,,,,,,,,,,,,,,,,,,,,,,,,,,,,,,,,,,,,,,,,,,,,,,,,,,,,,,,,,,,,,,,,
training_event,training,468f03a2-d7c9-4701-abf8-bb2c692f696b,f40819c0-ae47-4719-9f50-81559426100a,2026-08-13T22:52:58.211000+00:00,mouse_move,,,,,1360.5651501274801,364.13622758773687,,,,,,paragraph_typing,2,1,,,,3604.3851690262177,,,,,training/paragraph_typing,seed_device_468f03a2,,,,,,,,,,,,,,,,,,,,,,,,,,,,,,,,,,,,,,,,,,,,,,,,,,,,,,,,,,,,,,,,,,
training_event,training,468f03a2-d7c9-4701-abf8-bb2c692f696b,f40819c0-ae47-4719-9f50-81559426100a,2026-08-15T02:52:58.211000+00:00,keydown,70,A,89.92112781682454,114.86504246440495,,,,,,,,paragraph_typing,2,3,87,1,2,12504.65903921152,3912.995639636194,,,,training/paragraph_typing,seed_device_468f03a2,,,,,,,,,,,,,,,,,,,,,,,,,,,,,,,,,,,,,,,,,,,,,,,,,,,,,,,,,,,,,,,,,,
training_event,training,468f03a2-d7c9-4701-abf8-bb2c692f696b,f40819c0-ae47-4719-9f50-81559426100a,2026-08-13T11:52:58.211000+00:00,mouse_move,,,,,757.4754288977257,847.9838878556436,,,,,,paragraph_typing,1,6,,,,11299.508313740136,,,,,training/paragraph_typing,seed_device_468f03a2,,,,,,,,,,,,,,,,,,,,,,,,,,,,,,,,,,,,,,,,,,,,,,,,,,,,,,,,,,,,,,,,,,
training_event,training,468f03a2-d7c9-4701-abf8-bb2c692f696b,193117fc-840d-40a6-9df6-c69e4dc800c3,2026-08-13T07:52:58.211000+00:00,mouse_click,,,,,731.2931253693093,730.7291086794496,,,,,,controlled_typing,2,9,,,,7718.849738971682,,target_20,medium,80.45986142681606,training/controlled_typing,seed_device_468f03a2,,,,,,,,,,,,,,,,,,,,,,,,,,,,,,,,,,,,,,,,,,,,,,,,,,,,,,,,,,,,,,,,,,
training_event,training,468f03a2-d7c9-4701-abf8-bb2c692f696b,193117fc-840d-40a6-9df6-c69e4dc800c3,2026-08-12T07:52:58.211000+00:00,mouse_click,,,,,1458.998888595861,500.6344908374171,,,,,,controlled_typing,4,9,,,,2049.2279982653117,,target_7,medium,222.45914401193392,training/controlled_typing,seed_device_468f03a2,,,,,,,,,,,,,,,,,,,,,,,,,,,,,,,,,,,,,,,,,,,,,,,,,,,,,,,,,,,,,,,,,,
training_event,training,468f03a2-d7c9-4701-abf8-bb2c692f696b,193117fc-840d-40a6-9df6-c69e4dc800c3,2026-08-13T21:52:58.211000+00:00,keyup,66,S,114.30234022348654,93.28007825931425,,,,,,,,controlled_typing,0,8,62,3,1,24583.36794695676,3354.327525840184,,,,training/controlled_typing,seed_device_468f03a2,,,,,,,,,,,,,,,,,,,,,,,,,,,,,,,,,,,,,,,,,,,,,,,,,,,,,,,,,,,,,,,,,,
training_event,training,468f03a2-d7c9-4701-abf8-bb2c692f696b,193117fc-840d-40a6-9df6-c69e4dc800c3,2026-08-14T08:52:58.211000+00:00,mouse_click,,,,,848.3101998782444,166.55898336125261,,,,,,controlled_typing,2,9,,,,20958.528024025603,,target_7,small,67.68554403173553,training/controlled_typing,seed_device_468f03a2,,,,,,,,,,,,,,,,,,,,,,,,,,,,,,,,,,,,,,,,,,,,,,,,,,,,,,,,,,,,,,,,,,
training_event,training,468f03a2-d7c9-4701-abf8-bb2c692f696b,193117fc-840d-40a6-9df6-c69e4dc800c3,2026-08-14T16:52:58.211000+00:00,keydown,67,G,70.32117075723914,122.07382158034183,,,,,,,,controlled_typing,2,2,13,1,0,25884.361947451485,3817.658512767441,,,,training/controlled_typing,seed_device_468f03a2,,,,,,,,,,,,,,,,,,,,,,,,,,,,,,,,,,,,,,,,,,,,,,,,,,,,,,,,,,,,,,,,,,
training_event,training,468f03a2-d7c9-4701-abf8-bb2c692f696b,193117fc-840d-40a6-9df6-c69e4dc800c3,2026-08-17T07:52:58.211000+00:00,mouse_move,,,,,1391.088628940332,850.5583400428254,,,,,,controlled_typing,1,2,,,,5498.514261246697,,,,,training/controlled_typing,seed_device_468f03a2,,,,,,,,,,,,,,,,,,,,,,,,,,,,,,,,,,,,,,,,,,,,,,,,,,,,,,,,,,,,,,,,,,
training_event,training,468f03a2-d7c9-4701-abf8-bb2c692f696b,d99dc7e4-25ba-4fbe-ac2e-802077944d27,2026-08-12T07:52:58.211000+00:00,keydown,87,J,147.95230249032124,135.1525361743196,,,,,,,,repeated_typing,1,0,81,0,0,4593.855781208367,3653.058465509357,,,,training/repeated_typing,seed_device_468f03a2,,,,,,,,,,,,,,,,,,,,,,,,,,,,,,,,,,,,,,,,,,,,,,,,,,,,,,,,,,,,,,,,,,
training_event,training,468f03a2-d7c9-4701-abf8-bb2c692f696b,d99dc7e4-25ba-4fbe-ac2e-802077944d27,2026-08-15T09:52:58.211000+00:00,mouse_click,,,,,1345.70283075341,522.1174851257501,,,,,,repeated_typing,1,0,,,,8454.895153314828,,target_3,small,230.23533087420478,training/repeated_typing,seed_device_468f03a2,,,,,,,,,,,,,,,,,,,,,,,,,,,,,,,,,,,,,,,,,,,,,,,,,,,,,,,,,,,,,,,,,,
training_event,training,468f03a2-d7c9-4701-abf8-bb2c692f696b,d99dc7e4-25ba-4fbe-ac2e-802077944d27,2026-08-14T17:52:58.211000+00:00,mouse_click,,,,,867.8550443586648,282.50870148807644,,,,,,repeated_typing,4,5,,,,15931.570230200943,,target_8,small,212.38473838592287,training/repeated_typing,seed_device_468f03a2,,,,,,,,,,,,,,,,,,,,,,,,,,,,,,,,,,,,,,,,,,,,,,,,,,,,,,,,,,,,,,,,,,
training_event,training,468f03a2-d7c9-4701-abf8-bb2c692f696b,d99dc7e4-25ba-4fbe-ac2e-802077944d27,2026-08-13T15:52:58.211000+00:00,keydown,84,R,113.98978388357467,133.46553438771565,,,,,,,,repeated_typing,2,7,46,3,2,13923.57431971769,4175.474595520366,,,,training/repeated_typing,seed_device_468f03a2,,,,,,,,,,,,,,,,,,,,,,,,,,,,,,,,,,,,,,,,,,,,,,,,,,,,,,,,,,,,,,,,,,
training_event,training,468f03a2-d7c9-4701-abf8-bb2c692f696b,d99dc7e4-25ba-4fbe-ac2e-802077944d27,2026-08-13T20:52:58.211000+00:00,mouse_click,,,,,1767.7214631433767,660.3505610376194,,,,,,repeated_typing,1,0,,,,15972.844625748083,,target_12,large,152.53513854571872,training/repeated_typing,seed_device_468f03a2,,,,,,,,,,,,,,,,,,,,,,,,,,,,,,,,,,,,,,,,,,,,,,,,,,,,,,,,,,,,,,,,,,
training_event,training,468f03a2-d7c9-4701-abf8-bb2c692f696b,f40819c0-ae47-4719-9f50-81559426100a,2026-08-15T23:52:58.211000+00:00,mouse_scroll,,,,,705.6252910211512,576.3520536518563,,-40.47477544588447,,,,paragraph_typing,1,8,,,,19292.484401085978,,,,,training/paragraph_typing,seed_device_468f03a2,,,,,,,,,,,,,,,,,,,,,,,,,,,,,,,,,,,,,,,,,,,,,,,,,,,,,,,,,,,,,,,,,,
training_event,training,468f03a2-d7c9-4701-abf8-bb2c692f696b,f40819c0-ae47-4719-9f50-81559426100a,2026-08-12T01:52:58.211000+00:00,mouse_scroll,,,,,1099.4278412846847,156.8345198858206,,23.632184211106193,,,,paragraph_typing,1,4,,,,5320.2576165702485,,,,,training/paragraph_typing,seed_device_468f03a2,,,,,,,,,,,,,,,,,,,,,,,,,,,,,,,,,,,,,,,,,,,,,,,,,,,,,,,,,,,,,,,,,,
training_event,training,468f03a2-d7c9-4701-abf8-bb2c692f696b,f40819c0-ae47-4719-9f50-81559426100a,2026-08-12T04:52:58.211000+00:00,mouse_scroll,,,,,1431.7705316212594,800.2332456048405,,-1.5920265842125687,,,,paragraph_typing,2,5,,,,25952.76887250776,,,,,training/paragraph_typing,seed_device_468f03a2,,,,,,,,,,,,,,,,,,,,,,,,,,,,,,,,,,,,,,,,,,,,,,,,,,,,,,,,,,,,,,,,,,
training_event,training,468f03a2-d7c9-4701-abf8-bb2c692f696b,f40819c0-ae47-4719-9f50-81559426100a,2026-08-17T01:52:58.211000+00:00,keydown,89,S,66.43062376154434,51.5770968652871,,,,,,,,paragraph_typing,2,2,14,0,2,11239.853137293012,516.9749945873947,,,,training/paragraph_typing,seed_device_468f03a2,,,,,,,,,,,,,,,,,,,,,,,,,,,,,,,,,,,,,,,,,,,,,,,,,,,,,,,,,,,,,,,,,,
training_event,training,468f03a2-d7c9-4701-abf8-bb2c692f696b,f40819c0-ae47-4719-9f50-81559426100a,2026-08-15T14:52:58.211000+00:00,keyup,89,Q,95.07102240506684,102.79460254714598,,,,,,,,paragraph_typing,0,6,87,0,2,17771.183221110176,3509.3267981712006,,,,training/paragraph_typing,seed_device_468f03a2,,,,,,,,,,,,,,,,,,,,,,,,,,,,,,,,,,,,,,,,,,,,,,,,,,,,,,,,,,,,,,,,,,
training_event,training,468f03a2-d7c9-4701-abf8-bb2c692f696b,f40819c0-ae47-4719-9f50-81559426100a,2026-08-13T21:52:58.211000+00:00,mouse_move,,,,,656.3048879295495,737.4325619176346,,,,,,paragraph_typing,4,8,,,,2241.3504192933565,,,,,training/paragraph_typing,seed_device_468f03a2,,,,,,,,,,,,,,,,,,,,,,,,,,,,,,,,,,,,,,,,,,,,,,,,,,,,,,,,,,,,,,,,,,
training_event,training,468f03a2-d7c9-4701-abf8-bb2c692f696b,f40819c0-ae47-4719-9f50-81559426100a,2026-08-11T14:52:58.211000+00:00,keyup,73,L,104.68256137893331,96.9752128291164,,,,,,,,paragraph_typing,1,0,80,2,2,17137.61957160146,2004.2383827431138,,,,training/paragraph_typing,seed_device_468f03a2,,,,,,,,,,,,,,,,,,,,,,,,,,,,,,,,,,,,,,,,,,,,,,,,,,,,,,,,,,,,,,,,,,
training_event,training,468f03a2-d7c9-4701-abf8-bb2c692f696b,f40819c0-ae47-4719-9f50-81559426100a,2026-08-12T15:52:58.211000+00:00,mouse_move,,,,,1452.0342910873712,315.007637160307,,,,,,paragraph_typing,3,8,,,,24911.662673124254,,,,,training/paragraph_typing,seed_device_468f03a2,,,,,,,,,,,,,,,,,,,,,,,,,,,,,,,,,,,,,,,,,,,,,,,,,,,,,,,,,,,,,,,,,,
training_event,training,468f03a2-d7c9-4701-abf8-bb2c692f696b,193117fc-840d-40a6-9df6-c69e4dc800c3,2026-08-15T12:52:58.211000+00:00,keydown,75,N,161.5624422143395,113.62340447306201,,,,,,,,controlled_typing,3,7,47,2,2,27883.15606721715,2667.7021091093984,,,,training/controlled_typing,seed_device_468f03a2,,,,,,,,,,,,,,,,,,,,,,,,,,,,,,,,,,,,,,,,,,,,,,,,,,,,,,,,,,,,,,,,,,
training_event,training,468f03a2-d7c9-4701-abf8-bb2c692f696b,193117fc-840d-40a6-9df6-c69e4dc800c3,2026-08-14T01:52:58.211000+00:00,keyup,75,U,189.2809227806915,73.74413413887018,,,,,,,,controlled_typing,0,4,22,1,0,12461.184184384145,3943.5441787177288,,,,training/controlled_typing,seed_device_468f03a2,,,,,,,,,,,,,,,,,,,,,,,,,,,,,,,,,,,,,,,,,,,,,,,,,,,,,,,,,,,,,,,,,,
training_event,training,468f03a2-d7c9-4701-abf8-bb2c692f696b,193117fc-840d-40a6-9df6-c69e4dc800c3,2026-08-13T03:52:58.211000+00:00,keyup,78,M,93.32358994663412,49.67900727918577,,,,,,,,controlled_typing,2,2,96,1,0,20880.400456098516,3569.0195219525876,,,,training/controlled_typing,seed_device_468f03a2,,,,,,,,,,,,,,,,,,,,,,,,,,,,,,,,,,,,,,,,,,,,,,,,,,,,,,,,,,,,,,,,,,
training_event,training,468f03a2-d7c9-4701-abf8-bb2c692f696b,193117fc-840d-40a6-9df6-c69e4dc800c3,2026-08-13T03:52:58.211000+00:00,keyup,65,K,176.98894291814224,126.98366061125722,,,,,,,,controlled_typing,0,2,61,0,0,23324.511625845997,4764.566306106397,,,,training/controlled_typing,seed_device_468f03a2,,,,,,,,,,,,,,,,,,,,,,,,,,,,,,,,,,,,,,,,,,,,,,,,,,,,,,,,,,,,,,,,,,
training_event,training,468f03a2-d7c9-4701-abf8-bb2c692f696b,193117fc-840d-40a6-9df6-c69e4dc800c3,2026-08-14T09:52:58.211000+00:00,mouse_scroll,,,,,392.83393158960985,501.3523143323354,,-35.3902767753907,,,,controlled_typing,3,8,,,,9874.324118531047,,,,,training/controlled_typing,seed_device_468f03a2,,,,,,,,,,,,,,,,,,,,,,,,,,,,,,,,,,,,,,,,,,,,,,,,,,,,,,,,,,,,,,,,,,
training_event,training,468f03a2-d7c9-4701-abf8-bb2c692f696b,193117fc-840d-40a6-9df6-c69e4dc800c3,2026-08-15T01:52:58.211000+00:00,keydown,72,Y,191.77346419984778,138.12815490440948,,,,,,,,controlled_typing,3,0,91,3,2,21012.67213462855,129.6584660390726,,,,training/controlled_typing,seed_device_468f03a2,,,,,,,,,,,,,,,,,,,,,,,,,,,,,,,,,,,,,,,,,,,,,,,,,,,,,,,,,,,,,,,,,,
training_event,training,468f03a2-d7c9-4701-abf8-bb2c692f696b,193117fc-840d-40a6-9df6-c69e4dc800c3,2026-08-13T12:52:58.211000+00:00,mouse_scroll,,,,,1322.3925863803577,122.44603368303908,,-11.298358497192659,,,,controlled_typing,4,3,,,,24817.99256425177,,,,,training/controlled_typing,seed_device_468f03a2,,,,,,,,,,,,,,,,,,,,,,,,,,,,,,,,,,,,,,,,,,,,,,,,,,,,,,,,,,,,,,,,,,
training_event,training,468f03a2-d7c9-4701-abf8-bb2c692f696b,193117fc-840d-40a6-9df6-c69e4dc800c3,2026-08-14T22:52:58.211000+00:00,keyup,75,X,96.16609872946337,147.49201766889396,,,,,,,,controlled_typing,2,4,74,2,0,8307.001825079496,4940.953967315261,,,,training/controlled_typing,seed_device_468f03a2,,,,,,,,,,,,,,,,,,,,,,,,,,,,,,,,,,,,,,,,,,,,,,,,,,,,,,,,,,,,,,,,,,
training_event,training,468f03a2-d7c9-4701-abf8-bb2c692f696b,193117fc-840d-40a6-9df6-c69e4dc800c3,2026-08-16T09:52:58.211000+00:00,mouse_move,,,,,212.83205129126495,642.1539603838723,,,,,,controlled_typing,4,4,,,,20767.347805589787,,,,,training/controlled_typing,seed_device_468f03a2,,,,,,,,,,,,,,,,,,,,,,,,,,,,,,,,,,,,,,,,,,,,,,,,,,,,,,,,,,,,,,,,,,
training_event,training,468f03a2-d7c9-4701-abf8-bb2c692f696b,193117fc-840d-40a6-9df6-c69e4dc800c3,2026-08-15T20:52:58.211000+00:00,keyup,72,H,68.44002123761042,135.00494752049897,,,,,,,,controlled_typing,0,9,24,0,2,26709.686385045406,1485.7214273845448,,,,training/controlled_typing,seed_device_468f03a2,,,,,,,,,,,,,,,,,,,,,,,,,,,,,,,,,,,,,,,,,,,,,,,,,,,,,,,,,,,,,,,,,,
training_event,training,468f03a2-d7c9-4701-abf8-bb2c692f696b,d99dc7e4-25ba-4fbe-ac2e-802077944d27,2026-08-17T04:52:58.211000+00:00,keydown,78,Z,80.04292048829618,112.68290820287798,,,,,,,,repeated_typing,0,2,62,0,0,6325.006222473515,2993.6715618994026,,,,training/repeated_typing,seed_device_468f03a2,,,,,,,,,,,,,,,,,,,,,,,,,,,,,,,,,,,,,,,,,,,,,,,,,,,,,,,,,,,,,,,,,,
training_event,training,468f03a2-d7c9-4701-abf8-bb2c692f696b,f40819c0-ae47-4719-9f50-81559426100a,2026-08-12T12:52:58.211000+00:00,mouse_click,,,,,543.9089002480583,651.9604353689462,,,,,,paragraph_typing,3,5,,,,23457.625567119903,,target_5,medium,155.009955641602,training/paragraph_typing,seed_device_468f03a2,,,,,,,,,,,,,,,,,,,,,,,,,,,,,,,,,,,,,,,,,,,,,,,,,,,,,,,,,,,,,,,,,,
training_event,training,468f03a2-d7c9-4701-abf8-bb2c692f696b,193117fc-840d-40a6-9df6-c69e4dc800c3,2026-08-12T02:52:58.211000+00:00,keydown,82,G,130.81357539934777,54.41326647641418,,,,,,,,controlled_typing,4,2,47,1,0,19743.66177352632,1789.8611690004234,,,,training/controlled_typing,seed_device_468f03a2,,,,,,,,,,,,,,,,,,,,,,,,,,,,,,,,,,,,,,,,,,,,,,,,,,,,,,,,,,,,,,,,,,
training_event,training,468f03a2-d7c9-4701-abf8-bb2c692f696b,193117fc-840d-40a6-9df6-c69e4dc800c3,2026-08-17T00:52:58.211000+00:00,mouse_move,,,,,745.8382571151304,117.95140481043038,,,,,,controlled_typing,2,6,,,,21651.437034439274,,,,,training/controlled_typing,seed_device_468f03a2,,,,,,,,,,,,,,,,,,,,,,,,,,,,,,,,,,,,,,,,,,,,,,,,,,,,,,,,,,,,,,,,,,
training_event,training,468f03a2-d7c9-4701-abf8-bb2c692f696b,193117fc-840d-40a6-9df6-c69e4dc800c3,2026-08-17T02:52:58.211000+00:00,keydown,76,P,100.06954962416451,138.4432909719972,,,,,,,,controlled_typing,3,8,51,2,2,19794.7414399033,2400.731904909462,,,,training/controlled_typing,seed_device_468f03a2,,,,,,,,,,,,,,,,,,,,,,,,,,,,,,,,,,,,,,,,,,,,,,,,,,,,,,,,,,,,,,,,,,
training_event,training,468f03a2-d7c9-4701-abf8-bb2c692f696b,193117fc-840d-40a6-9df6-c69e4dc800c3,2026-08-12T04:52:58.211000+00:00,keydown,89,Y,91.89504625302732,60.53812988491316,,,,,,,,controlled_typing,1,4,71,0,2,10891.071531704767,2404.464811039428,,,,training/controlled_typing,seed_device_468f03a2,,,,,,,,,,,,,,,,,,,,,,,,,,,,,,,,,,,,,,,,,,,,,,,,,,,,,,,,,,,,,,,,,,
training_event,training,468f03a2-d7c9-4701-abf8-bb2c692f696b,d99dc7e4-25ba-4fbe-ac2e-802077944d27,2026-08-16T18:52:58.211000+00:00,mouse_click,,,,,841.3597342533639,557.8086963525477,,,,,,repeated_typing,2,3,,,,20817.92437423702,,target_2,large,287.777568607773,training/repeated_typing,seed_device_468f03a2,,,,,,,,,,,,,,,,,,,,,,,,,,,,,,,,,,,,,,,,,,,,,,,,,,,,,,,,,,,,,,,,,,
training_event,training,468f03a2-d7c9-4701-abf8-bb2c692f696b,d99dc7e4-25ba-4fbe-ac2e-802077944d27,2026-08-14T20:52:58.211000+00:00,keyup,80,F,192.0320156339079,148.77842632869505,,,,,,,,repeated_typing,2,4,10,3,1,16611.796450760852,3384.625111612586,,,,training/repeated_typing,seed_device_468f03a2,,,,,,,,,,,,,,,,,,,,,,,,,,,,,,,,,,,,,,,,,,,,,,,,,,,,,,,,,,,,,,,,,,
training_event,training,468f03a2-d7c9-4701-abf8-bb2c692f696b,d99dc7e4-25ba-4fbe-ac2e-802077944d27,2026-08-11T20:52:58.211000+00:00,mouse_click,,,,,465.75143860034484,848.0931323083188,,,,,,repeated_typing,2,6,,,,16295.242446732453,,target_9,medium,280.1373841124257,training/repeated_typing,seed_device_468f03a2,,,,,,,,,,,,,,,,,,,,,,,,,,,,,,,,,,,,,,,,,,,,,,,,,,,,,,,,,,,,,,,,,,
training_event,training,468f03a2-d7c9-4701-abf8-bb2c692f696b,d99dc7e4-25ba-4fbe-ac2e-802077944d27,2026-08-12T09:52:58.211000+00:00,keydown,89,Y,112.77157548722843,91.15208072269488,,,,,,,,repeated_typing,1,9,27,0,1,10103.073929692404,3677.005866501755,,,,training/repeated_typing,seed_device_468f03a2,,,,,,,,,,,,,,,,,,,,,,,,,,,,,,,,,,,,,,,,,,,,,,,,,,,,,,,,,,,,,,,,,,
training_event,training,468f03a2-d7c9-4701-abf8-bb2c692f696b,d99dc7e4-25ba-4fbe-ac2e-802077944d27,2026-08-15T23:52:58.211000+00:00,mouse_scroll,,,,,1024.7289960289722,355.1727395475874,,47.27459843049168,,,,repeated_typing,3,5,,,,18193.095922692235,,,,,training/repeated_typing,seed_device_468f03a2,,,,,,,,,,,,,,,,,,,,,,,,,,,,,,,,,,,,,,,,,,,,,,,,,,,,,,,,,,,,,,,,,,
training_event,training,468f03a2-d7c9-4701-abf8-bb2c692f696b,f40819c0-ae47-4719-9f50-81559426100a,2026-08-13T05:52:58.211000+00:00,mouse_scroll,,,,,1393.808469952939,579.3494045170672,,19.763470249100152,,,,paragraph_typing,2,4,,,,14179.774503026869,,,,,training/paragraph_typing,seed_device_468f03a2,,,,,,,,,,,,,,,,,,,,,,,,,,,,,,,,,,,,,,,,,,,,,,,,,,,,,,,,,,,,,,,,,,
training_event,training,468f03a2-d7c9-4701-abf8-bb2c692f696b,f40819c0-ae47-4719-9f50-81559426100a,2026-08-16T13:52:58.211000+00:00,keyup,72,K,100.93750466444658,40.383395167179856,,,,,,,,paragraph_typing,4,7,63,0,1,26651.35555907402,134.33339999666893,,,,training/paragraph_typing,seed_device_468f03a2,,,,,,,,,,,,,,,,,,,,,,,,,,,,,,,,,,,,,,,,,,,,,,,,,,,,,,,,,,,,,,,,,,
training_event,training,468f03a2-d7c9-4701-abf8-bb2c692f696b,f40819c0-ae47-4719-9f50-81559426100a,2026-08-16T17:52:58.211000+00:00,mouse_move,,,,,957.1873351449437,252.92376744155104,,,,,,paragraph_typing,3,6,,,,4642.036183466166,,,,,training/paragraph_typing,seed_device_468f03a2,,,,,,,,,,,,,,,,,,,,,,,,,,,,,,,,,,,,,,,,,,,,,,,,,,,,,,,,,,,,,,,,,,
training_event,training,468f03a2-d7c9-4701-abf8-bb2c692f696b,193117fc-840d-40a6-9df6-c69e4dc800c3,2026-08-13T09:52:58.211000+00:00,mouse_move,,,,,234.12824894766865,649.2639046124543,,,,,,controlled_typing,1,4,,,,11467.079557218318,,,,,training/controlled_typing,seed_device_468f03a2,,,,,,,,,,,,,,,,,,,,,,,,,,,,,,,,,,,,,,,,,,,,,,,,,,,,,,,,,,,,,,,,,,
training_event,training,468f03a2-d7c9-4701-abf8-bb2c692f696b,193117fc-840d-40a6-9df6-c69e4dc800c3,2026-08-12T18:52:58.211000+00:00,mouse_scroll,,,,,1354.9045286392318,550.9992538352126,,-44.20064579533519,,,,controlled_typing,1,9,,,,7129.561261794686,,,,,training/controlled_typing,seed_device_468f03a2,,,,,,,,,,,,,,,,,,,,,,,,,,,,,,,,,,,,,,,,,,,,,,,,,,,,,,,,,,,,,,,,,,
training_event,training,468f03a2-d7c9-4701-abf8-bb2c692f696b,193117fc-840d-40a6-9df6-c69e4dc800c3,2026-08-15T00:52:58.211000+00:00,keydown,81,D,115.79199304285999,72.40956648967625,,,,,,,,controlled_typing,0,6,69,1,2,24423.53048399704,124.2720830333599,,,,training/controlled_typing,seed_device_468f03a2,,,,,,,,,,,,,,,,,,,,,,,,,,,,,,,,,,,,,,,,,,,,,,,,,,,,,,,,,,,,,,,,,,
training_event,training,468f03a2-d7c9-4701-abf8-bb2c692f696b,193117fc-840d-40a6-9df6-c69e4dc800c3,2026-08-13T05:52:58.211000+00:00,mouse_scroll,,,,,1603.43089745973,350.8430777513267,,21.910394474834334,,,,controlled_typing,3,8,,,,12390.984844092785,,,,,training/controlled_typing,seed_device_468f03a2,,,,,,,,,,,,,,,,,,,,,,,,,,,,,,,,,,,,,,,,,,,,,,,,,,,,,,,,,,,,,,,,,,
training_event,training,468f03a2-d7c9-4701-abf8-bb2c692f696b,193117fc-840d-40a6-9df6-c69e4dc800c3,2026-08-12T11:52:58.211000+00:00,mouse_move,,,,,652.5036512947723,578.5444684400877,,,,,,controlled_typing,3,0,,,,8115.548209505372,,,,,training/controlled_typing,seed_device_468f03a2,,,,,,,,,,,,,,,,,,,,,,,,,,,,,,,,,,,,,,,,,,,,,,,,,,,,,,,,,,,,,,,,,,
training_event,training,468f03a2-d7c9-4701-abf8-bb2c692f696b,193117fc-840d-40a6-9df6-c69e4dc800c3,2026-08-16T05:52:58.211000+00:00,keydown,67,B,181.4633728654211,138.54043230827187,,,,,,,,controlled_typing,1,4,77,2,2,23035.450869143722,2298.429611517704,,,,training/controlled_typing,seed_device_468f03a2,,,,,,,,,,,,,,,,,,,,,,,,,,,,,,,,,,,,,,,,,,,,,,,,,,,,,,,,,,,,,,,,,,
training_event,training,468f03a2-d7c9-4701-abf8-bb2c692f696b,193117fc-840d-40a6-9df6-c69e4dc800c3,2026-08-15T15:52:58.211000+00:00,keydown,77,I,171.3224662926074,91.29243013599498,,,,,,,,controlled_typing,1,8,62,1,0,6953.530382949645,2386.9434733527783,,,,training/controlled_typing,seed_device_468f03a2,,,,,,,,,,,,,,,,,,,,,,,,,,,,,,,,,,,,,,,,,,,,,,,,,,,,,,,,,,,,,,,,,,
training_event,training,468f03a2-d7c9-4701-abf8-bb2c692f696b,193117fc-840d-40a6-9df6-c69e4dc800c3,2026-08-14T06:52:58.211000+00:00,keyup,79,X,85.14220131899995,30.91261845575672,,,,,,,,controlled_typing,4,5,52,2,2,15386.284849202406,4170.1891391829595,,,,training/controlled_typing,seed_device_468f03a2,,,,,,,,,,,,,,,,,,,,,,,,,,,,,,,,,,,,,,,,,,,,,,,,,,,,,,,,,,,,,,,,,,
training_event,training,468f03a2-d7c9-4701-abf8-bb2c692f696b,d99dc7e4-25ba-4fbe-ac2e-802077944d27,2026-08-15T12:52:58.211000+00:00,mouse_move,,,,,200.38835340075582,731.3558840355294,,,,,,repeated_typing,3,9,,,,14679.56806274968,,,,,training/repeated_typing,seed_device_468f03a2,,,,,,,,,,,,,,,,,,,,,,,,,,,,,,,,,,,,,,,,,,,,,,,,,,,,,,,,,,,,,,,,,,
training_event,training,468f03a2-d7c9-4701-abf8-bb2c692f696b,d99dc7e4-25ba-4fbe-ac2e-802077944d27,2026-08-12T09:52:58.211000+00:00,mouse_move,,,,,923.4935931230455,222.6260168741418,,,,,,repeated_typing,2,9,,,,14311.387577158686,,,,,training/repeated_typing,seed_device_468f03a2,,,,,,,,,,,,,,,,,,,,,,,,,,,,,,,,,,,,,,,,,,,,,,,,,,,,,,,,,,,,,,,,,,
training_event,training,468f03a2-d7c9-4701-abf8-bb2c692f696b,f40819c0-ae47-4719-9f50-81559426100a,2026-08-12T16:52:58.211000+00:00,mouse_click,,,,,919.2360056525588,750.917658916824,,,,,,paragraph_typing,3,5,,,,15182.18822654155,,target_17,small,60.404655975581406,training/paragraph_typing,seed_device_468f03a2,,,,,,,,,,,,,,,,,,,,,,,,,,,,,,,,,,,,,,,,,,,,,,,,,,,,,,,,,,,,,,,,,,
training_event,training,468f03a2-d7c9-4701-abf8-bb2c692f696b,f40819c0-ae47-4719-9f50-81559426100a,2026-08-13T00:52:58.211000+00:00,keydown,71,A,155.8665730310335,102.23560175698368,,,,,,,,paragraph_typing,4,4,20,3,1,10852.490598703922,3423.531792526912,,,,training/paragraph_typing,seed_device_468f03a2,,,,,,,,,,,,,,,,,,,,,,,,,,,,,,,,,,,,,,,,,,,,,,,,,,,,,,,,,,,,,,,,,,
training_event,training,468f03a2-d7c9-4701-abf8-bb2c692f696b,f40819c0-ae47-4719-9f50-81559426100a,2026-08-12T20:52:58.211000+00:00,keydown,66,A,168.2555623167041,39.69172291063343,,,,,,,,paragraph_typing,3,0,58,2,1,29200.23228593222,4951.872833087808,,,,training/paragraph_typing,seed_device_468f03a2,,,,,,,,,,,,,,,,,,,,,,,,,,,,,,,,,,,,,,,,,,,,,,,,,,,,,,,,,,,,,,,,,,
training_event,training,468f03a2-d7c9-4701-abf8-bb2c692f696b,f40819c0-ae47-4719-9f50-81559426100a,2026-08-11T19:52:58.211000+00:00,mouse_move,,,,,189.3912171503261,251.83410896232,,,,,,paragraph_typing,0,9,,,,19815.57046485646,,,,,training/paragraph_typing,seed_device_468f03a2,,,,,,,,,,,,,,,,,,,,,,,,,,,,,,,,,,,,,,,,,,,,,,,,,,,,,,,,,,,,,,,,,,
training_event,training,468f03a2-d7c9-4701-abf8-bb2c692f696b,f40819c0-ae47-4719-9f50-81559426100a,2026-08-17T03:52:58.211000+00:00,keydown,81,Q,190.84226403683246,71.3243772583045,,,,,,,,paragraph_typing,4,1,62,2,0,2717.3217143362185,548.9589032858105,,,,training/paragraph_typing,seed_device_468f03a2,,,,,,,,,,,,,,,,,,,,,,,,,,,,,,,,,,,,,,,,,,,,,,,,,,,,,,,,,,,,,,,,,,
training_event,training,468f03a2-d7c9-4701-abf8-bb2c692f696b,193117fc-840d-40a6-9df6-c69e4dc800c3,2026-08-13T11:52:58.211000+00:00,keyup,80,Z,125.14885492058033,88.02713954826717,,,,,,,,controlled_typing,4,9,38,3,1,4962.3596571348535,1049.47961694155,,,,training/controlled_typing,seed_device_468f03a2,,,,,,,,,,,,,,,,,,,,,,,,,,,,,,,,,,,,,,,,,,,,,,,,,,,,,,,,,,,,,,,,,,
training_event,training,468f03a2-d7c9-4701-abf8-bb2c692f696b,193117fc-840d-40a6-9df6-c69e4dc800c3,2026-08-12T20:52:58.211000+00:00,keyup,65,H,155.67079650239265,90.90679677103851,,,,,,,,controlled_typing,2,6,33,0,1,10267.991999791937,3414.1163611445504,,,,training/controlled_typing,seed_device_468f03a2,,,,,,,,,,,,,,,,,,,,,,,,,,,,,,,,,,,,,,,,,,,,,,,,,,,,,,,,,,,,,,,,,,
training_event,training,468f03a2-d7c9-4701-abf8-bb2c692f696b,193117fc-840d-40a6-9df6-c69e4dc800c3,2026-08-16T17:52:58.211000+00:00,keyup,66,T,191.117910116192,49.29390329606865,,,,,,,,controlled_typing,4,1,30,0,2,15017.929315074,1102.742759874653,,,,training/controlled_typing,seed_device_468f03a2,,,,,,,,,,,,,,,,,,,,,,,,,,,,,,,,,,,,,,,,,,,,,,,,,,,,,,,,,,,,,,,,,,
training_event,training,468f03a2-d7c9-4701-abf8-bb2c692f696b,193117fc-840d-40a6-9df6-c69e4dc800c3,2026-08-12T02:52:58.211000+00:00,mouse_click,,,,,242.51251979000367,488.69259049186115,,,,,,controlled_typing,4,1,,,,19301.08728888071,,target_18,medium,127.81718416057149,training/controlled_typing,seed_device_468f03a2,,,,,,,,,,,,,,,,,,,,,,,,,,,,,,,,,,,,,,,,,,,,,,,,,,,,,,,,,,,,,,,,,,
training_event,training,468f03a2-d7c9-4701-abf8-bb2c692f696b,193117fc-840d-40a6-9df6-c69e4dc800c3,2026-08-15T20:52:58.211000+00:00,mouse_move,,,,,771.8826942229002,715.8856308165377,,,,,,controlled_typing,0,1,,,,17542.034194062424,,,,,training/controlled_typing,seed_device_468f03a2,,,,,,,,,,,,,,,,,,,,,,,,,,,,,,,,,,,,,,,,,,,,,,,,,,,,,,,,,,,,,,,,,,
training_event,training,468f03a2-d7c9-4701-abf8-bb2c692f696b,193117fc-840d-40a6-9df6-c69e4dc800c3,2026-08-15T04:52:58.211000+00:00,mouse_click,,,,,175.4720619955443,654.4395997209037,,,,,,controlled_typing,3,9,,,,1714.7882002038987,,target_16,medium,177.69130880759866,training/controlled_typing,seed_device_468f03a2,,,,,,,,,,,,,,,,,,,,,,,,,,,,,,,,,,,,,,,,,,,,,,,,,,,,,,,,,,,,,,,,,,
training_event,training,468f03a2-d7c9-4701-abf8-bb2c692f696b,f40819c0-ae47-4719-9f50-81559426100a,2026-08-15T18:52:58.211000+00:00,mouse_move,,,,,217.3470515895557,602.4074145760948,,,,,,paragraph_typing,4,8,,,,23334.398268091292,,,,,training/paragraph_typing,seed_device_468f03a2,,,,,,,,,,,,,,,,,,,,,,,,,,,,,,,,,,,,,,,,,,,,,,,,,,,,,,,,,,,,,,,,,,
training_event,training,468f03a2-d7c9-4701-abf8-bb2c692f696b,f40819c0-ae47-4719-9f50-81559426100a,2026-08-11T15:52:58.211000+00:00,mouse_scroll,,,,,1674.7187733870342,894.3884480131877,,-21.4277308930787,,,,paragraph_typing,2,3,,,,6941.409508195994,,,,,training/paragraph_typing,seed_device_468f03a2,,,,,,,,,,,,,,,,,,,,,,,,,,,,,,,,,,,,,,,,,,,,,,,,,,,,,,,,,,,,,,,,,,
training_event,training,468f03a2-d7c9-4701-abf8-bb2c692f696b,f40819c0-ae47-4719-9f50-81559426100a,2026-08-13T13:52:58.211000+00:00,keyup,76,H,169.32389075827973,127.85850858884753,,,,,,,,paragraph_typing,0,6,88,1,2,24624.062350837914,4541.185035901285,,,,training/paragraph_typing,seed_device_468f03a2,,,,,,,,,,,,,,,,,,,,,,,,,,,,,,,,,,,,,,,,,,,,,,,,,,,,,,,,,,,,,,,,,,
training_event,training,468f03a2-d7c9-4701-abf8-bb2c692f696b,f40819c0-ae47-4719-9f50-81559426100a,2026-08-14T03:52:58.211000+00:00,mouse_move,,,,,810.973839609756,854.5050948384094,,,,,,paragraph_typing,3,4,,,,13564.140716210455,,,,,training/paragraph_typing,seed_device_468f03a2,,,,,,,,,,,,,,,,,,,,,,,,,,,,,,,,,,,,,,,,,,,,,,,,,,,,,,,,,,,,,,,,,,
training_event,training,468f03a2-d7c9-4701-abf8-bb2c692f696b,f40819c0-ae47-4719-9f50-81559426100a,2026-08-11T20:52:58.211000+00:00,mouse_click,,,,,1057.4414829075904,114.51947817271079,,,,,,paragraph_typing,4,4,,,,27926.485172916455,,target_11,medium,147.11893465872095,training/paragraph_typing,seed_device_468f03a2,,,,,,,,,,,,,,,,,,,,,,,,,,,,,,,,,,,,,,,,,,,,,,,,,,,,,,,,,,,,,,,,,,
training_event,training,468f03a2-d7c9-4701-abf8-bb2c692f696b,f40819c0-ae47-4719-9f50-81559426100a,2026-08-15T09:52:58.211000+00:00,mouse_scroll,,,,,1599.036393816126,588.3643448492617,,-34.3920605963978,,,,paragraph_typing,1,6,,,,20204.605075432442,,,,,training/paragraph_typing,seed_device_468f03a2,,,,,,,,,,,,,,,,,,,,,,,,,,,,,,,,,,,,,,,,,,,,,,,,,,,,,,,,,,,,,,,,,,
training_event,training,468f03a2-d7c9-4701-abf8-bb2c692f696b,f40819c0-ae47-4719-9f50-81559426100a,2026-08-12T00:52:58.211000+00:00,keydown,80,S,79.42914290062225,102.92284528188229,,,,,,,,paragraph_typing,4,0,92,1,0,4799.189593583903,2192.0954117550878,,,,training/paragraph_typing,seed_device_468f03a2,,,,,,,,,,,,,,,,,,,,,,,,,,,,,,,,,,,,,,,,,,,,,,,,,,,,,,,,,,,,,,,,,,
training_event,training,468f03a2-d7c9-4701-abf8-bb2c692f696b,f40819c0-ae47-4719-9f50-81559426100a,2026-08-13T00:52:58.211000+00:00,mouse_scroll,,,,,310.4417194177549,631.7853819816445,,-10.126448745380614,,,,paragraph_typing,2,8,,,,14818.04549193432,,,,,training/paragraph_typing,seed_device_468f03a2,,,,,,,,,,,,,,,,,,,,,,,,,,,,,,,,,,,,,,,,,,,,,,,,,,,,,,,,,,,,,,,,,,
training_event,training,468f03a2-d7c9-4701-abf8-bb2c692f696b,f40819c0-ae47-4719-9f50-81559426100a,2026-08-17T06:52:58.211000+00:00,mouse_move,,,,,239.05903875864405,883.8253829070453,,,,,,paragraph_typing,1,1,,,,18200.739137465738,,,,,training/paragraph_typing,seed_device_468f03a2,,,,,,,,,,,,,,,,,,,,,,,,,,,,,,,,,,,,,,,,,,,,,,,,,,,,,,,,,,,,,,,,,,
training_event,training,468f03a2-d7c9-4701-abf8-bb2c692f696b,193117fc-840d-40a6-9df6-c69e4dc800c3,2026-08-16T02:52:58.211000+00:00,keydown,85,D,176.64468076775847,112.03129236422612,,,,,,,,controlled_typing,2,4,95,1,0,3773.7889253414005,293.2743034284474,,,,training/controlled_typing,seed_device_468f03a2,,,,,,,,,,,,,,,,,,,,,,,,,,,,,,,,,,,,,,,,,,,,,,,,,,,,,,,,,,,,,,,,,,
training_event,training,468f03a2-d7c9-4701-abf8-bb2c692f696b,d99dc7e4-25ba-4fbe-ac2e-802077944d27,2026-08-16T14:52:58.211000+00:00,keyup,78,X,135.62095113868543,45.08052240911212,,,,,,,,repeated_typing,2,8,87,2,0,29805.334399021274,3765.849615058002,,,,training/repeated_typing,seed_device_468f03a2,,,,,,,,,,,,,,,,,,,,,,,,,,,,,,,,,,,,,,,,,,,,,,,,,,,,,,,,,,,,,,,,,,
training_event,training,468f03a2-d7c9-4701-abf8-bb2c692f696b,f40819c0-ae47-4719-9f50-81559426100a,2026-08-15T20:52:58.211000+00:00,keyup,83,E,61.10326361990092,83.90324594720093,,,,,,,,paragraph_typing,4,8,15,0,1,28465.626478310056,2900.101867753317,,,,training/paragraph_typing,seed_device_468f03a2,,,,,,,,,,,,,,,,,,,,,,,,,,,,,,,,,,,,,,,,,,,,,,,,,,,,,,,,,,,,,,,,,,
training_event,training,468f03a2-d7c9-4701-abf8-bb2c692f696b,f40819c0-ae47-4719-9f50-81559426100a,2026-08-14T21:52:58.211000+00:00,mouse_move,,,,,1681.1910833808656,109.45415397195744,,,,,,paragraph_typing,2,0,,,,1399.8272419729972,,,,,training/paragraph_typing,seed_device_468f03a2,,,,,,,,,,,,,,,,,,,,,,,,,,,,,,,,,,,,,,,,,,,,,,,,,,,,,,,,,,,,,,,,,,
training_event,training,468f03a2-d7c9-4701-abf8-bb2c692f696b,f40819c0-ae47-4719-9f50-81559426100a,2026-08-14T21:52:58.211000+00:00,mouse_click,,,,,726.4529970142572,689.2449487817687,,,,,,paragraph_typing,2,0,,,,17276.71410783338,,target_14,medium,121.84599102255626,training/paragraph_typing,seed_device_468f03a2,,,,,,,,,,,,,,,,,,,,,,,,,,,,,,,,,,,,,,,,,,,,,,,,,,,,,,,,,,,,,,,,,,
training_event,training,468f03a2-d7c9-4701-abf8-bb2c692f696b,f40819c0-ae47-4719-9f50-81559426100a,2026-08-14T01:52:58.211000+00:00,keydown,74,Q,93.13982255627651,119.3154863964433,,,,,,,,paragraph_typing,1,8,98,0,0,16520.85284241208,2505.3874211204757,,,,training/paragraph_typing,seed_device_468f03a2,,,,,,,,,,,,,,,,,,,,,,,,,,,,,,,,,,,,,,,,,,,,,,,,,,,,,,,,,,,,,,,,,,
training_event,training,468f03a2-d7c9-4701-abf8-bb2c692f696b,f40819c0-ae47-4719-9f50-81559426100a,2026-08-13T12:52:58.211000+00:00,mouse_move,,,,,884.8340809129793,809.1186003674541,,,,,,paragraph_typing,1,7,,,,4690.483860536819,,,,,training/paragraph_typing,seed_device_468f03a2,,,,,,,,,,,,,,,,,,,,,,,,,,,,,,,,,,,,,,,,,,,,,,,,,,,,,,,,,,,,,,,,,,
training_event,training,468f03a2-d7c9-4701-abf8-bb2c692f696b,f40819c0-ae47-4719-9f50-81559426100a,2026-08-15T22:52:58.211000+00:00,mouse_move,,,,,1600.982477135508,270.444953375321,,,,,,paragraph_typing,1,8,,,,3214.1466312481743,,,,,training/paragraph_typing,seed_device_468f03a2,,,,,,,,,,,,,,,,,,,,,,,,,,,,,,,,,,,,,,,,,,,,,,,,,,,,,,,,,,,,,,,,,,
training_event,training,468f03a2-d7c9-4701-abf8-bb2c692f696b,193117fc-840d-40a6-9df6-c69e4dc800c3,2026-08-14T18:52:58.211000+00:00,keydown,66,U,76.59047045879112,93.86678928201299,,,,,,,,controlled_typing,3,9,74,1,2,8352.79063236003,4395.588418145832,,,,training/controlled_typing,seed_device_468f03a2,,,,,,,,,,,,,,,,,,,,,,,,,,,,,,,,,,,,,,,,,,,,,,,,,,,,,,,,,,,,,,,,,,
training_event,training,468f03a2-d7c9-4701-abf8-bb2c692f696b,193117fc-840d-40a6-9df6-c69e4dc800c3,2026-08-16T21:52:58.211000+00:00,mouse_click,,,,,1459.5741157622426,352.46175410730416,,,,,,controlled_typing,4,8,,,,10436.416067586162,,target_9,small,107.79894018475815,training/controlled_typing,seed_device_468f03a2,,,,,,,,,,,,,,,,,,,,,,,,,,,,,,,,,,,,,,,,,,,,,,,,,,,,,,,,,,,,,,,,,,
training_event,training,468f03a2-d7c9-4701-abf8-bb2c692f696b,193117fc-840d-40a6-9df6-c69e4dc800c3,2026-08-11T17:52:58.211000+00:00,keydown,71,A,88.92647787317043,31.68352229132866,,,,,,,,controlled_typing,1,9,91,2,2,9756.464784709919,4693.440563838467,,,,training/controlled_typing,seed_device_468f03a2,,,,,,,,,,,,,,,,,,,,,,,,,,,,,,,,,,,,,,,,,,,,,,,,,,,,,,,,,,,,,,,,,,
training_event,training,468f03a2-d7c9-4701-abf8-bb2c692f696b,193117fc-840d-40a6-9df6-c69e4dc800c3,2026-08-15T15:52:58.211000+00:00,keyup,80,K,129.18726758602122,74.88795018260282,,,,,,,,controlled_typing,1,0,68,2,1,26883.516435635083,3032.393570584952,,,,training/controlled_typing,seed_device_468f03a2,,,,,,,,,,,,,,,,,,,,,,,,,,,,,,,,,,,,,,,,,,,,,,,,,,,,,,,,,,,,,,,,,,
training_event,training,468f03a2-d7c9-4701-abf8-bb2c692f696b,193117fc-840d-40a6-9df6-c69e4dc800c3,2026-08-13T20:52:58.211000+00:00,mouse_click,,,,,581.4964720901921,100.53900242568226,,,,,,controlled_typing,4,3,,,,18398.96207610196,,target_6,medium,258.2266228105048,training/controlled_typing,seed_device_468f03a2,,,,,,,,,,,,,,,,,,,,,,,,,,,,,,,,,,,,,,,,,,,,,,,,,,,,,,,,,,,,,,,,,,
training_event,training,468f03a2-d7c9-4701-abf8-bb2c692f696b,193117fc-840d-40a6-9df6-c69e4dc800c3,2026-08-11T11:52:58.211000+00:00,keydown,86,A,127.63187072689207,83.39569367379502,,,,,,,,controlled_typing,1,8,49,0,2,6871.086446809772,4367.70471195073,,,,training/controlled_typing,seed_device_468f03a2,,,,,,,,,,,,,,,,,,,,,,,,,,,,,,,,,,,,,,,,,,,,,,,,,,,,,,,,,,,,,,,,,,
training_event,training,468f03a2-d7c9-4701-abf8-bb2c692f696b,f40819c0-ae47-4719-9f50-81559426100a,2026-08-16T16:52:58.211000+00:00,mouse_scroll,,,,,1490.106220801288,211.0261633467868,,-30.56447326127899,,,,paragraph_typing,0,6,,,,9557.246445867942,,,,,training/paragraph_typing,seed_device_468f03a2,,,,,,,,,,,,,,,,,,,,,,,,,,,,,,,,,,,,,,,,,,,,,,,,,,,,,,,,,,,,,,,,,,
training_event,training,468f03a2-d7c9-4701-abf8-bb2c692f696b,f40819c0-ae47-4719-9f50-81559426100a,2026-08-12T16:52:58.211000+00:00,mouse_move,,,,,1589.6956554175704,258.2781084157716,,,,,,paragraph_typing,1,7,,,,27666.577344122343,,,,,training/paragraph_typing,seed_device_468f03a2,,,,,,,,,,,,,,,,,,,,,,,,,,,,,,,,,,,,,,,,,,,,,,,,,,,,,,,,,,,,,,,,,,
training_event,training,468f03a2-d7c9-4701-abf8-bb2c692f696b,f40819c0-ae47-4719-9f50-81559426100a,2026-08-17T09:52:58.211000+00:00,keyup,78,J,92.32408918985408,97.25671047399783,,,,,,,,paragraph_typing,4,0,23,2,0,5036.408008875964,35.969185994980116,,,,training/paragraph_typing,seed_device_468f03a2,,,,,,,,,,,,,,,,,,,,,,,,,,,,,,,,,,,,,,,,,,,,,,,,,,,,,,,,,,,,,,,,,,
training_event,training,468f03a2-d7c9-4701-abf8-bb2c692f696b,f40819c0-ae47-4719-9f50-81559426100a,2026-08-14T20:52:58.211000+00:00,mouse_scroll,,,,,120.11659954423048,797.7421177610842,,25.873300544197974,,,,paragraph_typing,0,0,,,,10619.979861002525,,,,,training/paragraph_typing,seed_device_468f03a2,,,,,,,,,,,,,,,,,,,,,,,,,,,,,,,,,,,,,,,,,,,,,,,,,,,,,,,,,,,,,,,,,,
training_event,training,468f03a2-d7c9-4701-abf8-bb2c692f696b,f40819c0-ae47-4719-9f50-81559426100a,2026-08-12T18:52:58.211000+00:00,keydown,82,W,60.37037082752637,120.17900370395583,,,,,,,,paragraph_typing,0,9,48,0,2,16204.073971357115,3409.6777202635026,,,,training/paragraph_typing,seed_device_468f03a2,,,,,,,,,,,,,,,,,,,,,,,,,,,,,,,,,,,,,,,,,,,,,,,,,,,,,,,,,,,,,,,,,,
training_event,training,468f03a2-d7c9-4701-abf8-bb2c692f696b,f40819c0-ae47-4719-9f50-81559426100a,2026-08-16T00:52:58.211000+00:00,mouse_click,,,,,404.8521676520823,428.4378118886674,,,,,,paragraph_typing,0,9,,,,22390.565457405326,,target_16,large,246.15652571825075,training/paragraph_typing,seed_device_468f03a2,,,,,,,,,,,,,,,,,,,,,,,,,,,,,,,,,,,,,,,,,,,,,,,,,,,,,,,,,,,,,,,,,,
training_event,training,468f03a2-d7c9-4701-abf8-bb2c692f696b,1547abe4-973c-4941-842b-e564b9281e5c,2026-08-29T10:37:16.136000+00:00,mouse_move,,,,,340.8,259.2,,,,,,mouse_tracking,,,,,,,,,,,/app/training,dev_6c3945cd-a562-4179-ae9a-ec1c8c010a88,,,,,,,,,,,,,,,,,,,,,,,,,,,,,,,,,,,,,,,,,,,,,,,,,,,,,,,,,,,,,,,,,,
training_event,training,468f03a2-d7c9-4701-abf8-bb2c692f696b,1547abe4-973c-4941-842b-e564b9281e5c,2026-08-29T10:37:16.153000+00:00,mouse_move,,,,,348.8,251.2,,,,,,mouse_tracking,,,,,,,,,,,/app/training,dev_6c3945cd-a562-4179-ae9a-ec1c8c010a88,,,,,,,,,,,,,,,,,,,,,,,,,,,,,,,,,,,,,,,,,,,,,,,,,,,,,,,,,,,,,,,,,,
training_event,training,468f03a2-d7c9-4701-abf8-bb2c692f696b,1547abe4-973c-4941-842b-e564b9281e5c,2026-08-29T10:37:16.169000+00:00,mouse_move,,,,,360.8,244.2,,,,,,mouse_tracking,,,,,,,,,,,/app/training,dev_6c3945cd-a562-4179-ae9a-ec1c8c010a88,,,,,,,,,,,,,,,,,,,,,,,,,,,,,,,,,,,,,,,,,,,,,,,,,,,,,,,,,,,,,,,,,,
training_event,training,468f03a2-d7c9-4701-abf8-bb2c692f696b,1547abe4-973c-4941-842b-e564b9281e5c,2026-08-29T10:37:16.186000+00:00,mouse_move,,,,,368.8,239.2,,,,,,mouse_tracking,,,,,,,,,,,/app/training,dev_6c3945cd-a562-4179-ae9a-ec1c8c010a88,,,,,,,,,,,,,,,,,,,,,,,,,,,,,,,,,,,,,,,,,,,,,,,,,,,,,,,,,,,,,,,,,,
training_event,training,468f03a2-d7c9-4701-abf8-bb2c692f696b,1547abe4-973c-4941-842b-e564b9281e5c,2026-08-29T10:37:16.204000+00:00,mouse_move,,,,,381.8,237.2,,,,,,mouse_tracking,,,,,,,,,,,/app/training,dev_6c3945cd-a562-4179-ae9a-ec1c8c010a88,,,,,,,,,,,,,,,,,,,,,,,,,,,,,,,,,,,,,,,,,,,,,,,,,,,,,,,,,,,,,,,,,,
training_event,training,468f03a2-d7c9-4701-abf8-bb2c692f696b,1547abe4-973c-4941-842b-e564b9281e5c,2026-08-29T10:37:16.219000+00:00,mouse_move,,,,,388.8,237.2,,,,,,mouse_tracking,,,,,,,,,,,/app/training,dev_6c3945cd-a562-4179-ae9a-ec1c8c010a88,,,,,,,,,,,,,,,,,,,,,,,,,,,,,,,,,,,,,,,,,,,,,,,,,,,,,,,,,,,,,,,,,,
training_event,training,468f03a2-d7c9-4701-abf8-bb2c692f696b,1547abe4-973c-4941-842b-e564b9281e5c,2026-08-29T10:37:16.236000+00:00,mouse_move,,,,,396.8,235.2,,,,,,mouse_tracking,,,,,,,,,,,/app/training,dev_6c3945cd-a562-4179-ae9a-ec1c8c010a88,,,,,,,,,,,,,,,,,,,,,,,,,,,,,,,,,,,,,,,,,,,,,,,,,,,,,,,,,,,,,,,,,,
training_event,training,468f03a2-d7c9-4701-abf8-bb2c692f696b,1547abe4-973c-4941-842b-e564b9281e5c,2026-08-29T10:37:16.253000+00:00,mouse_move,,,,,407.8,235.2,,,,,,mouse_tracking,,,,,,,,,,,/app/training,dev_6c3945cd-a562-4179-ae9a-ec1c8c010a88,,,,,,,,,,,,,,,,,,,,,,,,,,,,,,,,,,,,,,,,,,,,,,,,,,,,,,,,,,,,,,,,,,
training_event,training,468f03a2-d7c9-4701-abf8-bb2c692f696b,1547abe4-973c-4941-842b-e564b9281e5c,2026-08-29T10:37:16.269000+00:00,mouse_move,,,,,416.8,235.2,,,,,,mouse_tracking,,,,,,,,,,,/app/training,dev_6c3945cd-a562-4179-ae9a-ec1c8c010a88,,,,,,,,,,,,,,,,,,,,,,,,,,,,,,,,,,,,,,,,,,,,,,,,,,,,,,,,,,,,,,,,,,
training_event,training,468f03a2-d7c9-4701-abf8-bb2c692f696b,1547abe4-973c-4941-842b-e564b9281e5c,2026-08-29T10:37:16.286000+00:00,mouse_move,,,,,424.8,235.2,,,,,,mouse_tracking,,,,,,,,,,,/app/training,dev_6c3945cd-a562-4179-ae9a-ec1c8c010a88,,,,,,,,,,,,,,,,,,,,,,,,,,,,,,,,,,,,,,,,,,,,,,,,,,,,,,,,,,,,,,,,,,
training_event,training,468f03a2-d7c9-4701-abf8-bb2c692f696b,1547abe4-973c-4941-842b-e564b9281e5c,2026-08-29T10:37:16.303000+00:00,mouse_move,,,,,434.8,235.2,,,,,,mouse_tracking,,,,,,,,,,,/app/training,dev_6c3945cd-a562-4179-ae9a-ec1c8c010a88,,,,,,,,,,,,,,,,,,,,,,,,,,,,,,,,,,,,,,,,,,,,,,,,,,,,,,,,,,,,,,,,,,
training_event,training,468f03a2-d7c9-4701-abf8-bb2c692f696b,1547abe4-973c-4941-842b-e564b9281e5c,2026-08-29T10:37:16.319000+00:00,mouse_move,,,,,440.8,235.2,,,,,,mouse_tracking,,,,,,,,,,,/app/training,dev_6c3945cd-a562-4179-ae9a-ec1c8c010a88,,,,,,,,,,,,,,,,,,,,,,,,,,,,,,,,,,,,,,,,,,,,,,,,,,,,,,,,,,,,,,,,,,
training_event,training,468f03a2-d7c9-4701-abf8-bb2c692f696b,1547abe4-973c-4941-842b-e564b9281e5c,2026-08-29T10:37:16.336000+00:00,mouse_move,,,,,446.8,235.2,,,,,,mouse_tracking,,,,,,,,,,,/app/training,dev_6c3945cd-a562-4179-ae9a-ec1c8c010a88,,,,,,,,,,,,,,,,,,,,,,,,,,,,,,,,,,,,,,,,,,,,,,,,,,,,,,,,,,,,,,,,,,
training_event,training,468f03a2-d7c9-4701-abf8-bb2c692f696b,1547abe4-973c-4941-842b-e564b9281e5c,2026-08-29T10:37:16.352000+00:00,mouse_move,,,,,448.8,233.2,,,,,,mouse_tracking,,,,,,,,,,,/app/training,dev_6c3945cd-a562-4179-ae9a-ec1c8c010a88,,,,,,,,,,,,,,,,,,,,,,,,,,,,,,,,,,,,,,,,,,,,,,,,,,,,,,,,,,,,,,,,,,
training_event,training,468f03a2-d7c9-4701-abf8-bb2c692f696b,1547abe4-973c-4941-842b-e564b9281e5c,2026-08-29T10:37:16.369000+00:00,mouse_move,,,,,452.8,233.2,,,,,,mouse_tracking,,,,,,,,,,,/app/training,dev_6c3945cd-a562-4179-ae9a-ec1c8c010a88,,,,,,,,,,,,,,,,,,,,,,,,,,,,,,,,,,,,,,,,,,,,,,,,,,,,,,,,,,,,,,,,,,
training_event,training,468f03a2-d7c9-4701-abf8-bb2c692f696b,1547abe4-973c-4941-842b-e564b9281e5c,2026-08-29T10:37:16.386000+00:00,mouse_move,,,,,454.8,232.2,,,,,,mouse_tracking,,,,,,,,,,,/app/training,dev_6c3945cd-a562-4179-ae9a-ec1c8c010a88,,,,,,,,,,,,,,,,,,,,,,,,,,,,,,,,,,,,,,,,,,,,,,,,,,,,,,,,,,,,,,,,,,
training_event,training,468f03a2-d7c9-4701-abf8-bb2c692f696b,1547abe4-973c-4941-842b-e564b9281e5c,2026-08-29T10:37:16.403000+00:00,mouse_move,,,,,459.8,232.2,,,,,,mouse_tracking,,,,,,,,,,,/app/training,dev_6c3945cd-a562-4179-ae9a-ec1c8c010a88,,,,,,,,,,,,,,,,,,,,,,,,,,,,,,,,,,,,,,,,,,,,,,,,,,,,,,,,,,,,,,,,,,
training_event,training,468f03a2-d7c9-4701-abf8-bb2c692f696b,1547abe4-973c-4941-842b-e564b9281e5c,2026-08-29T10:37:16.419000+00:00,mouse_move,,,,,460.8,232.2,,,,,,mouse_tracking,,,,,,,,,,,/app/training,dev_6c3945cd-a562-4179-ae9a-ec1c8c010a88,,,,,,,,,,,,,,,,,,,,,,,,,,,,,,,,,,,,,,,,,,,,,,,,,,,,,,,,,,,,,,,,,,
training_event,training,468f03a2-d7c9-4701-abf8-bb2c692f696b,1547abe4-973c-4941-842b-e564b9281e5c,2026-08-29T10:37:16.436000+00:00,mouse_move,,,,,462.8,231.2,,,,,,mouse_tracking,,,,,,,,,,,/app/training,dev_6c3945cd-a562-4179-ae9a-ec1c8c010a88,,,,,,,,,,,,,,,,,,,,,,,,,,,,,,,,,,,,,,,,,,,,,,,,,,,,,,,,,,,,,,,,,,
training_event,training,468f03a2-d7c9-4701-abf8-bb2c692f696b,1547abe4-973c-4941-842b-e564b9281e5c,2026-08-29T10:37:16.452000+00:00,mouse_move,,,,,464.8,231.2,,,,,,mouse_tracking,,,,,,,,,,,/app/training,dev_6c3945cd-a562-4179-ae9a-ec1c8c010a88,,,,,,,,,,,,,,,,,,,,,,,,,,,,,,,,,,,,,,,,,,,,,,,,,,,,,,,,,,,,,,,,,,
training_event,training,468f03a2-d7c9-4701-abf8-bb2c692f696b,1547abe4-973c-4941-842b-e564b9281e5c,2026-08-29T10:37:16.469000+00:00,mouse_move,,,,,465.8,231.2,,,,,,mouse_tracking,,,,,,,,,,,/app/training,dev_6c3945cd-a562-4179-ae9a-ec1c8c010a88,,,,,,,,,,,,,,,,,,,,,,,,,,,,,,,,,,,,,,,,,,,,,,,,,,,,,,,,,,,,,,,,,,
training_event,training,468f03a2-d7c9-4701-abf8-bb2c692f696b,1547abe4-973c-4941-842b-e564b9281e5c,2026-08-29T10:37:16.486000+00:00,mouse_move,,,,,468.8,231.2,,,,,,mouse_tracking,,,,,,,,,,,/app/training,dev_6c3945cd-a562-4179-ae9a-ec1c8c010a88,,,,,,,,,,,,,,,,,,,,,,,,,,,,,,,,,,,,,,,,,,,,,,,,,,,,,,,,,,,,,,,,,,
training_event,training,468f03a2-d7c9-4701-abf8-bb2c692f696b,1547abe4-973c-4941-842b-e564b9281e5c,2026-08-29T10:37:16.502000+00:00,mouse_move,,,,,468.8,230.2,,,,,,mouse_tracking,,,,,,,,,,,/app/training,dev_6c3945cd-a562-4179-ae9a-ec1c8c010a88,,,,,,,,,,,,,,,,,,,,,,,,,,,,,,,,,,,,,,,,,,,,,,,,,,,,,,,,,,,,,,,,,,
training_event,training,468f03a2-d7c9-4701-abf8-bb2c692f696b,1547abe4-973c-4941-842b-e564b9281e5c,2026-08-29T10:37:16.519000+00:00,mouse_move,,,,,471.8,230.2,,,,,,mouse_tracking,,,,,,,,,,,/app/training,dev_6c3945cd-a562-4179-ae9a-ec1c8c010a88,,,,,,,,,,,,,,,,,,,,,,,,,,,,,,,,,,,,,,,,,,,,,,,,,,,,,,,,,,,,,,,,,,
training_event,training,468f03a2-d7c9-4701-abf8-bb2c692f696b,1547abe4-973c-4941-842b-e564b9281e5c,2026-08-29T10:37:16.536000+00:00,mouse_move,,,,,471.8,228.2,,,,,,mouse_tracking,,,,,,,,,,,/app/training,dev_6c3945cd-a562-4179-ae9a-ec1c8c010a88,,,,,,,,,,,,,,,,,,,,,,,,,,,,,,,,,,,,,,,,,,,,,,,,,,,,,,,,,,,,,,,,,,
training_event,training,468f03a2-d7c9-4701-abf8-bb2c692f696b,1547abe4-973c-4941-842b-e564b9281e5c,2026-08-29T10:37:16.569000+00:00,mouse_move,,,,,472.8,228.2,,,,,,mouse_tracking,,,,,,,,,,,/app/training,dev_6c3945cd-a562-4179-ae9a-ec1c8c010a88,,,,,,,,,,,,,,,,,,,,,,,,,,,,,,,,,,,,,,,,,,,,,,,,,,,,,,,,,,,,,,,,,,
training_event,training,468f03a2-d7c9-4701-abf8-bb2c692f696b,1547abe4-973c-4941-842b-e564b9281e5c,2026-08-29T10:37:16.586000+00:00,mouse_move,,,,,473.8,228.2,,,,,,mouse_tracking,,,,,,,,,,,/app/training,dev_6c3945cd-a562-4179-ae9a-ec1c8c010a88,,,,,,,,,,,,,,,,,,,,,,,,,,,,,,,,,,,,,,,,,,,,,,,,,,,,,,,,,,,,,,,,,,
training_event,training,468f03a2-d7c9-4701-abf8-bb2c692f696b,1547abe4-973c-4941-842b-e564b9281e5c,2026-08-29T10:37:16.619000+00:00,mouse_move,,,,,476.8,228.2,,,,,,mouse_tracking,,,,,,,,,,,/app/training,dev_6c3945cd-a562-4179-ae9a-ec1c8c010a88,,,,,,,,,,,,,,,,,,,,,,,,,,,,,,,,,,,,,,,,,,,,,,,,,,,,,,,,,,,,,,,,,,
training_event,training,468f03a2-d7c9-4701-abf8-bb2c692f696b,1547abe4-973c-4941-842b-e564b9281e5c,2026-08-29T10:37:16.636000+00:00,mouse_move,,,,,479.8,228.2,,,,,,mouse_tracking,,,,,,,,,,,/app/training,dev_6c3945cd-a562-4179-ae9a-ec1c8c010a88,,,,,,,,,,,,,,,,,,,,,,,,,,,,,,,,,,,,,,,,,,,,,,,,,,,,,,,,,,,,,,,,,,
training_event,training,468f03a2-d7c9-4701-abf8-bb2c692f696b,1547abe4-973c-4941-842b-e564b9281e5c,2026-08-29T10:37:16.652000+00:00,mouse_move,,,,,483.8,227.2,,,,,,mouse_tracking,,,,,,,,,,,/app/training,dev_6c3945cd-a562-4179-ae9a-ec1c8c010a88,,,,,,,,,,,,,,,,,,,,,,,,,,,,,,,,,,,,,,,,,,,,,,,,,,,,,,,,,,,,,,,,,,
training_event,training,468f03a2-d7c9-4701-abf8-bb2c692f696b,1547abe4-973c-4941-842b-e564b9281e5c,2026-08-29T10:37:16.669000+00:00,mouse_move,,,,,486.8,227.2,,,,,,mouse_tracking,,,,,,,,,,,/app/training,dev_6c3945cd-a562-4179-ae9a-ec1c8c010a88,,,,,,,,,,,,,,,,,,,,,,,,,,,,,,,,,,,,,,,,,,,,,,,,,,,,,,,,,,,,,,,,,,
training_event,training,468f03a2-d7c9-4701-abf8-bb2c692f696b,1547abe4-973c-4941-842b-e564b9281e5c,2026-08-29T10:37:16.686000+00:00,mouse_move,,,,,491.8,227.2,,,,,,mouse_tracking,,,,,,,,,,,/app/training,dev_6c3945cd-a562-4179-ae9a-ec1c8c010a88,,,,,,,,,,,,,,,,,,,,,,,,,,,,,,,,,,,,,,,,,,,,,,,,,,,,,,,,,,,,,,,,,,
training_event,training,468f03a2-d7c9-4701-abf8-bb2c692f696b,1547abe4-973c-4941-842b-e564b9281e5c,2026-08-29T10:37:16.703000+00:00,mouse_move,,,,,493.8,227.2,,,,,,mouse_tracking,,,,,,,,,,,/app/training,dev_6c3945cd-a562-4179-ae9a-ec1c8c010a88,,,,,,,,,,,,,,,,,,,,,,,,,,,,,,,,,,,,,,,,,,,,,,,,,,,,,,,,,,,,,,,,,,
training_event,training,468f03a2-d7c9-4701-abf8-bb2c692f696b,1547abe4-973c-4941-842b-e564b9281e5c,2026-08-29T10:37:16.719000+00:00,mouse_move,,,,,494.8,227.2,,,,,,mouse_tracking,,,,,,,,,,,/app/training,dev_6c3945cd-a562-4179-ae9a-ec1c8c010a88,,,,,,,,,,,,,,,,,,,,,,,,,,,,,,,,,,,,,,,,,,,,,,,,,,,,,,,,,,,,,,,,,,
training_event,training,468f03a2-d7c9-4701-abf8-bb2c692f696b,1547abe4-973c-4941-842b-e564b9281e5c,2026-08-29T10:37:16.752000+00:00,mouse_move,,,,,496.8,227.2,,,,,,mouse_tracking,,,,,,,,,,,/app/training,dev_6c3945cd-a562-4179-ae9a-ec1c8c010a88,,,,,,,,,,,,,,,,,,,,,,,,,,,,,,,,,,,,,,,,,,,,,,,,,,,,,,,,,,,,,,,,,,
training_event,training,468f03a2-d7c9-4701-abf8-bb2c692f696b,1547abe4-973c-4941-842b-e564b9281e5c,2026-08-29T10:37:16.903000+00:00,mouse_move,,,,,496.8,226.2,,,,,,mouse_tracking,,,,,,,,,,,/app/training,dev_6c3945cd-a562-4179-ae9a-ec1c8c010a88,,,,,,,,,,,,,,,,,,,,,,,,,,,,,,,,,,,,,,,,,,,,,,,,,,,,,,,,,,,,,,,,,,
training_event,training,468f03a2-d7c9-4701-abf8-bb2c692f696b,1547abe4-973c-4941-842b-e564b9281e5c,2026-08-29T10:37:16.936000+00:00,mouse_move,,,,,496.8,225.2,,,,,,mouse_tracking,,,,,,,,,,,/app/training,dev_6c3945cd-a562-4179-ae9a-ec1c8c010a88,,,,,,,,,,,,,,,,,,,,,,,,,,,,,,,,,,,,,,,,,,,,,,,,,,,,,,,,,,,,,,,,,,
training_event,training,468f03a2-d7c9-4701-abf8-bb2c692f696b,1547abe4-973c-4941-842b-e564b9281e5c,2026-08-29T10:37:16.952000+00:00,mouse_move,,,,,496.8,224.2,,,,,,mouse_tracking,,,,,,,,,,,/app/training,dev_6c3945cd-a562-4179-ae9a-ec1c8c010a88,,,,,,,,,,,,,,,,,,,,,,,,,,,,,,,,,,,,,,,,,,,,,,,,,,,,,,,,,,,,,,,,,,
training_event,training,468f03a2-d7c9-4701-abf8-bb2c692f696b,1547abe4-973c-4941-842b-e564b9281e5c,2026-08-29T10:37:16.969000+00:00,mouse_move,,,,,496.8,223.2,,,,,,mouse_tracking,,,,,,,,,,,/app/training,dev_6c3945cd-a562-4179-ae9a-ec1c8c010a88,,,,,,,,,,,,,,,,,,,,,,,,,,,,,,,,,,,,,,,,,,,,,,,,,,,,,,,,,,,,,,,,,,
training_event,training,468f03a2-d7c9-4701-abf8-bb2c692f696b,1547abe4-973c-4941-842b-e564b9281e5c,2026-08-29T10:37:16.986000+00:00,mouse_move,,,,,496.8,222.2,,,,,,mouse_tracking,,,,,,,,,,,/app/training,dev_6c3945cd-a562-4179-ae9a-ec1c8c010a88,,,,,,,,,,,,,,,,,,,,,,,,,,,,,,,,,,,,,,,,,,,,,,,,,,,,,,,,,,,,,,,,,,
training_event,training,468f03a2-d7c9-4701-abf8-bb2c692f696b,1547abe4-973c-4941-842b-e564b9281e5c,2026-08-29T10:37:17.003000+00:00,mouse_move,,,,,496.8,220.2,,,,,,mouse_tracking,,,,,,,,,,,/app/training,dev_6c3945cd-a562-4179-ae9a-ec1c8c010a88,,,,,,,,,,,,,,,,,,,,,,,,,,,,,,,,,,,,,,,,,,,,,,,,,,,,,,,,,,,,,,,,,,
training_event,training,468f03a2-d7c9-4701-abf8-bb2c692f696b,1547abe4-973c-4941-842b-e564b9281e5c,2026-08-29T10:37:18.118000+00:00,mouse_move,,,,,495.8,221.2,,,,,,mouse_tracking,,,,,,,,,,,/app/training,dev_6c3945cd-a562-4179-ae9a-ec1c8c010a88,,,,,,,,,,,,,,,,,,,,,,,,,,,,,,,,,,,,,,,,,,,,,,,,,,,,,,,,,,,,,,,,,,
training_event,training,468f03a2-d7c9-4701-abf8-bb2c692f696b,1547abe4-973c-4941-842b-e564b9281e5c,2026-08-29T10:37:18.135000+00:00,mouse_move,,,,,490.8,223.2,,,,,,mouse_tracking,,,,,,,,,,,/app/training,dev_6c3945cd-a562-4179-ae9a-ec1c8c010a88,,,,,,,,,,,,,,,,,,,,,,,,,,,,,,,,,,,,,,,,,,,,,,,,,,,,,,,,,,,,,,,,,,
training_event,training,468f03a2-d7c9-4701-abf8-bb2c692f696b,1547abe4-973c-4941-842b-e564b9281e5c,2026-08-29T10:37:18.152000+00:00,mouse_move,,,,,483.8,228.2,,,,,,mouse_tracking,,,,,,,,,,,/app/training,dev_6c3945cd-a562-4179-ae9a-ec1c8c010a88,,,,,,,,,,,,,,,,,,,,,,,,,,,,,,,,,,,,,,,,,,,,,,,,,,,,,,,,,,,,,,,,,,
training_event,training,468f03a2-d7c9-4701-abf8-bb2c692f696b,1547abe4-973c-4941-842b-e564b9281e5c,2026-08-29T10:37:18.169000+00:00,mouse_move,,,,,471.8,234.2,,,,,,mouse_tracking,,,,,,,,,,,/app/training,dev_6c3945cd-a562-4179-ae9a-ec1c8c010a88,,,,,,,,,,,,,,,,,,,,,,,,,,,,,,,,,,,,,,,,,,,,,,,,,,,,,,,,,,,,,,,,,,
training_event,training,468f03a2-d7c9-4701-abf8-bb2c692f696b,1547abe4-973c-4941-842b-e564b9281e5c,2026-08-29T10:37:18.185000+00:00,mouse_move,,,,,465.8,238.2,,,,,,mouse_tracking,,,,,,,,,,,/app/training,dev_6c3945cd-a562-4179-ae9a-ec1c8c010a88,,,,,,,,,,,,,,,,,,,,,,,,,,,,,,,,,,,,,,,,,,,,,,,,,,,,,,,,,,,,,,,,,,
training_event,training,468f03a2-d7c9-4701-abf8-bb2c692f696b,1547abe4-973c-4941-842b-e564b9281e5c,2026-08-29T10:37:18.202000+00:00,mouse_move,,,,,460.8,243.2,,,,,,mouse_tracking,,,,,,,,,,,/app/training,dev_6c3945cd-a562-4179-ae9a-ec1c8c010a88,,,,,,,,,,,,,,,,,,,,,,,,,,,,,,,,,,,,,,,,,,,,,,,,,,,,,,,,,,,,,,,,,,
training_event,training,468f03a2-d7c9-4701-abf8-bb2c692f696b,1547abe4-973c-4941-842b-e564b9281e5c,2026-08-29T10:37:18.219000+00:00,mouse_move,,,,,458.8,244.2,,,,,,mouse_tracking,,,,,,,,,,,/app/training,dev_6c3945cd-a562-4179-ae9a-ec1c8c010a88,,,,,,,,,,,,,,,,,,,,,,,,,,,,,,,,,,,,,,,,,,,,,,,,,,,,,,,,,,,,,,,,,,
training_event,training,468f03a2-d7c9-4701-abf8-bb2c692f696b,1547abe4-973c-4941-842b-e564b9281e5c,2026-08-29T10:37:18.235000+00:00,mouse_move,,,,,456.8,246.2,,,,,,mouse_tracking,,,,,,,,,,,/app/training,dev_6c3945cd-a562-4179-ae9a-ec1c8c010a88,,,,,,,,,,,,,,,,,,,,,,,,,,,,,,,,,,,,,,,,,,,,,,,,,,,,,,,,,,,,,,,,,,
training_event,training,468f03a2-d7c9-4701-abf8-bb2c692f696b,1547abe4-973c-4941-842b-e564b9281e5c,2026-08-29T10:37:18.252000+00:00,mouse_move,,,,,454.8,248.2,,,,,,mouse_tracking,,,,,,,,,,,/app/training,dev_6c3945cd-a562-4179-ae9a-ec1c8c010a88,,,,,,,,,,,,,,,,,,,,,,,,,,,,,,,,,,,,,,,,,,,,,,,,,,,,,,,,,,,,,,,,,,
training_event,training,468f03a2-d7c9-4701-abf8-bb2c692f696b,1547abe4-973c-4941-842b-e564b9281e5c,2026-08-29T10:37:18.269000+00:00,mouse_move,,,,,453.8,249.2,,,,,,mouse_tracking,,,,,,,,,,,/app/training,dev_6c3945cd-a562-4179-ae9a-ec1c8c010a88,,,,,,,,,,,,,,,,,,,,,,,,,,,,,,,,,,,,,,,,,,,,,,,,,,,,,,,,,,,,,,,,,,
training_event,training,468f03a2-d7c9-4701-abf8-bb2c692f696b,1547abe4-973c-4941-842b-e564b9281e5c,2026-08-29T10:37:18.285000+00:00,mouse_move,,,,,453.8,251.2,,,,,,mouse_tracking,,,,,,,,,,,/app/training,dev_6c3945cd-a562-4179-ae9a-ec1c8c010a88,,,,,,,,,,,,,,,,,,,,,,,,,,,,,,,,,,,,,,,,,,,,,,,,,,,,,,,,,,,,,,,,,,
training_event,training,468f03a2-d7c9-4701-abf8-bb2c692f696b,1547abe4-973c-4941-842b-e564b9281e5c,2026-08-29T10:37:18.301000+00:00,mouse_move,,,,,452.8,251.2,,,,,,mouse_tracking,,,,,,,,,,,/app/training,dev_6c3945cd-a562-4179-ae9a-ec1c8c010a88,,,,,,,,,,,,,,,,,,,,,,,,,,,,,,,,,,,,,,,,,,,,,,,,,,,,,,,,,,,,,,,,,,
training_event,training,468f03a2-d7c9-4701-abf8-bb2c692f696b,1547abe4-973c-4941-842b-e564b9281e5c,2026-08-29T10:37:18.318000+00:00,mouse_move,,,,,451.8,252.2,,,,,,mouse_tracking,,,,,,,,,,,/app/training,dev_6c3945cd-a562-4179-ae9a-ec1c8c010a88,,,,,,,,,,,,,,,,,,,,,,,,,,,,,,,,,,,,,,,,,,,,,,,,,,,,,,,,,,,,,,,,,,
training_event,training,468f03a2-d7c9-4701-abf8-bb2c692f696b,1547abe4-973c-4941-842b-e564b9281e5c,2026-08-29T10:37:18.336000+00:00,mouse_move,,,,,450.8,255.2,,,,,,mouse_tracking,,,,,,,,,,,/app/training,dev_6c3945cd-a562-4179-ae9a-ec1c8c010a88,,,,,,,,,,,,,,,,,,,,,,,,,,,,,,,,,,,,,,,,,,,,,,,,,,,,,,,,,,,,,,,,,,
training_event,training,468f03a2-d7c9-4701-abf8-bb2c692f696b,1547abe4-973c-4941-842b-e564b9281e5c,2026-08-29T10:37:18.352000+00:00,mouse_move,,,,,448.8,259.2,,,,,,mouse_tracking,,,,,,,,,,,/app/training,dev_6c3945cd-a562-4179-ae9a-ec1c8c010a88,,,,,,,,,,,,,,,,,,,,,,,,,,,,,,,,,,,,,,,,,,,,,,,,,,,,,,,,,,,,,,,,,,
training_event,training,468f03a2-d7c9-4701-abf8-bb2c692f696b,1547abe4-973c-4941-842b-e564b9281e5c,2026-08-29T10:37:18.369000+00:00,mouse_move,,,,,446.8,263.2,,,,,,mouse_tracking,,,,,,,,,,,/app/training,dev_6c3945cd-a562-4179-ae9a-ec1c8c010a88,,,,,,,,,,,,,,,,,,,,,,,,,,,,,,,,,,,,,,,,,,,,,,,,,,,,,,,,,,,,,,,,,,
training_event,training,468f03a2-d7c9-4701-abf8-bb2c692f696b,1547abe4-973c-4941-842b-e564b9281e5c,2026-08-29T10:37:18.385000+00:00,mouse_move,,,,,445.8,266.2,,,,,,mouse_tracking,,,,,,,,,,,/app/training,dev_6c3945cd-a562-4179-ae9a-ec1c8c010a88,,,,,,,,,,,,,,,,,,,,,,,,,,,,,,,,,,,,,,,,,,,,,,,,,,,,,,,,,,,,,,,,,,
training_event,training,468f03a2-d7c9-4701-abf8-bb2c692f696b,1547abe4-973c-4941-842b-e564b9281e5c,2026-08-29T10:37:18.402000+00:00,mouse_move,,,,,443.8,269.2,,,,,,mouse_tracking,,,,,,,,,,,/app/training,dev_6c3945cd-a562-4179-ae9a-ec1c8c010a88,,,,,,,,,,,,,,,,,,,,,,,,,,,,,,,,,,,,,,,,,,,,,,,,,,,,,,,,,,,,,,,,,,
training_event,training,468f03a2-d7c9-4701-abf8-bb2c692f696b,1547abe4-973c-4941-842b-e564b9281e5c,2026-08-29T10:37:18.418000+00:00,mouse_move,,,,,441.8,271.2,,,,,,mouse_tracking,,,,,,,,,,,/app/training,dev_6c3945cd-a562-4179-ae9a-ec1c8c010a88,,,,,,,,,,,,,,,,,,,,,,,,,,,,,,,,,,,,,,,,,,,,,,,,,,,,,,,,,,,,,,,,,,
training_event,training,468f03a2-d7c9-4701-abf8-bb2c692f696b,1547abe4-973c-4941-842b-e564b9281e5c,2026-08-29T10:37:18.436000+00:00,mouse_move,,,,,440.8,275.2,,,,,,mouse_tracking,,,,,,,,,,,/app/training,dev_6c3945cd-a562-4179-ae9a-ec1c8c010a88,,,,,,,,,,,,,,,,,,,,,,,,,,,,,,,,,,,,,,,,,,,,,,,,,,,,,,,,,,,,,,,,,,
training_event,training,468f03a2-d7c9-4701-abf8-bb2c692f696b,1547abe4-973c-4941-842b-e564b9281e5c,2026-08-29T10:37:18.452000+00:00,mouse_move,,,,,439.8,279.2,,,,,,mouse_tracking,,,,,,,,,,,/app/training,dev_6c3945cd-a562-4179-ae9a-ec1c8c010a88,,,,,,,,,,,,,,,,,,,,,,,,,,,,,,,,,,,,,,,,,,,,,,,,,,,,,,,,,,,,,,,,,,
training_event,training,468f03a2-d7c9-4701-abf8-bb2c692f696b,1547abe4-973c-4941-842b-e564b9281e5c,2026-08-29T10:37:18.469000+00:00,mouse_move,,,,,438.8,282.2,,,,,,mouse_tracking,,,,,,,,,,,/app/training,dev_6c3945cd-a562-4179-ae9a-ec1c8c010a88,,,,,,,,,,,,,,,,,,,,,,,,,,,,,,,,,,,,,,,,,,,,,,,,,,,,,,,,,,,,,,,,,,
training_event,training,468f03a2-d7c9-4701-abf8-bb2c692f696b,1547abe4-973c-4941-842b-e564b9281e5c,2026-08-29T10:37:18.484000+00:00,mouse_move,,,,,436.8,284.2,,,,,,mouse_tracking,,,,,,,,,,,/app/training,dev_6c3945cd-a562-4179-ae9a-ec1c8c010a88,,,,,,,,,,,,,,,,,,,,,,,,,,,,,,,,,,,,,,,,,,,,,,,,,,,,,,,,,,,,,,,,,,
training_event,training,468f03a2-d7c9-4701-abf8-bb2c692f696b,1547abe4-973c-4941-842b-e564b9281e5c,2026-08-29T10:37:18.502000+00:00,mouse_move,,,,,436.8,287.2,,,,,,mouse_tracking,,,,,,,,,,,/app/training,dev_6c3945cd-a562-4179-ae9a-ec1c8c010a88,,,,,,,,,,,,,,,,,,,,,,,,,,,,,,,,,,,,,,,,,,,,,,,,,,,,,,,,,,,,,,,,,,
training_event,training,468f03a2-d7c9-4701-abf8-bb2c692f696b,1547abe4-973c-4941-842b-e564b9281e5c,2026-08-29T10:37:18.518000+00:00,mouse_move,,,,,435.8,289.2,,,,,,mouse_tracking,,,,,,,,,,,/app/training,dev_6c3945cd-a562-4179-ae9a-ec1c8c010a88,,,,,,,,,,,,,,,,,,,,,,,,,,,,,,,,,,,,,,,,,,,,,,,,,,,,,,,,,,,,,,,,,,
training_event,training,468f03a2-d7c9-4701-abf8-bb2c692f696b,1547abe4-973c-4941-842b-e564b9281e5c,2026-08-29T10:37:18.535000+00:00,mouse_move,,,,,435.8,290.2,,,,,,mouse_tracking,,,,,,,,,,,/app/training,dev_6c3945cd-a562-4179-ae9a-ec1c8c010a88,,,,,,,,,,,,,,,,,,,,,,,,,,,,,,,,,,,,,,,,,,,,,,,,,,,,,,,,,,,,,,,,,,
training_event,training,468f03a2-d7c9-4701-abf8-bb2c692f696b,1547abe4-973c-4941-842b-e564b9281e5c,2026-08-29T10:37:18.552000+00:00,mouse_move,,,,,433.8,291.2,,,,,,mouse_tracking,,,,,,,,,,,/app/training,dev_6c3945cd-a562-4179-ae9a-ec1c8c010a88,,,,,,,,,,,,,,,,,,,,,,,,,,,,,,,,,,,,,,,,,,,,,,,,,,,,,,,,,,,,,,,,,,
training_event,training,468f03a2-d7c9-4701-abf8-bb2c692f696b,1547abe4-973c-4941-842b-e564b9281e5c,2026-08-29T10:37:18.818000+00:00,mouse_move,,,,,433.8,294.2,,,,,,mouse_tracking,,,,,,,,,,,/app/training,dev_6c3945cd-a562-4179-ae9a-ec1c8c010a88,,,,,,,,,,,,,,,,,,,,,,,,,,,,,,,,,,,,,,,,,,,,,,,,,,,,,,,,,,,,,,,,,,
training_event,training,468f03a2-d7c9-4701-abf8-bb2c692f696b,1547abe4-973c-4941-842b-e564b9281e5c,2026-08-29T10:37:18.836000+00:00,mouse_move,,,,,434.8,295.2,,,,,,mouse_tracking,,,,,,,,,,,/app/training,dev_6c3945cd-a562-4179-ae9a-ec1c8c010a88,,,,,,,,,,,,,,,,,,,,,,,,,,,,,,,,,,,,,,,,,,,,,,,,,,,,,,,,,,,,,,,,,,
training_event,training,468f03a2-d7c9-4701-abf8-bb2c692f696b,1547abe4-973c-4941-842b-e564b9281e5c,2026-08-29T10:37:18.853000+00:00,mouse_move,,,,,435.8,299.2,,,,,,mouse_tracking,,,,,,,,,,,/app/training,dev_6c3945cd-a562-4179-ae9a-ec1c8c010a88,,,,,,,,,,,,,,,,,,,,,,,,,,,,,,,,,,,,,,,,,,,,,,,,,,,,,,,,,,,,,,,,,,
training_event,training,468f03a2-d7c9-4701-abf8-bb2c692f696b,1547abe4-973c-4941-842b-e564b9281e5c,2026-08-29T10:37:18.869000+00:00,mouse_move,,,,,436.8,300.2,,,,,,mouse_tracking,,,,,,,,,,,/app/training,dev_6c3945cd-a562-4179-ae9a-ec1c8c010a88,,,,,,,,,,,,,,,,,,,,,,,,,,,,,,,,,,,,,,,,,,,,,,,,,,,,,,,,,,,,,,,,,,
training_event,training,468f03a2-d7c9-4701-abf8-bb2c692f696b,1547abe4-973c-4941-842b-e564b9281e5c,2026-08-29T10:37:18.885000+00:00,mouse_move,,,,,436.8,302.2,,,,,,mouse_tracking,,,,,,,,,,,/app/training,dev_6c3945cd-a562-4179-ae9a-ec1c8c010a88,,,,,,,,,,,,,,,,,,,,,,,,,,,,,,,,,,,,,,,,,,,,,,,,,,,,,,,,,,,,,,,,,,
training_event,training,468f03a2-d7c9-4701-abf8-bb2c692f696b,1547abe4-973c-4941-842b-e564b9281e5c,2026-08-29T10:37:18.901000+00:00,mouse_move,,,,,437.8,303.2,,,,,,mouse_tracking,,,,,,,,,,,/app/training,dev_6c3945cd-a562-4179-ae9a-ec1c8c010a88,,,,,,,,,,,,,,,,,,,,,,,,,,,,,,,,,,,,,,,,,,,,,,,,,,,,,,,,,,,,,,,,,,
training_event,training,468f03a2-d7c9-4701-abf8-bb2c692f696b,1547abe4-973c-4941-842b-e564b9281e5c,2026-08-29T10:37:18.918000+00:00,mouse_move,,,,,438.8,303.2,,,,,,mouse_tracking,,,,,,,,,,,/app/training,dev_6c3945cd-a562-4179-ae9a-ec1c8c010a88,,,,,,,,,,,,,,,,,,,,,,,,,,,,,,,,,,,,,,,,,,,,,,,,,,,,,,,,,,,,,,,,,,
training_event,training,468f03a2-d7c9-4701-abf8-bb2c692f696b,1547abe4-973c-4941-842b-e564b9281e5c,2026-08-29T10:37:18.952000+00:00,mouse_move,,,,,440.8,306.2,,,,,,mouse_tracking,,,,,,,,,,,/app/training,dev_6c3945cd-a562-4179-ae9a-ec1c8c010a88,,,,,,,,,,,,,,,,,,,,,,,,,,,,,,,,,,,,,,,,,,,,,,,,,,,,,,,,,,,,,,,,,,
training_event,training,468f03a2-d7c9-4701-abf8-bb2c692f696b,1547abe4-973c-4941-842b-e564b9281e5c,2026-08-29T10:37:18.985000+00:00,mouse_move,,,,,440.8,307.2,,,,,,mouse_tracking,,,,,,,,,,,/app/training,dev_6c3945cd-a562-4179-ae9a-ec1c8c010a88,,,,,,,,,,,,,,,,,,,,,,,,,,,,,,,,,,,,,,,,,,,,,,,,,,,,,,,,,,,,,,,,,,
training_event,training,468f03a2-d7c9-4701-abf8-bb2c692f696b,1547abe4-973c-4941-842b-e564b9281e5c,2026-08-29T10:37:19.068000+00:00,mouse_move,,,,,442.8,307.2,,,,,,mouse_tracking,,,,,,,,,,,/app/training,dev_6c3945cd-a562-4179-ae9a-ec1c8c010a88,,,,,,,,,,,,,,,,,,,,,,,,,,,,,,,,,,,,,,,,,,,,,,,,,,,,,,,,,,,,,,,,,,
training_event,training,468f03a2-d7c9-4701-abf8-bb2c692f696b,1547abe4-973c-4941-842b-e564b9281e5c,2026-08-29T10:37:19.085000+00:00,mouse_move,,,,,443.8,307.2,,,,,,mouse_tracking,,,,,,,,,,,/app/training,dev_6c3945cd-a562-4179-ae9a-ec1c8c010a88,,,,,,,,,,,,,,,,,,,,,,,,,,,,,,,,,,,,,,,,,,,,,,,,,,,,,,,,,,,,,,,,,,
training_event,training,468f03a2-d7c9-4701-abf8-bb2c692f696b,1547abe4-973c-4941-842b-e564b9281e5c,2026-08-29T10:37:19.118000+00:00,mouse_move,,,,,444.8,307.2,,,,,,mouse_tracking,,,,,,,,,,,/app/training,dev_6c3945cd-a562-4179-ae9a-ec1c8c010a88,,,,,,,,,,,,,,,,,,,,,,,,,,,,,,,,,,,,,,,,,,,,,,,,,,,,,,,,,,,,,,,,,,
training_event,training,468f03a2-d7c9-4701-abf8-bb2c692f696b,1547abe4-973c-4941-842b-e564b9281e5c,2026-08-29T10:37:19.152000+00:00,mouse_move,,,,,446.8,307.2,,,,,,mouse_tracking,,,,,,,,,,,/app/training,dev_6c3945cd-a562-4179-ae9a-ec1c8c010a88,,,,,,,,,,,,,,,,,,,,,,,,,,,,,,,,,,,,,,,,,,,,,,,,,,,,,,,,,,,,,,,,,,
training_event,training,468f03a2-d7c9-4701-abf8-bb2c692f696b,1547abe4-973c-4941-842b-e564b9281e5c,2026-08-29T10:37:19.185000+00:00,mouse_move,,,,,448.8,307.2,,,,,,mouse_tracking,,,,,,,,,,,/app/training,dev_6c3945cd-a562-4179-ae9a-ec1c8c010a88,,,,,,,,,,,,,,,,,,,,,,,,,,,,,,,,,,,,,,,,,,,,,,,,,,,,,,,,,,,,,,,,,,
training_event,training,468f03a2-d7c9-4701-abf8-bb2c692f696b,1547abe4-973c-4941-842b-e564b9281e5c,2026-08-29T10:37:19.251000+00:00,mouse_move,,,,,450.8,307.2,,,,,,mouse_tracking,,,,,,,,,,,/app/training,dev_6c3945cd-a562-4179-ae9a-ec1c8c010a88,,,,,,,,,,,,,,,,,,,,,,,,,,,,,,,,,,,,,,,,,,,,,,,,,,,,,,,,,,,,,,,,,,
training_event,training,468f03a2-d7c9-4701-abf8-bb2c692f696b,1547abe4-973c-4941-842b-e564b9281e5c,2026-08-29T10:37:19.401000+00:00,mouse_move,,,,,451.8,307.2,,,,,,mouse_tracking,,,,,,,,,,,/app/training,dev_6c3945cd-a562-4179-ae9a-ec1c8c010a88,,,,,,,,,,,,,,,,,,,,,,,,,,,,,,,,,,,,,,,,,,,,,,,,,,,,,,,,,,,,,,,,,,
training_event,training,468f03a2-d7c9-4701-abf8-bb2c692f696b,1547abe4-973c-4941-842b-e564b9281e5c,2026-08-29T10:37:19.468000+00:00,mouse_move,,,,,452.8,307.2,,,,,,mouse_tracking,,,,,,,,,,,/app/training,dev_6c3945cd-a562-4179-ae9a-ec1c8c010a88,,,,,,,,,,,,,,,,,,,,,,,,,,,,,,,,,,,,,,,,,,,,,,,,,,,,,,,,,,,,,,,,,,
training_event,training,468f03a2-d7c9-4701-abf8-bb2c692f696b,1547abe4-973c-4941-842b-e564b9281e5c,2026-08-29T10:37:19.551000+00:00,mouse_move,,,,,453.8,307.2,,,,,,mouse_tracking,,,,,,,,,,,/app/training,dev_6c3945cd-a562-4179-ae9a-ec1c8c010a88,,,,,,,,,,,,,,,,,,,,,,,,,,,,,,,,,,,,,,,,,,,,,,,,,,,,,,,,,,,,,,,,,,
training_event,training,468f03a2-d7c9-4701-abf8-bb2c692f696b,1547abe4-973c-4941-842b-e564b9281e5c,2026-08-29T10:37:20.551000+00:00,mouse_move,,,,,452.8,307.2,,,,,,mouse_tracking,,,,,,,,,,,/app/training,dev_6c3945cd-a562-4179-ae9a-ec1c8c010a88,,,,,,,,,,,,,,,,,,,,,,,,,,,,,,,,,,,,,,,,,,,,,,,,,,,,,,,,,,,,,,,,,,
training_event,training,468f03a2-d7c9-4701-abf8-bb2c692f696b,1547abe4-973c-4941-842b-e564b9281e5c,2026-08-29T10:37:20.567000+00:00,mouse_move,,,,,449.8,307.2,,,,,,mouse_tracking,,,,,,,,,,,/app/training,dev_6c3945cd-a562-4179-ae9a-ec1c8c010a88,,,,,,,,,,,,,,,,,,,,,,,,,,,,,,,,,,,,,,,,,,,,,,,,,,,,,,,,,,,,,,,,,,
training_event,training,468f03a2-d7c9-4701-abf8-bb2c692f696b,1547abe4-973c-4941-842b-e564b9281e5c,2026-08-29T10:37:20.584000+00:00,mouse_move,,,,,442.8,308.2,,,,,,mouse_tracking,,,,,,,,,,,/app/training,dev_6c3945cd-a562-4179-ae9a-ec1c8c010a88,,,,,,,,,,,,,,,,,,,,,,,,,,,,,,,,,,,,,,,,,,,,,,,,,,,,,,,,,,,,,,,,,,
training_event,training,468f03a2-d7c9-4701-abf8-bb2c692f696b,1547abe4-973c-4941-842b-e564b9281e5c,2026-08-29T10:37:20.601000+00:00,mouse_move,,,,,433.8,310.2,,,,,,mouse_tracking,,,,,,,,,,,/app/training,dev_6c3945cd-a562-4179-ae9a-ec1c8c010a88,,,,,,,,,,,,,,,,,,,,,,,,,,,,,,,,,,,,,,,,,,,,,,,,,,,,,,,,,,,,,,,,,,
training_event,training,468f03a2-d7c9-4701-abf8-bb2c692f696b,1547abe4-973c-4941-842b-e564b9281e5c,2026-08-29T10:37:20.619000+00:00,mouse_move,,,,,422.8,311.2,,,,,,mouse_tracking,,,,,,,,,,,/app/training,dev_6c3945cd-a562-4179-ae9a-ec1c8c010a88,,,,,,,,,,,,,,,,,,,,,,,,,,,,,,,,,,,,,,,,,,,,,,,,,,,,,,,,,,,,,,,,,,
training_event,training,468f03a2-d7c9-4701-abf8-bb2c692f696b,1547abe4-973c-4941-842b-e564b9281e5c,2026-08-29T10:37:20.634000+00:00,mouse_move,,,,,417.8,313.2,,,,,,mouse_tracking,,,,,,,,,,,/app/training,dev_6c3945cd-a562-4179-ae9a-ec1c8c010a88,,,,,,,,,,,,,,,,,,,,,,,,,,,,,,,,,,,,,,,,,,,,,,,,,,,,,,,,,,,,,,,,,,
training_event,training,468f03a2-d7c9-4701-abf8-bb2c692f696b,1547abe4-973c-4941-842b-e564b9281e5c,2026-08-29T10:37:20.651000+00:00,mouse_move,,,,,413.8,313.2,,,,,,mouse_tracking,,,,,,,,,,,/app/training,dev_6c3945cd-a562-4179-ae9a-ec1c8c010a88,,,,,,,,,,,,,,,,,,,,,,,,,,,,,,,,,,,,,,,,,,,,,,,,,,,,,,,,,,,,,,,,,,
training_event,training,468f03a2-d7c9-4701-abf8-bb2c692f696b,1547abe4-973c-4941-842b-e564b9281e5c,2026-08-29T10:37:20.668000+00:00,mouse_move,,,,,410.8,314.2,,,,,,mouse_tracking,,,,,,,,,,,/app/training,dev_6c3945cd-a562-4179-ae9a-ec1c8c010a88,,,,,,,,,,,,,,,,,,,,,,,,,,,,,,,,,,,,,,,,,,,,,,,,,,,,,,,,,,,,,,,,,,
training_event,training,468f03a2-d7c9-4701-abf8-bb2c692f696b,1547abe4-973c-4941-842b-e564b9281e5c,2026-08-29T10:37:20.684000+00:00,mouse_move,,,,,408.8,315.2,,,,,,mouse_tracking,,,,,,,,,,,/app/training,dev_6c3945cd-a562-4179-ae9a-ec1c8c010a88,,,,,,,,,,,,,,,,,,,,,,,,,,,,,,,,,,,,,,,,,,,,,,,,,,,,,,,,,,,,,,,,,,
training_event,training,468f03a2-d7c9-4701-abf8-bb2c692f696b,1547abe4-973c-4941-842b-e564b9281e5c,2026-08-29T10:37:20.701000+00:00,mouse_move,,,,,405.8,316.2,,,,,,mouse_tracking,,,,,,,,,,,/app/training,dev_6c3945cd-a562-4179-ae9a-ec1c8c010a88,,,,,,,,,,,,,,,,,,,,,,,,,,,,,,,,,,,,,,,,,,,,,,,,,,,,,,,,,,,,,,,,,,
training_event,training,468f03a2-d7c9-4701-abf8-bb2c692f696b,1547abe4-973c-4941-842b-e564b9281e5c,2026-08-29T10:37:20.718000+00:00,mouse_move,,,,,402.8,318.2,,,,,,mouse_tracking,,,,,,,,,,,/app/training,dev_6c3945cd-a562-4179-ae9a-ec1c8c010a88,,,,,,,,,,,,,,,,,,,,,,,,,,,,,,,,,,,,,,,,,,,,,,,,,,,,,,,,,,,,,,,,,,
training_event,training,468f03a2-d7c9-4701-abf8-bb2c692f696b,1547abe4-973c-4941-842b-e564b9281e5c,2026-08-29T10:37:20.734000+00:00,mouse_move,,,,,400.8,319.2,,,,,,mouse_tracking,,,,,,,,,,,/app/training,dev_6c3945cd-a562-4179-ae9a-ec1c8c010a88,,,,,,,,,,,,,,,,,,,,,,,,,,,,,,,,,,,,,,,,,,,,,,,,,,,,,,,,,,,,,,,,,,
training_event,training,468f03a2-d7c9-4701-abf8-bb2c692f696b,1547abe4-973c-4941-842b-e564b9281e5c,2026-08-29T10:37:20.751000+00:00,mouse_move,,,,,398.8,321.2,,,,,,mouse_tracking,,,,,,,,,,,/app/training,dev_6c3945cd-a562-4179-ae9a-ec1c8c010a88,,,,,,,,,,,,,,,,,,,,,,,,,,,,,,,,,,,,,,,,,,,,,,,,,,,,,,,,,,,,,,,,,,
training_event,training,468f03a2-d7c9-4701-abf8-bb2c692f696b,1547abe4-973c-4941-842b-e564b9281e5c,2026-08-29T10:37:20.768000+00:00,mouse_move,,,,,396.8,322.2,,,,,,mouse_tracking,,,,,,,,,,,/app/training,dev_6c3945cd-a562-4179-ae9a-ec1c8c010a88,,,,,,,,,,,,,,,,,,,,,,,,,,,,,,,,,,,,,,,,,,,,,,,,,,,,,,,,,,,,,,,,,,
training_event,training,468f03a2-d7c9-4701-abf8-bb2c692f696b,1547abe4-973c-4941-842b-e564b9281e5c,2026-08-29T10:37:20.785000+00:00,mouse_move,,,,,394.8,323.2,,,,,,mouse_tracking,,,,,,,,,,,/app/training,dev_6c3945cd-a562-4179-ae9a-ec1c8c010a88,,,,,,,,,,,,,,,,,,,,,,,,,,,,,,,,,,,,,,,,,,,,,,,,,,,,,,,,,,,,,,,,,,
training_event,training,468f03a2-d7c9-4701-abf8-bb2c692f696b,1547abe4-973c-4941-842b-e564b9281e5c,2026-08-29T10:37:20.801000+00:00,mouse_move,,,,,392.8,325.2,,,,,,mouse_tracking,,,,,,,,,,,/app/training,dev_6c3945cd-a562-4179-ae9a-ec1c8c010a88,,,,,,,,,,,,,,,,,,,,,,,,,,,,,,,,,,,,,,,,,,,,,,,,,,,,,,,,,,,,,,,,,,
training_event,training,468f03a2-d7c9-4701-abf8-bb2c692f696b,1547abe4-973c-4941-842b-e564b9281e5c,2026-08-29T10:37:20.817000+00:00,mouse_move,,,,,392.8,327.2,,,,,,mouse_tracking,,,,,,,,,,,/app/training,dev_6c3945cd-a562-4179-ae9a-ec1c8c010a88,,,,,,,,,,,,,,,,,,,,,,,,,,,,,,,,,,,,,,,,,,,,,,,,,,,,,,,,,,,,,,,,,,
training_event,training,468f03a2-d7c9-4701-abf8-bb2c692f696b,1547abe4-973c-4941-842b-e564b9281e5c,2026-08-29T10:37:20.834000+00:00,mouse_move,,,,,391.8,327.2,,,,,,mouse_tracking,,,,,,,,,,,/app/training,dev_6c3945cd-a562-4179-ae9a-ec1c8c010a88,,,,,,,,,,,,,,,,,,,,,,,,,,,,,,,,,,,,,,,,,,,,,,,,,,,,,,,,,,,,,,,,,,
training_event,training,468f03a2-d7c9-4701-abf8-bb2c692f696b,1547abe4-973c-4941-842b-e564b9281e5c,2026-08-29T10:37:20.851000+00:00,mouse_move,,,,,389.8,329.2,,,,,,mouse_tracking,,,,,,,,,,,/app/training,dev_6c3945cd-a562-4179-ae9a-ec1c8c010a88,,,,,,,,,,,,,,,,,,,,,,,,,,,,,,,,,,,,,,,,,,,,,,,,,,,,,,,,,,,,,,,,,,
training_event,training,468f03a2-d7c9-4701-abf8-bb2c692f696b,1547abe4-973c-4941-842b-e564b9281e5c,2026-08-29T10:37:20.868000+00:00,mouse_move,,,,,388.8,330.2,,,,,,mouse_tracking,,,,,,,,,,,/app/training,dev_6c3945cd-a562-4179-ae9a-ec1c8c010a88,,,,,,,,,,,,,,,,,,,,,,,,,,,,,,,,,,,,,,,,,,,,,,,,,,,,,,,,,,,,,,,,,,
training_event,training,468f03a2-d7c9-4701-abf8-bb2c692f696b,1547abe4-973c-4941-842b-e564b9281e5c,2026-08-29T10:37:20.886000+00:00,mouse_move,,,,,387.8,331.2,,,,,,mouse_tracking,,,,,,,,,,,/app/training,dev_6c3945cd-a562-4179-ae9a-ec1c8c010a88,,,,,,,,,,,,,,,,,,,,,,,,,,,,,,,,,,,,,,,,,,,,,,,,,,,,,,,,,,,,,,,,,,
training_event,training,468f03a2-d7c9-4701-abf8-bb2c692f696b,1547abe4-973c-4941-842b-e564b9281e5c,2026-08-29T10:37:20.902000+00:00,mouse_move,,,,,384.8,333.2,,,,,,mouse_tracking,,,,,,,,,,,/app/training,dev_6c3945cd-a562-4179-ae9a-ec1c8c010a88,,,,,,,,,,,,,,,,,,,,,,,,,,,,,,,,,,,,,,,,,,,,,,,,,,,,,,,,,,,,,,,,,,
training_event,training,468f03a2-d7c9-4701-abf8-bb2c692f696b,1547abe4-973c-4941-842b-e564b9281e5c,2026-08-29T10:37:20.918000+00:00,mouse_move,,,,,382.8,335.2,,,,,,mouse_tracking,,,,,,,,,,,/app/training,dev_6c3945cd-a562-4179-ae9a-ec1c8c010a88,,,,,,,,,,,,,,,,,,,,,,,,,,,,,,,,,,,,,,,,,,,,,,,,,,,,,,,,,,,,,,,,,,
training_event,training,468f03a2-d7c9-4701-abf8-bb2c692f696b,1547abe4-973c-4941-842b-e564b9281e5c,2026-08-29T10:37:20.934000+00:00,mouse_move,,,,,380.8,337.2,,,,,,mouse_tracking,,,,,,,,,,,/app/training,dev_6c3945cd-a562-4179-ae9a-ec1c8c010a88,,,,,,,,,,,,,,,,,,,,,,,,,,,,,,,,,,,,,,,,,,,,,,,,,,,,,,,,,,,,,,,,,,
training_event,training,468f03a2-d7c9-4701-abf8-bb2c692f696b,1547abe4-973c-4941-842b-e564b9281e5c,2026-08-29T10:37:20.951000+00:00,mouse_move,,,,,376.8,338.2,,,,,,mouse_tracking,,,,,,,,,,,/app/training,dev_6c3945cd-a562-4179-ae9a-ec1c8c010a88,,,,,,,,,,,,,,,,,,,,,,,,,,,,,,,,,,,,,,,,,,,,,,,,,,,,,,,,,,,,,,,,,,
training_event,training,468f03a2-d7c9-4701-abf8-bb2c692f696b,1547abe4-973c-4941-842b-e564b9281e5c,2026-08-29T10:37:20.968000+00:00,mouse_move,,,,,375.8,340.2,,,,,,mouse_tracking,,,,,,,,,,,/app/training,dev_6c3945cd-a562-4179-ae9a-ec1c8c010a88,,,,,,,,,,,,,,,,,,,,,,,,,,,,,,,,,,,,,,,,,,,,,,,,,,,,,,,,,,,,,,,,,,
training_event,training,468f03a2-d7c9-4701-abf8-bb2c692f696b,1547abe4-973c-4941-842b-e564b9281e5c,2026-08-29T10:37:20.986000+00:00,mouse_move,,,,,372.8,342.2,,,,,,mouse_tracking,,,,,,,,,,,/app/training,dev_6c3945cd-a562-4179-ae9a-ec1c8c010a88,,,,,,,,,,,,,,,,,,,,,,,,,,,,,,,,,,,,,,,,,,,,,,,,,,,,,,,,,,,,,,,,,,
training_event,training,468f03a2-d7c9-4701-abf8-bb2c692f696b,1547abe4-973c-4941-842b-e564b9281e5c,2026-08-29T10:37:21.001000+00:00,mouse_move,,,,,369.8,343.2,,,,,,mouse_tracking,,,,,,,,,,,/app/training,dev_6c3945cd-a562-4179-ae9a-ec1c8c010a88,,,,,,,,,,,,,,,,,,,,,,,,,,,,,,,,,,,,,,,,,,,,,,,,,,,,,,,,,,,,,,,,,,
training_event,training,468f03a2-d7c9-4701-abf8-bb2c692f696b,1547abe4-973c-4941-842b-e564b9281e5c,2026-08-29T10:37:21.018000+00:00,mouse_move,,,,,368.8,344.2,,,,,,mouse_tracking,,,,,,,,,,,/app/training,dev_6c3945cd-a562-4179-ae9a-ec1c8c010a88,,,,,,,,,,,,,,,,,,,,,,,,,,,,,,,,,,,,,,,,,,,,,,,,,,,,,,,,,,,,,,,,,,
training_event,training,468f03a2-d7c9-4701-abf8-bb2c692f696b,1547abe4-973c-4941-842b-e564b9281e5c,2026-08-29T10:37:21.034000+00:00,mouse_move,,,,,367.8,345.2,,,,,,mouse_tracking,,,,,,,,,,,/app/training,dev_6c3945cd-a562-4179-ae9a-ec1c8c010a88,,,,,,,,,,,,,,,,,,,,,,,,,,,,,,,,,,,,,,,,,,,,,,,,,,,,,,,,,,,,,,,,,,
training_event,training,468f03a2-d7c9-4701-abf8-bb2c692f696b,1547abe4-973c-4941-842b-e564b9281e5c,2026-08-29T10:37:21.051000+00:00,mouse_move,,,,,366.8,345.2,,,,,,mouse_tracking,,,,,,,,,,,/app/training,dev_6c3945cd-a562-4179-ae9a-ec1c8c010a88,,,,,,,,,,,,,,,,,,,,,,,,,,,,,,,,,,,,,,,,,,,,,,,,,,,,,,,,,,,,,,,,,,
training_event,training,468f03a2-d7c9-4701-abf8-bb2c692f696b,1547abe4-973c-4941-842b-e564b9281e5c,2026-08-29T10:37:21.084000+00:00,mouse_move,,,,,364.8,345.2,,,,,,mouse_tracking,,,,,,,,,,,/app/training,dev_6c3945cd-a562-4179-ae9a-ec1c8c010a88,,,,,,,,,,,,,,,,,,,,,,,,,,,,,,,,,,,,,,,,,,,,,,,,,,,,,,,,,,,,,,,,,,
training_event,training,468f03a2-d7c9-4701-abf8-bb2c692f696b,1547abe4-973c-4941-842b-e564b9281e5c,2026-08-29T10:37:21.150000+00:00,mouse_move,,,,,363.8,345.2,,,,,,mouse_tracking,,,,,,,,,,,/app/training,dev_6c3945cd-a562-4179-ae9a-ec1c8c010a88,,,,,,,,,,,,,,,,,,,,,,,,,,,,,,,,,,,,,,,,,,,,,,,,,,,,,,,,,,,,,,,,,,
training_event,training,468f03a2-d7c9-4701-abf8-bb2c692f696b,1547abe4-973c-4941-842b-e564b9281e5c,2026-08-29T10:37:21.184000+00:00,mouse_move,,,,,363.8,346.2,,,,,,mouse_tracking,,,,,,,,,,,/app/training,dev_6c3945cd-a562-4179-ae9a-ec1c8c010a88,,,,,,,,,,,,,,,,,,,,,,,,,,,,,,,,,,,,,,,,,,,,,,,,,,,,,,,,,,,,,,,,,,
training_event,training,468f03a2-d7c9-4701-abf8-bb2c692f696b,1547abe4-973c-4941-842b-e564b9281e5c,2026-08-29T10:37:21.201000+00:00,mouse_move,,,,,361.8,347.2,,,,,,mouse_tracking,,,,,,,,,,,/app/training,dev_6c3945cd-a562-4179-ae9a-ec1c8c010a88,,,,,,,,,,,,,,,,,,,,,,,,,,,,,,,,,,,,,,,,,,,,,,,,,,,,,,,,,,,,,,,,,,
training_event,training,468f03a2-d7c9-4701-abf8-bb2c692f696b,1547abe4-973c-4941-842b-e564b9281e5c,2026-08-29T10:37:21.217000+00:00,mouse_move,,,,,360.8,347.2,,,,,,mouse_tracking,,,,,,,,,,,/app/training,dev_6c3945cd-a562-4179-ae9a-ec1c8c010a88,,,,,,,,,,,,,,,,,,,,,,,,,,,,,,,,,,,,,,,,,,,,,,,,,,,,,,,,,,,,,,,,,,
training_event,training,468f03a2-d7c9-4701-abf8-bb2c692f696b,1547abe4-973c-4941-842b-e564b9281e5c,2026-08-29T10:37:21.234000+00:00,mouse_move,,,,,359.8,348.2,,,,,,mouse_tracking,,,,,,,,,,,/app/training,dev_6c3945cd-a562-4179-ae9a-ec1c8c010a88,,,,,,,,,,,,,,,,,,,,,,,,,,,,,,,,,,,,,,,,,,,,,,,,,,,,,,,,,,,,,,,,,,
training_event,training,468f03a2-d7c9-4701-abf8-bb2c692f696b,1547abe4-973c-4941-842b-e564b9281e5c,2026-08-29T10:37:21.251000+00:00,mouse_move,,,,,358.8,348.2,,,,,,mouse_tracking,,,,,,,,,,,/app/training,dev_6c3945cd-a562-4179-ae9a-ec1c8c010a88,,,,,,,,,,,,,,,,,,,,,,,,,,,,,,,,,,,,,,,,,,,,,,,,,,,,,,,,,,,,,,,,,,
training_event,training,468f03a2-d7c9-4701-abf8-bb2c692f696b,1547abe4-973c-4941-842b-e564b9281e5c,2026-08-29T10:37:21.267000+00:00,mouse_move,,,,,358.8,350.2,,,,,,mouse_tracking,,,,,,,,,,,/app/training,dev_6c3945cd-a562-4179-ae9a-ec1c8c010a88,,,,,,,,,,,,,,,,,,,,,,,,,,,,,,,,,,,,,,,,,,,,,,,,,,,,,,,,,,,,,,,,,,
training_event,training,468f03a2-d7c9-4701-abf8-bb2c692f696b,1547abe4-973c-4941-842b-e564b9281e5c,2026-08-29T10:37:21.284000+00:00,mouse_move,,,,,357.8,350.2,,,,,,mouse_tracking,,,,,,,,,,,/app/training,dev_6c3945cd-a562-4179-ae9a-ec1c8c010a88,,,,,,,,,,,,,,,,,,,,,,,,,,,,,,,,,,,,,,,,,,,,,,,,,,,,,,,,,,,,,,,,,,
training_event,training,468f03a2-d7c9-4701-abf8-bb2c692f696b,1547abe4-973c-4941-842b-e564b9281e5c,2026-08-29T10:37:21.301000+00:00,mouse_move,,,,,356.8,351.2,,,,,,mouse_tracking,,,,,,,,,,,/app/training,dev_6c3945cd-a562-4179-ae9a-ec1c8c010a88,,,,,,,,,,,,,,,,,,,,,,,,,,,,,,,,,,,,,,,,,,,,,,,,,,,,,,,,,,,,,,,,,,
training_event,training,468f03a2-d7c9-4701-abf8-bb2c692f696b,1547abe4-973c-4941-842b-e564b9281e5c,2026-08-29T10:37:22.417000+00:00,mouse_move,,,,,352.8,350.2,,,,,,mouse_tracking,,,,,,,,,,,/app/training,dev_6c3945cd-a562-4179-ae9a-ec1c8c010a88,,,,,,,,,,,,,,,,,,,,,,,,,,,,,,,,,,,,,,,,,,,,,,,,,,,,,,,,,,,,,,,,,,
training_event,training,468f03a2-d7c9-4701-abf8-bb2c692f696b,1547abe4-973c-4941-842b-e564b9281e5c,2026-08-29T10:37:22.434000+00:00,mouse_move,,,,,347.8,346.2,,,,,,mouse_tracking,,,,,,,,,,,/app/training,dev_6c3945cd-a562-4179-ae9a-ec1c8c010a88,,,,,,,,,,,,,,,,,,,,,,,,,,,,,,,,,,,,,,,,,,,,,,,,,,,,,,,,,,,,,,,,,,
training_event,training,468f03a2-d7c9-4701-abf8-bb2c692f696b,1547abe4-973c-4941-842b-e564b9281e5c,2026-08-29T10:37:22.450000+00:00,mouse_move,,,,,339.8,340.2,,,,,,mouse_tracking,,,,,,,,,,,/app/training,dev_6c3945cd-a562-4179-ae9a-ec1c8c010a88,,,,,,,,,,,,,,,,,,,,,,,,,,,,,,,,,,,,,,,,,,,,,,,,,,,,,,,,,,,,,,,,,,
training_event,training,468f03a2-d7c9-4701-abf8-bb2c692f696b,1547abe4-973c-4941-842b-e564b9281e5c,2026-08-29T10:37:22.468000+00:00,mouse_move,,,,,332.8,334.2,,,,,,mouse_tracking,,,,,,,,,,,/app/training,dev_6c3945cd-a562-4179-ae9a-ec1c8c010a88,,,,,,,,,,,,,,,,,,,,,,,,,,,,,,,,,,,,,,,,,,,,,,,,,,,,,,,,,,,,,,,,,,
training_event,training,468f03a2-d7c9-4701-abf8-bb2c692f696b,1547abe4-973c-4941-842b-e564b9281e5c,2026-08-29T10:37:22.484000+00:00,mouse_move,,,,,322.8,328.2,,,,,,mouse_tracking,,,,,,,,,,,/app/training,dev_6c3945cd-a562-4179-ae9a-ec1c8c010a88,,,,,,,,,,,,,,,,,,,,,,,,,,,,,,,,,,,,,,,,,,,,,,,,,,,,,,,,,,,,,,,,,,
training_event,training,468f03a2-d7c9-4701-abf8-bb2c692f696b,1547abe4-973c-4941-842b-e564b9281e5c,2026-08-29T10:37:22.500000+00:00,mouse_move,,,,,318.8,327.2,,,,,,mouse_tracking,,,,,,,,,,,/app/training,dev_6c3945cd-a562-4179-ae9a-ec1c8c010a88,,,,,,,,,,,,,,,,,,,,,,,,,,,,,,,,,,,,,,,,,,,,,,,,,,,,,,,,,,,,,,,,,,
training_event,training,468f03a2-d7c9-4701-abf8-bb2c692f696b,1547abe4-973c-4941-842b-e564b9281e5c,2026-08-29T10:37:22.517000+00:00,mouse_move,,,,,315.8,327.2,,,,,,mouse_tracking,,,,,,,,,,,/app/training,dev_6c3945cd-a562-4179-ae9a-ec1c8c010a88,,,,,,,,,,,,,,,,,,,,,,,,,,,,,,,,,,,,,,,,,,,,,,,,,,,,,,,,,,,,,,,,,,
training_event,training,468f03a2-d7c9-4701-abf8-bb2c692f696b,1547abe4-973c-4941-842b-e564b9281e5c,2026-08-29T10:37:22.534000+00:00,mouse_move,,,,,313.8,325.2,,,,,,mouse_tracking,,,,,,,,,,,/app/training,dev_6c3945cd-a562-4179-ae9a-ec1c8c010a88,,,,,,,,,,,,,,,,,,,,,,,,,,,,,,,,,,,,,,,,,,,,,,,,,,,,,,,,,,,,,,,,,,
training_event,training,468f03a2-d7c9-4701-abf8-bb2c692f696b,1547abe4-973c-4941-842b-e564b9281e5c,2026-08-29T10:37:22.551000+00:00,mouse_move,,,,,311.8,324.2,,,,,,mouse_tracking,,,,,,,,,,,/app/training,dev_6c3945cd-a562-4179-ae9a-ec1c8c010a88,,,,,,,,,,,,,,,,,,,,,,,,,,,,,,,,,,,,,,,,,,,,,,,,,,,,,,,,,,,,,,,,,,
training_event,training,468f03a2-d7c9-4701-abf8-bb2c692f696b,1547abe4-973c-4941-842b-e564b9281e5c,2026-08-29T10:37:22.567000+00:00,mouse_move,,,,,309.8,324.2,,,,,,mouse_tracking,,,,,,,,,,,/app/training,dev_6c3945cd-a562-4179-ae9a-ec1c8c010a88,,,,,,,,,,,,,,,,,,,,,,,,,,,,,,,,,,,,,,,,,,,,,,,,,,,,,,,,,,,,,,,,,,
training_event,training,468f03a2-d7c9-4701-abf8-bb2c692f696b,1547abe4-973c-4941-842b-e564b9281e5c,2026-08-29T10:37:22.584000+00:00,mouse_move,,,,,307.8,324.2,,,,,,mouse_tracking,,,,,,,,,,,/app/training,dev_6c3945cd-a562-4179-ae9a-ec1c8c010a88,,,,,,,,,,,,,,,,,,,,,,,,,,,,,,,,,,,,,,,,,,,,,,,,,,,,,,,,,,,,,,,,,,
training_event,training,468f03a2-d7c9-4701-abf8-bb2c692f696b,1547abe4-973c-4941-842b-e564b9281e5c,2026-08-29T10:37:22.600000+00:00,mouse_move,,,,,304.8,324.2,,,,,,mouse_tracking,,,,,,,,,,,/app/training,dev_6c3945cd-a562-4179-ae9a-ec1c8c010a88,,,,,,,,,,,,,,,,,,,,,,,,,,,,,,,,,,,,,,,,,,,,,,,,,,,,,,,,,,,,,,,,,,
training_event,training,468f03a2-d7c9-4701-abf8-bb2c692f696b,1547abe4-973c-4941-842b-e564b9281e5c,2026-08-29T10:37:22.617000+00:00,mouse_move,,,,,303.8,324.2,,,,,,mouse_tracking,,,,,,,,,,,/app/training,dev_6c3945cd-a562-4179-ae9a-ec1c8c010a88,,,,,,,,,,,,,,,,,,,,,,,,,,,,,,,,,,,,,,,,,,,,,,,,,,,,,,,,,,,,,,,,,,
training_event,training,468f03a2-d7c9-4701-abf8-bb2c692f696b,1547abe4-973c-4941-842b-e564b9281e5c,2026-08-29T10:37:22.634000+00:00,mouse_move,,,,,302.8,324.2,,,,,,mouse_tracking,,,,,,,,,,,/app/training,dev_6c3945cd-a562-4179-ae9a-ec1c8c010a88,,,,,,,,,,,,,,,,,,,,,,,,,,,,,,,,,,,,,,,,,,,,,,,,,,,,,,,,,,,,,,,,,,
training_event,training,468f03a2-d7c9-4701-abf8-bb2c692f696b,1547abe4-973c-4941-842b-e564b9281e5c,2026-08-29T10:37:22.651000+00:00,mouse_move,,,,,301.8,324.2,,,,,,mouse_tracking,,,,,,,,,,,/app/training,dev_6c3945cd-a562-4179-ae9a-ec1c8c010a88,,,,,,,,,,,,,,,,,,,,,,,,,,,,,,,,,,,,,,,,,,,,,,,,,,,,,,,,,,,,,,,,,,
training_event,training,468f03a2-d7c9-4701-abf8-bb2c692f696b,1547abe4-973c-4941-842b-e564b9281e5c,2026-08-29T10:37:22.684000+00:00,mouse_move,,,,,300.8,324.2,,,,,,mouse_tracking,,,,,,,,,,,/app/training,dev_6c3945cd-a562-4179-ae9a-ec1c8c010a88,,,,,,,,,,,,,,,,,,,,,,,,,,,,,,,,,,,,,,,,,,,,,,,,,,,,,,,,,,,,,,,,,,
training_event,training,468f03a2-d7c9-4701-abf8-bb2c692f696b,1547abe4-973c-4941-842b-e564b9281e5c,2026-08-29T10:37:22.700000+00:00,mouse_move,,,,,299.8,323.2,,,,,,mouse_tracking,,,,,,,,,,,/app/training,dev_6c3945cd-a562-4179-ae9a-ec1c8c010a88,,,,,,,,,,,,,,,,,,,,,,,,,,,,,,,,,,,,,,,,,,,,,,,,,,,,,,,,,,,,,,,,,,
training_event,training,468f03a2-d7c9-4701-abf8-bb2c692f696b,1547abe4-973c-4941-842b-e564b9281e5c,2026-08-29T10:37:22.717000+00:00,mouse_move,,,,,299.8,322.2,,,,,,mouse_tracking,,,,,,,,,,,/app/training,dev_6c3945cd-a562-4179-ae9a-ec1c8c010a88,,,,,,,,,,,,,,,,,,,,,,,,,,,,,,,,,,,,,,,,,,,,,,,,,,,,,,,,,,,,,,,,,,
training_event,training,468f03a2-d7c9-4701-abf8-bb2c692f696b,1547abe4-973c-4941-842b-e564b9281e5c,2026-08-29T10:37:22.733000+00:00,mouse_move,,,,,297.8,322.2,,,,,,mouse_tracking,,,,,,,,,,,/app/training,dev_6c3945cd-a562-4179-ae9a-ec1c8c010a88,,,,,,,,,,,,,,,,,,,,,,,,,,,,,,,,,,,,,,,,,,,,,,,,,,,,,,,,,,,,,,,,,,
training_event,training,468f03a2-d7c9-4701-abf8-bb2c692f696b,1547abe4-973c-4941-842b-e564b9281e5c,2026-08-29T10:37:22.751000+00:00,mouse_move,,,,,296.8,320.2,,,,,,mouse_tracking,,,,,,,,,,,/app/training,dev_6c3945cd-a562-4179-ae9a-ec1c8c010a88,,,,,,,,,,,,,,,,,,,,,,,,,,,,,,,,,,,,,,,,,,,,,,,,,,,,,,,,,,,,,,,,,,
training_event,training,468f03a2-d7c9-4701-abf8-bb2c692f696b,1547abe4-973c-4941-842b-e564b9281e5c,2026-08-29T10:37:22.767000+00:00,mouse_move,,,,,294.8,319.2,,,,,,mouse_tracking,,,,,,,,,,,/app/training,dev_6c3945cd-a562-4179-ae9a-ec1c8c010a88,,,,,,,,,,,,,,,,,,,,,,,,,,,,,,,,,,,,,,,,,,,,,,,,,,,,,,,,,,,,,,,,,,
training_event,training,468f03a2-d7c9-4701-abf8-bb2c692f696b,1547abe4-973c-4941-842b-e564b9281e5c,2026-08-29T10:37:22.784000+00:00,mouse_move,,,,,292.8,316.2,,,,,,mouse_tracking,,,,,,,,,,,/app/training,dev_6c3945cd-a562-4179-ae9a-ec1c8c010a88,,,,,,,,,,,,,,,,,,,,,,,,,,,,,,,,,,,,,,,,,,,,,,,,,,,,,,,,,,,,,,,,,,
training_event,training,468f03a2-d7c9-4701-abf8-bb2c692f696b,1547abe4-973c-4941-842b-e564b9281e5c,2026-08-29T10:37:22.800000+00:00,mouse_move,,,,,291.8,315.2,,,,,,mouse_tracking,,,,,,,,,,,/app/training,dev_6c3945cd-a562-4179-ae9a-ec1c8c010a88,,,,,,,,,,,,,,,,,,,,,,,,,,,,,,,,,,,,,,,,,,,,,,,,,,,,,,,,,,,,,,,,,,
training_event,training,468f03a2-d7c9-4701-abf8-bb2c692f696b,1547abe4-973c-4941-842b-e564b9281e5c,2026-08-29T10:37:22.816000+00:00,mouse_move,,,,,288.8,314.2,,,,,,mouse_tracking,,,,,,,,,,,/app/training,dev_6c3945cd-a562-4179-ae9a-ec1c8c010a88,,,,,,,,,,,,,,,,,,,,,,,,,,,,,,,,,,,,,,,,,,,,,,,,,,,,,,,,,,,,,,,,,,
training_event,training,468f03a2-d7c9-4701-abf8-bb2c692f696b,1547abe4-973c-4941-842b-e564b9281e5c,2026-08-29T10:37:22.834000+00:00,mouse_move,,,,,288.8,312.2,,,,,,mouse_tracking,,,,,,,,,,,/app/training,dev_6c3945cd-a562-4179-ae9a-ec1c8c010a88,,,,,,,,,,,,,,,,,,,,,,,,,,,,,,,,,,,,,,,,,,,,,,,,,,,,,,,,,,,,,,,,,,
training_event,training,468f03a2-d7c9-4701-abf8-bb2c692f696b,1547abe4-973c-4941-842b-e564b9281e5c,2026-08-29T10:37:22.850000+00:00,mouse_move,,,,,288.8,311.2,,,,,,mouse_tracking,,,,,,,,,,,/app/training,dev_6c3945cd-a562-4179-ae9a-ec1c8c010a88,,,,,,,,,,,,,,,,,,,,,,,,,,,,,,,,,,,,,,,,,,,,,,,,,,,,,,,,,,,,,,,,,,
training_event,training,468f03a2-d7c9-4701-abf8-bb2c692f696b,1547abe4-973c-4941-842b-e564b9281e5c,2026-08-29T10:37:22.867000+00:00,mouse_move,,,,,286.8,311.2,,,,,,mouse_tracking,,,,,,,,,,,/app/training,dev_6c3945cd-a562-4179-ae9a-ec1c8c010a88,,,,,,,,,,,,,,,,,,,,,,,,,,,,,,,,,,,,,,,,,,,,,,,,,,,,,,,,,,,,,,,,,,
training_event,training,468f03a2-d7c9-4701-abf8-bb2c692f696b,1547abe4-973c-4941-842b-e564b9281e5c,2026-08-29T10:37:22.900000+00:00,mouse_move,,,,,285.8,311.2,,,,,,mouse_tracking,,,,,,,,,,,/app/training,dev_6c3945cd-a562-4179-ae9a-ec1c8c010a88,,,,,,,,,,,,,,,,,,,,,,,,,,,,,,,,,,,,,,,,,,,,,,,,,,,,,,,,,,,,,,,,,,
training_event,training,468f03a2-d7c9-4701-abf8-bb2c692f696b,1547abe4-973c-4941-842b-e564b9281e5c,2026-08-29T10:37:22.917000+00:00,mouse_move,,,,,284.8,311.2,,,,,,mouse_tracking,,,,,,,,,,,/app/training,dev_6c3945cd-a562-4179-ae9a-ec1c8c010a88,,,,,,,,,,,,,,,,,,,,,,,,,,,,,,,,,,,,,,,,,,,,,,,,,,,,,,,,,,,,,,,,,,
training_event,training,468f03a2-d7c9-4701-abf8-bb2c692f696b,1547abe4-973c-4941-842b-e564b9281e5c,2026-08-29T10:37:22.967000+00:00,mouse_move,,,,,283.8,311.2,,,,,,mouse_tracking,,,,,,,,,,,/app/training,dev_6c3945cd-a562-4179-ae9a-ec1c8c010a88,,,,,,,,,,,,,,,,,,,,,,,,,,,,,,,,,,,,,,,,,,,,,,,,,,,,,,,,,,,,,,,,,,
training_event,training,468f03a2-d7c9-4701-abf8-bb2c692f696b,1547abe4-973c-4941-842b-e564b9281e5c,2026-08-29T10:37:23.034000+00:00,mouse_move,,,,,281.8,311.2,,,,,,mouse_tracking,,,,,,,,,,,/app/training,dev_6c3945cd-a562-4179-ae9a-ec1c8c010a88,,,,,,,,,,,,,,,,,,,,,,,,,,,,,,,,,,,,,,,,,,,,,,,,,,,,,,,,,,,,,,,,,,
training_event,training,468f03a2-d7c9-4701-abf8-bb2c692f696b,1547abe4-973c-4941-842b-e564b9281e5c,2026-08-29T10:37:23.067000+00:00,mouse_move,,,,,280.8,311.2,,,,,,mouse_tracking,,,,,,,,,,,/app/training,dev_6c3945cd-a562-4179-ae9a-ec1c8c010a88,,,,,,,,,,,,,,,,,,,,,,,,,,,,,,,,,,,,,,,,,,,,,,,,,,,,,,,,,,,,,,,,,,
training_event,training,468f03a2-d7c9-4701-abf8-bb2c692f696b,1547abe4-973c-4941-842b-e564b9281e5c,2026-08-29T10:37:23.100000+00:00,mouse_move,,,,,278.8,309.2,,,,,,mouse_tracking,,,,,,,,,,,/app/training,dev_6c3945cd-a562-4179-ae9a-ec1c8c010a88,,,,,,,,,,,,,,,,,,,,,,,,,,,,,,,,,,,,,,,,,,,,,,,,,,,,,,,,,,,,,,,,,,
training_event,training,468f03a2-d7c9-4701-abf8-bb2c692f696b,1547abe4-973c-4941-842b-e564b9281e5c,2026-08-29T10:37:23.116000+00:00,mouse_move,,,,,277.8,308.2,,,,,,mouse_tracking,,,,,,,,,,,/app/training,dev_6c3945cd-a562-4179-ae9a-ec1c8c010a88,,,,,,,,,,,,,,,,,,,,,,,,,,,,,,,,,,,,,,,,,,,,,,,,,,,,,,,,,,,,,,,,,,
training_event,training,468f03a2-d7c9-4701-abf8-bb2c692f696b,1547abe4-973c-4941-842b-e564b9281e5c,2026-08-29T10:37:23.133000+00:00,mouse_move,,,,,276.8,308.2,,,,,,mouse_tracking,,,,,,,,,,,/app/training,dev_6c3945cd-a562-4179-ae9a-ec1c8c010a88,,,,,,,,,,,,,,,,,,,,,,,,,,,,,,,,,,,,,,,,,,,,,,,,,,,,,,,,,,,,,,,,,,
training_event,training,468f03a2-d7c9-4701-abf8-bb2c692f696b,1547abe4-973c-4941-842b-e564b9281e5c,2026-08-29T10:37:23.150000+00:00,mouse_move,,,,,275.8,307.2,,,,,,mouse_tracking,,,,,,,,,,,/app/training,dev_6c3945cd-a562-4179-ae9a-ec1c8c010a88,,,,,,,,,,,,,,,,,,,,,,,,,,,,,,,,,,,,,,,,,,,,,,,,,,,,,,,,,,,,,,,,,,
training_event,training,468f03a2-d7c9-4701-abf8-bb2c692f696b,1547abe4-973c-4941-842b-e564b9281e5c,2026-08-29T10:37:23.183000+00:00,mouse_move,,,,,273.8,307.2,,,,,,mouse_tracking,,,,,,,,,,,/app/training,dev_6c3945cd-a562-4179-ae9a-ec1c8c010a88,,,,,,,,,,,,,,,,,,,,,,,,,,,,,,,,,,,,,,,,,,,,,,,,,,,,,,,,,,,,,,,,,,
training_event,training,468f03a2-d7c9-4701-abf8-bb2c692f696b,1547abe4-973c-4941-842b-e564b9281e5c,2026-08-29T10:37:23.216000+00:00,mouse_move,,,,,272.8,307.2,,,,,,mouse_tracking,,,,,,,,,,,/app/training,dev_6c3945cd-a562-4179-ae9a-ec1c8c010a88,,,,,,,,,,,,,,,,,,,,,,,,,,,,,,,,,,,,,,,,,,,,,,,,,,,,,,,,,,,,,,,,,,
training_event,training,468f03a2-d7c9-4701-abf8-bb2c692f696b,1547abe4-973c-4941-842b-e564b9281e5c,2026-08-29T10:37:23.300000+00:00,mouse_move,,,,,270.8,307.2,,,,,,mouse_tracking,,,,,,,,,,,/app/training,dev_6c3945cd-a562-4179-ae9a-ec1c8c010a88,,,,,,,,,,,,,,,,,,,,,,,,,,,,,,,,,,,,,,,,,,,,,,,,,,,,,,,,,,,,,,,,,,
training_event,training,468f03a2-d7c9-4701-abf8-bb2c692f696b,1547abe4-973c-4941-842b-e564b9281e5c,2026-08-29T10:37:23.350000+00:00,mouse_move,,,,,269.8,307.2,,,,,,mouse_tracking,,,,,,,,,,,/app/training,dev_6c3945cd-a562-4179-ae9a-ec1c8c010a88,,,,,,,,,,,,,,,,,,,,,,,,,,,,,,,,,,,,,,,,,,,,,,,,,,,,,,,,,,,,,,,,,,
training_event,training,468f03a2-d7c9-4701-abf8-bb2c692f696b,1547abe4-973c-4941-842b-e564b9281e5c,2026-08-29T10:37:23.367000+00:00,mouse_move,,,,,268.8,307.2,,,,,,mouse_tracking,,,,,,,,,,,/app/training,dev_6c3945cd-a562-4179-ae9a-ec1c8c010a88,,,,,,,,,,,,,,,,,,,,,,,,,,,,,,,,,,,,,,,,,,,,,,,,,,,,,,,,,,,,,,,,,,
training_event,training,468f03a2-d7c9-4701-abf8-bb2c692f696b,1547abe4-973c-4941-842b-e564b9281e5c,2026-08-29T10:37:23.384000+00:00,mouse_move,,,,,267.8,307.2,,,,,,mouse_tracking,,,,,,,,,,,/app/training,dev_6c3945cd-a562-4179-ae9a-ec1c8c010a88,,,,,,,,,,,,,,,,,,,,,,,,,,,,,,,,,,,,,,,,,,,,,,,,,,,,,,,,,,,,,,,,,,
training_event,training,468f03a2-d7c9-4701-abf8-bb2c692f696b,1547abe4-973c-4941-842b-e564b9281e5c,2026-08-29T10:37:23.417000+00:00,mouse_move,,,,,264.8,307.2,,,,,,mouse_tracking,,,,,,,,,,,/app/training,dev_6c3945cd-a562-4179-ae9a-ec1c8c010a88,,,,,,,,,,,,,,,,,,,,,,,,,,,,,,,,,,,,,,,,,,,,,,,,,,,,,,,,,,,,,,,,,,
training_event,training,468f03a2-d7c9-4701-abf8-bb2c692f696b,1547abe4-973c-4941-842b-e564b9281e5c,2026-08-29T10:37:23.433000+00:00,mouse_move,,,,,262.8,307.2,,,,,,mouse_tracking,,,,,,,,,,,/app/training,dev_6c3945cd-a562-4179-ae9a-ec1c8c010a88,,,,,,,,,,,,,,,,,,,,,,,,,,,,,,,,,,,,,,,,,,,,,,,,,,,,,,,,,,,,,,,,,,
training_event,training,468f03a2-d7c9-4701-abf8-bb2c692f696b,1547abe4-973c-4941-842b-e564b9281e5c,2026-08-29T10:37:23.451000+00:00,mouse_move,,,,,260.8,307.2,,,,,,mouse_tracking,,,,,,,,,,,/app/training,dev_6c3945cd-a562-4179-ae9a-ec1c8c010a88,,,,,,,,,,,,,,,,,,,,,,,,,,,,,,,,,,,,,,,,,,,,,,,,,,,,,,,,,,,,,,,,,,
training_event,training,468f03a2-d7c9-4701-abf8-bb2c692f696b,1547abe4-973c-4941-842b-e564b9281e5c,2026-08-29T10:37:23.467000+00:00,mouse_move,,,,,259.8,307.2,,,,,,mouse_tracking,,,,,,,,,,,/app/training,dev_6c3945cd-a562-4179-ae9a-ec1c8c010a88,,,,,,,,,,,,,,,,,,,,,,,,,,,,,,,,,,,,,,,,,,,,,,,,,,,,,,,,,,,,,,,,,,
training_event,training,468f03a2-d7c9-4701-abf8-bb2c692f696b,1547abe4-973c-4941-842b-e564b9281e5c,2026-08-29T10:37:23.500000+00:00,mouse_move,,,,,258.8,307.2,,,,,,mouse_tracking,,,,,,,,,,,/app/training,dev_6c3945cd-a562-4179-ae9a-ec1c8c010a88,,,,,,,,,,,,,,,,,,,,,,,,,,,,,,,,,,,,,,,,,,,,,,,,,,,,,,,,,,,,,,,,,,
training_event,training,468f03a2-d7c9-4701-abf8-bb2c692f696b,1547abe4-973c-4941-842b-e564b9281e5c,2026-08-29T10:37:24.517000+00:00,mouse_move,,,,,258.8,303.2,,,,,,mouse_tracking,,,,,,,,,,,/app/training,dev_6c3945cd-a562-4179-ae9a-ec1c8c010a88,,,,,,,,,,,,,,,,,,,,,,,,,,,,,,,,,,,,,,,,,,,,,,,,,,,,,,,,,,,,,,,,,,
training_event,training,468f03a2-d7c9-4701-abf8-bb2c692f696b,1547abe4-973c-4941-842b-e564b9281e5c,2026-08-29T10:37:24.534000+00:00,mouse_move,,,,,256.8,291.2,,,,,,mouse_tracking,,,,,,,,,,,/app/training,dev_6c3945cd-a562-4179-ae9a-ec1c8c010a88,,,,,,,,,,,,,,,,,,,,,,,,,,,,,,,,,,,,,,,,,,,,,,,,,,,,,,,,,,,,,,,,,,
training_event,training,468f03a2-d7c9-4701-abf8-bb2c692f696b,1547abe4-973c-4941-842b-e564b9281e5c,2026-08-29T10:37:24.550000+00:00,mouse_move,,,,,255.8,278.2,,,,,,mouse_tracking,,,,,,,,,,,/app/training,dev_6c3945cd-a562-4179-ae9a-ec1c8c010a88,,,,,,,,,,,,,,,,,,,,,,,,,,,,,,,,,,,,,,,,,,,,,,,,,,,,,,,,,,,,,,,,,,
training_event,training,468f03a2-d7c9-4701-abf8-bb2c692f696b,1547abe4-973c-4941-842b-e564b9281e5c,2026-08-29T10:37:24.566000+00:00,mouse_move,,,,,252.8,267.2,,,,,,mouse_tracking,,,,,,,,,,,/app/training,dev_6c3945cd-a562-4179-ae9a-ec1c8c010a88,,,,,,,,,,,,,,,,,,,,,,,,,,,,,,,,,,,,,,,,,,,,,,,,,,,,,,,,,,,,,,,,,,
training_event,training,468f03a2-d7c9-4701-abf8-bb2c692f696b,1547abe4-973c-4941-842b-e564b9281e5c,2026-08-29T10:37:24.583000+00:00,mouse_move,,,,,248.8,259.2,,,,,,mouse_tracking,,,,,,,,,,,/app/training,dev_6c3945cd-a562-4179-ae9a-ec1c8c010a88,,,,,,,,,,,,,,,,,,,,,,,,,,,,,,,,,,,,,,,,,,,,,,,,,,,,,,,,,,,,,,,,,,
training_event,training,468f03a2-d7c9-4701-abf8-bb2c692f696b,1547abe4-973c-4941-842b-e564b9281e5c,2026-08-29T10:37:24.600000+00:00,mouse_move,,,,,248.8,254.2,,,,,,mouse_tracking,,,,,,,,,,,/app/training,dev_6c3945cd-a562-4179-ae9a-ec1c8c010a88,,,,,,,,,,,,,,,,,,,,,,,,,,,,,,,,,,,,,,,,,,,,,,,,,,,,,,,,,,,,,,,,,,
training_event,training,468f03a2-d7c9-4701-abf8-bb2c692f696b,1547abe4-973c-4941-842b-e564b9281e5c,2026-08-29T10:37:24.618000+00:00,mouse_move,,,,,246.8,250.2,,,,,,mouse_tracking,,,,,,,,,,,/app/training,dev_6c3945cd-a562-4179-ae9a-ec1c8c010a88,,,,,,,,,,,,,,,,,,,,,,,,,,,,,,,,,,,,,,,,,,,,,,,,,,,,,,,,,,,,,,,,,,
training_event,training,468f03a2-d7c9-4701-abf8-bb2c692f696b,1547abe4-973c-4941-842b-e564b9281e5c,2026-08-29T10:37:24.634000+00:00,mouse_move,,,,,245.8,247.2,,,,,,mouse_tracking,,,,,,,,,,,/app/training,dev_6c3945cd-a562-4179-ae9a-ec1c8c010a88,,,,,,,,,,,,,,,,,,,,,,,,,,,,,,,,,,,,,,,,,,,,,,,,,,,,,,,,,,,,,,,,,,
training_event,training,468f03a2-d7c9-4701-abf8-bb2c692f696b,1547abe4-973c-4941-842b-e564b9281e5c,2026-08-29T10:37:24.649000+00:00,mouse_move,,,,,245.8,245.2,,,,,,mouse_tracking,,,,,,,,,,,/app/training,dev_6c3945cd-a562-4179-ae9a-ec1c8c010a88,,,,,,,,,,,,,,,,,,,,,,,,,,,,,,,,,,,,,,,,,,,,,,,,,,,,,,,,,,,,,,,,,,
training_event,training,468f03a2-d7c9-4701-abf8-bb2c692f696b,1547abe4-973c-4941-842b-e564b9281e5c,2026-08-29T10:37:24.667000+00:00,mouse_move,,,,,245.8,244.2,,,,,,mouse_tracking,,,,,,,,,,,/app/training,dev_6c3945cd-a562-4179-ae9a-ec1c8c010a88,,,,,,,,,,,,,,,,,,,,,,,,,,,,,,,,,,,,,,,,,,,,,,,,,,,,,,,,,,,,,,,,,,
training_event,training,468f03a2-d7c9-4701-abf8-bb2c692f696b,1547abe4-973c-4941-842b-e564b9281e5c,2026-08-29T10:37:24.682000+00:00,mouse_move,,,,,245.8,243.2,,,,,,mouse_tracking,,,,,,,,,,,/app/training,dev_6c3945cd-a562-4179-ae9a-ec1c8c010a88,,,,,,,,,,,,,,,,,,,,,,,,,,,,,,,,,,,,,,,,,,,,,,,,,,,,,,,,,,,,,,,,,,
training_event,training,468f03a2-d7c9-4701-abf8-bb2c692f696b,1547abe4-973c-4941-842b-e564b9281e5c,2026-08-29T10:37:24.717000+00:00,mouse_move,,,,,245.8,242.2,,,,,,mouse_tracking,,,,,,,,,,,/app/training,dev_6c3945cd-a562-4179-ae9a-ec1c8c010a88,,,,,,,,,,,,,,,,,,,,,,,,,,,,,,,,,,,,,,,,,,,,,,,,,,,,,,,,,,,,,,,,,,
training_event,training,468f03a2-d7c9-4701-abf8-bb2c692f696b,1547abe4-973c-4941-842b-e564b9281e5c,2026-08-29T10:37:24.734000+00:00,mouse_move,,,,,245.8,241.2,,,,,,mouse_tracking,,,,,,,,,,,/app/training,dev_6c3945cd-a562-4179-ae9a-ec1c8c010a88,,,,,,,,,,,,,,,,,,,,,,,,,,,,,,,,,,,,,,,,,,,,,,,,,,,,,,,,,,,,,,,,,,
training_event,training,468f03a2-d7c9-4701-abf8-bb2c692f696b,1547abe4-973c-4941-842b-e564b9281e5c,2026-08-29T10:37:24.766000+00:00,mouse_move,,,,,245.8,239.2,,,,,,mouse_tracking,,,,,,,,,,,/app/training,dev_6c3945cd-a562-4179-ae9a-ec1c8c010a88,,,,,,,,,,,,,,,,,,,,,,,,,,,,,,,,,,,,,,,,,,,,,,,,,,,,,,,,,,,,,,,,,,
training_event,training,468f03a2-d7c9-4701-abf8-bb2c692f696b,1547abe4-973c-4941-842b-e564b9281e5c,2026-08-29T10:37:24.800000+00:00,mouse_move,,,,,244.8,237.2,,,,,,mouse_tracking,,,,,,,,,,,/app/training,dev_6c3945cd-a562-4179-ae9a-ec1c8c010a88,,,,,,,,,,,,,,,,,,,,,,,,,,,,,,,,,,,,,,,,,,,,,,,,,,,,,,,,,,,,,,,,,,
training_event,training,468f03a2-d7c9-4701-abf8-bb2c692f696b,1547abe4-973c-4941-842b-e564b9281e5c,2026-08-29T10:37:24.816000+00:00,mouse_move,,,,,244.8,236.2,,,,,,mouse_tracking,,,,,,,,,,,/app/training,dev_6c3945cd-a562-4179-ae9a-ec1c8c010a88,,,,,,,,,,,,,,,,,,,,,,,,,,,,,,,,,,,,,,,,,,,,,,,,,,,,,,,,,,,,,,,,,,
training_event,training,468f03a2-d7c9-4701-abf8-bb2c692f696b,1547abe4-973c-4941-842b-e564b9281e5c,2026-08-29T10:37:24.835000+00:00,mouse_move,,,,,243.8,235.2,,,,,,mouse_tracking,,,,,,,,,,,/app/training,dev_6c3945cd-a562-4179-ae9a-ec1c8c010a88,,,,,,,,,,,,,,,,,,,,,,,,,,,,,,,,,,,,,,,,,,,,,,,,,,,,,,,,,,,,,,,,,,
training_event,training,468f03a2-d7c9-4701-abf8-bb2c692f696b,1547abe4-973c-4941-842b-e564b9281e5c,2026-08-29T10:37:24.849000+00:00,mouse_move,,,,,242.8,233.2,,,,,,mouse_tracking,,,,,,,,,,,/app/training,dev_6c3945cd-a562-4179-ae9a-ec1c8c010a88,,,,,,,,,,,,,,,,,,,,,,,,,,,,,,,,,,,,,,,,,,,,,,,,,,,,,,,,,,,,,,,,,,
training_event,training,468f03a2-d7c9-4701-abf8-bb2c692f696b,1547abe4-973c-4941-842b-e564b9281e5c,2026-08-29T10:37:24.866000+00:00,mouse_move,,,,,240.8,231.2,,,,,,mouse_tracking,,,,,,,,,,,/app/training,dev_6c3945cd-a562-4179-ae9a-ec1c8c010a88,,,,,,,,,,,,,,,,,,,,,,,,,,,,,,,,,,,,,,,,,,,,,,,,,,,,,,,,,,,,,,,,,,
training_event,training,468f03a2-d7c9-4701-abf8-bb2c692f696b,1547abe4-973c-4941-842b-e564b9281e5c,2026-08-29T10:37:24.883000+00:00,mouse_move,,,,,240.8,228.2,,,,,,mouse_tracking,,,,,,,,,,,/app/training,dev_6c3945cd-a562-4179-ae9a-ec1c8c010a88,,,,,,,,,,,,,,,,,,,,,,,,,,,,,,,,,,,,,,,,,,,,,,,,,,,,,,,,,,,,,,,,,,
training_event,training,468f03a2-d7c9-4701-abf8-bb2c692f696b,1547abe4-973c-4941-842b-e564b9281e5c,2026-08-29T10:37:24.900000+00:00,mouse_move,,,,,238.8,224.2,,,,,,mouse_tracking,,,,,,,,,,,/app/training,dev_6c3945cd-a562-4179-ae9a-ec1c8c010a88,,,,,,,,,,,,,,,,,,,,,,,,,,,,,,,,,,,,,,,,,,,,,,,,,,,,,,,,,,,,,,,,,,
training_event,training,468f03a2-d7c9-4701-abf8-bb2c692f696b,1547abe4-973c-4941-842b-e564b9281e5c,2026-08-29T10:37:24.918000+00:00,mouse_move,,,,,238.8,221.2,,,,,,mouse_tracking,,,,,,,,,,,/app/training,dev_6c3945cd-a562-4179-ae9a-ec1c8c010a88,,,,,,,,,,,,,,,,,,,,,,,,,,,,,,,,,,,,,,,,,,,,,,,,,,,,,,,,,,,,,,,,,,
training_event,training,468f03a2-d7c9-4701-abf8-bb2c692f696b,1547abe4-973c-4941-842b-e564b9281e5c,2026-08-29T10:37:24.933000+00:00,mouse_move,,,,,237.8,220.2,,,,,,mouse_tracking,,,,,,,,,,,/app/training,dev_6c3945cd-a562-4179-ae9a-ec1c8c010a88,,,,,,,,,,,,,,,,,,,,,,,,,,,,,,,,,,,,,,,,,,,,,,,,,,,,,,,,,,,,,,,,,,
training_event,training,468f03a2-d7c9-4701-abf8-bb2c692f696b,1547abe4-973c-4941-842b-e564b9281e5c,2026-08-29T10:37:24.950000+00:00,mouse_move,,,,,236.8,219.2,,,,,,mouse_tracking,,,,,,,,,,,/app/training,dev_6c3945cd-a562-4179-ae9a-ec1c8c010a88,,,,,,,,,,,,,,,,,,,,,,,,,,,,,,,,,,,,,,,,,,,,,,,,,,,,,,,,,,,,,,,,,,
training_event,training,468f03a2-d7c9-4701-abf8-bb2c692f696b,1547abe4-973c-4941-842b-e564b9281e5c,2026-08-29T10:37:24.966000+00:00,mouse_move,,,,,236.8,218.2,,,,,,mouse_tracking,,,,,,,,,,,/app/training,dev_6c3945cd-a562-4179-ae9a-ec1c8c010a88,,,,,,,,,,,,,,,,,,,,,,,,,,,,,,,,,,,,,,,,,,,,,,,,,,,,,,,,,,,,,,,,,,
training_event,training,468f03a2-d7c9-4701-abf8-bb2c692f696b,1547abe4-973c-4941-842b-e564b9281e5c,2026-08-29T10:37:24.983000+00:00,mouse_move,,,,,236.8,216.2,,,,,,mouse_tracking,,,,,,,,,,,/app/training,dev_6c3945cd-a562-4179-ae9a-ec1c8c010a88,,,,,,,,,,,,,,,,,,,,,,,,,,,,,,,,,,,,,,,,,,,,,,,,,,,,,,,,,,,,,,,,,,
training_event,training,468f03a2-d7c9-4701-abf8-bb2c692f696b,1547abe4-973c-4941-842b-e564b9281e5c,2026-08-29T10:37:26.116000+00:00,mouse_move,,,,,236.8,213.2,,,,,,mouse_tracking,,,,,,,,,,,/app/training,dev_6c3945cd-a562-4179-ae9a-ec1c8c010a88,,,,,,,,,,,,,,,,,,,,,,,,,,,,,,,,,,,,,,,,,,,,,,,,,,,,,,,,,,,,,,,,,,
training_event,training,468f03a2-d7c9-4701-abf8-bb2c692f696b,1547abe4-973c-4941-842b-e564b9281e5c,2026-08-29T10:37:26.133000+00:00,mouse_move,,,,,240.8,208.2,,,,,,mouse_tracking,,,,,,,,,,,/app/training,dev_6c3945cd-a562-4179-ae9a-ec1c8c010a88,,,,,,,,,,,,,,,,,,,,,,,,,,,,,,,,,,,,,,,,,,,,,,,,,,,,,,,,,,,,,,,,,,
training_event,training,468f03a2-d7c9-4701-abf8-bb2c692f696b,1547abe4-973c-4941-842b-e564b9281e5c,2026-08-29T10:37:26.149000+00:00,mouse_move,,,,,244.8,203.2,,,,,,mouse_tracking,,,,,,,,,,,/app/training,dev_6c3945cd-a562-4179-ae9a-ec1c8c010a88,,,,,,,,,,,,,,,,,,,,,,,,,,,,,,,,,,,,,,,,,,,,,,,,,,,,,,,,,,,,,,,,,,
training_event,training,468f03a2-d7c9-4701-abf8-bb2c692f696b,1547abe4-973c-4941-842b-e564b9281e5c,2026-08-29T10:37:26.166000+00:00,mouse_move,,,,,246.8,195.2,,,,,,mouse_tracking,,,,,,,,,,,/app/training,dev_6c3945cd-a562-4179-ae9a-ec1c8c010a88,,,,,,,,,,,,,,,,,,,,,,,,,,,,,,,,,,,,,,,,,,,,,,,,,,,,,,,,,,,,,,,,,,
training_event,training,468f03a2-d7c9-4701-abf8-bb2c692f696b,1547abe4-973c-4941-842b-e564b9281e5c,2026-08-29T10:37:26.183000+00:00,mouse_move,,,,,251.8,190.2,,,,,,mouse_tracking,,,,,,,,,,,/app/training,dev_6c3945cd-a562-4179-ae9a-ec1c8c010a88,,,,,,,,,,,,,,,,,,,,,,,,,,,,,,,,,,,,,,,,,,,,,,,,,,,,,,,,,,,,,,,,,,
training_event,training,468f03a2-d7c9-4701-abf8-bb2c692f696b,1547abe4-973c-4941-842b-e564b9281e5c,2026-08-29T10:37:26.199000+00:00,mouse_move,,,,,256.8,183.2,,,,,,mouse_tracking,,,,,,,,,,,/app/training,dev_6c3945cd-a562-4179-ae9a-ec1c8c010a88,,,,,,,,,,,,,,,,,,,,,,,,,,,,,,,,,,,,,,,,,,,,,,,,,,,,,,,,,,,,,,,,,,
training_event,training,468f03a2-d7c9-4701-abf8-bb2c692f696b,1547abe4-973c-4941-842b-e564b9281e5c,2026-08-29T10:37:26.216000+00:00,mouse_move,,,,,257.8,179.2,,,,,,mouse_tracking,,,,,,,,,,,/app/training,dev_6c3945cd-a562-4179-ae9a-ec1c8c010a88,,,,,,,,,,,,,,,,,,,,,,,,,,,,,,,,,,,,,,,,,,,,,,,,,,,,,,,,,,,,,,,,,,
training_event,training,468f03a2-d7c9-4701-abf8-bb2c692f696b,1547abe4-973c-4941-842b-e564b9281e5c,2026-08-29T10:37:26.232000+00:00,mouse_move,,,,,260.8,177.2,,,,,,mouse_tracking,,,,,,,,,,,/app/training,dev_6c3945cd-a562-4179-ae9a-ec1c8c010a88,,,,,,,,,,,,,,,,,,,,,,,,,,,,,,,,,,,,,,,,,,,,,,,,,,,,,,,,,,,,,,,,,,
training_event,training,468f03a2-d7c9-4701-abf8-bb2c692f696b,1547abe4-973c-4941-842b-e564b9281e5c,2026-08-29T10:37:26.249000+00:00,mouse_move,,,,,264.8,173.2,,,,,,mouse_tracking,,,,,,,,,,,/app/training,dev_6c3945cd-a562-4179-ae9a-ec1c8c010a88,,,,,,,,,,,,,,,,,,,,,,,,,,,,,,,,,,,,,,,,,,,,,,,,,,,,,,,,,,,,,,,,,,
training_event,training,468f03a2-d7c9-4701-abf8-bb2c692f696b,1547abe4-973c-4941-842b-e564b9281e5c,2026-08-29T10:37:26.265000+00:00,mouse_move,,,,,266.8,169.2,,,,,,mouse_tracking,,,,,,,,,,,/app/training,dev_6c3945cd-a562-4179-ae9a-ec1c8c010a88,,,,,,,,,,,,,,,,,,,,,,,,,,,,,,,,,,,,,,,,,,,,,,,,,,,,,,,,,,,,,,,,,,
training_event,training,468f03a2-d7c9-4701-abf8-bb2c692f696b,1547abe4-973c-4941-842b-e564b9281e5c,2026-08-29T10:37:26.283000+00:00,mouse_move,,,,,268.8,167.2,,,,,,mouse_tracking,,,,,,,,,,,/app/training,dev_6c3945cd-a562-4179-ae9a-ec1c8c010a88,,,,,,,,,,,,,,,,,,,,,,,,,,,,,,,,,,,,,,,,,,,,,,,,,,,,,,,,,,,,,,,,,,
training_event,training,468f03a2-d7c9-4701-abf8-bb2c692f696b,1547abe4-973c-4941-842b-e564b9281e5c,2026-08-29T10:37:26.299000+00:00,mouse_move,,,,,272.8,162.2,,,,,,mouse_tracking,,,,,,,,,,,/app/training,dev_6c3945cd-a562-4179-ae9a-ec1c8c010a88,,,,,,,,,,,,,,,,,,,,,,,,,,,,,,,,,,,,,,,,,,,,,,,,,,,,,,,,,,,,,,,,,,
training_event,training,468f03a2-d7c9-4701-abf8-bb2c692f696b,1547abe4-973c-4941-842b-e564b9281e5c,2026-08-29T10:37:26.316000+00:00,mouse_move,,,,,275.8,159.2,,,,,,mouse_tracking,,,,,,,,,,,/app/training,dev_6c3945cd-a562-4179-ae9a-ec1c8c010a88,,,,,,,,,,,,,,,,,,,,,,,,,,,,,,,,,,,,,,,,,,,,,,,,,,,,,,,,,,,,,,,,,,
training_event,training,468f03a2-d7c9-4701-abf8-bb2c692f696b,1547abe4-973c-4941-842b-e564b9281e5c,2026-08-29T10:37:26.332000+00:00,mouse_move,,,,,276.8,159.2,,,,,,mouse_tracking,,,,,,,,,,,/app/training,dev_6c3945cd-a562-4179-ae9a-ec1c8c010a88,,,,,,,,,,,,,,,,,,,,,,,,,,,,,,,,,,,,,,,,,,,,,,,,,,,,,,,,,,,,,,,,,,
training_event,training,468f03a2-d7c9-4701-abf8-bb2c692f696b,1547abe4-973c-4941-842b-e564b9281e5c,2026-08-29T10:37:26.349000+00:00,mouse_move,,,,,276.8,157.2,,,,,,mouse_tracking,,,,,,,,,,,/app/training,dev_6c3945cd-a562-4179-ae9a-ec1c8c010a88,,,,,,,,,,,,,,,,,,,,,,,,,,,,,,,,,,,,,,,,,,,,,,,,,,,,,,,,,,,,,,,,,,
training_event,training,468f03a2-d7c9-4701-abf8-bb2c692f696b,1547abe4-973c-4941-842b-e564b9281e5c,2026-08-29T10:37:26.365000+00:00,mouse_move,,,,,277.8,156.2,,,,,,mouse_tracking,,,,,,,,,,,/app/training,dev_6c3945cd-a562-4179-ae9a-ec1c8c010a88,,,,,,,,,,,,,,,,,,,,,,,,,,,,,,,,,,,,,,,,,,,,,,,,,,,,,,,,,,,,,,,,,,
training_event,training,468f03a2-d7c9-4701-abf8-bb2c692f696b,1547abe4-973c-4941-842b-e564b9281e5c,2026-08-29T10:37:26.382000+00:00,mouse_move,,,,,278.8,156.2,,,,,,mouse_tracking,,,,,,,,,,,/app/training,dev_6c3945cd-a562-4179-ae9a-ec1c8c010a88,,,,,,,,,,,,,,,,,,,,,,,,,,,,,,,,,,,,,,,,,,,,,,,,,,,,,,,,,,,,,,,,,,
training_event,training,468f03a2-d7c9-4701-abf8-bb2c692f696b,1547abe4-973c-4941-842b-e564b9281e5c,2026-08-29T10:37:26.399000+00:00,mouse_move,,,,,279.8,155.2,,,,,,mouse_tracking,,,,,,,,,,,/app/training,dev_6c3945cd-a562-4179-ae9a-ec1c8c010a88,,,,,,,,,,,,,,,,,,,,,,,,,,,,,,,,,,,,,,,,,,,,,,,,,,,,,,,,,,,,,,,,,,
training_event,training,468f03a2-d7c9-4701-abf8-bb2c692f696b,1547abe4-973c-4941-842b-e564b9281e5c,2026-08-29T10:37:26.416000+00:00,mouse_move,,,,,280.8,154.2,,,,,,mouse_tracking,,,,,,,,,,,/app/training,dev_6c3945cd-a562-4179-ae9a-ec1c8c010a88,,,,,,,,,,,,,,,,,,,,,,,,,,,,,,,,,,,,,,,,,,,,,,,,,,,,,,,,,,,,,,,,,,
training_event,training,468f03a2-d7c9-4701-abf8-bb2c692f696b,1547abe4-973c-4941-842b-e564b9281e5c,2026-08-29T10:37:26.449000+00:00,mouse_move,,,,,281.8,153.2,,,,,,mouse_tracking,,,,,,,,,,,/app/training,dev_6c3945cd-a562-4179-ae9a-ec1c8c010a88,,,,,,,,,,,,,,,,,,,,,,,,,,,,,,,,,,,,,,,,,,,,,,,,,,,,,,,,,,,,,,,,,,
training_event,training,468f03a2-d7c9-4701-abf8-bb2c692f696b,1547abe4-973c-4941-842b-e564b9281e5c,2026-08-29T10:37:26.466000+00:00,mouse_move,,,,,281.8,151.2,,,,,,mouse_tracking,,,,,,,,,,,/app/training,dev_6c3945cd-a562-4179-ae9a-ec1c8c010a88,,,,,,,,,,,,,,,,,,,,,,,,,,,,,,,,,,,,,,,,,,,,,,,,,,,,,,,,,,,,,,,,,,
training_event,training,468f03a2-d7c9-4701-abf8-bb2c692f696b,1547abe4-973c-4941-842b-e564b9281e5c,2026-08-29T10:37:26.483000+00:00,mouse_move,,,,,283.8,151.2,,,,,,mouse_tracking,,,,,,,,,,,/app/training,dev_6c3945cd-a562-4179-ae9a-ec1c8c010a88,,,,,,,,,,,,,,,,,,,,,,,,,,,,,,,,,,,,,,,,,,,,,,,,,,,,,,,,,,,,,,,,,,
training_event,training,468f03a2-d7c9-4701-abf8-bb2c692f696b,1547abe4-973c-4941-842b-e564b9281e5c,2026-08-29T10:37:26.499000+00:00,mouse_move,,,,,284.8,149.2,,,,,,mouse_tracking,,,,,,,,,,,/app/training,dev_6c3945cd-a562-4179-ae9a-ec1c8c010a88,,,,,,,,,,,,,,,,,,,,,,,,,,,,,,,,,,,,,,,,,,,,,,,,,,,,,,,,,,,,,,,,,,
training_event,training,468f03a2-d7c9-4701-abf8-bb2c692f696b,1547abe4-973c-4941-842b-e564b9281e5c,2026-08-29T10:37:26.515000+00:00,mouse_move,,,,,284.8,148.2,,,,,,mouse_tracking,,,,,,,,,,,/app/training,dev_6c3945cd-a562-4179-ae9a-ec1c8c010a88,,,,,,,,,,,,,,,,,,,,,,,,,,,,,,,,,,,,,,,,,,,,,,,,,,,,,,,,,,,,,,,,,,
training_event,training,468f03a2-d7c9-4701-abf8-bb2c692f696b,1547abe4-973c-4941-842b-e564b9281e5c,2026-08-29T10:37:26.532000+00:00,mouse_move,,,,,286.8,147.2,,,,,,mouse_tracking,,,,,,,,,,,/app/training,dev_6c3945cd-a562-4179-ae9a-ec1c8c010a88,,,,,,,,,,,,,,,,,,,,,,,,,,,,,,,,,,,,,,,,,,,,,,,,,,,,,,,,,,,,,,,,,,
training_event,training,468f03a2-d7c9-4701-abf8-bb2c692f696b,1547abe4-973c-4941-842b-e564b9281e5c,2026-08-29T10:37:26.549000+00:00,mouse_move,,,,,286.8,146.2,,,,,,mouse_tracking,,,,,,,,,,,/app/training,dev_6c3945cd-a562-4179-ae9a-ec1c8c010a88,,,,,,,,,,,,,,,,,,,,,,,,,,,,,,,,,,,,,,,,,,,,,,,,,,,,,,,,,,,,,,,,,,
training_event,training,468f03a2-d7c9-4701-abf8-bb2c692f696b,1547abe4-973c-4941-842b-e564b9281e5c,2026-08-29T10:37:26.565000+00:00,mouse_move,,,,,287.8,145.2,,,,,,mouse_tracking,,,,,,,,,,,/app/training,dev_6c3945cd-a562-4179-ae9a-ec1c8c010a88,,,,,,,,,,,,,,,,,,,,,,,,,,,,,,,,,,,,,,,,,,,,,,,,,,,,,,,,,,,,,,,,,,
training_event,training,468f03a2-d7c9-4701-abf8-bb2c692f696b,1547abe4-973c-4941-842b-e564b9281e5c,2026-08-29T10:37:26.599000+00:00,mouse_move,,,,,288.8,143.2,,,,,,mouse_tracking,,,,,,,,,,,/app/training,dev_6c3945cd-a562-4179-ae9a-ec1c8c010a88,,,,,,,,,,,,,,,,,,,,,,,,,,,,,,,,,,,,,,,,,,,,,,,,,,,,,,,,,,,,,,,,,,
training_event,training,468f03a2-d7c9-4701-abf8-bb2c692f696b,1547abe4-973c-4941-842b-e564b9281e5c,2026-08-29T10:37:26.649000+00:00,mouse_move,,,,,288.8,141.2,,,,,,mouse_tracking,,,,,,,,,,,/app/training,dev_6c3945cd-a562-4179-ae9a-ec1c8c010a88,,,,,,,,,,,,,,,,,,,,,,,,,,,,,,,,,,,,,,,,,,,,,,,,,,,,,,,,,,,,,,,,,,
training_event,training,468f03a2-d7c9-4701-abf8-bb2c692f696b,1547abe4-973c-4941-842b-e564b9281e5c,2026-08-29T10:37:26.682000+00:00,mouse_move,,,,,288.8,140.2,,,,,,mouse_tracking,,,,,,,,,,,/app/training,dev_6c3945cd-a562-4179-ae9a-ec1c8c010a88,,,,,,,,,,,,,,,,,,,,,,,,,,,,,,,,,,,,,,,,,,,,,,,,,,,,,,,,,,,,,,,,,,
training_event,training,468f03a2-d7c9-4701-abf8-bb2c692f696b,1547abe4-973c-4941-842b-e564b9281e5c,2026-08-29T10:37:26.715000+00:00,mouse_move,,,,,288.8,139.2,,,,,,mouse_tracking,,,,,,,,,,,/app/training,dev_6c3945cd-a562-4179-ae9a-ec1c8c010a88,,,,,,,,,,,,,,,,,,,,,,,,,,,,,,,,,,,,,,,,,,,,,,,,,,,,,,,,,,,,,,,,,,
training_event,training,468f03a2-d7c9-4701-abf8-bb2c692f696b,1547abe4-973c-4941-842b-e564b9281e5c,2026-08-29T10:37:26.732000+00:00,mouse_move,,,,,288.8,138.2,,,,,,mouse_tracking,,,,,,,,,,,/app/training,dev_6c3945cd-a562-4179-ae9a-ec1c8c010a88,,,,,,,,,,,,,,,,,,,,,,,,,,,,,,,,,,,,,,,,,,,,,,,,,,,,,,,,,,,,,,,,,,
training_event,training,468f03a2-d7c9-4701-abf8-bb2c692f696b,1547abe4-973c-4941-842b-e564b9281e5c,2026-08-29T10:37:26.749000+00:00,mouse_move,,,,,288.8,137.2,,,,,,mouse_tracking,,,,,,,,,,,/app/training,dev_6c3945cd-a562-4179-ae9a-ec1c8c010a88,,,,,,,,,,,,,,,,,,,,,,,,,,,,,,,,,,,,,,,,,,,,,,,,,,,,,,,,,,,,,,,,,,
training_event,training,468f03a2-d7c9-4701-abf8-bb2c692f696b,1547abe4-973c-4941-842b-e564b9281e5c,2026-08-29T10:37:26.782000+00:00,mouse_move,,,,,288.8,135.2,,,,,,mouse_tracking,,,,,,,,,,,/app/training,dev_6c3945cd-a562-4179-ae9a-ec1c8c010a88,,,,,,,,,,,,,,,,,,,,,,,,,,,,,,,,,,,,,,,,,,,,,,,,,,,,,,,,,,,,,,,,,,
training_event,training,468f03a2-d7c9-4701-abf8-bb2c692f696b,1547abe4-973c-4941-842b-e564b9281e5c,2026-08-29T10:37:26.799000+00:00,mouse_move,,,,,287.8,135.2,,,,,,mouse_tracking,,,,,,,,,,,/app/training,dev_6c3945cd-a562-4179-ae9a-ec1c8c010a88,,,,,,,,,,,,,,,,,,,,,,,,,,,,,,,,,,,,,,,,,,,,,,,,,,,,,,,,,,,,,,,,,,
training_event,training,468f03a2-d7c9-4701-abf8-bb2c692f696b,1547abe4-973c-4941-842b-e564b9281e5c,2026-08-29T10:37:26.815000+00:00,mouse_move,,,,,285.8,133.2,,,,,,mouse_tracking,,,,,,,,,,,/app/training,dev_6c3945cd-a562-4179-ae9a-ec1c8c010a88,,,,,,,,,,,,,,,,,,,,,,,,,,,,,,,,,,,,,,,,,,,,,,,,,,,,,,,,,,,,,,,,,,
training_event,training,468f03a2-d7c9-4701-abf8-bb2c692f696b,1547abe4-973c-4941-842b-e564b9281e5c,2026-08-29T10:37:26.832000+00:00,mouse_move,,,,,285.8,132.2,,,,,,mouse_tracking,,,,,,,,,,,/app/training,dev_6c3945cd-a562-4179-ae9a-ec1c8c010a88,,,,,,,,,,,,,,,,,,,,,,,,,,,,,,,,,,,,,,,,,,,,,,,,,,,,,,,,,,,,,,,,,,
training_event,training,468f03a2-d7c9-4701-abf8-bb2c692f696b,1547abe4-973c-4941-842b-e564b9281e5c,2026-08-29T10:37:26.849000+00:00,mouse_move,,,,,285.8,131.2,,,,,,mouse_tracking,,,,,,,,,,,/app/training,dev_6c3945cd-a562-4179-ae9a-ec1c8c010a88,,,,,,,,,,,,,,,,,,,,,,,,,,,,,,,,,,,,,,,,,,,,,,,,,,,,,,,,,,,,,,,,,,
training_event,training,468f03a2-d7c9-4701-abf8-bb2c692f696b,1547abe4-973c-4941-842b-e564b9281e5c,2026-08-29T10:37:26.866000+00:00,mouse_move,,,,,284.8,130.2,,,,,,mouse_tracking,,,,,,,,,,,/app/training,dev_6c3945cd-a562-4179-ae9a-ec1c8c010a88,,,,,,,,,,,,,,,,,,,,,,,,,,,,,,,,,,,,,,,,,,,,,,,,,,,,,,,,,,,,,,,,,,
training_event,training,468f03a2-d7c9-4701-abf8-bb2c692f696b,1547abe4-973c-4941-842b-e564b9281e5c,2026-08-29T10:37:26.883000+00:00,mouse_move,,,,,284.8,127.2,,,,,,mouse_tracking,,,,,,,,,,,/app/training,dev_6c3945cd-a562-4179-ae9a-ec1c8c010a88,,,,,,,,,,,,,,,,,,,,,,,,,,,,,,,,,,,,,,,,,,,,,,,,,,,,,,,,,,,,,,,,,,
training_event,training,468f03a2-d7c9-4701-abf8-bb2c692f696b,1547abe4-973c-4941-842b-e564b9281e5c,2026-08-29T10:37:26.899000+00:00,mouse_move,,,,,282.8,127.2,,,,,,mouse_tracking,,,,,,,,,,,/app/training,dev_6c3945cd-a562-4179-ae9a-ec1c8c010a88,,,,,,,,,,,,,,,,,,,,,,,,,,,,,,,,,,,,,,,,,,,,,,,,,,,,,,,,,,,,,,,,,,
training_event,training,468f03a2-d7c9-4701-abf8-bb2c692f696b,1547abe4-973c-4941-842b-e564b9281e5c,2026-08-29T10:37:26.916000+00:00,mouse_move,,,,,282.8,126.2,,,,,,mouse_tracking,,,,,,,,,,,/app/training,dev_6c3945cd-a562-4179-ae9a-ec1c8c010a88,,,,,,,,,,,,,,,,,,,,,,,,,,,,,,,,,,,,,,,,,,,,,,,,,,,,,,,,,,,,,,,,,,
training_event,training,468f03a2-d7c9-4701-abf8-bb2c692f696b,1547abe4-973c-4941-842b-e564b9281e5c,2026-08-29T10:37:26.932000+00:00,mouse_move,,,,,281.8,126.2,,,,,,mouse_tracking,,,,,,,,,,,/app/training,dev_6c3945cd-a562-4179-ae9a-ec1c8c010a88,,,,,,,,,,,,,,,,,,,,,,,,,,,,,,,,,,,,,,,,,,,,,,,,,,,,,,,,,,,,,,,,,,
training_event,training,468f03a2-d7c9-4701-abf8-bb2c692f696b,1547abe4-973c-4941-842b-e564b9281e5c,2026-08-29T10:37:26.949000+00:00,mouse_move,,,,,280.8,124.2,,,,,,mouse_tracking,,,,,,,,,,,/app/training,dev_6c3945cd-a562-4179-ae9a-ec1c8c010a88,,,,,,,,,,,,,,,,,,,,,,,,,,,,,,,,,,,,,,,,,,,,,,,,,,,,,,,,,,,,,,,,,,
training_event,training,468f03a2-d7c9-4701-abf8-bb2c692f696b,1547abe4-973c-4941-842b-e564b9281e5c,2026-08-29T10:37:26.966000+00:00,mouse_move,,,,,280.8,123.2,,,,,,mouse_tracking,,,,,,,,,,,/app/training,dev_6c3945cd-a562-4179-ae9a-ec1c8c010a88,,,,,,,,,,,,,,,,,,,,,,,,,,,,,,,,,,,,,,,,,,,,,,,,,,,,,,,,,,,,,,,,,,
training_event,training,468f03a2-d7c9-4701-abf8-bb2c692f696b,1547abe4-973c-4941-842b-e564b9281e5c,2026-08-29T10:37:26.983000+00:00,mouse_move,,,,,279.8,122.2,,,,,,mouse_tracking,,,,,,,,,,,/app/training,dev_6c3945cd-a562-4179-ae9a-ec1c8c010a88,,,,,,,,,,,,,,,,,,,,,,,,,,,,,,,,,,,,,,,,,,,,,,,,,,,,,,,,,,,,,,,,,,
training_event,training,468f03a2-d7c9-4701-abf8-bb2c692f696b,1547abe4-973c-4941-842b-e564b9281e5c,2026-08-29T10:37:26.999000+00:00,mouse_move,,,,,278.8,122.2,,,,,,mouse_tracking,,,,,,,,,,,/app/training,dev_6c3945cd-a562-4179-ae9a-ec1c8c010a88,,,,,,,,,,,,,,,,,,,,,,,,,,,,,,,,,,,,,,,,,,,,,,,,,,,,,,,,,,,,,,,,,,
training_event,training,468f03a2-d7c9-4701-abf8-bb2c692f696b,1547abe4-973c-4941-842b-e564b9281e5c,2026-08-29T10:37:27.016000+00:00,mouse_move,,,,,278.8,121.2,,,,,,mouse_tracking,,,,,,,,,,,/app/training,dev_6c3945cd-a562-4179-ae9a-ec1c8c010a88,,,,,,,,,,,,,,,,,,,,,,,,,,,,,,,,,,,,,,,,,,,,,,,,,,,,,,,,,,,,,,,,,,
training_event,training,468f03a2-d7c9-4701-abf8-bb2c692f696b,1547abe4-973c-4941-842b-e564b9281e5c,2026-08-29T10:37:27.032000+00:00,mouse_move,,,,,276.8,121.2,,,,,,mouse_tracking,,,,,,,,,,,/app/training,dev_6c3945cd-a562-4179-ae9a-ec1c8c010a88,,,,,,,,,,,,,,,,,,,,,,,,,,,,,,,,,,,,,,,,,,,,,,,,,,,,,,,,,,,,,,,,,,
training_event,training,468f03a2-d7c9-4701-abf8-bb2c692f696b,1547abe4-973c-4941-842b-e564b9281e5c,2026-08-29T10:37:27.049000+00:00,mouse_move,,,,,276.8,119.2,,,,,,mouse_tracking,,,,,,,,,,,/app/training,dev_6c3945cd-a562-4179-ae9a-ec1c8c010a88,,,,,,,,,,,,,,,,,,,,,,,,,,,,,,,,,,,,,,,,,,,,,,,,,,,,,,,,,,,,,,,,,,
training_event,training,468f03a2-d7c9-4701-abf8-bb2c692f696b,1547abe4-973c-4941-842b-e564b9281e5c,2026-08-29T10:37:27.082000+00:00,mouse_move,,,,,274.8,119.2,,,,,,mouse_tracking,,,,,,,,,,,/app/training,dev_6c3945cd-a562-4179-ae9a-ec1c8c010a88,,,,,,,,,,,,,,,,,,,,,,,,,,,,,,,,,,,,,,,,,,,,,,,,,,,,,,,,,,,,,,,,,,
training_event,training,468f03a2-d7c9-4701-abf8-bb2c692f696b,1547abe4-973c-4941-842b-e564b9281e5c,2026-08-29T10:37:27.099000+00:00,mouse_move,,,,,273.8,119.2,,,,,,mouse_tracking,,,,,,,,,,,/app/training,dev_6c3945cd-a562-4179-ae9a-ec1c8c010a88,,,,,,,,,,,,,,,,,,,,,,,,,,,,,,,,,,,,,,,,,,,,,,,,,,,,,,,,,,,,,,,,,,
training_event,training,468f03a2-d7c9-4701-abf8-bb2c692f696b,1547abe4-973c-4941-842b-e564b9281e5c,2026-08-29T10:37:27.115000+00:00,mouse_move,,,,,272.8,118.2,,,,,,mouse_tracking,,,,,,,,,,,/app/training,dev_6c3945cd-a562-4179-ae9a-ec1c8c010a88,,,,,,,,,,,,,,,,,,,,,,,,,,,,,,,,,,,,,,,,,,,,,,,,,,,,,,,,,,,,,,,,,,
training_event,training,468f03a2-d7c9-4701-abf8-bb2c692f696b,1547abe4-973c-4941-842b-e564b9281e5c,2026-08-29T10:37:27.148000+00:00,mouse_move,,,,,270.8,116.2,,,,,,mouse_tracking,,,,,,,,,,,/app/training,dev_6c3945cd-a562-4179-ae9a-ec1c8c010a88,,,,,,,,,,,,,,,,,,,,,,,,,,,,,,,,,,,,,,,,,,,,,,,,,,,,,,,,,,,,,,,,,,
training_event,training,468f03a2-d7c9-4701-abf8-bb2c692f696b,1547abe4-973c-4941-842b-e564b9281e5c,2026-08-29T10:37:27.182000+00:00,mouse_move,,,,,268.8,115.2,,,,,,mouse_tracking,,,,,,,,,,,/app/training,dev_6c3945cd-a562-4179-ae9a-ec1c8c010a88,,,,,,,,,,,,,,,,,,,,,,,,,,,,,,,,,,,,,,,,,,,,,,,,,,,,,,,,,,,,,,,,,,
training_event,training,468f03a2-d7c9-4701-abf8-bb2c692f696b,1547abe4-973c-4941-842b-e564b9281e5c,2026-08-29T10:37:27.232000+00:00,mouse_move,,,,,266.8,114.2,,,,,,mouse_tracking,,,,,,,,,,,/app/training,dev_6c3945cd-a562-4179-ae9a-ec1c8c010a88,,,,,,,,,,,,,,,,,,,,,,,,,,,,,,,,,,,,,,,,,,,,,,,,,,,,,,,,,,,,,,,,,,
training_event,training,468f03a2-d7c9-4701-abf8-bb2c692f696b,1547abe4-973c-4941-842b-e564b9281e5c,2026-08-29T10:37:28.232000+00:00,mouse_move,,,,,271.8,109.2,,,,,,mouse_tracking,,,,,,,,,,,/app/training,dev_6c3945cd-a562-4179-ae9a-ec1c8c010a88,,,,,,,,,,,,,,,,,,,,,,,,,,,,,,,,,,,,,,,,,,,,,,,,,,,,,,,,,,,,,,,,,,
training_event,training,468f03a2-d7c9-4701-abf8-bb2c692f696b,1547abe4-973c-4941-842b-e564b9281e5c,2026-08-29T10:37:28.249000+00:00,mouse_move,,,,,283.8,97.2,,,,,,mouse_tracking,,,,,,,,,,,/app/training,dev_6c3945cd-a562-4179-ae9a-ec1c8c010a88,,,,,,,,,,,,,,,,,,,,,,,,,,,,,,,,,,,,,,,,,,,,,,,,,,,,,,,,,,,,,,,,,,
training_event,training,468f03a2-d7c9-4701-abf8-bb2c692f696b,1547abe4-973c-4941-842b-e564b9281e5c,2026-08-29T10:37:28.265000+00:00,mouse_move,,,,,308.8,79.2,,,,,,mouse_tracking,,,,,,,,,,,/app/training,dev_6c3945cd-a562-4179-ae9a-ec1c8c010a88,,,,,,,,,,,,,,,,,,,,,,,,,,,,,,,,,,,,,,,,,,,,,,,,,,,,,,,,,,,,,,,,,,
training_event,training,468f03a2-d7c9-4701-abf8-bb2c692f696b,1547abe4-973c-4941-842b-e564b9281e5c,2026-08-29T10:37:28.282000+00:00,mouse_move,,,,,324.8,70.2,,,,,,mouse_tracking,,,,,,,,,,,/app/training,dev_6c3945cd-a562-4179-ae9a-ec1c8c010a88,,,,,,,,,,,,,,,,,,,,,,,,,,,,,,,,,,,,,,,,,,,,,,,,,,,,,,,,,,,,,,,,,,
training_event,training,468f03a2-d7c9-4701-abf8-bb2c692f696b,1547abe4-973c-4941-842b-e564b9281e5c,2026-08-29T10:37:28.298000+00:00,mouse_move,,,,,332.8,63.2,,,,,,mouse_tracking,,,,,,,,,,,/app/training,dev_6c3945cd-a562-4179-ae9a-ec1c8c010a88,,,,,,,,,,,,,,,,,,,,,,,,,,,,,,,,,,,,,,,,,,,,,,,,,,,,,,,,,,,,,,,,,,
training_event,training,468f03a2-d7c9-4701-abf8-bb2c692f696b,1547abe4-973c-4941-842b-e564b9281e5c,2026-08-29T10:37:28.315000+00:00,mouse_move,,,,,339.8,63.2,,,,,,mouse_tracking,,,,,,,,,,,/app/training,dev_6c3945cd-a562-4179-ae9a-ec1c8c010a88,,,,,,,,,,,,,,,,,,,,,,,,,,,,,,,,,,,,,,,,,,,,,,,,,,,,,,,,,,,,,,,,,,
training_event,training,468f03a2-d7c9-4701-abf8-bb2c692f696b,1547abe4-973c-4941-842b-e564b9281e5c,2026-08-29T10:37:28.332000+00:00,mouse_move,,,,,343.8,59.2,,,,,,mouse_tracking,,,,,,,,,,,/app/training,dev_6c3945cd-a562-4179-ae9a-ec1c8c010a88,,,,,,,,,,,,,,,,,,,,,,,,,,,,,,,,,,,,,,,,,,,,,,,,,,,,,,,,,,,,,,,,,,
training_event,training,468f03a2-d7c9-4701-abf8-bb2c692f696b,1547abe4-973c-4941-842b-e564b9281e5c,2026-08-29T10:37:28.349000+00:00,mouse_move,,,,,348.8,59.2,,,,,,mouse_tracking,,,,,,,,,,,/app/training,dev_6c3945cd-a562-4179-ae9a-ec1c8c010a88,,,,,,,,,,,,,,,,,,,,,,,,,,,,,,,,,,,,,,,,,,,,,,,,,,,,,,,,,,,,,,,,,,
training_event,training,468f03a2-d7c9-4701-abf8-bb2c692f696b,1547abe4-973c-4941-842b-e564b9281e5c,2026-08-29T10:37:28.365000+00:00,mouse_move,,,,,351.8,59.2,,,,,,mouse_tracking,,,,,,,,,,,/app/training,dev_6c3945cd-a562-4179-ae9a-ec1c8c010a88,,,,,,,,,,,,,,,,,,,,,,,,,,,,,,,,,,,,,,,,,,,,,,,,,,,,,,,,,,,,,,,,,,
training_event,training,468f03a2-d7c9-4701-abf8-bb2c692f696b,1547abe4-973c-4941-842b-e564b9281e5c,2026-08-29T10:37:28.382000+00:00,mouse_move,,,,,353.8,59.2,,,,,,mouse_tracking,,,,,,,,,,,/app/training,dev_6c3945cd-a562-4179-ae9a-ec1c8c010a88,,,,,,,,,,,,,,,,,,,,,,,,,,,,,,,,,,,,,,,,,,,,,,,,,,,,,,,,,,,,,,,,,,
training_event,training,468f03a2-d7c9-4701-abf8-bb2c692f696b,1547abe4-973c-4941-842b-e564b9281e5c,2026-08-29T10:37:28.398000+00:00,mouse_move,,,,,356.8,59.2,,,,,,mouse_tracking,,,,,,,,,,,/app/training,dev_6c3945cd-a562-4179-ae9a-ec1c8c010a88,,,,,,,,,,,,,,,,,,,,,,,,,,,,,,,,,,,,,,,,,,,,,,,,,,,,,,,,,,,,,,,,,,
training_event,training,468f03a2-d7c9-4701-abf8-bb2c692f696b,1547abe4-973c-4941-842b-e564b9281e5c,2026-08-29T10:37:28.415000+00:00,mouse_move,,,,,358.8,59.2,,,,,,mouse_tracking,,,,,,,,,,,/app/training,dev_6c3945cd-a562-4179-ae9a-ec1c8c010a88,,,,,,,,,,,,,,,,,,,,,,,,,,,,,,,,,,,,,,,,,,,,,,,,,,,,,,,,,,,,,,,,,,
training_event,training,468f03a2-d7c9-4701-abf8-bb2c692f696b,1547abe4-973c-4941-842b-e564b9281e5c,2026-08-29T10:37:28.432000+00:00,mouse_move,,,,,361.8,59.2,,,,,,mouse_tracking,,,,,,,,,,,/app/training,dev_6c3945cd-a562-4179-ae9a-ec1c8c010a88,,,,,,,,,,,,,,,,,,,,,,,,,,,,,,,,,,,,,,,,,,,,,,,,,,,,,,,,,,,,,,,,,,
training_event,training,468f03a2-d7c9-4701-abf8-bb2c692f696b,1547abe4-973c-4941-842b-e564b9281e5c,2026-08-29T10:37:28.448000+00:00,mouse_move,,,,,363.8,59.2,,,,,,mouse_tracking,,,,,,,,,,,/app/training,dev_6c3945cd-a562-4179-ae9a-ec1c8c010a88,,,,,,,,,,,,,,,,,,,,,,,,,,,,,,,,,,,,,,,,,,,,,,,,,,,,,,,,,,,,,,,,,,
training_event,training,468f03a2-d7c9-4701-abf8-bb2c692f696b,1547abe4-973c-4941-842b-e564b9281e5c,2026-08-29T10:37:28.465000+00:00,mouse_move,,,,,366.8,60.2,,,,,,mouse_tracking,,,,,,,,,,,/app/training,dev_6c3945cd-a562-4179-ae9a-ec1c8c010a88,,,,,,,,,,,,,,,,,,,,,,,,,,,,,,,,,,,,,,,,,,,,,,,,,,,,,,,,,,,,,,,,,,
training_event,training,468f03a2-d7c9-4701-abf8-bb2c692f696b,1547abe4-973c-4941-842b-e564b9281e5c,2026-08-29T10:37:28.481000+00:00,mouse_move,,,,,368.8,60.2,,,,,,mouse_tracking,,,,,,,,,,,/app/training,dev_6c3945cd-a562-4179-ae9a-ec1c8c010a88,,,,,,,,,,,,,,,,,,,,,,,,,,,,,,,,,,,,,,,,,,,,,,,,,,,,,,,,,,,,,,,,,,
training_event,training,468f03a2-d7c9-4701-abf8-bb2c692f696b,1547abe4-973c-4941-842b-e564b9281e5c,2026-08-29T10:37:28.498000+00:00,mouse_move,,,,,371.8,61.2,,,,,,mouse_tracking,,,,,,,,,,,/app/training,dev_6c3945cd-a562-4179-ae9a-ec1c8c010a88,,,,,,,,,,,,,,,,,,,,,,,,,,,,,,,,,,,,,,,,,,,,,,,,,,,,,,,,,,,,,,,,,,
training_event,training,468f03a2-d7c9-4701-abf8-bb2c692f696b,1547abe4-973c-4941-842b-e564b9281e5c,2026-08-29T10:37:28.515000+00:00,mouse_move,,,,,372.8,63.2,,,,,,mouse_tracking,,,,,,,,,,,/app/training,dev_6c3945cd-a562-4179-ae9a-ec1c8c010a88,,,,,,,,,,,,,,,,,,,,,,,,,,,,,,,,,,,,,,,,,,,,,,,,,,,,,,,,,,,,,,,,,,
training_event,training,468f03a2-d7c9-4701-abf8-bb2c692f696b,1547abe4-973c-4941-842b-e564b9281e5c,2026-08-29T10:37:28.532000+00:00,mouse_move,,,,,376.8,63.2,,,,,,mouse_tracking,,,,,,,,,,,/app/training,dev_6c3945cd-a562-4179-ae9a-ec1c8c010a88,,,,,,,,,,,,,,,,,,,,,,,,,,,,,,,,,,,,,,,,,,,,,,,,,,,,,,,,,,,,,,,,,,
training_event,training,468f03a2-d7c9-4701-abf8-bb2c692f696b,1547abe4-973c-4941-842b-e564b9281e5c,2026-08-29T10:37:28.549000+00:00,mouse_move,,,,,377.8,65.2,,,,,,mouse_tracking,,,,,,,,,,,/app/training,dev_6c3945cd-a562-4179-ae9a-ec1c8c010a88,,,,,,,,,,,,,,,,,,,,,,,,,,,,,,,,,,,,,,,,,,,,,,,,,,,,,,,,,,,,,,,,,,
training_event,training,468f03a2-d7c9-4701-abf8-bb2c692f696b,1547abe4-973c-4941-842b-e564b9281e5c,2026-08-29T10:37:28.565000+00:00,mouse_move,,,,,381.8,65.2,,,,,,mouse_tracking,,,,,,,,,,,/app/training,dev_6c3945cd-a562-4179-ae9a-ec1c8c010a88,,,,,,,,,,,,,,,,,,,,,,,,,,,,,,,,,,,,,,,,,,,,,,,,,,,,,,,,,,,,,,,,,,
training_event,training,468f03a2-d7c9-4701-abf8-bb2c692f696b,1547abe4-973c-4941-842b-e564b9281e5c,2026-08-29T10:37:28.581000+00:00,mouse_move,,,,,384.8,65.2,,,,,,mouse_tracking,,,,,,,,,,,/app/training,dev_6c3945cd-a562-4179-ae9a-ec1c8c010a88,,,,,,,,,,,,,,,,,,,,,,,,,,,,,,,,,,,,,,,,,,,,,,,,,,,,,,,,,,,,,,,,,,
training_event,training,468f03a2-d7c9-4701-abf8-bb2c692f696b,1547abe4-973c-4941-842b-e564b9281e5c,2026-08-29T10:37:28.598000+00:00,mouse_move,,,,,385.8,65.2,,,,,,mouse_tracking,,,,,,,,,,,/app/training,dev_6c3945cd-a562-4179-ae9a-ec1c8c010a88,,,,,,,,,,,,,,,,,,,,,,,,,,,,,,,,,,,,,,,,,,,,,,,,,,,,,,,,,,,,,,,,,,
training_event,training,468f03a2-d7c9-4701-abf8-bb2c692f696b,1547abe4-973c-4941-842b-e564b9281e5c,2026-08-29T10:37:28.615000+00:00,mouse_move,,,,,388.8,65.2,,,,,,mouse_tracking,,,,,,,,,,,/app/training,dev_6c3945cd-a562-4179-ae9a-ec1c8c010a88,,,,,,,,,,,,,,,,,,,,,,,,,,,,,,,,,,,,,,,,,,,,,,,,,,,,,,,,,,,,,,,,,,
training_event,training,468f03a2-d7c9-4701-abf8-bb2c692f696b,1547abe4-973c-4941-842b-e564b9281e5c,2026-08-29T10:37:28.632000+00:00,mouse_move,,,,,390.8,65.2,,,,,,mouse_tracking,,,,,,,,,,,/app/training,dev_6c3945cd-a562-4179-ae9a-ec1c8c010a88,,,,,,,,,,,,,,,,,,,,,,,,,,,,,,,,,,,,,,,,,,,,,,,,,,,,,,,,,,,,,,,,,,
training_event,training,468f03a2-d7c9-4701-abf8-bb2c692f696b,1547abe4-973c-4941-842b-e564b9281e5c,2026-08-29T10:37:28.648000+00:00,mouse_move,,,,,392.8,65.2,,,,,,mouse_tracking,,,,,,,,,,,/app/training,dev_6c3945cd-a562-4179-ae9a-ec1c8c010a88,,,,,,,,,,,,,,,,,,,,,,,,,,,,,,,,,,,,,,,,,,,,,,,,,,,,,,,,,,,,,,,,,,
training_event,training,468f03a2-d7c9-4701-abf8-bb2c692f696b,1547abe4-973c-4941-842b-e564b9281e5c,2026-08-29T10:37:28.665000+00:00,mouse_move,,,,,395.8,65.2,,,,,,mouse_tracking,,,,,,,,,,,/app/training,dev_6c3945cd-a562-4179-ae9a-ec1c8c010a88,,,,,,,,,,,,,,,,,,,,,,,,,,,,,,,,,,,,,,,,,,,,,,,,,,,,,,,,,,,,,,,,,,
training_event,training,468f03a2-d7c9-4701-abf8-bb2c692f696b,1547abe4-973c-4941-842b-e564b9281e5c,2026-08-29T10:37:28.698000+00:00,mouse_move,,,,,397.8,65.2,,,,,,mouse_tracking,,,,,,,,,,,/app/training,dev_6c3945cd-a562-4179-ae9a-ec1c8c010a88,,,,,,,,,,,,,,,,,,,,,,,,,,,,,,,,,,,,,,,,,,,,,,,,,,,,,,,,,,,,,,,,,,
training_event,training,468f03a2-d7c9-4701-abf8-bb2c692f696b,1547abe4-973c-4941-842b-e564b9281e5c,2026-08-29T10:37:28.748000+00:00,mouse_move,,,,,398.8,65.2,,,,,,mouse_tracking,,,,,,,,,,,/app/training,dev_6c3945cd-a562-4179-ae9a-ec1c8c010a88,,,,,,,,,,,,,,,,,,,,,,,,,,,,,,,,,,,,,,,,,,,,,,,,,,,,,,,,,,,,,,,,,,
training_event,training,468f03a2-d7c9-4701-abf8-bb2c692f696b,1547abe4-973c-4941-842b-e564b9281e5c,2026-08-29T10:37:28.781000+00:00,mouse_move,,,,,399.8,65.2,,,,,,mouse_tracking,,,,,,,,,,,/app/training,dev_6c3945cd-a562-4179-ae9a-ec1c8c010a88,,,,,,,,,,,,,,,,,,,,,,,,,,,,,,,,,,,,,,,,,,,,,,,,,,,,,,,,,,,,,,,,,,
training_event,training,468f03a2-d7c9-4701-abf8-bb2c692f696b,1547abe4-973c-4941-842b-e564b9281e5c,2026-08-29T10:37:28.832000+00:00,mouse_move,,,,,399.8,66.2,,,,,,mouse_tracking,,,,,,,,,,,/app/training,dev_6c3945cd-a562-4179-ae9a-ec1c8c010a88,,,,,,,,,,,,,,,,,,,,,,,,,,,,,,,,,,,,,,,,,,,,,,,,,,,,,,,,,,,,,,,,,,
training_event,training,468f03a2-d7c9-4701-abf8-bb2c692f696b,1547abe4-973c-4941-842b-e564b9281e5c,2026-08-29T10:37:28.849000+00:00,mouse_move,,,,,399.8,71.2,,,,,,mouse_tracking,,,,,,,,,,,/app/training,dev_6c3945cd-a562-4179-ae9a-ec1c8c010a88,,,,,,,,,,,,,,,,,,,,,,,,,,,,,,,,,,,,,,,,,,,,,,,,,,,,,,,,,,,,,,,,,,
training_event,training,468f03a2-d7c9-4701-abf8-bb2c692f696b,1547abe4-973c-4941-842b-e564b9281e5c,2026-08-29T10:37:28.865000+00:00,mouse_move,,,,,396.8,73.2,,,,,,mouse_tracking,,,,,,,,,,,/app/training,dev_6c3945cd-a562-4179-ae9a-ec1c8c010a88,,,,,,,,,,,,,,,,,,,,,,,,,,,,,,,,,,,,,,,,,,,,,,,,,,,,,,,,,,,,,,,,,,
training_event,training,468f03a2-d7c9-4701-abf8-bb2c692f696b,1547abe4-973c-4941-842b-e564b9281e5c,2026-08-29T10:37:28.881000+00:00,mouse_move,,,,,396.8,76.2,,,,,,mouse_tracking,,,,,,,,,,,/app/training,dev_6c3945cd-a562-4179-ae9a-ec1c8c010a88,,,,,,,,,,,,,,,,,,,,,,,,,,,,,,,,,,,,,,,,,,,,,,,,,,,,,,,,,,,,,,,,,,
training_event,training,468f03a2-d7c9-4701-abf8-bb2c692f696b,1547abe4-973c-4941-842b-e564b9281e5c,2026-08-29T10:37:28.899000+00:00,mouse_move,,,,,394.8,78.2,,,,,,mouse_tracking,,,,,,,,,,,/app/training,dev_6c3945cd-a562-4179-ae9a-ec1c8c010a88,,,,,,,,,,,,,,,,,,,,,,,,,,,,,,,,,,,,,,,,,,,,,,,,,,,,,,,,,,,,,,,,,,
training_event,training,468f03a2-d7c9-4701-abf8-bb2c692f696b,1547abe4-973c-4941-842b-e564b9281e5c,2026-08-29T10:37:28.917000+00:00,mouse_move,,,,,393.8,79.2,,,,,,mouse_tracking,,,,,,,,,,,/app/training,dev_6c3945cd-a562-4179-ae9a-ec1c8c010a88,,,,,,,,,,,,,,,,,,,,,,,,,,,,,,,,,,,,,,,,,,,,,,,,,,,,,,,,,,,,,,,,,,
training_event,training,468f03a2-d7c9-4701-abf8-bb2c692f696b,1547abe4-973c-4941-842b-e564b9281e5c,2026-08-29T10:37:28.931000+00:00,mouse_move,,,,,393.8,80.2,,,,,,mouse_tracking,,,,,,,,,,,/app/training,dev_6c3945cd-a562-4179-ae9a-ec1c8c010a88,,,,,,,,,,,,,,,,,,,,,,,,,,,,,,,,,,,,,,,,,,,,,,,,,,,,,,,,,,,,,,,,,,
training_event,training,468f03a2-d7c9-4701-abf8-bb2c692f696b,1547abe4-973c-4941-842b-e564b9281e5c,2026-08-29T10:37:28.965000+00:00,mouse_move,,,,,392.8,81.2,,,,,,mouse_tracking,,,,,,,,,,,/app/training,dev_6c3945cd-a562-4179-ae9a-ec1c8c010a88,,,,,,,,,,,,,,,,,,,,,,,,,,,,,,,,,,,,,,,,,,,,,,,,,,,,,,,,,,,,,,,,,,
training_event,training,468f03a2-d7c9-4701-abf8-bb2c692f696b,1547abe4-973c-4941-842b-e564b9281e5c,2026-08-29T10:37:29.014000+00:00,mouse_move,,,,,391.8,81.2,,,,,,mouse_tracking,,,,,,,,,,,/app/training,dev_6c3945cd-a562-4179-ae9a-ec1c8c010a88,,,,,,,,,,,,,,,,,,,,,,,,,,,,,,,,,,,,,,,,,,,,,,,,,,,,,,,,,,,,,,,,,,
training_event,training,468f03a2-d7c9-4701-abf8-bb2c692f696b,1547abe4-973c-4941-842b-e564b9281e5c,2026-08-29T10:37:29.064000+00:00,mouse_move,,,,,390.8,81.2,,,,,,mouse_tracking,,,,,,,,,,,/app/training,dev_6c3945cd-a562-4179-ae9a-ec1c8c010a88,,,,,,,,,,,,,,,,,,,,,,,,,,,,,,,,,,,,,,,,,,,,,,,,,,,,,,,,,,,,,,,,,,
training_event,training,468f03a2-d7c9-4701-abf8-bb2c692f696b,1547abe4-973c-4941-842b-e564b9281e5c,2026-08-29T10:37:29.098000+00:00,mouse_move,,,,,388.8,81.2,,,,,,mouse_tracking,,,,,,,,,,,/app/training,dev_6c3945cd-a562-4179-ae9a-ec1c8c010a88,,,,,,,,,,,,,,,,,,,,,,,,,,,,,,,,,,,,,,,,,,,,,,,,,,,,,,,,,,,,,,,,,,
training_event,training,468f03a2-d7c9-4701-abf8-bb2c692f696b,1547abe4-973c-4941-842b-e564b9281e5c,2026-08-29T10:37:29.114000+00:00,mouse_move,,,,,386.8,81.2,,,,,,mouse_tracking,,,,,,,,,,,/app/training,dev_6c3945cd-a562-4179-ae9a-ec1c8c010a88,,,,,,,,,,,,,,,,,,,,,,,,,,,,,,,,,,,,,,,,,,,,,,,,,,,,,,,,,,,,,,,,,,
training_event,training,468f03a2-d7c9-4701-abf8-bb2c692f696b,1547abe4-973c-4941-842b-e564b9281e5c,2026-08-29T10:37:29.132000+00:00,mouse_move,,,,,384.8,81.2,,,,,,mouse_tracking,,,,,,,,,,,/app/training,dev_6c3945cd-a562-4179-ae9a-ec1c8c010a88,,,,,,,,,,,,,,,,,,,,,,,,,,,,,,,,,,,,,,,,,,,,,,,,,,,,,,,,,,,,,,,,,,
training_event,training,468f03a2-d7c9-4701-abf8-bb2c692f696b,1547abe4-973c-4941-842b-e564b9281e5c,2026-08-29T10:37:29.148000+00:00,mouse_move,,,,,380.8,81.2,,,,,,mouse_tracking,,,,,,,,,,,/app/training,dev_6c3945cd-a562-4179-ae9a-ec1c8c010a88,,,,,,,,,,,,,,,,,,,,,,,,,,,,,,,,,,,,,,,,,,,,,,,,,,,,,,,,,,,,,,,,,,
training_event,training,468f03a2-d7c9-4701-abf8-bb2c692f696b,1547abe4-973c-4941-842b-e564b9281e5c,2026-08-29T10:37:29.181000+00:00,mouse_move,,,,,378.8,81.2,,,,,,mouse_tracking,,,,,,,,,,,/app/training,dev_6c3945cd-a562-4179-ae9a-ec1c8c010a88,,,,,,,,,,,,,,,,,,,,,,,,,,,,,,,,,,,,,,,,,,,,,,,,,,,,,,,,,,,,,,,,,,
training_event,training,468f03a2-d7c9-4701-abf8-bb2c692f696b,1547abe4-973c-4941-842b-e564b9281e5c,2026-08-29T10:37:29.198000+00:00,mouse_move,,,,,377.8,81.2,,,,,,mouse_tracking,,,,,,,,,,,/app/training,dev_6c3945cd-a562-4179-ae9a-ec1c8c010a88,,,,,,,,,,,,,,,,,,,,,,,,,,,,,,,,,,,,,,,,,,,,,,,,,,,,,,,,,,,,,,,,,,
training_event,training,468f03a2-d7c9-4701-abf8-bb2c692f696b,1547abe4-973c-4941-842b-e564b9281e5c,2026-08-29T10:37:29.248000+00:00,mouse_move,,,,,376.8,81.2,,,,,,mouse_tracking,,,,,,,,,,,/app/training,dev_6c3945cd-a562-4179-ae9a-ec1c8c010a88,,,,,,,,,,,,,,,,,,,,,,,,,,,,,,,,,,,,,,,,,,,,,,,,,,,,,,,,,,,,,,,,,,
training_event,training,468f03a2-d7c9-4701-abf8-bb2c692f696b,1547abe4-973c-4941-842b-e564b9281e5c,2026-08-29T10:37:29.265000+00:00,mouse_move,,,,,375.8,81.2,,,,,,mouse_tracking,,,,,,,,,,,/app/training,dev_6c3945cd-a562-4179-ae9a-ec1c8c010a88,,,,,,,,,,,,,,,,,,,,,,,,,,,,,,,,,,,,,,,,,,,,,,,,,,,,,,,,,,,,,,,,,,
training_event,training,468f03a2-d7c9-4701-abf8-bb2c692f696b,1547abe4-973c-4941-842b-e564b9281e5c,2026-08-29T10:37:29.498000+00:00,mouse_move,,,,,375.8,79.2,,,,,,mouse_tracking,,,,,,,,,,,/app/training,dev_6c3945cd-a562-4179-ae9a-ec1c8c010a88,,,,,,,,,,,,,,,,,,,,,,,,,,,,,,,,,,,,,,,,,,,,,,,,,,,,,,,,,,,,,,,,,,
training_event,training,468f03a2-d7c9-4701-abf8-bb2c692f696b,1547abe4-973c-4941-842b-e564b9281e5c,2026-08-29T10:37:29.515000+00:00,mouse_move,,,,,374.8,79.2,,,,,,mouse_tracking,,,,,,,,,,,/app/training,dev_6c3945cd-a562-4179-ae9a-ec1c8c010a88,,,,,,,,,,,,,,,,,,,,,,,,,,,,,,,,,,,,,,,,,,,,,,,,,,,,,,,,,,,,,,,,,,
training_event,training,468f03a2-d7c9-4701-abf8-bb2c692f696b,1547abe4-973c-4941-842b-e564b9281e5c,2026-08-29T10:37:29.632000+00:00,mouse_move,,,,,372.8,79.2,,,,,,mouse_tracking,,,,,,,,,,,/app/training,dev_6c3945cd-a562-4179-ae9a-ec1c8c010a88,,,,,,,,,,,,,,,,,,,,,,,,,,,,,,,,,,,,,,,,,,,,,,,,,,,,,,,,,,,,,,,,,,
training_event,training,468f03a2-d7c9-4701-abf8-bb2c692f696b,1547abe4-973c-4941-842b-e564b9281e5c,2026-08-29T10:37:29.664000+00:00,mouse_move,,,,,372.8,77.2,,,,,,mouse_tracking,,,,,,,,,,,/app/training,dev_6c3945cd-a562-4179-ae9a-ec1c8c010a88,,,,,,,,,,,,,,,,,,,,,,,,,,,,,,,,,,,,,,,,,,,,,,,,,,,,,,,,,,,,,,,,,,
training_event,training,468f03a2-d7c9-4701-abf8-bb2c692f696b,1547abe4-973c-4941-842b-e564b9281e5c,2026-08-29T10:37:29.748000+00:00,mouse_move,,,,,370.8,77.2,,,,,,mouse_tracking,,,,,,,,,,,/app/training,dev_6c3945cd-a562-4179-ae9a-ec1c8c010a88,,,,,,,,,,,,,,,,,,,,,,,,,,,,,,,,,,,,,,,,,,,,,,,,,,,,,,,,,,,,,,,,,,
training_event,training,468f03a2-d7c9-4701-abf8-bb2c692f696b,1547abe4-973c-4941-842b-e564b9281e5c,2026-08-29T10:37:29.781000+00:00,mouse_move,,,,,369.8,77.2,,,,,,mouse_tracking,,,,,,,,,,,/app/training,dev_6c3945cd-a562-4179-ae9a-ec1c8c010a88,,,,,,,,,,,,,,,,,,,,,,,,,,,,,,,,,,,,,,,,,,,,,,,,,,,,,,,,,,,,,,,,,,
training_event,training,468f03a2-d7c9-4701-abf8-bb2c692f696b,1547abe4-973c-4941-842b-e564b9281e5c,2026-08-29T10:37:29.815000+00:00,mouse_move,,,,,368.8,76.2,,,,,,mouse_tracking,,,,,,,,,,,/app/training,dev_6c3945cd-a562-4179-ae9a-ec1c8c010a88,,,,,,,,,,,,,,,,,,,,,,,,,,,,,,,,,,,,,,,,,,,,,,,,,,,,,,,,,,,,,,,,,,
training_event,training,468f03a2-d7c9-4701-abf8-bb2c692f696b,1547abe4-973c-4941-842b-e564b9281e5c,2026-08-29T10:37:29.833000+00:00,mouse_move,,,,,367.8,76.2,,,,,,mouse_tracking,,,,,,,,,,,/app/training,dev_6c3945cd-a562-4179-ae9a-ec1c8c010a88,,,,,,,,,,,,,,,,,,,,,,,,,,,,,,,,,,,,,,,,,,,,,,,,,,,,,,,,,,,,,,,,,,
training_event,training,468f03a2-d7c9-4701-abf8-bb2c692f696b,1547abe4-973c-4941-842b-e564b9281e5c,2026-08-29T10:37:29.848000+00:00,mouse_move,,,,,367.8,75.2,,,,,,mouse_tracking,,,,,,,,,,,/app/training,dev_6c3945cd-a562-4179-ae9a-ec1c8c010a88,,,,,,,,,,,,,,,,,,,,,,,,,,,,,,,,,,,,,,,,,,,,,,,,,,,,,,,,,,,,,,,,,,
training_event,training,468f03a2-d7c9-4701-abf8-bb2c692f696b,1547abe4-973c-4941-842b-e564b9281e5c,2026-08-29T10:37:29.865000+00:00,mouse_move,,,,,366.8,75.2,,,,,,mouse_tracking,,,,,,,,,,,/app/training,dev_6c3945cd-a562-4179-ae9a-ec1c8c010a88,,,,,,,,,,,,,,,,,,,,,,,,,,,,,,,,,,,,,,,,,,,,,,,,,,,,,,,,,,,,,,,,,,
training_event,training,468f03a2-d7c9-4701-abf8-bb2c692f696b,1547abe4-973c-4941-842b-e564b9281e5c,2026-08-29T10:37:29.897000+00:00,mouse_move,,,,,364.8,75.2,,,,,,mouse_tracking,,,,,,,,,,,/app/training,dev_6c3945cd-a562-4179-ae9a-ec1c8c010a88,,,,,,,,,,,,,,,,,,,,,,,,,,,,,,,,,,,,,,,,,,,,,,,,,,,,,,,,,,,,,,,,,,
training_event,training,468f03a2-d7c9-4701-abf8-bb2c692f696b,1547abe4-973c-4941-842b-e564b9281e5c,2026-08-29T10:37:30.964000+00:00,mouse_move,,,,,365.8,75.2,,,,,,mouse_tracking,,,,,,,,,,,/app/training,dev_6c3945cd-a562-4179-ae9a-ec1c8c010a88,,,,,,,,,,,,,,,,,,,,,,,,,,,,,,,,,,,,,,,,,,,,,,,,,,,,,,,,,,,,,,,,,,
training_event,training,468f03a2-d7c9-4701-abf8-bb2c692f696b,1547abe4-973c-4941-842b-e564b9281e5c,2026-08-29T10:37:30.981000+00:00,mouse_move,,,,,368.8,75.2,,,,,,mouse_tracking,,,,,,,,,,,/app/training,dev_6c3945cd-a562-4179-ae9a-ec1c8c010a88,,,,,,,,,,,,,,,,,,,,,,,,,,,,,,,,,,,,,,,,,,,,,,,,,,,,,,,,,,,,,,,,,,
training_event,training,468f03a2-d7c9-4701-abf8-bb2c692f696b,1547abe4-973c-4941-842b-e564b9281e5c,2026-08-29T10:37:30.998000+00:00,mouse_move,,,,,375.8,78.2,,,,,,mouse_tracking,,,,,,,,,,,/app/training,dev_6c3945cd-a562-4179-ae9a-ec1c8c010a88,,,,,,,,,,,,,,,,,,,,,,,,,,,,,,,,,,,,,,,,,,,,,,,,,,,,,,,,,,,,,,,,,,
training_event,training,468f03a2-d7c9-4701-abf8-bb2c692f696b,1547abe4-973c-4941-842b-e564b9281e5c,2026-08-29T10:37:31.014000+00:00,mouse_move,,,,,380.8,83.2,,,,,,mouse_tracking,,,,,,,,,,,/app/training,dev_6c3945cd-a562-4179-ae9a-ec1c8c010a88,,,,,,,,,,,,,,,,,,,,,,,,,,,,,,,,,,,,,,,,,,,,,,,,,,,,,,,,,,,,,,,,,,
training_event,training,468f03a2-d7c9-4701-abf8-bb2c692f696b,1547abe4-973c-4941-842b-e564b9281e5c,2026-08-29T10:37:31.030000+00:00,mouse_move,,,,,384.8,87.2,,,,,,mouse_tracking,,,,,,,,,,,/app/training,dev_6c3945cd-a562-4179-ae9a-ec1c8c010a88,,,,,,,,,,,,,,,,,,,,,,,,,,,,,,,,,,,,,,,,,,,,,,,,,,,,,,,,,,,,,,,,,,
training_event,training,468f03a2-d7c9-4701-abf8-bb2c692f696b,1547abe4-973c-4941-842b-e564b9281e5c,2026-08-29T10:37:31.047000+00:00,mouse_move,,,,,390.8,91.2,,,,,,mouse_tracking,,,,,,,,,,,/app/training,dev_6c3945cd-a562-4179-ae9a-ec1c8c010a88,,,,,,,,,,,,,,,,,,,,,,,,,,,,,,,,,,,,,,,,,,,,,,,,,,,,,,,,,,,,,,,,,,
training_event,training,468f03a2-d7c9-4701-abf8-bb2c692f696b,1547abe4-973c-4941-842b-e564b9281e5c,2026-08-29T10:37:31.064000+00:00,mouse_move,,,,,392.8,93.2,,,,,,mouse_tracking,,,,,,,,,,,/app/training,dev_6c3945cd-a562-4179-ae9a-ec1c8c010a88,,,,,,,,,,,,,,,,,,,,,,,,,,,,,,,,,,,,,,,,,,,,,,,,,,,,,,,,,,,,,,,,,,
training_event,training,468f03a2-d7c9-4701-abf8-bb2c692f696b,1547abe4-973c-4941-842b-e564b9281e5c,2026-08-29T10:37:31.082000+00:00,mouse_move,,,,,395.8,95.2,,,,,,mouse_tracking,,,,,,,,,,,/app/training,dev_6c3945cd-a562-4179-ae9a-ec1c8c010a88,,,,,,,,,,,,,,,,,,,,,,,,,,,,,,,,,,,,,,,,,,,,,,,,,,,,,,,,,,,,,,,,,,
training_event,training,468f03a2-d7c9-4701-abf8-bb2c692f696b,1547abe4-973c-4941-842b-e564b9281e5c,2026-08-29T10:37:31.098000+00:00,mouse_move,,,,,397.8,99.2,,,,,,mouse_tracking,,,,,,,,,,,/app/training,dev_6c3945cd-a562-4179-ae9a-ec1c8c010a88,,,,,,,,,,,,,,,,,,,,,,,,,,,,,,,,,,,,,,,,,,,,,,,,,,,,,,,,,,,,,,,,,,
training_event,training,468f03a2-d7c9-4701-abf8-bb2c692f696b,1547abe4-973c-4941-842b-e564b9281e5c,2026-08-29T10:37:31.114000+00:00,mouse_move,,,,,400.8,99.2,,,,,,mouse_tracking,,,,,,,,,,,/app/training,dev_6c3945cd-a562-4179-ae9a-ec1c8c010a88,,,,,,,,,,,,,,,,,,,,,,,,,,,,,,,,,,,,,,,,,,,,,,,,,,,,,,,,,,,,,,,,,,
training_event,training,468f03a2-d7c9-4701-abf8-bb2c692f696b,1547abe4-973c-4941-842b-e564b9281e5c,2026-08-29T10:37:31.131000+00:00,mouse_move,,,,,400.8,101.2,,,,,,mouse_tracking,,,,,,,,,,,/app/training,dev_6c3945cd-a562-4179-ae9a-ec1c8c010a88,,,,,,,,,,,,,,,,,,,,,,,,,,,,,,,,,,,,,,,,,,,,,,,,,,,,,,,,,,,,,,,,,,
training_event,training,468f03a2-d7c9-4701-abf8-bb2c692f696b,1547abe4-973c-4941-842b-e564b9281e5c,2026-08-29T10:37:31.147000+00:00,mouse_move,,,,,400.8,102.2,,,,,,mouse_tracking,,,,,,,,,,,/app/training,dev_6c3945cd-a562-4179-ae9a-ec1c8c010a88,,,,,,,,,,,,,,,,,,,,,,,,,,,,,,,,,,,,,,,,,,,,,,,,,,,,,,,,,,,,,,,,,,
training_event,training,468f03a2-d7c9-4701-abf8-bb2c692f696b,1547abe4-973c-4941-842b-e564b9281e5c,2026-08-29T10:37:31.164000+00:00,mouse_move,,,,,402.8,102.2,,,,,,mouse_tracking,,,,,,,,,,,/app/training,dev_6c3945cd-a562-4179-ae9a-ec1c8c010a88,,,,,,,,,,,,,,,,,,,,,,,,,,,,,,,,,,,,,,,,,,,,,,,,,,,,,,,,,,,,,,,,,,
training_event,training,468f03a2-d7c9-4701-abf8-bb2c692f696b,1547abe4-973c-4941-842b-e564b9281e5c,2026-08-29T10:37:31.181000+00:00,mouse_move,,,,,403.8,102.2,,,,,,mouse_tracking,,,,,,,,,,,/app/training,dev_6c3945cd-a562-4179-ae9a-ec1c8c010a88,,,,,,,,,,,,,,,,,,,,,,,,,,,,,,,,,,,,,,,,,,,,,,,,,,,,,,,,,,,,,,,,,,
training_event,training,468f03a2-d7c9-4701-abf8-bb2c692f696b,1547abe4-973c-4941-842b-e564b9281e5c,2026-08-29T10:37:31.198000+00:00,mouse_move,,,,,404.8,103.2,,,,,,mouse_tracking,,,,,,,,,,,/app/training,dev_6c3945cd-a562-4179-ae9a-ec1c8c010a88,,,,,,,,,,,,,,,,,,,,,,,,,,,,,,,,,,,,,,,,,,,,,,,,,,,,,,,,,,,,,,,,,,
training_event,training,468f03a2-d7c9-4701-abf8-bb2c692f696b,1547abe4-973c-4941-842b-e564b9281e5c,2026-08-29T10:37:31.214000+00:00,mouse_move,,,,,405.8,103.2,,,,,,mouse_tracking,,,,,,,,,,,/app/training,dev_6c3945cd-a562-4179-ae9a-ec1c8c010a88,,,,,,,,,,,,,,,,,,,,,,,,,,,,,,,,,,,,,,,,,,,,,,,,,,,,,,,,,,,,,,,,,,
training_event,training,468f03a2-d7c9-4701-abf8-bb2c692f696b,1547abe4-973c-4941-842b-e564b9281e5c,2026-08-29T10:37:31.231000+00:00,mouse_move,,,,,405.8,104.2,,,,,,mouse_tracking,,,,,,,,,,,/app/training,dev_6c3945cd-a562-4179-ae9a-ec1c8c010a88,,,,,,,,,,,,,,,,,,,,,,,,,,,,,,,,,,,,,,,,,,,,,,,,,,,,,,,,,,,,,,,,,,
training_event,training,468f03a2-d7c9-4701-abf8-bb2c692f696b,1547abe4-973c-4941-842b-e564b9281e5c,2026-08-29T10:37:31.247000+00:00,mouse_move,,,,,406.8,104.2,,,,,,mouse_tracking,,,,,,,,,,,/app/training,dev_6c3945cd-a562-4179-ae9a-ec1c8c010a88,,,,,,,,,,,,,,,,,,,,,,,,,,,,,,,,,,,,,,,,,,,,,,,,,,,,,,,,,,,,,,,,,,
training_event,training,468f03a2-d7c9-4701-abf8-bb2c692f696b,1547abe4-973c-4941-842b-e564b9281e5c,2026-08-29T10:37:31.265000+00:00,mouse_move,,,,,408.8,106.2,,,,,,mouse_tracking,,,,,,,,,,,/app/training,dev_6c3945cd-a562-4179-ae9a-ec1c8c010a88,,,,,,,,,,,,,,,,,,,,,,,,,,,,,,,,,,,,,,,,,,,,,,,,,,,,,,,,,,,,,,,,,,
training_event,training,468f03a2-d7c9-4701-abf8-bb2c692f696b,1547abe4-973c-4941-842b-e564b9281e5c,2026-08-29T10:37:31.282000+00:00,mouse_move,,,,,410.8,107.2,,,,,,mouse_tracking,,,,,,,,,,,/app/training,dev_6c3945cd-a562-4179-ae9a-ec1c8c010a88,,,,,,,,,,,,,,,,,,,,,,,,,,,,,,,,,,,,,,,,,,,,,,,,,,,,,,,,,,,,,,,,,,
training_event,training,468f03a2-d7c9-4701-abf8-bb2c692f696b,1547abe4-973c-4941-842b-e564b9281e5c,2026-08-29T10:37:31.298000+00:00,mouse_move,,,,,411.8,107.2,,,,,,mouse_tracking,,,,,,,,,,,/app/training,dev_6c3945cd-a562-4179-ae9a-ec1c8c010a88,,,,,,,,,,,,,,,,,,,,,,,,,,,,,,,,,,,,,,,,,,,,,,,,,,,,,,,,,,,,,,,,,,
training_event,training,468f03a2-d7c9-4701-abf8-bb2c692f696b,1547abe4-973c-4941-842b-e564b9281e5c,2026-08-29T10:37:31.314000+00:00,mouse_move,,,,,412.8,107.2,,,,,,mouse_tracking,,,,,,,,,,,/app/training,dev_6c3945cd-a562-4179-ae9a-ec1c8c010a88,,,,,,,,,,,,,,,,,,,,,,,,,,,,,,,,,,,,,,,,,,,,,,,,,,,,,,,,,,,,,,,,,,
training_event,training,468f03a2-d7c9-4701-abf8-bb2c692f696b,1547abe4-973c-4941-842b-e564b9281e5c,2026-08-29T10:37:31.331000+00:00,mouse_move,,,,,414.8,109.2,,,,,,mouse_tracking,,,,,,,,,,,/app/training,dev_6c3945cd-a562-4179-ae9a-ec1c8c010a88,,,,,,,,,,,,,,,,,,,,,,,,,,,,,,,,,,,,,,,,,,,,,,,,,,,,,,,,,,,,,,,,,,
training_event,training,468f03a2-d7c9-4701-abf8-bb2c692f696b,1547abe4-973c-4941-842b-e564b9281e5c,2026-08-29T10:37:31.347000+00:00,mouse_move,,,,,416.8,109.2,,,,,,mouse_tracking,,,,,,,,,,,/app/training,dev_6c3945cd-a562-4179-ae9a-ec1c8c010a88,,,,,,,,,,,,,,,,,,,,,,,,,,,,,,,,,,,,,,,,,,,,,,,,,,,,,,,,,,,,,,,,,,
training_event,training,468f03a2-d7c9-4701-abf8-bb2c692f696b,1547abe4-973c-4941-842b-e564b9281e5c,2026-08-29T10:37:31.363000+00:00,mouse_move,,,,,416.8,110.2,,,,,,mouse_tracking,,,,,,,,,,,/app/training,dev_6c3945cd-a562-4179-ae9a-ec1c8c010a88,,,,,,,,,,,,,,,,,,,,,,,,,,,,,,,,,,,,,,,,,,,,,,,,,,,,,,,,,,,,,,,,,,
training_event,training,468f03a2-d7c9-4701-abf8-bb2c692f696b,1547abe4-973c-4941-842b-e564b9281e5c,2026-08-29T10:37:31.381000+00:00,mouse_move,,,,,419.8,111.2,,,,,,mouse_tracking,,,,,,,,,,,/app/training,dev_6c3945cd-a562-4179-ae9a-ec1c8c010a88,,,,,,,,,,,,,,,,,,,,,,,,,,,,,,,,,,,,,,,,,,,,,,,,,,,,,,,,,,,,,,,,,,
training_event,training,468f03a2-d7c9-4701-abf8-bb2c692f696b,1547abe4-973c-4941-842b-e564b9281e5c,2026-08-29T10:37:31.414000+00:00,mouse_move,,,,,420.8,114.2,,,,,,mouse_tracking,,,,,,,,,,,/app/training,dev_6c3945cd-a562-4179-ae9a-ec1c8c010a88,,,,,,,,,,,,,,,,,,,,,,,,,,,,,,,,,,,,,,,,,,,,,,,,,,,,,,,,,,,,,,,,,,
training_event,training,468f03a2-d7c9-4701-abf8-bb2c692f696b,1547abe4-973c-4941-842b-e564b9281e5c,2026-08-29T10:37:31.430000+00:00,mouse_move,,,,,421.8,114.2,,,,,,mouse_tracking,,,,,,,,,,,/app/training,dev_6c3945cd-a562-4179-ae9a-ec1c8c010a88,,,,,,,,,,,,,,,,,,,,,,,,,,,,,,,,,,,,,,,,,,,,,,,,,,,,,,,,,,,,,,,,,,
training_event,training,468f03a2-d7c9-4701-abf8-bb2c692f696b,1547abe4-973c-4941-842b-e564b9281e5c,2026-08-29T10:37:31.447000+00:00,mouse_move,,,,,422.8,115.2,,,,,,mouse_tracking,,,,,,,,,,,/app/training,dev_6c3945cd-a562-4179-ae9a-ec1c8c010a88,,,,,,,,,,,,,,,,,,,,,,,,,,,,,,,,,,,,,,,,,,,,,,,,,,,,,,,,,,,,,,,,,,
training_event,training,468f03a2-d7c9-4701-abf8-bb2c692f696b,1547abe4-973c-4941-842b-e564b9281e5c,2026-08-29T10:37:31.481000+00:00,mouse_move,,,,,424.8,115.2,,,,,,mouse_tracking,,,,,,,,,,,/app/training,dev_6c3945cd-a562-4179-ae9a-ec1c8c010a88,,,,,,,,,,,,,,,,,,,,,,,,,,,,,,,,,,,,,,,,,,,,,,,,,,,,,,,,,,,,,,,,,,
training_event,training,468f03a2-d7c9-4701-abf8-bb2c692f696b,1547abe4-973c-4941-842b-e564b9281e5c,2026-08-29T10:37:31.530000+00:00,mouse_move,,,,,426.8,115.2,,,,,,mouse_tracking,,,,,,,,,,,/app/training,dev_6c3945cd-a562-4179-ae9a-ec1c8c010a88,,,,,,,,,,,,,,,,,,,,,,,,,,,,,,,,,,,,,,,,,,,,,,,,,,,,,,,,,,,,,,,,,,
training_event,training,468f03a2-d7c9-4701-abf8-bb2c692f696b,1547abe4-973c-4941-842b-e564b9281e5c,2026-08-29T10:37:31.565000+00:00,mouse_move,,,,,428.8,115.2,,,,,,mouse_tracking,,,,,,,,,,,/app/training,dev_6c3945cd-a562-4179-ae9a-ec1c8c010a88,,,,,,,,,,,,,,,,,,,,,,,,,,,,,,,,,,,,,,,,,,,,,,,,,,,,,,,,,,,,,,,,,,
training_event,training,468f03a2-d7c9-4701-abf8-bb2c692f696b,1547abe4-973c-4941-842b-e564b9281e5c,2026-08-29T10:37:31.581000+00:00,mouse_move,,,,,430.8,115.2,,,,,,mouse_tracking,,,,,,,,,,,/app/training,dev_6c3945cd-a562-4179-ae9a-ec1c8c010a88,,,,,,,,,,,,,,,,,,,,,,,,,,,,,,,,,,,,,,,,,,,,,,,,,,,,,,,,,,,,,,,,,,
training_event,training,468f03a2-d7c9-4701-abf8-bb2c692f696b,1547abe4-973c-4941-842b-e564b9281e5c,2026-08-29T10:37:31.598000+00:00,mouse_move,,,,,432.8,115.2,,,,,,mouse_tracking,,,,,,,,,,,/app/training,dev_6c3945cd-a562-4179-ae9a-ec1c8c010a88,,,,,,,,,,,,,,,,,,,,,,,,,,,,,,,,,,,,,,,,,,,,,,,,,,,,,,,,,,,,,,,,,,
training_event,training,468f03a2-d7c9-4701-abf8-bb2c692f696b,1547abe4-973c-4941-842b-e564b9281e5c,2026-08-29T10:37:31.614000+00:00,mouse_move,,,,,432.8,117.2,,,,,,mouse_tracking,,,,,,,,,,,/app/training,dev_6c3945cd-a562-4179-ae9a-ec1c8c010a88,,,,,,,,,,,,,,,,,,,,,,,,,,,,,,,,,,,,,,,,,,,,,,,,,,,,,,,,,,,,,,,,,,
training_event,training,468f03a2-d7c9-4701-abf8-bb2c692f696b,1547abe4-973c-4941-842b-e564b9281e5c,2026-08-29T10:37:31.631000+00:00,mouse_move,,,,,435.8,117.2,,,,,,mouse_tracking,,,,,,,,,,,/app/training,dev_6c3945cd-a562-4179-ae9a-ec1c8c010a88,,,,,,,,,,,,,,,,,,,,,,,,,,,,,,,,,,,,,,,,,,,,,,,,,,,,,,,,,,,,,,,,,,
training_event,training,468f03a2-d7c9-4701-abf8-bb2c692f696b,1547abe4-973c-4941-842b-e564b9281e5c,2026-08-29T10:37:31.647000+00:00,mouse_move,,,,,437.8,117.2,,,,,,mouse_tracking,,,,,,,,,,,/app/training,dev_6c3945cd-a562-4179-ae9a-ec1c8c010a88,,,,,,,,,,,,,,,,,,,,,,,,,,,,,,,,,,,,,,,,,,,,,,,,,,,,,,,,,,,,,,,,,,
training_event,training,468f03a2-d7c9-4701-abf8-bb2c692f696b,1547abe4-973c-4941-842b-e564b9281e5c,2026-08-29T10:37:31.665000+00:00,mouse_move,,,,,438.8,117.2,,,,,,mouse_tracking,,,,,,,,,,,/app/training,dev_6c3945cd-a562-4179-ae9a-ec1c8c010a88,,,,,,,,,,,,,,,,,,,,,,,,,,,,,,,,,,,,,,,,,,,,,,,,,,,,,,,,,,,,,,,,,,
training_event,training,468f03a2-d7c9-4701-abf8-bb2c692f696b,1547abe4-973c-4941-842b-e564b9281e5c,2026-08-29T10:37:31.680000+00:00,mouse_move,,,,,440.8,117.2,,,,,,mouse_tracking,,,,,,,,,,,/app/training,dev_6c3945cd-a562-4179-ae9a-ec1c8c010a88,,,,,,,,,,,,,,,,,,,,,,,,,,,,,,,,,,,,,,,,,,,,,,,,,,,,,,,,,,,,,,,,,,
training_event,training,468f03a2-d7c9-4701-abf8-bb2c692f696b,1547abe4-973c-4941-842b-e564b9281e5c,2026-08-29T10:37:31.697000+00:00,mouse_move,,,,,443.8,118.2,,,,,,mouse_tracking,,,,,,,,,,,/app/training,dev_6c3945cd-a562-4179-ae9a-ec1c8c010a88,,,,,,,,,,,,,,,,,,,,,,,,,,,,,,,,,,,,,,,,,,,,,,,,,,,,,,,,,,,,,,,,,,
training_event,training,468f03a2-d7c9-4701-abf8-bb2c692f696b,1547abe4-973c-4941-842b-e564b9281e5c,2026-08-29T10:37:31.714000+00:00,mouse_move,,,,,444.8,118.2,,,,,,mouse_tracking,,,,,,,,,,,/app/training,dev_6c3945cd-a562-4179-ae9a-ec1c8c010a88,,,,,,,,,,,,,,,,,,,,,,,,,,,,,,,,,,,,,,,,,,,,,,,,,,,,,,,,,,,,,,,,,,
training_event,training,468f03a2-d7c9-4701-abf8-bb2c692f696b,1547abe4-973c-4941-842b-e564b9281e5c,2026-08-29T10:37:31.747000+00:00,mouse_move,,,,,445.8,119.2,,,,,,mouse_tracking,,,,,,,,,,,/app/training,dev_6c3945cd-a562-4179-ae9a-ec1c8c010a88,,,,,,,,,,,,,,,,,,,,,,,,,,,,,,,,,,,,,,,,,,,,,,,,,,,,,,,,,,,,,,,,,,
training_event,training,468f03a2-d7c9-4701-abf8-bb2c692f696b,1547abe4-973c-4941-842b-e564b9281e5c,2026-08-29T10:37:31.764000+00:00,mouse_move,,,,,446.8,119.2,,,,,,mouse_tracking,,,,,,,,,,,/app/training,dev_6c3945cd-a562-4179-ae9a-ec1c8c010a88,,,,,,,,,,,,,,,,,,,,,,,,,,,,,,,,,,,,,,,,,,,,,,,,,,,,,,,,,,,,,,,,,,
training_event,training,468f03a2-d7c9-4701-abf8-bb2c692f696b,1547abe4-973c-4941-842b-e564b9281e5c,2026-08-29T10:37:31.780000+00:00,mouse_move,,,,,448.8,119.2,,,,,,mouse_tracking,,,,,,,,,,,/app/training,dev_6c3945cd-a562-4179-ae9a-ec1c8c010a88,,,,,,,,,,,,,,,,,,,,,,,,,,,,,,,,,,,,,,,,,,,,,,,,,,,,,,,,,,,,,,,,,,
training_event,training,468f03a2-d7c9-4701-abf8-bb2c692f696b,b731c53e-b93b-4537-8511-fe3d4deabddc,2026-09-06T16:57:03.067000+00:00,keydown,84,T,,,,,,,,,,controlled_typing,0,,,,,,,,,,/app/training,dev_a90ff035-50b8-4bdc-9c74-acb502df4f77,,,,,,,,,,,,,,,,,,,,,,,,,,,,,,,,,,,,,,,,,,,,,,,,,,,,,,,,,,,,,,,,,,
training_event,training,468f03a2-d7c9-4701-abf8-bb2c692f696b,b731c53e-b93b-4537-8511-fe3d4deabddc,2026-09-06T16:57:03.101000+00:00,keyup,84,,34.0,,,,,,,,,controlled_typing,0,,,,,,,,,,/app/training,dev_a90ff035-50b8-4bdc-9c74-acb502df4f77,,,,,,,,,,,,,,,,,,,,,,,,,,,,,,,,,,,,,,,,,,,,,,,,,,,,,,,,,,,,,,,,,,
training_event,training,468f03a2-d7c9-4701-abf8-bb2c692f696b,b731c53e-b93b-4537-8511-fe3d4deabddc,2026-09-06T16:57:03.181000+00:00,keydown,72,h,,114.0,,,,,,,,controlled_typing,0,,,,,,,,,,/app/training,dev_a90ff035-50b8-4bdc-9c74-acb502df4f77,,,,,,,,,,,,,,,,,,,,,,,,,,,,,,,,,,,,,,,,,,,,,,,,,,,,,,,,,,,,,,,,,,
training_event,training,468f03a2-d7c9-4701-abf8-bb2c692f696b,b731c53e-b93b-4537-8511-fe3d4deabddc,2026-09-06T16:57:03.190000+00:00,keyup,72,,8.0,,,,,,,,,controlled_typing,0,,,,,,,,,,/app/training,dev_a90ff035-50b8-4bdc-9c74-acb502df4f77,,,,,,,,,,,,,,,,,,,,,,,,,,,,,,,,,,,,,,,,,,,,,,,,,,,,,,,,,,,,,,,,,,
training_event,training,468f03a2-d7c9-4701-abf8-bb2c692f696b,b731c53e-b93b-4537-8511-fe3d4deabddc,2026-09-06T16:57:03.315000+00:00,keydown,69,e,,133.0,,,,,,,,controlled_typing,0,,,,,,,,,,/app/training,dev_a90ff035-50b8-4bdc-9c74-acb502df4f77,,,,,,,,,,,,,,,,,,,,,,,,,,,,,,,,,,,,,,,,,,,,,,,,,,,,,,,,,,,,,,,,,,
training_event,training,468f03a2-d7c9-4701-abf8-bb2c692f696b,b731c53e-b93b-4537-8511-fe3d4deabddc,2026-09-06T16:57:03.325000+00:00,keyup,69,,10.0,,,,,,,,,controlled_typing,0,,,,,,,,,,/app/training,dev_a90ff035-50b8-4bdc-9c74-acb502df4f77,,,,,,,,,,,,,,,,,,,,,,,,,,,,,,,,,,,,,,,,,,,,,,,,,,,,,,,,,,,,,,,,,,
training_event,training,468f03a2-d7c9-4701-abf8-bb2c692f696b,b731c53e-b93b-4537-8511-fe3d4deabddc,2026-09-06T16:57:03.501000+00:00,keydown,32, ,,187.0,,,,,,,,controlled_typing,0,,,,,,,,,,/app/training,dev_a90ff035-50b8-4bdc-9c74-acb502df4f77,,,,,,,,,,,,,,,,,,,,,,,,,,,,,,,,,,,,,,,,,,,,,,,,,,,,,,,,,,,,,,,,,,
training_event,training,468f03a2-d7c9-4701-abf8-bb2c692f696b,b731c53e-b93b-4537-8511-fe3d4deabddc,2026-09-06T16:57:03.525000+00:00,keyup,32,,24.0,,,,,,,,,controlled_typing,0,,,,,,,,,,/app/training,dev_a90ff035-50b8-4bdc-9c74-acb502df4f77,,,,,,,,,,,,,,,,,,,,,,,,,,,,,,,,,,,,,,,,,,,,,,,,,,,,,,,,,,,,,,,,,,
training_event,training,468f03a2-d7c9-4701-abf8-bb2c692f696b,b731c53e-b93b-4537-8511-fe3d4deabddc,2026-09-06T16:57:04.100000+00:00,keydown,81,q,,599.0,,,,,,,,controlled_typing,0,,,,,,,,,,/app/training,dev_a90ff035-50b8-4bdc-9c74-acb502df4f77,,,,,,,,,,,,,,,,,,,,,,,,,,,,,,,,,,,,,,,,,,,,,,,,,,,,,,,,,,,,,,,,,,
training_event,training,468f03a2-d7c9-4701-abf8-bb2c692f696b,b731c53e-b93b-4537-8511-fe3d4deabddc,2026-09-06T16:57:04.115000+00:00,keyup,81,,15.0,,,,,,,,,controlled_typing,0,,,,,,,,,,/app/training,dev_a90ff035-50b8-4bdc-9c74-acb502df4f77,,,,,,,,,,,,,,,,,,,,,,,,,,,,,,,,,,,,,,,,,,,,,,,,,,,,,,,,,,,,,,,,,,
training_event,training,468f03a2-d7c9-4701-abf8-bb2c692f696b,b731c53e-b93b-4537-8511-fe3d4deabddc,2026-09-06T16:57:04.234000+00:00,keydown,85,u,,133.0,,,,,,,,controlled_typing,0,,,,,,,,,,/app/training,dev_a90ff035-50b8-4bdc-9c74-acb502df4f77,,,,,,,,,,,,,,,,,,,,,,,,,,,,,,,,,,,,,,,,,,,,,,,,,,,,,,,,,,,,,,,,,,
training_event,training,468f03a2-d7c9-4701-abf8-bb2c692f696b,b731c53e-b93b-4537-8511-fe3d4deabddc,2026-09-06T16:57:04.251000+00:00,keyup,85,,18.0,,,,,,,,,controlled_typing,0,,,,,,,,,,/app/training,dev_a90ff035-50b8-4bdc-9c74-acb502df4f77,,,,,,,,,,,,,,,,,,,,,,,,,,,,,,,,,,,,,,,,,,,,,,,,,,,,,,,,,,,,,,,,,,
training_event,training,468f03a2-d7c9-4701-abf8-bb2c692f696b,b731c53e-b93b-4537-8511-fe3d4deabddc,2026-09-06T16:57:04.436000+00:00,keydown,73,i,,203.0,,,,,,,,controlled_typing,0,,,,,,,,,,/app/training,dev_a90ff035-50b8-4bdc-9c74-acb502df4f77,,,,,,,,,,,,,,,,,,,,,,,,,,,,,,,,,,,,,,,,,,,,,,,,,,,,,,,,,,,,,,,,,,
training_event,training,468f03a2-d7c9-4701-abf8-bb2c692f696b,b731c53e-b93b-4537-8511-fe3d4deabddc,2026-09-06T16:57:04.447000+00:00,keyup,73,,11.0,,,,,,,,,controlled_typing,0,,,,,,,,,,/app/training,dev_a90ff035-50b8-4bdc-9c74-acb502df4f77,,,,,,,,,,,,,,,,,,,,,,,,,,,,,,,,,,,,,,,,,,,,,,,,,,,,,,,,,,,,,,,,,,
training_event,training,468f03a2-d7c9-4701-abf8-bb2c692f696b,b731c53e-b93b-4537-8511-fe3d4deabddc,2026-09-06T16:57:04.585000+00:00,keydown,67,c,,148.0,,,,,,,,controlled_typing,0,,,,,,,,,,/app/training,dev_a90ff035-50b8-4bdc-9c74-acb502df4f77,,,,,,,,,,,,,,,,,,,,,,,,,,,,,,,,,,,,,,,,,,,,,,,,,,,,,,,,,,,,,,,,,,
training_event,training,468f03a2-d7c9-4701-abf8-bb2c692f696b,b731c53e-b93b-4537-8511-fe3d4deabddc,2026-09-06T16:57:04.598000+00:00,keyup,67,,14.0,,,,,,,,,controlled_typing,0,,,,,,,,,,/app/training,dev_a90ff035-50b8-4bdc-9c74-acb502df4f77,,,,,,,,,,,,,,,,,,,,,,,,,,,,,,,,,,,,,,,,,,,,,,,,,,,,,,,,,,,,,,,,,,
training_event,training,468f03a2-d7c9-4701-abf8-bb2c692f696b,b731c53e-b93b-4537-8511-fe3d4deabddc,2026-09-06T16:57:04.720000+00:00,keydown,75,k,,136.0,,,,,,,,controlled_typing,0,,,,,,,,,,/app/training,dev_a90ff035-50b8-4bdc-9c74-acb502df4f77,,,,,,,,,,,,,,,,,,,,,,,,,,,,,,,,,,,,,,,,,,,,,,,,,,,,,,,,,,,,,,,,,,
training_event,training,468f03a2-d7c9-4701-abf8-bb2c692f696b,b731c53e-b93b-4537-8511-fe3d4deabddc,2026-09-06T16:57:04.738000+00:00,keyup,75,,18.0,,,,,,,,,controlled_typing,0,,,,,,,,,,/app/training,dev_a90ff035-50b8-4bdc-9c74-acb502df4f77,,,,,,,,,,,,,,,,,,,,,,,,,,,,,,,,,,,,,,,,,,,,,,,,,,,,,,,,,,,,,,,,,,
training_event,training,468f03a2-d7c9-4701-abf8-bb2c692f696b,b731c53e-b93b-4537-8511-fe3d4deabddc,2026-09-06T16:57:04.986000+00:00,keydown,32, ,,266.0,,,,,,,,controlled_typing,0,,,,,,,,,,/app/training,dev_a90ff035-50b8-4bdc-9c74-acb502df4f77,,,,,,,,,,,,,,,,,,,,,,,,,,,,,,,,,,,,,,,,,,,,,,,,,,,,,,,,,,,,,,,,,,
training_event,training,468f03a2-d7c9-4701-abf8-bb2c692f696b,b731c53e-b93b-4537-8511-fe3d4deabddc,2026-09-06T16:57:05.016000+00:00,keyup,32,,30.0,,,,,,,,,controlled_typing,0,,,,,,,,,,/app/training,dev_a90ff035-50b8-4bdc-9c74-acb502df4f77,,,,,,,,,,,,,,,,,,,,,,,,,,,,,,,,,,,,,,,,,,,,,,,,,,,,,,,,,,,,,,,,,,
training_event,training,468f03a2-d7c9-4701-abf8-bb2c692f696b,b731c53e-b93b-4537-8511-fe3d4deabddc,2026-09-06T16:57:05.253000+00:00,keydown,66,b,,267.0,,,,,,,,controlled_typing,0,,,,,,,,,,/app/training,dev_a90ff035-50b8-4bdc-9c74-acb502df4f77,,,,,,,,,,,,,,,,,,,,,,,,,,,,,,,,,,,,,,,,,,,,,,,,,,,,,,,,,,,,,,,,,,
training_event,training,468f03a2-d7c9-4701-abf8-bb2c692f696b,b731c53e-b93b-4537-8511-fe3d4deabddc,2026-09-06T16:57:05.273000+00:00,keyup,66,,20.0,,,,,,,,,controlled_typing,0,,,,,,,,,,/app/training,dev_a90ff035-50b8-4bdc-9c74-acb502df4f77,,,,,,,,,,,,,,,,,,,,,,,,,,,,,,,,,,,,,,,,,,,,,,,,,,,,,,,,,,,,,,,,,,
training_event,training,468f03a2-d7c9-4701-abf8-bb2c692f696b,b731c53e-b93b-4537-8511-fe3d4deabddc,2026-09-06T16:57:05.404000+00:00,keydown,82,r,,150.0,,,,,,,,controlled_typing,0,,,,,,,,,,/app/training,dev_a90ff035-50b8-4bdc-9c74-acb502df4f77,,,,,,,,,,,,,,,,,,,,,,,,,,,,,,,,,,,,,,,,,,,,,,,,,,,,,,,,,,,,,,,,,,
training_event,training,468f03a2-d7c9-4701-abf8-bb2c692f696b,b731c53e-b93b-4537-8511-fe3d4deabddc,2026-09-06T16:57:05.423000+00:00,keyup,82,,20.0,,,,,,,,,controlled_typing,0,,,,,,,,,,/app/training,dev_a90ff035-50b8-4bdc-9c74-acb502df4f77,,,,,,,,,,,,,,,,,,,,,,,,,,,,,,,,,,,,,,,,,,,,,,,,,,,,,,,,,,,,,,,,,,
training_event,training,468f03a2-d7c9-4701-abf8-bb2c692f696b,b731c53e-b93b-4537-8511-fe3d4deabddc,2026-09-06T16:57:05.520000+00:00,keydown,79,o,,117.0,,,,,,,,controlled_typing,0,,,,,,,,,,/app/training,dev_a90ff035-50b8-4bdc-9c74-acb502df4f77,,,,,,,,,,,,,,,,,,,,,,,,,,,,,,,,,,,,,,,,,,,,,,,,,,,,,,,,,,,,,,,,,,
training_event,training,468f03a2-d7c9-4701-abf8-bb2c692f696b,b731c53e-b93b-4537-8511-fe3d4deabddc,2026-09-06T16:57:05.539000+00:00,keyup,79,,19.0,,,,,,,,,controlled_typing,0,,,,,,,,,,/app/training,dev_a90ff035-50b8-4bdc-9c74-acb502df4f77,,,,,,,,,,,,,,,,,,,,,,,,,,,,,,,,,,,,,,,,,,,,,,,,,,,,,,,,,,,,,,,,,,
training_event,training,468f03a2-d7c9-4701-abf8-bb2c692f696b,b731c53e-b93b-4537-8511-fe3d4deabddc,2026-09-06T16:57:05.687000+00:00,keydown,69,e,,166.0,,,,,,,,controlled_typing,0,,,,,,,,,,/app/training,dev_a90ff035-50b8-4bdc-9c74-acb502df4f77,,,,,,,,,,,,,,,,,,,,,,,,,,,,,,,,,,,,,,,,,,,,,,,,,,,,,,,,,,,,,,,,,,
training_event,training,468f03a2-d7c9-4701-abf8-bb2c692f696b,b731c53e-b93b-4537-8511-fe3d4deabddc,2026-09-06T16:57:05.706000+00:00,keyup,69,,20.0,,,,,,,,,controlled_typing,0,,,,,,,,,,/app/training,dev_a90ff035-50b8-4bdc-9c74-acb502df4f77,,,,,,,,,,,,,,,,,,,,,,,,,,,,,,,,,,,,,,,,,,,,,,,,,,,,,,,,,,,,,,,,,,
training_event,training,468f03a2-d7c9-4701-abf8-bb2c692f696b,b731c53e-b93b-4537-8511-fe3d4deabddc,2026-09-06T16:57:05.819000+00:00,keydown,78,n,,133.0,,,,,,,,controlled_typing,0,,,,,,,,,,/app/training,dev_a90ff035-50b8-4bdc-9c74-acb502df4f77,,,,,,,,,,,,,,,,,,,,,,,,,,,,,,,,,,,,,,,,,,,,,,,,,,,,,,,,,,,,,,,,,,
training_event,training,468f03a2-d7c9-4701-abf8-bb2c692f696b,b731c53e-b93b-4537-8511-fe3d4deabddc,2026-09-06T16:57:05.838000+00:00,keyup,78,,19.0,,,,,,,,,controlled_typing,0,,,,,,,,,,/app/training,dev_a90ff035-50b8-4bdc-9c74-acb502df4f77,,,,,,,,,,,,,,,,,,,,,,,,,,,,,,,,,,,,,,,,,,,,,,,,,,,,,,,,,,,,,,,,,,
training_event,training,468f03a2-d7c9-4701-abf8-bb2c692f696b,b731c53e-b93b-4537-8511-fe3d4deabddc,2026-09-06T16:57:06.409000+00:00,keydown,8,,,590.0,,,,,,,,controlled_typing,0,,,,,,,,,,/app/training,dev_a90ff035-50b8-4bdc-9c74-acb502df4f77,,,,,,,,,,,,,,,,,,,,,,,,,,,,,,,,,,,,,,,,,,,,,,,,,,,,,,,,,,,,,,,,,,
training_event,training,468f03a2-d7c9-4701-abf8-bb2c692f696b,b731c53e-b93b-4537-8511-fe3d4deabddc,2026-09-06T16:57:06.428000+00:00,keyup,8,,18.0,,,,,,,,,controlled_typing,0,,,,,,,,,,/app/training,dev_a90ff035-50b8-4bdc-9c74-acb502df4f77,,,,,,,,,,,,,,,,,,,,,,,,,,,,,,,,,,,,,,,,,,,,,,,,,,,,,,,,,,,,,,,,,,
training_event,training,468f03a2-d7c9-4701-abf8-bb2c692f696b,b731c53e-b93b-4537-8511-fe3d4deabddc,2026-09-06T16:57:06.574000+00:00,keydown,8,,,164.0,,,,,,,,controlled_typing,0,,,,,,,,,,/app/training,dev_a90ff035-50b8-4bdc-9c74-acb502df4f77,,,,,,,,,,,,,,,,,,,,,,,,,,,,,,,,,,,,,,,,,,,,,,,,,,,,,,,,,,,,,,,,,,
training_event,training,468f03a2-d7c9-4701-abf8-bb2c692f696b,b731c53e-b93b-4537-8511-fe3d4deabddc,2026-09-06T16:57:06.589000+00:00,keyup,8,,16.0,,,,,,,,,controlled_typing,0,,,,,,,,,,/app/training,dev_a90ff035-50b8-4bdc-9c74-acb502df4f77,,,,,,,,,,,,,,,,,,,,,,,,,,,,,,,,,,,,,,,,,,,,,,,,,,,,,,,,,,,,,,,,,,
training_event,training,468f03a2-d7c9-4701-abf8-bb2c692f696b,b731c53e-b93b-4537-8511-fe3d4deabddc,2026-09-06T16:57:07.553000+00:00,keydown,87,w,,980.0,,,,,,,,controlled_typing,0,,,,,,,,,,/app/training,dev_a90ff035-50b8-4bdc-9c74-acb502df4f77,,,,,,,,,,,,,,,,,,,,,,,,,,,,,,,,,,,,,,,,,,,,,,,,,,,,,,,,,,,,,,,,,,
training_event,training,468f03a2-d7c9-4701-abf8-bb2c692f696b,b731c53e-b93b-4537-8511-fe3d4deabddc,2026-09-06T16:57:07.570000+00:00,keyup,87,,17.0,,,,,,,,,controlled_typing,0,,,,,,,,,,/app/training,dev_a90ff035-50b8-4bdc-9c74-acb502df4f77,,,,,,,,,,,,,,,,,,,,,,,,,,,,,,,,,,,,,,,,,,,,,,,,,,,,,,,,,,,,,,,,,,
training_event,training,468f03a2-d7c9-4701-abf8-bb2c692f696b,b731c53e-b93b-4537-8511-fe3d4deabddc,2026-09-06T16:57:07.670000+00:00,keydown,78,n,,117.0,,,,,,,,controlled_typing,0,,,,,,,,,,/app/training,dev_a90ff035-50b8-4bdc-9c74-acb502df4f77,,,,,,,,,,,,,,,,,,,,,,,,,,,,,,,,,,,,,,,,,,,,,,,,,,,,,,,,,,,,,,,,,,
training_event,training,468f03a2-d7c9-4701-abf8-bb2c692f696b,b731c53e-b93b-4537-8511-fe3d4deabddc,2026-09-06T16:57:07.689000+00:00,keyup,78,,18.0,,,,,,,,,controlled_typing,0,,,,,,,,,,/app/training,dev_a90ff035-50b8-4bdc-9c74-acb502df4f77,,,,,,,,,,,,,,,,,,,,,,,,,,,,,,,,,,,,,,,,,,,,,,,,,,,,,,,,,,,,,,,,,,
training_event,training,468f03a2-d7c9-4701-abf8-bb2c692f696b,b731c53e-b93b-4537-8511-fe3d4deabddc,2026-09-06T16:57:07.939000+00:00,keydown,32, ,,268.0,,,,,,,,controlled_typing,0,,,,,,,,,,/app/training,dev_a90ff035-50b8-4bdc-9c74-acb502df4f77,,,,,,,,,,,,,,,,,,,,,,,,,,,,,,,,,,,,,,,,,,,,,,,,,,,,,,,,,,,,,,,,,,
training_event,training,468f03a2-d7c9-4701-abf8-bb2c692f696b,b731c53e-b93b-4537-8511-fe3d4deabddc,2026-09-06T16:57:07.966000+00:00,keyup,32,,28.0,,,,,,,,,controlled_typing,0,,,,,,,,,,/app/training,dev_a90ff035-50b8-4bdc-9c74-acb502df4f77,,,,,,,,,,,,,,,,,,,,,,,,,,,,,,,,,,,,,,,,,,,,,,,,,,,,,,,,,,,,,,,,,,
training_event,training,468f03a2-d7c9-4701-abf8-bb2c692f696b,b731c53e-b93b-4537-8511-fe3d4deabddc,2026-09-06T16:57:08.490000+00:00,keydown,70,f,,552.0,,,,,,,,controlled_typing,0,,,,,,,,,,/app/training,dev_a90ff035-50b8-4bdc-9c74-acb502df4f77,,,,,,,,,,,,,,,,,,,,,,,,,,,,,,,,,,,,,,,,,,,,,,,,,,,,,,,,,,,,,,,,,,
training_event,training,468f03a2-d7c9-4701-abf8-bb2c692f696b,b731c53e-b93b-4537-8511-fe3d4deabddc,2026-09-06T16:57:08.510000+00:00,keyup,70,,20.0,,,,,,,,,controlled_typing,0,,,,,,,,,,/app/training,dev_a90ff035-50b8-4bdc-9c74-acb502df4f77,,,,,,,,,,,,,,,,,,,,,,,,,,,,,,,,,,,,,,,,,,,,,,,,,,,,,,,,,,,,,,,,,,
training_event,training,468f03a2-d7c9-4701-abf8-bb2c692f696b,b731c53e-b93b-4537-8511-fe3d4deabddc,2026-09-06T16:57:08.606000+00:00,keydown,79,o,,115.0,,,,,,,,controlled_typing,0,,,,,,,,,,/app/training,dev_a90ff035-50b8-4bdc-9c74-acb502df4f77,,,,,,,,,,,,,,,,,,,,,,,,,,,,,,,,,,,,,,,,,,,,,,,,,,,,,,,,,,,,,,,,,,
training_event,training,468f03a2-d7c9-4701-abf8-bb2c692f696b,b731c53e-b93b-4537-8511-fe3d4deabddc,2026-09-06T16:57:08.624000+00:00,keyup,79,,19.0,,,,,,,,,controlled_typing,0,,,,,,,,,,/app/training,dev_a90ff035-50b8-4bdc-9c74-acb502df4f77,,,,,,,,,,,,,,,,,,,,,,,,,,,,,,,,,,,,,,,,,,,,,,,,,,,,,,,,,,,,,,,,,,
training_event,training,468f03a2-d7c9-4701-abf8-bb2c692f696b,b731c53e-b93b-4537-8511-fe3d4deabddc,2026-09-06T16:57:09.139000+00:00,keydown,90,z,,534.0,,,,,,,,controlled_typing,0,,,,,,,,,,/app/training,dev_a90ff035-50b8-4bdc-9c74-acb502df4f77,,,,,,,,,,,,,,,,,,,,,,,,,,,,,,,,,,,,,,,,,,,,,,,,,,,,,,,,,,,,,,,,,,
training_event,training,468f03a2-d7c9-4701-abf8-bb2c692f696b,b731c53e-b93b-4537-8511-fe3d4deabddc,2026-09-06T16:57:09.160000+00:00,keyup,90,,21.0,,,,,,,,,controlled_typing,0,,,,,,,,,,/app/training,dev_a90ff035-50b8-4bdc-9c74-acb502df4f77,,,,,,,,,,,,,,,,,,,,,,,,,,,,,,,,,,,,,,,,,,,,,,,,,,,,,,,,,,,,,,,,,,
training_event,training,468f03a2-d7c9-4701-abf8-bb2c692f696b,b731c53e-b93b-4537-8511-fe3d4deabddc,2026-09-06T16:57:09.410000+00:00,keydown,8,,,270.0,,,,,,,,controlled_typing,0,,,,,,,,,,/app/training,dev_a90ff035-50b8-4bdc-9c74-acb502df4f77,,,,,,,,,,,,,,,,,,,,,,,,,,,,,,,,,,,,,,,,,,,,,,,,,,,,,,,,,,,,,,,,,,
training_event,training,468f03a2-d7c9-4701-abf8-bb2c692f696b,b731c53e-b93b-4537-8511-fe3d4deabddc,2026-09-06T16:57:09.430000+00:00,keyup,8,,20.0,,,,,,,,,controlled_typing,0,,,,,,,,,,/app/training,dev_a90ff035-50b8-4bdc-9c74-acb502df4f77,,,,,,,,,,,,,,,,,,,,,,,,,,,,,,,,,,,,,,,,,,,,,,,,,,,,,,,,,,,,,,,,,,
training_event,training,468f03a2-d7c9-4701-abf8-bb2c692f696b,b731c53e-b93b-4537-8511-fe3d4deabddc,2026-09-06T16:57:09.555000+00:00,keydown,88,x,,146.0,,,,,,,,controlled_typing,0,,,,,,,,,,/app/training,dev_a90ff035-50b8-4bdc-9c74-acb502df4f77,,,,,,,,,,,,,,,,,,,,,,,,,,,,,,,,,,,,,,,,,,,,,,,,,,,,,,,,,,,,,,,,,,
training_event,training,468f03a2-d7c9-4701-abf8-bb2c692f696b,b731c53e-b93b-4537-8511-fe3d4deabddc,2026-09-06T16:57:09.575000+00:00,keyup,88,,19.0,,,,,,,,,controlled_typing,0,,,,,,,,,,/app/training,dev_a90ff035-50b8-4bdc-9c74-acb502df4f77,,,,,,,,,,,,,,,,,,,,,,,,,,,,,,,,,,,,,,,,,,,,,,,,,,,,,,,,,,,,,,,,,,
training_event,training,468f03a2-d7c9-4701-abf8-bb2c692f696b,b731c53e-b93b-4537-8511-fe3d4deabddc,2026-09-06T16:57:09.722000+00:00,keydown,32, ,,167.0,,,,,,,,controlled_typing,0,,,,,,,,,,/app/training,dev_a90ff035-50b8-4bdc-9c74-acb502df4f77,,,,,,,,,,,,,,,,,,,,,,,,,,,,,,,,,,,,,,,,,,,,,,,,,,,,,,,,,,,,,,,,,,
training_event,training,468f03a2-d7c9-4701-abf8-bb2c692f696b,b731c53e-b93b-4537-8511-fe3d4deabddc,2026-09-06T16:57:09.750000+00:00,keyup,32,,28.0,,,,,,,,,controlled_typing,0,,,,,,,,,,/app/training,dev_a90ff035-50b8-4bdc-9c74-acb502df4f77,,,,,,,,,,,,,,,,,,,,,,,,,,,,,,,,,,,,,,,,,,,,,,,,,,,,,,,,,,,,,,,,,,
training_event,training,468f03a2-d7c9-4701-abf8-bb2c692f696b,b731c53e-b93b-4537-8511-fe3d4deabddc,2026-09-06T16:57:10.073000+00:00,keydown,74,j,,351.0,,,,,,,,controlled_typing,0,,,,,,,,,,/app/training,dev_a90ff035-50b8-4bdc-9c74-acb502df4f77,,,,,,,,,,,,,,,,,,,,,,,,,,,,,,,,,,,,,,,,,,,,,,,,,,,,,,,,,,,,,,,,,,
training_event,training,468f03a2-d7c9-4701-abf8-bb2c692f696b,b731c53e-b93b-4537-8511-fe3d4deabddc,2026-09-06T16:57:10.092000+00:00,keyup,74,,19.0,,,,,,,,,controlled_typing,0,,,,,,,,,,/app/training,dev_a90ff035-50b8-4bdc-9c74-acb502df4f77,,,,,,,,,,,,,,,,,,,,,,,,,,,,,,,,,,,,,,,,,,,,,,,,,,,,,,,,,,,,,,,,,,
training_event,training,468f03a2-d7c9-4701-abf8-bb2c692f696b,b731c53e-b93b-4537-8511-fe3d4deabddc,2026-09-06T16:57:10.373000+00:00,keydown,85,u,,299.0,,,,,,,,controlled_typing,0,,,,,,,,,,/app/training,dev_a90ff035-50b8-4bdc-9c74-acb502df4f77,,,,,,,,,,,,,,,,,,,,,,,,,,,,,,,,,,,,,,,,,,,,,,,,,,,,,,,,,,,,,,,,,,
training_event,training,468f03a2-d7c9-4701-abf8-bb2c692f696b,b731c53e-b93b-4537-8511-fe3d4deabddc,2026-09-06T16:57:10.389000+00:00,keyup,85,,17.0,,,,,,,,,controlled_typing,0,,,,,,,,,,/app/training,dev_a90ff035-50b8-4bdc-9c74-acb502df4f77,,,,,,,,,,,,,,,,,,,,,,,,,,,,,,,,,,,,,,,,,,,,,,,,,,,,,,,,,,,,,,,,,,
training_event,training,468f03a2-d7c9-4701-abf8-bb2c692f696b,b731c53e-b93b-4537-8511-fe3d4deabddc,2026-09-06T16:57:10.606000+00:00,keydown,77,m,,234.0,,,,,,,,controlled_typing,0,,,,,,,,,,/app/training,dev_a90ff035-50b8-4bdc-9c74-acb502df4f77,,,,,,,,,,,,,,,,,,,,,,,,,,,,,,,,,,,,,,,,,,,,,,,,,,,,,,,,,,,,,,,,,,
training_event,training,468f03a2-d7c9-4701-abf8-bb2c692f696b,b731c53e-b93b-4537-8511-fe3d4deabddc,2026-09-06T16:57:10.626000+00:00,keyup,77,,20.0,,,,,,,,,controlled_typing,0,,,,,,,,,,/app/training,dev_a90ff035-50b8-4bdc-9c74-acb502df4f77,,,,,,,,,,,,,,,,,,,,,,,,,,,,,,,,,,,,,,,,,,,,,,,,,,,,,,,,,,,,,,,,,,
training_event,training,468f03a2-d7c9-4701-abf8-bb2c692f696b,b731c53e-b93b-4537-8511-fe3d4deabddc,2026-09-06T16:57:10.856000+00:00,keydown,80,p,,249.0,,,,,,,,controlled_typing,0,,,,,,,,,,/app/training,dev_a90ff035-50b8-4bdc-9c74-acb502df4f77,,,,,,,,,,,,,,,,,,,,,,,,,,,,,,,,,,,,,,,,,,,,,,,,,,,,,,,,,,,,,,,,,,
training_event,training,468f03a2-d7c9-4701-abf8-bb2c692f696b,b731c53e-b93b-4537-8511-fe3d4deabddc,2026-09-06T16:57:10.878000+00:00,keyup,80,,23.0,,,,,,,,,controlled_typing,0,,,,,,,,,,/app/training,dev_a90ff035-50b8-4bdc-9c74-acb502df4f77,,,,,,,,,,,,,,,,,,,,,,,,,,,,,,,,,,,,,,,,,,,,,,,,,,,,,,,,,,,,,,,,,,
training_event,training,468f03a2-d7c9-4701-abf8-bb2c692f696b,b731c53e-b93b-4537-8511-fe3d4deabddc,2026-09-06T16:57:10.990000+00:00,keydown,83,s,,135.0,,,,,,,,controlled_typing,0,,,,,,,,,,/app/training,dev_a90ff035-50b8-4bdc-9c74-acb502df4f77,,,,,,,,,,,,,,,,,,,,,,,,,,,,,,,,,,,,,,,,,,,,,,,,,,,,,,,,,,,,,,,,,,
training_event,training,468f03a2-d7c9-4701-abf8-bb2c692f696b,b731c53e-b93b-4537-8511-fe3d4deabddc,2026-09-06T16:57:11.015000+00:00,keyup,83,,25.0,,,,,,,,,controlled_typing,0,,,,,,,,,,/app/training,dev_a90ff035-50b8-4bdc-9c74-acb502df4f77,,,,,,,,,,,,,,,,,,,,,,,,,,,,,,,,,,,,,,,,,,,,,,,,,,,,,,,,,,,,,,,,,,
training_event,training,468f03a2-d7c9-4701-abf8-bb2c692f696b,b731c53e-b93b-4537-8511-fe3d4deabddc,2026-09-06T16:57:11.157000+00:00,keydown,32, ,,166.0,,,,,,,,controlled_typing,0,,,,,,,,,,/app/training,dev_a90ff035-50b8-4bdc-9c74-acb502df4f77,,,,,,,,,,,,,,,,,,,,,,,,,,,,,,,,,,,,,,,,,,,,,,,,,,,,,,,,,,,,,,,,,,
training_event,training,468f03a2-d7c9-4701-abf8-bb2c692f696b,b731c53e-b93b-4537-8511-fe3d4deabddc,2026-09-06T16:57:11.178000+00:00,keyup,32,,22.0,,,,,,,,,controlled_typing,0,,,,,,,,,,/app/training,dev_a90ff035-50b8-4bdc-9c74-acb502df4f77,,,,,,,,,,,,,,,,,,,,,,,,,,,,,,,,,,,,,,,,,,,,,,,,,,,,,,,,,,,,,,,,,,
training_event,training,468f03a2-d7c9-4701-abf8-bb2c692f696b,b731c53e-b93b-4537-8511-fe3d4deabddc,2026-09-06T16:57:11.491000+00:00,keydown,79,o,,334.0,,,,,,,,controlled_typing,0,,,,,,,,,,/app/training,dev_a90ff035-50b8-4bdc-9c74-acb502df4f77,,,,,,,,,,,,,,,,,,,,,,,,,,,,,,,,,,,,,,,,,,,,,,,,,,,,,,,,,,,,,,,,,,
training_event,training,468f03a2-d7c9-4701-abf8-bb2c692f696b,b731c53e-b93b-4537-8511-fe3d4deabddc,2026-09-06T16:57:11.511000+00:00,keyup,79,,21.0,,,,,,,,,controlled_typing,0,,,,,,,,,,/app/training,dev_a90ff035-50b8-4bdc-9c74-acb502df4f77,,,,,,,,,,,,,,,,,,,,,,,,,,,,,,,,,,,,,,,,,,,,,,,,,,,,,,,,,,,,,,,,,,
training_event,training,468f03a2-d7c9-4701-abf8-bb2c692f696b,b731c53e-b93b-4537-8511-fe3d4deabddc,2026-09-06T16:57:11.807000+00:00,keydown,86,v,,317.0,,,,,,,,controlled_typing,0,,,,,,,,,,/app/training,dev_a90ff035-50b8-4bdc-9c74-acb502df4f77,,,,,,,,,,,,,,,,,,,,,,,,,,,,,,,,,,,,,,,,,,,,,,,,,,,,,,,,,,,,,,,,,,
training_event,training,468f03a2-d7c9-4701-abf8-bb2c692f696b,b731c53e-b93b-4537-8511-fe3d4deabddc,2026-09-06T16:57:11.827000+00:00,keyup,86,,20.0,,,,,,,,,controlled_typing,0,,,,,,,,,,/app/training,dev_a90ff035-50b8-4bdc-9c74-acb502df4f77,,,,,,,,,,,,,,,,,,,,,,,,,,,,,,,,,,,,,,,,,,,,,,,,,,,,,,,,,,,,,,,,,,
training_event,training,468f03a2-d7c9-4701-abf8-bb2c692f696b,b731c53e-b93b-4537-8511-fe3d4deabddc,2026-09-06T16:57:11.957000+00:00,keydown,69,e,,150.0,,,,,,,,controlled_typing,0,,,,,,,,,,/app/training,dev_a90ff035-50b8-4bdc-9c74-acb502df4f77,,,,,,,,,,,,,,,,,,,,,,,,,,,,,,,,,,,,,,,,,,,,,,,,,,,,,,,,,,,,,,,,,,
training_event,training,468f03a2-d7c9-4701-abf8-bb2c692f696b,b731c53e-b93b-4537-8511-fe3d4deabddc,2026-09-06T16:57:11.977000+00:00,keyup,69,,20.0,,,,,,,,,controlled_typing,0,,,,,,,,,,/app/training,dev_a90ff035-50b8-4bdc-9c74-acb502df4f77,,,,,,,,,,,,,,,,,,,,,,,,,,,,,,,,,,,,,,,,,,,,,,,,,,,,,,,,,,,,,,,,,,
training_event,training,468f03a2-d7c9-4701-abf8-bb2c692f696b,b731c53e-b93b-4537-8511-fe3d4deabddc,2026-09-06T16:57:12.157000+00:00,keydown,82,r,,200.0,,,,,,,,controlled_typing,0,,,,,,,,,,/app/training,dev_a90ff035-50b8-4bdc-9c74-acb502df4f77,,,,,,,,,,,,,,,,,,,,,,,,,,,,,,,,,,,,,,,,,,,,,,,,,,,,,,,,,,,,,,,,,,
training_event,training,468f03a2-d7c9-4701-abf8-bb2c692f696b,b731c53e-b93b-4537-8511-fe3d4deabddc,2026-09-06T16:57:12.172000+00:00,keyup,82,,15.0,,,,,,,,,controlled_typing,0,,,,,,,,,,/app/training,dev_a90ff035-50b8-4bdc-9c74-acb502df4f77,,,,,,,,,,,,,,,,,,,,,,,,,,,,,,,,,,,,,,,,,,,,,,,,,,,,,,,,,,,,,,,,,,
training_event,training,468f03a2-d7c9-4701-abf8-bb2c692f696b,b731c53e-b93b-4537-8511-fe3d4deabddc,2026-09-06T16:57:12.308000+00:00,keydown,32, ,,151.0,,,,,,,,controlled_typing,0,,,,,,,,,,/app/training,dev_a90ff035-50b8-4bdc-9c74-acb502df4f77,,,,,,,,,,,,,,,,,,,,,,,,,,,,,,,,,,,,,,,,,,,,,,,,,,,,,,,,,,,,,,,,,,
training_event,training,468f03a2-d7c9-4701-abf8-bb2c692f696b,b731c53e-b93b-4537-8511-fe3d4deabddc,2026-09-06T16:57:12.342000+00:00,keyup,32,,34.0,,,,,,,,,controlled_typing,0,,,,,,,,,,/app/training,dev_a90ff035-50b8-4bdc-9c74-acb502df4f77,,,,,,,,,,,,,,,,,,,,,,,,,,,,,,,,,,,,,,,,,,,,,,,,,,,,,,,,,,,,,,,,,,
training_event,training,468f03a2-d7c9-4701-abf8-bb2c692f696b,b731c53e-b93b-4537-8511-fe3d4deabddc,2026-09-06T16:57:12.391000+00:00,keydown,84,t,,83.0,,,,,,,,controlled_typing,0,,,,,,,,,,/app/training,dev_a90ff035-50b8-4bdc-9c74-acb502df4f77,,,,,,,,,,,,,,,,,,,,,,,,,,,,,,,,,,,,,,,,,,,,,,,,,,,,,,,,,,,,,,,,,,
training_event,training,468f03a2-d7c9-4701-abf8-bb2c692f696b,b731c53e-b93b-4537-8511-fe3d4deabddc,2026-09-06T16:57:12.403000+00:00,keyup,84,,12.0,,,,,,,,,controlled_typing,0,,,,,,,,,,/app/training,dev_a90ff035-50b8-4bdc-9c74-acb502df4f77,,,,,,,,,,,,,,,,,,,,,,,,,,,,,,,,,,,,,,,,,,,,,,,,,,,,,,,,,,,,,,,,,,
training_event,training,468f03a2-d7c9-4701-abf8-bb2c692f696b,b731c53e-b93b-4537-8511-fe3d4deabddc,2026-09-06T16:57:12.524000+00:00,keydown,72,h,,133.0,,,,,,,,controlled_typing,0,,,,,,,,,,/app/training,dev_a90ff035-50b8-4bdc-9c74-acb502df4f77,,,,,,,,,,,,,,,,,,,,,,,,,,,,,,,,,,,,,,,,,,,,,,,,,,,,,,,,,,,,,,,,,,
training_event,training,468f03a2-d7c9-4701-abf8-bb2c692f696b,b731c53e-b93b-4537-8511-fe3d4deabddc,2026-09-06T16:57:12.543000+00:00,keyup,72,,19.0,,,,,,,,,controlled_typing,0,,,,,,,,,,/app/training,dev_a90ff035-50b8-4bdc-9c74-acb502df4f77,,,,,,,,,,,,,,,,,,,,,,,,,,,,,,,,,,,,,,,,,,,,,,,,,,,,,,,,,,,,,,,,,,
training_event,training,468f03a2-d7c9-4701-abf8-bb2c692f696b,b731c53e-b93b-4537-8511-fe3d4deabddc,2026-09-06T16:57:12.641000+00:00,keydown,69,e,,117.0,,,,,,,,controlled_typing,0,,,,,,,,,,/app/training,dev_a90ff035-50b8-4bdc-9c74-acb502df4f77,,,,,,,,,,,,,,,,,,,,,,,,,,,,,,,,,,,,,,,,,,,,,,,,,,,,,,,,,,,,,,,,,,
training_event,training,468f03a2-d7c9-4701-abf8-bb2c692f696b,b731c53e-b93b-4537-8511-fe3d4deabddc,2026-09-06T16:57:12.659000+00:00,keyup,69,,18.0,,,,,,,,,controlled_typing,0,,,,,,,,,,/app/training,dev_a90ff035-50b8-4bdc-9c74-acb502df4f77,,,,,,,,,,,,,,,,,,,,,,,,,,,,,,,,,,,,,,,,,,,,,,,,,,,,,,,,,,,,,,,,,,
training_event,training,468f03a2-d7c9-4701-abf8-bb2c692f696b,b731c53e-b93b-4537-8511-fe3d4deabddc,2026-09-06T16:57:12.775000+00:00,keydown,32, ,,134.0,,,,,,,,controlled_typing,0,,,,,,,,,,/app/training,dev_a90ff035-50b8-4bdc-9c74-acb502df4f77,,,,,,,,,,,,,,,,,,,,,,,,,,,,,,,,,,,,,,,,,,,,,,,,,,,,,,,,,,,,,,,,,,
training_event,training,468f03a2-d7c9-4701-abf8-bb2c692f696b,b731c53e-b93b-4537-8511-fe3d4deabddc,2026-09-06T16:57:12.800000+00:00,keyup,32,,25.0,,,,,,,,,controlled_typing,0,,,,,,,,,,/app/training,dev_a90ff035-50b8-4bdc-9c74-acb502df4f77,,,,,,,,,,,,,,,,,,,,,,,,,,,,,,,,,,,,,,,,,,,,,,,,,,,,,,,,,,,,,,,,,,
training_event,training,468f03a2-d7c9-4701-abf8-bb2c692f696b,b731c53e-b93b-4537-8511-fe3d4deabddc,2026-09-06T16:57:13.043000+00:00,keydown,76,l,,268.0,,,,,,,,controlled_typing,0,,,,,,,,,,/app/training,dev_a90ff035-50b8-4bdc-9c74-acb502df4f77,,,,,,,,,,,,,,,,,,,,,,,,,,,,,,,,,,,,,,,,,,,,,,,,,,,,,,,,,,,,,,,,,,
training_event,training,468f03a2-d7c9-4701-abf8-bb2c692f696b,b731c53e-b93b-4537-8511-fe3d4deabddc,2026-09-06T16:57:13.074000+00:00,keyup,76,,30.0,,,,,,,,,controlled_typing,0,,,,,,,,,,/app/training,dev_a90ff035-50b8-4bdc-9c74-acb502df4f77,,,,,,,,,,,,,,,,,,,,,,,,,,,,,,,,,,,,,,,,,,,,,,,,,,,,,,,,,,,,,,,,,,
training_event,training,468f03a2-d7c9-4701-abf8-bb2c692f696b,b731c53e-b93b-4537-8511-fe3d4deabddc,2026-09-06T16:57:13.141000+00:00,keydown,65,a,,98.0,,,,,,,,controlled_typing,0,,,,,,,,,,/app/training,dev_a90ff035-50b8-4bdc-9c74-acb502df4f77,,,,,,,,,,,,,,,,,,,,,,,,,,,,,,,,,,,,,,,,,,,,,,,,,,,,,,,,,,,,,,,,,,
training_event,training,468f03a2-d7c9-4701-abf8-bb2c692f696b,b731c53e-b93b-4537-8511-fe3d4deabddc,2026-09-06T16:57:13.157000+00:00,keyup,65,,16.0,,,,,,,,,controlled_typing,0,,,,,,,,,,/app/training,dev_a90ff035-50b8-4bdc-9c74-acb502df4f77,,,,,,,,,,,,,,,,,,,,,,,,,,,,,,,,,,,,,,,,,,,,,,,,,,,,,,,,,,,,,,,,,,
training_event,training,468f03a2-d7c9-4701-abf8-bb2c692f696b,b731c53e-b93b-4537-8511-fe3d4deabddc,2026-09-06T16:57:13.542000+00:00,keydown,90,z,,401.0,,,,,,,,controlled_typing,0,,,,,,,,,,/app/training,dev_a90ff035-50b8-4bdc-9c74-acb502df4f77,,,,,,,,,,,,,,,,,,,,,,,,,,,,,,,,,,,,,,,,,,,,,,,,,,,,,,,,,,,,,,,,,,
training_event,training,468f03a2-d7c9-4701-abf8-bb2c692f696b,b731c53e-b93b-4537-8511-fe3d4deabddc,2026-09-06T16:57:13.562000+00:00,keyup,90,,19.0,,,,,,,,,controlled_typing,0,,,,,,,,,,/app/training,dev_a90ff035-50b8-4bdc-9c74-acb502df4f77,,,,,,,,,,,,,,,,,,,,,,,,,,,,,,,,,,,,,,,,,,,,,,,,,,,,,,,,,,,,,,,,,,
training_event,training,468f03a2-d7c9-4701-abf8-bb2c692f696b,b731c53e-b93b-4537-8511-fe3d4deabddc,2026-09-06T16:57:13.725000+00:00,keydown,89,y,,183.0,,,,,,,,controlled_typing,0,,,,,,,,,,/app/training,dev_a90ff035-50b8-4bdc-9c74-acb502df4f77,,,,,,,,,,,,,,,,,,,,,,,,,,,,,,,,,,,,,,,,,,,,,,,,,,,,,,,,,,,,,,,,,,
training_event,training,468f03a2-d7c9-4701-abf8-bb2c692f696b,b731c53e-b93b-4537-8511-fe3d4deabddc,2026-09-06T16:57:13.742000+00:00,keyup,89,,17.0,,,,,,,,,controlled_typing,0,,,,,,,,,,/app/training,dev_a90ff035-50b8-4bdc-9c74-acb502df4f77,,,,,,,,,,,,,,,,,,,,,,,,,,,,,,,,,,,,,,,,,,,,,,,,,,,,,,,,,,,,,,,,,,
training_event,training,468f03a2-d7c9-4701-abf8-bb2c692f696b,b731c53e-b93b-4537-8511-fe3d4deabddc,2026-09-06T16:57:14.010000+00:00,keydown,32, ,,285.0,,,,,,,,controlled_typing,0,,,,,,,,,,/app/training,dev_a90ff035-50b8-4bdc-9c74-acb502df4f77,,,,,,,,,,,,,,,,,,,,,,,,,,,,,,,,,,,,,,,,,,,,,,,,,,,,,,,,,,,,,,,,,,
training_event,training,468f03a2-d7c9-4701-abf8-bb2c692f696b,b731c53e-b93b-4537-8511-fe3d4deabddc,2026-09-06T16:57:14.036000+00:00,keyup,32,,26.0,,,,,,,,,controlled_typing,0,,,,,,,,,,/app/training,dev_a90ff035-50b8-4bdc-9c74-acb502df4f77,,,,,,,,,,,,,,,,,,,,,,,,,,,,,,,,,,,,,,,,,,,,,,,,,,,,,,,,,,,,,,,,,,
training_event,training,468f03a2-d7c9-4701-abf8-bb2c692f696b,b731c53e-b93b-4537-8511-fe3d4deabddc,2026-09-06T16:57:14.728000+00:00,keydown,68,d,,718.0,,,,,,,,controlled_typing,0,,,,,,,,,,/app/training,dev_a90ff035-50b8-4bdc-9c74-acb502df4f77,,,,,,,,,,,,,,,,,,,,,,,,,,,,,,,,,,,,,,,,,,,,,,,,,,,,,,,,,,,,,,,,,,
training_event,training,468f03a2-d7c9-4701-abf8-bb2c692f696b,b731c53e-b93b-4537-8511-fe3d4deabddc,2026-09-06T16:57:14.753000+00:00,keyup,68,,25.0,,,,,,,,,controlled_typing,0,,,,,,,,,,/app/training,dev_a90ff035-50b8-4bdc-9c74-acb502df4f77,,,,,,,,,,,,,,,,,,,,,,,,,,,,,,,,,,,,,,,,,,,,,,,,,,,,,,,,,,,,,,,,,,
training_event,training,468f03a2-d7c9-4701-abf8-bb2c692f696b,b731c53e-b93b-4537-8511-fe3d4deabddc,2026-09-06T16:57:14.843000+00:00,keydown,79,o,,115.0,,,,,,,,controlled_typing,0,,,,,,,,,,/app/training,dev_a90ff035-50b8-4bdc-9c74-acb502df4f77,,,,,,,,,,,,,,,,,,,,,,,,,,,,,,,,,,,,,,,,,,,,,,,,,,,,,,,,,,,,,,,,,,
training_event,training,468f03a2-d7c9-4701-abf8-bb2c692f696b,b731c53e-b93b-4537-8511-fe3d4deabddc,2026-09-06T16:57:14.861000+00:00,keyup,79,,18.0,,,,,,,,,controlled_typing,0,,,,,,,,,,/app/training,dev_a90ff035-50b8-4bdc-9c74-acb502df4f77,,,,,,,,,,,,,,,,,,,,,,,,,,,,,,,,,,,,,,,,,,,,,,,,,,,,,,,,,,,,,,,,,,
training_event,training,468f03a2-d7c9-4701-abf8-bb2c692f696b,b731c53e-b93b-4537-8511-fe3d4deabddc,2026-09-06T16:57:15.093000+00:00,keydown,72,h,,250.0,,,,,,,,controlled_typing,0,,,,,,,,,,/app/training,dev_a90ff035-50b8-4bdc-9c74-acb502df4f77,,,,,,,,,,,,,,,,,,,,,,,,,,,,,,,,,,,,,,,,,,,,,,,,,,,,,,,,,,,,,,,,,,
training_event,training,468f03a2-d7c9-4701-abf8-bb2c692f696b,b731c53e-b93b-4537-8511-fe3d4deabddc,2026-09-06T16:57:15.112000+00:00,keyup,72,,19.0,,,,,,,,,controlled_typing,0,,,,,,,,,,/app/training,dev_a90ff035-50b8-4bdc-9c74-acb502df4f77,,,,,,,,,,,,,,,,,,,,,,,,,,,,,,,,,,,,,,,,,,,,,,,,,,,,,,,,,,,,,,,,,,
training_event,training,468f03a2-d7c9-4701-abf8-bb2c692f696b,b731c53e-b93b-4537-8511-fe3d4deabddc,2026-09-06T16:57:15.526000+00:00,keydown,8,,,433.0,,,,,,,,controlled_typing,0,,,,,,,,,,/app/training,dev_a90ff035-50b8-4bdc-9c74-acb502df4f77,,,,,,,,,,,,,,,,,,,,,,,,,,,,,,,,,,,,,,,,,,,,,,,,,,,,,,,,,,,,,,,,,,
training_event,training,468f03a2-d7c9-4701-abf8-bb2c692f696b,b731c53e-b93b-4537-8511-fe3d4deabddc,2026-09-06T16:57:15.544000+00:00,keyup,8,,18.0,,,,,,,,,controlled_typing,0,,,,,,,,,,/app/training,dev_a90ff035-50b8-4bdc-9c74-acb502df4f77,,,,,,,,,,,,,,,,,,,,,,,,,,,,,,,,,,,,,,,,,,,,,,,,,,,,,,,,,,,,,,,,,,
training_event,training,468f03a2-d7c9-4701-abf8-bb2c692f696b,b731c53e-b93b-4537-8511-fe3d4deabddc,2026-09-06T16:57:15.660000+00:00,keydown,71,g,,134.0,,,,,,,,controlled_typing,0,,,,,,,,,,/app/training,dev_a90ff035-50b8-4bdc-9c74-acb502df4f77,,,,,,,,,,,,,,,,,,,,,,,,,,,,,,,,,,,,,,,,,,,,,,,,,,,,,,,,,,,,,,,,,,
training_event,training,468f03a2-d7c9-4701-abf8-bb2c692f696b,b731c53e-b93b-4537-8511-fe3d4deabddc,2026-09-06T16:57:15.686000+00:00,keyup,71,,26.0,,,,,,,,,controlled_typing,0,,,,,,,,,,/app/training,dev_a90ff035-50b8-4bdc-9c74-acb502df4f77,,,,,,,,,,,,,,,,,,,,,,,,,,,,,,,,,,,,,,,,,,,,,,,,,,,,,,,,,,,,,,,,,,
training_event,training,468f03a2-d7c9-4701-abf8-bb2c692f696b,b731c53e-b93b-4537-8511-fe3d4deabddc,2026-09-06T16:57:16.962000+00:00,keydown,190,.,,1302.0,,,,,,,,controlled_typing,0,,,,,,,,,,/app/training,dev_a90ff035-50b8-4bdc-9c74-acb502df4f77,,,,,,,,,,,,,,,,,,,,,,,,,,,,,,,,,,,,,,,,,,,,,,,,,,,,,,,,,,,,,,,,,,
training_event,training,468f03a2-d7c9-4701-abf8-bb2c692f696b,c79b713d-9a4c-4681-ae1a-7005904719ee,2026-09-06T17:11:02.400000+00:00,mouse_move,,,,,463.0,221.21,,,,,,mouse_tracking,,,,,,,,,,,/app/training,dev_3efcf5ab-b59e-49b0-bff6-0ad6a65f645c,,,,,,,,,,,,,,,,,,,,,,,,,,,,,,,,,,,,,,,,,,,,,,,,,,,,,,,,,,,,,,,,,,
training_event,training,468f03a2-d7c9-4701-abf8-bb2c692f696b,c79b713d-9a4c-4681-ae1a-7005904719ee,2026-09-06T17:11:02.416000+00:00,mouse_move,,,,,454.0,227.21,,,,,,mouse_tracking,,,,,,,,,,,/app/training,dev_3efcf5ab-b59e-49b0-bff6-0ad6a65f645c,,,,,,,,,,,,,,,,,,,,,,,,,,,,,,,,,,,,,,,,,,,,,,,,,,,,,,,,,,,,,,,,,,
training_event,training,468f03a2-d7c9-4701-abf8-bb2c692f696b,c79b713d-9a4c-4681-ae1a-7005904719ee,2026-09-06T17:11:02.433000+00:00,mouse_move,,,,,448.0,233.21,,,,,,mouse_tracking,,,,,,,,,,,/app/training,dev_3efcf5ab-b59e-49b0-bff6-0ad6a65f645c,,,,,,,,,,,,,,,,,,,,,,,,,,,,,,,,,,,,,,,,,,,,,,,,,,,,,,,,,,,,,,,,,,
training_event,training,468f03a2-d7c9-4701-abf8-bb2c692f696b,c79b713d-9a4c-4681-ae1a-7005904719ee,2026-09-06T17:11:02.452000+00:00,mouse_move,,,,,443.0,240.21,,,,,,mouse_tracking,,,,,,,,,,,/app/training,dev_3efcf5ab-b59e-49b0-bff6-0ad6a65f645c,,,,,,,,,,,,,,,,,,,,,,,,,,,,,,,,,,,,,,,,,,,,,,,,,,,,,,,,,,,,,,,,,,
training_event,training,468f03a2-d7c9-4701-abf8-bb2c692f696b,c79b713d-9a4c-4681-ae1a-7005904719ee,2026-09-06T17:11:02.468000+00:00,mouse_move,,,,,441.0,246.21,,,,,,mouse_tracking,,,,,,,,,,,/app/training,dev_3efcf5ab-b59e-49b0-bff6-0ad6a65f645c,,,,,,,,,,,,,,,,,,,,,,,,,,,,,,,,,,,,,,,,,,,,,,,,,,,,,,,,,,,,,,,,,,
training_event,training,468f03a2-d7c9-4701-abf8-bb2c692f696b,c79b713d-9a4c-4681-ae1a-7005904719ee,2026-09-06T17:11:02.484000+00:00,mouse_move,,,,,439.0,251.21,,,,,,mouse_tracking,,,,,,,,,,,/app/training,dev_3efcf5ab-b59e-49b0-bff6-0ad6a65f645c,,,,,,,,,,,,,,,,,,,,,,,,,,,,,,,,,,,,,,,,,,,,,,,,,,,,,,,,,,,,,,,,,,
training_event,training,468f03a2-d7c9-4701-abf8-bb2c692f696b,c79b713d-9a4c-4681-ae1a-7005904719ee,2026-09-06T17:11:02.499000+00:00,mouse_move,,,,,439.0,257.21,,,,,,mouse_tracking,,,,,,,,,,,/app/training,dev_3efcf5ab-b59e-49b0-bff6-0ad6a65f645c,,,,,,,,,,,,,,,,,,,,,,,,,,,,,,,,,,,,,,,,,,,,,,,,,,,,,,,,,,,,,,,,,,
training_event,training,468f03a2-d7c9-4701-abf8-bb2c692f696b,c79b713d-9a4c-4681-ae1a-7005904719ee,2026-09-06T17:11:02.516000+00:00,mouse_move,,,,,439.0,260.21,,,,,,mouse_tracking,,,,,,,,,,,/app/training,dev_3efcf5ab-b59e-49b0-bff6-0ad6a65f645c,,,,,,,,,,,,,,,,,,,,,,,,,,,,,,,,,,,,,,,,,,,,,,,,,,,,,,,,,,,,,,,,,,
training_event,training,468f03a2-d7c9-4701-abf8-bb2c692f696b,c79b713d-9a4c-4681-ae1a-7005904719ee,2026-09-06T17:11:02.534000+00:00,mouse_move,,,,,439.0,263.21,,,,,,mouse_tracking,,,,,,,,,,,/app/training,dev_3efcf5ab-b59e-49b0-bff6-0ad6a65f645c,,,,,,,,,,,,,,,,,,,,,,,,,,,,,,,,,,,,,,,,,,,,,,,,,,,,,,,,,,,,,,,,,,
training_event,training,468f03a2-d7c9-4701-abf8-bb2c692f696b,c79b713d-9a4c-4681-ae1a-7005904719ee,2026-09-06T17:11:02.552000+00:00,mouse_move,,,,,441.0,265.21,,,,,,mouse_tracking,,,,,,,,,,,/app/training,dev_3efcf5ab-b59e-49b0-bff6-0ad6a65f645c,,,,,,,,,,,,,,,,,,,,,,,,,,,,,,,,,,,,,,,,,,,,,,,,,,,,,,,,,,,,,,,,,,
training_event,training,468f03a2-d7c9-4701-abf8-bb2c692f696b,c79b713d-9a4c-4681-ae1a-7005904719ee,2026-09-06T17:11:02.567000+00:00,mouse_move,,,,,442.0,268.21,,,,,,mouse_tracking,,,,,,,,,,,/app/training,dev_3efcf5ab-b59e-49b0-bff6-0ad6a65f645c,,,,,,,,,,,,,,,,,,,,,,,,,,,,,,,,,,,,,,,,,,,,,,,,,,,,,,,,,,,,,,,,,,
training_event,training,468f03a2-d7c9-4701-abf8-bb2c692f696b,c79b713d-9a4c-4681-ae1a-7005904719ee,2026-09-06T17:11:02.584000+00:00,mouse_move,,,,,446.0,272.21,,,,,,mouse_tracking,,,,,,,,,,,/app/training,dev_3efcf5ab-b59e-49b0-bff6-0ad6a65f645c,,,,,,,,,,,,,,,,,,,,,,,,,,,,,,,,,,,,,,,,,,,,,,,,,,,,,,,,,,,,,,,,,,
training_event,training,468f03a2-d7c9-4701-abf8-bb2c692f696b,c79b713d-9a4c-4681-ae1a-7005904719ee,2026-09-06T17:11:02.603000+00:00,mouse_move,,,,,449.0,276.21,,,,,,mouse_tracking,,,,,,,,,,,/app/training,dev_3efcf5ab-b59e-49b0-bff6-0ad6a65f645c,,,,,,,,,,,,,,,,,,,,,,,,,,,,,,,,,,,,,,,,,,,,,,,,,,,,,,,,,,,,,,,,,,
training_event,training,468f03a2-d7c9-4701-abf8-bb2c692f696b,c79b713d-9a4c-4681-ae1a-7005904719ee,2026-09-06T17:11:02.619000+00:00,mouse_move,,,,,452.0,278.21,,,,,,mouse_tracking,,,,,,,,,,,/app/training,dev_3efcf5ab-b59e-49b0-bff6-0ad6a65f645c,,,,,,,,,,,,,,,,,,,,,,,,,,,,,,,,,,,,,,,,,,,,,,,,,,,,,,,,,,,,,,,,,,
training_event,training,468f03a2-d7c9-4701-abf8-bb2c692f696b,c79b713d-9a4c-4681-ae1a-7005904719ee,2026-09-06T17:11:02.636000+00:00,mouse_move,,,,,453.0,279.21,,,,,,mouse_tracking,,,,,,,,,,,/app/training,dev_3efcf5ab-b59e-49b0-bff6-0ad6a65f645c,,,,,,,,,,,,,,,,,,,,,,,,,,,,,,,,,,,,,,,,,,,,,,,,,,,,,,,,,,,,,,,,,,
training_event,training,468f03a2-d7c9-4701-abf8-bb2c692f696b,c79b713d-9a4c-4681-ae1a-7005904719ee,2026-09-06T17:11:02.650000+00:00,mouse_move,,,,,455.0,281.21,,,,,,mouse_tracking,,,,,,,,,,,/app/training,dev_3efcf5ab-b59e-49b0-bff6-0ad6a65f645c,,,,,,,,,,,,,,,,,,,,,,,,,,,,,,,,,,,,,,,,,,,,,,,,,,,,,,,,,,,,,,,,,,
training_event,training,468f03a2-d7c9-4701-abf8-bb2c692f696b,c79b713d-9a4c-4681-ae1a-7005904719ee,2026-09-06T17:11:02.669000+00:00,mouse_move,,,,,457.0,281.21,,,,,,mouse_tracking,,,,,,,,,,,/app/training,dev_3efcf5ab-b59e-49b0-bff6-0ad6a65f645c,,,,,,,,,,,,,,,,,,,,,,,,,,,,,,,,,,,,,,,,,,,,,,,,,,,,,,,,,,,,,,,,,,
training_event,training,468f03a2-d7c9-4701-abf8-bb2c692f696b,c79b713d-9a4c-4681-ae1a-7005904719ee,2026-09-06T17:11:02.684000+00:00,mouse_move,,,,,458.0,283.21,,,,,,mouse_tracking,,,,,,,,,,,/app/training,dev_3efcf5ab-b59e-49b0-bff6-0ad6a65f645c,,,,,,,,,,,,,,,,,,,,,,,,,,,,,,,,,,,,,,,,,,,,,,,,,,,,,,,,,,,,,,,,,,
training_event,training,468f03a2-d7c9-4701-abf8-bb2c692f696b,c79b713d-9a4c-4681-ae1a-7005904719ee,2026-09-06T17:11:02.719000+00:00,mouse_move,,,,,460.0,284.21,,,,,,mouse_tracking,,,,,,,,,,,/app/training,dev_3efcf5ab-b59e-49b0-bff6-0ad6a65f645c,,,,,,,,,,,,,,,,,,,,,,,,,,,,,,,,,,,,,,,,,,,,,,,,,,,,,,,,,,,,,,,,,,
training_event,training,468f03a2-d7c9-4701-abf8-bb2c692f696b,c79b713d-9a4c-4681-ae1a-7005904719ee,2026-09-06T17:11:02.734000+00:00,mouse_move,,,,,461.0,285.21,,,,,,mouse_tracking,,,,,,,,,,,/app/training,dev_3efcf5ab-b59e-49b0-bff6-0ad6a65f645c,,,,,,,,,,,,,,,,,,,,,,,,,,,,,,,,,,,,,,,,,,,,,,,,,,,,,,,,,,,,,,,,,,
training_event,training,468f03a2-d7c9-4701-abf8-bb2c692f696b,c79b713d-9a4c-4681-ae1a-7005904719ee,2026-09-06T17:11:02.766000+00:00,mouse_move,,,,,463.0,286.21,,,,,,mouse_tracking,,,,,,,,,,,/app/training,dev_3efcf5ab-b59e-49b0-bff6-0ad6a65f645c,,,,,,,,,,,,,,,,,,,,,,,,,,,,,,,,,,,,,,,,,,,,,,,,,,,,,,,,,,,,,,,,,,
training_event,training,468f03a2-d7c9-4701-abf8-bb2c692f696b,c79b713d-9a4c-4681-ae1a-7005904719ee,2026-09-06T17:11:02.783000+00:00,mouse_move,,,,,463.0,287.21,,,,,,mouse_tracking,,,,,,,,,,,/app/training,dev_3efcf5ab-b59e-49b0-bff6-0ad6a65f645c,,,,,,,,,,,,,,,,,,,,,,,,,,,,,,,,,,,,,,,,,,,,,,,,,,,,,,,,,,,,,,,,,,
training_event,training,468f03a2-d7c9-4701-abf8-bb2c692f696b,c79b713d-9a4c-4681-ae1a-7005904719ee,2026-09-06T17:11:02.817000+00:00,mouse_move,,,,,463.0,289.21,,,,,,mouse_tracking,,,,,,,,,,,/app/training,dev_3efcf5ab-b59e-49b0-bff6-0ad6a65f645c,,,,,,,,,,,,,,,,,,,,,,,,,,,,,,,,,,,,,,,,,,,,,,,,,,,,,,,,,,,,,,,,,,
training_event,training,468f03a2-d7c9-4701-abf8-bb2c692f696b,c79b713d-9a4c-4681-ae1a-7005904719ee,2026-09-06T17:11:03.568000+00:00,mouse_move,,,,,453.0,283.21,,,,,,mouse_tracking,,,,,,,,,,,/app/training,dev_3efcf5ab-b59e-49b0-bff6-0ad6a65f645c,,,,,,,,,,,,,,,,,,,,,,,,,,,,,,,,,,,,,,,,,,,,,,,,,,,,,,,,,,,,,,,,,,
training_event,training,468f03a2-d7c9-4701-abf8-bb2c692f696b,c79b713d-9a4c-4681-ae1a-7005904719ee,2026-09-06T17:11:03.583000+00:00,mouse_move,,,,,441.0,278.21,,,,,,mouse_tracking,,,,,,,,,,,/app/training,dev_3efcf5ab-b59e-49b0-bff6-0ad6a65f645c,,,,,,,,,,,,,,,,,,,,,,,,,,,,,,,,,,,,,,,,,,,,,,,,,,,,,,,,,,,,,,,,,,
training_event,training,468f03a2-d7c9-4701-abf8-bb2c692f696b,c79b713d-9a4c-4681-ae1a-7005904719ee,2026-09-06T17:11:03.602000+00:00,mouse_move,,,,,429.0,273.21,,,,,,mouse_tracking,,,,,,,,,,,/app/training,dev_3efcf5ab-b59e-49b0-bff6-0ad6a65f645c,,,,,,,,,,,,,,,,,,,,,,,,,,,,,,,,,,,,,,,,,,,,,,,,,,,,,,,,,,,,,,,,,,
training_event,training,468f03a2-d7c9-4701-abf8-bb2c692f696b,c79b713d-9a4c-4681-ae1a-7005904719ee,2026-09-06T17:11:03.617000+00:00,mouse_move,,,,,411.0,268.21,,,,,,mouse_tracking,,,,,,,,,,,/app/training,dev_3efcf5ab-b59e-49b0-bff6-0ad6a65f645c,,,,,,,,,,,,,,,,,,,,,,,,,,,,,,,,,,,,,,,,,,,,,,,,,,,,,,,,,,,,,,,,,,
training_event,training,468f03a2-d7c9-4701-abf8-bb2c692f696b,c79b713d-9a4c-4681-ae1a-7005904719ee,2026-09-06T17:11:03.633000+00:00,mouse_move,,,,,379.0,257.21,,,,,,mouse_tracking,,,,,,,,,,,/app/training,dev_3efcf5ab-b59e-49b0-bff6-0ad6a65f645c,,,,,,,,,,,,,,,,,,,,,,,,,,,,,,,,,,,,,,,,,,,,,,,,,,,,,,,,,,,,,,,,,,
training_event,training,468f03a2-d7c9-4701-abf8-bb2c692f696b,c79b713d-9a4c-4681-ae1a-7005904719ee,2026-09-06T17:11:03.651000+00:00,mouse_move,,,,,359.0,250.21,,,,,,mouse_tracking,,,,,,,,,,,/app/training,dev_3efcf5ab-b59e-49b0-bff6-0ad6a65f645c,,,,,,,,,,,,,,,,,,,,,,,,,,,,,,,,,,,,,,,,,,,,,,,,,,,,,,,,,,,,,,,,,,
training_event,training,468f03a2-d7c9-4701-abf8-bb2c692f696b,c79b713d-9a4c-4681-ae1a-7005904719ee,2026-09-06T17:11:03.670000+00:00,mouse_move,,,,,338.0,247.21,,,,,,mouse_tracking,,,,,,,,,,,/app/training,dev_3efcf5ab-b59e-49b0-bff6-0ad6a65f645c,,,,,,,,,,,,,,,,,,,,,,,,,,,,,,,,,,,,,,,,,,,,,,,,,,,,,,,,,,,,,,,,,,
training_event,training,468f03a2-d7c9-4701-abf8-bb2c692f696b,c79b713d-9a4c-4681-ae1a-7005904719ee,2026-09-06T17:11:03.685000+00:00,mouse_move,,,,,329.0,247.21,,,,,,mouse_tracking,,,,,,,,,,,/app/training,dev_3efcf5ab-b59e-49b0-bff6-0ad6a65f645c,,,,,,,,,,,,,,,,,,,,,,,,,,,,,,,,,,,,,,,,,,,,,,,,,,,,,,,,,,,,,,,,,,
training_event,training,468f03a2-d7c9-4701-abf8-bb2c692f696b,c79b713d-9a4c-4681-ae1a-7005904719ee,2026-09-06T17:11:03.700000+00:00,mouse_move,,,,,325.0,247.21,,,,,,mouse_tracking,,,,,,,,,,,/app/training,dev_3efcf5ab-b59e-49b0-bff6-0ad6a65f645c,,,,,,,,,,,,,,,,,,,,,,,,,,,,,,,,,,,,,,,,,,,,,,,,,,,,,,,,,,,,,,,,,,
training_event,training,468f03a2-d7c9-4701-abf8-bb2c692f696b,c79b713d-9a4c-4681-ae1a-7005904719ee,2026-09-06T17:11:03.718000+00:00,mouse_move,,,,,321.0,247.21,,,,,,mouse_tracking,,,,,,,,,,,/app/training,dev_3efcf5ab-b59e-49b0-bff6-0ad6a65f645c,,,,,,,,,,,,,,,,,,,,,,,,,,,,,,,,,,,,,,,,,,,,,,,,,,,,,,,,,,,,,,,,,,
training_event,training,468f03a2-d7c9-4701-abf8-bb2c692f696b,c79b713d-9a4c-4681-ae1a-7005904719ee,2026-09-06T17:11:03.735000+00:00,mouse_move,,,,,320.0,247.21,,,,,,mouse_tracking,,,,,,,,,,,/app/training,dev_3efcf5ab-b59e-49b0-bff6-0ad6a65f645c,,,,,,,,,,,,,,,,,,,,,,,,,,,,,,,,,,,,,,,,,,,,,,,,,,,,,,,,,,,,,,,,,,
training_event,training,468f03a2-d7c9-4701-abf8-bb2c692f696b,c79b713d-9a4c-4681-ae1a-7005904719ee,2026-09-06T17:11:03.750000+00:00,mouse_move,,,,,319.0,248.21,,,,,,mouse_tracking,,,,,,,,,,,/app/training,dev_3efcf5ab-b59e-49b0-bff6-0ad6a65f645c,,,,,,,,,,,,,,,,,,,,,,,,,,,,,,,,,,,,,,,,,,,,,,,,,,,,,,,,,,,,,,,,,,
training_event,training,468f03a2-d7c9-4701-abf8-bb2c692f696b,c79b713d-9a4c-4681-ae1a-7005904719ee,2026-09-06T17:11:03.770000+00:00,mouse_move,,,,,319.0,250.21,,,,,,mouse_tracking,,,,,,,,,,,/app/training,dev_3efcf5ab-b59e-49b0-bff6-0ad6a65f645c,,,,,,,,,,,,,,,,,,,,,,,,,,,,,,,,,,,,,,,,,,,,,,,,,,,,,,,,,,,,,,,,,,
training_event,training,468f03a2-d7c9-4701-abf8-bb2c692f696b,c79b713d-9a4c-4681-ae1a-7005904719ee,2026-09-06T17:11:03.784000+00:00,mouse_move,,,,,319.0,255.21,,,,,,mouse_tracking,,,,,,,,,,,/app/training,dev_3efcf5ab-b59e-49b0-bff6-0ad6a65f645c,,,,,,,,,,,,,,,,,,,,,,,,,,,,,,,,,,,,,,,,,,,,,,,,,,,,,,,,,,,,,,,,,,
training_event,training,468f03a2-d7c9-4701-abf8-bb2c692f696b,c79b713d-9a4c-4681-ae1a-7005904719ee,2026-09-06T17:11:03.802000+00:00,mouse_move,,,,,325.0,267.21,,,,,,mouse_tracking,,,,,,,,,,,/app/training,dev_3efcf5ab-b59e-49b0-bff6-0ad6a65f645c,,,,,,,,,,,,,,,,,,,,,,,,,,,,,,,,,,,,,,,,,,,,,,,,,,,,,,,,,,,,,,,,,,
training_event,training,468f03a2-d7c9-4701-abf8-bb2c692f696b,c79b713d-9a4c-4681-ae1a-7005904719ee,2026-09-06T17:11:03.817000+00:00,mouse_move,,,,,336.0,276.21,,,,,,mouse_tracking,,,,,,,,,,,/app/training,dev_3efcf5ab-b59e-49b0-bff6-0ad6a65f645c,,,,,,,,,,,,,,,,,,,,,,,,,,,,,,,,,,,,,,,,,,,,,,,,,,,,,,,,,,,,,,,,,,
training_event,training,468f03a2-d7c9-4701-abf8-bb2c692f696b,c79b713d-9a4c-4681-ae1a-7005904719ee,2026-09-06T17:11:03.834000+00:00,mouse_move,,,,,343.0,282.21,,,,,,mouse_tracking,,,,,,,,,,,/app/training,dev_3efcf5ab-b59e-49b0-bff6-0ad6a65f645c,,,,,,,,,,,,,,,,,,,,,,,,,,,,,,,,,,,,,,,,,,,,,,,,,,,,,,,,,,,,,,,,,,
training_event,training,468f03a2-d7c9-4701-abf8-bb2c692f696b,c79b713d-9a4c-4681-ae1a-7005904719ee,2026-09-06T17:11:03.849000+00:00,mouse_move,,,,,351.0,288.21,,,,,,mouse_tracking,,,,,,,,,,,/app/training,dev_3efcf5ab-b59e-49b0-bff6-0ad6a65f645c,,,,,,,,,,,,,,,,,,,,,,,,,,,,,,,,,,,,,,,,,,,,,,,,,,,,,,,,,,,,,,,,,,
training_event,training,468f03a2-d7c9-4701-abf8-bb2c692f696b,c79b713d-9a4c-4681-ae1a-7005904719ee,2026-09-06T17:11:03.868000+00:00,mouse_move,,,,,357.0,295.21,,,,,,mouse_tracking,,,,,,,,,,,/app/training,dev_3efcf5ab-b59e-49b0-bff6-0ad6a65f645c,,,,,,,,,,,,,,,,,,,,,,,,,,,,,,,,,,,,,,,,,,,,,,,,,,,,,,,,,,,,,,,,,,
training_event,training,468f03a2-d7c9-4701-abf8-bb2c692f696b,c79b713d-9a4c-4681-ae1a-7005904719ee,2026-09-06T17:11:03.884000+00:00,mouse_move,,,,,368.0,315.21,,,,,,mouse_tracking,,,,,,,,,,,/app/training,dev_3efcf5ab-b59e-49b0-bff6-0ad6a65f645c,,,,,,,,,,,,,,,,,,,,,,,,,,,,,,,,,,,,,,,,,,,,,,,,,,,,,,,,,,,,,,,,,,
training_event,training,468f03a2-d7c9-4701-abf8-bb2c692f696b,c79b713d-9a4c-4681-ae1a-7005904719ee,2026-09-06T17:11:03.899000+00:00,mouse_move,,,,,372.0,323.21,,,,,,mouse_tracking,,,,,,,,,,,/app/training,dev_3efcf5ab-b59e-49b0-bff6-0ad6a65f645c,,,,,,,,,,,,,,,,,,,,,,,,,,,,,,,,,,,,,,,,,,,,,,,,,,,,,,,,,,,,,,,,,,
training_event,training,468f03a2-d7c9-4701-abf8-bb2c692f696b,c79b713d-9a4c-4681-ae1a-7005904719ee,2026-09-06T17:11:03.918000+00:00,mouse_move,,,,,373.0,327.21,,,,,,mouse_tracking,,,,,,,,,,,/app/training,dev_3efcf5ab-b59e-49b0-bff6-0ad6a65f645c,,,,,,,,,,,,,,,,,,,,,,,,,,,,,,,,,,,,,,,,,,,,,,,,,,,,,,,,,,,,,,,,,,
training_event,training,468f03a2-d7c9-4701-abf8-bb2c692f696b,c79b713d-9a4c-4681-ae1a-7005904719ee,2026-09-06T17:11:03.951000+00:00,mouse_move,,,,,373.0,328.21,,,,,,mouse_tracking,,,,,,,,,,,/app/training,dev_3efcf5ab-b59e-49b0-bff6-0ad6a65f645c,,,,,,,,,,,,,,,,,,,,,,,,,,,,,,,,,,,,,,,,,,,,,,,,,,,,,,,,,,,,,,,,,,
training_event,training,468f03a2-d7c9-4701-abf8-bb2c692f696b,c79b713d-9a4c-4681-ae1a-7005904719ee,2026-09-06T17:11:03.968000+00:00,mouse_move,,,,,373.0,329.21,,,,,,mouse_tracking,,,,,,,,,,,/app/training,dev_3efcf5ab-b59e-49b0-bff6-0ad6a65f645c,,,,,,,,,,,,,,,,,,,,,,,,,,,,,,,,,,,,,,,,,,,,,,,,,,,,,,,,,,,,,,,,,,
training_event,training,468f03a2-d7c9-4701-abf8-bb2c692f696b,c79b713d-9a4c-4681-ae1a-7005904719ee,2026-09-06T17:11:04.016000+00:00,mouse_move,,,,,373.0,331.21,,,,,,mouse_tracking,,,,,,,,,,,/app/training,dev_3efcf5ab-b59e-49b0-bff6-0ad6a65f645c,,,,,,,,,,,,,,,,,,,,,,,,,,,,,,,,,,,,,,,,,,,,,,,,,,,,,,,,,,,,,,,,,,
training_event,training,468f03a2-d7c9-4701-abf8-bb2c692f696b,c79b713d-9a4c-4681-ae1a-7005904719ee,2026-09-06T17:11:04.066000+00:00,mouse_move,,,,,374.0,331.21,,,,,,mouse_tracking,,,,,,,,,,,/app/training,dev_3efcf5ab-b59e-49b0-bff6-0ad6a65f645c,,,,,,,,,,,,,,,,,,,,,,,,,,,,,,,,,,,,,,,,,,,,,,,,,,,,,,,,,,,,,,,,,,
training_event,training,468f03a2-d7c9-4701-abf8-bb2c692f696b,c79b713d-9a4c-4681-ae1a-7005904719ee,2026-09-06T17:11:04.785000+00:00,mouse_move,,,,,362.0,327.21,,,,,,mouse_tracking,,,,,,,,,,,/app/training,dev_3efcf5ab-b59e-49b0-bff6-0ad6a65f645c,,,,,,,,,,,,,,,,,,,,,,,,,,,,,,,,,,,,,,,,,,,,,,,,,,,,,,,,,,,,,,,,,,
training_event,training,468f03a2-d7c9-4701-abf8-bb2c692f696b,c79b713d-9a4c-4681-ae1a-7005904719ee,2026-09-06T17:11:04.798000+00:00,mouse_move,,,,,335.0,314.21,,,,,,mouse_tracking,,,,,,,,,,,/app/training,dev_3efcf5ab-b59e-49b0-bff6-0ad6a65f645c,,,,,,,,,,,,,,,,,,,,,,,,,,,,,,,,,,,,,,,,,,,,,,,,,,,,,,,,,,,,,,,,,,
training_event,training,468f03a2-d7c9-4701-abf8-bb2c692f696b,c79b713d-9a4c-4681-ae1a-7005904719ee,2026-09-06T17:11:04.819000+00:00,mouse_move,,,,,319.0,306.21,,,,,,mouse_tracking,,,,,,,,,,,/app/training,dev_3efcf5ab-b59e-49b0-bff6-0ad6a65f645c,,,,,,,,,,,,,,,,,,,,,,,,,,,,,,,,,,,,,,,,,,,,,,,,,,,,,,,,,,,,,,,,,,
training_event,training,468f03a2-d7c9-4701-abf8-bb2c692f696b,c79b713d-9a4c-4681-ae1a-7005904719ee,2026-09-06T17:11:04.836000+00:00,mouse_move,,,,,297.0,299.21,,,,,,mouse_tracking,,,,,,,,,,,/app/training,dev_3efcf5ab-b59e-49b0-bff6-0ad6a65f645c,,,,,,,,,,,,,,,,,,,,,,,,,,,,,,,,,,,,,,,,,,,,,,,,,,,,,,,,,,,,,,,,,,
training_event,training,468f03a2-d7c9-4701-abf8-bb2c692f696b,c79b713d-9a4c-4681-ae1a-7005904719ee,2026-09-06T17:11:04.849000+00:00,mouse_move,,,,,289.0,295.21,,,,,,mouse_tracking,,,,,,,,,,,/app/training,dev_3efcf5ab-b59e-49b0-bff6-0ad6a65f645c,,,,,,,,,,,,,,,,,,,,,,,,,,,,,,,,,,,,,,,,,,,,,,,,,,,,,,,,,,,,,,,,,,
training_event,training,468f03a2-d7c9-4701-abf8-bb2c692f696b,c79b713d-9a4c-4681-ae1a-7005904719ee,2026-09-06T17:11:04.866000+00:00,mouse_move,,,,,285.0,295.21,,,,,,mouse_tracking,,,,,,,,,,,/app/training,dev_3efcf5ab-b59e-49b0-bff6-0ad6a65f645c,,,,,,,,,,,,,,,,,,,,,,,,,,,,,,,,,,,,,,,,,,,,,,,,,,,,,,,,,,,,,,,,,,
training_event,training,468f03a2-d7c9-4701-abf8-bb2c692f696b,c79b713d-9a4c-4681-ae1a-7005904719ee,2026-09-06T17:11:04.883000+00:00,mouse_move,,,,,283.0,295.21,,,,,,mouse_tracking,,,,,,,,,,,/app/training,dev_3efcf5ab-b59e-49b0-bff6-0ad6a65f645c,,,,,,,,,,,,,,,,,,,,,,,,,,,,,,,,,,,,,,,,,,,,,,,,,,,,,,,,,,,,,,,,,,
training_event,training,468f03a2-d7c9-4701-abf8-bb2c692f696b,c79b713d-9a4c-4681-ae1a-7005904719ee,2026-09-06T17:11:05.199000+00:00,mouse_move,,,,,283.0,296.21,,,,,,mouse_tracking,,,,,,,,,,,/app/training,dev_3efcf5ab-b59e-49b0-bff6-0ad6a65f645c,,,,,,,,,,,,,,,,,,,,,,,,,,,,,,,,,,,,,,,,,,,,,,,,,,,,,,,,,,,,,,,,,,
training_event,training,468f03a2-d7c9-4701-abf8-bb2c692f696b,c79b713d-9a4c-4681-ae1a-7005904719ee,2026-09-06T17:11:05.218000+00:00,mouse_move,,,,,282.0,296.21,,,,,,mouse_tracking,,,,,,,,,,,/app/training,dev_3efcf5ab-b59e-49b0-bff6-0ad6a65f645c,,,,,,,,,,,,,,,,,,,,,,,,,,,,,,,,,,,,,,,,,,,,,,,,,,,,,,,,,,,,,,,,,,
training_event,training,468f03a2-d7c9-4701-abf8-bb2c692f696b,c79b713d-9a4c-4681-ae1a-7005904719ee,2026-09-06T17:11:05.233000+00:00,mouse_move,,,,,279.0,297.21,,,,,,mouse_tracking,,,,,,,,,,,/app/training,dev_3efcf5ab-b59e-49b0-bff6-0ad6a65f645c,,,,,,,,,,,,,,,,,,,,,,,,,,,,,,,,,,,,,,,,,,,,,,,,,,,,,,,,,,,,,,,,,,
training_event,training,468f03a2-d7c9-4701-abf8-bb2c692f696b,c79b713d-9a4c-4681-ae1a-7005904719ee,2026-09-06T17:11:05.249000+00:00,mouse_move,,,,,277.0,297.21,,,,,,mouse_tracking,,,,,,,,,,,/app/training,dev_3efcf5ab-b59e-49b0-bff6-0ad6a65f645c,,,,,,,,,,,,,,,,,,,,,,,,,,,,,,,,,,,,,,,,,,,,,,,,,,,,,,,,,,,,,,,,,,
training_event,training,468f03a2-d7c9-4701-abf8-bb2c692f696b,c79b713d-9a4c-4681-ae1a-7005904719ee,2026-09-06T17:11:05.266000+00:00,mouse_move,,,,,276.0,298.21,,,,,,mouse_tracking,,,,,,,,,,,/app/training,dev_3efcf5ab-b59e-49b0-bff6-0ad6a65f645c,,,,,,,,,,,,,,,,,,,,,,,,,,,,,,,,,,,,,,,,,,,,,,,,,,,,,,,,,,,,,,,,,,
training_event,training,468f03a2-d7c9-4701-abf8-bb2c692f696b,c79b713d-9a4c-4681-ae1a-7005904719ee,2026-09-06T17:11:05.283000+00:00,mouse_move,,,,,275.0,298.21,,,,,,mouse_tracking,,,,,,,,,,,/app/training,dev_3efcf5ab-b59e-49b0-bff6-0ad6a65f645c,,,,,,,,,,,,,,,,,,,,,,,,,,,,,,,,,,,,,,,,,,,,,,,,,,,,,,,,,,,,,,,,,,
training_event,training,468f03a2-d7c9-4701-abf8-bb2c692f696b,c79b713d-9a4c-4681-ae1a-7005904719ee,2026-09-06T17:11:05.299000+00:00,mouse_move,,,,,273.0,298.21,,,,,,mouse_tracking,,,,,,,,,,,/app/training,dev_3efcf5ab-b59e-49b0-bff6-0ad6a65f645c,,,,,,,,,,,,,,,,,,,,,,,,,,,,,,,,,,,,,,,,,,,,,,,,,,,,,,,,,,,,,,,,,,
training_event,training,468f03a2-d7c9-4701-abf8-bb2c692f696b,c79b713d-9a4c-4681-ae1a-7005904719ee,2026-09-06T17:11:05.333000+00:00,mouse_move,,,,,271.0,298.21,,,,,,mouse_tracking,,,,,,,,,,,/app/training,dev_3efcf5ab-b59e-49b0-bff6-0ad6a65f645c,,,,,,,,,,,,,,,,,,,,,,,,,,,,,,,,,,,,,,,,,,,,,,,,,,,,,,,,,,,,,,,,,,
training_event,training,468f03a2-d7c9-4701-abf8-bb2c692f696b,c79b713d-9a4c-4681-ae1a-7005904719ee,2026-09-06T17:11:05.383000+00:00,mouse_move,,,,,270.0,298.21,,,,,,mouse_tracking,,,,,,,,,,,/app/training,dev_3efcf5ab-b59e-49b0-bff6-0ad6a65f645c,,,,,,,,,,,,,,,,,,,,,,,,,,,,,,,,,,,,,,,,,,,,,,,,,,,,,,,,,,,,,,,,,,
training_event,training,468f03a2-d7c9-4701-abf8-bb2c692f696b,c79b713d-9a4c-4681-ae1a-7005904719ee,2026-09-06T17:11:06.300000+00:00,mouse_move,,,,,253.0,267.21,,,,,,mouse_tracking,,,,,,,,,,,/app/training,dev_3efcf5ab-b59e-49b0-bff6-0ad6a65f645c,,,,,,,,,,,,,,,,,,,,,,,,,,,,,,,,,,,,,,,,,,,,,,,,,,,,,,,,,,,,,,,,,,
training_event,training,468f03a2-d7c9-4701-abf8-bb2c692f696b,c79b713d-9a4c-4681-ae1a-7005904719ee,2026-09-06T17:11:06.316000+00:00,mouse_move,,,,,241.0,237.21,,,,,,mouse_tracking,,,,,,,,,,,/app/training,dev_3efcf5ab-b59e-49b0-bff6-0ad6a65f645c,,,,,,,,,,,,,,,,,,,,,,,,,,,,,,,,,,,,,,,,,,,,,,,,,,,,,,,,,,,,,,,,,,
training_event,training,468f03a2-d7c9-4701-abf8-bb2c692f696b,c79b713d-9a4c-4681-ae1a-7005904719ee,2026-09-06T17:11:06.333000+00:00,mouse_move,,,,,227.0,209.21,,,,,,mouse_tracking,,,,,,,,,,,/app/training,dev_3efcf5ab-b59e-49b0-bff6-0ad6a65f645c,,,,,,,,,,,,,,,,,,,,,,,,,,,,,,,,,,,,,,,,,,,,,,,,,,,,,,,,,,,,,,,,,,
training_event,training,468f03a2-d7c9-4701-abf8-bb2c692f696b,c79b713d-9a4c-4681-ae1a-7005904719ee,2026-09-06T17:11:06.352000+00:00,mouse_move,,,,,223.0,199.21,,,,,,mouse_tracking,,,,,,,,,,,/app/training,dev_3efcf5ab-b59e-49b0-bff6-0ad6a65f645c,,,,,,,,,,,,,,,,,,,,,,,,,,,,,,,,,,,,,,,,,,,,,,,,,,,,,,,,,,,,,,,,,,
training_event,training,468f03a2-d7c9-4701-abf8-bb2c692f696b,c79b713d-9a4c-4681-ae1a-7005904719ee,2026-09-06T17:11:06.367000+00:00,mouse_move,,,,,219.0,191.21,,,,,,mouse_tracking,,,,,,,,,,,/app/training,dev_3efcf5ab-b59e-49b0-bff6-0ad6a65f645c,,,,,,,,,,,,,,,,,,,,,,,,,,,,,,,,,,,,,,,,,,,,,,,,,,,,,,,,,,,,,,,,,,
training_event,training,468f03a2-d7c9-4701-abf8-bb2c692f696b,c79b713d-9a4c-4681-ae1a-7005904719ee,2026-09-06T17:11:06.381000+00:00,mouse_move,,,,,217.0,188.21,,,,,,mouse_tracking,,,,,,,,,,,/app/training,dev_3efcf5ab-b59e-49b0-bff6-0ad6a65f645c,,,,,,,,,,,,,,,,,,,,,,,,,,,,,,,,,,,,,,,,,,,,,,,,,,,,,,,,,,,,,,,,,,
training_event,training,468f03a2-d7c9-4701-abf8-bb2c692f696b,c79b713d-9a4c-4681-ae1a-7005904719ee,2026-09-06T17:11:06.400000+00:00,mouse_move,,,,,216.0,187.21,,,,,,mouse_tracking,,,,,,,,,,,/app/training,dev_3efcf5ab-b59e-49b0-bff6-0ad6a65f645c,,,,,,,,,,,,,,,,,,,,,,,,,,,,,,,,,,,,,,,,,,,,,,,,,,,,,,,,,,,,,,,,,,
training_event,training,468f03a2-d7c9-4701-abf8-bb2c692f696b,c79b713d-9a4c-4681-ae1a-7005904719ee,2026-09-06T17:11:06.416000+00:00,mouse_move,,,,,215.0,187.21,,,,,,mouse_tracking,,,,,,,,,,,/app/training,dev_3efcf5ab-b59e-49b0-bff6-0ad6a65f645c,,,,,,,,,,,,,,,,,,,,,,,,,,,,,,,,,,,,,,,,,,,,,,,,,,,,,,,,,,,,,,,,,,
training_event,training,468f03a2-d7c9-4701-abf8-bb2c692f696b,c79b713d-9a4c-4681-ae1a-7005904719ee,2026-09-06T17:11:07.366000+00:00,mouse_move,,,,,266.0,163.21,,,,,,mouse_tracking,,,,,,,,,,,/app/training,dev_3efcf5ab-b59e-49b0-bff6-0ad6a65f645c,,,,,,,,,,,,,,,,,,,,,,,,,,,,,,,,,,,,,,,,,,,,,,,,,,,,,,,,,,,,,,,,,,
training_event,training,468f03a2-d7c9-4701-abf8-bb2c692f696b,c79b713d-9a4c-4681-ae1a-7005904719ee,2026-09-06T17:11:07.385000+00:00,mouse_move,,,,,285.0,151.21,,,,,,mouse_tracking,,,,,,,,,,,/app/training,dev_3efcf5ab-b59e-49b0-bff6-0ad6a65f645c,,,,,,,,,,,,,,,,,,,,,,,,,,,,,,,,,,,,,,,,,,,,,,,,,,,,,,,,,,,,,,,,,,
training_event,training,468f03a2-d7c9-4701-abf8-bb2c692f696b,c79b713d-9a4c-4681-ae1a-7005904719ee,2026-09-06T17:11:07.400000+00:00,mouse_move,,,,,297.0,142.21,,,,,,mouse_tracking,,,,,,,,,,,/app/training,dev_3efcf5ab-b59e-49b0-bff6-0ad6a65f645c,,,,,,,,,,,,,,,,,,,,,,,,,,,,,,,,,,,,,,,,,,,,,,,,,,,,,,,,,,,,,,,,,,
training_event,training,468f03a2-d7c9-4701-abf8-bb2c692f696b,c79b713d-9a4c-4681-ae1a-7005904719ee,2026-09-06T17:11:07.415000+00:00,mouse_move,,,,,320.0,125.21,,,,,,mouse_tracking,,,,,,,,,,,/app/training,dev_3efcf5ab-b59e-49b0-bff6-0ad6a65f645c,,,,,,,,,,,,,,,,,,,,,,,,,,,,,,,,,,,,,,,,,,,,,,,,,,,,,,,,,,,,,,,,,,
training_event,training,468f03a2-d7c9-4701-abf8-bb2c692f696b,c79b713d-9a4c-4681-ae1a-7005904719ee,2026-09-06T17:11:07.433000+00:00,mouse_move,,,,,327.0,117.21,,,,,,mouse_tracking,,,,,,,,,,,/app/training,dev_3efcf5ab-b59e-49b0-bff6-0ad6a65f645c,,,,,,,,,,,,,,,,,,,,,,,,,,,,,,,,,,,,,,,,,,,,,,,,,,,,,,,,,,,,,,,,,,
training_event,training,468f03a2-d7c9-4701-abf8-bb2c692f696b,c79b713d-9a4c-4681-ae1a-7005904719ee,2026-09-06T17:11:07.449000+00:00,mouse_move,,,,,328.0,113.21,,,,,,mouse_tracking,,,,,,,,,,,/app/training,dev_3efcf5ab-b59e-49b0-bff6-0ad6a65f645c,,,,,,,,,,,,,,,,,,,,,,,,,,,,,,,,,,,,,,,,,,,,,,,,,,,,,,,,,,,,,,,,,,
training_event,training,468f03a2-d7c9-4701-abf8-bb2c692f696b,c79b713d-9a4c-4681-ae1a-7005904719ee,2026-09-06T17:11:07.467000+00:00,mouse_move,,,,,329.0,109.21,,,,,,mouse_tracking,,,,,,,,,,,/app/training,dev_3efcf5ab-b59e-49b0-bff6-0ad6a65f645c,,,,,,,,,,,,,,,,,,,,,,,,,,,,,,,,,,,,,,,,,,,,,,,,,,,,,,,,,,,,,,,,,,
training_event,training,468f03a2-d7c9-4701-abf8-bb2c692f696b,c79b713d-9a4c-4681-ae1a-7005904719ee,2026-09-06T17:11:07.485000+00:00,mouse_move,,,,,329.0,107.21,,,,,,mouse_tracking,,,,,,,,,,,/app/training,dev_3efcf5ab-b59e-49b0-bff6-0ad6a65f645c,,,,,,,,,,,,,,,,,,,,,,,,,,,,,,,,,,,,,,,,,,,,,,,,,,,,,,,,,,,,,,,,,,
training_event,training,468f03a2-d7c9-4701-abf8-bb2c692f696b,c79b713d-9a4c-4681-ae1a-7005904719ee,2026-09-06T17:11:07.500000+00:00,mouse_move,,,,,329.0,105.21,,,,,,mouse_tracking,,,,,,,,,,,/app/training,dev_3efcf5ab-b59e-49b0-bff6-0ad6a65f645c,,,,,,,,,,,,,,,,,,,,,,,,,,,,,,,,,,,,,,,,,,,,,,,,,,,,,,,,,,,,,,,,,,
training_event,training,468f03a2-d7c9-4701-abf8-bb2c692f696b,c79b713d-9a4c-4681-ae1a-7005904719ee,2026-09-06T17:11:07.516000+00:00,mouse_move,,,,,327.0,103.21,,,,,,mouse_tracking,,,,,,,,,,,/app/training,dev_3efcf5ab-b59e-49b0-bff6-0ad6a65f645c,,,,,,,,,,,,,,,,,,,,,,,,,,,,,,,,,,,,,,,,,,,,,,,,,,,,,,,,,,,,,,,,,,
training_event,training,468f03a2-d7c9-4701-abf8-bb2c692f696b,c79b713d-9a4c-4681-ae1a-7005904719ee,2026-09-06T17:11:07.534000+00:00,mouse_move,,,,,325.0,100.21,,,,,,mouse_tracking,,,,,,,,,,,/app/training,dev_3efcf5ab-b59e-49b0-bff6-0ad6a65f645c,,,,,,,,,,,,,,,,,,,,,,,,,,,,,,,,,,,,,,,,,,,,,,,,,,,,,,,,,,,,,,,,,,
training_event,training,468f03a2-d7c9-4701-abf8-bb2c692f696b,c79b713d-9a4c-4681-ae1a-7005904719ee,2026-09-06T17:11:07.552000+00:00,mouse_move,,,,,321.0,97.21,,,,,,mouse_tracking,,,,,,,,,,,/app/training,dev_3efcf5ab-b59e-49b0-bff6-0ad6a65f645c,,,,,,,,,,,,,,,,,,,,,,,,,,,,,,,,,,,,,,,,,,,,,,,,,,,,,,,,,,,,,,,,,,
training_event,training,468f03a2-d7c9-4701-abf8-bb2c692f696b,c79b713d-9a4c-4681-ae1a-7005904719ee,2026-09-06T17:11:07.567000+00:00,mouse_move,,,,,318.0,96.21,,,,,,mouse_tracking,,,,,,,,,,,/app/training,dev_3efcf5ab-b59e-49b0-bff6-0ad6a65f645c,,,,,,,,,,,,,,,,,,,,,,,,,,,,,,,,,,,,,,,,,,,,,,,,,,,,,,,,,,,,,,,,,,
training_event,training,468f03a2-d7c9-4701-abf8-bb2c692f696b,c79b713d-9a4c-4681-ae1a-7005904719ee,2026-09-06T17:11:07.584000+00:00,mouse_move,,,,,313.0,94.21,,,,,,mouse_tracking,,,,,,,,,,,/app/training,dev_3efcf5ab-b59e-49b0-bff6-0ad6a65f645c,,,,,,,,,,,,,,,,,,,,,,,,,,,,,,,,,,,,,,,,,,,,,,,,,,,,,,,,,,,,,,,,,,
training_event,training,468f03a2-d7c9-4701-abf8-bb2c692f696b,c79b713d-9a4c-4681-ae1a-7005904719ee,2026-09-06T17:11:07.599000+00:00,mouse_move,,,,,310.0,94.21,,,,,,mouse_tracking,,,,,,,,,,,/app/training,dev_3efcf5ab-b59e-49b0-bff6-0ad6a65f645c,,,,,,,,,,,,,,,,,,,,,,,,,,,,,,,,,,,,,,,,,,,,,,,,,,,,,,,,,,,,,,,,,,
training_event,training,468f03a2-d7c9-4701-abf8-bb2c692f696b,c79b713d-9a4c-4681-ae1a-7005904719ee,2026-09-06T17:11:07.619000+00:00,mouse_move,,,,,306.0,93.21,,,,,,mouse_tracking,,,,,,,,,,,/app/training,dev_3efcf5ab-b59e-49b0-bff6-0ad6a65f645c,,,,,,,,,,,,,,,,,,,,,,,,,,,,,,,,,,,,,,,,,,,,,,,,,,,,,,,,,,,,,,,,,,
training_event,training,468f03a2-d7c9-4701-abf8-bb2c692f696b,c79b713d-9a4c-4681-ae1a-7005904719ee,2026-09-06T17:11:07.633000+00:00,mouse_move,,,,,301.0,93.21,,,,,,mouse_tracking,,,,,,,,,,,/app/training,dev_3efcf5ab-b59e-49b0-bff6-0ad6a65f645c,,,,,,,,,,,,,,,,,,,,,,,,,,,,,,,,,,,,,,,,,,,,,,,,,,,,,,,,,,,,,,,,,,
training_event,training,468f03a2-d7c9-4701-abf8-bb2c692f696b,c79b713d-9a4c-4681-ae1a-7005904719ee,2026-09-06T17:11:07.651000+00:00,mouse_move,,,,,299.0,93.21,,,,,,mouse_tracking,,,,,,,,,,,/app/training,dev_3efcf5ab-b59e-49b0-bff6-0ad6a65f645c,,,,,,,,,,,,,,,,,,,,,,,,,,,,,,,,,,,,,,,,,,,,,,,,,,,,,,,,,,,,,,,,,,
training_event,training,468f03a2-d7c9-4701-abf8-bb2c692f696b,c79b713d-9a4c-4681-ae1a-7005904719ee,2026-09-06T17:11:07.666000+00:00,mouse_move,,,,,295.0,93.21,,,,,,mouse_tracking,,,,,,,,,,,/app/training,dev_3efcf5ab-b59e-49b0-bff6-0ad6a65f645c,,,,,,,,,,,,,,,,,,,,,,,,,,,,,,,,,,,,,,,,,,,,,,,,,,,,,,,,,,,,,,,,,,
training_event,training,468f03a2-d7c9-4701-abf8-bb2c692f696b,c79b713d-9a4c-4681-ae1a-7005904719ee,2026-09-06T17:11:07.684000+00:00,mouse_move,,,,,290.0,93.21,,,,,,mouse_tracking,,,,,,,,,,,/app/training,dev_3efcf5ab-b59e-49b0-bff6-0ad6a65f645c,,,,,,,,,,,,,,,,,,,,,,,,,,,,,,,,,,,,,,,,,,,,,,,,,,,,,,,,,,,,,,,,,,
training_event,training,468f03a2-d7c9-4701-abf8-bb2c692f696b,c79b713d-9a4c-4681-ae1a-7005904719ee,2026-09-06T17:11:07.701000+00:00,mouse_move,,,,,287.0,94.21,,,,,,mouse_tracking,,,,,,,,,,,/app/training,dev_3efcf5ab-b59e-49b0-bff6-0ad6a65f645c,,,,,,,,,,,,,,,,,,,,,,,,,,,,,,,,,,,,,,,,,,,,,,,,,,,,,,,,,,,,,,,,,,
training_event,training,468f03a2-d7c9-4701-abf8-bb2c692f696b,c79b713d-9a4c-4681-ae1a-7005904719ee,2026-09-06T17:11:07.717000+00:00,mouse_move,,,,,285.0,95.21,,,,,,mouse_tracking,,,,,,,,,,,/app/training,dev_3efcf5ab-b59e-49b0-bff6-0ad6a65f645c,,,,,,,,,,,,,,,,,,,,,,,,,,,,,,,,,,,,,,,,,,,,,,,,,,,,,,,,,,,,,,,,,,
training_event,training,468f03a2-d7c9-4701-abf8-bb2c692f696b,c79b713d-9a4c-4681-ae1a-7005904719ee,2026-09-06T17:11:07.732000+00:00,mouse_move,,,,,283.0,96.21,,,,,,mouse_tracking,,,,,,,,,,,/app/training,dev_3efcf5ab-b59e-49b0-bff6-0ad6a65f645c,,,,,,,,,,,,,,,,,,,,,,,,,,,,,,,,,,,,,,,,,,,,,,,,,,,,,,,,,,,,,,,,,,
training_event,training,468f03a2-d7c9-4701-abf8-bb2c692f696b,c79b713d-9a4c-4681-ae1a-7005904719ee,2026-09-06T17:11:07.750000+00:00,mouse_move,,,,,281.0,97.21,,,,,,mouse_tracking,,,,,,,,,,,/app/training,dev_3efcf5ab-b59e-49b0-bff6-0ad6a65f645c,,,,,,,,,,,,,,,,,,,,,,,,,,,,,,,,,,,,,,,,,,,,,,,,,,,,,,,,,,,,,,,,,,
training_event,training,468f03a2-d7c9-4701-abf8-bb2c692f696b,c79b713d-9a4c-4681-ae1a-7005904719ee,2026-09-06T17:11:07.767000+00:00,mouse_move,,,,,280.0,97.21,,,,,,mouse_tracking,,,,,,,,,,,/app/training,dev_3efcf5ab-b59e-49b0-bff6-0ad6a65f645c,,,,,,,,,,,,,,,,,,,,,,,,,,,,,,,,,,,,,,,,,,,,,,,,,,,,,,,,,,,,,,,,,,
training_event,training,468f03a2-d7c9-4701-abf8-bb2c692f696b,c79b713d-9a4c-4681-ae1a-7005904719ee,2026-09-06T17:11:07.781000+00:00,mouse_move,,,,,279.0,98.21,,,,,,mouse_tracking,,,,,,,,,,,/app/training,dev_3efcf5ab-b59e-49b0-bff6-0ad6a65f645c,,,,,,,,,,,,,,,,,,,,,,,,,,,,,,,,,,,,,,,,,,,,,,,,,,,,,,,,,,,,,,,,,,
training_event,training,468f03a2-d7c9-4701-abf8-bb2c692f696b,c79b713d-9a4c-4681-ae1a-7005904719ee,2026-09-06T17:11:07.800000+00:00,mouse_move,,,,,277.0,99.21,,,,,,mouse_tracking,,,,,,,,,,,/app/training,dev_3efcf5ab-b59e-49b0-bff6-0ad6a65f645c,,,,,,,,,,,,,,,,,,,,,,,,,,,,,,,,,,,,,,,,,,,,,,,,,,,,,,,,,,,,,,,,,,
training_event,training,468f03a2-d7c9-4701-abf8-bb2c692f696b,c79b713d-9a4c-4681-ae1a-7005904719ee,2026-09-06T17:11:07.832000+00:00,mouse_move,,,,,276.0,100.21,,,,,,mouse_tracking,,,,,,,,,,,/app/training,dev_3efcf5ab-b59e-49b0-bff6-0ad6a65f645c,,,,,,,,,,,,,,,,,,,,,,,,,,,,,,,,,,,,,,,,,,,,,,,,,,,,,,,,,,,,,,,,,,
training_event,training,468f03a2-d7c9-4701-abf8-bb2c692f696b,c79b713d-9a4c-4681-ae1a-7005904719ee,2026-09-06T17:11:07.849000+00:00,mouse_move,,,,,275.0,101.21,,,,,,mouse_tracking,,,,,,,,,,,/app/training,dev_3efcf5ab-b59e-49b0-bff6-0ad6a65f645c,,,,,,,,,,,,,,,,,,,,,,,,,,,,,,,,,,,,,,,,,,,,,,,,,,,,,,,,,,,,,,,,,,
training_event,training,468f03a2-d7c9-4701-abf8-bb2c692f696b,c79b713d-9a4c-4681-ae1a-7005904719ee,2026-09-06T17:11:07.866000+00:00,mouse_move,,,,,274.0,101.21,,,,,,mouse_tracking,,,,,,,,,,,/app/training,dev_3efcf5ab-b59e-49b0-bff6-0ad6a65f645c,,,,,,,,,,,,,,,,,,,,,,,,,,,,,,,,,,,,,,,,,,,,,,,,,,,,,,,,,,,,,,,,,,
training_event,training,468f03a2-d7c9-4701-abf8-bb2c692f696b,c79b713d-9a4c-4681-ae1a-7005904719ee,2026-09-06T17:11:07.885000+00:00,mouse_move,,,,,273.0,102.21,,,,,,mouse_tracking,,,,,,,,,,,/app/training,dev_3efcf5ab-b59e-49b0-bff6-0ad6a65f645c,,,,,,,,,,,,,,,,,,,,,,,,,,,,,,,,,,,,,,,,,,,,,,,,,,,,,,,,,,,,,,,,,,
training_event,training,468f03a2-d7c9-4701-abf8-bb2c692f696b,c79b713d-9a4c-4681-ae1a-7005904719ee,2026-09-06T17:11:08.669000+00:00,mouse_move,,,,,326.0,94.21,,,,,,mouse_tracking,,,,,,,,,,,/app/training,dev_3efcf5ab-b59e-49b0-bff6-0ad6a65f645c,,,,,,,,,,,,,,,,,,,,,,,,,,,,,,,,,,,,,,,,,,,,,,,,,,,,,,,,,,,,,,,,,,
training_event,training,468f03a2-d7c9-4701-abf8-bb2c692f696b,c79b713d-9a4c-4681-ae1a-7005904719ee,2026-09-06T17:11:08.683000+00:00,mouse_move,,,,,343.0,93.21,,,,,,mouse_tracking,,,,,,,,,,,/app/training,dev_3efcf5ab-b59e-49b0-bff6-0ad6a65f645c,,,,,,,,,,,,,,,,,,,,,,,,,,,,,,,,,,,,,,,,,,,,,,,,,,,,,,,,,,,,,,,,,,
training_event,training,468f03a2-d7c9-4701-abf8-bb2c692f696b,c79b713d-9a4c-4681-ae1a-7005904719ee,2026-09-06T17:11:08.698000+00:00,mouse_move,,,,,377.0,89.21,,,,,,mouse_tracking,,,,,,,,,,,/app/training,dev_3efcf5ab-b59e-49b0-bff6-0ad6a65f645c,,,,,,,,,,,,,,,,,,,,,,,,,,,,,,,,,,,,,,,,,,,,,,,,,,,,,,,,,,,,,,,,,,
training_event,training,468f03a2-d7c9-4701-abf8-bb2c692f696b,c79b713d-9a4c-4681-ae1a-7005904719ee,2026-09-06T17:11:08.716000+00:00,mouse_move,,,,,390.0,87.21,,,,,,mouse_tracking,,,,,,,,,,,/app/training,dev_3efcf5ab-b59e-49b0-bff6-0ad6a65f645c,,,,,,,,,,,,,,,,,,,,,,,,,,,,,,,,,,,,,,,,,,,,,,,,,,,,,,,,,,,,,,,,,,
training_event,training,468f03a2-d7c9-4701-abf8-bb2c692f696b,c79b713d-9a4c-4681-ae1a-7005904719ee,2026-09-06T17:11:08.735000+00:00,mouse_move,,,,,399.0,85.21,,,,,,mouse_tracking,,,,,,,,,,,/app/training,dev_3efcf5ab-b59e-49b0-bff6-0ad6a65f645c,,,,,,,,,,,,,,,,,,,,,,,,,,,,,,,,,,,,,,,,,,,,,,,,,,,,,,,,,,,,,,,,,,
training_event,training,468f03a2-d7c9-4701-abf8-bb2c692f696b,c79b713d-9a4c-4681-ae1a-7005904719ee,2026-09-06T17:11:08.751000+00:00,mouse_move,,,,,401.0,85.21,,,,,,mouse_tracking,,,,,,,,,,,/app/training,dev_3efcf5ab-b59e-49b0-bff6-0ad6a65f645c,,,,,,,,,,,,,,,,,,,,,,,,,,,,,,,,,,,,,,,,,,,,,,,,,,,,,,,,,,,,,,,,,,
training_event,training,468f03a2-d7c9-4701-abf8-bb2c692f696b,c79b713d-9a4c-4681-ae1a-7005904719ee,2026-09-06T17:11:08.800000+00:00,mouse_move,,,,,399.0,85.21,,,,,,mouse_tracking,,,,,,,,,,,/app/training,dev_3efcf5ab-b59e-49b0-bff6-0ad6a65f645c,,,,,,,,,,,,,,,,,,,,,,,,,,,,,,,,,,,,,,,,,,,,,,,,,,,,,,,,,,,,,,,,,,
training_event,training,468f03a2-d7c9-4701-abf8-bb2c692f696b,c79b713d-9a4c-4681-ae1a-7005904719ee,2026-09-06T17:11:08.816000+00:00,mouse_move,,,,,392.0,87.21,,,,,,mouse_tracking,,,,,,,,,,,/app/training,dev_3efcf5ab-b59e-49b0-bff6-0ad6a65f645c,,,,,,,,,,,,,,,,,,,,,,,,,,,,,,,,,,,,,,,,,,,,,,,,,,,,,,,,,,,,,,,,,,
training_event,training,468f03a2-d7c9-4701-abf8-bb2c692f696b,c79b713d-9a4c-4681-ae1a-7005904719ee,2026-09-06T17:11:08.832000+00:00,mouse_move,,,,,382.0,88.21,,,,,,mouse_tracking,,,,,,,,,,,/app/training,dev_3efcf5ab-b59e-49b0-bff6-0ad6a65f645c,,,,,,,,,,,,,,,,,,,,,,,,,,,,,,,,,,,,,,,,,,,,,,,,,,,,,,,,,,,,,,,,,,
training_event,training,468f03a2-d7c9-4701-abf8-bb2c692f696b,c79b713d-9a4c-4681-ae1a-7005904719ee,2026-09-06T17:11:08.852000+00:00,mouse_move,,,,,367.0,91.21,,,,,,mouse_tracking,,,,,,,,,,,/app/training,dev_3efcf5ab-b59e-49b0-bff6-0ad6a65f645c,,,,,,,,,,,,,,,,,,,,,,,,,,,,,,,,,,,,,,,,,,,,,,,,,,,,,,,,,,,,,,,,,,
training_event,training,468f03a2-d7c9-4701-abf8-bb2c692f696b,c79b713d-9a4c-4681-ae1a-7005904719ee,2026-09-06T17:11:08.865000+00:00,mouse_move,,,,,357.0,94.21,,,,,,mouse_tracking,,,,,,,,,,,/app/training,dev_3efcf5ab-b59e-49b0-bff6-0ad6a65f645c,,,,,,,,,,,,,,,,,,,,,,,,,,,,,,,,,,,,,,,,,,,,,,,,,,,,,,,,,,,,,,,,,,
training_event,training,468f03a2-d7c9-4701-abf8-bb2c692f696b,c79b713d-9a4c-4681-ae1a-7005904719ee,2026-09-06T17:11:08.885000+00:00,mouse_move,,,,,340.0,97.21,,,,,,mouse_tracking,,,,,,,,,,,/app/training,dev_3efcf5ab-b59e-49b0-bff6-0ad6a65f645c,,,,,,,,,,,,,,,,,,,,,,,,,,,,,,,,,,,,,,,,,,,,,,,,,,,,,,,,,,,,,,,,,,
training_event,training,468f03a2-d7c9-4701-abf8-bb2c692f696b,c79b713d-9a4c-4681-ae1a-7005904719ee,2026-09-06T17:11:08.899000+00:00,mouse_move,,,,,334.0,97.21,,,,,,mouse_tracking,,,,,,,,,,,/app/training,dev_3efcf5ab-b59e-49b0-bff6-0ad6a65f645c,,,,,,,,,,,,,,,,,,,,,,,,,,,,,,,,,,,,,,,,,,,,,,,,,,,,,,,,,,,,,,,,,,
training_event,training,468f03a2-d7c9-4701-abf8-bb2c692f696b,c79b713d-9a4c-4681-ae1a-7005904719ee,2026-09-06T17:11:08.918000+00:00,mouse_move,,,,,331.0,99.21,,,,,,mouse_tracking,,,,,,,,,,,/app/training,dev_3efcf5ab-b59e-49b0-bff6-0ad6a65f645c,,,,,,,,,,,,,,,,,,,,,,,,,,,,,,,,,,,,,,,,,,,,,,,,,,,,,,,,,,,,,,,,,,
training_event,training,468f03a2-d7c9-4701-abf8-bb2c692f696b,c79b713d-9a4c-4681-ae1a-7005904719ee,2026-09-06T17:11:08.934000+00:00,mouse_move,,,,,327.0,99.21,,,,,,mouse_tracking,,,,,,,,,,,/app/training,dev_3efcf5ab-b59e-49b0-bff6-0ad6a65f645c,,,,,,,,,,,,,,,,,,,,,,,,,,,,,,,,,,,,,,,,,,,,,,,,,,,,,,,,,,,,,,,,,,
training_event,training,468f03a2-d7c9-4701-abf8-bb2c692f696b,c79b713d-9a4c-4681-ae1a-7005904719ee,2026-09-06T17:11:08.949000+00:00,mouse_move,,,,,325.0,99.21,,,,,,mouse_tracking,,,,,,,,,,,/app/training,dev_3efcf5ab-b59e-49b0-bff6-0ad6a65f645c,,,,,,,,,,,,,,,,,,,,,,,,,,,,,,,,,,,,,,,,,,,,,,,,,,,,,,,,,,,,,,,,,,
training_event,training,468f03a2-d7c9-4701-abf8-bb2c692f696b,c79b713d-9a4c-4681-ae1a-7005904719ee,2026-09-06T17:11:08.966000+00:00,mouse_move,,,,,324.0,99.21,,,,,,mouse_tracking,,,,,,,,,,,/app/training,dev_3efcf5ab-b59e-49b0-bff6-0ad6a65f645c,,,,,,,,,,,,,,,,,,,,,,,,,,,,,,,,,,,,,,,,,,,,,,,,,,,,,,,,,,,,,,,,,,
training_event,training,468f03a2-d7c9-4701-abf8-bb2c692f696b,c79b713d-9a4c-4681-ae1a-7005904719ee,2026-09-06T17:11:08.983000+00:00,mouse_move,,,,,323.0,99.21,,,,,,mouse_tracking,,,,,,,,,,,/app/training,dev_3efcf5ab-b59e-49b0-bff6-0ad6a65f645c,,,,,,,,,,,,,,,,,,,,,,,,,,,,,,,,,,,,,,,,,,,,,,,,,,,,,,,,,,,,,,,,,,
training_event,training,468f03a2-d7c9-4701-abf8-bb2c692f696b,c79b713d-9a4c-4681-ae1a-7005904719ee,2026-09-06T17:11:08.999000+00:00,mouse_move,,,,,323.0,100.21,,,,,,mouse_tracking,,,,,,,,,,,/app/training,dev_3efcf5ab-b59e-49b0-bff6-0ad6a65f645c,,,,,,,,,,,,,,,,,,,,,,,,,,,,,,,,,,,,,,,,,,,,,,,,,,,,,,,,,,,,,,,,,,
training_event,training,468f03a2-d7c9-4701-abf8-bb2c692f696b,c79b713d-9a4c-4681-ae1a-7005904719ee,2026-09-06T17:11:09.031000+00:00,mouse_move,,,,,322.0,100.21,,,,,,mouse_tracking,,,,,,,,,,,/app/training,dev_3efcf5ab-b59e-49b0-bff6-0ad6a65f645c,,,,,,,,,,,,,,,,,,,,,,,,,,,,,,,,,,,,,,,,,,,,,,,,,,,,,,,,,,,,,,,,,,
training_event,training,468f03a2-d7c9-4701-abf8-bb2c692f696b,c79b713d-9a4c-4681-ae1a-7005904719ee,2026-09-06T17:11:09.049000+00:00,mouse_move,,,,,321.0,100.21,,,,,,mouse_tracking,,,,,,,,,,,/app/training,dev_3efcf5ab-b59e-49b0-bff6-0ad6a65f645c,,,,,,,,,,,,,,,,,,,,,,,,,,,,,,,,,,,,,,,,,,,,,,,,,,,,,,,,,,,,,,,,,,
training_event,training,468f03a2-d7c9-4701-abf8-bb2c692f696b,c79b713d-9a4c-4681-ae1a-7005904719ee,2026-09-06T17:11:09.167000+00:00,mouse_move,,,,,322.0,99.21,,,,,,mouse_tracking,,,,,,,,,,,/app/training,dev_3efcf5ab-b59e-49b0-bff6-0ad6a65f645c,,,,,,,,,,,,,,,,,,,,,,,,,,,,,,,,,,,,,,,,,,,,,,,,,,,,,,,,,,,,,,,,,,
training_event,training,468f03a2-d7c9-4701-abf8-bb2c692f696b,c79b713d-9a4c-4681-ae1a-7005904719ee,2026-09-06T17:11:09.183000+00:00,mouse_move,,,,,324.0,99.21,,,,,,mouse_tracking,,,,,,,,,,,/app/training,dev_3efcf5ab-b59e-49b0-bff6-0ad6a65f645c,,,,,,,,,,,,,,,,,,,,,,,,,,,,,,,,,,,,,,,,,,,,,,,,,,,,,,,,,,,,,,,,,,
training_event,training,468f03a2-d7c9-4701-abf8-bb2c692f696b,c79b713d-9a4c-4681-ae1a-7005904719ee,2026-09-06T17:11:09.201000+00:00,mouse_move,,,,,329.0,97.21,,,,,,mouse_tracking,,,,,,,,,,,/app/training,dev_3efcf5ab-b59e-49b0-bff6-0ad6a65f645c,,,,,,,,,,,,,,,,,,,,,,,,,,,,,,,,,,,,,,,,,,,,,,,,,,,,,,,,,,,,,,,,,,
training_event,training,468f03a2-d7c9-4701-abf8-bb2c692f696b,c79b713d-9a4c-4681-ae1a-7005904719ee,2026-09-06T17:11:09.217000+00:00,mouse_move,,,,,333.0,96.21,,,,,,mouse_tracking,,,,,,,,,,,/app/training,dev_3efcf5ab-b59e-49b0-bff6-0ad6a65f645c,,,,,,,,,,,,,,,,,,,,,,,,,,,,,,,,,,,,,,,,,,,,,,,,,,,,,,,,,,,,,,,,,,
training_event,training,468f03a2-d7c9-4701-abf8-bb2c692f696b,c79b713d-9a4c-4681-ae1a-7005904719ee,2026-09-06T17:11:09.233000+00:00,mouse_move,,,,,338.0,94.21,,,,,,mouse_tracking,,,,,,,,,,,/app/training,dev_3efcf5ab-b59e-49b0-bff6-0ad6a65f645c,,,,,,,,,,,,,,,,,,,,,,,,,,,,,,,,,,,,,,,,,,,,,,,,,,,,,,,,,,,,,,,,,,
training_event,training,468f03a2-d7c9-4701-abf8-bb2c692f696b,c79b713d-9a4c-4681-ae1a-7005904719ee,2026-09-06T17:11:09.249000+00:00,mouse_move,,,,,341.0,93.21,,,,,,mouse_tracking,,,,,,,,,,,/app/training,dev_3efcf5ab-b59e-49b0-bff6-0ad6a65f645c,,,,,,,,,,,,,,,,,,,,,,,,,,,,,,,,,,,,,,,,,,,,,,,,,,,,,,,,,,,,,,,,,,
training_event,training,468f03a2-d7c9-4701-abf8-bb2c692f696b,c79b713d-9a4c-4681-ae1a-7005904719ee,2026-09-06T17:11:09.267000+00:00,mouse_move,,,,,343.0,93.21,,,,,,mouse_tracking,,,,,,,,,,,/app/training,dev_3efcf5ab-b59e-49b0-bff6-0ad6a65f645c,,,,,,,,,,,,,,,,,,,,,,,,,,,,,,,,,,,,,,,,,,,,,,,,,,,,,,,,,,,,,,,,,,
training_event,training,468f03a2-d7c9-4701-abf8-bb2c692f696b,c79b713d-9a4c-4681-ae1a-7005904719ee,2026-09-06T17:11:09.303000+00:00,mouse_move,,,,,344.0,92.21,,,,,,mouse_tracking,,,,,,,,,,,/app/training,dev_3efcf5ab-b59e-49b0-bff6-0ad6a65f645c,,,,,,,,,,,,,,,,,,,,,,,,,,,,,,,,,,,,,,,,,,,,,,,,,,,,,,,,,,,,,,,,,,
training_event,training,468f03a2-d7c9-4701-abf8-bb2c692f696b,c79b713d-9a4c-4681-ae1a-7005904719ee,2026-09-06T17:11:09.316000+00:00,mouse_move,,,,,345.0,91.21,,,,,,mouse_tracking,,,,,,,,,,,/app/training,dev_3efcf5ab-b59e-49b0-bff6-0ad6a65f645c,,,,,,,,,,,,,,,,,,,,,,,,,,,,,,,,,,,,,,,,,,,,,,,,,,,,,,,,,,,,,,,,,,
training_event,training,468f03a2-d7c9-4701-abf8-bb2c692f696b,c79b713d-9a4c-4681-ae1a-7005904719ee,2026-09-06T17:11:09.349000+00:00,mouse_move,,,,,346.0,91.21,,,,,,mouse_tracking,,,,,,,,,,,/app/training,dev_3efcf5ab-b59e-49b0-bff6-0ad6a65f645c,,,,,,,,,,,,,,,,,,,,,,,,,,,,,,,,,,,,,,,,,,,,,,,,,,,,,,,,,,,,,,,,,,
training_event,training,468f03a2-d7c9-4701-abf8-bb2c692f696b,c79b713d-9a4c-4681-ae1a-7005904719ee,2026-09-06T17:11:09.366000+00:00,mouse_move,,,,,347.0,91.21,,,,,,mouse_tracking,,,,,,,,,,,/app/training,dev_3efcf5ab-b59e-49b0-bff6-0ad6a65f645c,,,,,,,,,,,,,,,,,,,,,,,,,,,,,,,,,,,,,,,,,,,,,,,,,,,,,,,,,,,,,,,,,,
training_event,training,468f03a2-d7c9-4701-abf8-bb2c692f696b,c79b713d-9a4c-4681-ae1a-7005904719ee,2026-09-06T17:11:09.382000+00:00,mouse_move,,,,,347.0,89.21,,,,,,mouse_tracking,,,,,,,,,,,/app/training,dev_3efcf5ab-b59e-49b0-bff6-0ad6a65f645c,,,,,,,,,,,,,,,,,,,,,,,,,,,,,,,,,,,,,,,,,,,,,,,,,,,,,,,,,,,,,,,,,,
training_event,training,468f03a2-d7c9-4701-abf8-bb2c692f696b,c79b713d-9a4c-4681-ae1a-7005904719ee,2026-09-06T17:11:09.401000+00:00,mouse_move,,,,,348.0,89.21,,,,,,mouse_tracking,,,,,,,,,,,/app/training,dev_3efcf5ab-b59e-49b0-bff6-0ad6a65f645c,,,,,,,,,,,,,,,,,,,,,,,,,,,,,,,,,,,,,,,,,,,,,,,,,,,,,,,,,,,,,,,,,,
training_event,training,468f03a2-d7c9-4701-abf8-bb2c692f696b,c79b713d-9a4c-4681-ae1a-7005904719ee,2026-09-06T17:11:09.417000+00:00,mouse_move,,,,,349.0,87.21,,,,,,mouse_tracking,,,,,,,,,,,/app/training,dev_3efcf5ab-b59e-49b0-bff6-0ad6a65f645c,,,,,,,,,,,,,,,,,,,,,,,,,,,,,,,,,,,,,,,,,,,,,,,,,,,,,,,,,,,,,,,,,,
training_event,training,468f03a2-d7c9-4701-abf8-bb2c692f696b,c79b713d-9a4c-4681-ae1a-7005904719ee,2026-09-06T17:11:09.433000+00:00,mouse_move,,,,,350.0,85.21,,,,,,mouse_tracking,,,,,,,,,,,/app/training,dev_3efcf5ab-b59e-49b0-bff6-0ad6a65f645c,,,,,,,,,,,,,,,,,,,,,,,,,,,,,,,,,,,,,,,,,,,,,,,,,,,,,,,,,,,,,,,,,,
training_event,training,468f03a2-d7c9-4701-abf8-bb2c692f696b,c79b713d-9a4c-4681-ae1a-7005904719ee,2026-09-06T17:11:09.451000+00:00,mouse_move,,,,,351.0,85.21,,,,,,mouse_tracking,,,,,,,,,,,/app/training,dev_3efcf5ab-b59e-49b0-bff6-0ad6a65f645c,,,,,,,,,,,,,,,,,,,,,,,,,,,,,,,,,,,,,,,,,,,,,,,,,,,,,,,,,,,,,,,,,,
training_event,training,468f03a2-d7c9-4701-abf8-bb2c692f696b,c79b713d-9a4c-4681-ae1a-7005904719ee,2026-09-06T17:11:09.465000+00:00,mouse_move,,,,,352.0,83.21,,,,,,mouse_tracking,,,,,,,,,,,/app/training,dev_3efcf5ab-b59e-49b0-bff6-0ad6a65f645c,,,,,,,,,,,,,,,,,,,,,,,,,,,,,,,,,,,,,,,,,,,,,,,,,,,,,,,,,,,,,,,,,,
training_event,training,468f03a2-d7c9-4701-abf8-bb2c692f696b,c79b713d-9a4c-4681-ae1a-7005904719ee,2026-09-06T17:11:09.484000+00:00,mouse_move,,,,,353.0,82.21,,,,,,mouse_tracking,,,,,,,,,,,/app/training,dev_3efcf5ab-b59e-49b0-bff6-0ad6a65f645c,,,,,,,,,,,,,,,,,,,,,,,,,,,,,,,,,,,,,,,,,,,,,,,,,,,,,,,,,,,,,,,,,,
training_event,training,468f03a2-d7c9-4701-abf8-bb2c692f696b,c79b713d-9a4c-4681-ae1a-7005904719ee,2026-09-06T17:11:09.499000+00:00,mouse_move,,,,,353.0,81.21,,,,,,mouse_tracking,,,,,,,,,,,/app/training,dev_3efcf5ab-b59e-49b0-bff6-0ad6a65f645c,,,,,,,,,,,,,,,,,,,,,,,,,,,,,,,,,,,,,,,,,,,,,,,,,,,,,,,,,,,,,,,,,,
training_event,training,468f03a2-d7c9-4701-abf8-bb2c692f696b,c79b713d-9a4c-4681-ae1a-7005904719ee,2026-09-06T17:11:09.516000+00:00,mouse_move,,,,,354.0,81.21,,,,,,mouse_tracking,,,,,,,,,,,/app/training,dev_3efcf5ab-b59e-49b0-bff6-0ad6a65f645c,,,,,,,,,,,,,,,,,,,,,,,,,,,,,,,,,,,,,,,,,,,,,,,,,,,,,,,,,,,,,,,,,,
training_event,training,468f03a2-d7c9-4701-abf8-bb2c692f696b,c79b713d-9a4c-4681-ae1a-7005904719ee,2026-09-06T17:11:09.534000+00:00,mouse_move,,,,,354.0,80.21,,,,,,mouse_tracking,,,,,,,,,,,/app/training,dev_3efcf5ab-b59e-49b0-bff6-0ad6a65f645c,,,,,,,,,,,,,,,,,,,,,,,,,,,,,,,,,,,,,,,,,,,,,,,,,,,,,,,,,,,,,,,,,,
training_event,training,468f03a2-d7c9-4701-abf8-bb2c692f696b,c79b713d-9a4c-4681-ae1a-7005904719ee,2026-09-06T17:11:09.551000+00:00,mouse_move,,,,,355.0,79.21,,,,,,mouse_tracking,,,,,,,,,,,/app/training,dev_3efcf5ab-b59e-49b0-bff6-0ad6a65f645c,,,,,,,,,,,,,,,,,,,,,,,,,,,,,,,,,,,,,,,,,,,,,,,,,,,,,,,,,,,,,,,,,,
training_event,training,468f03a2-d7c9-4701-abf8-bb2c692f696b,c79b713d-9a4c-4681-ae1a-7005904719ee,2026-09-06T17:11:09.583000+00:00,mouse_move,,,,,355.0,78.21,,,,,,mouse_tracking,,,,,,,,,,,/app/training,dev_3efcf5ab-b59e-49b0-bff6-0ad6a65f645c,,,,,,,,,,,,,,,,,,,,,,,,,,,,,,,,,,,,,,,,,,,,,,,,,,,,,,,,,,,,,,,,,,
training_event,training,468f03a2-d7c9-4701-abf8-bb2c692f696b,c79b713d-9a4c-4681-ae1a-7005904719ee,2026-09-06T17:11:10.352000+00:00,mouse_move,,,,,385.0,102.21,,,,,,mouse_tracking,,,,,,,,,,,/app/training,dev_3efcf5ab-b59e-49b0-bff6-0ad6a65f645c,,,,,,,,,,,,,,,,,,,,,,,,,,,,,,,,,,,,,,,,,,,,,,,,,,,,,,,,,,,,,,,,,,
training_event,training,468f03a2-d7c9-4701-abf8-bb2c692f696b,c79b713d-9a4c-4681-ae1a-7005904719ee,2026-09-06T17:11:10.367000+00:00,mouse_move,,,,,403.0,113.21,,,,,,mouse_tracking,,,,,,,,,,,/app/training,dev_3efcf5ab-b59e-49b0-bff6-0ad6a65f645c,,,,,,,,,,,,,,,,,,,,,,,,,,,,,,,,,,,,,,,,,,,,,,,,,,,,,,,,,,,,,,,,,,
training_event,training,468f03a2-d7c9-4701-abf8-bb2c692f696b,c79b713d-9a4c-4681-ae1a-7005904719ee,2026-09-06T17:11:10.383000+00:00,mouse_move,,,,,421.0,121.21,,,,,,mouse_tracking,,,,,,,,,,,/app/training,dev_3efcf5ab-b59e-49b0-bff6-0ad6a65f645c,,,,,,,,,,,,,,,,,,,,,,,,,,,,,,,,,,,,,,,,,,,,,,,,,,,,,,,,,,,,,,,,,,
training_event,training,468f03a2-d7c9-4701-abf8-bb2c692f696b,c79b713d-9a4c-4681-ae1a-7005904719ee,2026-09-06T17:11:10.402000+00:00,mouse_move,,,,,435.0,125.21,,,,,,mouse_tracking,,,,,,,,,,,/app/training,dev_3efcf5ab-b59e-49b0-bff6-0ad6a65f645c,,,,,,,,,,,,,,,,,,,,,,,,,,,,,,,,,,,,,,,,,,,,,,,,,,,,,,,,,,,,,,,,,,
training_event,training,468f03a2-d7c9-4701-abf8-bb2c692f696b,c79b713d-9a4c-4681-ae1a-7005904719ee,2026-09-06T17:11:10.417000+00:00,mouse_move,,,,,438.0,126.21,,,,,,mouse_tracking,,,,,,,,,,,/app/training,dev_3efcf5ab-b59e-49b0-bff6-0ad6a65f645c,,,,,,,,,,,,,,,,,,,,,,,,,,,,,,,,,,,,,,,,,,,,,,,,,,,,,,,,,,,,,,,,,,
training_event,training,468f03a2-d7c9-4701-abf8-bb2c692f696b,c79b713d-9a4c-4681-ae1a-7005904719ee,2026-09-06T17:11:10.449000+00:00,mouse_move,,,,,439.0,126.21,,,,,,mouse_tracking,,,,,,,,,,,/app/training,dev_3efcf5ab-b59e-49b0-bff6-0ad6a65f645c,,,,,,,,,,,,,,,,,,,,,,,,,,,,,,,,,,,,,,,,,,,,,,,,,,,,,,,,,,,,,,,,,,
training_event,training,468f03a2-d7c9-4701-abf8-bb2c692f696b,c79b713d-9a4c-4681-ae1a-7005904719ee,2026-09-06T17:11:10.635000+00:00,mouse_move,,,,,441.0,126.21,,,,,,mouse_tracking,,,,,,,,,,,/app/training,dev_3efcf5ab-b59e-49b0-bff6-0ad6a65f645c,,,,,,,,,,,,,,,,,,,,,,,,,,,,,,,,,,,,,,,,,,,,,,,,,,,,,,,,,,,,,,,,,,
training_feature,training,468f03a2-d7c9-4701-abf8-bb2c692f696b,ecbdba9b-dd2f-4c4b-a2f5-2e74b1dce2bb,2026-08-13T02:57:49.582000+00:00,derived,,,,,,,,,,,,mouse_tracking,,,,,,,,,,,,,,,,,,,,,,,,0.3192,0.3615,0.000122,1286.24,0.0,972.95,4,1286.24,2026-08-13T02:57:49.582000+00:00,,1286.24,,4.0,,,0.000122,0.3192,0.3615,,,0.0,,,1286.24,,972.95,,,,,,,,,,,,,,,,,,,,,,,,,,,,,
training_feature,training,468f03a2-d7c9-4701-abf8-bb2c692f696b,812b539a-fdd8-4de6-9d6e-d272d5be837c,2026-08-13T05:34:45.963000+00:00,derived,,,,,,,,,,,,repeated_typing,0,0,,,,,,,,,,,,,2.8013,134.07,23.25,338.23,277.38,0.0,0.0,791.3,226.59,,,,,,,,,2026-08-13T05:34:45.963000+00:00,0.0,,0.0,,338.23,134.07,,,,791.3,226.59,,277.38,23.25,,11780.1,,2.8013,,,,,,,,,,,,,,,,,,,,,,,,,,,,
training_feature,training,468f03a2-d7c9-4701-abf8-bb2c692f696b,d5be29d4-3f54-480e-98c3-20983919df8d,2026-08-13T05:35:05.816000+00:00,derived,,,,,,,,,,,,repeated_typing,0,1,,,,,,,,,,,,,2.2082,141.38,26.01,439.76,336.52,0.0286,0.0,772.3,312.21,,,,,,,,,2026-08-13T05:35:05.816000+00:00,0.0286,,0.0,,439.76,141.38,,,,772.3,312.21,,336.52,26.01,,15850.1,,2.2082,,,,,,,,,,,,,,,,,,,,,,,,,,,,
training_feature,training,468f03a2-d7c9-4701-abf8-bb2c692f696b,11f52f7a-68d3-4d53-8c90-7a3fb90317bc,2026-08-13T05:35:32.232000+00:00,derived,,,,,,,,,,,,repeated_typing,0,2,,,,,,,,,,,,,2.7666,142.68,27.04,329.7,230.76,0.0,0.0,700.23,197.27,,,,,,,,,2026-08-13T05:35:32.232000+00:00,0.0,,0.0,,329.7,142.68,,,,700.23,197.27,,230.76,27.04,,11928.0,,2.7666,,,,,,,,,,,,,,,,,,,,,,,,,,,,
training_feature,training,468f03a2-d7c9-4701-abf8-bb2c692f696b,0b2f3ad7-441c-4620-9b89-dfee680e5776,2026-08-13T05:35:53.004000+00:00,derived,,,,,,,,,,,,mouse_tracking,,,,,,,,,,,,,,,,,,,,,,,,0.3158,0.3936,-0.000155,1098.97,0.0,956.34,1,1098.97,2026-08-13T05:35:53.004000+00:00,,1098.97,,1.0,,,-0.000155,0.3158,0.3936,,,0.0,,,1098.97,,956.34,,,,,,,,,,,,,,,,,,,,,,,,,,,,,
training_feature,training,468f03a2-d7c9-4701-abf8-bb2c692f696b,21349e1e-4625-48da-aaa5-ecb6e9f8b47d,2026-08-15T18:40:51.921000+00:00,derived,,,,,,,,,,,,mouse_tracking,,,,,,,,,,,,,,,,,,,,,,,,0.3279,0.3791,7.1e-05,1187.0,0.0,1016.51,3,1187.0,2026-08-15T18:40:51.921000+00:00,,1187.0,,3.0,,,7.1e-05,0.3279,0.3791,,,0.0,,,1187.0,,1016.51,,,,,,,,,,,,,,,,,,,,,,,,,,,,,
training_feature,training,468f03a2-d7c9-4701-abf8-bb2c692f696b,f40819c0-ae47-4719-9f50-81559426100a,2026-08-17T09:52:58.857000+00:00,derived,,,,,,,,,,,,paragraph_typing,0,0,,,,,,,,,,,,,2.646016487521154,138.44662877089732,21.01511338972463,89.86221177961055,7.277498261982558,0.03912631409745306,0.03915401606528334,171.86569131962176,132.88799410947126,1315.318914089004,443.03840547037515,0.6362712693188989,285.9595781717184,147.9509227541601,3544.02349830987,18,716.4852528777658,2026-08-17T09:52:58.857000+00:00,,,,,,139.79133644436786,,1221.274787723157,,,,,,,,,,5.935005761946753,,,,,,,,,,,,,,,,,,,,,,,,,,,,
training_feature,training,468f03a2-d7c9-4701-abf8-bb2c692f696b,193117fc-840d-40a6-9df6-c69e4dc800c3,2026-08-17T09:52:58.857000+00:00,derived,,,,,,,,,,,,controlled_typing,0,0,,,,,,,,,,,,,2.696284159575146,105.0267813070968,37.4034784231582,79.53063203370014,5.400450259644167,0.07892104466211976,0.03713455089412038,465.95088280600703,72.33397713606904,1667.1966828819877,342.39292795748804,1.297689343539768,227.32874710516577,479.5991537083559,6814.425441746389,17,357.5530882168818,2026-08-17T09:52:58.857000+00:00,,,,,,102.61803973077092,,1848.4505133472726,,,,,,,,,,5.441032951525488,,,,,,,,,,,,,,,,,,,,,,,,,,,,
training_feature,training,468f03a2-d7c9-4701-abf8-bb2c692f696b,d99dc7e4-25ba-4fbe-ac2e-802077944d27,2026-08-17T09:52:58.857000+00:00,derived,,,,,,,,,,,,repeated_typing,0,0,,,,,,,,,,,,,5.290195293359694,89.28173138392941,38.06600887788687,92.03493807663801,24.244386811418057,0.025059445197232674,0.01663363191115811,357.9437943852967,190.61856906534763,740.8406953144724,162.14583028684257,2.0297422924204787,692.576247729872,426.13971655115887,23885.330490813358,20,404.6130616011548,2026-08-17T09:52:58.857000+00:00,,,,,,142.62705257942093,,702.1990776890326,,,,,,,,,,5.4955528761994925,,,,,,,,,,,,,,,,,,,,,,,,,,,,
training_feature,training,468f03a2-d7c9-4701-abf8-bb2c692f696b,1547abe4-973c-4941-842b-e564b9281e5c,2026-08-29T10:37:34.257000+00:00,derived,,,,,,,,,,,,mouse_tracking,,,,,,,,,,,,,,,,,,,,,,,,0.168,0.192,9.6e-05,2111.11,0.0,1087.87,5,2111.11,2026-08-29T10:37:34.257000+00:00,,2111.11,,5.0,,,9.6e-05,0.168,0.192,,,0.0,,,2111.11,,1087.87,,,,,,,,,,,,,,,,,,,,,,,,,,,,,
training_feature,training,468f03a2-d7c9-4701-abf8-bb2c692f696b,b731c53e-b93b-4537-8511-fe3d4deabddc,2026-09-06T16:57:20.265000+00:00,derived,,,,,,,,,,,,controlled_typing,0,,,,,,,,,,,,,,3.6561,20.54,5.97,272.45,229.46,0.0769,0.0,731.0,265.19,,,,,,,,,2026-09-06T16:57:20.265000+00:00,0.0769,,0.0,,272.45,20.54,,,,731.0,265.19,,229.46,5.97,,14223.0,,3.6561,,,,,,,,,,,,,,,,,,,,,,,,,,,,
training_feature,training,468f03a2-d7c9-4701-abf8-bb2c692f696b,c79b713d-9a4c-4681-ae1a-7005904719ee,2026-09-06T17:11:15.617000+00:00,derived,,,,,,,,,,,,mouse_tracking,,,,,,,,,,,,,,,,,,,,,,,,0.3689,0.4768,0.000773,1300.81,0.0,1149.13,8,1300.81,2026-09-06T17:11:15.617000+00:00,,1300.81,,8.0,,,0.000773,0.3689,0.4768,,,0.0,,,1300.81,,1149.13,,,,,,,,,,,,,,,,,,,,,,,,,,,,,
behavioral_event,continuous,468f03a2-d7c9-4701-abf8-bb2c692f696b,892182e1-215c-4a77-bb62-02b4c7028887,2026-08-17T03:52:58.211000+00:00,mouse_move,,,,,540.7444458821049,221.92665225356274,-31.92002617699471,-8.070790791113403,1701.5985116124295,,,,,,,,,,,,,,,,,,,,,,,,,,,,,,,,,,,,,,,,,,,,,,,,,,,,,,,,,,,,,,,,,,,,,,,,,,,,,,
behavioral_event,continuous,468f03a2-d7c9-4701-abf8-bb2c692f696b,892182e1-215c-4a77-bb62-02b4c7028887,2026-08-15T05:52:58.211000+00:00,mouse_click,,,,,960.8701832993492,660.3053651089228,-49.42267958821972,-2.376136141327855,543.8618522007208,,,,,,,,,,,,,,,,,,,,,,,,,,,,,,,,,,,,,,,,,,,,,,,,,,,,,,0.13747080464972586,,,,,,,,,1477.2817288125407,,,,,,,,,,,,,,,
behavioral_event,continuous,468f03a2-d7c9-4701-abf8-bb2c692f696b,892182e1-215c-4a77-bb62-02b4c7028887,2026-08-14T17:52:58.211000+00:00,keystroke,66,,90.64834898519604,115.28169401348498,,,,,,,,,,,,,,,,,,,,,,,,,,,,,,,,,,,,,,,,,,,,,,,,,,,,,,,,,,,,,102.1135104297697,,110.06377200800833,,,,,,,,,,,,,,,,,,,,
behavioral_event,continuous,468f03a2-d7c9-4701-abf8-bb2c692f696b,a245bcdd-43a0-45f4-9fb9-96b30280020e,2026-08-16T23:52:58.211000+00:00,mouse_scroll,,,,,,,,65.66916597734581,,,,,,,,,,,,,,,,,,,,,,,,,,,,,,,,,,,,,,,,,,,,,,,,,,,,,,,,,,,,,,,17.183192979087806,,,,,,,,,,,,,,,,
behavioral_event,continuous,468f03a2-d7c9-4701-abf8-bb2c692f696b,a245bcdd-43a0-45f4-9fb9-96b30280020e,2026-08-16T20:52:58.211000+00:00,keystroke,86,,133.88018154993478,130.3422531606109,,,,,,,,,,,,,,,,,,,,,,,,,,,,,,,,,,,,,,,,,,,,,,,,,,,,,,,,,,,,,,,,,,,,,,,,,,,,,,,,,,,
behavioral_event,continuous,468f03a2-d7c9-4701-abf8-bb2c692f696b,a245bcdd-43a0-45f4-9fb9-96b30280020e,2026-08-15T04:52:58.211000+00:00,keystroke,72,,67.7772641622301,124.94796657081397,,,,,,,,,,,,,,,,,,,,,,,,,,,,,,,,,,,,,,,,,,,,,,,,,,,,,,,,,,,,,,,,,,,,,,,,,,,,,,,,,,,
behavioral_event,continuous,468f03a2-d7c9-4701-abf8-bb2c692f696b,a245bcdd-43a0-45f4-9fb9-96b30280020e,2026-08-15T01:52:58.211000+00:00,mouse_click,,,,,135.9414287326879,560.4242568874656,13.238723254026254,-49.244799499285094,1042.1335179075113,,,,,,,,,,,,,,,,,,,,,,,,,,,,,,,,,,,,,,,,,,,,,,,,,,,,,,,,,,,,,,,,,,,,,,,,,,,,,,
behavioral_event,continuous,468f03a2-d7c9-4701-abf8-bb2c692f696b,a245bcdd-43a0-45f4-9fb9-96b30280020e,2026-08-17T05:52:58.211000+00:00,mouse_scroll,,,,,,,,77.06054119076094,,,,,,,,,,,,,,,,,,,,,,,,,,,,,,,,,,,,,,,,,,,,,,,,,,,,,,,,,,,,,,,,,,,,,,,,,,,,,,,
behavioral_event,continuous,468f03a2-d7c9-4701-abf8-bb2c692f696b,bed84938-5c26-4776-a5c1-dfafb616181c,2026-08-16T14:52:58.211000+00:00,mouse_click,,,,,1590.2568336712918,773.3454502959826,-11.91456620793744,-42.965475959279196,1557.1503318836055,,,,,,,,,,,,,,,,,,,,,,,,,,,,,,,,,,,,,,,,,,,,,,,,,,,,,,0.479332424049396,,,,,,,,,964.5956374179294,,,,,,,,,,,,,,,
behavioral_event,continuous,468f03a2-d7c9-4701-abf8-bb2c692f696b,bed84938-5c26-4776-a5c1-dfafb616181c,2026-08-14T13:52:58.211000+00:00,mouse_click,,,,,1165.6727719977605,269.36893787141423,-26.318547200481348,49.79062507534255,1171.0816861707738,,,,,,,,,,,,,,,,,,,,,,,,,,,,,,,,,,,,,,,,,,,,,,,,,,,,,,,,,,,,,,,,,,,,,,,,,,,,,,
behavioral_event,continuous,468f03a2-d7c9-4701-abf8-bb2c692f696b,bed84938-5c26-4776-a5c1-dfafb616181c,2026-08-15T10:52:58.211000+00:00,mouse_move,,,,,537.0119134637062,213.9694982970127,21.494304558066204,21.513225283333227,689.3354518754886,,,,,,,,,,,,,,,,,,,,,,,,,,,,,,,,,,,,,,,,,,,,,,,,,,,,,,,,,,,,,,,,,,,,,,,,,,,,,,
behavioral_event,continuous,468f03a2-d7c9-4701-abf8-bb2c692f696b,bed84938-5c26-4776-a5c1-dfafb616181c,2026-08-16T05:52:58.211000+00:00,mouse_click,,,,,944.3829870687333,766.7075268490127,-1.8867315964237434,44.54484896593918,692.877521560662,,,,,,,,,,,,,,,,,,,,,,,,,,,,,,,,,,,,,,,,,,,,,,,,,,,,,,,,,,,,,,,,,,,,,,,,,,,,,,
behavioral_event,continuous,468f03a2-d7c9-4701-abf8-bb2c692f696b,bed84938-5c26-4776-a5c1-dfafb616181c,2026-08-15T15:52:58.211000+00:00,mouse_move,,,,,293.2499498302961,385.6405276956175,-19.03647647890463,-48.94910594863431,931.2462420762657,,,,,,,,,,,,,,,,,,,,,,,,,,,,,,,,,,,,,,,,,,,,,,,,,,,,,,,,,,,,,,,,,,,,,,,,,,,,,,
behavioral_event,continuous,468f03a2-d7c9-4701-abf8-bb2c692f696b,bed84938-5c26-4776-a5c1-dfafb616181c,2026-08-16T02:52:58.211000+00:00,mouse_move,,,,,154.17470939109742,572.3629141455522,-21.9538253059245,35.24542355703974,266.99371129267183,,,,,,,,,,,,,,,,,,,,,,,,,,,,,,,,,,,,,,,,,,,,,,,,,,,,,,0.15079875589195627,,,,,,,,,1481.8668283509878,,,,,,,,,,,,,,,
behavioral_event,continuous,468f03a2-d7c9-4701-abf8-bb2c692f696b,bed84938-5c26-4776-a5c1-dfafb616181c,2026-08-16T05:52:58.211000+00:00,mouse_move,,,,,913.6574212915147,779.0314303927604,-31.35146607894391,38.900052889460326,872.2452983517136,,,,,,,,,,,,,,,,,,,,,,,,,,,,,,,,,,,,,,,,,,,,,,,,,,,,,,,,,,,,,,,,,,,,,,,,,,,,,,
behavioral_event,continuous,468f03a2-d7c9-4701-abf8-bb2c692f696b,e3b1241c-dc36-4812-ba05-47cbf46120c8,2026-08-16T04:52:58.211000+00:00,mouse_scroll,,,,,,,,48.09036193808811,,,,,,,,,,,,,,,,,,,,,,,,,,,,,,,,,,,,,,,,,,,,,,,,,,,,,,,,,,,,,,,,,,,,,,,,,,,,,,,
behavioral_event,continuous,468f03a2-d7c9-4701-abf8-bb2c692f696b,e3b1241c-dc36-4812-ba05-47cbf46120c8,2026-08-14T10:52:58.211000+00:00,mouse_move,,,,,1605.7976922716891,311.1878164822975,-25.92064438611188,44.74379563905259,1233.0393115830486,,,,,,,,,,,,,,,,,,,,,,,,,,,,,,,,,,,,,,,,,,,,,,,,,,,,,,,,,,,,,,,,,,,,,,,,,,,,,,
behavioral_event,continuous,468f03a2-d7c9-4701-abf8-bb2c692f696b,e3b1241c-dc36-4812-ba05-47cbf46120c8,2026-08-17T05:52:58.211000+00:00,mouse_click,,,,,298.4822700627972,557.2533161283234,-7.851647174991797,46.22604682102042,484.0773065236195,,,,,,,,,,,,,,,,,,,,,,,,,,,,,,,,,,,,,,,,,,,,,,,,,,,,,,,,,,,,,,,,,,,,,,,,,,,,,,
behavioral_event,continuous,468f03a2-d7c9-4701-abf8-bb2c692f696b,e3b1241c-dc36-4812-ba05-47cbf46120c8,2026-08-17T03:52:58.211000+00:00,mouse_click,,,,,1328.2509058554913,527.0732917100843,-0.7431408324450643,12.412759364492267,1053.9958594400118,,,,,,,,,,,,,,,,,,,,,,,,,,,,,,,,,,,,,,,,,,,,,,,,,,,,,,,,,,,,,,,,,,,,,,,,,,,,,,
behavioral_event,continuous,468f03a2-d7c9-4701-abf8-bb2c692f696b,892182e1-215c-4a77-bb62-02b4c7028887,2026-08-17T06:52:58.211000+00:00,mouse_click,,,,,1474.2543095821154,806.6407824921051,15.840461853267328,31.706029241180815,1932.104331704136,,,,,,,,,,,,,,,,,,,,,,,,,,,,,,,,,,,,,,,,,,,,,,,,,,,,,,0.30663550391621486,,,,,,,,,821.2724071868931,,,,,,,,,,,,,,,
behavioral_event,continuous,468f03a2-d7c9-4701-abf8-bb2c692f696b,892182e1-215c-4a77-bb62-02b4c7028887,2026-08-17T08:52:58.211000+00:00,keystroke,75,,83.67721506250822,86.04545722787856,,,,,,,,,,,,,,,,,,,,,,,,,,,,,,,,,,,,,,,,,,,,,,,,,,,,,,,,,,,,,110.19106084144751,,62.66783514719649,,,,,,,,,,,,,,,,,,,,
behavioral_event,continuous,468f03a2-d7c9-4701-abf8-bb2c692f696b,c565b9ef-2cbb-424c-970f-c61fd2e45677,2026-08-16T04:52:58.211000+00:00,mouse_click,,,,,1318.2148169378738,299.2678525325249,-15.31049549142697,41.8709044657443,821.780573898221,,,,,,,,,,,,,,,,,,,,,,,,,,,,,,,,,,,,,,,,,,,,,,,,,,,,,,,,,,,,,,,,,,,,,,,,,,,,,,
behavioral_event,continuous,468f03a2-d7c9-4701-abf8-bb2c692f696b,c565b9ef-2cbb-424c-970f-c61fd2e45677,2026-08-15T14:52:58.211000+00:00,mouse_move,,,,,781.6816219802581,168.35714743156302,13.972065819462145,-40.51636668941995,155.93386994998468,,,,,,,,,,,,,,,,,,,,,,,,,,,,,,,,,,,,,,,,,,,,,,,,,,,,,,0.35534308226799405,,,,,,,,,1367.120493076064,,,,,,,,,,,,,,,
behavioral_event,continuous,468f03a2-d7c9-4701-abf8-bb2c692f696b,c565b9ef-2cbb-424c-970f-c61fd2e45677,2026-08-15T08:52:58.211000+00:00,mouse_scroll,,,,,,,,1.9527444226779664,,,,,,,,,,,,,,,,,,,,,,,,,,,,,,,,,,,,,,,,,,,,,,,,,,,,,,,,,,,,,,,14.22901281626281,,,,,,,,,,,,,,,,
behavioral_event,continuous,468f03a2-d7c9-4701-abf8-bb2c692f696b,a245bcdd-43a0-45f4-9fb9-96b30280020e,2026-08-16T04:52:58.211000+00:00,keystroke,70,,192.29748413475895,64.89902829204918,,,,,,,,,,,,,,,,,,,,,,,,,,,,,,,,,,,,,,,,,,,,,,,,,,,,,,,,,,,,,,,,,,,,,,,,,,,,,,,,,,,
behavioral_event,continuous,468f03a2-d7c9-4701-abf8-bb2c692f696b,a245bcdd-43a0-45f4-9fb9-96b30280020e,2026-08-16T23:52:58.211000+00:00,mouse_scroll,,,,,,,,-47.33030578827871,,,,,,,,,,,,,,,,,,,,,,,,,,,,,,,,,,,,,,,,,,,,,,,,,,,,,,,,,,,,,,,,,,,,,,,,,,,,,,,
behavioral_event,continuous,468f03a2-d7c9-4701-abf8-bb2c692f696b,bed84938-5c26-4776-a5c1-dfafb616181c,2026-08-16T17:52:58.211000+00:00,mouse_move,,,,,1647.437789861351,100.88451815156327,15.059782480780669,-14.468008318401559,909.4862481027035,,,,,,,,,,,,,,,,,,,,,,,,,,,,,,,,,,,,,,,,,,,,,,,,,,,,,,,,,,,,,,,,,,,,,,,,,,,,,,
behavioral_event,continuous,468f03a2-d7c9-4701-abf8-bb2c692f696b,bed84938-5c26-4776-a5c1-dfafb616181c,2026-08-16T22:52:58.211000+00:00,mouse_move,,,,,364.9314499463534,789.2917558818749,-10.106255779416493,-15.115063824540464,1433.747769640163,,,,,,,,,,,,,,,,,,,,,,,,,,,,,,,,,,,,,,,,,,,,,,,,,,,,,,,,,,,,,,,,,,,,,,,,,,,,,,
behavioral_event,continuous,468f03a2-d7c9-4701-abf8-bb2c692f696b,bed84938-5c26-4776-a5c1-dfafb616181c,2026-08-14T21:52:58.211000+00:00,mouse_move,,,,,1489.8233883970913,376.93660788172105,43.167383982891266,33.60753283558111,1766.1997832704803,,,,,,,,,,,,,,,,,,,,,,,,,,,,,,,,,,,,,,,,,,,,,,,,,,,,,,,,,,,,,,,,,,,,,,,,,,,,,,
behavioral_event,continuous,468f03a2-d7c9-4701-abf8-bb2c692f696b,e3b1241c-dc36-4812-ba05-47cbf46120c8,2026-08-14T22:52:58.211000+00:00,mouse_scroll,,,,,,,,-29.206230001787986,,,,,,,,,,,,,,,,,,,,,,,,,,,,,,,,,,,,,,,,,,,,,,,,,,,,,,,,,,,,,,,8.141847861607062,,,,,,,,,,,,,,,,
behavioral_event,continuous,468f03a2-d7c9-4701-abf8-bb2c692f696b,e3b1241c-dc36-4812-ba05-47cbf46120c8,2026-08-16T20:52:58.211000+00:00,keystroke,89,,93.84857369127192,125.48481088883092,,,,,,,,,,,,,,,,,,,,,,,,,,,,,,,,,,,,,,,,,,,,,,,,,,,,,,,,,,,,,,,,,,,,,,,,,,,,,,,,,,,
behavioral_event,continuous,468f03a2-d7c9-4701-abf8-bb2c692f696b,892182e1-215c-4a77-bb62-02b4c7028887,2026-08-16T21:52:58.211000+00:00,mouse_move,,,,,1524.1369048863967,382.4824178961146,28.604760965564807,-13.01605780914479,953.0396459628818,,,,,,,,,,,,,,,,,,,,,,,,,,,,,,,,,,,,,,,,,,,,,,,,,,,,,,,,,,,,,,,,,,,,,,,,,,,,,,
behavioral_event,continuous,468f03a2-d7c9-4701-abf8-bb2c692f696b,892182e1-215c-4a77-bb62-02b4c7028887,2026-08-14T13:52:58.211000+00:00,keystroke,76,,86.43887495335392,69.24154058522831,,,,,,,,,,,,,,,,,,,,,,,,,,,,,,,,,,,,,,,,,,,,,,,,,,,,,,,,,,,,,,,,,,,,,,,,,,,,,,,,,,,
behavioral_event,continuous,468f03a2-d7c9-4701-abf8-bb2c692f696b,a245bcdd-43a0-45f4-9fb9-96b30280020e,2026-08-16T10:52:58.211000+00:00,mouse_click,,,,,1475.6905184021466,200.57045836131158,35.5645046121485,21.236923296638224,1721.106087806201,,,,,,,,,,,,,,,,,,,,,,,,,,,,,,,,,,,,,,,,,,,,,,,,,,,,,,,,,,,,,,,,,,,,,,,,,,,,,,
behavioral_event,continuous,468f03a2-d7c9-4701-abf8-bb2c692f696b,bed84938-5c26-4776-a5c1-dfafb616181c,2026-08-15T08:52:58.211000+00:00,mouse_scroll,,,,,,,,22.1144365589373,,,,,,,,,,,,,,,,,,,,,,,,,,,,,,,,,,,,,,,,,,,,,,,,,,,,,,,,,,,,,,,25.86680700845787,,,,,,,,,,,,,,,,
behavioral_event,continuous,468f03a2-d7c9-4701-abf8-bb2c692f696b,bed84938-5c26-4776-a5c1-dfafb616181c,2026-08-17T08:52:58.211000+00:00,mouse_scroll,,,,,,,,-90.70582674490366,,,,,,,,,,,,,,,,,,,,,,,,,,,,,,,,,,,,,,,,,,,,,,,,,,,,,,,,,,,,,,,,,,,,,,,,,,,,,,,
behavioral_event,continuous,468f03a2-d7c9-4701-abf8-bb2c692f696b,e3b1241c-dc36-4812-ba05-47cbf46120c8,2026-08-16T09:52:58.211000+00:00,mouse_scroll,,,,,,,,-87.39480831247057,,,,,,,,,,,,,,,,,,,,,,,,,,,,,,,,,,,,,,,,,,,,,,,,,,,,,,,,,,,,,,,,,,,,,,,,,,,,,,,
behavioral_event,continuous,468f03a2-d7c9-4701-abf8-bb2c692f696b,892182e1-215c-4a77-bb62-02b4c7028887,2026-08-15T06:52:58.211000+00:00,keystroke,76,,61.312343853093566,83.48921832853864,,,,,,,,,,,,,,,,,,,,,,,,,,,,,,,,,,,,,,,,,,,,,,,,,,,,,,,,,,,,,86.71338853797118,,99.25717730963063,,,,,,,,,,,,,,,,,,,,
behavioral_event,continuous,468f03a2-d7c9-4701-abf8-bb2c692f696b,c565b9ef-2cbb-424c-970f-c61fd2e45677,2026-08-17T08:52:58.211000+00:00,mouse_move,,,,,869.2347407175607,564.1466976277964,11.674734865794655,16.47318814341571,540.5444340498165,,,,,,,,,,,,,,,,,,,,,,,,,,,,,,,,,,,,,,,,,,,,,,,,,,,,,,,,,,,,,,,,,,,,,,,,,,,,,,
behavioral_event,continuous,468f03a2-d7c9-4701-abf8-bb2c692f696b,bed84938-5c26-4776-a5c1-dfafb616181c,2026-08-16T13:52:58.211000+00:00,mouse_click,,,,,1384.571672417654,677.8009942419311,16.604482164437485,45.90873350388978,634.3063532239636,,,,,,,,,,,,,,,,,,,,,,,,,,,,,,,,,,,,,,,,,,,,,,,,,,,,,,,,,,,,,,,,,,,,,,,,,,,,,,
behavioral_event,continuous,468f03a2-d7c9-4701-abf8-bb2c692f696b,bed84938-5c26-4776-a5c1-dfafb616181c,2026-08-15T23:52:58.211000+00:00,mouse_click,,,,,1186.6935148809519,340.5342951696829,-10.734515060567183,-42.82837392801403,1662.6216031199774,,,,,,,,,,,,,,,,,,,,,,,,,,,,,,,,,,,,,,,,,,,,,,,,,,,,,,,,,,,,,,,,,,,,,,,,,,,,,,
behavioral_event,continuous,468f03a2-d7c9-4701-abf8-bb2c692f696b,bed84938-5c26-4776-a5c1-dfafb616181c,2026-08-15T01:52:58.211000+00:00,mouse_scroll,,,,,,,,-66.37048559486871,,,,,,,,,,,,,,,,,,,,,,,,,,,,,,,,,,,,,,,,,,,,,,,,,,,,,,,,,,,,,,,,,,,,,,,,,,,,,,,
behavioral_event,continuous,468f03a2-d7c9-4701-abf8-bb2c692f696b,e3b1241c-dc36-4812-ba05-47cbf46120c8,2026-08-17T06:52:58.211000+00:00,keystroke,70,,182.81905431199107,52.19547299904519,,,,,,,,,,,,,,,,,,,,,,,,,,,,,,,,,,,,,,,,,,,,,,,,,,,,,,,,,,,,,,,,,,,,,,,,,,,,,,,,,,,
behavioral_event,continuous,468f03a2-d7c9-4701-abf8-bb2c692f696b,e3b1241c-dc36-4812-ba05-47cbf46120c8,2026-08-14T23:52:58.211000+00:00,keystroke,90,,84.1551389903731,117.52915342330935,,,,,,,,,,,,,,,,,,,,,,,,,,,,,,,,,,,,,,,,,,,,,,,,,,,,,,,,,,,,,,,,,,,,,,,,,,,,,,,,,,,
behavioral_event,continuous,468f03a2-d7c9-4701-abf8-bb2c692f696b,e3b1241c-dc36-4812-ba05-47cbf46120c8,2026-08-14T18:52:58.211000+00:00,mouse_scroll,,,,,,,,-63.0510153111665,,,,,,,,,,,,,,,,,,,,,,,,,,,,,,,,,,,,,,,,,,,,,,,,,,,,,,,,,,,,,,,50.172394352570194,,,,,,,,,,,,,,,,
behavioral_event,continuous,468f03a2-d7c9-4701-abf8-bb2c692f696b,e3b1241c-dc36-4812-ba05-47cbf46120c8,2026-08-15T16:52:58.211000+00:00,mouse_move,,,,,405.14376909999334,688.8890593762221,41.78508402633395,-6.5505786395515315,1183.1080913247624,,,,,,,,,,,,,,,,,,,,,,,,,,,,,,,,,,,,,,,,,,,,,,,,,,,,,,,,,,,,,,,,,,,,,,,,,,,,,,
behavioral_event,continuous,468f03a2-d7c9-4701-abf8-bb2c692f696b,e3b1241c-dc36-4812-ba05-47cbf46120c8,2026-08-16T22:52:58.211000+00:00,mouse_click,,,,,1480.5206512611956,162.943749869991,1.8885392898670759,-37.98453449891878,1901.864431020483,,,,,,,,,,,,,,,,,,,,,,,,,,,,,,,,,,,,,,,,,,,,,,,,,,,,,,0.480709731709801,,,,,,,,,955.8746447275912,,,,,,,,,,,,,,,
behavioral_event,continuous,468f03a2-d7c9-4701-abf8-bb2c692f696b,e3b1241c-dc36-4812-ba05-47cbf46120c8,2026-08-16T04:52:58.211000+00:00,mouse_click,,,,,1026.6206133687192,818.3407548858926,6.28173667159205,30.35548192297324,347.0728577501915,,,,,,,,,,,,,,,,,,,,,,,,,,,,,,,,,,,,,,,,,,,,,,,,,,,,,,0.38520347926539,,,,,,,,,1397.084100691499,,,,,,,,,,,,,,,
behavioral_event,continuous,468f03a2-d7c9-4701-abf8-bb2c692f696b,e3b1241c-dc36-4812-ba05-47cbf46120c8,2026-08-14T16:52:58.211000+00:00,keystroke,72,,89.92406045962586,102.62962926201791,,,,,,,,,,,,,,,,,,,,,,,,,,,,,,,,,,,,,,,,,,,,,,,,,,,,,,,,,,,,,,,,,,,,,,,,,,,,,,,,,,,
behavioral_event,continuous,468f03a2-d7c9-4701-abf8-bb2c692f696b,892182e1-215c-4a77-bb62-02b4c7028887,2026-08-16T21:52:58.211000+00:00,keystroke,89,,128.8044210961186,43.69572201543599,,,,,,,,,,,,,,,,,,,,,,,,,,,,,,,,,,,,,,,,,,,,,,,,,,,,,,,,,,,,,,,,,,,,,,,,,,,,,,,,,,,
behavioral_event,continuous,468f03a2-d7c9-4701-abf8-bb2c692f696b,892182e1-215c-4a77-bb62-02b4c7028887,2026-08-16T04:52:58.211000+00:00,mouse_click,,,,,1097.0804772632516,577.9589113898919,-29.80559887459917,-7.228099944654353,1674.272334585127,,,,,,,,,,,,,,,,,,,,,,,,,,,,,,,,,,,,,,,,,,,,,,,,,,,,,,,,,,,,,,,,,,,,,,,,,,,,,,
behavioral_event,continuous,468f03a2-d7c9-4701-abf8-bb2c692f696b,892182e1-215c-4a77-bb62-02b4c7028887,2026-08-16T20:52:58.211000+00:00,mouse_move,,,,,1547.9035301442736,665.9798591127341,-30.005302557450165,-5.874803271622255,855.1521938764724,,,,,,,,,,,,,,,,,,,,,,,,,,,,,,,,,,,,,,,,,,,,,,,,,,,,,,,,,,,,,,,,,,,,,,,,,,,,,,
behavioral_event,continuous,468f03a2-d7c9-4701-abf8-bb2c692f696b,892182e1-215c-4a77-bb62-02b4c7028887,2026-08-14T22:52:58.211000+00:00,mouse_click,,,,,995.8418748007831,305.6666952787458,5.064907940275589,15.453581937374565,1665.5767238385758,,,,,,,,,,,,,,,,,,,,,,,,,,,,,,,,,,,,,,,,,,,,,,,,,,,,,,,,,,,,,,,,,,,,,,,,,,,,,,
behavioral_event,continuous,468f03a2-d7c9-4701-abf8-bb2c692f696b,c565b9ef-2cbb-424c-970f-c61fd2e45677,2026-08-14T19:52:58.211000+00:00,mouse_move,,,,,1029.399687572803,433.99896431171845,8.403009915370582,-45.05373668927023,1009.010531890454,,,,,,,,,,,,,,,,,,,,,,,,,,,,,,,,,,,,,,,,,,,,,,,,,,,,,,0.3683267538688292,,,,,,,,,999.8096419117319,,,,,,,,,,,,,,,
behavioral_event,continuous,468f03a2-d7c9-4701-abf8-bb2c692f696b,c565b9ef-2cbb-424c-970f-c61fd2e45677,2026-08-15T10:52:58.211000+00:00,mouse_click,,,,,343.07001062854556,736.2859892663516,-34.547859068067,-37.29426273361499,509.9977971247826,,,,,,,,,,,,,,,,,,,,,,,,,,,,,,,,,,,,,,,,,,,,,,,,,,,,,,,,,,,,,,,,,,,,,,,,,,,,,,
behavioral_event,continuous,468f03a2-d7c9-4701-abf8-bb2c692f696b,c565b9ef-2cbb-424c-970f-c61fd2e45677,2026-08-14T23:52:58.211000+00:00,mouse_click,,,,,595.0573624045704,503.7677322498654,18.063733430165968,-48.77022373912025,485.4469962916236,,,,,,,,,,,,,,,,,,,,,,,,,,,,,,,,,,,,,,,,,,,,,,,,,,,,,,,,,,,,,,,,,,,,,,,,,,,,,,
behavioral_event,continuous,468f03a2-d7c9-4701-abf8-bb2c692f696b,c565b9ef-2cbb-424c-970f-c61fd2e45677,2026-08-14T21:52:58.211000+00:00,keystroke,84,,97.97006457500723,64.73704298137662,,,,,,,,,,,,,,,,,,,,,,,,,,,,,,,,,,,,,,,,,,,,,,,,,,,,,,,,,,,,,80.2960858440988,,54.573018430157006,,,,,,,,,,,,,,,,,,,,
behavioral_event,continuous,468f03a2-d7c9-4701-abf8-bb2c692f696b,bed84938-5c26-4776-a5c1-dfafb616181c,2026-08-14T18:52:58.211000+00:00,mouse_scroll,,,,,,,,-24.017361718042125,,,,,,,,,,,,,,,,,,,,,,,,,,,,,,,,,,,,,,,,,,,,,,,,,,,,,,,,,,,,,,,,,,,,,,,,,,,,,,,
behavioral_event,continuous,468f03a2-d7c9-4701-abf8-bb2c692f696b,bed84938-5c26-4776-a5c1-dfafb616181c,2026-08-16T10:52:58.211000+00:00,mouse_click,,,,,686.9662489130473,460.72857830412903,-38.10992714168149,-38.558166405545514,1338.43233210821,,,,,,,,,,,,,,,,,,,,,,,,,,,,,,,,,,,,,,,,,,,,,,,,,,,,,,,,,,,,,,,,,,,,,,,,,,,,,,
behavioral_event,continuous,468f03a2-d7c9-4701-abf8-bb2c692f696b,bed84938-5c26-4776-a5c1-dfafb616181c,2026-08-17T08:52:58.211000+00:00,mouse_click,,,,,230.50213182257224,820.8887360309692,27.946535000879067,2.7737044696461197,1757.5023484576536,,,,,,,,,,,,,,,,,,,,,,,,,,,,,,,,,,,,,,,,,,,,,,,,,,,,,,,,,,,,,,,,,,,,,,,,,,,,,,
behavioral_event,continuous,468f03a2-d7c9-4701-abf8-bb2c692f696b,bed84938-5c26-4776-a5c1-dfafb616181c,2026-08-15T10:52:58.211000+00:00,mouse_move,,,,,481.89859058560506,641.6273660403488,2.2135691915495244,-35.36635060401289,1648.6158713659847,,,,,,,,,,,,,,,,,,,,,,,,,,,,,,,,,,,,,,,,,,,,,,,,,,,,,,,,,,,,,,,,,,,,,,,,,,,,,,
behavioral_event,continuous,468f03a2-d7c9-4701-abf8-bb2c692f696b,bed84938-5c26-4776-a5c1-dfafb616181c,2026-08-14T17:52:58.211000+00:00,mouse_move,,,,,1645.1493215831256,667.1149588795223,-12.999088988292208,43.37396189317896,630.6714602875251,,,,,,,,,,,,,,,,,,,,,,,,,,,,,,,,,,,,,,,,,,,,,,,,,,,,,,,,,,,,,,,,,,,,,,,,,,,,,,
behavioral_event,continuous,468f03a2-d7c9-4701-abf8-bb2c692f696b,e3b1241c-dc36-4812-ba05-47cbf46120c8,2026-08-16T05:52:58.211000+00:00,keystroke,78,,54.45110035356065,71.85073260284051,,,,,,,,,,,,,,,,,,,,,,,,,,,,,,,,,,,,,,,,,,,,,,,,,,,,,,,,,,,,,,,,,,,,,,,,,,,,,,,,,,,
behavioral_event,continuous,468f03a2-d7c9-4701-abf8-bb2c692f696b,e3b1241c-dc36-4812-ba05-47cbf46120c8,2026-08-15T08:52:58.211000+00:00,keystroke,74,,126.14679890550688,46.333470970288886,,,,,,,,,,,,,,,,,,,,,,,,,,,,,,,,,,,,,,,,,,,,,,,,,,,,,,,,,,,,,,,,,,,,,,,,,,,,,,,,,,,
behavioral_event,continuous,468f03a2-d7c9-4701-abf8-bb2c692f696b,c565b9ef-2cbb-424c-970f-c61fd2e45677,2026-08-16T15:52:58.211000+00:00,keystroke,87,,68.78109777696429,121.12287827216176,,,,,,,,,,,,,,,,,,,,,,,,,,,,,,,,,,,,,,,,,,,,,,,,,,,,,,,,,,,,,,,,,,,,,,,,,,,,,,,,,,,
behavioral_event,continuous,468f03a2-d7c9-4701-abf8-bb2c692f696b,c565b9ef-2cbb-424c-970f-c61fd2e45677,2026-08-17T02:52:58.211000+00:00,keystroke,66,,136.0853952445653,141.9673556992645,,,,,,,,,,,,,,,,,,,,,,,,,,,,,,,,,,,,,,,,,,,,,,,,,,,,,,,,,,,,,84.18738645868987,,101.5663799260189,,,,,,,,,,,,,,,,,,,,
behavioral_event,continuous,468f03a2-d7c9-4701-abf8-bb2c692f696b,a245bcdd-43a0-45f4-9fb9-96b30280020e,2026-08-16T03:52:58.211000+00:00,mouse_click,,,,,717.0097979242502,161.75448150055072,47.43891084891362,-41.13121199489487,281.5919044347752,,,,,,,,,,,,,,,,,,,,,,,,,,,,,,,,,,,,,,,,,,,,,,,,,,,,,,0.38188877327239334,,,,,,,,,818.8706755735943,,,,,,,,,,,,,,,
behavioral_event,continuous,468f03a2-d7c9-4701-abf8-bb2c692f696b,a245bcdd-43a0-45f4-9fb9-96b30280020e,2026-08-16T00:52:58.211000+00:00,mouse_scroll,,,,,,,,74.88330188524782,,,,,,,,,,,,,,,,,,,,,,,,,,,,,,,,,,,,,,,,,,,,,,,,,,,,,,,,,,,,,,,,,,,,,,,,,,,,,,,
behavioral_event,continuous,468f03a2-d7c9-4701-abf8-bb2c692f696b,bed84938-5c26-4776-a5c1-dfafb616181c,2026-08-15T23:52:58.211000+00:00,keystroke,67,,66.47768042898684,138.18158716056007,,,,,,,,,,,,,,,,,,,,,,,,,,,,,,,,,,,,,,,,,,,,,,,,,,,,,,,,,,,,,,,,,,,,,,,,,,,,,,,,,,,
behavioral_event,continuous,468f03a2-d7c9-4701-abf8-bb2c692f696b,e3b1241c-dc36-4812-ba05-47cbf46120c8,2026-08-16T23:52:58.211000+00:00,mouse_scroll,,,,,,,,20.625600062131923,,,,,,,,,,,,,,,,,,,,,,,,,,,,,,,,,,,,,,,,,,,,,,,,,,,,,,,,,,,,,,,65.75324937569468,,,,,,,,,,,,,,,,
behavioral_event,continuous,468f03a2-d7c9-4701-abf8-bb2c692f696b,e3b1241c-dc36-4812-ba05-47cbf46120c8,2026-08-17T07:52:58.211000+00:00,mouse_scroll,,,,,,,,-37.99957886570351,,,,,,,,,,,,,,,,,,,,,,,,,,,,,,,,,,,,,,,,,,,,,,,,,,,,,,,,,,,,,,,68.74836754398683,,,,,,,,,,,,,,,,
behavioral_event,continuous,468f03a2-d7c9-4701-abf8-bb2c692f696b,c565b9ef-2cbb-424c-970f-c61fd2e45677,2026-08-14T19:52:58.211000+00:00,mouse_scroll,,,,,,,,-32.763976600653336,,,,,,,,,,,,,,,,,,,,,,,,,,,,,,,,,,,,,,,,,,,,,,,,,,,,,,,,,,,,,,,34.80707525790446,,,,,,,,,,,,,,,,
behavioral_event,continuous,468f03a2-d7c9-4701-abf8-bb2c692f696b,a245bcdd-43a0-45f4-9fb9-96b30280020e,2026-08-15T10:52:58.211000+00:00,mouse_scroll,,,,,,,,-74.22868147467838,,,,,,,,,,,,,,,,,,,,,,,,,,,,,,,,,,,,,,,,,,,,,,,,,,,,,,,,,,,,,,,88.80443334287202,,,,,,,,,,,,,,,,
behavioral_event,continuous,468f03a2-d7c9-4701-abf8-bb2c692f696b,a245bcdd-43a0-45f4-9fb9-96b30280020e,2026-08-15T14:52:58.211000+00:00,mouse_click,,,,,655.7704198293828,359.52976574983086,-19.42294290923169,4.265893365686523,489.92566830121876,,,,,,,,,,,,,,,,,,,,,,,,,,,,,,,,,,,,,,,,,,,,,,,,,,,,,,0.26291370404655057,,,,,,,,,1450.5672289317145,,,,,,,,,,,,,,,
behavioral_event,continuous,468f03a2-d7c9-4701-abf8-bb2c692f696b,a245bcdd-43a0-45f4-9fb9-96b30280020e,2026-08-15T06:52:58.211000+00:00,mouse_move,,,,,1125.7571020451282,489.3359592053617,-21.13847423456381,30.833432184866112,781.3374116283484,,,,,,,,,,,,,,,,,,,,,,,,,,,,,,,,,,,,,,,,,,,,,,,,,,,,,,,,,,,,,,,,,,,,,,,,,,,,,,
behavioral_event,continuous,468f03a2-d7c9-4701-abf8-bb2c692f696b,a245bcdd-43a0-45f4-9fb9-96b30280020e,2026-08-16T07:52:58.211000+00:00,mouse_click,,,,,1758.4749826231598,754.608137399756,-26.035054870249684,-43.29762968467374,1042.7674385872988,,,,,,,,,,,,,,,,,,,,,,,,,,,,,,,,,,,,,,,,,,,,,,,,,,,,,,0.47759062779733963,,,,,,,,,1099.3839479933188,,,,,,,,,,,,,,,
behavioral_event,continuous,468f03a2-d7c9-4701-abf8-bb2c692f696b,a245bcdd-43a0-45f4-9fb9-96b30280020e,2026-08-17T05:52:58.211000+00:00,mouse_move,,,,,1183.2147492700585,280.08985578202544,-12.82424312323289,29.999189209228376,388.67837675544797,,,,,,,,,,,,,,,,,,,,,,,,,,,,,,,,,,,,,,,,,,,,,,,,,,,,,,,,,,,,,,,,,,,,,,,,,,,,,,
behavioral_event,continuous,468f03a2-d7c9-4701-abf8-bb2c692f696b,bed84938-5c26-4776-a5c1-dfafb616181c,2026-08-16T05:52:58.211000+00:00,mouse_click,,,,,1161.997581722142,482.9850526003157,-20.679279883749825,-43.666582026744514,629.8452808417811,,,,,,,,,,,,,,,,,,,,,,,,,,,,,,,,,,,,,,,,,,,,,,,,,,,,,,,,,,,,,,,,,,,,,,,,,,,,,,
behavioral_event,continuous,468f03a2-d7c9-4701-abf8-bb2c692f696b,bed84938-5c26-4776-a5c1-dfafb616181c,2026-08-14T12:52:58.211000+00:00,keystroke,71,,111.58451859514912,43.52598970811397,,,,,,,,,,,,,,,,,,,,,,,,,,,,,,,,,,,,,,,,,,,,,,,,,,,,,,,,,,,,,103.47714187858287,,89.8845622422966,,,,,,,,,,,,,,,,,,,,
behavioral_event,continuous,468f03a2-d7c9-4701-abf8-bb2c692f696b,bed84938-5c26-4776-a5c1-dfafb616181c,2026-08-15T12:52:58.211000+00:00,mouse_move,,,,,1541.462049484888,871.5825659433939,-24.899479956351268,25.513492085621237,708.4226571702463,,,,,,,,,,,,,,,,,,,,,,,,,,,,,,,,,,,,,,,,,,,,,,,,,,,,,,,,,,,,,,,,,,,,,,,,,,,,,,
behavioral_event,continuous,468f03a2-d7c9-4701-abf8-bb2c692f696b,e3b1241c-dc36-4812-ba05-47cbf46120c8,2026-08-15T15:52:58.211000+00:00,mouse_scroll,,,,,,,,53.49582346398404,,,,,,,,,,,,,,,,,,,,,,,,,,,,,,,,,,,,,,,,,,,,,,,,,,,,,,,,,,,,,,,,,,,,,,,,,,,,,,,
behavioral_event,continuous,468f03a2-d7c9-4701-abf8-bb2c692f696b,e3b1241c-dc36-4812-ba05-47cbf46120c8,2026-08-17T09:52:58.211000+00:00,mouse_scroll,,,,,,,,16.604776226661272,,,,,,,,,,,,,,,,,,,,,,,,,,,,,,,,,,,,,,,,,,,,,,,,,,,,,,,,,,,,,,,,,,,,,,,,,,,,,,,
behavioral_event,continuous,468f03a2-d7c9-4701-abf8-bb2c692f696b,e3b1241c-dc36-4812-ba05-47cbf46120c8,2026-08-15T23:52:58.211000+00:00,mouse_move,,,,,1129.8763660973825,333.96710864220677,29.231780672332647,34.29687012636195,1590.077363920718,,,,,,,,,,,,,,,,,,,,,,,,,,,,,,,,,,,,,,,,,,,,,,,,,,,,,,0.4953618174504748,,,,,,,,,541.9637301844137,,,,,,,,,,,,,,,
behavioral_event,continuous,468f03a2-d7c9-4701-abf8-bb2c692f696b,892182e1-215c-4a77-bb62-02b4c7028887,2026-08-15T05:52:58.211000+00:00,mouse_click,,,,,1563.9660432090704,224.13472745297548,34.52816802192238,22.266482246673476,1798.0851534514345,,,,,,,,,,,,,,,,,,,,,,,,,,,,,,,,,,,,,,,,,,,,,,,,,,,,,,,,,,,,,,,,,,,,,,,,,,,,,,
behavioral_event,continuous,468f03a2-d7c9-4701-abf8-bb2c692f696b,c565b9ef-2cbb-424c-970f-c61fd2e45677,2026-08-15T15:52:58.211000+00:00,keystroke,67,,107.61520120464405,144.7793977349706,,,,,,,,,,,,,,,,,,,,,,,,,,,,,,,,,,,,,,,,,,,,,,,,,,,,,,,,,,,,,,,,,,,,,,,,,,,,,,,,,,,
behavioral_event,continuous,468f03a2-d7c9-4701-abf8-bb2c692f696b,a245bcdd-43a0-45f4-9fb9-96b30280020e,2026-08-15T10:52:58.211000+00:00,mouse_click,,,,,644.1789219733382,715.2561228174113,-11.381821228283428,-4.501872413396271,1814.5162384103082,,,,,,,,,,,,,,,,,,,,,,,,,,,,,,,,,,,,,,,,,,,,,,,,,,,,,,,,,,,,,,,,,,,,,,,,,,,,,,
behavioral_event,continuous,468f03a2-d7c9-4701-abf8-bb2c692f696b,a245bcdd-43a0-45f4-9fb9-96b30280020e,2026-08-16T02:52:58.211000+00:00,keystroke,84,,191.51017497873352,33.212203017027385,,,,,,,,,,,,,,,,,,,,,,,,,,,,,,,,,,,,,,,,,,,,,,,,,,,,,,,,,,,,,,,,,,,,,,,,,,,,,,,,,,,
behavioral_event,continuous,468f03a2-d7c9-4701-abf8-bb2c692f696b,a245bcdd-43a0-45f4-9fb9-96b30280020e,2026-08-16T03:52:58.211000+00:00,mouse_click,,,,,1062.720729594952,787.7080666645915,-0.2093429287323687,30.179785093200678,152.05006980804706,,,,,,,,,,,,,,,,,,,,,,,,,,,,,,,,,,,,,,,,,,,,,,,,,,,,,,,,,,,,,,,,,,,,,,,,,,,,,,
behavioral_event,continuous,468f03a2-d7c9-4701-abf8-bb2c692f696b,a245bcdd-43a0-45f4-9fb9-96b30280020e,2026-08-16T23:52:58.211000+00:00,mouse_scroll,,,,,,,,-97.24243724527028,,,,,,,,,,,,,,,,,,,,,,,,,,,,,,,,,,,,,,,,,,,,,,,,,,,,,,,,,,,,,,,35.37532213326638,,,,,,,,,,,,,,,,
behavioral_event,continuous,468f03a2-d7c9-4701-abf8-bb2c692f696b,a245bcdd-43a0-45f4-9fb9-96b30280020e,2026-08-15T05:52:58.211000+00:00,mouse_scroll,,,,,,,,-88.80577054975691,,,,,,,,,,,,,,,,,,,,,,,,,,,,,,,,,,,,,,,,,,,,,,,,,,,,,,,,,,,,,,,6.222682841612027,,,,,,,,,,,,,,,,
behavioral_event,continuous,468f03a2-d7c9-4701-abf8-bb2c692f696b,a245bcdd-43a0-45f4-9fb9-96b30280020e,2026-08-15T11:52:58.211000+00:00,mouse_click,,,,,925.0858376962495,366.6334951696288,18.49540892246766,-48.32795177073662,1999.2886720336442,,,,,,,,,,,,,,,,,,,,,,,,,,,,,,,,,,,,,,,,,,,,,,,,,,,,,,,,,,,,,,,,,,,,,,,,,,,,,,
behavioral_event,continuous,468f03a2-d7c9-4701-abf8-bb2c692f696b,bed84938-5c26-4776-a5c1-dfafb616181c,2026-08-16T10:52:58.211000+00:00,mouse_move,,,,,1709.834156294936,425.9375796271616,-5.0283690868426305,-16.486954858094208,441.30989755948957,,,,,,,,,,,,,,,,,,,,,,,,,,,,,,,,,,,,,,,,,,,,,,,,,,,,,,0.24817408677560762,,,,,,,,,846.6828107434958,,,,,,,,,,,,,,,
behavioral_event,continuous,468f03a2-d7c9-4701-abf8-bb2c692f696b,bed84938-5c26-4776-a5c1-dfafb616181c,2026-08-15T05:52:58.211000+00:00,mouse_click,,,,,1319.6977018549367,738.5792610523499,8.478908319028264,-40.98039302889721,293.377253966461,,,,,,,,,,,,,,,,,,,,,,,,,,,,,,,,,,,,,,,,,,,,,,,,,,,,,,,,,,,,,,,,,,,,,,,,,,,,,,
behavioral_event,continuous,468f03a2-d7c9-4701-abf8-bb2c692f696b,bed84938-5c26-4776-a5c1-dfafb616181c,2026-08-15T15:52:58.211000+00:00,mouse_click,,,,,1375.91387660706,867.6254284386571,-42.57441505779328,-42.125713260857964,666.7334880418647,,,,,,,,,,,,,,,,,,,,,,,,,,,,,,,,,,,,,,,,,,,,,,,,,,,,,,,,,,,,,,,,,,,,,,,,,,,,,,
behavioral_event,continuous,468f03a2-d7c9-4701-abf8-bb2c692f696b,bed84938-5c26-4776-a5c1-dfafb616181c,2026-08-15T18:52:58.211000+00:00,mouse_scroll,,,,,,,,-51.48103083990174,,,,,,,,,,,,,,,,,,,,,,,,,,,,,,,,,,,,,,,,,,,,,,,,,,,,,,,,,,,,,,,,,,,,,,,,,,,,,,,
behavioral_event,continuous,468f03a2-d7c9-4701-abf8-bb2c692f696b,bed84938-5c26-4776-a5c1-dfafb616181c,2026-08-17T08:52:58.211000+00:00,mouse_scroll,,,,,,,,-13.377711942402797,,,,,,,,,,,,,,,,,,,,,,,,,,,,,,,,,,,,,,,,,,,,,,,,,,,,,,,,,,,,,,,,,,,,,,,,,,,,,,,
behavioral_event,continuous,468f03a2-d7c9-4701-abf8-bb2c692f696b,e3b1241c-dc36-4812-ba05-47cbf46120c8,2026-08-15T14:52:58.211000+00:00,mouse_move,,,,,1354.580788701032,113.24368079245986,16.727521688984197,25.518099730945963,644.2185216657541,,,,,,,,,,,,,,,,,,,,,,,,,,,,,,,,,,,,,,,,,,,,,,,,,,,,,,,,,,,,,,,,,,,,,,,,,,,,,,
behavioral_event,continuous,468f03a2-d7c9-4701-abf8-bb2c692f696b,e3b1241c-dc36-4812-ba05-47cbf46120c8,2026-08-14T19:52:58.211000+00:00,keystroke,81,,117.60663463881585,123.95087517112978,,,,,,,,,,,,,,,,,,,,,,,,,,,,,,,,,,,,,,,,,,,,,,,,,,,,,,,,,,,,,,,,,,,,,,,,,,,,,,,,,,,
behavioral_event,continuous,468f03a2-d7c9-4701-abf8-bb2c692f696b,e3b1241c-dc36-4812-ba05-47cbf46120c8,2026-08-16T05:52:58.211000+00:00,mouse_scroll,,,,,,,,95.60172104946375,,,,,,,,,,,,,,,,,,,,,,,,,,,,,,,,,,,,,,,,,,,,,,,,,,,,,,,,,,,,,,,,,,,,,,,,,,,,,,,
behavioral_event,continuous,468f03a2-d7c9-4701-abf8-bb2c692f696b,e3b1241c-dc36-4812-ba05-47cbf46120c8,2026-08-14T11:52:58.211000+00:00,keystroke,70,,134.47764206191522,83.29270926392354,,,,,,,,,,,,,,,,,,,,,,,,,,,,,,,,,,,,,,,,,,,,,,,,,,,,,,,,,,,,,,,,,,,,,,,,,,,,,,,,,,,
behavioral_event,continuous,468f03a2-d7c9-4701-abf8-bb2c692f696b,892182e1-215c-4a77-bb62-02b4c7028887,2026-08-17T00:52:58.211000+00:00,keystroke,74,,120.83876205811104,41.60995395720734,,,,,,,,,,,,,,,,,,,,,,,,,,,,,,,,,,,,,,,,,,,,,,,,,,,,,,,,,,,,,,,,,,,,,,,,,,,,,,,,,,,
behavioral_event,continuous,468f03a2-d7c9-4701-abf8-bb2c692f696b,c565b9ef-2cbb-424c-970f-c61fd2e45677,2026-08-16T11:52:58.211000+00:00,mouse_click,,,,,698.4328744279442,104.37639758032597,39.756703215532056,-10.95244902262047,1640.8043317491909,,,,,,,,,,,,,,,,,,,,,,,,,,,,,,,,,,,,,,,,,,,,,,,,,,,,,,,,,,,,,,,,,,,,,,,,,,,,,,
behavioral_event,continuous,468f03a2-d7c9-4701-abf8-bb2c692f696b,a245bcdd-43a0-45f4-9fb9-96b30280020e,2026-08-14T14:52:58.211000+00:00,mouse_move,,,,,1297.393145437886,583.0564188616984,43.41934035860946,39.257022176008206,1014.9820535412417,,,,,,,,,,,,,,,,,,,,,,,,,,,,,,,,,,,,,,,,,,,,,,,,,,,,,,0.20373728194584226,,,,,,,,,580.954672685806,,,,,,,,,,,,,,,
behavioral_event,continuous,468f03a2-d7c9-4701-abf8-bb2c692f696b,a245bcdd-43a0-45f4-9fb9-96b30280020e,2026-08-17T01:52:58.211000+00:00,mouse_move,,,,,604.9028341811884,392.9932117548042,-23.621299857765422,17.91121736744809,274.91847697965386,,,,,,,,,,,,,,,,,,,,,,,,,,,,,,,,,,,,,,,,,,,,,,,,,,,,,,0.11390633695282082,,,,,,,,,676.3846504840525,,,,,,,,,,,,,,,
behavioral_event,continuous,468f03a2-d7c9-4701-abf8-bb2c692f696b,bed84938-5c26-4776-a5c1-dfafb616181c,2026-08-14T18:52:58.211000+00:00,keystroke,69,,196.96647433051552,61.04337095044076,,,,,,,,,,,,,,,,,,,,,,,,,,,,,,,,,,,,,,,,,,,,,,,,,,,,,,,,,,,,,,,,,,,,,,,,,,,,,,,,,,,
behavioral_event,continuous,468f03a2-d7c9-4701-abf8-bb2c692f696b,bed84938-5c26-4776-a5c1-dfafb616181c,2026-08-15T04:52:58.211000+00:00,mouse_scroll,,,,,,,,-49.11448779367274,,,,,,,,,,,,,,,,,,,,,,,,,,,,,,,,,,,,,,,,,,,,,,,,,,,,,,,,,,,,,,,,,,,,,,,,,,,,,,,
behavioral_event,continuous,468f03a2-d7c9-4701-abf8-bb2c692f696b,bed84938-5c26-4776-a5c1-dfafb616181c,2026-08-16T03:52:58.211000+00:00,keystroke,82,,162.21798075092843,129.6337164942172,,,,,,,,,,,,,,,,,,,,,,,,,,,,,,,,,,,,,,,,,,,,,,,,,,,,,,,,,,,,,135.64420923671705,,113.65341641747185,,,,,,,,,,,,,,,,,,,,
behavioral_event,continuous,468f03a2-d7c9-4701-abf8-bb2c692f696b,e3b1241c-dc36-4812-ba05-47cbf46120c8,2026-08-14T20:52:58.211000+00:00,mouse_click,,,,,175.3465870508376,819.9220694645089,-15.97983998105552,-22.03314178884337,1457.852989926243,,,,,,,,,,,,,,,,,,,,,,,,,,,,,,,,,,,,,,,,,,,,,,,,,,,,,,,,,,,,,,,,,,,,,,,,,,,,,,
behavioral_event,continuous,468f03a2-d7c9-4701-abf8-bb2c692f696b,e3b1241c-dc36-4812-ba05-47cbf46120c8,2026-08-14T16:52:58.211000+00:00,keystroke,89,,148.35072614191904,31.914439308016327,,,,,,,,,,,,,,,,,,,,,,,,,,,,,,,,,,,,,,,,,,,,,,,,,,,,,,,,,,,,,115.63822814653557,,76.61821145928211,,,,,,,,,,,,,,,,,,,,
behavioral_event,continuous,468f03a2-d7c9-4701-abf8-bb2c692f696b,892182e1-215c-4a77-bb62-02b4c7028887,2026-08-17T09:52:58.211000+00:00,mouse_move,,,,,1042.1689746656843,587.8320507434248,10.527148566138777,8.288629856613596,299.4049401810943,,,,,,,,,,,,,,,,,,,,,,,,,,,,,,,,,,,,,,,,,,,,,,,,,,,,,,,,,,,,,,,,,,,,,,,,,,,,,,
behavioral_event,continuous,468f03a2-d7c9-4701-abf8-bb2c692f696b,c565b9ef-2cbb-424c-970f-c61fd2e45677,2026-08-15T02:52:58.211000+00:00,keystroke,81,,63.975429955323456,101.89363239935216,,,,,,,,,,,,,,,,,,,,,,,,,,,,,,,,,,,,,,,,,,,,,,,,,,,,,,,,,,,,,,,,,,,,,,,,,,,,,,,,,,,
behavioral_event,continuous,468f03a2-d7c9-4701-abf8-bb2c692f696b,a245bcdd-43a0-45f4-9fb9-96b30280020e,2026-08-17T05:52:58.211000+00:00,mouse_scroll,,,,,,,,-84.28029608895355,,,,,,,,,,,,,,,,,,,,,,,,,,,,,,,,,,,,,,,,,,,,,,,,,,,,,,,,,,,,,,,,,,,,,,,,,,,,,,,
behavioral_event,continuous,468f03a2-d7c9-4701-abf8-bb2c692f696b,a245bcdd-43a0-45f4-9fb9-96b30280020e,2026-08-16T05:52:58.211000+00:00,keystroke,73,,115.03559729353852,118.11032209407989,,,,,,,,,,,,,,,,,,,,,,,,,,,,,,,,,,,,,,,,,,,,,,,,,,,,,,,,,,,,,,,,,,,,,,,,,,,,,,,,,,,
behavioral_event,continuous,468f03a2-d7c9-4701-abf8-bb2c692f696b,a245bcdd-43a0-45f4-9fb9-96b30280020e,2026-08-14T21:52:58.211000+00:00,keystroke,81,,91.39660167398883,119.32040932409878,,,,,,,,,,,,,,,,,,,,,,,,,,,,,,,,,,,,,,,,,,,,,,,,,,,,,,,,,,,,,,,,,,,,,,,,,,,,,,,,,,,
behavioral_event,continuous,468f03a2-d7c9-4701-abf8-bb2c692f696b,bed84938-5c26-4776-a5c1-dfafb616181c,2026-08-16T07:52:58.211000+00:00,mouse_scroll,,,,,,,,-39.085579372391344,,,,,,,,,,,,,,,,,,,,,,,,,,,,,,,,,,,,,,,,,,,,,,,,,,,,,,,,,,,,,,,,,,,,,,,,,,,,,,,
behavioral_event,continuous,468f03a2-d7c9-4701-abf8-bb2c692f696b,e3b1241c-dc36-4812-ba05-47cbf46120c8,2026-08-15T16:52:58.211000+00:00,keystroke,87,,198.09701674136315,91.7145058862679,,,,,,,,,,,,,,,,,,,,,,,,,,,,,,,,,,,,,,,,,,,,,,,,,,,,,,,,,,,,,,,,,,,,,,,,,,,,,,,,,,,
behavioral_event,continuous,468f03a2-d7c9-4701-abf8-bb2c692f696b,e3b1241c-dc36-4812-ba05-47cbf46120c8,2026-08-16T10:52:58.211000+00:00,keystroke,87,,110.60622000341651,58.8512295306161,,,,,,,,,,,,,,,,,,,,,,,,,,,,,,,,,,,,,,,,,,,,,,,,,,,,,,,,,,,,,,,,,,,,,,,,,,,,,,,,,,,
behavioral_event,continuous,468f03a2-d7c9-4701-abf8-bb2c692f696b,892182e1-215c-4a77-bb62-02b4c7028887,2026-08-14T10:52:58.211000+00:00,mouse_scroll,,,,,,,,6.17693338170983,,,,,,,,,,,,,,,,,,,,,,,,,,,,,,,,,,,,,,,,,,,,,,,,,,,,,,,,,,,,,,,27.411770778154334,,,,,,,,,,,,,,,,
behavioral_event,continuous,468f03a2-d7c9-4701-abf8-bb2c692f696b,892182e1-215c-4a77-bb62-02b4c7028887,2026-08-14T10:52:58.211000+00:00,mouse_scroll,,,,,,,,5.061974495365135,,,,,,,,,,,,,,,,,,,,,,,,,,,,,,,,,,,,,,,,,,,,,,,,,,,,,,,,,,,,,,,,,,,,,,,,,,,,,,,
behavioral_event,continuous,468f03a2-d7c9-4701-abf8-bb2c692f696b,892182e1-215c-4a77-bb62-02b4c7028887,2026-08-16T11:52:58.211000+00:00,mouse_move,,,,,1179.0101113301744,771.3581222972789,28.63565009714266,44.69471215428814,1524.057004440892,,,,,,,,,,,,,,,,,,,,,,,,,,,,,,,,,,,,,,,,,,,,,,,,,,,,,,,,,,,,,,,,,,,,,,,,,,,,,,
behavioral_event,continuous,468f03a2-d7c9-4701-abf8-bb2c692f696b,892182e1-215c-4a77-bb62-02b4c7028887,2026-08-16T07:52:58.211000+00:00,mouse_click,,,,,1571.311957310411,410.93297145524934,6.268500726244362,-1.9549593505428149,1612.3710879066243,,,,,,,,,,,,,,,,,,,,,,,,,,,,,,,,,,,,,,,,,,,,,,,,,,,,,,,,,,,,,,,,,,,,,,,,,,,,,,
behavioral_event,continuous,468f03a2-d7c9-4701-abf8-bb2c692f696b,c565b9ef-2cbb-424c-970f-c61fd2e45677,2026-08-15T19:52:58.211000+00:00,mouse_scroll,,,,,,,,26.42376970070184,,,,,,,,,,,,,,,,,,,,,,,,,,,,,,,,,,,,,,,,,,,,,,,,,,,,,,,,,,,,,,,,,,,,,,,,,,,,,,,
behavioral_event,continuous,468f03a2-d7c9-4701-abf8-bb2c692f696b,a245bcdd-43a0-45f4-9fb9-96b30280020e,2026-08-15T15:52:58.211000+00:00,keystroke,85,,55.98063487802041,38.85830300319219,,,,,,,,,,,,,,,,,,,,,,,,,,,,,,,,,,,,,,,,,,,,,,,,,,,,,,,,,,,,,,,,,,,,,,,,,,,,,,,,,,,
behavioral_event,continuous,468f03a2-d7c9-4701-abf8-bb2c692f696b,a245bcdd-43a0-45f4-9fb9-96b30280020e,2026-08-16T06:52:58.211000+00:00,keystroke,77,,72.61983093478243,79.55892579644298,,,,,,,,,,,,,,,,,,,,,,,,,,,,,,,,,,,,,,,,,,,,,,,,,,,,,,,,,,,,,98.25154002736585,,76.00330232513747,,,,,,,,,,,,,,,,,,,,
behavioral_event,continuous,468f03a2-d7c9-4701-abf8-bb2c692f696b,bed84938-5c26-4776-a5c1-dfafb616181c,2026-08-16T13:52:58.211000+00:00,mouse_scroll,,,,,,,,-17.37802148829053,,,,,,,,,,,,,,,,,,,,,,,,,,,,,,,,,,,,,,,,,,,,,,,,,,,,,,,,,,,,,,,,,,,,,,,,,,,,,,,
behavioral_event,continuous,468f03a2-d7c9-4701-abf8-bb2c692f696b,bed84938-5c26-4776-a5c1-dfafb616181c,2026-08-17T07:52:58.211000+00:00,mouse_click,,,,,297.02490758313274,223.9191373210782,-10.84492139902887,-25.420487513309997,555.7903126324106,,,,,,,,,,,,,,,,,,,,,,,,,,,,,,,,,,,,,,,,,,,,,,,,,,,,,,,,,,,,,,,,,,,,,,,,,,,,,,
behavioral_event,continuous,468f03a2-d7c9-4701-abf8-bb2c692f696b,e3b1241c-dc36-4812-ba05-47cbf46120c8,2026-08-15T14:52:58.211000+00:00,mouse_click,,,,,1527.224260539177,207.38313113589265,-13.804090136116578,-41.24902932939043,1789.6645614587644,,,,,,,,,,,,,,,,,,,,,,,,,,,,,,,,,,,,,,,,,,,,,,,,,,,,,,0.28950372838819594,,,,,,,,,1337.8183130837679,,,,,,,,,,,,,,,
behavioral_event,continuous,468f03a2-d7c9-4701-abf8-bb2c692f696b,e3b1241c-dc36-4812-ba05-47cbf46120c8,2026-08-14T22:52:58.211000+00:00,mouse_scroll,,,,,,,,-61.40032515193339,,,,,,,,,,,,,,,,,,,,,,,,,,,,,,,,,,,,,,,,,,,,,,,,,,,,,,,,,,,,,,,,,,,,,,,,,,,,,,,
behavioral_event,continuous,468f03a2-d7c9-4701-abf8-bb2c692f696b,892182e1-215c-4a77-bb62-02b4c7028887,2026-08-16T01:52:58.211000+00:00,mouse_click,,,,,1137.7769905223543,139.3941806845561,16.71841311545353,-24.705958151184838,376.589833620417,,,,,,,,,,,,,,,,,,,,,,,,,,,,,,,,,,,,,,,,,,,,,,,,,,,,,,,,,,,,,,,,,,,,,,,,,,,,,,
behavioral_event,continuous,468f03a2-d7c9-4701-abf8-bb2c692f696b,892182e1-215c-4a77-bb62-02b4c7028887,2026-08-16T04:52:58.211000+00:00,mouse_click,,,,,215.16222161888294,373.01486885899885,-41.12385020867873,23.20145118832643,1226.3520144636298,,,,,,,,,,,,,,,,,,,,,,,,,,,,,,,,,,,,,,,,,,,,,,,,,,,,,,,,,,,,,,,,,,,,,,,,,,,,,,
behavioral_event,continuous,468f03a2-d7c9-4701-abf8-bb2c692f696b,892182e1-215c-4a77-bb62-02b4c7028887,2026-08-15T21:52:58.211000+00:00,mouse_move,,,,,1724.9017267333295,417.76573805884044,38.98373275063322,-24.163380805330515,143.39535225335987,,,,,,,,,,,,,,,,,,,,,,,,,,,,,,,,,,,,,,,,,,,,,,,,,,,,,,,,,,,,,,,,,,,,,,,,,,,,,,
behavioral_event,continuous,468f03a2-d7c9-4701-abf8-bb2c692f696b,892182e1-215c-4a77-bb62-02b4c7028887,2026-08-16T19:52:58.211000+00:00,keystroke,85,,122.80623689302631,59.35809823827888,,,,,,,,,,,,,,,,,,,,,,,,,,,,,,,,,,,,,,,,,,,,,,,,,,,,,,,,,,,,,,,,,,,,,,,,,,,,,,,,,,,
behavioral_event,continuous,468f03a2-d7c9-4701-abf8-bb2c692f696b,892182e1-215c-4a77-bb62-02b4c7028887,2026-08-16T17:52:58.211000+00:00,mouse_click,,,,,1661.0833760938606,805.8725836090135,25.78778076173556,-26.40424289041572,263.8232946469483,,,,,,,,,,,,,,,,,,,,,,,,,,,,,,,,,,,,,,,,,,,,,,,,,,,,,,0.12268114278878804,,,,,,,,,1301.5498187764679,,,,,,,,,,,,,,,
behavioral_event,continuous,468f03a2-d7c9-4701-abf8-bb2c692f696b,c565b9ef-2cbb-424c-970f-c61fd2e45677,2026-08-16T08:52:58.211000+00:00,mouse_click,,,,,1772.4669986951083,531.3517900645461,48.26626898094089,-22.15434446477955,1973.281395501837,,,,,,,,,,,,,,,,,,,,,,,,,,,,,,,,,,,,,,,,,,,,,,,,,,,,,,0.1627916724199152,,,,,,,,,750.0384361333736,,,,,,,,,,,,,,,
behavioral_event,continuous,468f03a2-d7c9-4701-abf8-bb2c692f696b,c565b9ef-2cbb-424c-970f-c61fd2e45677,2026-08-16T21:52:58.211000+00:00,keystroke,69,,76.88012400576783,82.50988464158362,,,,,,,,,,,,,,,,,,,,,,,,,,,,,,,,,,,,,,,,,,,,,,,,,,,,,,,,,,,,,135.04415877831036,,88.48877733932065,,,,,,,,,,,,,,,,,,,,
behavioral_event,continuous,468f03a2-d7c9-4701-abf8-bb2c692f696b,a245bcdd-43a0-45f4-9fb9-96b30280020e,2026-08-16T21:52:58.211000+00:00,mouse_scroll,,,,,,,,-21.26593805541212,,,,,,,,,,,,,,,,,,,,,,,,,,,,,,,,,,,,,,,,,,,,,,,,,,,,,,,,,,,,,,,,,,,,,,,,,,,,,,,
behavioral_event,continuous,468f03a2-d7c9-4701-abf8-bb2c692f696b,bed84938-5c26-4776-a5c1-dfafb616181c,2026-08-16T03:52:58.211000+00:00,keystroke,90,,158.52015260933865,49.275085285837264,,,,,,,,,,,,,,,,,,,,,,,,,,,,,,,,,,,,,,,,,,,,,,,,,,,,,,,,,,,,,,,,,,,,,,,,,,,,,,,,,,,
behavioral_event,continuous,468f03a2-d7c9-4701-abf8-bb2c692f696b,bed84938-5c26-4776-a5c1-dfafb616181c,2026-08-15T09:52:58.211000+00:00,keystroke,78,,72.66788033675421,109.95575212895449,,,,,,,,,,,,,,,,,,,,,,,,,,,,,,,,,,,,,,,,,,,,,,,,,,,,,,,,,,,,,,,,,,,,,,,,,,,,,,,,,,,
behavioral_event,continuous,468f03a2-d7c9-4701-abf8-bb2c692f696b,bed84938-5c26-4776-a5c1-dfafb616181c,2026-08-15T20:52:58.211000+00:00,mouse_move,,,,,1743.412087817751,762.4145034548269,-12.035602592937714,35.72762042433692,1362.923507671221,,,,,,,,,,,,,,,,,,,,,,,,,,,,,,,,,,,,,,,,,,,,,,,,,,,,,,0.46821435321976845,,,,,,,,,1375.7854923870068,,,,,,,,,,,,,,,
behavioral_event,continuous,468f03a2-d7c9-4701-abf8-bb2c692f696b,bed84938-5c26-4776-a5c1-dfafb616181c,2026-08-15T12:52:58.211000+00:00,keystroke,77,,118.3150751914741,106.77050914788576,,,,,,,,,,,,,,,,,,,,,,,,,,,,,,,,,,,,,,,,,,,,,,,,,,,,,,,,,,,,,,,,,,,,,,,,,,,,,,,,,,,
behavioral_event,continuous,468f03a2-d7c9-4701-abf8-bb2c692f696b,e3b1241c-dc36-4812-ba05-47cbf46120c8,2026-08-17T01:52:58.211000+00:00,mouse_move,,,,,1299.7968343823056,135.1038495153266,38.43256028251636,-43.460082568782084,611.2393146191225,,,,,,,,,,,,,,,,,,,,,,,,,,,,,,,,,,,,,,,,,,,,,,,,,,,,,,0.374303652721212,,,,,,,,,1443.728169156045,,,,,,,,,,,,,,,
behavioral_event,continuous,468f03a2-d7c9-4701-abf8-bb2c692f696b,e3b1241c-dc36-4812-ba05-47cbf46120c8,2026-08-16T13:52:58.211000+00:00,mouse_scroll,,,,,,,,-11.438323079106837,,,,,,,,,,,,,,,,,,,,,,,,,,,,,,,,,,,,,,,,,,,,,,,,,,,,,,,,,,,,,,,,,,,,,,,,,,,,,,,
behavioral_event,continuous,468f03a2-d7c9-4701-abf8-bb2c692f696b,c565b9ef-2cbb-424c-970f-c61fd2e45677,2026-08-16T01:52:58.211000+00:00,keystroke,85,,102.82044713450554,125.95966503156599,,,,,,,,,,,,,,,,,,,,,,,,,,,,,,,,,,,,,,,,,,,,,,,,,,,,,,,,,,,,,107.00185811762317,,82.00430580517286,,,,,,,,,,,,,,,,,,,,
behavioral_event,continuous,468f03a2-d7c9-4701-abf8-bb2c692f696b,c565b9ef-2cbb-424c-970f-c61fd2e45677,2026-08-15T05:52:58.211000+00:00,mouse_scroll,,,,,,,,-33.32357644470743,,,,,,,,,,,,,,,,,,,,,,,,,,,,,,,,,,,,,,,,,,,,,,,,,,,,,,,,,,,,,,,,,,,,,,,,,,,,,,,
behavioral_event,continuous,468f03a2-d7c9-4701-abf8-bb2c692f696b,a245bcdd-43a0-45f4-9fb9-96b30280020e,2026-08-14T14:52:58.211000+00:00,mouse_click,,,,,1770.8147496693002,896.5608877464942,23.778473434615606,10.056051194990502,1002.6795818277965,,,,,,,,,,,,,,,,,,,,,,,,,,,,,,,,,,,,,,,,,,,,,,,,,,,,,,,,,,,,,,,,,,,,,,,,,,,,,,
behavioral_event,continuous,468f03a2-d7c9-4701-abf8-bb2c692f696b,bed84938-5c26-4776-a5c1-dfafb616181c,2026-08-16T03:52:58.211000+00:00,keystroke,88,,148.06150057029618,66.8312860658172,,,,,,,,,,,,,,,,,,,,,,,,,,,,,,,,,,,,,,,,,,,,,,,,,,,,,,,,,,,,,,,,,,,,,,,,,,,,,,,,,,,
behavioral_event,continuous,468f03a2-d7c9-4701-abf8-bb2c692f696b,bed84938-5c26-4776-a5c1-dfafb616181c,2026-08-15T08:52:58.211000+00:00,mouse_click,,,,,364.7361628449313,654.1428826402292,-8.21189996396663,-14.70461839195356,969.499670152415,,,,,,,,,,,,,,,,,,,,,,,,,,,,,,,,,,,,,,,,,,,,,,,,,,,,,,0.45393431605289647,,,,,,,,,879.1230876702202,,,,,,,,,,,,,,,
behavioral_event,continuous,468f03a2-d7c9-4701-abf8-bb2c692f696b,e3b1241c-dc36-4812-ba05-47cbf46120c8,2026-08-14T20:52:58.211000+00:00,mouse_scroll,,,,,,,,78.49268230987246,,,,,,,,,,,,,,,,,,,,,,,,,,,,,,,,,,,,,,,,,,,,,,,,,,,,,,,,,,,,,,,42.78237661955278,,,,,,,,,,,,,,,,
behavioral_event,continuous,468f03a2-d7c9-4701-abf8-bb2c692f696b,e3b1241c-dc36-4812-ba05-47cbf46120c8,2026-08-15T14:52:58.211000+00:00,mouse_scroll,,,,,,,,-96.62131783902697,,,,,,,,,,,,,,,,,,,,,,,,,,,,,,,,,,,,,,,,,,,,,,,,,,,,,,,,,,,,,,,45.285389301696036,,,,,,,,,,,,,,,,
behavioral_event,continuous,468f03a2-d7c9-4701-abf8-bb2c692f696b,e3b1241c-dc36-4812-ba05-47cbf46120c8,2026-08-16T17:52:58.211000+00:00,mouse_scroll,,,,,,,,73.12891874075024,,,,,,,,,,,,,,,,,,,,,,,,,,,,,,,,,,,,,,,,,,,,,,,,,,,,,,,,,,,,,,,,,,,,,,,,,,,,,,,
behavioral_event,continuous,468f03a2-d7c9-4701-abf8-bb2c692f696b,892182e1-215c-4a77-bb62-02b4c7028887,2026-08-14T13:52:58.211000+00:00,mouse_click,,,,,273.09494050981857,195.88183169631998,21.636031253450156,0.33228602369673865,597.8733632090873,,,,,,,,,,,,,,,,,,,,,,,,,,,,,,,,,,,,,,,,,,,,,,,,,,,,,,,,,,,,,,,,,,,,,,,,,,,,,,
behavioral_event,continuous,468f03a2-d7c9-4701-abf8-bb2c692f696b,c565b9ef-2cbb-424c-970f-c61fd2e45677,2026-08-16T05:52:58.211000+00:00,mouse_move,,,,,1334.6745576808657,690.9543116190493,45.39374305799703,-44.46869163867792,107.58540042553193,,,,,,,,,,,,,,,,,,,,,,,,,,,,,,,,,,,,,,,,,,,,,,,,,,,,,,,,,,,,,,,,,,,,,,,,,,,,,,
behavioral_event,continuous,468f03a2-d7c9-4701-abf8-bb2c692f696b,c565b9ef-2cbb-424c-970f-c61fd2e45677,2026-08-15T08:52:58.211000+00:00,mouse_move,,,,,1128.9892950685833,843.7785367278133,-14.30100941779515,-20.517934013314807,1322.8868498462302,,,,,,,,,,,,,,,,,,,,,,,,,,,,,,,,,,,,,,,,,,,,,,,,,,,,,,,,,,,,,,,,,,,,,,,,,,,,,,
behavioral_event,continuous,468f03a2-d7c9-4701-abf8-bb2c692f696b,c565b9ef-2cbb-424c-970f-c61fd2e45677,2026-08-16T22:52:58.211000+00:00,mouse_scroll,,,,,,,,-87.29156010492443,,,,,,,,,,,,,,,,,,,,,,,,,,,,,,,,,,,,,,,,,,,,,,,,,,,,,,,,,,,,,,,,,,,,,,,,,,,,,,,
behavioral_event,continuous,468f03a2-d7c9-4701-abf8-bb2c692f696b,bed84938-5c26-4776-a5c1-dfafb616181c,2026-08-14T13:52:58.211000+00:00,mouse_click,,,,,1118.4718500948552,866.566027328365,38.663124951647404,22.4416824497918,925.8725739553253,,,,,,,,,,,,,,,,,,,,,,,,,,,,,,,,,,,,,,,,,,,,,,,,,,,,,,,,,,,,,,,,,,,,,,,,,,,,,,
behavioral_event,continuous,468f03a2-d7c9-4701-abf8-bb2c692f696b,bed84938-5c26-4776-a5c1-dfafb616181c,2026-08-14T09:52:58.211000+00:00,mouse_scroll,,,,,,,,-97.44126658940544,,,,,,,,,,,,,,,,,,,,,,,,,,,,,,,,,,,,,,,,,,,,,,,,,,,,,,,,,,,,,,,75.26672265918657,,,,,,,,,,,,,,,,
behavioral_event,continuous,468f03a2-d7c9-4701-abf8-bb2c692f696b,bed84938-5c26-4776-a5c1-dfafb616181c,2026-08-15T21:52:58.211000+00:00,mouse_move,,,,,1755.2824860566732,625.0571114060617,42.89270909050427,33.08141378878108,112.74783367347526,,,,,,,,,,,,,,,,,,,,,,,,,,,,,,,,,,,,,,,,,,,,,,,,,,,,,,,,,,,,,,,,,,,,,,,,,,,,,,
behavioral_event,continuous,468f03a2-d7c9-4701-abf8-bb2c692f696b,bed84938-5c26-4776-a5c1-dfafb616181c,2026-08-17T09:52:58.211000+00:00,mouse_scroll,,,,,,,,-35.62554816759696,,,,,,,,,,,,,,,,,,,,,,,,,,,,,,,,,,,,,,,,,,,,,,,,,,,,,,,,,,,,,,,14.310602960774133,,,,,,,,,,,,,,,,
behavioral_event,continuous,468f03a2-d7c9-4701-abf8-bb2c692f696b,bed84938-5c26-4776-a5c1-dfafb616181c,2026-08-14T21:52:58.211000+00:00,keystroke,82,,150.28653454716505,149.74385594687868,,,,,,,,,,,,,,,,,,,,,,,,,,,,,,,,,,,,,,,,,,,,,,,,,,,,,,,,,,,,,,,,,,,,,,,,,,,,,,,,,,,
behavioral_event,continuous,468f03a2-d7c9-4701-abf8-bb2c692f696b,e3b1241c-dc36-4812-ba05-47cbf46120c8,2026-08-15T21:52:58.211000+00:00,mouse_scroll,,,,,,,,-26.99035382659703,,,,,,,,,,,,,,,,,,,,,,,,,,,,,,,,,,,,,,,,,,,,,,,,,,,,,,,,,,,,,,,76.20937629142887,,,,,,,,,,,,,,,,
behavioral_event,continuous,468f03a2-d7c9-4701-abf8-bb2c692f696b,e3b1241c-dc36-4812-ba05-47cbf46120c8,2026-08-16T02:52:58.211000+00:00,mouse_move,,,,,1476.545352365907,511.89124610978973,17.273426352954317,39.578265609010955,1125.6482088287758,,,,,,,,,,,,,,,,,,,,,,,,,,,,,,,,,,,,,,,,,,,,,,,,,,,,,,,,,,,,,,,,,,,,,,,,,,,,,,
behavioral_event,continuous,468f03a2-d7c9-4701-abf8-bb2c692f696b,c565b9ef-2cbb-424c-970f-c61fd2e45677,2026-08-17T03:52:58.211000+00:00,mouse_scroll,,,,,,,,-79.65766083961894,,,,,,,,,,,,,,,,,,,,,,,,,,,,,,,,,,,,,,,,,,,,,,,,,,,,,,,,,,,,,,,,,,,,,,,,,,,,,,,
behavioral_event,continuous,468f03a2-d7c9-4701-abf8-bb2c692f696b,a245bcdd-43a0-45f4-9fb9-96b30280020e,2026-08-15T11:52:58.211000+00:00,mouse_click,,,,,893.9333474999659,105.51474977124498,-49.97439554842854,38.95987788453013,1569.3511960885648,,,,,,,,,,,,,,,,,,,,,,,,,,,,,,,,,,,,,,,,,,,,,,,,,,,,,,,,,,,,,,,,,,,,,,,,,,,,,,
behavioral_event,continuous,468f03a2-d7c9-4701-abf8-bb2c692f696b,a245bcdd-43a0-45f4-9fb9-96b30280020e,2026-08-15T19:52:58.211000+00:00,mouse_click,,,,,1785.0280274164916,807.9963753083532,-17.077259174967175,34.692772592861374,1021.0777137283404,,,,,,,,,,,,,,,,,,,,,,,,,,,,,,,,,,,,,,,,,,,,,,,,,,,,,,,,,,,,,,,,,,,,,,,,,,,,,,
behavioral_event,continuous,468f03a2-d7c9-4701-abf8-bb2c692f696b,a245bcdd-43a0-45f4-9fb9-96b30280020e,2026-08-16T04:52:58.211000+00:00,mouse_move,,,,,1613.4914302755437,690.4601408581818,14.127116847100169,3.3467412833200214,1321.5039812434698,,,,,,,,,,,,,,,,,,,,,,,,,,,,,,,,,,,,,,,,,,,,,,,,,,,,,,,,,,,,,,,,,,,,,,,,,,,,,,
behavioral_event,continuous,468f03a2-d7c9-4701-abf8-bb2c692f696b,a245bcdd-43a0-45f4-9fb9-96b30280020e,2026-08-16T02:52:58.211000+00:00,mouse_click,,,,,127.2498939213146,153.02492034942938,11.82900521831047,-48.268282159794396,1771.581370481098,,,,,,,,,,,,,,,,,,,,,,,,,,,,,,,,,,,,,,,,,,,,,,,,,,,,,,,,,,,,,,,,,,,,,,,,,,,,,,
behavioral_event,continuous,468f03a2-d7c9-4701-abf8-bb2c692f696b,a245bcdd-43a0-45f4-9fb9-96b30280020e,2026-08-16T06:52:58.211000+00:00,mouse_click,,,,,657.9753953090691,745.4801852938108,14.0124767399453,44.91813793472778,1204.653496008882,,,,,,,,,,,,,,,,,,,,,,,,,,,,,,,,,,,,,,,,,,,,,,,,,,,,,,,,,,,,,,,,,,,,,,,,,,,,,,
behavioral_event,continuous,468f03a2-d7c9-4701-abf8-bb2c692f696b,a245bcdd-43a0-45f4-9fb9-96b30280020e,2026-08-16T20:52:58.211000+00:00,mouse_move,,,,,470.3348891853404,252.62838107239202,-11.93576517091315,28.371213865655704,1910.2508489849786,,,,,,,,,,,,,,,,,,,,,,,,,,,,,,,,,,,,,,,,,,,,,,,,,,,,,,0.18257423063038353,,,,,,,,,582.2961274571084,,,,,,,,,,,,,,,
behavioral_event,continuous,468f03a2-d7c9-4701-abf8-bb2c692f696b,bed84938-5c26-4776-a5c1-dfafb616181c,2026-08-16T19:52:58.211000+00:00,keystroke,65,,165.0996978269486,32.690430394665555,,,,,,,,,,,,,,,,,,,,,,,,,,,,,,,,,,,,,,,,,,,,,,,,,,,,,,,,,,,,,146.34494311898615,,74.8596926607526,,,,,,,,,,,,,,,,,,,,
behavioral_event,continuous,468f03a2-d7c9-4701-abf8-bb2c692f696b,e3b1241c-dc36-4812-ba05-47cbf46120c8,2026-08-16T15:52:58.211000+00:00,keystroke,81,,193.15072355692982,56.40109371123427,,,,,,,,,,,,,,,,,,,,,,,,,,,,,,,,,,,,,,,,,,,,,,,,,,,,,,,,,,,,,100.00551475832266,,70.22234996777769,,,,,,,,,,,,,,,,,,,,
behavioral_event,continuous,468f03a2-d7c9-4701-abf8-bb2c692f696b,e3b1241c-dc36-4812-ba05-47cbf46120c8,2026-08-16T03:52:58.211000+00:00,keystroke,90,,71.48207838297313,148.67295765867453,,,,,,,,,,,,,,,,,,,,,,,,,,,,,,,,,,,,,,,,,,,,,,,,,,,,,,,,,,,,,,,,,,,,,,,,,,,,,,,,,,,
behavioral_event,continuous,468f03a2-d7c9-4701-abf8-bb2c692f696b,a245bcdd-43a0-45f4-9fb9-96b30280020e,2026-08-14T13:52:58.211000+00:00,mouse_move,,,,,1065.8350135432634,675.1001777556844,31.015331189256187,-24.78169048194683,180.09117383018727,,,,,,,,,,,,,,,,,,,,,,,,,,,,,,,,,,,,,,,,,,,,,,,,,,,,,,,,,,,,,,,,,,,,,,,,,,,,,,
behavioral_event,continuous,468f03a2-d7c9-4701-abf8-bb2c692f696b,a245bcdd-43a0-45f4-9fb9-96b30280020e,2026-08-14T20:52:58.211000+00:00,mouse_click,,,,,452.3382138349539,258.2007798071062,27.685226382648267,-1.291701535550473,1735.8150667328948,,,,,,,,,,,,,,,,,,,,,,,,,,,,,,,,,,,,,,,,,,,,,,,,,,,,,,0.39272062058693213,,,,,,,,,1224.1126975087284,,,,,,,,,,,,,,,
behavioral_event,continuous,468f03a2-d7c9-4701-abf8-bb2c692f696b,a245bcdd-43a0-45f4-9fb9-96b30280020e,2026-08-15T17:52:58.211000+00:00,mouse_click,,,,,1575.439944188326,594.7578839582487,30.914936914168635,42.97345803628558,415.1345349879729,,,,,,,,,,,,,,,,,,,,,,,,,,,,,,,,,,,,,,,,,,,,,,,,,,,,,,0.4090257587174364,,,,,,,,,1019.2719020868592,,,,,,,,,,,,,,,
behavioral_event,continuous,468f03a2-d7c9-4701-abf8-bb2c692f696b,a245bcdd-43a0-45f4-9fb9-96b30280020e,2026-08-15T03:52:58.211000+00:00,keystroke,71,,188.62634795491175,38.34623440870443,,,,,,,,,,,,,,,,,,,,,,,,,,,,,,,,,,,,,,,,,,,,,,,,,,,,,,,,,,,,,100.30396965884185,,115.3044521849864,,,,,,,,,,,,,,,,,,,,
behavioral_event,continuous,468f03a2-d7c9-4701-abf8-bb2c692f696b,a245bcdd-43a0-45f4-9fb9-96b30280020e,2026-08-15T06:52:58.211000+00:00,keystroke,67,,117.85157024921303,90.88407554580719,,,,,,,,,,,,,,,,,,,,,,,,,,,,,,,,,,,,,,,,,,,,,,,,,,,,,,,,,,,,,121.62169927973304,,76.84645043150681,,,,,,,,,,,,,,,,,,,,
behavioral_event,continuous,468f03a2-d7c9-4701-abf8-bb2c692f696b,bed84938-5c26-4776-a5c1-dfafb616181c,2026-08-16T07:52:58.211000+00:00,mouse_scroll,,,,,,,,6.527911213324586,,,,,,,,,,,,,,,,,,,,,,,,,,,,,,,,,,,,,,,,,,,,,,,,,,,,,,,,,,,,,,,29.921069269819895,,,,,,,,,,,,,,,,
behavioral_event,continuous,468f03a2-d7c9-4701-abf8-bb2c692f696b,bed84938-5c26-4776-a5c1-dfafb616181c,2026-08-14T18:52:58.211000+00:00,mouse_move,,,,,521.4008776841475,619.9105537793899,-17.962740563450588,-31.696477303153703,1184.9162262652053,,,,,,,,,,,,,,,,,,,,,,,,,,,,,,,,,,,,,,,,,,,,,,,,,,,,,,,,,,,,,,,,,,,,,,,,,,,,,,
behavioral_event,continuous,468f03a2-d7c9-4701-abf8-bb2c692f696b,bed84938-5c26-4776-a5c1-dfafb616181c,2026-08-15T12:52:58.211000+00:00,mouse_scroll,,,,,,,,-35.46367155340245,,,,,,,,,,,,,,,,,,,,,,,,,,,,,,,,,,,,,,,,,,,,,,,,,,,,,,,,,,,,,,,,,,,,,,,,,,,,,,,
behavioral_event,continuous,468f03a2-d7c9-4701-abf8-bb2c692f696b,bed84938-5c26-4776-a5c1-dfafb616181c,2026-08-17T02:52:58.211000+00:00,mouse_move,,,,,823.3126480637256,832.7559368258205,33.81687258761649,-31.04317258750944,659.0722518445401,,,,,,,,,,,,,,,,,,,,,,,,,,,,,,,,,,,,,,,,,,,,,,,,,,,,,,,,,,,,,,,,,,,,,,,,,,,,,,
behavioral_event,continuous,468f03a2-d7c9-4701-abf8-bb2c692f696b,e3b1241c-dc36-4812-ba05-47cbf46120c8,2026-08-15T11:52:58.211000+00:00,mouse_click,,,,,1323.9160371662288,685.3941884618093,-21.575314756056095,-32.1909212148032,374.90360234799505,,,,,,,,,,,,,,,,,,,,,,,,,,,,,,,,,,,,,,,,,,,,,,,,,,,,,,,,,,,,,,,,,,,,,,,,,,,,,,
behavioral_event,continuous,468f03a2-d7c9-4701-abf8-bb2c692f696b,e3b1241c-dc36-4812-ba05-47cbf46120c8,2026-08-14T12:52:58.211000+00:00,mouse_scroll,,,,,,,,-59.87694541500661,,,,,,,,,,,,,,,,,,,,,,,,,,,,,,,,,,,,,,,,,,,,,,,,,,,,,,,,,,,,,,,,,,,,,,,,,,,,,,,
behavioral_event,continuous,468f03a2-d7c9-4701-abf8-bb2c692f696b,e3b1241c-dc36-4812-ba05-47cbf46120c8,2026-08-15T15:52:58.211000+00:00,mouse_click,,,,,583.1188390969273,424.1780416287803,21.038052302729398,-40.71667629087633,1962.3897582926068,,,,,,,,,,,,,,,,,,,,,,,,,,,,,,,,,,,,,,,,,,,,,,,,,,,,,,,,,,,,,,,,,,,,,,,,,,,,,,
behavior_window,continuous,468f03a2-d7c9-4701-abf8-bb2c692f696b,e68dfd83-bb44-4626-993b-3362cea449d9,2026-08-12T18:30:32.299000+00:00,window_aggregate,,,,,,,,,,1970-01-01T00:00:03.207000+00:00,1970-01-01T00:00:33.219000+00:00,,,,,,,,,,,,,,,,,,,,,,,,,,,,,,2026-08-12T18:30:32.299000+00:00,,,,,,,,,,,,,,,,,,,,,,,,,,,,,,,,,-0.00337,0.07434,8.0,0.34111,0.484571,95.0,40.2,135.4,0.0,0.07,4359.17,2271.11,0.7281,0.904
behavior_window,continuous,468f03a2-d7c9-4701-abf8-bb2c692f696b,e68dfd83-bb44-4626-993b-3362cea449d9,2026-08-12T18:30:32.299000+00:00,window_aggregate,,,,,,,,,,1970-01-01T00:00:03.207000+00:00,1970-01-01T00:00:33.219000+00:00,,,,,,,,,,,,,,,,,,,,,,,,,,,,,,2026-08-12T18:30:32.299000+00:00,,,,,,,,,,,,,,,,,,,,,,,,,,,,,,,,,-0.00337,0.07434,8.0,0.34111,0.484571,95.0,40.2,135.4,0.0,0.07,4359.17,2271.11,0.7281,0.904
behavior_window,continuous,468f03a2-d7c9-4701-abf8-bb2c692f696b,e68dfd83-bb44-4626-993b-3362cea449d9,2026-08-12T18:30:32.299000+00:00,window_aggregate,,,,,,,,,,1970-01-01T00:00:03.207000+00:00,1970-01-01T00:00:33.219000+00:00,,,,,,,,,,,,,,,,,,,,,,,,,,,,,,2026-08-12T18:30:32.299000+00:00,,,,,,,,,,,,,,,,,,,,,,,,,,,,,,,,,-0.00337,0.07434,8.0,0.34111,0.484571,95.0,40.2,135.4,0.0,0.07,4359.17,2271.11,0.7281,0.904
behavior_window,continuous,468f03a2-d7c9-4701-abf8-bb2c692f696b,942fb1bf-f729-4da0-8e08-d14095bcdfcf,2026-08-12T18:47:19.233000+00:00,window_aggregate,,,,,,,,,,1970-01-01T00:00:12.020000+00:00,1970-01-01T00:00:42.024000+00:00,,,,,,,,,,,,,,,,,,,,,,,,,,,,,,2026-08-12T18:47:19.233000+00:00,,,,,,,,,,,,,,,,,,,,,,,,,,,,,,,,,-0.000972,0.05025,0.0,0.228363,0.554748,0.0,0.0,0.0,0.0,0.0,1426.94,0.0,2.659,2.6387
behavior_window,continuous,468f03a2-d7c9-4701-abf8-bb2c692f696b,942fb1bf-f729-4da0-8e08-d14095bcdfcf,2026-08-12T18:47:19.233000+00:00,window_aggregate,,,,,,,,,,1970-01-01T00:00:12.020000+00:00,1970-01-01T00:00:42.024000+00:00,,,,,,,,,,,,,,,,,,,,,,,,,,,,,,2026-08-12T18:47:19.233000+00:00,,,,,,,,,,,,,,,,,,,,,,,,,,,,,,,,,-0.000972,0.05025,0.0,0.228363,0.554748,0.0,0.0,0.0,0.0,0.0,1426.94,0.0,2.659,2.6387
behavior_window,continuous,468f03a2-d7c9-4701-abf8-bb2c692f696b,942fb1bf-f729-4da0-8e08-d14095bcdfcf,2026-08-12T18:47:19.233000+00:00,window_aggregate,,,,,,,,,,1970-01-01T00:00:12.020000+00:00,1970-01-01T00:00:42.024000+00:00,,,,,,,,,,,,,,,,,,,,,,,,,,,,,,2026-08-12T18:47:19.233000+00:00,,,,,,,,,,,,,,,,,,,,,,,,,,,,,,,,,-0.000972,0.05025,0.0,0.228363,0.554748,0.0,0.0,0.0,0.0,0.0,1426.94,0.0,2.659,2.6387
behavior_window,continuous,468f03a2-d7c9-4701-abf8-bb2c692f696b,942fb1bf-f729-4da0-8e08-d14095bcdfcf,2026-08-12T18:47:49.133000+00:00,window_aggregate,,,,,,,,,,1970-01-01T00:00:42.024000+00:00,1970-01-01T00:01:12.028000+00:00,,,,,,,,,,,,,,,,,,,,,,,,,,,,,,2026-08-12T18:47:49.133000+00:00,,,,,,,,,,,,,,,,,,,,,,,,,,,,,,,,,-0.00504,0.032665,3.0,0.327637,0.645369,0.0,0.0,0.0,0.0,0.0,3824.73,0.0,1.2788,1.8244
behavior_window,continuous,468f03a2-d7c9-4701-abf8-bb2c692f696b,942fb1bf-f729-4da0-8e08-d14095bcdfcf,2026-08-12T18:47:49.133000+00:00,window_aggregate,,,,,,,,,,1970-01-01T00:00:42.024000+00:00,1970-01-01T00:01:12.028000+00:00,,,,,,,,,,,,,,,,,,,,,,,,,,,,,,2026-08-12T18:47:49.133000+00:00,,,,,,,,,,,,,,,,,,,,,,,,,,,,,,,,,-0.00504,0.032665,3.0,0.327637,0.645369,0.0,0.0,0.0,0.0,0.0,3824.73,0.0,1.2788,1.8244
behavior_window,continuous,468f03a2-d7c9-4701-abf8-bb2c692f696b,942fb1bf-f729-4da0-8e08-d14095bcdfcf,2026-08-12T18:47:49.133000+00:00,window_aggregate,,,,,,,,,,1970-01-01T00:00:42.024000+00:00,1970-01-01T00:01:12.028000+00:00,,,,,,,,,,,,,,,,,,,,,,,,,,,,,,2026-08-12T18:47:49.133000+00:00,,,,,,,,,,,,,,,,,,,,,,,,,,,,,,,,,-0.00504,0.032665,3.0,0.327637,0.645369,0.0,0.0,0.0,0.0,0.0,3824.73,0.0,1.2788,1.8244
behavior_window,continuous,468f03a2-d7c9-4701-abf8-bb2c692f696b,942fb1bf-f729-4da0-8e08-d14095bcdfcf,2026-08-12T18:48:19.086000+00:00,window_aggregate,,,,,,,,,,1970-01-01T00:01:12.028000+00:00,1970-01-01T00:01:42.028000+00:00,,,,,,,,,,,,,,,,,,,,,,,,,,,,,,2026-08-12T18:48:19.086000+00:00,,,,,,,,,,,,,,,,,,,,,,,,,,,,,,,,,-0.00178,0.036228,3.0,0.242913,0.54242,0.0,0.0,0.0,0.0,0.0,4788.66,0.0,1.9114,2.1232
behavior_window,continuous,468f03a2-d7c9-4701-abf8-bb2c692f696b,942fb1bf-f729-4da0-8e08-d14095bcdfcf,2026-08-12T18:48:19.086000+00:00,window_aggregate,,,,,,,,,,1970-01-01T00:01:12.028000+00:00,1970-01-01T00:01:42.028000+00:00,,,,,,,,,,,,,,,,,,,,,,,,,,,,,,2026-08-12T18:48:19.086000+00:00,,,,,,,,,,,,,,,,,,,,,,,,,,,,,,,,,-0.00178,0.036228,3.0,0.242913,0.54242,0.0,0.0,0.0,0.0,0.0,4788.66,0.0,1.9114,2.1232
behavior_window,continuous,468f03a2-d7c9-4701-abf8-bb2c692f696b,942fb1bf-f729-4da0-8e08-d14095bcdfcf,2026-08-12T18:48:19.086000+00:00,window_aggregate,,,,,,,,,,1970-01-01T00:01:12.028000+00:00,1970-01-01T00:01:42.028000+00:00,,,,,,,,,,,,,,,,,,,,,,,,,,,,,,2026-08-12T18:48:19.086000+00:00,,,,,,,,,,,,,,,,,,,,,,,,,,,,,,,,,-0.00178,0.036228,3.0,0.242913,0.54242,0.0,0.0,0.0,0.0,0.0,4788.66,0.0,1.9114,2.1232
behavior_window,continuous,468f03a2-d7c9-4701-abf8-bb2c692f696b,942fb1bf-f729-4da0-8e08-d14095bcdfcf,2026-08-12T18:48:49.079000+00:00,window_aggregate,,,,,,,,,,1970-01-01T00:01:42.028000+00:00,1970-01-01T00:02:12.022000+00:00,,,,,,,,,,,,,,,,,,,,,,,,,,,,,,2026-08-12T18:48:49.079000+00:00,,,,,,,,,,,,,,,,,,,,,,,,,,,,,,,,,0.010413,0.152561,3.0,0.315813,0.397443,0.0,0.0,0.0,0.0,0.0,725.41,0.0,1.2273,1.5086
behavior_window,continuous,468f03a2-d7c9-4701-abf8-bb2c692f696b,942fb1bf-f729-4da0-8e08-d14095bcdfcf,2026-08-12T18:48:49.079000+00:00,window_aggregate,,,,,,,,,,1970-01-01T00:01:42.028000+00:00,1970-01-01T00:02:12.022000+00:00,,,,,,,,,,,,,,,,,,,,,,,,,,,,,,2026-08-12T18:48:49.079000+00:00,,,,,,,,,,,,,,,,,,,,,,,,,,,,,,,,,0.010413,0.152561,3.0,0.315813,0.397443,0.0,0.0,0.0,0.0,0.0,725.41,0.0,1.2273,1.5086
behavior_window,continuous,468f03a2-d7c9-4701-abf8-bb2c692f696b,942fb1bf-f729-4da0-8e08-d14095bcdfcf,2026-08-12T18:48:49.079000+00:00,window_aggregate,,,,,,,,,,1970-01-01T00:01:42.028000+00:00,1970-01-01T00:02:12.022000+00:00,,,,,,,,,,,,,,,,,,,,,,,,,,,,,,2026-08-12T18:48:49.079000+00:00,,,,,,,,,,,,,,,,,,,,,,,,,,,,,,,,,0.010413,0.152561,3.0,0.315813,0.397443,0.0,0.0,0.0,0.0,0.0,725.41,0.0,1.2273,1.5086
behavior_window,continuous,468f03a2-d7c9-4701-abf8-bb2c692f696b,942fb1bf-f729-4da0-8e08-d14095bcdfcf,2026-08-12T18:49:19.813000+00:00,window_aggregate,,,,,,,,,,1970-01-01T00:02:12.022000+00:00,1970-01-01T00:02:42.455000+00:00,,,,,,,,,,,,,,,,,,,,,,,,,,,,,,2026-08-12T18:49:19.813000+00:00,,,,,,,,,,,,,,,,,,,,,,,,,,,,,,,,,-0.006791,0.059691,1.0,0.210664,0.387279,0.0,0.0,0.0,0.0,0.0,778.03,0.0,1.1082,0.9852
behavior_window,continuous,468f03a2-d7c9-4701-abf8-bb2c692f696b,942fb1bf-f729-4da0-8e08-d14095bcdfcf,2026-08-12T18:49:19.813000+00:00,window_aggregate,,,,,,,,,,1970-01-01T00:02:12.022000+00:00,1970-01-01T00:02:42.455000+00:00,,,,,,,,,,,,,,,,,,,,,,,,,,,,,,2026-08-12T18:49:19.813000+00:00,,,,,,,,,,,,,,,,,,,,,,,,,,,,,,,,,-0.006791,0.059691,1.0,0.210664,0.387279,0.0,0.0,0.0,0.0,0.0,778.03,0.0,1.1082,0.9852
behavior_window,continuous,468f03a2-d7c9-4701-abf8-bb2c692f696b,942fb1bf-f729-4da0-8e08-d14095bcdfcf,2026-08-12T18:49:19.813000+00:00,window_aggregate,,,,,,,,,,1970-01-01T00:02:12.022000+00:00,1970-01-01T00:02:42.455000+00:00,,,,,,,,,,,,,,,,,,,,,,,,,,,,,,2026-08-12T18:49:19.813000+00:00,,,,,,,,,,,,,,,,,,,,,,,,,,,,,,,,,-0.006791,0.059691,1.0,0.210664,0.387279,0.0,0.0,0.0,0.0,0.0,778.03,0.0,1.1082,0.9852
behavior_window,continuous,468f03a2-d7c9-4701-abf8-bb2c692f696b,942fb1bf-f729-4da0-8e08-d14095bcdfcf,2026-08-12T19:01:50.121000+00:00,window_aggregate,,,,,,,,,,1970-01-01T00:15:00.688000+00:00,1970-01-01T00:15:12.448000+00:00,,,,,,,,,,,,,,,,,,,,,,,,,,,,,,2026-08-12T19:01:50.121000+00:00,,,,,,,,,,,,,,,,,,,,,,,,,,,,,,,,,-0.00288,0.039326,0.0,0.324274,0.546537,0.0,0.0,0.0,0.0,0.0,4347.65,0.0,1.8483,2.1968
behavior_window,continuous,468f03a2-d7c9-4701-abf8-bb2c692f696b,942fb1bf-f729-4da0-8e08-d14095bcdfcf,2026-08-12T19:01:50.121000+00:00,window_aggregate,,,,,,,,,,1970-01-01T00:15:00.688000+00:00,1970-01-01T00:15:12.448000+00:00,,,,,,,,,,,,,,,,,,,,,,,,,,,,,,2026-08-12T19:01:50.121000+00:00,,,,,,,,,,,,,,,,,,,,,,,,,,,,,,,,,-0.00288,0.039326,0.0,0.324274,0.546537,0.0,0.0,0.0,0.0,0.0,4347.65,0.0,1.8483,2.1968
behavior_window,continuous,468f03a2-d7c9-4701-abf8-bb2c692f696b,942fb1bf-f729-4da0-8e08-d14095bcdfcf,2026-08-12T19:01:50.121000+00:00,window_aggregate,,,,,,,,,,1970-01-01T00:15:00.688000+00:00,1970-01-01T00:15:12.448000+00:00,,,,,,,,,,,,,,,,,,,,,,,,,,,,,,2026-08-12T19:01:50.121000+00:00,,,,,,,,,,,,,,,,,,,,,,,,,,,,,,,,,-0.00288,0.039326,0.0,0.324274,0.546537,0.0,0.0,0.0,0.0,0.0,4347.65,0.0,1.8483,2.1968
behavior_window,continuous,468f03a2-d7c9-4701-abf8-bb2c692f696b,4328e952-1400-491c-b111-e77ab6ac9320,2026-08-12T19:15:07.523000+00:00,window_aggregate,,,,,,,,,,1970-01-01T00:12:38.987000+00:00,1970-01-01T00:13:09.004000+00:00,,,,,,,,,,,,,,,,,,,,,,,,,,,,,,2026-08-12T19:15:07.523000+00:00,,,,,,,,,,,,,,,,,,,,,,,,,,,,,,,,,0.000401,0.02528,0.0,0.250161,0.567523,0.0,0.0,0.0,0.0,0.0,417.39,0.0,1.5707,1.1948
behavior_window,continuous,468f03a2-d7c9-4701-abf8-bb2c692f696b,4328e952-1400-491c-b111-e77ab6ac9320,2026-08-12T19:15:07.523000+00:00,window_aggregate,,,,,,,,,,1970-01-01T00:12:38.987000+00:00,1970-01-01T00:13:09.004000+00:00,,,,,,,,,,,,,,,,,,,,,,,,,,,,,,2026-08-12T19:15:07.523000+00:00,,,,,,,,,,,,,,,,,,,,,,,,,,,,,,,,,0.000401,0.02528,0.0,0.250161,0.567523,0.0,0.0,0.0,0.0,0.0,417.39,0.0,1.5707,1.1948
behavior_window,continuous,468f03a2-d7c9-4701-abf8-bb2c692f696b,4328e952-1400-491c-b111-e77ab6ac9320,2026-08-12T19:15:07.523000+00:00,window_aggregate,,,,,,,,,,1970-01-01T00:12:38.987000+00:00,1970-01-01T00:13:09.004000+00:00,,,,,,,,,,,,,,,,,,,,,,,,,,,,,,2026-08-12T19:15:07.523000+00:00,,,,,,,,,,,,,,,,,,,,,,,,,,,,,,,,,0.000401,0.02528,0.0,0.250161,0.567523,0.0,0.0,0.0,0.0,0.0,417.39,0.0,1.5707,1.1948
behavior_window,continuous,468f03a2-d7c9-4701-abf8-bb2c692f696b,6ae6b1ad-3ebd-4091-9109-dc16551befc8,2026-08-12T19:20:37.834000+00:00,window_aggregate,,,,,,,,,,1970-01-01T00:18:33.415000+00:00,1970-01-01T00:18:38.997000+00:00,,,,,,,,,,,,,,,,,,,,,,,,,,,,,,2026-08-12T19:20:37.834000+00:00,,,,,,,,,,,,,,,,,,,,,,,,,,,,,,,,,-0.023568,0.041944,0.0,0.536457,1.150361,0.0,0.0,0.0,0.0,0.0,698.71,0.0,3.535,2.3218
behavior_window,continuous,468f03a2-d7c9-4701-abf8-bb2c692f696b,6ae6b1ad-3ebd-4091-9109-dc16551befc8,2026-08-12T19:20:37.834000+00:00,window_aggregate,,,,,,,,,,1970-01-01T00:18:33.415000+00:00,1970-01-01T00:18:38.997000+00:00,,,,,,,,,,,,,,,,,,,,,,,,,,,,,,2026-08-12T19:20:37.834000+00:00,,,,,,,,,,,,,,,,,,,,,,,,,,,,,,,,,-0.023568,0.041944,0.0,0.536457,1.150361,0.0,0.0,0.0,0.0,0.0,698.71,0.0,3.535,2.3218
behavior_window,continuous,468f03a2-d7c9-4701-abf8-bb2c692f696b,6ae6b1ad-3ebd-4091-9109-dc16551befc8,2026-08-12T19:20:37.834000+00:00,window_aggregate,,,,,,,,,,1970-01-01T00:18:33.415000+00:00,1970-01-01T00:18:38.997000+00:00,,,,,,,,,,,,,,,,,,,,,,,,,,,,,,2026-08-12T19:20:37.834000+00:00,,,,,,,,,,,,,,,,,,,,,,,,,,,,,,,,,-0.023568,0.041944,0.0,0.536457,1.150361,0.0,0.0,0.0,0.0,0.0,698.71,0.0,3.535,2.3218
behavior_window,continuous,468f03a2-d7c9-4701-abf8-bb2c692f696b,6ae6b1ad-3ebd-4091-9109-dc16551befc8,2026-08-12T19:23:07.520000+00:00,window_aggregate,,,,,,,,,,1970-01-01T00:20:38.986000+00:00,1970-01-01T00:21:08.999000+00:00,,,,,,,,,,,,,,,,,,,,,,,,,,,,,,2026-08-12T19:23:07.520000+00:00,,,,,,,,,,,,,,,,,,,,,,,,,,,,,,,,,-0.000491,0.014025,0.0,0.219398,0.673258,0.0,0.0,0.0,0.0,0.0,394.14,0.0,1.1233,0.758
behavior_window,continuous,468f03a2-d7c9-4701-abf8-bb2c692f696b,6ae6b1ad-3ebd-4091-9109-dc16551befc8,2026-08-12T19:23:07.520000+00:00,window_aggregate,,,,,,,,,,1970-01-01T00:20:38.986000+00:00,1970-01-01T00:21:08.999000+00:00,,,,,,,,,,,,,,,,,,,,,,,,,,,,,,2026-08-12T19:23:07.520000+00:00,,,,,,,,,,,,,,,,,,,,,,,,,,,,,,,,,-0.000491,0.014025,0.0,0.219398,0.673258,0.0,0.0,0.0,0.0,0.0,394.14,0.0,1.1233,0.758
behavior_window,continuous,468f03a2-d7c9-4701-abf8-bb2c692f696b,6ae6b1ad-3ebd-4091-9109-dc16551befc8,2026-08-12T19:23:07.520000+00:00,window_aggregate,,,,,,,,,,1970-01-01T00:20:38.986000+00:00,1970-01-01T00:21:08.999000+00:00,,,,,,,,,,,,,,,,,,,,,,,,,,,,,,2026-08-12T19:23:07.520000+00:00,,,,,,,,,,,,,,,,,,,,,,,,,,,,,,,,,-0.000491,0.014025,0.0,0.219398,0.673258,0.0,0.0,0.0,0.0,0.0,394.14,0.0,1.1233,0.758
behavior_window,continuous,468f03a2-d7c9-4701-abf8-bb2c692f696b,6ae6b1ad-3ebd-4091-9109-dc16551befc8,2026-08-12T19:27:37.826000+00:00,window_aggregate,,,,,,,,,,1970-01-01T00:25:08.999000+00:00,1970-01-01T00:25:38.997000+00:00,,,,,,,,,,,,,,,,,,,,,,,,,,,,,,2026-08-12T19:27:37.826000+00:00,,,,,,,,,,,,,,,,,,,,,,,,,,,,,,,,,9.3e-05,0.02491,0.0,0.242095,0.52627,0.0,0.0,0.0,0.0,0.0,1663.57,0.0,2.4247,2.6741
behavior_window,continuous,468f03a2-d7c9-4701-abf8-bb2c692f696b,6ae6b1ad-3ebd-4091-9109-dc16551befc8,2026-08-12T19:27:37.826000+00:00,window_aggregate,,,,,,,,,,1970-01-01T00:25:08.999000+00:00,1970-01-01T00:25:38.997000+00:00,,,,,,,,,,,,,,,,,,,,,,,,,,,,,,2026-08-12T19:27:37.826000+00:00,,,,,,,,,,,,,,,,,,,,,,,,,,,,,,,,,9.3e-05,0.02491,0.0,0.242095,0.52627,0.0,0.0,0.0,0.0,0.0,1663.57,0.0,2.4247,2.6741
behavior_window,continuous,468f03a2-d7c9-4701-abf8-bb2c692f696b,6ae6b1ad-3ebd-4091-9109-dc16551befc8,2026-08-12T19:27:37.826000+00:00,window_aggregate,,,,,,,,,,1970-01-01T00:25:08.999000+00:00,1970-01-01T00:25:38.997000+00:00,,,,,,,,,,,,,,,,,,,,,,,,,,,,,,2026-08-12T19:27:37.826000+00:00,,,,,,,,,,,,,,,,,,,,,,,,,,,,,,,,,9.3e-05,0.02491,0.0,0.242095,0.52627,0.0,0.0,0.0,0.0,0.0,1663.57,0.0,2.4247,2.6741
behavior_window,continuous,468f03a2-d7c9-4701-abf8-bb2c692f696b,6ae6b1ad-3ebd-4091-9109-dc16551befc8,2026-08-12T19:31:07.500000+00:00,window_aggregate,,,,,,,,,,1970-01-01T00:28:38.997000+00:00,1970-01-01T00:29:08.984000+00:00,,,,,,,,,,,,,,,,,,,,,,,,,,,,,,2026-08-12T19:31:07.500000+00:00,,,,,,,,,,,,,,,,,,,,,,,,,,,,,,,,,-0.004313,0.036358,0.0,0.534878,0.853111,0.0,0.0,0.0,0.0,0.0,1494.83,0.0,2.1335,2.9779
behavior_window,continuous,468f03a2-d7c9-4701-abf8-bb2c692f696b,6ae6b1ad-3ebd-4091-9109-dc16551befc8,2026-08-12T19:31:07.500000+00:00,window_aggregate,,,,,,,,,,1970-01-01T00:28:38.997000+00:00,1970-01-01T00:29:08.984000+00:00,,,,,,,,,,,,,,,,,,,,,,,,,,,,,,2026-08-12T19:31:07.500000+00:00,,,,,,,,,,,,,,,,,,,,,,,,,,,,,,,,,-0.004313,0.036358,0.0,0.534878,0.853111,0.0,0.0,0.0,0.0,0.0,1494.83,0.0,2.1335,2.9779
behavior_window,continuous,468f03a2-d7c9-4701-abf8-bb2c692f696b,6ae6b1ad-3ebd-4091-9109-dc16551befc8,2026-08-12T19:31:07.500000+00:00,window_aggregate,,,,,,,,,,1970-01-01T00:28:38.997000+00:00,1970-01-01T00:29:08.984000+00:00,,,,,,,,,,,,,,,,,,,,,,,,,,,,,,2026-08-12T19:31:07.500000+00:00,,,,,,,,,,,,,,,,,,,,,,,,,,,,,,,,,-0.004313,0.036358,0.0,0.534878,0.853111,0.0,0.0,0.0,0.0,0.0,1494.83,0.0,2.1335,2.9779
behavior_window,continuous,468f03a2-d7c9-4701-abf8-bb2c692f696b,1b8db34d-f938-4d87-b78e-315476e05b56,2026-08-12T19:31:36.644000+00:00,window_aggregate,,,,,,,,,,1970-01-01T00:29:08.984000+00:00,1970-01-01T00:29:38.111000+00:00,,,,,,,,,,,,,,,,,,,,,,,,,,,,,,2026-08-12T19:31:36.644000+00:00,,,,,,,,,,,,,,,,,,,,,,,,,,,,,,,,,-0.002703,0.054238,2.0,0.309125,0.454982,65.3,29.1,94.8,0.0,0.07,3429.64,0.0,1.2606,2.0087
behavior_window,continuous,468f03a2-d7c9-4701-abf8-bb2c692f696b,1b8db34d-f938-4d87-b78e-315476e05b56,2026-08-12T19:31:36.644000+00:00,window_aggregate,,,,,,,,,,1970-01-01T00:29:08.984000+00:00,1970-01-01T00:29:38.111000+00:00,,,,,,,,,,,,,,,,,,,,,,,,,,,,,,2026-08-12T19:31:36.644000+00:00,,,,,,,,,,,,,,,,,,,,,,,,,,,,,,,,,-0.002703,0.054238,2.0,0.309125,0.454982,65.3,29.1,94.8,0.0,0.07,3429.64,0.0,1.2606,2.0087
behavior_window,continuous,468f03a2-d7c9-4701-abf8-bb2c692f696b,1b8db34d-f938-4d87-b78e-315476e05b56,2026-08-12T19:31:36.644000+00:00,window_aggregate,,,,,,,,,,1970-01-01T00:29:08.984000+00:00,1970-01-01T00:29:38.111000+00:00,,,,,,,,,,,,,,,,,,,,,,,,,,,,,,2026-08-12T19:31:36.644000+00:00,,,,,,,,,,,,,,,,,,,,,,,,,,,,,,,,,-0.002703,0.054238,2.0,0.309125,0.454982,65.3,29.1,94.8,0.0,0.07,3429.64,0.0,1.2606,2.0087
behavior_window,continuous,468f03a2-d7c9-4701-abf8-bb2c692f696b,f434e8b4-c562-4c95-8413-8ee6bed06cb2,2026-08-15T18:40:35.132000+00:00,window_aggregate,,,,,,,,,,1970-01-01T00:00:01.696000+00:00,1970-01-01T00:00:31.708000+00:00,,,,,,,,,,,,,,,,,,,,,,,,,,,,,,2026-08-15T18:40:35.132000+00:00,,,,,,,,,,,,,,,,,,,,,,,,,,,,,,,,,-0.001298,0.025725,5.0,0.327773,0.61853,173.13,45.09,710.96,611.91,0.77,3151.71,0.0,1.2489,2.1943
behavior_window,continuous,468f03a2-d7c9-4701-abf8-bb2c692f696b,f434e8b4-c562-4c95-8413-8ee6bed06cb2,2026-08-15T18:40:35.132000+00:00,window_aggregate,,,,,,,,,,1970-01-01T00:00:01.696000+00:00,1970-01-01T00:00:31.708000+00:00,,,,,,,,,,,,,,,,,,,,,,,,,,,,,,2026-08-15T18:40:35.132000+00:00,,,,,,,,,,,,,,,,,,,,,,,,,,,,,,,,,-0.001298,0.025725,5.0,0.327773,0.61853,173.13,45.09,710.96,611.91,0.77,3151.71,0.0,1.2489,2.1943
behavior_window,continuous,468f03a2-d7c9-4701-abf8-bb2c692f696b,f434e8b4-c562-4c95-8413-8ee6bed06cb2,2026-08-15T18:40:35.132000+00:00,window_aggregate,,,,,,,,,,1970-01-01T00:00:01.696000+00:00,1970-01-01T00:00:31.708000+00:00,,,,,,,,,,,,,,,,,,,,,,,,,,,,,,2026-08-15T18:40:35.132000+00:00,,,,,,,,,,,,,,,,,,,,,,,,,,,,,,,,,-0.001298,0.025725,5.0,0.327773,0.61853,173.13,45.09,710.96,611.91,0.77,3151.71,0.0,1.2489,2.1943
behavior_window,continuous,468f03a2-d7c9-4701-abf8-bb2c692f696b,892182e1-215c-4a77-bb62-02b4c7028887,2026-08-17T09:52:59.767000+00:00,window_aggregate,,,,,,,,,,2026-08-16T09:52:58.211000+00:00,2026-08-16T09:53:28.211000+00:00,,,,,,,,,,,,,,,,,,,,,,,,,,,,,,2026-08-17T09:52:59.767000+00:00,,,,,,,,,,,,,,,,,,,,,,,,,,,,,,,,,2.782398902320146,0.6480034510024926,8.0,0.14945261065856932,0.18059169948207532,137.73641979449394,16.188274243097503,101.19355841627355,9.991921087352782,5.986004757906803,6534.849230685301,40.780698508532,743.8420719095153,309.63823960907445
behavior_window,continuous,468f03a2-d7c9-4701-abf8-bb2c692f696b,892182e1-215c-4a77-bb62-02b4c7028887,2026-08-17T09:52:59.767000+00:00,window_aggregate,,,,,,,,,,2026-08-16T09:52:58.211000+00:00,2026-08-16T09:53:28.211000+00:00,,,,,,,,,,,,,,,,,,,,,,,,,,,,,,2026-08-17T09:52:59.767000+00:00,,,,,,,,,,,,,,,,,,,,,,,,,,,,,,,,,2.782398902320146,0.6480034510024926,8.0,0.14945261065856932,0.18059169948207532,137.73641979449394,16.188274243097503,101.19355841627355,9.991921087352782,5.986004757906803,6534.849230685301,40.780698508532,743.8420719095153,309.63823960907445
behavior_window,continuous,468f03a2-d7c9-4701-abf8-bb2c692f696b,892182e1-215c-4a77-bb62-02b4c7028887,2026-08-17T09:52:59.767000+00:00,window_aggregate,,,,,,,,,,2026-08-16T09:52:58.211000+00:00,2026-08-16T09:53:28.211000+00:00,,,,,,,,,,,,,,,,,,,,,,,,,,,,,,2026-08-17T09:52:59.767000+00:00,,,,,,,,,,,,,,,,,,,,,,,,,,,,,,,,,2.782398902320146,0.6480034510024926,8.0,0.14945261065856932,0.18059169948207532,137.73641979449394,16.188274243097503,101.19355841627355,9.991921087352782,5.986004757906803,6534.849230685301,40.780698508532,743.8420719095153,309.63823960907445
behavior_window,continuous,468f03a2-d7c9-4701-abf8-bb2c692f696b,bed84938-5c26-4776-a5c1-dfafb616181c,2026-08-17T09:52:59.768000+00:00,window_aggregate,,,,,,,,,,2026-08-15T04:52:58.211000+00:00,2026-08-15T04:53:28.211000+00:00,,,,,,,,,,,,,,,,,,,,,,,,,,,,,,2026-08-17T09:52:59.768000+00:00,,,,,,,,,,,,,,,,,,,,,,,,,,,,,,,,,0.7634363103257307,0.5405725543119647,2.0,0.2354227030182841,0.16852897204214737,96.85540003211489,25.224952780017375,94.36447272202894,14.694314899739972,3.8776247061375746,31742.16605718914,33.648023901844184,1333.9436961517642,275.98793784338045
behavior_window,continuous,468f03a2-d7c9-4701-abf8-bb2c692f696b,bed84938-5c26-4776-a5c1-dfafb616181c,2026-08-17T09:52:59.768000+00:00,window_aggregate,,,,,,,,,,2026-08-15T04:52:58.211000+00:00,2026-08-15T04:53:28.211000+00:00,,,,,,,,,,,,,,,,,,,,,,,,,,,,,,2026-08-17T09:52:59.768000+00:00,,,,,,,,,,,,,,,,,,,,,,,,,,,,,,,,,0.7634363103257307,0.5405725543119647,2.0,0.2354227030182841,0.16852897204214737,96.85540003211489,25.224952780017375,94.36447272202894,14.694314899739972,3.8776247061375746,31742.16605718914,33.648023901844184,1333.9436961517642,275.98793784338045
behavior_window,continuous,468f03a2-d7c9-4701-abf8-bb2c692f696b,bed84938-5c26-4776-a5c1-dfafb616181c,2026-08-17T09:52:59.768000+00:00,window_aggregate,,,,,,,,,,2026-08-15T04:52:58.211000+00:00,2026-08-15T04:53:28.211000+00:00,,,,,,,,,,,,,,,,,,,,,,,,,,,,,,2026-08-17T09:52:59.768000+00:00,,,,,,,,,,,,,,,,,,,,,,,,,,,,,,,,,0.7634363103257307,0.5405725543119647,2.0,0.2354227030182841,0.16852897204214737,96.85540003211489,25.224952780017375,94.36447272202894,14.694314899739972,3.8776247061375746,31742.16605718914,33.648023901844184,1333.9436961517642,275.98793784338045
behavior_window,continuous,468f03a2-d7c9-4701-abf8-bb2c692f696b,bed84938-5c26-4776-a5c1-dfafb616181c,2026-08-17T09:52:59.768000+00:00,window_aggregate,,,,,,,,,,2026-08-17T04:52:58.211000+00:00,2026-08-17T04:53:28.211000+00:00,,,,,,,,,,,,,,,,,,,,,,,,,,,,,,2026-08-17T09:52:59.768000+00:00,,,,,,,,,,,,,,,,,,,,,,,,,,,,,,,,,0.7255481383857844,0.19480713605260988,0.0,0.47342946610966363,0.1671788262120822,115.81986591261685,11.69577619093237,78.98827421161668,29.940450699267323,4.292730681158815,32886.89086373894,91.35160125989833,672.909347092579,176.38370522468705
behavior_window,continuous,468f03a2-d7c9-4701-abf8-bb2c692f696b,bed84938-5c26-4776-a5c1-dfafb616181c,2026-08-17T09:52:59.768000+00:00,window_aggregate,,,,,,,,,,2026-08-17T04:52:58.211000+00:00,2026-08-17T04:53:28.211000+00:00,,,,,,,,,,,,,,,,,,,,,,,,,,,,,,2026-08-17T09:52:59.768000+00:00,,,,,,,,,,,,,,,,,,,,,,,,,,,,,,,,,0.7255481383857844,0.19480713605260988,0.0,0.47342946610966363,0.1671788262120822,115.81986591261685,11.69577619093237,78.98827421161668,29.940450699267323,4.292730681158815,32886.89086373894,91.35160125989833,672.909347092579,176.38370522468705
behavior_window,continuous,468f03a2-d7c9-4701-abf8-bb2c692f696b,bed84938-5c26-4776-a5c1-dfafb616181c,2026-08-17T09:52:59.768000+00:00,window_aggregate,,,,,,,,,,2026-08-17T04:52:58.211000+00:00,2026-08-17T04:53:28.211000+00:00,,,,,,,,,,,,,,,,,,,,,,,,,,,,,,2026-08-17T09:52:59.768000+00:00,,,,,,,,,,,,,,,,,,,,,,,,,,,,,,,,,0.7255481383857844,0.19480713605260988,0.0,0.47342946610966363,0.1671788262120822,115.81986591261685,11.69577619093237,78.98827421161668,29.940450699267323,4.292730681158815,32886.89086373894,91.35160125989833,672.909347092579,176.38370522468705
behavior_window,continuous,468f03a2-d7c9-4701-abf8-bb2c692f696b,e3b1241c-dc36-4812-ba05-47cbf46120c8,2026-08-17T09:52:59.769000+00:00,window_aggregate,,,,,,,,,,2026-08-14T21:52:58.211000+00:00,2026-08-14T21:53:28.211000+00:00,,,,,,,,,,,,,,,,,,,,,,,,,,,,,,2026-08-17T09:52:59.769000+00:00,,,,,,,,,,,,,,,,,,,,,,,,,,,,,,,,,0.5033753639548371,0.6385586371844284,6.0,0.20469227940199422,0.17418116948593443,112.44544285583092,33.75722337322864,61.08160128347929,27.65140725016228,4.886945491559025,5158.97426910809,252.0593495168351,1023.7147774589553,263.42881320871504
behavior_window,continuous,468f03a2-d7c9-4701-abf8-bb2c692f696b,e3b1241c-dc36-4812-ba05-47cbf46120c8,2026-08-17T09:52:59.769000+00:00,window_aggregate,,,,,,,,,,2026-08-14T21:52:58.211000+00:00,2026-08-14T21:53:28.211000+00:00,,,,,,,,,,,,,,,,,,,,,,,,,,,,,,2026-08-17T09:52:59.769000+00:00,,,,,,,,,,,,,,,,,,,,,,,,,,,,,,,,,0.5033753639548371,0.6385586371844284,6.0,0.20469227940199422,0.17418116948593443,112.44544285583092,33.75722337322864,61.08160128347929,27.65140725016228,4.886945491559025,5158.97426910809,252.0593495168351,1023.7147774589553,263.42881320871504
behavior_window,continuous,468f03a2-d7c9-4701-abf8-bb2c692f696b,e3b1241c-dc36-4812-ba05-47cbf46120c8,2026-08-17T09:52:59.769000+00:00,window_aggregate,,,,,,,,,,2026-08-14T21:52:58.211000+00:00,2026-08-14T21:53:28.211000+00:00,,,,,,,,,,,,,,,,,,,,,,,,,,,,,,2026-08-17T09:52:59.769000+00:00,,,,,,,,,,,,,,,,,,,,,,,,,,,,,,,,,0.5033753639548371,0.6385586371844284,6.0,0.20469227940199422,0.17418116948593443,112.44544285583092,33.75722337322864,61.08160128347929,27.65140725016228,4.886945491559025,5158.97426910809,252.0593495168351,1023.7147774589553,263.42881320871504
behavior_window,continuous,468f03a2-d7c9-4701-abf8-bb2c692f696b,892182e1-215c-4a77-bb62-02b4c7028887,2026-08-17T09:52:59.767000+00:00,window_aggregate,,,,,,,,,,2026-08-14T22:52:58.211000+00:00,2026-08-14T22:53:28.211000+00:00,,,,,,,,,,,,,,,,,,,,,,,,,,,,,,2026-08-17T09:52:59.767000+00:00,,,,,,,,,,,,,,,,,,,,,,,,,,,,,,,,,2.598287850196451,0.8704724627883199,10.0,0.3872309500318417,0.05948497434210545,106.29696405738324,21.783831057902475,64.42095198944156,23.004926899187275,5.099212983725468,27287.726051669204,267.4555529045899,1330.7203341415734,282.7785069259401
behavior_window,continuous,468f03a2-d7c9-4701-abf8-bb2c692f696b,892182e1-215c-4a77-bb62-02b4c7028887,2026-08-17T09:52:59.767000+00:00,window_aggregate,,,,,,,,,,2026-08-14T22:52:58.211000+00:00,2026-08-14T22:53:28.211000+00:00,,,,,,,,,,,,,,,,,,,,,,,,,,,,,,2026-08-17T09:52:59.767000+00:00,,,,,,,,,,,,,,,,,,,,,,,,,,,,,,,,,2.598287850196451,0.8704724627883199,10.0,0.3872309500318417,0.05948497434210545,106.29696405738324,21.783831057902475,64.42095198944156,23.004926899187275,5.099212983725468,27287.726051669204,267.4555529045899,1330.7203341415734,282.7785069259401
behavior_window,continuous,468f03a2-d7c9-4701-abf8-bb2c692f696b,892182e1-215c-4a77-bb62-02b4c7028887,2026-08-17T09:52:59.767000+00:00,window_aggregate,,,,,,,,,,2026-08-14T22:52:58.211000+00:00,2026-08-14T22:53:28.211000+00:00,,,,,,,,,,,,,,,,,,,,,,,,,,,,,,2026-08-17T09:52:59.767000+00:00,,,,,,,,,,,,,,,,,,,,,,,,,,,,,,,,,2.598287850196451,0.8704724627883199,10.0,0.3872309500318417,0.05948497434210545,106.29696405738324,21.783831057902475,64.42095198944156,23.004926899187275,5.099212983725468,27287.726051669204,267.4555529045899,1330.7203341415734,282.7785069259401
behavior_window,continuous,468f03a2-d7c9-4701-abf8-bb2c692f696b,892182e1-215c-4a77-bb62-02b4c7028887,2026-08-17T09:52:59.767000+00:00,window_aggregate,,,,,,,,,,2026-08-14T12:52:58.211000+00:00,2026-08-14T12:53:28.211000+00:00,,,,,,,,,,,,,,,,,,,,,,,,,,,,,,2026-08-17T09:52:59.767000+00:00,,,,,,,,,,,,,,,,,,,,,,,,,,,,,,,,,1.611352199619392,0.9839925237191758,9.0,0.48588278092501136,0.18418925886370907,91.48880406735566,31.716932216428216,90.503591343596,18.30442266100583,5.456534436533759,27255.417160040735,216.90508406059143,529.9351566117474,308.94412261291615
behavior_window,continuous,468f03a2-d7c9-4701-abf8-bb2c692f696b,892182e1-215c-4a77-bb62-02b4c7028887,2026-08-17T09:52:59.767000+00:00,window_aggregate,,,,,,,,,,2026-08-14T12:52:58.211000+00:00,2026-08-14T12:53:28.211000+00:00,,,,,,,,,,,,,,,,,,,,,,,,,,,,,,2026-08-17T09:52:59.767000+00:00,,,,,,,,,,,,,,,,,,,,,,,,,,,,,,,,,1.611352199619392,0.9839925237191758,9.0,0.48588278092501136,0.18418925886370907,91.48880406735566,31.716932216428216,90.503591343596,18.30442266100583,5.456534436533759,27255.417160040735,216.90508406059143,529.9351566117474,308.94412261291615
behavior_window,continuous,468f03a2-d7c9-4701-abf8-bb2c692f696b,892182e1-215c-4a77-bb62-02b4c7028887,2026-08-17T09:52:59.767000+00:00,window_aggregate,,,,,,,,,,2026-08-14T12:52:58.211000+00:00,2026-08-14T12:53:28.211000+00:00,,,,,,,,,,,,,,,,,,,,,,,,,,,,,,2026-08-17T09:52:59.767000+00:00,,,,,,,,,,,,,,,,,,,,,,,,,,,,,,,,,1.611352199619392,0.9839925237191758,9.0,0.48588278092501136,0.18418925886370907,91.48880406735566,31.716932216428216,90.503591343596,18.30442266100583,5.456534436533759,27255.417160040735,216.90508406059143,529.9351566117474,308.94412261291615
behavior_window,continuous,468f03a2-d7c9-4701-abf8-bb2c692f696b,c565b9ef-2cbb-424c-970f-c61fd2e45677,2026-08-17T09:52:59.768000+00:00,window_aggregate,,,,,,,,,,2026-08-16T05:52:58.211000+00:00,2026-08-16T05:53:28.211000+00:00,,,,,,,,,,,,,,,,,,,,,,,,,,,,,,2026-08-17T09:52:59.768000+00:00,,,,,,,,,,,,,,,,,,,,,,,,,,,,,,,,,1.1610528510894287,0.4768444739024156,9.0,0.4932324355489778,0.12415412930884438,108.47179139672622,39.81520301672437,88.72473186830621,9.770658654690084,3.6925322043316595,4552.935871141415,390.1495589293519,1273.1115324076436,127.61290790227008
behavior_window,continuous,468f03a2-d7c9-4701-abf8-bb2c692f696b,c565b9ef-2cbb-424c-970f-c61fd2e45677,2026-08-17T09:52:59.768000+00:00,window_aggregate,,,,,,,,,,2026-08-16T05:52:58.211000+00:00,2026-08-16T05:53:28.211000+00:00,,,,,,,,,,,,,,,,,,,,,,,,,,,,,,2026-08-17T09:52:59.768000+00:00,,,,,,,,,,,,,,,,,,,,,,,,,,,,,,,,,1.1610528510894287,0.4768444739024156,9.0,0.4932324355489778,0.12415412930884438,108.47179139672622,39.81520301672437,88.72473186830621,9.770658654690084,3.6925322043316595,4552.935871141415,390.1495589293519,1273.1115324076436,127.61290790227008
behavior_window,continuous,468f03a2-d7c9-4701-abf8-bb2c692f696b,c565b9ef-2cbb-424c-970f-c61fd2e45677,2026-08-17T09:52:59.768000+00:00,window_aggregate,,,,,,,,,,2026-08-16T05:52:58.211000+00:00,2026-08-16T05:53:28.211000+00:00,,,,,,,,,,,,,,,,,,,,,,,,,,,,,,2026-08-17T09:52:59.768000+00:00,,,,,,,,,,,,,,,,,,,,,,,,,,,,,,,,,1.1610528510894287,0.4768444739024156,9.0,0.4932324355489778,0.12415412930884438,108.47179139672622,39.81520301672437,88.72473186830621,9.770658654690084,3.6925322043316595,4552.935871141415,390.1495589293519,1273.1115324076436,127.61290790227008
behavior_window,continuous,468f03a2-d7c9-4701-abf8-bb2c692f696b,e3b1241c-dc36-4812-ba05-47cbf46120c8,2026-08-17T09:52:59.769000+00:00,window_aggregate,,,,,,,,,,2026-08-16T11:52:58.211000+00:00,2026-08-16T11:53:28.211000+00:00,,,,,,,,,,,,,,,,,,,,,,,,,,,,,,2026-08-17T09:52:59.769000+00:00,,,,,,,,,,,,,,,,,,,,,,,,,,,,,,,,,1.1416255864604172,0.29035540103957314,5.0,0.4403597567489962,0.1654699080059787,87.10305869901407,28.724764827933036,103.9188487965535,6.696732541904266,5.488409359197748,13377.2871106607,357.07198790890703,1449.1654298487733,333.77330560366806
behavior_window,continuous,468f03a2-d7c9-4701-abf8-bb2c692f696b,e3b1241c-dc36-4812-ba05-47cbf46120c8,2026-08-17T09:52:59.769000+00:00,window_aggregate,,,,,,,,,,2026-08-16T11:52:58.211000+00:00,2026-08-16T11:53:28.211000+00:00,,,,,,,,,,,,,,,,,,,,,,,,,,,,,,2026-08-17T09:52:59.769000+00:00,,,,,,,,,,,,,,,,,,,,,,,,,,,,,,,,,1.1416255864604172,0.29035540103957314,5.0,0.4403597567489962,0.1654699080059787,87.10305869901407,28.724764827933036,103.9188487965535,6.696732541904266,5.488409359197748,13377.2871106607,357.07198790890703,1449.1654298487733,333.77330560366806
behavior_window,continuous,468f03a2-d7c9-4701-abf8-bb2c692f696b,e3b1241c-dc36-4812-ba05-47cbf46120c8,2026-08-17T09:52:59.769000+00:00,window_aggregate,,,,,,,,,,2026-08-16T11:52:58.211000+00:00,2026-08-16T11:53:28.211000+00:00,,,,,,,,,,,,,,,,,,,,,,,,,,,,,,2026-08-17T09:52:59.769000+00:00,,,,,,,,,,,,,,,,,,,,,,,,,,,,,,,,,1.1416255864604172,0.29035540103957314,5.0,0.4403597567489962,0.1654699080059787,87.10305869901407,28.724764827933036,103.9188487965535,6.696732541904266,5.488409359197748,13377.2871106607,357.07198790890703,1449.1654298487733,333.77330560366806
behavior_window,continuous,468f03a2-d7c9-4701-abf8-bb2c692f696b,c565b9ef-2cbb-424c-970f-c61fd2e45677,2026-08-17T09:52:59.768000+00:00,window_aggregate,,,,,,,,,,2026-08-15T09:52:58.211000+00:00,2026-08-15T09:53:28.211000+00:00,,,,,,,,,,,,,,,,,,,,,,,,,,,,,,2026-08-17T09:52:59.768000+00:00,,,,,,,,,,,,,,,,,,,,,,,,,,,,,,,,,0.6931694332271622,0.12057658445130157,8.0,0.3558555278933151,0.057869673982123775,131.54295646042297,17.224378167061236,59.38496595423206,25.184077795227907,5.133990598154565,28061.712459336388,329.8984921323876,1391.9111365373565,229.87859106696632
behavior_window,continuous,468f03a2-d7c9-4701-abf8-bb2c692f696b,c565b9ef-2cbb-424c-970f-c61fd2e45677,2026-08-17T09:52:59.768000+00:00,window_aggregate,,,,,,,,,,2026-08-15T09:52:58.211000+00:00,2026-08-15T09:53:28.211000+00:00,,,,,,,,,,,,,,,,,,,,,,,,,,,,,,2026-08-17T09:52:59.768000+00:00,,,,,,,,,,,,,,,,,,,,,,,,,,,,,,,,,0.6931694332271622,0.12057658445130157,8.0,0.3558555278933151,0.057869673982123775,131.54295646042297,17.224378167061236,59.38496595423206,25.184077795227907,5.133990598154565,28061.712459336388,329.8984921323876,1391.9111365373565,229.87859106696632
behavior_window,continuous,468f03a2-d7c9-4701-abf8-bb2c692f696b,c565b9ef-2cbb-424c-970f-c61fd2e45677,2026-08-17T09:52:59.768000+00:00,window_aggregate,,,,,,,,,,2026-08-15T09:52:58.211000+00:00,2026-08-15T09:53:28.211000+00:00,,,,,,,,,,,,,,,,,,,,,,,,,,,,,,2026-08-17T09:52:59.768000+00:00,,,,,,,,,,,,,,,,,,,,,,,,,,,,,,,,,0.6931694332271622,0.12057658445130157,8.0,0.3558555278933151,0.057869673982123775,131.54295646042297,17.224378167061236,59.38496595423206,25.184077795227907,5.133990598154565,28061.712459336388,329.8984921323876,1391.9111365373565,229.87859106696632
behavior_window,continuous,468f03a2-d7c9-4701-abf8-bb2c692f696b,a245bcdd-43a0-45f4-9fb9-96b30280020e,2026-08-17T09:52:59.768000+00:00,window_aggregate,,,,,,,,,,2026-08-15T19:52:58.211000+00:00,2026-08-15T19:53:28.211000+00:00,,,,,,,,,,,,,,,,,,,,,,,,,,,,,,2026-08-17T09:52:59.768000+00:00,,,,,,,,,,,,,,,,,,,,,,,,,,,,,,,,,2.2062339252315146,0.13339678199758925,1.0,0.20889592529841827,0.12770716395306597,140.29932497990848,14.660928593901412,116.73761366661807,15.640120888304622,3.868013146304064,46598.56535249815,97.04495324395546,679.460317721591,449.5195887568125
behavior_window,continuous,468f03a2-d7c9-4701-abf8-bb2c692f696b,a245bcdd-43a0-45f4-9fb9-96b30280020e,2026-08-17T09:52:59.768000+00:00,window_aggregate,,,,,,,,,,2026-08-15T19:52:58.211000+00:00,2026-08-15T19:53:28.211000+00:00,,,,,,,,,,,,,,,,,,,,,,,,,,,,,,2026-08-17T09:52:59.768000+00:00,,,,,,,,,,,,,,,,,,,,,,,,,,,,,,,,,2.2062339252315146,0.13339678199758925,1.0,0.20889592529841827,0.12770716395306597,140.29932497990848,14.660928593901412,116.73761366661807,15.640120888304622,3.868013146304064,46598.56535249815,97.04495324395546,679.460317721591,449.5195887568125
behavior_window,continuous,468f03a2-d7c9-4701-abf8-bb2c692f696b,a245bcdd-43a0-45f4-9fb9-96b30280020e,2026-08-17T09:52:59.768000+00:00,window_aggregate,,,,,,,,,,2026-08-15T19:52:58.211000+00:00,2026-08-15T19:53:28.211000+00:00,,,,,,,,,,,,,,,,,,,,,,,,,,,,,,2026-08-17T09:52:59.768000+00:00,,,,,,,,,,,,,,,,,,,,,,,,,,,,,,,,,2.2062339252315146,0.13339678199758925,1.0,0.20889592529841827,0.12770716395306597,140.29932497990848,14.660928593901412,116.73761366661807,15.640120888304622,3.868013146304064,46598.56535249815,97.04495324395546,679.460317721591,449.5195887568125
behavior_window,continuous,468f03a2-d7c9-4701-abf8-bb2c692f696b,e3b1241c-dc36-4812-ba05-47cbf46120c8,2026-08-17T09:52:59.769000+00:00,window_aggregate,,,,,,,,,,2026-08-16T05:52:58.211000+00:00,2026-08-16T05:53:28.211000+00:00,,,,,,,,,,,,,,,,,,,,,,,,,,,,,,2026-08-17T09:52:59.769000+00:00,,,,,,,,,,,,,,,,,,,,,,,,,,,,,,,,,1.2047110564965908,0.36564484186249235,3.0,0.4320762962493906,0.1682602504546421,147.38102551054533,19.45265312376145,91.82141892331376,19.417585293190612,5.764897830586797,24621.442402437107,275.8245376013828,1469.6549124457879,424.2935556772921
behavior_window,continuous,468f03a2-d7c9-4701-abf8-bb2c692f696b,e3b1241c-dc36-4812-ba05-47cbf46120c8,2026-08-17T09:52:59.769000+00:00,window_aggregate,,,,,,,,,,2026-08-16T05:52:58.211000+00:00,2026-08-16T05:53:28.211000+00:00,,,,,,,,,,,,,,,,,,,,,,,,,,,,,,2026-08-17T09:52:59.769000+00:00,,,,,,,,,,,,,,,,,,,,,,,,,,,,,,,,,1.2047110564965908,0.36564484186249235,3.0,0.4320762962493906,0.1682602504546421,147.38102551054533,19.45265312376145,91.82141892331376,19.417585293190612,5.764897830586797,24621.442402437107,275.8245376013828,1469.6549124457879,424.2935556772921
behavior_window,continuous,468f03a2-d7c9-4701-abf8-bb2c692f696b,e3b1241c-dc36-4812-ba05-47cbf46120c8,2026-08-17T09:52:59.769000+00:00,window_aggregate,,,,,,,,,,2026-08-16T05:52:58.211000+00:00,2026-08-16T05:53:28.211000+00:00,,,,,,,,,,,,,,,,,,,,,,,,,,,,,,2026-08-17T09:52:59.769000+00:00,,,,,,,,,,,,,,,,,,,,,,,,,,,,,,,,,1.2047110564965908,0.36564484186249235,3.0,0.4320762962493906,0.1682602504546421,147.38102551054533,19.45265312376145,91.82141892331376,19.417585293190612,5.764897830586797,24621.442402437107,275.8245376013828,1469.6549124457879,424.2935556772921
behavior_window,continuous,468f03a2-d7c9-4701-abf8-bb2c692f696b,892182e1-215c-4a77-bb62-02b4c7028887,2026-08-17T09:52:59.767000+00:00,window_aggregate,,,,,,,,,,2026-08-15T14:52:58.211000+00:00,2026-08-15T14:53:28.211000+00:00,,,,,,,,,,,,,,,,,,,,,,,,,,,,,,2026-08-17T09:52:59.767000+00:00,,,,,,,,,,,,,,,,,,,,,,,,,,,,,,,,,2.6544100962374824,0.49325621457367863,0.0,0.3743713272836401,0.18632202195275288,135.39156452902006,38.62490595317951,97.48362532571117,17.0563955483438,4.517128624621831,41647.7622592531,411.0253825417968,529.8684509134081,141.68203259927154
behavior_window,continuous,468f03a2-d7c9-4701-abf8-bb2c692f696b,892182e1-215c-4a77-bb62-02b4c7028887,2026-08-17T09:52:59.767000+00:00,window_aggregate,,,,,,,,,,2026-08-15T14:52:58.211000+00:00,2026-08-15T14:53:28.211000+00:00,,,,,,,,,,,,,,,,,,,,,,,,,,,,,,2026-08-17T09:52:59.767000+00:00,,,,,,,,,,,,,,,,,,,,,,,,,,,,,,,,,2.6544100962374824,0.49325621457367863,0.0,0.3743713272836401,0.18632202195275288,135.39156452902006,38.62490595317951,97.48362532571117,17.0563955483438,4.517128624621831,41647.7622592531,411.0253825417968,529.8684509134081,141.68203259927154
behavior_window,continuous,468f03a2-d7c9-4701-abf8-bb2c692f696b,892182e1-215c-4a77-bb62-02b4c7028887,2026-08-17T09:52:59.767000+00:00,window_aggregate,,,,,,,,,,2026-08-15T14:52:58.211000+00:00,2026-08-15T14:53:28.211000+00:00,,,,,,,,,,,,,,,,,,,,,,,,,,,,,,2026-08-17T09:52:59.767000+00:00,,,,,,,,,,,,,,,,,,,,,,,,,,,,,,,,,2.6544100962374824,0.49325621457367863,0.0,0.3743713272836401,0.18632202195275288,135.39156452902006,38.62490595317951,97.48362532571117,17.0563955483438,4.517128624621831,41647.7622592531,411.0253825417968,529.8684509134081,141.68203259927154
behavior_window,continuous,468f03a2-d7c9-4701-abf8-bb2c692f696b,c565b9ef-2cbb-424c-970f-c61fd2e45677,2026-08-17T09:52:59.768000+00:00,window_aggregate,,,,,,,,,,2026-08-17T09:52:58.211000+00:00,2026-08-17T09:53:28.211000+00:00,,,,,,,,,,,,,,,,,,,,,,,,,,,,,,2026-08-17T09:52:59.768000+00:00,,,,,,,,,,,,,,,,,,,,,,,,,,,,,,,,,2.265198758281307,0.2509436693122484,0.0,0.12264939632200994,0.05216119489370023,147.54165261634762,24.91250909178737,96.31054470573085,9.390384061515363,3.6710285097930058,34079.40927134461,202.10266566708108,720.9891900710163,239.84772944601013
behavior_window,continuous,468f03a2-d7c9-4701-abf8-bb2c692f696b,c565b9ef-2cbb-424c-970f-c61fd2e45677,2026-08-17T09:52:59.768000+00:00,window_aggregate,,,,,,,,,,2026-08-17T09:52:58.211000+00:00,2026-08-17T09:53:28.211000+00:00,,,,,,,,,,,,,,,,,,,,,,,,,,,,,,2026-08-17T09:52:59.768000+00:00,,,,,,,,,,,,,,,,,,,,,,,,,,,,,,,,,2.265198758281307,0.2509436693122484,0.0,0.12264939632200994,0.05216119489370023,147.54165261634762,24.91250909178737,96.31054470573085,9.390384061515363,3.6710285097930058,34079.40927134461,202.10266566708108,720.9891900710163,239.84772944601013
behavior_window,continuous,468f03a2-d7c9-4701-abf8-bb2c692f696b,c565b9ef-2cbb-424c-970f-c61fd2e45677,2026-08-17T09:52:59.768000+00:00,window_aggregate,,,,,,,,,,2026-08-17T09:52:58.211000+00:00,2026-08-17T09:53:28.211000+00:00,,,,,,,,,,,,,,,,,,,,,,,,,,,,,,2026-08-17T09:52:59.768000+00:00,,,,,,,,,,,,,,,,,,,,,,,,,,,,,,,,,2.265198758281307,0.2509436693122484,0.0,0.12264939632200994,0.05216119489370023,147.54165261634762,24.91250909178737,96.31054470573085,9.390384061515363,3.6710285097930058,34079.40927134461,202.10266566708108,720.9891900710163,239.84772944601013
behavior_window,continuous,468f03a2-d7c9-4701-abf8-bb2c692f696b,a245bcdd-43a0-45f4-9fb9-96b30280020e,2026-08-17T09:52:59.768000+00:00,window_aggregate,,,,,,,,,,2026-08-14T12:52:58.211000+00:00,2026-08-14T12:53:28.211000+00:00,,,,,,,,,,,,,,,,,,,,,,,,,,,,,,2026-08-17T09:52:59.768000+00:00,,,,,,,,,,,,,,,,,,,,,,,,,,,,,,,,,2.992483699101661,0.3033861718316299,3.0,0.31404597014470625,0.10870905757350646,146.15187242163805,21.6664785392123,79.26316087363374,14.758895477336319,3.0800787859198606,40110.76659213815,84.49237119084741,1031.497430718782,108.9271476950707
behavior_window,continuous,468f03a2-d7c9-4701-abf8-bb2c692f696b,a245bcdd-43a0-45f4-9fb9-96b30280020e,2026-08-17T09:52:59.768000+00:00,window_aggregate,,,,,,,,,,2026-08-14T12:52:58.211000+00:00,2026-08-14T12:53:28.211000+00:00,,,,,,,,,,,,,,,,,,,,,,,,,,,,,,2026-08-17T09:52:59.768000+00:00,,,,,,,,,,,,,,,,,,,,,,,,,,,,,,,,,2.992483699101661,0.3033861718316299,3.0,0.31404597014470625,0.10870905757350646,146.15187242163805,21.6664785392123,79.26316087363374,14.758895477336319,3.0800787859198606,40110.76659213815,84.49237119084741,1031.497430718782,108.9271476950707
behavior_window,continuous,468f03a2-d7c9-4701-abf8-bb2c692f696b,a245bcdd-43a0-45f4-9fb9-96b30280020e,2026-08-17T09:52:59.768000+00:00,window_aggregate,,,,,,,,,,2026-08-14T12:52:58.211000+00:00,2026-08-14T12:53:28.211000+00:00,,,,,,,,,,,,,,,,,,,,,,,,,,,,,,2026-08-17T09:52:59.768000+00:00,,,,,,,,,,,,,,,,,,,,,,,,,,,,,,,,,2.992483699101661,0.3033861718316299,3.0,0.31404597014470625,0.10870905757350646,146.15187242163805,21.6664785392123,79.26316087363374,14.758895477336319,3.0800787859198606,40110.76659213815,84.49237119084741,1031.497430718782,108.9271476950707
behavior_window,continuous,468f03a2-d7c9-4701-abf8-bb2c692f696b,a245bcdd-43a0-45f4-9fb9-96b30280020e,2026-08-17T09:52:59.768000+00:00,window_aggregate,,,,,,,,,,2026-08-15T06:52:58.211000+00:00,2026-08-15T06:53:28.211000+00:00,,,,,,,,,,,,,,,,,,,,,,,,,,,,,,2026-08-17T09:52:59.768000+00:00,,,,,,,,,,,,,,,,,,,,,,,,,,,,,,,,,1.4906123538037024,0.6803413817658797,3.0,0.26422183861480397,0.16177650747463918,102.36047975367055,13.437156453822737,107.68243072399707,5.327308408652641,4.19113183245209,30308.392546756157,180.67446385552788,1132.4408890757788,139.24652795698492
behavior_window,continuous,468f03a2-d7c9-4701-abf8-bb2c692f696b,a245bcdd-43a0-45f4-9fb9-96b30280020e,2026-08-17T09:52:59.768000+00:00,window_aggregate,,,,,,,,,,2026-08-15T06:52:58.211000+00:00,2026-08-15T06:53:28.211000+00:00,,,,,,,,,,,,,,,,,,,,,,,,,,,,,,2026-08-17T09:52:59.768000+00:00,,,,,,,,,,,,,,,,,,,,,,,,,,,,,,,,,1.4906123538037024,0.6803413817658797,3.0,0.26422183861480397,0.16177650747463918,102.36047975367055,13.437156453822737,107.68243072399707,5.327308408652641,4.19113183245209,30308.392546756157,180.67446385552788,1132.4408890757788,139.24652795698492
behavior_window,continuous,468f03a2-d7c9-4701-abf8-bb2c692f696b,a245bcdd-43a0-45f4-9fb9-96b30280020e,2026-08-17T09:52:59.768000+00:00,window_aggregate,,,,,,,,,,2026-08-15T06:52:58.211000+00:00,2026-08-15T06:53:28.211000+00:00,,,,,,,,,,,,,,,,,,,,,,,,,,,,,,2026-08-17T09:52:59.768000+00:00,,,,,,,,,,,,,,,,,,,,,,,,,,,,,,,,,1.4906123538037024,0.6803413817658797,3.0,0.26422183861480397,0.16177650747463918,102.36047975367055,13.437156453822737,107.68243072399707,5.327308408652641,4.19113183245209,30308.392546756157,180.67446385552788,1132.4408890757788,139.24652795698492
behavior_window,continuous,468f03a2-d7c9-4701-abf8-bb2c692f696b,bed84938-5c26-4776-a5c1-dfafb616181c,2026-08-17T09:52:59.768000+00:00,window_aggregate,,,,,,,,,,2026-08-16T22:52:58.211000+00:00,2026-08-16T22:53:28.211000+00:00,,,,,,,,,,,,,,,,,,,,,,,,,,,,,,2026-08-17T09:52:59.768000+00:00,,,,,,,,,,,,,,,,,,,,,,,,,,,,,,,,,1.254968345681746,0.8558752625464223,10.0,0.4858261809182395,0.1254925140316398,122.15684617050287,30.451014488351685,60.40462431348459,14.510061188596355,4.910444798045589,35941.5772659798,416.7184900567102,1374.001452199101,108.74771196448138
behavior_window,continuous,468f03a2-d7c9-4701-abf8-bb2c692f696b,bed84938-5c26-4776-a5c1-dfafb616181c,2026-08-17T09:52:59.768000+00:00,window_aggregate,,,,,,,,,,2026-08-16T22:52:58.211000+00:00,2026-08-16T22:53:28.211000+00:00,,,,,,,,,,,,,,,,,,,,,,,,,,,,,,2026-08-17T09:52:59.768000+00:00,,,,,,,,,,,,,,,,,,,,,,,,,,,,,,,,,1.254968345681746,0.8558752625464223,10.0,0.4858261809182395,0.1254925140316398,122.15684617050287,30.451014488351685,60.40462431348459,14.510061188596355,4.910444798045589,35941.5772659798,416.7184900567102,1374.001452199101,108.74771196448138
behavior_window,continuous,468f03a2-d7c9-4701-abf8-bb2c692f696b,bed84938-5c26-4776-a5c1-dfafb616181c,2026-08-17T09:52:59.768000+00:00,window_aggregate,,,,,,,,,,2026-08-16T22:52:58.211000+00:00,2026-08-16T22:53:28.211000+00:00,,,,,,,,,,,,,,,,,,,,,,,,,,,,,,2026-08-17T09:52:59.768000+00:00,,,,,,,,,,,,,,,,,,,,,,,,,,,,,,,,,1.254968345681746,0.8558752625464223,10.0,0.4858261809182395,0.1254925140316398,122.15684617050287,30.451014488351685,60.40462431348459,14.510061188596355,4.910444798045589,35941.5772659798,416.7184900567102,1374.001452199101,108.74771196448138
behavior_window,continuous,468f03a2-d7c9-4701-abf8-bb2c692f696b,e3b1241c-dc36-4812-ba05-47cbf46120c8,2026-08-17T09:52:59.769000+00:00,window_aggregate,,,,,,,,,,2026-08-14T18:52:58.211000+00:00,2026-08-14T18:53:28.211000+00:00,,,,,,,,,,,,,,,,,,,,,,,,,,,,,,2026-08-17T09:52:59.769000+00:00,,,,,,,,,,,,,,,,,,,,,,,,,,,,,,,,,0.8409638317501886,0.2089063409694805,9.0,0.48004639721126774,0.1613962171232503,149.8122283201144,39.37260724609082,85.6506259943205,5.764841994433127,5.9096769289068805,27523.63861987852,65.1022724690823,1199.2001303924246,487.22390341895465
behavior_window,continuous,468f03a2-d7c9-4701-abf8-bb2c692f696b,e3b1241c-dc36-4812-ba05-47cbf46120c8,2026-08-17T09:52:59.769000+00:00,window_aggregate,,,,,,,,,,2026-08-14T18:52:58.211000+00:00,2026-08-14T18:53:28.211000+00:00,,,,,,,,,,,,,,,,,,,,,,,,,,,,,,2026-08-17T09:52:59.769000+00:00,,,,,,,,,,,,,,,,,,,,,,,,,,,,,,,,,0.8409638317501886,0.2089063409694805,9.0,0.48004639721126774,0.1613962171232503,149.8122283201144,39.37260724609082,85.6506259943205,5.764841994433127,5.9096769289068805,27523.63861987852,65.1022724690823,1199.2001303924246,487.22390341895465
behavior_window,continuous,468f03a2-d7c9-4701-abf8-bb2c692f696b,e3b1241c-dc36-4812-ba05-47cbf46120c8,2026-08-17T09:52:59.769000+00:00,window_aggregate,,,,,,,,,,2026-08-14T18:52:58.211000+00:00,2026-08-14T18:53:28.211000+00:00,,,,,,,,,,,,,,,,,,,,,,,,,,,,,,2026-08-17T09:52:59.769000+00:00,,,,,,,,,,,,,,,,,,,,,,,,,,,,,,,,,0.8409638317501886,0.2089063409694805,9.0,0.48004639721126774,0.1613962171232503,149.8122283201144,39.37260724609082,85.6506259943205,5.764841994433127,5.9096769289068805,27523.63861987852,65.1022724690823,1199.2001303924246,487.22390341895465
behavior_window,continuous,468f03a2-d7c9-4701-abf8-bb2c692f696b,892182e1-215c-4a77-bb62-02b4c7028887,2026-08-17T09:52:59.768000+00:00,window_aggregate,,,,,,,,,,2026-08-16T23:52:58.211000+00:00,2026-08-16T23:53:28.211000+00:00,,,,,,,,,,,,,,,,,,,,,,,,,,,,,,2026-08-17T09:52:59.768000+00:00,,,,,,,,,,,,,,,,,,,,,,,,,,,,,,,,,1.194906008032906,0.3908498600113701,5.0,0.14989268341294856,0.1949630386783744,134.23746179093447,30.98569673627553,95.65531614508114,24.91255221839857,3.1079416599590806,6201.123094537053,372.85996597036655,1268.4852344137905,273.12811914540214
behavior_window,continuous,468f03a2-d7c9-4701-abf8-bb2c692f696b,892182e1-215c-4a77-bb62-02b4c7028887,2026-08-17T09:52:59.768000+00:00,window_aggregate,,,,,,,,,,2026-08-16T23:52:58.211000+00:00,2026-08-16T23:53:28.211000+00:00,,,,,,,,,,,,,,,,,,,,,,,,,,,,,,2026-08-17T09:52:59.768000+00:00,,,,,,,,,,,,,,,,,,,,,,,,,,,,,,,,,1.194906008032906,0.3908498600113701,5.0,0.14989268341294856,0.1949630386783744,134.23746179093447,30.98569673627553,95.65531614508114,24.91255221839857,3.1079416599590806,6201.123094537053,372.85996597036655,1268.4852344137905,273.12811914540214
behavior_window,continuous,468f03a2-d7c9-4701-abf8-bb2c692f696b,892182e1-215c-4a77-bb62-02b4c7028887,2026-08-17T09:52:59.768000+00:00,window_aggregate,,,,,,,,,,2026-08-16T23:52:58.211000+00:00,2026-08-16T23:53:28.211000+00:00,,,,,,,,,,,,,,,,,,,,,,,,,,,,,,2026-08-17T09:52:59.768000+00:00,,,,,,,,,,,,,,,,,,,,,,,,,,,,,,,,,1.194906008032906,0.3908498600113701,5.0,0.14989268341294856,0.1949630386783744,134.23746179093447,30.98569673627553,95.65531614508114,24.91255221839857,3.1079416599590806,6201.123094537053,372.85996597036655,1268.4852344137905,273.12811914540214
behavior_window,continuous,468f03a2-d7c9-4701-abf8-bb2c692f696b,892182e1-215c-4a77-bb62-02b4c7028887,2026-08-17T09:52:59.768000+00:00,window_aggregate,,,,,,,,,,2026-08-15T05:52:58.211000+00:00,2026-08-15T05:53:28.211000+00:00,,,,,,,,,,,,,,,,,,,,,,,,,,,,,,2026-08-17T09:52:59.768000+00:00,,,,,,,,,,,,,,,,,,,,,,,,,,,,,,,,,2.6604829920393858,0.17851741650713368,4.0,0.17810329209859127,0.12316480375891103,120.54399022238367,35.66181349584133,62.70019858253912,25.137744620222715,4.471470079959807,17687.253356093934,72.50872864735774,1311.456385046472,110.19384522891662
behavior_window,continuous,468f03a2-d7c9-4701-abf8-bb2c692f696b,892182e1-215c-4a77-bb62-02b4c7028887,2026-08-17T09:52:59.768000+00:00,window_aggregate,,,,,,,,,,2026-08-15T05:52:58.211000+00:00,2026-08-15T05:53:28.211000+00:00,,,,,,,,,,,,,,,,,,,,,,,,,,,,,,2026-08-17T09:52:59.768000+00:00,,,,,,,,,,,,,,,,,,,,,,,,,,,,,,,,,2.6604829920393858,0.17851741650713368,4.0,0.17810329209859127,0.12316480375891103,120.54399022238367,35.66181349584133,62.70019858253912,25.137744620222715,4.471470079959807,17687.253356093934,72.50872864735774,1311.456385046472,110.19384522891662
behavior_window,continuous,468f03a2-d7c9-4701-abf8-bb2c692f696b,892182e1-215c-4a77-bb62-02b4c7028887,2026-08-17T09:52:59.768000+00:00,window_aggregate,,,,,,,,,,2026-08-15T05:52:58.211000+00:00,2026-08-15T05:53:28.211000+00:00,,,,,,,,,,,,,,,,,,,,,,,,,,,,,,2026-08-17T09:52:59.768000+00:00,,,,,,,,,,,,,,,,,,,,,,,,,,,,,,,,,2.6604829920393858,0.17851741650713368,4.0,0.17810329209859127,0.12316480375891103,120.54399022238367,35.66181349584133,62.70019858253912,25.137744620222715,4.471470079959807,17687.253356093934,72.50872864735774,1311.456385046472,110.19384522891662
behavior_window,continuous,468f03a2-d7c9-4701-abf8-bb2c692f696b,a245bcdd-43a0-45f4-9fb9-96b30280020e,2026-08-17T09:52:59.768000+00:00,window_aggregate,,,,,,,,,,2026-08-16T00:52:58.211000+00:00,2026-08-16T00:53:28.211000+00:00,,,,,,,,,,,,,,,,,,,,,,,,,,,,,,2026-08-17T09:52:59.768000+00:00,,,,,,,,,,,,,,,,,,,,,,,,,,,,,,,,,2.996541763038724,0.9113900221491971,7.0,0.24590564705203433,0.0727077694045989,134.2202287348714,14.706995362424205,52.20460973234995,22.336460705070287,3.916182327285629,33731.110896908605,488.0730139526863,852.298393984717,145.76426385621613
behavior_window,continuous,468f03a2-d7c9-4701-abf8-bb2c692f696b,a245bcdd-43a0-45f4-9fb9-96b30280020e,2026-08-17T09:52:59.768000+00:00,window_aggregate,,,,,,,,,,2026-08-16T00:52:58.211000+00:00,2026-08-16T00:53:28.211000+00:00,,,,,,,,,,,,,,,,,,,,,,,,,,,,,,2026-08-17T09:52:59.768000+00:00,,,,,,,,,,,,,,,,,,,,,,,,,,,,,,,,,2.996541763038724,0.9113900221491971,7.0,0.24590564705203433,0.0727077694045989,134.2202287348714,14.706995362424205,52.20460973234995,22.336460705070287,3.916182327285629,33731.110896908605,488.0730139526863,852.298393984717,145.76426385621613
behavior_window,continuous,468f03a2-d7c9-4701-abf8-bb2c692f696b,a245bcdd-43a0-45f4-9fb9-96b30280020e,2026-08-17T09:52:59.768000+00:00,window_aggregate,,,,,,,,,,2026-08-16T00:52:58.211000+00:00,2026-08-16T00:53:28.211000+00:00,,,,,,,,,,,,,,,,,,,,,,,,,,,,,,2026-08-17T09:52:59.768000+00:00,,,,,,,,,,,,,,,,,,,,,,,,,,,,,,,,,2.996541763038724,0.9113900221491971,7.0,0.24590564705203433,0.0727077694045989,134.2202287348714,14.706995362424205,52.20460973234995,22.336460705070287,3.916182327285629,33731.110896908605,488.0730139526863,852.298393984717,145.76426385621613
behavior_window,continuous,468f03a2-d7c9-4701-abf8-bb2c692f696b,a245bcdd-43a0-45f4-9fb9-96b30280020e,2026-08-17T09:52:59.768000+00:00,window_aggregate,,,,,,,,,,2026-08-14T18:52:58.211000+00:00,2026-08-14T18:53:28.211000+00:00,,,,,,,,,,,,,,,,,,,,,,,,,,,,,,2026-08-17T09:52:59.768000+00:00,,,,,,,,,,,,,,,,,,,,,,,,,,,,,,,,,1.4807438360217753,0.5795917110165344,1.0,0.22477435021918235,0.16961586725084624,117.16367951162745,29.334250545301103,67.1103563122762,23.920097452627285,5.534055898216286,4285.51090487777,458.88136959572074,1021.8321220213058,416.9990803679103
behavior_window,continuous,468f03a2-d7c9-4701-abf8-bb2c692f696b,a245bcdd-43a0-45f4-9fb9-96b30280020e,2026-08-17T09:52:59.768000+00:00,window_aggregate,,,,,,,,,,2026-08-14T18:52:58.211000+00:00,2026-08-14T18:53:28.211000+00:00,,,,,,,,,,,,,,,,,,,,,,,,,,,,,,2026-08-17T09:52:59.768000+00:00,,,,,,,,,,,,,,,,,,,,,,,,,,,,,,,,,1.4807438360217753,0.5795917110165344,1.0,0.22477435021918235,0.16961586725084624,117.16367951162745,29.334250545301103,67.1103563122762,23.920097452627285,5.534055898216286,4285.51090487777,458.88136959572074,1021.8321220213058,416.9990803679103
behavior_window,continuous,468f03a2-d7c9-4701-abf8-bb2c692f696b,a245bcdd-43a0-45f4-9fb9-96b30280020e,2026-08-17T09:52:59.768000+00:00,window_aggregate,,,,,,,,,,2026-08-14T18:52:58.211000+00:00,2026-08-14T18:53:28.211000+00:00,,,,,,,,,,,,,,,,,,,,,,,,,,,,,,2026-08-17T09:52:59.768000+00:00,,,,,,,,,,,,,,,,,,,,,,,,,,,,,,,,,1.4807438360217753,0.5795917110165344,1.0,0.22477435021918235,0.16961586725084624,117.16367951162745,29.334250545301103,67.1103563122762,23.920097452627285,5.534055898216286,4285.51090487777,458.88136959572074,1021.8321220213058,416.9990803679103
behavior_window,continuous,468f03a2-d7c9-4701-abf8-bb2c692f696b,e3b1241c-dc36-4812-ba05-47cbf46120c8,2026-08-17T09:52:59.769000+00:00,window_aggregate,,,,,,,,,,2026-08-14T19:52:58.211000+00:00,2026-08-14T19:53:28.211000+00:00,,,,,,,,,,,,,,,,,,,,,,,,,,,,,,2026-08-17T09:52:59.769000+00:00,,,,,,,,,,,,,,,,,,,,,,,,,,,,,,,,,0.9084586622654018,0.8525116425484489,10.0,0.12239986010656292,0.13670000130573326,118.97644724567992,25.971538712597216,53.291211752920574,16.873734649583376,4.643126693788132,25198.885386022386,178.64588516330122,572.1126749437865,219.86026563589238
behavior_window,continuous,468f03a2-d7c9-4701-abf8-bb2c692f696b,e3b1241c-dc36-4812-ba05-47cbf46120c8,2026-08-17T09:52:59.769000+00:00,window_aggregate,,,,,,,,,,2026-08-14T19:52:58.211000+00:00,2026-08-14T19:53:28.211000+00:00,,,,,,,,,,,,,,,,,,,,,,,,,,,,,,2026-08-17T09:52:59.769000+00:00,,,,,,,,,,,,,,,,,,,,,,,,,,,,,,,,,0.9084586622654018,0.8525116425484489,10.0,0.12239986010656292,0.13670000130573326,118.97644724567992,25.971538712597216,53.291211752920574,16.873734649583376,4.643126693788132,25198.885386022386,178.64588516330122,572.1126749437865,219.86026563589238
behavior_window,continuous,468f03a2-d7c9-4701-abf8-bb2c692f696b,e3b1241c-dc36-4812-ba05-47cbf46120c8,2026-08-17T09:52:59.769000+00:00,window_aggregate,,,,,,,,,,2026-08-14T19:52:58.211000+00:00,2026-08-14T19:53:28.211000+00:00,,,,,,,,,,,,,,,,,,,,,,,,,,,,,,2026-08-17T09:52:59.769000+00:00,,,,,,,,,,,,,,,,,,,,,,,,,,,,,,,,,0.9084586622654018,0.8525116425484489,10.0,0.12239986010656292,0.13670000130573326,118.97644724567992,25.971538712597216,53.291211752920574,16.873734649583376,4.643126693788132,25198.885386022386,178.64588516330122,572.1126749437865,219.86026563589238
behavior_window,continuous,468f03a2-d7c9-4701-abf8-bb2c692f696b,892182e1-215c-4a77-bb62-02b4c7028887,2026-08-17T09:52:59.767000+00:00,window_aggregate,,,,,,,,,,2026-08-17T00:52:58.211000+00:00,2026-08-17T00:53:28.211000+00:00,,,,,,,,,,,,,,,,,,,,,,,,,,,,,,2026-08-17T09:52:59.767000+00:00,,,,,,,,,,,,,,,,,,,,,,,,,,,,,,,,,2.1145715696230605,0.4803833894663322,10.0,0.29552867528487187,0.10798275522937137,122.0038064557244,32.22710522411184,118.98257098921862,23.227356257268333,3.5466083094463707,29371.69740638036,406.12259447111813,645.7215408957817,390.3319501901498
behavior_window,continuous,468f03a2-d7c9-4701-abf8-bb2c692f696b,892182e1-215c-4a77-bb62-02b4c7028887,2026-08-17T09:52:59.767000+00:00,window_aggregate,,,,,,,,,,2026-08-17T00:52:58.211000+00:00,2026-08-17T00:53:28.211000+00:00,,,,,,,,,,,,,,,,,,,,,,,,,,,,,,2026-08-17T09:52:59.767000+00:00,,,,,,,,,,,,,,,,,,,,,,,,,,,,,,,,,2.1145715696230605,0.4803833894663322,10.0,0.29552867528487187,0.10798275522937137,122.0038064557244,32.22710522411184,118.98257098921862,23.227356257268333,3.5466083094463707,29371.69740638036,406.12259447111813,645.7215408957817,390.3319501901498
behavior_window,continuous,468f03a2-d7c9-4701-abf8-bb2c692f696b,892182e1-215c-4a77-bb62-02b4c7028887,2026-08-17T09:52:59.767000+00:00,window_aggregate,,,,,,,,,,2026-08-17T00:52:58.211000+00:00,2026-08-17T00:53:28.211000+00:00,,,,,,,,,,,,,,,,,,,,,,,,,,,,,,2026-08-17T09:52:59.767000+00:00,,,,,,,,,,,,,,,,,,,,,,,,,,,,,,,,,2.1145715696230605,0.4803833894663322,10.0,0.29552867528487187,0.10798275522937137,122.0038064557244,32.22710522411184,118.98257098921862,23.227356257268333,3.5466083094463707,29371.69740638036,406.12259447111813,645.7215408957817,390.3319501901498
behavior_window,continuous,468f03a2-d7c9-4701-abf8-bb2c692f696b,bed84938-5c26-4776-a5c1-dfafb616181c,2026-08-17T09:52:59.768000+00:00,window_aggregate,,,,,,,,,,2026-08-16T17:52:58.211000+00:00,2026-08-16T17:53:28.211000+00:00,,,,,,,,,,,,,,,,,,,,,,,,,,,,,,2026-08-17T09:52:59.768000+00:00,,,,,,,,,,,,,,,,,,,,,,,,,,,,,,,,,1.4348968868384344,0.7288395163057083,10.0,0.23168299575630802,0.07463502016673747,129.663070615798,11.31161524358142,79.59750536969854,15.051514633066954,3.3916136204668477,28391.085551056778,422.2908765116336,1340.4001106962305,359.9247981949126
behavior_window,continuous,468f03a2-d7c9-4701-abf8-bb2c692f696b,bed84938-5c26-4776-a5c1-dfafb616181c,2026-08-17T09:52:59.768000+00:00,window_aggregate,,,,,,,,,,2026-08-16T17:52:58.211000+00:00,2026-08-16T17:53:28.211000+00:00,,,,,,,,,,,,,,,,,,,,,,,,,,,,,,2026-08-17T09:52:59.768000+00:00,,,,,,,,,,,,,,,,,,,,,,,,,,,,,,,,,1.4348968868384344,0.7288395163057083,10.0,0.23168299575630802,0.07463502016673747,129.663070615798,11.31161524358142,79.59750536969854,15.051514633066954,3.3916136204668477,28391.085551056778,422.2908765116336,1340.4001106962305,359.9247981949126
behavior_window,continuous,468f03a2-d7c9-4701-abf8-bb2c692f696b,bed84938-5c26-4776-a5c1-dfafb616181c,2026-08-17T09:52:59.768000+00:00,window_aggregate,,,,,,,,,,2026-08-16T17:52:58.211000+00:00,2026-08-16T17:53:28.211000+00:00,,,,,,,,,,,,,,,,,,,,,,,,,,,,,,2026-08-17T09:52:59.768000+00:00,,,,,,,,,,,,,,,,,,,,,,,,,,,,,,,,,1.4348968868384344,0.7288395163057083,10.0,0.23168299575630802,0.07463502016673747,129.663070615798,11.31161524358142,79.59750536969854,15.051514633066954,3.3916136204668477,28391.085551056778,422.2908765116336,1340.4001106962305,359.9247981949126
behavior_window,continuous,468f03a2-d7c9-4701-abf8-bb2c692f696b,bed84938-5c26-4776-a5c1-dfafb616181c,2026-08-17T09:52:59.769000+00:00,window_aggregate,,,,,,,,,,2026-08-15T11:52:58.211000+00:00,2026-08-15T11:53:28.211000+00:00,,,,,,,,,,,,,,,,,,,,,,,,,,,,,,2026-08-17T09:52:59.769000+00:00,,,,,,,,,,,,,,,,,,,,,,,,,,,,,,,,,2.733417132476933,0.9226263964390229,8.0,0.2316388879457387,0.07344741755667204,121.45849885120282,10.560910163472448,71.03755187755662,10.439534682141755,3.7524632616320357,48068.97986545793,64.63974040204579,841.2093354566972,471.47263190873895
behavior_window,continuous,468f03a2-d7c9-4701-abf8-bb2c692f696b,bed84938-5c26-4776-a5c1-dfafb616181c,2026-08-17T09:52:59.769000+00:00,window_aggregate,,,,,,,,,,2026-08-15T11:52:58.211000+00:00,2026-08-15T11:53:28.211000+00:00,,,,,,,,,,,,,,,,,,,,,,,,,,,,,,2026-08-17T09:52:59.769000+00:00,,,,,,,,,,,,,,,,,,,,,,,,,,,,,,,,,2.733417132476933,0.9226263964390229,8.0,0.2316388879457387,0.07344741755667204,121.45849885120282,10.560910163472448,71.03755187755662,10.439534682141755,3.7524632616320357,48068.97986545793,64.63974040204579,841.2093354566972,471.47263190873895
behavior_window,continuous,468f03a2-d7c9-4701-abf8-bb2c692f696b,bed84938-5c26-4776-a5c1-dfafb616181c,2026-08-17T09:52:59.769000+00:00,window_aggregate,,,,,,,,,,2026-08-15T11:52:58.211000+00:00,2026-08-15T11:53:28.211000+00:00,,,,,,,,,,,,,,,,,,,,,,,,,,,,,,2026-08-17T09:52:59.769000+00:00,,,,,,,,,,,,,,,,,,,,,,,,,,,,,,,,,2.733417132476933,0.9226263964390229,8.0,0.2316388879457387,0.07344741755667204,121.45849885120282,10.560910163472448,71.03755187755662,10.439534682141755,3.7524632616320357,48068.97986545793,64.63974040204579,841.2093354566972,471.47263190873895
behavior_window,continuous,468f03a2-d7c9-4701-abf8-bb2c692f696b,e3b1241c-dc36-4812-ba05-47cbf46120c8,2026-08-17T09:52:59.769000+00:00,window_aggregate,,,,,,,,,,2026-08-16T14:52:58.211000+00:00,2026-08-16T14:53:28.211000+00:00,,,,,,,,,,,,,,,,,,,,,,,,,,,,,,2026-08-17T09:52:59.769000+00:00,,,,,,,,,,,,,,,,,,,,,,,,,,,,,,,,,1.4523780306498604,0.1533125739549514,4.0,0.1242660175872373,0.15855294509118995,101.72296155474521,18.192282804254603,92.97002496499528,21.29298938752118,5.003174439423512,10165.501422529962,129.24018102735187,617.311085746235,489.0431740407508
behavior_window,continuous,468f03a2-d7c9-4701-abf8-bb2c692f696b,e3b1241c-dc36-4812-ba05-47cbf46120c8,2026-08-17T09:52:59.769000+00:00,window_aggregate,,,,,,,,,,2026-08-16T14:52:58.211000+00:00,2026-08-16T14:53:28.211000+00:00,,,,,,,,,,,,,,,,,,,,,,,,,,,,,,2026-08-17T09:52:59.769000+00:00,,,,,,,,,,,,,,,,,,,,,,,,,,,,,,,,,1.4523780306498604,0.1533125739549514,4.0,0.1242660175872373,0.15855294509118995,101.72296155474521,18.192282804254603,92.97002496499528,21.29298938752118,5.003174439423512,10165.501422529962,129.24018102735187,617.311085746235,489.0431740407508
behavior_window,continuous,468f03a2-d7c9-4701-abf8-bb2c692f696b,e3b1241c-dc36-4812-ba05-47cbf46120c8,2026-08-17T09:52:59.769000+00:00,window_aggregate,,,,,,,,,,2026-08-16T14:52:58.211000+00:00,2026-08-16T14:53:28.211000+00:00,,,,,,,,,,,,,,,,,,,,,,,,,,,,,,2026-08-17T09:52:59.769000+00:00,,,,,,,,,,,,,,,,,,,,,,,,,,,,,,,,,1.4523780306498604,0.1533125739549514,4.0,0.1242660175872373,0.15855294509118995,101.72296155474521,18.192282804254603,92.97002496499528,21.29298938752118,5.003174439423512,10165.501422529962,129.24018102735187,617.311085746235,489.0431740407508
behavior_window,continuous,468f03a2-d7c9-4701-abf8-bb2c692f696b,c565b9ef-2cbb-424c-970f-c61fd2e45677,2026-08-17T09:52:59.768000+00:00,window_aggregate,,,,,,,,,,2026-08-14T20:52:58.211000+00:00,2026-08-14T20:53:28.211000+00:00,,,,,,,,,,,,,,,,,,,,,,,,,,,,,,2026-08-17T09:52:59.768000+00:00,,,,,,,,,,,,,,,,,,,,,,,,,,,,,,,,,1.2266530541593028,0.5489172063690702,7.0,0.35386517933292694,0.1743876282483896,104.89873980593491,17.929467419004666,113.04570075577558,10.487965199735406,5.376014201212595,8816.993735871365,347.08010020116785,526.6856765959235,440.71210706582684
behavior_window,continuous,468f03a2-d7c9-4701-abf8-bb2c692f696b,c565b9ef-2cbb-424c-970f-c61fd2e45677,2026-08-17T09:52:59.768000+00:00,window_aggregate,,,,,,,,,,2026-08-14T20:52:58.211000+00:00,2026-08-14T20:53:28.211000+00:00,,,,,,,,,,,,,,,,,,,,,,,,,,,,,,2026-08-17T09:52:59.768000+00:00,,,,,,,,,,,,,,,,,,,,,,,,,,,,,,,,,1.2266530541593028,0.5489172063690702,7.0,0.35386517933292694,0.1743876282483896,104.89873980593491,17.929467419004666,113.04570075577558,10.487965199735406,5.376014201212595,8816.993735871365,347.08010020116785,526.6856765959235,440.71210706582684
behavior_window,continuous,468f03a2-d7c9-4701-abf8-bb2c692f696b,c565b9ef-2cbb-424c-970f-c61fd2e45677,2026-08-17T09:52:59.768000+00:00,window_aggregate,,,,,,,,,,2026-08-14T20:52:58.211000+00:00,2026-08-14T20:53:28.211000+00:00,,,,,,,,,,,,,,,,,,,,,,,,,,,,,,2026-08-17T09:52:59.768000+00:00,,,,,,,,,,,,,,,,,,,,,,,,,,,,,,,,,1.2266530541593028,0.5489172063690702,7.0,0.35386517933292694,0.1743876282483896,104.89873980593491,17.929467419004666,113.04570075577558,10.487965199735406,5.376014201212595,8816.993735871365,347.08010020116785,526.6856765959235,440.71210706582684
behavior_window,continuous,468f03a2-d7c9-4701-abf8-bb2c692f696b,bed84938-5c26-4776-a5c1-dfafb616181c,2026-08-17T09:52:59.768000+00:00,window_aggregate,,,,,,,,,,2026-08-17T01:52:58.211000+00:00,2026-08-17T01:53:28.211000+00:00,,,,,,,,,,,,,,,,,,,,,,,,,,,,,,2026-08-17T09:52:59.768000+00:00,,,,,,,,,,,,,,,,,,,,,,,,,,,,,,,,,1.4111572151695073,0.17865657329657472,4.0,0.2755132357052497,0.05330750658729666,90.13555710947588,20.22899641398945,78.62262329063714,17.38068874318901,3.5552973459979573,21470.9490548518,383.3008810906217,731.6433149901864,313.91322516130845
behavior_window,continuous,468f03a2-d7c9-4701-abf8-bb2c692f696b,bed84938-5c26-4776-a5c1-dfafb616181c,2026-08-17T09:52:59.768000+00:00,window_aggregate,,,,,,,,,,2026-08-17T01:52:58.211000+00:00,2026-08-17T01:53:28.211000+00:00,,,,,,,,,,,,,,,,,,,,,,,,,,,,,,2026-08-17T09:52:59.768000+00:00,,,,,,,,,,,,,,,,,,,,,,,,,,,,,,,,,1.4111572151695073,0.17865657329657472,4.0,0.2755132357052497,0.05330750658729666,90.13555710947588,20.22899641398945,78.62262329063714,17.38068874318901,3.5552973459979573,21470.9490548518,383.3008810906217,731.6433149901864,313.91322516130845
behavior_window,continuous,468f03a2-d7c9-4701-abf8-bb2c692f696b,bed84938-5c26-4776-a5c1-dfafb616181c,2026-08-17T09:52:59.768000+00:00,window_aggregate,,,,,,,,,,2026-08-17T01:52:58.211000+00:00,2026-08-17T01:53:28.211000+00:00,,,,,,,,,,,,,,,,,,,,,,,,,,,,,,2026-08-17T09:52:59.768000+00:00,,,,,,,,,,,,,,,,,,,,,,,,,,,,,,,,,1.4111572151695073,0.17865657329657472,4.0,0.2755132357052497,0.05330750658729666,90.13555710947588,20.22899641398945,78.62262329063714,17.38068874318901,3.5552973459979573,21470.9490548518,383.3008810906217,731.6433149901864,313.91322516130845
behavior_window,continuous,468f03a2-d7c9-4701-abf8-bb2c692f696b,c565b9ef-2cbb-424c-970f-c61fd2e45677,2026-08-17T09:52:59.768000+00:00,window_aggregate,,,,,,,,,,2026-08-15T20:52:58.211000+00:00,2026-08-15T20:53:28.211000+00:00,,,,,,,,,,,,,,,,,,,,,,,,,,,,,,2026-08-17T09:52:59.768000+00:00,,,,,,,,,,,,,,,,,,,,,,,,,,,,,,,,,1.9039744309671427,0.22321588424652536,9.0,0.39293367173849414,0.05101606664763259,135.5414354991397,27.1257227935741,58.308357676402785,12.520300823650423,3.5648874437210294,16789.28882349701,87.49245208356598,677.5615813675364,228.98198442206285
behavior_window,continuous,468f03a2-d7c9-4701-abf8-bb2c692f696b,c565b9ef-2cbb-424c-970f-c61fd2e45677,2026-08-17T09:52:59.768000+00:00,window_aggregate,,,,,,,,,,2026-08-15T20:52:58.211000+00:00,2026-08-15T20:53:28.211000+00:00,,,,,,,,,,,,,,,,,,,,,,,,,,,,,,2026-08-17T09:52:59.768000+00:00,,,,,,,,,,,,,,,,,,,,,,,,,,,,,,,,,1.9039744309671427,0.22321588424652536,9.0,0.39293367173849414,0.05101606664763259,135.5414354991397,27.1257227935741,58.308357676402785,12.520300823650423,3.5648874437210294,16789.28882349701,87.49245208356598,677.5615813675364,228.98198442206285
behavior_window,continuous,468f03a2-d7c9-4701-abf8-bb2c692f696b,c565b9ef-2cbb-424c-970f-c61fd2e45677,2026-08-17T09:52:59.768000+00:00,window_aggregate,,,,,,,,,,2026-08-15T20:52:58.211000+00:00,2026-08-15T20:53:28.211000+00:00,,,,,,,,,,,,,,,,,,,,,,,,,,,,,,2026-08-17T09:52:59.768000+00:00,,,,,,,,,,,,,,,,,,,,,,,,,,,,,,,,,1.9039744309671427,0.22321588424652536,9.0,0.39293367173849414,0.05101606664763259,135.5414354991397,27.1257227935741,58.308357676402785,12.520300823650423,3.5648874437210294,16789.28882349701,87.49245208356598,677.5615813675364,228.98198442206285
behavior_window,continuous,468f03a2-d7c9-4701-abf8-bb2c692f696b,c565b9ef-2cbb-424c-970f-c61fd2e45677,2026-08-17T09:52:59.768000+00:00,window_aggregate,,,,,,,,,,2026-08-14T13:52:58.211000+00:00,2026-08-14T13:53:28.211000+00:00,,,,,,,,,,,,,,,,,,,,,,,,,,,,,,2026-08-17T09:52:59.768000+00:00,,,,,,,,,,,,,,,,,,,,,,,,,,,,,,,,,2.9766883088645866,0.9907148864375278,6.0,0.3376366252080943,0.05615754792924748,112.10830452953992,16.55809325522145,86.3928006924371,26.65303884260327,3.7156265465865417,26871.644308575782,40.147276949543674,559.1355864969121,403.73153436325407
behavior_window,continuous,468f03a2-d7c9-4701-abf8-bb2c692f696b,c565b9ef-2cbb-424c-970f-c61fd2e45677,2026-08-17T09:52:59.768000+00:00,window_aggregate,,,,,,,,,,2026-08-14T13:52:58.211000+00:00,2026-08-14T13:53:28.211000+00:00,,,,,,,,,,,,,,,,,,,,,,,,,,,,,,2026-08-17T09:52:59.768000+00:00,,,,,,,,,,,,,,,,,,,,,,,,,,,,,,,,,2.9766883088645866,0.9907148864375278,6.0,0.3376366252080943,0.05615754792924748,112.10830452953992,16.55809325522145,86.3928006924371,26.65303884260327,3.7156265465865417,26871.644308575782,40.147276949543674,559.1355864969121,403.73153436325407
behavior_window,continuous,468f03a2-d7c9-4701-abf8-bb2c692f696b,c565b9ef-2cbb-424c-970f-c61fd2e45677,2026-08-17T09:52:59.768000+00:00,window_aggregate,,,,,,,,,,2026-08-14T13:52:58.211000+00:00,2026-08-14T13:53:28.211000+00:00,,,,,,,,,,,,,,,,,,,,,,,,,,,,,,2026-08-17T09:52:59.768000+00:00,,,,,,,,,,,,,,,,,,,,,,,,,,,,,,,,,2.9766883088645866,0.9907148864375278,6.0,0.3376366252080943,0.05615754792924748,112.10830452953992,16.55809325522145,86.3928006924371,26.65303884260327,3.7156265465865417,26871.644308575782,40.147276949543674,559.1355864969121,403.73153436325407
behavior_window,continuous,468f03a2-d7c9-4701-abf8-bb2c692f696b,c565b9ef-2cbb-424c-970f-c61fd2e45677,2026-08-17T09:52:59.768000+00:00,window_aggregate,,,,,,,,,,2026-08-15T15:52:58.211000+00:00,2026-08-15T15:53:28.211000+00:00,,,,,,,,,,,,,,,,,,,,,,,,,,,,,,2026-08-17T09:52:59.768000+00:00,,,,,,,,,,,,,,,,,,,,,,,,,,,,,,,,,2.8724602750026973,0.31151945999907105,4.0,0.20167224449340868,0.15850145773302476,97.9700967327087,27.537762839995334,68.02391712269144,18.75734529922375,4.84050964514806,37020.92793596655,194.90080604916832,535.7773443332607,369.9686928292462
behavior_window,continuous,468f03a2-d7c9-4701-abf8-bb2c692f696b,c565b9ef-2cbb-424c-970f-c61fd2e45677,2026-08-17T09:52:59.768000+00:00,window_aggregate,,,,,,,,,,2026-08-15T15:52:58.211000+00:00,2026-08-15T15:53:28.211000+00:00,,,,,,,,,,,,,,,,,,,,,,,,,,,,,,2026-08-17T09:52:59.768000+00:00,,,,,,,,,,,,,,,,,,,,,,,,,,,,,,,,,2.8724602750026973,0.31151945999907105,4.0,0.20167224449340868,0.15850145773302476,97.9700967327087,27.537762839995334,68.02391712269144,18.75734529922375,4.84050964514806,37020.92793596655,194.90080604916832,535.7773443332607,369.9686928292462
behavior_window,continuous,468f03a2-d7c9-4701-abf8-bb2c692f696b,c565b9ef-2cbb-424c-970f-c61fd2e45677,2026-08-17T09:52:59.768000+00:00,window_aggregate,,,,,,,,,,2026-08-15T15:52:58.211000+00:00,2026-08-15T15:53:28.211000+00:00,,,,,,,,,,,,,,,,,,,,,,,,,,,,,,2026-08-17T09:52:59.768000+00:00,,,,,,,,,,,,,,,,,,,,,,,,,,,,,,,,,2.8724602750026973,0.31151945999907105,4.0,0.20167224449340868,0.15850145773302476,97.9700967327087,27.537762839995334,68.02391712269144,18.75734529922375,4.84050964514806,37020.92793596655,194.90080604916832,535.7773443332607,369.9686928292462
behavior_window,continuous,468f03a2-d7c9-4701-abf8-bb2c692f696b,e3b1241c-dc36-4812-ba05-47cbf46120c8,2026-08-17T09:52:59.769000+00:00,window_aggregate,,,,,,,,,,2026-08-16T10:52:58.211000+00:00,2026-08-16T10:53:28.211000+00:00,,,,,,,,,,,,,,,,,,,,,,,,,,,,,,2026-08-17T09:52:59.769000+00:00,,,,,,,,,,,,,,,,,,,,,,,,,,,,,,,,,2.0223036373565915,0.8953288365099265,8.0,0.20970076424808975,0.16867491733099266,102.75652762305619,33.803187599394434,58.672806779547386,12.5411209672904,5.897590485630763,36748.34315900351,493.14556893821606,1051.5341546919922,261.15701773373894
behavior_window,continuous,468f03a2-d7c9-4701-abf8-bb2c692f696b,e3b1241c-dc36-4812-ba05-47cbf46120c8,2026-08-17T09:52:59.769000+00:00,window_aggregate,,,,,,,,,,2026-08-16T10:52:58.211000+00:00,2026-08-16T10:53:28.211000+00:00,,,,,,,,,,,,,,,,,,,,,,,,,,,,,,2026-08-17T09:52:59.769000+00:00,,,,,,,,,,,,,,,,,,,,,,,,,,,,,,,,,2.0223036373565915,0.8953288365099265,8.0,0.20970076424808975,0.16867491733099266,102.75652762305619,33.803187599394434,58.672806779547386,12.5411209672904,5.897590485630763,36748.34315900351,493.14556893821606,1051.5341546919922,261.15701773373894
behavior_window,continuous,468f03a2-d7c9-4701-abf8-bb2c692f696b,e3b1241c-dc36-4812-ba05-47cbf46120c8,2026-08-17T09:52:59.769000+00:00,window_aggregate,,,,,,,,,,2026-08-16T10:52:58.211000+00:00,2026-08-16T10:53:28.211000+00:00,,,,,,,,,,,,,,,,,,,,,,,,,,,,,,2026-08-17T09:52:59.769000+00:00,,,,,,,,,,,,,,,,,,,,,,,,,,,,,,,,,2.0223036373565915,0.8953288365099265,8.0,0.20970076424808975,0.16867491733099266,102.75652762305619,33.803187599394434,58.672806779547386,12.5411209672904,5.897590485630763,36748.34315900351,493.14556893821606,1051.5341546919922,261.15701773373894
behavior_window,continuous,468f03a2-d7c9-4701-abf8-bb2c692f696b,e3b1241c-dc36-4812-ba05-47cbf46120c8,2026-08-17T09:52:59.769000+00:00,window_aggregate,,,,,,,,,,2026-08-17T04:52:58.211000+00:00,2026-08-17T04:53:28.211000+00:00,,,,,,,,,,,,,,,,,,,,,,,,,,,,,,2026-08-17T09:52:59.769000+00:00,,,,,,,,,,,,,,,,,,,,,,,,,,,,,,,,,0.8656534851057804,0.13841770465456468,6.0,0.31496618851360597,0.09168658277184802,144.2851167217767,31.79691736431685,50.48108564873139,15.419678194065565,3.1961268415754667,27020.710059003846,67.81226368493243,1215.6271133576813,140.26936723767508
behavior_window,continuous,468f03a2-d7c9-4701-abf8-bb2c692f696b,e3b1241c-dc36-4812-ba05-47cbf46120c8,2026-08-17T09:52:59.769000+00:00,window_aggregate,,,,,,,,,,2026-08-17T04:52:58.211000+00:00,2026-08-17T04:53:28.211000+00:00,,,,,,,,,,,,,,,,,,,,,,,,,,,,,,2026-08-17T09:52:59.769000+00:00,,,,,,,,,,,,,,,,,,,,,,,,,,,,,,,,,0.8656534851057804,0.13841770465456468,6.0,0.31496618851360597,0.09168658277184802,144.2851167217767,31.79691736431685,50.48108564873139,15.419678194065565,3.1961268415754667,27020.710059003846,67.81226368493243,1215.6271133576813,140.26936723767508
behavior_window,continuous,468f03a2-d7c9-4701-abf8-bb2c692f696b,e3b1241c-dc36-4812-ba05-47cbf46120c8,2026-08-17T09:52:59.769000+00:00,window_aggregate,,,,,,,,,,2026-08-17T04:52:58.211000+00:00,2026-08-17T04:53:28.211000+00:00,,,,,,,,,,,,,,,,,,,,,,,,,,,,,,2026-08-17T09:52:59.769000+00:00,,,,,,,,,,,,,,,,,,,,,,,,,,,,,,,,,0.8656534851057804,0.13841770465456468,6.0,0.31496618851360597,0.09168658277184802,144.2851167217767,31.79691736431685,50.48108564873139,15.419678194065565,3.1961268415754667,27020.710059003846,67.81226368493243,1215.6271133576813,140.26936723767508
behavior_window,continuous,468f03a2-d7c9-4701-abf8-bb2c692f696b,e3b1241c-dc36-4812-ba05-47cbf46120c8,2026-08-17T09:52:59.769000+00:00,window_aggregate,,,,,,,,,,2026-08-15T11:52:58.211000+00:00,2026-08-15T11:53:28.211000+00:00,,,,,,,,,,,,,,,,,,,,,,,,,,,,,,2026-08-17T09:52:59.769000+00:00,,,,,,,,,,,,,,,,,,,,,,,,,,,,,,,,,1.280521997971892,0.22086774779331184,4.0,0.3039275754184988,0.11062570926847264,123.17022284176934,11.97077791188338,83.82039285622076,21.72715269838462,3.430216027437574,8669.283803734845,119.5624207422551,923.4481906809499,213.61632798783324
behavior_window,continuous,468f03a2-d7c9-4701-abf8-bb2c692f696b,e3b1241c-dc36-4812-ba05-47cbf46120c8,2026-08-17T09:52:59.769000+00:00,window_aggregate,,,,,,,,,,2026-08-15T11:52:58.211000+00:00,2026-08-15T11:53:28.211000+00:00,,,,,,,,,,,,,,,,,,,,,,,,,,,,,,2026-08-17T09:52:59.769000+00:00,,,,,,,,,,,,,,,,,,,,,,,,,,,,,,,,,1.280521997971892,0.22086774779331184,4.0,0.3039275754184988,0.11062570926847264,123.17022284176934,11.97077791188338,83.82039285622076,21.72715269838462,3.430216027437574,8669.283803734845,119.5624207422551,923.4481906809499,213.61632798783324
behavior_window,continuous,468f03a2-d7c9-4701-abf8-bb2c692f696b,e3b1241c-dc36-4812-ba05-47cbf46120c8,2026-08-17T09:52:59.769000+00:00,window_aggregate,,,,,,,,,,2026-08-15T11:52:58.211000+00:00,2026-08-15T11:53:28.211000+00:00,,,,,,,,,,,,,,,,,,,,,,,,,,,,,,2026-08-17T09:52:59.769000+00:00,,,,,,,,,,,,,,,,,,,,,,,,,,,,,,,,,1.280521997971892,0.22086774779331184,4.0,0.3039275754184988,0.11062570926847264,123.17022284176934,11.97077791188338,83.82039285622076,21.72715269838462,3.430216027437574,8669.283803734845,119.5624207422551,923.4481906809499,213.61632798783324
behavior_window,continuous,468f03a2-d7c9-4701-abf8-bb2c692f696b,c565b9ef-2cbb-424c-970f-c61fd2e45677,2026-08-17T09:52:59.768000+00:00,window_aggregate,,,,,,,,,,2026-08-16T00:52:58.211000+00:00,2026-08-16T00:53:28.211000+00:00,,,,,,,,,,,,,,,,,,,,,,,,,,,,,,2026-08-17T09:52:59.768000+00:00,,,,,,,,,,,,,,,,,,,,,,,,,,,,,,,,,2.263308896383029,0.9887490785089719,8.0,0.2655513483992971,0.06221891743842907,87.60221081066001,25.164258696942102,65.25964992229343,13.4991297959277,5.83058960498128,12936.857677518192,31.23707407286308,1177.5794138347483,203.07391568103822
behavior_window,continuous,468f03a2-d7c9-4701-abf8-bb2c692f696b,c565b9ef-2cbb-424c-970f-c61fd2e45677,2026-08-17T09:52:59.768000+00:00,window_aggregate,,,,,,,,,,2026-08-16T00:52:58.211000+00:00,2026-08-16T00:53:28.211000+00:00,,,,,,,,,,,,,,,,,,,,,,,,,,,,,,2026-08-17T09:52:59.768000+00:00,,,,,,,,,,,,,,,,,,,,,,,,,,,,,,,,,2.263308896383029,0.9887490785089719,8.0,0.2655513483992971,0.06221891743842907,87.60221081066001,25.164258696942102,65.25964992229343,13.4991297959277,5.83058960498128,12936.857677518192,31.23707407286308,1177.5794138347483,203.07391568103822
behavior_window,continuous,468f03a2-d7c9-4701-abf8-bb2c692f696b,c565b9ef-2cbb-424c-970f-c61fd2e45677,2026-08-17T09:52:59.768000+00:00,window_aggregate,,,,,,,,,,2026-08-16T00:52:58.211000+00:00,2026-08-16T00:53:28.211000+00:00,,,,,,,,,,,,,,,,,,,,,,,,,,,,,,2026-08-17T09:52:59.768000+00:00,,,,,,,,,,,,,,,,,,,,,,,,,,,,,,,,,2.263308896383029,0.9887490785089719,8.0,0.2655513483992971,0.06221891743842907,87.60221081066001,25.164258696942102,65.25964992229343,13.4991297959277,5.83058960498128,12936.857677518192,31.23707407286308,1177.5794138347483,203.07391568103822
behavior_window,continuous,468f03a2-d7c9-4701-abf8-bb2c692f696b,bed84938-5c26-4776-a5c1-dfafb616181c,2026-08-17T09:52:59.768000+00:00,window_aggregate,,,,,,,,,,2026-08-17T08:52:58.211000+00:00,2026-08-17T08:53:28.211000+00:00,,,,,,,,,,,,,,,,,,,,,,,,,,,,,,2026-08-17T09:52:59.768000+00:00,,,,,,,,,,,,,,,,,,,,,,,,,,,,,,,,,1.0406552493926908,0.2603703583574276,1.0,0.42360265613875414,0.1111827219411769,148.3618066685851,20.654395836856885,51.610870295419886,17.861259615929413,5.614620460058613,1135.6614082926278,321.6915828129643,1105.5380086651217,138.38836940621377
behavior_window,continuous,468f03a2-d7c9-4701-abf8-bb2c692f696b,bed84938-5c26-4776-a5c1-dfafb616181c,2026-08-17T09:52:59.768000+00:00,window_aggregate,,,,,,,,,,2026-08-17T08:52:58.211000+00:00,2026-08-17T08:53:28.211000+00:00,,,,,,,,,,,,,,,,,,,,,,,,,,,,,,2026-08-17T09:52:59.768000+00:00,,,,,,,,,,,,,,,,,,,,,,,,,,,,,,,,,1.0406552493926908,0.2603703583574276,1.0,0.42360265613875414,0.1111827219411769,148.3618066685851,20.654395836856885,51.610870295419886,17.861259615929413,5.614620460058613,1135.6614082926278,321.6915828129643,1105.5380086651217,138.38836940621377
behavior_window,continuous,468f03a2-d7c9-4701-abf8-bb2c692f696b,bed84938-5c26-4776-a5c1-dfafb616181c,2026-08-17T09:52:59.768000+00:00,window_aggregate,,,,,,,,,,2026-08-17T08:52:58.211000+00:00,2026-08-17T08:53:28.211000+00:00,,,,,,,,,,,,,,,,,,,,,,,,,,,,,,2026-08-17T09:52:59.768000+00:00,,,,,,,,,,,,,,,,,,,,,,,,,,,,,,,,,1.0406552493926908,0.2603703583574276,1.0,0.42360265613875414,0.1111827219411769,148.3618066685851,20.654395836856885,51.610870295419886,17.861259615929413,5.614620460058613,1135.6614082926278,321.6915828129643,1105.5380086651217,138.38836940621377
behavior_window,continuous,468f03a2-d7c9-4701-abf8-bb2c692f696b,bed84938-5c26-4776-a5c1-dfafb616181c,2026-08-17T09:52:59.768000+00:00,window_aggregate,,,,,,,,,,2026-08-15T01:52:58.211000+00:00,2026-08-15T01:53:28.211000+00:00,,,,,,,,,,,,,,,,,,,,,,,,,,,,,,2026-08-17T09:52:59.768000+00:00,,,,,,,,,,,,,,,,,,,,,,,,,,,,,,,,,0.6017170493384162,0.2212866362222463,4.0,0.10406749329622103,0.05543582253495263,92.96159575845306,26.3322844377166,62.2350051699772,21.275373201425527,3.232703551611438,42712.1470958752,401.713714225249,1148.3726671959366,164.69201326551683
behavior_window,continuous,468f03a2-d7c9-4701-abf8-bb2c692f696b,bed84938-5c26-4776-a5c1-dfafb616181c,2026-08-17T09:52:59.768000+00:00,window_aggregate,,,,,,,,,,2026-08-15T01:52:58.211000+00:00,2026-08-15T01:53:28.211000+00:00,,,,,,,,,,,,,,,,,,,,,,,,,,,,,,2026-08-17T09:52:59.768000+00:00,,,,,,,,,,,,,,,,,,,,,,,,,,,,,,,,,0.6017170493384162,0.2212866362222463,4.0,0.10406749329622103,0.05543582253495263,92.96159575845306,26.3322844377166,62.2350051699772,21.275373201425527,3.232703551611438,42712.1470958752,401.713714225249,1148.3726671959366,164.69201326551683
behavior_window,continuous,468f03a2-d7c9-4701-abf8-bb2c692f696b,bed84938-5c26-4776-a5c1-dfafb616181c,2026-08-17T09:52:59.768000+00:00,window_aggregate,,,,,,,,,,2026-08-15T01:52:58.211000+00:00,2026-08-15T01:53:28.211000+00:00,,,,,,,,,,,,,,,,,,,,,,,,,,,,,,2026-08-17T09:52:59.768000+00:00,,,,,,,,,,,,,,,,,,,,,,,,,,,,,,,,,0.6017170493384162,0.2212866362222463,4.0,0.10406749329622103,0.05543582253495263,92.96159575845306,26.3322844377166,62.2350051699772,21.275373201425527,3.232703551611438,42712.1470958752,401.713714225249,1148.3726671959366,164.69201326551683
behavior_window,continuous,468f03a2-d7c9-4701-abf8-bb2c692f696b,e3b1241c-dc36-4812-ba05-47cbf46120c8,2026-08-17T09:52:59.769000+00:00,window_aggregate,,,,,,,,,,2026-08-14T20:52:58.211000+00:00,2026-08-14T20:53:28.211000+00:00,,,,,,,,,,,,,,,,,,,,,,,,,,,,,,2026-08-17T09:52:59.769000+00:00,,,,,,,,,,,,,,,,,,,,,,,,,,,,,,,,,2.8194875232743803,0.39361331023185486,4.0,0.47392560029420683,0.1546877221183548,99.67604298593889,10.074956035062332,64.1870633373162,25.58316300192766,4.754432122898656,1444.0578701733166,185.79233745360068,1273.528037866885,347.4581343556642
behavior_window,continuous,468f03a2-d7c9-4701-abf8-bb2c692f696b,e3b1241c-dc36-4812-ba05-47cbf46120c8,2026-08-17T09:52:59.769000+00:00,window_aggregate,,,,,,,,,,2026-08-14T20:52:58.211000+00:00,2026-08-14T20:53:28.211000+00:00,,,,,,,,,,,,,,,,,,,,,,,,,,,,,,2026-08-17T09:52:59.769000+00:00,,,,,,,,,,,,,,,,,,,,,,,,,,,,,,,,,2.8194875232743803,0.39361331023185486,4.0,0.47392560029420683,0.1546877221183548,99.67604298593889,10.074956035062332,64.1870633373162,25.58316300192766,4.754432122898656,1444.0578701733166,185.79233745360068,1273.528037866885,347.4581343556642
behavior_window,continuous,468f03a2-d7c9-4701-abf8-bb2c692f696b,e3b1241c-dc36-4812-ba05-47cbf46120c8,2026-08-17T09:52:59.769000+00:00,window_aggregate,,,,,,,,,,2026-08-14T20:52:58.211000+00:00,2026-08-14T20:53:28.211000+00:00,,,,,,,,,,,,,,,,,,,,,,,,,,,,,,2026-08-17T09:52:59.769000+00:00,,,,,,,,,,,,,,,,,,,,,,,,,,,,,,,,,2.8194875232743803,0.39361331023185486,4.0,0.47392560029420683,0.1546877221183548,99.67604298593889,10.074956035062332,64.1870633373162,25.58316300192766,4.754432122898656,1444.0578701733166,185.79233745360068,1273.528037866885,347.4581343556642
behavior_window,continuous,468f03a2-d7c9-4701-abf8-bb2c692f696b,892182e1-215c-4a77-bb62-02b4c7028887,2026-08-17T09:52:59.767000+00:00,window_aggregate,,,,,,,,,,2026-08-14T14:52:58.211000+00:00,2026-08-14T14:53:28.211000+00:00,,,,,,,,,,,,,,,,,,,,,,,,,,,,,,2026-08-17T09:52:59.767000+00:00,,,,,,,,,,,,,,,,,,,,,,,,,,,,,,,,,2.0885209969298764,0.8890871398819535,8.0,0.4213634593322624,0.19166784301710604,98.79393222164848,35.417946601057025,73.73158655011129,27.66147118143803,5.280939080229572,44795.90370459983,66.70193309596768,556.761373540256,295.21308677221043
behavior_window,continuous,468f03a2-d7c9-4701-abf8-bb2c692f696b,892182e1-215c-4a77-bb62-02b4c7028887,2026-08-17T09:52:59.767000+00:00,window_aggregate,,,,,,,,,,2026-08-14T14:52:58.211000+00:00,2026-08-14T14:53:28.211000+00:00,,,,,,,,,,,,,,,,,,,,,,,,,,,,,,2026-08-17T09:52:59.767000+00:00,,,,,,,,,,,,,,,,,,,,,,,,,,,,,,,,,2.0885209969298764,0.8890871398819535,8.0,0.4213634593322624,0.19166784301710604,98.79393222164848,35.417946601057025,73.73158655011129,27.66147118143803,5.280939080229572,44795.90370459983,66.70193309596768,556.761373540256,295.21308677221043
behavior_window,continuous,468f03a2-d7c9-4701-abf8-bb2c692f696b,892182e1-215c-4a77-bb62-02b4c7028887,2026-08-17T09:52:59.767000+00:00,window_aggregate,,,,,,,,,,2026-08-14T14:52:58.211000+00:00,2026-08-14T14:53:28.211000+00:00,,,,,,,,,,,,,,,,,,,,,,,,,,,,,,2026-08-17T09:52:59.767000+00:00,,,,,,,,,,,,,,,,,,,,,,,,,,,,,,,,,2.0885209969298764,0.8890871398819535,8.0,0.4213634593322624,0.19166784301710604,98.79393222164848,35.417946601057025,73.73158655011129,27.66147118143803,5.280939080229572,44795.90370459983,66.70193309596768,556.761373540256,295.21308677221043
behavior_window,continuous,468f03a2-d7c9-4701-abf8-bb2c692f696b,bed84938-5c26-4776-a5c1-dfafb616181c,2026-08-17T09:52:59.768000+00:00,window_aggregate,,,,,,,,,,2026-08-16T23:52:58.211000+00:00,2026-08-16T23:53:28.211000+00:00,,,,,,,,,,,,,,,,,,,,,,,,,,,,,,2026-08-17T09:52:59.768000+00:00,,,,,,,,,,,,,,,,,,,,,,,,,,,,,,,,,0.8643826622399435,0.18671916798704954,6.0,0.43919388516132096,0.14322210018795098,105.46829560573973,23.950225470610338,69.89634199812858,23.993556521289907,3.121542490966049,22872.764148650207,483.0065119695678,1284.5706199240803,314.6406691644687
behavior_window,continuous,468f03a2-d7c9-4701-abf8-bb2c692f696b,bed84938-5c26-4776-a5c1-dfafb616181c,2026-08-17T09:52:59.768000+00:00,window_aggregate,,,,,,,,,,2026-08-16T23:52:58.211000+00:00,2026-08-16T23:53:28.211000+00:00,,,,,,,,,,,,,,,,,,,,,,,,,,,,,,2026-08-17T09:52:59.768000+00:00,,,,,,,,,,,,,,,,,,,,,,,,,,,,,,,,,0.8643826622399435,0.18671916798704954,6.0,0.43919388516132096,0.14322210018795098,105.46829560573973,23.950225470610338,69.89634199812858,23.993556521289907,3.121542490966049,22872.764148650207,483.0065119695678,1284.5706199240803,314.6406691644687
behavior_window,continuous,468f03a2-d7c9-4701-abf8-bb2c692f696b,bed84938-5c26-4776-a5c1-dfafb616181c,2026-08-17T09:52:59.768000+00:00,window_aggregate,,,,,,,,,,2026-08-16T23:52:58.211000+00:00,2026-08-16T23:53:28.211000+00:00,,,,,,,,,,,,,,,,,,,,,,,,,,,,,,2026-08-17T09:52:59.768000+00:00,,,,,,,,,,,,,,,,,,,,,,,,,,,,,,,,,0.8643826622399435,0.18671916798704954,6.0,0.43919388516132096,0.14322210018795098,105.46829560573973,23.950225470610338,69.89634199812858,23.993556521289907,3.121542490966049,22872.764148650207,483.0065119695678,1284.5706199240803,314.6406691644687
behavior_window,continuous,468f03a2-d7c9-4701-abf8-bb2c692f696b,a245bcdd-43a0-45f4-9fb9-96b30280020e,2026-08-17T09:52:59.768000+00:00,window_aggregate,,,,,,,,,,2026-08-15T15:52:58.211000+00:00,2026-08-15T15:53:28.211000+00:00,,,,,,,,,,,,,,,,,,,,,,,,,,,,,,2026-08-17T09:52:59.768000+00:00,,,,,,,,,,,,,,,,,,,,,,,,,,,,,,,,,2.9437513316779156,0.20083801133014745,1.0,0.43286955442149033,0.1512365116220009,121.69766340122152,32.89305822143568,115.97360139261748,28.51705373335397,3.972740028745977,32824.22295124094,411.6376498550223,925.1919792731289,350.62201647942305
behavior_window,continuous,468f03a2-d7c9-4701-abf8-bb2c692f696b,a245bcdd-43a0-45f4-9fb9-96b30280020e,2026-08-17T09:52:59.768000+00:00,window_aggregate,,,,,,,,,,2026-08-15T15:52:58.211000+00:00,2026-08-15T15:53:28.211000+00:00,,,,,,,,,,,,,,,,,,,,,,,,,,,,,,2026-08-17T09:52:59.768000+00:00,,,,,,,,,,,,,,,,,,,,,,,,,,,,,,,,,2.9437513316779156,0.20083801133014745,1.0,0.43286955442149033,0.1512365116220009,121.69766340122152,32.89305822143568,115.97360139261748,28.51705373335397,3.972740028745977,32824.22295124094,411.6376498550223,925.1919792731289,350.62201647942305
behavior_window,continuous,468f03a2-d7c9-4701-abf8-bb2c692f696b,a245bcdd-43a0-45f4-9fb9-96b30280020e,2026-08-17T09:52:59.768000+00:00,window_aggregate,,,,,,,,,,2026-08-15T15:52:58.211000+00:00,2026-08-15T15:53:28.211000+00:00,,,,,,,,,,,,,,,,,,,,,,,,,,,,,,2026-08-17T09:52:59.768000+00:00,,,,,,,,,,,,,,,,,,,,,,,,,,,,,,,,,2.9437513316779156,0.20083801133014745,1.0,0.43286955442149033,0.1512365116220009,121.69766340122152,32.89305822143568,115.97360139261748,28.51705373335397,3.972740028745977,32824.22295124094,411.6376498550223,925.1919792731289,350.62201647942305
behavior_window,continuous,468f03a2-d7c9-4701-abf8-bb2c692f696b,a245bcdd-43a0-45f4-9fb9-96b30280020e,2026-08-17T09:52:59.768000+00:00,window_aggregate,,,,,,,,,,2026-08-15T14:52:58.211000+00:00,2026-08-15T14:53:28.211000+00:00,,,,,,,,,,,,,,,,,,,,,,,,,,,,,,2026-08-17T09:52:59.768000+00:00,,,,,,,,,,,,,,,,,,,,,,,,,,,,,,,,,1.5695461494474643,0.3245203889257021,4.0,0.21745123212244422,0.0721808403994138,122.12881878399509,32.85241158112727,111.5222006550504,28.645858507312006,4.0830354560335245,27320.677060597514,9.279760145103177,1435.9434101780257,241.26857689129065
behavior_window,continuous,468f03a2-d7c9-4701-abf8-bb2c692f696b,a245bcdd-43a0-45f4-9fb9-96b30280020e,2026-08-17T09:52:59.768000+00:00,window_aggregate,,,,,,,,,,2026-08-15T14:52:58.211000+00:00,2026-08-15T14:53:28.211000+00:00,,,,,,,,,,,,,,,,,,,,,,,,,,,,,,2026-08-17T09:52:59.768000+00:00,,,,,,,,,,,,,,,,,,,,,,,,,,,,,,,,,1.5695461494474643,0.3245203889257021,4.0,0.21745123212244422,0.0721808403994138,122.12881878399509,32.85241158112727,111.5222006550504,28.645858507312006,4.0830354560335245,27320.677060597514,9.279760145103177,1435.9434101780257,241.26857689129065
behavior_window,continuous,468f03a2-d7c9-4701-abf8-bb2c692f696b,a245bcdd-43a0-45f4-9fb9-96b30280020e,2026-08-17T09:52:59.768000+00:00,window_aggregate,,,,,,,,,,2026-08-15T14:52:58.211000+00:00,2026-08-15T14:53:28.211000+00:00,,,,,,,,,,,,,,,,,,,,,,,,,,,,,,2026-08-17T09:52:59.768000+00:00,,,,,,,,,,,,,,,,,,,,,,,,,,,,,,,,,1.5695461494474643,0.3245203889257021,4.0,0.21745123212244422,0.0721808403994138,122.12881878399509,32.85241158112727,111.5222006550504,28.645858507312006,4.0830354560335245,27320.677060597514,9.279760145103177,1435.9434101780257,241.26857689129065
behavior_window,continuous,468f03a2-d7c9-4701-abf8-bb2c692f696b,a245bcdd-43a0-45f4-9fb9-96b30280020e,2026-08-17T09:52:59.768000+00:00,window_aggregate,,,,,,,,,,2026-08-15T09:52:58.211000+00:00,2026-08-15T09:53:28.211000+00:00,,,,,,,,,,,,,,,,,,,,,,,,,,,,,,2026-08-17T09:52:59.768000+00:00,,,,,,,,,,,,,,,,,,,,,,,,,,,,,,,,,1.8733678091090127,0.20846952564693244,9.0,0.19377762307766405,0.07762623114878371,81.99742213597696,35.51142897489359,111.59925867884789,10.206094026458544,3.1595975412122685,47168.82421363686,468.7579666360809,852.8377948804533,432.28932614707634
behavior_window,continuous,468f03a2-d7c9-4701-abf8-bb2c692f696b,a245bcdd-43a0-45f4-9fb9-96b30280020e,2026-08-17T09:52:59.768000+00:00,window_aggregate,,,,,,,,,,2026-08-15T09:52:58.211000+00:00,2026-08-15T09:53:28.211000+00:00,,,,,,,,,,,,,,,,,,,,,,,,,,,,,,2026-08-17T09:52:59.768000+00:00,,,,,,,,,,,,,,,,,,,,,,,,,,,,,,,,,1.8733678091090127,0.20846952564693244,9.0,0.19377762307766405,0.07762623114878371,81.99742213597696,35.51142897489359,111.59925867884789,10.206094026458544,3.1595975412122685,47168.82421363686,468.7579666360809,852.8377948804533,432.28932614707634
behavior_window,continuous,468f03a2-d7c9-4701-abf8-bb2c692f696b,a245bcdd-43a0-45f4-9fb9-96b30280020e,2026-08-17T09:52:59.768000+00:00,window_aggregate,,,,,,,,,,2026-08-15T09:52:58.211000+00:00,2026-08-15T09:53:28.211000+00:00,,,,,,,,,,,,,,,,,,,,,,,,,,,,,,2026-08-17T09:52:59.768000+00:00,,,,,,,,,,,,,,,,,,,,,,,,,,,,,,,,,1.8733678091090127,0.20846952564693244,9.0,0.19377762307766405,0.07762623114878371,81.99742213597696,35.51142897489359,111.59925867884789,10.206094026458544,3.1595975412122685,47168.82421363686,468.7579666360809,852.8377948804533,432.28932614707634
behavior_window,continuous,468f03a2-d7c9-4701-abf8-bb2c692f696b,bed84938-5c26-4776-a5c1-dfafb616181c,2026-08-17T09:52:59.768000+00:00,window_aggregate,,,,,,,,,,2026-08-16T02:52:58.211000+00:00,2026-08-16T02:53:28.211000+00:00,,,,,,,,,,,,,,,,,,,,,,,,,,,,,,2026-08-17T09:52:59.768000+00:00,,,,,,,,,,,,,,,,,,,,,,,,,,,,,,,,,2.8507442437943165,0.16791677151502604,8.0,0.3125427709453932,0.16061305157515313,129.11111003453595,14.40117458244201,112.5382588881145,13.526836475148547,3.9728126158451573,26868.24323281111,221.42648391653995,1487.9537371068895,169.41385287174518
behavior_window,continuous,468f03a2-d7c9-4701-abf8-bb2c692f696b,bed84938-5c26-4776-a5c1-dfafb616181c,2026-08-17T09:52:59.768000+00:00,window_aggregate,,,,,,,,,,2026-08-16T02:52:58.211000+00:00,2026-08-16T02:53:28.211000+00:00,,,,,,,,,,,,,,,,,,,,,,,,,,,,,,2026-08-17T09:52:59.768000+00:00,,,,,,,,,,,,,,,,,,,,,,,,,,,,,,,,,2.8507442437943165,0.16791677151502604,8.0,0.3125427709453932,0.16061305157515313,129.11111003453595,14.40117458244201,112.5382588881145,13.526836475148547,3.9728126158451573,26868.24323281111,221.42648391653995,1487.9537371068895,169.41385287174518
behavior_window,continuous,468f03a2-d7c9-4701-abf8-bb2c692f696b,bed84938-5c26-4776-a5c1-dfafb616181c,2026-08-17T09:52:59.768000+00:00,window_aggregate,,,,,,,,,,2026-08-16T02:52:58.211000+00:00,2026-08-16T02:53:28.211000+00:00,,,,,,,,,,,,,,,,,,,,,,,,,,,,,,2026-08-17T09:52:59.768000+00:00,,,,,,,,,,,,,,,,,,,,,,,,,,,,,,,,,2.8507442437943165,0.16791677151502604,8.0,0.3125427709453932,0.16061305157515313,129.11111003453595,14.40117458244201,112.5382588881145,13.526836475148547,3.9728126158451573,26868.24323281111,221.42648391653995,1487.9537371068895,169.41385287174518
behavior_window,continuous,468f03a2-d7c9-4701-abf8-bb2c692f696b,bed84938-5c26-4776-a5c1-dfafb616181c,2026-08-17T09:52:59.768000+00:00,window_aggregate,,,,,,,,,,2026-08-14T14:52:58.211000+00:00,2026-08-14T14:53:28.211000+00:00,,,,,,,,,,,,,,,,,,,,,,,,,,,,,,2026-08-17T09:52:59.768000+00:00,,,,,,,,,,,,,,,,,,,,,,,,,,,,,,,,,0.6577165798671412,0.5504093765906674,6.0,0.1976454372491618,0.05892628968429102,129.71359759909262,26.574870621205534,79.62757642694109,5.663194751956345,4.509221849673283,25567.568397361836,61.759589274227366,1029.6089254505598,100.28525524950398
behavior_window,continuous,468f03a2-d7c9-4701-abf8-bb2c692f696b,bed84938-5c26-4776-a5c1-dfafb616181c,2026-08-17T09:52:59.768000+00:00,window_aggregate,,,,,,,,,,2026-08-14T14:52:58.211000+00:00,2026-08-14T14:53:28.211000+00:00,,,,,,,,,,,,,,,,,,,,,,,,,,,,,,2026-08-17T09:52:59.768000+00:00,,,,,,,,,,,,,,,,,,,,,,,,,,,,,,,,,0.6577165798671412,0.5504093765906674,6.0,0.1976454372491618,0.05892628968429102,129.71359759909262,26.574870621205534,79.62757642694109,5.663194751956345,4.509221849673283,25567.568397361836,61.759589274227366,1029.6089254505598,100.28525524950398
behavior_window,continuous,468f03a2-d7c9-4701-abf8-bb2c692f696b,bed84938-5c26-4776-a5c1-dfafb616181c,2026-08-17T09:52:59.768000+00:00,window_aggregate,,,,,,,,,,2026-08-14T14:52:58.211000+00:00,2026-08-14T14:53:28.211000+00:00,,,,,,,,,,,,,,,,,,,,,,,,,,,,,,2026-08-17T09:52:59.768000+00:00,,,,,,,,,,,,,,,,,,,,,,,,,,,,,,,,,0.6577165798671412,0.5504093765906674,6.0,0.1976454372491618,0.05892628968429102,129.71359759909262,26.574870621205534,79.62757642694109,5.663194751956345,4.509221849673283,25567.568397361836,61.759589274227366,1029.6089254505598,100.28525524950398
behavior_window,continuous,468f03a2-d7c9-4701-abf8-bb2c692f696b,e3b1241c-dc36-4812-ba05-47cbf46120c8,2026-08-17T09:52:59.769000+00:00,window_aggregate,,,,,,,,,,2026-08-15T23:52:58.211000+00:00,2026-08-15T23:53:28.211000+00:00,,,,,,,,,,,,,,,,,,,,,,,,,,,,,,2026-08-17T09:52:59.769000+00:00,,,,,,,,,,,,,,,,,,,,,,,,,,,,,,,,,1.3917658784726645,0.6259660349842734,10.0,0.2104276252520208,0.08986697594618023,81.63592885796152,30.543559263573723,76.21518129388951,7.052909250763504,5.770541511112935,26899.23171601696,402.8122062766076,1177.8371258162274,427.51890728754506
behavior_window,continuous,468f03a2-d7c9-4701-abf8-bb2c692f696b,e3b1241c-dc36-4812-ba05-47cbf46120c8,2026-08-17T09:52:59.769000+00:00,window_aggregate,,,,,,,,,,2026-08-15T23:52:58.211000+00:00,2026-08-15T23:53:28.211000+00:00,,,,,,,,,,,,,,,,,,,,,,,,,,,,,,2026-08-17T09:52:59.769000+00:00,,,,,,,,,,,,,,,,,,,,,,,,,,,,,,,,,1.3917658784726645,0.6259660349842734,10.0,0.2104276252520208,0.08986697594618023,81.63592885796152,30.543559263573723,76.21518129388951,7.052909250763504,5.770541511112935,26899.23171601696,402.8122062766076,1177.8371258162274,427.51890728754506
behavior_window,continuous,468f03a2-d7c9-4701-abf8-bb2c692f696b,e3b1241c-dc36-4812-ba05-47cbf46120c8,2026-08-17T09:52:59.769000+00:00,window_aggregate,,,,,,,,,,2026-08-15T23:52:58.211000+00:00,2026-08-15T23:53:28.211000+00:00,,,,,,,,,,,,,,,,,,,,,,,,,,,,,,2026-08-17T09:52:59.769000+00:00,,,,,,,,,,,,,,,,,,,,,,,,,,,,,,,,,1.3917658784726645,0.6259660349842734,10.0,0.2104276252520208,0.08986697594618023,81.63592885796152,30.543559263573723,76.21518129388951,7.052909250763504,5.770541511112935,26899.23171601696,402.8122062766076,1177.8371258162274,427.51890728754506
behavior_window,continuous,468f03a2-d7c9-4701-abf8-bb2c692f696b,e3b1241c-dc36-4812-ba05-47cbf46120c8,2026-08-17T09:52:59.769000+00:00,window_aggregate,,,,,,,,,,2026-08-14T23:52:58.211000+00:00,2026-08-14T23:53:28.211000+00:00,,,,,,,,,,,,,,,,,,,,,,,,,,,,,,2026-08-17T09:52:59.769000+00:00,,,,,,,,,,,,,,,,,,,,,,,,,,,,,,,,,2.911461203552065,0.3104501865872925,2.0,0.2596450473334969,0.07347974659721958,148.16349541826472,26.58923390097048,119.76372479126334,19.86049234952566,3.7443413047554035,11069.909780118385,98.86326677980267,985.6081835327018,270.65985976221566
behavior_window,continuous,468f03a2-d7c9-4701-abf8-bb2c692f696b,e3b1241c-dc36-4812-ba05-47cbf46120c8,2026-08-17T09:52:59.769000+00:00,window_aggregate,,,,,,,,,,2026-08-14T23:52:58.211000+00:00,2026-08-14T23:53:28.211000+00:00,,,,,,,,,,,,,,,,,,,,,,,,,,,,,,2026-08-17T09:52:59.769000+00:00,,,,,,,,,,,,,,,,,,,,,,,,,,,,,,,,,2.911461203552065,0.3104501865872925,2.0,0.2596450473334969,0.07347974659721958,148.16349541826472,26.58923390097048,119.76372479126334,19.86049234952566,3.7443413047554035,11069.909780118385,98.86326677980267,985.6081835327018,270.65985976221566
behavior_window,continuous,468f03a2-d7c9-4701-abf8-bb2c692f696b,e3b1241c-dc36-4812-ba05-47cbf46120c8,2026-08-17T09:52:59.769000+00:00,window_aggregate,,,,,,,,,,2026-08-14T23:52:58.211000+00:00,2026-08-14T23:53:28.211000+00:00,,,,,,,,,,,,,,,,,,,,,,,,,,,,,,2026-08-17T09:52:59.769000+00:00,,,,,,,,,,,,,,,,,,,,,,,,,,,,,,,,,2.911461203552065,0.3104501865872925,2.0,0.2596450473334969,0.07347974659721958,148.16349541826472,26.58923390097048,119.76372479126334,19.86049234952566,3.7443413047554035,11069.909780118385,98.86326677980267,985.6081835327018,270.65985976221566
behavior_window,continuous,468f03a2-d7c9-4701-abf8-bb2c692f696b,c565b9ef-2cbb-424c-970f-c61fd2e45677,2026-08-17T09:52:59.768000+00:00,window_aggregate,,,,,,,,,,2026-08-17T03:52:58.211000+00:00,2026-08-17T03:53:28.211000+00:00,,,,,,,,,,,,,,,,,,,,,,,,,,,,,,2026-08-17T09:52:59.768000+00:00,,,,,,,,,,,,,,,,,,,,,,,,,,,,,,,,,1.0434444958924467,0.4329577020380453,8.0,0.25980732345940694,0.14808843456898726,109.27515360714847,25.966316934504412,75.40420859466042,20.997602764522874,5.963420946431897,2736.0315296651925,145.96651363712814,585.6943126911115,247.59196619372239
behavior_window,continuous,468f03a2-d7c9-4701-abf8-bb2c692f696b,c565b9ef-2cbb-424c-970f-c61fd2e45677,2026-08-17T09:52:59.768000+00:00,window_aggregate,,,,,,,,,,2026-08-17T03:52:58.211000+00:00,2026-08-17T03:53:28.211000+00:00,,,,,,,,,,,,,,,,,,,,,,,,,,,,,,2026-08-17T09:52:59.768000+00:00,,,,,,,,,,,,,,,,,,,,,,,,,,,,,,,,,1.0434444958924467,0.4329577020380453,8.0,0.25980732345940694,0.14808843456898726,109.27515360714847,25.966316934504412,75.40420859466042,20.997602764522874,5.963420946431897,2736.0315296651925,145.96651363712814,585.6943126911115,247.59196619372239
behavior_window,continuous,468f03a2-d7c9-4701-abf8-bb2c692f696b,c565b9ef-2cbb-424c-970f-c61fd2e45677,2026-08-17T09:52:59.768000+00:00,window_aggregate,,,,,,,,,,2026-08-17T03:52:58.211000+00:00,2026-08-17T03:53:28.211000+00:00,,,,,,,,,,,,,,,,,,,,,,,,,,,,,,2026-08-17T09:52:59.768000+00:00,,,,,,,,,,,,,,,,,,,,,,,,,,,,,,,,,1.0434444958924467,0.4329577020380453,8.0,0.25980732345940694,0.14808843456898726,109.27515360714847,25.966316934504412,75.40420859466042,20.997602764522874,5.963420946431897,2736.0315296651925,145.96651363712814,585.6943126911115,247.59196619372239
behavior_window,continuous,468f03a2-d7c9-4701-abf8-bb2c692f696b,a245bcdd-43a0-45f4-9fb9-96b30280020e,2026-08-17T09:52:59.768000+00:00,window_aggregate,,,,,,,,,,2026-08-16T22:52:58.211000+00:00,2026-08-16T22:53:28.211000+00:00,,,,,,,,,,,,,,,,,,,,,,,,,,,,,,2026-08-17T09:52:59.768000+00:00,,,,,,,,,,,,,,,,,,,,,,,,,,,,,,,,,2.34853867072634,0.4450034234636443,5.0,0.12128502183468517,0.15507054877871512,145.7999837756065,37.67426894695764,111.5052483607949,7.309553187826763,5.564639987311337,22803.28977962674,105.54296107229833,849.8062933470319,180.60470684175667
behavior_window,continuous,468f03a2-d7c9-4701-abf8-bb2c692f696b,a245bcdd-43a0-45f4-9fb9-96b30280020e,2026-08-17T09:52:59.768000+00:00,window_aggregate,,,,,,,,,,2026-08-16T22:52:58.211000+00:00,2026-08-16T22:53:28.211000+00:00,,,,,,,,,,,,,,,,,,,,,,,,,,,,,,2026-08-17T09:52:59.768000+00:00,,,,,,,,,,,,,,,,,,,,,,,,,,,,,,,,,2.34853867072634,0.4450034234636443,5.0,0.12128502183468517,0.15507054877871512,145.7999837756065,37.67426894695764,111.5052483607949,7.309553187826763,5.564639987311337,22803.28977962674,105.54296107229833,849.8062933470319,180.60470684175667
behavior_window,continuous,468f03a2-d7c9-4701-abf8-bb2c692f696b,a245bcdd-43a0-45f4-9fb9-96b30280020e,2026-08-17T09:52:59.768000+00:00,window_aggregate,,,,,,,,,,2026-08-16T22:52:58.211000+00:00,2026-08-16T22:53:28.211000+00:00,,,,,,,,,,,,,,,,,,,,,,,,,,,,,,2026-08-17T09:52:59.768000+00:00,,,,,,,,,,,,,,,,,,,,,,,,,,,,,,,,,2.34853867072634,0.4450034234636443,5.0,0.12128502183468517,0.15507054877871512,145.7999837756065,37.67426894695764,111.5052483607949,7.309553187826763,5.564639987311337,22803.28977962674,105.54296107229833,849.8062933470319,180.60470684175667
behavior_window,continuous,468f03a2-d7c9-4701-abf8-bb2c692f696b,892182e1-215c-4a77-bb62-02b4c7028887,2026-08-17T09:52:59.767000+00:00,window_aggregate,,,,,,,,,,2026-08-14T13:52:58.211000+00:00,2026-08-14T13:53:28.211000+00:00,,,,,,,,,,,,,,,,,,,,,,,,,,,,,,2026-08-17T09:52:59.767000+00:00,,,,,,,,,,,,,,,,,,,,,,,,,,,,,,,,,1.9881080395040955,0.2675115875681621,5.0,0.13638938738874404,0.13287686624204437,95.4019537711,34.823711749718264,117.81146317265362,17.987881877624176,5.792789579474143,26124.623014517634,191.7246341178071,698.0979396623143,331.43011373644595
behavior_window,continuous,468f03a2-d7c9-4701-abf8-bb2c692f696b,892182e1-215c-4a77-bb62-02b4c7028887,2026-08-17T09:52:59.767000+00:00,window_aggregate,,,,,,,,,,2026-08-14T13:52:58.211000+00:00,2026-08-14T13:53:28.211000+00:00,,,,,,,,,,,,,,,,,,,,,,,,,,,,,,2026-08-17T09:52:59.767000+00:00,,,,,,,,,,,,,,,,,,,,,,,,,,,,,,,,,1.9881080395040955,0.2675115875681621,5.0,0.13638938738874404,0.13287686624204437,95.4019537711,34.823711749718264,117.81146317265362,17.987881877624176,5.792789579474143,26124.623014517634,191.7246341178071,698.0979396623143,331.43011373644595
behavior_window,continuous,468f03a2-d7c9-4701-abf8-bb2c692f696b,892182e1-215c-4a77-bb62-02b4c7028887,2026-08-17T09:52:59.767000+00:00,window_aggregate,,,,,,,,,,2026-08-14T13:52:58.211000+00:00,2026-08-14T13:53:28.211000+00:00,,,,,,,,,,,,,,,,,,,,,,,,,,,,,,2026-08-17T09:52:59.767000+00:00,,,,,,,,,,,,,,,,,,,,,,,,,,,,,,,,,1.9881080395040955,0.2675115875681621,5.0,0.13638938738874404,0.13287686624204437,95.4019537711,34.823711749718264,117.81146317265362,17.987881877624176,5.792789579474143,26124.623014517634,191.7246341178071,698.0979396623143,331.43011373644595
behavior_window,continuous,468f03a2-d7c9-4701-abf8-bb2c692f696b,892182e1-215c-4a77-bb62-02b4c7028887,2026-08-17T09:52:59.767000+00:00,window_aggregate,,,,,,,,,,2026-08-14T11:52:58.211000+00:00,2026-08-14T11:53:28.211000+00:00,,,,,,,,,,,,,,,,,,,,,,,,,,,,,,2026-08-17T09:52:59.767000+00:00,,,,,,,,,,,,,,,,,,,,,,,,,,,,,,,,,2.5059972854809316,0.3497107495082682,8.0,0.45571888982823827,0.054938196919831934,138.37104794611972,25.547029741439903,80.02918765692613,11.68668566006492,3.123145248373894,46489.90928795808,296.08693982012267,1005.729337952002,362.7076853793583
behavior_window,continuous,468f03a2-d7c9-4701-abf8-bb2c692f696b,892182e1-215c-4a77-bb62-02b4c7028887,2026-08-17T09:52:59.767000+00:00,window_aggregate,,,,,,,,,,2026-08-14T11:52:58.211000+00:00,2026-08-14T11:53:28.211000+00:00,,,,,,,,,,,,,,,,,,,,,,,,,,,,,,2026-08-17T09:52:59.767000+00:00,,,,,,,,,,,,,,,,,,,,,,,,,,,,,,,,,2.5059972854809316,0.3497107495082682,8.0,0.45571888982823827,0.054938196919831934,138.37104794611972,25.547029741439903,80.02918765692613,11.68668566006492,3.123145248373894,46489.90928795808,296.08693982012267,1005.729337952002,362.7076853793583
behavior_window,continuous,468f03a2-d7c9-4701-abf8-bb2c692f696b,892182e1-215c-4a77-bb62-02b4c7028887,2026-08-17T09:52:59.767000+00:00,window_aggregate,,,,,,,,,,2026-08-14T11:52:58.211000+00:00,2026-08-14T11:53:28.211000+00:00,,,,,,,,,,,,,,,,,,,,,,,,,,,,,,2026-08-17T09:52:59.767000+00:00,,,,,,,,,,,,,,,,,,,,,,,,,,,,,,,,,2.5059972854809316,0.3497107495082682,8.0,0.45571888982823827,0.054938196919831934,138.37104794611972,25.547029741439903,80.02918765692613,11.68668566006492,3.123145248373894,46489.90928795808,296.08693982012267,1005.729337952002,362.7076853793583
behavior_window,continuous,468f03a2-d7c9-4701-abf8-bb2c692f696b,892182e1-215c-4a77-bb62-02b4c7028887,2026-08-17T09:52:59.767000+00:00,window_aggregate,,,,,,,,,,2026-08-14T17:52:58.211000+00:00,2026-08-14T17:53:28.211000+00:00,,,,,,,,,,,,,,,,,,,,,,,,,,,,,,2026-08-17T09:52:59.767000+00:00,,,,,,,,,,,,,,,,,,,,,,,,,,,,,,,,,1.4254725517466509,0.8843812203660641,2.0,0.2718252935099992,0.06415416248713883,110.65311108992111,14.492981846198774,118.75709394545973,17.094120160787476,5.981046148065038,22869.58737274861,479.262163272671,678.4117701989713,432.9307907991302
behavior_window,continuous,468f03a2-d7c9-4701-abf8-bb2c692f696b,892182e1-215c-4a77-bb62-02b4c7028887,2026-08-17T09:52:59.767000+00:00,window_aggregate,,,,,,,,,,2026-08-14T17:52:58.211000+00:00,2026-08-14T17:53:28.211000+00:00,,,,,,,,,,,,,,,,,,,,,,,,,,,,,,2026-08-17T09:52:59.767000+00:00,,,,,,,,,,,,,,,,,,,,,,,,,,,,,,,,,1.4254725517466509,0.8843812203660641,2.0,0.2718252935099992,0.06415416248713883,110.65311108992111,14.492981846198774,118.75709394545973,17.094120160787476,5.981046148065038,22869.58737274861,479.262163272671,678.4117701989713,432.9307907991302
behavior_window,continuous,468f03a2-d7c9-4701-abf8-bb2c692f696b,892182e1-215c-4a77-bb62-02b4c7028887,2026-08-17T09:52:59.767000+00:00,window_aggregate,,,,,,,,,,2026-08-14T17:52:58.211000+00:00,2026-08-14T17:53:28.211000+00:00,,,,,,,,,,,,,,,,,,,,,,,,,,,,,,2026-08-17T09:52:59.767000+00:00,,,,,,,,,,,,,,,,,,,,,,,,,,,,,,,,,1.4254725517466509,0.8843812203660641,2.0,0.2718252935099992,0.06415416248713883,110.65311108992111,14.492981846198774,118.75709394545973,17.094120160787476,5.981046148065038,22869.58737274861,479.262163272671,678.4117701989713,432.9307907991302
behavior_window,continuous,468f03a2-d7c9-4701-abf8-bb2c692f696b,892182e1-215c-4a77-bb62-02b4c7028887,2026-08-17T09:52:59.768000+00:00,window_aggregate,,,,,,,,,,2026-08-17T04:52:58.211000+00:00,2026-08-17T04:53:28.211000+00:00,,,,,,,,,,,,,,,,,,,,,,,,,,,,,,2026-08-17T09:52:59.768000+00:00,,,,,,,,,,,,,,,,,,,,,,,,,,,,,,,,,2.780290110474688,0.3262503504729273,0.0,0.2267746680269121,0.09484341574424512,144.3467360578913,37.91558434745761,71.0278617621425,26.366048920117603,4.2215641890952025,49146.77205573523,248.25114786192805,1181.5529983284193,458.6151895423364
behavior_window,continuous,468f03a2-d7c9-4701-abf8-bb2c692f696b,892182e1-215c-4a77-bb62-02b4c7028887,2026-08-17T09:52:59.768000+00:00,window_aggregate,,,,,,,,,,2026-08-17T04:52:58.211000+00:00,2026-08-17T04:53:28.211000+00:00,,,,,,,,,,,,,,,,,,,,,,,,,,,,,,2026-08-17T09:52:59.768000+00:00,,,,,,,,,,,,,,,,,,,,,,,,,,,,,,,,,2.780290110474688,0.3262503504729273,0.0,0.2267746680269121,0.09484341574424512,144.3467360578913,37.91558434745761,71.0278617621425,26.366048920117603,4.2215641890952025,49146.77205573523,248.25114786192805,1181.5529983284193,458.6151895423364
behavior_window,continuous,468f03a2-d7c9-4701-abf8-bb2c692f696b,892182e1-215c-4a77-bb62-02b4c7028887,2026-08-17T09:52:59.768000+00:00,window_aggregate,,,,,,,,,,2026-08-17T04:52:58.211000+00:00,2026-08-17T04:53:28.211000+00:00,,,,,,,,,,,,,,,,,,,,,,,,,,,,,,2026-08-17T09:52:59.768000+00:00,,,,,,,,,,,,,,,,,,,,,,,,,,,,,,,,,2.780290110474688,0.3262503504729273,0.0,0.2267746680269121,0.09484341574424512,144.3467360578913,37.91558434745761,71.0278617621425,26.366048920117603,4.2215641890952025,49146.77205573523,248.25114786192805,1181.5529983284193,458.6151895423364
behavior_window,continuous,468f03a2-d7c9-4701-abf8-bb2c692f696b,a245bcdd-43a0-45f4-9fb9-96b30280020e,2026-08-17T09:52:59.768000+00:00,window_aggregate,,,,,,,,,,2026-08-16T23:52:58.211000+00:00,2026-08-16T23:53:28.211000+00:00,,,,,,,,,,,,,,,,,,,,,,,,,,,,,,2026-08-17T09:52:59.768000+00:00,,,,,,,,,,,,,,,,,,,,,,,,,,,,,,,,,2.5018992838129837,0.9518870460172223,7.0,0.34504392781911586,0.19421806502535216,146.0359932140532,33.772117493599,80.33024599789607,23.42325984620467,4.190438962112426,42279.08054675864,28.74293874843048,679.0437419923055,319.4506808973814
behavior_window,continuous,468f03a2-d7c9-4701-abf8-bb2c692f696b,a245bcdd-43a0-45f4-9fb9-96b30280020e,2026-08-17T09:52:59.768000+00:00,window_aggregate,,,,,,,,,,2026-08-16T23:52:58.211000+00:00,2026-08-16T23:53:28.211000+00:00,,,,,,,,,,,,,,,,,,,,,,,,,,,,,,2026-08-17T09:52:59.768000+00:00,,,,,,,,,,,,,,,,,,,,,,,,,,,,,,,,,2.5018992838129837,0.9518870460172223,7.0,0.34504392781911586,0.19421806502535216,146.0359932140532,33.772117493599,80.33024599789607,23.42325984620467,4.190438962112426,42279.08054675864,28.74293874843048,679.0437419923055,319.4506808973814
behavior_window,continuous,468f03a2-d7c9-4701-abf8-bb2c692f696b,a245bcdd-43a0-45f4-9fb9-96b30280020e,2026-08-17T09:52:59.768000+00:00,window_aggregate,,,,,,,,,,2026-08-16T23:52:58.211000+00:00,2026-08-16T23:53:28.211000+00:00,,,,,,,,,,,,,,,,,,,,,,,,,,,,,,2026-08-17T09:52:59.768000+00:00,,,,,,,,,,,,,,,,,,,,,,,,,,,,,,,,,2.5018992838129837,0.9518870460172223,7.0,0.34504392781911586,0.19421806502535216,146.0359932140532,33.772117493599,80.33024599789607,23.42325984620467,4.190438962112426,42279.08054675864,28.74293874843048,679.0437419923055,319.4506808973814
behavior_window,continuous,468f03a2-d7c9-4701-abf8-bb2c692f696b,bed84938-5c26-4776-a5c1-dfafb616181c,2026-08-17T09:52:59.768000+00:00,window_aggregate,,,,,,,,,,2026-08-16T11:52:58.211000+00:00,2026-08-16T11:53:28.211000+00:00,,,,,,,,,,,,,,,,,,,,,,,,,,,,,,2026-08-17T09:52:59.768000+00:00,,,,,,,,,,,,,,,,,,,,,,,,,,,,,,,,,2.5451143021148206,0.5908115552187336,7.0,0.2233598591401703,0.08525115074449316,91.0619531337805,11.095335537280992,52.36668103636477,29.13459200402427,4.425704540596739,13742.71519653245,487.8413808825942,732.126612143225,380.49157547412
behavior_window,continuous,468f03a2-d7c9-4701-abf8-bb2c692f696b,bed84938-5c26-4776-a5c1-dfafb616181c,2026-08-17T09:52:59.768000+00:00,window_aggregate,,,,,,,,,,2026-08-16T11:52:58.211000+00:00,2026-08-16T11:53:28.211000+00:00,,,,,,,,,,,,,,,,,,,,,,,,,,,,,,2026-08-17T09:52:59.768000+00:00,,,,,,,,,,,,,,,,,,,,,,,,,,,,,,,,,2.5451143021148206,0.5908115552187336,7.0,0.2233598591401703,0.08525115074449316,91.0619531337805,11.095335537280992,52.36668103636477,29.13459200402427,4.425704540596739,13742.71519653245,487.8413808825942,732.126612143225,380.49157547412
behavior_window,continuous,468f03a2-d7c9-4701-abf8-bb2c692f696b,bed84938-5c26-4776-a5c1-dfafb616181c,2026-08-17T09:52:59.768000+00:00,window_aggregate,,,,,,,,,,2026-08-16T11:52:58.211000+00:00,2026-08-16T11:53:28.211000+00:00,,,,,,,,,,,,,,,,,,,,,,,,,,,,,,2026-08-17T09:52:59.768000+00:00,,,,,,,,,,,,,,,,,,,,,,,,,,,,,,,,,2.5451143021148206,0.5908115552187336,7.0,0.2233598591401703,0.08525115074449316,91.0619531337805,11.095335537280992,52.36668103636477,29.13459200402427,4.425704540596739,13742.71519653245,487.8413808825942,732.126612143225,380.49157547412
