record_type,source,user_id,session_id,timestamp,event_type,key_code,key_char,dwell_time_ms,flight_time_ms,x,y,delta_x,delta_y,velocity,window_start,window_end,task_type,task_index,trial_index,text_length,backspace_count,correction_count,total_duration_ms,pause_duration_ms,target_id,target_size,click_duration_ms,page,device_id,typing_speed,mean_key_hold,std_key_hold,mean_flight_time,std_flight_time,backspace_rate,correction_rate,pause_mean,pause_std,mouse_speed_mean,mouse_speed_std,mouse_acceleration,click_interval_mean,scroll_speed,trajectory_length,direction_changes,target_acquisition_mean,feature_created_at,training_fv_backspace_rate,training_fv_click_interval_mean,training_fv_correction_rate,training_fv_direction_changes,training_fv_mean_flight_time,training_fv_mean_key_hold,training_fv_mouse_acceleration,training_fv_mouse_speed_mean,training_fv_mouse_speed_std,training_fv_pause_mean,training_fv_pause_std,training_fv_scroll_speed,training_fv_std_flight_time,training_fv_std_key_hold,training_fv_target_acquisition_mean,training_fv_total_duration_ms,training_fv_trajectory_length,training_fv_typing_speed,behavioral_fv_accelerationMean,behavioral_fv_accelerationStd,behavioral_fv_clickCount,behavioral_fv_curvatureMean,behavioral_fv_curvatureStd,behavioral_fv_dwellMeanMs,behavioral_fv_dwellStdMs,behavioral_fv_flightMeanMs,behavioral_fv_flightStdMs,behavioral_fv_keysPerSec,behavioral_fv_mouseTravelPx,behavioral_fv_scrollAmount,behavioral_fv_velocityMean,behavioral_fv_velocityStd,window_f_accelerationMean,window_f_accelerationStd,window_f_clickCount,window_f_curvatureMean,window_f_curvatureStd,window_f_dwellMeanMs,window_f_dwellStdMs,window_f_flightMeanMs,window_f_flightStdMs,window_f_keysPerSec,window_f_mouseTravelPx,window_f_scrollAmount,window_f_velocityMean,window_f_velocityStd
training_event,training,4958d349-1ff1-4f6b-8344-fca7d4d717aa,c57695d3-cb4f-4941-96ea-e839d19ba506,2026-08-12T17:53:04.099000+00:00,mouse_move,,,,,1035.5398237384734,684.1241799198405,,,,,,controlled_typing,4,6,,,,18952.712350675887,,,,,training/controlled_typing,seed_device_4958d349,,,,,,,,,,,,,,,,,,,,,,,,,,,,,,,,,,,,,,,,,,,,,,,,,,,,,,,,,,,,,,,,,,
training_event,training,4958d349-1ff1-4f6b-8344-fca7d4d717aa,c57695d3-cb4f-4941-96ea-e839d19ba506,2026-08-11T19:53:04.099000+00:00,mouse_move,,,,,1212.340528138596,400.8146326913408,,,,,,controlled_typing,1,2,,,,15580.030968395,,,,,training/controlled_typing,seed_device_4958d349,,,,,,,,,,,,,,,,,,,,,,,,,,,,,,,,,,,,,,,,,,,,,,,,,,,,,,,,,,,,,,,,,,
training_event,training,4958d349-1ff1-4f6b-8344-fca7d4d717aa,c57695d3-cb4f-4941-96ea-e839d19ba506,2026-08-16T17:53:04.099000+00:00,mouse_move,,,,,575.3909537225097,396.3995981287413,,,,,,controlled_typing,3,4,,,,21179.648635317797,,,,,training/controlled_typing,seed_device_4958d349,,,,,,,,,,,,,,,,,,,,,,,,,,,,,,,,,,,,,,,,,,,,,,,,,,,,,,,,,,,,,,,,,,
training_event,training,4958d349-1ff1-4f6b-8344-fca7d4d717aa,cbee343a-ac86-46cf-936b-b461fa02d455,2026-08-16T05:53:04.099000+00:00,keyup,76,C,148.35633116518966,143.6042486365406,,,,,,,,repeated_typing,4,1,85,2,2,29777.93964811951,527.0112516277759,,,,training/repeated_typing,seed_device_4958d349,,,,,,,,,,,,,,,,,,,,,,,,,,,,,,,,,,,,,,,,,,,,,,,,,,,,,,,,,,,,,,,,,,
training_event,training,4958d349-1ff1-4f6b-8344-fca7d4d717aa,cbee343a-ac86-46cf-936b-b461fa02d455,2026-08-14T23:53:04.099000+00:00,keyup,82,C,90.14096768279586,127.64173479252031,,,,,,,,repeated_typing,4,7,12,0,0,8468.938121595442,0.31029010310101857,,,,training/repeated_typing,seed_device_4958d349,,,,,,,,,,,,,,,,,,,,,,,,,,,,,,,,,,,,,,,,,,,,,,,,,,,,,,,,,,,,,,,,,,
training_event,training,4958d349-1ff1-4f6b-8344-fca7d4d717aa,cbee343a-ac86-46cf-936b-b461fa02d455,2026-08-17T09:53:04.099000+00:00,keyup,67,W,121.07706424366516,69.79412158835416,,,,,,,,repeated_typing,3,9,94,1,2,7288.92116588472,2631.4956401142704,,,,training/repeated_typing,seed_device_4958d349,,,,,,,,,,,,,,,,,,,,,,,,,,,,,,,,,,,,,,,,,,,,,,,,,,,,,,,,,,,,,,,,,,
training_event,training,4958d349-1ff1-4f6b-8344-fca7d4d717aa,e8c5730a-7b89-4f53-a206-5475980bd840,2026-08-17T08:53:04.099000+00:00,mouse_move,,,,,1079.491717238695,876.5584430573299,,,,,,paragraph_typing,3,6,,,,15561.350242347242,,,,,training/paragraph_typing,seed_device_4958d349,,,,,,,,,,,,,,,,,,,,,,,,,,,,,,,,,,,,,,,,,,,,,,,,,,,,,,,,,,,,,,,,,,
training_event,training,4958d349-1ff1-4f6b-8344-fca7d4d717aa,e8c5730a-7b89-4f53-a206-5475980bd840,2026-08-11T16:53:04.099000+00:00,keyup,81,L,111.55904568938888,104.28126531667637,,,,,,,,paragraph_typing,1,3,97,1,0,7685.763616538819,81.25627130274037,,,,training/paragraph_typing,seed_device_4958d349,,,,,,,,,,,,,,,,,,,,,,,,,,,,,,,,,,,,,,,,,,,,,,,,,,,,,,,,,,,,,,,,,,
training_event,training,4958d349-1ff1-4f6b-8344-fca7d4d717aa,e8c5730a-7b89-4f53-a206-5475980bd840,2026-08-12T23:53:04.099000+00:00,keyup,85,T,115.13783984356051,51.75231353444344,,,,,,,,paragraph_typing,1,0,55,0,0,1138.5516486936033,1173.9197500690696,,,,training/paragraph_typing,seed_device_4958d349,,,,,,,,,,,,,,,,,,,,,,,,,,,,,,,,,,,,,,,,,,,,,,,,,,,,,,,,,,,,,,,,,,
training_event,training,4958d349-1ff1-4f6b-8344-fca7d4d717aa,e8c5730a-7b89-4f53-a206-5475980bd840,2026-08-14T06:53:04.099000+00:00,mouse_scroll,,,,,1452.129512514701,162.5329590262048,,-30.16257495905159,,,,paragraph_typing,1,5,,,,29006.9813603308,,,,,training/paragraph_typing,seed_device_4958d349,,,,,,,,,,,,,,,,,,,,,,,,,,,,,,,,,,,,,,,,,,,,,,,,,,,,,,,,,,,,,,,,,,
training_event,training,4958d349-1ff1-4f6b-8344-fca7d4d717aa,c57695d3-cb4f-4941-96ea-e839d19ba506,2026-08-15T05:53:04.099000+00:00,mouse_scroll,,,,,1016.9478056207696,235.6914213153966,,1.381946877409149,,,,controlled_typing,1,6,,,,5578.384633555395,,,,,training/controlled_typing,seed_device_4958d349,,,,,,,,,,,,,,,,,,,,,,,,,,,,,,,,,,,,,,,,,,,,,,,,,,,,,,,,,,,,,,,,,,
training_event,training,4958d349-1ff1-4f6b-8344-fca7d4d717aa,c57695d3-cb4f-4941-96ea-e839d19ba506,2026-08-12T05:53:04.099000+00:00,mouse_scroll,,,,,1625.6946246850764,615.1772721751382,,-16.694689009268707,,,,controlled_typing,1,9,,,,3877.1416155897914,,,,,training/controlled_typing,seed_device_4958d349,,,,,,,,,,,,,,,,,,,,,,,,,,,,,,,,,,,,,,,,,,,,,,,,,,,,,,,,,,,,,,,,,,
training_event,training,4958d349-1ff1-4f6b-8344-fca7d4d717aa,cbee343a-ac86-46cf-936b-b461fa02d455,2026-08-16T15:53:04.099000+00:00,mouse_scroll,,,,,1692.42589239592,447.9630428607165,,-39.42392608431149,,,,repeated_typing,2,5,,,,14155.107916398814,,,,,training/repeated_typing,seed_device_4958d349,,,,,,,,,,,,,,,,,,,,,,,,,,,,,,,,,,,,,,,,,,,,,,,,,,,,,,,,,,,,,,,,,,
training_event,training,4958d349-1ff1-4f6b-8344-fca7d4d717aa,cbee343a-ac86-46cf-936b-b461fa02d455,2026-08-12T01:53:04.099000+00:00,mouse_click,,,,,1314.807430971222,310.0677204597449,,,,,,repeated_typing,4,9,,,,6676.234013375503,,target_12,small,212.12546667659956,training/repeated_typing,seed_device_4958d349,,,,,,,,,,,,,,,,,,,,,,,,,,,,,,,,,,,,,,,,,,,,,,,,,,,,,,,,,,,,,,,,,,
training_event,training,4958d349-1ff1-4f6b-8344-fca7d4d717aa,cbee343a-ac86-46cf-936b-b461fa02d455,2026-08-13T07:53:04.099000+00:00,mouse_scroll,,,,,1694.104032610303,485.3149730846848,,-9.23615426590564,,,,repeated_typing,4,6,,,,7222.199149653056,,,,,training/repeated_typing,seed_device_4958d349,,,,,,,,,,,,,,,,,,,,,,,,,,,,,,,,,,,,,,,,,,,,,,,,,,,,,,,,,,,,,,,,,,
training_event,training,4958d349-1ff1-4f6b-8344-fca7d4d717aa,e8c5730a-7b89-4f53-a206-5475980bd840,2026-08-15T22:53:04.099000+00:00,mouse_click,,,,,1314.5676545975705,227.0604783118044,,,,,,paragraph_typing,3,4,,,,27627.36193933278,,target_1,medium,64.92245584872859,training/paragraph_typing,seed_device_4958d349,,,,,,,,,,,,,,,,,,,,,,,,,,,,,,,,,,,,,,,,,,,,,,,,,,,,,,,,,,,,,,,,,,
training_event,training,4958d349-1ff1-4f6b-8344-fca7d4d717aa,e8c5730a-7b89-4f53-a206-5475980bd840,2026-08-15T16:53:04.099000+00:00,keydown,67,R,155.07394035386855,112.10901046671273,,,,,,,,paragraph_typing,0,7,22,3,1,24153.230405187478,595.1806061499526,,,,training/paragraph_typing,seed_device_4958d349,,,,,,,,,,,,,,,,,,,,,,,,,,,,,,,,,,,,,,,,,,,,,,,,,,,,,,,,,,,,,,,,,,
training_event,training,4958d349-1ff1-4f6b-8344-fca7d4d717aa,e8c5730a-7b89-4f53-a206-5475980bd840,2026-08-15T18:53:04.099000+00:00,keydown,85,K,122.91762463615558,133.90801766347084,,,,,,,,paragraph_typing,2,7,52,1,2,20697.44357575449,3311.996503916721,,,,training/paragraph_typing,seed_device_4958d349,,,,,,,,,,,,,,,,,,,,,,,,,,,,,,,,,,,,,,,,,,,,,,,,,,,,,,,,,,,,,,,,,,
training_event,training,4958d349-1ff1-4f6b-8344-fca7d4d717aa,e8c5730a-7b89-4f53-a206-5475980bd840,2026-08-13T05:53:04.099000+00:00,keydown,83,K,113.23436034845965,30.482005812058087,,,,,,,,paragraph_typing,0,6,16,2,1,12482.210739640686,377.87404064200115,,,,training/paragraph_typing,seed_device_4958d349,,,,,,,,,,,,,,,,,,,,,,,,,,,,,,,,,,,,,,,,,,,,,,,,,,,,,,,,,,,,,,,,,,
training_event,training,4958d349-1ff1-4f6b-8344-fca7d4d717aa,e8c5730a-7b89-4f53-a206-5475980bd840,2026-08-14T11:53:04.099000+00:00,keyup,85,W,179.07539564870817,104.71072915541971,,,,,,,,paragraph_typing,1,5,50,3,0,8753.519123287268,4346.569080276059,,,,training/paragraph_typing,seed_device_4958d349,,,,,,,,,,,,,,,,,,,,,,,,,,,,,,,,,,,,,,,,,,,,,,,,,,,,,,,,,,,,,,,,,,
training_event,training,4958d349-1ff1-4f6b-8344-fca7d4d717aa,e8c5730a-7b89-4f53-a206-5475980bd840,2026-08-17T09:53:04.099000+00:00,mouse_move,,,,,1339.6439819229897,475.10798625507454,,,,,,paragraph_typing,4,2,,,,4614.919458326546,,,,,training/paragraph_typing,seed_device_4958d349,,,,,,,,,,,,,,,,,,,,,,,,,,,,,,,,,,,,,,,,,,,,,,,,,,,,,,,,,,,,,,,,,,
training_event,training,4958d349-1ff1-4f6b-8344-fca7d4d717aa,e8c5730a-7b89-4f53-a206-5475980bd840,2026-08-12T03:53:04.099000+00:00,mouse_click,,,,,127.74066535670367,318.09355426845894,,,,,,paragraph_typing,0,5,,,,18877.31602318069,,target_4,small,130.56899464100496,training/paragraph_typing,seed_device_4958d349,,,,,,,,,,,,,,,,,,,,,,,,,,,,,,,,,,,,,,,,,,,,,,,,,,,,,,,,,,,,,,,,,,
training_event,training,4958d349-1ff1-4f6b-8344-fca7d4d717aa,e8c5730a-7b89-4f53-a206-5475980bd840,2026-08-11T12:53:04.099000+00:00,keyup,85,H,135.54271393818945,56.49336257796129,,,,,,,,paragraph_typing,3,3,83,3,1,13725.268656181279,76.2211366601584,,,,training/paragraph_typing,seed_device_4958d349,,,,,,,,,,,,,,,,,,,,,,,,,,,,,,,,,,,,,,,,,,,,,,,,,,,,,,,,,,,,,,,,,,
training_event,training,4958d349-1ff1-4f6b-8344-fca7d4d717aa,cbee343a-ac86-46cf-936b-b461fa02d455,2026-08-16T23:53:04.099000+00:00,keydown,74,R,196.37191345884867,118.70307811115691,,,,,,,,repeated_typing,3,7,72,0,2,22298.133439435373,2667.65886990831,,,,training/repeated_typing,seed_device_4958d349,,,,,,,,,,,,,,,,,,,,,,,,,,,,,,,,,,,,,,,,,,,,,,,,,,,,,,,,,,,,,,,,,,
training_event,training,4958d349-1ff1-4f6b-8344-fca7d4d717aa,cbee343a-ac86-46cf-936b-b461fa02d455,2026-08-14T01:53:04.099000+00:00,mouse_click,,,,,911.9776603726856,845.1868522761279,,,,,,repeated_typing,4,1,,,,5199.360142199284,,target_6,small,92.1581664761346,training/repeated_typing,seed_device_4958d349,,,,,,,,,,,,,,,,,,,,,,,,,,,,,,,,,,,,,,,,,,,,,,,,,,,,,,,,,,,,,,,,,,
training_event,training,4958d349-1ff1-4f6b-8344-fca7d4d717aa,cbee343a-ac86-46cf-936b-b461fa02d455,2026-08-16T10:53:04.099000+00:00,mouse_move,,,,,1754.3380497719588,291.5254416777997,,,,,,repeated_typing,3,4,,,,1652.0706856606,,,,,training/repeated_typing,seed_device_4958d349,,,,,,,,,,,,,,,,,,,,,,,,,,,,,,,,,,,,,,,,,,,,,,,,,,,,,,,,,,,,,,,,,,
training_event,training,4958d349-1ff1-4f6b-8344-fca7d4d717aa,e8c5730a-7b89-4f53-a206-5475980bd840,2026-08-16T13:53:04.099000+00:00,mouse_click,,,,,454.00213199952856,886.6067570584498,,,,,,paragraph_typing,0,2,,,,27647.24947214715,,target_2,small,64.56717317784081,training/paragraph_typing,seed_device_4958d349,,,,,,,,,,,,,,,,,,,,,,,,,,,,,,,,,,,,,,,,,,,,,,,,,,,,,,,,,,,,,,,,,,
training_event,training,4958d349-1ff1-4f6b-8344-fca7d4d717aa,e8c5730a-7b89-4f53-a206-5475980bd840,2026-08-16T11:53:04.099000+00:00,mouse_move,,,,,1743.653249773965,448.1239711365097,,,,,,paragraph_typing,0,7,,,,23034.36128176975,,,,,training/paragraph_typing,seed_device_4958d349,,,,,,,,,,,,,,,,,,,,,,,,,,,,,,,,,,,,,,,,,,,,,,,,,,,,,,,,,,,,,,,,,,
training_event,training,4958d349-1ff1-4f6b-8344-fca7d4d717aa,e8c5730a-7b89-4f53-a206-5475980bd840,2026-08-14T03:53:04.099000+00:00,mouse_click,,,,,180.58935260904082,189.72270499978956,,,,,,paragraph_typing,3,7,,,,11121.709968589234,,target_15,medium,145.48597679186588,training/paragraph_typing,seed_device_4958d349,,,,,,,,,,,,,,,,,,,,,,,,,,,,,,,,,,,,,,,,,,,,,,,,,,,,,,,,,,,,,,,,,,
training_event,training,4958d349-1ff1-4f6b-8344-fca7d4d717aa,e8c5730a-7b89-4f53-a206-5475980bd840,2026-08-12T06:53:04.099000+00:00,mouse_click,,,,,157.5803906081307,528.5168194259259,,,,,,paragraph_typing,1,5,,,,25659.03883784865,,target_9,large,285.2471844771421,training/paragraph_typing,seed_device_4958d349,,,,,,,,,,,,,,,,,,,,,,,,,,,,,,,,,,,,,,,,,,,,,,,,,,,,,,,,,,,,,,,,,,
training_event,training,4958d349-1ff1-4f6b-8344-fca7d4d717aa,e8c5730a-7b89-4f53-a206-5475980bd840,2026-08-15T07:53:04.099000+00:00,mouse_scroll,,,,,1453.4943560591387,204.7642436923227,,-8.64822483642508,,,,paragraph_typing,2,8,,,,3332.75395841021,,,,,training/paragraph_typing,seed_device_4958d349,,,,,,,,,,,,,,,,,,,,,,,,,,,,,,,,,,,,,,,,,,,,,,,,,,,,,,,,,,,,,,,,,,
training_event,training,4958d349-1ff1-4f6b-8344-fca7d4d717aa,e8c5730a-7b89-4f53-a206-5475980bd840,2026-08-13T10:53:04.099000+00:00,mouse_scroll,,,,,108.04723544360586,799.9629643407224,,-37.33003567952478,,,,paragraph_typing,1,3,,,,26731.98619843875,,,,,training/paragraph_typing,seed_device_4958d349,,,,,,,,,,,,,,,,,,,,,,,,,,,,,,,,,,,,,,,,,,,,,,,,,,,,,,,,,,,,,,,,,,
training_event,training,4958d349-1ff1-4f6b-8344-fca7d4d717aa,c57695d3-cb4f-4941-96ea-e839d19ba506,2026-08-13T02:53:04.099000+00:00,mouse_move,,,,,153.51025310017928,122.91464890900849,,,,,,controlled_typing,1,0,,,,10770.24420423903,,,,,training/controlled_typing,seed_device_4958d349,,,,,,,,,,,,,,,,,,,,,,,,,,,,,,,,,,,,,,,,,,,,,,,,,,,,,,,,,,,,,,,,,,
training_event,training,4958d349-1ff1-4f6b-8344-fca7d4d717aa,c57695d3-cb4f-4941-96ea-e839d19ba506,2026-08-14T19:53:04.099000+00:00,mouse_scroll,,,,,744.094671737454,870.0394942245019,,27.09885273850901,,,,controlled_typing,0,6,,,,28907.288245603424,,,,,training/controlled_typing,seed_device_4958d349,,,,,,,,,,,,,,,,,,,,,,,,,,,,,,,,,,,,,,,,,,,,,,,,,,,,,,,,,,,,,,,,,,
training_event,training,4958d349-1ff1-4f6b-8344-fca7d4d717aa,c57695d3-cb4f-4941-96ea-e839d19ba506,2026-08-15T05:53:04.099000+00:00,keydown,81,X,196.1792828587138,130.56062174786024,,,,,,,,controlled_typing,3,6,23,2,0,5800.190844495342,3310.460767531282,,,,training/controlled_typing,seed_device_4958d349,,,,,,,,,,,,,,,,,,,,,,,,,,,,,,,,,,,,,,,,,,,,,,,,,,,,,,,,,,,,,,,,,,
training_event,training,4958d349-1ff1-4f6b-8344-fca7d4d717aa,cbee343a-ac86-46cf-936b-b461fa02d455,2026-08-15T01:53:04.099000+00:00,keydown,78,I,89.31529646394395,148.35070858373825,,,,,,,,repeated_typing,2,2,78,1,0,26994.760730681104,14.32164279878856,,,,training/repeated_typing,seed_device_4958d349,,,,,,,,,,,,,,,,,,,,,,,,,,,,,,,,,,,,,,,,,,,,,,,,,,,,,,,,,,,,,,,,,,
training_event,training,4958d349-1ff1-4f6b-8344-fca7d4d717aa,cbee343a-ac86-46cf-936b-b461fa02d455,2026-08-14T11:53:04.099000+00:00,mouse_move,,,,,1336.3656562515548,697.5375080550484,,,,,,repeated_typing,0,1,,,,14599.888269396839,,,,,training/repeated_typing,seed_device_4958d349,,,,,,,,,,,,,,,,,,,,,,,,,,,,,,,,,,,,,,,,,,,,,,,,,,,,,,,,,,,,,,,,,,
training_event,training,4958d349-1ff1-4f6b-8344-fca7d4d717aa,cbee343a-ac86-46cf-936b-b461fa02d455,2026-08-12T04:53:04.099000+00:00,mouse_move,,,,,676.0576063884203,312.39839071225975,,,,,,repeated_typing,4,3,,,,23887.70837538786,,,,,training/repeated_typing,seed_device_4958d349,,,,,,,,,,,,,,,,,,,,,,,,,,,,,,,,,,,,,,,,,,,,,,,,,,,,,,,,,,,,,,,,,,
training_event,training,4958d349-1ff1-4f6b-8344-fca7d4d717aa,e8c5730a-7b89-4f53-a206-5475980bd840,2026-08-14T12:53:04.099000+00:00,mouse_move,,,,,1305.0810310614136,347.83341208876925,,,,,,paragraph_typing,2,9,,,,10670.033445192752,,,,,training/paragraph_typing,seed_device_4958d349,,,,,,,,,,,,,,,,,,,,,,,,,,,,,,,,,,,,,,,,,,,,,,,,,,,,,,,,,,,,,,,,,,
training_event,training,4958d349-1ff1-4f6b-8344-fca7d4d717aa,e8c5730a-7b89-4f53-a206-5475980bd840,2026-08-11T17:53:04.099000+00:00,keyup,90,E,65.78509716476673,140.04815757417225,,,,,,,,paragraph_typing,0,7,62,0,1,1830.2909432924635,4790.227308149319,,,,training/paragraph_typing,seed_device_4958d349,,,,,,,,,,,,,,,,,,,,,,,,,,,,,,,,,,,,,,,,,,,,,,,,,,,,,,,,,,,,,,,,,,
training_event,training,4958d349-1ff1-4f6b-8344-fca7d4d717aa,e8c5730a-7b89-4f53-a206-5475980bd840,2026-08-14T02:53:04.099000+00:00,keyup,90,T,55.90490494741496,55.87288822407151,,,,,,,,paragraph_typing,3,2,90,0,0,24688.418429702142,2078.255289769251,,,,training/paragraph_typing,seed_device_4958d349,,,,,,,,,,,,,,,,,,,,,,,,,,,,,,,,,,,,,,,,,,,,,,,,,,,,,,,,,,,,,,,,,,
training_event,training,4958d349-1ff1-4f6b-8344-fca7d4d717aa,e8c5730a-7b89-4f53-a206-5475980bd840,2026-08-13T22:53:04.099000+00:00,mouse_click,,,,,1598.8225548459561,337.4219424791993,,,,,,paragraph_typing,4,6,,,,15406.002639011229,,target_1,small,229.62443003001457,training/paragraph_typing,seed_device_4958d349,,,,,,,,,,,,,,,,,,,,,,,,,,,,,,,,,,,,,,,,,,,,,,,,,,,,,,,,,,,,,,,,,,
training_event,training,4958d349-1ff1-4f6b-8344-fca7d4d717aa,e8c5730a-7b89-4f53-a206-5475980bd840,2026-08-16T17:53:04.099000+00:00,mouse_move,,,,,1562.9223149429652,638.871151826002,,,,,,paragraph_typing,3,1,,,,6219.500746990558,,,,,training/paragraph_typing,seed_device_4958d349,,,,,,,,,,,,,,,,,,,,,,,,,,,,,,,,,,,,,,,,,,,,,,,,,,,,,,,,,,,,,,,,,,
training_event,training,4958d349-1ff1-4f6b-8344-fca7d4d717aa,c57695d3-cb4f-4941-96ea-e839d19ba506,2026-08-11T23:53:04.099000+00:00,keyup,89,E,198.24685881584355,86.93005383527316,,,,,,,,controlled_typing,0,3,66,1,2,21390.48247698828,3484.517023531746,,,,training/controlled_typing,seed_device_4958d349,,,,,,,,,,,,,,,,,,,,,,,,,,,,,,,,,,,,,,,,,,,,,,,,,,,,,,,,,,,,,,,,,,
training_event,training,4958d349-1ff1-4f6b-8344-fca7d4d717aa,c57695d3-cb4f-4941-96ea-e839d19ba506,2026-08-12T12:53:04.099000+00:00,keydown,88,K,83.06978456338936,39.48824039028985,,,,,,,,controlled_typing,3,1,75,2,0,25202.70790015452,2386.2503679503434,,,,training/controlled_typing,seed_device_4958d349,,,,,,,,,,,,,,,,,,,,,,,,,,,,,,,,,,,,,,,,,,,,,,,,,,,,,,,,,,,,,,,,,,
training_event,training,4958d349-1ff1-4f6b-8344-fca7d4d717aa,c57695d3-cb4f-4941-96ea-e839d19ba506,2026-08-16T10:53:04.099000+00:00,keyup,77,P,93.25041223965566,84.59017114655057,,,,,,,,controlled_typing,0,9,97,0,0,13705.613408664854,2398.4769670053097,,,,training/controlled_typing,seed_device_4958d349,,,,,,,,,,,,,,,,,,,,,,,,,,,,,,,,,,,,,,,,,,,,,,,,,,,,,,,,,,,,,,,,,,
training_event,training,4958d349-1ff1-4f6b-8344-fca7d4d717aa,cbee343a-ac86-46cf-936b-b461fa02d455,2026-08-16T05:53:04.099000+00:00,keydown,73,B,55.38203191481947,90.9284297913753,,,,,,,,repeated_typing,2,3,72,3,1,19453.255676127523,2463.102177017113,,,,training/repeated_typing,seed_device_4958d349,,,,,,,,,,,,,,,,,,,,,,,,,,,,,,,,,,,,,,,,,,,,,,,,,,,,,,,,,,,,,,,,,,
training_event,training,4958d349-1ff1-4f6b-8344-fca7d4d717aa,cbee343a-ac86-46cf-936b-b461fa02d455,2026-08-15T02:53:04.099000+00:00,mouse_scroll,,,,,1374.1202153422128,728.133478712557,,13.040964230366384,,,,repeated_typing,2,3,,,,4140.579062504079,,,,,training/repeated_typing,seed_device_4958d349,,,,,,,,,,,,,,,,,,,,,,,,,,,,,,,,,,,,,,,,,,,,,,,,,,,,,,,,,,,,,,,,,,
training_event,training,4958d349-1ff1-4f6b-8344-fca7d4d717aa,cbee343a-ac86-46cf-936b-b461fa02d455,2026-08-16T12:53:04.099000+00:00,mouse_click,,,,,1397.801343251889,582.9321085643428,,,,,,repeated_typing,4,4,,,,4138.266151010221,,target_11,large,155.19404839644037,training/repeated_typing,seed_device_4958d349,,,,,,,,,,,,,,,,,,,,,,,,,,,,,,,,,,,,,,,,,,,,,,,,,,,,,,,,,,,,,,,,,,
training_event,training,4958d349-1ff1-4f6b-8344-fca7d4d717aa,cbee343a-ac86-46cf-936b-b461fa02d455,2026-08-12T14:53:04.099000+00:00,mouse_click,,,,,477.908434317477,479.1977240103115,,,,,,repeated_typing,3,3,,,,1269.7173702263806,,target_1,medium,290.26346204730476,training/repeated_typing,seed_device_4958d349,,,,,,,,,,,,,,,,,,,,,,,,,,,,,,,,,,,,,,,,,,,,,,,,,,,,,,,,,,,,,,,,,,
training_event,training,4958d349-1ff1-4f6b-8344-fca7d4d717aa,cbee343a-ac86-46cf-936b-b461fa02d455,2026-08-14T01:53:04.099000+00:00,keydown,81,L,177.67543782090365,88.77099540997027,,,,,,,,repeated_typing,4,3,17,2,1,5885.2665501152,894.7371698689766,,,,training/repeated_typing,seed_device_4958d349,,,,,,,,,,,,,,,,,,,,,,,,,,,,,,,,,,,,,,,,,,,,,,,,,,,,,,,,,,,,,,,,,,
training_event,training,4958d349-1ff1-4f6b-8344-fca7d4d717aa,cbee343a-ac86-46cf-936b-b461fa02d455,2026-08-12T17:53:04.099000+00:00,keydown,71,D,130.8547351645036,33.1595862815377,,,,,,,,repeated_typing,1,0,30,0,2,2718.585290549544,2167.6022910628712,,,,training/repeated_typing,seed_device_4958d349,,,,,,,,,,,,,,,,,,,,,,,,,,,,,,,,,,,,,,,,,,,,,,,,,,,,,,,,,,,,,,,,,,
training_event,training,4958d349-1ff1-4f6b-8344-fca7d4d717aa,e8c5730a-7b89-4f53-a206-5475980bd840,2026-08-16T11:53:04.099000+00:00,mouse_click,,,,,1392.74871015011,628.6502691724392,,,,,,paragraph_typing,0,6,,,,19695.377616423957,,target_15,small,296.47685266679184,training/paragraph_typing,seed_device_4958d349,,,,,,,,,,,,,,,,,,,,,,,,,,,,,,,,,,,,,,,,,,,,,,,,,,,,,,,,,,,,,,,,,,
training_event,training,4958d349-1ff1-4f6b-8344-fca7d4d717aa,e8c5730a-7b89-4f53-a206-5475980bd840,2026-08-13T08:53:04.099000+00:00,mouse_click,,,,,1452.2410147272021,843.827778264768,,,,,,paragraph_typing,4,5,,,,24100.600600302918,,target_9,small,52.76372671433134,training/paragraph_typing,seed_device_4958d349,,,,,,,,,,,,,,,,,,,,,,,,,,,,,,,,,,,,,,,,,,,,,,,,,,,,,,,,,,,,,,,,,,
training_event,training,4958d349-1ff1-4f6b-8344-fca7d4d717aa,e8c5730a-7b89-4f53-a206-5475980bd840,2026-08-14T06:53:04.099000+00:00,mouse_move,,,,,1096.759332608789,487.368695503194,,,,,,paragraph_typing,4,3,,,,9961.327862753968,,,,,training/paragraph_typing,seed_device_4958d349,,,,,,,,,,,,,,,,,,,,,,,,,,,,,,,,,,,,,,,,,,,,,,,,,,,,,,,,,,,,,,,,,,
training_event,training,4958d349-1ff1-4f6b-8344-fca7d4d717aa,e8c5730a-7b89-4f53-a206-5475980bd840,2026-08-12T10:53:04.099000+00:00,keyup,75,M,94.26260845039556,96.36295717882608,,,,,,,,paragraph_typing,3,7,84,2,0,18537.944324983786,3516.673163564504,,,,training/paragraph_typing,seed_device_4958d349,,,,,,,,,,,,,,,,,,,,,,,,,,,,,,,,,,,,,,,,,,,,,,,,,,,,,,,,,,,,,,,,,,
training_event,training,4958d349-1ff1-4f6b-8344-fca7d4d717aa,c57695d3-cb4f-4941-96ea-e839d19ba506,2026-08-15T12:53:04.099000+00:00,mouse_click,,,,,1594.999406524856,236.2718321353614,,,,,,controlled_typing,4,9,,,,16591.272805349854,,target_9,small,66.74671097440647,training/controlled_typing,seed_device_4958d349,,,,,,,,,,,,,,,,,,,,,,,,,,,,,,,,,,,,,,,,,,,,,,,,,,,,,,,,,,,,,,,,,,
training_event,training,4958d349-1ff1-4f6b-8344-fca7d4d717aa,cbee343a-ac86-46cf-936b-b461fa02d455,2026-08-13T02:53:04.099000+00:00,mouse_click,,,,,933.2705395216684,420.22796337751726,,,,,,repeated_typing,3,6,,,,18721.986003745536,,target_17,small,224.34749733539985,training/repeated_typing,seed_device_4958d349,,,,,,,,,,,,,,,,,,,,,,,,,,,,,,,,,,,,,,,,,,,,,,,,,,,,,,,,,,,,,,,,,,
training_event,training,4958d349-1ff1-4f6b-8344-fca7d4d717aa,cbee343a-ac86-46cf-936b-b461fa02d455,2026-08-13T06:53:04.099000+00:00,mouse_click,,,,,916.9423302035634,432.11202373658625,,,,,,repeated_typing,4,8,,,,18036.58942031518,,target_18,medium,68.30520185342482,training/repeated_typing,seed_device_4958d349,,,,,,,,,,,,,,,,,,,,,,,,,,,,,,,,,,,,,,,,,,,,,,,,,,,,,,,,,,,,,,,,,,
training_event,training,4958d349-1ff1-4f6b-8344-fca7d4d717aa,e8c5730a-7b89-4f53-a206-5475980bd840,2026-08-11T14:53:04.099000+00:00,mouse_scroll,,,,,1604.5745060418894,430.0783573392373,,-40.245554009514464,,,,paragraph_typing,4,4,,,,9454.330360455659,,,,,training/paragraph_typing,seed_device_4958d349,,,,,,,,,,,,,,,,,,,,,,,,,,,,,,,,,,,,,,,,,,,,,,,,,,,,,,,,,,,,,,,,,,
training_event,training,4958d349-1ff1-4f6b-8344-fca7d4d717aa,e8c5730a-7b89-4f53-a206-5475980bd840,2026-08-12T18:53:04.099000+00:00,mouse_scroll,,,,,819.829211525805,371.58182251771814,,-4.849863344893315,,,,paragraph_typing,0,6,,,,3663.9819762585566,,,,,training/paragraph_typing,seed_device_4958d349,,,,,,,,,,,,,,,,,,,,,,,,,,,,,,,,,,,,,,,,,,,,,,,,,,,,,,,,,,,,,,,,,,
training_event,training,4958d349-1ff1-4f6b-8344-fca7d4d717aa,e8c5730a-7b89-4f53-a206-5475980bd840,2026-08-13T15:53:04.099000+00:00,mouse_move,,,,,1399.5996252374573,447.3657754769105,,,,,,paragraph_typing,4,8,,,,27718.353305196262,,,,,training/paragraph_typing,seed_device_4958d349,,,,,,,,,,,,,,,,,,,,,,,,,,,,,,,,,,,,,,,,,,,,,,,,,,,,,,,,,,,,,,,,,,
training_event,training,4958d349-1ff1-4f6b-8344-fca7d4d717aa,e8c5730a-7b89-4f53-a206-5475980bd840,2026-08-16T08:53:04.099000+00:00,keydown,66,O,193.53023865090302,66.84204867815372,,,,,,,,paragraph_typing,3,7,83,3,2,28144.210662481662,4364.701200715883,,,,training/paragraph_typing,seed_device_4958d349,,,,,,,,,,,,,,,,,,,,,,,,,,,,,,,,,,,,,,,,,,,,,,,,,,,,,,,,,,,,,,,,,,
training_event,training,4958d349-1ff1-4f6b-8344-fca7d4d717aa,e8c5730a-7b89-4f53-a206-5475980bd840,2026-08-11T14:53:04.099000+00:00,keydown,88,F,98.84331756283771,80.51325681097835,,,,,,,,paragraph_typing,1,9,63,2,2,4410.67590273783,2574.7778556429002,,,,training/paragraph_typing,seed_device_4958d349,,,,,,,,,,,,,,,,,,,,,,,,,,,,,,,,,,,,,,,,,,,,,,,,,,,,,,,,,,,,,,,,,,
training_event,training,4958d349-1ff1-4f6b-8344-fca7d4d717aa,c57695d3-cb4f-4941-96ea-e839d19ba506,2026-08-11T20:53:04.099000+00:00,mouse_scroll,,,,,291.4841338879209,580.1047939018233,,-28.766362529013655,,,,controlled_typing,3,8,,,,10180.39011232269,,,,,training/controlled_typing,seed_device_4958d349,,,,,,,,,,,,,,,,,,,,,,,,,,,,,,,,,,,,,,,,,,,,,,,,,,,,,,,,,,,,,,,,,,
training_event,training,4958d349-1ff1-4f6b-8344-fca7d4d717aa,c57695d3-cb4f-4941-96ea-e839d19ba506,2026-08-11T19:53:04.099000+00:00,keydown,85,W,149.1102650276025,96.59879942135905,,,,,,,,controlled_typing,4,9,77,0,1,4799.737061675733,632.3574941981691,,,,training/controlled_typing,seed_device_4958d349,,,,,,,,,,,,,,,,,,,,,,,,,,,,,,,,,,,,,,,,,,,,,,,,,,,,,,,,,,,,,,,,,,
training_event,training,4958d349-1ff1-4f6b-8344-fca7d4d717aa,c57695d3-cb4f-4941-96ea-e839d19ba506,2026-08-12T05:53:04.099000+00:00,mouse_click,,,,,1437.7284100326347,645.4235289507769,,,,,,controlled_typing,0,0,,,,4030.909595467932,,target_5,large,91.41342476384025,training/controlled_typing,seed_device_4958d349,,,,,,,,,,,,,,,,,,,,,,,,,,,,,,,,,,,,,,,,,,,,,,,,,,,,,,,,,,,,,,,,,,
training_event,training,4958d349-1ff1-4f6b-8344-fca7d4d717aa,c57695d3-cb4f-4941-96ea-e839d19ba506,2026-08-13T02:53:04.099000+00:00,mouse_scroll,,,,,1377.3183820790769,201.88916563733468,,19.919107527350036,,,,controlled_typing,3,4,,,,24560.64496528236,,,,,training/controlled_typing,seed_device_4958d349,,,,,,,,,,,,,,,,,,,,,,,,,,,,,,,,,,,,,,,,,,,,,,,,,,,,,,,,,,,,,,,,,,
training_event,training,4958d349-1ff1-4f6b-8344-fca7d4d717aa,c57695d3-cb4f-4941-96ea-e839d19ba506,2026-08-14T15:53:04.099000+00:00,mouse_move,,,,,491.216617411065,524.6482605559818,,,,,,controlled_typing,0,8,,,,2505.6152193175744,,,,,training/controlled_typing,seed_device_4958d349,,,,,,,,,,,,,,,,,,,,,,,,,,,,,,,,,,,,,,,,,,,,,,,,,,,,,,,,,,,,,,,,,,
training_event,training,4958d349-1ff1-4f6b-8344-fca7d4d717aa,cbee343a-ac86-46cf-936b-b461fa02d455,2026-08-16T01:53:04.099000+00:00,keyup,67,B,188.71149685610843,87.15476325209289,,,,,,,,repeated_typing,2,9,39,1,0,2180.673084852448,3766.082683964238,,,,training/repeated_typing,seed_device_4958d349,,,,,,,,,,,,,,,,,,,,,,,,,,,,,,,,,,,,,,,,,,,,,,,,,,,,,,,,,,,,,,,,,,
training_event,training,4958d349-1ff1-4f6b-8344-fca7d4d717aa,cbee343a-ac86-46cf-936b-b461fa02d455,2026-08-12T20:53:04.099000+00:00,keyup,90,D,159.9839880941788,65.26898359843506,,,,,,,,repeated_typing,3,1,37,3,1,14467.003937658334,326.7459555982571,,,,training/repeated_typing,seed_device_4958d349,,,,,,,,,,,,,,,,,,,,,,,,,,,,,,,,,,,,,,,,,,,,,,,,,,,,,,,,,,,,,,,,,,
training_event,training,4958d349-1ff1-4f6b-8344-fca7d4d717aa,e8c5730a-7b89-4f53-a206-5475980bd840,2026-08-13T16:53:04.099000+00:00,keydown,83,B,135.5663843089077,147.86099806735405,,,,,,,,paragraph_typing,3,0,12,3,2,23776.407400428587,820.0414866866352,,,,training/paragraph_typing,seed_device_4958d349,,,,,,,,,,,,,,,,,,,,,,,,,,,,,,,,,,,,,,,,,,,,,,,,,,,,,,,,,,,,,,,,,,
training_event,training,4958d349-1ff1-4f6b-8344-fca7d4d717aa,e8c5730a-7b89-4f53-a206-5475980bd840,2026-08-14T05:53:04.099000+00:00,keydown,66,W,192.58271213523759,142.46055512295993,,,,,,,,paragraph_typing,2,9,25,1,1,13360.25868758704,3822.54708230583,,,,training/paragraph_typing,seed_device_4958d349,,,,,,,,,,,,,,,,,,,,,,,,,,,,,,,,,,,,,,,,,,,,,,,,,,,,,,,,,,,,,,,,,,
training_event,training,4958d349-1ff1-4f6b-8344-fca7d4d717aa,e8c5730a-7b89-4f53-a206-5475980bd840,2026-08-15T15:53:04.099000+00:00,mouse_click,,,,,1690.9887756973528,696.0238974204382,,,,,,paragraph_typing,2,4,,,,27611.571587886843,,target_1,medium,67.95650873164917,training/paragraph_typing,seed_device_4958d349,,,,,,,,,,,,,,,,,,,,,,,,,,,,,,,,,,,,,,,,,,,,,,,,,,,,,,,,,,,,,,,,,,
training_event,training,4958d349-1ff1-4f6b-8344-fca7d4d717aa,c57695d3-cb4f-4941-96ea-e839d19ba506,2026-08-17T01:53:04.099000+00:00,mouse_click,,,,,991.2053682156757,583.2658875925421,,,,,,controlled_typing,4,4,,,,8250.243788399675,,target_19,large,279.9930547829749,training/controlled_typing,seed_device_4958d349,,,,,,,,,,,,,,,,,,,,,,,,,,,,,,,,,,,,,,,,,,,,,,,,,,,,,,,,,,,,,,,,,,
training_event,training,4958d349-1ff1-4f6b-8344-fca7d4d717aa,c57695d3-cb4f-4941-96ea-e839d19ba506,2026-08-17T07:53:04.099000+00:00,mouse_scroll,,,,,649.2630809773171,364.6300936356092,,-4.5111693199702,,,,controlled_typing,3,0,,,,20096.884098167746,,,,,training/controlled_typing,seed_device_4958d349,,,,,,,,,,,,,,,,,,,,,,,,,,,,,,,,,,,,,,,,,,,,,,,,,,,,,,,,,,,,,,,,,,
training_event,training,4958d349-1ff1-4f6b-8344-fca7d4d717aa,c57695d3-cb4f-4941-96ea-e839d19ba506,2026-08-16T04:53:04.099000+00:00,mouse_scroll,,,,,1039.897446339004,842.0098163636177,,19.362176156911858,,,,controlled_typing,0,0,,,,14391.357489366666,,,,,training/controlled_typing,seed_device_4958d349,,,,,,,,,,,,,,,,,,,,,,,,,,,,,,,,,,,,,,,,,,,,,,,,,,,,,,,,,,,,,,,,,,
training_event,training,4958d349-1ff1-4f6b-8344-fca7d4d717aa,cbee343a-ac86-46cf-936b-b461fa02d455,2026-08-15T01:53:04.099000+00:00,keyup,73,U,152.955767248276,107.16658488608954,,,,,,,,repeated_typing,3,5,98,2,1,24802.304302960812,904.5576561965573,,,,training/repeated_typing,seed_device_4958d349,,,,,,,,,,,,,,,,,,,,,,,,,,,,,,,,,,,,,,,,,,,,,,,,,,,,,,,,,,,,,,,,,,
training_event,training,4958d349-1ff1-4f6b-8344-fca7d4d717aa,cbee343a-ac86-46cf-936b-b461fa02d455,2026-08-14T04:53:04.099000+00:00,keydown,90,G,78.08242584335972,108.49995829749271,,,,,,,,repeated_typing,3,8,14,0,1,7884.407248753513,1877.2206992873619,,,,training/repeated_typing,seed_device_4958d349,,,,,,,,,,,,,,,,,,,,,,,,,,,,,,,,,,,,,,,,,,,,,,,,,,,,,,,,,,,,,,,,,,
training_event,training,4958d349-1ff1-4f6b-8344-fca7d4d717aa,cbee343a-ac86-46cf-936b-b461fa02d455,2026-08-12T14:53:04.099000+00:00,keyup,78,D,81.08058100926272,61.033504223503385,,,,,,,,repeated_typing,0,9,13,1,1,15551.586585706213,2870.3340133744073,,,,training/repeated_typing,seed_device_4958d349,,,,,,,,,,,,,,,,,,,,,,,,,,,,,,,,,,,,,,,,,,,,,,,,,,,,,,,,,,,,,,,,,,
training_event,training,4958d349-1ff1-4f6b-8344-fca7d4d717aa,cbee343a-ac86-46cf-936b-b461fa02d455,2026-08-13T07:53:04.099000+00:00,keyup,71,F,108.37882677968265,49.0496398447269,,,,,,,,repeated_typing,1,8,84,1,1,21385.89562625697,3009.69261898367,,,,training/repeated_typing,seed_device_4958d349,,,,,,,,,,,,,,,,,,,,,,,,,,,,,,,,,,,,,,,,,,,,,,,,,,,,,,,,,,,,,,,,,,
training_event,training,4958d349-1ff1-4f6b-8344-fca7d4d717aa,e8c5730a-7b89-4f53-a206-5475980bd840,2026-08-15T04:53:04.099000+00:00,mouse_scroll,,,,,774.3771097128277,350.2852788319848,,-45.40465470869097,,,,paragraph_typing,1,5,,,,22601.271327015595,,,,,training/paragraph_typing,seed_device_4958d349,,,,,,,,,,,,,,,,,,,,,,,,,,,,,,,,,,,,,,,,,,,,,,,,,,,,,,,,,,,,,,,,,,
training_event,training,4958d349-1ff1-4f6b-8344-fca7d4d717aa,e8c5730a-7b89-4f53-a206-5475980bd840,2026-08-13T01:53:04.099000+00:00,mouse_move,,,,,381.34741736586324,237.5062556994627,,,,,,paragraph_typing,2,6,,,,20008.297490268676,,,,,training/paragraph_typing,seed_device_4958d349,,,,,,,,,,,,,,,,,,,,,,,,,,,,,,,,,,,,,,,,,,,,,,,,,,,,,,,,,,,,,,,,,,
training_event,training,4958d349-1ff1-4f6b-8344-fca7d4d717aa,e8c5730a-7b89-4f53-a206-5475980bd840,2026-08-11T11:53:04.099000+00:00,mouse_click,,,,,1429.2970074992913,192.81709016126305,,,,,,paragraph_typing,1,4,,,,12088.342681832082,,target_4,small,174.6922279399442,training/paragraph_typing,seed_device_4958d349,,,,,,,,,,,,,,,,,,,,,,,,,,,,,,,,,,,,,,,,,,,,,,,,,,,,,,,,,,,,,,,,,,
training_event,training,4958d349-1ff1-4f6b-8344-fca7d4d717aa,e8c5730a-7b89-4f53-a206-5475980bd840,2026-08-13T03:53:04.099000+00:00,keydown,65,D,75.98831456274924,40.12207499862055,,,,,,,,paragraph_typing,3,4,94,2,1,11154.477296979765,1257.3881461723968,,,,training/paragraph_typing,seed_device_4958d349,,,,,,,,,,,,,,,,,,,,,,,,,,,,,,,,,,,,,,,,,,,,,,,,,,,,,,,,,,,,,,,,,,
training_event,training,4958d349-1ff1-4f6b-8344-fca7d4d717aa,e8c5730a-7b89-4f53-a206-5475980bd840,2026-08-15T02:53:04.099000+00:00,keyup,70,Z,166.75363033304228,79.14013937756985,,,,,,,,paragraph_typing,1,2,75,1,2,11723.705225614243,2507.858204746875,,,,training/paragraph_typing,seed_device_4958d349,,,,,,,,,,,,,,,,,,,,,,,,,,,,,,,,,,,,,,,,,,,,,,,,,,,,,,,,,,,,,,,,,,
training_event,training,4958d349-1ff1-4f6b-8344-fca7d4d717aa,e8c5730a-7b89-4f53-a206-5475980bd840,2026-08-15T17:53:04.099000+00:00,keydown,77,Y,157.42880793642746,88.06503043307475,,,,,,,,paragraph_typing,1,9,39,3,0,4794.070206209595,3382.660448344085,,,,training/paragraph_typing,seed_device_4958d349,,,,,,,,,,,,,,,,,,,,,,,,,,,,,,,,,,,,,,,,,,,,,,,,,,,,,,,,,,,,,,,,,,
training_event,training,4958d349-1ff1-4f6b-8344-fca7d4d717aa,e8c5730a-7b89-4f53-a206-5475980bd840,2026-08-13T16:53:04.099000+00:00,mouse_scroll,,,,,1643.203463847755,604.4083521839709,,41.46078275704012,,,,paragraph_typing,3,7,,,,13445.659597294643,,,,,training/paragraph_typing,seed_device_4958d349,,,,,,,,,,,,,,,,,,,,,,,,,,,,,,,,,,,,,,,,,,,,,,,,,,,,,,,,,,,,,,,,,,
training_event,training,4958d349-1ff1-4f6b-8344-fca7d4d717aa,c57695d3-cb4f-4941-96ea-e839d19ba506,2026-08-13T00:53:04.099000+00:00,mouse_move,,,,,343.98127647172635,271.1818296063653,,,,,,controlled_typing,2,1,,,,20750.24222327608,,,,,training/controlled_typing,seed_device_4958d349,,,,,,,,,,,,,,,,,,,,,,,,,,,,,,,,,,,,,,,,,,,,,,,,,,,,,,,,,,,,,,,,,,
training_event,training,4958d349-1ff1-4f6b-8344-fca7d4d717aa,c57695d3-cb4f-4941-96ea-e839d19ba506,2026-08-11T23:53:04.099000+00:00,mouse_click,,,,,863.4086134986937,337.2733105141467,,,,,,controlled_typing,4,6,,,,28955.343319778483,,target_15,medium,208.31085414000358,training/controlled_typing,seed_device_4958d349,,,,,,,,,,,,,,,,,,,,,,,,,,,,,,,,,,,,,,,,,,,,,,,,,,,,,,,,,,,,,,,,,,
training_event,training,4958d349-1ff1-4f6b-8344-fca7d4d717aa,c57695d3-cb4f-4941-96ea-e839d19ba506,2026-08-12T01:53:04.099000+00:00,mouse_scroll,,,,,902.0454742319216,485.85959342838845,,11.598939045003597,,,,controlled_typing,0,4,,,,23299.484957411507,,,,,training/controlled_typing,seed_device_4958d349,,,,,,,,,,,,,,,,,,,,,,,,,,,,,,,,,,,,,,,,,,,,,,,,,,,,,,,,,,,,,,,,,,
training_event,training,4958d349-1ff1-4f6b-8344-fca7d4d717aa,c57695d3-cb4f-4941-96ea-e839d19ba506,2026-08-14T01:53:04.099000+00:00,mouse_move,,,,,840.4553929885028,396.8724169274994,,,,,,controlled_typing,1,9,,,,6274.317491049178,,,,,training/controlled_typing,seed_device_4958d349,,,,,,,,,,,,,,,,,,,,,,,,,,,,,,,,,,,,,,,,,,,,,,,,,,,,,,,,,,,,,,,,,,
training_event,training,4958d349-1ff1-4f6b-8344-fca7d4d717aa,cbee343a-ac86-46cf-936b-b461fa02d455,2026-08-13T21:53:04.099000+00:00,keydown,75,M,68.60460226296385,134.15065629814035,,,,,,,,repeated_typing,2,5,68,3,2,10850.911135267144,3026.932145477566,,,,training/repeated_typing,seed_device_4958d349,,,,,,,,,,,,,,,,,,,,,,,,,,,,,,,,,,,,,,,,,,,,,,,,,,,,,,,,,,,,,,,,,,
training_event,training,4958d349-1ff1-4f6b-8344-fca7d4d717aa,e8c5730a-7b89-4f53-a206-5475980bd840,2026-08-16T14:53:04.099000+00:00,mouse_click,,,,,603.3505014284813,383.50019505402867,,,,,,paragraph_typing,2,5,,,,27499.336828441887,,target_3,small,269.69840445218506,training/paragraph_typing,seed_device_4958d349,,,,,,,,,,,,,,,,,,,,,,,,,,,,,,,,,,,,,,,,,,,,,,,,,,,,,,,,,,,,,,,,,,
training_event,training,4958d349-1ff1-4f6b-8344-fca7d4d717aa,e8c5730a-7b89-4f53-a206-5475980bd840,2026-08-17T01:53:04.099000+00:00,keydown,88,E,183.49058815835755,98.23473053170719,,,,,,,,paragraph_typing,0,5,43,2,1,27060.456177329095,783.8507149793234,,,,training/paragraph_typing,seed_device_4958d349,,,,,,,,,,,,,,,,,,,,,,,,,,,,,,,,,,,,,,,,,,,,,,,,,,,,,,,,,,,,,,,,,,
training_event,training,4958d349-1ff1-4f6b-8344-fca7d4d717aa,e8c5730a-7b89-4f53-a206-5475980bd840,2026-08-17T07:53:04.099000+00:00,mouse_click,,,,,1112.9010030208406,107.1517429704877,,,,,,paragraph_typing,4,8,,,,19381.697660552818,,target_20,medium,278.9660590328095,training/paragraph_typing,seed_device_4958d349,,,,,,,,,,,,,,,,,,,,,,,,,,,,,,,,,,,,,,,,,,,,,,,,,,,,,,,,,,,,,,,,,,
training_event,training,4958d349-1ff1-4f6b-8344-fca7d4d717aa,e8c5730a-7b89-4f53-a206-5475980bd840,2026-08-13T00:53:04.099000+00:00,mouse_click,,,,,1641.5361422897972,200.26668302763753,,,,,,paragraph_typing,1,4,,,,8969.220928822524,,target_8,medium,57.60876231532584,training/paragraph_typing,seed_device_4958d349,,,,,,,,,,,,,,,,,,,,,,,,,,,,,,,,,,,,,,,,,,,,,,,,,,,,,,,,,,,,,,,,,,
training_event,training,4958d349-1ff1-4f6b-8344-fca7d4d717aa,e8c5730a-7b89-4f53-a206-5475980bd840,2026-08-12T16:53:04.099000+00:00,keydown,74,T,148.3373841796076,61.82106147085406,,,,,,,,paragraph_typing,3,9,30,0,0,6249.394272244496,1086.3560919400588,,,,training/paragraph_typing,seed_device_4958d349,,,,,,,,,,,,,,,,,,,,,,,,,,,,,,,,,,,,,,,,,,,,,,,,,,,,,,,,,,,,,,,,,,
training_event,training,4958d349-1ff1-4f6b-8344-fca7d4d717aa,e8c5730a-7b89-4f53-a206-5475980bd840,2026-08-11T20:53:04.099000+00:00,mouse_scroll,,,,,1536.0793750701114,661.6378701390541,,25.20088344995122,,,,paragraph_typing,1,1,,,,29869.972260471102,,,,,training/paragraph_typing,seed_device_4958d349,,,,,,,,,,,,,,,,,,,,,,,,,,,,,,,,,,,,,,,,,,,,,,,,,,,,,,,,,,,,,,,,,,
training_event,training,4958d349-1ff1-4f6b-8344-fca7d4d717aa,e8c5730a-7b89-4f53-a206-5475980bd840,2026-08-15T07:53:04.099000+00:00,mouse_scroll,,,,,737.4171544009725,530.7401895012099,,18.181786587621986,,,,paragraph_typing,2,7,,,,19941.970210446972,,,,,training/paragraph_typing,seed_device_4958d349,,,,,,,,,,,,,,,,,,,,,,,,,,,,,,,,,,,,,,,,,,,,,,,,,,,,,,,,,,,,,,,,,,
training_event,training,4958d349-1ff1-4f6b-8344-fca7d4d717aa,e8c5730a-7b89-4f53-a206-5475980bd840,2026-08-16T03:53:04.099000+00:00,mouse_scroll,,,,,1668.6323148545603,706.3783590805609,,3.591458205265255,,,,paragraph_typing,2,3,,,,13167.729273483616,,,,,training/paragraph_typing,seed_device_4958d349,,,,,,,,,,,,,,,,,,,,,,,,,,,,,,,,,,,,,,,,,,,,,,,,,,,,,,,,,,,,,,,,,,
training_event,training,4958d349-1ff1-4f6b-8344-fca7d4d717aa,c57695d3-cb4f-4941-96ea-e839d19ba506,2026-08-16T17:53:04.099000+00:00,mouse_scroll,,,,,1015.7414222594222,508.62229249557436,,4.212820189787166,,,,controlled_typing,0,7,,,,23541.601814813443,,,,,training/controlled_typing,seed_device_4958d349,,,,,,,,,,,,,,,,,,,,,,,,,,,,,,,,,,,,,,,,,,,,,,,,,,,,,,,,,,,,,,,,,,
training_event,training,4958d349-1ff1-4f6b-8344-fca7d4d717aa,c57695d3-cb4f-4941-96ea-e839d19ba506,2026-08-11T19:53:04.099000+00:00,keyup,71,K,127.65355415717345,106.71293283067007,,,,,,,,controlled_typing,3,0,58,3,1,10637.273694616835,4356.368161372244,,,,training/controlled_typing,seed_device_4958d349,,,,,,,,,,,,,,,,,,,,,,,,,,,,,,,,,,,,,,,,,,,,,,,,,,,,,,,,,,,,,,,,,,
training_event,training,4958d349-1ff1-4f6b-8344-fca7d4d717aa,c57695d3-cb4f-4941-96ea-e839d19ba506,2026-08-14T23:53:04.099000+00:00,keyup,85,S,104.68074819764873,80.65813074510054,,,,,,,,controlled_typing,3,0,38,3,0,23423.052618982212,4613.4845983974255,,,,training/controlled_typing,seed_device_4958d349,,,,,,,,,,,,,,,,,,,,,,,,,,,,,,,,,,,,,,,,,,,,,,,,,,,,,,,,,,,,,,,,,,
training_event,training,4958d349-1ff1-4f6b-8344-fca7d4d717aa,c57695d3-cb4f-4941-96ea-e839d19ba506,2026-08-12T03:53:04.099000+00:00,mouse_move,,,,,1501.1884390792216,824.2025855058457,,,,,,controlled_typing,2,3,,,,5588.894643910233,,,,,training/controlled_typing,seed_device_4958d349,,,,,,,,,,,,,,,,,,,,,,,,,,,,,,,,,,,,,,,,,,,,,,,,,,,,,,,,,,,,,,,,,,
training_event,training,4958d349-1ff1-4f6b-8344-fca7d4d717aa,c57695d3-cb4f-4941-96ea-e839d19ba506,2026-08-17T08:53:04.099000+00:00,keyup,82,D,168.46711186447433,87.22924237095557,,,,,,,,controlled_typing,2,0,52,0,1,23442.612987408815,4847.008366292603,,,,training/controlled_typing,seed_device_4958d349,,,,,,,,,,,,,,,,,,,,,,,,,,,,,,,,,,,,,,,,,,,,,,,,,,,,,,,,,,,,,,,,,,
training_event,training,4958d349-1ff1-4f6b-8344-fca7d4d717aa,cbee343a-ac86-46cf-936b-b461fa02d455,2026-08-14T11:53:04.099000+00:00,mouse_move,,,,,1374.6952643632912,356.0716389343562,,,,,,repeated_typing,0,8,,,,6697.239549642875,,,,,training/repeated_typing,seed_device_4958d349,,,,,,,,,,,,,,,,,,,,,,,,,,,,,,,,,,,,,,,,,,,,,,,,,,,,,,,,,,,,,,,,,,
training_event,training,4958d349-1ff1-4f6b-8344-fca7d4d717aa,cbee343a-ac86-46cf-936b-b461fa02d455,2026-08-16T17:53:04.099000+00:00,mouse_scroll,,,,,1582.2177554545385,793.8942080705265,,0.3224473751652468,,,,repeated_typing,4,9,,,,1230.2771796810837,,,,,training/repeated_typing,seed_device_4958d349,,,,,,,,,,,,,,,,,,,,,,,,,,,,,,,,,,,,,,,,,,,,,,,,,,,,,,,,,,,,,,,,,,
training_event,training,4958d349-1ff1-4f6b-8344-fca7d4d717aa,cbee343a-ac86-46cf-936b-b461fa02d455,2026-08-16T22:53:04.099000+00:00,keydown,88,T,110.12934434534813,81.82816780377625,,,,,,,,repeated_typing,4,0,63,2,1,18979.481553307418,666.2049616611071,,,,training/repeated_typing,seed_device_4958d349,,,,,,,,,,,,,,,,,,,,,,,,,,,,,,,,,,,,,,,,,,,,,,,,,,,,,,,,,,,,,,,,,,
training_event,training,4958d349-1ff1-4f6b-8344-fca7d4d717aa,e8c5730a-7b89-4f53-a206-5475980bd840,2026-08-16T22:53:04.099000+00:00,mouse_click,,,,,1651.5607994723798,283.3969839833768,,,,,,paragraph_typing,2,9,,,,6873.996326612265,,target_10,small,212.6951481293491,training/paragraph_typing,seed_device_4958d349,,,,,,,,,,,,,,,,,,,,,,,,,,,,,,,,,,,,,,,,,,,,,,,,,,,,,,,,,,,,,,,,,,
training_event,training,4958d349-1ff1-4f6b-8344-fca7d4d717aa,e8c5730a-7b89-4f53-a206-5475980bd840,2026-08-16T12:53:04.099000+00:00,keydown,66,G,103.22685816820547,35.441207143279726,,,,,,,,paragraph_typing,0,2,12,0,0,23126.949454784088,1608.9596080107892,,,,training/paragraph_typing,seed_device_4958d349,,,,,,,,,,,,,,,,,,,,,,,,,,,,,,,,,,,,,,,,,,,,,,,,,,,,,,,,,,,,,,,,,,
training_event,training,4958d349-1ff1-4f6b-8344-fca7d4d717aa,e8c5730a-7b89-4f53-a206-5475980bd840,2026-08-16T23:53:04.099000+00:00,keyup,74,X,198.27957309420026,131.68851278330845,,,,,,,,paragraph_typing,0,0,89,0,0,21109.658340521637,4150.869009530326,,,,training/paragraph_typing,seed_device_4958d349,,,,,,,,,,,,,,,,,,,,,,,,,,,,,,,,,,,,,,,,,,,,,,,,,,,,,,,,,,,,,,,,,,
training_event,training,4958d349-1ff1-4f6b-8344-fca7d4d717aa,e8c5730a-7b89-4f53-a206-5475980bd840,2026-08-13T03:53:04.099000+00:00,mouse_move,,,,,700.6600926365303,238.64161100438022,,,,,,paragraph_typing,2,4,,,,1341.7122234101985,,,,,training/paragraph_typing,seed_device_4958d349,,,,,,,,,,,,,,,,,,,,,,,,,,,,,,,,,,,,,,,,,,,,,,,,,,,,,,,,,,,,,,,,,,
training_event,training,4958d349-1ff1-4f6b-8344-fca7d4d717aa,e8c5730a-7b89-4f53-a206-5475980bd840,2026-08-13T22:53:04.099000+00:00,mouse_click,,,,,198.33339255446216,778.230077474216,,,,,,paragraph_typing,4,5,,,,8763.093635920655,,target_5,medium,221.67298906565603,training/paragraph_typing,seed_device_4958d349,,,,,,,,,,,,,,,,,,,,,,,,,,,,,,,,,,,,,,,,,,,,,,,,,,,,,,,,,,,,,,,,,,
training_event,training,4958d349-1ff1-4f6b-8344-fca7d4d717aa,e8c5730a-7b89-4f53-a206-5475980bd840,2026-08-16T23:53:04.099000+00:00,mouse_scroll,,,,,1427.2580442846895,731.8605691316649,,3.4320230102200213,,,,paragraph_typing,0,8,,,,7179.666698909511,,,,,training/paragraph_typing,seed_device_4958d349,,,,,,,,,,,,,,,,,,,,,,,,,,,,,,,,,,,,,,,,,,,,,,,,,,,,,,,,,,,,,,,,,,
training_event,training,4958d349-1ff1-4f6b-8344-fca7d4d717aa,c57695d3-cb4f-4941-96ea-e839d19ba506,2026-08-13T01:53:04.099000+00:00,keyup,79,D,171.89758861849344,49.93912599221146,,,,,,,,controlled_typing,1,9,70,2,1,19414.46521860784,4954.665264212797,,,,training/controlled_typing,seed_device_4958d349,,,,,,,,,,,,,,,,,,,,,,,,,,,,,,,,,,,,,,,,,,,,,,,,,,,,,,,,,,,,,,,,,,
training_event,training,4958d349-1ff1-4f6b-8344-fca7d4d717aa,c57695d3-cb4f-4941-96ea-e839d19ba506,2026-08-15T19:53:04.099000+00:00,mouse_move,,,,,527.7877685004007,899.9086971703083,,,,,,controlled_typing,4,5,,,,16984.982681483423,,,,,training/controlled_typing,seed_device_4958d349,,,,,,,,,,,,,,,,,,,,,,,,,,,,,,,,,,,,,,,,,,,,,,,,,,,,,,,,,,,,,,,,,,
training_event,training,4958d349-1ff1-4f6b-8344-fca7d4d717aa,cbee343a-ac86-46cf-936b-b461fa02d455,2026-08-13T14:53:04.099000+00:00,keyup,73,I,192.4457966517866,89.99999881993438,,,,,,,,repeated_typing,1,0,27,3,1,19042.95952892731,2883.5249790068483,,,,training/repeated_typing,seed_device_4958d349,,,,,,,,,,,,,,,,,,,,,,,,,,,,,,,,,,,,,,,,,,,,,,,,,,,,,,,,,,,,,,,,,,
training_event,training,4958d349-1ff1-4f6b-8344-fca7d4d717aa,cbee343a-ac86-46cf-936b-b461fa02d455,2026-08-11T13:53:04.099000+00:00,mouse_click,,,,,1787.8394691566991,186.64054094823496,,,,,,repeated_typing,1,5,,,,28030.70882221445,,target_6,large,246.86152234325178,training/repeated_typing,seed_device_4958d349,,,,,,,,,,,,,,,,,,,,,,,,,,,,,,,,,,,,,,,,,,,,,,,,,,,,,,,,,,,,,,,,,,
training_event,training,4958d349-1ff1-4f6b-8344-fca7d4d717aa,cbee343a-ac86-46cf-936b-b461fa02d455,2026-08-17T03:53:04.099000+00:00,mouse_click,,,,,409.09639359120257,650.5196820050107,,,,,,repeated_typing,3,6,,,,10554.037153007546,,target_9,large,58.39557059827678,training/repeated_typing,seed_device_4958d349,,,,,,,,,,,,,,,,,,,,,,,,,,,,,,,,,,,,,,,,,,,,,,,,,,,,,,,,,,,,,,,,,,
training_event,training,4958d349-1ff1-4f6b-8344-fca7d4d717aa,cbee343a-ac86-46cf-936b-b461fa02d455,2026-08-13T13:53:04.099000+00:00,keyup,67,J,130.07708349406246,142.94532145092523,,,,,,,,repeated_typing,3,4,11,0,1,9849.044445437976,1443.4653553892085,,,,training/repeated_typing,seed_device_4958d349,,,,,,,,,,,,,,,,,,,,,,,,,,,,,,,,,,,,,,,,,,,,,,,,,,,,,,,,,,,,,,,,,,
training_event,training,4958d349-1ff1-4f6b-8344-fca7d4d717aa,cbee343a-ac86-46cf-936b-b461fa02d455,2026-08-11T21:53:04.099000+00:00,keyup,81,Y,182.80749755989152,80.21367613709873,,,,,,,,repeated_typing,0,9,71,0,0,27503.866808307095,4694.4532272167835,,,,training/repeated_typing,seed_device_4958d349,,,,,,,,,,,,,,,,,,,,,,,,,,,,,,,,,,,,,,,,,,,,,,,,,,,,,,,,,,,,,,,,,,
training_event,training,4958d349-1ff1-4f6b-8344-fca7d4d717aa,cbee343a-ac86-46cf-936b-b461fa02d455,2026-08-15T04:53:04.099000+00:00,keyup,75,V,188.10926914374355,65.98459003353699,,,,,,,,repeated_typing,0,2,42,0,2,18234.340192149724,3611.855067747333,,,,training/repeated_typing,seed_device_4958d349,,,,,,,,,,,,,,,,,,,,,,,,,,,,,,,,,,,,,,,,,,,,,,,,,,,,,,,,,,,,,,,,,,
training_event,training,4958d349-1ff1-4f6b-8344-fca7d4d717aa,e8c5730a-7b89-4f53-a206-5475980bd840,2026-08-11T23:53:04.099000+00:00,keydown,70,A,188.05089978384714,110.29032385473552,,,,,,,,paragraph_typing,4,6,47,1,0,7847.663218083285,915.6486873163589,,,,training/paragraph_typing,seed_device_4958d349,,,,,,,,,,,,,,,,,,,,,,,,,,,,,,,,,,,,,,,,,,,,,,,,,,,,,,,,,,,,,,,,,,
training_event,training,4958d349-1ff1-4f6b-8344-fca7d4d717aa,e8c5730a-7b89-4f53-a206-5475980bd840,2026-08-15T08:53:04.099000+00:00,mouse_move,,,,,1423.442936528346,744.5910005679527,,,,,,paragraph_typing,1,6,,,,10241.746093412681,,,,,training/paragraph_typing,seed_device_4958d349,,,,,,,,,,,,,,,,,,,,,,,,,,,,,,,,,,,,,,,,,,,,,,,,,,,,,,,,,,,,,,,,,,
training_event,training,4958d349-1ff1-4f6b-8344-fca7d4d717aa,e8c5730a-7b89-4f53-a206-5475980bd840,2026-08-16T23:53:04.099000+00:00,keydown,78,U,53.90219679157069,72.26711624556012,,,,,,,,paragraph_typing,0,3,94,3,2,29813.020584048052,4292.896782934075,,,,training/paragraph_typing,seed_device_4958d349,,,,,,,,,,,,,,,,,,,,,,,,,,,,,,,,,,,,,,,,,,,,,,,,,,,,,,,,,,,,,,,,,,
training_event,training,4958d349-1ff1-4f6b-8344-fca7d4d717aa,e8c5730a-7b89-4f53-a206-5475980bd840,2026-08-14T20:53:04.099000+00:00,keydown,78,X,125.50294279450534,76.58313197173437,,,,,,,,paragraph_typing,1,7,34,2,0,26146.51751910355,3495.9898306512,,,,training/paragraph_typing,seed_device_4958d349,,,,,,,,,,,,,,,,,,,,,,,,,,,,,,,,,,,,,,,,,,,,,,,,,,,,,,,,,,,,,,,,,,
training_event,training,4958d349-1ff1-4f6b-8344-fca7d4d717aa,e8c5730a-7b89-4f53-a206-5475980bd840,2026-08-14T23:53:04.099000+00:00,mouse_click,,,,,525.2189975882138,681.4915850661863,,,,,,paragraph_typing,4,2,,,,7766.104882811802,,target_9,medium,155.6253161836253,training/paragraph_typing,seed_device_4958d349,,,,,,,,,,,,,,,,,,,,,,,,,,,,,,,,,,,,,,,,,,,,,,,,,,,,,,,,,,,,,,,,,,
training_event,training,4958d349-1ff1-4f6b-8344-fca7d4d717aa,c57695d3-cb4f-4941-96ea-e839d19ba506,2026-08-13T13:53:04.099000+00:00,keyup,84,J,136.71278949829252,112.599998562951,,,,,,,,controlled_typing,4,3,22,1,2,26851.62365740879,2508.3544786418242,,,,training/controlled_typing,seed_device_4958d349,,,,,,,,,,,,,,,,,,,,,,,,,,,,,,,,,,,,,,,,,,,,,,,,,,,,,,,,,,,,,,,,,,
training_event,training,4958d349-1ff1-4f6b-8344-fca7d4d717aa,c57695d3-cb4f-4941-96ea-e839d19ba506,2026-08-15T20:53:04.099000+00:00,mouse_click,,,,,1419.1051659224106,768.5344056476251,,,,,,controlled_typing,4,3,,,,21389.53805783003,,target_3,medium,88.68150386479438,training/controlled_typing,seed_device_4958d349,,,,,,,,,,,,,,,,,,,,,,,,,,,,,,,,,,,,,,,,,,,,,,,,,,,,,,,,,,,,,,,,,,
training_event,training,4958d349-1ff1-4f6b-8344-fca7d4d717aa,c57695d3-cb4f-4941-96ea-e839d19ba506,2026-08-13T10:53:04.099000+00:00,keyup,77,S,108.83617942777782,134.750254365904,,,,,,,,controlled_typing,2,1,74,1,1,2941.478801386822,2926.7679486138736,,,,training/controlled_typing,seed_device_4958d349,,,,,,,,,,,,,,,,,,,,,,,,,,,,,,,,,,,,,,,,,,,,,,,,,,,,,,,,,,,,,,,,,,
training_event,training,4958d349-1ff1-4f6b-8344-fca7d4d717aa,c57695d3-cb4f-4941-96ea-e839d19ba506,2026-08-14T12:53:04.099000+00:00,mouse_move,,,,,655.7760482549781,666.3127741280048,,,,,,controlled_typing,4,6,,,,22392.045404508524,,,,,training/controlled_typing,seed_device_4958d349,,,,,,,,,,,,,,,,,,,,,,,,,,,,,,,,,,,,,,,,,,,,,,,,,,,,,,,,,,,,,,,,,,
training_event,training,4958d349-1ff1-4f6b-8344-fca7d4d717aa,cbee343a-ac86-46cf-936b-b461fa02d455,2026-08-17T02:53:04.099000+00:00,mouse_scroll,,,,,430.0570603546111,251.44816188154877,,-42.618853670784574,,,,repeated_typing,2,8,,,,13756.802961944844,,,,,training/repeated_typing,seed_device_4958d349,,,,,,,,,,,,,,,,,,,,,,,,,,,,,,,,,,,,,,,,,,,,,,,,,,,,,,,,,,,,,,,,,,
training_event,training,4958d349-1ff1-4f6b-8344-fca7d4d717aa,cbee343a-ac86-46cf-936b-b461fa02d455,2026-08-16T05:53:04.099000+00:00,mouse_click,,,,,1352.5603849424936,510.9028889974067,,,,,,repeated_typing,2,9,,,,10096.885656850369,,target_2,small,250.6570699913204,training/repeated_typing,seed_device_4958d349,,,,,,,,,,,,,,,,,,,,,,,,,,,,,,,,,,,,,,,,,,,,,,,,,,,,,,,,,,,,,,,,,,
training_event,training,4958d349-1ff1-4f6b-8344-fca7d4d717aa,e8c5730a-7b89-4f53-a206-5475980bd840,2026-08-11T16:53:04.099000+00:00,mouse_move,,,,,1600.50766320384,199.0535976542077,,,,,,paragraph_typing,1,0,,,,4793.2599997098405,,,,,training/paragraph_typing,seed_device_4958d349,,,,,,,,,,,,,,,,,,,,,,,,,,,,,,,,,,,,,,,,,,,,,,,,,,,,,,,,,,,,,,,,,,
training_event,training,4958d349-1ff1-4f6b-8344-fca7d4d717aa,e8c5730a-7b89-4f53-a206-5475980bd840,2026-08-16T08:53:04.099000+00:00,mouse_scroll,,,,,129.49358892945244,720.1757419393989,,-15.082851395654892,,,,paragraph_typing,3,5,,,,13383.333289475708,,,,,training/paragraph_typing,seed_device_4958d349,,,,,,,,,,,,,,,,,,,,,,,,,,,,,,,,,,,,,,,,,,,,,,,,,,,,,,,,,,,,,,,,,,
training_event,training,4958d349-1ff1-4f6b-8344-fca7d4d717aa,c57695d3-cb4f-4941-96ea-e839d19ba506,2026-08-14T15:53:04.099000+00:00,mouse_scroll,,,,,1413.227324997262,609.5221937380852,,45.67828837071551,,,,controlled_typing,1,7,,,,12563.01469221124,,,,,training/controlled_typing,seed_device_4958d349,,,,,,,,,,,,,,,,,,,,,,,,,,,,,,,,,,,,,,,,,,,,,,,,,,,,,,,,,,,,,,,,,,
training_event,training,4958d349-1ff1-4f6b-8344-fca7d4d717aa,cbee343a-ac86-46cf-936b-b461fa02d455,2026-08-14T09:53:04.099000+00:00,keyup,73,U,154.4168140826182,134.26622743730297,,,,,,,,repeated_typing,4,2,98,1,0,14539.991464620116,2240.288729969791,,,,training/repeated_typing,seed_device_4958d349,,,,,,,,,,,,,,,,,,,,,,,,,,,,,,,,,,,,,,,,,,,,,,,,,,,,,,,,,,,,,,,,,,
training_event,training,4958d349-1ff1-4f6b-8344-fca7d4d717aa,cbee343a-ac86-46cf-936b-b461fa02d455,2026-08-12T00:53:04.099000+00:00,mouse_scroll,,,,,1229.084302791145,540.1850079941385,,46.034445771947546,,,,repeated_typing,3,4,,,,14631.65044033414,,,,,training/repeated_typing,seed_device_4958d349,,,,,,,,,,,,,,,,,,,,,,,,,,,,,,,,,,,,,,,,,,,,,,,,,,,,,,,,,,,,,,,,,,
training_event,training,4958d349-1ff1-4f6b-8344-fca7d4d717aa,cbee343a-ac86-46cf-936b-b461fa02d455,2026-08-11T17:53:04.099000+00:00,mouse_click,,,,,1268.5817894220559,541.7388687389493,,,,,,repeated_typing,3,7,,,,2851.3945432654227,,target_12,large,52.27225372221207,training/repeated_typing,seed_device_4958d349,,,,,,,,,,,,,,,,,,,,,,,,,,,,,,,,,,,,,,,,,,,,,,,,,,,,,,,,,,,,,,,,,,
training_event,training,4958d349-1ff1-4f6b-8344-fca7d4d717aa,cbee343a-ac86-46cf-936b-b461fa02d455,2026-08-15T19:53:04.099000+00:00,mouse_move,,,,,1134.2067241848692,332.3554958985584,,,,,,repeated_typing,3,6,,,,28723.785232758437,,,,,training/repeated_typing,seed_device_4958d349,,,,,,,,,,,,,,,,,,,,,,,,,,,,,,,,,,,,,,,,,,,,,,,,,,,,,,,,,,,,,,,,,,
training_event,training,4958d349-1ff1-4f6b-8344-fca7d4d717aa,cbee343a-ac86-46cf-936b-b461fa02d455,2026-08-16T18:53:04.099000+00:00,keydown,78,D,189.33121991206758,72.68573709547832,,,,,,,,repeated_typing,2,9,24,1,2,29032.001438173756,641.3122882572819,,,,training/repeated_typing,seed_device_4958d349,,,,,,,,,,,,,,,,,,,,,,,,,,,,,,,,,,,,,,,,,,,,,,,,,,,,,,,,,,,,,,,,,,
training_event,training,4958d349-1ff1-4f6b-8344-fca7d4d717aa,cbee343a-ac86-46cf-936b-b461fa02d455,2026-08-12T00:53:04.099000+00:00,keydown,77,H,193.94934644272988,96.66763721618828,,,,,,,,repeated_typing,0,3,17,2,2,25386.25531965998,547.7016333004042,,,,training/repeated_typing,seed_device_4958d349,,,,,,,,,,,,,,,,,,,,,,,,,,,,,,,,,,,,,,,,,,,,,,,,,,,,,,,,,,,,,,,,,,
training_event,training,4958d349-1ff1-4f6b-8344-fca7d4d717aa,cbee343a-ac86-46cf-936b-b461fa02d455,2026-08-15T07:53:04.099000+00:00,keydown,76,H,144.24636226276317,62.003060080949346,,,,,,,,repeated_typing,0,6,91,3,2,14399.756185357608,1018.4534633095649,,,,training/repeated_typing,seed_device_4958d349,,,,,,,,,,,,,,,,,,,,,,,,,,,,,,,,,,,,,,,,,,,,,,,,,,,,,,,,,,,,,,,,,,
training_event,training,4958d349-1ff1-4f6b-8344-fca7d4d717aa,cbee343a-ac86-46cf-936b-b461fa02d455,2026-08-13T12:53:04.099000+00:00,keyup,82,D,185.83724168741946,55.60492895881143,,,,,,,,repeated_typing,1,1,11,2,1,8003.0424855411975,183.48224544960047,,,,training/repeated_typing,seed_device_4958d349,,,,,,,,,,,,,,,,,,,,,,,,,,,,,,,,,,,,,,,,,,,,,,,,,,,,,,,,,,,,,,,,,,
training_event,training,4958d349-1ff1-4f6b-8344-fca7d4d717aa,e8c5730a-7b89-4f53-a206-5475980bd840,2026-08-17T03:53:04.099000+00:00,keydown,70,A,137.3813418981241,144.34118119719042,,,,,,,,paragraph_typing,1,2,44,3,0,19715.671778023512,2806.681255416933,,,,training/paragraph_typing,seed_device_4958d349,,,,,,,,,,,,,,,,,,,,,,,,,,,,,,,,,,,,,,,,,,,,,,,,,,,,,,,,,,,,,,,,,,
training_event,training,4958d349-1ff1-4f6b-8344-fca7d4d717aa,e8c5730a-7b89-4f53-a206-5475980bd840,2026-08-11T18:53:04.099000+00:00,keydown,82,K,53.96969618875649,37.66565263763099,,,,,,,,paragraph_typing,2,5,82,2,0,26677.060260858147,4313.267533468184,,,,training/paragraph_typing,seed_device_4958d349,,,,,,,,,,,,,,,,,,,,,,,,,,,,,,,,,,,,,,,,,,,,,,,,,,,,,,,,,,,,,,,,,,
training_event,training,4958d349-1ff1-4f6b-8344-fca7d4d717aa,e8c5730a-7b89-4f53-a206-5475980bd840,2026-08-16T01:53:04.099000+00:00,mouse_move,,,,,818.1242556475779,133.52758506773537,,,,,,paragraph_typing,2,4,,,,25359.650164858514,,,,,training/paragraph_typing,seed_device_4958d349,,,,,,,,,,,,,,,,,,,,,,,,,,,,,,,,,,,,,,,,,,,,,,,,,,,,,,,,,,,,,,,,,,
training_event,training,4958d349-1ff1-4f6b-8344-fca7d4d717aa,e8c5730a-7b89-4f53-a206-5475980bd840,2026-08-16T20:53:04.099000+00:00,keyup,68,N,54.99243353593184,99.53160466501667,,,,,,,,paragraph_typing,0,6,80,0,1,11812.864502108569,160.55064825069243,,,,training/paragraph_typing,seed_device_4958d349,,,,,,,,,,,,,,,,,,,,,,,,,,,,,,,,,,,,,,,,,,,,,,,,,,,,,,,,,,,,,,,,,,
training_event,training,4958d349-1ff1-4f6b-8344-fca7d4d717aa,e8c5730a-7b89-4f53-a206-5475980bd840,2026-08-12T07:53:04.099000+00:00,mouse_scroll,,,,,1456.1102149669462,181.687353749372,,-10.229253658855633,,,,paragraph_typing,2,4,,,,6541.6529286322075,,,,,training/paragraph_typing,seed_device_4958d349,,,,,,,,,,,,,,,,,,,,,,,,,,,,,,,,,,,,,,,,,,,,,,,,,,,,,,,,,,,,,,,,,,
training_event,training,4958d349-1ff1-4f6b-8344-fca7d4d717aa,e8c5730a-7b89-4f53-a206-5475980bd840,2026-08-16T00:53:04.099000+00:00,keyup,71,J,190.143923601679,71.68318798340658,,,,,,,,paragraph_typing,4,8,17,3,0,18831.11723789788,3752.2141388152863,,,,training/paragraph_typing,seed_device_4958d349,,,,,,,,,,,,,,,,,,,,,,,,,,,,,,,,,,,,,,,,,,,,,,,,,,,,,,,,,,,,,,,,,,
training_event,training,4958d349-1ff1-4f6b-8344-fca7d4d717aa,e8c5730a-7b89-4f53-a206-5475980bd840,2026-08-15T07:53:04.099000+00:00,keydown,66,T,194.69272357925092,100.07377336882293,,,,,,,,paragraph_typing,4,8,56,2,2,20545.705053984133,2414.4990097348946,,,,training/paragraph_typing,seed_device_4958d349,,,,,,,,,,,,,,,,,,,,,,,,,,,,,,,,,,,,,,,,,,,,,,,,,,,,,,,,,,,,,,,,,,
training_event,training,4958d349-1ff1-4f6b-8344-fca7d4d717aa,e8c5730a-7b89-4f53-a206-5475980bd840,2026-08-13T08:53:04.099000+00:00,mouse_move,,,,,1461.3639483453921,440.9974727338594,,,,,,paragraph_typing,0,8,,,,12742.306703276816,,,,,training/paragraph_typing,seed_device_4958d349,,,,,,,,,,,,,,,,,,,,,,,,,,,,,,,,,,,,,,,,,,,,,,,,,,,,,,,,,,,,,,,,,,
training_event,training,4958d349-1ff1-4f6b-8344-fca7d4d717aa,e8c5730a-7b89-4f53-a206-5475980bd840,2026-08-15T01:53:04.099000+00:00,keydown,76,X,126.66992292520258,76.12312221759422,,,,,,,,paragraph_typing,0,4,83,3,0,14683.382508462075,2949.4475063668856,,,,training/paragraph_typing,seed_device_4958d349,,,,,,,,,,,,,,,,,,,,,,,,,,,,,,,,,,,,,,,,,,,,,,,,,,,,,,,,,,,,,,,,,,
training_event,training,4958d349-1ff1-4f6b-8344-fca7d4d717aa,e8c5730a-7b89-4f53-a206-5475980bd840,2026-08-11T13:53:04.099000+00:00,mouse_scroll,,,,,1577.258319115716,320.4532837242951,,6.475329986658998,,,,paragraph_typing,2,8,,,,10775.38450048953,,,,,training/paragraph_typing,seed_device_4958d349,,,,,,,,,,,,,,,,,,,,,,,,,,,,,,,,,,,,,,,,,,,,,,,,,,,,,,,,,,,,,,,,,,
training_event,training,4958d349-1ff1-4f6b-8344-fca7d4d717aa,e8c5730a-7b89-4f53-a206-5475980bd840,2026-08-14T08:53:04.099000+00:00,keydown,84,G,69.61356931745422,52.94163345097831,,,,,,,,paragraph_typing,0,2,31,2,2,23453.27780881141,365.66828253330794,,,,training/paragraph_typing,seed_device_4958d349,,,,,,,,,,,,,,,,,,,,,,,,,,,,,,,,,,,,,,,,,,,,,,,,,,,,,,,,,,,,,,,,,,
training_event,training,4958d349-1ff1-4f6b-8344-fca7d4d717aa,e8c5730a-7b89-4f53-a206-5475980bd840,2026-08-14T06:53:04.099000+00:00,mouse_move,,,,,1601.178779047213,488.896831871308,,,,,,paragraph_typing,0,5,,,,11224.630357489446,,,,,training/paragraph_typing,seed_device_4958d349,,,,,,,,,,,,,,,,,,,,,,,,,,,,,,,,,,,,,,,,,,,,,,,,,,,,,,,,,,,,,,,,,,
training_event,training,4958d349-1ff1-4f6b-8344-fca7d4d717aa,e8c5730a-7b89-4f53-a206-5475980bd840,2026-08-12T01:53:04.099000+00:00,mouse_click,,,,,561.232286970268,701.3069301126196,,,,,,paragraph_typing,4,8,,,,19909.052339696154,,target_7,small,65.11009788201176,training/paragraph_typing,seed_device_4958d349,,,,,,,,,,,,,,,,,,,,,,,,,,,,,,,,,,,,,,,,,,,,,,,,,,,,,,,,,,,,,,,,,,
training_event,training,4958d349-1ff1-4f6b-8344-fca7d4d717aa,c57695d3-cb4f-4941-96ea-e839d19ba506,2026-08-15T06:53:04.099000+00:00,keyup,84,V,197.2851823128448,110.86098834036962,,,,,,,,controlled_typing,0,6,88,0,2,25916.92945153837,3204.97450431092,,,,training/controlled_typing,seed_device_4958d349,,,,,,,,,,,,,,,,,,,,,,,,,,,,,,,,,,,,,,,,,,,,,,,,,,,,,,,,,,,,,,,,,,
training_event,training,4958d349-1ff1-4f6b-8344-fca7d4d717aa,cbee343a-ac86-46cf-936b-b461fa02d455,2026-08-14T22:53:04.099000+00:00,keyup,75,D,148.37892334085274,96.9036049394733,,,,,,,,repeated_typing,1,0,78,0,0,24997.95279801032,3586.925013416817,,,,training/repeated_typing,seed_device_4958d349,,,,,,,,,,,,,,,,,,,,,,,,,,,,,,,,,,,,,,,,,,,,,,,,,,,,,,,,,,,,,,,,,,
training_event,training,4958d349-1ff1-4f6b-8344-fca7d4d717aa,cbee343a-ac86-46cf-936b-b461fa02d455,2026-08-12T22:53:04.099000+00:00,keydown,74,E,64.8081563687782,73.8812624718378,,,,,,,,repeated_typing,0,2,51,1,2,17306.01116481625,3656.6417640946647,,,,training/repeated_typing,seed_device_4958d349,,,,,,,,,,,,,,,,,,,,,,,,,,,,,,,,,,,,,,,,,,,,,,,,,,,,,,,,,,,,,,,,,,
training_event,training,4958d349-1ff1-4f6b-8344-fca7d4d717aa,cbee343a-ac86-46cf-936b-b461fa02d455,2026-08-17T09:53:04.099000+00:00,mouse_scroll,,,,,1643.292632967697,530.5162115990069,,48.54460772980845,,,,repeated_typing,1,2,,,,1388.6703450801608,,,,,training/repeated_typing,seed_device_4958d349,,,,,,,,,,,,,,,,,,,,,,,,,,,,,,,,,,,,,,,,,,,,,,,,,,,,,,,,,,,,,,,,,,
training_event,training,4958d349-1ff1-4f6b-8344-fca7d4d717aa,cbee343a-ac86-46cf-936b-b461fa02d455,2026-08-15T18:53:04.099000+00:00,mouse_scroll,,,,,731.7065771331451,152.71423109477286,,-38.637022753248544,,,,repeated_typing,4,4,,,,2440.826752431003,,,,,training/repeated_typing,seed_device_4958d349,,,,,,,,,,,,,,,,,,,,,,,,,,,,,,,,,,,,,,,,,,,,,,,,,,,,,,,,,,,,,,,,,,
training_event,training,4958d349-1ff1-4f6b-8344-fca7d4d717aa,e8c5730a-7b89-4f53-a206-5475980bd840,2026-08-16T18:53:04.099000+00:00,keyup,81,Y,158.94220366252608,131.74098876398233,,,,,,,,paragraph_typing,4,5,76,1,2,15569.980244812565,2400.3957811678415,,,,training/paragraph_typing,seed_device_4958d349,,,,,,,,,,,,,,,,,,,,,,,,,,,,,,,,,,,,,,,,,,,,,,,,,,,,,,,,,,,,,,,,,,
training_event,training,4958d349-1ff1-4f6b-8344-fca7d4d717aa,e8c5730a-7b89-4f53-a206-5475980bd840,2026-08-14T11:53:04.099000+00:00,mouse_scroll,,,,,367.1191894589571,621.813484437829,,41.7681915248164,,,,paragraph_typing,0,5,,,,13914.976573002308,,,,,training/paragraph_typing,seed_device_4958d349,,,,,,,,,,,,,,,,,,,,,,,,,,,,,,,,,,,,,,,,,,,,,,,,,,,,,,,,,,,,,,,,,,
training_event,training,4958d349-1ff1-4f6b-8344-fca7d4d717aa,e8c5730a-7b89-4f53-a206-5475980bd840,2026-08-15T15:53:04.099000+00:00,mouse_scroll,,,,,841.7197594528116,316.9002514825147,,34.62363814725859,,,,paragraph_typing,0,9,,,,11663.788002087544,,,,,training/paragraph_typing,seed_device_4958d349,,,,,,,,,,,,,,,,,,,,,,,,,,,,,,,,,,,,,,,,,,,,,,,,,,,,,,,,,,,,,,,,,,
training_event,training,4958d349-1ff1-4f6b-8344-fca7d4d717aa,e8c5730a-7b89-4f53-a206-5475980bd840,2026-08-15T14:53:04.099000+00:00,keydown,76,K,142.5646022620853,43.43165301309815,,,,,,,,paragraph_typing,3,7,40,3,2,22058.26358868023,3336.045256186432,,,,training/paragraph_typing,seed_device_4958d349,,,,,,,,,,,,,,,,,,,,,,,,,,,,,,,,,,,,,,,,,,,,,,,,,,,,,,,,,,,,,,,,,,
training_event,training,4958d349-1ff1-4f6b-8344-fca7d4d717aa,e8c5730a-7b89-4f53-a206-5475980bd840,2026-08-12T04:53:04.099000+00:00,keyup,72,F,112.72741391253118,33.06734635961375,,,,,,,,paragraph_typing,4,9,80,1,0,16488.945858381026,795.4209654350364,,,,training/paragraph_typing,seed_device_4958d349,,,,,,,,,,,,,,,,,,,,,,,,,,,,,,,,,,,,,,,,,,,,,,,,,,,,,,,,,,,,,,,,,,
training_event,training,4958d349-1ff1-4f6b-8344-fca7d4d717aa,e8c5730a-7b89-4f53-a206-5475980bd840,2026-08-16T19:53:04.099000+00:00,mouse_scroll,,,,,359.54019991959416,360.8226470502901,,-16.04022671844435,,,,paragraph_typing,4,8,,,,5663.673796934136,,,,,training/paragraph_typing,seed_device_4958d349,,,,,,,,,,,,,,,,,,,,,,,,,,,,,,,,,,,,,,,,,,,,,,,,,,,,,,,,,,,,,,,,,,
training_event,training,4958d349-1ff1-4f6b-8344-fca7d4d717aa,e8c5730a-7b89-4f53-a206-5475980bd840,2026-08-14T23:53:04.099000+00:00,mouse_click,,,,,1376.2120709038738,144.6758481869301,,,,,,paragraph_typing,4,4,,,,5156.309696751653,,target_4,small,231.30715371123256,training/paragraph_typing,seed_device_4958d349,,,,,,,,,,,,,,,,,,,,,,,,,,,,,,,,,,,,,,,,,,,,,,,,,,,,,,,,,,,,,,,,,,
training_event,training,4958d349-1ff1-4f6b-8344-fca7d4d717aa,e8c5730a-7b89-4f53-a206-5475980bd840,2026-08-15T19:53:04.099000+00:00,mouse_scroll,,,,,748.1999288252142,820.2327821603399,,-43.290745224994424,,,,paragraph_typing,3,1,,,,23476.26402305778,,,,,training/paragraph_typing,seed_device_4958d349,,,,,,,,,,,,,,,,,,,,,,,,,,,,,,,,,,,,,,,,,,,,,,,,,,,,,,,,,,,,,,,,,,
training_event,training,4958d349-1ff1-4f6b-8344-fca7d4d717aa,c57695d3-cb4f-4941-96ea-e839d19ba506,2026-08-14T16:53:04.099000+00:00,keydown,83,H,88.1959558327527,147.1893989421294,,,,,,,,controlled_typing,0,4,41,3,0,12398.863364727105,2589.1110006519284,,,,training/controlled_typing,seed_device_4958d349,,,,,,,,,,,,,,,,,,,,,,,,,,,,,,,,,,,,,,,,,,,,,,,,,,,,,,,,,,,,,,,,,,
training_event,training,4958d349-1ff1-4f6b-8344-fca7d4d717aa,e8c5730a-7b89-4f53-a206-5475980bd840,2026-08-16T10:53:04.099000+00:00,mouse_move,,,,,234.60032693489535,194.2009129946464,,,,,,paragraph_typing,1,7,,,,7300.10590276351,,,,,training/paragraph_typing,seed_device_4958d349,,,,,,,,,,,,,,,,,,,,,,,,,,,,,,,,,,,,,,,,,,,,,,,,,,,,,,,,,,,,,,,,,,
training_event,training,4958d349-1ff1-4f6b-8344-fca7d4d717aa,e8c5730a-7b89-4f53-a206-5475980bd840,2026-08-13T13:53:04.099000+00:00,keydown,86,I,143.81029022080887,126.63022365953071,,,,,,,,paragraph_typing,0,6,81,2,1,19080.924541683118,1388.1712910503236,,,,training/paragraph_typing,seed_device_4958d349,,,,,,,,,,,,,,,,,,,,,,,,,,,,,,,,,,,,,,,,,,,,,,,,,,,,,,,,,,,,,,,,,,
training_event,training,4958d349-1ff1-4f6b-8344-fca7d4d717aa,e8c5730a-7b89-4f53-a206-5475980bd840,2026-08-13T21:53:04.099000+00:00,mouse_click,,,,,796.6523276038432,535.8682683490194,,,,,,paragraph_typing,3,6,,,,23700.703234439785,,target_8,medium,218.8811654744048,training/paragraph_typing,seed_device_4958d349,,,,,,,,,,,,,,,,,,,,,,,,,,,,,,,,,,,,,,,,,,,,,,,,,,,,,,,,,,,,,,,,,,
training_event,training,4958d349-1ff1-4f6b-8344-fca7d4d717aa,e8c5730a-7b89-4f53-a206-5475980bd840,2026-08-16T21:53:04.099000+00:00,keyup,79,W,77.51121692161443,91.21737859926071,,,,,,,,paragraph_typing,4,2,97,3,2,12431.131669084005,877.3164357834529,,,,training/paragraph_typing,seed_device_4958d349,,,,,,,,,,,,,,,,,,,,,,,,,,,,,,,,,,,,,,,,,,,,,,,,,,,,,,,,,,,,,,,,,,
training_event,training,4958d349-1ff1-4f6b-8344-fca7d4d717aa,c57695d3-cb4f-4941-96ea-e839d19ba506,2026-08-16T12:53:04.099000+00:00,mouse_move,,,,,1590.5905195403582,354.76994380868695,,,,,,controlled_typing,4,3,,,,29393.27444402503,,,,,training/controlled_typing,seed_device_4958d349,,,,,,,,,,,,,,,,,,,,,,,,,,,,,,,,,,,,,,,,,,,,,,,,,,,,,,,,,,,,,,,,,,
training_event,training,4958d349-1ff1-4f6b-8344-fca7d4d717aa,c57695d3-cb4f-4941-96ea-e839d19ba506,2026-08-15T00:53:04.099000+00:00,mouse_click,,,,,1339.4123043357379,259.0799393990537,,,,,,controlled_typing,0,9,,,,16664.691231203687,,target_1,medium,93.78840574475664,training/controlled_typing,seed_device_4958d349,,,,,,,,,,,,,,,,,,,,,,,,,,,,,,,,,,,,,,,,,,,,,,,,,,,,,,,,,,,,,,,,,,
training_event,training,4958d349-1ff1-4f6b-8344-fca7d4d717aa,cbee343a-ac86-46cf-936b-b461fa02d455,2026-08-11T16:53:04.099000+00:00,mouse_scroll,,,,,878.6408877657138,868.4495360218929,,8.696167582669226,,,,repeated_typing,2,7,,,,5217.45218866943,,,,,training/repeated_typing,seed_device_4958d349,,,,,,,,,,,,,,,,,,,,,,,,,,,,,,,,,,,,,,,,,,,,,,,,,,,,,,,,,,,,,,,,,,
training_event,training,4958d349-1ff1-4f6b-8344-fca7d4d717aa,cbee343a-ac86-46cf-936b-b461fa02d455,2026-08-12T10:53:04.099000+00:00,keyup,79,O,169.6548387455506,69.3511412425596,,,,,,,,repeated_typing,4,6,21,1,0,29774.03761702274,374.4516056075903,,,,training/repeated_typing,seed_device_4958d349,,,,,,,,,,,,,,,,,,,,,,,,,,,,,,,,,,,,,,,,,,,,,,,,,,,,,,,,,,,,,,,,,,
training_event,training,4958d349-1ff1-4f6b-8344-fca7d4d717aa,cbee343a-ac86-46cf-936b-b461fa02d455,2026-08-16T14:53:04.099000+00:00,mouse_move,,,,,1373.8755118678723,225.97385765949696,,,,,,repeated_typing,3,8,,,,20126.837063894334,,,,,training/repeated_typing,seed_device_4958d349,,,,,,,,,,,,,,,,,,,,,,,,,,,,,,,,,,,,,,,,,,,,,,,,,,,,,,,,,,,,,,,,,,
training_event,training,4958d349-1ff1-4f6b-8344-fca7d4d717aa,cbee343a-ac86-46cf-936b-b461fa02d455,2026-08-15T02:53:04.099000+00:00,mouse_click,,,,,1468.2932335561898,245.5252500832544,,,,,,repeated_typing,2,8,,,,22894.667982807958,,target_7,medium,62.94390861716357,training/repeated_typing,seed_device_4958d349,,,,,,,,,,,,,,,,,,,,,,,,,,,,,,,,,,,,,,,,,,,,,,,,,,,,,,,,,,,,,,,,,,
training_event,training,4958d349-1ff1-4f6b-8344-fca7d4d717aa,cbee343a-ac86-46cf-936b-b461fa02d455,2026-08-12T17:53:04.099000+00:00,mouse_click,,,,,1567.4449644387876,301.2839163737631,,,,,,repeated_typing,0,8,,,,6126.751774186785,,target_4,small,181.94904321185243,training/repeated_typing,seed_device_4958d349,,,,,,,,,,,,,,,,,,,,,,,,,,,,,,,,,,,,,,,,,,,,,,,,,,,,,,,,,,,,,,,,,,
training_event,training,4958d349-1ff1-4f6b-8344-fca7d4d717aa,e8c5730a-7b89-4f53-a206-5475980bd840,2026-08-16T14:53:04.099000+00:00,mouse_scroll,,,,,1161.380697538434,507.8708635644618,,-12.730053943451566,,,,paragraph_typing,0,3,,,,1557.7791444754253,,,,,training/paragraph_typing,seed_device_4958d349,,,,,,,,,,,,,,,,,,,,,,,,,,,,,,,,,,,,,,,,,,,,,,,,,,,,,,,,,,,,,,,,,,
training_event,training,4958d349-1ff1-4f6b-8344-fca7d4d717aa,e8c5730a-7b89-4f53-a206-5475980bd840,2026-08-16T23:53:04.099000+00:00,keydown,69,O,173.80130063334943,64.34896044395722,,,,,,,,paragraph_typing,1,8,49,2,1,6728.668498390909,3532.5561893419604,,,,training/paragraph_typing,seed_device_4958d349,,,,,,,,,,,,,,,,,,,,,,,,,,,,,,,,,,,,,,,,,,,,,,,,,,,,,,,,,,,,,,,,,,
training_event,training,4958d349-1ff1-4f6b-8344-fca7d4d717aa,e8c5730a-7b89-4f53-a206-5475980bd840,2026-08-12T00:53:04.099000+00:00,keyup,84,F,73.36550051861877,106.09399551765785,,,,,,,,paragraph_typing,1,8,16,3,1,6367.526692606185,2370.1728643351435,,,,training/paragraph_typing,seed_device_4958d349,,,,,,,,,,,,,,,,,,,,,,,,,,,,,,,,,,,,,,,,,,,,,,,,,,,,,,,,,,,,,,,,,,
training_event,training,4958d349-1ff1-4f6b-8344-fca7d4d717aa,21187d4f-c1ab-470c-9a59-783958d37f96,2026-09-06T09:47:31.386000+00:00,mouse_move,,,,,406.0,254.7,,,,,,mouse_tracking,,,,,,,,,,,/app/training,dev_2d73e02d-8068-4917-8e1d-bcd4688456d1,,,,,,,,,,,,,,,,,,,,,,,,,,,,,,,,,,,,,,,,,,,,,,,,,,,,,,,,,,,,,,,,,,
training_event,training,4958d349-1ff1-4f6b-8344-fca7d4d717aa,21187d4f-c1ab-470c-9a59-783958d37f96,2026-09-06T09:47:31.402000+00:00,mouse_move,,,,,426.0,251.7,,,,,,mouse_tracking,,,,,,,,,,,/app/training,dev_2d73e02d-8068-4917-8e1d-bcd4688456d1,,,,,,,,,,,,,,,,,,,,,,,,,,,,,,,,,,,,,,,,,,,,,,,,,,,,,,,,,,,,,,,,,,
training_event,training,4958d349-1ff1-4f6b-8344-fca7d4d717aa,21187d4f-c1ab-470c-9a59-783958d37f96,2026-09-06T09:47:31.418000+00:00,mouse_move,,,,,448.0,244.7,,,,,,mouse_tracking,,,,,,,,,,,/app/training,dev_2d73e02d-8068-4917-8e1d-bcd4688456d1,,,,,,,,,,,,,,,,,,,,,,,,,,,,,,,,,,,,,,,,,,,,,,,,,,,,,,,,,,,,,,,,,,
training_event,training,4958d349-1ff1-4f6b-8344-fca7d4d717aa,21187d4f-c1ab-470c-9a59-783958d37f96,2026-09-06T09:47:31.435000+00:00,mouse_move,,,,,474.0,235.7,,,,,,mouse_tracking,,,,,,,,,,,/app/training,dev_2d73e02d-8068-4917-8e1d-bcd4688456d1,,,,,,,,,,,,,,,,,,,,,,,,,,,,,,,,,,,,,,,,,,,,,,,,,,,,,,,,,,,,,,,,,,
training_event,training,4958d349-1ff1-4f6b-8344-fca7d4d717aa,21187d4f-c1ab-470c-9a59-783958d37f96,2026-09-06T09:47:31.451000+00:00,mouse_move,,,,,487.0,230.7,,,,,,mouse_tracking,,,,,,,,,,,/app/training,dev_2d73e02d-8068-4917-8e1d-bcd4688456d1,,,,,,,,,,,,,,,,,,,,,,,,,,,,,,,,,,,,,,,,,,,,,,,,,,,,,,,,,,,,,,,,,,
training_event,training,4958d349-1ff1-4f6b-8344-fca7d4d717aa,21187d4f-c1ab-470c-9a59-783958d37f96,2026-09-06T09:47:31.468000+00:00,mouse_move,,,,,500.0,224.7,,,,,,mouse_tracking,,,,,,,,,,,/app/training,dev_2d73e02d-8068-4917-8e1d-bcd4688456d1,,,,,,,,,,,,,,,,,,,,,,,,,,,,,,,,,,,,,,,,,,,,,,,,,,,,,,,,,,,,,,,,,,
training_event,training,4958d349-1ff1-4f6b-8344-fca7d4d717aa,21187d4f-c1ab-470c-9a59-783958d37f96,2026-09-06T09:47:31.484000+00:00,mouse_move,,,,,507.0,220.7,,,,,,mouse_tracking,,,,,,,,,,,/app/training,dev_2d73e02d-8068-4917-8e1d-bcd4688456d1,,,,,,,,,,,,,,,,,,,,,,,,,,,,,,,,,,,,,,,,,,,,,,,,,,,,,,,,,,,,,,,,,,
training_event,training,4958d349-1ff1-4f6b-8344-fca7d4d717aa,21187d4f-c1ab-470c-9a59-783958d37f96,2026-09-06T09:47:31.501000+00:00,mouse_move,,,,,508.0,219.7,,,,,,mouse_tracking,,,,,,,,,,,/app/training,dev_2d73e02d-8068-4917-8e1d-bcd4688456d1,,,,,,,,,,,,,,,,,,,,,,,,,,,,,,,,,,,,,,,,,,,,,,,,,,,,,,,,,,,,,,,,,,
training_event,training,4958d349-1ff1-4f6b-8344-fca7d4d717aa,21187d4f-c1ab-470c-9a59-783958d37f96,2026-09-06T09:47:31.518000+00:00,mouse_move,,,,,509.0,219.7,,,,,,mouse_tracking,,,,,,,,,,,/app/training,dev_2d73e02d-8068-4917-8e1d-bcd4688456d1,,,,,,,,,,,,,,,,,,,,,,,,,,,,,,,,,,,,,,,,,,,,,,,,,,,,,,,,,,,,,,,,,,
training_event,training,4958d349-1ff1-4f6b-8344-fca7d4d717aa,21187d4f-c1ab-470c-9a59-783958d37f96,2026-09-06T09:47:31.534000+00:00,mouse_move,,,,,509.0,219.7,,,,,,mouse_tracking,,,,,,,,,,,/app/training,dev_2d73e02d-8068-4917-8e1d-bcd4688456d1,,,,,,,,,,,,,,,,,,,,,,,,,,,,,,,,,,,,,,,,,,,,,,,,,,,,,,,,,,,,,,,,,,
training_event,training,4958d349-1ff1-4f6b-8344-fca7d4d717aa,21187d4f-c1ab-470c-9a59-783958d37f96,2026-09-06T09:47:31.601000+00:00,mouse_move,,,,,509.0,219.7,,,,,,mouse_tracking,,,,,,,,,,,/app/training,dev_2d73e02d-8068-4917-8e1d-bcd4688456d1,,,,,,,,,,,,,,,,,,,,,,,,,,,,,,,,,,,,,,,,,,,,,,,,,,,,,,,,,,,,,,,,,,
training_event,training,4958d349-1ff1-4f6b-8344-fca7d4d717aa,21187d4f-c1ab-470c-9a59-783958d37f96,2026-09-06T09:47:31.618000+00:00,mouse_move,,,,,509.0,218.7,,,,,,mouse_tracking,,,,,,,,,,,/app/training,dev_2d73e02d-8068-4917-8e1d-bcd4688456d1,,,,,,,,,,,,,,,,,,,,,,,,,,,,,,,,,,,,,,,,,,,,,,,,,,,,,,,,,,,,,,,,,,
training_event,training,4958d349-1ff1-4f6b-8344-fca7d4d717aa,21187d4f-c1ab-470c-9a59-783958d37f96,2026-09-06T09:47:31.634000+00:00,mouse_move,,,,,509.0,217.7,,,,,,mouse_tracking,,,,,,,,,,,/app/training,dev_2d73e02d-8068-4917-8e1d-bcd4688456d1,,,,,,,,,,,,,,,,,,,,,,,,,,,,,,,,,,,,,,,,,,,,,,,,,,,,,,,,,,,,,,,,,,
training_event,training,4958d349-1ff1-4f6b-8344-fca7d4d717aa,21187d4f-c1ab-470c-9a59-783958d37f96,2026-09-06T09:47:31.651000+00:00,mouse_move,,,,,509.0,216.7,,,,,,mouse_tracking,,,,,,,,,,,/app/training,dev_2d73e02d-8068-4917-8e1d-bcd4688456d1,,,,,,,,,,,,,,,,,,,,,,,,,,,,,,,,,,,,,,,,,,,,,,,,,,,,,,,,,,,,,,,,,,
training_event,training,4958d349-1ff1-4f6b-8344-fca7d4d717aa,21187d4f-c1ab-470c-9a59-783958d37f96,2026-09-06T09:47:31.668000+00:00,mouse_move,,,,,509.0,214.7,,,,,,mouse_tracking,,,,,,,,,,,/app/training,dev_2d73e02d-8068-4917-8e1d-bcd4688456d1,,,,,,,,,,,,,,,,,,,,,,,,,,,,,,,,,,,,,,,,,,,,,,,,,,,,,,,,,,,,,,,,,,
training_event,training,4958d349-1ff1-4f6b-8344-fca7d4d717aa,21187d4f-c1ab-470c-9a59-783958d37f96,2026-09-06T09:47:31.684000+00:00,mouse_move,,,,,509.0,213.7,,,,,,mouse_tracking,,,,,,,,,,,/app/training,dev_2d73e02d-8068-4917-8e1d-bcd4688456d1,,,,,,,,,,,,,,,,,,,,,,,,,,,,,,,,,,,,,,,,,,,,,,,,,,,,,,,,,,,,,,,,,,
training_event,training,4958d349-1ff1-4f6b-8344-fca7d4d717aa,21187d4f-c1ab-470c-9a59-783958d37f96,2026-09-06T09:47:31.701000+00:00,mouse_move,,,,,509.0,212.7,,,,,,mouse_tracking,,,,,,,,,,,/app/training,dev_2d73e02d-8068-4917-8e1d-bcd4688456d1,,,,,,,,,,,,,,,,,,,,,,,,,,,,,,,,,,,,,,,,,,,,,,,,,,,,,,,,,,,,,,,,,,
training_event,training,4958d349-1ff1-4f6b-8344-fca7d4d717aa,21187d4f-c1ab-470c-9a59-783958d37f96,2026-09-06T09:47:31.718000+00:00,mouse_move,,,,,509.0,211.7,,,,,,mouse_tracking,,,,,,,,,,,/app/training,dev_2d73e02d-8068-4917-8e1d-bcd4688456d1,,,,,,,,,,,,,,,,,,,,,,,,,,,,,,,,,,,,,,,,,,,,,,,,,,,,,,,,,,,,,,,,,,
training_event,training,4958d349-1ff1-4f6b-8344-fca7d4d717aa,21187d4f-c1ab-470c-9a59-783958d37f96,2026-09-06T09:47:31.751000+00:00,mouse_move,,,,,509.0,211.7,,,,,,mouse_tracking,,,,,,,,,,,/app/training,dev_2d73e02d-8068-4917-8e1d-bcd4688456d1,,,,,,,,,,,,,,,,,,,,,,,,,,,,,,,,,,,,,,,,,,,,,,,,,,,,,,,,,,,,,,,,,,
training_event,training,4958d349-1ff1-4f6b-8344-fca7d4d717aa,21187d4f-c1ab-470c-9a59-783958d37f96,2026-09-06T09:47:31.768000+00:00,mouse_move,,,,,509.0,211.7,,,,,,mouse_tracking,,,,,,,,,,,/app/training,dev_2d73e02d-8068-4917-8e1d-bcd4688456d1,,,,,,,,,,,,,,,,,,,,,,,,,,,,,,,,,,,,,,,,,,,,,,,,,,,,,,,,,,,,,,,,,,
training_event,training,4958d349-1ff1-4f6b-8344-fca7d4d717aa,21187d4f-c1ab-470c-9a59-783958d37f96,2026-09-06T09:47:32.286000+00:00,mouse_scroll,,,,,,,,1.0,,,,mouse_tracking,,,,,,,,,,,/app/training,dev_2d73e02d-8068-4917-8e1d-bcd4688456d1,,,,,,,,,,,,,,,,,,,,,,,,,,,,,,,,,,,,,,,,,,,,,,,,,,,,,,,,,,,,,,,,,,
training_event,training,4958d349-1ff1-4f6b-8344-fca7d4d717aa,21187d4f-c1ab-470c-9a59-783958d37f96,2026-09-06T09:47:32.287000+00:00,mouse_scroll,,,,,,,,1.0,,,,mouse_tracking,,,,,,,,,,,/app/training,dev_2d73e02d-8068-4917-8e1d-bcd4688456d1,,,,,,,,,,,,,,,,,,,,,,,,,,,,,,,,,,,,,,,,,,,,,,,,,,,,,,,,,,,,,,,,,,
training_event,training,4958d349-1ff1-4f6b-8344-fca7d4d717aa,21187d4f-c1ab-470c-9a59-783958d37f96,2026-09-06T09:47:32.303000+00:00,mouse_scroll,,,,,,,,8.0,,,,mouse_tracking,,,,,,,,,,,/app/training,dev_2d73e02d-8068-4917-8e1d-bcd4688456d1,,,,,,,,,,,,,,,,,,,,,,,,,,,,,,,,,,,,,,,,,,,,,,,,,,,,,,,,,,,,,,,,,,
training_event,training,4958d349-1ff1-4f6b-8344-fca7d4d717aa,21187d4f-c1ab-470c-9a59-783958d37f96,2026-09-06T09:47:32.319000+00:00,mouse_scroll,,,,,,,,9.0,,,,mouse_tracking,,,,,,,,,,,/app/training,dev_2d73e02d-8068-4917-8e1d-bcd4688456d1,,,,,,,,,,,,,,,,,,,,,,,,,,,,,,,,,,,,,,,,,,,,,,,,,,,,,,,,,,,,,,,,,,
training_event,training,4958d349-1ff1-4f6b-8344-fca7d4d717aa,21187d4f-c1ab-470c-9a59-783958d37f96,2026-09-06T09:47:32.336000+00:00,mouse_scroll,,,,,,,,11.0,,,,mouse_tracking,,,,,,,,,,,/app/training,dev_2d73e02d-8068-4917-8e1d-bcd4688456d1,,,,,,,,,,,,,,,,,,,,,,,,,,,,,,,,,,,,,,,,,,,,,,,,,,,,,,,,,,,,,,,,,,
training_event,training,4958d349-1ff1-4f6b-8344-fca7d4d717aa,21187d4f-c1ab-470c-9a59-783958d37f96,2026-09-06T09:47:32.352000+00:00,mouse_scroll,,,,,,,,20.0,,,,mouse_tracking,,,,,,,,,,,/app/training,dev_2d73e02d-8068-4917-8e1d-bcd4688456d1,,,,,,,,,,,,,,,,,,,,,,,,,,,,,,,,,,,,,,,,,,,,,,,,,,,,,,,,,,,,,,,,,,
training_event,training,4958d349-1ff1-4f6b-8344-fca7d4d717aa,21187d4f-c1ab-470c-9a59-783958d37f96,2026-09-06T09:47:32.370000+00:00,mouse_scroll,,,,,,,,16.0,,,,mouse_tracking,,,,,,,,,,,/app/training,dev_2d73e02d-8068-4917-8e1d-bcd4688456d1,,,,,,,,,,,,,,,,,,,,,,,,,,,,,,,,,,,,,,,,,,,,,,,,,,,,,,,,,,,,,,,,,,
training_event,training,4958d349-1ff1-4f6b-8344-fca7d4d717aa,21187d4f-c1ab-470c-9a59-783958d37f96,2026-09-06T09:47:32.386000+00:00,mouse_scroll,,,,,,,,18.0,,,,mouse_tracking,,,,,,,,,,,/app/training,dev_2d73e02d-8068-4917-8e1d-bcd4688456d1,,,,,,,,,,,,,,,,,,,,,,,,,,,,,,,,,,,,,,,,,,,,,,,,,,,,,,,,,,,,,,,,,,
training_event,training,4958d349-1ff1-4f6b-8344-fca7d4d717aa,21187d4f-c1ab-470c-9a59-783958d37f96,2026-09-06T09:47:32.403000+00:00,mouse_scroll,,,,,,,,16.0,,,,mouse_tracking,,,,,,,,,,,/app/training,dev_2d73e02d-8068-4917-8e1d-bcd4688456d1,,,,,,,,,,,,,,,,,,,,,,,,,,,,,,,,,,,,,,,,,,,,,,,,,,,,,,,,,,,,,,,,,,
training_event,training,4958d349-1ff1-4f6b-8344-fca7d4d717aa,21187d4f-c1ab-470c-9a59-783958d37f96,2026-09-06T09:47:32.418000+00:00,mouse_scroll,,,,,,,,14.0,,,,mouse_tracking,,,,,,,,,,,/app/training,dev_2d73e02d-8068-4917-8e1d-bcd4688456d1,,,,,,,,,,,,,,,,,,,,,,,,,,,,,,,,,,,,,,,,,,,,,,,,,,,,,,,,,,,,,,,,,,
training_event,training,4958d349-1ff1-4f6b-8344-fca7d4d717aa,21187d4f-c1ab-470c-9a59-783958d37f96,2026-09-06T09:47:32.436000+00:00,mouse_scroll,,,,,,,,12.0,,,,mouse_tracking,,,,,,,,,,,/app/training,dev_2d73e02d-8068-4917-8e1d-bcd4688456d1,,,,,,,,,,,,,,,,,,,,,,,,,,,,,,,,,,,,,,,,,,,,,,,,,,,,,,,,,,,,,,,,,,
training_event,training,4958d349-1ff1-4f6b-8344-fca7d4d717aa,21187d4f-c1ab-470c-9a59-783958d37f96,2026-09-06T09:47:32.453000+00:00,mouse_scroll,,,,,,,,11.0,,,,mouse_tracking,,,,,,,,,,,/app/training,dev_2d73e02d-8068-4917-8e1d-bcd4688456d1,,,,,,,,,,,,,,,,,,,,,,,,,,,,,,,,,,,,,,,,,,,,,,,,,,,,,,,,,,,,,,,,,,
training_event,training,4958d349-1ff1-4f6b-8344-fca7d4d717aa,21187d4f-c1ab-470c-9a59-783958d37f96,2026-09-06T09:47:32.468000+00:00,mouse_scroll,,,,,,,,8.0,,,,mouse_tracking,,,,,,,,,,,/app/training,dev_2d73e02d-8068-4917-8e1d-bcd4688456d1,,,,,,,,,,,,,,,,,,,,,,,,,,,,,,,,,,,,,,,,,,,,,,,,,,,,,,,,,,,,,,,,,,
training_event,training,4958d349-1ff1-4f6b-8344-fca7d4d717aa,21187d4f-c1ab-470c-9a59-783958d37f96,2026-09-06T09:47:32.486000+00:00,mouse_scroll,,,,,,,,6.0,,,,mouse_tracking,,,,,,,,,,,/app/training,dev_2d73e02d-8068-4917-8e1d-bcd4688456d1,,,,,,,,,,,,,,,,,,,,,,,,,,,,,,,,,,,,,,,,,,,,,,,,,,,,,,,,,,,,,,,,,,
training_event,training,4958d349-1ff1-4f6b-8344-fca7d4d717aa,21187d4f-c1ab-470c-9a59-783958d37f96,2026-09-06T09:47:32.503000+00:00,mouse_scroll,,,,,,,,7.0,,,,mouse_tracking,,,,,,,,,,,/app/training,dev_2d73e02d-8068-4917-8e1d-bcd4688456d1,,,,,,,,,,,,,,,,,,,,,,,,,,,,,,,,,,,,,,,,,,,,,,,,,,,,,,,,,,,,,,,,,,
training_event,training,4958d349-1ff1-4f6b-8344-fca7d4d717aa,21187d4f-c1ab-470c-9a59-783958d37f96,2026-09-06T09:47:32.519000+00:00,mouse_scroll,,,,,,,,4.0,,,,mouse_tracking,,,,,,,,,,,/app/training,dev_2d73e02d-8068-4917-8e1d-bcd4688456d1,,,,,,,,,,,,,,,,,,,,,,,,,,,,,,,,,,,,,,,,,,,,,,,,,,,,,,,,,,,,,,,,,,
training_event,training,4958d349-1ff1-4f6b-8344-fca7d4d717aa,21187d4f-c1ab-470c-9a59-783958d37f96,2026-09-06T09:47:32.534000+00:00,mouse_scroll,,,,,,,,3.0,,,,mouse_tracking,,,,,,,,,,,/app/training,dev_2d73e02d-8068-4917-8e1d-bcd4688456d1,,,,,,,,,,,,,,,,,,,,,,,,,,,,,,,,,,,,,,,,,,,,,,,,,,,,,,,,,,,,,,,,,,
training_event,training,4958d349-1ff1-4f6b-8344-fca7d4d717aa,21187d4f-c1ab-470c-9a59-783958d37f96,2026-09-06T09:47:32.551000+00:00,mouse_scroll,,,,,,,,2.0,,,,mouse_tracking,,,,,,,,,,,/app/training,dev_2d73e02d-8068-4917-8e1d-bcd4688456d1,,,,,,,,,,,,,,,,,,,,,,,,,,,,,,,,,,,,,,,,,,,,,,,,,,,,,,,,,,,,,,,,,,
training_event,training,4958d349-1ff1-4f6b-8344-fca7d4d717aa,21187d4f-c1ab-470c-9a59-783958d37f96,2026-09-06T09:47:32.585000+00:00,mouse_scroll,,,,,,,,2.0,,,,mouse_tracking,,,,,,,,,,,/app/training,dev_2d73e02d-8068-4917-8e1d-bcd4688456d1,,,,,,,,,,,,,,,,,,,,,,,,,,,,,,,,,,,,,,,,,,,,,,,,,,,,,,,,,,,,,,,,,,
training_event,training,4958d349-1ff1-4f6b-8344-fca7d4d717aa,21187d4f-c1ab-470c-9a59-783958d37f96,2026-09-06T09:47:32.602000+00:00,mouse_scroll,,,,,,,,1.0,,,,mouse_tracking,,,,,,,,,,,/app/training,dev_2d73e02d-8068-4917-8e1d-bcd4688456d1,,,,,,,,,,,,,,,,,,,,,,,,,,,,,,,,,,,,,,,,,,,,,,,,,,,,,,,,,,,,,,,,,,
training_event,training,4958d349-1ff1-4f6b-8344-fca7d4d717aa,21187d4f-c1ab-470c-9a59-783958d37f96,2026-09-06T09:47:32.619000+00:00,mouse_scroll,,,,,,,,1.0,,,,mouse_tracking,,,,,,,,,,,/app/training,dev_2d73e02d-8068-4917-8e1d-bcd4688456d1,,,,,,,,,,,,,,,,,,,,,,,,,,,,,,,,,,,,,,,,,,,,,,,,,,,,,,,,,,,,,,,,,,
training_event,training,4958d349-1ff1-4f6b-8344-fca7d4d717aa,21187d4f-c1ab-470c-9a59-783958d37f96,2026-09-06T09:47:32.636000+00:00,mouse_scroll,,,,,,,,1.0,,,,mouse_tracking,,,,,,,,,,,/app/training,dev_2d73e02d-8068-4917-8e1d-bcd4688456d1,,,,,,,,,,,,,,,,,,,,,,,,,,,,,,,,,,,,,,,,,,,,,,,,,,,,,,,,,,,,,,,,,,
training_event,training,4958d349-1ff1-4f6b-8344-fca7d4d717aa,21187d4f-c1ab-470c-9a59-783958d37f96,2026-09-06T09:47:32.652000+00:00,mouse_scroll,,,,,,,,3.0,,,,mouse_tracking,,,,,,,,,,,/app/training,dev_2d73e02d-8068-4917-8e1d-bcd4688456d1,,,,,,,,,,,,,,,,,,,,,,,,,,,,,,,,,,,,,,,,,,,,,,,,,,,,,,,,,,,,,,,,,,
training_event,training,4958d349-1ff1-4f6b-8344-fca7d4d717aa,21187d4f-c1ab-470c-9a59-783958d37f96,2026-09-06T09:47:32.667000+00:00,mouse_scroll,,,,,,,,4.0,,,,mouse_tracking,,,,,,,,,,,/app/training,dev_2d73e02d-8068-4917-8e1d-bcd4688456d1,,,,,,,,,,,,,,,,,,,,,,,,,,,,,,,,,,,,,,,,,,,,,,,,,,,,,,,,,,,,,,,,,,
training_event,training,4958d349-1ff1-4f6b-8344-fca7d4d717aa,21187d4f-c1ab-470c-9a59-783958d37f96,2026-09-06T09:47:32.685000+00:00,mouse_scroll,,,,,,,,4.0,,,,mouse_tracking,,,,,,,,,,,/app/training,dev_2d73e02d-8068-4917-8e1d-bcd4688456d1,,,,,,,,,,,,,,,,,,,,,,,,,,,,,,,,,,,,,,,,,,,,,,,,,,,,,,,,,,,,,,,,,,
training_event,training,4958d349-1ff1-4f6b-8344-fca7d4d717aa,21187d4f-c1ab-470c-9a59-783958d37f96,2026-09-06T09:47:32.702000+00:00,mouse_scroll,,,,,,,,6.0,,,,mouse_tracking,,,,,,,,,,,/app/training,dev_2d73e02d-8068-4917-8e1d-bcd4688456d1,,,,,,,,,,,,,,,,,,,,,,,,,,,,,,,,,,,,,,,,,,,,,,,,,,,,,,,,,,,,,,,,,,
training_event,training,4958d349-1ff1-4f6b-8344-fca7d4d717aa,21187d4f-c1ab-470c-9a59-783958d37f96,2026-09-06T09:47:32.717000+00:00,mouse_scroll,,,,,,,,7.0,,,,mouse_tracking,,,,,,,,,,,/app/training,dev_2d73e02d-8068-4917-8e1d-bcd4688456d1,,,,,,,,,,,,,,,,,,,,,,,,,,,,,,,,,,,,,,,,,,,,,,,,,,,,,,,,,,,,,,,,,,
training_event,training,4958d349-1ff1-4f6b-8344-fca7d4d717aa,21187d4f-c1ab-470c-9a59-783958d37f96,2026-09-06T09:47:32.735000+00:00,mouse_scroll,,,,,,,,8.0,,,,mouse_tracking,,,,,,,,,,,/app/training,dev_2d73e02d-8068-4917-8e1d-bcd4688456d1,,,,,,,,,,,,,,,,,,,,,,,,,,,,,,,,,,,,,,,,,,,,,,,,,,,,,,,,,,,,,,,,,,
training_event,training,4958d349-1ff1-4f6b-8344-fca7d4d717aa,21187d4f-c1ab-470c-9a59-783958d37f96,2026-09-06T09:47:32.751000+00:00,mouse_scroll,,,,,,,,3.0,,,,mouse_tracking,,,,,,,,,,,/app/training,dev_2d73e02d-8068-4917-8e1d-bcd4688456d1,,,,,,,,,,,,,,,,,,,,,,,,,,,,,,,,,,,,,,,,,,,,,,,,,,,,,,,,,,,,,,,,,,
training_event,training,4958d349-1ff1-4f6b-8344-fca7d4d717aa,21187d4f-c1ab-470c-9a59-783958d37f96,2026-09-06T09:47:32.769000+00:00,mouse_scroll,,,,,,,,8.0,,,,mouse_tracking,,,,,,,,,,,/app/training,dev_2d73e02d-8068-4917-8e1d-bcd4688456d1,,,,,,,,,,,,,,,,,,,,,,,,,,,,,,,,,,,,,,,,,,,,,,,,,,,,,,,,,,,,,,,,,,
training_event,training,4958d349-1ff1-4f6b-8344-fca7d4d717aa,21187d4f-c1ab-470c-9a59-783958d37f96,2026-09-06T09:47:32.784000+00:00,mouse_scroll,,,,,,,,5.0,,,,mouse_tracking,,,,,,,,,,,/app/training,dev_2d73e02d-8068-4917-8e1d-bcd4688456d1,,,,,,,,,,,,,,,,,,,,,,,,,,,,,,,,,,,,,,,,,,,,,,,,,,,,,,,,,,,,,,,,,,
training_event,training,4958d349-1ff1-4f6b-8344-fca7d4d717aa,21187d4f-c1ab-470c-9a59-783958d37f96,2026-09-06T09:47:32.802000+00:00,mouse_scroll,,,,,,,,5.0,,,,mouse_tracking,,,,,,,,,,,/app/training,dev_2d73e02d-8068-4917-8e1d-bcd4688456d1,,,,,,,,,,,,,,,,,,,,,,,,,,,,,,,,,,,,,,,,,,,,,,,,,,,,,,,,,,,,,,,,,,
training_event,training,4958d349-1ff1-4f6b-8344-fca7d4d717aa,21187d4f-c1ab-470c-9a59-783958d37f96,2026-09-06T09:47:32.818000+00:00,mouse_scroll,,,,,,,,3.0,,,,mouse_tracking,,,,,,,,,,,/app/training,dev_2d73e02d-8068-4917-8e1d-bcd4688456d1,,,,,,,,,,,,,,,,,,,,,,,,,,,,,,,,,,,,,,,,,,,,,,,,,,,,,,,,,,,,,,,,,,
training_event,training,4958d349-1ff1-4f6b-8344-fca7d4d717aa,21187d4f-c1ab-470c-9a59-783958d37f96,2026-09-06T09:47:32.836000+00:00,mouse_scroll,,,,,,,,3.0,,,,mouse_tracking,,,,,,,,,,,/app/training,dev_2d73e02d-8068-4917-8e1d-bcd4688456d1,,,,,,,,,,,,,,,,,,,,,,,,,,,,,,,,,,,,,,,,,,,,,,,,,,,,,,,,,,,,,,,,,,
training_event,training,4958d349-1ff1-4f6b-8344-fca7d4d717aa,21187d4f-c1ab-470c-9a59-783958d37f96,2026-09-06T09:47:32.836000+00:00,mouse_scroll,,,,,,,,5.0,,,,mouse_tracking,,,,,,,,,,,/app/training,dev_2d73e02d-8068-4917-8e1d-bcd4688456d1,,,,,,,,,,,,,,,,,,,,,,,,,,,,,,,,,,,,,,,,,,,,,,,,,,,,,,,,,,,,,,,,,,
training_event,training,4958d349-1ff1-4f6b-8344-fca7d4d717aa,21187d4f-c1ab-470c-9a59-783958d37f96,2026-09-06T09:47:32.852000+00:00,mouse_scroll,,,,,,,,5.0,,,,mouse_tracking,,,,,,,,,,,/app/training,dev_2d73e02d-8068-4917-8e1d-bcd4688456d1,,,,,,,,,,,,,,,,,,,,,,,,,,,,,,,,,,,,,,,,,,,,,,,,,,,,,,,,,,,,,,,,,,
training_event,training,4958d349-1ff1-4f6b-8344-fca7d4d717aa,21187d4f-c1ab-470c-9a59-783958d37f96,2026-09-06T09:47:32.869000+00:00,mouse_scroll,,,,,,,,5.0,,,,mouse_tracking,,,,,,,,,,,/app/training,dev_2d73e02d-8068-4917-8e1d-bcd4688456d1,,,,,,,,,,,,,,,,,,,,,,,,,,,,,,,,,,,,,,,,,,,,,,,,,,,,,,,,,,,,,,,,,,
training_event,training,4958d349-1ff1-4f6b-8344-fca7d4d717aa,21187d4f-c1ab-470c-9a59-783958d37f96,2026-09-06T09:47:32.886000+00:00,mouse_scroll,,,,,,,,5.0,,,,mouse_tracking,,,,,,,,,,,/app/training,dev_2d73e02d-8068-4917-8e1d-bcd4688456d1,,,,,,,,,,,,,,,,,,,,,,,,,,,,,,,,,,,,,,,,,,,,,,,,,,,,,,,,,,,,,,,,,,
training_event,training,4958d349-1ff1-4f6b-8344-fca7d4d717aa,21187d4f-c1ab-470c-9a59-783958d37f96,2026-09-06T09:47:32.901000+00:00,mouse_scroll,,,,,,,,5.0,,,,mouse_tracking,,,,,,,,,,,/app/training,dev_2d73e02d-8068-4917-8e1d-bcd4688456d1,,,,,,,,,,,,,,,,,,,,,,,,,,,,,,,,,,,,,,,,,,,,,,,,,,,,,,,,,,,,,,,,,,
training_event,training,4958d349-1ff1-4f6b-8344-fca7d4d717aa,21187d4f-c1ab-470c-9a59-783958d37f96,2026-09-06T09:47:32.919000+00:00,mouse_scroll,,,,,,,,4.0,,,,mouse_tracking,,,,,,,,,,,/app/training,dev_2d73e02d-8068-4917-8e1d-bcd4688456d1,,,,,,,,,,,,,,,,,,,,,,,,,,,,,,,,,,,,,,,,,,,,,,,,,,,,,,,,,,,,,,,,,,
training_event,training,4958d349-1ff1-4f6b-8344-fca7d4d717aa,21187d4f-c1ab-470c-9a59-783958d37f96,2026-09-06T09:47:32.936000+00:00,mouse_scroll,,,,,,,,5.0,,,,mouse_tracking,,,,,,,,,,,/app/training,dev_2d73e02d-8068-4917-8e1d-bcd4688456d1,,,,,,,,,,,,,,,,,,,,,,,,,,,,,,,,,,,,,,,,,,,,,,,,,,,,,,,,,,,,,,,,,,
training_event,training,4958d349-1ff1-4f6b-8344-fca7d4d717aa,21187d4f-c1ab-470c-9a59-783958d37f96,2026-09-06T09:47:32.951000+00:00,mouse_scroll,,,,,,,,5.0,,,,mouse_tracking,,,,,,,,,,,/app/training,dev_2d73e02d-8068-4917-8e1d-bcd4688456d1,,,,,,,,,,,,,,,,,,,,,,,,,,,,,,,,,,,,,,,,,,,,,,,,,,,,,,,,,,,,,,,,,,
training_event,training,4958d349-1ff1-4f6b-8344-fca7d4d717aa,21187d4f-c1ab-470c-9a59-783958d37f96,2026-09-06T09:47:32.969000+00:00,mouse_scroll,,,,,,,,4.0,,,,mouse_tracking,,,,,,,,,,,/app/training,dev_2d73e02d-8068-4917-8e1d-bcd4688456d1,,,,,,,,,,,,,,,,,,,,,,,,,,,,,,,,,,,,,,,,,,,,,,,,,,,,,,,,,,,,,,,,,,
training_event,training,4958d349-1ff1-4f6b-8344-fca7d4d717aa,21187d4f-c1ab-470c-9a59-783958d37f96,2026-09-06T09:47:33.075000+00:00,mouse_move,,,,,508.0,359.2,,,,,,mouse_tracking,,,,,,,,,,,/app/training,dev_2d73e02d-8068-4917-8e1d-bcd4688456d1,,,,,,,,,,,,,,,,,,,,,,,,,,,,,,,,,,,,,,,,,,,,,,,,,,,,,,,,,,,,,,,,,,
training_event,training,4958d349-1ff1-4f6b-8344-fca7d4d717aa,21187d4f-c1ab-470c-9a59-783958d37f96,2026-09-06T09:47:33.091000+00:00,mouse_move,,,,,505.0,352.2,,,,,,mouse_tracking,,,,,,,,,,,/app/training,dev_2d73e02d-8068-4917-8e1d-bcd4688456d1,,,,,,,,,,,,,,,,,,,,,,,,,,,,,,,,,,,,,,,,,,,,,,,,,,,,,,,,,,,,,,,,,,
training_event,training,4958d349-1ff1-4f6b-8344-fca7d4d717aa,21187d4f-c1ab-470c-9a59-783958d37f96,2026-09-06T09:47:33.108000+00:00,mouse_move,,,,,501.0,344.2,,,,,,mouse_tracking,,,,,,,,,,,/app/training,dev_2d73e02d-8068-4917-8e1d-bcd4688456d1,,,,,,,,,,,,,,,,,,,,,,,,,,,,,,,,,,,,,,,,,,,,,,,,,,,,,,,,,,,,,,,,,,
training_event,training,4958d349-1ff1-4f6b-8344-fca7d4d717aa,21187d4f-c1ab-470c-9a59-783958d37f96,2026-09-06T09:47:33.124000+00:00,mouse_move,,,,,496.0,337.2,,,,,,mouse_tracking,,,,,,,,,,,/app/training,dev_2d73e02d-8068-4917-8e1d-bcd4688456d1,,,,,,,,,,,,,,,,,,,,,,,,,,,,,,,,,,,,,,,,,,,,,,,,,,,,,,,,,,,,,,,,,,
training_event,training,4958d349-1ff1-4f6b-8344-fca7d4d717aa,21187d4f-c1ab-470c-9a59-783958d37f96,2026-09-06T09:47:33.141000+00:00,mouse_move,,,,,491.0,331.2,,,,,,mouse_tracking,,,,,,,,,,,/app/training,dev_2d73e02d-8068-4917-8e1d-bcd4688456d1,,,,,,,,,,,,,,,,,,,,,,,,,,,,,,,,,,,,,,,,,,,,,,,,,,,,,,,,,,,,,,,,,,
training_event,training,4958d349-1ff1-4f6b-8344-fca7d4d717aa,21187d4f-c1ab-470c-9a59-783958d37f96,2026-09-06T09:47:33.157000+00:00,mouse_move,,,,,487.0,327.2,,,,,,mouse_tracking,,,,,,,,,,,/app/training,dev_2d73e02d-8068-4917-8e1d-bcd4688456d1,,,,,,,,,,,,,,,,,,,,,,,,,,,,,,,,,,,,,,,,,,,,,,,,,,,,,,,,,,,,,,,,,,
training_event,training,4958d349-1ff1-4f6b-8344-fca7d4d717aa,21187d4f-c1ab-470c-9a59-783958d37f96,2026-09-06T09:47:33.174000+00:00,mouse_move,,,,,483.0,324.2,,,,,,mouse_tracking,,,,,,,,,,,/app/training,dev_2d73e02d-8068-4917-8e1d-bcd4688456d1,,,,,,,,,,,,,,,,,,,,,,,,,,,,,,,,,,,,,,,,,,,,,,,,,,,,,,,,,,,,,,,,,,
training_event,training,4958d349-1ff1-4f6b-8344-fca7d4d717aa,21187d4f-c1ab-470c-9a59-783958d37f96,2026-09-06T09:47:33.191000+00:00,mouse_move,,,,,480.0,321.2,,,,,,mouse_tracking,,,,,,,,,,,/app/training,dev_2d73e02d-8068-4917-8e1d-bcd4688456d1,,,,,,,,,,,,,,,,,,,,,,,,,,,,,,,,,,,,,,,,,,,,,,,,,,,,,,,,,,,,,,,,,,
training_event,training,4958d349-1ff1-4f6b-8344-fca7d4d717aa,21187d4f-c1ab-470c-9a59-783958d37f96,2026-09-06T09:47:33.208000+00:00,mouse_move,,,,,478.0,319.2,,,,,,mouse_tracking,,,,,,,,,,,/app/training,dev_2d73e02d-8068-4917-8e1d-bcd4688456d1,,,,,,,,,,,,,,,,,,,,,,,,,,,,,,,,,,,,,,,,,,,,,,,,,,,,,,,,,,,,,,,,,,
training_event,training,4958d349-1ff1-4f6b-8344-fca7d4d717aa,21187d4f-c1ab-470c-9a59-783958d37f96,2026-09-06T09:47:33.224000+00:00,mouse_move,,,,,476.0,317.2,,,,,,mouse_tracking,,,,,,,,,,,/app/training,dev_2d73e02d-8068-4917-8e1d-bcd4688456d1,,,,,,,,,,,,,,,,,,,,,,,,,,,,,,,,,,,,,,,,,,,,,,,,,,,,,,,,,,,,,,,,,,
training_event,training,4958d349-1ff1-4f6b-8344-fca7d4d717aa,21187d4f-c1ab-470c-9a59-783958d37f96,2026-09-06T09:47:33.241000+00:00,mouse_move,,,,,474.0,315.2,,,,,,mouse_tracking,,,,,,,,,,,/app/training,dev_2d73e02d-8068-4917-8e1d-bcd4688456d1,,,,,,,,,,,,,,,,,,,,,,,,,,,,,,,,,,,,,,,,,,,,,,,,,,,,,,,,,,,,,,,,,,
training_event,training,4958d349-1ff1-4f6b-8344-fca7d4d717aa,21187d4f-c1ab-470c-9a59-783958d37f96,2026-09-06T09:47:33.258000+00:00,mouse_move,,,,,471.0,312.2,,,,,,mouse_tracking,,,,,,,,,,,/app/training,dev_2d73e02d-8068-4917-8e1d-bcd4688456d1,,,,,,,,,,,,,,,,,,,,,,,,,,,,,,,,,,,,,,,,,,,,,,,,,,,,,,,,,,,,,,,,,,
training_event,training,4958d349-1ff1-4f6b-8344-fca7d4d717aa,21187d4f-c1ab-470c-9a59-783958d37f96,2026-09-06T09:47:33.274000+00:00,mouse_move,,,,,468.0,308.2,,,,,,mouse_tracking,,,,,,,,,,,/app/training,dev_2d73e02d-8068-4917-8e1d-bcd4688456d1,,,,,,,,,,,,,,,,,,,,,,,,,,,,,,,,,,,,,,,,,,,,,,,,,,,,,,,,,,,,,,,,,,
training_event,training,4958d349-1ff1-4f6b-8344-fca7d4d717aa,21187d4f-c1ab-470c-9a59-783958d37f96,2026-09-06T09:47:33.284000+00:00,mouse_move,,,,,466.0,307.2,,,,,,mouse_tracking,,,,,,,,,,,/app/training,dev_2d73e02d-8068-4917-8e1d-bcd4688456d1,,,,,,,,,,,,,,,,,,,,,,,,,,,,,,,,,,,,,,,,,,,,,,,,,,,,,,,,,,,,,,,,,,
training_event,training,4958d349-1ff1-4f6b-8344-fca7d4d717aa,21187d4f-c1ab-470c-9a59-783958d37f96,2026-09-06T09:47:33.301000+00:00,mouse_move,,,,,465.0,306.2,,,,,,mouse_tracking,,,,,,,,,,,/app/training,dev_2d73e02d-8068-4917-8e1d-bcd4688456d1,,,,,,,,,,,,,,,,,,,,,,,,,,,,,,,,,,,,,,,,,,,,,,,,,,,,,,,,,,,,,,,,,,
training_event,training,4958d349-1ff1-4f6b-8344-fca7d4d717aa,21187d4f-c1ab-470c-9a59-783958d37f96,2026-09-06T09:47:33.318000+00:00,mouse_move,,,,,464.0,305.2,,,,,,mouse_tracking,,,,,,,,,,,/app/training,dev_2d73e02d-8068-4917-8e1d-bcd4688456d1,,,,,,,,,,,,,,,,,,,,,,,,,,,,,,,,,,,,,,,,,,,,,,,,,,,,,,,,,,,,,,,,,,
training_event,training,4958d349-1ff1-4f6b-8344-fca7d4d717aa,21187d4f-c1ab-470c-9a59-783958d37f96,2026-09-06T09:47:33.334000+00:00,mouse_move,,,,,464.0,305.2,,,,,,mouse_tracking,,,,,,,,,,,/app/training,dev_2d73e02d-8068-4917-8e1d-bcd4688456d1,,,,,,,,,,,,,,,,,,,,,,,,,,,,,,,,,,,,,,,,,,,,,,,,,,,,,,,,,,,,,,,,,,
training_event,training,4958d349-1ff1-4f6b-8344-fca7d4d717aa,21187d4f-c1ab-470c-9a59-783958d37f96,2026-09-06T09:47:33.351000+00:00,mouse_move,,,,,464.0,305.2,,,,,,mouse_tracking,,,,,,,,,,,/app/training,dev_2d73e02d-8068-4917-8e1d-bcd4688456d1,,,,,,,,,,,,,,,,,,,,,,,,,,,,,,,,,,,,,,,,,,,,,,,,,,,,,,,,,,,,,,,,,,
training_event,training,4958d349-1ff1-4f6b-8344-fca7d4d717aa,21187d4f-c1ab-470c-9a59-783958d37f96,2026-09-06T09:47:33.384000+00:00,mouse_move,,,,,464.0,305.2,,,,,,mouse_tracking,,,,,,,,,,,/app/training,dev_2d73e02d-8068-4917-8e1d-bcd4688456d1,,,,,,,,,,,,,,,,,,,,,,,,,,,,,,,,,,,,,,,,,,,,,,,,,,,,,,,,,,,,,,,,,,
training_event,training,4958d349-1ff1-4f6b-8344-fca7d4d717aa,21187d4f-c1ab-470c-9a59-783958d37f96,2026-09-06T09:47:33.401000+00:00,mouse_move,,,,,463.0,305.2,,,,,,mouse_tracking,,,,,,,,,,,/app/training,dev_2d73e02d-8068-4917-8e1d-bcd4688456d1,,,,,,,,,,,,,,,,,,,,,,,,,,,,,,,,,,,,,,,,,,,,,,,,,,,,,,,,,,,,,,,,,,
training_event,training,4958d349-1ff1-4f6b-8344-fca7d4d717aa,21187d4f-c1ab-470c-9a59-783958d37f96,2026-09-06T09:47:33.735000+00:00,mouse_move,,,,,463.0,305.2,,,,,,mouse_tracking,,,,,,,,,,,/app/training,dev_2d73e02d-8068-4917-8e1d-bcd4688456d1,,,,,,,,,,,,,,,,,,,,,,,,,,,,,,,,,,,,,,,,,,,,,,,,,,,,,,,,,,,,,,,,,,
training_event,training,4958d349-1ff1-4f6b-8344-fca7d4d717aa,21187d4f-c1ab-470c-9a59-783958d37f96,2026-09-06T09:47:33.751000+00:00,mouse_move,,,,,452.0,305.2,,,,,,mouse_tracking,,,,,,,,,,,/app/training,dev_2d73e02d-8068-4917-8e1d-bcd4688456d1,,,,,,,,,,,,,,,,,,,,,,,,,,,,,,,,,,,,,,,,,,,,,,,,,,,,,,,,,,,,,,,,,,
training_event,training,4958d349-1ff1-4f6b-8344-fca7d4d717aa,21187d4f-c1ab-470c-9a59-783958d37f96,2026-09-06T09:47:33.768000+00:00,mouse_move,,,,,438.0,307.2,,,,,,mouse_tracking,,,,,,,,,,,/app/training,dev_2d73e02d-8068-4917-8e1d-bcd4688456d1,,,,,,,,,,,,,,,,,,,,,,,,,,,,,,,,,,,,,,,,,,,,,,,,,,,,,,,,,,,,,,,,,,
training_event,training,4958d349-1ff1-4f6b-8344-fca7d4d717aa,21187d4f-c1ab-470c-9a59-783958d37f96,2026-09-06T09:47:33.784000+00:00,mouse_move,,,,,425.0,311.2,,,,,,mouse_tracking,,,,,,,,,,,/app/training,dev_2d73e02d-8068-4917-8e1d-bcd4688456d1,,,,,,,,,,,,,,,,,,,,,,,,,,,,,,,,,,,,,,,,,,,,,,,,,,,,,,,,,,,,,,,,,,
training_event,training,4958d349-1ff1-4f6b-8344-fca7d4d717aa,21187d4f-c1ab-470c-9a59-783958d37f96,2026-09-06T09:47:33.801000+00:00,mouse_move,,,,,406.0,318.2,,,,,,mouse_tracking,,,,,,,,,,,/app/training,dev_2d73e02d-8068-4917-8e1d-bcd4688456d1,,,,,,,,,,,,,,,,,,,,,,,,,,,,,,,,,,,,,,,,,,,,,,,,,,,,,,,,,,,,,,,,,,
training_event,training,4958d349-1ff1-4f6b-8344-fca7d4d717aa,21187d4f-c1ab-470c-9a59-783958d37f96,2026-09-06T09:47:33.818000+00:00,mouse_move,,,,,383.0,325.2,,,,,,mouse_tracking,,,,,,,,,,,/app/training,dev_2d73e02d-8068-4917-8e1d-bcd4688456d1,,,,,,,,,,,,,,,,,,,,,,,,,,,,,,,,,,,,,,,,,,,,,,,,,,,,,,,,,,,,,,,,,,
training_event,training,4958d349-1ff1-4f6b-8344-fca7d4d717aa,21187d4f-c1ab-470c-9a59-783958d37f96,2026-09-06T09:47:33.834000+00:00,mouse_move,,,,,372.0,329.2,,,,,,mouse_tracking,,,,,,,,,,,/app/training,dev_2d73e02d-8068-4917-8e1d-bcd4688456d1,,,,,,,,,,,,,,,,,,,,,,,,,,,,,,,,,,,,,,,,,,,,,,,,,,,,,,,,,,,,,,,,,,
training_event,training,4958d349-1ff1-4f6b-8344-fca7d4d717aa,21187d4f-c1ab-470c-9a59-783958d37f96,2026-09-06T09:47:33.851000+00:00,mouse_move,,,,,358.0,332.2,,,,,,mouse_tracking,,,,,,,,,,,/app/training,dev_2d73e02d-8068-4917-8e1d-bcd4688456d1,,,,,,,,,,,,,,,,,,,,,,,,,,,,,,,,,,,,,,,,,,,,,,,,,,,,,,,,,,,,,,,,,,
training_event,training,4958d349-1ff1-4f6b-8344-fca7d4d717aa,21187d4f-c1ab-470c-9a59-783958d37f96,2026-09-06T09:47:33.868000+00:00,mouse_move,,,,,354.0,333.2,,,,,,mouse_tracking,,,,,,,,,,,/app/training,dev_2d73e02d-8068-4917-8e1d-bcd4688456d1,,,,,,,,,,,,,,,,,,,,,,,,,,,,,,,,,,,,,,,,,,,,,,,,,,,,,,,,,,,,,,,,,,
training_event,training,4958d349-1ff1-4f6b-8344-fca7d4d717aa,21187d4f-c1ab-470c-9a59-783958d37f96,2026-09-06T09:47:33.885000+00:00,mouse_move,,,,,353.0,334.2,,,,,,mouse_tracking,,,,,,,,,,,/app/training,dev_2d73e02d-8068-4917-8e1d-bcd4688456d1,,,,,,,,,,,,,,,,,,,,,,,,,,,,,,,,,,,,,,,,,,,,,,,,,,,,,,,,,,,,,,,,,,
training_event,training,4958d349-1ff1-4f6b-8344-fca7d4d717aa,21187d4f-c1ab-470c-9a59-783958d37f96,2026-09-06T09:47:33.901000+00:00,mouse_move,,,,,352.0,334.2,,,,,,mouse_tracking,,,,,,,,,,,/app/training,dev_2d73e02d-8068-4917-8e1d-bcd4688456d1,,,,,,,,,,,,,,,,,,,,,,,,,,,,,,,,,,,,,,,,,,,,,,,,,,,,,,,,,,,,,,,,,,
training_event,training,4958d349-1ff1-4f6b-8344-fca7d4d717aa,21187d4f-c1ab-470c-9a59-783958d37f96,2026-09-06T09:47:34.452000+00:00,mouse_move,,,,,349.0,333.2,,,,,,mouse_tracking,,,,,,,,,,,/app/training,dev_2d73e02d-8068-4917-8e1d-bcd4688456d1,,,,,,,,,,,,,,,,,,,,,,,,,,,,,,,,,,,,,,,,,,,,,,,,,,,,,,,,,,,,,,,,,,
training_event,training,4958d349-1ff1-4f6b-8344-fca7d4d717aa,21187d4f-c1ab-470c-9a59-783958d37f96,2026-09-06T09:47:34.467000+00:00,mouse_move,,,,,345.0,330.2,,,,,,mouse_tracking,,,,,,,,,,,/app/training,dev_2d73e02d-8068-4917-8e1d-bcd4688456d1,,,,,,,,,,,,,,,,,,,,,,,,,,,,,,,,,,,,,,,,,,,,,,,,,,,,,,,,,,,,,,,,,,
training_event,training,4958d349-1ff1-4f6b-8344-fca7d4d717aa,21187d4f-c1ab-470c-9a59-783958d37f96,2026-09-06T09:47:34.485000+00:00,mouse_move,,,,,332.0,326.2,,,,,,mouse_tracking,,,,,,,,,,,/app/training,dev_2d73e02d-8068-4917-8e1d-bcd4688456d1,,,,,,,,,,,,,,,,,,,,,,,,,,,,,,,,,,,,,,,,,,,,,,,,,,,,,,,,,,,,,,,,,,
training_event,training,4958d349-1ff1-4f6b-8344-fca7d4d717aa,21187d4f-c1ab-470c-9a59-783958d37f96,2026-09-06T09:47:34.500000+00:00,mouse_move,,,,,317.0,320.2,,,,,,mouse_tracking,,,,,,,,,,,/app/training,dev_2d73e02d-8068-4917-8e1d-bcd4688456d1,,,,,,,,,,,,,,,,,,,,,,,,,,,,,,,,,,,,,,,,,,,,,,,,,,,,,,,,,,,,,,,,,,
training_event,training,4958d349-1ff1-4f6b-8344-fca7d4d717aa,21187d4f-c1ab-470c-9a59-783958d37f96,2026-09-06T09:47:34.518000+00:00,mouse_move,,,,,304.0,316.2,,,,,,mouse_tracking,,,,,,,,,,,/app/training,dev_2d73e02d-8068-4917-8e1d-bcd4688456d1,,,,,,,,,,,,,,,,,,,,,,,,,,,,,,,,,,,,,,,,,,,,,,,,,,,,,,,,,,,,,,,,,,
training_event,training,4958d349-1ff1-4f6b-8344-fca7d4d717aa,21187d4f-c1ab-470c-9a59-783958d37f96,2026-09-06T09:47:34.534000+00:00,mouse_move,,,,,293.0,312.2,,,,,,mouse_tracking,,,,,,,,,,,/app/training,dev_2d73e02d-8068-4917-8e1d-bcd4688456d1,,,,,,,,,,,,,,,,,,,,,,,,,,,,,,,,,,,,,,,,,,,,,,,,,,,,,,,,,,,,,,,,,,
training_event,training,4958d349-1ff1-4f6b-8344-fca7d4d717aa,21187d4f-c1ab-470c-9a59-783958d37f96,2026-09-06T09:47:34.551000+00:00,mouse_move,,,,,286.0,310.2,,,,,,mouse_tracking,,,,,,,,,,,/app/training,dev_2d73e02d-8068-4917-8e1d-bcd4688456d1,,,,,,,,,,,,,,,,,,,,,,,,,,,,,,,,,,,,,,,,,,,,,,,,,,,,,,,,,,,,,,,,,,
training_event,training,4958d349-1ff1-4f6b-8344-fca7d4d717aa,21187d4f-c1ab-470c-9a59-783958d37f96,2026-09-06T09:47:34.568000+00:00,mouse_move,,,,,283.0,310.2,,,,,,mouse_tracking,,,,,,,,,,,/app/training,dev_2d73e02d-8068-4917-8e1d-bcd4688456d1,,,,,,,,,,,,,,,,,,,,,,,,,,,,,,,,,,,,,,,,,,,,,,,,,,,,,,,,,,,,,,,,,,
training_event,training,4958d349-1ff1-4f6b-8344-fca7d4d717aa,21187d4f-c1ab-470c-9a59-783958d37f96,2026-09-06T09:47:34.583000+00:00,mouse_move,,,,,280.0,309.2,,,,,,mouse_tracking,,,,,,,,,,,/app/training,dev_2d73e02d-8068-4917-8e1d-bcd4688456d1,,,,,,,,,,,,,,,,,,,,,,,,,,,,,,,,,,,,,,,,,,,,,,,,,,,,,,,,,,,,,,,,,,
training_event,training,4958d349-1ff1-4f6b-8344-fca7d4d717aa,21187d4f-c1ab-470c-9a59-783958d37f96,2026-09-06T09:47:34.601000+00:00,mouse_move,,,,,279.0,309.2,,,,,,mouse_tracking,,,,,,,,,,,/app/training,dev_2d73e02d-8068-4917-8e1d-bcd4688456d1,,,,,,,,,,,,,,,,,,,,,,,,,,,,,,,,,,,,,,,,,,,,,,,,,,,,,,,,,,,,,,,,,,
training_event,training,4958d349-1ff1-4f6b-8344-fca7d4d717aa,21187d4f-c1ab-470c-9a59-783958d37f96,2026-09-06T09:47:34.617000+00:00,mouse_move,,,,,279.0,309.2,,,,,,mouse_tracking,,,,,,,,,,,/app/training,dev_2d73e02d-8068-4917-8e1d-bcd4688456d1,,,,,,,,,,,,,,,,,,,,,,,,,,,,,,,,,,,,,,,,,,,,,,,,,,,,,,,,,,,,,,,,,,
training_event,training,4958d349-1ff1-4f6b-8344-fca7d4d717aa,21187d4f-c1ab-470c-9a59-783958d37f96,2026-09-06T09:47:34.651000+00:00,mouse_move,,,,,278.0,309.2,,,,,,mouse_tracking,,,,,,,,,,,/app/training,dev_2d73e02d-8068-4917-8e1d-bcd4688456d1,,,,,,,,,,,,,,,,,,,,,,,,,,,,,,,,,,,,,,,,,,,,,,,,,,,,,,,,,,,,,,,,,,
training_event,training,4958d349-1ff1-4f6b-8344-fca7d4d717aa,21187d4f-c1ab-470c-9a59-783958d37f96,2026-09-06T09:47:34.667000+00:00,mouse_move,,,,,278.0,309.2,,,,,,mouse_tracking,,,,,,,,,,,/app/training,dev_2d73e02d-8068-4917-8e1d-bcd4688456d1,,,,,,,,,,,,,,,,,,,,,,,,,,,,,,,,,,,,,,,,,,,,,,,,,,,,,,,,,,,,,,,,,,
training_event,training,4958d349-1ff1-4f6b-8344-fca7d4d717aa,21187d4f-c1ab-470c-9a59-783958d37f96,2026-09-06T09:47:34.684000+00:00,mouse_move,,,,,278.0,309.2,,,,,,mouse_tracking,,,,,,,,,,,/app/training,dev_2d73e02d-8068-4917-8e1d-bcd4688456d1,,,,,,,,,,,,,,,,,,,,,,,,,,,,,,,,,,,,,,,,,,,,,,,,,,,,,,,,,,,,,,,,,,
training_event,training,4958d349-1ff1-4f6b-8344-fca7d4d717aa,21187d4f-c1ab-470c-9a59-783958d37f96,2026-09-06T09:47:34.701000+00:00,mouse_move,,,,,278.0,309.2,,,,,,mouse_tracking,,,,,,,,,,,/app/training,dev_2d73e02d-8068-4917-8e1d-bcd4688456d1,,,,,,,,,,,,,,,,,,,,,,,,,,,,,,,,,,,,,,,,,,,,,,,,,,,,,,,,,,,,,,,,,,
training_event,training,4958d349-1ff1-4f6b-8344-fca7d4d717aa,21187d4f-c1ab-470c-9a59-783958d37f96,2026-09-06T09:47:34.718000+00:00,mouse_move,,,,,276.0,309.2,,,,,,mouse_tracking,,,,,,,,,,,/app/training,dev_2d73e02d-8068-4917-8e1d-bcd4688456d1,,,,,,,,,,,,,,,,,,,,,,,,,,,,,,,,,,,,,,,,,,,,,,,,,,,,,,,,,,,,,,,,,,
training_event,training,4958d349-1ff1-4f6b-8344-fca7d4d717aa,21187d4f-c1ab-470c-9a59-783958d37f96,2026-09-06T09:47:34.735000+00:00,mouse_move,,,,,274.0,308.2,,,,,,mouse_tracking,,,,,,,,,,,/app/training,dev_2d73e02d-8068-4917-8e1d-bcd4688456d1,,,,,,,,,,,,,,,,,,,,,,,,,,,,,,,,,,,,,,,,,,,,,,,,,,,,,,,,,,,,,,,,,,
training_event,training,4958d349-1ff1-4f6b-8344-fca7d4d717aa,21187d4f-c1ab-470c-9a59-783958d37f96,2026-09-06T09:47:34.751000+00:00,mouse_move,,,,,272.0,308.2,,,,,,mouse_tracking,,,,,,,,,,,/app/training,dev_2d73e02d-8068-4917-8e1d-bcd4688456d1,,,,,,,,,,,,,,,,,,,,,,,,,,,,,,,,,,,,,,,,,,,,,,,,,,,,,,,,,,,,,,,,,,
training_event,training,4958d349-1ff1-4f6b-8344-fca7d4d717aa,21187d4f-c1ab-470c-9a59-783958d37f96,2026-09-06T09:47:34.768000+00:00,mouse_move,,,,,270.0,308.2,,,,,,mouse_tracking,,,,,,,,,,,/app/training,dev_2d73e02d-8068-4917-8e1d-bcd4688456d1,,,,,,,,,,,,,,,,,,,,,,,,,,,,,,,,,,,,,,,,,,,,,,,,,,,,,,,,,,,,,,,,,,
training_event,training,4958d349-1ff1-4f6b-8344-fca7d4d717aa,21187d4f-c1ab-470c-9a59-783958d37f96,2026-09-06T09:47:34.784000+00:00,mouse_move,,,,,269.0,308.2,,,,,,mouse_tracking,,,,,,,,,,,/app/training,dev_2d73e02d-8068-4917-8e1d-bcd4688456d1,,,,,,,,,,,,,,,,,,,,,,,,,,,,,,,,,,,,,,,,,,,,,,,,,,,,,,,,,,,,,,,,,,
training_event,training,4958d349-1ff1-4f6b-8344-fca7d4d717aa,21187d4f-c1ab-470c-9a59-783958d37f96,2026-09-06T09:47:34.801000+00:00,mouse_move,,,,,267.0,308.2,,,,,,mouse_tracking,,,,,,,,,,,/app/training,dev_2d73e02d-8068-4917-8e1d-bcd4688456d1,,,,,,,,,,,,,,,,,,,,,,,,,,,,,,,,,,,,,,,,,,,,,,,,,,,,,,,,,,,,,,,,,,
training_event,training,4958d349-1ff1-4f6b-8344-fca7d4d717aa,21187d4f-c1ab-470c-9a59-783958d37f96,2026-09-06T09:47:34.818000+00:00,mouse_move,,,,,267.0,308.2,,,,,,mouse_tracking,,,,,,,,,,,/app/training,dev_2d73e02d-8068-4917-8e1d-bcd4688456d1,,,,,,,,,,,,,,,,,,,,,,,,,,,,,,,,,,,,,,,,,,,,,,,,,,,,,,,,,,,,,,,,,,
training_event,training,4958d349-1ff1-4f6b-8344-fca7d4d717aa,21187d4f-c1ab-470c-9a59-783958d37f96,2026-09-06T09:47:34.834000+00:00,mouse_move,,,,,267.0,308.2,,,,,,mouse_tracking,,,,,,,,,,,/app/training,dev_2d73e02d-8068-4917-8e1d-bcd4688456d1,,,,,,,,,,,,,,,,,,,,,,,,,,,,,,,,,,,,,,,,,,,,,,,,,,,,,,,,,,,,,,,,,,
training_event,training,4958d349-1ff1-4f6b-8344-fca7d4d717aa,21187d4f-c1ab-470c-9a59-783958d37f96,2026-09-06T09:47:34.868000+00:00,mouse_move,,,,,267.0,307.2,,,,,,mouse_tracking,,,,,,,,,,,/app/training,dev_2d73e02d-8068-4917-8e1d-bcd4688456d1,,,,,,,,,,,,,,,,,,,,,,,,,,,,,,,,,,,,,,,,,,,,,,,,,,,,,,,,,,,,,,,,,,
training_event,training,4958d349-1ff1-4f6b-8344-fca7d4d717aa,21187d4f-c1ab-470c-9a59-783958d37f96,2026-09-06T09:47:35.202000+00:00,mouse_move,,,,,267.0,306.2,,,,,,mouse_tracking,,,,,,,,,,,/app/training,dev_2d73e02d-8068-4917-8e1d-bcd4688456d1,,,,,,,,,,,,,,,,,,,,,,,,,,,,,,,,,,,,,,,,,,,,,,,,,,,,,,,,,,,,,,,,,,
training_event,training,4958d349-1ff1-4f6b-8344-fca7d4d717aa,21187d4f-c1ab-470c-9a59-783958d37f96,2026-09-06T09:47:35.218000+00:00,mouse_move,,,,,266.0,298.2,,,,,,mouse_tracking,,,,,,,,,,,/app/training,dev_2d73e02d-8068-4917-8e1d-bcd4688456d1,,,,,,,,,,,,,,,,,,,,,,,,,,,,,,,,,,,,,,,,,,,,,,,,,,,,,,,,,,,,,,,,,,
training_event,training,4958d349-1ff1-4f6b-8344-fca7d4d717aa,21187d4f-c1ab-470c-9a59-783958d37f96,2026-09-06T09:47:35.235000+00:00,mouse_move,,,,,264.0,288.2,,,,,,mouse_tracking,,,,,,,,,,,/app/training,dev_2d73e02d-8068-4917-8e1d-bcd4688456d1,,,,,,,,,,,,,,,,,,,,,,,,,,,,,,,,,,,,,,,,,,,,,,,,,,,,,,,,,,,,,,,,,,
training_event,training,4958d349-1ff1-4f6b-8344-fca7d4d717aa,21187d4f-c1ab-470c-9a59-783958d37f96,2026-09-06T09:47:35.252000+00:00,mouse_move,,,,,261.0,278.2,,,,,,mouse_tracking,,,,,,,,,,,/app/training,dev_2d73e02d-8068-4917-8e1d-bcd4688456d1,,,,,,,,,,,,,,,,,,,,,,,,,,,,,,,,,,,,,,,,,,,,,,,,,,,,,,,,,,,,,,,,,,
training_event,training,4958d349-1ff1-4f6b-8344-fca7d4d717aa,21187d4f-c1ab-470c-9a59-783958d37f96,2026-09-06T09:47:35.268000+00:00,mouse_move,,,,,257.0,264.2,,,,,,mouse_tracking,,,,,,,,,,,/app/training,dev_2d73e02d-8068-4917-8e1d-bcd4688456d1,,,,,,,,,,,,,,,,,,,,,,,,,,,,,,,,,,,,,,,,,,,,,,,,,,,,,,,,,,,,,,,,,,
training_event,training,4958d349-1ff1-4f6b-8344-fca7d4d717aa,21187d4f-c1ab-470c-9a59-783958d37f96,2026-09-06T09:47:35.285000+00:00,mouse_move,,,,,252.0,252.2,,,,,,mouse_tracking,,,,,,,,,,,/app/training,dev_2d73e02d-8068-4917-8e1d-bcd4688456d1,,,,,,,,,,,,,,,,,,,,,,,,,,,,,,,,,,,,,,,,,,,,,,,,,,,,,,,,,,,,,,,,,,
training_event,training,4958d349-1ff1-4f6b-8344-fca7d4d717aa,21187d4f-c1ab-470c-9a59-783958d37f96,2026-09-06T09:47:35.301000+00:00,mouse_move,,,,,248.0,239.2,,,,,,mouse_tracking,,,,,,,,,,,/app/training,dev_2d73e02d-8068-4917-8e1d-bcd4688456d1,,,,,,,,,,,,,,,,,,,,,,,,,,,,,,,,,,,,,,,,,,,,,,,,,,,,,,,,,,,,,,,,,,
training_event,training,4958d349-1ff1-4f6b-8344-fca7d4d717aa,21187d4f-c1ab-470c-9a59-783958d37f96,2026-09-06T09:47:35.318000+00:00,mouse_move,,,,,245.0,229.2,,,,,,mouse_tracking,,,,,,,,,,,/app/training,dev_2d73e02d-8068-4917-8e1d-bcd4688456d1,,,,,,,,,,,,,,,,,,,,,,,,,,,,,,,,,,,,,,,,,,,,,,,,,,,,,,,,,,,,,,,,,,
training_event,training,4958d349-1ff1-4f6b-8344-fca7d4d717aa,21187d4f-c1ab-470c-9a59-783958d37f96,2026-09-06T09:47:35.335000+00:00,mouse_move,,,,,242.0,221.2,,,,,,mouse_tracking,,,,,,,,,,,/app/training,dev_2d73e02d-8068-4917-8e1d-bcd4688456d1,,,,,,,,,,,,,,,,,,,,,,,,,,,,,,,,,,,,,,,,,,,,,,,,,,,,,,,,,,,,,,,,,,
training_event,training,4958d349-1ff1-4f6b-8344-fca7d4d717aa,21187d4f-c1ab-470c-9a59-783958d37f96,2026-09-06T09:47:35.351000+00:00,mouse_move,,,,,238.0,211.2,,,,,,mouse_tracking,,,,,,,,,,,/app/training,dev_2d73e02d-8068-4917-8e1d-bcd4688456d1,,,,,,,,,,,,,,,,,,,,,,,,,,,,,,,,,,,,,,,,,,,,,,,,,,,,,,,,,,,,,,,,,,
training_event,training,4958d349-1ff1-4f6b-8344-fca7d4d717aa,21187d4f-c1ab-470c-9a59-783958d37f96,2026-09-06T09:47:35.368000+00:00,mouse_move,,,,,237.0,208.2,,,,,,mouse_tracking,,,,,,,,,,,/app/training,dev_2d73e02d-8068-4917-8e1d-bcd4688456d1,,,,,,,,,,,,,,,,,,,,,,,,,,,,,,,,,,,,,,,,,,,,,,,,,,,,,,,,,,,,,,,,,,
training_event,training,4958d349-1ff1-4f6b-8344-fca7d4d717aa,21187d4f-c1ab-470c-9a59-783958d37f96,2026-09-06T09:47:35.384000+00:00,mouse_move,,,,,235.0,204.2,,,,,,mouse_tracking,,,,,,,,,,,/app/training,dev_2d73e02d-8068-4917-8e1d-bcd4688456d1,,,,,,,,,,,,,,,,,,,,,,,,,,,,,,,,,,,,,,,,,,,,,,,,,,,,,,,,,,,,,,,,,,
training_event,training,4958d349-1ff1-4f6b-8344-fca7d4d717aa,21187d4f-c1ab-470c-9a59-783958d37f96,2026-09-06T09:47:35.401000+00:00,mouse_move,,,,,233.0,201.2,,,,,,mouse_tracking,,,,,,,,,,,/app/training,dev_2d73e02d-8068-4917-8e1d-bcd4688456d1,,,,,,,,,,,,,,,,,,,,,,,,,,,,,,,,,,,,,,,,,,,,,,,,,,,,,,,,,,,,,,,,,,
training_event,training,4958d349-1ff1-4f6b-8344-fca7d4d717aa,21187d4f-c1ab-470c-9a59-783958d37f96,2026-09-06T09:47:35.418000+00:00,mouse_move,,,,,232.0,199.2,,,,,,mouse_tracking,,,,,,,,,,,/app/training,dev_2d73e02d-8068-4917-8e1d-bcd4688456d1,,,,,,,,,,,,,,,,,,,,,,,,,,,,,,,,,,,,,,,,,,,,,,,,,,,,,,,,,,,,,,,,,,
training_event,training,4958d349-1ff1-4f6b-8344-fca7d4d717aa,21187d4f-c1ab-470c-9a59-783958d37f96,2026-09-06T09:47:35.434000+00:00,mouse_move,,,,,231.0,198.2,,,,,,mouse_tracking,,,,,,,,,,,/app/training,dev_2d73e02d-8068-4917-8e1d-bcd4688456d1,,,,,,,,,,,,,,,,,,,,,,,,,,,,,,,,,,,,,,,,,,,,,,,,,,,,,,,,,,,,,,,,,,
training_event,training,4958d349-1ff1-4f6b-8344-fca7d4d717aa,21187d4f-c1ab-470c-9a59-783958d37f96,2026-09-06T09:47:35.451000+00:00,mouse_move,,,,,231.0,198.2,,,,,,mouse_tracking,,,,,,,,,,,/app/training,dev_2d73e02d-8068-4917-8e1d-bcd4688456d1,,,,,,,,,,,,,,,,,,,,,,,,,,,,,,,,,,,,,,,,,,,,,,,,,,,,,,,,,,,,,,,,,,
training_event,training,4958d349-1ff1-4f6b-8344-fca7d4d717aa,21187d4f-c1ab-470c-9a59-783958d37f96,2026-09-06T09:47:35.468000+00:00,mouse_move,,,,,231.0,198.2,,,,,,mouse_tracking,,,,,,,,,,,/app/training,dev_2d73e02d-8068-4917-8e1d-bcd4688456d1,,,,,,,,,,,,,,,,,,,,,,,,,,,,,,,,,,,,,,,,,,,,,,,,,,,,,,,,,,,,,,,,,,
training_event,training,4958d349-1ff1-4f6b-8344-fca7d4d717aa,21187d4f-c1ab-470c-9a59-783958d37f96,2026-09-06T09:47:35.484000+00:00,mouse_move,,,,,230.0,198.2,,,,,,mouse_tracking,,,,,,,,,,,/app/training,dev_2d73e02d-8068-4917-8e1d-bcd4688456d1,,,,,,,,,,,,,,,,,,,,,,,,,,,,,,,,,,,,,,,,,,,,,,,,,,,,,,,,,,,,,,,,,,
training_event,training,4958d349-1ff1-4f6b-8344-fca7d4d717aa,21187d4f-c1ab-470c-9a59-783958d37f96,2026-09-06T09:47:35.551000+00:00,mouse_move,,,,,230.0,198.2,,,,,,mouse_tracking,,,,,,,,,,,/app/training,dev_2d73e02d-8068-4917-8e1d-bcd4688456d1,,,,,,,,,,,,,,,,,,,,,,,,,,,,,,,,,,,,,,,,,,,,,,,,,,,,,,,,,,,,,,,,,,
training_event,training,4958d349-1ff1-4f6b-8344-fca7d4d717aa,21187d4f-c1ab-470c-9a59-783958d37f96,2026-09-06T09:47:35.868000+00:00,mouse_move,,,,,234.0,196.2,,,,,,mouse_tracking,,,,,,,,,,,/app/training,dev_2d73e02d-8068-4917-8e1d-bcd4688456d1,,,,,,,,,,,,,,,,,,,,,,,,,,,,,,,,,,,,,,,,,,,,,,,,,,,,,,,,,,,,,,,,,,
training_event,training,4958d349-1ff1-4f6b-8344-fca7d4d717aa,21187d4f-c1ab-470c-9a59-783958d37f96,2026-09-06T09:47:35.885000+00:00,mouse_move,,,,,242.0,192.2,,,,,,mouse_tracking,,,,,,,,,,,/app/training,dev_2d73e02d-8068-4917-8e1d-bcd4688456d1,,,,,,,,,,,,,,,,,,,,,,,,,,,,,,,,,,,,,,,,,,,,,,,,,,,,,,,,,,,,,,,,,,
training_event,training,4958d349-1ff1-4f6b-8344-fca7d4d717aa,21187d4f-c1ab-470c-9a59-783958d37f96,2026-09-06T09:47:35.901000+00:00,mouse_move,,,,,251.0,185.2,,,,,,mouse_tracking,,,,,,,,,,,/app/training,dev_2d73e02d-8068-4917-8e1d-bcd4688456d1,,,,,,,,,,,,,,,,,,,,,,,,,,,,,,,,,,,,,,,,,,,,,,,,,,,,,,,,,,,,,,,,,,
training_event,training,4958d349-1ff1-4f6b-8344-fca7d4d717aa,21187d4f-c1ab-470c-9a59-783958d37f96,2026-09-06T09:47:35.918000+00:00,mouse_move,,,,,261.0,177.2,,,,,,mouse_tracking,,,,,,,,,,,/app/training,dev_2d73e02d-8068-4917-8e1d-bcd4688456d1,,,,,,,,,,,,,,,,,,,,,,,,,,,,,,,,,,,,,,,,,,,,,,,,,,,,,,,,,,,,,,,,,,
training_event,training,4958d349-1ff1-4f6b-8344-fca7d4d717aa,21187d4f-c1ab-470c-9a59-783958d37f96,2026-09-06T09:47:35.934000+00:00,mouse_move,,,,,273.0,164.2,,,,,,mouse_tracking,,,,,,,,,,,/app/training,dev_2d73e02d-8068-4917-8e1d-bcd4688456d1,,,,,,,,,,,,,,,,,,,,,,,,,,,,,,,,,,,,,,,,,,,,,,,,,,,,,,,,,,,,,,,,,,
training_event,training,4958d349-1ff1-4f6b-8344-fca7d4d717aa,21187d4f-c1ab-470c-9a59-783958d37f96,2026-09-06T09:47:35.951000+00:00,mouse_move,,,,,283.0,151.2,,,,,,mouse_tracking,,,,,,,,,,,/app/training,dev_2d73e02d-8068-4917-8e1d-bcd4688456d1,,,,,,,,,,,,,,,,,,,,,,,,,,,,,,,,,,,,,,,,,,,,,,,,,,,,,,,,,,,,,,,,,,
training_event,training,4958d349-1ff1-4f6b-8344-fca7d4d717aa,21187d4f-c1ab-470c-9a59-783958d37f96,2026-09-06T09:47:35.968000+00:00,mouse_move,,,,,288.0,142.2,,,,,,mouse_tracking,,,,,,,,,,,/app/training,dev_2d73e02d-8068-4917-8e1d-bcd4688456d1,,,,,,,,,,,,,,,,,,,,,,,,,,,,,,,,,,,,,,,,,,,,,,,,,,,,,,,,,,,,,,,,,,
training_event,training,4958d349-1ff1-4f6b-8344-fca7d4d717aa,21187d4f-c1ab-470c-9a59-783958d37f96,2026-09-06T09:47:35.984000+00:00,mouse_move,,,,,290.0,137.2,,,,,,mouse_tracking,,,,,,,,,,,/app/training,dev_2d73e02d-8068-4917-8e1d-bcd4688456d1,,,,,,,,,,,,,,,,,,,,,,,,,,,,,,,,,,,,,,,,,,,,,,,,,,,,,,,,,,,,,,,,,,
training_event,training,4958d349-1ff1-4f6b-8344-fca7d4d717aa,21187d4f-c1ab-470c-9a59-783958d37f96,2026-09-06T09:47:36.001000+00:00,mouse_move,,,,,291.0,132.2,,,,,,mouse_tracking,,,,,,,,,,,/app/training,dev_2d73e02d-8068-4917-8e1d-bcd4688456d1,,,,,,,,,,,,,,,,,,,,,,,,,,,,,,,,,,,,,,,,,,,,,,,,,,,,,,,,,,,,,,,,,,
training_event,training,4958d349-1ff1-4f6b-8344-fca7d4d717aa,21187d4f-c1ab-470c-9a59-783958d37f96,2026-09-06T09:47:36.018000+00:00,mouse_move,,,,,291.0,129.2,,,,,,mouse_tracking,,,,,,,,,,,/app/training,dev_2d73e02d-8068-4917-8e1d-bcd4688456d1,,,,,,,,,,,,,,,,,,,,,,,,,,,,,,,,,,,,,,,,,,,,,,,,,,,,,,,,,,,,,,,,,,
training_event,training,4958d349-1ff1-4f6b-8344-fca7d4d717aa,21187d4f-c1ab-470c-9a59-783958d37f96,2026-09-06T09:47:36.034000+00:00,mouse_move,,,,,290.0,126.2,,,,,,mouse_tracking,,,,,,,,,,,/app/training,dev_2d73e02d-8068-4917-8e1d-bcd4688456d1,,,,,,,,,,,,,,,,,,,,,,,,,,,,,,,,,,,,,,,,,,,,,,,,,,,,,,,,,,,,,,,,,,
training_event,training,4958d349-1ff1-4f6b-8344-fca7d4d717aa,21187d4f-c1ab-470c-9a59-783958d37f96,2026-09-06T09:47:36.051000+00:00,mouse_move,,,,,288.0,123.2,,,,,,mouse_tracking,,,,,,,,,,,/app/training,dev_2d73e02d-8068-4917-8e1d-bcd4688456d1,,,,,,,,,,,,,,,,,,,,,,,,,,,,,,,,,,,,,,,,,,,,,,,,,,,,,,,,,,,,,,,,,,
training_event,training,4958d349-1ff1-4f6b-8344-fca7d4d717aa,21187d4f-c1ab-470c-9a59-783958d37f96,2026-09-06T09:47:36.068000+00:00,mouse_move,,,,,285.0,121.2,,,,,,mouse_tracking,,,,,,,,,,,/app/training,dev_2d73e02d-8068-4917-8e1d-bcd4688456d1,,,,,,,,,,,,,,,,,,,,,,,,,,,,,,,,,,,,,,,,,,,,,,,,,,,,,,,,,,,,,,,,,,
training_event,training,4958d349-1ff1-4f6b-8344-fca7d4d717aa,21187d4f-c1ab-470c-9a59-783958d37f96,2026-09-06T09:47:36.084000+00:00,mouse_move,,,,,283.0,120.2,,,,,,mouse_tracking,,,,,,,,,,,/app/training,dev_2d73e02d-8068-4917-8e1d-bcd4688456d1,,,,,,,,,,,,,,,,,,,,,,,,,,,,,,,,,,,,,,,,,,,,,,,,,,,,,,,,,,,,,,,,,,
training_event,training,4958d349-1ff1-4f6b-8344-fca7d4d717aa,21187d4f-c1ab-470c-9a59-783958d37f96,2026-09-06T09:47:36.101000+00:00,mouse_move,,,,,280.0,119.2,,,,,,mouse_tracking,,,,,,,,,,,/app/training,dev_2d73e02d-8068-4917-8e1d-bcd4688456d1,,,,,,,,,,,,,,,,,,,,,,,,,,,,,,,,,,,,,,,,,,,,,,,,,,,,,,,,,,,,,,,,,,
training_event,training,4958d349-1ff1-4f6b-8344-fca7d4d717aa,21187d4f-c1ab-470c-9a59-783958d37f96,2026-09-06T09:47:36.118000+00:00,mouse_move,,,,,279.0,118.2,,,,,,mouse_tracking,,,,,,,,,,,/app/training,dev_2d73e02d-8068-4917-8e1d-bcd4688456d1,,,,,,,,,,,,,,,,,,,,,,,,,,,,,,,,,,,,,,,,,,,,,,,,,,,,,,,,,,,,,,,,,,
training_event,training,4958d349-1ff1-4f6b-8344-fca7d4d717aa,21187d4f-c1ab-470c-9a59-783958d37f96,2026-09-06T09:47:36.134000+00:00,mouse_move,,,,,278.0,118.2,,,,,,mouse_tracking,,,,,,,,,,,/app/training,dev_2d73e02d-8068-4917-8e1d-bcd4688456d1,,,,,,,,,,,,,,,,,,,,,,,,,,,,,,,,,,,,,,,,,,,,,,,,,,,,,,,,,,,,,,,,,,
training_event,training,4958d349-1ff1-4f6b-8344-fca7d4d717aa,21187d4f-c1ab-470c-9a59-783958d37f96,2026-09-06T09:47:36.151000+00:00,mouse_move,,,,,276.0,118.2,,,,,,mouse_tracking,,,,,,,,,,,/app/training,dev_2d73e02d-8068-4917-8e1d-bcd4688456d1,,,,,,,,,,,,,,,,,,,,,,,,,,,,,,,,,,,,,,,,,,,,,,,,,,,,,,,,,,,,,,,,,,
training_event,training,4958d349-1ff1-4f6b-8344-fca7d4d717aa,21187d4f-c1ab-470c-9a59-783958d37f96,2026-09-06T09:47:36.168000+00:00,mouse_move,,,,,275.0,118.2,,,,,,mouse_tracking,,,,,,,,,,,/app/training,dev_2d73e02d-8068-4917-8e1d-bcd4688456d1,,,,,,,,,,,,,,,,,,,,,,,,,,,,,,,,,,,,,,,,,,,,,,,,,,,,,,,,,,,,,,,,,,
training_event,training,4958d349-1ff1-4f6b-8344-fca7d4d717aa,21187d4f-c1ab-470c-9a59-783958d37f96,2026-09-06T09:47:36.183000+00:00,mouse_move,,,,,275.0,118.2,,,,,,mouse_tracking,,,,,,,,,,,/app/training,dev_2d73e02d-8068-4917-8e1d-bcd4688456d1,,,,,,,,,,,,,,,,,,,,,,,,,,,,,,,,,,,,,,,,,,,,,,,,,,,,,,,,,,,,,,,,,,
training_event,training,4958d349-1ff1-4f6b-8344-fca7d4d717aa,21187d4f-c1ab-470c-9a59-783958d37f96,2026-09-06T09:47:36.201000+00:00,mouse_move,,,,,275.0,118.2,,,,,,mouse_tracking,,,,,,,,,,,/app/training,dev_2d73e02d-8068-4917-8e1d-bcd4688456d1,,,,,,,,,,,,,,,,,,,,,,,,,,,,,,,,,,,,,,,,,,,,,,,,,,,,,,,,,,,,,,,,,,
training_event,training,4958d349-1ff1-4f6b-8344-fca7d4d717aa,21187d4f-c1ab-470c-9a59-783958d37f96,2026-09-06T09:47:36.218000+00:00,mouse_move,,,,,274.0,118.2,,,,,,mouse_tracking,,,,,,,,,,,/app/training,dev_2d73e02d-8068-4917-8e1d-bcd4688456d1,,,,,,,,,,,,,,,,,,,,,,,,,,,,,,,,,,,,,,,,,,,,,,,,,,,,,,,,,,,,,,,,,,
training_event,training,4958d349-1ff1-4f6b-8344-fca7d4d717aa,21187d4f-c1ab-470c-9a59-783958d37f96,2026-09-06T09:47:36.702000+00:00,mouse_move,,,,,275.0,118.2,,,,,,mouse_tracking,,,,,,,,,,,/app/training,dev_2d73e02d-8068-4917-8e1d-bcd4688456d1,,,,,,,,,,,,,,,,,,,,,,,,,,,,,,,,,,,,,,,,,,,,,,,,,,,,,,,,,,,,,,,,,,
training_event,training,4958d349-1ff1-4f6b-8344-fca7d4d717aa,21187d4f-c1ab-470c-9a59-783958d37f96,2026-09-06T09:47:36.718000+00:00,mouse_move,,,,,280.0,118.2,,,,,,mouse_tracking,,,,,,,,,,,/app/training,dev_2d73e02d-8068-4917-8e1d-bcd4688456d1,,,,,,,,,,,,,,,,,,,,,,,,,,,,,,,,,,,,,,,,,,,,,,,,,,,,,,,,,,,,,,,,,,
training_event,training,4958d349-1ff1-4f6b-8344-fca7d4d717aa,21187d4f-c1ab-470c-9a59-783958d37f96,2026-09-06T09:47:36.735000+00:00,mouse_move,,,,,291.0,116.2,,,,,,mouse_tracking,,,,,,,,,,,/app/training,dev_2d73e02d-8068-4917-8e1d-bcd4688456d1,,,,,,,,,,,,,,,,,,,,,,,,,,,,,,,,,,,,,,,,,,,,,,,,,,,,,,,,,,,,,,,,,,
training_event,training,4958d349-1ff1-4f6b-8344-fca7d4d717aa,21187d4f-c1ab-470c-9a59-783958d37f96,2026-09-06T09:47:36.751000+00:00,mouse_move,,,,,309.0,113.2,,,,,,mouse_tracking,,,,,,,,,,,/app/training,dev_2d73e02d-8068-4917-8e1d-bcd4688456d1,,,,,,,,,,,,,,,,,,,,,,,,,,,,,,,,,,,,,,,,,,,,,,,,,,,,,,,,,,,,,,,,,,
training_event,training,4958d349-1ff1-4f6b-8344-fca7d4d717aa,21187d4f-c1ab-470c-9a59-783958d37f96,2026-09-06T09:47:36.768000+00:00,mouse_move,,,,,327.0,111.2,,,,,,mouse_tracking,,,,,,,,,,,/app/training,dev_2d73e02d-8068-4917-8e1d-bcd4688456d1,,,,,,,,,,,,,,,,,,,,,,,,,,,,,,,,,,,,,,,,,,,,,,,,,,,,,,,,,,,,,,,,,,
training_event,training,4958d349-1ff1-4f6b-8344-fca7d4d717aa,21187d4f-c1ab-470c-9a59-783958d37f96,2026-09-06T09:47:36.785000+00:00,mouse_move,,,,,351.0,106.2,,,,,,mouse_tracking,,,,,,,,,,,/app/training,dev_2d73e02d-8068-4917-8e1d-bcd4688456d1,,,,,,,,,,,,,,,,,,,,,,,,,,,,,,,,,,,,,,,,,,,,,,,,,,,,,,,,,,,,,,,,,,
training_event,training,4958d349-1ff1-4f6b-8344-fca7d4d717aa,21187d4f-c1ab-470c-9a59-783958d37f96,2026-09-06T09:47:36.801000+00:00,mouse_move,,,,,359.0,103.2,,,,,,mouse_tracking,,,,,,,,,,,/app/training,dev_2d73e02d-8068-4917-8e1d-bcd4688456d1,,,,,,,,,,,,,,,,,,,,,,,,,,,,,,,,,,,,,,,,,,,,,,,,,,,,,,,,,,,,,,,,,,
training_event,training,4958d349-1ff1-4f6b-8344-fca7d4d717aa,21187d4f-c1ab-470c-9a59-783958d37f96,2026-09-06T09:47:36.818000+00:00,mouse_move,,,,,366.0,101.2,,,,,,mouse_tracking,,,,,,,,,,,/app/training,dev_2d73e02d-8068-4917-8e1d-bcd4688456d1,,,,,,,,,,,,,,,,,,,,,,,,,,,,,,,,,,,,,,,,,,,,,,,,,,,,,,,,,,,,,,,,,,
training_event,training,4958d349-1ff1-4f6b-8344-fca7d4d717aa,21187d4f-c1ab-470c-9a59-783958d37f96,2026-09-06T09:47:36.834000+00:00,mouse_move,,,,,369.0,100.2,,,,,,mouse_tracking,,,,,,,,,,,/app/training,dev_2d73e02d-8068-4917-8e1d-bcd4688456d1,,,,,,,,,,,,,,,,,,,,,,,,,,,,,,,,,,,,,,,,,,,,,,,,,,,,,,,,,,,,,,,,,,
training_event,training,4958d349-1ff1-4f6b-8344-fca7d4d717aa,21187d4f-c1ab-470c-9a59-783958d37f96,2026-09-06T09:47:36.850000+00:00,mouse_move,,,,,371.0,99.2,,,,,,mouse_tracking,,,,,,,,,,,/app/training,dev_2d73e02d-8068-4917-8e1d-bcd4688456d1,,,,,,,,,,,,,,,,,,,,,,,,,,,,,,,,,,,,,,,,,,,,,,,,,,,,,,,,,,,,,,,,,,
training_event,training,4958d349-1ff1-4f6b-8344-fca7d4d717aa,21187d4f-c1ab-470c-9a59-783958d37f96,2026-09-06T09:47:36.868000+00:00,mouse_move,,,,,371.0,99.2,,,,,,mouse_tracking,,,,,,,,,,,/app/training,dev_2d73e02d-8068-4917-8e1d-bcd4688456d1,,,,,,,,,,,,,,,,,,,,,,,,,,,,,,,,,,,,,,,,,,,,,,,,,,,,,,,,,,,,,,,,,,
training_event,training,4958d349-1ff1-4f6b-8344-fca7d4d717aa,21187d4f-c1ab-470c-9a59-783958d37f96,2026-09-06T09:47:36.883000+00:00,mouse_move,,,,,372.0,98.2,,,,,,mouse_tracking,,,,,,,,,,,/app/training,dev_2d73e02d-8068-4917-8e1d-bcd4688456d1,,,,,,,,,,,,,,,,,,,,,,,,,,,,,,,,,,,,,,,,,,,,,,,,,,,,,,,,,,,,,,,,,,
training_event,training,4958d349-1ff1-4f6b-8344-fca7d4d717aa,21187d4f-c1ab-470c-9a59-783958d37f96,2026-09-06T09:47:36.935000+00:00,mouse_move,,,,,372.0,98.2,,,,,,mouse_tracking,,,,,,,,,,,/app/training,dev_2d73e02d-8068-4917-8e1d-bcd4688456d1,,,,,,,,,,,,,,,,,,,,,,,,,,,,,,,,,,,,,,,,,,,,,,,,,,,,,,,,,,,,,,,,,,
training_event,training,4958d349-1ff1-4f6b-8344-fca7d4d717aa,21187d4f-c1ab-470c-9a59-783958d37f96,2026-09-06T09:47:36.951000+00:00,mouse_move,,,,,371.0,96.2,,,,,,mouse_tracking,,,,,,,,,,,/app/training,dev_2d73e02d-8068-4917-8e1d-bcd4688456d1,,,,,,,,,,,,,,,,,,,,,,,,,,,,,,,,,,,,,,,,,,,,,,,,,,,,,,,,,,,,,,,,,,
training_event,training,4958d349-1ff1-4f6b-8344-fca7d4d717aa,21187d4f-c1ab-470c-9a59-783958d37f96,2026-09-06T09:47:36.968000+00:00,mouse_move,,,,,370.0,95.2,,,,,,mouse_tracking,,,,,,,,,,,/app/training,dev_2d73e02d-8068-4917-8e1d-bcd4688456d1,,,,,,,,,,,,,,,,,,,,,,,,,,,,,,,,,,,,,,,,,,,,,,,,,,,,,,,,,,,,,,,,,,
training_event,training,4958d349-1ff1-4f6b-8344-fca7d4d717aa,21187d4f-c1ab-470c-9a59-783958d37f96,2026-09-06T09:47:36.984000+00:00,mouse_move,,,,,369.0,92.2,,,,,,mouse_tracking,,,,,,,,,,,/app/training,dev_2d73e02d-8068-4917-8e1d-bcd4688456d1,,,,,,,,,,,,,,,,,,,,,,,,,,,,,,,,,,,,,,,,,,,,,,,,,,,,,,,,,,,,,,,,,,
training_event,training,4958d349-1ff1-4f6b-8344-fca7d4d717aa,21187d4f-c1ab-470c-9a59-783958d37f96,2026-09-06T09:47:37.001000+00:00,mouse_move,,,,,367.0,91.2,,,,,,mouse_tracking,,,,,,,,,,,/app/training,dev_2d73e02d-8068-4917-8e1d-bcd4688456d1,,,,,,,,,,,,,,,,,,,,,,,,,,,,,,,,,,,,,,,,,,,,,,,,,,,,,,,,,,,,,,,,,,
training_event,training,4958d349-1ff1-4f6b-8344-fca7d4d717aa,21187d4f-c1ab-470c-9a59-783958d37f96,2026-09-06T09:47:37.018000+00:00,mouse_move,,,,,366.0,90.2,,,,,,mouse_tracking,,,,,,,,,,,/app/training,dev_2d73e02d-8068-4917-8e1d-bcd4688456d1,,,,,,,,,,,,,,,,,,,,,,,,,,,,,,,,,,,,,,,,,,,,,,,,,,,,,,,,,,,,,,,,,,
training_event,training,4958d349-1ff1-4f6b-8344-fca7d4d717aa,21187d4f-c1ab-470c-9a59-783958d37f96,2026-09-06T09:47:37.034000+00:00,mouse_move,,,,,365.0,90.2,,,,,,mouse_tracking,,,,,,,,,,,/app/training,dev_2d73e02d-8068-4917-8e1d-bcd4688456d1,,,,,,,,,,,,,,,,,,,,,,,,,,,,,,,,,,,,,,,,,,,,,,,,,,,,,,,,,,,,,,,,,,
training_event,training,4958d349-1ff1-4f6b-8344-fca7d4d717aa,21187d4f-c1ab-470c-9a59-783958d37f96,2026-09-06T09:47:37.051000+00:00,mouse_move,,,,,364.0,89.2,,,,,,mouse_tracking,,,,,,,,,,,/app/training,dev_2d73e02d-8068-4917-8e1d-bcd4688456d1,,,,,,,,,,,,,,,,,,,,,,,,,,,,,,,,,,,,,,,,,,,,,,,,,,,,,,,,,,,,,,,,,,
training_event,training,4958d349-1ff1-4f6b-8344-fca7d4d717aa,21187d4f-c1ab-470c-9a59-783958d37f96,2026-09-06T09:47:37.068000+00:00,mouse_move,,,,,364.0,89.2,,,,,,mouse_tracking,,,,,,,,,,,/app/training,dev_2d73e02d-8068-4917-8e1d-bcd4688456d1,,,,,,,,,,,,,,,,,,,,,,,,,,,,,,,,,,,,,,,,,,,,,,,,,,,,,,,,,,,,,,,,,,
training_event,training,4958d349-1ff1-4f6b-8344-fca7d4d717aa,21187d4f-c1ab-470c-9a59-783958d37f96,2026-09-06T09:47:37.084000+00:00,mouse_move,,,,,364.0,89.2,,,,,,mouse_tracking,,,,,,,,,,,/app/training,dev_2d73e02d-8068-4917-8e1d-bcd4688456d1,,,,,,,,,,,,,,,,,,,,,,,,,,,,,,,,,,,,,,,,,,,,,,,,,,,,,,,,,,,,,,,,,,
training_event,training,4958d349-1ff1-4f6b-8344-fca7d4d717aa,21187d4f-c1ab-470c-9a59-783958d37f96,2026-09-06T09:47:37.118000+00:00,mouse_move,,,,,364.0,89.2,,,,,,mouse_tracking,,,,,,,,,,,/app/training,dev_2d73e02d-8068-4917-8e1d-bcd4688456d1,,,,,,,,,,,,,,,,,,,,,,,,,,,,,,,,,,,,,,,,,,,,,,,,,,,,,,,,,,,,,,,,,,
training_event,training,4958d349-1ff1-4f6b-8344-fca7d4d717aa,21187d4f-c1ab-470c-9a59-783958d37f96,2026-09-06T09:47:37.134000+00:00,mouse_move,,,,,364.0,89.2,,,,,,mouse_tracking,,,,,,,,,,,/app/training,dev_2d73e02d-8068-4917-8e1d-bcd4688456d1,,,,,,,,,,,,,,,,,,,,,,,,,,,,,,,,,,,,,,,,,,,,,,,,,,,,,,,,,,,,,,,,,,
training_event,training,4958d349-1ff1-4f6b-8344-fca7d4d717aa,21187d4f-c1ab-470c-9a59-783958d37f96,2026-09-06T09:47:37.484000+00:00,mouse_move,,,,,364.0,89.2,,,,,,mouse_tracking,,,,,,,,,,,/app/training,dev_2d73e02d-8068-4917-8e1d-bcd4688456d1,,,,,,,,,,,,,,,,,,,,,,,,,,,,,,,,,,,,,,,,,,,,,,,,,,,,,,,,,,,,,,,,,,
training_event,training,4958d349-1ff1-4f6b-8344-fca7d4d717aa,21187d4f-c1ab-470c-9a59-783958d37f96,2026-09-06T09:47:37.501000+00:00,mouse_move,,,,,369.0,89.2,,,,,,mouse_tracking,,,,,,,,,,,/app/training,dev_2d73e02d-8068-4917-8e1d-bcd4688456d1,,,,,,,,,,,,,,,,,,,,,,,,,,,,,,,,,,,,,,,,,,,,,,,,,,,,,,,,,,,,,,,,,,
training_event,training,4958d349-1ff1-4f6b-8344-fca7d4d717aa,21187d4f-c1ab-470c-9a59-783958d37f96,2026-09-06T09:47:37.518000+00:00,mouse_move,,,,,377.0,91.2,,,,,,mouse_tracking,,,,,,,,,,,/app/training,dev_2d73e02d-8068-4917-8e1d-bcd4688456d1,,,,,,,,,,,,,,,,,,,,,,,,,,,,,,,,,,,,,,,,,,,,,,,,,,,,,,,,,,,,,,,,,,
training_event,training,4958d349-1ff1-4f6b-8344-fca7d4d717aa,21187d4f-c1ab-470c-9a59-783958d37f96,2026-09-06T09:47:37.535000+00:00,mouse_move,,,,,392.0,97.2,,,,,,mouse_tracking,,,,,,,,,,,/app/training,dev_2d73e02d-8068-4917-8e1d-bcd4688456d1,,,,,,,,,,,,,,,,,,,,,,,,,,,,,,,,,,,,,,,,,,,,,,,,,,,,,,,,,,,,,,,,,,
training_event,training,4958d349-1ff1-4f6b-8344-fca7d4d717aa,21187d4f-c1ab-470c-9a59-783958d37f96,2026-09-06T09:47:37.551000+00:00,mouse_move,,,,,424.0,110.2,,,,,,mouse_tracking,,,,,,,,,,,/app/training,dev_2d73e02d-8068-4917-8e1d-bcd4688456d1,,,,,,,,,,,,,,,,,,,,,,,,,,,,,,,,,,,,,,,,,,,,,,,,,,,,,,,,,,,,,,,,,,
training_event,training,4958d349-1ff1-4f6b-8344-fca7d4d717aa,21187d4f-c1ab-470c-9a59-783958d37f96,2026-09-06T09:47:37.568000+00:00,mouse_move,,,,,445.0,119.2,,,,,,mouse_tracking,,,,,,,,,,,/app/training,dev_2d73e02d-8068-4917-8e1d-bcd4688456d1,,,,,,,,,,,,,,,,,,,,,,,,,,,,,,,,,,,,,,,,,,,,,,,,,,,,,,,,,,,,,,,,,,
training_event,training,4958d349-1ff1-4f6b-8344-fca7d4d717aa,21187d4f-c1ab-470c-9a59-783958d37f96,2026-09-06T09:47:37.584000+00:00,mouse_move,,,,,460.0,125.2,,,,,,mouse_tracking,,,,,,,,,,,/app/training,dev_2d73e02d-8068-4917-8e1d-bcd4688456d1,,,,,,,,,,,,,,,,,,,,,,,,,,,,,,,,,,,,,,,,,,,,,,,,,,,,,,,,,,,,,,,,,,
training_event,training,4958d349-1ff1-4f6b-8344-fca7d4d717aa,21187d4f-c1ab-470c-9a59-783958d37f96,2026-09-06T09:47:37.601000+00:00,mouse_move,,,,,478.0,132.2,,,,,,mouse_tracking,,,,,,,,,,,/app/training,dev_2d73e02d-8068-4917-8e1d-bcd4688456d1,,,,,,,,,,,,,,,,,,,,,,,,,,,,,,,,,,,,,,,,,,,,,,,,,,,,,,,,,,,,,,,,,,
training_event,training,4958d349-1ff1-4f6b-8344-fca7d4d717aa,21187d4f-c1ab-470c-9a59-783958d37f96,2026-09-06T09:47:37.618000+00:00,mouse_move,,,,,482.0,134.2,,,,,,mouse_tracking,,,,,,,,,,,/app/training,dev_2d73e02d-8068-4917-8e1d-bcd4688456d1,,,,,,,,,,,,,,,,,,,,,,,,,,,,,,,,,,,,,,,,,,,,,,,,,,,,,,,,,,,,,,,,,,
training_event,training,4958d349-1ff1-4f6b-8344-fca7d4d717aa,21187d4f-c1ab-470c-9a59-783958d37f96,2026-09-06T09:47:37.634000+00:00,mouse_move,,,,,483.0,134.2,,,,,,mouse_tracking,,,,,,,,,,,/app/training,dev_2d73e02d-8068-4917-8e1d-bcd4688456d1,,,,,,,,,,,,,,,,,,,,,,,,,,,,,,,,,,,,,,,,,,,,,,,,,,,,,,,,,,,,,,,,,,
training_event,training,4958d349-1ff1-4f6b-8344-fca7d4d717aa,21187d4f-c1ab-470c-9a59-783958d37f96,2026-09-06T09:47:37.651000+00:00,mouse_move,,,,,484.0,135.2,,,,,,mouse_tracking,,,,,,,,,,,/app/training,dev_2d73e02d-8068-4917-8e1d-bcd4688456d1,,,,,,,,,,,,,,,,,,,,,,,,,,,,,,,,,,,,,,,,,,,,,,,,,,,,,,,,,,,,,,,,,,
training_event,training,4958d349-1ff1-4f6b-8344-fca7d4d717aa,21187d4f-c1ab-470c-9a59-783958d37f96,2026-09-06T09:47:37.701000+00:00,mouse_move,,,,,483.0,135.2,,,,,,mouse_tracking,,,,,,,,,,,/app/training,dev_2d73e02d-8068-4917-8e1d-bcd4688456d1,,,,,,,,,,,,,,,,,,,,,,,,,,,,,,,,,,,,,,,,,,,,,,,,,,,,,,,,,,,,,,,,,,
training_event,training,4958d349-1ff1-4f6b-8344-fca7d4d717aa,21187d4f-c1ab-470c-9a59-783958d37f96,2026-09-06T09:47:37.718000+00:00,mouse_move,,,,,479.0,133.2,,,,,,mouse_tracking,,,,,,,,,,,/app/training,dev_2d73e02d-8068-4917-8e1d-bcd4688456d1,,,,,,,,,,,,,,,,,,,,,,,,,,,,,,,,,,,,,,,,,,,,,,,,,,,,,,,,,,,,,,,,,,
training_event,training,4958d349-1ff1-4f6b-8344-fca7d4d717aa,21187d4f-c1ab-470c-9a59-783958d37f96,2026-09-06T09:47:37.734000+00:00,mouse_move,,,,,470.0,128.2,,,,,,mouse_tracking,,,,,,,,,,,/app/training,dev_2d73e02d-8068-4917-8e1d-bcd4688456d1,,,,,,,,,,,,,,,,,,,,,,,,,,,,,,,,,,,,,,,,,,,,,,,,,,,,,,,,,,,,,,,,,,
training_event,training,4958d349-1ff1-4f6b-8344-fca7d4d717aa,21187d4f-c1ab-470c-9a59-783958d37f96,2026-09-06T09:47:37.751000+00:00,mouse_move,,,,,465.0,125.2,,,,,,mouse_tracking,,,,,,,,,,,/app/training,dev_2d73e02d-8068-4917-8e1d-bcd4688456d1,,,,,,,,,,,,,,,,,,,,,,,,,,,,,,,,,,,,,,,,,,,,,,,,,,,,,,,,,,,,,,,,,,
training_event,training,4958d349-1ff1-4f6b-8344-fca7d4d717aa,21187d4f-c1ab-470c-9a59-783958d37f96,2026-09-06T09:47:37.768000+00:00,mouse_move,,,,,460.0,122.2,,,,,,mouse_tracking,,,,,,,,,,,/app/training,dev_2d73e02d-8068-4917-8e1d-bcd4688456d1,,,,,,,,,,,,,,,,,,,,,,,,,,,,,,,,,,,,,,,,,,,,,,,,,,,,,,,,,,,,,,,,,,
training_event,training,4958d349-1ff1-4f6b-8344-fca7d4d717aa,21187d4f-c1ab-470c-9a59-783958d37f96,2026-09-06T09:47:37.784000+00:00,mouse_move,,,,,458.0,121.2,,,,,,mouse_tracking,,,,,,,,,,,/app/training,dev_2d73e02d-8068-4917-8e1d-bcd4688456d1,,,,,,,,,,,,,,,,,,,,,,,,,,,,,,,,,,,,,,,,,,,,,,,,,,,,,,,,,,,,,,,,,,
training_event,training,4958d349-1ff1-4f6b-8344-fca7d4d717aa,21187d4f-c1ab-470c-9a59-783958d37f96,2026-09-06T09:47:37.801000+00:00,mouse_move,,,,,457.0,121.2,,,,,,mouse_tracking,,,,,,,,,,,/app/training,dev_2d73e02d-8068-4917-8e1d-bcd4688456d1,,,,,,,,,,,,,,,,,,,,,,,,,,,,,,,,,,,,,,,,,,,,,,,,,,,,,,,,,,,,,,,,,,
training_event,training,4958d349-1ff1-4f6b-8344-fca7d4d717aa,21187d4f-c1ab-470c-9a59-783958d37f96,2026-09-06T09:47:37.818000+00:00,mouse_move,,,,,457.0,121.2,,,,,,mouse_tracking,,,,,,,,,,,/app/training,dev_2d73e02d-8068-4917-8e1d-bcd4688456d1,,,,,,,,,,,,,,,,,,,,,,,,,,,,,,,,,,,,,,,,,,,,,,,,,,,,,,,,,,,,,,,,,,
training_event,training,4958d349-1ff1-4f6b-8344-fca7d4d717aa,21187d4f-c1ab-470c-9a59-783958d37f96,2026-09-06T09:47:37.901000+00:00,mouse_move,,,,,457.0,121.2,,,,,,mouse_tracking,,,,,,,,,,,/app/training,dev_2d73e02d-8068-4917-8e1d-bcd4688456d1,,,,,,,,,,,,,,,,,,,,,,,,,,,,,,,,,,,,,,,,,,,,,,,,,,,,,,,,,,,,,,,,,,
training_event,training,4958d349-1ff1-4f6b-8344-fca7d4d717aa,51dc6d3a-b4f8-46f2-8019-ca0b28d2228d,2026-09-06T09:47:49.507000+00:00,keydown,65,A,,,,,,,,,,repeated_typing,0,0,,,,,,,,,/app/training,dev_2d73e02d-8068-4917-8e1d-bcd4688456d1,,,,,,,,,,,,,,,,,,,,,,,,,,,,,,,,,,,,,,,,,,,,,,,,,,,,,,,,,,,,,,,,,,
training_event,training,4958d349-1ff1-4f6b-8344-fca7d4d717aa,51dc6d3a-b4f8-46f2-8019-ca0b28d2228d,2026-09-06T09:47:49.666000+00:00,keyup,65,,159.0,,,,,,,,,repeated_typing,0,0,,,,,,,,,/app/training,dev_2d73e02d-8068-4917-8e1d-bcd4688456d1,,,,,,,,,,,,,,,,,,,,,,,,,,,,,,,,,,,,,,,,,,,,,,,,,,,,,,,,,,,,,,,,,,
training_event,training,4958d349-1ff1-4f6b-8344-fca7d4d717aa,51dc6d3a-b4f8-46f2-8019-ca0b28d2228d,2026-09-06T09:47:50.654000+00:00,keydown,68,d,,1146.6,,,,,,,,repeated_typing,0,0,,,,,,,,,/app/training,dev_2d73e02d-8068-4917-8e1d-bcd4688456d1,,,,,,,,,,,,,,,,,,,,,,,,,,,,,,,,,,,,,,,,,,,,,,,,,,,,,,,,,,,,,,,,,,
training_event,training,4958d349-1ff1-4f6b-8344-fca7d4d717aa,51dc6d3a-b4f8-46f2-8019-ca0b28d2228d,2026-09-06T09:47:50.755000+00:00,keyup,68,,101.9,,,,,,,,,repeated_typing,0,0,,,,,,,,,/app/training,dev_2d73e02d-8068-4917-8e1d-bcd4688456d1,,,,,,,,,,,,,,,,,,,,,,,,,,,,,,,,,,,,,,,,,,,,,,,,,,,,,,,,,,,,,,,,,,
training_event,training,4958d349-1ff1-4f6b-8344-fca7d4d717aa,51dc6d3a-b4f8-46f2-8019-ca0b28d2228d,2026-09-06T09:47:50.937000+00:00,keydown,65,a,,283.0,,,,,,,,repeated_typing,0,0,,,,,,,,,/app/training,dev_2d73e02d-8068-4917-8e1d-bcd4688456d1,,,,,,,,,,,,,,,,,,,,,,,,,,,,,,,,,,,,,,,,,,,,,,,,,,,,,,,,,,,,,,,,,,
training_event,training,4958d349-1ff1-4f6b-8344-fca7d4d717aa,51dc6d3a-b4f8-46f2-8019-ca0b28d2228d,2026-09-06T09:47:51.069000+00:00,keyup,65,,132.3,,,,,,,,,repeated_typing,0,0,,,,,,,,,/app/training,dev_2d73e02d-8068-4917-8e1d-bcd4688456d1,,,,,,,,,,,,,,,,,,,,,,,,,,,,,,,,,,,,,,,,,,,,,,,,,,,,,,,,,,,,,,,,,,
training_event,training,4958d349-1ff1-4f6b-8344-fca7d4d717aa,51dc6d3a-b4f8-46f2-8019-ca0b28d2228d,2026-09-06T09:47:51.211000+00:00,keydown,80,p,,274.0,,,,,,,,repeated_typing,0,0,,,,,,,,,/app/training,dev_2d73e02d-8068-4917-8e1d-bcd4688456d1,,,,,,,,,,,,,,,,,,,,,,,,,,,,,,,,,,,,,,,,,,,,,,,,,,,,,,,,,,,,,,,,,,
training_event,training,4958d349-1ff1-4f6b-8344-fca7d4d717aa,51dc6d3a-b4f8-46f2-8019-ca0b28d2228d,2026-09-06T09:47:51.303000+00:00,keyup,80,,92.3,,,,,,,,,repeated_typing,0,0,,,,,,,,,/app/training,dev_2d73e02d-8068-4917-8e1d-bcd4688456d1,,,,,,,,,,,,,,,,,,,,,,,,,,,,,,,,,,,,,,,,,,,,,,,,,,,,,,,,,,,,,,,,,,
training_event,training,4958d349-1ff1-4f6b-8344-fca7d4d717aa,51dc6d3a-b4f8-46f2-8019-ca0b28d2228d,2026-09-06T09:47:51.455000+00:00,keydown,84,t,,244.1,,,,,,,,repeated_typing,0,0,,,,,,,,,/app/training,dev_2d73e02d-8068-4917-8e1d-bcd4688456d1,,,,,,,,,,,,,,,,,,,,,,,,,,,,,,,,,,,,,,,,,,,,,,,,,,,,,,,,,,,,,,,,,,
training_event,training,4958d349-1ff1-4f6b-8344-fca7d4d717aa,51dc6d3a-b4f8-46f2-8019-ca0b28d2228d,2026-09-06T09:47:51.538000+00:00,keyup,84,,83.4,,,,,,,,,repeated_typing,0,0,,,,,,,,,/app/training,dev_2d73e02d-8068-4917-8e1d-bcd4688456d1,,,,,,,,,,,,,,,,,,,,,,,,,,,,,,,,,,,,,,,,,,,,,,,,,,,,,,,,,,,,,,,,,,
training_event,training,4958d349-1ff1-4f6b-8344-fca7d4d717aa,51dc6d3a-b4f8-46f2-8019-ca0b28d2228d,2026-09-06T09:47:51.599000+00:00,keydown,73,i,,144.5,,,,,,,,repeated_typing,0,0,,,,,,,,,/app/training,dev_2d73e02d-8068-4917-8e1d-bcd4688456d1,,,,,,,,,,,,,,,,,,,,,,,,,,,,,,,,,,,,,,,,,,,,,,,,,,,,,,,,,,,,,,,,,,
training_event,training,4958d349-1ff1-4f6b-8344-fca7d4d717aa,51dc6d3a-b4f8-46f2-8019-ca0b28d2228d,2026-09-06T09:47:51.682000+00:00,keyup,73,,82.7,,,,,,,,,repeated_typing,0,0,,,,,,,,,/app/training,dev_2d73e02d-8068-4917-8e1d-bcd4688456d1,,,,,,,,,,,,,,,,,,,,,,,,,,,,,,,,,,,,,,,,,,,,,,,,,,,,,,,,,,,,,,,,,,
training_event,training,4958d349-1ff1-4f6b-8344-fca7d4d717aa,51dc6d3a-b4f8-46f2-8019-ca0b28d2228d,2026-09-06T09:47:51.974000+00:00,keydown,86,v,,374.7,,,,,,,,repeated_typing,0,0,,,,,,,,,/app/training,dev_2d73e02d-8068-4917-8e1d-bcd4688456d1,,,,,,,,,,,,,,,,,,,,,,,,,,,,,,,,,,,,,,,,,,,,,,,,,,,,,,,,,,,,,,,,,,
training_event,training,4958d349-1ff1-4f6b-8344-fca7d4d717aa,51dc6d3a-b4f8-46f2-8019-ca0b28d2228d,2026-09-06T09:47:52.069000+00:00,keyup,86,,95.4,,,,,,,,,repeated_typing,0,0,,,,,,,,,/app/training,dev_2d73e02d-8068-4917-8e1d-bcd4688456d1,,,,,,,,,,,,,,,,,,,,,,,,,,,,,,,,,,,,,,,,,,,,,,,,,,,,,,,,,,,,,,,,,,
training_event,training,4958d349-1ff1-4f6b-8344-fca7d4d717aa,51dc6d3a-b4f8-46f2-8019-ca0b28d2228d,2026-09-06T09:47:52.233000+00:00,keydown,69,e,,259.2,,,,,,,,repeated_typing,0,0,,,,,,,,,/app/training,dev_2d73e02d-8068-4917-8e1d-bcd4688456d1,,,,,,,,,,,,,,,,,,,,,,,,,,,,,,,,,,,,,,,,,,,,,,,,,,,,,,,,,,,,,,,,,,
training_event,training,4958d349-1ff1-4f6b-8344-fca7d4d717aa,51dc6d3a-b4f8-46f2-8019-ca0b28d2228d,2026-09-06T09:47:52.371000+00:00,keydown,32, ,,137.9,,,,,,,,repeated_typing,0,0,,,,,,,,,/app/training,dev_2d73e02d-8068-4917-8e1d-bcd4688456d1,,,,,,,,,,,,,,,,,,,,,,,,,,,,,,,,,,,,,,,,,,,,,,,,,,,,,,,,,,,,,,,,,,
training_event,training,4958d349-1ff1-4f6b-8344-fca7d4d717aa,51dc6d3a-b4f8-46f2-8019-ca0b28d2228d,2026-09-06T09:47:52.376000+00:00,keyup,69,,142.9,,,,,,,,,repeated_typing,0,0,,,,,,,,,/app/training,dev_2d73e02d-8068-4917-8e1d-bcd4688456d1,,,,,,,,,,,,,,,,,,,,,,,,,,,,,,,,,,,,,,,,,,,,,,,,,,,,,,,,,,,,,,,,,,
training_event,training,4958d349-1ff1-4f6b-8344-fca7d4d717aa,51dc6d3a-b4f8-46f2-8019-ca0b28d2228d,2026-09-06T09:47:52.493000+00:00,keyup,32,,122.2,,,,,,,,,repeated_typing,0,0,,,,,,,,,/app/training,dev_2d73e02d-8068-4917-8e1d-bcd4688456d1,,,,,,,,,,,,,,,,,,,,,,,,,,,,,,,,,,,,,,,,,,,,,,,,,,,,,,,,,,,,,,,,,,
training_event,training,4958d349-1ff1-4f6b-8344-fca7d4d717aa,51dc6d3a-b4f8-46f2-8019-ca0b28d2228d,2026-09-06T09:47:53.227000+00:00,keydown,8,,,856.3,,,,,,,,repeated_typing,0,0,,,,,,,,,/app/training,dev_2d73e02d-8068-4917-8e1d-bcd4688456d1,,,,,,,,,,,,,,,,,,,,,,,,,,,,,,,,,,,,,,,,,,,,,,,,,,,,,,,,,,,,,,,,,,
training_event,training,4958d349-1ff1-4f6b-8344-fca7d4d717aa,51dc6d3a-b4f8-46f2-8019-ca0b28d2228d,2026-09-06T09:47:53.352000+00:00,keyup,8,,125.0,,,,,,,,,repeated_typing,0,0,,,,,,,,,/app/training,dev_2d73e02d-8068-4917-8e1d-bcd4688456d1,,,,,,,,,,,,,,,,,,,,,,,,,,,,,,,,,,,,,,,,,,,,,,,,,,,,,,,,,,,,,,,,,,
training_event,training,4958d349-1ff1-4f6b-8344-fca7d4d717aa,51dc6d3a-b4f8-46f2-8019-ca0b28d2228d,2026-09-06T09:47:53.902000+00:00,keydown,71,G,,675.1,,,,,,,,repeated_typing,0,0,,,,,,,,,/app/training,dev_2d73e02d-8068-4917-8e1d-bcd4688456d1,,,,,,,,,,,,,,,,,,,,,,,,,,,,,,,,,,,,,,,,,,,,,,,,,,,,,,,,,,,,,,,,,,
training_event,training,4958d349-1ff1-4f6b-8344-fca7d4d717aa,51dc6d3a-b4f8-46f2-8019-ca0b28d2228d,2026-09-06T09:47:54+00:00,keyup,71,,98.0,,,,,,,,,repeated_typing,0,0,,,,,,,,,/app/training,dev_2d73e02d-8068-4917-8e1d-bcd4688456d1,,,,,,,,,,,,,,,,,,,,,,,,,,,,,,,,,,,,,,,,,,,,,,,,,,,,,,,,,,,,,,,,,,
training_event,training,4958d349-1ff1-4f6b-8344-fca7d4d717aa,51dc6d3a-b4f8-46f2-8019-ca0b28d2228d,2026-09-06T09:47:54.102000+00:00,keydown,65,a,,200.1,,,,,,,,repeated_typing,0,0,,,,,,,,,/app/training,dev_2d73e02d-8068-4917-8e1d-bcd4688456d1,,,,,,,,,,,,,,,,,,,,,,,,,,,,,,,,,,,,,,,,,,,,,,,,,,,,,,,,,,,,,,,,,,
training_event,training,4958d349-1ff1-4f6b-8344-fca7d4d717aa,51dc6d3a-b4f8-46f2-8019-ca0b28d2228d,2026-09-06T09:47:54.222000+00:00,keyup,65,,119.3,,,,,,,,,repeated_typing,0,0,,,,,,,,,/app/training,dev_2d73e02d-8068-4917-8e1d-bcd4688456d1,,,,,,,,,,,,,,,,,,,,,,,,,,,,,,,,,,,,,,,,,,,,,,,,,,,,,,,,,,,,,,,,,,
training_event,training,4958d349-1ff1-4f6b-8344-fca7d4d717aa,51dc6d3a-b4f8-46f2-8019-ca0b28d2228d,2026-09-06T09:47:54.244000+00:00,keydown,85,u,,141.0,,,,,,,,repeated_typing,0,0,,,,,,,,,/app/training,dev_2d73e02d-8068-4917-8e1d-bcd4688456d1,,,,,,,,,,,,,,,,,,,,,,,,,,,,,,,,,,,,,,,,,,,,,,,,,,,,,,,,,,,,,,,,,,
training_event,training,4958d349-1ff1-4f6b-8344-fca7d4d717aa,51dc6d3a-b4f8-46f2-8019-ca0b28d2228d,2026-09-06T09:47:54.307000+00:00,keyup,85,,63.6,,,,,,,,,repeated_typing,0,0,,,,,,,,,/app/training,dev_2d73e02d-8068-4917-8e1d-bcd4688456d1,,,,,,,,,,,,,,,,,,,,,,,,,,,,,,,,,,,,,,,,,,,,,,,,,,,,,,,,,,,,,,,,,,
training_event,training,4958d349-1ff1-4f6b-8344-fca7d4d717aa,51dc6d3a-b4f8-46f2-8019-ca0b28d2228d,2026-09-06T09:47:54.503000+00:00,keydown,82,r,,259.6,,,,,,,,repeated_typing,0,0,,,,,,,,,/app/training,dev_2d73e02d-8068-4917-8e1d-bcd4688456d1,,,,,,,,,,,,,,,,,,,,,,,,,,,,,,,,,,,,,,,,,,,,,,,,,,,,,,,,,,,,,,,,,,
training_event,training,4958d349-1ff1-4f6b-8344-fca7d4d717aa,51dc6d3a-b4f8-46f2-8019-ca0b28d2228d,2026-09-06T09:47:54.556000+00:00,keyup,82,,53.4,,,,,,,,,repeated_typing,0,0,,,,,,,,,/app/training,dev_2d73e02d-8068-4917-8e1d-bcd4688456d1,,,,,,,,,,,,,,,,,,,,,,,,,,,,,,,,,,,,,,,,,,,,,,,,,,,,,,,,,,,,,,,,,,
training_event,training,4958d349-1ff1-4f6b-8344-fca7d4d717aa,51dc6d3a-b4f8-46f2-8019-ca0b28d2228d,2026-09-06T09:47:54.755000+00:00,keydown,68,d,,251.8,,,,,,,,repeated_typing,0,0,,,,,,,,,/app/training,dev_2d73e02d-8068-4917-8e1d-bcd4688456d1,,,,,,,,,,,,,,,,,,,,,,,,,,,,,,,,,,,,,,,,,,,,,,,,,,,,,,,,,,,,,,,,,,
training_event,training,4958d349-1ff1-4f6b-8344-fca7d4d717aa,51dc6d3a-b4f8-46f2-8019-ca0b28d2228d,2026-09-06T09:47:54.855000+00:00,keyup,68,,100.0,,,,,,,,,repeated_typing,0,0,,,,,,,,,/app/training,dev_2d73e02d-8068-4917-8e1d-bcd4688456d1,,,,,,,,,,,,,,,,,,,,,,,,,,,,,,,,,,,,,,,,,,,,,,,,,,,,,,,,,,,,,,,,,,
training_event,training,4958d349-1ff1-4f6b-8344-fca7d4d717aa,51dc6d3a-b4f8-46f2-8019-ca0b28d2228d,2026-09-06T09:47:54.941000+00:00,keydown,73,i,,185.9,,,,,,,,repeated_typing,0,0,,,,,,,,,/app/training,dev_2d73e02d-8068-4917-8e1d-bcd4688456d1,,,,,,,,,,,,,,,,,,,,,,,,,,,,,,,,,,,,,,,,,,,,,,,,,,,,,,,,,,,,,,,,,,
training_event,training,4958d349-1ff1-4f6b-8344-fca7d4d717aa,51dc6d3a-b4f8-46f2-8019-ca0b28d2228d,2026-09-06T09:47:55.006000+00:00,keyup,73,,65.0,,,,,,,,,repeated_typing,0,0,,,,,,,,,/app/training,dev_2d73e02d-8068-4917-8e1d-bcd4688456d1,,,,,,,,,,,,,,,,,,,,,,,,,,,,,,,,,,,,,,,,,,,,,,,,,,,,,,,,,,,,,,,,,,
training_event,training,4958d349-1ff1-4f6b-8344-fca7d4d717aa,51dc6d3a-b4f8-46f2-8019-ca0b28d2228d,2026-09-06T09:47:55.153000+00:00,keydown,65,a,,212.1,,,,,,,,repeated_typing,0,0,,,,,,,,,/app/training,dev_2d73e02d-8068-4917-8e1d-bcd4688456d1,,,,,,,,,,,,,,,,,,,,,,,,,,,,,,,,,,,,,,,,,,,,,,,,,,,,,,,,,,,,,,,,,,
training_event,training,4958d349-1ff1-4f6b-8344-fca7d4d717aa,51dc6d3a-b4f8-46f2-8019-ca0b28d2228d,2026-09-06T09:47:55.291000+00:00,keyup,65,,137.8,,,,,,,,,repeated_typing,0,0,,,,,,,,,/app/training,dev_2d73e02d-8068-4917-8e1d-bcd4688456d1,,,,,,,,,,,,,,,,,,,,,,,,,,,,,,,,,,,,,,,,,,,,,,,,,,,,,,,,,,,,,,,,,,
training_event,training,4958d349-1ff1-4f6b-8344-fca7d4d717aa,51dc6d3a-b4f8-46f2-8019-ca0b28d2228d,2026-09-06T09:47:55.310000+00:00,keydown,78,n,,157.3,,,,,,,,repeated_typing,0,0,,,,,,,,,/app/training,dev_2d73e02d-8068-4917-8e1d-bcd4688456d1,,,,,,,,,,,,,,,,,,,,,,,,,,,,,,,,,,,,,,,,,,,,,,,,,,,,,,,,,,,,,,,,,,
training_event,training,4958d349-1ff1-4f6b-8344-fca7d4d717aa,51dc6d3a-b4f8-46f2-8019-ca0b28d2228d,2026-09-06T09:47:55.369000+00:00,keyup,78,,58.6,,,,,,,,,repeated_typing,0,0,,,,,,,,,/app/training,dev_2d73e02d-8068-4917-8e1d-bcd4688456d1,,,,,,,,,,,,,,,,,,,,,,,,,,,,,,,,,,,,,,,,,,,,,,,,,,,,,,,,,,,,,,,,,,
training_event,training,4958d349-1ff1-4f6b-8344-fca7d4d717aa,51dc6d3a-b4f8-46f2-8019-ca0b28d2228d,2026-09-06T09:47:55.469000+00:00,keydown,32, ,,159.2,,,,,,,,repeated_typing,0,0,,,,,,,,,/app/training,dev_2d73e02d-8068-4917-8e1d-bcd4688456d1,,,,,,,,,,,,,,,,,,,,,,,,,,,,,,,,,,,,,,,,,,,,,,,,,,,,,,,,,,,,,,,,,,
training_event,training,4958d349-1ff1-4f6b-8344-fca7d4d717aa,51dc6d3a-b4f8-46f2-8019-ca0b28d2228d,2026-09-06T09:47:55.556000+00:00,keyup,32,,86.6,,,,,,,,,repeated_typing,0,0,,,,,,,,,/app/training,dev_2d73e02d-8068-4917-8e1d-bcd4688456d1,,,,,,,,,,,,,,,,,,,,,,,,,,,,,,,,,,,,,,,,,,,,,,,,,,,,,,,,,,,,,,,,,,
training_event,training,4958d349-1ff1-4f6b-8344-fca7d4d717aa,51dc6d3a-b4f8-46f2-8019-ca0b28d2228d,2026-09-06T09:47:56.540000+00:00,keydown,66,B,,1070.2,,,,,,,,repeated_typing,0,0,,,,,,,,,/app/training,dev_2d73e02d-8068-4917-8e1d-bcd4688456d1,,,,,,,,,,,,,,,,,,,,,,,,,,,,,,,,,,,,,,,,,,,,,,,,,,,,,,,,,,,,,,,,,,
training_event,training,4958d349-1ff1-4f6b-8344-fca7d4d717aa,51dc6d3a-b4f8-46f2-8019-ca0b28d2228d,2026-09-06T09:47:56.593000+00:00,keyup,66,,53.8,,,,,,,,,repeated_typing,0,0,,,,,,,,,/app/training,dev_2d73e02d-8068-4917-8e1d-bcd4688456d1,,,,,,,,,,,,,,,,,,,,,,,,,,,,,,,,,,,,,,,,,,,,,,,,,,,,,,,,,,,,,,,,,,
training_event,training,4958d349-1ff1-4f6b-8344-fca7d4d717aa,51dc6d3a-b4f8-46f2-8019-ca0b28d2228d,2026-09-06T09:47:56.767000+00:00,keydown,65,a,,227.0,,,,,,,,repeated_typing,0,0,,,,,,,,,/app/training,dev_2d73e02d-8068-4917-8e1d-bcd4688456d1,,,,,,,,,,,,,,,,,,,,,,,,,,,,,,,,,,,,,,,,,,,,,,,,,,,,,,,,,,,,,,,,,,
training_event,training,4958d349-1ff1-4f6b-8344-fca7d4d717aa,51dc6d3a-b4f8-46f2-8019-ca0b28d2228d,2026-09-06T09:47:56.839000+00:00,keyup,65,,72.3,,,,,,,,,repeated_typing,0,0,,,,,,,,,/app/training,dev_2d73e02d-8068-4917-8e1d-bcd4688456d1,,,,,,,,,,,,,,,,,,,,,,,,,,,,,,,,,,,,,,,,,,,,,,,,,,,,,,,,,,,,,,,,,,
training_event,training,4958d349-1ff1-4f6b-8344-fca7d4d717aa,51dc6d3a-b4f8-46f2-8019-ca0b28d2228d,2026-09-06T09:47:56.950000+00:00,keydown,78,n,,183.9,,,,,,,,repeated_typing,0,0,,,,,,,,,/app/training,dev_2d73e02d-8068-4917-8e1d-bcd4688456d1,,,,,,,,,,,,,,,,,,,,,,,,,,,,,,,,,,,,,,,,,,,,,,,,,,,,,,,,,,,,,,,,,,
training_event,training,4958d349-1ff1-4f6b-8344-fca7d4d717aa,51dc6d3a-b4f8-46f2-8019-ca0b28d2228d,2026-09-06T09:47:57.002000+00:00,keyup,78,,51.7,,,,,,,,,repeated_typing,0,0,,,,,,,,,/app/training,dev_2d73e02d-8068-4917-8e1d-bcd4688456d1,,,,,,,,,,,,,,,,,,,,,,,,,,,,,,,,,,,,,,,,,,,,,,,,,,,,,,,,,,,,,,,,,,
training_event,training,4958d349-1ff1-4f6b-8344-fca7d4d717aa,51dc6d3a-b4f8-46f2-8019-ca0b28d2228d,2026-09-06T09:47:57.234000+00:00,keydown,75,k,,283.9,,,,,,,,repeated_typing,0,0,,,,,,,,,/app/training,dev_2d73e02d-8068-4917-8e1d-bcd4688456d1,,,,,,,,,,,,,,,,,,,,,,,,,,,,,,,,,,,,,,,,,,,,,,,,,,,,,,,,,,,,,,,,,,
training_event,training,4958d349-1ff1-4f6b-8344-fca7d4d717aa,51dc6d3a-b4f8-46f2-8019-ca0b28d2228d,2026-09-06T09:47:57.303000+00:00,keyup,75,,68.7,,,,,,,,,repeated_typing,0,0,,,,,,,,,/app/training,dev_2d73e02d-8068-4917-8e1d-bcd4688456d1,,,,,,,,,,,,,,,,,,,,,,,,,,,,,,,,,,,,,,,,,,,,,,,,,,,,,,,,,,,,,,,,,,
training_event,training,4958d349-1ff1-4f6b-8344-fca7d4d717aa,51dc6d3a-b4f8-46f2-8019-ca0b28d2228d,2026-09-06T09:47:57.420000+00:00,keydown,73,i,,185.4,,,,,,,,repeated_typing,0,0,,,,,,,,,/app/training,dev_2d73e02d-8068-4917-8e1d-bcd4688456d1,,,,,,,,,,,,,,,,,,,,,,,,,,,,,,,,,,,,,,,,,,,,,,,,,,,,,,,,,,,,,,,,,,
training_event,training,4958d349-1ff1-4f6b-8344-fca7d4d717aa,51dc6d3a-b4f8-46f2-8019-ca0b28d2228d,2026-09-06T09:47:57.493000+00:00,keyup,73,,73.3,,,,,,,,,repeated_typing,0,0,,,,,,,,,/app/training,dev_2d73e02d-8068-4917-8e1d-bcd4688456d1,,,,,,,,,,,,,,,,,,,,,,,,,,,,,,,,,,,,,,,,,,,,,,,,,,,,,,,,,,,,,,,,,,
training_event,training,4958d349-1ff1-4f6b-8344-fca7d4d717aa,51dc6d3a-b4f8-46f2-8019-ca0b28d2228d,2026-09-06T09:47:57.677000+00:00,keydown,78,n,,257.6,,,,,,,,repeated_typing,0,0,,,,,,,,,/app/training,dev_2d73e02d-8068-4917-8e1d-bcd4688456d1,,,,,,,,,,,,,,,,,,,,,,,,,,,,,,,,,,,,,,,,,,,,,,,,,,,,,,,,,,,,,,,,,,
training_event,training,4958d349-1ff1-4f6b-8344-fca7d4d717aa,51dc6d3a-b4f8-46f2-8019-ca0b28d2228d,2026-09-06T09:47:57.749000+00:00,keyup,78,,71.5,,,,,,,,,repeated_typing,0,0,,,,,,,,,/app/training,dev_2d73e02d-8068-4917-8e1d-bcd4688456d1,,,,,,,,,,,,,,,,,,,,,,,,,,,,,,,,,,,,,,,,,,,,,,,,,,,,,,,,,,,,,,,,,,
training_event,training,4958d349-1ff1-4f6b-8344-fca7d4d717aa,51dc6d3a-b4f8-46f2-8019-ca0b28d2228d,2026-09-06T09:47:58.041000+00:00,keydown,71,g,,363.9,,,,,,,,repeated_typing,0,0,,,,,,,,,/app/training,dev_2d73e02d-8068-4917-8e1d-bcd4688456d1,,,,,,,,,,,,,,,,,,,,,,,,,,,,,,,,,,,,,,,,,,,,,,,,,,,,,,,,,,,,,,,,,,
training_event,training,4958d349-1ff1-4f6b-8344-fca7d4d717aa,51dc6d3a-b4f8-46f2-8019-ca0b28d2228d,2026-09-06T09:47:58.177000+00:00,keydown,32, ,,135.8,,,,,,,,repeated_typing,0,0,,,,,,,,,/app/training,dev_2d73e02d-8068-4917-8e1d-bcd4688456d1,,,,,,,,,,,,,,,,,,,,,,,,,,,,,,,,,,,,,,,,,,,,,,,,,,,,,,,,,,,,,,,,,,
training_event,training,4958d349-1ff1-4f6b-8344-fca7d4d717aa,51dc6d3a-b4f8-46f2-8019-ca0b28d2228d,2026-09-06T09:47:58.210000+00:00,keyup,71,,168.3,,,,,,,,,repeated_typing,0,0,,,,,,,,,/app/training,dev_2d73e02d-8068-4917-8e1d-bcd4688456d1,,,,,,,,,,,,,,,,,,,,,,,,,,,,,,,,,,,,,,,,,,,,,,,,,,,,,,,,,,,,,,,,,,
training_event,training,4958d349-1ff1-4f6b-8344-fca7d4d717aa,51dc6d3a-b4f8-46f2-8019-ca0b28d2228d,2026-09-06T09:47:58.302000+00:00,keyup,32,,125.0,,,,,,,,,repeated_typing,0,0,,,,,,,,,/app/training,dev_2d73e02d-8068-4917-8e1d-bcd4688456d1,,,,,,,,,,,,,,,,,,,,,,,,,,,,,,,,,,,,,,,,,,,,,,,,,,,,,,,,,,,,,,,,,,
training_event,training,4958d349-1ff1-4f6b-8344-fca7d4d717aa,51dc6d3a-b4f8-46f2-8019-ca0b28d2228d,2026-09-06T09:48:03.971000+00:00,keydown,83,S,,2000.0,,,,,,,,repeated_typing,0,0,,,,,,,,,/app/training,dev_2d73e02d-8068-4917-8e1d-bcd4688456d1,,,,,,,,,,,,,,,,,,,,,,,,,,,,,,,,,,,,,,,,,,,,,,,,,,,,,,,,,,,,,,,,,,
training_event,training,4958d349-1ff1-4f6b-8344-fca7d4d717aa,51dc6d3a-b4f8-46f2-8019-ca0b28d2228d,2026-09-06T09:48:04.077000+00:00,keyup,83,,106.5,,,,,,,,,repeated_typing,0,0,,,,,,,,,/app/training,dev_2d73e02d-8068-4917-8e1d-bcd4688456d1,,,,,,,,,,,,,,,,,,,,,,,,,,,,,,,,,,,,,,,,,,,,,,,,,,,,,,,,,,,,,,,,,,
training_event,training,4958d349-1ff1-4f6b-8344-fca7d4d717aa,51dc6d3a-b4f8-46f2-8019-ca0b28d2228d,2026-09-06T09:48:04.235000+00:00,keydown,69,e,,264.5,,,,,,,,repeated_typing,0,0,,,,,,,,,/app/training,dev_2d73e02d-8068-4917-8e1d-bcd4688456d1,,,,,,,,,,,,,,,,,,,,,,,,,,,,,,,,,,,,,,,,,,,,,,,,,,,,,,,,,,,,,,,,,,
training_event,training,4958d349-1ff1-4f6b-8344-fca7d4d717aa,51dc6d3a-b4f8-46f2-8019-ca0b28d2228d,2026-09-06T09:48:04.297000+00:00,keyup,69,,62.4,,,,,,,,,repeated_typing,0,0,,,,,,,,,/app/training,dev_2d73e02d-8068-4917-8e1d-bcd4688456d1,,,,,,,,,,,,,,,,,,,,,,,,,,,,,,,,,,,,,,,,,,,,,,,,,,,,,,,,,,,,,,,,,,
training_event,training,4958d349-1ff1-4f6b-8344-fca7d4d717aa,51dc6d3a-b4f8-46f2-8019-ca0b28d2228d,2026-09-06T09:48:04.505000+00:00,keydown,67,c,,270.1,,,,,,,,repeated_typing,0,0,,,,,,,,,/app/training,dev_2d73e02d-8068-4917-8e1d-bcd4688456d1,,,,,,,,,,,,,,,,,,,,,,,,,,,,,,,,,,,,,,,,,,,,,,,,,,,,,,,,,,,,,,,,,,
training_event,training,4958d349-1ff1-4f6b-8344-fca7d4d717aa,51dc6d3a-b4f8-46f2-8019-ca0b28d2228d,2026-09-06T09:48:04.610000+00:00,keyup,67,,104.9,,,,,,,,,repeated_typing,0,0,,,,,,,,,/app/training,dev_2d73e02d-8068-4917-8e1d-bcd4688456d1,,,,,,,,,,,,,,,,,,,,,,,,,,,,,,,,,,,,,,,,,,,,,,,,,,,,,,,,,,,,,,,,,,
training_event,training,4958d349-1ff1-4f6b-8344-fca7d4d717aa,51dc6d3a-b4f8-46f2-8019-ca0b28d2228d,2026-09-06T09:48:04.706000+00:00,keydown,85,u,,200.8,,,,,,,,repeated_typing,0,0,,,,,,,,,/app/training,dev_2d73e02d-8068-4917-8e1d-bcd4688456d1,,,,,,,,,,,,,,,,,,,,,,,,,,,,,,,,,,,,,,,,,,,,,,,,,,,,,,,,,,,,,,,,,,
training_event,training,4958d349-1ff1-4f6b-8344-fca7d4d717aa,51dc6d3a-b4f8-46f2-8019-ca0b28d2228d,2026-09-06T09:48:04.777000+00:00,keyup,85,,70.8,,,,,,,,,repeated_typing,0,0,,,,,,,,,/app/training,dev_2d73e02d-8068-4917-8e1d-bcd4688456d1,,,,,,,,,,,,,,,,,,,,,,,,,,,,,,,,,,,,,,,,,,,,,,,,,,,,,,,,,,,,,,,,,,
training_event,training,4958d349-1ff1-4f6b-8344-fca7d4d717aa,51dc6d3a-b4f8-46f2-8019-ca0b28d2228d,2026-09-06T09:48:04.904000+00:00,keydown,82,r,,197.8,,,,,,,,repeated_typing,0,0,,,,,,,,,/app/training,dev_2d73e02d-8068-4917-8e1d-bcd4688456d1,,,,,,,,,,,,,,,,,,,,,,,,,,,,,,,,,,,,,,,,,,,,,,,,,,,,,,,,,,,,,,,,,,
training_event,training,4958d349-1ff1-4f6b-8344-fca7d4d717aa,51dc6d3a-b4f8-46f2-8019-ca0b28d2228d,2026-09-06T09:48:04.987000+00:00,keyup,82,,82.8,,,,,,,,,repeated_typing,0,0,,,,,,,,,/app/training,dev_2d73e02d-8068-4917-8e1d-bcd4688456d1,,,,,,,,,,,,,,,,,,,,,,,,,,,,,,,,,,,,,,,,,,,,,,,,,,,,,,,,,,,,,,,,,,
training_event,training,4958d349-1ff1-4f6b-8344-fca7d4d717aa,51dc6d3a-b4f8-46f2-8019-ca0b28d2228d,2026-09-06T09:48:05.088000+00:00,keydown,73,i,,184.4,,,,,,,,repeated_typing,0,0,,,,,,,,,/app/training,dev_2d73e02d-8068-4917-8e1d-bcd4688456d1,,,,,,,,,,,,,,,,,,,,,,,,,,,,,,,,,,,,,,,,,,,,,,,,,,,,,,,,,,,,,,,,,,
training_event,training,4958d349-1ff1-4f6b-8344-fca7d4d717aa,51dc6d3a-b4f8-46f2-8019-ca0b28d2228d,2026-09-06T09:48:05.169000+00:00,keyup,73,,81.0,,,,,,,,,repeated_typing,0,0,,,,,,,,,/app/training,dev_2d73e02d-8068-4917-8e1d-bcd4688456d1,,,,,,,,,,,,,,,,,,,,,,,,,,,,,,,,,,,,,,,,,,,,,,,,,,,,,,,,,,,,,,,,,,
training_event,training,4958d349-1ff1-4f6b-8344-fca7d4d717aa,51dc6d3a-b4f8-46f2-8019-ca0b28d2228d,2026-09-06T09:48:05.297000+00:00,keydown,84,t,,208.8,,,,,,,,repeated_typing,0,0,,,,,,,,,/app/training,dev_2d73e02d-8068-4917-8e1d-bcd4688456d1,,,,,,,,,,,,,,,,,,,,,,,,,,,,,,,,,,,,,,,,,,,,,,,,,,,,,,,,,,,,,,,,,,
training_event,training,4958d349-1ff1-4f6b-8344-fca7d4d717aa,51dc6d3a-b4f8-46f2-8019-ca0b28d2228d,2026-09-06T09:48:05.403000+00:00,keyup,84,,105.7,,,,,,,,,repeated_typing,0,0,,,,,,,,,/app/training,dev_2d73e02d-8068-4917-8e1d-bcd4688456d1,,,,,,,,,,,,,,,,,,,,,,,,,,,,,,,,,,,,,,,,,,,,,,,,,,,,,,,,,,,,,,,,,,
training_event,training,4958d349-1ff1-4f6b-8344-fca7d4d717aa,51dc6d3a-b4f8-46f2-8019-ca0b28d2228d,2026-09-06T09:48:05.567000+00:00,keydown,89,y,,269.9,,,,,,,,repeated_typing,0,0,,,,,,,,,/app/training,dev_2d73e02d-8068-4917-8e1d-bcd4688456d1,,,,,,,,,,,,,,,,,,,,,,,,,,,,,,,,,,,,,,,,,,,,,,,,,,,,,,,,,,,,,,,,,,
training_event,training,4958d349-1ff1-4f6b-8344-fca7d4d717aa,51dc6d3a-b4f8-46f2-8019-ca0b28d2228d,2026-09-06T09:48:05.657000+00:00,keyup,89,,90.1,,,,,,,,,repeated_typing,0,0,,,,,,,,,/app/training,dev_2d73e02d-8068-4917-8e1d-bcd4688456d1,,,,,,,,,,,,,,,,,,,,,,,,,,,,,,,,,,,,,,,,,,,,,,,,,,,,,,,,,,,,,,,,,,
training_event,training,4958d349-1ff1-4f6b-8344-fca7d4d717aa,51dc6d3a-b4f8-46f2-8019-ca0b28d2228d,2026-09-06T09:48:05.767000+00:00,keydown,13,,,200.1,,,,,,,,repeated_typing,0,0,,,,,,,,,/app/training,dev_2d73e02d-8068-4917-8e1d-bcd4688456d1,,,,,,,,,,,,,,,,,,,,,,,,,,,,,,,,,,,,,,,,,,,,,,,,,,,,,,,,,,,,,,,,,,
training_event,training,4958d349-1ff1-4f6b-8344-fca7d4d717aa,51dc6d3a-b4f8-46f2-8019-ca0b28d2228d,2026-09-06T09:48:05.827000+00:00,keyup,13,,59.7,,,,,,,,,repeated_typing,0,0,,,,,,,,,/app/training,dev_2d73e02d-8068-4917-8e1d-bcd4688456d1,,,,,,,,,,,,,,,,,,,,,,,,,,,,,,,,,,,,,,,,,,,,,,,,,,,,,,,,,,,,,,,,,,
training_event,training,4958d349-1ff1-4f6b-8344-fca7d4d717aa,51dc6d3a-b4f8-46f2-8019-ca0b28d2228d,2026-09-06T09:48:07.308000+00:00,keydown,32, ,,1540.8,,,,,,,,repeated_typing,0,0,,,,,,,,,/app/training,dev_2d73e02d-8068-4917-8e1d-bcd4688456d1,,,,,,,,,,,,,,,,,,,,,,,,,,,,,,,,,,,,,,,,,,,,,,,,,,,,,,,,,,,,,,,,,,
training_event,training,4958d349-1ff1-4f6b-8344-fca7d4d717aa,51dc6d3a-b4f8-46f2-8019-ca0b28d2228d,2026-09-06T09:48:07.387000+00:00,keyup,32,,79.1,,,,,,,,,repeated_typing,0,0,,,,,,,,,/app/training,dev_2d73e02d-8068-4917-8e1d-bcd4688456d1,,,,,,,,,,,,,,,,,,,,,,,,,,,,,,,,,,,,,,,,,,,,,,,,,,,,,,,,,,,,,,,,,,
training_event,training,4958d349-1ff1-4f6b-8344-fca7d4d717aa,51dc6d3a-b4f8-46f2-8019-ca0b28d2228d,2026-09-06T09:48:09.258000+00:00,keydown,13,,,1949.8,,,,,,,,repeated_typing,0,0,,,,,,,,,/app/training,dev_2d73e02d-8068-4917-8e1d-bcd4688456d1,,,,,,,,,,,,,,,,,,,,,,,,,,,,,,,,,,,,,,,,,,,,,,,,,,,,,,,,,,,,,,,,,,
training_event,training,4958d349-1ff1-4f6b-8344-fca7d4d717aa,51dc6d3a-b4f8-46f2-8019-ca0b28d2228d,2026-09-06T09:48:09.372000+00:00,keyup,13,,114.1,,,,,,,,,repeated_typing,0,0,,,,,,,,,/app/training,dev_2d73e02d-8068-4917-8e1d-bcd4688456d1,,,,,,,,,,,,,,,,,,,,,,,,,,,,,,,,,,,,,,,,,,,,,,,,,,,,,,,,,,,,,,,,,,
training_event,training,4958d349-1ff1-4f6b-8344-fca7d4d717aa,51dc6d3a-b4f8-46f2-8019-ca0b28d2228d,2026-09-06T09:48:09.933000+00:00,keydown,13,,,675.6,,,,,,,,repeated_typing,0,0,,,,,,,,,/app/training,dev_2d73e02d-8068-4917-8e1d-bcd4688456d1,,,,,,,,,,,,,,,,,,,,,,,,,,,,,,,,,,,,,,,,,,,,,,,,,,,,,,,,,,,,,,,,,,
training_event,training,4958d349-1ff1-4f6b-8344-fca7d4d717aa,51dc6d3a-b4f8-46f2-8019-ca0b28d2228d,2026-09-06T09:48:10.020000+00:00,keyup,13,,86.4,,,,,,,,,repeated_typing,0,0,,,,,,,,,/app/training,dev_2d73e02d-8068-4917-8e1d-bcd4688456d1,,,,,,,,,,,,,,,,,,,,,,,,,,,,,,,,,,,,,,,,,,,,,,,,,,,,,,,,,,,,,,,,,,
training_event,training,4958d349-1ff1-4f6b-8344-fca7d4d717aa,51dc6d3a-b4f8-46f2-8019-ca0b28d2228d,2026-09-06T09:48:11.711000+00:00,keydown,32, ,,1777.8,,,,,,,,repeated_typing,0,0,,,,,,,,,/app/training,dev_2d73e02d-8068-4917-8e1d-bcd4688456d1,,,,,,,,,,,,,,,,,,,,,,,,,,,,,,,,,,,,,,,,,,,,,,,,,,,,,,,,,,,,,,,,,,
training_event,training,4958d349-1ff1-4f6b-8344-fca7d4d717aa,51dc6d3a-b4f8-46f2-8019-ca0b28d2228d,2026-09-06T09:48:11.860000+00:00,keyup,32,,148.7,,,,,,,,,repeated_typing,0,0,,,,,,,,,/app/training,dev_2d73e02d-8068-4917-8e1d-bcd4688456d1,,,,,,,,,,,,,,,,,,,,,,,,,,,,,,,,,,,,,,,,,,,,,,,,,,,,,,,,,,,,,,,,,,
training_event,training,4958d349-1ff1-4f6b-8344-fca7d4d717aa,51dc6d3a-b4f8-46f2-8019-ca0b28d2228d,2026-09-06T09:48:16.382000+00:00,keydown,8,,,2000.0,,,,,,,,repeated_typing,0,0,,,,,,,,,/app/training,dev_2d73e02d-8068-4917-8e1d-bcd4688456d1,,,,,,,,,,,,,,,,,,,,,,,,,,,,,,,,,,,,,,,,,,,,,,,,,,,,,,,,,,,,,,,,,,
training_event,training,4958d349-1ff1-4f6b-8344-fca7d4d717aa,51dc6d3a-b4f8-46f2-8019-ca0b28d2228d,2026-09-06T09:48:16.474000+00:00,keyup,8,,91.4,,,,,,,,,repeated_typing,0,0,,,,,,,,,/app/training,dev_2d73e02d-8068-4917-8e1d-bcd4688456d1,,,,,,,,,,,,,,,,,,,,,,,,,,,,,,,,,,,,,,,,,,,,,,,,,,,,,,,,,,,,,,,,,,
training_event,training,4958d349-1ff1-4f6b-8344-fca7d4d717aa,51dc6d3a-b4f8-46f2-8019-ca0b28d2228d,2026-09-06T09:48:16.650000+00:00,keydown,8,,,267.7,,,,,,,,repeated_typing,0,0,,,,,,,,,/app/training,dev_2d73e02d-8068-4917-8e1d-bcd4688456d1,,,,,,,,,,,,,,,,,,,,,,,,,,,,,,,,,,,,,,,,,,,,,,,,,,,,,,,,,,,,,,,,,,
training_event,training,4958d349-1ff1-4f6b-8344-fca7d4d717aa,51dc6d3a-b4f8-46f2-8019-ca0b28d2228d,2026-09-06T09:48:16.710000+00:00,keyup,8,,60.0,,,,,,,,,repeated_typing,0,0,,,,,,,,,/app/training,dev_2d73e02d-8068-4917-8e1d-bcd4688456d1,,,,,,,,,,,,,,,,,,,,,,,,,,,,,,,,,,,,,,,,,,,,,,,,,,,,,,,,,,,,,,,,,,
training_event,training,4958d349-1ff1-4f6b-8344-fca7d4d717aa,51dc6d3a-b4f8-46f2-8019-ca0b28d2228d,2026-09-06T09:48:17.394000+00:00,keydown,85,u,,744.2,,,,,,,,repeated_typing,0,0,,,,,,,,,/app/training,dev_2d73e02d-8068-4917-8e1d-bcd4688456d1,,,,,,,,,,,,,,,,,,,,,,,,,,,,,,,,,,,,,,,,,,,,,,,,,,,,,,,,,,,,,,,,,,
training_event,training,4958d349-1ff1-4f6b-8344-fca7d4d717aa,51dc6d3a-b4f8-46f2-8019-ca0b28d2228d,2026-09-06T09:48:17.453000+00:00,keyup,85,,58.4,,,,,,,,,repeated_typing,0,0,,,,,,,,,/app/training,dev_2d73e02d-8068-4917-8e1d-bcd4688456d1,,,,,,,,,,,,,,,,,,,,,,,,,,,,,,,,,,,,,,,,,,,,,,,,,,,,,,,,,,,,,,,,,,
training_event,training,4958d349-1ff1-4f6b-8344-fca7d4d717aa,51dc6d3a-b4f8-46f2-8019-ca0b28d2228d,2026-09-06T09:48:17.627000+00:00,keydown,65,a,,233.2,,,,,,,,repeated_typing,0,0,,,,,,,,,/app/training,dev_2d73e02d-8068-4917-8e1d-bcd4688456d1,,,,,,,,,,,,,,,,,,,,,,,,,,,,,,,,,,,,,,,,,,,,,,,,,,,,,,,,,,,,,,,,,,
training_event,training,4958d349-1ff1-4f6b-8344-fca7d4d717aa,51dc6d3a-b4f8-46f2-8019-ca0b28d2228d,2026-09-06T09:48:17.738000+00:00,keyup,65,,110.1,,,,,,,,,repeated_typing,0,0,,,,,,,,,/app/training,dev_2d73e02d-8068-4917-8e1d-bcd4688456d1,,,,,,,,,,,,,,,,,,,,,,,,,,,,,,,,,,,,,,,,,,,,,,,,,,,,,,,,,,,,,,,,,,
training_event,training,4958d349-1ff1-4f6b-8344-fca7d4d717aa,51dc6d3a-b4f8-46f2-8019-ca0b28d2228d,2026-09-06T09:48:18.154000+00:00,keydown,37,,,526.9,,,,,,,,repeated_typing,0,0,,,,,,,,,/app/training,dev_2d73e02d-8068-4917-8e1d-bcd4688456d1,,,,,,,,,,,,,,,,,,,,,,,,,,,,,,,,,,,,,,,,,,,,,,,,,,,,,,,,,,,,,,,,,,
training_event,training,4958d349-1ff1-4f6b-8344-fca7d4d717aa,51dc6d3a-b4f8-46f2-8019-ca0b28d2228d,2026-09-06T09:48:18.205000+00:00,keyup,37,,50.9,,,,,,,,,repeated_typing,0,0,,,,,,,,,/app/training,dev_2d73e02d-8068-4917-8e1d-bcd4688456d1,,,,,,,,,,,,,,,,,,,,,,,,,,,,,,,,,,,,,,,,,,,,,,,,,,,,,,,,,,,,,,,,,,
training_event,training,4958d349-1ff1-4f6b-8344-fca7d4d717aa,51dc6d3a-b4f8-46f2-8019-ca0b28d2228d,2026-09-06T09:48:18.338000+00:00,keydown,37,,,184.0,,,,,,,,repeated_typing,0,0,,,,,,,,,/app/training,dev_2d73e02d-8068-4917-8e1d-bcd4688456d1,,,,,,,,,,,,,,,,,,,,,,,,,,,,,,,,,,,,,,,,,,,,,,,,,,,,,,,,,,,,,,,,,,
training_event,training,4958d349-1ff1-4f6b-8344-fca7d4d717aa,51dc6d3a-b4f8-46f2-8019-ca0b28d2228d,2026-09-06T09:48:18.399000+00:00,keyup,37,,60.2,,,,,,,,,repeated_typing,0,0,,,,,,,,,/app/training,dev_2d73e02d-8068-4917-8e1d-bcd4688456d1,,,,,,,,,,,,,,,,,,,,,,,,,,,,,,,,,,,,,,,,,,,,,,,,,,,,,,,,,,,,,,,,,,
training_event,training,4958d349-1ff1-4f6b-8344-fca7d4d717aa,51dc6d3a-b4f8-46f2-8019-ca0b28d2228d,2026-09-06T09:48:18.521000+00:00,keydown,37,,,182.7,,,,,,,,repeated_typing,0,0,,,,,,,,,/app/training,dev_2d73e02d-8068-4917-8e1d-bcd4688456d1,,,,,,,,,,,,,,,,,,,,,,,,,,,,,,,,,,,,,,,,,,,,,,,,,,,,,,,,,,,,,,,,,,
training_event,training,4958d349-1ff1-4f6b-8344-fca7d4d717aa,51dc6d3a-b4f8-46f2-8019-ca0b28d2228d,2026-09-06T09:48:18.624000+00:00,keyup,37,,102.6,,,,,,,,,repeated_typing,0,0,,,,,,,,,/app/training,dev_2d73e02d-8068-4917-8e1d-bcd4688456d1,,,,,,,,,,,,,,,,,,,,,,,,,,,,,,,,,,,,,,,,,,,,,,,,,,,,,,,,,,,,,,,,,,
training_event,training,4958d349-1ff1-4f6b-8344-fca7d4d717aa,51dc6d3a-b4f8-46f2-8019-ca0b28d2228d,2026-09-06T09:48:18.954000+00:00,keydown,8,,,432.7,,,,,,,,repeated_typing,0,0,,,,,,,,,/app/training,dev_2d73e02d-8068-4917-8e1d-bcd4688456d1,,,,,,,,,,,,,,,,,,,,,,,,,,,,,,,,,,,,,,,,,,,,,,,,,,,,,,,,,,,,,,,,,,
training_event,training,4958d349-1ff1-4f6b-8344-fca7d4d717aa,51dc6d3a-b4f8-46f2-8019-ca0b28d2228d,2026-09-06T09:48:19.021000+00:00,keyup,8,,66.9,,,,,,,,,repeated_typing,0,0,,,,,,,,,/app/training,dev_2d73e02d-8068-4917-8e1d-bcd4688456d1,,,,,,,,,,,,,,,,,,,,,,,,,,,,,,,,,,,,,,,,,,,,,,,,,,,,,,,,,,,,,,,,,,
training_event,training,4958d349-1ff1-4f6b-8344-fca7d4d717aa,51dc6d3a-b4f8-46f2-8019-ca0b28d2228d,2026-09-06T09:48:21.070000+00:00,keydown,8,,,2000.0,,,,,,,,repeated_typing,0,0,,,,,,,,,/app/training,dev_2d73e02d-8068-4917-8e1d-bcd4688456d1,,,,,,,,,,,,,,,,,,,,,,,,,,,,,,,,,,,,,,,,,,,,,,,,,,,,,,,,,,,,,,,,,,
training_event,training,4958d349-1ff1-4f6b-8344-fca7d4d717aa,58d1a900-fdb6-45f8-86b3-010fd2174352,2026-09-06T09:48:26.575000+00:00,keydown,65,A,,,,,,,,,,repeated_typing,0,1,,,,,,,,,/app/training,dev_2d73e02d-8068-4917-8e1d-bcd4688456d1,,,,,,,,,,,,,,,,,,,,,,,,,,,,,,,,,,,,,,,,,,,,,,,,,,,,,,,,,,,,,,,,,,
training_event,training,4958d349-1ff1-4f6b-8344-fca7d4d717aa,58d1a900-fdb6-45f8-86b3-010fd2174352,2026-09-06T09:48:26.686000+00:00,keyup,65,,111.4,,,,,,,,,repeated_typing,0,1,,,,,,,,,/app/training,dev_2d73e02d-8068-4917-8e1d-bcd4688456d1,,,,,,,,,,,,,,,,,,,,,,,,,,,,,,,,,,,,,,,,,,,,,,,,,,,,,,,,,,,,,,,,,,
training_event,training,4958d349-1ff1-4f6b-8344-fca7d4d717aa,58d1a900-fdb6-45f8-86b3-010fd2174352,2026-09-06T09:48:26.901000+00:00,keydown,68,d,,326.3,,,,,,,,repeated_typing,0,1,,,,,,,,,/app/training,dev_2d73e02d-8068-4917-8e1d-bcd4688456d1,,,,,,,,,,,,,,,,,,,,,,,,,,,,,,,,,,,,,,,,,,,,,,,,,,,,,,,,,,,,,,,,,,
training_event,training,4958d349-1ff1-4f6b-8344-fca7d4d717aa,58d1a900-fdb6-45f8-86b3-010fd2174352,2026-09-06T09:48:27+00:00,keyup,68,,99.4,,,,,,,,,repeated_typing,0,1,,,,,,,,,/app/training,dev_2d73e02d-8068-4917-8e1d-bcd4688456d1,,,,,,,,,,,,,,,,,,,,,,,,,,,,,,,,,,,,,,,,,,,,,,,,,,,,,,,,,,,,,,,,,,
training_event,training,4958d349-1ff1-4f6b-8344-fca7d4d717aa,58d1a900-fdb6-45f8-86b3-010fd2174352,2026-09-06T09:48:27.161000+00:00,keydown,65,a,,259.7,,,,,,,,repeated_typing,0,1,,,,,,,,,/app/training,dev_2d73e02d-8068-4917-8e1d-bcd4688456d1,,,,,,,,,,,,,,,,,,,,,,,,,,,,,,,,,,,,,,,,,,,,,,,,,,,,,,,,,,,,,,,,,,
training_event,training,4958d349-1ff1-4f6b-8344-fca7d4d717aa,58d1a900-fdb6-45f8-86b3-010fd2174352,2026-09-06T09:48:27.301000+00:00,keyup,65,,140.9,,,,,,,,,repeated_typing,0,1,,,,,,,,,/app/training,dev_2d73e02d-8068-4917-8e1d-bcd4688456d1,,,,,,,,,,,,,,,,,,,,,,,,,,,,,,,,,,,,,,,,,,,,,,,,,,,,,,,,,,,,,,,,,,
training_event,training,4958d349-1ff1-4f6b-8344-fca7d4d717aa,58d1a900-fdb6-45f8-86b3-010fd2174352,2026-09-06T09:48:27.390000+00:00,keydown,80,p,,229.7,,,,,,,,repeated_typing,0,1,,,,,,,,,/app/training,dev_2d73e02d-8068-4917-8e1d-bcd4688456d1,,,,,,,,,,,,,,,,,,,,,,,,,,,,,,,,,,,,,,,,,,,,,,,,,,,,,,,,,,,,,,,,,,
training_event,training,4958d349-1ff1-4f6b-8344-fca7d4d717aa,58d1a900-fdb6-45f8-86b3-010fd2174352,2026-09-06T09:48:27.470000+00:00,keyup,80,,79.3,,,,,,,,,repeated_typing,0,1,,,,,,,,,/app/training,dev_2d73e02d-8068-4917-8e1d-bcd4688456d1,,,,,,,,,,,,,,,,,,,,,,,,,,,,,,,,,,,,,,,,,,,,,,,,,,,,,,,,,,,,,,,,,,
training_event,training,4958d349-1ff1-4f6b-8344-fca7d4d717aa,58d1a900-fdb6-45f8-86b3-010fd2174352,2026-09-06T09:48:27.671000+00:00,keydown,84,t,,280.2,,,,,,,,repeated_typing,0,1,,,,,,,,,/app/training,dev_2d73e02d-8068-4917-8e1d-bcd4688456d1,,,,,,,,,,,,,,,,,,,,,,,,,,,,,,,,,,,,,,,,,,,,,,,,,,,,,,,,,,,,,,,,,,
training_event,training,4958d349-1ff1-4f6b-8344-fca7d4d717aa,58d1a900-fdb6-45f8-86b3-010fd2174352,2026-09-06T09:48:27.757000+00:00,keyup,84,,86.5,,,,,,,,,repeated_typing,0,1,,,,,,,,,/app/training,dev_2d73e02d-8068-4917-8e1d-bcd4688456d1,,,,,,,,,,,,,,,,,,,,,,,,,,,,,,,,,,,,,,,,,,,,,,,,,,,,,,,,,,,,,,,,,,
training_event,training,4958d349-1ff1-4f6b-8344-fca7d4d717aa,58d1a900-fdb6-45f8-86b3-010fd2174352,2026-09-06T09:48:27.822000+00:00,keydown,73,i,,151.5,,,,,,,,repeated_typing,0,1,,,,,,,,,/app/training,dev_2d73e02d-8068-4917-8e1d-bcd4688456d1,,,,,,,,,,,,,,,,,,,,,,,,,,,,,,,,,,,,,,,,,,,,,,,,,,,,,,,,,,,,,,,,,,
training_event,training,4958d349-1ff1-4f6b-8344-fca7d4d717aa,58d1a900-fdb6-45f8-86b3-010fd2174352,2026-09-06T09:48:27.905000+00:00,keyup,73,,83.2,,,,,,,,,repeated_typing,0,1,,,,,,,,,/app/training,dev_2d73e02d-8068-4917-8e1d-bcd4688456d1,,,,,,,,,,,,,,,,,,,,,,,,,,,,,,,,,,,,,,,,,,,,,,,,,,,,,,,,,,,,,,,,,,
training_event,training,4958d349-1ff1-4f6b-8344-fca7d4d717aa,58d1a900-fdb6-45f8-86b3-010fd2174352,2026-09-06T09:48:28.144000+00:00,keydown,86,v,,322.4,,,,,,,,repeated_typing,0,1,,,,,,,,,/app/training,dev_2d73e02d-8068-4917-8e1d-bcd4688456d1,,,,,,,,,,,,,,,,,,,,,,,,,,,,,,,,,,,,,,,,,,,,,,,,,,,,,,,,,,,,,,,,,,
training_event,training,4958d349-1ff1-4f6b-8344-fca7d4d717aa,58d1a900-fdb6-45f8-86b3-010fd2174352,2026-09-06T09:48:28.239000+00:00,keyup,86,,94.2,,,,,,,,,repeated_typing,0,1,,,,,,,,,/app/training,dev_2d73e02d-8068-4917-8e1d-bcd4688456d1,,,,,,,,,,,,,,,,,,,,,,,,,,,,,,,,,,,,,,,,,,,,,,,,,,,,,,,,,,,,,,,,,,
training_event,training,4958d349-1ff1-4f6b-8344-fca7d4d717aa,58d1a900-fdb6-45f8-86b3-010fd2174352,2026-09-06T09:48:28.337000+00:00,keydown,69,e,,192.9,,,,,,,,repeated_typing,0,1,,,,,,,,,/app/training,dev_2d73e02d-8068-4917-8e1d-bcd4688456d1,,,,,,,,,,,,,,,,,,,,,,,,,,,,,,,,,,,,,,,,,,,,,,,,,,,,,,,,,,,,,,,,,,
training_event,training,4958d349-1ff1-4f6b-8344-fca7d4d717aa,58d1a900-fdb6-45f8-86b3-010fd2174352,2026-09-06T09:48:28.473000+00:00,keyup,69,,136.3,,,,,,,,,repeated_typing,0,1,,,,,,,,,/app/training,dev_2d73e02d-8068-4917-8e1d-bcd4688456d1,,,,,,,,,,,,,,,,,,,,,,,,,,,,,,,,,,,,,,,,,,,,,,,,,,,,,,,,,,,,,,,,,,
training_event,training,4958d349-1ff1-4f6b-8344-fca7d4d717aa,58d1a900-fdb6-45f8-86b3-010fd2174352,2026-09-06T09:48:29.356000+00:00,keydown,72,H,,1018.7,,,,,,,,repeated_typing,0,1,,,,,,,,,/app/training,dev_2d73e02d-8068-4917-8e1d-bcd4688456d1,,,,,,,,,,,,,,,,,,,,,,,,,,,,,,,,,,,,,,,,,,,,,,,,,,,,,,,,,,,,,,,,,,
training_event,training,4958d349-1ff1-4f6b-8344-fca7d4d717aa,58d1a900-fdb6-45f8-86b3-010fd2174352,2026-09-06T09:48:29.450000+00:00,keyup,72,,93.5,,,,,,,,,repeated_typing,0,1,,,,,,,,,/app/training,dev_2d73e02d-8068-4917-8e1d-bcd4688456d1,,,,,,,,,,,,,,,,,,,,,,,,,,,,,,,,,,,,,,,,,,,,,,,,,,,,,,,,,,,,,,,,,,
training_event,training,4958d349-1ff1-4f6b-8344-fca7d4d717aa,58d1a900-fdb6-45f8-86b3-010fd2174352,2026-09-06T09:48:30.454000+00:00,keydown,8,,,1097.8,,,,,,,,repeated_typing,0,1,,,,,,,,,/app/training,dev_2d73e02d-8068-4917-8e1d-bcd4688456d1,,,,,,,,,,,,,,,,,,,,,,,,,,,,,,,,,,,,,,,,,,,,,,,,,,,,,,,,,,,,,,,,,,
training_event,training,4958d349-1ff1-4f6b-8344-fca7d4d717aa,58d1a900-fdb6-45f8-86b3-010fd2174352,2026-09-06T09:48:30.554000+00:00,keyup,8,,99.8,,,,,,,,,repeated_typing,0,1,,,,,,,,,/app/training,dev_2d73e02d-8068-4917-8e1d-bcd4688456d1,,,,,,,,,,,,,,,,,,,,,,,,,,,,,,,,,,,,,,,,,,,,,,,,,,,,,,,,,,,,,,,,,,
training_event,training,4958d349-1ff1-4f6b-8344-fca7d4d717aa,58d1a900-fdb6-45f8-86b3-010fd2174352,2026-09-06T09:48:30.872000+00:00,keydown,71,G,,418.2,,,,,,,,repeated_typing,0,1,,,,,,,,,/app/training,dev_2d73e02d-8068-4917-8e1d-bcd4688456d1,,,,,,,,,,,,,,,,,,,,,,,,,,,,,,,,,,,,,,,,,,,,,,,,,,,,,,,,,,,,,,,,,,
training_event,training,4958d349-1ff1-4f6b-8344-fca7d4d717aa,58d1a900-fdb6-45f8-86b3-010fd2174352,2026-09-06T09:48:30.953000+00:00,keyup,71,,80.7,,,,,,,,,repeated_typing,0,1,,,,,,,,,/app/training,dev_2d73e02d-8068-4917-8e1d-bcd4688456d1,,,,,,,,,,,,,,,,,,,,,,,,,,,,,,,,,,,,,,,,,,,,,,,,,,,,,,,,,,,,,,,,,,
training_event,training,4958d349-1ff1-4f6b-8344-fca7d4d717aa,58d1a900-fdb6-45f8-86b3-010fd2174352,2026-09-06T09:48:31.216000+00:00,keydown,85,u,,343.8,,,,,,,,repeated_typing,0,1,,,,,,,,,/app/training,dev_2d73e02d-8068-4917-8e1d-bcd4688456d1,,,,,,,,,,,,,,,,,,,,,,,,,,,,,,,,,,,,,,,,,,,,,,,,,,,,,,,,,,,,,,,,,,
training_event,training,4958d349-1ff1-4f6b-8344-fca7d4d717aa,58d1a900-fdb6-45f8-86b3-010fd2174352,2026-09-06T09:48:31.290000+00:00,keyup,85,,74.5,,,,,,,,,repeated_typing,0,1,,,,,,,,,/app/training,dev_2d73e02d-8068-4917-8e1d-bcd4688456d1,,,,,,,,,,,,,,,,,,,,,,,,,,,,,,,,,,,,,,,,,,,,,,,,,,,,,,,,,,,,,,,,,,
training_event,training,4958d349-1ff1-4f6b-8344-fca7d4d717aa,58d1a900-fdb6-45f8-86b3-010fd2174352,2026-09-06T09:48:32.319000+00:00,keydown,65,a,,1102.8,,,,,,,,repeated_typing,0,1,,,,,,,,,/app/training,dev_2d73e02d-8068-4917-8e1d-bcd4688456d1,,,,,,,,,,,,,,,,,,,,,,,,,,,,,,,,,,,,,,,,,,,,,,,,,,,,,,,,,,,,,,,,,,
training_event,training,4958d349-1ff1-4f6b-8344-fca7d4d717aa,58d1a900-fdb6-45f8-86b3-010fd2174352,2026-09-06T09:48:32.404000+00:00,keyup,65,,85.2,,,,,,,,,repeated_typing,0,1,,,,,,,,,/app/training,dev_2d73e02d-8068-4917-8e1d-bcd4688456d1,,,,,,,,,,,,,,,,,,,,,,,,,,,,,,,,,,,,,,,,,,,,,,,,,,,,,,,,,,,,,,,,,,
training_event,training,4958d349-1ff1-4f6b-8344-fca7d4d717aa,58d1a900-fdb6-45f8-86b3-010fd2174352,2026-09-06T09:48:32.604000+00:00,keydown,82,r,,285.5,,,,,,,,repeated_typing,0,1,,,,,,,,,/app/training,dev_2d73e02d-8068-4917-8e1d-bcd4688456d1,,,,,,,,,,,,,,,,,,,,,,,,,,,,,,,,,,,,,,,,,,,,,,,,,,,,,,,,,,,,,,,,,,
training_event,training,4958d349-1ff1-4f6b-8344-fca7d4d717aa,58d1a900-fdb6-45f8-86b3-010fd2174352,2026-09-06T09:48:32.686000+00:00,keyup,82,,82.0,,,,,,,,,repeated_typing,0,1,,,,,,,,,/app/training,dev_2d73e02d-8068-4917-8e1d-bcd4688456d1,,,,,,,,,,,,,,,,,,,,,,,,,,,,,,,,,,,,,,,,,,,,,,,,,,,,,,,,,,,,,,,,,,
training_event,training,4958d349-1ff1-4f6b-8344-fca7d4d717aa,58d1a900-fdb6-45f8-86b3-010fd2174352,2026-09-06T09:48:32.871000+00:00,keydown,68,d,,267.2,,,,,,,,repeated_typing,0,1,,,,,,,,,/app/training,dev_2d73e02d-8068-4917-8e1d-bcd4688456d1,,,,,,,,,,,,,,,,,,,,,,,,,,,,,,,,,,,,,,,,,,,,,,,,,,,,,,,,,,,,,,,,,,
training_event,training,4958d349-1ff1-4f6b-8344-fca7d4d717aa,58d1a900-fdb6-45f8-86b3-010fd2174352,2026-09-06T09:48:32.960000+00:00,keyup,68,,89.2,,,,,,,,,repeated_typing,0,1,,,,,,,,,/app/training,dev_2d73e02d-8068-4917-8e1d-bcd4688456d1,,,,,,,,,,,,,,,,,,,,,,,,,,,,,,,,,,,,,,,,,,,,,,,,,,,,,,,,,,,,,,,,,,
training_event,training,4958d349-1ff1-4f6b-8344-fca7d4d717aa,58d1a900-fdb6-45f8-86b3-010fd2174352,2026-09-06T09:48:33.017000+00:00,keydown,73,i,,145.4,,,,,,,,repeated_typing,0,1,,,,,,,,,/app/training,dev_2d73e02d-8068-4917-8e1d-bcd4688456d1,,,,,,,,,,,,,,,,,,,,,,,,,,,,,,,,,,,,,,,,,,,,,,,,,,,,,,,,,,,,,,,,,,
training_event,training,4958d349-1ff1-4f6b-8344-fca7d4d717aa,58d1a900-fdb6-45f8-86b3-010fd2174352,2026-09-06T09:48:33.086000+00:00,keyup,73,,69.5,,,,,,,,,repeated_typing,0,1,,,,,,,,,/app/training,dev_2d73e02d-8068-4917-8e1d-bcd4688456d1,,,,,,,,,,,,,,,,,,,,,,,,,,,,,,,,,,,,,,,,,,,,,,,,,,,,,,,,,,,,,,,,,,
training_event,training,4958d349-1ff1-4f6b-8344-fca7d4d717aa,58d1a900-fdb6-45f8-86b3-010fd2174352,2026-09-06T09:48:33.338000+00:00,keydown,78,n,,321.6,,,,,,,,repeated_typing,0,1,,,,,,,,,/app/training,dev_2d73e02d-8068-4917-8e1d-bcd4688456d1,,,,,,,,,,,,,,,,,,,,,,,,,,,,,,,,,,,,,,,,,,,,,,,,,,,,,,,,,,,,,,,,,,
training_event,training,4958d349-1ff1-4f6b-8344-fca7d4d717aa,58d1a900-fdb6-45f8-86b3-010fd2174352,2026-09-06T09:48:33.402000+00:00,keyup,78,,63.7,,,,,,,,,repeated_typing,0,1,,,,,,,,,/app/training,dev_2d73e02d-8068-4917-8e1d-bcd4688456d1,,,,,,,,,,,,,,,,,,,,,,,,,,,,,,,,,,,,,,,,,,,,,,,,,,,,,,,,,,,,,,,,,,
training_event,training,4958d349-1ff1-4f6b-8344-fca7d4d717aa,58d1a900-fdb6-45f8-86b3-010fd2174352,2026-09-06T09:48:33.766000+00:00,keydown,8,,,428.1,,,,,,,,repeated_typing,0,1,,,,,,,,,/app/training,dev_2d73e02d-8068-4917-8e1d-bcd4688456d1,,,,,,,,,,,,,,,,,,,,,,,,,,,,,,,,,,,,,,,,,,,,,,,,,,,,,,,,,,,,,,,,,,
training_event,training,4958d349-1ff1-4f6b-8344-fca7d4d717aa,58d1a900-fdb6-45f8-86b3-010fd2174352,2026-09-06T09:48:33.903000+00:00,keyup,8,,136.5,,,,,,,,,repeated_typing,0,1,,,,,,,,,/app/training,dev_2d73e02d-8068-4917-8e1d-bcd4688456d1,,,,,,,,,,,,,,,,,,,,,,,,,,,,,,,,,,,,,,,,,,,,,,,,,,,,,,,,,,,,,,,,,,
training_event,training,4958d349-1ff1-4f6b-8344-fca7d4d717aa,58d1a900-fdb6-45f8-86b3-010fd2174352,2026-09-06T09:48:34.155000+00:00,keydown,65,a,,388.4,,,,,,,,repeated_typing,0,1,,,,,,,,,/app/training,dev_2d73e02d-8068-4917-8e1d-bcd4688456d1,,,,,,,,,,,,,,,,,,,,,,,,,,,,,,,,,,,,,,,,,,,,,,,,,,,,,,,,,,,,,,,,,,
training_event,training,4958d349-1ff1-4f6b-8344-fca7d4d717aa,58d1a900-fdb6-45f8-86b3-010fd2174352,2026-09-06T09:48:34.252000+00:00,keyup,65,,97.7,,,,,,,,,repeated_typing,0,1,,,,,,,,,/app/training,dev_2d73e02d-8068-4917-8e1d-bcd4688456d1,,,,,,,,,,,,,,,,,,,,,,,,,,,,,,,,,,,,,,,,,,,,,,,,,,,,,,,,,,,,,,,,,,
training_event,training,4958d349-1ff1-4f6b-8344-fca7d4d717aa,58d1a900-fdb6-45f8-86b3-010fd2174352,2026-09-06T09:48:34.277000+00:00,keydown,78,n,,122.6,,,,,,,,repeated_typing,0,1,,,,,,,,,/app/training,dev_2d73e02d-8068-4917-8e1d-bcd4688456d1,,,,,,,,,,,,,,,,,,,,,,,,,,,,,,,,,,,,,,,,,,,,,,,,,,,,,,,,,,,,,,,,,,
training_event,training,4958d349-1ff1-4f6b-8344-fca7d4d717aa,58d1a900-fdb6-45f8-86b3-010fd2174352,2026-09-06T09:48:34.331000+00:00,keyup,78,,53.5,,,,,,,,,repeated_typing,0,1,,,,,,,,,/app/training,dev_2d73e02d-8068-4917-8e1d-bcd4688456d1,,,,,,,,,,,,,,,,,,,,,,,,,,,,,,,,,,,,,,,,,,,,,,,,,,,,,,,,,,,,,,,,,,
training_event,training,4958d349-1ff1-4f6b-8344-fca7d4d717aa,58d1a900-fdb6-45f8-86b3-010fd2174352,2026-09-06T09:48:34.533000+00:00,keydown,32, ,,255.2,,,,,,,,repeated_typing,0,1,,,,,,,,,/app/training,dev_2d73e02d-8068-4917-8e1d-bcd4688456d1,,,,,,,,,,,,,,,,,,,,,,,,,,,,,,,,,,,,,,,,,,,,,,,,,,,,,,,,,,,,,,,,,,
training_event,training,4958d349-1ff1-4f6b-8344-fca7d4d717aa,58d1a900-fdb6-45f8-86b3-010fd2174352,2026-09-06T09:48:34.582000+00:00,keyup,32,,49.0,,,,,,,,,repeated_typing,0,1,,,,,,,,,/app/training,dev_2d73e02d-8068-4917-8e1d-bcd4688456d1,,,,,,,,,,,,,,,,,,,,,,,,,,,,,,,,,,,,,,,,,,,,,,,,,,,,,,,,,,,,,,,,,,
training_event,training,4958d349-1ff1-4f6b-8344-fca7d4d717aa,58d1a900-fdb6-45f8-86b3-010fd2174352,2026-09-06T09:48:35.204000+00:00,keydown,66,B,,671.8,,,,,,,,repeated_typing,0,1,,,,,,,,,/app/training,dev_2d73e02d-8068-4917-8e1d-bcd4688456d1,,,,,,,,,,,,,,,,,,,,,,,,,,,,,,,,,,,,,,,,,,,,,,,,,,,,,,,,,,,,,,,,,,
training_event,training,4958d349-1ff1-4f6b-8344-fca7d4d717aa,58d1a900-fdb6-45f8-86b3-010fd2174352,2026-09-06T09:48:35.254000+00:00,keyup,66,,49.3,,,,,,,,,repeated_typing,0,1,,,,,,,,,/app/training,dev_2d73e02d-8068-4917-8e1d-bcd4688456d1,,,,,,,,,,,,,,,,,,,,,,,,,,,,,,,,,,,,,,,,,,,,,,,,,,,,,,,,,,,,,,,,,,
training_event,training,4958d349-1ff1-4f6b-8344-fca7d4d717aa,58d1a900-fdb6-45f8-86b3-010fd2174352,2026-09-06T09:48:35.344000+00:00,keydown,65,a,,140.0,,,,,,,,repeated_typing,0,1,,,,,,,,,/app/training,dev_2d73e02d-8068-4917-8e1d-bcd4688456d1,,,,,,,,,,,,,,,,,,,,,,,,,,,,,,,,,,,,,,,,,,,,,,,,,,,,,,,,,,,,,,,,,,
training_event,training,4958d349-1ff1-4f6b-8344-fca7d4d717aa,58d1a900-fdb6-45f8-86b3-010fd2174352,2026-09-06T09:48:35.467000+00:00,keyup,65,,122.3,,,,,,,,,repeated_typing,0,1,,,,,,,,,/app/training,dev_2d73e02d-8068-4917-8e1d-bcd4688456d1,,,,,,,,,,,,,,,,,,,,,,,,,,,,,,,,,,,,,,,,,,,,,,,,,,,,,,,,,,,,,,,,,,
training_event,training,4958d349-1ff1-4f6b-8344-fca7d4d717aa,58d1a900-fdb6-45f8-86b3-010fd2174352,2026-09-06T09:48:35.494000+00:00,keydown,78,n,,150.0,,,,,,,,repeated_typing,0,1,,,,,,,,,/app/training,dev_2d73e02d-8068-4917-8e1d-bcd4688456d1,,,,,,,,,,,,,,,,,,,,,,,,,,,,,,,,,,,,,,,,,,,,,,,,,,,,,,,,,,,,,,,,,,
training_event,training,4958d349-1ff1-4f6b-8344-fca7d4d717aa,58d1a900-fdb6-45f8-86b3-010fd2174352,2026-09-06T09:48:35.549000+00:00,keyup,78,,55.0,,,,,,,,,repeated_typing,0,1,,,,,,,,,/app/training,dev_2d73e02d-8068-4917-8e1d-bcd4688456d1,,,,,,,,,,,,,,,,,,,,,,,,,,,,,,,,,,,,,,,,,,,,,,,,,,,,,,,,,,,,,,,,,,
training_event,training,4958d349-1ff1-4f6b-8344-fca7d4d717aa,58d1a900-fdb6-45f8-86b3-010fd2174352,2026-09-06T09:48:35.744000+00:00,keydown,75,k,,250.2,,,,,,,,repeated_typing,0,1,,,,,,,,,/app/training,dev_2d73e02d-8068-4917-8e1d-bcd4688456d1,,,,,,,,,,,,,,,,,,,,,,,,,,,,,,,,,,,,,,,,,,,,,,,,,,,,,,,,,,,,,,,,,,
training_event,training,4958d349-1ff1-4f6b-8344-fca7d4d717aa,58d1a900-fdb6-45f8-86b3-010fd2174352,2026-09-06T09:48:35.803000+00:00,keyup,75,,58.2,,,,,,,,,repeated_typing,0,1,,,,,,,,,/app/training,dev_2d73e02d-8068-4917-8e1d-bcd4688456d1,,,,,,,,,,,,,,,,,,,,,,,,,,,,,,,,,,,,,,,,,,,,,,,,,,,,,,,,,,,,,,,,,,
training_event,training,4958d349-1ff1-4f6b-8344-fca7d4d717aa,58d1a900-fdb6-45f8-86b3-010fd2174352,2026-09-06T09:48:35.917000+00:00,keydown,73,i,,172.3,,,,,,,,repeated_typing,0,1,,,,,,,,,/app/training,dev_2d73e02d-8068-4917-8e1d-bcd4688456d1,,,,,,,,,,,,,,,,,,,,,,,,,,,,,,,,,,,,,,,,,,,,,,,,,,,,,,,,,,,,,,,,,,
training_event,training,4958d349-1ff1-4f6b-8344-fca7d4d717aa,58d1a900-fdb6-45f8-86b3-010fd2174352,2026-09-06T09:48:35.969000+00:00,keyup,73,,52.0,,,,,,,,,repeated_typing,0,1,,,,,,,,,/app/training,dev_2d73e02d-8068-4917-8e1d-bcd4688456d1,,,,,,,,,,,,,,,,,,,,,,,,,,,,,,,,,,,,,,,,,,,,,,,,,,,,,,,,,,,,,,,,,,
training_event,training,4958d349-1ff1-4f6b-8344-fca7d4d717aa,58d1a900-fdb6-45f8-86b3-010fd2174352,2026-09-06T09:48:36.154000+00:00,keydown,78,n,,237.4,,,,,,,,repeated_typing,0,1,,,,,,,,,/app/training,dev_2d73e02d-8068-4917-8e1d-bcd4688456d1,,,,,,,,,,,,,,,,,,,,,,,,,,,,,,,,,,,,,,,,,,,,,,,,,,,,,,,,,,,,,,,,,,
training_event,training,4958d349-1ff1-4f6b-8344-fca7d4d717aa,58d1a900-fdb6-45f8-86b3-010fd2174352,2026-09-06T09:48:36.227000+00:00,keyup,78,,72.6,,,,,,,,,repeated_typing,0,1,,,,,,,,,/app/training,dev_2d73e02d-8068-4917-8e1d-bcd4688456d1,,,,,,,,,,,,,,,,,,,,,,,,,,,,,,,,,,,,,,,,,,,,,,,,,,,,,,,,,,,,,,,,,,
training_event,training,4958d349-1ff1-4f6b-8344-fca7d4d717aa,58d1a900-fdb6-45f8-86b3-010fd2174352,2026-09-06T09:48:36.878000+00:00,keydown,71,g,,723.6,,,,,,,,repeated_typing,0,1,,,,,,,,,/app/training,dev_2d73e02d-8068-4917-8e1d-bcd4688456d1,,,,,,,,,,,,,,,,,,,,,,,,,,,,,,,,,,,,,,,,,,,,,,,,,,,,,,,,,,,,,,,,,,
training_event,training,4958d349-1ff1-4f6b-8344-fca7d4d717aa,58d1a900-fdb6-45f8-86b3-010fd2174352,2026-09-06T09:48:37.022000+00:00,keydown,32, ,,144.3,,,,,,,,repeated_typing,0,1,,,,,,,,,/app/training,dev_2d73e02d-8068-4917-8e1d-bcd4688456d1,,,,,,,,,,,,,,,,,,,,,,,,,,,,,,,,,,,,,,,,,,,,,,,,,,,,,,,,,,,,,,,,,,
training_event,training,4958d349-1ff1-4f6b-8344-fca7d4d717aa,58d1a900-fdb6-45f8-86b3-010fd2174352,2026-09-06T09:48:37.069000+00:00,keyup,71,,191.5,,,,,,,,,repeated_typing,0,1,,,,,,,,,/app/training,dev_2d73e02d-8068-4917-8e1d-bcd4688456d1,,,,,,,,,,,,,,,,,,,,,,,,,,,,,,,,,,,,,,,,,,,,,,,,,,,,,,,,,,,,,,,,,,
training_event,training,4958d349-1ff1-4f6b-8344-fca7d4d717aa,58d1a900-fdb6-45f8-86b3-010fd2174352,2026-09-06T09:48:37.169000+00:00,keyup,32,,147.2,,,,,,,,,repeated_typing,0,1,,,,,,,,,/app/training,dev_2d73e02d-8068-4917-8e1d-bcd4688456d1,,,,,,,,,,,,,,,,,,,,,,,,,,,,,,,,,,,,,,,,,,,,,,,,,,,,,,,,,,,,,,,,,,
training_event,training,4958d349-1ff1-4f6b-8344-fca7d4d717aa,58d1a900-fdb6-45f8-86b3-010fd2174352,2026-09-06T09:48:37.638000+00:00,keydown,83,S,,615.4,,,,,,,,repeated_typing,0,1,,,,,,,,,/app/training,dev_2d73e02d-8068-4917-8e1d-bcd4688456d1,,,,,,,,,,,,,,,,,,,,,,,,,,,,,,,,,,,,,,,,,,,,,,,,,,,,,,,,,,,,,,,,,,
training_event,training,4958d349-1ff1-4f6b-8344-fca7d4d717aa,58d1a900-fdb6-45f8-86b3-010fd2174352,2026-09-06T09:48:37.717000+00:00,keyup,83,,79.1,,,,,,,,,repeated_typing,0,1,,,,,,,,,/app/training,dev_2d73e02d-8068-4917-8e1d-bcd4688456d1,,,,,,,,,,,,,,,,,,,,,,,,,,,,,,,,,,,,,,,,,,,,,,,,,,,,,,,,,,,,,,,,,,
training_event,training,4958d349-1ff1-4f6b-8344-fca7d4d717aa,58d1a900-fdb6-45f8-86b3-010fd2174352,2026-09-06T09:48:37.854000+00:00,keydown,69,e,,216.7,,,,,,,,repeated_typing,0,1,,,,,,,,,/app/training,dev_2d73e02d-8068-4917-8e1d-bcd4688456d1,,,,,,,,,,,,,,,,,,,,,,,,,,,,,,,,,,,,,,,,,,,,,,,,,,,,,,,,,,,,,,,,,,
training_event,training,4958d349-1ff1-4f6b-8344-fca7d4d717aa,58d1a900-fdb6-45f8-86b3-010fd2174352,2026-09-06T09:48:37.924000+00:00,keyup,69,,69.8,,,,,,,,,repeated_typing,0,1,,,,,,,,,/app/training,dev_2d73e02d-8068-4917-8e1d-bcd4688456d1,,,,,,,,,,,,,,,,,,,,,,,,,,,,,,,,,,,,,,,,,,,,,,,,,,,,,,,,,,,,,,,,,,
training_event,training,4958d349-1ff1-4f6b-8344-fca7d4d717aa,58d1a900-fdb6-45f8-86b3-010fd2174352,2026-09-06T09:48:38.108000+00:00,keydown,67,c,,253.9,,,,,,,,repeated_typing,0,1,,,,,,,,,/app/training,dev_2d73e02d-8068-4917-8e1d-bcd4688456d1,,,,,,,,,,,,,,,,,,,,,,,,,,,,,,,,,,,,,,,,,,,,,,,,,,,,,,,,,,,,,,,,,,
training_event,training,4958d349-1ff1-4f6b-8344-fca7d4d717aa,58d1a900-fdb6-45f8-86b3-010fd2174352,2026-09-06T09:48:38.208000+00:00,keyup,67,,99.4,,,,,,,,,repeated_typing,0,1,,,,,,,,,/app/training,dev_2d73e02d-8068-4917-8e1d-bcd4688456d1,,,,,,,,,,,,,,,,,,,,,,,,,,,,,,,,,,,,,,,,,,,,,,,,,,,,,,,,,,,,,,,,,,
training_event,training,4958d349-1ff1-4f6b-8344-fca7d4d717aa,58d1a900-fdb6-45f8-86b3-010fd2174352,2026-09-06T09:48:38.390000+00:00,keydown,85,u,,281.8,,,,,,,,repeated_typing,0,1,,,,,,,,,/app/training,dev_2d73e02d-8068-4917-8e1d-bcd4688456d1,,,,,,,,,,,,,,,,,,,,,,,,,,,,,,,,,,,,,,,,,,,,,,,,,,,,,,,,,,,,,,,,,,
training_event,training,4958d349-1ff1-4f6b-8344-fca7d4d717aa,58d1a900-fdb6-45f8-86b3-010fd2174352,2026-09-06T09:48:38.457000+00:00,keyup,85,,67.1,,,,,,,,,repeated_typing,0,1,,,,,,,,,/app/training,dev_2d73e02d-8068-4917-8e1d-bcd4688456d1,,,,,,,,,,,,,,,,,,,,,,,,,,,,,,,,,,,,,,,,,,,,,,,,,,,,,,,,,,,,,,,,,,
training_event,training,4958d349-1ff1-4f6b-8344-fca7d4d717aa,58d1a900-fdb6-45f8-86b3-010fd2174352,2026-09-06T09:48:38.604000+00:00,keydown,82,r,,214.0,,,,,,,,repeated_typing,0,1,,,,,,,,,/app/training,dev_2d73e02d-8068-4917-8e1d-bcd4688456d1,,,,,,,,,,,,,,,,,,,,,,,,,,,,,,,,,,,,,,,,,,,,,,,,,,,,,,,,,,,,,,,,,,
training_event,training,4958d349-1ff1-4f6b-8344-fca7d4d717aa,58d1a900-fdb6-45f8-86b3-010fd2174352,2026-09-06T09:48:38.686000+00:00,keyup,82,,82.3,,,,,,,,,repeated_typing,0,1,,,,,,,,,/app/training,dev_2d73e02d-8068-4917-8e1d-bcd4688456d1,,,,,,,,,,,,,,,,,,,,,,,,,,,,,,,,,,,,,,,,,,,,,,,,,,,,,,,,,,,,,,,,,,
training_event,training,4958d349-1ff1-4f6b-8344-fca7d4d717aa,58d1a900-fdb6-45f8-86b3-010fd2174352,2026-09-06T09:48:38.768000+00:00,keydown,73,i,,163.6,,,,,,,,repeated_typing,0,1,,,,,,,,,/app/training,dev_2d73e02d-8068-4917-8e1d-bcd4688456d1,,,,,,,,,,,,,,,,,,,,,,,,,,,,,,,,,,,,,,,,,,,,,,,,,,,,,,,,,,,,,,,,,,
training_event,training,4958d349-1ff1-4f6b-8344-fca7d4d717aa,58d1a900-fdb6-45f8-86b3-010fd2174352,2026-09-06T09:48:38.835000+00:00,keyup,73,,67.7,,,,,,,,,repeated_typing,0,1,,,,,,,,,/app/training,dev_2d73e02d-8068-4917-8e1d-bcd4688456d1,,,,,,,,,,,,,,,,,,,,,,,,,,,,,,,,,,,,,,,,,,,,,,,,,,,,,,,,,,,,,,,,,,
training_event,training,4958d349-1ff1-4f6b-8344-fca7d4d717aa,58d1a900-fdb6-45f8-86b3-010fd2174352,2026-09-06T09:48:39.039000+00:00,keydown,84,t,,271.7,,,,,,,,repeated_typing,0,1,,,,,,,,,/app/training,dev_2d73e02d-8068-4917-8e1d-bcd4688456d1,,,,,,,,,,,,,,,,,,,,,,,,,,,,,,,,,,,,,,,,,,,,,,,,,,,,,,,,,,,,,,,,,,
training_event,training,4958d349-1ff1-4f6b-8344-fca7d4d717aa,58d1a900-fdb6-45f8-86b3-010fd2174352,2026-09-06T09:48:39.118000+00:00,keyup,84,,79.1,,,,,,,,,repeated_typing,0,1,,,,,,,,,/app/training,dev_2d73e02d-8068-4917-8e1d-bcd4688456d1,,,,,,,,,,,,,,,,,,,,,,,,,,,,,,,,,,,,,,,,,,,,,,,,,,,,,,,,,,,,,,,,,,
training_event,training,4958d349-1ff1-4f6b-8344-fca7d4d717aa,58d1a900-fdb6-45f8-86b3-010fd2174352,2026-09-06T09:48:39.175000+00:00,keydown,89,y,,135.6,,,,,,,,repeated_typing,0,1,,,,,,,,,/app/training,dev_2d73e02d-8068-4917-8e1d-bcd4688456d1,,,,,,,,,,,,,,,,,,,,,,,,,,,,,,,,,,,,,,,,,,,,,,,,,,,,,,,,,,,,,,,,,,
training_event,training,4958d349-1ff1-4f6b-8344-fca7d4d717aa,72bd5901-5b15-44ae-9988-372f7d305764,2026-09-06T09:48:44.555000+00:00,keydown,65,A,,,,,,,,,,repeated_typing,0,2,,,,,,,,,/app/training,dev_2d73e02d-8068-4917-8e1d-bcd4688456d1,,,,,,,,,,,,,,,,,,,,,,,,,,,,,,,,,,,,,,,,,,,,,,,,,,,,,,,,,,,,,,,,,,
training_event,training,4958d349-1ff1-4f6b-8344-fca7d4d717aa,72bd5901-5b15-44ae-9988-372f7d305764,2026-09-06T09:48:44.654000+00:00,keyup,65,,99.6,,,,,,,,,repeated_typing,0,2,,,,,,,,,/app/training,dev_2d73e02d-8068-4917-8e1d-bcd4688456d1,,,,,,,,,,,,,,,,,,,,,,,,,,,,,,,,,,,,,,,,,,,,,,,,,,,,,,,,,,,,,,,,,,
training_event,training,4958d349-1ff1-4f6b-8344-fca7d4d717aa,72bd5901-5b15-44ae-9988-372f7d305764,2026-09-06T09:48:44.905000+00:00,keydown,68,d,,350.6,,,,,,,,repeated_typing,0,2,,,,,,,,,/app/training,dev_2d73e02d-8068-4917-8e1d-bcd4688456d1,,,,,,,,,,,,,,,,,,,,,,,,,,,,,,,,,,,,,,,,,,,,,,,,,,,,,,,,,,,,,,,,,,
training_event,training,4958d349-1ff1-4f6b-8344-fca7d4d717aa,72bd5901-5b15-44ae-9988-372f7d305764,2026-09-06T09:48:44.989000+00:00,keyup,68,,83.5,,,,,,,,,repeated_typing,0,2,,,,,,,,,/app/training,dev_2d73e02d-8068-4917-8e1d-bcd4688456d1,,,,,,,,,,,,,,,,,,,,,,,,,,,,,,,,,,,,,,,,,,,,,,,,,,,,,,,,,,,,,,,,,,
training_event,training,4958d349-1ff1-4f6b-8344-fca7d4d717aa,72bd5901-5b15-44ae-9988-372f7d305764,2026-09-06T09:48:45.288000+00:00,keydown,65,a,,382.8,,,,,,,,repeated_typing,0,2,,,,,,,,,/app/training,dev_2d73e02d-8068-4917-8e1d-bcd4688456d1,,,,,,,,,,,,,,,,,,,,,,,,,,,,,,,,,,,,,,,,,,,,,,,,,,,,,,,,,,,,,,,,,,
training_event,training,4958d349-1ff1-4f6b-8344-fca7d4d717aa,72bd5901-5b15-44ae-9988-372f7d305764,2026-09-06T09:48:45.415000+00:00,keyup,65,,126.4,,,,,,,,,repeated_typing,0,2,,,,,,,,,/app/training,dev_2d73e02d-8068-4917-8e1d-bcd4688456d1,,,,,,,,,,,,,,,,,,,,,,,,,,,,,,,,,,,,,,,,,,,,,,,,,,,,,,,,,,,,,,,,,,
training_event,training,4958d349-1ff1-4f6b-8344-fca7d4d717aa,72bd5901-5b15-44ae-9988-372f7d305764,2026-09-06T09:48:45.507000+00:00,keydown,80,p,,219.1,,,,,,,,repeated_typing,0,2,,,,,,,,,/app/training,dev_2d73e02d-8068-4917-8e1d-bcd4688456d1,,,,,,,,,,,,,,,,,,,,,,,,,,,,,,,,,,,,,,,,,,,,,,,,,,,,,,,,,,,,,,,,,,
training_event,training,4958d349-1ff1-4f6b-8344-fca7d4d717aa,72bd5901-5b15-44ae-9988-372f7d305764,2026-09-06T09:48:45.586000+00:00,keyup,80,,78.8,,,,,,,,,repeated_typing,0,2,,,,,,,,,/app/training,dev_2d73e02d-8068-4917-8e1d-bcd4688456d1,,,,,,,,,,,,,,,,,,,,,,,,,,,,,,,,,,,,,,,,,,,,,,,,,,,,,,,,,,,,,,,,,,
training_event,training,4958d349-1ff1-4f6b-8344-fca7d4d717aa,72bd5901-5b15-44ae-9988-372f7d305764,2026-09-06T09:48:45.770000+00:00,keydown,84,t,,262.5,,,,,,,,repeated_typing,0,2,,,,,,,,,/app/training,dev_2d73e02d-8068-4917-8e1d-bcd4688456d1,,,,,,,,,,,,,,,,,,,,,,,,,,,,,,,,,,,,,,,,,,,,,,,,,,,,,,,,,,,,,,,,,,
training_event,training,4958d349-1ff1-4f6b-8344-fca7d4d717aa,72bd5901-5b15-44ae-9988-372f7d305764,2026-09-06T09:48:45.860000+00:00,keyup,84,,90.5,,,,,,,,,repeated_typing,0,2,,,,,,,,,/app/training,dev_2d73e02d-8068-4917-8e1d-bcd4688456d1,,,,,,,,,,,,,,,,,,,,,,,,,,,,,,,,,,,,,,,,,,,,,,,,,,,,,,,,,,,,,,,,,,
training_event,training,4958d349-1ff1-4f6b-8344-fca7d4d717aa,72bd5901-5b15-44ae-9988-372f7d305764,2026-09-06T09:48:45.944000+00:00,keydown,73,i,,174.3,,,,,,,,repeated_typing,0,2,,,,,,,,,/app/training,dev_2d73e02d-8068-4917-8e1d-bcd4688456d1,,,,,,,,,,,,,,,,,,,,,,,,,,,,,,,,,,,,,,,,,,,,,,,,,,,,,,,,,,,,,,,,,,
training_event,training,4958d349-1ff1-4f6b-8344-fca7d4d717aa,72bd5901-5b15-44ae-9988-372f7d305764,2026-09-06T09:48:46.005000+00:00,keyup,73,,60.7,,,,,,,,,repeated_typing,0,2,,,,,,,,,/app/training,dev_2d73e02d-8068-4917-8e1d-bcd4688456d1,,,,,,,,,,,,,,,,,,,,,,,,,,,,,,,,,,,,,,,,,,,,,,,,,,,,,,,,,,,,,,,,,,
training_event,training,4958d349-1ff1-4f6b-8344-fca7d4d717aa,72bd5901-5b15-44ae-9988-372f7d305764,2026-09-06T09:48:46.212000+00:00,keydown,86,v,,267.7,,,,,,,,repeated_typing,0,2,,,,,,,,,/app/training,dev_2d73e02d-8068-4917-8e1d-bcd4688456d1,,,,,,,,,,,,,,,,,,,,,,,,,,,,,,,,,,,,,,,,,,,,,,,,,,,,,,,,,,,,,,,,,,
training_event,training,4958d349-1ff1-4f6b-8344-fca7d4d717aa,72bd5901-5b15-44ae-9988-372f7d305764,2026-09-06T09:48:46.252000+00:00,keyup,86,,39.9,,,,,,,,,repeated_typing,0,2,,,,,,,,,/app/training,dev_2d73e02d-8068-4917-8e1d-bcd4688456d1,,,,,,,,,,,,,,,,,,,,,,,,,,,,,,,,,,,,,,,,,,,,,,,,,,,,,,,,,,,,,,,,,,
training_event,training,4958d349-1ff1-4f6b-8344-fca7d4d717aa,72bd5901-5b15-44ae-9988-372f7d305764,2026-09-06T09:48:46.367000+00:00,keydown,69,e,,155.3,,,,,,,,repeated_typing,0,2,,,,,,,,,/app/training,dev_2d73e02d-8068-4917-8e1d-bcd4688456d1,,,,,,,,,,,,,,,,,,,,,,,,,,,,,,,,,,,,,,,,,,,,,,,,,,,,,,,,,,,,,,,,,,
training_event,training,4958d349-1ff1-4f6b-8344-fca7d4d717aa,72bd5901-5b15-44ae-9988-372f7d305764,2026-09-06T09:48:46.453000+00:00,keyup,69,,86.1,,,,,,,,,repeated_typing,0,2,,,,,,,,,/app/training,dev_2d73e02d-8068-4917-8e1d-bcd4688456d1,,,,,,,,,,,,,,,,,,,,,,,,,,,,,,,,,,,,,,,,,,,,,,,,,,,,,,,,,,,,,,,,,,
training_event,training,4958d349-1ff1-4f6b-8344-fca7d4d717aa,72bd5901-5b15-44ae-9988-372f7d305764,2026-09-06T09:48:47.603000+00:00,keydown,71,G,,1235.8,,,,,,,,repeated_typing,0,2,,,,,,,,,/app/training,dev_2d73e02d-8068-4917-8e1d-bcd4688456d1,,,,,,,,,,,,,,,,,,,,,,,,,,,,,,,,,,,,,,,,,,,,,,,,,,,,,,,,,,,,,,,,,,
training_event,training,4958d349-1ff1-4f6b-8344-fca7d4d717aa,72bd5901-5b15-44ae-9988-372f7d305764,2026-09-06T09:48:47.686000+00:00,keyup,71,,83.3,,,,,,,,,repeated_typing,0,2,,,,,,,,,/app/training,dev_2d73e02d-8068-4917-8e1d-bcd4688456d1,,,,,,,,,,,,,,,,,,,,,,,,,,,,,,,,,,,,,,,,,,,,,,,,,,,,,,,,,,,,,,,,,,
training_event,training,4958d349-1ff1-4f6b-8344-fca7d4d717aa,72bd5901-5b15-44ae-9988-372f7d305764,2026-09-06T09:48:47.801000+00:00,keydown,85,u,,198.5,,,,,,,,repeated_typing,0,2,,,,,,,,,/app/training,dev_2d73e02d-8068-4917-8e1d-bcd4688456d1,,,,,,,,,,,,,,,,,,,,,,,,,,,,,,,,,,,,,,,,,,,,,,,,,,,,,,,,,,,,,,,,,,
training_event,training,4958d349-1ff1-4f6b-8344-fca7d4d717aa,72bd5901-5b15-44ae-9988-372f7d305764,2026-09-06T09:48:47.900000+00:00,keyup,85,,98.7,,,,,,,,,repeated_typing,0,2,,,,,,,,,/app/training,dev_2d73e02d-8068-4917-8e1d-bcd4688456d1,,,,,,,,,,,,,,,,,,,,,,,,,,,,,,,,,,,,,,,,,,,,,,,,,,,,,,,,,,,,,,,,,,
training_event,training,4958d349-1ff1-4f6b-8344-fca7d4d717aa,72bd5901-5b15-44ae-9988-372f7d305764,2026-09-06T09:48:48.895000+00:00,keydown,65,a,,1093.5,,,,,,,,repeated_typing,0,2,,,,,,,,,/app/training,dev_2d73e02d-8068-4917-8e1d-bcd4688456d1,,,,,,,,,,,,,,,,,,,,,,,,,,,,,,,,,,,,,,,,,,,,,,,,,,,,,,,,,,,,,,,,,,
training_event,training,4958d349-1ff1-4f6b-8344-fca7d4d717aa,72bd5901-5b15-44ae-9988-372f7d305764,2026-09-06T09:48:48.989000+00:00,keyup,65,,93.7,,,,,,,,,repeated_typing,0,2,,,,,,,,,/app/training,dev_2d73e02d-8068-4917-8e1d-bcd4688456d1,,,,,,,,,,,,,,,,,,,,,,,,,,,,,,,,,,,,,,,,,,,,,,,,,,,,,,,,,,,,,,,,,,
training_event,training,4958d349-1ff1-4f6b-8344-fca7d4d717aa,72bd5901-5b15-44ae-9988-372f7d305764,2026-09-06T09:48:49.187000+00:00,keydown,82,r,,292.1,,,,,,,,repeated_typing,0,2,,,,,,,,,/app/training,dev_2d73e02d-8068-4917-8e1d-bcd4688456d1,,,,,,,,,,,,,,,,,,,,,,,,,,,,,,,,,,,,,,,,,,,,,,,,,,,,,,,,,,,,,,,,,,
training_event,training,4958d349-1ff1-4f6b-8344-fca7d4d717aa,72bd5901-5b15-44ae-9988-372f7d305764,2026-09-06T09:48:49.269000+00:00,keyup,82,,82.6,,,,,,,,,repeated_typing,0,2,,,,,,,,,/app/training,dev_2d73e02d-8068-4917-8e1d-bcd4688456d1,,,,,,,,,,,,,,,,,,,,,,,,,,,,,,,,,,,,,,,,,,,,,,,,,,,,,,,,,,,,,,,,,,
training_event,training,4958d349-1ff1-4f6b-8344-fca7d4d717aa,72bd5901-5b15-44ae-9988-372f7d305764,2026-09-06T09:48:49.451000+00:00,keydown,68,d,,264.4,,,,,,,,repeated_typing,0,2,,,,,,,,,/app/training,dev_2d73e02d-8068-4917-8e1d-bcd4688456d1,,,,,,,,,,,,,,,,,,,,,,,,,,,,,,,,,,,,,,,,,,,,,,,,,,,,,,,,,,,,,,,,,,
training_event,training,4958d349-1ff1-4f6b-8344-fca7d4d717aa,72bd5901-5b15-44ae-9988-372f7d305764,2026-09-06T09:48:49.536000+00:00,keyup,68,,85.0,,,,,,,,,repeated_typing,0,2,,,,,,,,,/app/training,dev_2d73e02d-8068-4917-8e1d-bcd4688456d1,,,,,,,,,,,,,,,,,,,,,,,,,,,,,,,,,,,,,,,,,,,,,,,,,,,,,,,,,,,,,,,,,,
training_event,training,4958d349-1ff1-4f6b-8344-fca7d4d717aa,72bd5901-5b15-44ae-9988-372f7d305764,2026-09-06T09:48:49.624000+00:00,keydown,73,i,,172.6,,,,,,,,repeated_typing,0,2,,,,,,,,,/app/training,dev_2d73e02d-8068-4917-8e1d-bcd4688456d1,,,,,,,,,,,,,,,,,,,,,,,,,,,,,,,,,,,,,,,,,,,,,,,,,,,,,,,,,,,,,,,,,,
training_event,training,4958d349-1ff1-4f6b-8344-fca7d4d717aa,72bd5901-5b15-44ae-9988-372f7d305764,2026-09-06T09:48:49.708000+00:00,keyup,73,,83.7,,,,,,,,,repeated_typing,0,2,,,,,,,,,/app/training,dev_2d73e02d-8068-4917-8e1d-bcd4688456d1,,,,,,,,,,,,,,,,,,,,,,,,,,,,,,,,,,,,,,,,,,,,,,,,,,,,,,,,,,,,,,,,,,
training_event,training,4958d349-1ff1-4f6b-8344-fca7d4d717aa,72bd5901-5b15-44ae-9988-372f7d305764,2026-09-06T09:48:49.804000+00:00,keydown,65,a,,179.8,,,,,,,,repeated_typing,0,2,,,,,,,,,/app/training,dev_2d73e02d-8068-4917-8e1d-bcd4688456d1,,,,,,,,,,,,,,,,,,,,,,,,,,,,,,,,,,,,,,,,,,,,,,,,,,,,,,,,,,,,,,,,,,
training_event,training,4958d349-1ff1-4f6b-8344-fca7d4d717aa,72bd5901-5b15-44ae-9988-372f7d305764,2026-09-06T09:48:49.936000+00:00,keyup,65,,132.8,,,,,,,,,repeated_typing,0,2,,,,,,,,,/app/training,dev_2d73e02d-8068-4917-8e1d-bcd4688456d1,,,,,,,,,,,,,,,,,,,,,,,,,,,,,,,,,,,,,,,,,,,,,,,,,,,,,,,,,,,,,,,,,,
training_event,training,4958d349-1ff1-4f6b-8344-fca7d4d717aa,72bd5901-5b15-44ae-9988-372f7d305764,2026-09-06T09:48:49.962000+00:00,keydown,78,n,,157.8,,,,,,,,repeated_typing,0,2,,,,,,,,,/app/training,dev_2d73e02d-8068-4917-8e1d-bcd4688456d1,,,,,,,,,,,,,,,,,,,,,,,,,,,,,,,,,,,,,,,,,,,,,,,,,,,,,,,,,,,,,,,,,,
training_event,training,4958d349-1ff1-4f6b-8344-fca7d4d717aa,72bd5901-5b15-44ae-9988-372f7d305764,2026-09-06T09:48:50.003000+00:00,keyup,78,,41.7,,,,,,,,,repeated_typing,0,2,,,,,,,,,/app/training,dev_2d73e02d-8068-4917-8e1d-bcd4688456d1,,,,,,,,,,,,,,,,,,,,,,,,,,,,,,,,,,,,,,,,,,,,,,,,,,,,,,,,,,,,,,,,,,
training_event,training,4958d349-1ff1-4f6b-8344-fca7d4d717aa,72bd5901-5b15-44ae-9988-372f7d305764,2026-09-06T09:48:50.156000+00:00,keydown,32, ,,194.3,,,,,,,,repeated_typing,0,2,,,,,,,,,/app/training,dev_2d73e02d-8068-4917-8e1d-bcd4688456d1,,,,,,,,,,,,,,,,,,,,,,,,,,,,,,,,,,,,,,,,,,,,,,,,,,,,,,,,,,,,,,,,,,
training_event,training,4958d349-1ff1-4f6b-8344-fca7d4d717aa,72bd5901-5b15-44ae-9988-372f7d305764,2026-09-06T09:48:50.211000+00:00,keyup,32,,54.8,,,,,,,,,repeated_typing,0,2,,,,,,,,,/app/training,dev_2d73e02d-8068-4917-8e1d-bcd4688456d1,,,,,,,,,,,,,,,,,,,,,,,,,,,,,,,,,,,,,,,,,,,,,,,,,,,,,,,,,,,,,,,,,,
training_event,training,4958d349-1ff1-4f6b-8344-fca7d4d717aa,72bd5901-5b15-44ae-9988-372f7d305764,2026-09-06T09:48:50.579000+00:00,keydown,66,B,,423.0,,,,,,,,repeated_typing,0,2,,,,,,,,,/app/training,dev_2d73e02d-8068-4917-8e1d-bcd4688456d1,,,,,,,,,,,,,,,,,,,,,,,,,,,,,,,,,,,,,,,,,,,,,,,,,,,,,,,,,,,,,,,,,,
training_event,training,4958d349-1ff1-4f6b-8344-fca7d4d717aa,72bd5901-5b15-44ae-9988-372f7d305764,2026-09-06T09:48:50.623000+00:00,keyup,66,,44.1,,,,,,,,,repeated_typing,0,2,,,,,,,,,/app/training,dev_2d73e02d-8068-4917-8e1d-bcd4688456d1,,,,,,,,,,,,,,,,,,,,,,,,,,,,,,,,,,,,,,,,,,,,,,,,,,,,,,,,,,,,,,,,,,
training_event,training,4958d349-1ff1-4f6b-8344-fca7d4d717aa,72bd5901-5b15-44ae-9988-372f7d305764,2026-09-06T09:48:50.728000+00:00,keydown,65,a,,149.3,,,,,,,,repeated_typing,0,2,,,,,,,,,/app/training,dev_2d73e02d-8068-4917-8e1d-bcd4688456d1,,,,,,,,,,,,,,,,,,,,,,,,,,,,,,,,,,,,,,,,,,,,,,,,,,,,,,,,,,,,,,,,,,
training_event,training,4958d349-1ff1-4f6b-8344-fca7d4d717aa,72bd5901-5b15-44ae-9988-372f7d305764,2026-09-06T09:48:50.850000+00:00,keyup,65,,122.3,,,,,,,,,repeated_typing,0,2,,,,,,,,,/app/training,dev_2d73e02d-8068-4917-8e1d-bcd4688456d1,,,,,,,,,,,,,,,,,,,,,,,,,,,,,,,,,,,,,,,,,,,,,,,,,,,,,,,,,,,,,,,,,,
training_event,training,4958d349-1ff1-4f6b-8344-fca7d4d717aa,72bd5901-5b15-44ae-9988-372f7d305764,2026-09-06T09:48:50.884000+00:00,keydown,78,n,,156.4,,,,,,,,repeated_typing,0,2,,,,,,,,,/app/training,dev_2d73e02d-8068-4917-8e1d-bcd4688456d1,,,,,,,,,,,,,,,,,,,,,,,,,,,,,,,,,,,,,,,,,,,,,,,,,,,,,,,,,,,,,,,,,,
training_event,training,4958d349-1ff1-4f6b-8344-fca7d4d717aa,72bd5901-5b15-44ae-9988-372f7d305764,2026-09-06T09:48:50.958000+00:00,keyup,78,,73.6,,,,,,,,,repeated_typing,0,2,,,,,,,,,/app/training,dev_2d73e02d-8068-4917-8e1d-bcd4688456d1,,,,,,,,,,,,,,,,,,,,,,,,,,,,,,,,,,,,,,,,,,,,,,,,,,,,,,,,,,,,,,,,,,
training_event,training,4958d349-1ff1-4f6b-8344-fca7d4d717aa,72bd5901-5b15-44ae-9988-372f7d305764,2026-09-06T09:48:51.092000+00:00,keydown,73,i,,207.2,,,,,,,,repeated_typing,0,2,,,,,,,,,/app/training,dev_2d73e02d-8068-4917-8e1d-bcd4688456d1,,,,,,,,,,,,,,,,,,,,,,,,,,,,,,,,,,,,,,,,,,,,,,,,,,,,,,,,,,,,,,,,,,
training_event,training,4958d349-1ff1-4f6b-8344-fca7d4d717aa,72bd5901-5b15-44ae-9988-372f7d305764,2026-09-06T09:48:51.170000+00:00,keyup,73,,77.8,,,,,,,,,repeated_typing,0,2,,,,,,,,,/app/training,dev_2d73e02d-8068-4917-8e1d-bcd4688456d1,,,,,,,,,,,,,,,,,,,,,,,,,,,,,,,,,,,,,,,,,,,,,,,,,,,,,,,,,,,,,,,,,,
training_event,training,4958d349-1ff1-4f6b-8344-fca7d4d717aa,72bd5901-5b15-44ae-9988-372f7d305764,2026-09-06T09:48:52.761000+00:00,keydown,8,,,1669.3,,,,,,,,repeated_typing,0,2,,,,,,,,,/app/training,dev_2d73e02d-8068-4917-8e1d-bcd4688456d1,,,,,,,,,,,,,,,,,,,,,,,,,,,,,,,,,,,,,,,,,,,,,,,,,,,,,,,,,,,,,,,,,,
training_event,training,4958d349-1ff1-4f6b-8344-fca7d4d717aa,72bd5901-5b15-44ae-9988-372f7d305764,2026-09-06T09:48:52.853000+00:00,keyup,8,,92.1,,,,,,,,,repeated_typing,0,2,,,,,,,,,/app/training,dev_2d73e02d-8068-4917-8e1d-bcd4688456d1,,,,,,,,,,,,,,,,,,,,,,,,,,,,,,,,,,,,,,,,,,,,,,,,,,,,,,,,,,,,,,,,,,
training_event,training,4958d349-1ff1-4f6b-8344-fca7d4d717aa,72bd5901-5b15-44ae-9988-372f7d305764,2026-09-06T09:48:53.161000+00:00,keydown,75,k,,400.1,,,,,,,,repeated_typing,0,2,,,,,,,,,/app/training,dev_2d73e02d-8068-4917-8e1d-bcd4688456d1,,,,,,,,,,,,,,,,,,,,,,,,,,,,,,,,,,,,,,,,,,,,,,,,,,,,,,,,,,,,,,,,,,
training_event,training,4958d349-1ff1-4f6b-8344-fca7d4d717aa,72bd5901-5b15-44ae-9988-372f7d305764,2026-09-06T09:48:53.237000+00:00,keyup,75,,75.7,,,,,,,,,repeated_typing,0,2,,,,,,,,,/app/training,dev_2d73e02d-8068-4917-8e1d-bcd4688456d1,,,,,,,,,,,,,,,,,,,,,,,,,,,,,,,,,,,,,,,,,,,,,,,,,,,,,,,,,,,,,,,,,,
training_event,training,4958d349-1ff1-4f6b-8344-fca7d4d717aa,72bd5901-5b15-44ae-9988-372f7d305764,2026-09-06T09:48:53.354000+00:00,keydown,73,i,,193.3,,,,,,,,repeated_typing,0,2,,,,,,,,,/app/training,dev_2d73e02d-8068-4917-8e1d-bcd4688456d1,,,,,,,,,,,,,,,,,,,,,,,,,,,,,,,,,,,,,,,,,,,,,,,,,,,,,,,,,,,,,,,,,,
training_event,training,4958d349-1ff1-4f6b-8344-fca7d4d717aa,72bd5901-5b15-44ae-9988-372f7d305764,2026-09-06T09:48:53.419000+00:00,keyup,73,,64.4,,,,,,,,,repeated_typing,0,2,,,,,,,,,/app/training,dev_2d73e02d-8068-4917-8e1d-bcd4688456d1,,,,,,,,,,,,,,,,,,,,,,,,,,,,,,,,,,,,,,,,,,,,,,,,,,,,,,,,,,,,,,,,,,
training_event,training,4958d349-1ff1-4f6b-8344-fca7d4d717aa,72bd5901-5b15-44ae-9988-372f7d305764,2026-09-06T09:48:53.603000+00:00,keydown,78,n,,249.0,,,,,,,,repeated_typing,0,2,,,,,,,,,/app/training,dev_2d73e02d-8068-4917-8e1d-bcd4688456d1,,,,,,,,,,,,,,,,,,,,,,,,,,,,,,,,,,,,,,,,,,,,,,,,,,,,,,,,,,,,,,,,,,
training_event,training,4958d349-1ff1-4f6b-8344-fca7d4d717aa,72bd5901-5b15-44ae-9988-372f7d305764,2026-09-06T09:48:53.673000+00:00,keyup,78,,69.9,,,,,,,,,repeated_typing,0,2,,,,,,,,,/app/training,dev_2d73e02d-8068-4917-8e1d-bcd4688456d1,,,,,,,,,,,,,,,,,,,,,,,,,,,,,,,,,,,,,,,,,,,,,,,,,,,,,,,,,,,,,,,,,,
training_event,training,4958d349-1ff1-4f6b-8344-fca7d4d717aa,72bd5901-5b15-44ae-9988-372f7d305764,2026-09-06T09:48:53.839000+00:00,keydown,71,g,,235.7,,,,,,,,repeated_typing,0,2,,,,,,,,,/app/training,dev_2d73e02d-8068-4917-8e1d-bcd4688456d1,,,,,,,,,,,,,,,,,,,,,,,,,,,,,,,,,,,,,,,,,,,,,,,,,,,,,,,,,,,,,,,,,,
training_event,training,4958d349-1ff1-4f6b-8344-fca7d4d717aa,72bd5901-5b15-44ae-9988-372f7d305764,2026-09-06T09:48:53.945000+00:00,keydown,32, ,,105.5,,,,,,,,repeated_typing,0,2,,,,,,,,,/app/training,dev_2d73e02d-8068-4917-8e1d-bcd4688456d1,,,,,,,,,,,,,,,,,,,,,,,,,,,,,,,,,,,,,,,,,,,,,,,,,,,,,,,,,,,,,,,,,,
training_event,training,4958d349-1ff1-4f6b-8344-fca7d4d717aa,72bd5901-5b15-44ae-9988-372f7d305764,2026-09-06T09:48:54.002000+00:00,keyup,71,,162.6,,,,,,,,,repeated_typing,0,2,,,,,,,,,/app/training,dev_2d73e02d-8068-4917-8e1d-bcd4688456d1,,,,,,,,,,,,,,,,,,,,,,,,,,,,,,,,,,,,,,,,,,,,,,,,,,,,,,,,,,,,,,,,,,
training_event,training,4958d349-1ff1-4f6b-8344-fca7d4d717aa,72bd5901-5b15-44ae-9988-372f7d305764,2026-09-06T09:48:54.071000+00:00,keyup,32,,126.8,,,,,,,,,repeated_typing,0,2,,,,,,,,,/app/training,dev_2d73e02d-8068-4917-8e1d-bcd4688456d1,,,,,,,,,,,,,,,,,,,,,,,,,,,,,,,,,,,,,,,,,,,,,,,,,,,,,,,,,,,,,,,,,,
training_event,training,4958d349-1ff1-4f6b-8344-fca7d4d717aa,72bd5901-5b15-44ae-9988-372f7d305764,2026-09-06T09:48:54.558000+00:00,keydown,83,S,,613.6,,,,,,,,repeated_typing,0,2,,,,,,,,,/app/training,dev_2d73e02d-8068-4917-8e1d-bcd4688456d1,,,,,,,,,,,,,,,,,,,,,,,,,,,,,,,,,,,,,,,,,,,,,,,,,,,,,,,,,,,,,,,,,,
training_event,training,4958d349-1ff1-4f6b-8344-fca7d4d717aa,72bd5901-5b15-44ae-9988-372f7d305764,2026-09-06T09:48:54.649000+00:00,keyup,83,,90.7,,,,,,,,,repeated_typing,0,2,,,,,,,,,/app/training,dev_2d73e02d-8068-4917-8e1d-bcd4688456d1,,,,,,,,,,,,,,,,,,,,,,,,,,,,,,,,,,,,,,,,,,,,,,,,,,,,,,,,,,,,,,,,,,
training_event,training,4958d349-1ff1-4f6b-8344-fca7d4d717aa,72bd5901-5b15-44ae-9988-372f7d305764,2026-09-06T09:48:54.799000+00:00,keydown,69,e,,240.9,,,,,,,,repeated_typing,0,2,,,,,,,,,/app/training,dev_2d73e02d-8068-4917-8e1d-bcd4688456d1,,,,,,,,,,,,,,,,,,,,,,,,,,,,,,,,,,,,,,,,,,,,,,,,,,,,,,,,,,,,,,,,,,
training_event,training,4958d349-1ff1-4f6b-8344-fca7d4d717aa,72bd5901-5b15-44ae-9988-372f7d305764,2026-09-06T09:48:54.883000+00:00,keyup,69,,84.3,,,,,,,,,repeated_typing,0,2,,,,,,,,,/app/training,dev_2d73e02d-8068-4917-8e1d-bcd4688456d1,,,,,,,,,,,,,,,,,,,,,,,,,,,,,,,,,,,,,,,,,,,,,,,,,,,,,,,,,,,,,,,,,,
training_event,training,4958d349-1ff1-4f6b-8344-fca7d4d717aa,72bd5901-5b15-44ae-9988-372f7d305764,2026-09-06T09:48:55.078000+00:00,keydown,67,c,,279.0,,,,,,,,repeated_typing,0,2,,,,,,,,,/app/training,dev_2d73e02d-8068-4917-8e1d-bcd4688456d1,,,,,,,,,,,,,,,,,,,,,,,,,,,,,,,,,,,,,,,,,,,,,,,,,,,,,,,,,,,,,,,,,,
training_event,training,4958d349-1ff1-4f6b-8344-fca7d4d717aa,72bd5901-5b15-44ae-9988-372f7d305764,2026-09-06T09:48:55.167000+00:00,keyup,67,,88.7,,,,,,,,,repeated_typing,0,2,,,,,,,,,/app/training,dev_2d73e02d-8068-4917-8e1d-bcd4688456d1,,,,,,,,,,,,,,,,,,,,,,,,,,,,,,,,,,,,,,,,,,,,,,,,,,,,,,,,,,,,,,,,,,
training_event,training,4958d349-1ff1-4f6b-8344-fca7d4d717aa,72bd5901-5b15-44ae-9988-372f7d305764,2026-09-06T09:48:55.286000+00:00,keydown,85,u,,208.3,,,,,,,,repeated_typing,0,2,,,,,,,,,/app/training,dev_2d73e02d-8068-4917-8e1d-bcd4688456d1,,,,,,,,,,,,,,,,,,,,,,,,,,,,,,,,,,,,,,,,,,,,,,,,,,,,,,,,,,,,,,,,,,
training_event,training,4958d349-1ff1-4f6b-8344-fca7d4d717aa,72bd5901-5b15-44ae-9988-372f7d305764,2026-09-06T09:48:55.337000+00:00,keyup,85,,50.5,,,,,,,,,repeated_typing,0,2,,,,,,,,,/app/training,dev_2d73e02d-8068-4917-8e1d-bcd4688456d1,,,,,,,,,,,,,,,,,,,,,,,,,,,,,,,,,,,,,,,,,,,,,,,,,,,,,,,,,,,,,,,,,,
training_event,training,4958d349-1ff1-4f6b-8344-fca7d4d717aa,72bd5901-5b15-44ae-9988-372f7d305764,2026-09-06T09:48:55.607000+00:00,keydown,82,r,,321.1,,,,,,,,repeated_typing,0,2,,,,,,,,,/app/training,dev_2d73e02d-8068-4917-8e1d-bcd4688456d1,,,,,,,,,,,,,,,,,,,,,,,,,,,,,,,,,,,,,,,,,,,,,,,,,,,,,,,,,,,,,,,,,,
training_event,training,4958d349-1ff1-4f6b-8344-fca7d4d717aa,72bd5901-5b15-44ae-9988-372f7d305764,2026-09-06T09:48:55.740000+00:00,keyup,82,,132.3,,,,,,,,,repeated_typing,0,2,,,,,,,,,/app/training,dev_2d73e02d-8068-4917-8e1d-bcd4688456d1,,,,,,,,,,,,,,,,,,,,,,,,,,,,,,,,,,,,,,,,,,,,,,,,,,,,,,,,,,,,,,,,,,
training_event,training,4958d349-1ff1-4f6b-8344-fca7d4d717aa,72bd5901-5b15-44ae-9988-372f7d305764,2026-09-06T09:48:55.805000+00:00,keydown,73,i,,197.7,,,,,,,,repeated_typing,0,2,,,,,,,,,/app/training,dev_2d73e02d-8068-4917-8e1d-bcd4688456d1,,,,,,,,,,,,,,,,,,,,,,,,,,,,,,,,,,,,,,,,,,,,,,,,,,,,,,,,,,,,,,,,,,
training_event,training,4958d349-1ff1-4f6b-8344-fca7d4d717aa,72bd5901-5b15-44ae-9988-372f7d305764,2026-09-06T09:48:55.870000+00:00,keyup,73,,64.8,,,,,,,,,repeated_typing,0,2,,,,,,,,,/app/training,dev_2d73e02d-8068-4917-8e1d-bcd4688456d1,,,,,,,,,,,,,,,,,,,,,,,,,,,,,,,,,,,,,,,,,,,,,,,,,,,,,,,,,,,,,,,,,,
training_event,training,4958d349-1ff1-4f6b-8344-fca7d4d717aa,72bd5901-5b15-44ae-9988-372f7d305764,2026-09-06T09:48:55.971000+00:00,keydown,84,t,,165.8,,,,,,,,repeated_typing,0,2,,,,,,,,,/app/training,dev_2d73e02d-8068-4917-8e1d-bcd4688456d1,,,,,,,,,,,,,,,,,,,,,,,,,,,,,,,,,,,,,,,,,,,,,,,,,,,,,,,,,,,,,,,,,,
training_event,training,4958d349-1ff1-4f6b-8344-fca7d4d717aa,72bd5901-5b15-44ae-9988-372f7d305764,2026-09-06T09:48:56.053000+00:00,keyup,84,,82.1,,,,,,,,,repeated_typing,0,2,,,,,,,,,/app/training,dev_2d73e02d-8068-4917-8e1d-bcd4688456d1,,,,,,,,,,,,,,,,,,,,,,,,,,,,,,,,,,,,,,,,,,,,,,,,,,,,,,,,,,,,,,,,,,
training_event,training,4958d349-1ff1-4f6b-8344-fca7d4d717aa,72bd5901-5b15-44ae-9988-372f7d305764,2026-09-06T09:48:56.195000+00:00,keydown,89,y,,223.9,,,,,,,,repeated_typing,0,2,,,,,,,,,/app/training,dev_2d73e02d-8068-4917-8e1d-bcd4688456d1,,,,,,,,,,,,,,,,,,,,,,,,,,,,,,,,,,,,,,,,,,,,,,,,,,,,,,,,,,,,,,,,,,
training_event,training,4958d349-1ff1-4f6b-8344-fca7d4d717aa,d589c078-0fb7-4e4e-bbee-5cb064c75d1f,2026-09-06T09:49:01.239000+00:00,keydown,84,T,,,,,,,,,,controlled_typing,0,,,,,,,,,,/app/training,dev_2d73e02d-8068-4917-8e1d-bcd4688456d1,,,,,,,,,,,,,,,,,,,,,,,,,,,,,,,,,,,,,,,,,,,,,,,,,,,,,,,,,,,,,,,,,,
training_event,training,4958d349-1ff1-4f6b-8344-fca7d4d717aa,d589c078-0fb7-4e4e-bbee-5cb064c75d1f,2026-09-06T09:49:01.294000+00:00,keyup,84,,55.0,,,,,,,,,controlled_typing,0,,,,,,,,,,/app/training,dev_2d73e02d-8068-4917-8e1d-bcd4688456d1,,,,,,,,,,,,,,,,,,,,,,,,,,,,,,,,,,,,,,,,,,,,,,,,,,,,,,,,,,,,,,,,,,
training_event,training,4958d349-1ff1-4f6b-8344-fca7d4d717aa,d589c078-0fb7-4e4e-bbee-5cb064c75d1f,2026-09-06T09:49:01.438000+00:00,keydown,72,h,,199.4,,,,,,,,controlled_typing,0,,,,,,,,,,/app/training,dev_2d73e02d-8068-4917-8e1d-bcd4688456d1,,,,,,,,,,,,,,,,,,,,,,,,,,,,,,,,,,,,,,,,,,,,,,,,,,,,,,,,,,,,,,,,,,
training_event,training,4958d349-1ff1-4f6b-8344-fca7d4d717aa,d589c078-0fb7-4e4e-bbee-5cb064c75d1f,2026-09-06T09:49:01.524000+00:00,keyup,72,,85.9,,,,,,,,,controlled_typing,0,,,,,,,,,,/app/training,dev_2d73e02d-8068-4917-8e1d-bcd4688456d1,,,,,,,,,,,,,,,,,,,,,,,,,,,,,,,,,,,,,,,,,,,,,,,,,,,,,,,,,,,,,,,,,,
training_event,training,4958d349-1ff1-4f6b-8344-fca7d4d717aa,d589c078-0fb7-4e4e-bbee-5cb064c75d1f,2026-09-06T09:49:01.637000+00:00,keydown,69,e,,199.2,,,,,,,,controlled_typing,0,,,,,,,,,,/app/training,dev_2d73e02d-8068-4917-8e1d-bcd4688456d1,,,,,,,,,,,,,,,,,,,,,,,,,,,,,,,,,,,,,,,,,,,,,,,,,,,,,,,,,,,,,,,,,,
training_event,training,4958d349-1ff1-4f6b-8344-fca7d4d717aa,d589c078-0fb7-4e4e-bbee-5cb064c75d1f,2026-09-06T09:49:01.755000+00:00,keydown,32, ,,117.6,,,,,,,,controlled_typing,0,,,,,,,,,,/app/training,dev_2d73e02d-8068-4917-8e1d-bcd4688456d1,,,,,,,,,,,,,,,,,,,,,,,,,,,,,,,,,,,,,,,,,,,,,,,,,,,,,,,,,,,,,,,,,,
training_event,training,4958d349-1ff1-4f6b-8344-fca7d4d717aa,d589c078-0fb7-4e4e-bbee-5cb064c75d1f,2026-09-06T09:49:01.794000+00:00,keyup,69,,156.9,,,,,,,,,controlled_typing,0,,,,,,,,,,/app/training,dev_2d73e02d-8068-4917-8e1d-bcd4688456d1,,,,,,,,,,,,,,,,,,,,,,,,,,,,,,,,,,,,,,,,,,,,,,,,,,,,,,,,,,,,,,,,,,
training_event,training,4958d349-1ff1-4f6b-8344-fca7d4d717aa,d589c078-0fb7-4e4e-bbee-5cb064c75d1f,2026-09-06T09:49:01.874000+00:00,keyup,32,,119.3,,,,,,,,,controlled_typing,0,,,,,,,,,,/app/training,dev_2d73e02d-8068-4917-8e1d-bcd4688456d1,,,,,,,,,,,,,,,,,,,,,,,,,,,,,,,,,,,,,,,,,,,,,,,,,,,,,,,,,,,,,,,,,,
training_event,training,4958d349-1ff1-4f6b-8344-fca7d4d717aa,d589c078-0fb7-4e4e-bbee-5cb064c75d1f,2026-09-06T09:49:02.596000+00:00,keydown,81,q,,841.4,,,,,,,,controlled_typing,0,,,,,,,,,,/app/training,dev_2d73e02d-8068-4917-8e1d-bcd4688456d1,,,,,,,,,,,,,,,,,,,,,,,,,,,,,,,,,,,,,,,,,,,,,,,,,,,,,,,,,,,,,,,,,,
training_event,training,4958d349-1ff1-4f6b-8344-fca7d4d717aa,d589c078-0fb7-4e4e-bbee-5cb064c75d1f,2026-09-06T09:49:02.741000+00:00,keyup,81,,145.0,,,,,,,,,controlled_typing,0,,,,,,,,,,/app/training,dev_2d73e02d-8068-4917-8e1d-bcd4688456d1,,,,,,,,,,,,,,,,,,,,,,,,,,,,,,,,,,,,,,,,,,,,,,,,,,,,,,,,,,,,,,,,,,
training_event,training,4958d349-1ff1-4f6b-8344-fca7d4d717aa,d589c078-0fb7-4e4e-bbee-5cb064c75d1f,2026-09-06T09:49:02.806000+00:00,keydown,85,u,,209.7,,,,,,,,controlled_typing,0,,,,,,,,,,/app/training,dev_2d73e02d-8068-4917-8e1d-bcd4688456d1,,,,,,,,,,,,,,,,,,,,,,,,,,,,,,,,,,,,,,,,,,,,,,,,,,,,,,,,,,,,,,,,,,
training_event,training,4958d349-1ff1-4f6b-8344-fca7d4d717aa,d589c078-0fb7-4e4e-bbee-5cb064c75d1f,2026-09-06T09:49:02.938000+00:00,keydown,73,i,,131.8,,,,,,,,controlled_typing,0,,,,,,,,,,/app/training,dev_2d73e02d-8068-4917-8e1d-bcd4688456d1,,,,,,,,,,,,,,,,,,,,,,,,,,,,,,,,,,,,,,,,,,,,,,,,,,,,,,,,,,,,,,,,,,
training_event,training,4958d349-1ff1-4f6b-8344-fca7d4d717aa,d589c078-0fb7-4e4e-bbee-5cb064c75d1f,2026-09-06T09:49:02.944000+00:00,keyup,85,,137.9,,,,,,,,,controlled_typing,0,,,,,,,,,,/app/training,dev_2d73e02d-8068-4917-8e1d-bcd4688456d1,,,,,,,,,,,,,,,,,,,,,,,,,,,,,,,,,,,,,,,,,,,,,,,,,,,,,,,,,,,,,,,,,,
training_event,training,4958d349-1ff1-4f6b-8344-fca7d4d717aa,d589c078-0fb7-4e4e-bbee-5cb064c75d1f,2026-09-06T09:49:03.057000+00:00,keyup,73,,119.3,,,,,,,,,controlled_typing,0,,,,,,,,,,/app/training,dev_2d73e02d-8068-4917-8e1d-bcd4688456d1,,,,,,,,,,,,,,,,,,,,,,,,,,,,,,,,,,,,,,,,,,,,,,,,,,,,,,,,,,,,,,,,,,
training_event,training,4958d349-1ff1-4f6b-8344-fca7d4d717aa,d589c078-0fb7-4e4e-bbee-5cb064c75d1f,2026-09-06T09:49:03.356000+00:00,keydown,67,c,,418.5,,,,,,,,controlled_typing,0,,,,,,,,,,/app/training,dev_2d73e02d-8068-4917-8e1d-bcd4688456d1,,,,,,,,,,,,,,,,,,,,,,,,,,,,,,,,,,,,,,,,,,,,,,,,,,,,,,,,,,,,,,,,,,
training_event,training,4958d349-1ff1-4f6b-8344-fca7d4d717aa,d589c078-0fb7-4e4e-bbee-5cb064c75d1f,2026-09-06T09:49:03.443000+00:00,keyup,67,,87.4,,,,,,,,,controlled_typing,0,,,,,,,,,,/app/training,dev_2d73e02d-8068-4917-8e1d-bcd4688456d1,,,,,,,,,,,,,,,,,,,,,,,,,,,,,,,,,,,,,,,,,,,,,,,,,,,,,,,,,,,,,,,,,,
training_event,training,4958d349-1ff1-4f6b-8344-fca7d4d717aa,d589c078-0fb7-4e4e-bbee-5cb064c75d1f,2026-09-06T09:49:03.524000+00:00,keydown,75,k,,167.9,,,,,,,,controlled_typing,0,,,,,,,,,,/app/training,dev_2d73e02d-8068-4917-8e1d-bcd4688456d1,,,,,,,,,,,,,,,,,,,,,,,,,,,,,,,,,,,,,,,,,,,,,,,,,,,,,,,,,,,,,,,,,,
training_event,training,4958d349-1ff1-4f6b-8344-fca7d4d717aa,d589c078-0fb7-4e4e-bbee-5cb064c75d1f,2026-09-06T09:49:03.600000+00:00,keyup,75,,76.2,,,,,,,,,controlled_typing,0,,,,,,,,,,/app/training,dev_2d73e02d-8068-4917-8e1d-bcd4688456d1,,,,,,,,,,,,,,,,,,,,,,,,,,,,,,,,,,,,,,,,,,,,,,,,,,,,,,,,,,,,,,,,,,
training_event,training,4958d349-1ff1-4f6b-8344-fca7d4d717aa,d589c078-0fb7-4e4e-bbee-5cb064c75d1f,2026-09-06T09:49:03.706000+00:00,keydown,32, ,,182.0,,,,,,,,controlled_typing,0,,,,,,,,,,/app/training,dev_2d73e02d-8068-4917-8e1d-bcd4688456d1,,,,,,,,,,,,,,,,,,,,,,,,,,,,,,,,,,,,,,,,,,,,,,,,,,,,,,,,,,,,,,,,,,
training_event,training,4958d349-1ff1-4f6b-8344-fca7d4d717aa,d589c078-0fb7-4e4e-bbee-5cb064c75d1f,2026-09-06T09:49:03.817000+00:00,keyup,32,,110.8,,,,,,,,,controlled_typing,0,,,,,,,,,,/app/training,dev_2d73e02d-8068-4917-8e1d-bcd4688456d1,,,,,,,,,,,,,,,,,,,,,,,,,,,,,,,,,,,,,,,,,,,,,,,,,,,,,,,,,,,,,,,,,,
training_event,training,4958d349-1ff1-4f6b-8344-fca7d4d717aa,d589c078-0fb7-4e4e-bbee-5cb064c75d1f,2026-09-06T09:49:04.067000+00:00,keydown,66,b,,360.9,,,,,,,,controlled_typing,0,,,,,,,,,,/app/training,dev_2d73e02d-8068-4917-8e1d-bcd4688456d1,,,,,,,,,,,,,,,,,,,,,,,,,,,,,,,,,,,,,,,,,,,,,,,,,,,,,,,,,,,,,,,,,,
training_event,training,4958d349-1ff1-4f6b-8344-fca7d4d717aa,d589c078-0fb7-4e4e-bbee-5cb064c75d1f,2026-09-06T09:49:04.123000+00:00,keyup,66,,56.4,,,,,,,,,controlled_typing,0,,,,,,,,,,/app/training,dev_2d73e02d-8068-4917-8e1d-bcd4688456d1,,,,,,,,,,,,,,,,,,,,,,,,,,,,,,,,,,,,,,,,,,,,,,,,,,,,,,,,,,,,,,,,,,
training_event,training,4958d349-1ff1-4f6b-8344-fca7d4d717aa,d589c078-0fb7-4e4e-bbee-5cb064c75d1f,2026-09-06T09:49:04.333000+00:00,keydown,82,r,,266.2,,,,,,,,controlled_typing,0,,,,,,,,,,/app/training,dev_2d73e02d-8068-4917-8e1d-bcd4688456d1,,,,,,,,,,,,,,,,,,,,,,,,,,,,,,,,,,,,,,,,,,,,,,,,,,,,,,,,,,,,,,,,,,
training_event,training,4958d349-1ff1-4f6b-8344-fca7d4d717aa,d589c078-0fb7-4e4e-bbee-5cb064c75d1f,2026-09-06T09:49:04.419000+00:00,keyup,82,,86.4,,,,,,,,,controlled_typing,0,,,,,,,,,,/app/training,dev_2d73e02d-8068-4917-8e1d-bcd4688456d1,,,,,,,,,,,,,,,,,,,,,,,,,,,,,,,,,,,,,,,,,,,,,,,,,,,,,,,,,,,,,,,,,,
training_event,training,4958d349-1ff1-4f6b-8344-fca7d4d717aa,d589c078-0fb7-4e4e-bbee-5cb064c75d1f,2026-09-06T09:49:04.821000+00:00,keydown,79,o,,488.2,,,,,,,,controlled_typing,0,,,,,,,,,,/app/training,dev_2d73e02d-8068-4917-8e1d-bcd4688456d1,,,,,,,,,,,,,,,,,,,,,,,,,,,,,,,,,,,,,,,,,,,,,,,,,,,,,,,,,,,,,,,,,,
training_event,training,4958d349-1ff1-4f6b-8344-fca7d4d717aa,d589c078-0fb7-4e4e-bbee-5cb064c75d1f,2026-09-06T09:49:04.886000+00:00,keyup,79,,64.5,,,,,,,,,controlled_typing,0,,,,,,,,,,/app/training,dev_2d73e02d-8068-4917-8e1d-bcd4688456d1,,,,,,,,,,,,,,,,,,,,,,,,,,,,,,,,,,,,,,,,,,,,,,,,,,,,,,,,,,,,,,,,,,
training_event,training,4958d349-1ff1-4f6b-8344-fca7d4d717aa,d589c078-0fb7-4e4e-bbee-5cb064c75d1f,2026-09-06T09:49:05.067000+00:00,keydown,87,w,,246.0,,,,,,,,controlled_typing,0,,,,,,,,,,/app/training,dev_2d73e02d-8068-4917-8e1d-bcd4688456d1,,,,,,,,,,,,,,,,,,,,,,,,,,,,,,,,,,,,,,,,,,,,,,,,,,,,,,,,,,,,,,,,,,
training_event,training,4958d349-1ff1-4f6b-8344-fca7d4d717aa,d589c078-0fb7-4e4e-bbee-5cb064c75d1f,2026-09-06T09:49:05.183000+00:00,keyup,87,,115.7,,,,,,,,,controlled_typing,0,,,,,,,,,,/app/training,dev_2d73e02d-8068-4917-8e1d-bcd4688456d1,,,,,,,,,,,,,,,,,,,,,,,,,,,,,,,,,,,,,,,,,,,,,,,,,,,,,,,,,,,,,,,,,,
training_event,training,4958d349-1ff1-4f6b-8344-fca7d4d717aa,d589c078-0fb7-4e4e-bbee-5cb064c75d1f,2026-09-06T09:49:05.656000+00:00,keydown,78,n,,589.2,,,,,,,,controlled_typing,0,,,,,,,,,,/app/training,dev_2d73e02d-8068-4917-8e1d-bcd4688456d1,,,,,,,,,,,,,,,,,,,,,,,,,,,,,,,,,,,,,,,,,,,,,,,,,,,,,,,,,,,,,,,,,,
training_event,training,4958d349-1ff1-4f6b-8344-fca7d4d717aa,d589c078-0fb7-4e4e-bbee-5cb064c75d1f,2026-09-06T09:49:05.707000+00:00,keyup,78,,50.8,,,,,,,,,controlled_typing,0,,,,,,,,,,/app/training,dev_2d73e02d-8068-4917-8e1d-bcd4688456d1,,,,,,,,,,,,,,,,,,,,,,,,,,,,,,,,,,,,,,,,,,,,,,,,,,,,,,,,,,,,,,,,,,
training_event,training,4958d349-1ff1-4f6b-8344-fca7d4d717aa,d589c078-0fb7-4e4e-bbee-5cb064c75d1f,2026-09-06T09:49:05.804000+00:00,keydown,32, ,,147.5,,,,,,,,controlled_typing,0,,,,,,,,,,/app/training,dev_2d73e02d-8068-4917-8e1d-bcd4688456d1,,,,,,,,,,,,,,,,,,,,,,,,,,,,,,,,,,,,,,,,,,,,,,,,,,,,,,,,,,,,,,,,,,
training_event,training,4958d349-1ff1-4f6b-8344-fca7d4d717aa,d589c078-0fb7-4e4e-bbee-5cb064c75d1f,2026-09-06T09:49:05.920000+00:00,keyup,32,,115.6,,,,,,,,,controlled_typing,0,,,,,,,,,,/app/training,dev_2d73e02d-8068-4917-8e1d-bcd4688456d1,,,,,,,,,,,,,,,,,,,,,,,,,,,,,,,,,,,,,,,,,,,,,,,,,,,,,,,,,,,,,,,,,,
training_event,training,4958d349-1ff1-4f6b-8344-fca7d4d717aa,d589c078-0fb7-4e4e-bbee-5cb064c75d1f,2026-09-06T09:49:06.054000+00:00,keydown,70,f,,250.0,,,,,,,,controlled_typing,0,,,,,,,,,,/app/training,dev_2d73e02d-8068-4917-8e1d-bcd4688456d1,,,,,,,,,,,,,,,,,,,,,,,,,,,,,,,,,,,,,,,,,,,,,,,,,,,,,,,,,,,,,,,,,,
training_event,training,4958d349-1ff1-4f6b-8344-fca7d4d717aa,d589c078-0fb7-4e4e-bbee-5cb064c75d1f,2026-09-06T09:49:06.153000+00:00,keyup,70,,99.1,,,,,,,,,controlled_typing,0,,,,,,,,,,/app/training,dev_2d73e02d-8068-4917-8e1d-bcd4688456d1,,,,,,,,,,,,,,,,,,,,,,,,,,,,,,,,,,,,,,,,,,,,,,,,,,,,,,,,,,,,,,,,,,
training_event,training,4958d349-1ff1-4f6b-8344-fca7d4d717aa,d589c078-0fb7-4e4e-bbee-5cb064c75d1f,2026-09-06T09:49:06.308000+00:00,keydown,79,o,,253.7,,,,,,,,controlled_typing,0,,,,,,,,,,/app/training,dev_2d73e02d-8068-4917-8e1d-bcd4688456d1,,,,,,,,,,,,,,,,,,,,,,,,,,,,,,,,,,,,,,,,,,,,,,,,,,,,,,,,,,,,,,,,,,
training_event,training,4958d349-1ff1-4f6b-8344-fca7d4d717aa,d589c078-0fb7-4e4e-bbee-5cb064c75d1f,2026-09-06T09:49:06.375000+00:00,keyup,79,,67.1,,,,,,,,,controlled_typing,0,,,,,,,,,,/app/training,dev_2d73e02d-8068-4917-8e1d-bcd4688456d1,,,,,,,,,,,,,,,,,,,,,,,,,,,,,,,,,,,,,,,,,,,,,,,,,,,,,,,,,,,,,,,,,,
training_event,training,4958d349-1ff1-4f6b-8344-fca7d4d717aa,d589c078-0fb7-4e4e-bbee-5cb064c75d1f,2026-09-06T09:49:06.608000+00:00,keydown,88,x,,300.2,,,,,,,,controlled_typing,0,,,,,,,,,,/app/training,dev_2d73e02d-8068-4917-8e1d-bcd4688456d1,,,,,,,,,,,,,,,,,,,,,,,,,,,,,,,,,,,,,,,,,,,,,,,,,,,,,,,,,,,,,,,,,,
training_event,training,4958d349-1ff1-4f6b-8344-fca7d4d717aa,d589c078-0fb7-4e4e-bbee-5cb064c75d1f,2026-09-06T09:49:06.740000+00:00,keyup,88,,132.1,,,,,,,,,controlled_typing,0,,,,,,,,,,/app/training,dev_2d73e02d-8068-4917-8e1d-bcd4688456d1,,,,,,,,,,,,,,,,,,,,,,,,,,,,,,,,,,,,,,,,,,,,,,,,,,,,,,,,,,,,,,,,,,
training_event,training,4958d349-1ff1-4f6b-8344-fca7d4d717aa,d589c078-0fb7-4e4e-bbee-5cb064c75d1f,2026-09-06T09:49:06.768000+00:00,keydown,32, ,,159.8,,,,,,,,controlled_typing,0,,,,,,,,,,/app/training,dev_2d73e02d-8068-4917-8e1d-bcd4688456d1,,,,,,,,,,,,,,,,,,,,,,,,,,,,,,,,,,,,,,,,,,,,,,,,,,,,,,,,,,,,,,,,,,
training_event,training,4958d349-1ff1-4f6b-8344-fca7d4d717aa,d589c078-0fb7-4e4e-bbee-5cb064c75d1f,2026-09-06T09:49:06.894000+00:00,keyup,32,,126.2,,,,,,,,,controlled_typing,0,,,,,,,,,,/app/training,dev_2d73e02d-8068-4917-8e1d-bcd4688456d1,,,,,,,,,,,,,,,,,,,,,,,,,,,,,,,,,,,,,,,,,,,,,,,,,,,,,,,,,,,,,,,,,,
training_event,training,4958d349-1ff1-4f6b-8344-fca7d4d717aa,d589c078-0fb7-4e4e-bbee-5cb064c75d1f,2026-09-06T09:49:07.711000+00:00,keydown,74,j,,943.4,,,,,,,,controlled_typing,0,,,,,,,,,,/app/training,dev_2d73e02d-8068-4917-8e1d-bcd4688456d1,,,,,,,,,,,,,,,,,,,,,,,,,,,,,,,,,,,,,,,,,,,,,,,,,,,,,,,,,,,,,,,,,,
training_event,training,4958d349-1ff1-4f6b-8344-fca7d4d717aa,d589c078-0fb7-4e4e-bbee-5cb064c75d1f,2026-09-06T09:49:07.803000+00:00,keyup,74,,92.0,,,,,,,,,controlled_typing,0,,,,,,,,,,/app/training,dev_2d73e02d-8068-4917-8e1d-bcd4688456d1,,,,,,,,,,,,,,,,,,,,,,,,,,,,,,,,,,,,,,,,,,,,,,,,,,,,,,,,,,,,,,,,,,
training_event,training,4958d349-1ff1-4f6b-8344-fca7d4d717aa,d589c078-0fb7-4e4e-bbee-5cb064c75d1f,2026-09-06T09:49:07.905000+00:00,keydown,85,u,,193.5,,,,,,,,controlled_typing,0,,,,,,,,,,/app/training,dev_2d73e02d-8068-4917-8e1d-bcd4688456d1,,,,,,,,,,,,,,,,,,,,,,,,,,,,,,,,,,,,,,,,,,,,,,,,,,,,,,,,,,,,,,,,,,
training_event,training,4958d349-1ff1-4f6b-8344-fca7d4d717aa,d589c078-0fb7-4e4e-bbee-5cb064c75d1f,2026-09-06T09:49:07.961000+00:00,keyup,85,,56.0,,,,,,,,,controlled_typing,0,,,,,,,,,,/app/training,dev_2d73e02d-8068-4917-8e1d-bcd4688456d1,,,,,,,,,,,,,,,,,,,,,,,,,,,,,,,,,,,,,,,,,,,,,,,,,,,,,,,,,,,,,,,,,,
training_event,training,4958d349-1ff1-4f6b-8344-fca7d4d717aa,d589c078-0fb7-4e4e-bbee-5cb064c75d1f,2026-09-06T09:49:08.162000+00:00,keydown,77,m,,257.1,,,,,,,,controlled_typing,0,,,,,,,,,,/app/training,dev_2d73e02d-8068-4917-8e1d-bcd4688456d1,,,,,,,,,,,,,,,,,,,,,,,,,,,,,,,,,,,,,,,,,,,,,,,,,,,,,,,,,,,,,,,,,,
training_event,training,4958d349-1ff1-4f6b-8344-fca7d4d717aa,d589c078-0fb7-4e4e-bbee-5cb064c75d1f,2026-09-06T09:49:08.224000+00:00,keyup,77,,62.7,,,,,,,,,controlled_typing,0,,,,,,,,,,/app/training,dev_2d73e02d-8068-4917-8e1d-bcd4688456d1,,,,,,,,,,,,,,,,,,,,,,,,,,,,,,,,,,,,,,,,,,,,,,,,,,,,,,,,,,,,,,,,,,
training_event,training,4958d349-1ff1-4f6b-8344-fca7d4d717aa,d589c078-0fb7-4e4e-bbee-5cb064c75d1f,2026-09-06T09:49:08.355000+00:00,keydown,80,p,,193.2,,,,,,,,controlled_typing,0,,,,,,,,,,/app/training,dev_2d73e02d-8068-4917-8e1d-bcd4688456d1,,,,,,,,,,,,,,,,,,,,,,,,,,,,,,,,,,,,,,,,,,,,,,,,,,,,,,,,,,,,,,,,,,
training_event,training,4958d349-1ff1-4f6b-8344-fca7d4d717aa,d589c078-0fb7-4e4e-bbee-5cb064c75d1f,2026-09-06T09:49:08.424000+00:00,keyup,80,,69.1,,,,,,,,,controlled_typing,0,,,,,,,,,,/app/training,dev_2d73e02d-8068-4917-8e1d-bcd4688456d1,,,,,,,,,,,,,,,,,,,,,,,,,,,,,,,,,,,,,,,,,,,,,,,,,,,,,,,,,,,,,,,,,,
training_event,training,4958d349-1ff1-4f6b-8344-fca7d4d717aa,d589c078-0fb7-4e4e-bbee-5cb064c75d1f,2026-09-06T09:49:08.690000+00:00,keydown,83,s,,335.5,,,,,,,,controlled_typing,0,,,,,,,,,,/app/training,dev_2d73e02d-8068-4917-8e1d-bcd4688456d1,,,,,,,,,,,,,,,,,,,,,,,,,,,,,,,,,,,,,,,,,,,,,,,,,,,,,,,,,,,,,,,,,,
training_event,training,4958d349-1ff1-4f6b-8344-fca7d4d717aa,d589c078-0fb7-4e4e-bbee-5cb064c75d1f,2026-09-06T09:49:08.890000+00:00,keyup,83,,199.5,,,,,,,,,controlled_typing,0,,,,,,,,,,/app/training,dev_2d73e02d-8068-4917-8e1d-bcd4688456d1,,,,,,,,,,,,,,,,,,,,,,,,,,,,,,,,,,,,,,,,,,,,,,,,,,,,,,,,,,,,,,,,,,
training_event,training,4958d349-1ff1-4f6b-8344-fca7d4d717aa,d589c078-0fb7-4e4e-bbee-5cb064c75d1f,2026-09-06T09:49:08.954000+00:00,keydown,32, ,,263.7,,,,,,,,controlled_typing,0,,,,,,,,,,/app/training,dev_2d73e02d-8068-4917-8e1d-bcd4688456d1,,,,,,,,,,,,,,,,,,,,,,,,,,,,,,,,,,,,,,,,,,,,,,,,,,,,,,,,,,,,,,,,,,
training_event,training,4958d349-1ff1-4f6b-8344-fca7d4d717aa,d589c078-0fb7-4e4e-bbee-5cb064c75d1f,2026-09-06T09:49:09.074000+00:00,keyup,32,,119.6,,,,,,,,,controlled_typing,0,,,,,,,,,,/app/training,dev_2d73e02d-8068-4917-8e1d-bcd4688456d1,,,,,,,,,,,,,,,,,,,,,,,,,,,,,,,,,,,,,,,,,,,,,,,,,,,,,,,,,,,,,,,,,,
training_event,training,4958d349-1ff1-4f6b-8344-fca7d4d717aa,d589c078-0fb7-4e4e-bbee-5cb064c75d1f,2026-09-06T09:49:09.825000+00:00,keydown,79,o,,871.1,,,,,,,,controlled_typing,0,,,,,,,,,,/app/training,dev_2d73e02d-8068-4917-8e1d-bcd4688456d1,,,,,,,,,,,,,,,,,,,,,,,,,,,,,,,,,,,,,,,,,,,,,,,,,,,,,,,,,,,,,,,,,,
training_event,training,4958d349-1ff1-4f6b-8344-fca7d4d717aa,d589c078-0fb7-4e4e-bbee-5cb064c75d1f,2026-09-06T09:49:09.894000+00:00,keyup,79,,68.7,,,,,,,,,controlled_typing,0,,,,,,,,,,/app/training,dev_2d73e02d-8068-4917-8e1d-bcd4688456d1,,,,,,,,,,,,,,,,,,,,,,,,,,,,,,,,,,,,,,,,,,,,,,,,,,,,,,,,,,,,,,,,,,
training_event,training,4958d349-1ff1-4f6b-8344-fca7d4d717aa,d589c078-0fb7-4e4e-bbee-5cb064c75d1f,2026-09-06T09:49:10.191000+00:00,keydown,86,v,,365.8,,,,,,,,controlled_typing,0,,,,,,,,,,/app/training,dev_2d73e02d-8068-4917-8e1d-bcd4688456d1,,,,,,,,,,,,,,,,,,,,,,,,,,,,,,,,,,,,,,,,,,,,,,,,,,,,,,,,,,,,,,,,,,
training_event,training,4958d349-1ff1-4f6b-8344-fca7d4d717aa,d589c078-0fb7-4e4e-bbee-5cb064c75d1f,2026-09-06T09:49:10.253000+00:00,keyup,86,,61.9,,,,,,,,,controlled_typing,0,,,,,,,,,,/app/training,dev_2d73e02d-8068-4917-8e1d-bcd4688456d1,,,,,,,,,,,,,,,,,,,,,,,,,,,,,,,,,,,,,,,,,,,,,,,,,,,,,,,,,,,,,,,,,,
training_event,training,4958d349-1ff1-4f6b-8344-fca7d4d717aa,d589c078-0fb7-4e4e-bbee-5cb064c75d1f,2026-09-06T09:49:10.383000+00:00,keydown,69,e,,192.2,,,,,,,,controlled_typing,0,,,,,,,,,,/app/training,dev_2d73e02d-8068-4917-8e1d-bcd4688456d1,,,,,,,,,,,,,,,,,,,,,,,,,,,,,,,,,,,,,,,,,,,,,,,,,,,,,,,,,,,,,,,,,,
training_event,training,4958d349-1ff1-4f6b-8344-fca7d4d717aa,d589c078-0fb7-4e4e-bbee-5cb064c75d1f,2026-09-06T09:49:10.525000+00:00,keydown,82,r,,141.7,,,,,,,,controlled_typing,0,,,,,,,,,,/app/training,dev_2d73e02d-8068-4917-8e1d-bcd4688456d1,,,,,,,,,,,,,,,,,,,,,,,,,,,,,,,,,,,,,,,,,,,,,,,,,,,,,,,,,,,,,,,,,,
training_event,training,4958d349-1ff1-4f6b-8344-fca7d4d717aa,d589c078-0fb7-4e4e-bbee-5cb064c75d1f,2026-09-06T09:49:10.570000+00:00,keyup,69,,186.5,,,,,,,,,controlled_typing,0,,,,,,,,,,/app/training,dev_2d73e02d-8068-4917-8e1d-bcd4688456d1,,,,,,,,,,,,,,,,,,,,,,,,,,,,,,,,,,,,,,,,,,,,,,,,,,,,,,,,,,,,,,,,,,
training_event,training,4958d349-1ff1-4f6b-8344-fca7d4d717aa,d589c078-0fb7-4e4e-bbee-5cb064c75d1f,2026-09-06T09:49:10.608000+00:00,keydown,32, ,,83.5,,,,,,,,controlled_typing,0,,,,,,,,,,/app/training,dev_2d73e02d-8068-4917-8e1d-bcd4688456d1,,,,,,,,,,,,,,,,,,,,,,,,,,,,,,,,,,,,,,,,,,,,,,,,,,,,,,,,,,,,,,,,,,
training_event,training,4958d349-1ff1-4f6b-8344-fca7d4d717aa,d589c078-0fb7-4e4e-bbee-5cb064c75d1f,2026-09-06T09:49:10.656000+00:00,keyup,82,,130.9,,,,,,,,,controlled_typing,0,,,,,,,,,,/app/training,dev_2d73e02d-8068-4917-8e1d-bcd4688456d1,,,,,,,,,,,,,,,,,,,,,,,,,,,,,,,,,,,,,,,,,,,,,,,,,,,,,,,,,,,,,,,,,,
training_event,training,4958d349-1ff1-4f6b-8344-fca7d4d717aa,d589c078-0fb7-4e4e-bbee-5cb064c75d1f,2026-09-06T09:49:10.736000+00:00,keyup,32,,127.9,,,,,,,,,controlled_typing,0,,,,,,,,,,/app/training,dev_2d73e02d-8068-4917-8e1d-bcd4688456d1,,,,,,,,,,,,,,,,,,,,,,,,,,,,,,,,,,,,,,,,,,,,,,,,,,,,,,,,,,,,,,,,,,
training_event,training,4958d349-1ff1-4f6b-8344-fca7d4d717aa,d589c078-0fb7-4e4e-bbee-5cb064c75d1f,2026-09-06T09:49:11.017000+00:00,keydown,84,t,,408.8,,,,,,,,controlled_typing,0,,,,,,,,,,/app/training,dev_2d73e02d-8068-4917-8e1d-bcd4688456d1,,,,,,,,,,,,,,,,,,,,,,,,,,,,,,,,,,,,,,,,,,,,,,,,,,,,,,,,,,,,,,,,,,
training_event,training,4958d349-1ff1-4f6b-8344-fca7d4d717aa,d589c078-0fb7-4e4e-bbee-5cb064c75d1f,2026-09-06T09:49:11.086000+00:00,keyup,84,,69.3,,,,,,,,,controlled_typing,0,,,,,,,,,,/app/training,dev_2d73e02d-8068-4917-8e1d-bcd4688456d1,,,,,,,,,,,,,,,,,,,,,,,,,,,,,,,,,,,,,,,,,,,,,,,,,,,,,,,,,,,,,,,,,,
training_event,training,4958d349-1ff1-4f6b-8344-fca7d4d717aa,d589c078-0fb7-4e4e-bbee-5cb064c75d1f,2026-09-06T09:49:11.238000+00:00,keydown,72,h,,221.1,,,,,,,,controlled_typing,0,,,,,,,,,,/app/training,dev_2d73e02d-8068-4917-8e1d-bcd4688456d1,,,,,,,,,,,,,,,,,,,,,,,,,,,,,,,,,,,,,,,,,,,,,,,,,,,,,,,,,,,,,,,,,,
training_event,training,4958d349-1ff1-4f6b-8344-fca7d4d717aa,d589c078-0fb7-4e4e-bbee-5cb064c75d1f,2026-09-06T09:49:11.321000+00:00,keyup,72,,83.0,,,,,,,,,controlled_typing,0,,,,,,,,,,/app/training,dev_2d73e02d-8068-4917-8e1d-bcd4688456d1,,,,,,,,,,,,,,,,,,,,,,,,,,,,,,,,,,,,,,,,,,,,,,,,,,,,,,,,,,,,,,,,,,
training_event,training,4958d349-1ff1-4f6b-8344-fca7d4d717aa,d589c078-0fb7-4e4e-bbee-5cb064c75d1f,2026-09-06T09:49:11.377000+00:00,keydown,69,e,,139.2,,,,,,,,controlled_typing,0,,,,,,,,,,/app/training,dev_2d73e02d-8068-4917-8e1d-bcd4688456d1,,,,,,,,,,,,,,,,,,,,,,,,,,,,,,,,,,,,,,,,,,,,,,,,,,,,,,,,,,,,,,,,,,
training_event,training,4958d349-1ff1-4f6b-8344-fca7d4d717aa,d589c078-0fb7-4e4e-bbee-5cb064c75d1f,2026-09-06T09:49:11.489000+00:00,keydown,32, ,,111.5,,,,,,,,controlled_typing,0,,,,,,,,,,/app/training,dev_2d73e02d-8068-4917-8e1d-bcd4688456d1,,,,,,,,,,,,,,,,,,,,,,,,,,,,,,,,,,,,,,,,,,,,,,,,,,,,,,,,,,,,,,,,,,
training_event,training,4958d349-1ff1-4f6b-8344-fca7d4d717aa,d589c078-0fb7-4e4e-bbee-5cb064c75d1f,2026-09-06T09:49:11.536000+00:00,keyup,69,,158.7,,,,,,,,,controlled_typing,0,,,,,,,,,,/app/training,dev_2d73e02d-8068-4917-8e1d-bcd4688456d1,,,,,,,,,,,,,,,,,,,,,,,,,,,,,,,,,,,,,,,,,,,,,,,,,,,,,,,,,,,,,,,,,,
training_event,training,4958d349-1ff1-4f6b-8344-fca7d4d717aa,d589c078-0fb7-4e4e-bbee-5cb064c75d1f,2026-09-06T09:49:11.636000+00:00,keyup,32,,147.4,,,,,,,,,controlled_typing,0,,,,,,,,,,/app/training,dev_2d73e02d-8068-4917-8e1d-bcd4688456d1,,,,,,,,,,,,,,,,,,,,,,,,,,,,,,,,,,,,,,,,,,,,,,,,,,,,,,,,,,,,,,,,,,
training_event,training,4958d349-1ff1-4f6b-8344-fca7d4d717aa,d589c078-0fb7-4e4e-bbee-5cb064c75d1f,2026-09-06T09:49:11.775000+00:00,keydown,76,l,,286.2,,,,,,,,controlled_typing,0,,,,,,,,,,/app/training,dev_2d73e02d-8068-4917-8e1d-bcd4688456d1,,,,,,,,,,,,,,,,,,,,,,,,,,,,,,,,,,,,,,,,,,,,,,,,,,,,,,,,,,,,,,,,,,
training_event,training,4958d349-1ff1-4f6b-8344-fca7d4d717aa,d589c078-0fb7-4e4e-bbee-5cb064c75d1f,2026-09-06T09:49:11.856000+00:00,keyup,76,,80.6,,,,,,,,,controlled_typing,0,,,,,,,,,,/app/training,dev_2d73e02d-8068-4917-8e1d-bcd4688456d1,,,,,,,,,,,,,,,,,,,,,,,,,,,,,,,,,,,,,,,,,,,,,,,,,,,,,,,,,,,,,,,,,,
training_event,training,4958d349-1ff1-4f6b-8344-fca7d4d717aa,d589c078-0fb7-4e4e-bbee-5cb064c75d1f,2026-09-06T09:49:11.911000+00:00,keydown,65,a,,135.9,,,,,,,,controlled_typing,0,,,,,,,,,,/app/training,dev_2d73e02d-8068-4917-8e1d-bcd4688456d1,,,,,,,,,,,,,,,,,,,,,,,,,,,,,,,,,,,,,,,,,,,,,,,,,,,,,,,,,,,,,,,,,,
training_event,training,4958d349-1ff1-4f6b-8344-fca7d4d717aa,d589c078-0fb7-4e4e-bbee-5cb064c75d1f,2026-09-06T09:49:12.037000+00:00,keyup,65,,125.5,,,,,,,,,controlled_typing,0,,,,,,,,,,/app/training,dev_2d73e02d-8068-4917-8e1d-bcd4688456d1,,,,,,,,,,,,,,,,,,,,,,,,,,,,,,,,,,,,,,,,,,,,,,,,,,,,,,,,,,,,,,,,,,
training_event,training,4958d349-1ff1-4f6b-8344-fca7d4d717aa,d589c078-0fb7-4e4e-bbee-5cb064c75d1f,2026-09-06T09:49:12.620000+00:00,keydown,90,z,,708.9,,,,,,,,controlled_typing,0,,,,,,,,,,/app/training,dev_2d73e02d-8068-4917-8e1d-bcd4688456d1,,,,,,,,,,,,,,,,,,,,,,,,,,,,,,,,,,,,,,,,,,,,,,,,,,,,,,,,,,,,,,,,,,
training_event,training,4958d349-1ff1-4f6b-8344-fca7d4d717aa,d589c078-0fb7-4e4e-bbee-5cb064c75d1f,2026-09-06T09:49:12.740000+00:00,keyup,90,,119.8,,,,,,,,,controlled_typing,0,,,,,,,,,,/app/training,dev_2d73e02d-8068-4917-8e1d-bcd4688456d1,,,,,,,,,,,,,,,,,,,,,,,,,,,,,,,,,,,,,,,,,,,,,,,,,,,,,,,,,,,,,,,,,,
training_event,training,4958d349-1ff1-4f6b-8344-fca7d4d717aa,d589c078-0fb7-4e4e-bbee-5cb064c75d1f,2026-09-06T09:49:12.771000+00:00,keydown,89,y,,150.9,,,,,,,,controlled_typing,0,,,,,,,,,,/app/training,dev_2d73e02d-8068-4917-8e1d-bcd4688456d1,,,,,,,,,,,,,,,,,,,,,,,,,,,,,,,,,,,,,,,,,,,,,,,,,,,,,,,,,,,,,,,,,,
training_event,training,4958d349-1ff1-4f6b-8344-fca7d4d717aa,d589c078-0fb7-4e4e-bbee-5cb064c75d1f,2026-09-06T09:49:12.825000+00:00,keyup,89,,53.9,,,,,,,,,controlled_typing,0,,,,,,,,,,/app/training,dev_2d73e02d-8068-4917-8e1d-bcd4688456d1,,,,,,,,,,,,,,,,,,,,,,,,,,,,,,,,,,,,,,,,,,,,,,,,,,,,,,,,,,,,,,,,,,
training_event,training,4958d349-1ff1-4f6b-8344-fca7d4d717aa,d589c078-0fb7-4e4e-bbee-5cb064c75d1f,2026-09-06T09:49:12.955000+00:00,keydown,32, ,,184.1,,,,,,,,controlled_typing,0,,,,,,,,,,/app/training,dev_2d73e02d-8068-4917-8e1d-bcd4688456d1,,,,,,,,,,,,,,,,,,,,,,,,,,,,,,,,,,,,,,,,,,,,,,,,,,,,,,,,,,,,,,,,,,
training_event,training,4958d349-1ff1-4f6b-8344-fca7d4d717aa,d589c078-0fb7-4e4e-bbee-5cb064c75d1f,2026-09-06T09:49:13.053000+00:00,keyup,32,,98.3,,,,,,,,,controlled_typing,0,,,,,,,,,,/app/training,dev_2d73e02d-8068-4917-8e1d-bcd4688456d1,,,,,,,,,,,,,,,,,,,,,,,,,,,,,,,,,,,,,,,,,,,,,,,,,,,,,,,,,,,,,,,,,,
training_event,training,4958d349-1ff1-4f6b-8344-fca7d4d717aa,d589c078-0fb7-4e4e-bbee-5cb064c75d1f,2026-09-06T09:49:13.278000+00:00,keydown,68,d,,322.7,,,,,,,,controlled_typing,0,,,,,,,,,,/app/training,dev_2d73e02d-8068-4917-8e1d-bcd4688456d1,,,,,,,,,,,,,,,,,,,,,,,,,,,,,,,,,,,,,,,,,,,,,,,,,,,,,,,,,,,,,,,,,,
training_event,training,4958d349-1ff1-4f6b-8344-fca7d4d717aa,d589c078-0fb7-4e4e-bbee-5cb064c75d1f,2026-09-06T09:49:13.348000+00:00,keyup,68,,70.6,,,,,,,,,controlled_typing,0,,,,,,,,,,/app/training,dev_2d73e02d-8068-4917-8e1d-bcd4688456d1,,,,,,,,,,,,,,,,,,,,,,,,,,,,,,,,,,,,,,,,,,,,,,,,,,,,,,,,,,,,,,,,,,
training_event,training,4958d349-1ff1-4f6b-8344-fca7d4d717aa,d589c078-0fb7-4e4e-bbee-5cb064c75d1f,2026-09-06T09:49:13.395000+00:00,keydown,79,o,,116.9,,,,,,,,controlled_typing,0,,,,,,,,,,/app/training,dev_2d73e02d-8068-4917-8e1d-bcd4688456d1,,,,,,,,,,,,,,,,,,,,,,,,,,,,,,,,,,,,,,,,,,,,,,,,,,,,,,,,,,,,,,,,,,
training_event,training,4958d349-1ff1-4f6b-8344-fca7d4d717aa,d589c078-0fb7-4e4e-bbee-5cb064c75d1f,2026-09-06T09:49:13.471000+00:00,keyup,79,,76.6,,,,,,,,,controlled_typing,0,,,,,,,,,,/app/training,dev_2d73e02d-8068-4917-8e1d-bcd4688456d1,,,,,,,,,,,,,,,,,,,,,,,,,,,,,,,,,,,,,,,,,,,,,,,,,,,,,,,,,,,,,,,,,,
training_event,training,4958d349-1ff1-4f6b-8344-fca7d4d717aa,d589c078-0fb7-4e4e-bbee-5cb064c75d1f,2026-09-06T09:49:13.738000+00:00,keydown,71,g,,343.3,,,,,,,,controlled_typing,0,,,,,,,,,,/app/training,dev_2d73e02d-8068-4917-8e1d-bcd4688456d1,,,,,,,,,,,,,,,,,,,,,,,,,,,,,,,,,,,,,,,,,,,,,,,,,,,,,,,,,,,,,,,,,,
training_event,training,4958d349-1ff1-4f6b-8344-fca7d4d717aa,d589c078-0fb7-4e4e-bbee-5cb064c75d1f,2026-09-06T09:49:13.820000+00:00,keyup,71,,82.0,,,,,,,,,controlled_typing,0,,,,,,,,,,/app/training,dev_2d73e02d-8068-4917-8e1d-bcd4688456d1,,,,,,,,,,,,,,,,,,,,,,,,,,,,,,,,,,,,,,,,,,,,,,,,,,,,,,,,,,,,,,,,,,
training_event,training,4958d349-1ff1-4f6b-8344-fca7d4d717aa,d589c078-0fb7-4e4e-bbee-5cb064c75d1f,2026-09-06T09:49:15.028000+00:00,keydown,190,.,,1290.4,,,,,,,,controlled_typing,0,,,,,,,,,,/app/training,dev_2d73e02d-8068-4917-8e1d-bcd4688456d1,,,,,,,,,,,,,,,,,,,,,,,,,,,,,,,,,,,,,,,,,,,,,,,,,,,,,,,,,,,,,,,,,,
training_event,training,4958d349-1ff1-4f6b-8344-fca7d4d717aa,5b37830b-d562-4b82-982e-192ac6e77c00,2026-09-06T09:49:20.191000+00:00,keydown,65,A,,,,,,,,,,controlled_typing,1,,,,,,,,,,/app/training,dev_2d73e02d-8068-4917-8e1d-bcd4688456d1,,,,,,,,,,,,,,,,,,,,,,,,,,,,,,,,,,,,,,,,,,,,,,,,,,,,,,,,,,,,,,,,,,
training_event,training,4958d349-1ff1-4f6b-8344-fca7d4d717aa,5b37830b-d562-4b82-982e-192ac6e77c00,2026-09-06T09:49:20.294000+00:00,keyup,65,,102.6,,,,,,,,,controlled_typing,1,,,,,,,,,,/app/training,dev_2d73e02d-8068-4917-8e1d-bcd4688456d1,,,,,,,,,,,,,,,,,,,,,,,,,,,,,,,,,,,,,,,,,,,,,,,,,,,,,,,,,,,,,,,,,,
training_event,training,4958d349-1ff1-4f6b-8344-fca7d4d717aa,5b37830b-d562-4b82-982e-192ac6e77c00,2026-09-06T09:49:20.529000+00:00,keydown,68,d,,337.5,,,,,,,,controlled_typing,1,,,,,,,,,,/app/training,dev_2d73e02d-8068-4917-8e1d-bcd4688456d1,,,,,,,,,,,,,,,,,,,,,,,,,,,,,,,,,,,,,,,,,,,,,,,,,,,,,,,,,,,,,,,,,,
training_event,training,4958d349-1ff1-4f6b-8344-fca7d4d717aa,5b37830b-d562-4b82-982e-192ac6e77c00,2026-09-06T09:49:20.569000+00:00,keyup,68,,40.7,,,,,,,,,controlled_typing,1,,,,,,,,,,/app/training,dev_2d73e02d-8068-4917-8e1d-bcd4688456d1,,,,,,,,,,,,,,,,,,,,,,,,,,,,,,,,,,,,,,,,,,,,,,,,,,,,,,,,,,,,,,,,,,
training_event,training,4958d349-1ff1-4f6b-8344-fca7d4d717aa,5b37830b-d562-4b82-982e-192ac6e77c00,2026-09-06T09:49:20.699000+00:00,keydown,65,a,,170.9,,,,,,,,controlled_typing,1,,,,,,,,,,/app/training,dev_2d73e02d-8068-4917-8e1d-bcd4688456d1,,,,,,,,,,,,,,,,,,,,,,,,,,,,,,,,,,,,,,,,,,,,,,,,,,,,,,,,,,,,,,,,,,
training_event,training,4958d349-1ff1-4f6b-8344-fca7d4d717aa,5b37830b-d562-4b82-982e-192ac6e77c00,2026-09-06T09:49:20.852000+00:00,keyup,65,,152.8,,,,,,,,,controlled_typing,1,,,,,,,,,,/app/training,dev_2d73e02d-8068-4917-8e1d-bcd4688456d1,,,,,,,,,,,,,,,,,,,,,,,,,,,,,,,,,,,,,,,,,,,,,,,,,,,,,,,,,,,,,,,,,,
training_event,training,4958d349-1ff1-4f6b-8344-fca7d4d717aa,5b37830b-d562-4b82-982e-192ac6e77c00,2026-09-06T09:49:20.895000+00:00,keydown,80,p,,195.6,,,,,,,,controlled_typing,1,,,,,,,,,,/app/training,dev_2d73e02d-8068-4917-8e1d-bcd4688456d1,,,,,,,,,,,,,,,,,,,,,,,,,,,,,,,,,,,,,,,,,,,,,,,,,,,,,,,,,,,,,,,,,,
training_event,training,4958d349-1ff1-4f6b-8344-fca7d4d717aa,5b37830b-d562-4b82-982e-192ac6e77c00,2026-09-06T09:49:20.977000+00:00,keyup,80,,82.3,,,,,,,,,controlled_typing,1,,,,,,,,,,/app/training,dev_2d73e02d-8068-4917-8e1d-bcd4688456d1,,,,,,,,,,,,,,,,,,,,,,,,,,,,,,,,,,,,,,,,,,,,,,,,,,,,,,,,,,,,,,,,,,
training_event,training,4958d349-1ff1-4f6b-8344-fca7d4d717aa,5b37830b-d562-4b82-982e-192ac6e77c00,2026-09-06T09:49:21.133000+00:00,keydown,84,t,,237.6,,,,,,,,controlled_typing,1,,,,,,,,,,/app/training,dev_2d73e02d-8068-4917-8e1d-bcd4688456d1,,,,,,,,,,,,,,,,,,,,,,,,,,,,,,,,,,,,,,,,,,,,,,,,,,,,,,,,,,,,,,,,,,
training_event,training,4958d349-1ff1-4f6b-8344-fca7d4d717aa,5b37830b-d562-4b82-982e-192ac6e77c00,2026-09-06T09:49:21.250000+00:00,keyup,84,,117.0,,,,,,,,,controlled_typing,1,,,,,,,,,,/app/training,dev_2d73e02d-8068-4917-8e1d-bcd4688456d1,,,,,,,,,,,,,,,,,,,,,,,,,,,,,,,,,,,,,,,,,,,,,,,,,,,,,,,,,,,,,,,,,,
training_event,training,4958d349-1ff1-4f6b-8344-fca7d4d717aa,5b37830b-d562-4b82-982e-192ac6e77c00,2026-09-06T09:49:21.307000+00:00,keydown,73,i,,173.9,,,,,,,,controlled_typing,1,,,,,,,,,,/app/training,dev_2d73e02d-8068-4917-8e1d-bcd4688456d1,,,,,,,,,,,,,,,,,,,,,,,,,,,,,,,,,,,,,,,,,,,,,,,,,,,,,,,,,,,,,,,,,,
training_event,training,4958d349-1ff1-4f6b-8344-fca7d4d717aa,5b37830b-d562-4b82-982e-192ac6e77c00,2026-09-06T09:49:21.370000+00:00,keyup,73,,63.1,,,,,,,,,controlled_typing,1,,,,,,,,,,/app/training,dev_2d73e02d-8068-4917-8e1d-bcd4688456d1,,,,,,,,,,,,,,,,,,,,,,,,,,,,,,,,,,,,,,,,,,,,,,,,,,,,,,,,,,,,,,,,,,
training_event,training,4958d349-1ff1-4f6b-8344-fca7d4d717aa,5b37830b-d562-4b82-982e-192ac6e77c00,2026-09-06T09:49:21.651000+00:00,keydown,86,v,,344.1,,,,,,,,controlled_typing,1,,,,,,,,,,/app/training,dev_2d73e02d-8068-4917-8e1d-bcd4688456d1,,,,,,,,,,,,,,,,,,,,,,,,,,,,,,,,,,,,,,,,,,,,,,,,,,,,,,,,,,,,,,,,,,
training_event,training,4958d349-1ff1-4f6b-8344-fca7d4d717aa,5b37830b-d562-4b82-982e-192ac6e77c00,2026-09-06T09:49:21.705000+00:00,keyup,86,,53.9,,,,,,,,,controlled_typing,1,,,,,,,,,,/app/training,dev_2d73e02d-8068-4917-8e1d-bcd4688456d1,,,,,,,,,,,,,,,,,,,,,,,,,,,,,,,,,,,,,,,,,,,,,,,,,,,,,,,,,,,,,,,,,,
training_event,training,4958d349-1ff1-4f6b-8344-fca7d4d717aa,5b37830b-d562-4b82-982e-192ac6e77c00,2026-09-06T09:49:21.937000+00:00,keydown,69,e,,286.6,,,,,,,,controlled_typing,1,,,,,,,,,,/app/training,dev_2d73e02d-8068-4917-8e1d-bcd4688456d1,,,,,,,,,,,,,,,,,,,,,,,,,,,,,,,,,,,,,,,,,,,,,,,,,,,,,,,,,,,,,,,,,,
training_event,training,4958d349-1ff1-4f6b-8344-fca7d4d717aa,5b37830b-d562-4b82-982e-192ac6e77c00,2026-09-06T09:49:21.988000+00:00,keyup,69,,51.2,,,,,,,,,controlled_typing,1,,,,,,,,,,/app/training,dev_2d73e02d-8068-4917-8e1d-bcd4688456d1,,,,,,,,,,,,,,,,,,,,,,,,,,,,,,,,,,,,,,,,,,,,,,,,,,,,,,,,,,,,,,,,,,
training_event,training,4958d349-1ff1-4f6b-8344-fca7d4d717aa,5b37830b-d562-4b82-982e-192ac6e77c00,2026-09-06T09:49:22.406000+00:00,keydown,71,G,,468.9,,,,,,,,controlled_typing,1,,,,,,,,,,/app/training,dev_2d73e02d-8068-4917-8e1d-bcd4688456d1,,,,,,,,,,,,,,,,,,,,,,,,,,,,,,,,,,,,,,,,,,,,,,,,,,,,,,,,,,,,,,,,,,
training_event,training,4958d349-1ff1-4f6b-8344-fca7d4d717aa,5b37830b-d562-4b82-982e-192ac6e77c00,2026-09-06T09:49:22.500000+00:00,keyup,71,,93.4,,,,,,,,,controlled_typing,1,,,,,,,,,,/app/training,dev_2d73e02d-8068-4917-8e1d-bcd4688456d1,,,,,,,,,,,,,,,,,,,,,,,,,,,,,,,,,,,,,,,,,,,,,,,,,,,,,,,,,,,,,,,,,,
training_event,training,4958d349-1ff1-4f6b-8344-fca7d4d717aa,5b37830b-d562-4b82-982e-192ac6e77c00,2026-09-06T09:49:22.645000+00:00,keydown,85,u,,238.7,,,,,,,,controlled_typing,1,,,,,,,,,,/app/training,dev_2d73e02d-8068-4917-8e1d-bcd4688456d1,,,,,,,,,,,,,,,,,,,,,,,,,,,,,,,,,,,,,,,,,,,,,,,,,,,,,,,,,,,,,,,,,,
training_event,training,4958d349-1ff1-4f6b-8344-fca7d4d717aa,5b37830b-d562-4b82-982e-192ac6e77c00,2026-09-06T09:49:22.750000+00:00,keyup,85,,105.4,,,,,,,,,controlled_typing,1,,,,,,,,,,/app/training,dev_2d73e02d-8068-4917-8e1d-bcd4688456d1,,,,,,,,,,,,,,,,,,,,,,,,,,,,,,,,,,,,,,,,,,,,,,,,,,,,,,,,,,,,,,,,,,
training_event,training,4958d349-1ff1-4f6b-8344-fca7d4d717aa,5b37830b-d562-4b82-982e-192ac6e77c00,2026-09-06T09:49:22.859000+00:00,keydown,65,a,,213.9,,,,,,,,controlled_typing,1,,,,,,,,,,/app/training,dev_2d73e02d-8068-4917-8e1d-bcd4688456d1,,,,,,,,,,,,,,,,,,,,,,,,,,,,,,,,,,,,,,,,,,,,,,,,,,,,,,,,,,,,,,,,,,
training_event,training,4958d349-1ff1-4f6b-8344-fca7d4d717aa,5b37830b-d562-4b82-982e-192ac6e77c00,2026-09-06T09:49:22.975000+00:00,keyup,65,,116.0,,,,,,,,,controlled_typing,1,,,,,,,,,,/app/training,dev_2d73e02d-8068-4917-8e1d-bcd4688456d1,,,,,,,,,,,,,,,,,,,,,,,,,,,,,,,,,,,,,,,,,,,,,,,,,,,,,,,,,,,,,,,,,,
training_event,training,4958d349-1ff1-4f6b-8344-fca7d4d717aa,5b37830b-d562-4b82-982e-192ac6e77c00,2026-09-06T09:49:23.151000+00:00,keydown,82,r,,292.6,,,,,,,,controlled_typing,1,,,,,,,,,,/app/training,dev_2d73e02d-8068-4917-8e1d-bcd4688456d1,,,,,,,,,,,,,,,,,,,,,,,,,,,,,,,,,,,,,,,,,,,,,,,,,,,,,,,,,,,,,,,,,,
training_event,training,4958d349-1ff1-4f6b-8344-fca7d4d717aa,5b37830b-d562-4b82-982e-192ac6e77c00,2026-09-06T09:49:23.220000+00:00,keyup,82,,68.5,,,,,,,,,controlled_typing,1,,,,,,,,,,/app/training,dev_2d73e02d-8068-4917-8e1d-bcd4688456d1,,,,,,,,,,,,,,,,,,,,,,,,,,,,,,,,,,,,,,,,,,,,,,,,,,,,,,,,,,,,,,,,,,
training_event,training,4958d349-1ff1-4f6b-8344-fca7d4d717aa,5b37830b-d562-4b82-982e-192ac6e77c00,2026-09-06T09:49:23.391000+00:00,keydown,68,d,,240.0,,,,,,,,controlled_typing,1,,,,,,,,,,/app/training,dev_2d73e02d-8068-4917-8e1d-bcd4688456d1,,,,,,,,,,,,,,,,,,,,,,,,,,,,,,,,,,,,,,,,,,,,,,,,,,,,,,,,,,,,,,,,,,
training_event,training,4958d349-1ff1-4f6b-8344-fca7d4d717aa,5b37830b-d562-4b82-982e-192ac6e77c00,2026-09-06T09:49:23.484000+00:00,keyup,68,,92.7,,,,,,,,,controlled_typing,1,,,,,,,,,,/app/training,dev_2d73e02d-8068-4917-8e1d-bcd4688456d1,,,,,,,,,,,,,,,,,,,,,,,,,,,,,,,,,,,,,,,,,,,,,,,,,,,,,,,,,,,,,,,,,,
training_event,training,4958d349-1ff1-4f6b-8344-fca7d4d717aa,5b37830b-d562-4b82-982e-192ac6e77c00,2026-09-06T09:49:23.567000+00:00,keydown,73,i,,176.0,,,,,,,,controlled_typing,1,,,,,,,,,,/app/training,dev_2d73e02d-8068-4917-8e1d-bcd4688456d1,,,,,,,,,,,,,,,,,,,,,,,,,,,,,,,,,,,,,,,,,,,,,,,,,,,,,,,,,,,,,,,,,,
training_event,training,4958d349-1ff1-4f6b-8344-fca7d4d717aa,5b37830b-d562-4b82-982e-192ac6e77c00,2026-09-06T09:49:23.644000+00:00,keyup,73,,76.7,,,,,,,,,controlled_typing,1,,,,,,,,,,/app/training,dev_2d73e02d-8068-4917-8e1d-bcd4688456d1,,,,,,,,,,,,,,,,,,,,,,,,,,,,,,,,,,,,,,,,,,,,,,,,,,,,,,,,,,,,,,,,,,
training_event,training,4958d349-1ff1-4f6b-8344-fca7d4d717aa,5b37830b-d562-4b82-982e-192ac6e77c00,2026-09-06T09:49:23.741000+00:00,keydown,65,a,,174.1,,,,,,,,controlled_typing,1,,,,,,,,,,/app/training,dev_2d73e02d-8068-4917-8e1d-bcd4688456d1,,,,,,,,,,,,,,,,,,,,,,,,,,,,,,,,,,,,,,,,,,,,,,,,,,,,,,,,,,,,,,,,,,
training_event,training,4958d349-1ff1-4f6b-8344-fca7d4d717aa,5b37830b-d562-4b82-982e-192ac6e77c00,2026-09-06T09:49:23.857000+00:00,keyup,65,,116.0,,,,,,,,,controlled_typing,1,,,,,,,,,,/app/training,dev_2d73e02d-8068-4917-8e1d-bcd4688456d1,,,,,,,,,,,,,,,,,,,,,,,,,,,,,,,,,,,,,,,,,,,,,,,,,,,,,,,,,,,,,,,,,,
training_event,training,4958d349-1ff1-4f6b-8344-fca7d4d717aa,5b37830b-d562-4b82-982e-192ac6e77c00,2026-09-06T09:49:23.883000+00:00,keydown,78,n,,141.9,,,,,,,,controlled_typing,1,,,,,,,,,,/app/training,dev_2d73e02d-8068-4917-8e1d-bcd4688456d1,,,,,,,,,,,,,,,,,,,,,,,,,,,,,,,,,,,,,,,,,,,,,,,,,,,,,,,,,,,,,,,,,,
training_event,training,4958d349-1ff1-4f6b-8344-fca7d4d717aa,5b37830b-d562-4b82-982e-192ac6e77c00,2026-09-06T09:49:23.937000+00:00,keyup,78,,53.3,,,,,,,,,controlled_typing,1,,,,,,,,,,/app/training,dev_2d73e02d-8068-4917-8e1d-bcd4688456d1,,,,,,,,,,,,,,,,,,,,,,,,,,,,,,,,,,,,,,,,,,,,,,,,,,,,,,,,,,,,,,,,,,
training_event,training,4958d349-1ff1-4f6b-8344-fca7d4d717aa,5b37830b-d562-4b82-982e-192ac6e77c00,2026-09-06T09:49:24.095000+00:00,keydown,32, ,,211.8,,,,,,,,controlled_typing,1,,,,,,,,,,/app/training,dev_2d73e02d-8068-4917-8e1d-bcd4688456d1,,,,,,,,,,,,,,,,,,,,,,,,,,,,,,,,,,,,,,,,,,,,,,,,,,,,,,,,,,,,,,,,,,
training_event,training,4958d349-1ff1-4f6b-8344-fca7d4d717aa,5b37830b-d562-4b82-982e-192ac6e77c00,2026-09-06T09:49:24.158000+00:00,keyup,32,,62.8,,,,,,,,,controlled_typing,1,,,,,,,,,,/app/training,dev_2d73e02d-8068-4917-8e1d-bcd4688456d1,,,,,,,,,,,,,,,,,,,,,,,,,,,,,,,,,,,,,,,,,,,,,,,,,,,,,,,,,,,,,,,,,,
training_event,training,4958d349-1ff1-4f6b-8344-fca7d4d717aa,5b37830b-d562-4b82-982e-192ac6e77c00,2026-09-06T09:49:25.022000+00:00,keydown,67,C,,926.6,,,,,,,,controlled_typing,1,,,,,,,,,,/app/training,dev_2d73e02d-8068-4917-8e1d-bcd4688456d1,,,,,,,,,,,,,,,,,,,,,,,,,,,,,,,,,,,,,,,,,,,,,,,,,,,,,,,,,,,,,,,,,,
training_event,training,4958d349-1ff1-4f6b-8344-fca7d4d717aa,5b37830b-d562-4b82-982e-192ac6e77c00,2026-09-06T09:49:25.086000+00:00,keyup,67,,64.3,,,,,,,,,controlled_typing,1,,,,,,,,,,/app/training,dev_2d73e02d-8068-4917-8e1d-bcd4688456d1,,,,,,,,,,,,,,,,,,,,,,,,,,,,,,,,,,,,,,,,,,,,,,,,,,,,,,,,,,,,,,,,,,
training_event,training,4958d349-1ff1-4f6b-8344-fca7d4d717aa,5b37830b-d562-4b82-982e-192ac6e77c00,2026-09-06T09:49:25.371000+00:00,keydown,8,,,349.1,,,,,,,,controlled_typing,1,,,,,,,,,,/app/training,dev_2d73e02d-8068-4917-8e1d-bcd4688456d1,,,,,,,,,,,,,,,,,,,,,,,,,,,,,,,,,,,,,,,,,,,,,,,,,,,,,,,,,,,,,,,,,,
training_event,training,4958d349-1ff1-4f6b-8344-fca7d4d717aa,5b37830b-d562-4b82-982e-192ac6e77c00,2026-09-06T09:49:25.457000+00:00,keyup,8,,86.5,,,,,,,,,controlled_typing,1,,,,,,,,,,/app/training,dev_2d73e02d-8068-4917-8e1d-bcd4688456d1,,,,,,,,,,,,,,,,,,,,,,,,,,,,,,,,,,,,,,,,,,,,,,,,,,,,,,,,,,,,,,,,,,
training_event,training,4958d349-1ff1-4f6b-8344-fca7d4d717aa,5b37830b-d562-4b82-982e-192ac6e77c00,2026-09-06T09:49:25.624000+00:00,keydown,67,c,,253.2,,,,,,,,controlled_typing,1,,,,,,,,,,/app/training,dev_2d73e02d-8068-4917-8e1d-bcd4688456d1,,,,,,,,,,,,,,,,,,,,,,,,,,,,,,,,,,,,,,,,,,,,,,,,,,,,,,,,,,,,,,,,,,
training_event,training,4958d349-1ff1-4f6b-8344-fca7d4d717aa,5b37830b-d562-4b82-982e-192ac6e77c00,2026-09-06T09:49:25.704000+00:00,keyup,67,,80.2,,,,,,,,,controlled_typing,1,,,,,,,,,,/app/training,dev_2d73e02d-8068-4917-8e1d-bcd4688456d1,,,,,,,,,,,,,,,,,,,,,,,,,,,,,,,,,,,,,,,,,,,,,,,,,,,,,,,,,,,,,,,,,,
training_event,training,4958d349-1ff1-4f6b-8344-fca7d4d717aa,5b37830b-d562-4b82-982e-192ac6e77c00,2026-09-06T09:49:25.856000+00:00,keydown,79,o,,231.7,,,,,,,,controlled_typing,1,,,,,,,,,,/app/training,dev_2d73e02d-8068-4917-8e1d-bcd4688456d1,,,,,,,,,,,,,,,,,,,,,,,,,,,,,,,,,,,,,,,,,,,,,,,,,,,,,,,,,,,,,,,,,,
training_event,training,4958d349-1ff1-4f6b-8344-fca7d4d717aa,5b37830b-d562-4b82-982e-192ac6e77c00,2026-09-06T09:49:25.923000+00:00,keyup,79,,67.2,,,,,,,,,controlled_typing,1,,,,,,,,,,/app/training,dev_2d73e02d-8068-4917-8e1d-bcd4688456d1,,,,,,,,,,,,,,,,,,,,,,,,,,,,,,,,,,,,,,,,,,,,,,,,,,,,,,,,,,,,,,,,,,
training_event,training,4958d349-1ff1-4f6b-8344-fca7d4d717aa,5b37830b-d562-4b82-982e-192ac6e77c00,2026-09-06T09:49:27.485000+00:00,keydown,78,n,,1628.9,,,,,,,,controlled_typing,1,,,,,,,,,,/app/training,dev_2d73e02d-8068-4917-8e1d-bcd4688456d1,,,,,,,,,,,,,,,,,,,,,,,,,,,,,,,,,,,,,,,,,,,,,,,,,,,,,,,,,,,,,,,,,,
training_event,training,4958d349-1ff1-4f6b-8344-fca7d4d717aa,5b37830b-d562-4b82-982e-192ac6e77c00,2026-09-06T09:49:27.536000+00:00,keyup,78,,51.3,,,,,,,,,controlled_typing,1,,,,,,,,,,/app/training,dev_2d73e02d-8068-4917-8e1d-bcd4688456d1,,,,,,,,,,,,,,,,,,,,,,,,,,,,,,,,,,,,,,,,,,,,,,,,,,,,,,,,,,,,,,,,,,
training_event,training,4958d349-1ff1-4f6b-8344-fca7d4d717aa,5b37830b-d562-4b82-982e-192ac6e77c00,2026-09-06T09:49:27.738000+00:00,keydown,84,t,,253.6,,,,,,,,controlled_typing,1,,,,,,,,,,/app/training,dev_2d73e02d-8068-4917-8e1d-bcd4688456d1,,,,,,,,,,,,,,,,,,,,,,,,,,,,,,,,,,,,,,,,,,,,,,,,,,,,,,,,,,,,,,,,,,
training_event,training,4958d349-1ff1-4f6b-8344-fca7d4d717aa,5b37830b-d562-4b82-982e-192ac6e77c00,2026-09-06T09:49:27.820000+00:00,keyup,84,,82.2,,,,,,,,,controlled_typing,1,,,,,,,,,,/app/training,dev_2d73e02d-8068-4917-8e1d-bcd4688456d1,,,,,,,,,,,,,,,,,,,,,,,,,,,,,,,,,,,,,,,,,,,,,,,,,,,,,,,,,,,,,,,,,,
training_event,training,4958d349-1ff1-4f6b-8344-fca7d4d717aa,5b37830b-d562-4b82-982e-192ac6e77c00,2026-09-06T09:49:28.642000+00:00,keydown,73,i,,903.8,,,,,,,,controlled_typing,1,,,,,,,,,,/app/training,dev_2d73e02d-8068-4917-8e1d-bcd4688456d1,,,,,,,,,,,,,,,,,,,,,,,,,,,,,,,,,,,,,,,,,,,,,,,,,,,,,,,,,,,,,,,,,,
training_event,training,4958d349-1ff1-4f6b-8344-fca7d4d717aa,5b37830b-d562-4b82-982e-192ac6e77c00,2026-09-06T09:49:28.708000+00:00,keyup,73,,66.2,,,,,,,,,controlled_typing,1,,,,,,,,,,/app/training,dev_2d73e02d-8068-4917-8e1d-bcd4688456d1,,,,,,,,,,,,,,,,,,,,,,,,,,,,,,,,,,,,,,,,,,,,,,,,,,,,,,,,,,,,,,,,,,
training_event,training,4958d349-1ff1-4f6b-8344-fca7d4d717aa,5b37830b-d562-4b82-982e-192ac6e77c00,2026-09-06T09:49:29.178000+00:00,keydown,78,n,,535.8,,,,,,,,controlled_typing,1,,,,,,,,,,/app/training,dev_2d73e02d-8068-4917-8e1d-bcd4688456d1,,,,,,,,,,,,,,,,,,,,,,,,,,,,,,,,,,,,,,,,,,,,,,,,,,,,,,,,,,,,,,,,,,
training_event,training,4958d349-1ff1-4f6b-8344-fca7d4d717aa,5b37830b-d562-4b82-982e-192ac6e77c00,2026-09-06T09:49:29.273000+00:00,keyup,78,,95.0,,,,,,,,,controlled_typing,1,,,,,,,,,,/app/training,dev_2d73e02d-8068-4917-8e1d-bcd4688456d1,,,,,,,,,,,,,,,,,,,,,,,,,,,,,,,,,,,,,,,,,,,,,,,,,,,,,,,,,,,,,,,,,,
training_event,training,4958d349-1ff1-4f6b-8344-fca7d4d717aa,5b37830b-d562-4b82-982e-192ac6e77c00,2026-09-06T09:49:29.633000+00:00,keydown,85,u,,455.1,,,,,,,,controlled_typing,1,,,,,,,,,,/app/training,dev_2d73e02d-8068-4917-8e1d-bcd4688456d1,,,,,,,,,,,,,,,,,,,,,,,,,,,,,,,,,,,,,,,,,,,,,,,,,,,,,,,,,,,,,,,,,,
training_event,training,4958d349-1ff1-4f6b-8344-fca7d4d717aa,5b37830b-d562-4b82-982e-192ac6e77c00,2026-09-06T09:49:29.733000+00:00,keyup,85,,100.5,,,,,,,,,controlled_typing,1,,,,,,,,,,/app/training,dev_2d73e02d-8068-4917-8e1d-bcd4688456d1,,,,,,,,,,,,,,,,,,,,,,,,,,,,,,,,,,,,,,,,,,,,,,,,,,,,,,,,,,,,,,,,,,
training_event,training,4958d349-1ff1-4f6b-8344-fca7d4d717aa,5b37830b-d562-4b82-982e-192ac6e77c00,2026-09-06T09:49:29.807000+00:00,keydown,79,o,,174.1,,,,,,,,controlled_typing,1,,,,,,,,,,/app/training,dev_2d73e02d-8068-4917-8e1d-bcd4688456d1,,,,,,,,,,,,,,,,,,,,,,,,,,,,,,,,,,,,,,,,,,,,,,,,,,,,,,,,,,,,,,,,,,
training_event,training,4958d349-1ff1-4f6b-8344-fca7d4d717aa,5b37830b-d562-4b82-982e-192ac6e77c00,2026-09-06T09:49:29.937000+00:00,keyup,79,,129.9,,,,,,,,,controlled_typing,1,,,,,,,,,,/app/training,dev_2d73e02d-8068-4917-8e1d-bcd4688456d1,,,,,,,,,,,,,,,,,,,,,,,,,,,,,,,,,,,,,,,,,,,,,,,,,,,,,,,,,,,,,,,,,,
training_event,training,4958d349-1ff1-4f6b-8344-fca7d4d717aa,5b37830b-d562-4b82-982e-192ac6e77c00,2026-09-06T09:49:30.269000+00:00,keydown,83,s,,462.1,,,,,,,,controlled_typing,1,,,,,,,,,,/app/training,dev_2d73e02d-8068-4917-8e1d-bcd4688456d1,,,,,,,,,,,,,,,,,,,,,,,,,,,,,,,,,,,,,,,,,,,,,,,,,,,,,,,,,,,,,,,,,,
training_event,training,4958d349-1ff1-4f6b-8344-fca7d4d717aa,5b37830b-d562-4b82-982e-192ac6e77c00,2026-09-06T09:49:30.378000+00:00,keyup,83,,108.5,,,,,,,,,controlled_typing,1,,,,,,,,,,/app/training,dev_2d73e02d-8068-4917-8e1d-bcd4688456d1,,,,,,,,,,,,,,,,,,,,,,,,,,,,,,,,,,,,,,,,,,,,,,,,,,,,,,,,,,,,,,,,,,
training_event,training,4958d349-1ff1-4f6b-8344-fca7d4d717aa,5b37830b-d562-4b82-982e-192ac6e77c00,2026-09-06T09:49:30.445000+00:00,keydown,76,l,,176.1,,,,,,,,controlled_typing,1,,,,,,,,,,/app/training,dev_2d73e02d-8068-4917-8e1d-bcd4688456d1,,,,,,,,,,,,,,,,,,,,,,,,,,,,,,,,,,,,,,,,,,,,,,,,,,,,,,,,,,,,,,,,,,
training_event,training,4958d349-1ff1-4f6b-8344-fca7d4d717aa,5b37830b-d562-4b82-982e-192ac6e77c00,2026-09-06T09:49:30.534000+00:00,keyup,76,,88.7,,,,,,,,,controlled_typing,1,,,,,,,,,,/app/training,dev_2d73e02d-8068-4917-8e1d-bcd4688456d1,,,,,,,,,,,,,,,,,,,,,,,,,,,,,,,,,,,,,,,,,,,,,,,,,,,,,,,,,,,,,,,,,,
training_event,training,4958d349-1ff1-4f6b-8344-fca7d4d717aa,5b37830b-d562-4b82-982e-192ac6e77c00,2026-09-06T09:49:30.788000+00:00,keydown,89,y,,343.1,,,,,,,,controlled_typing,1,,,,,,,,,,/app/training,dev_2d73e02d-8068-4917-8e1d-bcd4688456d1,,,,,,,,,,,,,,,,,,,,,,,,,,,,,,,,,,,,,,,,,,,,,,,,,,,,,,,,,,,,,,,,,,
training_event,training,4958d349-1ff1-4f6b-8344-fca7d4d717aa,5b37830b-d562-4b82-982e-192ac6e77c00,2026-09-06T09:49:30.935000+00:00,keydown,32, ,,146.2,,,,,,,,controlled_typing,1,,,,,,,,,,/app/training,dev_2d73e02d-8068-4917-8e1d-bcd4688456d1,,,,,,,,,,,,,,,,,,,,,,,,,,,,,,,,,,,,,,,,,,,,,,,,,,,,,,,,,,,,,,,,,,
training_event,training,4958d349-1ff1-4f6b-8344-fca7d4d717aa,5b37830b-d562-4b82-982e-192ac6e77c00,2026-09-06T09:49:30.969000+00:00,keyup,89,,180.5,,,,,,,,,controlled_typing,1,,,,,,,,,,/app/training,dev_2d73e02d-8068-4917-8e1d-bcd4688456d1,,,,,,,,,,,,,,,,,,,,,,,,,,,,,,,,,,,,,,,,,,,,,,,,,,,,,,,,,,,,,,,,,,
training_event,training,4958d349-1ff1-4f6b-8344-fca7d4d717aa,5b37830b-d562-4b82-982e-192ac6e77c00,2026-09-06T09:49:31.073000+00:00,keyup,32,,138.7,,,,,,,,,controlled_typing,1,,,,,,,,,,/app/training,dev_2d73e02d-8068-4917-8e1d-bcd4688456d1,,,,,,,,,,,,,,,,,,,,,,,,,,,,,,,,,,,,,,,,,,,,,,,,,,,,,,,,,,,,,,,,,,
training_event,training,4958d349-1ff1-4f6b-8344-fca7d4d717aa,5b37830b-d562-4b82-982e-192ac6e77c00,2026-09-06T09:49:31.871000+00:00,keydown,8,,,936.3,,,,,,,,controlled_typing,1,,,,,,,,,,/app/training,dev_2d73e02d-8068-4917-8e1d-bcd4688456d1,,,,,,,,,,,,,,,,,,,,,,,,,,,,,,,,,,,,,,,,,,,,,,,,,,,,,,,,,,,,,,,,,,
training_event,training,4958d349-1ff1-4f6b-8344-fca7d4d717aa,5b37830b-d562-4b82-982e-192ac6e77c00,2026-09-06T09:49:31.970000+00:00,keyup,8,,99.1,,,,,,,,,controlled_typing,1,,,,,,,,,,/app/training,dev_2d73e02d-8068-4917-8e1d-bcd4688456d1,,,,,,,,,,,,,,,,,,,,,,,,,,,,,,,,,,,,,,,,,,,,,,,,,,,,,,,,,,,,,,,,,,
training_event,training,4958d349-1ff1-4f6b-8344-fca7d4d717aa,5b37830b-d562-4b82-982e-192ac6e77c00,2026-09-06T09:49:38.777000+00:00,keydown,37,,,2000.0,,,,,,,,controlled_typing,1,,,,,,,,,,/app/training,dev_2d73e02d-8068-4917-8e1d-bcd4688456d1,,,,,,,,,,,,,,,,,,,,,,,,,,,,,,,,,,,,,,,,,,,,,,,,,,,,,,,,,,,,,,,,,,
training_event,training,4958d349-1ff1-4f6b-8344-fca7d4d717aa,5b37830b-d562-4b82-982e-192ac6e77c00,2026-09-06T09:49:38.871000+00:00,keyup,37,,94.4,,,,,,,,,controlled_typing,1,,,,,,,,,,/app/training,dev_2d73e02d-8068-4917-8e1d-bcd4688456d1,,,,,,,,,,,,,,,,,,,,,,,,,,,,,,,,,,,,,,,,,,,,,,,,,,,,,,,,,,,,,,,,,,
training_event,training,4958d349-1ff1-4f6b-8344-fca7d4d717aa,5b37830b-d562-4b82-982e-192ac6e77c00,2026-09-06T09:49:39.006000+00:00,keydown,37,,,229.2,,,,,,,,controlled_typing,1,,,,,,,,,,/app/training,dev_2d73e02d-8068-4917-8e1d-bcd4688456d1,,,,,,,,,,,,,,,,,,,,,,,,,,,,,,,,,,,,,,,,,,,,,,,,,,,,,,,,,,,,,,,,,,
training_event,training,4958d349-1ff1-4f6b-8344-fca7d4d717aa,5b37830b-d562-4b82-982e-192ac6e77c00,2026-09-06T09:49:39.091000+00:00,keyup,37,,84.8,,,,,,,,,controlled_typing,1,,,,,,,,,,/app/training,dev_2d73e02d-8068-4917-8e1d-bcd4688456d1,,,,,,,,,,,,,,,,,,,,,,,,,,,,,,,,,,,,,,,,,,,,,,,,,,,,,,,,,,,,,,,,,,
training_event,training,4958d349-1ff1-4f6b-8344-fca7d4d717aa,5b37830b-d562-4b82-982e-192ac6e77c00,2026-09-06T09:49:39.392000+00:00,keydown,37,,,386.1,,,,,,,,controlled_typing,1,,,,,,,,,,/app/training,dev_2d73e02d-8068-4917-8e1d-bcd4688456d1,,,,,,,,,,,,,,,,,,,,,,,,,,,,,,,,,,,,,,,,,,,,,,,,,,,,,,,,,,,,,,,,,,
training_event,training,4958d349-1ff1-4f6b-8344-fca7d4d717aa,5b37830b-d562-4b82-982e-192ac6e77c00,2026-09-06T09:49:39.471000+00:00,keyup,37,,79.1,,,,,,,,,controlled_typing,1,,,,,,,,,,/app/training,dev_2d73e02d-8068-4917-8e1d-bcd4688456d1,,,,,,,,,,,,,,,,,,,,,,,,,,,,,,,,,,,,,,,,,,,,,,,,,,,,,,,,,,,,,,,,,,
training_event,training,4958d349-1ff1-4f6b-8344-fca7d4d717aa,5b37830b-d562-4b82-982e-192ac6e77c00,2026-09-06T09:49:40.178000+00:00,keydown,85,u,,786.5,,,,,,,,controlled_typing,1,,,,,,,,,,/app/training,dev_2d73e02d-8068-4917-8e1d-bcd4688456d1,,,,,,,,,,,,,,,,,,,,,,,,,,,,,,,,,,,,,,,,,,,,,,,,,,,,,,,,,,,,,,,,,,
training_event,training,4958d349-1ff1-4f6b-8344-fca7d4d717aa,5b37830b-d562-4b82-982e-192ac6e77c00,2026-09-06T09:49:40.277000+00:00,keyup,85,,98.9,,,,,,,,,controlled_typing,1,,,,,,,,,,/app/training,dev_2d73e02d-8068-4917-8e1d-bcd4688456d1,,,,,,,,,,,,,,,,,,,,,,,,,,,,,,,,,,,,,,,,,,,,,,,,,,,,,,,,,,,,,,,,,,
training_event,training,4958d349-1ff1-4f6b-8344-fca7d4d717aa,5b37830b-d562-4b82-982e-192ac6e77c00,2026-09-06T09:49:40.321000+00:00,keydown,39,,,142.4,,,,,,,,controlled_typing,1,,,,,,,,,,/app/training,dev_2d73e02d-8068-4917-8e1d-bcd4688456d1,,,,,,,,,,,,,,,,,,,,,,,,,,,,,,,,,,,,,,,,,,,,,,,,,,,,,,,,,,,,,,,,,,
training_event,training,4958d349-1ff1-4f6b-8344-fca7d4d717aa,5b37830b-d562-4b82-982e-192ac6e77c00,2026-09-06T09:49:40.453000+00:00,keyup,39,,132.6,,,,,,,,,controlled_typing,1,,,,,,,,,,/app/training,dev_2d73e02d-8068-4917-8e1d-bcd4688456d1,,,,,,,,,,,,,,,,,,,,,,,,,,,,,,,,,,,,,,,,,,,,,,,,,,,,,,,,,,,,,,,,,,
training_event,training,4958d349-1ff1-4f6b-8344-fca7d4d717aa,5b37830b-d562-4b82-982e-192ac6e77c00,2026-09-06T09:49:40.622000+00:00,keydown,39,,,301.3,,,,,,,,controlled_typing,1,,,,,,,,,,/app/training,dev_2d73e02d-8068-4917-8e1d-bcd4688456d1,,,,,,,,,,,,,,,,,,,,,,,,,,,,,,,,,,,,,,,,,,,,,,,,,,,,,,,,,,,,,,,,,,
training_event,training,4958d349-1ff1-4f6b-8344-fca7d4d717aa,5b37830b-d562-4b82-982e-192ac6e77c00,2026-09-06T09:49:40.691000+00:00,keyup,39,,69.3,,,,,,,,,controlled_typing,1,,,,,,,,,,/app/training,dev_2d73e02d-8068-4917-8e1d-bcd4688456d1,,,,,,,,,,,,,,,,,,,,,,,,,,,,,,,,,,,,,,,,,,,,,,,,,,,,,,,,,,,,,,,,,,
training_event,training,4958d349-1ff1-4f6b-8344-fca7d4d717aa,5b37830b-d562-4b82-982e-192ac6e77c00,2026-09-06T09:49:41.046000+00:00,keydown,39,,,424.0,,,,,,,,controlled_typing,1,,,,,,,,,,/app/training,dev_2d73e02d-8068-4917-8e1d-bcd4688456d1,,,,,,,,,,,,,,,,,,,,,,,,,,,,,,,,,,,,,,,,,,,,,,,,,,,,,,,,,,,,,,,,,,
training_event,training,4958d349-1ff1-4f6b-8344-fca7d4d717aa,5b37830b-d562-4b82-982e-192ac6e77c00,2026-09-06T09:49:41.170000+00:00,keyup,39,,123.9,,,,,,,,,controlled_typing,1,,,,,,,,,,/app/training,dev_2d73e02d-8068-4917-8e1d-bcd4688456d1,,,,,,,,,,,,,,,,,,,,,,,,,,,,,,,,,,,,,,,,,,,,,,,,,,,,,,,,,,,,,,,,,,
training_event,training,4958d349-1ff1-4f6b-8344-fca7d4d717aa,5b37830b-d562-4b82-982e-192ac6e77c00,2026-09-06T09:49:41.303000+00:00,keydown,39,,,257.1,,,,,,,,controlled_typing,1,,,,,,,,,,/app/training,dev_2d73e02d-8068-4917-8e1d-bcd4688456d1,,,,,,,,,,,,,,,,,,,,,,,,,,,,,,,,,,,,,,,,,,,,,,,,,,,,,,,,,,,,,,,,,,
training_event,training,4958d349-1ff1-4f6b-8344-fca7d4d717aa,5b37830b-d562-4b82-982e-192ac6e77c00,2026-09-06T09:49:41.370000+00:00,keyup,39,,66.9,,,,,,,,,controlled_typing,1,,,,,,,,,,/app/training,dev_2d73e02d-8068-4917-8e1d-bcd4688456d1,,,,,,,,,,,,,,,,,,,,,,,,,,,,,,,,,,,,,,,,,,,,,,,,,,,,,,,,,,,,,,,,,,
training_event,training,4958d349-1ff1-4f6b-8344-fca7d4d717aa,5b37830b-d562-4b82-982e-192ac6e77c00,2026-09-06T09:49:41.771000+00:00,keydown,32, ,,468.2,,,,,,,,controlled_typing,1,,,,,,,,,,/app/training,dev_2d73e02d-8068-4917-8e1d-bcd4688456d1,,,,,,,,,,,,,,,,,,,,,,,,,,,,,,,,,,,,,,,,,,,,,,,,,,,,,,,,,,,,,,,,,,
training_event,training,4958d349-1ff1-4f6b-8344-fca7d4d717aa,5b37830b-d562-4b82-982e-192ac6e77c00,2026-09-06T09:49:41.878000+00:00,keyup,32,,106.2,,,,,,,,,controlled_typing,1,,,,,,,,,,/app/training,dev_2d73e02d-8068-4917-8e1d-bcd4688456d1,,,,,,,,,,,,,,,,,,,,,,,,,,,,,,,,,,,,,,,,,,,,,,,,,,,,,,,,,,,,,,,,,,
training_event,training,4958d349-1ff1-4f6b-8344-fca7d4d717aa,5b37830b-d562-4b82-982e-192ac6e77c00,2026-09-06T09:49:42.483000+00:00,keydown,80,p,,711.6,,,,,,,,controlled_typing,1,,,,,,,,,,/app/training,dev_2d73e02d-8068-4917-8e1d-bcd4688456d1,,,,,,,,,,,,,,,,,,,,,,,,,,,,,,,,,,,,,,,,,,,,,,,,,,,,,,,,,,,,,,,,,,
training_event,training,4958d349-1ff1-4f6b-8344-fca7d4d717aa,5b37830b-d562-4b82-982e-192ac6e77c00,2026-09-06T09:49:42.567000+00:00,keyup,80,,83.7,,,,,,,,,controlled_typing,1,,,,,,,,,,/app/training,dev_2d73e02d-8068-4917-8e1d-bcd4688456d1,,,,,,,,,,,,,,,,,,,,,,,,,,,,,,,,,,,,,,,,,,,,,,,,,,,,,,,,,,,,,,,,,,
training_event,training,4958d349-1ff1-4f6b-8344-fca7d4d717aa,5b37830b-d562-4b82-982e-192ac6e77c00,2026-09-06T09:49:42.755000+00:00,keydown,82,r,,272.5,,,,,,,,controlled_typing,1,,,,,,,,,,/app/training,dev_2d73e02d-8068-4917-8e1d-bcd4688456d1,,,,,,,,,,,,,,,,,,,,,,,,,,,,,,,,,,,,,,,,,,,,,,,,,,,,,,,,,,,,,,,,,,
training_event,training,4958d349-1ff1-4f6b-8344-fca7d4d717aa,5b37830b-d562-4b82-982e-192ac6e77c00,2026-09-06T09:49:42.833000+00:00,keyup,82,,77.4,,,,,,,,,controlled_typing,1,,,,,,,,,,/app/training,dev_2d73e02d-8068-4917-8e1d-bcd4688456d1,,,,,,,,,,,,,,,,,,,,,,,,,,,,,,,,,,,,,,,,,,,,,,,,,,,,,,,,,,,,,,,,,,
training_event,training,4958d349-1ff1-4f6b-8344-fca7d4d717aa,5b37830b-d562-4b82-982e-192ac6e77c00,2026-09-06T09:49:42.918000+00:00,keydown,79,o,,162.5,,,,,,,,controlled_typing,1,,,,,,,,,,/app/training,dev_2d73e02d-8068-4917-8e1d-bcd4688456d1,,,,,,,,,,,,,,,,,,,,,,,,,,,,,,,,,,,,,,,,,,,,,,,,,,,,,,,,,,,,,,,,,,
training_event,training,4958d349-1ff1-4f6b-8344-fca7d4d717aa,5b37830b-d562-4b82-982e-192ac6e77c00,2026-09-06T09:49:42.987000+00:00,keyup,79,,69.1,,,,,,,,,controlled_typing,1,,,,,,,,,,/app/training,dev_2d73e02d-8068-4917-8e1d-bcd4688456d1,,,,,,,,,,,,,,,,,,,,,,,,,,,,,,,,,,,,,,,,,,,,,,,,,,,,,,,,,,,,,,,,,,
training_event,training,4958d349-1ff1-4f6b-8344-fca7d4d717aa,5b37830b-d562-4b82-982e-192ac6e77c00,2026-09-06T09:49:43.629000+00:00,keydown,84,t,,710.5,,,,,,,,controlled_typing,1,,,,,,,,,,/app/training,dev_2d73e02d-8068-4917-8e1d-bcd4688456d1,,,,,,,,,,,,,,,,,,,,,,,,,,,,,,,,,,,,,,,,,,,,,,,,,,,,,,,,,,,,,,,,,,
training_event,training,4958d349-1ff1-4f6b-8344-fca7d4d717aa,5b37830b-d562-4b82-982e-192ac6e77c00,2026-09-06T09:49:43.707000+00:00,keyup,84,,78.9,,,,,,,,,controlled_typing,1,,,,,,,,,,/app/training,dev_2d73e02d-8068-4917-8e1d-bcd4688456d1,,,,,,,,,,,,,,,,,,,,,,,,,,,,,,,,,,,,,,,,,,,,,,,,,,,,,,,,,,,,,,,,,,
training_event,training,4958d349-1ff1-4f6b-8344-fca7d4d717aa,5b37830b-d562-4b82-982e-192ac6e77c00,2026-09-06T09:49:44.122000+00:00,keydown,69,e,,493.4,,,,,,,,controlled_typing,1,,,,,,,,,,/app/training,dev_2d73e02d-8068-4917-8e1d-bcd4688456d1,,,,,,,,,,,,,,,,,,,,,,,,,,,,,,,,,,,,,,,,,,,,,,,,,,,,,,,,,,,,,,,,,,
training_event,training,4958d349-1ff1-4f6b-8344-fca7d4d717aa,5b37830b-d562-4b82-982e-192ac6e77c00,2026-09-06T09:49:44.215000+00:00,keyup,69,,93.2,,,,,,,,,controlled_typing,1,,,,,,,,,,/app/training,dev_2d73e02d-8068-4917-8e1d-bcd4688456d1,,,,,,,,,,,,,,,,,,,,,,,,,,,,,,,,,,,,,,,,,,,,,,,,,,,,,,,,,,,,,,,,,,
training_event,training,4958d349-1ff1-4f6b-8344-fca7d4d717aa,5b37830b-d562-4b82-982e-192ac6e77c00,2026-09-06T09:49:44.423000+00:00,keydown,67,c,,301.3,,,,,,,,controlled_typing,1,,,,,,,,,,/app/training,dev_2d73e02d-8068-4917-8e1d-bcd4688456d1,,,,,,,,,,,,,,,,,,,,,,,,,,,,,,,,,,,,,,,,,,,,,,,,,,,,,,,,,,,,,,,,,,
training_event,training,4958d349-1ff1-4f6b-8344-fca7d4d717aa,5b37830b-d562-4b82-982e-192ac6e77c00,2026-09-06T09:49:44.534000+00:00,keyup,67,,110.6,,,,,,,,,controlled_typing,1,,,,,,,,,,/app/training,dev_2d73e02d-8068-4917-8e1d-bcd4688456d1,,,,,,,,,,,,,,,,,,,,,,,,,,,,,,,,,,,,,,,,,,,,,,,,,,,,,,,,,,,,,,,,,,
training_event,training,4958d349-1ff1-4f6b-8344-fca7d4d717aa,5b37830b-d562-4b82-982e-192ac6e77c00,2026-09-06T09:49:44.578000+00:00,keydown,84,t,,155.1,,,,,,,,controlled_typing,1,,,,,,,,,,/app/training,dev_2d73e02d-8068-4917-8e1d-bcd4688456d1,,,,,,,,,,,,,,,,,,,,,,,,,,,,,,,,,,,,,,,,,,,,,,,,,,,,,,,,,,,,,,,,,,
training_event,training,4958d349-1ff1-4f6b-8344-fca7d4d717aa,5b37830b-d562-4b82-982e-192ac6e77c00,2026-09-06T09:49:44.658000+00:00,keyup,84,,79.3,,,,,,,,,controlled_typing,1,,,,,,,,,,/app/training,dev_2d73e02d-8068-4917-8e1d-bcd4688456d1,,,,,,,,,,,,,,,,,,,,,,,,,,,,,,,,,,,,,,,,,,,,,,,,,,,,,,,,,,,,,,,,,,
training_event,training,4958d349-1ff1-4f6b-8344-fca7d4d717aa,5b37830b-d562-4b82-982e-192ac6e77c00,2026-09-06T09:49:44.723000+00:00,keydown,83,s,,144.6,,,,,,,,controlled_typing,1,,,,,,,,,,/app/training,dev_2d73e02d-8068-4917-8e1d-bcd4688456d1,,,,,,,,,,,,,,,,,,,,,,,,,,,,,,,,,,,,,,,,,,,,,,,,,,,,,,,,,,,,,,,,,,
training_event,training,4958d349-1ff1-4f6b-8344-fca7d4d717aa,5b37830b-d562-4b82-982e-192ac6e77c00,2026-09-06T09:49:44.885000+00:00,keydown,32, ,,161.9,,,,,,,,controlled_typing,1,,,,,,,,,,/app/training,dev_2d73e02d-8068-4917-8e1d-bcd4688456d1,,,,,,,,,,,,,,,,,,,,,,,,,,,,,,,,,,,,,,,,,,,,,,,,,,,,,,,,,,,,,,,,,,
training_event,training,4958d349-1ff1-4f6b-8344-fca7d4d717aa,5b37830b-d562-4b82-982e-192ac6e77c00,2026-09-06T09:49:44.894000+00:00,keyup,83,,171.3,,,,,,,,,controlled_typing,1,,,,,,,,,,/app/training,dev_2d73e02d-8068-4917-8e1d-bcd4688456d1,,,,,,,,,,,,,,,,,,,,,,,,,,,,,,,,,,,,,,,,,,,,,,,,,,,,,,,,,,,,,,,,,,
training_event,training,4958d349-1ff1-4f6b-8344-fca7d4d717aa,5b37830b-d562-4b82-982e-192ac6e77c00,2026-09-06T09:49:45.004000+00:00,keyup,32,,118.9,,,,,,,,,controlled_typing,1,,,,,,,,,,/app/training,dev_2d73e02d-8068-4917-8e1d-bcd4688456d1,,,,,,,,,,,,,,,,,,,,,,,,,,,,,,,,,,,,,,,,,,,,,,,,,,,,,,,,,,,,,,,,,,
training_event,training,4958d349-1ff1-4f6b-8344-fca7d4d717aa,5b37830b-d562-4b82-982e-192ac6e77c00,2026-09-06T09:49:45.587000+00:00,keydown,89,y,,702.4,,,,,,,,controlled_typing,1,,,,,,,,,,/app/training,dev_2d73e02d-8068-4917-8e1d-bcd4688456d1,,,,,,,,,,,,,,,,,,,,,,,,,,,,,,,,,,,,,,,,,,,,,,,,,,,,,,,,,,,,,,,,,,
training_event,training,4958d349-1ff1-4f6b-8344-fca7d4d717aa,5b37830b-d562-4b82-982e-192ac6e77c00,2026-09-06T09:49:45.689000+00:00,keyup,89,,101.5,,,,,,,,,controlled_typing,1,,,,,,,,,,/app/training,dev_2d73e02d-8068-4917-8e1d-bcd4688456d1,,,,,,,,,,,,,,,,,,,,,,,,,,,,,,,,,,,,,,,,,,,,,,,,,,,,,,,,,,,,,,,,,,
training_event,training,4958d349-1ff1-4f6b-8344-fca7d4d717aa,5b37830b-d562-4b82-982e-192ac6e77c00,2026-09-06T09:49:45.790000+00:00,keydown,79,o,,203.3,,,,,,,,controlled_typing,1,,,,,,,,,,/app/training,dev_2d73e02d-8068-4917-8e1d-bcd4688456d1,,,,,,,,,,,,,,,,,,,,,,,,,,,,,,,,,,,,,,,,,,,,,,,,,,,,,,,,,,,,,,,,,,
training_event,training,4958d349-1ff1-4f6b-8344-fca7d4d717aa,5b37830b-d562-4b82-982e-192ac6e77c00,2026-09-06T09:49:46.011000+00:00,keyup,79,,220.6,,,,,,,,,controlled_typing,1,,,,,,,,,,/app/training,dev_2d73e02d-8068-4917-8e1d-bcd4688456d1,,,,,,,,,,,,,,,,,,,,,,,,,,,,,,,,,,,,,,,,,,,,,,,,,,,,,,,,,,,,,,,,,,
training_event,training,4958d349-1ff1-4f6b-8344-fca7d4d717aa,5b37830b-d562-4b82-982e-192ac6e77c00,2026-09-06T09:49:46.059000+00:00,keydown,85,u,,268.5,,,,,,,,controlled_typing,1,,,,,,,,,,/app/training,dev_2d73e02d-8068-4917-8e1d-bcd4688456d1,,,,,,,,,,,,,,,,,,,,,,,,,,,,,,,,,,,,,,,,,,,,,,,,,,,,,,,,,,,,,,,,,,
training_event,training,4958d349-1ff1-4f6b-8344-fca7d4d717aa,5b37830b-d562-4b82-982e-192ac6e77c00,2026-09-06T09:49:46.172000+00:00,keyup,85,,113.3,,,,,,,,,controlled_typing,1,,,,,,,,,,/app/training,dev_2d73e02d-8068-4917-8e1d-bcd4688456d1,,,,,,,,,,,,,,,,,,,,,,,,,,,,,,,,,,,,,,,,,,,,,,,,,,,,,,,,,,,,,,,,,,
training_event,training,4958d349-1ff1-4f6b-8344-fca7d4d717aa,5b37830b-d562-4b82-982e-192ac6e77c00,2026-09-06T09:49:46.376000+00:00,keydown,82,r,,317.0,,,,,,,,controlled_typing,1,,,,,,,,,,/app/training,dev_2d73e02d-8068-4917-8e1d-bcd4688456d1,,,,,,,,,,,,,,,,,,,,,,,,,,,,,,,,,,,,,,,,,,,,,,,,,,,,,,,,,,,,,,,,,,
training_event,training,4958d349-1ff1-4f6b-8344-fca7d4d717aa,5b37830b-d562-4b82-982e-192ac6e77c00,2026-09-06T09:49:46.492000+00:00,keydown,32, ,,116.0,,,,,,,,controlled_typing,1,,,,,,,,,,/app/training,dev_2d73e02d-8068-4917-8e1d-bcd4688456d1,,,,,,,,,,,,,,,,,,,,,,,,,,,,,,,,,,,,,,,,,,,,,,,,,,,,,,,,,,,,,,,,,,
training_event,training,4958d349-1ff1-4f6b-8344-fca7d4d717aa,5b37830b-d562-4b82-982e-192ac6e77c00,2026-09-06T09:49:46.528000+00:00,keyup,82,,152.0,,,,,,,,,controlled_typing,1,,,,,,,,,,/app/training,dev_2d73e02d-8068-4917-8e1d-bcd4688456d1,,,,,,,,,,,,,,,,,,,,,,,,,,,,,,,,,,,,,,,,,,,,,,,,,,,,,,,,,,,,,,,,,,
training_event,training,4958d349-1ff1-4f6b-8344-fca7d4d717aa,5b37830b-d562-4b82-982e-192ac6e77c00,2026-09-06T09:49:46.645000+00:00,keyup,32,,152.7,,,,,,,,,controlled_typing,1,,,,,,,,,,/app/training,dev_2d73e02d-8068-4917-8e1d-bcd4688456d1,,,,,,,,,,,,,,,,,,,,,,,,,,,,,,,,,,,,,,,,,,,,,,,,,,,,,,,,,,,,,,,,,,
training_event,training,4958d349-1ff1-4f6b-8344-fca7d4d717aa,5b37830b-d562-4b82-982e-192ac6e77c00,2026-09-06T09:49:47.074000+00:00,keydown,65,a,,582.5,,,,,,,,controlled_typing,1,,,,,,,,,,/app/training,dev_2d73e02d-8068-4917-8e1d-bcd4688456d1,,,,,,,,,,,,,,,,,,,,,,,,,,,,,,,,,,,,,,,,,,,,,,,,,,,,,,,,,,,,,,,,,,
training_event,training,4958d349-1ff1-4f6b-8344-fca7d4d717aa,5b37830b-d562-4b82-982e-192ac6e77c00,2026-09-06T09:49:47.222000+00:00,keyup,65,,147.5,,,,,,,,,controlled_typing,1,,,,,,,,,,/app/training,dev_2d73e02d-8068-4917-8e1d-bcd4688456d1,,,,,,,,,,,,,,,,,,,,,,,,,,,,,,,,,,,,,,,,,,,,,,,,,,,,,,,,,,,,,,,,,,
training_event,training,4958d349-1ff1-4f6b-8344-fca7d4d717aa,5b37830b-d562-4b82-982e-192ac6e77c00,2026-09-06T09:49:47.342000+00:00,keydown,67,c,,267.8,,,,,,,,controlled_typing,1,,,,,,,,,,/app/training,dev_2d73e02d-8068-4917-8e1d-bcd4688456d1,,,,,,,,,,,,,,,,,,,,,,,,,,,,,,,,,,,,,,,,,,,,,,,,,,,,,,,,,,,,,,,,,,
training_event,training,4958d349-1ff1-4f6b-8344-fca7d4d717aa,5b37830b-d562-4b82-982e-192ac6e77c00,2026-09-06T09:49:47.425000+00:00,keyup,67,,82.9,,,,,,,,,controlled_typing,1,,,,,,,,,,/app/training,dev_2d73e02d-8068-4917-8e1d-bcd4688456d1,,,,,,,,,,,,,,,,,,,,,,,,,,,,,,,,,,,,,,,,,,,,,,,,,,,,,,,,,,,,,,,,,,
training_event,training,4958d349-1ff1-4f6b-8344-fca7d4d717aa,5b37830b-d562-4b82-982e-192ac6e77c00,2026-09-06T09:49:47.512000+00:00,keydown,67,c,,169.8,,,,,,,,controlled_typing,1,,,,,,,,,,/app/training,dev_2d73e02d-8068-4917-8e1d-bcd4688456d1,,,,,,,,,,,,,,,,,,,,,,,,,,,,,,,,,,,,,,,,,,,,,,,,,,,,,,,,,,,,,,,,,,
training_event,training,4958d349-1ff1-4f6b-8344-fca7d4d717aa,5b37830b-d562-4b82-982e-192ac6e77c00,2026-09-06T09:49:47.590000+00:00,keyup,67,,78.3,,,,,,,,,controlled_typing,1,,,,,,,,,,/app/training,dev_2d73e02d-8068-4917-8e1d-bcd4688456d1,,,,,,,,,,,,,,,,,,,,,,,,,,,,,,,,,,,,,,,,,,,,,,,,,,,,,,,,,,,,,,,,,,
training_event,training,4958d349-1ff1-4f6b-8344-fca7d4d717aa,5b37830b-d562-4b82-982e-192ac6e77c00,2026-09-06T09:49:47.651000+00:00,keydown,79,o,,139.2,,,,,,,,controlled_typing,1,,,,,,,,,,/app/training,dev_2d73e02d-8068-4917-8e1d-bcd4688456d1,,,,,,,,,,,,,,,,,,,,,,,,,,,,,,,,,,,,,,,,,,,,,,,,,,,,,,,,,,,,,,,,,,
training_event,training,4958d349-1ff1-4f6b-8344-fca7d4d717aa,5b37830b-d562-4b82-982e-192ac6e77c00,2026-09-06T09:49:47.720000+00:00,keyup,79,,69.0,,,,,,,,,controlled_typing,1,,,,,,,,,,/app/training,dev_2d73e02d-8068-4917-8e1d-bcd4688456d1,,,,,,,,,,,,,,,,,,,,,,,,,,,,,,,,,,,,,,,,,,,,,,,,,,,,,,,,,,,,,,,,,,
training_event,training,4958d349-1ff1-4f6b-8344-fca7d4d717aa,5b37830b-d562-4b82-982e-192ac6e77c00,2026-09-06T09:49:47.887000+00:00,keydown,85,u,,236.2,,,,,,,,controlled_typing,1,,,,,,,,,,/app/training,dev_2d73e02d-8068-4917-8e1d-bcd4688456d1,,,,,,,,,,,,,,,,,,,,,,,,,,,,,,,,,,,,,,,,,,,,,,,,,,,,,,,,,,,,,,,,,,
training_event,training,4958d349-1ff1-4f6b-8344-fca7d4d717aa,5b37830b-d562-4b82-982e-192ac6e77c00,2026-09-06T09:49:47.950000+00:00,keyup,85,,62.4,,,,,,,,,controlled_typing,1,,,,,,,,,,/app/training,dev_2d73e02d-8068-4917-8e1d-bcd4688456d1,,,,,,,,,,,,,,,,,,,,,,,,,,,,,,,,,,,,,,,,,,,,,,,,,,,,,,,,,,,,,,,,,,
training_event,training,4958d349-1ff1-4f6b-8344-fca7d4d717aa,5b37830b-d562-4b82-982e-192ac6e77c00,2026-09-06T09:49:48.122000+00:00,keydown,78,n,,234.5,,,,,,,,controlled_typing,1,,,,,,,,,,/app/training,dev_2d73e02d-8068-4917-8e1d-bcd4688456d1,,,,,,,,,,,,,,,,,,,,,,,,,,,,,,,,,,,,,,,,,,,,,,,,,,,,,,,,,,,,,,,,,,
training_event,training,4958d349-1ff1-4f6b-8344-fca7d4d717aa,5b37830b-d562-4b82-982e-192ac6e77c00,2026-09-06T09:49:48.182000+00:00,keyup,78,,59.5,,,,,,,,,controlled_typing,1,,,,,,,,,,/app/training,dev_2d73e02d-8068-4917-8e1d-bcd4688456d1,,,,,,,,,,,,,,,,,,,,,,,,,,,,,,,,,,,,,,,,,,,,,,,,,,,,,,,,,,,,,,,,,,
training_event,training,4958d349-1ff1-4f6b-8344-fca7d4d717aa,5b37830b-d562-4b82-982e-192ac6e77c00,2026-09-06T09:49:48.307000+00:00,keydown,84,t,,185.5,,,,,,,,controlled_typing,1,,,,,,,,,,/app/training,dev_2d73e02d-8068-4917-8e1d-bcd4688456d1,,,,,,,,,,,,,,,,,,,,,,,,,,,,,,,,,,,,,,,,,,,,,,,,,,,,,,,,,,,,,,,,,,
training_event,training,4958d349-1ff1-4f6b-8344-fca7d4d717aa,5b37830b-d562-4b82-982e-192ac6e77c00,2026-09-06T09:49:48.387000+00:00,keyup,84,,79.7,,,,,,,,,controlled_typing,1,,,,,,,,,,/app/training,dev_2d73e02d-8068-4917-8e1d-bcd4688456d1,,,,,,,,,,,,,,,,,,,,,,,,,,,,,,,,,,,,,,,,,,,,,,,,,,,,,,,,,,,,,,,,,,
training_event,training,4958d349-1ff1-4f6b-8344-fca7d4d717aa,5b37830b-d562-4b82-982e-192ac6e77c00,2026-09-06T09:49:48.725000+00:00,keydown,190,.,,417.6,,,,,,,,controlled_typing,1,,,,,,,,,,/app/training,dev_2d73e02d-8068-4917-8e1d-bcd4688456d1,,,,,,,,,,,,,,,,,,,,,,,,,,,,,,,,,,,,,,,,,,,,,,,,,,,,,,,,,,,,,,,,,,
training_event,training,4958d349-1ff1-4f6b-8344-fca7d4d717aa,03c7a12d-bec1-4bfd-b261-0bc9a968474c,2026-09-06T09:49:52.392000+00:00,keydown,83,S,,,,,,,,,,controlled_typing,2,,,,,,,,,,/app/training,dev_2d73e02d-8068-4917-8e1d-bcd4688456d1,,,,,,,,,,,,,,,,,,,,,,,,,,,,,,,,,,,,,,,,,,,,,,,,,,,,,,,,,,,,,,,,,,
training_event,training,4958d349-1ff1-4f6b-8344-fca7d4d717aa,03c7a12d-bec1-4bfd-b261-0bc9a968474c,2026-09-06T09:49:52.511000+00:00,keyup,83,,119.1,,,,,,,,,controlled_typing,2,,,,,,,,,,/app/training,dev_2d73e02d-8068-4917-8e1d-bcd4688456d1,,,,,,,,,,,,,,,,,,,,,,,,,,,,,,,,,,,,,,,,,,,,,,,,,,,,,,,,,,,,,,,,,,
training_event,training,4958d349-1ff1-4f6b-8344-fca7d4d717aa,03c7a12d-bec1-4bfd-b261-0bc9a968474c,2026-09-06T09:49:52.655000+00:00,keydown,69,e,,263.2,,,,,,,,controlled_typing,2,,,,,,,,,,/app/training,dev_2d73e02d-8068-4917-8e1d-bcd4688456d1,,,,,,,,,,,,,,,,,,,,,,,,,,,,,,,,,,,,,,,,,,,,,,,,,,,,,,,,,,,,,,,,,,
training_event,training,4958d349-1ff1-4f6b-8344-fca7d4d717aa,03c7a12d-bec1-4bfd-b261-0bc9a968474c,2026-09-06T09:49:52.750000+00:00,keyup,69,,95.3,,,,,,,,,controlled_typing,2,,,,,,,,,,/app/training,dev_2d73e02d-8068-4917-8e1d-bcd4688456d1,,,,,,,,,,,,,,,,,,,,,,,,,,,,,,,,,,,,,,,,,,,,,,,,,,,,,,,,,,,,,,,,,,
training_event,training,4958d349-1ff1-4f6b-8344-fca7d4d717aa,03c7a12d-bec1-4bfd-b261-0bc9a968474c,2026-09-06T09:49:52.922000+00:00,keydown,67,c,,267.3,,,,,,,,controlled_typing,2,,,,,,,,,,/app/training,dev_2d73e02d-8068-4917-8e1d-bcd4688456d1,,,,,,,,,,,,,,,,,,,,,,,,,,,,,,,,,,,,,,,,,,,,,,,,,,,,,,,,,,,,,,,,,,
training_event,training,4958d349-1ff1-4f6b-8344-fca7d4d717aa,03c7a12d-bec1-4bfd-b261-0bc9a968474c,2026-09-06T09:49:53.041000+00:00,keyup,67,,118.6,,,,,,,,,controlled_typing,2,,,,,,,,,,/app/training,dev_2d73e02d-8068-4917-8e1d-bcd4688456d1,,,,,,,,,,,,,,,,,,,,,,,,,,,,,,,,,,,,,,,,,,,,,,,,,,,,,,,,,,,,,,,,,,
training_event,training,4958d349-1ff1-4f6b-8344-fca7d4d717aa,03c7a12d-bec1-4bfd-b261-0bc9a968474c,2026-09-06T09:49:53.092000+00:00,keydown,85,u,,169.5,,,,,,,,controlled_typing,2,,,,,,,,,,/app/training,dev_2d73e02d-8068-4917-8e1d-bcd4688456d1,,,,,,,,,,,,,,,,,,,,,,,,,,,,,,,,,,,,,,,,,,,,,,,,,,,,,,,,,,,,,,,,,,
training_event,training,4958d349-1ff1-4f6b-8344-fca7d4d717aa,03c7a12d-bec1-4bfd-b261-0bc9a968474c,2026-09-06T09:49:53.167000+00:00,keyup,85,,75.4,,,,,,,,,controlled_typing,2,,,,,,,,,,/app/training,dev_2d73e02d-8068-4917-8e1d-bcd4688456d1,,,,,,,,,,,,,,,,,,,,,,,,,,,,,,,,,,,,,,,,,,,,,,,,,,,,,,,,,,,,,,,,,,
training_event,training,4958d349-1ff1-4f6b-8344-fca7d4d717aa,03c7a12d-bec1-4bfd-b261-0bc9a968474c,2026-09-06T09:49:53.265000+00:00,keydown,82,r,,173.2,,,,,,,,controlled_typing,2,,,,,,,,,,/app/training,dev_2d73e02d-8068-4917-8e1d-bcd4688456d1,,,,,,,,,,,,,,,,,,,,,,,,,,,,,,,,,,,,,,,,,,,,,,,,,,,,,,,,,,,,,,,,,,
training_event,training,4958d349-1ff1-4f6b-8344-fca7d4d717aa,03c7a12d-bec1-4bfd-b261-0bc9a968474c,2026-09-06T09:49:53.395000+00:00,keydown,73,i,,129.7,,,,,,,,controlled_typing,2,,,,,,,,,,/app/training,dev_2d73e02d-8068-4917-8e1d-bcd4688456d1,,,,,,,,,,,,,,,,,,,,,,,,,,,,,,,,,,,,,,,,,,,,,,,,,,,,,,,,,,,,,,,,,,
training_event,training,4958d349-1ff1-4f6b-8344-fca7d4d717aa,03c7a12d-bec1-4bfd-b261-0bc9a968474c,2026-09-06T09:49:53.411000+00:00,keyup,82,,145.5,,,,,,,,,controlled_typing,2,,,,,,,,,,/app/training,dev_2d73e02d-8068-4917-8e1d-bcd4688456d1,,,,,,,,,,,,,,,,,,,,,,,,,,,,,,,,,,,,,,,,,,,,,,,,,,,,,,,,,,,,,,,,,,
training_event,training,4958d349-1ff1-4f6b-8344-fca7d4d717aa,03c7a12d-bec1-4bfd-b261-0bc9a968474c,2026-09-06T09:49:53.474000+00:00,keyup,73,,78.8,,,,,,,,,controlled_typing,2,,,,,,,,,,/app/training,dev_2d73e02d-8068-4917-8e1d-bcd4688456d1,,,,,,,,,,,,,,,,,,,,,,,,,,,,,,,,,,,,,,,,,,,,,,,,,,,,,,,,,,,,,,,,,,
training_event,training,4958d349-1ff1-4f6b-8344-fca7d4d717aa,03c7a12d-bec1-4bfd-b261-0bc9a968474c,2026-09-06T09:49:53.591000+00:00,keydown,84,t,,195.9,,,,,,,,controlled_typing,2,,,,,,,,,,/app/training,dev_2d73e02d-8068-4917-8e1d-bcd4688456d1,,,,,,,,,,,,,,,,,,,,,,,,,,,,,,,,,,,,,,,,,,,,,,,,,,,,,,,,,,,,,,,,,,
training_event,training,4958d349-1ff1-4f6b-8344-fca7d4d717aa,03c7a12d-bec1-4bfd-b261-0bc9a968474c,2026-09-06T09:49:53.706000+00:00,keyup,84,,115.2,,,,,,,,,controlled_typing,2,,,,,,,,,,/app/training,dev_2d73e02d-8068-4917-8e1d-bcd4688456d1,,,,,,,,,,,,,,,,,,,,,,,,,,,,,,,,,,,,,,,,,,,,,,,,,,,,,,,,,,,,,,,,,,
training_event,training,4958d349-1ff1-4f6b-8344-fca7d4d717aa,03c7a12d-bec1-4bfd-b261-0bc9a968474c,2026-09-06T09:49:53.775000+00:00,keydown,89,y,,184.4,,,,,,,,controlled_typing,2,,,,,,,,,,/app/training,dev_2d73e02d-8068-4917-8e1d-bcd4688456d1,,,,,,,,,,,,,,,,,,,,,,,,,,,,,,,,,,,,,,,,,,,,,,,,,,,,,,,,,,,,,,,,,,
training_event,training,4958d349-1ff1-4f6b-8344-fca7d4d717aa,03c7a12d-bec1-4bfd-b261-0bc9a968474c,2026-09-06T09:49:53.820000+00:00,keyup,89,,45.0,,,,,,,,,controlled_typing,2,,,,,,,,,,/app/training,dev_2d73e02d-8068-4917-8e1d-bcd4688456d1,,,,,,,,,,,,,,,,,,,,,,,,,,,,,,,,,,,,,,,,,,,,,,,,,,,,,,,,,,,,,,,,,,
training_event,training,4958d349-1ff1-4f6b-8344-fca7d4d717aa,03c7a12d-bec1-4bfd-b261-0bc9a968474c,2026-09-06T09:49:53.888000+00:00,keydown,32, ,,112.6,,,,,,,,controlled_typing,2,,,,,,,,,,/app/training,dev_2d73e02d-8068-4917-8e1d-bcd4688456d1,,,,,,,,,,,,,,,,,,,,,,,,,,,,,,,,,,,,,,,,,,,,,,,,,,,,,,,,,,,,,,,,,,
training_event,training,4958d349-1ff1-4f6b-8344-fca7d4d717aa,03c7a12d-bec1-4bfd-b261-0bc9a968474c,2026-09-06T09:49:54.004000+00:00,keyup,32,,116.0,,,,,,,,,controlled_typing,2,,,,,,,,,,/app/training,dev_2d73e02d-8068-4917-8e1d-bcd4688456d1,,,,,,,,,,,,,,,,,,,,,,,,,,,,,,,,,,,,,,,,,,,,,,,,,,,,,,,,,,,,,,,,,,
training_event,training,4958d349-1ff1-4f6b-8344-fca7d4d717aa,03c7a12d-bec1-4bfd-b261-0bc9a968474c,2026-09-06T09:49:54.971000+00:00,keydown,83,s,,1083.3,,,,,,,,controlled_typing,2,,,,,,,,,,/app/training,dev_2d73e02d-8068-4917-8e1d-bcd4688456d1,,,,,,,,,,,,,,,,,,,,,,,,,,,,,,,,,,,,,,,,,,,,,,,,,,,,,,,,,,,,,,,,,,
training_event,training,4958d349-1ff1-4f6b-8344-fca7d4d717aa,03c7a12d-bec1-4bfd-b261-0bc9a968474c,2026-09-06T09:49:55.085000+00:00,keyup,83,,114.1,,,,,,,,,controlled_typing,2,,,,,,,,,,/app/training,dev_2d73e02d-8068-4917-8e1d-bcd4688456d1,,,,,,,,,,,,,,,,,,,,,,,,,,,,,,,,,,,,,,,,,,,,,,,,,,,,,,,,,,,,,,,,,,
training_event,training,4958d349-1ff1-4f6b-8344-fca7d4d717aa,03c7a12d-bec1-4bfd-b261-0bc9a968474c,2026-09-06T09:49:55.442000+00:00,keydown,72,h,,471.1,,,,,,,,controlled_typing,2,,,,,,,,,,/app/training,dev_2d73e02d-8068-4917-8e1d-bcd4688456d1,,,,,,,,,,,,,,,,,,,,,,,,,,,,,,,,,,,,,,,,,,,,,,,,,,,,,,,,,,,,,,,,,,
training_event,training,4958d349-1ff1-4f6b-8344-fca7d4d717aa,03c7a12d-bec1-4bfd-b261-0bc9a968474c,2026-09-06T09:49:55.639000+00:00,keyup,72,,196.7,,,,,,,,,controlled_typing,2,,,,,,,,,,/app/training,dev_2d73e02d-8068-4917-8e1d-bcd4688456d1,,,,,,,,,,,,,,,,,,,,,,,,,,,,,,,,,,,,,,,,,,,,,,,,,,,,,,,,,,,,,,,,,,
training_event,training,4958d349-1ff1-4f6b-8344-fca7d4d717aa,03c7a12d-bec1-4bfd-b261-0bc9a968474c,2026-09-06T09:49:55.702000+00:00,keydown,79,o,,260.0,,,,,,,,controlled_typing,2,,,,,,,,,,/app/training,dev_2d73e02d-8068-4917-8e1d-bcd4688456d1,,,,,,,,,,,,,,,,,,,,,,,,,,,,,,,,,,,,,,,,,,,,,,,,,,,,,,,,,,,,,,,,,,
training_event,training,4958d349-1ff1-4f6b-8344-fca7d4d717aa,03c7a12d-bec1-4bfd-b261-0bc9a968474c,2026-09-06T09:49:55.854000+00:00,keyup,79,,152.2,,,,,,,,,controlled_typing,2,,,,,,,,,,/app/training,dev_2d73e02d-8068-4917-8e1d-bcd4688456d1,,,,,,,,,,,,,,,,,,,,,,,,,,,,,,,,,,,,,,,,,,,,,,,,,,,,,,,,,,,,,,,,,,
training_event,training,4958d349-1ff1-4f6b-8344-fca7d4d717aa,03c7a12d-bec1-4bfd-b261-0bc9a968474c,2026-09-06T09:49:55.906000+00:00,keydown,85,u,,204.0,,,,,,,,controlled_typing,2,,,,,,,,,,/app/training,dev_2d73e02d-8068-4917-8e1d-bcd4688456d1,,,,,,,,,,,,,,,,,,,,,,,,,,,,,,,,,,,,,,,,,,,,,,,,,,,,,,,,,,,,,,,,,,
training_event,training,4958d349-1ff1-4f6b-8344-fca7d4d717aa,03c7a12d-bec1-4bfd-b261-0bc9a968474c,2026-09-06T09:49:56.009000+00:00,keyup,85,,102.9,,,,,,,,,controlled_typing,2,,,,,,,,,,/app/training,dev_2d73e02d-8068-4917-8e1d-bcd4688456d1,,,,,,,,,,,,,,,,,,,,,,,,,,,,,,,,,,,,,,,,,,,,,,,,,,,,,,,,,,,,,,,,,,
training_event,training,4958d349-1ff1-4f6b-8344-fca7d4d717aa,03c7a12d-bec1-4bfd-b261-0bc9a968474c,2026-09-06T09:49:56.275000+00:00,keydown,76,l,,369.0,,,,,,,,controlled_typing,2,,,,,,,,,,/app/training,dev_2d73e02d-8068-4917-8e1d-bcd4688456d1,,,,,,,,,,,,,,,,,,,,,,,,,,,,,,,,,,,,,,,,,,,,,,,,,,,,,,,,,,,,,,,,,,
training_event,training,4958d349-1ff1-4f6b-8344-fca7d4d717aa,03c7a12d-bec1-4bfd-b261-0bc9a968474c,2026-09-06T09:49:56.354000+00:00,keyup,76,,78.9,,,,,,,,,controlled_typing,2,,,,,,,,,,/app/training,dev_2d73e02d-8068-4917-8e1d-bcd4688456d1,,,,,,,,,,,,,,,,,,,,,,,,,,,,,,,,,,,,,,,,,,,,,,,,,,,,,,,,,,,,,,,,,,
training_event,training,4958d349-1ff1-4f6b-8344-fca7d4d717aa,03c7a12d-bec1-4bfd-b261-0bc9a968474c,2026-09-06T09:49:56.441000+00:00,keydown,68,d,,166.4,,,,,,,,controlled_typing,2,,,,,,,,,,/app/training,dev_2d73e02d-8068-4917-8e1d-bcd4688456d1,,,,,,,,,,,,,,,,,,,,,,,,,,,,,,,,,,,,,,,,,,,,,,,,,,,,,,,,,,,,,,,,,,
training_event,training,4958d349-1ff1-4f6b-8344-fca7d4d717aa,03c7a12d-bec1-4bfd-b261-0bc9a968474c,2026-09-06T09:49:56.590000+00:00,keydown,32, ,,148.4,,,,,,,,controlled_typing,2,,,,,,,,,,/app/training,dev_2d73e02d-8068-4917-8e1d-bcd4688456d1,,,,,,,,,,,,,,,,,,,,,,,,,,,,,,,,,,,,,,,,,,,,,,,,,,,,,,,,,,,,,,,,,,
training_event,training,4958d349-1ff1-4f6b-8344-fca7d4d717aa,03c7a12d-bec1-4bfd-b261-0bc9a968474c,2026-09-06T09:49:56.617000+00:00,keyup,68,,175.1,,,,,,,,,controlled_typing,2,,,,,,,,,,/app/training,dev_2d73e02d-8068-4917-8e1d-bcd4688456d1,,,,,,,,,,,,,,,,,,,,,,,,,,,,,,,,,,,,,,,,,,,,,,,,,,,,,,,,,,,,,,,,,,
training_event,training,4958d349-1ff1-4f6b-8344-fca7d4d717aa,03c7a12d-bec1-4bfd-b261-0bc9a968474c,2026-09-06T09:49:56.706000+00:00,keyup,32,,115.7,,,,,,,,,controlled_typing,2,,,,,,,,,,/app/training,dev_2d73e02d-8068-4917-8e1d-bcd4688456d1,,,,,,,,,,,,,,,,,,,,,,,,,,,,,,,,,,,,,,,,,,,,,,,,,,,,,,,,,,,,,,,,,,
training_event,training,4958d349-1ff1-4f6b-8344-fca7d4d717aa,03c7a12d-bec1-4bfd-b261-0bc9a968474c,2026-09-06T09:49:57.339000+00:00,keydown,82,r,,749.1,,,,,,,,controlled_typing,2,,,,,,,,,,/app/training,dev_2d73e02d-8068-4917-8e1d-bcd4688456d1,,,,,,,,,,,,,,,,,,,,,,,,,,,,,,,,,,,,,,,,,,,,,,,,,,,,,,,,,,,,,,,,,,
training_event,training,4958d349-1ff1-4f6b-8344-fca7d4d717aa,03c7a12d-bec1-4bfd-b261-0bc9a968474c,2026-09-06T09:49:57.455000+00:00,keyup,82,,115.7,,,,,,,,,controlled_typing,2,,,,,,,,,,/app/training,dev_2d73e02d-8068-4917-8e1d-bcd4688456d1,,,,,,,,,,,,,,,,,,,,,,,,,,,,,,,,,,,,,,,,,,,,,,,,,,,,,,,,,,,,,,,,,,
training_event,training,4958d349-1ff1-4f6b-8344-fca7d4d717aa,03c7a12d-bec1-4bfd-b261-0bc9a968474c,2026-09-06T09:49:57.746000+00:00,keydown,69,e,,406.6,,,,,,,,controlled_typing,2,,,,,,,,,,/app/training,dev_2d73e02d-8068-4917-8e1d-bcd4688456d1,,,,,,,,,,,,,,,,,,,,,,,,,,,,,,,,,,,,,,,,,,,,,,,,,,,,,,,,,,,,,,,,,,
training_event,training,4958d349-1ff1-4f6b-8344-fca7d4d717aa,03c7a12d-bec1-4bfd-b261-0bc9a968474c,2026-09-06T09:49:57.921000+00:00,keyup,69,,175.7,,,,,,,,,controlled_typing,2,,,,,,,,,,/app/training,dev_2d73e02d-8068-4917-8e1d-bcd4688456d1,,,,,,,,,,,,,,,,,,,,,,,,,,,,,,,,,,,,,,,,,,,,,,,,,,,,,,,,,,,,,,,,,,
training_event,training,4958d349-1ff1-4f6b-8344-fca7d4d717aa,03c7a12d-bec1-4bfd-b261-0bc9a968474c,2026-09-06T09:49:58.072000+00:00,keydown,77,m,,326.5,,,,,,,,controlled_typing,2,,,,,,,,,,/app/training,dev_2d73e02d-8068-4917-8e1d-bcd4688456d1,,,,,,,,,,,,,,,,,,,,,,,,,,,,,,,,,,,,,,,,,,,,,,,,,,,,,,,,,,,,,,,,,,
training_event,training,4958d349-1ff1-4f6b-8344-fca7d4d717aa,03c7a12d-bec1-4bfd-b261-0bc9a968474c,2026-09-06T09:49:58.161000+00:00,keyup,77,,89.2,,,,,,,,,controlled_typing,2,,,,,,,,,,/app/training,dev_2d73e02d-8068-4917-8e1d-bcd4688456d1,,,,,,,,,,,,,,,,,,,,,,,,,,,,,,,,,,,,,,,,,,,,,,,,,,,,,,,,,,,,,,,,,,
training_event,training,4958d349-1ff1-4f6b-8344-fca7d4d717aa,03c7a12d-bec1-4bfd-b261-0bc9a968474c,2026-09-06T09:49:58.370000+00:00,keydown,65,a,,297.5,,,,,,,,controlled_typing,2,,,,,,,,,,/app/training,dev_2d73e02d-8068-4917-8e1d-bcd4688456d1,,,,,,,,,,,,,,,,,,,,,,,,,,,,,,,,,,,,,,,,,,,,,,,,,,,,,,,,,,,,,,,,,,
training_event,training,4958d349-1ff1-4f6b-8344-fca7d4d717aa,03c7a12d-bec1-4bfd-b261-0bc9a968474c,2026-09-06T09:49:58.512000+00:00,keyup,65,,142.2,,,,,,,,,controlled_typing,2,,,,,,,,,,/app/training,dev_2d73e02d-8068-4917-8e1d-bcd4688456d1,,,,,,,,,,,,,,,,,,,,,,,,,,,,,,,,,,,,,,,,,,,,,,,,,,,,,,,,,,,,,,,,,,
training_event,training,4958d349-1ff1-4f6b-8344-fca7d4d717aa,03c7a12d-bec1-4bfd-b261-0bc9a968474c,2026-09-06T09:49:58.546000+00:00,keydown,73,i,,176.3,,,,,,,,controlled_typing,2,,,,,,,,,,/app/training,dev_2d73e02d-8068-4917-8e1d-bcd4688456d1,,,,,,,,,,,,,,,,,,,,,,,,,,,,,,,,,,,,,,,,,,,,,,,,,,,,,,,,,,,,,,,,,,
training_event,training,4958d349-1ff1-4f6b-8344-fca7d4d717aa,03c7a12d-bec1-4bfd-b261-0bc9a968474c,2026-09-06T09:49:58.611000+00:00,keyup,73,,65.5,,,,,,,,,controlled_typing,2,,,,,,,,,,/app/training,dev_2d73e02d-8068-4917-8e1d-bcd4688456d1,,,,,,,,,,,,,,,,,,,,,,,,,,,,,,,,,,,,,,,,,,,,,,,,,,,,,,,,,,,,,,,,,,
training_event,training,4958d349-1ff1-4f6b-8344-fca7d4d717aa,03c7a12d-bec1-4bfd-b261-0bc9a968474c,2026-09-06T09:49:58.695000+00:00,keydown,78,n,,149.7,,,,,,,,controlled_typing,2,,,,,,,,,,/app/training,dev_2d73e02d-8068-4917-8e1d-bcd4688456d1,,,,,,,,,,,,,,,,,,,,,,,,,,,,,,,,,,,,,,,,,,,,,,,,,,,,,,,,,,,,,,,,,,
training_event,training,4958d349-1ff1-4f6b-8344-fca7d4d717aa,03c7a12d-bec1-4bfd-b261-0bc9a968474c,2026-09-06T09:49:58.794000+00:00,keyup,78,,98.6,,,,,,,,,controlled_typing,2,,,,,,,,,,/app/training,dev_2d73e02d-8068-4917-8e1d-bcd4688456d1,,,,,,,,,,,,,,,,,,,,,,,,,,,,,,,,,,,,,,,,,,,,,,,,,,,,,,,,,,,,,,,,,,
training_event,training,4958d349-1ff1-4f6b-8344-fca7d4d717aa,03c7a12d-bec1-4bfd-b261-0bc9a968474c,2026-09-06T09:49:58.876000+00:00,keydown,32, ,,180.5,,,,,,,,controlled_typing,2,,,,,,,,,,/app/training,dev_2d73e02d-8068-4917-8e1d-bcd4688456d1,,,,,,,,,,,,,,,,,,,,,,,,,,,,,,,,,,,,,,,,,,,,,,,,,,,,,,,,,,,,,,,,,,
training_event,training,4958d349-1ff1-4f6b-8344-fca7d4d717aa,03c7a12d-bec1-4bfd-b261-0bc9a968474c,2026-09-06T09:49:58.986000+00:00,keyup,32,,110.2,,,,,,,,,controlled_typing,2,,,,,,,,,,/app/training,dev_2d73e02d-8068-4917-8e1d-bcd4688456d1,,,,,,,,,,,,,,,,,,,,,,,,,,,,,,,,,,,,,,,,,,,,,,,,,,,,,,,,,,,,,,,,,,
training_event,training,4958d349-1ff1-4f6b-8344-fca7d4d717aa,03c7a12d-bec1-4bfd-b261-0bc9a968474c,2026-09-06T09:49:59.574000+00:00,keydown,73,i,,697.5,,,,,,,,controlled_typing,2,,,,,,,,,,/app/training,dev_2d73e02d-8068-4917-8e1d-bcd4688456d1,,,,,,,,,,,,,,,,,,,,,,,,,,,,,,,,,,,,,,,,,,,,,,,,,,,,,,,,,,,,,,,,,,
training_event,training,4958d349-1ff1-4f6b-8344-fca7d4d717aa,03c7a12d-bec1-4bfd-b261-0bc9a968474c,2026-09-06T09:49:59.661000+00:00,keyup,73,,87.4,,,,,,,,,controlled_typing,2,,,,,,,,,,/app/training,dev_2d73e02d-8068-4917-8e1d-bcd4688456d1,,,,,,,,,,,,,,,,,,,,,,,,,,,,,,,,,,,,,,,,,,,,,,,,,,,,,,,,,,,,,,,,,,
training_event,training,4958d349-1ff1-4f6b-8344-fca7d4d717aa,03c7a12d-bec1-4bfd-b261-0bc9a968474c,2026-09-06T09:49:59.792000+00:00,keydown,78,n,,218.8,,,,,,,,controlled_typing,2,,,,,,,,,,/app/training,dev_2d73e02d-8068-4917-8e1d-bcd4688456d1,,,,,,,,,,,,,,,,,,,,,,,,,,,,,,,,,,,,,,,,,,,,,,,,,,,,,,,,,,,,,,,,,,
training_event,training,4958d349-1ff1-4f6b-8344-fca7d4d717aa,03c7a12d-bec1-4bfd-b261-0bc9a968474c,2026-09-06T09:49:59.870000+00:00,keyup,78,,77.9,,,,,,,,,controlled_typing,2,,,,,,,,,,/app/training,dev_2d73e02d-8068-4917-8e1d-bcd4688456d1,,,,,,,,,,,,,,,,,,,,,,,,,,,,,,,,,,,,,,,,,,,,,,,,,,,,,,,,,,,,,,,,,,
training_event,training,4958d349-1ff1-4f6b-8344-fca7d4d717aa,03c7a12d-bec1-4bfd-b261-0bc9a968474c,2026-09-06T09:50:00.155000+00:00,keydown,86,v,,362.7,,,,,,,,controlled_typing,2,,,,,,,,,,/app/training,dev_2d73e02d-8068-4917-8e1d-bcd4688456d1,,,,,,,,,,,,,,,,,,,,,,,,,,,,,,,,,,,,,,,,,,,,,,,,,,,,,,,,,,,,,,,,,,
training_event,training,4958d349-1ff1-4f6b-8344-fca7d4d717aa,03c7a12d-bec1-4bfd-b261-0bc9a968474c,2026-09-06T09:50:00.234000+00:00,keyup,86,,79.2,,,,,,,,,controlled_typing,2,,,,,,,,,,/app/training,dev_2d73e02d-8068-4917-8e1d-bcd4688456d1,,,,,,,,,,,,,,,,,,,,,,,,,,,,,,,,,,,,,,,,,,,,,,,,,,,,,,,,,,,,,,,,,,
training_event,training,4958d349-1ff1-4f6b-8344-fca7d4d717aa,03c7a12d-bec1-4bfd-b261-0bc9a968474c,2026-09-06T09:50:00.394000+00:00,keydown,73,i,,239.3,,,,,,,,controlled_typing,2,,,,,,,,,,/app/training,dev_2d73e02d-8068-4917-8e1d-bcd4688456d1,,,,,,,,,,,,,,,,,,,,,,,,,,,,,,,,,,,,,,,,,,,,,,,,,,,,,,,,,,,,,,,,,,
training_event,training,4958d349-1ff1-4f6b-8344-fca7d4d717aa,03c7a12d-bec1-4bfd-b261-0bc9a968474c,2026-09-06T09:50:00.471000+00:00,keyup,73,,77.1,,,,,,,,,controlled_typing,2,,,,,,,,,,/app/training,dev_2d73e02d-8068-4917-8e1d-bcd4688456d1,,,,,,,,,,,,,,,,,,,,,,,,,,,,,,,,,,,,,,,,,,,,,,,,,,,,,,,,,,,,,,,,,,
training_event,training,4958d349-1ff1-4f6b-8344-fca7d4d717aa,03c7a12d-bec1-4bfd-b261-0bc9a968474c,2026-09-06T09:50:00.642000+00:00,keydown,83,s,,247.8,,,,,,,,controlled_typing,2,,,,,,,,,,/app/training,dev_2d73e02d-8068-4917-8e1d-bcd4688456d1,,,,,,,,,,,,,,,,,,,,,,,,,,,,,,,,,,,,,,,,,,,,,,,,,,,,,,,,,,,,,,,,,,
training_event,training,4958d349-1ff1-4f6b-8344-fca7d4d717aa,03c7a12d-bec1-4bfd-b261-0bc9a968474c,2026-09-06T09:50:00.734000+00:00,keyup,83,,91.8,,,,,,,,,controlled_typing,2,,,,,,,,,,/app/training,dev_2d73e02d-8068-4917-8e1d-bcd4688456d1,,,,,,,,,,,,,,,,,,,,,,,,,,,,,,,,,,,,,,,,,,,,,,,,,,,,,,,,,,,,,,,,,,
training_event,training,4958d349-1ff1-4f6b-8344-fca7d4d717aa,03c7a12d-bec1-4bfd-b261-0bc9a968474c,2026-09-06T09:50:00.762000+00:00,keydown,73,i,,119.7,,,,,,,,controlled_typing,2,,,,,,,,,,/app/training,dev_2d73e02d-8068-4917-8e1d-bcd4688456d1,,,,,,,,,,,,,,,,,,,,,,,,,,,,,,,,,,,,,,,,,,,,,,,,,,,,,,,,,,,,,,,,,,
training_event,training,4958d349-1ff1-4f6b-8344-fca7d4d717aa,03c7a12d-bec1-4bfd-b261-0bc9a968474c,2026-09-06T09:50:00.838000+00:00,keyup,73,,76.3,,,,,,,,,controlled_typing,2,,,,,,,,,,/app/training,dev_2d73e02d-8068-4917-8e1d-bcd4688456d1,,,,,,,,,,,,,,,,,,,,,,,,,,,,,,,,,,,,,,,,,,,,,,,,,,,,,,,,,,,,,,,,,,
training_event,training,4958d349-1ff1-4f6b-8344-fca7d4d717aa,03c7a12d-bec1-4bfd-b261-0bc9a968474c,2026-09-06T09:50:01.035000+00:00,keydown,66,b,,272.8,,,,,,,,controlled_typing,2,,,,,,,,,,/app/training,dev_2d73e02d-8068-4917-8e1d-bcd4688456d1,,,,,,,,,,,,,,,,,,,,,,,,,,,,,,,,,,,,,,,,,,,,,,,,,,,,,,,,,,,,,,,,,,
training_event,training,4958d349-1ff1-4f6b-8344-fca7d4d717aa,03c7a12d-bec1-4bfd-b261-0bc9a968474c,2026-09-06T09:50:01.086000+00:00,keyup,66,,51.8,,,,,,,,,controlled_typing,2,,,,,,,,,,/app/training,dev_2d73e02d-8068-4917-8e1d-bcd4688456d1,,,,,,,,,,,,,,,,,,,,,,,,,,,,,,,,,,,,,,,,,,,,,,,,,,,,,,,,,,,,,,,,,,
training_event,training,4958d349-1ff1-4f6b-8344-fca7d4d717aa,03c7a12d-bec1-4bfd-b261-0bc9a968474c,2026-09-06T09:50:01.325000+00:00,keydown,76,l,,290.0,,,,,,,,controlled_typing,2,,,,,,,,,,/app/training,dev_2d73e02d-8068-4917-8e1d-bcd4688456d1,,,,,,,,,,,,,,,,,,,,,,,,,,,,,,,,,,,,,,,,,,,,,,,,,,,,,,,,,,,,,,,,,,
training_event,training,4958d349-1ff1-4f6b-8344-fca7d4d717aa,03c7a12d-bec1-4bfd-b261-0bc9a968474c,2026-09-06T09:50:01.375000+00:00,keyup,76,,50.7,,,,,,,,,controlled_typing,2,,,,,,,,,,/app/training,dev_2d73e02d-8068-4917-8e1d-bcd4688456d1,,,,,,,,,,,,,,,,,,,,,,,,,,,,,,,,,,,,,,,,,,,,,,,,,,,,,,,,,,,,,,,,,,
training_event,training,4958d349-1ff1-4f6b-8344-fca7d4d717aa,03c7a12d-bec1-4bfd-b261-0bc9a968474c,2026-09-06T09:50:01.539000+00:00,keydown,69,e,,214.2,,,,,,,,controlled_typing,2,,,,,,,,,,/app/training,dev_2d73e02d-8068-4917-8e1d-bcd4688456d1,,,,,,,,,,,,,,,,,,,,,,,,,,,,,,,,,,,,,,,,,,,,,,,,,,,,,,,,,,,,,,,,,,
training_event,training,4958d349-1ff1-4f6b-8344-fca7d4d717aa,03c7a12d-bec1-4bfd-b261-0bc9a968474c,2026-09-06T09:50:01.661000+00:00,keyup,69,,122.3,,,,,,,,,controlled_typing,2,,,,,,,,,,/app/training,dev_2d73e02d-8068-4917-8e1d-bcd4688456d1,,,,,,,,,,,,,,,,,,,,,,,,,,,,,,,,,,,,,,,,,,,,,,,,,,,,,,,,,,,,,,,,,,
training_event,training,4958d349-1ff1-4f6b-8344-fca7d4d717aa,03c7a12d-bec1-4bfd-b261-0bc9a968474c,2026-09-06T09:50:01.679000+00:00,keydown,32, ,,139.8,,,,,,,,controlled_typing,2,,,,,,,,,,/app/training,dev_2d73e02d-8068-4917-8e1d-bcd4688456d1,,,,,,,,,,,,,,,,,,,,,,,,,,,,,,,,,,,,,,,,,,,,,,,,,,,,,,,,,,,,,,,,,,
training_event,training,4958d349-1ff1-4f6b-8344-fca7d4d717aa,03c7a12d-bec1-4bfd-b261-0bc9a968474c,2026-09-06T09:50:01.787000+00:00,keyup,32,,108.4,,,,,,,,,controlled_typing,2,,,,,,,,,,/app/training,dev_2d73e02d-8068-4917-8e1d-bcd4688456d1,,,,,,,,,,,,,,,,,,,,,,,,,,,,,,,,,,,,,,,,,,,,,,,,,,,,,,,,,,,,,,,,,,
training_event,training,4958d349-1ff1-4f6b-8344-fca7d4d717aa,03c7a12d-bec1-4bfd-b261-0bc9a968474c,2026-09-06T09:50:02.510000+00:00,keydown,68,d,,830.9,,,,,,,,controlled_typing,2,,,,,,,,,,/app/training,dev_2d73e02d-8068-4917-8e1d-bcd4688456d1,,,,,,,,,,,,,,,,,,,,,,,,,,,,,,,,,,,,,,,,,,,,,,,,,,,,,,,,,,,,,,,,,,
training_event,training,4958d349-1ff1-4f6b-8344-fca7d4d717aa,03c7a12d-bec1-4bfd-b261-0bc9a968474c,2026-09-06T09:50:02.587000+00:00,keyup,68,,77.7,,,,,,,,,controlled_typing,2,,,,,,,,,,/app/training,dev_2d73e02d-8068-4917-8e1d-bcd4688456d1,,,,,,,,,,,,,,,,,,,,,,,,,,,,,,,,,,,,,,,,,,,,,,,,,,,,,,,,,,,,,,,,,,
training_event,training,4958d349-1ff1-4f6b-8344-fca7d4d717aa,03c7a12d-bec1-4bfd-b261-0bc9a968474c,2026-09-06T09:50:03.079000+00:00,keydown,85,u,,569.3,,,,,,,,controlled_typing,2,,,,,,,,,,/app/training,dev_2d73e02d-8068-4917-8e1d-bcd4688456d1,,,,,,,,,,,,,,,,,,,,,,,,,,,,,,,,,,,,,,,,,,,,,,,,,,,,,,,,,,,,,,,,,,
training_event,training,4958d349-1ff1-4f6b-8344-fca7d4d717aa,03c7a12d-bec1-4bfd-b261-0bc9a968474c,2026-09-06T09:50:03.141000+00:00,keyup,85,,61.9,,,,,,,,,controlled_typing,2,,,,,,,,,,/app/training,dev_2d73e02d-8068-4917-8e1d-bcd4688456d1,,,,,,,,,,,,,,,,,,,,,,,,,,,,,,,,,,,,,,,,,,,,,,,,,,,,,,,,,,,,,,,,,,
training_event,training,4958d349-1ff1-4f6b-8344-fca7d4d717aa,03c7a12d-bec1-4bfd-b261-0bc9a968474c,2026-09-06T09:50:03.278000+00:00,keydown,82,r,,199.3,,,,,,,,controlled_typing,2,,,,,,,,,,/app/training,dev_2d73e02d-8068-4917-8e1d-bcd4688456d1,,,,,,,,,,,,,,,,,,,,,,,,,,,,,,,,,,,,,,,,,,,,,,,,,,,,,,,,,,,,,,,,,,
training_event,training,4958d349-1ff1-4f6b-8344-fca7d4d717aa,03c7a12d-bec1-4bfd-b261-0bc9a968474c,2026-09-06T09:50:03.400000+00:00,keyup,82,,122.3,,,,,,,,,controlled_typing,2,,,,,,,,,,/app/training,dev_2d73e02d-8068-4917-8e1d-bcd4688456d1,,,,,,,,,,,,,,,,,,,,,,,,,,,,,,,,,,,,,,,,,,,,,,,,,,,,,,,,,,,,,,,,,,
training_event,training,4958d349-1ff1-4f6b-8344-fca7d4d717aa,03c7a12d-bec1-4bfd-b261-0bc9a968474c,2026-09-06T09:50:03.429000+00:00,keydown,73,i,,150.8,,,,,,,,controlled_typing,2,,,,,,,,,,/app/training,dev_2d73e02d-8068-4917-8e1d-bcd4688456d1,,,,,,,,,,,,,,,,,,,,,,,,,,,,,,,,,,,,,,,,,,,,,,,,,,,,,,,,,,,,,,,,,,
training_event,training,4958d349-1ff1-4f6b-8344-fca7d4d717aa,03c7a12d-bec1-4bfd-b261-0bc9a968474c,2026-09-06T09:50:03.473000+00:00,keyup,73,,44.0,,,,,,,,,controlled_typing,2,,,,,,,,,,/app/training,dev_2d73e02d-8068-4917-8e1d-bcd4688456d1,,,,,,,,,,,,,,,,,,,,,,,,,,,,,,,,,,,,,,,,,,,,,,,,,,,,,,,,,,,,,,,,,,
training_event,training,4958d349-1ff1-4f6b-8344-fca7d4d717aa,03c7a12d-bec1-4bfd-b261-0bc9a968474c,2026-09-06T09:50:03.673000+00:00,keydown,78,n,,243.8,,,,,,,,controlled_typing,2,,,,,,,,,,/app/training,dev_2d73e02d-8068-4917-8e1d-bcd4688456d1,,,,,,,,,,,,,,,,,,,,,,,,,,,,,,,,,,,,,,,,,,,,,,,,,,,,,,,,,,,,,,,,,,
training_event,training,4958d349-1ff1-4f6b-8344-fca7d4d717aa,03c7a12d-bec1-4bfd-b261-0bc9a968474c,2026-09-06T09:50:03.736000+00:00,keyup,78,,63.6,,,,,,,,,controlled_typing,2,,,,,,,,,,/app/training,dev_2d73e02d-8068-4917-8e1d-bcd4688456d1,,,,,,,,,,,,,,,,,,,,,,,,,,,,,,,,,,,,,,,,,,,,,,,,,,,,,,,,,,,,,,,,,,
training_event,training,4958d349-1ff1-4f6b-8344-fca7d4d717aa,03c7a12d-bec1-4bfd-b261-0bc9a968474c,2026-09-06T09:50:03.904000+00:00,keydown,71,g,,231.7,,,,,,,,controlled_typing,2,,,,,,,,,,/app/training,dev_2d73e02d-8068-4917-8e1d-bcd4688456d1,,,,,,,,,,,,,,,,,,,,,,,,,,,,,,,,,,,,,,,,,,,,,,,,,,,,,,,,,,,,,,,,,,
training_event,training,4958d349-1ff1-4f6b-8344-fca7d4d717aa,03c7a12d-bec1-4bfd-b261-0bc9a968474c,2026-09-06T09:50:04.004000+00:00,keydown,32, ,,99.8,,,,,,,,controlled_typing,2,,,,,,,,,,/app/training,dev_2d73e02d-8068-4917-8e1d-bcd4688456d1,,,,,,,,,,,,,,,,,,,,,,,,,,,,,,,,,,,,,,,,,,,,,,,,,,,,,,,,,,,,,,,,,,
training_event,training,4958d349-1ff1-4f6b-8344-fca7d4d717aa,03c7a12d-bec1-4bfd-b261-0bc9a968474c,2026-09-06T09:50:04.036000+00:00,keyup,71,,131.1,,,,,,,,,controlled_typing,2,,,,,,,,,,/app/training,dev_2d73e02d-8068-4917-8e1d-bcd4688456d1,,,,,,,,,,,,,,,,,,,,,,,,,,,,,,,,,,,,,,,,,,,,,,,,,,,,,,,,,,,,,,,,,,
training_event,training,4958d349-1ff1-4f6b-8344-fca7d4d717aa,03c7a12d-bec1-4bfd-b261-0bc9a968474c,2026-09-06T09:50:04.134000+00:00,keyup,32,,129.5,,,,,,,,,controlled_typing,2,,,,,,,,,,/app/training,dev_2d73e02d-8068-4917-8e1d-bcd4688456d1,,,,,,,,,,,,,,,,,,,,,,,,,,,,,,,,,,,,,,,,,,,,,,,,,,,,,,,,,,,,,,,,,,
training_event,training,4958d349-1ff1-4f6b-8344-fca7d4d717aa,03c7a12d-bec1-4bfd-b261-0bc9a968474c,2026-09-06T09:50:04.625000+00:00,keydown,69,e,,620.5,,,,,,,,controlled_typing,2,,,,,,,,,,/app/training,dev_2d73e02d-8068-4917-8e1d-bcd4688456d1,,,,,,,,,,,,,,,,,,,,,,,,,,,,,,,,,,,,,,,,,,,,,,,,,,,,,,,,,,,,,,,,,,
training_event,training,4958d349-1ff1-4f6b-8344-fca7d4d717aa,03c7a12d-bec1-4bfd-b261-0bc9a968474c,2026-09-06T09:50:04.704000+00:00,keyup,69,,79.2,,,,,,,,,controlled_typing,2,,,,,,,,,,/app/training,dev_2d73e02d-8068-4917-8e1d-bcd4688456d1,,,,,,,,,,,,,,,,,,,,,,,,,,,,,,,,,,,,,,,,,,,,,,,,,,,,,,,,,,,,,,,,,,
training_event,training,4958d349-1ff1-4f6b-8344-fca7d4d717aa,03c7a12d-bec1-4bfd-b261-0bc9a968474c,2026-09-06T09:50:04.783000+00:00,keydown,86,v,,158.3,,,,,,,,controlled_typing,2,,,,,,,,,,/app/training,dev_2d73e02d-8068-4917-8e1d-bcd4688456d1,,,,,,,,,,,,,,,,,,,,,,,,,,,,,,,,,,,,,,,,,,,,,,,,,,,,,,,,,,,,,,,,,,
training_event,training,4958d349-1ff1-4f6b-8344-fca7d4d717aa,03c7a12d-bec1-4bfd-b261-0bc9a968474c,2026-09-06T09:50:04.851000+00:00,keyup,86,,67.6,,,,,,,,,controlled_typing,2,,,,,,,,,,/app/training,dev_2d73e02d-8068-4917-8e1d-bcd4688456d1,,,,,,,,,,,,,,,,,,,,,,,,,,,,,,,,,,,,,,,,,,,,,,,,,,,,,,,,,,,,,,,,,,
training_event,training,4958d349-1ff1-4f6b-8344-fca7d4d717aa,03c7a12d-bec1-4bfd-b261-0bc9a968474c,2026-09-06T09:50:04.928000+00:00,keydown,69,e,,145.5,,,,,,,,controlled_typing,2,,,,,,,,,,/app/training,dev_2d73e02d-8068-4917-8e1d-bcd4688456d1,,,,,,,,,,,,,,,,,,,,,,,,,,,,,,,,,,,,,,,,,,,,,,,,,,,,,,,,,,,,,,,,,,
training_event,training,4958d349-1ff1-4f6b-8344-fca7d4d717aa,03c7a12d-bec1-4bfd-b261-0bc9a968474c,2026-09-06T09:50:05.023000+00:00,keydown,82,r,,94.5,,,,,,,,controlled_typing,2,,,,,,,,,,/app/training,dev_2d73e02d-8068-4917-8e1d-bcd4688456d1,,,,,,,,,,,,,,,,,,,,,,,,,,,,,,,,,,,,,,,,,,,,,,,,,,,,,,,,,,,,,,,,,,
training_event,training,4958d349-1ff1-4f6b-8344-fca7d4d717aa,03c7a12d-bec1-4bfd-b261-0bc9a968474c,2026-09-06T09:50:05.067000+00:00,keyup,69,,138.8,,,,,,,,,controlled_typing,2,,,,,,,,,,/app/training,dev_2d73e02d-8068-4917-8e1d-bcd4688456d1,,,,,,,,,,,,,,,,,,,,,,,,,,,,,,,,,,,,,,,,,,,,,,,,,,,,,,,,,,,,,,,,,,
training_event,training,4958d349-1ff1-4f6b-8344-fca7d4d717aa,03c7a12d-bec1-4bfd-b261-0bc9a968474c,2026-09-06T09:50:05.154000+00:00,keyup,82,,130.5,,,,,,,,,controlled_typing,2,,,,,,,,,,/app/training,dev_2d73e02d-8068-4917-8e1d-bcd4688456d1,,,,,,,,,,,,,,,,,,,,,,,,,,,,,,,,,,,,,,,,,,,,,,,,,,,,,,,,,,,,,,,,,,
training_event,training,4958d349-1ff1-4f6b-8344-fca7d4d717aa,03c7a12d-bec1-4bfd-b261-0bc9a968474c,2026-09-06T09:50:05.245000+00:00,keydown,89,y,,222.1,,,,,,,,controlled_typing,2,,,,,,,,,,/app/training,dev_2d73e02d-8068-4917-8e1d-bcd4688456d1,,,,,,,,,,,,,,,,,,,,,,,,,,,,,,,,,,,,,,,,,,,,,,,,,,,,,,,,,,,,,,,,,,
training_event,training,4958d349-1ff1-4f6b-8344-fca7d4d717aa,03c7a12d-bec1-4bfd-b261-0bc9a968474c,2026-09-06T09:50:05.317000+00:00,keyup,89,,71.6,,,,,,,,,controlled_typing,2,,,,,,,,,,/app/training,dev_2d73e02d-8068-4917-8e1d-bcd4688456d1,,,,,,,,,,,,,,,,,,,,,,,,,,,,,,,,,,,,,,,,,,,,,,,,,,,,,,,,,,,,,,,,,,
training_event,training,4958d349-1ff1-4f6b-8344-fca7d4d717aa,03c7a12d-bec1-4bfd-b261-0bc9a968474c,2026-09-06T09:50:05.512000+00:00,keydown,68,d,,266.6,,,,,,,,controlled_typing,2,,,,,,,,,,/app/training,dev_2d73e02d-8068-4917-8e1d-bcd4688456d1,,,,,,,,,,,,,,,,,,,,,,,,,,,,,,,,,,,,,,,,,,,,,,,,,,,,,,,,,,,,,,,,,,
training_event,training,4958d349-1ff1-4f6b-8344-fca7d4d717aa,03c7a12d-bec1-4bfd-b261-0bc9a968474c,2026-09-06T09:50:05.654000+00:00,keydown,65,a,,141.8,,,,,,,,controlled_typing,2,,,,,,,,,,/app/training,dev_2d73e02d-8068-4917-8e1d-bcd4688456d1,,,,,,,,,,,,,,,,,,,,,,,,,,,,,,,,,,,,,,,,,,,,,,,,,,,,,,,,,,,,,,,,,,
training_event,training,4958d349-1ff1-4f6b-8344-fca7d4d717aa,03c7a12d-bec1-4bfd-b261-0bc9a968474c,2026-09-06T09:50:05.661000+00:00,keyup,68,,149.3,,,,,,,,,controlled_typing,2,,,,,,,,,,/app/training,dev_2d73e02d-8068-4917-8e1d-bcd4688456d1,,,,,,,,,,,,,,,,,,,,,,,,,,,,,,,,,,,,,,,,,,,,,,,,,,,,,,,,,,,,,,,,,,
training_event,training,4958d349-1ff1-4f6b-8344-fca7d4d717aa,03c7a12d-bec1-4bfd-b261-0bc9a968474c,2026-09-06T09:50:05.819000+00:00,keydown,89,y,,165.1,,,,,,,,controlled_typing,2,,,,,,,,,,/app/training,dev_2d73e02d-8068-4917-8e1d-bcd4688456d1,,,,,,,,,,,,,,,,,,,,,,,,,,,,,,,,,,,,,,,,,,,,,,,,,,,,,,,,,,,,,,,,,,
training_event,training,4958d349-1ff1-4f6b-8344-fca7d4d717aa,03c7a12d-bec1-4bfd-b261-0bc9a968474c,2026-09-06T09:50:05.828000+00:00,keyup,65,,174.2,,,,,,,,,controlled_typing,2,,,,,,,,,,/app/training,dev_2d73e02d-8068-4917-8e1d-bcd4688456d1,,,,,,,,,,,,,,,,,,,,,,,,,,,,,,,,,,,,,,,,,,,,,,,,,,,,,,,,,,,,,,,,,,
training_event,training,4958d349-1ff1-4f6b-8344-fca7d4d717aa,03c7a12d-bec1-4bfd-b261-0bc9a968474c,2026-09-06T09:50:05.871000+00:00,keyup,89,,52.2,,,,,,,,,controlled_typing,2,,,,,,,,,,/app/training,dev_2d73e02d-8068-4917-8e1d-bcd4688456d1,,,,,,,,,,,,,,,,,,,,,,,,,,,,,,,,,,,,,,,,,,,,,,,,,,,,,,,,,,,,,,,,,,
training_event,training,4958d349-1ff1-4f6b-8344-fca7d4d717aa,03c7a12d-bec1-4bfd-b261-0bc9a968474c,2026-09-06T09:50:05.933000+00:00,keydown,32, ,,114.5,,,,,,,,controlled_typing,2,,,,,,,,,,/app/training,dev_2d73e02d-8068-4917-8e1d-bcd4688456d1,,,,,,,,,,,,,,,,,,,,,,,,,,,,,,,,,,,,,,,,,,,,,,,,,,,,,,,,,,,,,,,,,,
training_event,training,4958d349-1ff1-4f6b-8344-fca7d4d717aa,03c7a12d-bec1-4bfd-b261-0bc9a968474c,2026-09-06T09:50:06.020000+00:00,keyup,32,,86.6,,,,,,,,,controlled_typing,2,,,,,,,,,,/app/training,dev_2d73e02d-8068-4917-8e1d-bcd4688456d1,,,,,,,,,,,,,,,,,,,,,,,,,,,,,,,,,,,,,,,,,,,,,,,,,,,,,,,,,,,,,,,,,,
training_event,training,4958d349-1ff1-4f6b-8344-fca7d4d717aa,03c7a12d-bec1-4bfd-b261-0bc9a968474c,2026-09-06T09:50:06.639000+00:00,keydown,66,b,,706.4,,,,,,,,controlled_typing,2,,,,,,,,,,/app/training,dev_2d73e02d-8068-4917-8e1d-bcd4688456d1,,,,,,,,,,,,,,,,,,,,,,,,,,,,,,,,,,,,,,,,,,,,,,,,,,,,,,,,,,,,,,,,,,
training_event,training,4958d349-1ff1-4f6b-8344-fca7d4d717aa,03c7a12d-bec1-4bfd-b261-0bc9a968474c,2026-09-06T09:50:06.706000+00:00,keyup,66,,67.0,,,,,,,,,controlled_typing,2,,,,,,,,,,/app/training,dev_2d73e02d-8068-4917-8e1d-bcd4688456d1,,,,,,,,,,,,,,,,,,,,,,,,,,,,,,,,,,,,,,,,,,,,,,,,,,,,,,,,,,,,,,,,,,
training_event,training,4958d349-1ff1-4f6b-8344-fca7d4d717aa,03c7a12d-bec1-4bfd-b261-0bc9a968474c,2026-09-06T09:50:06.876000+00:00,keydown,65,a,,236.3,,,,,,,,controlled_typing,2,,,,,,,,,,/app/training,dev_2d73e02d-8068-4917-8e1d-bcd4688456d1,,,,,,,,,,,,,,,,,,,,,,,,,,,,,,,,,,,,,,,,,,,,,,,,,,,,,,,,,,,,,,,,,,
training_event,training,4958d349-1ff1-4f6b-8344-fca7d4d717aa,03c7a12d-bec1-4bfd-b261-0bc9a968474c,2026-09-06T09:50:07.012000+00:00,keydown,78,n,,136.0,,,,,,,,controlled_typing,2,,,,,,,,,,/app/training,dev_2d73e02d-8068-4917-8e1d-bcd4688456d1,,,,,,,,,,,,,,,,,,,,,,,,,,,,,,,,,,,,,,,,,,,,,,,,,,,,,,,,,,,,,,,,,,
training_event,training,4958d349-1ff1-4f6b-8344-fca7d4d717aa,03c7a12d-bec1-4bfd-b261-0bc9a968474c,2026-09-06T09:50:07.027000+00:00,keyup,65,,151.5,,,,,,,,,controlled_typing,2,,,,,,,,,,/app/training,dev_2d73e02d-8068-4917-8e1d-bcd4688456d1,,,,,,,,,,,,,,,,,,,,,,,,,,,,,,,,,,,,,,,,,,,,,,,,,,,,,,,,,,,,,,,,,,
training_event,training,4958d349-1ff1-4f6b-8344-fca7d4d717aa,03c7a12d-bec1-4bfd-b261-0bc9a968474c,2026-09-06T09:50:07.123000+00:00,keyup,78,,111.3,,,,,,,,,controlled_typing,2,,,,,,,,,,/app/training,dev_2d73e02d-8068-4917-8e1d-bcd4688456d1,,,,,,,,,,,,,,,,,,,,,,,,,,,,,,,,,,,,,,,,,,,,,,,,,,,,,,,,,,,,,,,,,,
training_event,training,4958d349-1ff1-4f6b-8344-fca7d4d717aa,03c7a12d-bec1-4bfd-b261-0bc9a968474c,2026-09-06T09:50:07.205000+00:00,keydown,75,k,,192.9,,,,,,,,controlled_typing,2,,,,,,,,,,/app/training,dev_2d73e02d-8068-4917-8e1d-bcd4688456d1,,,,,,,,,,,,,,,,,,,,,,,,,,,,,,,,,,,,,,,,,,,,,,,,,,,,,,,,,,,,,,,,,,
training_event,training,4958d349-1ff1-4f6b-8344-fca7d4d717aa,03c7a12d-bec1-4bfd-b261-0bc9a968474c,2026-09-06T09:50:07.289000+00:00,keyup,75,,84.6,,,,,,,,,controlled_typing,2,,,,,,,,,,/app/training,dev_2d73e02d-8068-4917-8e1d-bcd4688456d1,,,,,,,,,,,,,,,,,,,,,,,,,,,,,,,,,,,,,,,,,,,,,,,,,,,,,,,,,,,,,,,,,,
training_event,training,4958d349-1ff1-4f6b-8344-fca7d4d717aa,03c7a12d-bec1-4bfd-b261-0bc9a968474c,2026-09-06T09:50:07.405000+00:00,keydown,73,i,,200.8,,,,,,,,controlled_typing,2,,,,,,,,,,/app/training,dev_2d73e02d-8068-4917-8e1d-bcd4688456d1,,,,,,,,,,,,,,,,,,,,,,,,,,,,,,,,,,,,,,,,,,,,,,,,,,,,,,,,,,,,,,,,,,
training_event,training,4958d349-1ff1-4f6b-8344-fca7d4d717aa,03c7a12d-bec1-4bfd-b261-0bc9a968474c,2026-09-06T09:50:07.487000+00:00,keyup,73,,81.3,,,,,,,,,controlled_typing,2,,,,,,,,,,/app/training,dev_2d73e02d-8068-4917-8e1d-bcd4688456d1,,,,,,,,,,,,,,,,,,,,,,,,,,,,,,,,,,,,,,,,,,,,,,,,,,,,,,,,,,,,,,,,,,
training_event,training,4958d349-1ff1-4f6b-8344-fca7d4d717aa,03c7a12d-bec1-4bfd-b261-0bc9a968474c,2026-09-06T09:50:07.679000+00:00,keydown,78,n,,273.0,,,,,,,,controlled_typing,2,,,,,,,,,,/app/training,dev_2d73e02d-8068-4917-8e1d-bcd4688456d1,,,,,,,,,,,,,,,,,,,,,,,,,,,,,,,,,,,,,,,,,,,,,,,,,,,,,,,,,,,,,,,,,,
training_event,training,4958d349-1ff1-4f6b-8344-fca7d4d717aa,03c7a12d-bec1-4bfd-b261-0bc9a968474c,2026-09-06T09:50:07.718000+00:00,keyup,78,,39.1,,,,,,,,,controlled_typing,2,,,,,,,,,,/app/training,dev_2d73e02d-8068-4917-8e1d-bcd4688456d1,,,,,,,,,,,,,,,,,,,,,,,,,,,,,,,,,,,,,,,,,,,,,,,,,,,,,,,,,,,,,,,,,,
training_event,training,4958d349-1ff1-4f6b-8344-fca7d4d717aa,03c7a12d-bec1-4bfd-b261-0bc9a968474c,2026-09-06T09:50:07.828000+00:00,keydown,71,g,,150.0,,,,,,,,controlled_typing,2,,,,,,,,,,/app/training,dev_2d73e02d-8068-4917-8e1d-bcd4688456d1,,,,,,,,,,,,,,,,,,,,,,,,,,,,,,,,,,,,,,,,,,,,,,,,,,,,,,,,,,,,,,,,,,
training_event,training,4958d349-1ff1-4f6b-8344-fca7d4d717aa,03c7a12d-bec1-4bfd-b261-0bc9a968474c,2026-09-06T09:50:07.949000+00:00,keyup,71,,121.0,,,,,,,,,controlled_typing,2,,,,,,,,,,/app/training,dev_2d73e02d-8068-4917-8e1d-bcd4688456d1,,,,,,,,,,,,,,,,,,,,,,,,,,,,,,,,,,,,,,,,,,,,,,,,,,,,,,,,,,,,,,,,,,
training_event,training,4958d349-1ff1-4f6b-8344-fca7d4d717aa,03c7a12d-bec1-4bfd-b261-0bc9a968474c,2026-09-06T09:50:08.437000+00:00,keydown,190,.,,608.2,,,,,,,,controlled_typing,2,,,,,,,,,,/app/training,dev_2d73e02d-8068-4917-8e1d-bcd4688456d1,,,,,,,,,,,,,,,,,,,,,,,,,,,,,,,,,,,,,,,,,,,,,,,,,,,,,,,,,,,,,,,,,,
training_event,training,4958d349-1ff1-4f6b-8344-fca7d4d717aa,4e9b83ff-87a0-4a43-9e29-f8243f22cee4,2026-09-06T09:50:15.938000+00:00,keydown,80,p,,,,,,,,,,controlled_typing,3,,,,,,,,,,/app/training,dev_2d73e02d-8068-4917-8e1d-bcd4688456d1,,,,,,,,,,,,,,,,,,,,,,,,,,,,,,,,,,,,,,,,,,,,,,,,,,,,,,,,,,,,,,,,,,
training_event,training,4958d349-1ff1-4f6b-8344-fca7d4d717aa,4e9b83ff-87a0-4a43-9e29-f8243f22cee4,2026-09-06T09:50:16.105000+00:00,keydown,76,l,,166.7,,,,,,,,controlled_typing,3,,,,,,,,,,/app/training,dev_2d73e02d-8068-4917-8e1d-bcd4688456d1,,,,,,,,,,,,,,,,,,,,,,,,,,,,,,,,,,,,,,,,,,,,,,,,,,,,,,,,,,,,,,,,,,
training_event,training,4958d349-1ff1-4f6b-8344-fca7d4d717aa,4e9b83ff-87a0-4a43-9e29-f8243f22cee4,2026-09-06T09:50:16.128000+00:00,keyup,80,,190.0,,,,,,,,,controlled_typing,3,,,,,,,,,,/app/training,dev_2d73e02d-8068-4917-8e1d-bcd4688456d1,,,,,,,,,,,,,,,,,,,,,,,,,,,,,,,,,,,,,,,,,,,,,,,,,,,,,,,,,,,,,,,,,,
training_event,training,4958d349-1ff1-4f6b-8344-fca7d4d717aa,4e9b83ff-87a0-4a43-9e29-f8243f22cee4,2026-09-06T09:50:16.228000+00:00,keyup,76,,123.4,,,,,,,,,controlled_typing,3,,,,,,,,,,/app/training,dev_2d73e02d-8068-4917-8e1d-bcd4688456d1,,,,,,,,,,,,,,,,,,,,,,,,,,,,,,,,,,,,,,,,,,,,,,,,,,,,,,,,,,,,,,,,,,
training_event,training,4958d349-1ff1-4f6b-8344-fca7d4d717aa,4e9b83ff-87a0-4a43-9e29-f8243f22cee4,2026-09-06T09:50:16.278000+00:00,keydown,69,e,,173.8,,,,,,,,controlled_typing,3,,,,,,,,,,/app/training,dev_2d73e02d-8068-4917-8e1d-bcd4688456d1,,,,,,,,,,,,,,,,,,,,,,,,,,,,,,,,,,,,,,,,,,,,,,,,,,,,,,,,,,,,,,,,,,
training_event,training,4958d349-1ff1-4f6b-8344-fca7d4d717aa,4e9b83ff-87a0-4a43-9e29-f8243f22cee4,2026-09-06T09:50:16.389000+00:00,keyup,69,,110.6,,,,,,,,,controlled_typing,3,,,,,,,,,,/app/training,dev_2d73e02d-8068-4917-8e1d-bcd4688456d1,,,,,,,,,,,,,,,,,,,,,,,,,,,,,,,,,,,,,,,,,,,,,,,,,,,,,,,,,,,,,,,,,,
training_event,training,4958d349-1ff1-4f6b-8344-fca7d4d717aa,4e9b83ff-87a0-4a43-9e29-f8243f22cee4,2026-09-06T09:50:16.441000+00:00,keydown,65,a,,162.7,,,,,,,,controlled_typing,3,,,,,,,,,,/app/training,dev_2d73e02d-8068-4917-8e1d-bcd4688456d1,,,,,,,,,,,,,,,,,,,,,,,,,,,,,,,,,,,,,,,,,,,,,,,,,,,,,,,,,,,,,,,,,,
training_event,training,4958d349-1ff1-4f6b-8344-fca7d4d717aa,4e9b83ff-87a0-4a43-9e29-f8243f22cee4,2026-09-06T09:50:16.638000+00:00,keydown,83,s,,196.5,,,,,,,,controlled_typing,3,,,,,,,,,,/app/training,dev_2d73e02d-8068-4917-8e1d-bcd4688456d1,,,,,,,,,,,,,,,,,,,,,,,,,,,,,,,,,,,,,,,,,,,,,,,,,,,,,,,,,,,,,,,,,,
training_event,training,4958d349-1ff1-4f6b-8344-fca7d4d717aa,4e9b83ff-87a0-4a43-9e29-f8243f22cee4,2026-09-06T09:50:16.687000+00:00,keyup,65,,246.4,,,,,,,,,controlled_typing,3,,,,,,,,,,/app/training,dev_2d73e02d-8068-4917-8e1d-bcd4688456d1,,,,,,,,,,,,,,,,,,,,,,,,,,,,,,,,,,,,,,,,,,,,,,,,,,,,,,,,,,,,,,,,,,
training_event,training,4958d349-1ff1-4f6b-8344-fca7d4d717aa,4e9b83ff-87a0-4a43-9e29-f8243f22cee4,2026-09-06T09:50:16.771000+00:00,keyup,83,,133.3,,,,,,,,,controlled_typing,3,,,,,,,,,,/app/training,dev_2d73e02d-8068-4917-8e1d-bcd4688456d1,,,,,,,,,,,,,,,,,,,,,,,,,,,,,,,,,,,,,,,,,,,,,,,,,,,,,,,,,,,,,,,,,,
training_event,training,4958d349-1ff1-4f6b-8344-fca7d4d717aa,4e9b83ff-87a0-4a43-9e29-f8243f22cee4,2026-09-06T09:50:16.895000+00:00,keydown,69,e,,257.8,,,,,,,,controlled_typing,3,,,,,,,,,,/app/training,dev_2d73e02d-8068-4917-8e1d-bcd4688456d1,,,,,,,,,,,,,,,,,,,,,,,,,,,,,,,,,,,,,,,,,,,,,,,,,,,,,,,,,,,,,,,,,,
training_event,training,4958d349-1ff1-4f6b-8344-fca7d4d717aa,4e9b83ff-87a0-4a43-9e29-f8243f22cee4,2026-09-06T09:50:17.059000+00:00,keydown,32, ,,163.9,,,,,,,,controlled_typing,3,,,,,,,,,,/app/training,dev_2d73e02d-8068-4917-8e1d-bcd4688456d1,,,,,,,,,,,,,,,,,,,,,,,,,,,,,,,,,,,,,,,,,,,,,,,,,,,,,,,,,,,,,,,,,,
training_event,training,4958d349-1ff1-4f6b-8344-fca7d4d717aa,4e9b83ff-87a0-4a43-9e29-f8243f22cee4,2026-09-06T09:50:17.078000+00:00,keyup,69,,182.3,,,,,,,,,controlled_typing,3,,,,,,,,,,/app/training,dev_2d73e02d-8068-4917-8e1d-bcd4688456d1,,,,,,,,,,,,,,,,,,,,,,,,,,,,,,,,,,,,,,,,,,,,,,,,,,,,,,,,,,,,,,,,,,
training_event,training,4958d349-1ff1-4f6b-8344-fca7d4d717aa,4e9b83ff-87a0-4a43-9e29-f8243f22cee4,2026-09-06T09:50:17.188000+00:00,keyup,32,,129.2,,,,,,,,,controlled_typing,3,,,,,,,,,,/app/training,dev_2d73e02d-8068-4917-8e1d-bcd4688456d1,,,,,,,,,,,,,,,,,,,,,,,,,,,,,,,,,,,,,,,,,,,,,,,,,,,,,,,,,,,,,,,,,,
training_event,training,4958d349-1ff1-4f6b-8344-fca7d4d717aa,4e9b83ff-87a0-4a43-9e29-f8243f22cee4,2026-09-06T09:50:17.421000+00:00,keydown,84,t,,362.1,,,,,,,,controlled_typing,3,,,,,,,,,,/app/training,dev_2d73e02d-8068-4917-8e1d-bcd4688456d1,,,,,,,,,,,,,,,,,,,,,,,,,,,,,,,,,,,,,,,,,,,,,,,,,,,,,,,,,,,,,,,,,,
training_event,training,4958d349-1ff1-4f6b-8344-fca7d4d717aa,4e9b83ff-87a0-4a43-9e29-f8243f22cee4,2026-09-06T09:50:17.517000+00:00,keyup,84,,95.7,,,,,,,,,controlled_typing,3,,,,,,,,,,/app/training,dev_2d73e02d-8068-4917-8e1d-bcd4688456d1,,,,,,,,,,,,,,,,,,,,,,,,,,,,,,,,,,,,,,,,,,,,,,,,,,,,,,,,,,,,,,,,,,
training_event,training,4958d349-1ff1-4f6b-8344-fca7d4d717aa,4e9b83ff-87a0-4a43-9e29-f8243f22cee4,2026-09-06T09:50:17.572000+00:00,keydown,89,y,,150.4,,,,,,,,controlled_typing,3,,,,,,,,,,/app/training,dev_2d73e02d-8068-4917-8e1d-bcd4688456d1,,,,,,,,,,,,,,,,,,,,,,,,,,,,,,,,,,,,,,,,,,,,,,,,,,,,,,,,,,,,,,,,,,
training_event,training,4958d349-1ff1-4f6b-8344-fca7d4d717aa,4e9b83ff-87a0-4a43-9e29-f8243f22cee4,2026-09-06T09:50:17.675000+00:00,keyup,89,,103.4,,,,,,,,,controlled_typing,3,,,,,,,,,,/app/training,dev_2d73e02d-8068-4917-8e1d-bcd4688456d1,,,,,,,,,,,,,,,,,,,,,,,,,,,,,,,,,,,,,,,,,,,,,,,,,,,,,,,,,,,,,,,,,,
training_event,training,4958d349-1ff1-4f6b-8344-fca7d4d717aa,4e9b83ff-87a0-4a43-9e29-f8243f22cee4,2026-09-06T09:50:17.840000+00:00,keydown,80,p,,268.1,,,,,,,,controlled_typing,3,,,,,,,,,,/app/training,dev_2d73e02d-8068-4917-8e1d-bcd4688456d1,,,,,,,,,,,,,,,,,,,,,,,,,,,,,,,,,,,,,,,,,,,,,,,,,,,,,,,,,,,,,,,,,,
training_event,training,4958d349-1ff1-4f6b-8344-fca7d4d717aa,4e9b83ff-87a0-4a43-9e29-f8243f22cee4,2026-09-06T09:50:17.974000+00:00,keyup,80,,134.5,,,,,,,,,controlled_typing,3,,,,,,,,,,/app/training,dev_2d73e02d-8068-4917-8e1d-bcd4688456d1,,,,,,,,,,,,,,,,,,,,,,,,,,,,,,,,,,,,,,,,,,,,,,,,,,,,,,,,,,,,,,,,,,
training_event,training,4958d349-1ff1-4f6b-8344-fca7d4d717aa,4e9b83ff-87a0-4a43-9e29-f8243f22cee4,2026-09-06T09:50:18.104000+00:00,keydown,69,e,,264.6,,,,,,,,controlled_typing,3,,,,,,,,,,/app/training,dev_2d73e02d-8068-4917-8e1d-bcd4688456d1,,,,,,,,,,,,,,,,,,,,,,,,,,,,,,,,,,,,,,,,,,,,,,,,,,,,,,,,,,,,,,,,,,
training_event,training,4958d349-1ff1-4f6b-8344-fca7d4d717aa,4e9b83ff-87a0-4a43-9e29-f8243f22cee4,2026-09-06T09:50:18.207000+00:00,keydown,32, ,,102.7,,,,,,,,controlled_typing,3,,,,,,,,,,/app/training,dev_2d73e02d-8068-4917-8e1d-bcd4688456d1,,,,,,,,,,,,,,,,,,,,,,,,,,,,,,,,,,,,,,,,,,,,,,,,,,,,,,,,,,,,,,,,,,
training_event,training,4958d349-1ff1-4f6b-8344-fca7d4d717aa,4e9b83ff-87a0-4a43-9e29-f8243f22cee4,2026-09-06T09:50:18.251000+00:00,keyup,69,,146.1,,,,,,,,,controlled_typing,3,,,,,,,,,,/app/training,dev_2d73e02d-8068-4917-8e1d-bcd4688456d1,,,,,,,,,,,,,,,,,,,,,,,,,,,,,,,,,,,,,,,,,,,,,,,,,,,,,,,,,,,,,,,,,,
training_event,training,4958d349-1ff1-4f6b-8344-fca7d4d717aa,4e9b83ff-87a0-4a43-9e29-f8243f22cee4,2026-09-06T09:50:18.340000+00:00,keyup,32,,132.5,,,,,,,,,controlled_typing,3,,,,,,,,,,/app/training,dev_2d73e02d-8068-4917-8e1d-bcd4688456d1,,,,,,,,,,,,,,,,,,,,,,,,,,,,,,,,,,,,,,,,,,,,,,,,,,,,,,,,,,,,,,,,,,
training_event,training,4958d349-1ff1-4f6b-8344-fca7d4d717aa,4e9b83ff-87a0-4a43-9e29-f8243f22cee4,2026-09-06T09:50:18.776000+00:00,keydown,84,t,,568.7,,,,,,,,controlled_typing,3,,,,,,,,,,/app/training,dev_2d73e02d-8068-4917-8e1d-bcd4688456d1,,,,,,,,,,,,,,,,,,,,,,,,,,,,,,,,,,,,,,,,,,,,,,,,,,,,,,,,,,,,,,,,,,
training_event,training,4958d349-1ff1-4f6b-8344-fca7d4d717aa,4e9b83ff-87a0-4a43-9e29-f8243f22cee4,2026-09-06T09:50:18.873000+00:00,keyup,84,,97.1,,,,,,,,,controlled_typing,3,,,,,,,,,,/app/training,dev_2d73e02d-8068-4917-8e1d-bcd4688456d1,,,,,,,,,,,,,,,,,,,,,,,,,,,,,,,,,,,,,,,,,,,,,,,,,,,,,,,,,,,,,,,,,,
training_event,training,4958d349-1ff1-4f6b-8344-fca7d4d717aa,4e9b83ff-87a0-4a43-9e29-f8243f22cee4,2026-09-06T09:50:18.940000+00:00,keydown,72,h,,163.7,,,,,,,,controlled_typing,3,,,,,,,,,,/app/training,dev_2d73e02d-8068-4917-8e1d-bcd4688456d1,,,,,,,,,,,,,,,,,,,,,,,,,,,,,,,,,,,,,,,,,,,,,,,,,,,,,,,,,,,,,,,,,,
training_event,training,4958d349-1ff1-4f6b-8344-fca7d4d717aa,4e9b83ff-87a0-4a43-9e29-f8243f22cee4,2026-09-06T09:50:19.102000+00:00,keydown,73,i,,162.5,,,,,,,,controlled_typing,3,,,,,,,,,,/app/training,dev_2d73e02d-8068-4917-8e1d-bcd4688456d1,,,,,,,,,,,,,,,,,,,,,,,,,,,,,,,,,,,,,,,,,,,,,,,,,,,,,,,,,,,,,,,,,,
training_event,training,4958d349-1ff1-4f6b-8344-fca7d4d717aa,4e9b83ff-87a0-4a43-9e29-f8243f22cee4,2026-09-06T09:50:19.128000+00:00,keyup,72,,188.2,,,,,,,,,controlled_typing,3,,,,,,,,,,/app/training,dev_2d73e02d-8068-4917-8e1d-bcd4688456d1,,,,,,,,,,,,,,,,,,,,,,,,,,,,,,,,,,,,,,,,,,,,,,,,,,,,,,,,,,,,,,,,,,
training_event,training,4958d349-1ff1-4f6b-8344-fca7d4d717aa,4e9b83ff-87a0-4a43-9e29-f8243f22cee4,2026-09-06T09:50:19.205000+00:00,keyup,73,,103.2,,,,,,,,,controlled_typing,3,,,,,,,,,,/app/training,dev_2d73e02d-8068-4917-8e1d-bcd4688456d1,,,,,,,,,,,,,,,,,,,,,,,,,,,,,,,,,,,,,,,,,,,,,,,,,,,,,,,,,,,,,,,,,,
training_event,training,4958d349-1ff1-4f6b-8344-fca7d4d717aa,4e9b83ff-87a0-4a43-9e29-f8243f22cee4,2026-09-06T09:50:19.305000+00:00,keydown,83,s,,202.6,,,,,,,,controlled_typing,3,,,,,,,,,,/app/training,dev_2d73e02d-8068-4917-8e1d-bcd4688456d1,,,,,,,,,,,,,,,,,,,,,,,,,,,,,,,,,,,,,,,,,,,,,,,,,,,,,,,,,,,,,,,,,,
training_event,training,4958d349-1ff1-4f6b-8344-fca7d4d717aa,4e9b83ff-87a0-4a43-9e29-f8243f22cee4,2026-09-06T09:50:19.405000+00:00,keydown,32, ,,100.0,,,,,,,,controlled_typing,3,,,,,,,,,,/app/training,dev_2d73e02d-8068-4917-8e1d-bcd4688456d1,,,,,,,,,,,,,,,,,,,,,,,,,,,,,,,,,,,,,,,,,,,,,,,,,,,,,,,,,,,,,,,,,,
training_event,training,4958d349-1ff1-4f6b-8344-fca7d4d717aa,4e9b83ff-87a0-4a43-9e29-f8243f22cee4,2026-09-06T09:50:19.428000+00:00,keyup,83,,123.1,,,,,,,,,controlled_typing,3,,,,,,,,,,/app/training,dev_2d73e02d-8068-4917-8e1d-bcd4688456d1,,,,,,,,,,,,,,,,,,,,,,,,,,,,,,,,,,,,,,,,,,,,,,,,,,,,,,,,,,,,,,,,,,
training_event,training,4958d349-1ff1-4f6b-8344-fca7d4d717aa,4e9b83ff-87a0-4a43-9e29-f8243f22cee4,2026-09-06T09:50:19.525000+00:00,keyup,32,,120.1,,,,,,,,,controlled_typing,3,,,,,,,,,,/app/training,dev_2d73e02d-8068-4917-8e1d-bcd4688456d1,,,,,,,,,,,,,,,,,,,,,,,,,,,,,,,,,,,,,,,,,,,,,,,,,,,,,,,,,,,,,,,,,,
training_event,training,4958d349-1ff1-4f6b-8344-fca7d4d717aa,4e9b83ff-87a0-4a43-9e29-f8243f22cee4,2026-09-06T09:50:19.626000+00:00,keydown,83,s,,221.5,,,,,,,,controlled_typing,3,,,,,,,,,,/app/training,dev_2d73e02d-8068-4917-8e1d-bcd4688456d1,,,,,,,,,,,,,,,,,,,,,,,,,,,,,,,,,,,,,,,,,,,,,,,,,,,,,,,,,,,,,,,,,,
training_event,training,4958d349-1ff1-4f6b-8344-fca7d4d717aa,4e9b83ff-87a0-4a43-9e29-f8243f22cee4,2026-09-06T09:50:19.721000+00:00,keyup,83,,94.5,,,,,,,,,controlled_typing,3,,,,,,,,,,/app/training,dev_2d73e02d-8068-4917-8e1d-bcd4688456d1,,,,,,,,,,,,,,,,,,,,,,,,,,,,,,,,,,,,,,,,,,,,,,,,,,,,,,,,,,,,,,,,,,
training_event,training,4958d349-1ff1-4f6b-8344-fca7d4d717aa,4e9b83ff-87a0-4a43-9e29-f8243f22cee4,2026-09-06T09:50:19.854000+00:00,keydown,69,e,,227.9,,,,,,,,controlled_typing,3,,,,,,,,,,/app/training,dev_2d73e02d-8068-4917-8e1d-bcd4688456d1,,,,,,,,,,,,,,,,,,,,,,,,,,,,,,,,,,,,,,,,,,,,,,,,,,,,,,,,,,,,,,,,,,
training_event,training,4958d349-1ff1-4f6b-8344-fca7d4d717aa,4e9b83ff-87a0-4a43-9e29-f8243f22cee4,2026-09-06T09:50:19.904000+00:00,keyup,69,,50.0,,,,,,,,,controlled_typing,3,,,,,,,,,,/app/training,dev_2d73e02d-8068-4917-8e1d-bcd4688456d1,,,,,,,,,,,,,,,,,,,,,,,,,,,,,,,,,,,,,,,,,,,,,,,,,,,,,,,,,,,,,,,,,,
training_event,training,4958d349-1ff1-4f6b-8344-fca7d4d717aa,4e9b83ff-87a0-4a43-9e29-f8243f22cee4,2026-09-06T09:50:20.096000+00:00,keydown,67,c,,241.4,,,,,,,,controlled_typing,3,,,,,,,,,,/app/training,dev_2d73e02d-8068-4917-8e1d-bcd4688456d1,,,,,,,,,,,,,,,,,,,,,,,,,,,,,,,,,,,,,,,,,,,,,,,,,,,,,,,,,,,,,,,,,,
training_event,training,4958d349-1ff1-4f6b-8344-fca7d4d717aa,4e9b83ff-87a0-4a43-9e29-f8243f22cee4,2026-09-06T09:50:20.207000+00:00,keyup,67,,111.7,,,,,,,,,controlled_typing,3,,,,,,,,,,/app/training,dev_2d73e02d-8068-4917-8e1d-bcd4688456d1,,,,,,,,,,,,,,,,,,,,,,,,,,,,,,,,,,,,,,,,,,,,,,,,,,,,,,,,,,,,,,,,,,
training_event,training,4958d349-1ff1-4f6b-8344-fca7d4d717aa,4e9b83ff-87a0-4a43-9e29-f8243f22cee4,2026-09-06T09:50:20.479000+00:00,keydown,84,t,,383.4,,,,,,,,controlled_typing,3,,,,,,,,,,/app/training,dev_2d73e02d-8068-4917-8e1d-bcd4688456d1,,,,,,,,,,,,,,,,,,,,,,,,,,,,,,,,,,,,,,,,,,,,,,,,,,,,,,,,,,,,,,,,,,
training_event,training,4958d349-1ff1-4f6b-8344-fca7d4d717aa,4e9b83ff-87a0-4a43-9e29-f8243f22cee4,2026-09-06T09:50:20.517000+00:00,keyup,84,,38.5,,,,,,,,,controlled_typing,3,,,,,,,,,,/app/training,dev_2d73e02d-8068-4917-8e1d-bcd4688456d1,,,,,,,,,,,,,,,,,,,,,,,,,,,,,,,,,,,,,,,,,,,,,,,,,,,,,,,,,,,,,,,,,,
training_event,training,4958d349-1ff1-4f6b-8344-fca7d4d717aa,4e9b83ff-87a0-4a43-9e29-f8243f22cee4,2026-09-06T09:50:20.778000+00:00,keydown,69,e,,299.4,,,,,,,,controlled_typing,3,,,,,,,,,,/app/training,dev_2d73e02d-8068-4917-8e1d-bcd4688456d1,,,,,,,,,,,,,,,,,,,,,,,,,,,,,,,,,,,,,,,,,,,,,,,,,,,,,,,,,,,,,,,,,,
training_event,training,4958d349-1ff1-4f6b-8344-fca7d4d717aa,4e9b83ff-87a0-4a43-9e29-f8243f22cee4,2026-09-06T09:50:20.861000+00:00,keyup,69,,83.1,,,,,,,,,controlled_typing,3,,,,,,,,,,/app/training,dev_2d73e02d-8068-4917-8e1d-bcd4688456d1,,,,,,,,,,,,,,,,,,,,,,,,,,,,,,,,,,,,,,,,,,,,,,,,,,,,,,,,,,,,,,,,,,
training_event,training,4958d349-1ff1-4f6b-8344-fca7d4d717aa,4e9b83ff-87a0-4a43-9e29-f8243f22cee4,2026-09-06T09:50:20.922000+00:00,keydown,78,n,,143.6,,,,,,,,controlled_typing,3,,,,,,,,,,/app/training,dev_2d73e02d-8068-4917-8e1d-bcd4688456d1,,,,,,,,,,,,,,,,,,,,,,,,,,,,,,,,,,,,,,,,,,,,,,,,,,,,,,,,,,,,,,,,,,
training_event,training,4958d349-1ff1-4f6b-8344-fca7d4d717aa,4e9b83ff-87a0-4a43-9e29-f8243f22cee4,2026-09-06T09:50:21.011000+00:00,keyup,78,,89.5,,,,,,,,,controlled_typing,3,,,,,,,,,,/app/training,dev_2d73e02d-8068-4917-8e1d-bcd4688456d1,,,,,,,,,,,,,,,,,,,,,,,,,,,,,,,,,,,,,,,,,,,,,,,,,,,,,,,,,,,,,,,,,,
training_event,training,4958d349-1ff1-4f6b-8344-fca7d4d717aa,4e9b83ff-87a0-4a43-9e29-f8243f22cee4,2026-09-06T09:50:21.154000+00:00,keydown,67,c,,232.0,,,,,,,,controlled_typing,3,,,,,,,,,,/app/training,dev_2d73e02d-8068-4917-8e1d-bcd4688456d1,,,,,,,,,,,,,,,,,,,,,,,,,,,,,,,,,,,,,,,,,,,,,,,,,,,,,,,,,,,,,,,,,,
training_event,training,4958d349-1ff1-4f6b-8344-fca7d4d717aa,4e9b83ff-87a0-4a43-9e29-f8243f22cee4,2026-09-06T09:50:21.241000+00:00,keyup,67,,87.2,,,,,,,,,controlled_typing,3,,,,,,,,,,/app/training,dev_2d73e02d-8068-4917-8e1d-bcd4688456d1,,,,,,,,,,,,,,,,,,,,,,,,,,,,,,,,,,,,,,,,,,,,,,,,,,,,,,,,,,,,,,,,,,
training_event,training,4958d349-1ff1-4f6b-8344-fca7d4d717aa,4e9b83ff-87a0-4a43-9e29-f8243f22cee4,2026-09-06T09:50:21.439000+00:00,keydown,69,e,,284.9,,,,,,,,controlled_typing,3,,,,,,,,,,/app/training,dev_2d73e02d-8068-4917-8e1d-bcd4688456d1,,,,,,,,,,,,,,,,,,,,,,,,,,,,,,,,,,,,,,,,,,,,,,,,,,,,,,,,,,,,,,,,,,
training_event,training,4958d349-1ff1-4f6b-8344-fca7d4d717aa,4e9b83ff-87a0-4a43-9e29-f8243f22cee4,2026-09-06T09:50:21.589000+00:00,keydown,32, ,,150.1,,,,,,,,controlled_typing,3,,,,,,,,,,/app/training,dev_2d73e02d-8068-4917-8e1d-bcd4688456d1,,,,,,,,,,,,,,,,,,,,,,,,,,,,,,,,,,,,,,,,,,,,,,,,,,,,,,,,,,,,,,,,,,
training_event,training,4958d349-1ff1-4f6b-8344-fca7d4d717aa,4e9b83ff-87a0-4a43-9e29-f8243f22cee4,2026-09-06T09:50:21.611000+00:00,keyup,69,,172.5,,,,,,,,,controlled_typing,3,,,,,,,,,,/app/training,dev_2d73e02d-8068-4917-8e1d-bcd4688456d1,,,,,,,,,,,,,,,,,,,,,,,,,,,,,,,,,,,,,,,,,,,,,,,,,,,,,,,,,,,,,,,,,,
training_event,training,4958d349-1ff1-4f6b-8344-fca7d4d717aa,4e9b83ff-87a0-4a43-9e29-f8243f22cee4,2026-09-06T09:50:21.706000+00:00,keyup,32,,116.7,,,,,,,,,controlled_typing,3,,,,,,,,,,/app/training,dev_2d73e02d-8068-4917-8e1d-bcd4688456d1,,,,,,,,,,,,,,,,,,,,,,,,,,,,,,,,,,,,,,,,,,,,,,,,,,,,,,,,,,,,,,,,,,
training_event,training,4958d349-1ff1-4f6b-8344-fca7d4d717aa,4e9b83ff-87a0-4a43-9e29-f8243f22cee4,2026-09-06T09:50:22.426000+00:00,keydown,8,,,836.7,,,,,,,,controlled_typing,3,,,,,,,,,,/app/training,dev_2d73e02d-8068-4917-8e1d-bcd4688456d1,,,,,,,,,,,,,,,,,,,,,,,,,,,,,,,,,,,,,,,,,,,,,,,,,,,,,,,,,,,,,,,,,,
training_event,training,4958d349-1ff1-4f6b-8344-fca7d4d717aa,4e9b83ff-87a0-4a43-9e29-f8243f22cee4,2026-09-06T09:50:22.538000+00:00,keyup,8,,112.8,,,,,,,,,controlled_typing,3,,,,,,,,,,/app/training,dev_2d73e02d-8068-4917-8e1d-bcd4688456d1,,,,,,,,,,,,,,,,,,,,,,,,,,,,,,,,,,,,,,,,,,,,,,,,,,,,,,,,,,,,,,,,,,
training_event,training,4958d349-1ff1-4f6b-8344-fca7d4d717aa,4e9b83ff-87a0-4a43-9e29-f8243f22cee4,2026-09-06T09:50:22.662000+00:00,keydown,8,,,236.5,,,,,,,,controlled_typing,3,,,,,,,,,,/app/training,dev_2d73e02d-8068-4917-8e1d-bcd4688456d1,,,,,,,,,,,,,,,,,,,,,,,,,,,,,,,,,,,,,,,,,,,,,,,,,,,,,,,,,,,,,,,,,,
training_event,training,4958d349-1ff1-4f6b-8344-fca7d4d717aa,4e9b83ff-87a0-4a43-9e29-f8243f22cee4,2026-09-06T09:50:22.789000+00:00,keyup,8,,127.2,,,,,,,,,controlled_typing,3,,,,,,,,,,/app/training,dev_2d73e02d-8068-4917-8e1d-bcd4688456d1,,,,,,,,,,,,,,,,,,,,,,,,,,,,,,,,,,,,,,,,,,,,,,,,,,,,,,,,,,,,,,,,,,
training_event,training,4958d349-1ff1-4f6b-8344-fca7d4d717aa,4e9b83ff-87a0-4a43-9e29-f8243f22cee4,2026-09-06T09:50:22.839000+00:00,keydown,8,,,177.2,,,,,,,,controlled_typing,3,,,,,,,,,,/app/training,dev_2d73e02d-8068-4917-8e1d-bcd4688456d1,,,,,,,,,,,,,,,,,,,,,,,,,,,,,,,,,,,,,,,,,,,,,,,,,,,,,,,,,,,,,,,,,,
training_event,training,4958d349-1ff1-4f6b-8344-fca7d4d717aa,4e9b83ff-87a0-4a43-9e29-f8243f22cee4,2026-09-06T09:50:23.315000+00:00,keyup,8,,475.4,,,,,,,,,controlled_typing,3,,,,,,,,,,/app/training,dev_2d73e02d-8068-4917-8e1d-bcd4688456d1,,,,,,,,,,,,,,,,,,,,,,,,,,,,,,,,,,,,,,,,,,,,,,,,,,,,,,,,,,,,,,,,,,
training_event,training,4958d349-1ff1-4f6b-8344-fca7d4d717aa,4e9b83ff-87a0-4a43-9e29-f8243f22cee4,2026-09-06T09:50:23.445000+00:00,keydown,8,,,606.1,,,,,,,,controlled_typing,3,,,,,,,,,,/app/training,dev_2d73e02d-8068-4917-8e1d-bcd4688456d1,,,,,,,,,,,,,,,,,,,,,,,,,,,,,,,,,,,,,,,,,,,,,,,,,,,,,,,,,,,,,,,,,,
training_event,training,4958d349-1ff1-4f6b-8344-fca7d4d717aa,4e9b83ff-87a0-4a43-9e29-f8243f22cee4,2026-09-06T09:50:23.541000+00:00,keyup,8,,96.0,,,,,,,,,controlled_typing,3,,,,,,,,,,/app/training,dev_2d73e02d-8068-4917-8e1d-bcd4688456d1,,,,,,,,,,,,,,,,,,,,,,,,,,,,,,,,,,,,,,,,,,,,,,,,,,,,,,,,,,,,,,,,,,
training_event,training,4958d349-1ff1-4f6b-8344-fca7d4d717aa,4e9b83ff-87a0-4a43-9e29-f8243f22cee4,2026-09-06T09:50:23.638000+00:00,keydown,8,,,192.8,,,,,,,,controlled_typing,3,,,,,,,,,,/app/training,dev_2d73e02d-8068-4917-8e1d-bcd4688456d1,,,,,,,,,,,,,,,,,,,,,,,,,,,,,,,,,,,,,,,,,,,,,,,,,,,,,,,,,,,,,,,,,,
training_event,training,4958d349-1ff1-4f6b-8344-fca7d4d717aa,4e9b83ff-87a0-4a43-9e29-f8243f22cee4,2026-09-06T09:50:23.725000+00:00,keyup,8,,87.2,,,,,,,,,controlled_typing,3,,,,,,,,,,/app/training,dev_2d73e02d-8068-4917-8e1d-bcd4688456d1,,,,,,,,,,,,,,,,,,,,,,,,,,,,,,,,,,,,,,,,,,,,,,,,,,,,,,,,,,,,,,,,,,
training_event,training,4958d349-1ff1-4f6b-8344-fca7d4d717aa,4e9b83ff-87a0-4a43-9e29-f8243f22cee4,2026-09-06T09:50:23.805000+00:00,keydown,8,,,167.1,,,,,,,,controlled_typing,3,,,,,,,,,,/app/training,dev_2d73e02d-8068-4917-8e1d-bcd4688456d1,,,,,,,,,,,,,,,,,,,,,,,,,,,,,,,,,,,,,,,,,,,,,,,,,,,,,,,,,,,,,,,,,,
training_event,training,4958d349-1ff1-4f6b-8344-fca7d4d717aa,4e9b83ff-87a0-4a43-9e29-f8243f22cee4,2026-09-06T09:50:23.892000+00:00,keyup,8,,86.8,,,,,,,,,controlled_typing,3,,,,,,,,,,/app/training,dev_2d73e02d-8068-4917-8e1d-bcd4688456d1,,,,,,,,,,,,,,,,,,,,,,,,,,,,,,,,,,,,,,,,,,,,,,,,,,,,,,,,,,,,,,,,,,
training_event,training,4958d349-1ff1-4f6b-8344-fca7d4d717aa,4e9b83ff-87a0-4a43-9e29-f8243f22cee4,2026-09-06T09:50:23.982000+00:00,keydown,8,,,177.2,,,,,,,,controlled_typing,3,,,,,,,,,,/app/training,dev_2d73e02d-8068-4917-8e1d-bcd4688456d1,,,,,,,,,,,,,,,,,,,,,,,,,,,,,,,,,,,,,,,,,,,,,,,,,,,,,,,,,,,,,,,,,,
training_event,training,4958d349-1ff1-4f6b-8344-fca7d4d717aa,4e9b83ff-87a0-4a43-9e29-f8243f22cee4,2026-09-06T09:50:24.054000+00:00,keyup,8,,71.2,,,,,,,,,controlled_typing,3,,,,,,,,,,/app/training,dev_2d73e02d-8068-4917-8e1d-bcd4688456d1,,,,,,,,,,,,,,,,,,,,,,,,,,,,,,,,,,,,,,,,,,,,,,,,,,,,,,,,,,,,,,,,,,
training_event,training,4958d349-1ff1-4f6b-8344-fca7d4d717aa,4e9b83ff-87a0-4a43-9e29-f8243f22cee4,2026-09-06T09:50:24.505000+00:00,keydown,78,n,,522.8,,,,,,,,controlled_typing,3,,,,,,,,,,/app/training,dev_2d73e02d-8068-4917-8e1d-bcd4688456d1,,,,,,,,,,,,,,,,,,,,,,,,,,,,,,,,,,,,,,,,,,,,,,,,,,,,,,,,,,,,,,,,,,
training_event,training,4958d349-1ff1-4f6b-8344-fca7d4d717aa,4e9b83ff-87a0-4a43-9e29-f8243f22cee4,2026-09-06T09:50:24.566000+00:00,keyup,78,,61.0,,,,,,,,,controlled_typing,3,,,,,,,,,,/app/training,dev_2d73e02d-8068-4917-8e1d-bcd4688456d1,,,,,,,,,,,,,,,,,,,,,,,,,,,,,,,,,,,,,,,,,,,,,,,,,,,,,,,,,,,,,,,,,,
training_event,training,4958d349-1ff1-4f6b-8344-fca7d4d717aa,4e9b83ff-87a0-4a43-9e29-f8243f22cee4,2026-09-06T09:50:24.829000+00:00,keydown,84,t,,323.3,,,,,,,,controlled_typing,3,,,,,,,,,,/app/training,dev_2d73e02d-8068-4917-8e1d-bcd4688456d1,,,,,,,,,,,,,,,,,,,,,,,,,,,,,,,,,,,,,,,,,,,,,,,,,,,,,,,,,,,,,,,,,,
training_event,training,4958d349-1ff1-4f6b-8344-fca7d4d717aa,4e9b83ff-87a0-4a43-9e29-f8243f22cee4,2026-09-06T09:50:24.901000+00:00,keyup,84,,72.4,,,,,,,,,controlled_typing,3,,,,,,,,,,/app/training,dev_2d73e02d-8068-4917-8e1d-bcd4688456d1,,,,,,,,,,,,,,,,,,,,,,,,,,,,,,,,,,,,,,,,,,,,,,,,,,,,,,,,,,,,,,,,,,
training_event,training,4958d349-1ff1-4f6b-8344-fca7d4d717aa,4e9b83ff-87a0-4a43-9e29-f8243f22cee4,2026-09-06T09:50:25.185000+00:00,keydown,69,e,,356.8,,,,,,,,controlled_typing,3,,,,,,,,,,/app/training,dev_2d73e02d-8068-4917-8e1d-bcd4688456d1,,,,,,,,,,,,,,,,,,,,,,,,,,,,,,,,,,,,,,,,,,,,,,,,,,,,,,,,,,,,,,,,,,
training_event,training,4958d349-1ff1-4f6b-8344-fca7d4d717aa,4e9b83ff-87a0-4a43-9e29-f8243f22cee4,2026-09-06T09:50:25.256000+00:00,keyup,69,,70.4,,,,,,,,,controlled_typing,3,,,,,,,,,,/app/training,dev_2d73e02d-8068-4917-8e1d-bcd4688456d1,,,,,,,,,,,,,,,,,,,,,,,,,,,,,,,,,,,,,,,,,,,,,,,,,,,,,,,,,,,,,,,,,,
training_event,training,4958d349-1ff1-4f6b-8344-fca7d4d717aa,4e9b83ff-87a0-4a43-9e29-f8243f22cee4,2026-09-06T09:50:25.371000+00:00,keydown,78,n,,185.7,,,,,,,,controlled_typing,3,,,,,,,,,,/app/training,dev_2d73e02d-8068-4917-8e1d-bcd4688456d1,,,,,,,,,,,,,,,,,,,,,,,,,,,,,,,,,,,,,,,,,,,,,,,,,,,,,,,,,,,,,,,,,,
training_event,training,4958d349-1ff1-4f6b-8344-fca7d4d717aa,4e9b83ff-87a0-4a43-9e29-f8243f22cee4,2026-09-06T09:50:25.441000+00:00,keyup,78,,70.3,,,,,,,,,controlled_typing,3,,,,,,,,,,/app/training,dev_2d73e02d-8068-4917-8e1d-bcd4688456d1,,,,,,,,,,,,,,,,,,,,,,,,,,,,,,,,,,,,,,,,,,,,,,,,,,,,,,,,,,,,,,,,,,
training_event,training,4958d349-1ff1-4f6b-8344-fca7d4d717aa,4e9b83ff-87a0-4a43-9e29-f8243f22cee4,2026-09-06T09:50:25.622000+00:00,keydown,67,c,,250.5,,,,,,,,controlled_typing,3,,,,,,,,,,/app/training,dev_2d73e02d-8068-4917-8e1d-bcd4688456d1,,,,,,,,,,,,,,,,,,,,,,,,,,,,,,,,,,,,,,,,,,,,,,,,,,,,,,,,,,,,,,,,,,
training_event,training,4958d349-1ff1-4f6b-8344-fca7d4d717aa,4e9b83ff-87a0-4a43-9e29-f8243f22cee4,2026-09-06T09:50:25.717000+00:00,keyup,67,,95.4,,,,,,,,,controlled_typing,3,,,,,,,,,,/app/training,dev_2d73e02d-8068-4917-8e1d-bcd4688456d1,,,,,,,,,,,,,,,,,,,,,,,,,,,,,,,,,,,,,,,,,,,,,,,,,,,,,,,,,,,,,,,,,,
training_event,training,4958d349-1ff1-4f6b-8344-fca7d4d717aa,4e9b83ff-87a0-4a43-9e29-f8243f22cee4,2026-09-06T09:50:25.807000+00:00,keydown,69,e,,185.2,,,,,,,,controlled_typing,3,,,,,,,,,,/app/training,dev_2d73e02d-8068-4917-8e1d-bcd4688456d1,,,,,,,,,,,,,,,,,,,,,,,,,,,,,,,,,,,,,,,,,,,,,,,,,,,,,,,,,,,,,,,,,,
training_event,training,4958d349-1ff1-4f6b-8344-fca7d4d717aa,4e9b83ff-87a0-4a43-9e29-f8243f22cee4,2026-09-06T09:50:25.971000+00:00,keyup,69,,164.0,,,,,,,,,controlled_typing,3,,,,,,,,,,/app/training,dev_2d73e02d-8068-4917-8e1d-bcd4688456d1,,,,,,,,,,,,,,,,,,,,,,,,,,,,,,,,,,,,,,,,,,,,,,,,,,,,,,,,,,,,,,,,,,
training_event,training,4958d349-1ff1-4f6b-8344-fca7d4d717aa,4e9b83ff-87a0-4a43-9e29-f8243f22cee4,2026-09-06T09:50:26.008000+00:00,keydown,32, ,,200.9,,,,,,,,controlled_typing,3,,,,,,,,,,/app/training,dev_2d73e02d-8068-4917-8e1d-bcd4688456d1,,,,,,,,,,,,,,,,,,,,,,,,,,,,,,,,,,,,,,,,,,,,,,,,,,,,,,,,,,,,,,,,,,
training_event,training,4958d349-1ff1-4f6b-8344-fca7d4d717aa,4e9b83ff-87a0-4a43-9e29-f8243f22cee4,2026-09-06T09:50:26.117000+00:00,keyup,32,,109.2,,,,,,,,,controlled_typing,3,,,,,,,,,,/app/training,dev_2d73e02d-8068-4917-8e1d-bcd4688456d1,,,,,,,,,,,,,,,,,,,,,,,,,,,,,,,,,,,,,,,,,,,,,,,,,,,,,,,,,,,,,,,,,,
training_event,training,4958d349-1ff1-4f6b-8344-fca7d4d717aa,4e9b83ff-87a0-4a43-9e29-f8243f22cee4,2026-09-06T09:50:26.545000+00:00,keydown,78,n,,537.3,,,,,,,,controlled_typing,3,,,,,,,,,,/app/training,dev_2d73e02d-8068-4917-8e1d-bcd4688456d1,,,,,,,,,,,,,,,,,,,,,,,,,,,,,,,,,,,,,,,,,,,,,,,,,,,,,,,,,,,,,,,,,,
training_event,training,4958d349-1ff1-4f6b-8344-fca7d4d717aa,4e9b83ff-87a0-4a43-9e29-f8243f22cee4,2026-09-06T09:50:26.600000+00:00,keyup,78,,54.8,,,,,,,,,controlled_typing,3,,,,,,,,,,/app/training,dev_2d73e02d-8068-4917-8e1d-bcd4688456d1,,,,,,,,,,,,,,,,,,,,,,,,,,,,,,,,,,,,,,,,,,,,,,,,,,,,,,,,,,,,,,,,,,
training_event,training,4958d349-1ff1-4f6b-8344-fca7d4d717aa,4e9b83ff-87a0-4a43-9e29-f8243f22cee4,2026-09-06T09:50:26.706000+00:00,keydown,65,a,,161.4,,,,,,,,controlled_typing,3,,,,,,,,,,/app/training,dev_2d73e02d-8068-4917-8e1d-bcd4688456d1,,,,,,,,,,,,,,,,,,,,,,,,,,,,,,,,,,,,,,,,,,,,,,,,,,,,,,,,,,,,,,,,,,
training_event,training,4958d349-1ff1-4f6b-8344-fca7d4d717aa,4e9b83ff-87a0-4a43-9e29-f8243f22cee4,2026-09-06T09:50:26.821000+00:00,keyup,65,,114.2,,,,,,,,,controlled_typing,3,,,,,,,,,,/app/training,dev_2d73e02d-8068-4917-8e1d-bcd4688456d1,,,,,,,,,,,,,,,,,,,,,,,,,,,,,,,,,,,,,,,,,,,,,,,,,,,,,,,,,,,,,,,,,,
training_event,training,4958d349-1ff1-4f6b-8344-fca7d4d717aa,4e9b83ff-87a0-4a43-9e29-f8243f22cee4,2026-09-06T09:50:27.038000+00:00,keydown,84,t,,331.9,,,,,,,,controlled_typing,3,,,,,,,,,,/app/training,dev_2d73e02d-8068-4917-8e1d-bcd4688456d1,,,,,,,,,,,,,,,,,,,,,,,,,,,,,,,,,,,,,,,,,,,,,,,,,,,,,,,,,,,,,,,,,,
training_event,training,4958d349-1ff1-4f6b-8344-fca7d4d717aa,4e9b83ff-87a0-4a43-9e29-f8243f22cee4,2026-09-06T09:50:27.133000+00:00,keyup,84,,94.8,,,,,,,,,controlled_typing,3,,,,,,,,,,/app/training,dev_2d73e02d-8068-4917-8e1d-bcd4688456d1,,,,,,,,,,,,,,,,,,,,,,,,,,,,,,,,,,,,,,,,,,,,,,,,,,,,,,,,,,,,,,,,,,
training_event,training,4958d349-1ff1-4f6b-8344-fca7d4d717aa,4e9b83ff-87a0-4a43-9e29-f8243f22cee4,2026-09-06T09:50:27.179000+00:00,keydown,85,u,,140.7,,,,,,,,controlled_typing,3,,,,,,,,,,/app/training,dev_2d73e02d-8068-4917-8e1d-bcd4688456d1,,,,,,,,,,,,,,,,,,,,,,,,,,,,,,,,,,,,,,,,,,,,,,,,,,,,,,,,,,,,,,,,,,
training_event,training,4958d349-1ff1-4f6b-8344-fca7d4d717aa,4e9b83ff-87a0-4a43-9e29-f8243f22cee4,2026-09-06T09:50:27.265000+00:00,keyup,85,,85.8,,,,,,,,,controlled_typing,3,,,,,,,,,,/app/training,dev_2d73e02d-8068-4917-8e1d-bcd4688456d1,,,,,,,,,,,,,,,,,,,,,,,,,,,,,,,,,,,,,,,,,,,,,,,,,,,,,,,,,,,,,,,,,,
training_event,training,4958d349-1ff1-4f6b-8344-fca7d4d717aa,4e9b83ff-87a0-4a43-9e29-f8243f22cee4,2026-09-06T09:50:27.429000+00:00,keydown,82,r,,249.8,,,,,,,,controlled_typing,3,,,,,,,,,,/app/training,dev_2d73e02d-8068-4917-8e1d-bcd4688456d1,,,,,,,,,,,,,,,,,,,,,,,,,,,,,,,,,,,,,,,,,,,,,,,,,,,,,,,,,,,,,,,,,,
training_event,training,4958d349-1ff1-4f6b-8344-fca7d4d717aa,4e9b83ff-87a0-4a43-9e29-f8243f22cee4,2026-09-06T09:50:27.537000+00:00,keyup,82,,108.7,,,,,,,,,controlled_typing,3,,,,,,,,,,/app/training,dev_2d73e02d-8068-4917-8e1d-bcd4688456d1,,,,,,,,,,,,,,,,,,,,,,,,,,,,,,,,,,,,,,,,,,,,,,,,,,,,,,,,,,,,,,,,,,
training_event,training,4958d349-1ff1-4f6b-8344-fca7d4d717aa,4e9b83ff-87a0-4a43-9e29-f8243f22cee4,2026-09-06T09:50:27.619000+00:00,keydown,65,a,,189.8,,,,,,,,controlled_typing,3,,,,,,,,,,/app/training,dev_2d73e02d-8068-4917-8e1d-bcd4688456d1,,,,,,,,,,,,,,,,,,,,,,,,,,,,,,,,,,,,,,,,,,,,,,,,,,,,,,,,,,,,,,,,,,
training_event,training,4958d349-1ff1-4f6b-8344-fca7d4d717aa,4e9b83ff-87a0-4a43-9e29-f8243f22cee4,2026-09-06T09:50:27.761000+00:00,keyup,65,,143.0,,,,,,,,,controlled_typing,3,,,,,,,,,,/app/training,dev_2d73e02d-8068-4917-8e1d-bcd4688456d1,,,,,,,,,,,,,,,,,,,,,,,,,,,,,,,,,,,,,,,,,,,,,,,,,,,,,,,,,,,,,,,,,,
training_event,training,4958d349-1ff1-4f6b-8344-fca7d4d717aa,4e9b83ff-87a0-4a43-9e29-f8243f22cee4,2026-09-06T09:50:28.104000+00:00,keydown,76,l,,486.0,,,,,,,,controlled_typing,3,,,,,,,,,,/app/training,dev_2d73e02d-8068-4917-8e1d-bcd4688456d1,,,,,,,,,,,,,,,,,,,,,,,,,,,,,,,,,,,,,,,,,,,,,,,,,,,,,,,,,,,,,,,,,,
training_event,training,4958d349-1ff1-4f6b-8344-fca7d4d717aa,4e9b83ff-87a0-4a43-9e29-f8243f22cee4,2026-09-06T09:50:28.167000+00:00,keyup,76,,62.6,,,,,,,,,controlled_typing,3,,,,,,,,,,/app/training,dev_2d73e02d-8068-4917-8e1d-bcd4688456d1,,,,,,,,,,,,,,,,,,,,,,,,,,,,,,,,,,,,,,,,,,,,,,,,,,,,,,,,,,,,,,,,,,
training_event,training,4958d349-1ff1-4f6b-8344-fca7d4d717aa,4e9b83ff-87a0-4a43-9e29-f8243f22cee4,2026-09-06T09:50:28.618000+00:00,keydown,76,l,,513.7,,,,,,,,controlled_typing,3,,,,,,,,,,/app/training,dev_2d73e02d-8068-4917-8e1d-bcd4688456d1,,,,,,,,,,,,,,,,,,,,,,,,,,,,,,,,,,,,,,,,,,,,,,,,,,,,,,,,,,,,,,,,,,
training_event,training,4958d349-1ff1-4f6b-8344-fca7d4d717aa,4e9b83ff-87a0-4a43-9e29-f8243f22cee4,2026-09-06T09:50:28.687000+00:00,keyup,76,,69.0,,,,,,,,,controlled_typing,3,,,,,,,,,,/app/training,dev_2d73e02d-8068-4917-8e1d-bcd4688456d1,,,,,,,,,,,,,,,,,,,,,,,,,,,,,,,,,,,,,,,,,,,,,,,,,,,,,,,,,,,,,,,,,,
training_event,training,4958d349-1ff1-4f6b-8344-fca7d4d717aa,4e9b83ff-87a0-4a43-9e29-f8243f22cee4,2026-09-06T09:50:28.779000+00:00,keydown,89,y,,160.6,,,,,,,,controlled_typing,3,,,,,,,,,,/app/training,dev_2d73e02d-8068-4917-8e1d-bcd4688456d1,,,,,,,,,,,,,,,,,,,,,,,,,,,,,,,,,,,,,,,,,,,,,,,,,,,,,,,,,,,,,,,,,,
training_event,training,4958d349-1ff1-4f6b-8344-fca7d4d717aa,4e9b83ff-87a0-4a43-9e29-f8243f22cee4,2026-09-06T09:50:28.879000+00:00,keydown,32, ,,100.1,,,,,,,,controlled_typing,3,,,,,,,,,,/app/training,dev_2d73e02d-8068-4917-8e1d-bcd4688456d1,,,,,,,,,,,,,,,,,,,,,,,,,,,,,,,,,,,,,,,,,,,,,,,,,,,,,,,,,,,,,,,,,,
training_event,training,4958d349-1ff1-4f6b-8344-fca7d4d717aa,4e9b83ff-87a0-4a43-9e29-f8243f22cee4,2026-09-06T09:50:28.920000+00:00,keyup,89,,141.0,,,,,,,,,controlled_typing,3,,,,,,,,,,/app/training,dev_2d73e02d-8068-4917-8e1d-bcd4688456d1,,,,,,,,,,,,,,,,,,,,,,,,,,,,,,,,,,,,,,,,,,,,,,,,,,,,,,,,,,,,,,,,,,
training_event,training,4958d349-1ff1-4f6b-8344-fca7d4d717aa,4e9b83ff-87a0-4a43-9e29-f8243f22cee4,2026-09-06T09:50:29.009000+00:00,keyup,32,,130.3,,,,,,,,,controlled_typing,3,,,,,,,,,,/app/training,dev_2d73e02d-8068-4917-8e1d-bcd4688456d1,,,,,,,,,,,,,,,,,,,,,,,,,,,,,,,,,,,,,,,,,,,,,,,,,,,,,,,,,,,,,,,,,,
training_event,training,4958d349-1ff1-4f6b-8344-fca7d4d717aa,4e9b83ff-87a0-4a43-9e29-f8243f22cee4,2026-09-06T09:50:29.622000+00:00,keydown,87,w,,742.8,,,,,,,,controlled_typing,3,,,,,,,,,,/app/training,dev_2d73e02d-8068-4917-8e1d-bcd4688456d1,,,,,,,,,,,,,,,,,,,,,,,,,,,,,,,,,,,,,,,,,,,,,,,,,,,,,,,,,,,,,,,,,,
training_event,training,4958d349-1ff1-4f6b-8344-fca7d4d717aa,4e9b83ff-87a0-4a43-9e29-f8243f22cee4,2026-09-06T09:50:29.708000+00:00,keyup,87,,86.1,,,,,,,,,controlled_typing,3,,,,,,,,,,/app/training,dev_2d73e02d-8068-4917-8e1d-bcd4688456d1,,,,,,,,,,,,,,,,,,,,,,,,,,,,,,,,,,,,,,,,,,,,,,,,,,,,,,,,,,,,,,,,,,
training_event,training,4958d349-1ff1-4f6b-8344-fca7d4d717aa,4e9b83ff-87a0-4a43-9e29-f8243f22cee4,2026-09-06T09:50:29.805000+00:00,keydown,73,i,,183.7,,,,,,,,controlled_typing,3,,,,,,,,,,/app/training,dev_2d73e02d-8068-4917-8e1d-bcd4688456d1,,,,,,,,,,,,,,,,,,,,,,,,,,,,,,,,,,,,,,,,,,,,,,,,,,,,,,,,,,,,,,,,,,
training_event,training,4958d349-1ff1-4f6b-8344-fca7d4d717aa,4e9b83ff-87a0-4a43-9e29-f8243f22cee4,2026-09-06T09:50:29.855000+00:00,keyup,73,,49.2,,,,,,,,,controlled_typing,3,,,,,,,,,,/app/training,dev_2d73e02d-8068-4917-8e1d-bcd4688456d1,,,,,,,,,,,,,,,,,,,,,,,,,,,,,,,,,,,,,,,,,,,,,,,,,,,,,,,,,,,,,,,,,,
training_event,training,4958d349-1ff1-4f6b-8344-fca7d4d717aa,4e9b83ff-87a0-4a43-9e29-f8243f22cee4,2026-09-06T09:50:30.009000+00:00,keydown,84,t,,203.3,,,,,,,,controlled_typing,3,,,,,,,,,,/app/training,dev_2d73e02d-8068-4917-8e1d-bcd4688456d1,,,,,,,,,,,,,,,,,,,,,,,,,,,,,,,,,,,,,,,,,,,,,,,,,,,,,,,,,,,,,,,,,,
training_event,training,4958d349-1ff1-4f6b-8344-fca7d4d717aa,4e9b83ff-87a0-4a43-9e29-f8243f22cee4,2026-09-06T09:50:30.084000+00:00,keyup,84,,75.4,,,,,,,,,controlled_typing,3,,,,,,,,,,/app/training,dev_2d73e02d-8068-4917-8e1d-bcd4688456d1,,,,,,,,,,,,,,,,,,,,,,,,,,,,,,,,,,,,,,,,,,,,,,,,,,,,,,,,,,,,,,,,,,
training_event,training,4958d349-1ff1-4f6b-8344-fca7d4d717aa,4e9b83ff-87a0-4a43-9e29-f8243f22cee4,2026-09-06T09:50:30.154000+00:00,keydown,72,h,,145.2,,,,,,,,controlled_typing,3,,,,,,,,,,/app/training,dev_2d73e02d-8068-4917-8e1d-bcd4688456d1,,,,,,,,,,,,,,,,,,,,,,,,,,,,,,,,,,,,,,,,,,,,,,,,,,,,,,,,,,,,,,,,,,
training_event,training,4958d349-1ff1-4f6b-8344-fca7d4d717aa,4e9b83ff-87a0-4a43-9e29-f8243f22cee4,2026-09-06T09:50:30.234000+00:00,keyup,72,,80.2,,,,,,,,,controlled_typing,3,,,,,,,,,,/app/training,dev_2d73e02d-8068-4917-8e1d-bcd4688456d1,,,,,,,,,,,,,,,,,,,,,,,,,,,,,,,,,,,,,,,,,,,,,,,,,,,,,,,,,,,,,,,,,,
training_event,training,4958d349-1ff1-4f6b-8344-fca7d4d717aa,4e9b83ff-87a0-4a43-9e29-f8243f22cee4,2026-09-06T09:50:30.443000+00:00,keydown,79,o,,288.7,,,,,,,,controlled_typing,3,,,,,,,,,,/app/training,dev_2d73e02d-8068-4917-8e1d-bcd4688456d1,,,,,,,,,,,,,,,,,,,,,,,,,,,,,,,,,,,,,,,,,,,,,,,,,,,,,,,,,,,,,,,,,,
training_event,training,4958d349-1ff1-4f6b-8344-fca7d4d717aa,4e9b83ff-87a0-4a43-9e29-f8243f22cee4,2026-09-06T09:50:30.578000+00:00,keyup,79,,135.6,,,,,,,,,controlled_typing,3,,,,,,,,,,/app/training,dev_2d73e02d-8068-4917-8e1d-bcd4688456d1,,,,,,,,,,,,,,,,,,,,,,,,,,,,,,,,,,,,,,,,,,,,,,,,,,,,,,,,,,,,,,,,,,
training_event,training,4958d349-1ff1-4f6b-8344-fca7d4d717aa,4e9b83ff-87a0-4a43-9e29-f8243f22cee4,2026-09-06T09:50:30.656000+00:00,keydown,85,u,,213.3,,,,,,,,controlled_typing,3,,,,,,,,,,/app/training,dev_2d73e02d-8068-4917-8e1d-bcd4688456d1,,,,,,,,,,,,,,,,,,,,,,,,,,,,,,,,,,,,,,,,,,,,,,,,,,,,,,,,,,,,,,,,,,
training_event,training,4958d349-1ff1-4f6b-8344-fca7d4d717aa,4e9b83ff-87a0-4a43-9e29-f8243f22cee4,2026-09-06T09:50:30.724000+00:00,keyup,85,,67.7,,,,,,,,,controlled_typing,3,,,,,,,,,,/app/training,dev_2d73e02d-8068-4917-8e1d-bcd4688456d1,,,,,,,,,,,,,,,,,,,,,,,,,,,,,,,,,,,,,,,,,,,,,,,,,,,,,,,,,,,,,,,,,,
training_event,training,4958d349-1ff1-4f6b-8344-fca7d4d717aa,4e9b83ff-87a0-4a43-9e29-f8243f22cee4,2026-09-06T09:50:30.875000+00:00,keydown,84,t,,218.6,,,,,,,,controlled_typing,3,,,,,,,,,,/app/training,dev_2d73e02d-8068-4917-8e1d-bcd4688456d1,,,,,,,,,,,,,,,,,,,,,,,,,,,,,,,,,,,,,,,,,,,,,,,,,,,,,,,,,,,,,,,,,,
training_event,training,4958d349-1ff1-4f6b-8344-fca7d4d717aa,4e9b83ff-87a0-4a43-9e29-f8243f22cee4,2026-09-06T09:50:31.010000+00:00,keydown,32, ,,135.1,,,,,,,,controlled_typing,3,,,,,,,,,,/app/training,dev_2d73e02d-8068-4917-8e1d-bcd4688456d1,,,,,,,,,,,,,,,,,,,,,,,,,,,,,,,,,,,,,,,,,,,,,,,,,,,,,,,,,,,,,,,,,,
training_event,training,4958d349-1ff1-4f6b-8344-fca7d4d717aa,4e9b83ff-87a0-4a43-9e29-f8243f22cee4,2026-09-06T09:50:31.045000+00:00,keyup,84,,170.3,,,,,,,,,controlled_typing,3,,,,,,,,,,/app/training,dev_2d73e02d-8068-4917-8e1d-bcd4688456d1,,,,,,,,,,,,,,,,,,,,,,,,,,,,,,,,,,,,,,,,,,,,,,,,,,,,,,,,,,,,,,,,,,
training_event,training,4958d349-1ff1-4f6b-8344-fca7d4d717aa,4e9b83ff-87a0-4a43-9e29-f8243f22cee4,2026-09-06T09:50:31.139000+00:00,keyup,32,,129.4,,,,,,,,,controlled_typing,3,,,,,,,,,,/app/training,dev_2d73e02d-8068-4917-8e1d-bcd4688456d1,,,,,,,,,,,,,,,,,,,,,,,,,,,,,,,,,,,,,,,,,,,,,,,,,,,,,,,,,,,,,,,,,,
training_event,training,4958d349-1ff1-4f6b-8344-fca7d4d717aa,4e9b83ff-87a0-4a43-9e29-f8243f22cee4,2026-09-06T09:50:31.713000+00:00,keydown,84,t,,703.0,,,,,,,,controlled_typing,3,,,,,,,,,,/app/training,dev_2d73e02d-8068-4917-8e1d-bcd4688456d1,,,,,,,,,,,,,,,,,,,,,,,,,,,,,,,,,,,,,,,,,,,,,,,,,,,,,,,,,,,,,,,,,,
training_event,training,4958d349-1ff1-4f6b-8344-fca7d4d717aa,4e9b83ff-87a0-4a43-9e29-f8243f22cee4,2026-09-06T09:50:31.845000+00:00,keyup,84,,132.3,,,,,,,,,controlled_typing,3,,,,,,,,,,/app/training,dev_2d73e02d-8068-4917-8e1d-bcd4688456d1,,,,,,,,,,,,,,,,,,,,,,,,,,,,,,,,,,,,,,,,,,,,,,,,,,,,,,,,,,,,,,,,,,
training_event,training,4958d349-1ff1-4f6b-8344-fca7d4d717aa,4e9b83ff-87a0-4a43-9e29-f8243f22cee4,2026-09-06T09:50:31.983000+00:00,keydown,82,r,,270.5,,,,,,,,controlled_typing,3,,,,,,,,,,/app/training,dev_2d73e02d-8068-4917-8e1d-bcd4688456d1,,,,,,,,,,,,,,,,,,,,,,,,,,,,,,,,,,,,,,,,,,,,,,,,,,,,,,,,,,,,,,,,,,
training_event,training,4958d349-1ff1-4f6b-8344-fca7d4d717aa,4e9b83ff-87a0-4a43-9e29-f8243f22cee4,2026-09-06T09:50:32.071000+00:00,keyup,82,,87.8,,,,,,,,,controlled_typing,3,,,,,,,,,,/app/training,dev_2d73e02d-8068-4917-8e1d-bcd4688456d1,,,,,,,,,,,,,,,,,,,,,,,,,,,,,,,,,,,,,,,,,,,,,,,,,,,,,,,,,,,,,,,,,,
training_event,training,4958d349-1ff1-4f6b-8344-fca7d4d717aa,4e9b83ff-87a0-4a43-9e29-f8243f22cee4,2026-09-06T09:50:32.096000+00:00,keydown,89,y,,112.6,,,,,,,,controlled_typing,3,,,,,,,,,,/app/training,dev_2d73e02d-8068-4917-8e1d-bcd4688456d1,,,,,,,,,,,,,,,,,,,,,,,,,,,,,,,,,,,,,,,,,,,,,,,,,,,,,,,,,,,,,,,,,,
training_event,training,4958d349-1ff1-4f6b-8344-fca7d4d717aa,4e9b83ff-87a0-4a43-9e29-f8243f22cee4,2026-09-06T09:50:32.228000+00:00,keyup,89,,132.5,,,,,,,,,controlled_typing,3,,,,,,,,,,/app/training,dev_2d73e02d-8068-4917-8e1d-bcd4688456d1,,,,,,,,,,,,,,,,,,,,,,,,,,,,,,,,,,,,,,,,,,,,,,,,,,,,,,,,,,,,,,,,,,
training_event,training,4958d349-1ff1-4f6b-8344-fca7d4d717aa,4e9b83ff-87a0-4a43-9e29-f8243f22cee4,2026-09-06T09:50:32.301000+00:00,keydown,73,i,,205.0,,,,,,,,controlled_typing,3,,,,,,,,,,/app/training,dev_2d73e02d-8068-4917-8e1d-bcd4688456d1,,,,,,,,,,,,,,,,,,,,,,,,,,,,,,,,,,,,,,,,,,,,,,,,,,,,,,,,,,,,,,,,,,
training_event,training,4958d349-1ff1-4f6b-8344-fca7d4d717aa,4e9b83ff-87a0-4a43-9e29-f8243f22cee4,2026-09-06T09:50:32.411000+00:00,keyup,73,,110.2,,,,,,,,,controlled_typing,3,,,,,,,,,,/app/training,dev_2d73e02d-8068-4917-8e1d-bcd4688456d1,,,,,,,,,,,,,,,,,,,,,,,,,,,,,,,,,,,,,,,,,,,,,,,,,,,,,,,,,,,,,,,,,,
training_event,training,4958d349-1ff1-4f6b-8344-fca7d4d717aa,4e9b83ff-87a0-4a43-9e29-f8243f22cee4,2026-09-06T09:50:32.555000+00:00,keydown,78,n,,253.8,,,,,,,,controlled_typing,3,,,,,,,,,,/app/training,dev_2d73e02d-8068-4917-8e1d-bcd4688456d1,,,,,,,,,,,,,,,,,,,,,,,,,,,,,,,,,,,,,,,,,,,,,,,,,,,,,,,,,,,,,,,,,,
training_event,training,4958d349-1ff1-4f6b-8344-fca7d4d717aa,4e9b83ff-87a0-4a43-9e29-f8243f22cee4,2026-09-06T09:50:32.650000+00:00,keyup,78,,96.0,,,,,,,,,controlled_typing,3,,,,,,,,,,/app/training,dev_2d73e02d-8068-4917-8e1d-bcd4688456d1,,,,,,,,,,,,,,,,,,,,,,,,,,,,,,,,,,,,,,,,,,,,,,,,,,,,,,,,,,,,,,,,,,
training_event,training,4958d349-1ff1-4f6b-8344-fca7d4d717aa,4e9b83ff-87a0-4a43-9e29-f8243f22cee4,2026-09-06T09:50:32.721000+00:00,keydown,71,g,,166.9,,,,,,,,controlled_typing,3,,,,,,,,,,/app/training,dev_2d73e02d-8068-4917-8e1d-bcd4688456d1,,,,,,,,,,,,,,,,,,,,,,,,,,,,,,,,,,,,,,,,,,,,,,,,,,,,,,,,,,,,,,,,,,
training_event,training,4958d349-1ff1-4f6b-8344-fca7d4d717aa,4e9b83ff-87a0-4a43-9e29-f8243f22cee4,2026-09-06T09:50:32.801000+00:00,keydown,32, ,,79.5,,,,,,,,controlled_typing,3,,,,,,,,,,/app/training,dev_2d73e02d-8068-4917-8e1d-bcd4688456d1,,,,,,,,,,,,,,,,,,,,,,,,,,,,,,,,,,,,,,,,,,,,,,,,,,,,,,,,,,,,,,,,,,
training_event,training,4958d349-1ff1-4f6b-8344-fca7d4d717aa,4e9b83ff-87a0-4a43-9e29-f8243f22cee4,2026-09-06T09:50:32.845000+00:00,keyup,71,,123.4,,,,,,,,,controlled_typing,3,,,,,,,,,,/app/training,dev_2d73e02d-8068-4917-8e1d-bcd4688456d1,,,,,,,,,,,,,,,,,,,,,,,,,,,,,,,,,,,,,,,,,,,,,,,,,,,,,,,,,,,,,,,,,,
training_event,training,4958d349-1ff1-4f6b-8344-fca7d4d717aa,4e9b83ff-87a0-4a43-9e29-f8243f22cee4,2026-09-06T09:50:32.941000+00:00,keyup,32,,140.4,,,,,,,,,controlled_typing,3,,,,,,,,,,/app/training,dev_2d73e02d-8068-4917-8e1d-bcd4688456d1,,,,,,,,,,,,,,,,,,,,,,,,,,,,,,,,,,,,,,,,,,,,,,,,,,,,,,,,,,,,,,,,,,
training_event,training,4958d349-1ff1-4f6b-8344-fca7d4d717aa,4e9b83ff-87a0-4a43-9e29-f8243f22cee4,2026-09-06T09:50:33.008000+00:00,keydown,84,t,,207.5,,,,,,,,controlled_typing,3,,,,,,,,,,/app/training,dev_2d73e02d-8068-4917-8e1d-bcd4688456d1,,,,,,,,,,,,,,,,,,,,,,,,,,,,,,,,,,,,,,,,,,,,,,,,,,,,,,,,,,,,,,,,,,
training_event,training,4958d349-1ff1-4f6b-8344-fca7d4d717aa,4e9b83ff-87a0-4a43-9e29-f8243f22cee4,2026-09-06T09:50:33.111000+00:00,keyup,84,,102.9,,,,,,,,,controlled_typing,3,,,,,,,,,,/app/training,dev_2d73e02d-8068-4917-8e1d-bcd4688456d1,,,,,,,,,,,,,,,,,,,,,,,,,,,,,,,,,,,,,,,,,,,,,,,,,,,,,,,,,,,,,,,,,,
training_event,training,4958d349-1ff1-4f6b-8344-fca7d4d717aa,4e9b83ff-87a0-4a43-9e29-f8243f22cee4,2026-09-06T09:50:33.352000+00:00,keydown,79,o,,343.6,,,,,,,,controlled_typing,3,,,,,,,,,,/app/training,dev_2d73e02d-8068-4917-8e1d-bcd4688456d1,,,,,,,,,,,,,,,,,,,,,,,,,,,,,,,,,,,,,,,,,,,,,,,,,,,,,,,,,,,,,,,,,,
training_event,training,4958d349-1ff1-4f6b-8344-fca7d4d717aa,4e9b83ff-87a0-4a43-9e29-f8243f22cee4,2026-09-06T09:50:33.437000+00:00,keyup,79,,85.2,,,,,,,,,controlled_typing,3,,,,,,,,,,/app/training,dev_2d73e02d-8068-4917-8e1d-bcd4688456d1,,,,,,,,,,,,,,,,,,,,,,,,,,,,,,,,,,,,,,,,,,,,,,,,,,,,,,,,,,,,,,,,,,
training_event,training,4958d349-1ff1-4f6b-8344-fca7d4d717aa,4e9b83ff-87a0-4a43-9e29-f8243f22cee4,2026-09-06T09:50:33.755000+00:00,keydown,32, ,,402.7,,,,,,,,controlled_typing,3,,,,,,,,,,/app/training,dev_2d73e02d-8068-4917-8e1d-bcd4688456d1,,,,,,,,,,,,,,,,,,,,,,,,,,,,,,,,,,,,,,,,,,,,,,,,,,,,,,,,,,,,,,,,,,
training_event,training,4958d349-1ff1-4f6b-8344-fca7d4d717aa,4e9b83ff-87a0-4a43-9e29-f8243f22cee4,2026-09-06T09:50:33.851000+00:00,keyup,32,,95.8,,,,,,,,,controlled_typing,3,,,,,,,,,,/app/training,dev_2d73e02d-8068-4917-8e1d-bcd4688456d1,,,,,,,,,,,,,,,,,,,,,,,,,,,,,,,,,,,,,,,,,,,,,,,,,,,,,,,,,,,,,,,,,,
training_event,training,4958d349-1ff1-4f6b-8344-fca7d4d717aa,4e9b83ff-87a0-4a43-9e29-f8243f22cee4,2026-09-06T09:50:34.321000+00:00,keydown,67,c,,566.2,,,,,,,,controlled_typing,3,,,,,,,,,,/app/training,dev_2d73e02d-8068-4917-8e1d-bcd4688456d1,,,,,,,,,,,,,,,,,,,,,,,,,,,,,,,,,,,,,,,,,,,,,,,,,,,,,,,,,,,,,,,,,,
training_event,training,4958d349-1ff1-4f6b-8344-fca7d4d717aa,4e9b83ff-87a0-4a43-9e29-f8243f22cee4,2026-09-06T09:50:34.404000+00:00,keyup,67,,82.8,,,,,,,,,controlled_typing,3,,,,,,,,,,/app/training,dev_2d73e02d-8068-4917-8e1d-bcd4688456d1,,,,,,,,,,,,,,,,,,,,,,,,,,,,,,,,,,,,,,,,,,,,,,,,,,,,,,,,,,,,,,,,,,
training_event,training,4958d349-1ff1-4f6b-8344-fca7d4d717aa,4e9b83ff-87a0-4a43-9e29-f8243f22cee4,2026-09-06T09:50:34.473000+00:00,keydown,74,j,,151.8,,,,,,,,controlled_typing,3,,,,,,,,,,/app/training,dev_2d73e02d-8068-4917-8e1d-bcd4688456d1,,,,,,,,,,,,,,,,,,,,,,,,,,,,,,,,,,,,,,,,,,,,,,,,,,,,,,,,,,,,,,,,,,
training_event,training,4958d349-1ff1-4f6b-8344-fca7d4d717aa,4e9b83ff-87a0-4a43-9e29-f8243f22cee4,2026-09-06T09:50:34.545000+00:00,keyup,74,,72.3,,,,,,,,,controlled_typing,3,,,,,,,,,,/app/training,dev_2d73e02d-8068-4917-8e1d-bcd4688456d1,,,,,,,,,,,,,,,,,,,,,,,,,,,,,,,,,,,,,,,,,,,,,,,,,,,,,,,,,,,,,,,,,,
training_event,training,4958d349-1ff1-4f6b-8344-fca7d4d717aa,4e9b83ff-87a0-4a43-9e29-f8243f22cee4,2026-09-06T09:50:34.804000+00:00,keydown,8,,,331.6,,,,,,,,controlled_typing,3,,,,,,,,,,/app/training,dev_2d73e02d-8068-4917-8e1d-bcd4688456d1,,,,,,,,,,,,,,,,,,,,,,,,,,,,,,,,,,,,,,,,,,,,,,,,,,,,,,,,,,,,,,,,,,
training_event,training,4958d349-1ff1-4f6b-8344-fca7d4d717aa,4e9b83ff-87a0-4a43-9e29-f8243f22cee4,2026-09-06T09:50:34.895000+00:00,keyup,8,,90.6,,,,,,,,,controlled_typing,3,,,,,,,,,,/app/training,dev_2d73e02d-8068-4917-8e1d-bcd4688456d1,,,,,,,,,,,,,,,,,,,,,,,,,,,,,,,,,,,,,,,,,,,,,,,,,,,,,,,,,,,,,,,,,,
training_event,training,4958d349-1ff1-4f6b-8344-fca7d4d717aa,4e9b83ff-87a0-4a43-9e29-f8243f22cee4,2026-09-06T09:50:35.093000+00:00,keydown,72,h,,288.4,,,,,,,,controlled_typing,3,,,,,,,,,,/app/training,dev_2d73e02d-8068-4917-8e1d-bcd4688456d1,,,,,,,,,,,,,,,,,,,,,,,,,,,,,,,,,,,,,,,,,,,,,,,,,,,,,,,,,,,,,,,,,,
training_event,training,4958d349-1ff1-4f6b-8344-fca7d4d717aa,4e9b83ff-87a0-4a43-9e29-f8243f22cee4,2026-09-06T09:50:35.159000+00:00,keyup,72,,66.1,,,,,,,,,controlled_typing,3,,,,,,,,,,/app/training,dev_2d73e02d-8068-4917-8e1d-bcd4688456d1,,,,,,,,,,,,,,,,,,,,,,,,,,,,,,,,,,,,,,,,,,,,,,,,,,,,,,,,,,,,,,,,,,
training_event,training,4958d349-1ff1-4f6b-8344-fca7d4d717aa,4e9b83ff-87a0-4a43-9e29-f8243f22cee4,2026-09-06T09:50:35.429000+00:00,keydown,65,a,,336.2,,,,,,,,controlled_typing,3,,,,,,,,,,/app/training,dev_2d73e02d-8068-4917-8e1d-bcd4688456d1,,,,,,,,,,,,,,,,,,,,,,,,,,,,,,,,,,,,,,,,,,,,,,,,,,,,,,,,,,,,,,,,,,
training_event,training,4958d349-1ff1-4f6b-8344-fca7d4d717aa,4e9b83ff-87a0-4a43-9e29-f8243f22cee4,2026-09-06T09:50:35.554000+00:00,keyup,65,,125.2,,,,,,,,,controlled_typing,3,,,,,,,,,,/app/training,dev_2d73e02d-8068-4917-8e1d-bcd4688456d1,,,,,,,,,,,,,,,,,,,,,,,,,,,,,,,,,,,,,,,,,,,,,,,,,,,,,,,,,,,,,,,,,,
training_event,training,4958d349-1ff1-4f6b-8344-fca7d4d717aa,4e9b83ff-87a0-4a43-9e29-f8243f22cee4,2026-09-06T09:50:35.579000+00:00,keydown,78,n,,150.2,,,,,,,,controlled_typing,3,,,,,,,,,,/app/training,dev_2d73e02d-8068-4917-8e1d-bcd4688456d1,,,,,,,,,,,,,,,,,,,,,,,,,,,,,,,,,,,,,,,,,,,,,,,,,,,,,,,,,,,,,,,,,,
training_event,training,4958d349-1ff1-4f6b-8344-fca7d4d717aa,4e9b83ff-87a0-4a43-9e29-f8243f22cee4,2026-09-06T09:50:35.621000+00:00,keyup,78,,41.8,,,,,,,,,controlled_typing,3,,,,,,,,,,/app/training,dev_2d73e02d-8068-4917-8e1d-bcd4688456d1,,,,,,,,,,,,,,,,,,,,,,,,,,,,,,,,,,,,,,,,,,,,,,,,,,,,,,,,,,,,,,,,,,
training_event,training,4958d349-1ff1-4f6b-8344-fca7d4d717aa,4e9b83ff-87a0-4a43-9e29-f8243f22cee4,2026-09-06T09:50:35.771000+00:00,keydown,71,g,,191.8,,,,,,,,controlled_typing,3,,,,,,,,,,/app/training,dev_2d73e02d-8068-4917-8e1d-bcd4688456d1,,,,,,,,,,,,,,,,,,,,,,,,,,,,,,,,,,,,,,,,,,,,,,,,,,,,,,,,,,,,,,,,,,
training_event,training,4958d349-1ff1-4f6b-8344-fca7d4d717aa,4e9b83ff-87a0-4a43-9e29-f8243f22cee4,2026-09-06T09:50:35.845000+00:00,keyup,71,,73.7,,,,,,,,,controlled_typing,3,,,,,,,,,,/app/training,dev_2d73e02d-8068-4917-8e1d-bcd4688456d1,,,,,,,,,,,,,,,,,,,,,,,,,,,,,,,,,,,,,,,,,,,,,,,,,,,,,,,,,,,,,,,,,,
training_event,training,4958d349-1ff1-4f6b-8344-fca7d4d717aa,4e9b83ff-87a0-4a43-9e29-f8243f22cee4,2026-09-06T09:50:35.919000+00:00,keydown,69,e,,147.9,,,,,,,,controlled_typing,3,,,,,,,,,,/app/training,dev_2d73e02d-8068-4917-8e1d-bcd4688456d1,,,,,,,,,,,,,,,,,,,,,,,,,,,,,,,,,,,,,,,,,,,,,,,,,,,,,,,,,,,,,,,,,,
training_event,training,4958d349-1ff1-4f6b-8344-fca7d4d717aa,4e9b83ff-87a0-4a43-9e29-f8243f22cee4,2026-09-06T09:50:36.042000+00:00,keydown,32, ,,123.2,,,,,,,,controlled_typing,3,,,,,,,,,,/app/training,dev_2d73e02d-8068-4917-8e1d-bcd4688456d1,,,,,,,,,,,,,,,,,,,,,,,,,,,,,,,,,,,,,,,,,,,,,,,,,,,,,,,,,,,,,,,,,,
training_event,training,4958d349-1ff1-4f6b-8344-fca7d4d717aa,4e9b83ff-87a0-4a43-9e29-f8243f22cee4,2026-09-06T09:50:36.073000+00:00,keyup,69,,154.1,,,,,,,,,controlled_typing,3,,,,,,,,,,/app/training,dev_2d73e02d-8068-4917-8e1d-bcd4688456d1,,,,,,,,,,,,,,,,,,,,,,,,,,,,,,,,,,,,,,,,,,,,,,,,,,,,,,,,,,,,,,,,,,
training_event,training,4958d349-1ff1-4f6b-8344-fca7d4d717aa,4e9b83ff-87a0-4a43-9e29-f8243f22cee4,2026-09-06T09:50:36.174000+00:00,keyup,32,,131.9,,,,,,,,,controlled_typing,3,,,,,,,,,,/app/training,dev_2d73e02d-8068-4917-8e1d-bcd4688456d1,,,,,,,,,,,,,,,,,,,,,,,,,,,,,,,,,,,,,,,,,,,,,,,,,,,,,,,,,,,,,,,,,,
training_event,training,4958d349-1ff1-4f6b-8344-fca7d4d717aa,4e9b83ff-87a0-4a43-9e29-f8243f22cee4,2026-09-06T09:50:36.860000+00:00,keydown,89,y,,817.5,,,,,,,,controlled_typing,3,,,,,,,,,,/app/training,dev_2d73e02d-8068-4917-8e1d-bcd4688456d1,,,,,,,,,,,,,,,,,,,,,,,,,,,,,,,,,,,,,,,,,,,,,,,,,,,,,,,,,,,,,,,,,,
training_event,training,4958d349-1ff1-4f6b-8344-fca7d4d717aa,4e9b83ff-87a0-4a43-9e29-f8243f22cee4,2026-09-06T09:50:37.034000+00:00,keyup,89,,174.7,,,,,,,,,controlled_typing,3,,,,,,,,,,/app/training,dev_2d73e02d-8068-4917-8e1d-bcd4688456d1,,,,,,,,,,,,,,,,,,,,,,,,,,,,,,,,,,,,,,,,,,,,,,,,,,,,,,,,,,,,,,,,,,
training_event,training,4958d349-1ff1-4f6b-8344-fca7d4d717aa,4e9b83ff-87a0-4a43-9e29-f8243f22cee4,2026-09-06T09:50:37.063000+00:00,keydown,79,o,,203.1,,,,,,,,controlled_typing,3,,,,,,,,,,/app/training,dev_2d73e02d-8068-4917-8e1d-bcd4688456d1,,,,,,,,,,,,,,,,,,,,,,,,,,,,,,,,,,,,,,,,,,,,,,,,,,,,,,,,,,,,,,,,,,
training_event,training,4958d349-1ff1-4f6b-8344-fca7d4d717aa,4e9b83ff-87a0-4a43-9e29-f8243f22cee4,2026-09-06T09:50:37.235000+00:00,keydown,85,u,,172.9,,,,,,,,controlled_typing,3,,,,,,,,,,/app/training,dev_2d73e02d-8068-4917-8e1d-bcd4688456d1,,,,,,,,,,,,,,,,,,,,,,,,,,,,,,,,,,,,,,,,,,,,,,,,,,,,,,,,,,,,,,,,,,
training_event,training,4958d349-1ff1-4f6b-8344-fca7d4d717aa,4e9b83ff-87a0-4a43-9e29-f8243f22cee4,2026-09-06T09:50:37.266000+00:00,keyup,79,,203.3,,,,,,,,,controlled_typing,3,,,,,,,,,,/app/training,dev_2d73e02d-8068-4917-8e1d-bcd4688456d1,,,,,,,,,,,,,,,,,,,,,,,,,,,,,,,,,,,,,,,,,,,,,,,,,,,,,,,,,,,,,,,,,,
training_event,training,4958d349-1ff1-4f6b-8344-fca7d4d717aa,4e9b83ff-87a0-4a43-9e29-f8243f22cee4,2026-09-06T09:50:37.334000+00:00,keyup,85,,98.4,,,,,,,,,controlled_typing,3,,,,,,,,,,/app/training,dev_2d73e02d-8068-4917-8e1d-bcd4688456d1,,,,,,,,,,,,,,,,,,,,,,,,,,,,,,,,,,,,,,,,,,,,,,,,,,,,,,,,,,,,,,,,,,
training_event,training,4958d349-1ff1-4f6b-8344-fca7d4d717aa,4e9b83ff-87a0-4a43-9e29-f8243f22cee4,2026-09-06T09:50:37.371000+00:00,keydown,82,r,,135.7,,,,,,,,controlled_typing,3,,,,,,,,,,/app/training,dev_2d73e02d-8068-4917-8e1d-bcd4688456d1,,,,,,,,,,,,,,,,,,,,,,,,,,,,,,,,,,,,,,,,,,,,,,,,,,,,,,,,,,,,,,,,,,
training_event,training,4958d349-1ff1-4f6b-8344-fca7d4d717aa,4e9b83ff-87a0-4a43-9e29-f8243f22cee4,2026-09-06T09:50:37.472000+00:00,keydown,32, ,,100.4,,,,,,,,controlled_typing,3,,,,,,,,,,/app/training,dev_2d73e02d-8068-4917-8e1d-bcd4688456d1,,,,,,,,,,,,,,,,,,,,,,,,,,,,,,,,,,,,,,,,,,,,,,,,,,,,,,,,,,,,,,,,,,
training_event,training,4958d349-1ff1-4f6b-8344-fca7d4d717aa,4e9b83ff-87a0-4a43-9e29-f8243f22cee4,2026-09-06T09:50:37.525000+00:00,keyup,82,,153.8,,,,,,,,,controlled_typing,3,,,,,,,,,,/app/training,dev_2d73e02d-8068-4917-8e1d-bcd4688456d1,,,,,,,,,,,,,,,,,,,,,,,,,,,,,,,,,,,,,,,,,,,,,,,,,,,,,,,,,,,,,,,,,,
training_event,training,4958d349-1ff1-4f6b-8344-fca7d4d717aa,4e9b83ff-87a0-4a43-9e29-f8243f22cee4,2026-09-06T09:50:37.625000+00:00,keyup,32,,153.6,,,,,,,,,controlled_typing,3,,,,,,,,,,/app/training,dev_2d73e02d-8068-4917-8e1d-bcd4688456d1,,,,,,,,,,,,,,,,,,,,,,,,,,,,,,,,,,,,,,,,,,,,,,,,,,,,,,,,,,,,,,,,,,
training_event,training,4958d349-1ff1-4f6b-8344-fca7d4d717aa,4e9b83ff-87a0-4a43-9e29-f8243f22cee4,2026-09-06T09:50:38.591000+00:00,keydown,84,t,,1119.4,,,,,,,,controlled_typing,3,,,,,,,,,,/app/training,dev_2d73e02d-8068-4917-8e1d-bcd4688456d1,,,,,,,,,,,,,,,,,,,,,,,,,,,,,,,,,,,,,,,,,,,,,,,,,,,,,,,,,,,,,,,,,,
training_event,training,4958d349-1ff1-4f6b-8344-fca7d4d717aa,4e9b83ff-87a0-4a43-9e29-f8243f22cee4,2026-09-06T09:50:38.674000+00:00,keyup,84,,83.2,,,,,,,,,controlled_typing,3,,,,,,,,,,/app/training,dev_2d73e02d-8068-4917-8e1d-bcd4688456d1,,,,,,,,,,,,,,,,,,,,,,,,,,,,,,,,,,,,,,,,,,,,,,,,,,,,,,,,,,,,,,,,,,
training_event,training,4958d349-1ff1-4f6b-8344-fca7d4d717aa,4e9b83ff-87a0-4a43-9e29-f8243f22cee4,2026-09-06T09:50:38.705000+00:00,keydown,89,y,,114.0,,,,,,,,controlled_typing,3,,,,,,,,,,/app/training,dev_2d73e02d-8068-4917-8e1d-bcd4688456d1,,,,,,,,,,,,,,,,,,,,,,,,,,,,,,,,,,,,,,,,,,,,,,,,,,,,,,,,,,,,,,,,,,
training_event,training,4958d349-1ff1-4f6b-8344-fca7d4d717aa,4e9b83ff-87a0-4a43-9e29-f8243f22cee4,2026-09-06T09:50:38.807000+00:00,keyup,89,,102.2,,,,,,,,,controlled_typing,3,,,,,,,,,,/app/training,dev_2d73e02d-8068-4917-8e1d-bcd4688456d1,,,,,,,,,,,,,,,,,,,,,,,,,,,,,,,,,,,,,,,,,,,,,,,,,,,,,,,,,,,,,,,,,,
training_event,training,4958d349-1ff1-4f6b-8344-fca7d4d717aa,4e9b83ff-87a0-4a43-9e29-f8243f22cee4,2026-09-06T09:50:38.955000+00:00,keydown,80,p,,249.7,,,,,,,,controlled_typing,3,,,,,,,,,,/app/training,dev_2d73e02d-8068-4917-8e1d-bcd4688456d1,,,,,,,,,,,,,,,,,,,,,,,,,,,,,,,,,,,,,,,,,,,,,,,,,,,,,,,,,,,,,,,,,,
training_event,training,4958d349-1ff1-4f6b-8344-fca7d4d717aa,4e9b83ff-87a0-4a43-9e29-f8243f22cee4,2026-09-06T09:50:39.122000+00:00,keydown,73,i,,167.6,,,,,,,,controlled_typing,3,,,,,,,,,,/app/training,dev_2d73e02d-8068-4917-8e1d-bcd4688456d1,,,,,,,,,,,,,,,,,,,,,,,,,,,,,,,,,,,,,,,,,,,,,,,,,,,,,,,,,,,,,,,,,,
training_event,training,4958d349-1ff1-4f6b-8344-fca7d4d717aa,4e9b83ff-87a0-4a43-9e29-f8243f22cee4,2026-09-06T09:50:39.149000+00:00,keyup,80,,193.8,,,,,,,,,controlled_typing,3,,,,,,,,,,/app/training,dev_2d73e02d-8068-4917-8e1d-bcd4688456d1,,,,,,,,,,,,,,,,,,,,,,,,,,,,,,,,,,,,,,,,,,,,,,,,,,,,,,,,,,,,,,,,,,
training_event,training,4958d349-1ff1-4f6b-8344-fca7d4d717aa,4e9b83ff-87a0-4a43-9e29-f8243f22cee4,2026-09-06T09:50:39.220000+00:00,keyup,73,,98.1,,,,,,,,,controlled_typing,3,,,,,,,,,,/app/training,dev_2d73e02d-8068-4917-8e1d-bcd4688456d1,,,,,,,,,,,,,,,,,,,,,,,,,,,,,,,,,,,,,,,,,,,,,,,,,,,,,,,,,,,,,,,,,,
training_event,training,4958d349-1ff1-4f6b-8344-fca7d4d717aa,4e9b83ff-87a0-4a43-9e29-f8243f22cee4,2026-09-06T09:50:39.417000+00:00,keydown,78,n,,294.5,,,,,,,,controlled_typing,3,,,,,,,,,,/app/training,dev_2d73e02d-8068-4917-8e1d-bcd4688456d1,,,,,,,,,,,,,,,,,,,,,,,,,,,,,,,,,,,,,,,,,,,,,,,,,,,,,,,,,,,,,,,,,,
training_event,training,4958d349-1ff1-4f6b-8344-fca7d4d717aa,4e9b83ff-87a0-4a43-9e29-f8243f22cee4,2026-09-06T09:50:39.476000+00:00,keyup,78,,58.8,,,,,,,,,controlled_typing,3,,,,,,,,,,/app/training,dev_2d73e02d-8068-4917-8e1d-bcd4688456d1,,,,,,,,,,,,,,,,,,,,,,,,,,,,,,,,,,,,,,,,,,,,,,,,,,,,,,,,,,,,,,,,,,
training_event,training,4958d349-1ff1-4f6b-8344-fca7d4d717aa,4e9b83ff-87a0-4a43-9e29-f8243f22cee4,2026-09-06T09:50:40.351000+00:00,keydown,71,g,,933.9,,,,,,,,controlled_typing,3,,,,,,,,,,/app/training,dev_2d73e02d-8068-4917-8e1d-bcd4688456d1,,,,,,,,,,,,,,,,,,,,,,,,,,,,,,,,,,,,,,,,,,,,,,,,,,,,,,,,,,,,,,,,,,
training_event,training,4958d349-1ff1-4f6b-8344-fca7d4d717aa,4e9b83ff-87a0-4a43-9e29-f8243f22cee4,2026-09-06T09:50:40.459000+00:00,keydown,32, ,,108.2,,,,,,,,controlled_typing,3,,,,,,,,,,/app/training,dev_2d73e02d-8068-4917-8e1d-bcd4688456d1,,,,,,,,,,,,,,,,,,,,,,,,,,,,,,,,,,,,,,,,,,,,,,,,,,,,,,,,,,,,,,,,,,
training_event,training,4958d349-1ff1-4f6b-8344-fca7d4d717aa,4e9b83ff-87a0-4a43-9e29-f8243f22cee4,2026-09-06T09:50:40.486000+00:00,keyup,71,,135.6,,,,,,,,,controlled_typing,3,,,,,,,,,,/app/training,dev_2d73e02d-8068-4917-8e1d-bcd4688456d1,,,,,,,,,,,,,,,,,,,,,,,,,,,,,,,,,,,,,,,,,,,,,,,,,,,,,,,,,,,,,,,,,,
training_event,training,4958d349-1ff1-4f6b-8344-fca7d4d717aa,4e9b83ff-87a0-4a43-9e29-f8243f22cee4,2026-09-06T09:50:40.590000+00:00,keyup,32,,131.4,,,,,,,,,controlled_typing,3,,,,,,,,,,/app/training,dev_2d73e02d-8068-4917-8e1d-bcd4688456d1,,,,,,,,,,,,,,,,,,,,,,,,,,,,,,,,,,,,,,,,,,,,,,,,,,,,,,,,,,,,,,,,,,
training_event,training,4958d349-1ff1-4f6b-8344-fca7d4d717aa,4e9b83ff-87a0-4a43-9e29-f8243f22cee4,2026-09-06T09:50:41.086000+00:00,keydown,83,s,,626.9,,,,,,,,controlled_typing,3,,,,,,,,,,/app/training,dev_2d73e02d-8068-4917-8e1d-bcd4688456d1,,,,,,,,,,,,,,,,,,,,,,,,,,,,,,,,,,,,,,,,,,,,,,,,,,,,,,,,,,,,,,,,,,
training_event,training,4958d349-1ff1-4f6b-8344-fca7d4d717aa,4e9b83ff-87a0-4a43-9e29-f8243f22cee4,2026-09-06T09:50:41.192000+00:00,keyup,83,,106.3,,,,,,,,,controlled_typing,3,,,,,,,,,,/app/training,dev_2d73e02d-8068-4917-8e1d-bcd4688456d1,,,,,,,,,,,,,,,,,,,,,,,,,,,,,,,,,,,,,,,,,,,,,,,,,,,,,,,,,,,,,,,,,,
training_event,training,4958d349-1ff1-4f6b-8344-fca7d4d717aa,4e9b83ff-87a0-4a43-9e29-f8243f22cee4,2026-09-06T09:50:41.374000+00:00,keydown,84,t,,288.5,,,,,,,,controlled_typing,3,,,,,,,,,,/app/training,dev_2d73e02d-8068-4917-8e1d-bcd4688456d1,,,,,,,,,,,,,,,,,,,,,,,,,,,,,,,,,,,,,,,,,,,,,,,,,,,,,,,,,,,,,,,,,,
training_event,training,4958d349-1ff1-4f6b-8344-fca7d4d717aa,4e9b83ff-87a0-4a43-9e29-f8243f22cee4,2026-09-06T09:50:41.471000+00:00,keyup,84,,96.5,,,,,,,,,controlled_typing,3,,,,,,,,,,/app/training,dev_2d73e02d-8068-4917-8e1d-bcd4688456d1,,,,,,,,,,,,,,,,,,,,,,,,,,,,,,,,,,,,,,,,,,,,,,,,,,,,,,,,,,,,,,,,,,
training_event,training,4958d349-1ff1-4f6b-8344-fca7d4d717aa,4e9b83ff-87a0-4a43-9e29-f8243f22cee4,2026-09-06T09:50:42.019000+00:00,keydown,89,y,,644.7,,,,,,,,controlled_typing,3,,,,,,,,,,/app/training,dev_2d73e02d-8068-4917-8e1d-bcd4688456d1,,,,,,,,,,,,,,,,,,,,,,,,,,,,,,,,,,,,,,,,,,,,,,,,,,,,,,,,,,,,,,,,,,
training_event,training,4958d349-1ff1-4f6b-8344-fca7d4d717aa,4e9b83ff-87a0-4a43-9e29-f8243f22cee4,2026-09-06T09:50:42.085000+00:00,keyup,89,,65.8,,,,,,,,,controlled_typing,3,,,,,,,,,,/app/training,dev_2d73e02d-8068-4917-8e1d-bcd4688456d1,,,,,,,,,,,,,,,,,,,,,,,,,,,,,,,,,,,,,,,,,,,,,,,,,,,,,,,,,,,,,,,,,,
training_event,training,4958d349-1ff1-4f6b-8344-fca7d4d717aa,4e9b83ff-87a0-4a43-9e29-f8243f22cee4,2026-09-06T09:50:42.150000+00:00,keydown,76,l,,131.2,,,,,,,,controlled_typing,3,,,,,,,,,,/app/training,dev_2d73e02d-8068-4917-8e1d-bcd4688456d1,,,,,,,,,,,,,,,,,,,,,,,,,,,,,,,,,,,,,,,,,,,,,,,,,,,,,,,,,,,,,,,,,,
training_event,training,4958d349-1ff1-4f6b-8344-fca7d4d717aa,4e9b83ff-87a0-4a43-9e29-f8243f22cee4,2026-09-06T09:50:42.201000+00:00,keyup,76,,50.5,,,,,,,,,controlled_typing,3,,,,,,,,,,/app/training,dev_2d73e02d-8068-4917-8e1d-bcd4688456d1,,,,,,,,,,,,,,,,,,,,,,,,,,,,,,,,,,,,,,,,,,,,,,,,,,,,,,,,,,,,,,,,,,
training_event,training,4958d349-1ff1-4f6b-8344-fca7d4d717aa,4e9b83ff-87a0-4a43-9e29-f8243f22cee4,2026-09-06T09:50:42.372000+00:00,keydown,69,e,,221.8,,,,,,,,controlled_typing,3,,,,,,,,,,/app/training,dev_2d73e02d-8068-4917-8e1d-bcd4688456d1,,,,,,,,,,,,,,,,,,,,,,,,,,,,,,,,,,,,,,,,,,,,,,,,,,,,,,,,,,,,,,,,,,
training_event,training,4958d349-1ff1-4f6b-8344-fca7d4d717aa,4e9b83ff-87a0-4a43-9e29-f8243f22cee4,2026-09-06T09:50:42.454000+00:00,keyup,69,,82.2,,,,,,,,,controlled_typing,3,,,,,,,,,,/app/training,dev_2d73e02d-8068-4917-8e1d-bcd4688456d1,,,,,,,,,,,,,,,,,,,,,,,,,,,,,,,,,,,,,,,,,,,,,,,,,,,,,,,,,,,,,,,,,,
training_event,training,4958d349-1ff1-4f6b-8344-fca7d4d717aa,4e9b83ff-87a0-4a43-9e29-f8243f22cee4,2026-09-06T09:50:42.972000+00:00,keydown,190,.,,600.4,,,,,,,,controlled_typing,3,,,,,,,,,,/app/training,dev_2d73e02d-8068-4917-8e1d-bcd4688456d1,,,,,,,,,,,,,,,,,,,,,,,,,,,,,,,,,,,,,,,,,,,,,,,,,,,,,,,,,,,,,,,,,,
training_event,training,4958d349-1ff1-4f6b-8344-fca7d4d717aa,4e9b83ff-87a0-4a43-9e29-f8243f22cee4,2026-09-06T09:50:43.005000+00:00,keyup,190,,32.4,,,,,,,,,controlled_typing,3,,,,,,,,,,/app/training,dev_2d73e02d-8068-4917-8e1d-bcd4688456d1,,,,,,,,,,,,,,,,,,,,,,,,,,,,,,,,,,,,,,,,,,,,,,,,,,,,,,,,,,,,,,,,,,
training_event,training,4958d349-1ff1-4f6b-8344-fca7d4d717aa,4e9b83ff-87a0-4a43-9e29-f8243f22cee4,2026-09-06T09:50:45.205000+00:00,keydown,13,,,2000.0,,,,,,,,controlled_typing,3,,,,,,,,,,/app/training,dev_2d73e02d-8068-4917-8e1d-bcd4688456d1,,,,,,,,,,,,,,,,,,,,,,,,,,,,,,,,,,,,,,,,,,,,,,,,,,,,,,,,,,,,,,,,,,
training_event,training,4958d349-1ff1-4f6b-8344-fca7d4d717aa,4e9b83ff-87a0-4a43-9e29-f8243f22cee4,2026-09-06T09:50:45.257000+00:00,keyup,13,,52.0,,,,,,,,,controlled_typing,3,,,,,,,,,,/app/training,dev_2d73e02d-8068-4917-8e1d-bcd4688456d1,,,,,,,,,,,,,,,,,,,,,,,,,,,,,,,,,,,,,,,,,,,,,,,,,,,,,,,,,,,,,,,,,,
training_event,training,4958d349-1ff1-4f6b-8344-fca7d4d717aa,4e9b83ff-87a0-4a43-9e29-f8243f22cee4,2026-09-06T09:50:49.776000+00:00,keydown,8,,,2000.0,,,,,,,,controlled_typing,3,,,,,,,,,,/app/training,dev_2d73e02d-8068-4917-8e1d-bcd4688456d1,,,,,,,,,,,,,,,,,,,,,,,,,,,,,,,,,,,,,,,,,,,,,,,,,,,,,,,,,,,,,,,,,,
training_event,training,4958d349-1ff1-4f6b-8344-fca7d4d717aa,4e9b83ff-87a0-4a43-9e29-f8243f22cee4,2026-09-06T09:50:49.885000+00:00,keyup,8,,108.5,,,,,,,,,controlled_typing,3,,,,,,,,,,/app/training,dev_2d73e02d-8068-4917-8e1d-bcd4688456d1,,,,,,,,,,,,,,,,,,,,,,,,,,,,,,,,,,,,,,,,,,,,,,,,,,,,,,,,,,,,,,,,,,
training_event,training,4958d349-1ff1-4f6b-8344-fca7d4d717aa,4e9b83ff-87a0-4a43-9e29-f8243f22cee4,2026-09-06T09:50:50.426000+00:00,keydown,80,P,,649.7,,,,,,,,controlled_typing,3,,,,,,,,,,/app/training,dev_2d73e02d-8068-4917-8e1d-bcd4688456d1,,,,,,,,,,,,,,,,,,,,,,,,,,,,,,,,,,,,,,,,,,,,,,,,,,,,,,,,,,,,,,,,,,
training_event,training,4958d349-1ff1-4f6b-8344-fca7d4d717aa,ee758a09-214b-4427-a1a1-bb275fee7784,2026-09-06T09:50:56.673000+00:00,keydown,79,O,,,,,,,,,,paragraph_typing,0,,,,,,,,,,/app/training,dev_2d73e02d-8068-4917-8e1d-bcd4688456d1,,,,,,,,,,,,,,,,,,,,,,,,,,,,,,,,,,,,,,,,,,,,,,,,,,,,,,,,,,,,,,,,,,
training_event,training,4958d349-1ff1-4f6b-8344-fca7d4d717aa,ee758a09-214b-4427-a1a1-bb275fee7784,2026-09-06T09:50:56.771000+00:00,keyup,79,,98.0,,,,,,,,,paragraph_typing,0,,,,,,,,,,/app/training,dev_2d73e02d-8068-4917-8e1d-bcd4688456d1,,,,,,,,,,,,,,,,,,,,,,,,,,,,,,,,,,,,,,,,,,,,,,,,,,,,,,,,,,,,,,,,,,
training_event,training,4958d349-1ff1-4f6b-8344-fca7d4d717aa,ee758a09-214b-4427-a1a1-bb275fee7784,2026-09-06T09:50:56.902000+00:00,keydown,78,n,,229.4,,,,,,,,paragraph_typing,0,,,,,,,,,,/app/training,dev_2d73e02d-8068-4917-8e1d-bcd4688456d1,,,,,,,,,,,,,,,,,,,,,,,,,,,,,,,,,,,,,,,,,,,,,,,,,,,,,,,,,,,,,,,,,,
training_event,training,4958d349-1ff1-4f6b-8344-fca7d4d717aa,ee758a09-214b-4427-a1a1-bb275fee7784,2026-09-06T09:50:56.990000+00:00,keyup,78,,88.1,,,,,,,,,paragraph_typing,0,,,,,,,,,,/app/training,dev_2d73e02d-8068-4917-8e1d-bcd4688456d1,,,,,,,,,,,,,,,,,,,,,,,,,,,,,,,,,,,,,,,,,,,,,,,,,,,,,,,,,,,,,,,,,,
training_event,training,4958d349-1ff1-4f6b-8344-fca7d4d717aa,ee758a09-214b-4427-a1a1-bb275fee7784,2026-09-06T09:50:57.143000+00:00,keydown,76,l,,240.9,,,,,,,,paragraph_typing,0,,,,,,,,,,/app/training,dev_2d73e02d-8068-4917-8e1d-bcd4688456d1,,,,,,,,,,,,,,,,,,,,,,,,,,,,,,,,,,,,,,,,,,,,,,,,,,,,,,,,,,,,,,,,,,
training_event,training,4958d349-1ff1-4f6b-8344-fca7d4d717aa,ee758a09-214b-4427-a1a1-bb275fee7784,2026-09-06T09:50:57.235000+00:00,keyup,76,,91.6,,,,,,,,,paragraph_typing,0,,,,,,,,,,/app/training,dev_2d73e02d-8068-4917-8e1d-bcd4688456d1,,,,,,,,,,,,,,,,,,,,,,,,,,,,,,,,,,,,,,,,,,,,,,,,,,,,,,,,,,,,,,,,,,
training_event,training,4958d349-1ff1-4f6b-8344-fca7d4d717aa,ee758a09-214b-4427-a1a1-bb275fee7784,2026-09-06T09:50:57.336000+00:00,keydown,73,i,,192.8,,,,,,,,paragraph_typing,0,,,,,,,,,,/app/training,dev_2d73e02d-8068-4917-8e1d-bcd4688456d1,,,,,,,,,,,,,,,,,,,,,,,,,,,,,,,,,,,,,,,,,,,,,,,,,,,,,,,,,,,,,,,,,,
training_event,training,4958d349-1ff1-4f6b-8344-fca7d4d717aa,ee758a09-214b-4427-a1a1-bb275fee7784,2026-09-06T09:50:57.409000+00:00,keyup,73,,73.1,,,,,,,,,paragraph_typing,0,,,,,,,,,,/app/training,dev_2d73e02d-8068-4917-8e1d-bcd4688456d1,,,,,,,,,,,,,,,,,,,,,,,,,,,,,,,,,,,,,,,,,,,,,,,,,,,,,,,,,,,,,,,,,,
training_event,training,4958d349-1ff1-4f6b-8344-fca7d4d717aa,ee758a09-214b-4427-a1a1-bb275fee7784,2026-09-06T09:50:57.589000+00:00,keydown,78,n,,252.9,,,,,,,,paragraph_typing,0,,,,,,,,,,/app/training,dev_2d73e02d-8068-4917-8e1d-bcd4688456d1,,,,,,,,,,,,,,,,,,,,,,,,,,,,,,,,,,,,,,,,,,,,,,,,,,,,,,,,,,,,,,,,,,
training_event,training,4958d349-1ff1-4f6b-8344-fca7d4d717aa,ee758a09-214b-4427-a1a1-bb275fee7784,2026-09-06T09:50:57.668000+00:00,keyup,78,,79.0,,,,,,,,,paragraph_typing,0,,,,,,,,,,/app/training,dev_2d73e02d-8068-4917-8e1d-bcd4688456d1,,,,,,,,,,,,,,,,,,,,,,,,,,,,,,,,,,,,,,,,,,,,,,,,,,,,,,,,,,,,,,,,,,
training_event,training,4958d349-1ff1-4f6b-8344-fca7d4d717aa,ee758a09-214b-4427-a1a1-bb275fee7784,2026-09-06T09:50:57.802000+00:00,keydown,69,e,,212.9,,,,,,,,paragraph_typing,0,,,,,,,,,,/app/training,dev_2d73e02d-8068-4917-8e1d-bcd4688456d1,,,,,,,,,,,,,,,,,,,,,,,,,,,,,,,,,,,,,,,,,,,,,,,,,,,,,,,,,,,,,,,,,,
training_event,training,4958d349-1ff1-4f6b-8344-fca7d4d717aa,ee758a09-214b-4427-a1a1-bb275fee7784,2026-09-06T09:50:57.926000+00:00,keydown,32, ,,124.0,,,,,,,,paragraph_typing,0,,,,,,,,,,/app/training,dev_2d73e02d-8068-4917-8e1d-bcd4688456d1,,,,,,,,,,,,,,,,,,,,,,,,,,,,,,,,,,,,,,,,,,,,,,,,,,,,,,,,,,,,,,,,,,
training_event,training,4958d349-1ff1-4f6b-8344-fca7d4d717aa,ee758a09-214b-4427-a1a1-bb275fee7784,2026-09-06T09:50:57.962000+00:00,keyup,69,,160.0,,,,,,,,,paragraph_typing,0,,,,,,,,,,/app/training,dev_2d73e02d-8068-4917-8e1d-bcd4688456d1,,,,,,,,,,,,,,,,,,,,,,,,,,,,,,,,,,,,,,,,,,,,,,,,,,,,,,,,,,,,,,,,,,
training_event,training,4958d349-1ff1-4f6b-8344-fca7d4d717aa,ee758a09-214b-4427-a1a1-bb275fee7784,2026-09-06T09:50:58.050000+00:00,keyup,32,,124.1,,,,,,,,,paragraph_typing,0,,,,,,,,,,/app/training,dev_2d73e02d-8068-4917-8e1d-bcd4688456d1,,,,,,,,,,,,,,,,,,,,,,,,,,,,,,,,,,,,,,,,,,,,,,,,,,,,,,,,,,,,,,,,,,
training_event,training,4958d349-1ff1-4f6b-8344-fca7d4d717aa,ee758a09-214b-4427-a1a1-bb275fee7784,2026-09-06T09:50:58.375000+00:00,keydown,66,b,,449.6,,,,,,,,paragraph_typing,0,,,,,,,,,,/app/training,dev_2d73e02d-8068-4917-8e1d-bcd4688456d1,,,,,,,,,,,,,,,,,,,,,,,,,,,,,,,,,,,,,,,,,,,,,,,,,,,,,,,,,,,,,,,,,,
training_event,training,4958d349-1ff1-4f6b-8344-fca7d4d717aa,ee758a09-214b-4427-a1a1-bb275fee7784,2026-09-06T09:50:58.442000+00:00,keyup,66,,66.6,,,,,,,,,paragraph_typing,0,,,,,,,,,,/app/training,dev_2d73e02d-8068-4917-8e1d-bcd4688456d1,,,,,,,,,,,,,,,,,,,,,,,,,,,,,,,,,,,,,,,,,,,,,,,,,,,,,,,,,,,,,,,,,,
training_event,training,4958d349-1ff1-4f6b-8344-fca7d4d717aa,ee758a09-214b-4427-a1a1-bb275fee7784,2026-09-06T09:50:58.643000+00:00,keydown,65,a,,267.5,,,,,,,,paragraph_typing,0,,,,,,,,,,/app/training,dev_2d73e02d-8068-4917-8e1d-bcd4688456d1,,,,,,,,,,,,,,,,,,,,,,,,,,,,,,,,,,,,,,,,,,,,,,,,,,,,,,,,,,,,,,,,,,
training_event,training,4958d349-1ff1-4f6b-8344-fca7d4d717aa,ee758a09-214b-4427-a1a1-bb275fee7784,2026-09-06T09:50:58.759000+00:00,keyup,65,,116.5,,,,,,,,,paragraph_typing,0,,,,,,,,,,/app/training,dev_2d73e02d-8068-4917-8e1d-bcd4688456d1,,,,,,,,,,,,,,,,,,,,,,,,,,,,,,,,,,,,,,,,,,,,,,,,,,,,,,,,,,,,,,,,,,
training_event,training,4958d349-1ff1-4f6b-8344-fca7d4d717aa,ee758a09-214b-4427-a1a1-bb275fee7784,2026-09-06T09:50:58.779000+00:00,keydown,78,n,,136.4,,,,,,,,paragraph_typing,0,,,,,,,,,,/app/training,dev_2d73e02d-8068-4917-8e1d-bcd4688456d1,,,,,,,,,,,,,,,,,,,,,,,,,,,,,,,,,,,,,,,,,,,,,,,,,,,,,,,,,,,,,,,,,,
training_event,training,4958d349-1ff1-4f6b-8344-fca7d4d717aa,ee758a09-214b-4427-a1a1-bb275fee7784,2026-09-06T09:50:58.900000+00:00,keyup,78,,120.8,,,,,,,,,paragraph_typing,0,,,,,,,,,,/app/training,dev_2d73e02d-8068-4917-8e1d-bcd4688456d1,,,,,,,,,,,,,,,,,,,,,,,,,,,,,,,,,,,,,,,,,,,,,,,,,,,,,,,,,,,,,,,,,,
training_event,training,4958d349-1ff1-4f6b-8344-fca7d4d717aa,ee758a09-214b-4427-a1a1-bb275fee7784,2026-09-06T09:50:58.913000+00:00,keydown,73,i,,133.3,,,,,,,,paragraph_typing,0,,,,,,,,,,/app/training,dev_2d73e02d-8068-4917-8e1d-bcd4688456d1,,,,,,,,,,,,,,,,,,,,,,,,,,,,,,,,,,,,,,,,,,,,,,,,,,,,,,,,,,,,,,,,,,
training_event,training,4958d349-1ff1-4f6b-8344-fca7d4d717aa,ee758a09-214b-4427-a1a1-bb275fee7784,2026-09-06T09:50:59.022000+00:00,keyup,73,,109.0,,,,,,,,,paragraph_typing,0,,,,,,,,,,/app/training,dev_2d73e02d-8068-4917-8e1d-bcd4688456d1,,,,,,,,,,,,,,,,,,,,,,,,,,,,,,,,,,,,,,,,,,,,,,,,,,,,,,,,,,,,,,,,,,
training_event,training,4958d349-1ff1-4f6b-8344-fca7d4d717aa,ee758a09-214b-4427-a1a1-bb275fee7784,2026-09-06T09:51:00.823000+00:00,keydown,8,,,1910.6,,,,,,,,paragraph_typing,0,,,,,,,,,,/app/training,dev_2d73e02d-8068-4917-8e1d-bcd4688456d1,,,,,,,,,,,,,,,,,,,,,,,,,,,,,,,,,,,,,,,,,,,,,,,,,,,,,,,,,,,,,,,,,,
training_event,training,4958d349-1ff1-4f6b-8344-fca7d4d717aa,ee758a09-214b-4427-a1a1-bb275fee7784,2026-09-06T09:51:00.887000+00:00,keyup,8,,63.9,,,,,,,,,paragraph_typing,0,,,,,,,,,,/app/training,dev_2d73e02d-8068-4917-8e1d-bcd4688456d1,,,,,,,,,,,,,,,,,,,,,,,,,,,,,,,,,,,,,,,,,,,,,,,,,,,,,,,,,,,,,,,,,,
training_event,training,4958d349-1ff1-4f6b-8344-fca7d4d717aa,ee758a09-214b-4427-a1a1-bb275fee7784,2026-09-06T09:51:01.162000+00:00,keydown,75,k,,339.0,,,,,,,,paragraph_typing,0,,,,,,,,,,/app/training,dev_2d73e02d-8068-4917-8e1d-bcd4688456d1,,,,,,,,,,,,,,,,,,,,,,,,,,,,,,,,,,,,,,,,,,,,,,,,,,,,,,,,,,,,,,,,,,
training_event,training,4958d349-1ff1-4f6b-8344-fca7d4d717aa,ee758a09-214b-4427-a1a1-bb275fee7784,2026-09-06T09:51:01.228000+00:00,keyup,75,,66.0,,,,,,,,,paragraph_typing,0,,,,,,,,,,/app/training,dev_2d73e02d-8068-4917-8e1d-bcd4688456d1,,,,,,,,,,,,,,,,,,,,,,,,,,,,,,,,,,,,,,,,,,,,,,,,,,,,,,,,,,,,,,,,,,
training_event,training,4958d349-1ff1-4f6b-8344-fca7d4d717aa,ee758a09-214b-4427-a1a1-bb275fee7784,2026-09-06T09:51:01.329000+00:00,keydown,73,i,,167.1,,,,,,,,paragraph_typing,0,,,,,,,,,,/app/training,dev_2d73e02d-8068-4917-8e1d-bcd4688456d1,,,,,,,,,,,,,,,,,,,,,,,,,,,,,,,,,,,,,,,,,,,,,,,,,,,,,,,,,,,,,,,,,,
training_event,training,4958d349-1ff1-4f6b-8344-fca7d4d717aa,ee758a09-214b-4427-a1a1-bb275fee7784,2026-09-06T09:51:01.406000+00:00,keyup,73,,77.1,,,,,,,,,paragraph_typing,0,,,,,,,,,,/app/training,dev_2d73e02d-8068-4917-8e1d-bcd4688456d1,,,,,,,,,,,,,,,,,,,,,,,,,,,,,,,,,,,,,,,,,,,,,,,,,,,,,,,,,,,,,,,,,,
training_event,training,4958d349-1ff1-4f6b-8344-fca7d4d717aa,ee758a09-214b-4427-a1a1-bb275fee7784,2026-09-06T09:51:01.596000+00:00,keydown,78,n,,266.7,,,,,,,,paragraph_typing,0,,,,,,,,,,/app/training,dev_2d73e02d-8068-4917-8e1d-bcd4688456d1,,,,,,,,,,,,,,,,,,,,,,,,,,,,,,,,,,,,,,,,,,,,,,,,,,,,,,,,,,,,,,,,,,
training_event,training,4958d349-1ff1-4f6b-8344-fca7d4d717aa,ee758a09-214b-4427-a1a1-bb275fee7784,2026-09-06T09:51:01.658000+00:00,keyup,78,,61.6,,,,,,,,,paragraph_typing,0,,,,,,,,,,/app/training,dev_2d73e02d-8068-4917-8e1d-bcd4688456d1,,,,,,,,,,,,,,,,,,,,,,,,,,,,,,,,,,,,,,,,,,,,,,,,,,,,,,,,,,,,,,,,,,
training_event,training,4958d349-1ff1-4f6b-8344-fca7d4d717aa,ee758a09-214b-4427-a1a1-bb275fee7784,2026-09-06T09:51:01.826000+00:00,keydown,71,g,,230.2,,,,,,,,paragraph_typing,0,,,,,,,,,,/app/training,dev_2d73e02d-8068-4917-8e1d-bcd4688456d1,,,,,,,,,,,,,,,,,,,,,,,,,,,,,,,,,,,,,,,,,,,,,,,,,,,,,,,,,,,,,,,,,,
training_event,training,4958d349-1ff1-4f6b-8344-fca7d4d717aa,ee758a09-214b-4427-a1a1-bb275fee7784,2026-09-06T09:51:01.941000+00:00,keydown,32, ,,115.0,,,,,,,,paragraph_typing,0,,,,,,,,,,/app/training,dev_2d73e02d-8068-4917-8e1d-bcd4688456d1,,,,,,,,,,,,,,,,,,,,,,,,,,,,,,,,,,,,,,,,,,,,,,,,,,,,,,,,,,,,,,,,,,
training_event,training,4958d349-1ff1-4f6b-8344-fca7d4d717aa,ee758a09-214b-4427-a1a1-bb275fee7784,2026-09-06T09:51:01.962000+00:00,keyup,71,,135.4,,,,,,,,,paragraph_typing,0,,,,,,,,,,/app/training,dev_2d73e02d-8068-4917-8e1d-bcd4688456d1,,,,,,,,,,,,,,,,,,,,,,,,,,,,,,,,,,,,,,,,,,,,,,,,,,,,,,,,,,,,,,,,,,
training_event,training,4958d349-1ff1-4f6b-8344-fca7d4d717aa,ee758a09-214b-4427-a1a1-bb275fee7784,2026-09-06T09:51:02.057000+00:00,keyup,32,,116.0,,,,,,,,,paragraph_typing,0,,,,,,,,,,/app/training,dev_2d73e02d-8068-4917-8e1d-bcd4688456d1,,,,,,,,,,,,,,,,,,,,,,,,,,,,,,,,,,,,,,,,,,,,,,,,,,,,,,,,,,,,,,,,,,
training_event,training,4958d349-1ff1-4f6b-8344-fca7d4d717aa,ee758a09-214b-4427-a1a1-bb275fee7784,2026-09-06T09:51:02.621000+00:00,keydown,83,s,,680.2,,,,,,,,paragraph_typing,0,,,,,,,,,,/app/training,dev_2d73e02d-8068-4917-8e1d-bcd4688456d1,,,,,,,,,,,,,,,,,,,,,,,,,,,,,,,,,,,,,,,,,,,,,,,,,,,,,,,,,,,,,,,,,,
training_event,training,4958d349-1ff1-4f6b-8344-fca7d4d717aa,ee758a09-214b-4427-a1a1-bb275fee7784,2026-09-06T09:51:02.691000+00:00,keyup,83,,70.2,,,,,,,,,paragraph_typing,0,,,,,,,,,,/app/training,dev_2d73e02d-8068-4917-8e1d-bcd4688456d1,,,,,,,,,,,,,,,,,,,,,,,,,,,,,,,,,,,,,,,,,,,,,,,,,,,,,,,,,,,,,,,,,,
training_event,training,4958d349-1ff1-4f6b-8344-fca7d4d717aa,ee758a09-214b-4427-a1a1-bb275fee7784,2026-09-06T09:51:03.001000+00:00,keydown,72,h,,379.3,,,,,,,,paragraph_typing,0,,,,,,,,,,/app/training,dev_2d73e02d-8068-4917-8e1d-bcd4688456d1,,,,,,,,,,,,,,,,,,,,,,,,,,,,,,,,,,,,,,,,,,,,,,,,,,,,,,,,,,,,,,,,,,
training_event,training,4958d349-1ff1-4f6b-8344-fca7d4d717aa,ee758a09-214b-4427-a1a1-bb275fee7784,2026-09-06T09:51:03.109000+00:00,keyup,72,,108.0,,,,,,,,,paragraph_typing,0,,,,,,,,,,/app/training,dev_2d73e02d-8068-4917-8e1d-bcd4688456d1,,,,,,,,,,,,,,,,,,,,,,,,,,,,,,,,,,,,,,,,,,,,,,,,,,,,,,,,,,,,,,,,,,
training_event,training,4958d349-1ff1-4f6b-8344-fca7d4d717aa,ee758a09-214b-4427-a1a1-bb275fee7784,2026-09-06T09:51:03.189000+00:00,keydown,79,o,,188.4,,,,,,,,paragraph_typing,0,,,,,,,,,,/app/training,dev_2d73e02d-8068-4917-8e1d-bcd4688456d1,,,,,,,,,,,,,,,,,,,,,,,,,,,,,,,,,,,,,,,,,,,,,,,,,,,,,,,,,,,,,,,,,,
training_event,training,4958d349-1ff1-4f6b-8344-fca7d4d717aa,ee758a09-214b-4427-a1a1-bb275fee7784,2026-09-06T09:51:03.358000+00:00,keyup,79,,168.7,,,,,,,,,paragraph_typing,0,,,,,,,,,,/app/training,dev_2d73e02d-8068-4917-8e1d-bcd4688456d1,,,,,,,,,,,,,,,,,,,,,,,,,,,,,,,,,,,,,,,,,,,,,,,,,,,,,,,,,,,,,,,,,,
training_event,training,4958d349-1ff1-4f6b-8344-fca7d4d717aa,ee758a09-214b-4427-a1a1-bb275fee7784,2026-09-06T09:51:03.379000+00:00,keydown,85,u,,189.5,,,,,,,,paragraph_typing,0,,,,,,,,,,/app/training,dev_2d73e02d-8068-4917-8e1d-bcd4688456d1,,,,,,,,,,,,,,,,,,,,,,,,,,,,,,,,,,,,,,,,,,,,,,,,,,,,,,,,,,,,,,,,,,
training_event,training,4958d349-1ff1-4f6b-8344-fca7d4d717aa,ee758a09-214b-4427-a1a1-bb275fee7784,2026-09-06T09:51:03.474000+00:00,keyup,85,,95.2,,,,,,,,,paragraph_typing,0,,,,,,,,,,/app/training,dev_2d73e02d-8068-4917-8e1d-bcd4688456d1,,,,,,,,,,,,,,,,,,,,,,,,,,,,,,,,,,,,,,,,,,,,,,,,,,,,,,,,,,,,,,,,,,
training_event,training,4958d349-1ff1-4f6b-8344-fca7d4d717aa,ee758a09-214b-4427-a1a1-bb275fee7784,2026-09-06T09:51:03.675000+00:00,keydown,76,l,,296.3,,,,,,,,paragraph_typing,0,,,,,,,,,,/app/training,dev_2d73e02d-8068-4917-8e1d-bcd4688456d1,,,,,,,,,,,,,,,,,,,,,,,,,,,,,,,,,,,,,,,,,,,,,,,,,,,,,,,,,,,,,,,,,,
training_event,training,4958d349-1ff1-4f6b-8344-fca7d4d717aa,ee758a09-214b-4427-a1a1-bb275fee7784,2026-09-06T09:51:03.755000+00:00,keyup,76,,79.8,,,,,,,,,paragraph_typing,0,,,,,,,,,,/app/training,dev_2d73e02d-8068-4917-8e1d-bcd4688456d1,,,,,,,,,,,,,,,,,,,,,,,,,,,,,,,,,,,,,,,,,,,,,,,,,,,,,,,,,,,,,,,,,,
training_event,training,4958d349-1ff1-4f6b-8344-fca7d4d717aa,ee758a09-214b-4427-a1a1-bb275fee7784,2026-09-06T09:51:03.919000+00:00,keydown,68,d,,244.4,,,,,,,,paragraph_typing,0,,,,,,,,,,/app/training,dev_2d73e02d-8068-4917-8e1d-bcd4688456d1,,,,,,,,,,,,,,,,,,,,,,,,,,,,,,,,,,,,,,,,,,,,,,,,,,,,,,,,,,,,,,,,,,
training_event,training,4958d349-1ff1-4f6b-8344-fca7d4d717aa,ee758a09-214b-4427-a1a1-bb275fee7784,2026-09-06T09:51:04.072000+00:00,keydown,32, ,,152.6,,,,,,,,paragraph_typing,0,,,,,,,,,,/app/training,dev_2d73e02d-8068-4917-8e1d-bcd4688456d1,,,,,,,,,,,,,,,,,,,,,,,,,,,,,,,,,,,,,,,,,,,,,,,,,,,,,,,,,,,,,,,,,,
training_event,training,4958d349-1ff1-4f6b-8344-fca7d4d717aa,ee758a09-214b-4427-a1a1-bb275fee7784,2026-09-06T09:51:04.095000+00:00,keyup,68,,175.7,,,,,,,,,paragraph_typing,0,,,,,,,,,,/app/training,dev_2d73e02d-8068-4917-8e1d-bcd4688456d1,,,,,,,,,,,,,,,,,,,,,,,,,,,,,,,,,,,,,,,,,,,,,,,,,,,,,,,,,,,,,,,,,,
training_event,training,4958d349-1ff1-4f6b-8344-fca7d4d717aa,ee758a09-214b-4427-a1a1-bb275fee7784,2026-09-06T09:51:04.183000+00:00,keyup,32,,110.7,,,,,,,,,paragraph_typing,0,,,,,,,,,,/app/training,dev_2d73e02d-8068-4917-8e1d-bcd4688456d1,,,,,,,,,,,,,,,,,,,,,,,,,,,,,,,,,,,,,,,,,,,,,,,,,,,,,,,,,,,,,,,,,,
training_event,training,4958d349-1ff1-4f6b-8344-fca7d4d717aa,ee758a09-214b-4427-a1a1-bb275fee7784,2026-09-06T09:51:04.757000+00:00,keydown,66,b,,685.4,,,,,,,,paragraph_typing,0,,,,,,,,,,/app/training,dev_2d73e02d-8068-4917-8e1d-bcd4688456d1,,,,,,,,,,,,,,,,,,,,,,,,,,,,,,,,,,,,,,,,,,,,,,,,,,,,,,,,,,,,,,,,,,
training_event,training,4958d349-1ff1-4f6b-8344-fca7d4d717aa,ee758a09-214b-4427-a1a1-bb275fee7784,2026-09-06T09:51:04.835000+00:00,keyup,66,,77.5,,,,,,,,,paragraph_typing,0,,,,,,,,,,/app/training,dev_2d73e02d-8068-4917-8e1d-bcd4688456d1,,,,,,,,,,,,,,,,,,,,,,,,,,,,,,,,,,,,,,,,,,,,,,,,,,,,,,,,,,,,,,,,,,
training_event,training,4958d349-1ff1-4f6b-8344-fca7d4d717aa,ee758a09-214b-4427-a1a1-bb275fee7784,2026-09-06T09:51:04.956000+00:00,keydown,69,e,,198.7,,,,,,,,paragraph_typing,0,,,,,,,,,,/app/training,dev_2d73e02d-8068-4917-8e1d-bcd4688456d1,,,,,,,,,,,,,,,,,,,,,,,,,,,,,,,,,,,,,,,,,,,,,,,,,,,,,,,,,,,,,,,,,,
training_event,training,4958d349-1ff1-4f6b-8344-fca7d4d717aa,ee758a09-214b-4427-a1a1-bb275fee7784,2026-09-06T09:51:05.059000+00:00,keydown,32, ,,103.0,,,,,,,,paragraph_typing,0,,,,,,,,,,/app/training,dev_2d73e02d-8068-4917-8e1d-bcd4688456d1,,,,,,,,,,,,,,,,,,,,,,,,,,,,,,,,,,,,,,,,,,,,,,,,,,,,,,,,,,,,,,,,,,
training_event,training,4958d349-1ff1-4f6b-8344-fca7d4d717aa,ee758a09-214b-4427-a1a1-bb275fee7784,2026-09-06T09:51:05.153000+00:00,keyup,69,,197.4,,,,,,,,,paragraph_typing,0,,,,,,,,,,/app/training,dev_2d73e02d-8068-4917-8e1d-bcd4688456d1,,,,,,,,,,,,,,,,,,,,,,,,,,,,,,,,,,,,,,,,,,,,,,,,,,,,,,,,,,,,,,,,,,
training_event,training,4958d349-1ff1-4f6b-8344-fca7d4d717aa,ee758a09-214b-4427-a1a1-bb275fee7784,2026-09-06T09:51:05.225000+00:00,keyup,32,,166.2,,,,,,,,,paragraph_typing,0,,,,,,,,,,/app/training,dev_2d73e02d-8068-4917-8e1d-bcd4688456d1,,,,,,,,,,,,,,,,,,,,,,,,,,,,,,,,,,,,,,,,,,,,,,,,,,,,,,,,,,,,,,,,,,
training_event,training,4958d349-1ff1-4f6b-8344-fca7d4d717aa,ee758a09-214b-4427-a1a1-bb275fee7784,2026-09-06T09:51:05.559000+00:00,keydown,73,i,,500.2,,,,,,,,paragraph_typing,0,,,,,,,,,,/app/training,dev_2d73e02d-8068-4917-8e1d-bcd4688456d1,,,,,,,,,,,,,,,,,,,,,,,,,,,,,,,,,,,,,,,,,,,,,,,,,,,,,,,,,,,,,,,,,,
training_event,training,4958d349-1ff1-4f6b-8344-fca7d4d717aa,ee758a09-214b-4427-a1a1-bb275fee7784,2026-09-06T09:51:05.657000+00:00,keyup,73,,97.4,,,,,,,,,paragraph_typing,0,,,,,,,,,,/app/training,dev_2d73e02d-8068-4917-8e1d-bcd4688456d1,,,,,,,,,,,,,,,,,,,,,,,,,,,,,,,,,,,,,,,,,,,,,,,,,,,,,,,,,,,,,,,,,,
training_event,training,4958d349-1ff1-4f6b-8344-fca7d4d717aa,ee758a09-214b-4427-a1a1-bb275fee7784,2026-09-06T09:51:05.839000+00:00,keydown,77,m,,279.9,,,,,,,,paragraph_typing,0,,,,,,,,,,/app/training,dev_2d73e02d-8068-4917-8e1d-bcd4688456d1,,,,,,,,,,,,,,,,,,,,,,,,,,,,,,,,,,,,,,,,,,,,,,,,,,,,,,,,,,,,,,,,,,
training_event,training,4958d349-1ff1-4f6b-8344-fca7d4d717aa,ee758a09-214b-4427-a1a1-bb275fee7784,2026-09-06T09:51:05.983000+00:00,keyup,77,,143.9,,,,,,,,,paragraph_typing,0,,,,,,,,,,/app/training,dev_2d73e02d-8068-4917-8e1d-bcd4688456d1,,,,,,,,,,,,,,,,,,,,,,,,,,,,,,,,,,,,,,,,,,,,,,,,,,,,,,,,,,,,,,,,,,
training_event,training,4958d349-1ff1-4f6b-8344-fca7d4d717aa,ee758a09-214b-4427-a1a1-bb275fee7784,2026-09-06T09:51:06.109000+00:00,keydown,80,p,,270.1,,,,,,,,paragraph_typing,0,,,,,,,,,,/app/training,dev_2d73e02d-8068-4917-8e1d-bcd4688456d1,,,,,,,,,,,,,,,,,,,,,,,,,,,,,,,,,,,,,,,,,,,,,,,,,,,,,,,,,,,,,,,,,,
training_event,training,4958d349-1ff1-4f6b-8344-fca7d4d717aa,ee758a09-214b-4427-a1a1-bb275fee7784,2026-09-06T09:51:06.274000+00:00,keydown,76,l,,165.2,,,,,,,,paragraph_typing,0,,,,,,,,,,/app/training,dev_2d73e02d-8068-4917-8e1d-bcd4688456d1,,,,,,,,,,,,,,,,,,,,,,,,,,,,,,,,,,,,,,,,,,,,,,,,,,,,,,,,,,,,,,,,,,
training_event,training,4958d349-1ff1-4f6b-8344-fca7d4d717aa,ee758a09-214b-4427-a1a1-bb275fee7784,2026-09-06T09:51:06.295000+00:00,keyup,80,,185.9,,,,,,,,,paragraph_typing,0,,,,,,,,,,/app/training,dev_2d73e02d-8068-4917-8e1d-bcd4688456d1,,,,,,,,,,,,,,,,,,,,,,,,,,,,,,,,,,,,,,,,,,,,,,,,,,,,,,,,,,,,,,,,,,
training_event,training,4958d349-1ff1-4f6b-8344-fca7d4d717aa,ee758a09-214b-4427-a1a1-bb275fee7784,2026-09-06T09:51:06.371000+00:00,keyup,76,,96.6,,,,,,,,,paragraph_typing,0,,,,,,,,,,/app/training,dev_2d73e02d-8068-4917-8e1d-bcd4688456d1,,,,,,,,,,,,,,,,,,,,,,,,,,,,,,,,,,,,,,,,,,,,,,,,,,,,,,,,,,,,,,,,,,
training_event,training,4958d349-1ff1-4f6b-8344-fca7d4d717aa,ee758a09-214b-4427-a1a1-bb275fee7784,2026-09-06T09:51:06.405000+00:00,keydown,69,e,,131.1,,,,,,,,paragraph_typing,0,,,,,,,,,,/app/training,dev_2d73e02d-8068-4917-8e1d-bcd4688456d1,,,,,,,,,,,,,,,,,,,,,,,,,,,,,,,,,,,,,,,,,,,,,,,,,,,,,,,,,,,,,,,,,,
training_event,training,4958d349-1ff1-4f6b-8344-fca7d4d717aa,ee758a09-214b-4427-a1a1-bb275fee7784,2026-09-06T09:51:06.533000+00:00,keydown,32, ,,127.9,,,,,,,,paragraph_typing,0,,,,,,,,,,/app/training,dev_2d73e02d-8068-4917-8e1d-bcd4688456d1,,,,,,,,,,,,,,,,,,,,,,,,,,,,,,,,,,,,,,,,,,,,,,,,,,,,,,,,,,,,,,,,,,
training_event,training,4958d349-1ff1-4f6b-8344-fca7d4d717aa,ee758a09-214b-4427-a1a1-bb275fee7784,2026-09-06T09:51:06.545000+00:00,keyup,69,,139.1,,,,,,,,,paragraph_typing,0,,,,,,,,,,/app/training,dev_2d73e02d-8068-4917-8e1d-bcd4688456d1,,,,,,,,,,,,,,,,,,,,,,,,,,,,,,,,,,,,,,,,,,,,,,,,,,,,,,,,,,,,,,,,,,
training_event,training,4958d349-1ff1-4f6b-8344-fca7d4d717aa,ee758a09-214b-4427-a1a1-bb275fee7784,2026-09-06T09:51:06.638000+00:00,keyup,32,,104.8,,,,,,,,,paragraph_typing,0,,,,,,,,,,/app/training,dev_2d73e02d-8068-4917-8e1d-bcd4688456d1,,,,,,,,,,,,,,,,,,,,,,,,,,,,,,,,,,,,,,,,,,,,,,,,,,,,,,,,,,,,,,,,,,
training_event,training,4958d349-1ff1-4f6b-8344-fca7d4d717aa,ee758a09-214b-4427-a1a1-bb275fee7784,2026-09-06T09:51:07.709000+00:00,keydown,37,,,1175.3,,,,,,,,paragraph_typing,0,,,,,,,,,,/app/training,dev_2d73e02d-8068-4917-8e1d-bcd4688456d1,,,,,,,,,,,,,,,,,,,,,,,,,,,,,,,,,,,,,,,,,,,,,,,,,,,,,,,,,,,,,,,,,,
training_event,training,4958d349-1ff1-4f6b-8344-fca7d4d717aa,ee758a09-214b-4427-a1a1-bb275fee7784,2026-09-06T09:51:08.572000+00:00,keyup,37,,863.0,,,,,,,,,paragraph_typing,0,,,,,,,,,,/app/training,dev_2d73e02d-8068-4917-8e1d-bcd4688456d1,,,,,,,,,,,,,,,,,,,,,,,,,,,,,,,,,,,,,,,,,,,,,,,,,,,,,,,,,,,,,,,,,,
training_event,training,4958d349-1ff1-4f6b-8344-fca7d4d717aa,ee758a09-214b-4427-a1a1-bb275fee7784,2026-09-06T09:51:09.205000+00:00,keydown,83,s,,1496.3,,,,,,,,paragraph_typing,0,,,,,,,,,,/app/training,dev_2d73e02d-8068-4917-8e1d-bcd4688456d1,,,,,,,,,,,,,,,,,,,,,,,,,,,,,,,,,,,,,,,,,,,,,,,,,,,,,,,,,,,,,,,,,,
training_event,training,4958d349-1ff1-4f6b-8344-fca7d4d717aa,ee758a09-214b-4427-a1a1-bb275fee7784,2026-09-06T09:51:09.320000+00:00,keyup,83,,115.1,,,,,,,,,paragraph_typing,0,,,,,,,,,,/app/training,dev_2d73e02d-8068-4917-8e1d-bcd4688456d1,,,,,,,,,,,,,,,,,,,,,,,,,,,,,,,,,,,,,,,,,,,,,,,,,,,,,,,,,,,,,,,,,,
training_event,training,4958d349-1ff1-4f6b-8344-fca7d4d717aa,ee758a09-214b-4427-a1a1-bb275fee7784,2026-09-06T09:51:09.347000+00:00,keydown,39,,,142.2,,,,,,,,paragraph_typing,0,,,,,,,,,,/app/training,dev_2d73e02d-8068-4917-8e1d-bcd4688456d1,,,,,,,,,,,,,,,,,,,,,,,,,,,,,,,,,,,,,,,,,,,,,,,,,,,,,,,,,,,,,,,,,,
training_event,training,4958d349-1ff1-4f6b-8344-fca7d4d717aa,ee758a09-214b-4427-a1a1-bb275fee7784,2026-09-06T09:51:10.251000+00:00,keyup,39,,903.9,,,,,,,,,paragraph_typing,0,,,,,,,,,,/app/training,dev_2d73e02d-8068-4917-8e1d-bcd4688456d1,,,,,,,,,,,,,,,,,,,,,,,,,,,,,,,,,,,,,,,,,,,,,,,,,,,,,,,,,,,,,,,,,,
training_event,training,4958d349-1ff1-4f6b-8344-fca7d4d717aa,ee758a09-214b-4427-a1a1-bb275fee7784,2026-09-06T09:51:11.610000+00:00,keydown,8,,,2000.0,,,,,,,,paragraph_typing,0,,,,,,,,,,/app/training,dev_2d73e02d-8068-4917-8e1d-bcd4688456d1,,,,,,,,,,,,,,,,,,,,,,,,,,,,,,,,,,,,,,,,,,,,,,,,,,,,,,,,,,,,,,,,,,
training_event,training,4958d349-1ff1-4f6b-8344-fca7d4d717aa,ee758a09-214b-4427-a1a1-bb275fee7784,2026-09-06T09:51:11.687000+00:00,keyup,8,,77.0,,,,,,,,,paragraph_typing,0,,,,,,,,,,/app/training,dev_2d73e02d-8068-4917-8e1d-bcd4688456d1,,,,,,,,,,,,,,,,,,,,,,,,,,,,,,,,,,,,,,,,,,,,,,,,,,,,,,,,,,,,,,,,,,
training_event,training,4958d349-1ff1-4f6b-8344-fca7d4d717aa,ee758a09-214b-4427-a1a1-bb275fee7784,2026-09-06T09:51:12.357000+00:00,keydown,188,",",,747.8,,,,,,,,paragraph_typing,0,,,,,,,,,,/app/training,dev_2d73e02d-8068-4917-8e1d-bcd4688456d1,,,,,,,,,,,,,,,,,,,,,,,,,,,,,,,,,,,,,,,,,,,,,,,,,,,,,,,,,,,,,,,,,,
training_event,training,4958d349-1ff1-4f6b-8344-fca7d4d717aa,ee758a09-214b-4427-a1a1-bb275fee7784,2026-09-06T09:51:12.416000+00:00,keyup,188,,58.9,,,,,,,,,paragraph_typing,0,,,,,,,,,,/app/training,dev_2d73e02d-8068-4917-8e1d-bcd4688456d1,,,,,,,,,,,,,,,,,,,,,,,,,,,,,,,,,,,,,,,,,,,,,,,,,,,,,,,,,,,,,,,,,,
training_event,training,4958d349-1ff1-4f6b-8344-fca7d4d717aa,ee758a09-214b-4427-a1a1-bb275fee7784,2026-09-06T09:51:12.536000+00:00,keydown,32, ,,178.3,,,,,,,,paragraph_typing,0,,,,,,,,,,/app/training,dev_2d73e02d-8068-4917-8e1d-bcd4688456d1,,,,,,,,,,,,,,,,,,,,,,,,,,,,,,,,,,,,,,,,,,,,,,,,,,,,,,,,,,,,,,,,,,
training_event,training,4958d349-1ff1-4f6b-8344-fca7d4d717aa,ee758a09-214b-4427-a1a1-bb275fee7784,2026-09-06T09:51:12.626000+00:00,keyup,32,,89.7,,,,,,,,,paragraph_typing,0,,,,,,,,,,/app/training,dev_2d73e02d-8068-4917-8e1d-bcd4688456d1,,,,,,,,,,,,,,,,,,,,,,,,,,,,,,,,,,,,,,,,,,,,,,,,,,,,,,,,,,,,,,,,,,
training_event,training,4958d349-1ff1-4f6b-8344-fca7d4d717aa,ee758a09-214b-4427-a1a1-bb275fee7784,2026-09-06T09:51:13.002000+00:00,keydown,83,s,,466.6,,,,,,,,paragraph_typing,0,,,,,,,,,,/app/training,dev_2d73e02d-8068-4917-8e1d-bcd4688456d1,,,,,,,,,,,,,,,,,,,,,,,,,,,,,,,,,,,,,,,,,,,,,,,,,,,,,,,,,,,,,,,,,,
training_event,training,4958d349-1ff1-4f6b-8344-fca7d4d717aa,ee758a09-214b-4427-a1a1-bb275fee7784,2026-09-06T09:51:13.102000+00:00,keyup,83,,99.2,,,,,,,,,paragraph_typing,0,,,,,,,,,,/app/training,dev_2d73e02d-8068-4917-8e1d-bcd4688456d1,,,,,,,,,,,,,,,,,,,,,,,,,,,,,,,,,,,,,,,,,,,,,,,,,,,,,,,,,,,,,,,,,,
training_event,training,4958d349-1ff1-4f6b-8344-fca7d4d717aa,ee758a09-214b-4427-a1a1-bb275fee7784,2026-09-06T09:51:13.271000+00:00,keydown,69,e,,268.4,,,,,,,,paragraph_typing,0,,,,,,,,,,/app/training,dev_2d73e02d-8068-4917-8e1d-bcd4688456d1,,,,,,,,,,,,,,,,,,,,,,,,,,,,,,,,,,,,,,,,,,,,,,,,,,,,,,,,,,,,,,,,,,
training_event,training,4958d349-1ff1-4f6b-8344-fca7d4d717aa,ee758a09-214b-4427-a1a1-bb275fee7784,2026-09-06T09:51:13.354000+00:00,keyup,69,,83.4,,,,,,,,,paragraph_typing,0,,,,,,,,,,/app/training,dev_2d73e02d-8068-4917-8e1d-bcd4688456d1,,,,,,,,,,,,,,,,,,,,,,,,,,,,,,,,,,,,,,,,,,,,,,,,,,,,,,,,,,,,,,,,,,
training_event,training,4958d349-1ff1-4f6b-8344-fca7d4d717aa,ee758a09-214b-4427-a1a1-bb275fee7784,2026-09-06T09:51:13.574000+00:00,keydown,67,c,,303.2,,,,,,,,paragraph_typing,0,,,,,,,,,,/app/training,dev_2d73e02d-8068-4917-8e1d-bcd4688456d1,,,,,,,,,,,,,,,,,,,,,,,,,,,,,,,,,,,,,,,,,,,,,,,,,,,,,,,,,,,,,,,,,,
training_event,training,4958d349-1ff1-4f6b-8344-fca7d4d717aa,ee758a09-214b-4427-a1a1-bb275fee7784,2026-09-06T09:51:13.667000+00:00,keyup,67,,92.6,,,,,,,,,paragraph_typing,0,,,,,,,,,,/app/training,dev_2d73e02d-8068-4917-8e1d-bcd4688456d1,,,,,,,,,,,,,,,,,,,,,,,,,,,,,,,,,,,,,,,,,,,,,,,,,,,,,,,,,,,,,,,,,,
training_event,training,4958d349-1ff1-4f6b-8344-fca7d4d717aa,ee758a09-214b-4427-a1a1-bb275fee7784,2026-09-06T09:51:13.873000+00:00,keydown,85,u,,299.0,,,,,,,,paragraph_typing,0,,,,,,,,,,/app/training,dev_2d73e02d-8068-4917-8e1d-bcd4688456d1,,,,,,,,,,,,,,,,,,,,,,,,,,,,,,,,,,,,,,,,,,,,,,,,,,,,,,,,,,,,,,,,,,
training_event,training,4958d349-1ff1-4f6b-8344-fca7d4d717aa,ee758a09-214b-4427-a1a1-bb275fee7784,2026-09-06T09:51:13.954000+00:00,keyup,85,,81.4,,,,,,,,,paragraph_typing,0,,,,,,,,,,/app/training,dev_2d73e02d-8068-4917-8e1d-bcd4688456d1,,,,,,,,,,,,,,,,,,,,,,,,,,,,,,,,,,,,,,,,,,,,,,,,,,,,,,,,,,,,,,,,,,
training_event,training,4958d349-1ff1-4f6b-8344-fca7d4d717aa,ee758a09-214b-4427-a1a1-bb275fee7784,2026-09-06T09:51:14.119000+00:00,keydown,82,r,,246.2,,,,,,,,paragraph_typing,0,,,,,,,,,,/app/training,dev_2d73e02d-8068-4917-8e1d-bcd4688456d1,,,,,,,,,,,,,,,,,,,,,,,,,,,,,,,,,,,,,,,,,,,,,,,,,,,,,,,,,,,,,,,,,,
training_event,training,4958d349-1ff1-4f6b-8344-fca7d4d717aa,ee758a09-214b-4427-a1a1-bb275fee7784,2026-09-06T09:51:14.262000+00:00,keyup,82,,142.5,,,,,,,,,paragraph_typing,0,,,,,,,,,,/app/training,dev_2d73e02d-8068-4917-8e1d-bcd4688456d1,,,,,,,,,,,,,,,,,,,,,,,,,,,,,,,,,,,,,,,,,,,,,,,,,,,,,,,,,,,,,,,,,,
training_event,training,4958d349-1ff1-4f6b-8344-fca7d4d717aa,ee758a09-214b-4427-a1a1-bb275fee7784,2026-09-06T09:51:14.279000+00:00,keydown,69,e,,159.7,,,,,,,,paragraph_typing,0,,,,,,,,,,/app/training,dev_2d73e02d-8068-4917-8e1d-bcd4688456d1,,,,,,,,,,,,,,,,,,,,,,,,,,,,,,,,,,,,,,,,,,,,,,,,,,,,,,,,,,,,,,,,,,
training_event,training,4958d349-1ff1-4f6b-8344-fca7d4d717aa,ee758a09-214b-4427-a1a1-bb275fee7784,2026-09-06T09:51:14.409000+00:00,keyup,69,,130.4,,,,,,,,,paragraph_typing,0,,,,,,,,,,/app/training,dev_2d73e02d-8068-4917-8e1d-bcd4688456d1,,,,,,,,,,,,,,,,,,,,,,,,,,,,,,,,,,,,,,,,,,,,,,,,,,,,,,,,,,,,,,,,,,
training_event,training,4958d349-1ff1-4f6b-8344-fca7d4d717aa,ee758a09-214b-4427-a1a1-bb275fee7784,2026-09-06T09:51:15.139000+00:00,keydown,188,",",,860.2,,,,,,,,paragraph_typing,0,,,,,,,,,,/app/training,dev_2d73e02d-8068-4917-8e1d-bcd4688456d1,,,,,,,,,,,,,,,,,,,,,,,,,,,,,,,,,,,,,,,,,,,,,,,,,,,,,,,,,,,,,,,,,,
training_event,training,4958d349-1ff1-4f6b-8344-fca7d4d717aa,ee758a09-214b-4427-a1a1-bb275fee7784,2026-09-06T09:51:15.204000+00:00,keyup,188,,65.4,,,,,,,,,paragraph_typing,0,,,,,,,,,,/app/training,dev_2d73e02d-8068-4917-8e1d-bcd4688456d1,,,,,,,,,,,,,,,,,,,,,,,,,,,,,,,,,,,,,,,,,,,,,,,,,,,,,,,,,,,,,,,,,,
training_event,training,4958d349-1ff1-4f6b-8344-fca7d4d717aa,ee758a09-214b-4427-a1a1-bb275fee7784,2026-09-06T09:51:15.241000+00:00,keydown,32, ,,101.4,,,,,,,,paragraph_typing,0,,,,,,,,,,/app/training,dev_2d73e02d-8068-4917-8e1d-bcd4688456d1,,,,,,,,,,,,,,,,,,,,,,,,,,,,,,,,,,,,,,,,,,,,,,,,,,,,,,,,,,,,,,,,,,
training_event,training,4958d349-1ff1-4f6b-8344-fca7d4d717aa,ee758a09-214b-4427-a1a1-bb275fee7784,2026-09-06T09:51:15.357000+00:00,keyup,32,,116.1,,,,,,,,,paragraph_typing,0,,,,,,,,,,/app/training,dev_2d73e02d-8068-4917-8e1d-bcd4688456d1,,,,,,,,,,,,,,,,,,,,,,,,,,,,,,,,,,,,,,,,,,,,,,,,,,,,,,,,,,,,,,,,,,
training_event,training,4958d349-1ff1-4f6b-8344-fca7d4d717aa,ee758a09-214b-4427-a1a1-bb275fee7784,2026-09-06T09:51:15.505000+00:00,keydown,65,a,,264.6,,,,,,,,paragraph_typing,0,,,,,,,,,,/app/training,dev_2d73e02d-8068-4917-8e1d-bcd4688456d1,,,,,,,,,,,,,,,,,,,,,,,,,,,,,,,,,,,,,,,,,,,,,,,,,,,,,,,,,,,,,,,,,,
training_event,training,4958d349-1ff1-4f6b-8344-fca7d4d717aa,ee758a09-214b-4427-a1a1-bb275fee7784,2026-09-06T09:51:15.621000+00:00,keyup,65,,115.5,,,,,,,,,paragraph_typing,0,,,,,,,,,,/app/training,dev_2d73e02d-8068-4917-8e1d-bcd4688456d1,,,,,,,,,,,,,,,,,,,,,,,,,,,,,,,,,,,,,,,,,,,,,,,,,,,,,,,,,,,,,,,,,,
training_event,training,4958d349-1ff1-4f6b-8344-fca7d4d717aa,ee758a09-214b-4427-a1a1-bb275fee7784,2026-09-06T09:51:15.671000+00:00,keydown,78,n,,166.3,,,,,,,,paragraph_typing,0,,,,,,,,,,/app/training,dev_2d73e02d-8068-4917-8e1d-bcd4688456d1,,,,,,,,,,,,,,,,,,,,,,,,,,,,,,,,,,,,,,,,,,,,,,,,,,,,,,,,,,,,,,,,,,
training_event,training,4958d349-1ff1-4f6b-8344-fca7d4d717aa,ee758a09-214b-4427-a1a1-bb275fee7784,2026-09-06T09:51:15.721000+00:00,keyup,78,,49.7,,,,,,,,,paragraph_typing,0,,,,,,,,,,/app/training,dev_2d73e02d-8068-4917-8e1d-bcd4688456d1,,,,,,,,,,,,,,,,,,,,,,,,,,,,,,,,,,,,,,,,,,,,,,,,,,,,,,,,,,,,,,,,,,
training_event,training,4958d349-1ff1-4f6b-8344-fca7d4d717aa,ee758a09-214b-4427-a1a1-bb275fee7784,2026-09-06T09:51:15.873000+00:00,keydown,68,d,,201.6,,,,,,,,paragraph_typing,0,,,,,,,,,,/app/training,dev_2d73e02d-8068-4917-8e1d-bcd4688456d1,,,,,,,,,,,,,,,,,,,,,,,,,,,,,,,,,,,,,,,,,,,,,,,,,,,,,,,,,,,,,,,,,,
training_event,training,4958d349-1ff1-4f6b-8344-fca7d4d717aa,ee758a09-214b-4427-a1a1-bb275fee7784,2026-09-06T09:51:16.018000+00:00,keyup,68,,145.5,,,,,,,,,paragraph_typing,0,,,,,,,,,,/app/training,dev_2d73e02d-8068-4917-8e1d-bcd4688456d1,,,,,,,,,,,,,,,,,,,,,,,,,,,,,,,,,,,,,,,,,,,,,,,,,,,,,,,,,,,,,,,,,,
training_event,training,4958d349-1ff1-4f6b-8344-fca7d4d717aa,ee758a09-214b-4427-a1a1-bb275fee7784,2026-09-06T09:51:16.030000+00:00,keydown,32, ,,156.6,,,,,,,,paragraph_typing,0,,,,,,,,,,/app/training,dev_2d73e02d-8068-4917-8e1d-bcd4688456d1,,,,,,,,,,,,,,,,,,,,,,,,,,,,,,,,,,,,,,,,,,,,,,,,,,,,,,,,,,,,,,,,,,
training_event,training,4958d349-1ff1-4f6b-8344-fca7d4d717aa,ee758a09-214b-4427-a1a1-bb275fee7784,2026-09-06T09:51:16.095000+00:00,keyup,32,,65.4,,,,,,,,,paragraph_typing,0,,,,,,,,,,/app/training,dev_2d73e02d-8068-4917-8e1d-bcd4688456d1,,,,,,,,,,,,,,,,,,,,,,,,,,,,,,,,,,,,,,,,,,,,,,,,,,,,,,,,,,,,,,,,,,
training_event,training,4958d349-1ff1-4f6b-8344-fca7d4d717aa,ee758a09-214b-4427-a1a1-bb275fee7784,2026-09-06T09:51:16.509000+00:00,keydown,67,c,,478.9,,,,,,,,paragraph_typing,0,,,,,,,,,,/app/training,dev_2d73e02d-8068-4917-8e1d-bcd4688456d1,,,,,,,,,,,,,,,,,,,,,,,,,,,,,,,,,,,,,,,,,,,,,,,,,,,,,,,,,,,,,,,,,,
training_event,training,4958d349-1ff1-4f6b-8344-fca7d4d717aa,ee758a09-214b-4427-a1a1-bb275fee7784,2026-09-06T09:51:16.596000+00:00,keyup,67,,87.2,,,,,,,,,paragraph_typing,0,,,,,,,,,,/app/training,dev_2d73e02d-8068-4917-8e1d-bcd4688456d1,,,,,,,,,,,,,,,,,,,,,,,,,,,,,,,,,,,,,,,,,,,,,,,,,,,,,,,,,,,,,,,,,,
training_event,training,4958d349-1ff1-4f6b-8344-fca7d4d717aa,ee758a09-214b-4427-a1a1-bb275fee7784,2026-09-06T09:51:16.696000+00:00,keydown,79,o,,187.5,,,,,,,,paragraph_typing,0,,,,,,,,,,/app/training,dev_2d73e02d-8068-4917-8e1d-bcd4688456d1,,,,,,,,,,,,,,,,,,,,,,,,,,,,,,,,,,,,,,,,,,,,,,,,,,,,,,,,,,,,,,,,,,
training_event,training,4958d349-1ff1-4f6b-8344-fca7d4d717aa,ee758a09-214b-4427-a1a1-bb275fee7784,2026-09-06T09:51:16.774000+00:00,keyup,79,,78.0,,,,,,,,,paragraph_typing,0,,,,,,,,,,/app/training,dev_2d73e02d-8068-4917-8e1d-bcd4688456d1,,,,,,,,,,,,,,,,,,,,,,,,,,,,,,,,,,,,,,,,,,,,,,,,,,,,,,,,,,,,,,,,,,
training_event,training,4958d349-1ff1-4f6b-8344-fca7d4d717aa,ee758a09-214b-4427-a1a1-bb275fee7784,2026-09-06T09:51:17.409000+00:00,keydown,78,n,,713.4,,,,,,,,paragraph_typing,0,,,,,,,,,,/app/training,dev_2d73e02d-8068-4917-8e1d-bcd4688456d1,,,,,,,,,,,,,,,,,,,,,,,,,,,,,,,,,,,,,,,,,,,,,,,,,,,,,,,,,,,,,,,,,,
training_event,training,4958d349-1ff1-4f6b-8344-fca7d4d717aa,ee758a09-214b-4427-a1a1-bb275fee7784,2026-09-06T09:51:17.467000+00:00,keyup,78,,57.8,,,,,,,,,paragraph_typing,0,,,,,,,,,,/app/training,dev_2d73e02d-8068-4917-8e1d-bcd4688456d1,,,,,,,,,,,,,,,,,,,,,,,,,,,,,,,,,,,,,,,,,,,,,,,,,,,,,,,,,,,,,,,,,,
training_event,training,4958d349-1ff1-4f6b-8344-fca7d4d717aa,ee758a09-214b-4427-a1a1-bb275fee7784,2026-09-06T09:51:18.369000+00:00,keydown,86,v,,960.0,,,,,,,,paragraph_typing,0,,,,,,,,,,/app/training,dev_2d73e02d-8068-4917-8e1d-bcd4688456d1,,,,,,,,,,,,,,,,,,,,,,,,,,,,,,,,,,,,,,,,,,,,,,,,,,,,,,,,,,,,,,,,,,
training_event,training,4958d349-1ff1-4f6b-8344-fca7d4d717aa,ee758a09-214b-4427-a1a1-bb275fee7784,2026-09-06T09:51:18.429000+00:00,keyup,86,,59.3,,,,,,,,,paragraph_typing,0,,,,,,,,,,/app/training,dev_2d73e02d-8068-4917-8e1d-bcd4688456d1,,,,,,,,,,,,,,,,,,,,,,,,,,,,,,,,,,,,,,,,,,,,,,,,,,,,,,,,,,,,,,,,,,
training_event,training,4958d349-1ff1-4f6b-8344-fca7d4d717aa,ee758a09-214b-4427-a1a1-bb275fee7784,2026-09-06T09:51:18.643000+00:00,keydown,73,i,,273.2,,,,,,,,paragraph_typing,0,,,,,,,,,,/app/training,dev_2d73e02d-8068-4917-8e1d-bcd4688456d1,,,,,,,,,,,,,,,,,,,,,,,,,,,,,,,,,,,,,,,,,,,,,,,,,,,,,,,,,,,,,,,,,,
training_event,training,4958d349-1ff1-4f6b-8344-fca7d4d717aa,ee758a09-214b-4427-a1a1-bb275fee7784,2026-09-06T09:51:18.745000+00:00,keyup,73,,102.7,,,,,,,,,paragraph_typing,0,,,,,,,,,,/app/training,dev_2d73e02d-8068-4917-8e1d-bcd4688456d1,,,,,,,,,,,,,,,,,,,,,,,,,,,,,,,,,,,,,,,,,,,,,,,,,,,,,,,,,,,,,,,,,,
training_event,training,4958d349-1ff1-4f6b-8344-fca7d4d717aa,ee758a09-214b-4427-a1a1-bb275fee7784,2026-09-06T09:51:21.519000+00:00,keydown,8,,,2000.0,,,,,,,,paragraph_typing,0,,,,,,,,,,/app/training,dev_2d73e02d-8068-4917-8e1d-bcd4688456d1,,,,,,,,,,,,,,,,,,,,,,,,,,,,,,,,,,,,,,,,,,,,,,,,,,,,,,,,,,,,,,,,,,
training_event,training,4958d349-1ff1-4f6b-8344-fca7d4d717aa,ee758a09-214b-4427-a1a1-bb275fee7784,2026-09-06T09:51:21.625000+00:00,keyup,8,,105.7,,,,,,,,,paragraph_typing,0,,,,,,,,,,/app/training,dev_2d73e02d-8068-4917-8e1d-bcd4688456d1,,,,,,,,,,,,,,,,,,,,,,,,,,,,,,,,,,,,,,,,,,,,,,,,,,,,,,,,,,,,,,,,,,
training_event,training,4958d349-1ff1-4f6b-8344-fca7d4d717aa,ee758a09-214b-4427-a1a1-bb275fee7784,2026-09-06T09:51:22.907000+00:00,keydown,69,e,,1388.0,,,,,,,,paragraph_typing,0,,,,,,,,,,/app/training,dev_2d73e02d-8068-4917-8e1d-bcd4688456d1,,,,,,,,,,,,,,,,,,,,,,,,,,,,,,,,,,,,,,,,,,,,,,,,,,,,,,,,,,,,,,,,,,
training_event,training,4958d349-1ff1-4f6b-8344-fca7d4d717aa,ee758a09-214b-4427-a1a1-bb275fee7784,2026-09-06T09:51:23+00:00,keyup,69,,93.5,,,,,,,,,paragraph_typing,0,,,,,,,,,,/app/training,dev_2d73e02d-8068-4917-8e1d-bcd4688456d1,,,,,,,,,,,,,,,,,,,,,,,,,,,,,,,,,,,,,,,,,,,,,,,,,,,,,,,,,,,,,,,,,,
training_event,training,4958d349-1ff1-4f6b-8344-fca7d4d717aa,ee758a09-214b-4427-a1a1-bb275fee7784,2026-09-06T09:51:23.292000+00:00,keydown,78,n,,384.9,,,,,,,,paragraph_typing,0,,,,,,,,,,/app/training,dev_2d73e02d-8068-4917-8e1d-bcd4688456d1,,,,,,,,,,,,,,,,,,,,,,,,,,,,,,,,,,,,,,,,,,,,,,,,,,,,,,,,,,,,,,,,,,
training_event,training,4958d349-1ff1-4f6b-8344-fca7d4d717aa,ee758a09-214b-4427-a1a1-bb275fee7784,2026-09-06T09:51:23.357000+00:00,keyup,78,,65.2,,,,,,,,,paragraph_typing,0,,,,,,,,,,/app/training,dev_2d73e02d-8068-4917-8e1d-bcd4688456d1,,,,,,,,,,,,,,,,,,,,,,,,,,,,,,,,,,,,,,,,,,,,,,,,,,,,,,,,,,,,,,,,,,
training_event,training,4958d349-1ff1-4f6b-8344-fca7d4d717aa,ee758a09-214b-4427-a1a1-bb275fee7784,2026-09-06T09:51:24.200000+00:00,keydown,73,i,,908.4,,,,,,,,paragraph_typing,0,,,,,,,,,,/app/training,dev_2d73e02d-8068-4917-8e1d-bcd4688456d1,,,,,,,,,,,,,,,,,,,,,,,,,,,,,,,,,,,,,,,,,,,,,,,,,,,,,,,,,,,,,,,,,,
training_event,training,4958d349-1ff1-4f6b-8344-fca7d4d717aa,ee758a09-214b-4427-a1a1-bb275fee7784,2026-09-06T09:51:24.271000+00:00,keyup,73,,70.5,,,,,,,,,paragraph_typing,0,,,,,,,,,,/app/training,dev_2d73e02d-8068-4917-8e1d-bcd4688456d1,,,,,,,,,,,,,,,,,,,,,,,,,,,,,,,,,,,,,,,,,,,,,,,,,,,,,,,,,,,,,,,,,,
training_event,training,4958d349-1ff1-4f6b-8344-fca7d4d717aa,ee758a09-214b-4427-a1a1-bb275fee7784,2026-09-06T09:51:24.825000+00:00,keydown,69,e,,624.4,,,,,,,,paragraph_typing,0,,,,,,,,,,/app/training,dev_2d73e02d-8068-4917-8e1d-bcd4688456d1,,,,,,,,,,,,,,,,,,,,,,,,,,,,,,,,,,,,,,,,,,,,,,,,,,,,,,,,,,,,,,,,,,
training_event,training,4958d349-1ff1-4f6b-8344-fca7d4d717aa,ee758a09-214b-4427-a1a1-bb275fee7784,2026-09-06T09:51:24.907000+00:00,keyup,69,,82.8,,,,,,,,,paragraph_typing,0,,,,,,,,,,/app/training,dev_2d73e02d-8068-4917-8e1d-bcd4688456d1,,,,,,,,,,,,,,,,,,,,,,,,,,,,,,,,,,,,,,,,,,,,,,,,,,,,,,,,,,,,,,,,,,
training_event,training,4958d349-1ff1-4f6b-8344-fca7d4d717aa,ee758a09-214b-4427-a1a1-bb275fee7784,2026-09-06T09:51:25.058000+00:00,keydown,78,n,,233.1,,,,,,,,paragraph_typing,0,,,,,,,,,,/app/training,dev_2d73e02d-8068-4917-8e1d-bcd4688456d1,,,,,,,,,,,,,,,,,,,,,,,,,,,,,,,,,,,,,,,,,,,,,,,,,,,,,,,,,,,,,,,,,,
training_event,training,4958d349-1ff1-4f6b-8344-fca7d4d717aa,ee758a09-214b-4427-a1a1-bb275fee7784,2026-09-06T09:51:25.120000+00:00,keyup,78,,62.8,,,,,,,,,paragraph_typing,0,,,,,,,,,,/app/training,dev_2d73e02d-8068-4917-8e1d-bcd4688456d1,,,,,,,,,,,,,,,,,,,,,,,,,,,,,,,,,,,,,,,,,,,,,,,,,,,,,,,,,,,,,,,,,,
training_event,training,4958d349-1ff1-4f6b-8344-fca7d4d717aa,ee758a09-214b-4427-a1a1-bb275fee7784,2026-09-06T09:51:25.255000+00:00,keydown,84,t,,197.7,,,,,,,,paragraph_typing,0,,,,,,,,,,/app/training,dev_2d73e02d-8068-4917-8e1d-bcd4688456d1,,,,,,,,,,,,,,,,,,,,,,,,,,,,,,,,,,,,,,,,,,,,,,,,,,,,,,,,,,,,,,,,,,
training_event,training,4958d349-1ff1-4f6b-8344-fca7d4d717aa,ee758a09-214b-4427-a1a1-bb275fee7784,2026-09-06T09:51:25.362000+00:00,keyup,84,,106.5,,,,,,,,,paragraph_typing,0,,,,,,,,,,/app/training,dev_2d73e02d-8068-4917-8e1d-bcd4688456d1,,,,,,,,,,,,,,,,,,,,,,,,,,,,,,,,,,,,,,,,,,,,,,,,,,,,,,,,,,,,,,,,,,
training_event,training,4958d349-1ff1-4f6b-8344-fca7d4d717aa,ee758a09-214b-4427-a1a1-bb275fee7784,2026-09-06T09:51:26.224000+00:00,keydown,188,",",,968.4,,,,,,,,paragraph_typing,0,,,,,,,,,,/app/training,dev_2d73e02d-8068-4917-8e1d-bcd4688456d1,,,,,,,,,,,,,,,,,,,,,,,,,,,,,,,,,,,,,,,,,,,,,,,,,,,,,,,,,,,,,,,,,,
training_event,training,4958d349-1ff1-4f6b-8344-fca7d4d717aa,ee758a09-214b-4427-a1a1-bb275fee7784,2026-09-06T09:51:26.274000+00:00,keyup,188,,50.0,,,,,,,,,paragraph_typing,0,,,,,,,,,,/app/training,dev_2d73e02d-8068-4917-8e1d-bcd4688456d1,,,,,,,,,,,,,,,,,,,,,,,,,,,,,,,,,,,,,,,,,,,,,,,,,,,,,,,,,,,,,,,,,,
training_event,training,4958d349-1ff1-4f6b-8344-fca7d4d717aa,ee758a09-214b-4427-a1a1-bb275fee7784,2026-09-06T09:51:26.385000+00:00,keydown,32, ,,160.8,,,,,,,,paragraph_typing,0,,,,,,,,,,/app/training,dev_2d73e02d-8068-4917-8e1d-bcd4688456d1,,,,,,,,,,,,,,,,,,,,,,,,,,,,,,,,,,,,,,,,,,,,,,,,,,,,,,,,,,,,,,,,,,
training_event,training,4958d349-1ff1-4f6b-8344-fca7d4d717aa,ee758a09-214b-4427-a1a1-bb275fee7784,2026-09-06T09:51:26.472000+00:00,keyup,32,,87.5,,,,,,,,,paragraph_typing,0,,,,,,,,,,/app/training,dev_2d73e02d-8068-4917-8e1d-bcd4688456d1,,,,,,,,,,,,,,,,,,,,,,,,,,,,,,,,,,,,,,,,,,,,,,,,,,,,,,,,,,,,,,,,,,
training_event,training,4958d349-1ff1-4f6b-8344-fca7d4d717aa,ee758a09-214b-4427-a1a1-bb275fee7784,2026-09-06T09:51:28.092000+00:00,keydown,8,,,1707.6,,,,,,,,paragraph_typing,0,,,,,,,,,,/app/training,dev_2d73e02d-8068-4917-8e1d-bcd4688456d1,,,,,,,,,,,,,,,,,,,,,,,,,,,,,,,,,,,,,,,,,,,,,,,,,,,,,,,,,,,,,,,,,,
training_event,training,4958d349-1ff1-4f6b-8344-fca7d4d717aa,ee758a09-214b-4427-a1a1-bb275fee7784,2026-09-06T09:51:28.205000+00:00,keyup,8,,112.9,,,,,,,,,paragraph_typing,0,,,,,,,,,,/app/training,dev_2d73e02d-8068-4917-8e1d-bcd4688456d1,,,,,,,,,,,,,,,,,,,,,,,,,,,,,,,,,,,,,,,,,,,,,,,,,,,,,,,,,,,,,,,,,,
training_event,training,4958d349-1ff1-4f6b-8344-fca7d4d717aa,ee758a09-214b-4427-a1a1-bb275fee7784,2026-09-06T09:51:28.594000+00:00,keydown,8,,,501.4,,,,,,,,paragraph_typing,0,,,,,,,,,,/app/training,dev_2d73e02d-8068-4917-8e1d-bcd4688456d1,,,,,,,,,,,,,,,,,,,,,,,,,,,,,,,,,,,,,,,,,,,,,,,,,,,,,,,,,,,,,,,,,,
training_event,training,4958d349-1ff1-4f6b-8344-fca7d4d717aa,ee758a09-214b-4427-a1a1-bb275fee7784,2026-09-06T09:51:28.670000+00:00,keyup,8,,76.9,,,,,,,,,paragraph_typing,0,,,,,,,,,,/app/training,dev_2d73e02d-8068-4917-8e1d-bcd4688456d1,,,,,,,,,,,,,,,,,,,,,,,,,,,,,,,,,,,,,,,,,,,,,,,,,,,,,,,,,,,,,,,,,,
training_event,training,4958d349-1ff1-4f6b-8344-fca7d4d717aa,ee758a09-214b-4427-a1a1-bb275fee7784,2026-09-06T09:51:28.939000+00:00,keydown,190,.,,345.3,,,,,,,,paragraph_typing,0,,,,,,,,,,/app/training,dev_2d73e02d-8068-4917-8e1d-bcd4688456d1,,,,,,,,,,,,,,,,,,,,,,,,,,,,,,,,,,,,,,,,,,,,,,,,,,,,,,,,,,,,,,,,,,
training_event,training,4958d349-1ff1-4f6b-8344-fca7d4d717aa,ee758a09-214b-4427-a1a1-bb275fee7784,2026-09-06T09:51:28.990000+00:00,keyup,190,,51.2,,,,,,,,,paragraph_typing,0,,,,,,,,,,/app/training,dev_2d73e02d-8068-4917-8e1d-bcd4688456d1,,,,,,,,,,,,,,,,,,,,,,,,,,,,,,,,,,,,,,,,,,,,,,,,,,,,,,,,,,,,,,,,,,
training_event,training,4958d349-1ff1-4f6b-8344-fca7d4d717aa,ee758a09-214b-4427-a1a1-bb275fee7784,2026-09-06T09:51:29.573000+00:00,keydown,32, ,,633.8,,,,,,,,paragraph_typing,0,,,,,,,,,,/app/training,dev_2d73e02d-8068-4917-8e1d-bcd4688456d1,,,,,,,,,,,,,,,,,,,,,,,,,,,,,,,,,,,,,,,,,,,,,,,,,,,,,,,,,,,,,,,,,,
training_event,training,4958d349-1ff1-4f6b-8344-fca7d4d717aa,ee758a09-214b-4427-a1a1-bb275fee7784,2026-09-06T09:51:29.638000+00:00,keyup,32,,65.3,,,,,,,,,paragraph_typing,0,,,,,,,,,,/app/training,dev_2d73e02d-8068-4917-8e1d-bcd4688456d1,,,,,,,,,,,,,,,,,,,,,,,,,,,,,,,,,,,,,,,,,,,,,,,,,,,,,,,,,,,,,,,,,,
training_event,training,4958d349-1ff1-4f6b-8344-fca7d4d717aa,ee758a09-214b-4427-a1a1-bb275fee7784,2026-09-06T09:51:30.059000+00:00,keydown,65,A,,486.6,,,,,,,,paragraph_typing,0,,,,,,,,,,/app/training,dev_2d73e02d-8068-4917-8e1d-bcd4688456d1,,,,,,,,,,,,,,,,,,,,,,,,,,,,,,,,,,,,,,,,,,,,,,,,,,,,,,,,,,,,,,,,,,
training_event,training,4958d349-1ff1-4f6b-8344-fca7d4d717aa,ee758a09-214b-4427-a1a1-bb275fee7784,2026-09-06T09:51:30.158000+00:00,keyup,65,,98.7,,,,,,,,,paragraph_typing,0,,,,,,,,,,/app/training,dev_2d73e02d-8068-4917-8e1d-bcd4688456d1,,,,,,,,,,,,,,,,,,,,,,,,,,,,,,,,,,,,,,,,,,,,,,,,,,,,,,,,,,,,,,,,,,
training_event,training,4958d349-1ff1-4f6b-8344-fca7d4d717aa,ee758a09-214b-4427-a1a1-bb275fee7784,2026-09-06T09:51:30.355000+00:00,keydown,68,d,,296.1,,,,,,,,paragraph_typing,0,,,,,,,,,,/app/training,dev_2d73e02d-8068-4917-8e1d-bcd4688456d1,,,,,,,,,,,,,,,,,,,,,,,,,,,,,,,,,,,,,,,,,,,,,,,,,,,,,,,,,,,,,,,,,,
training_event,training,4958d349-1ff1-4f6b-8344-fca7d4d717aa,ee758a09-214b-4427-a1a1-bb275fee7784,2026-09-06T09:51:30.443000+00:00,keyup,68,,87.5,,,,,,,,,paragraph_typing,0,,,,,,,,,,/app/training,dev_2d73e02d-8068-4917-8e1d-bcd4688456d1,,,,,,,,,,,,,,,,,,,,,,,,,,,,,,,,,,,,,,,,,,,,,,,,,,,,,,,,,,,,,,,,,,
training_event,training,4958d349-1ff1-4f6b-8344-fca7d4d717aa,ee758a09-214b-4427-a1a1-bb275fee7784,2026-09-06T09:51:30.601000+00:00,keydown,65,a,,245.5,,,,,,,,paragraph_typing,0,,,,,,,,,,/app/training,dev_2d73e02d-8068-4917-8e1d-bcd4688456d1,,,,,,,,,,,,,,,,,,,,,,,,,,,,,,,,,,,,,,,,,,,,,,,,,,,,,,,,,,,,,,,,,,
training_event,training,4958d349-1ff1-4f6b-8344-fca7d4d717aa,ee758a09-214b-4427-a1a1-bb275fee7784,2026-09-06T09:51:30.729000+00:00,keyup,65,,127.8,,,,,,,,,paragraph_typing,0,,,,,,,,,,/app/training,dev_2d73e02d-8068-4917-8e1d-bcd4688456d1,,,,,,,,,,,,,,,,,,,,,,,,,,,,,,,,,,,,,,,,,,,,,,,,,,,,,,,,,,,,,,,,,,
training_event,training,4958d349-1ff1-4f6b-8344-fca7d4d717aa,ee758a09-214b-4427-a1a1-bb275fee7784,2026-09-06T09:51:30.790000+00:00,keydown,80,p,,188.7,,,,,,,,paragraph_typing,0,,,,,,,,,,/app/training,dev_2d73e02d-8068-4917-8e1d-bcd4688456d1,,,,,,,,,,,,,,,,,,,,,,,,,,,,,,,,,,,,,,,,,,,,,,,,,,,,,,,,,,,,,,,,,,
training_event,training,4958d349-1ff1-4f6b-8344-fca7d4d717aa,ee758a09-214b-4427-a1a1-bb275fee7784,2026-09-06T09:51:30.850000+00:00,keyup,80,,60.2,,,,,,,,,paragraph_typing,0,,,,,,,,,,/app/training,dev_2d73e02d-8068-4917-8e1d-bcd4688456d1,,,,,,,,,,,,,,,,,,,,,,,,,,,,,,,,,,,,,,,,,,,,,,,,,,,,,,,,,,,,,,,,,,
training_event,training,4958d349-1ff1-4f6b-8344-fca7d4d717aa,ee758a09-214b-4427-a1a1-bb275fee7784,2026-09-06T09:51:31.010000+00:00,keydown,84,t,,220.8,,,,,,,,paragraph_typing,0,,,,,,,,,,/app/training,dev_2d73e02d-8068-4917-8e1d-bcd4688456d1,,,,,,,,,,,,,,,,,,,,,,,,,,,,,,,,,,,,,,,,,,,,,,,,,,,,,,,,,,,,,,,,,,
training_event,training,4958d349-1ff1-4f6b-8344-fca7d4d717aa,ee758a09-214b-4427-a1a1-bb275fee7784,2026-09-06T09:51:31.105000+00:00,keyup,84,,94.2,,,,,,,,,paragraph_typing,0,,,,,,,,,,/app/training,dev_2d73e02d-8068-4917-8e1d-bcd4688456d1,,,,,,,,,,,,,,,,,,,,,,,,,,,,,,,,,,,,,,,,,,,,,,,,,,,,,,,,,,,,,,,,,,
training_event,training,4958d349-1ff1-4f6b-8344-fca7d4d717aa,ee758a09-214b-4427-a1a1-bb275fee7784,2026-09-06T09:51:31.426000+00:00,keydown,73,i,,416.1,,,,,,,,paragraph_typing,0,,,,,,,,,,/app/training,dev_2d73e02d-8068-4917-8e1d-bcd4688456d1,,,,,,,,,,,,,,,,,,,,,,,,,,,,,,,,,,,,,,,,,,,,,,,,,,,,,,,,,,,,,,,,,,
training_event,training,4958d349-1ff1-4f6b-8344-fca7d4d717aa,ee758a09-214b-4427-a1a1-bb275fee7784,2026-09-06T09:51:31.522000+00:00,keyup,73,,95.4,,,,,,,,,paragraph_typing,0,,,,,,,,,,/app/training,dev_2d73e02d-8068-4917-8e1d-bcd4688456d1,,,,,,,,,,,,,,,,,,,,,,,,,,,,,,,,,,,,,,,,,,,,,,,,,,,,,,,,,,,,,,,,,,
training_event,training,4958d349-1ff1-4f6b-8344-fca7d4d717aa,ee758a09-214b-4427-a1a1-bb275fee7784,2026-09-06T09:51:31.686000+00:00,keydown,86,v,,259.2,,,,,,,,paragraph_typing,0,,,,,,,,,,/app/training,dev_2d73e02d-8068-4917-8e1d-bcd4688456d1,,,,,,,,,,,,,,,,,,,,,,,,,,,,,,,,,,,,,,,,,,,,,,,,,,,,,,,,,,,,,,,,,,
training_event,training,4958d349-1ff1-4f6b-8344-fca7d4d717aa,ee758a09-214b-4427-a1a1-bb275fee7784,2026-09-06T09:51:31.801000+00:00,keyup,86,,115.8,,,,,,,,,paragraph_typing,0,,,,,,,,,,/app/training,dev_2d73e02d-8068-4917-8e1d-bcd4688456d1,,,,,,,,,,,,,,,,,,,,,,,,,,,,,,,,,,,,,,,,,,,,,,,,,,,,,,,,,,,,,,,,,,
training_event,training,4958d349-1ff1-4f6b-8344-fca7d4d717aa,ee758a09-214b-4427-a1a1-bb275fee7784,2026-09-06T09:51:31.859000+00:00,keydown,69,e,,173.1,,,,,,,,paragraph_typing,0,,,,,,,,,,/app/training,dev_2d73e02d-8068-4917-8e1d-bcd4688456d1,,,,,,,,,,,,,,,,,,,,,,,,,,,,,,,,,,,,,,,,,,,,,,,,,,,,,,,,,,,,,,,,,,
training_event,training,4958d349-1ff1-4f6b-8344-fca7d4d717aa,ee758a09-214b-4427-a1a1-bb275fee7784,2026-09-06T09:51:31.988000+00:00,keyup,69,,129.5,,,,,,,,,paragraph_typing,0,,,,,,,,,,/app/training,dev_2d73e02d-8068-4917-8e1d-bcd4688456d1,,,,,,,,,,,,,,,,,,,,,,,,,,,,,,,,,,,,,,,,,,,,,,,,,,,,,,,,,,,,,,,,,,
training_event,training,4958d349-1ff1-4f6b-8344-fca7d4d717aa,ee758a09-214b-4427-a1a1-bb275fee7784,2026-09-06T09:51:32.714000+00:00,keydown,71,G,,854.9,,,,,,,,paragraph_typing,0,,,,,,,,,,/app/training,dev_2d73e02d-8068-4917-8e1d-bcd4688456d1,,,,,,,,,,,,,,,,,,,,,,,,,,,,,,,,,,,,,,,,,,,,,,,,,,,,,,,,,,,,,,,,,,
training_event,training,4958d349-1ff1-4f6b-8344-fca7d4d717aa,ee758a09-214b-4427-a1a1-bb275fee7784,2026-09-06T09:51:32.752000+00:00,keyup,71,,38.1,,,,,,,,,paragraph_typing,0,,,,,,,,,,/app/training,dev_2d73e02d-8068-4917-8e1d-bcd4688456d1,,,,,,,,,,,,,,,,,,,,,,,,,,,,,,,,,,,,,,,,,,,,,,,,,,,,,,,,,,,,,,,,,,
training_event,training,4958d349-1ff1-4f6b-8344-fca7d4d717aa,ee758a09-214b-4427-a1a1-bb275fee7784,2026-09-06T09:51:34.023000+00:00,keydown,85,u,,1309.2,,,,,,,,paragraph_typing,0,,,,,,,,,,/app/training,dev_2d73e02d-8068-4917-8e1d-bcd4688456d1,,,,,,,,,,,,,,,,,,,,,,,,,,,,,,,,,,,,,,,,,,,,,,,,,,,,,,,,,,,,,,,,,,
training_event,training,4958d349-1ff1-4f6b-8344-fca7d4d717aa,ee758a09-214b-4427-a1a1-bb275fee7784,2026-09-06T09:51:34.071000+00:00,keyup,85,,48.5,,,,,,,,,paragraph_typing,0,,,,,,,,,,/app/training,dev_2d73e02d-8068-4917-8e1d-bcd4688456d1,,,,,,,,,,,,,,,,,,,,,,,,,,,,,,,,,,,,,,,,,,,,,,,,,,,,,,,,,,,,,,,,,,
training_event,training,4958d349-1ff1-4f6b-8344-fca7d4d717aa,ee758a09-214b-4427-a1a1-bb275fee7784,2026-09-06T09:51:34.773000+00:00,keydown,65,a,,749.8,,,,,,,,paragraph_typing,0,,,,,,,,,,/app/training,dev_2d73e02d-8068-4917-8e1d-bcd4688456d1,,,,,,,,,,,,,,,,,,,,,,,,,,,,,,,,,,,,,,,,,,,,,,,,,,,,,,,,,,,,,,,,,,
training_event,training,4958d349-1ff1-4f6b-8344-fca7d4d717aa,ee758a09-214b-4427-a1a1-bb275fee7784,2026-09-06T09:51:34.871000+00:00,keyup,65,,98.6,,,,,,,,,paragraph_typing,0,,,,,,,,,,/app/training,dev_2d73e02d-8068-4917-8e1d-bcd4688456d1,,,,,,,,,,,,,,,,,,,,,,,,,,,,,,,,,,,,,,,,,,,,,,,,,,,,,,,,,,,,,,,,,,
training_event,training,4958d349-1ff1-4f6b-8344-fca7d4d717aa,ee758a09-214b-4427-a1a1-bb275fee7784,2026-09-06T09:51:35.057000+00:00,keydown,82,r,,284.0,,,,,,,,paragraph_typing,0,,,,,,,,,,/app/training,dev_2d73e02d-8068-4917-8e1d-bcd4688456d1,,,,,,,,,,,,,,,,,,,,,,,,,,,,,,,,,,,,,,,,,,,,,,,,,,,,,,,,,,,,,,,,,,
training_event,training,4958d349-1ff1-4f6b-8344-fca7d4d717aa,ee758a09-214b-4427-a1a1-bb275fee7784,2026-09-06T09:51:35.126000+00:00,keyup,82,,69.3,,,,,,,,,paragraph_typing,0,,,,,,,,,,/app/training,dev_2d73e02d-8068-4917-8e1d-bcd4688456d1,,,,,,,,,,,,,,,,,,,,,,,,,,,,,,,,,,,,,,,,,,,,,,,,,,,,,,,,,,,,,,,,,,
training_event,training,4958d349-1ff1-4f6b-8344-fca7d4d717aa,ee758a09-214b-4427-a1a1-bb275fee7784,2026-09-06T09:51:35.308000+00:00,keydown,68,d,,250.9,,,,,,,,paragraph_typing,0,,,,,,,,,,/app/training,dev_2d73e02d-8068-4917-8e1d-bcd4688456d1,,,,,,,,,,,,,,,,,,,,,,,,,,,,,,,,,,,,,,,,,,,,,,,,,,,,,,,,,,,,,,,,,,
training_event,training,4958d349-1ff1-4f6b-8344-fca7d4d717aa,ee758a09-214b-4427-a1a1-bb275fee7784,2026-09-06T09:51:35.404000+00:00,keyup,68,,96.8,,,,,,,,,paragraph_typing,0,,,,,,,,,,/app/training,dev_2d73e02d-8068-4917-8e1d-bcd4688456d1,,,,,,,,,,,,,,,,,,,,,,,,,,,,,,,,,,,,,,,,,,,,,,,,,,,,,,,,,,,,,,,,,,
training_event,training,4958d349-1ff1-4f6b-8344-fca7d4d717aa,ee758a09-214b-4427-a1a1-bb275fee7784,2026-09-06T09:51:35.473000+00:00,keydown,73,i,,165.0,,,,,,,,paragraph_typing,0,,,,,,,,,,/app/training,dev_2d73e02d-8068-4917-8e1d-bcd4688456d1,,,,,,,,,,,,,,,,,,,,,,,,,,,,,,,,,,,,,,,,,,,,,,,,,,,,,,,,,,,,,,,,,,
training_event,training,4958d349-1ff1-4f6b-8344-fca7d4d717aa,ee758a09-214b-4427-a1a1-bb275fee7784,2026-09-06T09:51:35.552000+00:00,keyup,73,,79.3,,,,,,,,,paragraph_typing,0,,,,,,,,,,/app/training,dev_2d73e02d-8068-4917-8e1d-bcd4688456d1,,,,,,,,,,,,,,,,,,,,,,,,,,,,,,,,,,,,,,,,,,,,,,,,,,,,,,,,,,,,,,,,,,
training_event,training,4958d349-1ff1-4f6b-8344-fca7d4d717aa,ee758a09-214b-4427-a1a1-bb275fee7784,2026-09-06T09:51:35.656000+00:00,keydown,65,a,,183.2,,,,,,,,paragraph_typing,0,,,,,,,,,,/app/training,dev_2d73e02d-8068-4917-8e1d-bcd4688456d1,,,,,,,,,,,,,,,,,,,,,,,,,,,,,,,,,,,,,,,,,,,,,,,,,,,,,,,,,,,,,,,,,,
training_event,training,4958d349-1ff1-4f6b-8344-fca7d4d717aa,ee758a09-214b-4427-a1a1-bb275fee7784,2026-09-06T09:51:35.840000+00:00,keyup,65,,183.9,,,,,,,,,paragraph_typing,0,,,,,,,,,,/app/training,dev_2d73e02d-8068-4917-8e1d-bcd4688456d1,,,,,,,,,,,,,,,,,,,,,,,,,,,,,,,,,,,,,,,,,,,,,,,,,,,,,,,,,,,,,,,,,,
training_event,training,4958d349-1ff1-4f6b-8344-fca7d4d717aa,ee758a09-214b-4427-a1a1-bb275fee7784,2026-09-06T09:51:35.876000+00:00,keydown,78,n,,220.1,,,,,,,,paragraph_typing,0,,,,,,,,,,/app/training,dev_2d73e02d-8068-4917-8e1d-bcd4688456d1,,,,,,,,,,,,,,,,,,,,,,,,,,,,,,,,,,,,,,,,,,,,,,,,,,,,,,,,,,,,,,,,,,
training_event,training,4958d349-1ff1-4f6b-8344-fca7d4d717aa,ee758a09-214b-4427-a1a1-bb275fee7784,2026-09-06T09:51:35.918000+00:00,keyup,78,,42.2,,,,,,,,,paragraph_typing,0,,,,,,,,,,/app/training,dev_2d73e02d-8068-4917-8e1d-bcd4688456d1,,,,,,,,,,,,,,,,,,,,,,,,,,,,,,,,,,,,,,,,,,,,,,,,,,,,,,,,,,,,,,,,,,
training_event,training,4958d349-1ff1-4f6b-8344-fca7d4d717aa,ee758a09-214b-4427-a1a1-bb275fee7784,2026-09-06T09:51:36.540000+00:00,keydown,32, ,,664.1,,,,,,,,paragraph_typing,0,,,,,,,,,,/app/training,dev_2d73e02d-8068-4917-8e1d-bcd4688456d1,,,,,,,,,,,,,,,,,,,,,,,,,,,,,,,,,,,,,,,,,,,,,,,,,,,,,,,,,,,,,,,,,,
training_event,training,4958d349-1ff1-4f6b-8344-fca7d4d717aa,ee758a09-214b-4427-a1a1-bb275fee7784,2026-09-06T09:51:36.634000+00:00,keyup,32,,93.9,,,,,,,,,paragraph_typing,0,,,,,,,,,,/app/training,dev_2d73e02d-8068-4917-8e1d-bcd4688456d1,,,,,,,,,,,,,,,,,,,,,,,,,,,,,,,,,,,,,,,,,,,,,,,,,,,,,,,,,,,,,,,,,,
training_event,training,4958d349-1ff1-4f6b-8344-fca7d4d717aa,ee758a09-214b-4427-a1a1-bb275fee7784,2026-09-06T09:51:37.343000+00:00,keydown,67,c,,803.3,,,,,,,,paragraph_typing,0,,,,,,,,,,/app/training,dev_2d73e02d-8068-4917-8e1d-bcd4688456d1,,,,,,,,,,,,,,,,,,,,,,,,,,,,,,,,,,,,,,,,,,,,,,,,,,,,,,,,,,,,,,,,,,
training_event,training,4958d349-1ff1-4f6b-8344-fca7d4d717aa,ee758a09-214b-4427-a1a1-bb275fee7784,2026-09-06T09:51:37.435000+00:00,keyup,67,,91.4,,,,,,,,,paragraph_typing,0,,,,,,,,,,/app/training,dev_2d73e02d-8068-4917-8e1d-bcd4688456d1,,,,,,,,,,,,,,,,,,,,,,,,,,,,,,,,,,,,,,,,,,,,,,,,,,,,,,,,,,,,,,,,,,
training_event,training,4958d349-1ff1-4f6b-8344-fca7d4d717aa,ee758a09-214b-4427-a1a1-bb275fee7784,2026-09-06T09:51:37.536000+00:00,keydown,79,o,,192.4,,,,,,,,paragraph_typing,0,,,,,,,,,,/app/training,dev_2d73e02d-8068-4917-8e1d-bcd4688456d1,,,,,,,,,,,,,,,,,,,,,,,,,,,,,,,,,,,,,,,,,,,,,,,,,,,,,,,,,,,,,,,,,,
training_event,training,4958d349-1ff1-4f6b-8344-fca7d4d717aa,ee758a09-214b-4427-a1a1-bb275fee7784,2026-09-06T09:51:37.612000+00:00,keyup,79,,76.6,,,,,,,,,paragraph_typing,0,,,,,,,,,,/app/training,dev_2d73e02d-8068-4917-8e1d-bcd4688456d1,,,,,,,,,,,,,,,,,,,,,,,,,,,,,,,,,,,,,,,,,,,,,,,,,,,,,,,,,,,,,,,,,,
training_event,training,4958d349-1ff1-4f6b-8344-fca7d4d717aa,ee758a09-214b-4427-a1a1-bb275fee7784,2026-09-06T09:51:37.877000+00:00,keydown,78,n,,340.9,,,,,,,,paragraph_typing,0,,,,,,,,,,/app/training,dev_2d73e02d-8068-4917-8e1d-bcd4688456d1,,,,,,,,,,,,,,,,,,,,,,,,,,,,,,,,,,,,,,,,,,,,,,,,,,,,,,,,,,,,,,,,,,
training_event,training,4958d349-1ff1-4f6b-8344-fca7d4d717aa,ee758a09-214b-4427-a1a1-bb275fee7784,2026-09-06T09:51:37.941000+00:00,keyup,78,,64.4,,,,,,,,,paragraph_typing,0,,,,,,,,,,/app/training,dev_2d73e02d-8068-4917-8e1d-bcd4688456d1,,,,,,,,,,,,,,,,,,,,,,,,,,,,,,,,,,,,,,,,,,,,,,,,,,,,,,,,,,,,,,,,,,
training_event,training,4958d349-1ff1-4f6b-8344-fca7d4d717aa,ee758a09-214b-4427-a1a1-bb275fee7784,2026-09-06T09:51:39.591000+00:00,keydown,84,t,,1714.6,,,,,,,,paragraph_typing,0,,,,,,,,,,/app/training,dev_2d73e02d-8068-4917-8e1d-bcd4688456d1,,,,,,,,,,,,,,,,,,,,,,,,,,,,,,,,,,,,,,,,,,,,,,,,,,,,,,,,,,,,,,,,,,
training_event,training,4958d349-1ff1-4f6b-8344-fca7d4d717aa,ee758a09-214b-4427-a1a1-bb275fee7784,2026-09-06T09:51:39.723000+00:00,keyup,84,,132.3,,,,,,,,,paragraph_typing,0,,,,,,,,,,/app/training,dev_2d73e02d-8068-4917-8e1d-bcd4688456d1,,,,,,,,,,,,,,,,,,,,,,,,,,,,,,,,,,,,,,,,,,,,,,,,,,,,,,,,,,,,,,,,,,
training_event,training,4958d349-1ff1-4f6b-8344-fca7d4d717aa,ee758a09-214b-4427-a1a1-bb275fee7784,2026-09-06T09:51:40.047000+00:00,keydown,73,i,,455.4,,,,,,,,paragraph_typing,0,,,,,,,,,,/app/training,dev_2d73e02d-8068-4917-8e1d-bcd4688456d1,,,,,,,,,,,,,,,,,,,,,,,,,,,,,,,,,,,,,,,,,,,,,,,,,,,,,,,,,,,,,,,,,,
training_event,training,4958d349-1ff1-4f6b-8344-fca7d4d717aa,ee758a09-214b-4427-a1a1-bb275fee7784,2026-09-06T09:51:40.135000+00:00,keyup,73,,88.4,,,,,,,,,paragraph_typing,0,,,,,,,,,,/app/training,dev_2d73e02d-8068-4917-8e1d-bcd4688456d1,,,,,,,,,,,,,,,,,,,,,,,,,,,,,,,,,,,,,,,,,,,,,,,,,,,,,,,,,,,,,,,,,,
training_event,training,4958d349-1ff1-4f6b-8344-fca7d4d717aa,ee758a09-214b-4427-a1a1-bb275fee7784,2026-09-06T09:51:41.863000+00:00,keydown,78,n,,1816.6,,,,,,,,paragraph_typing,0,,,,,,,,,,/app/training,dev_2d73e02d-8068-4917-8e1d-bcd4688456d1,,,,,,,,,,,,,,,,,,,,,,,,,,,,,,,,,,,,,,,,,,,,,,,,,,,,,,,,,,,,,,,,,,
training_event,training,4958d349-1ff1-4f6b-8344-fca7d4d717aa,ee758a09-214b-4427-a1a1-bb275fee7784,2026-09-06T09:51:41.942000+00:00,keyup,78,,78.7,,,,,,,,,paragraph_typing,0,,,,,,,,,,/app/training,dev_2d73e02d-8068-4917-8e1d-bcd4688456d1,,,,,,,,,,,,,,,,,,,,,,,,,,,,,,,,,,,,,,,,,,,,,,,,,,,,,,,,,,,,,,,,,,
training_event,training,4958d349-1ff1-4f6b-8344-fca7d4d717aa,ee758a09-214b-4427-a1a1-bb275fee7784,2026-09-06T09:51:42.690000+00:00,keydown,85,u,,826.6,,,,,,,,paragraph_typing,0,,,,,,,,,,/app/training,dev_2d73e02d-8068-4917-8e1d-bcd4688456d1,,,,,,,,,,,,,,,,,,,,,,,,,,,,,,,,,,,,,,,,,,,,,,,,,,,,,,,,,,,,,,,,,,
training_event,training,4958d349-1ff1-4f6b-8344-fca7d4d717aa,ee758a09-214b-4427-a1a1-bb275fee7784,2026-09-06T09:51:42.809000+00:00,keyup,85,,119.0,,,,,,,,,paragraph_typing,0,,,,,,,,,,/app/training,dev_2d73e02d-8068-4917-8e1d-bcd4688456d1,,,,,,,,,,,,,,,,,,,,,,,,,,,,,,,,,,,,,,,,,,,,,,,,,,,,,,,,,,,,,,,,,,
training_event,training,4958d349-1ff1-4f6b-8344-fca7d4d717aa,ee758a09-214b-4427-a1a1-bb275fee7784,2026-09-06T09:51:43.457000+00:00,keydown,79,o,,767.8,,,,,,,,paragraph_typing,0,,,,,,,,,,/app/training,dev_2d73e02d-8068-4917-8e1d-bcd4688456d1,,,,,,,,,,,,,,,,,,,,,,,,,,,,,,,,,,,,,,,,,,,,,,,,,,,,,,,,,,,,,,,,,,
training_event,training,4958d349-1ff1-4f6b-8344-fca7d4d717aa,ee758a09-214b-4427-a1a1-bb275fee7784,2026-09-06T09:51:43.555000+00:00,keyup,79,,97.3,,,,,,,,,paragraph_typing,0,,,,,,,,,,/app/training,dev_2d73e02d-8068-4917-8e1d-bcd4688456d1,,,,,,,,,,,,,,,,,,,,,,,,,,,,,,,,,,,,,,,,,,,,,,,,,,,,,,,,,,,,,,,,,,
training_event,training,4958d349-1ff1-4f6b-8344-fca7d4d717aa,ee758a09-214b-4427-a1a1-bb275fee7784,2026-09-06T09:51:45.359000+00:00,keydown,85,u,,1901.8,,,,,,,,paragraph_typing,0,,,,,,,,,,/app/training,dev_2d73e02d-8068-4917-8e1d-bcd4688456d1,,,,,,,,,,,,,,,,,,,,,,,,,,,,,,,,,,,,,,,,,,,,,,,,,,,,,,,,,,,,,,,,,,
training_event,training,4958d349-1ff1-4f6b-8344-fca7d4d717aa,ee758a09-214b-4427-a1a1-bb275fee7784,2026-09-06T09:51:45.426000+00:00,keyup,85,,66.5,,,,,,,,,paragraph_typing,0,,,,,,,,,,/app/training,dev_2d73e02d-8068-4917-8e1d-bcd4688456d1,,,,,,,,,,,,,,,,,,,,,,,,,,,,,,,,,,,,,,,,,,,,,,,,,,,,,,,,,,,,,,,,,,
training_event,training,4958d349-1ff1-4f6b-8344-fca7d4d717aa,ee758a09-214b-4427-a1a1-bb275fee7784,2026-09-06T09:51:45.862000+00:00,keydown,83,s,,503.1,,,,,,,,paragraph_typing,0,,,,,,,,,,/app/training,dev_2d73e02d-8068-4917-8e1d-bcd4688456d1,,,,,,,,,,,,,,,,,,,,,,,,,,,,,,,,,,,,,,,,,,,,,,,,,,,,,,,,,,,,,,,,,,
training_event,training,4958d349-1ff1-4f6b-8344-fca7d4d717aa,ee758a09-214b-4427-a1a1-bb275fee7784,2026-09-06T09:51:45.987000+00:00,keyup,83,,124.7,,,,,,,,,paragraph_typing,0,,,,,,,,,,/app/training,dev_2d73e02d-8068-4917-8e1d-bcd4688456d1,,,,,,,,,,,,,,,,,,,,,,,,,,,,,,,,,,,,,,,,,,,,,,,,,,,,,,,,,,,,,,,,,,
training_event,training,4958d349-1ff1-4f6b-8344-fca7d4d717aa,ee758a09-214b-4427-a1a1-bb275fee7784,2026-09-06T09:51:46.076000+00:00,keydown,76,l,,213.3,,,,,,,,paragraph_typing,0,,,,,,,,,,/app/training,dev_2d73e02d-8068-4917-8e1d-bcd4688456d1,,,,,,,,,,,,,,,,,,,,,,,,,,,,,,,,,,,,,,,,,,,,,,,,,,,,,,,,,,,,,,,,,,
training_event,training,4958d349-1ff1-4f6b-8344-fca7d4d717aa,ee758a09-214b-4427-a1a1-bb275fee7784,2026-09-06T09:51:46.155000+00:00,keyup,76,,79.2,,,,,,,,,paragraph_typing,0,,,,,,,,,,/app/training,dev_2d73e02d-8068-4917-8e1d-bcd4688456d1,,,,,,,,,,,,,,,,,,,,,,,,,,,,,,,,,,,,,,,,,,,,,,,,,,,,,,,,,,,,,,,,,,
training_event,training,4958d349-1ff1-4f6b-8344-fca7d4d717aa,ee758a09-214b-4427-a1a1-bb275fee7784,2026-09-06T09:51:46.511000+00:00,keydown,89,y,,435.0,,,,,,,,paragraph_typing,0,,,,,,,,,,/app/training,dev_2d73e02d-8068-4917-8e1d-bcd4688456d1,,,,,,,,,,,,,,,,,,,,,,,,,,,,,,,,,,,,,,,,,,,,,,,,,,,,,,,,,,,,,,,,,,
training_event,training,4958d349-1ff1-4f6b-8344-fca7d4d717aa,ee758a09-214b-4427-a1a1-bb275fee7784,2026-09-06T09:51:46.622000+00:00,keyup,89,,110.8,,,,,,,,,paragraph_typing,0,,,,,,,,,,/app/training,dev_2d73e02d-8068-4917-8e1d-bcd4688456d1,,,,,,,,,,,,,,,,,,,,,,,,,,,,,,,,,,,,,,,,,,,,,,,,,,,,,,,,,,,,,,,,,,
training_event,training,4958d349-1ff1-4f6b-8344-fca7d4d717aa,ee758a09-214b-4427-a1a1-bb275fee7784,2026-09-06T09:51:47.256000+00:00,keydown,32, ,,745.5,,,,,,,,paragraph_typing,0,,,,,,,,,,/app/training,dev_2d73e02d-8068-4917-8e1d-bcd4688456d1,,,,,,,,,,,,,,,,,,,,,,,,,,,,,,,,,,,,,,,,,,,,,,,,,,,,,,,,,,,,,,,,,,
training_event,training,4958d349-1ff1-4f6b-8344-fca7d4d717aa,ee758a09-214b-4427-a1a1-bb275fee7784,2026-09-06T09:51:47.388000+00:00,keyup,32,,132.0,,,,,,,,,paragraph_typing,0,,,,,,,,,,/app/training,dev_2d73e02d-8068-4917-8e1d-bcd4688456d1,,,,,,,,,,,,,,,,,,,,,,,,,,,,,,,,,,,,,,,,,,,,,,,,,,,,,,,,,,,,,,,,,,
training_event,training,4958d349-1ff1-4f6b-8344-fca7d4d717aa,ee758a09-214b-4427-a1a1-bb275fee7784,2026-09-06T09:51:47.639000+00:00,keydown,76,l,,382.9,,,,,,,,paragraph_typing,0,,,,,,,,,,/app/training,dev_2d73e02d-8068-4917-8e1d-bcd4688456d1,,,,,,,,,,,,,,,,,,,,,,,,,,,,,,,,,,,,,,,,,,,,,,,,,,,,,,,,,,,,,,,,,,
training_event,training,4958d349-1ff1-4f6b-8344-fca7d4d717aa,ee758a09-214b-4427-a1a1-bb275fee7784,2026-09-06T09:51:47.713000+00:00,keyup,76,,73.5,,,,,,,,,paragraph_typing,0,,,,,,,,,,/app/training,dev_2d73e02d-8068-4917-8e1d-bcd4688456d1,,,,,,,,,,,,,,,,,,,,,,,,,,,,,,,,,,,,,,,,,,,,,,,,,,,,,,,,,,,,,,,,,,
training_event,training,4958d349-1ff1-4f6b-8344-fca7d4d717aa,ee758a09-214b-4427-a1a1-bb275fee7784,2026-09-06T09:51:47.843000+00:00,keydown,69,e,,203.4,,,,,,,,paragraph_typing,0,,,,,,,,,,/app/training,dev_2d73e02d-8068-4917-8e1d-bcd4688456d1,,,,,,,,,,,,,,,,,,,,,,,,,,,,,,,,,,,,,,,,,,,,,,,,,,,,,,,,,,,,,,,,,,
training_event,training,4958d349-1ff1-4f6b-8344-fca7d4d717aa,ee758a09-214b-4427-a1a1-bb275fee7784,2026-09-06T09:51:47.958000+00:00,keyup,69,,115.7,,,,,,,,,paragraph_typing,0,,,,,,,,,,/app/training,dev_2d73e02d-8068-4917-8e1d-bcd4688456d1,,,,,,,,,,,,,,,,,,,,,,,,,,,,,,,,,,,,,,,,,,,,,,,,,,,,,,,,,,,,,,,,,,
training_event,training,4958d349-1ff1-4f6b-8344-fca7d4d717aa,ee758a09-214b-4427-a1a1-bb275fee7784,2026-09-06T09:51:47.980000+00:00,keydown,65,a,,137.9,,,,,,,,paragraph_typing,0,,,,,,,,,,/app/training,dev_2d73e02d-8068-4917-8e1d-bcd4688456d1,,,,,,,,,,,,,,,,,,,,,,,,,,,,,,,,,,,,,,,,,,,,,,,,,,,,,,,,,,,,,,,,,,
training_event,training,4958d349-1ff1-4f6b-8344-fca7d4d717aa,ee758a09-214b-4427-a1a1-bb275fee7784,2026-09-06T09:51:48.125000+00:00,keyup,65,,144.3,,,,,,,,,paragraph_typing,0,,,,,,,,,,/app/training,dev_2d73e02d-8068-4917-8e1d-bcd4688456d1,,,,,,,,,,,,,,,,,,,,,,,,,,,,,,,,,,,,,,,,,,,,,,,,,,,,,,,,,,,,,,,,,,
training_event,training,4958d349-1ff1-4f6b-8344-fca7d4d717aa,ee758a09-214b-4427-a1a1-bb275fee7784,2026-09-06T09:51:48.302000+00:00,keydown,82,r,,321.7,,,,,,,,paragraph_typing,0,,,,,,,,,,/app/training,dev_2d73e02d-8068-4917-8e1d-bcd4688456d1,,,,,,,,,,,,,,,,,,,,,,,,,,,,,,,,,,,,,,,,,,,,,,,,,,,,,,,,,,,,,,,,,,
training_event,training,4958d349-1ff1-4f6b-8344-fca7d4d717aa,ee758a09-214b-4427-a1a1-bb275fee7784,2026-09-06T09:51:48.405000+00:00,keyup,82,,102.9,,,,,,,,,paragraph_typing,0,,,,,,,,,,/app/training,dev_2d73e02d-8068-4917-8e1d-bcd4688456d1,,,,,,,,,,,,,,,,,,,,,,,,,,,,,,,,,,,,,,,,,,,,,,,,,,,,,,,,,,,,,,,,,,
training_event,training,4958d349-1ff1-4f6b-8344-fca7d4d717aa,ee758a09-214b-4427-a1a1-bb275fee7784,2026-09-06T09:51:48.488000+00:00,keydown,78,n,,185.9,,,,,,,,paragraph_typing,0,,,,,,,,,,/app/training,dev_2d73e02d-8068-4917-8e1d-bcd4688456d1,,,,,,,,,,,,,,,,,,,,,,,,,,,,,,,,,,,,,,,,,,,,,,,,,,,,,,,,,,,,,,,,,,
training_event,training,4958d349-1ff1-4f6b-8344-fca7d4d717aa,ee758a09-214b-4427-a1a1-bb275fee7784,2026-09-06T09:51:48.540000+00:00,keyup,78,,51.5,,,,,,,,,paragraph_typing,0,,,,,,,,,,/app/training,dev_2d73e02d-8068-4917-8e1d-bcd4688456d1,,,,,,,,,,,,,,,,,,,,,,,,,,,,,,,,,,,,,,,,,,,,,,,,,,,,,,,,,,,,,,,,,,
training_event,training,4958d349-1ff1-4f6b-8344-fca7d4d717aa,ee758a09-214b-4427-a1a1-bb275fee7784,2026-09-06T09:51:48.656000+00:00,keydown,83,s,,168.0,,,,,,,,paragraph_typing,0,,,,,,,,,,/app/training,dev_2d73e02d-8068-4917-8e1d-bcd4688456d1,,,,,,,,,,,,,,,,,,,,,,,,,,,,,,,,,,,,,,,,,,,,,,,,,,,,,,,,,,,,,,,,,,
training_event,training,4958d349-1ff1-4f6b-8344-fca7d4d717aa,ee758a09-214b-4427-a1a1-bb275fee7784,2026-09-06T09:51:48.824000+00:00,keydown,32, ,,167.6,,,,,,,,paragraph_typing,0,,,,,,,,,,/app/training,dev_2d73e02d-8068-4917-8e1d-bcd4688456d1,,,,,,,,,,,,,,,,,,,,,,,,,,,,,,,,,,,,,,,,,,,,,,,,,,,,,,,,,,,,,,,,,,
training_event,training,4958d349-1ff1-4f6b-8344-fca7d4d717aa,ee758a09-214b-4427-a1a1-bb275fee7784,2026-09-06T09:51:48.829000+00:00,keyup,83,,172.6,,,,,,,,,paragraph_typing,0,,,,,,,,,,/app/training,dev_2d73e02d-8068-4917-8e1d-bcd4688456d1,,,,,,,,,,,,,,,,,,,,,,,,,,,,,,,,,,,,,,,,,,,,,,,,,,,,,,,,,,,,,,,,,,
training_event,training,4958d349-1ff1-4f6b-8344-fca7d4d717aa,ee758a09-214b-4427-a1a1-bb275fee7784,2026-09-06T09:51:48.970000+00:00,keyup,32,,146.2,,,,,,,,,paragraph_typing,0,,,,,,,,,,/app/training,dev_2d73e02d-8068-4917-8e1d-bcd4688456d1,,,,,,,,,,,,,,,,,,,,,,,,,,,,,,,,,,,,,,,,,,,,,,,,,,,,,,,,,,,,,,,,,,
training_event,training,4958d349-1ff1-4f6b-8344-fca7d4d717aa,ee758a09-214b-4427-a1a1-bb275fee7784,2026-09-06T09:51:49.990000+00:00,keydown,72,h,,1166.7,,,,,,,,paragraph_typing,0,,,,,,,,,,/app/training,dev_2d73e02d-8068-4917-8e1d-bcd4688456d1,,,,,,,,,,,,,,,,,,,,,,,,,,,,,,,,,,,,,,,,,,,,,,,,,,,,,,,,,,,,,,,,,,
training_event,training,4958d349-1ff1-4f6b-8344-fca7d4d717aa,ee758a09-214b-4427-a1a1-bb275fee7784,2026-09-06T09:51:50.125000+00:00,keyup,72,,134.2,,,,,,,,,paragraph_typing,0,,,,,,,,,,/app/training,dev_2d73e02d-8068-4917-8e1d-bcd4688456d1,,,,,,,,,,,,,,,,,,,,,,,,,,,,,,,,,,,,,,,,,,,,,,,,,,,,,,,,,,,,,,,,,,
training_event,training,4958d349-1ff1-4f6b-8344-fca7d4d717aa,ee758a09-214b-4427-a1a1-bb275fee7784,2026-09-06T09:51:50.263000+00:00,keydown,79,o,,272.4,,,,,,,,paragraph_typing,0,,,,,,,,,,/app/training,dev_2d73e02d-8068-4917-8e1d-bcd4688456d1,,,,,,,,,,,,,,,,,,,,,,,,,,,,,,,,,,,,,,,,,,,,,,,,,,,,,,,,,,,,,,,,,,
training_event,training,4958d349-1ff1-4f6b-8344-fca7d4d717aa,ee758a09-214b-4427-a1a1-bb275fee7784,2026-09-06T09:51:50.355000+00:00,keyup,79,,91.9,,,,,,,,,paragraph_typing,0,,,,,,,,,,/app/training,dev_2d73e02d-8068-4917-8e1d-bcd4688456d1,,,,,,,,,,,,,,,,,,,,,,,,,,,,,,,,,,,,,,,,,,,,,,,,,,,,,,,,,,,,,,,,,,
training_event,training,4958d349-1ff1-4f6b-8344-fca7d4d717aa,ee758a09-214b-4427-a1a1-bb275fee7784,2026-09-06T09:51:50.453000+00:00,keydown,87,w,,189.9,,,,,,,,paragraph_typing,0,,,,,,,,,,/app/training,dev_2d73e02d-8068-4917-8e1d-bcd4688456d1,,,,,,,,,,,,,,,,,,,,,,,,,,,,,,,,,,,,,,,,,,,,,,,,,,,,,,,,,,,,,,,,,,
training_event,training,4958d349-1ff1-4f6b-8344-fca7d4d717aa,ee758a09-214b-4427-a1a1-bb275fee7784,2026-09-06T09:51:50.590000+00:00,keydown,32, ,,137.2,,,,,,,,paragraph_typing,0,,,,,,,,,,/app/training,dev_2d73e02d-8068-4917-8e1d-bcd4688456d1,,,,,,,,,,,,,,,,,,,,,,,,,,,,,,,,,,,,,,,,,,,,,,,,,,,,,,,,,,,,,,,,,,
training_event,training,4958d349-1ff1-4f6b-8344-fca7d4d717aa,ee758a09-214b-4427-a1a1-bb275fee7784,2026-09-06T09:51:50.612000+00:00,keyup,87,,159.5,,,,,,,,,paragraph_typing,0,,,,,,,,,,/app/training,dev_2d73e02d-8068-4917-8e1d-bcd4688456d1,,,,,,,,,,,,,,,,,,,,,,,,,,,,,,,,,,,,,,,,,,,,,,,,,,,,,,,,,,,,,,,,,,
training_event,training,4958d349-1ff1-4f6b-8344-fca7d4d717aa,ee758a09-214b-4427-a1a1-bb275fee7784,2026-09-06T09:51:50.708000+00:00,keyup,32,,117.7,,,,,,,,,paragraph_typing,0,,,,,,,,,,/app/training,dev_2d73e02d-8068-4917-8e1d-bcd4688456d1,,,,,,,,,,,,,,,,,,,,,,,,,,,,,,,,,,,,,,,,,,,,,,,,,,,,,,,,,,,,,,,,,,
training_event,training,4958d349-1ff1-4f6b-8344-fca7d4d717aa,ee758a09-214b-4427-a1a1-bb275fee7784,2026-09-06T09:51:50.858000+00:00,keydown,65,a,,267.8,,,,,,,,paragraph_typing,0,,,,,,,,,,/app/training,dev_2d73e02d-8068-4917-8e1d-bcd4688456d1,,,,,,,,,,,,,,,,,,,,,,,,,,,,,,,,,,,,,,,,,,,,,,,,,,,,,,,,,,,,,,,,,,
training_event,training,4958d349-1ff1-4f6b-8344-fca7d4d717aa,ee758a09-214b-4427-a1a1-bb275fee7784,2026-09-06T09:51:51.041000+00:00,keyup,65,,183.7,,,,,,,,,paragraph_typing,0,,,,,,,,,,/app/training,dev_2d73e02d-8068-4917-8e1d-bcd4688456d1,,,,,,,,,,,,,,,,,,,,,,,,,,,,,,,,,,,,,,,,,,,,,,,,,,,,,,,,,,,,,,,,,,
training_event,training,4958d349-1ff1-4f6b-8344-fca7d4d717aa,ee758a09-214b-4427-a1a1-bb275fee7784,2026-09-06T09:51:51.063000+00:00,keydown,32, ,,205.6,,,,,,,,paragraph_typing,0,,,,,,,,,,/app/training,dev_2d73e02d-8068-4917-8e1d-bcd4688456d1,,,,,,,,,,,,,,,,,,,,,,,,,,,,,,,,,,,,,,,,,,,,,,,,,,,,,,,,,,,,,,,,,,
training_event,training,4958d349-1ff1-4f6b-8344-fca7d4d717aa,ee758a09-214b-4427-a1a1-bb275fee7784,2026-09-06T09:51:51.151000+00:00,keyup,32,,88.2,,,,,,,,,paragraph_typing,0,,,,,,,,,,/app/training,dev_2d73e02d-8068-4917-8e1d-bcd4688456d1,,,,,,,,,,,,,,,,,,,,,,,,,,,,,,,,,,,,,,,,,,,,,,,,,,,,,,,,,,,,,,,,,,
training_event,training,4958d349-1ff1-4f6b-8344-fca7d4d717aa,ee758a09-214b-4427-a1a1-bb275fee7784,2026-09-06T09:51:51.973000+00:00,keydown,85,u,,910.2,,,,,,,,paragraph_typing,0,,,,,,,,,,/app/training,dev_2d73e02d-8068-4917-8e1d-bcd4688456d1,,,,,,,,,,,,,,,,,,,,,,,,,,,,,,,,,,,,,,,,,,,,,,,,,,,,,,,,,,,,,,,,,,
training_event,training,4958d349-1ff1-4f6b-8344-fca7d4d717aa,ee758a09-214b-4427-a1a1-bb275fee7784,2026-09-06T09:51:52.062000+00:00,keyup,85,,88.8,,,,,,,,,paragraph_typing,0,,,,,,,,,,/app/training,dev_2d73e02d-8068-4917-8e1d-bcd4688456d1,,,,,,,,,,,,,,,,,,,,,,,,,,,,,,,,,,,,,,,,,,,,,,,,,,,,,,,,,,,,,,,,,,
training_event,training,4958d349-1ff1-4f6b-8344-fca7d4d717aa,ee758a09-214b-4427-a1a1-bb275fee7784,2026-09-06T09:51:52.469000+00:00,keydown,83,s,,495.4,,,,,,,,paragraph_typing,0,,,,,,,,,,/app/training,dev_2d73e02d-8068-4917-8e1d-bcd4688456d1,,,,,,,,,,,,,,,,,,,,,,,,,,,,,,,,,,,,,,,,,,,,,,,,,,,,,,,,,,,,,,,,,,
training_event,training,4958d349-1ff1-4f6b-8344-fca7d4d717aa,ee758a09-214b-4427-a1a1-bb275fee7784,2026-09-06T09:51:52.552000+00:00,keyup,83,,83.2,,,,,,,,,paragraph_typing,0,,,,,,,,,,/app/training,dev_2d73e02d-8068-4917-8e1d-bcd4688456d1,,,,,,,,,,,,,,,,,,,,,,,,,,,,,,,,,,,,,,,,,,,,,,,,,,,,,,,,,,,,,,,,,,
training_event,training,4958d349-1ff1-4f6b-8344-fca7d4d717aa,ee758a09-214b-4427-a1a1-bb275fee7784,2026-09-06T09:51:52.780000+00:00,keydown,69,e,,311.1,,,,,,,,paragraph_typing,0,,,,,,,,,,/app/training,dev_2d73e02d-8068-4917-8e1d-bcd4688456d1,,,,,,,,,,,,,,,,,,,,,,,,,,,,,,,,,,,,,,,,,,,,,,,,,,,,,,,,,,,,,,,,,,
training_event,training,4958d349-1ff1-4f6b-8344-fca7d4d717aa,ee758a09-214b-4427-a1a1-bb275fee7784,2026-09-06T09:51:52.888000+00:00,keyup,69,,107.6,,,,,,,,,paragraph_typing,0,,,,,,,,,,/app/training,dev_2d73e02d-8068-4917-8e1d-bcd4688456d1,,,,,,,,,,,,,,,,,,,,,,,,,,,,,,,,,,,,,,,,,,,,,,,,,,,,,,,,,,,,,,,,,,
training_event,training,4958d349-1ff1-4f6b-8344-fca7d4d717aa,ee758a09-214b-4427-a1a1-bb275fee7784,2026-09-06T09:51:53.139000+00:00,keydown,82,r,,359.2,,,,,,,,paragraph_typing,0,,,,,,,,,,/app/training,dev_2d73e02d-8068-4917-8e1d-bcd4688456d1,,,,,,,,,,,,,,,,,,,,,,,,,,,,,,,,,,,,,,,,,,,,,,,,,,,,,,,,,,,,,,,,,,
training_event,training,4958d349-1ff1-4f6b-8344-fca7d4d717aa,ee758a09-214b-4427-a1a1-bb275fee7784,2026-09-06T09:51:53.221000+00:00,keyup,82,,82.0,,,,,,,,,paragraph_typing,0,,,,,,,,,,/app/training,dev_2d73e02d-8068-4917-8e1d-bcd4688456d1,,,,,,,,,,,,,,,,,,,,,,,,,,,,,,,,,,,,,,,,,,,,,,,,,,,,,,,,,,,,,,,,,,
training_event,training,4958d349-1ff1-4f6b-8344-fca7d4d717aa,ee758a09-214b-4427-a1a1-bb275fee7784,2026-09-06T09:51:53.357000+00:00,keydown,32, ,,218.3,,,,,,,,paragraph_typing,0,,,,,,,,,,/app/training,dev_2d73e02d-8068-4917-8e1d-bcd4688456d1,,,,,,,,,,,,,,,,,,,,,,,,,,,,,,,,,,,,,,,,,,,,,,,,,,,,,,,,,,,,,,,,,,
training_event,training,4958d349-1ff1-4f6b-8344-fca7d4d717aa,ee758a09-214b-4427-a1a1-bb275fee7784,2026-09-06T09:51:53.476000+00:00,keyup,32,,118.3,,,,,,,,,paragraph_typing,0,,,,,,,,,,/app/training,dev_2d73e02d-8068-4917-8e1d-bcd4688456d1,,,,,,,,,,,,,,,,,,,,,,,,,,,,,,,,,,,,,,,,,,,,,,,,,,,,,,,,,,,,,,,,,,
training_event,training,4958d349-1ff1-4f6b-8344-fca7d4d717aa,ee758a09-214b-4427-a1a1-bb275fee7784,2026-09-06T09:51:53.657000+00:00,keydown,73,i,,299.9,,,,,,,,paragraph_typing,0,,,,,,,,,,/app/training,dev_2d73e02d-8068-4917-8e1d-bcd4688456d1,,,,,,,,,,,,,,,,,,,,,,,,,,,,,,,,,,,,,,,,,,,,,,,,,,,,,,,,,,,,,,,,,,
training_event,training,4958d349-1ff1-4f6b-8344-fca7d4d717aa,ee758a09-214b-4427-a1a1-bb275fee7784,2026-09-06T09:51:53.724000+00:00,keyup,73,,67.0,,,,,,,,,paragraph_typing,0,,,,,,,,,,/app/training,dev_2d73e02d-8068-4917-8e1d-bcd4688456d1,,,,,,,,,,,,,,,,,,,,,,,,,,,,,,,,,,,,,,,,,,,,,,,,,,,,,,,,,,,,,,,,,,
training_event,training,4958d349-1ff1-4f6b-8344-fca7d4d717aa,ee758a09-214b-4427-a1a1-bb275fee7784,2026-09-06T09:51:55.126000+00:00,keydown,78,n,,1469.1,,,,,,,,paragraph_typing,0,,,,,,,,,,/app/training,dev_2d73e02d-8068-4917-8e1d-bcd4688456d1,,,,,,,,,,,,,,,,,,,,,,,,,,,,,,,,,,,,,,,,,,,,,,,,,,,,,,,,,,,,,,,,,,
training_event,training,4958d349-1ff1-4f6b-8344-fca7d4d717aa,ee758a09-214b-4427-a1a1-bb275fee7784,2026-09-06T09:51:55.193000+00:00,keyup,78,,66.3,,,,,,,,,paragraph_typing,0,,,,,,,,,,/app/training,dev_2d73e02d-8068-4917-8e1d-bcd4688456d1,,,,,,,,,,,,,,,,,,,,,,,,,,,,,,,,,,,,,,,,,,,,,,,,,,,,,,,,,,,,,,,,,,
training_event,training,4958d349-1ff1-4f6b-8344-fca7d4d717aa,ee758a09-214b-4427-a1a1-bb275fee7784,2026-09-06T09:51:55.397000+00:00,keydown,84,t,,270.4,,,,,,,,paragraph_typing,0,,,,,,,,,,/app/training,dev_2d73e02d-8068-4917-8e1d-bcd4688456d1,,,,,,,,,,,,,,,,,,,,,,,,,,,,,,,,,,,,,,,,,,,,,,,,,,,,,,,,,,,,,,,,,,
training_event,training,4958d349-1ff1-4f6b-8344-fca7d4d717aa,ee758a09-214b-4427-a1a1-bb275fee7784,2026-09-06T09:51:55.469000+00:00,keyup,84,,72.3,,,,,,,,,paragraph_typing,0,,,,,,,,,,/app/training,dev_2d73e02d-8068-4917-8e1d-bcd4688456d1,,,,,,,,,,,,,,,,,,,,,,,,,,,,,,,,,,,,,,,,,,,,,,,,,,,,,,,,,,,,,,,,,,
training_event,training,4958d349-1ff1-4f6b-8344-fca7d4d717aa,ee758a09-214b-4427-a1a1-bb275fee7784,2026-09-06T09:51:55.941000+00:00,keydown,69,e,,543.7,,,,,,,,paragraph_typing,0,,,,,,,,,,/app/training,dev_2d73e02d-8068-4917-8e1d-bcd4688456d1,,,,,,,,,,,,,,,,,,,,,,,,,,,,,,,,,,,,,,,,,,,,,,,,,,,,,,,,,,,,,,,,,,
training_event,training,4958d349-1ff1-4f6b-8344-fca7d4d717aa,ee758a09-214b-4427-a1a1-bb275fee7784,2026-09-06T09:51:56.005000+00:00,keyup,69,,64.2,,,,,,,,,paragraph_typing,0,,,,,,,,,,/app/training,dev_2d73e02d-8068-4917-8e1d-bcd4688456d1,,,,,,,,,,,,,,,,,,,,,,,,,,,,,,,,,,,,,,,,,,,,,,,,,,,,,,,,,,,,,,,,,,
training_event,training,4958d349-1ff1-4f6b-8344-fca7d4d717aa,ee758a09-214b-4427-a1a1-bb275fee7784,2026-09-06T09:51:56.143000+00:00,keydown,82,r,,203.0,,,,,,,,paragraph_typing,0,,,,,,,,,,/app/training,dev_2d73e02d-8068-4917-8e1d-bcd4688456d1,,,,,,,,,,,,,,,,,,,,,,,,,,,,,,,,,,,,,,,,,,,,,,,,,,,,,,,,,,,,,,,,,,
training_event,training,4958d349-1ff1-4f6b-8344-fca7d4d717aa,ee758a09-214b-4427-a1a1-bb275fee7784,2026-09-06T09:51:56.226000+00:00,keyup,82,,82.7,,,,,,,,,paragraph_typing,0,,,,,,,,,,/app/training,dev_2d73e02d-8068-4917-8e1d-bcd4688456d1,,,,,,,,,,,,,,,,,,,,,,,,,,,,,,,,,,,,,,,,,,,,,,,,,,,,,,,,,,,,,,,,,,
training_event,training,4958d349-1ff1-4f6b-8344-fca7d4d717aa,ee758a09-214b-4427-a1a1-bb275fee7784,2026-09-06T09:51:56.457000+00:00,keydown,65,a,,313.5,,,,,,,,paragraph_typing,0,,,,,,,,,,/app/training,dev_2d73e02d-8068-4917-8e1d-bcd4688456d1,,,,,,,,,,,,,,,,,,,,,,,,,,,,,,,,,,,,,,,,,,,,,,,,,,,,,,,,,,,,,,,,,,
training_event,training,4958d349-1ff1-4f6b-8344-fca7d4d717aa,ee758a09-214b-4427-a1a1-bb275fee7784,2026-09-06T09:51:56.589000+00:00,keyup,65,,131.5,,,,,,,,,paragraph_typing,0,,,,,,,,,,/app/training,dev_2d73e02d-8068-4917-8e1d-bcd4688456d1,,,,,,,,,,,,,,,,,,,,,,,,,,,,,,,,,,,,,,,,,,,,,,,,,,,,,,,,,,,,,,,,,,
training_event,training,4958d349-1ff1-4f6b-8344-fca7d4d717aa,ee758a09-214b-4427-a1a1-bb275fee7784,2026-09-06T09:51:56.760000+00:00,keydown,67,c,,303.0,,,,,,,,paragraph_typing,0,,,,,,,,,,/app/training,dev_2d73e02d-8068-4917-8e1d-bcd4688456d1,,,,,,,,,,,,,,,,,,,,,,,,,,,,,,,,,,,,,,,,,,,,,,,,,,,,,,,,,,,,,,,,,,
training_event,training,4958d349-1ff1-4f6b-8344-fca7d4d717aa,ee758a09-214b-4427-a1a1-bb275fee7784,2026-09-06T09:51:56.855000+00:00,keyup,67,,94.8,,,,,,,,,paragraph_typing,0,,,,,,,,,,/app/training,dev_2d73e02d-8068-4917-8e1d-bcd4688456d1,,,,,,,,,,,,,,,,,,,,,,,,,,,,,,,,,,,,,,,,,,,,,,,,,,,,,,,,,,,,,,,,,,
training_event,training,4958d349-1ff1-4f6b-8344-fca7d4d717aa,ee758a09-214b-4427-a1a1-bb275fee7784,2026-09-06T09:51:57.086000+00:00,keydown,84,t,,325.7,,,,,,,,paragraph_typing,0,,,,,,,,,,/app/training,dev_2d73e02d-8068-4917-8e1d-bcd4688456d1,,,,,,,,,,,,,,,,,,,,,,,,,,,,,,,,,,,,,,,,,,,,,,,,,,,,,,,,,,,,,,,,,,
training_event,training,4958d349-1ff1-4f6b-8344-fca7d4d717aa,ee758a09-214b-4427-a1a1-bb275fee7784,2026-09-06T09:51:57.210000+00:00,keyup,84,,123.9,,,,,,,,,paragraph_typing,0,,,,,,,,,,/app/training,dev_2d73e02d-8068-4917-8e1d-bcd4688456d1,,,,,,,,,,,,,,,,,,,,,,,,,,,,,,,,,,,,,,,,,,,,,,,,,,,,,,,,,,,,,,,,,,
training_event,training,4958d349-1ff1-4f6b-8344-fca7d4d717aa,ee758a09-214b-4427-a1a1-bb275fee7784,2026-09-06T09:51:57.285000+00:00,keydown,32, ,,199.5,,,,,,,,paragraph_typing,0,,,,,,,,,,/app/training,dev_2d73e02d-8068-4917-8e1d-bcd4688456d1,,,,,,,,,,,,,,,,,,,,,,,,,,,,,,,,,,,,,,,,,,,,,,,,,,,,,,,,,,,,,,,,,,
training_event,training,4958d349-1ff1-4f6b-8344-fca7d4d717aa,ee758a09-214b-4427-a1a1-bb275fee7784,2026-09-06T09:51:57.374000+00:00,keyup,32,,89.3,,,,,,,,,paragraph_typing,0,,,,,,,,,,/app/training,dev_2d73e02d-8068-4917-8e1d-bcd4688456d1,,,,,,,,,,,,,,,,,,,,,,,,,,,,,,,,,,,,,,,,,,,,,,,,,,,,,,,,,,,,,,,,,,
training_event,training,4958d349-1ff1-4f6b-8344-fca7d4d717aa,ee758a09-214b-4427-a1a1-bb275fee7784,2026-09-06T09:51:58.756000+00:00,keydown,87,w,,1470.5,,,,,,,,paragraph_typing,0,,,,,,,,,,/app/training,dev_2d73e02d-8068-4917-8e1d-bcd4688456d1,,,,,,,,,,,,,,,,,,,,,,,,,,,,,,,,,,,,,,,,,,,,,,,,,,,,,,,,,,,,,,,,,,
training_event,training,4958d349-1ff1-4f6b-8344-fca7d4d717aa,ee758a09-214b-4427-a1a1-bb275fee7784,2026-09-06T09:51:58.867000+00:00,keyup,87,,111.7,,,,,,,,,paragraph_typing,0,,,,,,,,,,/app/training,dev_2d73e02d-8068-4917-8e1d-bcd4688456d1,,,,,,,,,,,,,,,,,,,,,,,,,,,,,,,,,,,,,,,,,,,,,,,,,,,,,,,,,,,,,,,,,,
training_event,training,4958d349-1ff1-4f6b-8344-fca7d4d717aa,ee758a09-214b-4427-a1a1-bb275fee7784,2026-09-06T09:51:58.918000+00:00,keydown,73,i,,161.9,,,,,,,,paragraph_typing,0,,,,,,,,,,/app/training,dev_2d73e02d-8068-4917-8e1d-bcd4688456d1,,,,,,,,,,,,,,,,,,,,,,,,,,,,,,,,,,,,,,,,,,,,,,,,,,,,,,,,,,,,,,,,,,
training_event,training,4958d349-1ff1-4f6b-8344-fca7d4d717aa,ee758a09-214b-4427-a1a1-bb275fee7784,2026-09-06T09:51:58.975000+00:00,keyup,73,,57.3,,,,,,,,,paragraph_typing,0,,,,,,,,,,/app/training,dev_2d73e02d-8068-4917-8e1d-bcd4688456d1,,,,,,,,,,,,,,,,,,,,,,,,,,,,,,,,,,,,,,,,,,,,,,,,,,,,,,,,,,,,,,,,,,
training_event,training,4958d349-1ff1-4f6b-8344-fca7d4d717aa,ee758a09-214b-4427-a1a1-bb275fee7784,2026-09-06T09:51:59.137000+00:00,keydown,84,t,,219.5,,,,,,,,paragraph_typing,0,,,,,,,,,,/app/training,dev_2d73e02d-8068-4917-8e1d-bcd4688456d1,,,,,,,,,,,,,,,,,,,,,,,,,,,,,,,,,,,,,,,,,,,,,,,,,,,,,,,,,,,,,,,,,,
training_event,training,4958d349-1ff1-4f6b-8344-fca7d4d717aa,ee758a09-214b-4427-a1a1-bb275fee7784,2026-09-06T09:51:59.261000+00:00,keydown,72,h,,123.7,,,,,,,,paragraph_typing,0,,,,,,,,,,/app/training,dev_2d73e02d-8068-4917-8e1d-bcd4688456d1,,,,,,,,,,,,,,,,,,,,,,,,,,,,,,,,,,,,,,,,,,,,,,,,,,,,,,,,,,,,,,,,,,
training_event,training,4958d349-1ff1-4f6b-8344-fca7d4d717aa,ee758a09-214b-4427-a1a1-bb275fee7784,2026-09-06T09:51:59.312000+00:00,keyup,84,,174.8,,,,,,,,,paragraph_typing,0,,,,,,,,,,/app/training,dev_2d73e02d-8068-4917-8e1d-bcd4688456d1,,,,,,,,,,,,,,,,,,,,,,,,,,,,,,,,,,,,,,,,,,,,,,,,,,,,,,,,,,,,,,,,,,
training_event,training,4958d349-1ff1-4f6b-8344-fca7d4d717aa,ee758a09-214b-4427-a1a1-bb275fee7784,2026-09-06T09:51:59.345000+00:00,keyup,72,,84.3,,,,,,,,,paragraph_typing,0,,,,,,,,,,/app/training,dev_2d73e02d-8068-4917-8e1d-bcd4688456d1,,,,,,,,,,,,,,,,,,,,,,,,,,,,,,,,,,,,,,,,,,,,,,,,,,,,,,,,,,,,,,,,,,
training_event,training,4958d349-1ff1-4f6b-8344-fca7d4d717aa,ee758a09-214b-4427-a1a1-bb275fee7784,2026-09-06T09:51:59.362000+00:00,keydown,32, ,,101.5,,,,,,,,paragraph_typing,0,,,,,,,,,,/app/training,dev_2d73e02d-8068-4917-8e1d-bcd4688456d1,,,,,,,,,,,,,,,,,,,,,,,,,,,,,,,,,,,,,,,,,,,,,,,,,,,,,,,,,,,,,,,,,,
training_event,training,4958d349-1ff1-4f6b-8344-fca7d4d717aa,ee758a09-214b-4427-a1a1-bb275fee7784,2026-09-06T09:51:59.490000+00:00,keyup,32,,127.5,,,,,,,,,paragraph_typing,0,,,,,,,,,,/app/training,dev_2d73e02d-8068-4917-8e1d-bcd4688456d1,,,,,,,,,,,,,,,,,,,,,,,,,,,,,,,,,,,,,,,,,,,,,,,,,,,,,,,,,,,,,,,,,,
training_event,training,4958d349-1ff1-4f6b-8344-fca7d4d717aa,ee758a09-214b-4427-a1a1-bb275fee7784,2026-09-06T09:51:59.802000+00:00,keydown,84,t,,439.9,,,,,,,,paragraph_typing,0,,,,,,,,,,/app/training,dev_2d73e02d-8068-4917-8e1d-bcd4688456d1,,,,,,,,,,,,,,,,,,,,,,,,,,,,,,,,,,,,,,,,,,,,,,,,,,,,,,,,,,,,,,,,,,
training_event,training,4958d349-1ff1-4f6b-8344-fca7d4d717aa,ee758a09-214b-4427-a1a1-bb275fee7784,2026-09-06T09:51:59.922000+00:00,keyup,84,,119.5,,,,,,,,,paragraph_typing,0,,,,,,,,,,/app/training,dev_2d73e02d-8068-4917-8e1d-bcd4688456d1,,,,,,,,,,,,,,,,,,,,,,,,,,,,,,,,,,,,,,,,,,,,,,,,,,,,,,,,,,,,,,,,,,
training_event,training,4958d349-1ff1-4f6b-8344-fca7d4d717aa,ee758a09-214b-4427-a1a1-bb275fee7784,2026-09-06T09:52:00.056000+00:00,keydown,72,h,,253.5,,,,,,,,paragraph_typing,0,,,,,,,,,,/app/training,dev_2d73e02d-8068-4917-8e1d-bcd4688456d1,,,,,,,,,,,,,,,,,,,,,,,,,,,,,,,,,,,,,,,,,,,,,,,,,,,,,,,,,,,,,,,,,,
training_event,training,4958d349-1ff1-4f6b-8344-fca7d4d717aa,ee758a09-214b-4427-a1a1-bb275fee7784,2026-09-06T09:52:00.158000+00:00,keyup,72,,102.7,,,,,,,,,paragraph_typing,0,,,,,,,,,,/app/training,dev_2d73e02d-8068-4917-8e1d-bcd4688456d1,,,,,,,,,,,,,,,,,,,,,,,,,,,,,,,,,,,,,,,,,,,,,,,,,,,,,,,,,,,,,,,,,,
training_event,training,4958d349-1ff1-4f6b-8344-fca7d4d717aa,ee758a09-214b-4427-a1a1-bb275fee7784,2026-09-06T09:52:00.213000+00:00,keydown,69,e,,157.7,,,,,,,,paragraph_typing,0,,,,,,,,,,/app/training,dev_2d73e02d-8068-4917-8e1d-bcd4688456d1,,,,,,,,,,,,,,,,,,,,,,,,,,,,,,,,,,,,,,,,,,,,,,,,,,,,,,,,,,,,,,,,,,
training_event,training,4958d349-1ff1-4f6b-8344-fca7d4d717aa,ee758a09-214b-4427-a1a1-bb275fee7784,2026-09-06T09:52:00.305000+00:00,keydown,32, ,,91.2,,,,,,,,paragraph_typing,0,,,,,,,,,,/app/training,dev_2d73e02d-8068-4917-8e1d-bcd4688456d1,,,,,,,,,,,,,,,,,,,,,,,,,,,,,,,,,,,,,,,,,,,,,,,,,,,,,,,,,,,,,,,,,,
training_event,training,4958d349-1ff1-4f6b-8344-fca7d4d717aa,ee758a09-214b-4427-a1a1-bb275fee7784,2026-09-06T09:52:00.367000+00:00,keyup,69,,153.2,,,,,,,,,paragraph_typing,0,,,,,,,,,,/app/training,dev_2d73e02d-8068-4917-8e1d-bcd4688456d1,,,,,,,,,,,,,,,,,,,,,,,,,,,,,,,,,,,,,,,,,,,,,,,,,,,,,,,,,,,,,,,,,,
training_event,training,4958d349-1ff1-4f6b-8344-fca7d4d717aa,ee758a09-214b-4427-a1a1-bb275fee7784,2026-09-06T09:52:00.462000+00:00,keyup,32,,157.9,,,,,,,,,paragraph_typing,0,,,,,,,,,,/app/training,dev_2d73e02d-8068-4917-8e1d-bcd4688456d1,,,,,,,,,,,,,,,,,,,,,,,,,,,,,,,,,,,,,,,,,,,,,,,,,,,,,,,,,,,,,,,,,,
training_event,training,4958d349-1ff1-4f6b-8344-fca7d4d717aa,ee758a09-214b-4427-a1a1-bb275fee7784,2026-09-06T09:52:00.744000+00:00,keydown,66,b,,438.9,,,,,,,,paragraph_typing,0,,,,,,,,,,/app/training,dev_2d73e02d-8068-4917-8e1d-bcd4688456d1,,,,,,,,,,,,,,,,,,,,,,,,,,,,,,,,,,,,,,,,,,,,,,,,,,,,,,,,,,,,,,,,,,
training_event,training,4958d349-1ff1-4f6b-8344-fca7d4d717aa,ee758a09-214b-4427-a1a1-bb275fee7784,2026-09-06T09:52:00.824000+00:00,keyup,66,,80.4,,,,,,,,,paragraph_typing,0,,,,,,,,,,/app/training,dev_2d73e02d-8068-4917-8e1d-bcd4688456d1,,,,,,,,,,,,,,,,,,,,,,,,,,,,,,,,,,,,,,,,,,,,,,,,,,,,,,,,,,,,,,,,,,
training_event,training,4958d349-1ff1-4f6b-8344-fca7d4d717aa,ee758a09-214b-4427-a1a1-bb275fee7784,2026-09-06T09:52:00.924000+00:00,keydown,65,a,,180.4,,,,,,,,paragraph_typing,0,,,,,,,,,,/app/training,dev_2d73e02d-8068-4917-8e1d-bcd4688456d1,,,,,,,,,,,,,,,,,,,,,,,,,,,,,,,,,,,,,,,,,,,,,,,,,,,,,,,,,,,,,,,,,,
training_event,training,4958d349-1ff1-4f6b-8344-fca7d4d717aa,ee758a09-214b-4427-a1a1-bb275fee7784,2026-09-06T09:52:01.069000+00:00,keyup,65,,145.2,,,,,,,,,paragraph_typing,0,,,,,,,,,,/app/training,dev_2d73e02d-8068-4917-8e1d-bcd4688456d1,,,,,,,,,,,,,,,,,,,,,,,,,,,,,,,,,,,,,,,,,,,,,,,,,,,,,,,,,,,,,,,,,,
training_event,training,4958d349-1ff1-4f6b-8344-fca7d4d717aa,ee758a09-214b-4427-a1a1-bb275fee7784,2026-09-06T09:52:02.990000+00:00,keydown,78,n,,2000.0,,,,,,,,paragraph_typing,0,,,,,,,,,,/app/training,dev_2d73e02d-8068-4917-8e1d-bcd4688456d1,,,,,,,,,,,,,,,,,,,,,,,,,,,,,,,,,,,,,,,,,,,,,,,,,,,,,,,,,,,,,,,,,,
training_event,training,4958d349-1ff1-4f6b-8344-fca7d4d717aa,ee758a09-214b-4427-a1a1-bb275fee7784,2026-09-06T09:52:03.074000+00:00,keyup,78,,83.4,,,,,,,,,paragraph_typing,0,,,,,,,,,,/app/training,dev_2d73e02d-8068-4917-8e1d-bcd4688456d1,,,,,,,,,,,,,,,,,,,,,,,,,,,,,,,,,,,,,,,,,,,,,,,,,,,,,,,,,,,,,,,,,,
training_event,training,4958d349-1ff1-4f6b-8344-fca7d4d717aa,ee758a09-214b-4427-a1a1-bb275fee7784,2026-09-06T09:52:03.842000+00:00,keydown,75,k,,851.3,,,,,,,,paragraph_typing,0,,,,,,,,,,/app/training,dev_2d73e02d-8068-4917-8e1d-bcd4688456d1,,,,,,,,,,,,,,,,,,,,,,,,,,,,,,,,,,,,,,,,,,,,,,,,,,,,,,,,,,,,,,,,,,
training_event,training,4958d349-1ff1-4f6b-8344-fca7d4d717aa,ee758a09-214b-4427-a1a1-bb275fee7784,2026-09-06T09:52:03.922000+00:00,keyup,75,,80.5,,,,,,,,,paragraph_typing,0,,,,,,,,,,/app/training,dev_2d73e02d-8068-4917-8e1d-bcd4688456d1,,,,,,,,,,,,,,,,,,,,,,,,,,,,,,,,,,,,,,,,,,,,,,,,,,,,,,,,,,,,,,,,,,
training_event,training,4958d349-1ff1-4f6b-8344-fca7d4d717aa,ee758a09-214b-4427-a1a1-bb275fee7784,2026-09-06T09:52:04.040000+00:00,keydown,73,i,,197.9,,,,,,,,paragraph_typing,0,,,,,,,,,,/app/training,dev_2d73e02d-8068-4917-8e1d-bcd4688456d1,,,,,,,,,,,,,,,,,,,,,,,,,,,,,,,,,,,,,,,,,,,,,,,,,,,,,,,,,,,,,,,,,,
training_event,training,4958d349-1ff1-4f6b-8344-fca7d4d717aa,ee758a09-214b-4427-a1a1-bb275fee7784,2026-09-06T09:52:04.091000+00:00,keyup,73,,51.7,,,,,,,,,paragraph_typing,0,,,,,,,,,,/app/training,dev_2d73e02d-8068-4917-8e1d-bcd4688456d1,,,,,,,,,,,,,,,,,,,,,,,,,,,,,,,,,,,,,,,,,,,,,,,,,,,,,,,,,,,,,,,,,,
training_event,training,4958d349-1ff1-4f6b-8344-fca7d4d717aa,ee758a09-214b-4427-a1a1-bb275fee7784,2026-09-06T09:52:04.280000+00:00,keydown,78,n,,240.2,,,,,,,,paragraph_typing,0,,,,,,,,,,/app/training,dev_2d73e02d-8068-4917-8e1d-bcd4688456d1,,,,,,,,,,,,,,,,,,,,,,,,,,,,,,,,,,,,,,,,,,,,,,,,,,,,,,,,,,,,,,,,,,
training_event,training,4958d349-1ff1-4f6b-8344-fca7d4d717aa,ee758a09-214b-4427-a1a1-bb275fee7784,2026-09-06T09:52:04.355000+00:00,keyup,78,,75.1,,,,,,,,,paragraph_typing,0,,,,,,,,,,/app/training,dev_2d73e02d-8068-4917-8e1d-bcd4688456d1,,,,,,,,,,,,,,,,,,,,,,,,,,,,,,,,,,,,,,,,,,,,,,,,,,,,,,,,,,,,,,,,,,
training_event,training,4958d349-1ff1-4f6b-8344-fca7d4d717aa,ee758a09-214b-4427-a1a1-bb275fee7784,2026-09-06T09:52:04.491000+00:00,keydown,71,g,,210.9,,,,,,,,paragraph_typing,0,,,,,,,,,,/app/training,dev_2d73e02d-8068-4917-8e1d-bcd4688456d1,,,,,,,,,,,,,,,,,,,,,,,,,,,,,,,,,,,,,,,,,,,,,,,,,,,,,,,,,,,,,,,,,,
training_event,training,4958d349-1ff1-4f6b-8344-fca7d4d717aa,ee758a09-214b-4427-a1a1-bb275fee7784,2026-09-06T09:52:04.575000+00:00,keydown,32, ,,84.2,,,,,,,,paragraph_typing,0,,,,,,,,,,/app/training,dev_2d73e02d-8068-4917-8e1d-bcd4688456d1,,,,,,,,,,,,,,,,,,,,,,,,,,,,,,,,,,,,,,,,,,,,,,,,,,,,,,,,,,,,,,,,,,
training_event,training,4958d349-1ff1-4f6b-8344-fca7d4d717aa,ee758a09-214b-4427-a1a1-bb275fee7784,2026-09-06T09:52:04.638000+00:00,keyup,71,,147.7,,,,,,,,,paragraph_typing,0,,,,,,,,,,/app/training,dev_2d73e02d-8068-4917-8e1d-bcd4688456d1,,,,,,,,,,,,,,,,,,,,,,,,,,,,,,,,,,,,,,,,,,,,,,,,,,,,,,,,,,,,,,,,,,
training_event,training,4958d349-1ff1-4f6b-8344-fca7d4d717aa,ee758a09-214b-4427-a1a1-bb275fee7784,2026-09-06T09:52:04.723000+00:00,keyup,32,,148.1,,,,,,,,,paragraph_typing,0,,,,,,,,,,/app/training,dev_2d73e02d-8068-4917-8e1d-bcd4688456d1,,,,,,,,,,,,,,,,,,,,,,,,,,,,,,,,,,,,,,,,,,,,,,,,,,,,,,,,,,,,,,,,,,
training_event,training,4958d349-1ff1-4f6b-8344-fca7d4d717aa,ee758a09-214b-4427-a1a1-bb275fee7784,2026-09-06T09:52:04.907000+00:00,keydown,65,a,,332.0,,,,,,,,paragraph_typing,0,,,,,,,,,,/app/training,dev_2d73e02d-8068-4917-8e1d-bcd4688456d1,,,,,,,,,,,,,,,,,,,,,,,,,,,,,,,,,,,,,,,,,,,,,,,,,,,,,,,,,,,,,,,,,,
training_event,training,4958d349-1ff1-4f6b-8344-fca7d4d717aa,ee758a09-214b-4427-a1a1-bb275fee7784,2026-09-06T09:52:05.046000+00:00,keyup,65,,138.9,,,,,,,,,paragraph_typing,0,,,,,,,,,,/app/training,dev_2d73e02d-8068-4917-8e1d-bcd4688456d1,,,,,,,,,,,,,,,,,,,,,,,,,,,,,,,,,,,,,,,,,,,,,,,,,,,,,,,,,,,,,,,,,,
training_event,training,4958d349-1ff1-4f6b-8344-fca7d4d717aa,ee758a09-214b-4427-a1a1-bb275fee7784,2026-09-06T09:52:05.140000+00:00,keydown,80,p,,232.7,,,,,,,,paragraph_typing,0,,,,,,,,,,/app/training,dev_2d73e02d-8068-4917-8e1d-bcd4688456d1,,,,,,,,,,,,,,,,,,,,,,,,,,,,,,,,,,,,,,,,,,,,,,,,,,,,,,,,,,,,,,,,,,
training_event,training,4958d349-1ff1-4f6b-8344-fca7d4d717aa,ee758a09-214b-4427-a1a1-bb275fee7784,2026-09-06T09:52:05.196000+00:00,keyup,80,,56.7,,,,,,,,,paragraph_typing,0,,,,,,,,,,/app/training,dev_2d73e02d-8068-4917-8e1d-bcd4688456d1,,,,,,,,,,,,,,,,,,,,,,,,,,,,,,,,,,,,,,,,,,,,,,,,,,,,,,,,,,,,,,,,,,
training_event,training,4958d349-1ff1-4f6b-8344-fca7d4d717aa,ee758a09-214b-4427-a1a1-bb275fee7784,2026-09-06T09:52:05.294000+00:00,keydown,80,p,,154.0,,,,,,,,paragraph_typing,0,,,,,,,,,,/app/training,dev_2d73e02d-8068-4917-8e1d-bcd4688456d1,,,,,,,,,,,,,,,,,,,,,,,,,,,,,,,,,,,,,,,,,,,,,,,,,,,,,,,,,,,,,,,,,,
training_event,training,4958d349-1ff1-4f6b-8344-fca7d4d717aa,ee758a09-214b-4427-a1a1-bb275fee7784,2026-09-06T09:52:05.371000+00:00,keyup,80,,77.9,,,,,,,,,paragraph_typing,0,,,,,,,,,,/app/training,dev_2d73e02d-8068-4917-8e1d-bcd4688456d1,,,,,,,,,,,,,,,,,,,,,,,,,,,,,,,,,,,,,,,,,,,,,,,,,,,,,,,,,,,,,,,,,,
training_event,training,4958d349-1ff1-4f6b-8344-fca7d4d717aa,ee758a09-214b-4427-a1a1-bb275fee7784,2026-09-06T09:52:06.639000+00:00,keydown,76,l,,1345.7,,,,,,,,paragraph_typing,0,,,,,,,,,,/app/training,dev_2d73e02d-8068-4917-8e1d-bcd4688456d1,,,,,,,,,,,,,,,,,,,,,,,,,,,,,,,,,,,,,,,,,,,,,,,,,,,,,,,,,,,,,,,,,,
training_event,training,4958d349-1ff1-4f6b-8344-fca7d4d717aa,ee758a09-214b-4427-a1a1-bb275fee7784,2026-09-06T09:52:06.722000+00:00,keyup,76,,82.4,,,,,,,,,paragraph_typing,0,,,,,,,,,,/app/training,dev_2d73e02d-8068-4917-8e1d-bcd4688456d1,,,,,,,,,,,,,,,,,,,,,,,,,,,,,,,,,,,,,,,,,,,,,,,,,,,,,,,,,,,,,,,,,,
training_event,training,4958d349-1ff1-4f6b-8344-fca7d4d717aa,ee758a09-214b-4427-a1a1-bb275fee7784,2026-09-06T09:52:06.872000+00:00,keydown,73,i,,232.9,,,,,,,,paragraph_typing,0,,,,,,,,,,/app/training,dev_2d73e02d-8068-4917-8e1d-bcd4688456d1,,,,,,,,,,,,,,,,,,,,,,,,,,,,,,,,,,,,,,,,,,,,,,,,,,,,,,,,,,,,,,,,,,
training_event,training,4958d349-1ff1-4f6b-8344-fca7d4d717aa,ee758a09-214b-4427-a1a1-bb275fee7784,2026-09-06T09:52:06.937000+00:00,keyup,73,,65.2,,,,,,,,,paragraph_typing,0,,,,,,,,,,/app/training,dev_2d73e02d-8068-4917-8e1d-bcd4688456d1,,,,,,,,,,,,,,,,,,,,,,,,,,,,,,,,,,,,,,,,,,,,,,,,,,,,,,,,,,,,,,,,,,
training_event,training,4958d349-1ff1-4f6b-8344-fca7d4d717aa,ee758a09-214b-4427-a1a1-bb275fee7784,2026-09-06T09:52:07.090000+00:00,keydown,67,c,,218.3,,,,,,,,paragraph_typing,0,,,,,,,,,,/app/training,dev_2d73e02d-8068-4917-8e1d-bcd4688456d1,,,,,,,,,,,,,,,,,,,,,,,,,,,,,,,,,,,,,,,,,,,,,,,,,,,,,,,,,,,,,,,,,,
training_event,training,4958d349-1ff1-4f6b-8344-fca7d4d717aa,ee758a09-214b-4427-a1a1-bb275fee7784,2026-09-06T09:52:07.188000+00:00,keyup,67,,97.7,,,,,,,,,paragraph_typing,0,,,,,,,,,,/app/training,dev_2d73e02d-8068-4917-8e1d-bcd4688456d1,,,,,,,,,,,,,,,,,,,,,,,,,,,,,,,,,,,,,,,,,,,,,,,,,,,,,,,,,,,,,,,,,,
training_event,training,4958d349-1ff1-4f6b-8344-fca7d4d717aa,ee758a09-214b-4427-a1a1-bb275fee7784,2026-09-06T09:52:07.312000+00:00,keydown,65,a,,221.9,,,,,,,,paragraph_typing,0,,,,,,,,,,/app/training,dev_2d73e02d-8068-4917-8e1d-bcd4688456d1,,,,,,,,,,,,,,,,,,,,,,,,,,,,,,,,,,,,,,,,,,,,,,,,,,,,,,,,,,,,,,,,,,
training_event,training,4958d349-1ff1-4f6b-8344-fca7d4d717aa,ee758a09-214b-4427-a1a1-bb275fee7784,2026-09-06T09:52:07.429000+00:00,keyup,65,,116.5,,,,,,,,,paragraph_typing,0,,,,,,,,,,/app/training,dev_2d73e02d-8068-4917-8e1d-bcd4688456d1,,,,,,,,,,,,,,,,,,,,,,,,,,,,,,,,,,,,,,,,,,,,,,,,,,,,,,,,,,,,,,,,,,
training_event,training,4958d349-1ff1-4f6b-8344-fca7d4d717aa,ee758a09-214b-4427-a1a1-bb275fee7784,2026-09-06T09:52:07.630000+00:00,keydown,84,t,,317.3,,,,,,,,paragraph_typing,0,,,,,,,,,,/app/training,dev_2d73e02d-8068-4917-8e1d-bcd4688456d1,,,,,,,,,,,,,,,,,,,,,,,,,,,,,,,,,,,,,,,,,,,,,,,,,,,,,,,,,,,,,,,,,,
training_event,training,4958d349-1ff1-4f6b-8344-fca7d4d717aa,ee758a09-214b-4427-a1a1-bb275fee7784,2026-09-06T09:52:07.738000+00:00,keyup,84,,108.7,,,,,,,,,paragraph_typing,0,,,,,,,,,,/app/training,dev_2d73e02d-8068-4917-8e1d-bcd4688456d1,,,,,,,,,,,,,,,,,,,,,,,,,,,,,,,,,,,,,,,,,,,,,,,,,,,,,,,,,,,,,,,,,,
training_event,training,4958d349-1ff1-4f6b-8344-fca7d4d717aa,ee758a09-214b-4427-a1a1-bb275fee7784,2026-09-06T09:52:07.796000+00:00,keydown,73,i,,166.7,,,,,,,,paragraph_typing,0,,,,,,,,,,/app/training,dev_2d73e02d-8068-4917-8e1d-bcd4688456d1,,,,,,,,,,,,,,,,,,,,,,,,,,,,,,,,,,,,,,,,,,,,,,,,,,,,,,,,,,,,,,,,,,
training_event,training,4958d349-1ff1-4f6b-8344-fca7d4d717aa,ee758a09-214b-4427-a1a1-bb275fee7784,2026-09-06T09:52:07.905000+00:00,keydown,79,o,,109.1,,,,,,,,paragraph_typing,0,,,,,,,,,,/app/training,dev_2d73e02d-8068-4917-8e1d-bcd4688456d1,,,,,,,,,,,,,,,,,,,,,,,,,,,,,,,,,,,,,,,,,,,,,,,,,,,,,,,,,,,,,,,,,,
training_event,training,4958d349-1ff1-4f6b-8344-fca7d4d717aa,ee758a09-214b-4427-a1a1-bb275fee7784,2026-09-06T09:52:07.929000+00:00,keyup,73,,132.7,,,,,,,,,paragraph_typing,0,,,,,,,,,,/app/training,dev_2d73e02d-8068-4917-8e1d-bcd4688456d1,,,,,,,,,,,,,,,,,,,,,,,,,,,,,,,,,,,,,,,,,,,,,,,,,,,,,,,,,,,,,,,,,,
training_event,training,4958d349-1ff1-4f6b-8344-fca7d4d717aa,ee758a09-214b-4427-a1a1-bb275fee7784,2026-09-06T09:52:07.992000+00:00,keyup,79,,86.5,,,,,,,,,paragraph_typing,0,,,,,,,,,,/app/training,dev_2d73e02d-8068-4917-8e1d-bcd4688456d1,,,,,,,,,,,,,,,,,,,,,,,,,,,,,,,,,,,,,,,,,,,,,,,,,,,,,,,,,,,,,,,,,,
training_event,training,4958d349-1ff1-4f6b-8344-fca7d4d717aa,ee758a09-214b-4427-a1a1-bb275fee7784,2026-09-06T09:52:08.126000+00:00,keydown,78,n,,221.0,,,,,,,,paragraph_typing,0,,,,,,,,,,/app/training,dev_2d73e02d-8068-4917-8e1d-bcd4688456d1,,,,,,,,,,,,,,,,,,,,,,,,,,,,,,,,,,,,,,,,,,,,,,,,,,,,,,,,,,,,,,,,,,
training_event,training,4958d349-1ff1-4f6b-8344-fca7d4d717aa,ee758a09-214b-4427-a1a1-bb275fee7784,2026-09-06T09:52:08.186000+00:00,keyup,78,,59.6,,,,,,,,,paragraph_typing,0,,,,,,,,,,/app/training,dev_2d73e02d-8068-4917-8e1d-bcd4688456d1,,,,,,,,,,,,,,,,,,,,,,,,,,,,,,,,,,,,,,,,,,,,,,,,,,,,,,,,,,,,,,,,,,
training_event,training,4958d349-1ff1-4f6b-8344-fca7d4d717aa,ee758a09-214b-4427-a1a1-bb275fee7784,2026-09-06T09:52:08.605000+00:00,keydown,32, ,,479.0,,,,,,,,paragraph_typing,0,,,,,,,,,,/app/training,dev_2d73e02d-8068-4917-8e1d-bcd4688456d1,,,,,,,,,,,,,,,,,,,,,,,,,,,,,,,,,,,,,,,,,,,,,,,,,,,,,,,,,,,,,,,,,,
training_event,training,4958d349-1ff1-4f6b-8344-fca7d4d717aa,ee758a09-214b-4427-a1a1-bb275fee7784,2026-09-06T09:52:08.710000+00:00,keyup,32,,104.6,,,,,,,,,paragraph_typing,0,,,,,,,,,,/app/training,dev_2d73e02d-8068-4917-8e1d-bcd4688456d1,,,,,,,,,,,,,,,,,,,,,,,,,,,,,,,,,,,,,,,,,,,,,,,,,,,,,,,,,,,,,,,,,,
training_event,training,4958d349-1ff1-4f6b-8344-fca7d4d717aa,ee758a09-214b-4427-a1a1-bb275fee7784,2026-09-06T09:52:09.530000+00:00,keydown,78,n,,924.3,,,,,,,,paragraph_typing,0,,,,,,,,,,/app/training,dev_2d73e02d-8068-4917-8e1d-bcd4688456d1,,,,,,,,,,,,,,,,,,,,,,,,,,,,,,,,,,,,,,,,,,,,,,,,,,,,,,,,,,,,,,,,,,
training_event,training,4958d349-1ff1-4f6b-8344-fca7d4d717aa,ee758a09-214b-4427-a1a1-bb275fee7784,2026-09-06T09:52:09.622000+00:00,keyup,78,,91.9,,,,,,,,,paragraph_typing,0,,,,,,,,,,/app/training,dev_2d73e02d-8068-4917-8e1d-bcd4688456d1,,,,,,,,,,,,,,,,,,,,,,,,,,,,,,,,,,,,,,,,,,,,,,,,,,,,,,,,,,,,,,,,,,
training_event,training,4958d349-1ff1-4f6b-8344-fca7d4d717aa,ee758a09-214b-4427-a1a1-bb275fee7784,2026-09-06T09:52:09.674000+00:00,keydown,65,a,,144.6,,,,,,,,paragraph_typing,0,,,,,,,,,,/app/training,dev_2d73e02d-8068-4917-8e1d-bcd4688456d1,,,,,,,,,,,,,,,,,,,,,,,,,,,,,,,,,,,,,,,,,,,,,,,,,,,,,,,,,,,,,,,,,,
training_event,training,4958d349-1ff1-4f6b-8344-fca7d4d717aa,ee758a09-214b-4427-a1a1-bb275fee7784,2026-09-06T09:52:09.790000+00:00,keyup,65,,116.0,,,,,,,,,paragraph_typing,0,,,,,,,,,,/app/training,dev_2d73e02d-8068-4917-8e1d-bcd4688456d1,,,,,,,,,,,,,,,,,,,,,,,,,,,,,,,,,,,,,,,,,,,,,,,,,,,,,,,,,,,,,,,,,,
training_event,training,4958d349-1ff1-4f6b-8344-fca7d4d717aa,ee758a09-214b-4427-a1a1-bb275fee7784,2026-09-06T09:52:10.013000+00:00,keydown,8,,,338.8,,,,,,,,paragraph_typing,0,,,,,,,,,,/app/training,dev_2d73e02d-8068-4917-8e1d-bcd4688456d1,,,,,,,,,,,,,,,,,,,,,,,,,,,,,,,,,,,,,,,,,,,,,,,,,,,,,,,,,,,,,,,,,,
training_event,training,4958d349-1ff1-4f6b-8344-fca7d4d717aa,ee758a09-214b-4427-a1a1-bb275fee7784,2026-09-06T09:52:10.121000+00:00,keyup,8,,108.0,,,,,,,,,paragraph_typing,0,,,,,,,,,,/app/training,dev_2d73e02d-8068-4917-8e1d-bcd4688456d1,,,,,,,,,,,,,,,,,,,,,,,,,,,,,,,,,,,,,,,,,,,,,,,,,,,,,,,,,,,,,,,,,,
training_event,training,4958d349-1ff1-4f6b-8344-fca7d4d717aa,ee758a09-214b-4427-a1a1-bb275fee7784,2026-09-06T09:52:10.296000+00:00,keydown,8,,,283.0,,,,,,,,paragraph_typing,0,,,,,,,,,,/app/training,dev_2d73e02d-8068-4917-8e1d-bcd4688456d1,,,,,,,,,,,,,,,,,,,,,,,,,,,,,,,,,,,,,,,,,,,,,,,,,,,,,,,,,,,,,,,,,,
training_event,training,4958d349-1ff1-4f6b-8344-fca7d4d717aa,ee758a09-214b-4427-a1a1-bb275fee7784,2026-09-06T09:52:10.356000+00:00,keyup,8,,60.2,,,,,,,,,paragraph_typing,0,,,,,,,,,,/app/training,dev_2d73e02d-8068-4917-8e1d-bcd4688456d1,,,,,,,,,,,,,,,,,,,,,,,,,,,,,,,,,,,,,,,,,,,,,,,,,,,,,,,,,,,,,,,,,,
training_event,training,4958d349-1ff1-4f6b-8344-fca7d4d717aa,ee758a09-214b-4427-a1a1-bb275fee7784,2026-09-06T09:52:10.538000+00:00,keydown,65,a,,242.3,,,,,,,,paragraph_typing,0,,,,,,,,,,/app/training,dev_2d73e02d-8068-4917-8e1d-bcd4688456d1,,,,,,,,,,,,,,,,,,,,,,,,,,,,,,,,,,,,,,,,,,,,,,,,,,,,,,,,,,,,,,,,,,
training_event,training,4958d349-1ff1-4f6b-8344-fca7d4d717aa,ee758a09-214b-4427-a1a1-bb275fee7784,2026-09-06T09:52:10.669000+00:00,keyup,65,,130.1,,,,,,,,,paragraph_typing,0,,,,,,,,,,/app/training,dev_2d73e02d-8068-4917-8e1d-bcd4688456d1,,,,,,,,,,,,,,,,,,,,,,,,,,,,,,,,,,,,,,,,,,,,,,,,,,,,,,,,,,,,,,,,,,
training_event,training,4958d349-1ff1-4f6b-8344-fca7d4d717aa,ee758a09-214b-4427-a1a1-bb275fee7784,2026-09-06T09:52:10.697000+00:00,keydown,78,n,,158.4,,,,,,,,paragraph_typing,0,,,,,,,,,,/app/training,dev_2d73e02d-8068-4917-8e1d-bcd4688456d1,,,,,,,,,,,,,,,,,,,,,,,,,,,,,,,,,,,,,,,,,,,,,,,,,,,,,,,,,,,,,,,,,,
training_event,training,4958d349-1ff1-4f6b-8344-fca7d4d717aa,ee758a09-214b-4427-a1a1-bb275fee7784,2026-09-06T09:52:10.737000+00:00,keyup,78,,40.5,,,,,,,,,paragraph_typing,0,,,,,,,,,,/app/training,dev_2d73e02d-8068-4917-8e1d-bcd4688456d1,,,,,,,,,,,,,,,,,,,,,,,,,,,,,,,,,,,,,,,,,,,,,,,,,,,,,,,,,,,,,,,,,,
training_event,training,4958d349-1ff1-4f6b-8344-fca7d4d717aa,ee758a09-214b-4427-a1a1-bb275fee7784,2026-09-06T09:52:10.880000+00:00,keydown,68,d,,183.2,,,,,,,,paragraph_typing,0,,,,,,,,,,/app/training,dev_2d73e02d-8068-4917-8e1d-bcd4688456d1,,,,,,,,,,,,,,,,,,,,,,,,,,,,,,,,,,,,,,,,,,,,,,,,,,,,,,,,,,,,,,,,,,
training_event,training,4958d349-1ff1-4f6b-8344-fca7d4d717aa,ee758a09-214b-4427-a1a1-bb275fee7784,2026-09-06T09:52:11.038000+00:00,keydown,32, ,,158.4,,,,,,,,paragraph_typing,0,,,,,,,,,,/app/training,dev_2d73e02d-8068-4917-8e1d-bcd4688456d1,,,,,,,,,,,,,,,,,,,,,,,,,,,,,,,,,,,,,,,,,,,,,,,,,,,,,,,,,,,,,,,,,,
training_event,training,4958d349-1ff1-4f6b-8344-fca7d4d717aa,ee758a09-214b-4427-a1a1-bb275fee7784,2026-09-06T09:52:11.062000+00:00,keyup,68,,182.3,,,,,,,,,paragraph_typing,0,,,,,,,,,,/app/training,dev_2d73e02d-8068-4917-8e1d-bcd4688456d1,,,,,,,,,,,,,,,,,,,,,,,,,,,,,,,,,,,,,,,,,,,,,,,,,,,,,,,,,,,,,,,,,,
training_event,training,4958d349-1ff1-4f6b-8344-fca7d4d717aa,ee758a09-214b-4427-a1a1-bb275fee7784,2026-09-06T09:52:11.143000+00:00,keyup,32,,104.6,,,,,,,,,paragraph_typing,0,,,,,,,,,,/app/training,dev_2d73e02d-8068-4917-8e1d-bcd4688456d1,,,,,,,,,,,,,,,,,,,,,,,,,,,,,,,,,,,,,,,,,,,,,,,,,,,,,,,,,,,,,,,,,,
training_event,training,4958d349-1ff1-4f6b-8344-fca7d4d717aa,ee758a09-214b-4427-a1a1-bb275fee7784,2026-09-06T09:52:14.390000+00:00,keydown,68,d,,2000.0,,,,,,,,paragraph_typing,0,,,,,,,,,,/app/training,dev_2d73e02d-8068-4917-8e1d-bcd4688456d1,,,,,,,,,,,,,,,,,,,,,,,,,,,,,,,,,,,,,,,,,,,,,,,,,,,,,,,,,,,,,,,,,,
training_event,training,4958d349-1ff1-4f6b-8344-fca7d4d717aa,ee758a09-214b-4427-a1a1-bb275fee7784,2026-09-06T09:52:14.454000+00:00,keyup,68,,64.5,,,,,,,,,paragraph_typing,0,,,,,,,,,,/app/training,dev_2d73e02d-8068-4917-8e1d-bcd4688456d1,,,,,,,,,,,,,,,,,,,,,,,,,,,,,,,,,,,,,,,,,,,,,,,,,,,,,,,,,,,,,,,,,,
training_event,training,4958d349-1ff1-4f6b-8344-fca7d4d717aa,ee758a09-214b-4427-a1a1-bb275fee7784,2026-09-06T09:52:14.580000+00:00,keydown,69,e,,190.4,,,,,,,,paragraph_typing,0,,,,,,,,,,/app/training,dev_2d73e02d-8068-4917-8e1d-bcd4688456d1,,,,,,,,,,,,,,,,,,,,,,,,,,,,,,,,,,,,,,,,,,,,,,,,,,,,,,,,,,,,,,,,,,
training_event,training,4958d349-1ff1-4f6b-8344-fca7d4d717aa,ee758a09-214b-4427-a1a1-bb275fee7784,2026-09-06T09:52:14.696000+00:00,keyup,69,,115.8,,,,,,,,,paragraph_typing,0,,,,,,,,,,/app/training,dev_2d73e02d-8068-4917-8e1d-bcd4688456d1,,,,,,,,,,,,,,,,,,,,,,,,,,,,,,,,,,,,,,,,,,,,,,,,,,,,,,,,,,,,,,,,,,
training_event,training,4958d349-1ff1-4f6b-8344-fca7d4d717aa,ee758a09-214b-4427-a1a1-bb275fee7784,2026-09-06T09:52:14.802000+00:00,keydown,84,t,,221.7,,,,,,,,paragraph_typing,0,,,,,,,,,,/app/training,dev_2d73e02d-8068-4917-8e1d-bcd4688456d1,,,,,,,,,,,,,,,,,,,,,,,,,,,,,,,,,,,,,,,,,,,,,,,,,,,,,,,,,,,,,,,,,,
training_event,training,4958d349-1ff1-4f6b-8344-fca7d4d717aa,ee758a09-214b-4427-a1a1-bb275fee7784,2026-09-06T09:52:14.872000+00:00,keyup,84,,70.0,,,,,,,,,paragraph_typing,0,,,,,,,,,,/app/training,dev_2d73e02d-8068-4917-8e1d-bcd4688456d1,,,,,,,,,,,,,,,,,,,,,,,,,,,,,,,,,,,,,,,,,,,,,,,,,,,,,,,,,,,,,,,,,,
training_event,training,4958d349-1ff1-4f6b-8344-fca7d4d717aa,ee758a09-214b-4427-a1a1-bb275fee7784,2026-09-06T09:52:14.972000+00:00,keydown,69,e,,170.5,,,,,,,,paragraph_typing,0,,,,,,,,,,/app/training,dev_2d73e02d-8068-4917-8e1d-bcd4688456d1,,,,,,,,,,,,,,,,,,,,,,,,,,,,,,,,,,,,,,,,,,,,,,,,,,,,,,,,,,,,,,,,,,
training_event,training,4958d349-1ff1-4f6b-8344-fca7d4d717aa,ee758a09-214b-4427-a1a1-bb275fee7784,2026-09-06T09:52:15.057000+00:00,keyup,69,,84.8,,,,,,,,,paragraph_typing,0,,,,,,,,,,/app/training,dev_2d73e02d-8068-4917-8e1d-bcd4688456d1,,,,,,,,,,,,,,,,,,,,,,,,,,,,,,,,,,,,,,,,,,,,,,,,,,,,,,,,,,,,,,,,,,
training_event,training,4958d349-1ff1-4f6b-8344-fca7d4d717aa,ee758a09-214b-4427-a1a1-bb275fee7784,2026-09-06T09:52:15.226000+00:00,keydown,67,c,,253.7,,,,,,,,paragraph_typing,0,,,,,,,,,,/app/training,dev_2d73e02d-8068-4917-8e1d-bcd4688456d1,,,,,,,,,,,,,,,,,,,,,,,,,,,,,,,,,,,,,,,,,,,,,,,,,,,,,,,,,,,,,,,,,,
training_event,training,4958d349-1ff1-4f6b-8344-fca7d4d717aa,ee758a09-214b-4427-a1a1-bb275fee7784,2026-09-06T09:52:15.306000+00:00,keyup,67,,80.3,,,,,,,,,paragraph_typing,0,,,,,,,,,,/app/training,dev_2d73e02d-8068-4917-8e1d-bcd4688456d1,,,,,,,,,,,,,,,,,,,,,,,,,,,,,,,,,,,,,,,,,,,,,,,,,,,,,,,,,,,,,,,,,,
training_event,training,4958d349-1ff1-4f6b-8344-fca7d4d717aa,ee758a09-214b-4427-a1a1-bb275fee7784,2026-09-06T09:52:15.388000+00:00,keydown,84,t,,162.5,,,,,,,,paragraph_typing,0,,,,,,,,,,/app/training,dev_2d73e02d-8068-4917-8e1d-bcd4688456d1,,,,,,,,,,,,,,,,,,,,,,,,,,,,,,,,,,,,,,,,,,,,,,,,,,,,,,,,,,,,,,,,,,
training_event,training,4958d349-1ff1-4f6b-8344-fca7d4d717aa,ee758a09-214b-4427-a1a1-bb275fee7784,2026-09-06T09:52:15.457000+00:00,keyup,84,,68.9,,,,,,,,,paragraph_typing,0,,,,,,,,,,/app/training,dev_2d73e02d-8068-4917-8e1d-bcd4688456d1,,,,,,,,,,,,,,,,,,,,,,,,,,,,,,,,,,,,,,,,,,,,,,,,,,,,,,,,,,,,,,,,,,
training_event,training,4958d349-1ff1-4f6b-8344-fca7d4d717aa,ee758a09-214b-4427-a1a1-bb275fee7784,2026-09-06T09:52:15.574000+00:00,keydown,83,s,,185.4,,,,,,,,paragraph_typing,0,,,,,,,,,,/app/training,dev_2d73e02d-8068-4917-8e1d-bcd4688456d1,,,,,,,,,,,,,,,,,,,,,,,,,,,,,,,,,,,,,,,,,,,,,,,,,,,,,,,,,,,,,,,,,,
training_event,training,4958d349-1ff1-4f6b-8344-fca7d4d717aa,ee758a09-214b-4427-a1a1-bb275fee7784,2026-09-06T09:52:15.688000+00:00,keyup,83,,114.3,,,,,,,,,paragraph_typing,0,,,,,,,,,,/app/training,dev_2d73e02d-8068-4917-8e1d-bcd4688456d1,,,,,,,,,,,,,,,,,,,,,,,,,,,,,,,,,,,,,,,,,,,,,,,,,,,,,,,,,,,,,,,,,,
training_event,training,4958d349-1ff1-4f6b-8344-fca7d4d717aa,ee758a09-214b-4427-a1a1-bb275fee7784,2026-09-06T09:52:15.869000+00:00,keydown,32, ,,295.1,,,,,,,,paragraph_typing,0,,,,,,,,,,/app/training,dev_2d73e02d-8068-4917-8e1d-bcd4688456d1,,,,,,,,,,,,,,,,,,,,,,,,,,,,,,,,,,,,,,,,,,,,,,,,,,,,,,,,,,,,,,,,,,
training_event,training,4958d349-1ff1-4f6b-8344-fca7d4d717aa,ee758a09-214b-4427-a1a1-bb275fee7784,2026-09-06T09:52:15.986000+00:00,keyup,32,,116.9,,,,,,,,,paragraph_typing,0,,,,,,,,,,/app/training,dev_2d73e02d-8068-4917-8e1d-bcd4688456d1,,,,,,,,,,,,,,,,,,,,,,,,,,,,,,,,,,,,,,,,,,,,,,,,,,,,,,,,,,,,,,,,,,
training_event,training,4958d349-1ff1-4f6b-8344-fca7d4d717aa,ee758a09-214b-4427-a1a1-bb275fee7784,2026-09-06T09:52:17.280000+00:00,keydown,85,u,,1410.9,,,,,,,,paragraph_typing,0,,,,,,,,,,/app/training,dev_2d73e02d-8068-4917-8e1d-bcd4688456d1,,,,,,,,,,,,,,,,,,,,,,,,,,,,,,,,,,,,,,,,,,,,,,,,,,,,,,,,,,,,,,,,,,
training_event,training,4958d349-1ff1-4f6b-8344-fca7d4d717aa,ee758a09-214b-4427-a1a1-bb275fee7784,2026-09-06T09:52:17.341000+00:00,keyup,85,,61.6,,,,,,,,,paragraph_typing,0,,,,,,,,,,/app/training,dev_2d73e02d-8068-4917-8e1d-bcd4688456d1,,,,,,,,,,,,,,,,,,,,,,,,,,,,,,,,,,,,,,,,,,,,,,,,,,,,,,,,,,,,,,,,,,
training_event,training,4958d349-1ff1-4f6b-8344-fca7d4d717aa,ee758a09-214b-4427-a1a1-bb275fee7784,2026-09-06T09:52:17.652000+00:00,keydown,78,n,,372.5,,,,,,,,paragraph_typing,0,,,,,,,,,,/app/training,dev_2d73e02d-8068-4917-8e1d-bcd4688456d1,,,,,,,,,,,,,,,,,,,,,,,,,,,,,,,,,,,,,,,,,,,,,,,,,,,,,,,,,,,,,,,,,,
training_event,training,4958d349-1ff1-4f6b-8344-fca7d4d717aa,ee758a09-214b-4427-a1a1-bb275fee7784,2026-09-06T09:52:17.685000+00:00,keyup,78,,32.7,,,,,,,,,paragraph_typing,0,,,,,,,,,,/app/training,dev_2d73e02d-8068-4917-8e1d-bcd4688456d1,,,,,,,,,,,,,,,,,,,,,,,,,,,,,,,,,,,,,,,,,,,,,,,,,,,,,,,,,,,,,,,,,,
training_event,training,4958d349-1ff1-4f6b-8344-fca7d4d717aa,ee758a09-214b-4427-a1a1-bb275fee7784,2026-09-06T09:52:17.913000+00:00,keydown,85,u,,261.0,,,,,,,,paragraph_typing,0,,,,,,,,,,/app/training,dev_2d73e02d-8068-4917-8e1d-bcd4688456d1,,,,,,,,,,,,,,,,,,,,,,,,,,,,,,,,,,,,,,,,,,,,,,,,,,,,,,,,,,,,,,,,,,
training_event,training,4958d349-1ff1-4f6b-8344-fca7d4d717aa,ee758a09-214b-4427-a1a1-bb275fee7784,2026-09-06T09:52:17.929000+00:00,keyup,85,,15.6,,,,,,,,,paragraph_typing,0,,,,,,,,,,/app/training,dev_2d73e02d-8068-4917-8e1d-bcd4688456d1,,,,,,,,,,,,,,,,,,,,,,,,,,,,,,,,,,,,,,,,,,,,,,,,,,,,,,,,,,,,,,,,,,
training_event,training,4958d349-1ff1-4f6b-8344-fca7d4d717aa,ee758a09-214b-4427-a1a1-bb275fee7784,2026-09-06T09:52:18.180000+00:00,keydown,83,s,,266.4,,,,,,,,paragraph_typing,0,,,,,,,,,,/app/training,dev_2d73e02d-8068-4917-8e1d-bcd4688456d1,,,,,,,,,,,,,,,,,,,,,,,,,,,,,,,,,,,,,,,,,,,,,,,,,,,,,,,,,,,,,,,,,,
training_event,training,4958d349-1ff1-4f6b-8344-fca7d4d717aa,ee758a09-214b-4427-a1a1-bb275fee7784,2026-09-06T09:52:18.274000+00:00,keyup,83,,94.6,,,,,,,,,paragraph_typing,0,,,,,,,,,,/app/training,dev_2d73e02d-8068-4917-8e1d-bcd4688456d1,,,,,,,,,,,,,,,,,,,,,,,,,,,,,,,,,,,,,,,,,,,,,,,,,,,,,,,,,,,,,,,,,,
training_event,training,4958d349-1ff1-4f6b-8344-fca7d4d717aa,ee758a09-214b-4427-a1a1-bb275fee7784,2026-09-06T09:52:18.402000+00:00,keydown,85,u,,222.7,,,,,,,,paragraph_typing,0,,,,,,,,,,/app/training,dev_2d73e02d-8068-4917-8e1d-bcd4688456d1,,,,,,,,,,,,,,,,,,,,,,,,,,,,,,,,,,,,,,,,,,,,,,,,,,,,,,,,,,,,,,,,,,
training_event,training,4958d349-1ff1-4f6b-8344-fca7d4d717aa,ee758a09-214b-4427-a1a1-bb275fee7784,2026-09-06T09:52:18.442000+00:00,keyup,85,,39.3,,,,,,,,,paragraph_typing,0,,,,,,,,,,/app/training,dev_2d73e02d-8068-4917-8e1d-bcd4688456d1,,,,,,,,,,,,,,,,,,,,,,,,,,,,,,,,,,,,,,,,,,,,,,,,,,,,,,,,,,,,,,,,,,
training_event,training,4958d349-1ff1-4f6b-8344-fca7d4d717aa,ee758a09-214b-4427-a1a1-bb275fee7784,2026-09-06T09:52:18.560000+00:00,keydown,65,a,,157.9,,,,,,,,paragraph_typing,0,,,,,,,,,,/app/training,dev_2d73e02d-8068-4917-8e1d-bcd4688456d1,,,,,,,,,,,,,,,,,,,,,,,,,,,,,,,,,,,,,,,,,,,,,,,,,,,,,,,,,,,,,,,,,,
training_event,training,4958d349-1ff1-4f6b-8344-fca7d4d717aa,ee758a09-214b-4427-a1a1-bb275fee7784,2026-09-06T09:52:18.696000+00:00,keyup,65,,135.5,,,,,,,,,paragraph_typing,0,,,,,,,,,,/app/training,dev_2d73e02d-8068-4917-8e1d-bcd4688456d1,,,,,,,,,,,,,,,,,,,,,,,,,,,,,,,,,,,,,,,,,,,,,,,,,,,,,,,,,,,,,,,,,,
training_event,training,4958d349-1ff1-4f6b-8344-fca7d4d717aa,ee758a09-214b-4427-a1a1-bb275fee7784,2026-09-06T09:52:18.739000+00:00,keydown,76,l,,178.7,,,,,,,,paragraph_typing,0,,,,,,,,,,/app/training,dev_2d73e02d-8068-4917-8e1d-bcd4688456d1,,,,,,,,,,,,,,,,,,,,,,,,,,,,,,,,,,,,,,,,,,,,,,,,,,,,,,,,,,,,,,,,,,
training_event,training,4958d349-1ff1-4f6b-8344-fca7d4d717aa,ee758a09-214b-4427-a1a1-bb275fee7784,2026-09-06T09:52:18.800000+00:00,keyup,76,,61.3,,,,,,,,,paragraph_typing,0,,,,,,,,,,/app/training,dev_2d73e02d-8068-4917-8e1d-bcd4688456d1,,,,,,,,,,,,,,,,,,,,,,,,,,,,,,,,,,,,,,,,,,,,,,,,,,,,,,,,,,,,,,,,,,
training_event,training,4958d349-1ff1-4f6b-8344-fca7d4d717aa,ee758a09-214b-4427-a1a1-bb275fee7784,2026-09-06T09:52:18.877000+00:00,keydown,32, ,,137.5,,,,,,,,paragraph_typing,0,,,,,,,,,,/app/training,dev_2d73e02d-8068-4917-8e1d-bcd4688456d1,,,,,,,,,,,,,,,,,,,,,,,,,,,,,,,,,,,,,,,,,,,,,,,,,,,,,,,,,,,,,,,,,,
training_event,training,4958d349-1ff1-4f6b-8344-fca7d4d717aa,ee758a09-214b-4427-a1a1-bb275fee7784,2026-09-06T09:52:18.988000+00:00,keyup,32,,111.9,,,,,,,,,paragraph_typing,0,,,,,,,,,,/app/training,dev_2d73e02d-8068-4917-8e1d-bcd4688456d1,,,,,,,,,,,,,,,,,,,,,,,,,,,,,,,,,,,,,,,,,,,,,,,,,,,,,,,,,,,,,,,,,,
training_event,training,4958d349-1ff1-4f6b-8344-fca7d4d717aa,ee758a09-214b-4427-a1a1-bb275fee7784,2026-09-06T09:52:20.122000+00:00,keydown,66,b,,1245.8,,,,,,,,paragraph_typing,0,,,,,,,,,,/app/training,dev_2d73e02d-8068-4917-8e1d-bcd4688456d1,,,,,,,,,,,,,,,,,,,,,,,,,,,,,,,,,,,,,,,,,,,,,,,,,,,,,,,,,,,,,,,,,,
training_event,training,4958d349-1ff1-4f6b-8344-fca7d4d717aa,ee758a09-214b-4427-a1a1-bb275fee7784,2026-09-06T09:52:20.177000+00:00,keyup,66,,54.5,,,,,,,,,paragraph_typing,0,,,,,,,,,,/app/training,dev_2d73e02d-8068-4917-8e1d-bcd4688456d1,,,,,,,,,,,,,,,,,,,,,,,,,,,,,,,,,,,,,,,,,,,,,,,,,,,,,,,,,,,,,,,,,,
training_event,training,4958d349-1ff1-4f6b-8344-fca7d4d717aa,ee758a09-214b-4427-a1a1-bb275fee7784,2026-09-06T09:52:20.477000+00:00,keydown,69,e,,354.3,,,,,,,,paragraph_typing,0,,,,,,,,,,/app/training,dev_2d73e02d-8068-4917-8e1d-bcd4688456d1,,,,,,,,,,,,,,,,,,,,,,,,,,,,,,,,,,,,,,,,,,,,,,,,,,,,,,,,,,,,,,,,,,
training_event,training,4958d349-1ff1-4f6b-8344-fca7d4d717aa,ee758a09-214b-4427-a1a1-bb275fee7784,2026-09-06T09:52:20.568000+00:00,keyup,69,,91.6,,,,,,,,,paragraph_typing,0,,,,,,,,,,/app/training,dev_2d73e02d-8068-4917-8e1d-bcd4688456d1,,,,,,,,,,,,,,,,,,,,,,,,,,,,,,,,,,,,,,,,,,,,,,,,,,,,,,,,,,,,,,,,,,
training_event,training,4958d349-1ff1-4f6b-8344-fca7d4d717aa,ee758a09-214b-4427-a1a1-bb275fee7784,2026-09-06T09:52:21.984000+00:00,keydown,72,h,,1507.8,,,,,,,,paragraph_typing,0,,,,,,,,,,/app/training,dev_2d73e02d-8068-4917-8e1d-bcd4688456d1,,,,,,,,,,,,,,,,,,,,,,,,,,,,,,,,,,,,,,,,,,,,,,,,,,,,,,,,,,,,,,,,,,
training_event,training,4958d349-1ff1-4f6b-8344-fca7d4d717aa,ee758a09-214b-4427-a1a1-bb275fee7784,2026-09-06T09:52:22.044000+00:00,keyup,72,,59.1,,,,,,,,,paragraph_typing,0,,,,,,,,,,/app/training,dev_2d73e02d-8068-4917-8e1d-bcd4688456d1,,,,,,,,,,,,,,,,,,,,,,,,,,,,,,,,,,,,,,,,,,,,,,,,,,,,,,,,,,,,,,,,,,
training_event,training,4958d349-1ff1-4f6b-8344-fca7d4d717aa,ee758a09-214b-4427-a1a1-bb275fee7784,2026-09-06T09:52:22.364000+00:00,keydown,65,a,,379.2,,,,,,,,paragraph_typing,0,,,,,,,,,,/app/training,dev_2d73e02d-8068-4917-8e1d-bcd4688456d1,,,,,,,,,,,,,,,,,,,,,,,,,,,,,,,,,,,,,,,,,,,,,,,,,,,,,,,,,,,,,,,,,,
training_event,training,4958d349-1ff1-4f6b-8344-fca7d4d717aa,ee758a09-214b-4427-a1a1-bb275fee7784,2026-09-06T09:52:22.442000+00:00,keyup,65,,78.1,,,,,,,,,paragraph_typing,0,,,,,,,,,,/app/training,dev_2d73e02d-8068-4917-8e1d-bcd4688456d1,,,,,,,,,,,,,,,,,,,,,,,,,,,,,,,,,,,,,,,,,,,,,,,,,,,,,,,,,,,,,,,,,,
training_event,training,4958d349-1ff1-4f6b-8344-fca7d4d717aa,ee758a09-214b-4427-a1a1-bb275fee7784,2026-09-06T09:52:22.822000+00:00,keydown,86,v,,458.3,,,,,,,,paragraph_typing,0,,,,,,,,,,/app/training,dev_2d73e02d-8068-4917-8e1d-bcd4688456d1,,,,,,,,,,,,,,,,,,,,,,,,,,,,,,,,,,,,,,,,,,,,,,,,,,,,,,,,,,,,,,,,,,
training_event,training,4958d349-1ff1-4f6b-8344-fca7d4d717aa,ee758a09-214b-4427-a1a1-bb275fee7784,2026-09-06T09:52:22.925000+00:00,keyup,86,,102.8,,,,,,,,,paragraph_typing,0,,,,,,,,,,/app/training,dev_2d73e02d-8068-4917-8e1d-bcd4688456d1,,,,,,,,,,,,,,,,,,,,,,,,,,,,,,,,,,,,,,,,,,,,,,,,,,,,,,,,,,,,,,,,,,
training_event,training,4958d349-1ff1-4f6b-8344-fca7d4d717aa,ee758a09-214b-4427-a1a1-bb275fee7784,2026-09-06T09:52:23.608000+00:00,keydown,73,i,,785.8,,,,,,,,paragraph_typing,0,,,,,,,,,,/app/training,dev_2d73e02d-8068-4917-8e1d-bcd4688456d1,,,,,,,,,,,,,,,,,,,,,,,,,,,,,,,,,,,,,,,,,,,,,,,,,,,,,,,,,,,,,,,,,,
training_event,training,4958d349-1ff1-4f6b-8344-fca7d4d717aa,ee758a09-214b-4427-a1a1-bb275fee7784,2026-09-06T09:52:23.670000+00:00,keyup,73,,62.2,,,,,,,,,paragraph_typing,0,,,,,,,,,,/app/training,dev_2d73e02d-8068-4917-8e1d-bcd4688456d1,,,,,,,,,,,,,,,,,,,,,,,,,,,,,,,,,,,,,,,,,,,,,,,,,,,,,,,,,,,,,,,,,,
training_event,training,4958d349-1ff1-4f6b-8344-fca7d4d717aa,ee758a09-214b-4427-a1a1-bb275fee7784,2026-09-06T09:52:24.042000+00:00,keydown,79,o,,434.2,,,,,,,,paragraph_typing,0,,,,,,,,,,/app/training,dev_2d73e02d-8068-4917-8e1d-bcd4688456d1,,,,,,,,,,,,,,,,,,,,,,,,,,,,,,,,,,,,,,,,,,,,,,,,,,,,,,,,,,,,,,,,,,
training_event,training,4958d349-1ff1-4f6b-8344-fca7d4d717aa,ee758a09-214b-4427-a1a1-bb275fee7784,2026-09-06T09:52:24.090000+00:00,keyup,79,,48.3,,,,,,,,,paragraph_typing,0,,,,,,,,,,/app/training,dev_2d73e02d-8068-4917-8e1d-bcd4688456d1,,,,,,,,,,,,,,,,,,,,,,,,,,,,,,,,,,,,,,,,,,,,,,,,,,,,,,,,,,,,,,,,,,
training_event,training,4958d349-1ff1-4f6b-8344-fca7d4d717aa,ee758a09-214b-4427-a1a1-bb275fee7784,2026-09-06T09:52:24.305000+00:00,keydown,82,r,,263.2,,,,,,,,paragraph_typing,0,,,,,,,,,,/app/training,dev_2d73e02d-8068-4917-8e1d-bcd4688456d1,,,,,,,,,,,,,,,,,,,,,,,,,,,,,,,,,,,,,,,,,,,,,,,,,,,,,,,,,,,,,,,,,,
training_event,training,4958d349-1ff1-4f6b-8344-fca7d4d717aa,ee758a09-214b-4427-a1a1-bb275fee7784,2026-09-06T09:52:24.391000+00:00,keyup,82,,85.7,,,,,,,,,paragraph_typing,0,,,,,,,,,,/app/training,dev_2d73e02d-8068-4917-8e1d-bcd4688456d1,,,,,,,,,,,,,,,,,,,,,,,,,,,,,,,,,,,,,,,,,,,,,,,,,,,,,,,,,,,,,,,,,,
training_event,training,4958d349-1ff1-4f6b-8344-fca7d4d717aa,ee758a09-214b-4427-a1a1-bb275fee7784,2026-09-06T09:52:24.603000+00:00,keydown,65,a,,298.3,,,,,,,,paragraph_typing,0,,,,,,,,,,/app/training,dev_2d73e02d-8068-4917-8e1d-bcd4688456d1,,,,,,,,,,,,,,,,,,,,,,,,,,,,,,,,,,,,,,,,,,,,,,,,,,,,,,,,,,,,,,,,,,
training_event,training,4958d349-1ff1-4f6b-8344-fca7d4d717aa,ee758a09-214b-4427-a1a1-bb275fee7784,2026-09-06T09:52:24.753000+00:00,keyup,65,,149.2,,,,,,,,,paragraph_typing,0,,,,,,,,,,/app/training,dev_2d73e02d-8068-4917-8e1d-bcd4688456d1,,,,,,,,,,,,,,,,,,,,,,,,,,,,,,,,,,,,,,,,,,,,,,,,,,,,,,,,,,,,,,,,,,
training_event,training,4958d349-1ff1-4f6b-8344-fca7d4d717aa,ee758a09-214b-4427-a1a1-bb275fee7784,2026-09-06T09:52:24.901000+00:00,keydown,76,l,,297.5,,,,,,,,paragraph_typing,0,,,,,,,,,,/app/training,dev_2d73e02d-8068-4917-8e1d-bcd4688456d1,,,,,,,,,,,,,,,,,,,,,,,,,,,,,,,,,,,,,,,,,,,,,,,,,,,,,,,,,,,,,,,,,,
training_event,training,4958d349-1ff1-4f6b-8344-fca7d4d717aa,ee758a09-214b-4427-a1a1-bb275fee7784,2026-09-06T09:52:24.951000+00:00,keyup,76,,50.3,,,,,,,,,paragraph_typing,0,,,,,,,,,,/app/training,dev_2d73e02d-8068-4917-8e1d-bcd4688456d1,,,,,,,,,,,,,,,,,,,,,,,,,,,,,,,,,,,,,,,,,,,,,,,,,,,,,,,,,,,,,,,,,,
training_event,training,4958d349-1ff1-4f6b-8344-fca7d4d717aa,ee758a09-214b-4427-a1a1-bb275fee7784,2026-09-06T09:52:25.296000+00:00,keydown,32, ,,395.5,,,,,,,,paragraph_typing,0,,,,,,,,,,/app/training,dev_2d73e02d-8068-4917-8e1d-bcd4688456d1,,,,,,,,,,,,,,,,,,,,,,,,,,,,,,,,,,,,,,,,,,,,,,,,,,,,,,,,,,,,,,,,,,
training_event,training,4958d349-1ff1-4f6b-8344-fca7d4d717aa,ee758a09-214b-4427-a1a1-bb275fee7784,2026-09-06T09:52:25.408000+00:00,keyup,32,,111.6,,,,,,,,,paragraph_typing,0,,,,,,,,,,/app/training,dev_2d73e02d-8068-4917-8e1d-bcd4688456d1,,,,,,,,,,,,,,,,,,,,,,,,,,,,,,,,,,,,,,,,,,,,,,,,,,,,,,,,,,,,,,,,,,
training_event,training,4958d349-1ff1-4f6b-8344-fca7d4d717aa,ee758a09-214b-4427-a1a1-bb275fee7784,2026-09-06T09:52:25.664000+00:00,keydown,67,c,,367.3,,,,,,,,paragraph_typing,0,,,,,,,,,,/app/training,dev_2d73e02d-8068-4917-8e1d-bcd4688456d1,,,,,,,,,,,,,,,,,,,,,,,,,,,,,,,,,,,,,,,,,,,,,,,,,,,,,,,,,,,,,,,,,,
training_event,training,4958d349-1ff1-4f6b-8344-fca7d4d717aa,ee758a09-214b-4427-a1a1-bb275fee7784,2026-09-06T09:52:25.740000+00:00,keyup,67,,76.1,,,,,,,,,paragraph_typing,0,,,,,,,,,,/app/training,dev_2d73e02d-8068-4917-8e1d-bcd4688456d1,,,,,,,,,,,,,,,,,,,,,,,,,,,,,,,,,,,,,,,,,,,,,,,,,,,,,,,,,,,,,,,,,,
training_event,training,4958d349-1ff1-4f6b-8344-fca7d4d717aa,ee758a09-214b-4427-a1a1-bb275fee7784,2026-09-06T09:52:25.830000+00:00,keydown,72,h,,166.5,,,,,,,,paragraph_typing,0,,,,,,,,,,/app/training,dev_2d73e02d-8068-4917-8e1d-bcd4688456d1,,,,,,,,,,,,,,,,,,,,,,,,,,,,,,,,,,,,,,,,,,,,,,,,,,,,,,,,,,,,,,,,,,
training_event,training,4958d349-1ff1-4f6b-8344-fca7d4d717aa,ee758a09-214b-4427-a1a1-bb275fee7784,2026-09-06T09:52:25.896000+00:00,keyup,72,,66.1,,,,,,,,,paragraph_typing,0,,,,,,,,,,/app/training,dev_2d73e02d-8068-4917-8e1d-bcd4688456d1,,,,,,,,,,,,,,,,,,,,,,,,,,,,,,,,,,,,,,,,,,,,,,,,,,,,,,,,,,,,,,,,,,
training_event,training,4958d349-1ff1-4f6b-8344-fca7d4d717aa,ee758a09-214b-4427-a1a1-bb275fee7784,2026-09-06T09:52:26.040000+00:00,keydown,65,a,,210.2,,,,,,,,paragraph_typing,0,,,,,,,,,,/app/training,dev_2d73e02d-8068-4917-8e1d-bcd4688456d1,,,,,,,,,,,,,,,,,,,,,,,,,,,,,,,,,,,,,,,,,,,,,,,,,,,,,,,,,,,,,,,,,,
training_event,training,4958d349-1ff1-4f6b-8344-fca7d4d717aa,ee758a09-214b-4427-a1a1-bb275fee7784,2026-09-06T09:52:26.158000+00:00,keydown,78,n,,117.6,,,,,,,,paragraph_typing,0,,,,,,,,,,/app/training,dev_2d73e02d-8068-4917-8e1d-bcd4688456d1,,,,,,,,,,,,,,,,,,,,,,,,,,,,,,,,,,,,,,,,,,,,,,,,,,,,,,,,,,,,,,,,,,
training_event,training,4958d349-1ff1-4f6b-8344-fca7d4d717aa,ee758a09-214b-4427-a1a1-bb275fee7784,2026-09-06T09:52:26.163000+00:00,keyup,65,,122.4,,,,,,,,,paragraph_typing,0,,,,,,,,,,/app/training,dev_2d73e02d-8068-4917-8e1d-bcd4688456d1,,,,,,,,,,,,,,,,,,,,,,,,,,,,,,,,,,,,,,,,,,,,,,,,,,,,,,,,,,,,,,,,,,
training_event,training,4958d349-1ff1-4f6b-8344-fca7d4d717aa,ee758a09-214b-4427-a1a1-bb275fee7784,2026-09-06T09:52:26.217000+00:00,keyup,78,,59.1,,,,,,,,,paragraph_typing,0,,,,,,,,,,/app/training,dev_2d73e02d-8068-4917-8e1d-bcd4688456d1,,,,,,,,,,,,,,,,,,,,,,,,,,,,,,,,,,,,,,,,,,,,,,,,,,,,,,,,,,,,,,,,,,
training_event,training,4958d349-1ff1-4f6b-8344-fca7d4d717aa,ee758a09-214b-4427-a1a1-bb275fee7784,2026-09-06T09:52:26.386000+00:00,keydown,71,g,,228.1,,,,,,,,paragraph_typing,0,,,,,,,,,,/app/training,dev_2d73e02d-8068-4917-8e1d-bcd4688456d1,,,,,,,,,,,,,,,,,,,,,,,,,,,,,,,,,,,,,,,,,,,,,,,,,,,,,,,,,,,,,,,,,,
training_event,training,4958d349-1ff1-4f6b-8344-fca7d4d717aa,ee758a09-214b-4427-a1a1-bb275fee7784,2026-09-06T09:52:26.454000+00:00,keyup,71,,68.0,,,,,,,,,paragraph_typing,0,,,,,,,,,,/app/training,dev_2d73e02d-8068-4917-8e1d-bcd4688456d1,,,,,,,,,,,,,,,,,,,,,,,,,,,,,,,,,,,,,,,,,,,,,,,,,,,,,,,,,,,,,,,,,,
training_event,training,4958d349-1ff1-4f6b-8344-fca7d4d717aa,ee758a09-214b-4427-a1a1-bb275fee7784,2026-09-06T09:52:26.520000+00:00,keydown,69,e,,133.8,,,,,,,,paragraph_typing,0,,,,,,,,,,/app/training,dev_2d73e02d-8068-4917-8e1d-bcd4688456d1,,,,,,,,,,,,,,,,,,,,,,,,,,,,,,,,,,,,,,,,,,,,,,,,,,,,,,,,,,,,,,,,,,
training_event,training,4958d349-1ff1-4f6b-8344-fca7d4d717aa,ee758a09-214b-4427-a1a1-bb275fee7784,2026-09-06T09:52:26.603000+00:00,keyup,69,,82.9,,,,,,,,,paragraph_typing,0,,,,,,,,,,/app/training,dev_2d73e02d-8068-4917-8e1d-bcd4688456d1,,,,,,,,,,,,,,,,,,,,,,,,,,,,,,,,,,,,,,,,,,,,,,,,,,,,,,,,,,,,,,,,,,
training_event,training,4958d349-1ff1-4f6b-8344-fca7d4d717aa,ee758a09-214b-4427-a1a1-bb275fee7784,2026-09-06T09:52:26.788000+00:00,keydown,83,s,,268.5,,,,,,,,paragraph_typing,0,,,,,,,,,,/app/training,dev_2d73e02d-8068-4917-8e1d-bcd4688456d1,,,,,,,,,,,,,,,,,,,,,,,,,,,,,,,,,,,,,,,,,,,,,,,,,,,,,,,,,,,,,,,,,,
training_event,training,4958d349-1ff1-4f6b-8344-fca7d4d717aa,ee758a09-214b-4427-a1a1-bb275fee7784,2026-09-06T09:52:26.888000+00:00,keyup,83,,99.2,,,,,,,,,paragraph_typing,0,,,,,,,,,,/app/training,dev_2d73e02d-8068-4917-8e1d-bcd4688456d1,,,,,,,,,,,,,,,,,,,,,,,,,,,,,,,,,,,,,,,,,,,,,,,,,,,,,,,,,,,,,,,,,,
training_event,training,4958d349-1ff1-4f6b-8344-fca7d4d717aa,ee758a09-214b-4427-a1a1-bb275fee7784,2026-09-06T09:52:27.221000+00:00,keydown,190,.,,432.7,,,,,,,,paragraph_typing,0,,,,,,,,,,/app/training,dev_2d73e02d-8068-4917-8e1d-bcd4688456d1,,,,,,,,,,,,,,,,,,,,,,,,,,,,,,,,,,,,,,,,,,,,,,,,,,,,,,,,,,,,,,,,,,
training_event,training,4958d349-1ff1-4f6b-8344-fca7d4d717aa,ee758a09-214b-4427-a1a1-bb275fee7784,2026-09-06T09:52:27.283000+00:00,keyup,190,,62.0,,,,,,,,,paragraph_typing,0,,,,,,,,,,/app/training,dev_2d73e02d-8068-4917-8e1d-bcd4688456d1,,,,,,,,,,,,,,,,,,,,,,,,,,,,,,,,,,,,,,,,,,,,,,,,,,,,,,,,,,,,,,,,,,
training_event,training,4958d349-1ff1-4f6b-8344-fca7d4d717aa,ee758a09-214b-4427-a1a1-bb275fee7784,2026-09-06T09:52:30.660000+00:00,keydown,37,,,2000.0,,,,,,,,paragraph_typing,0,,,,,,,,,,/app/training,dev_2d73e02d-8068-4917-8e1d-bcd4688456d1,,,,,,,,,,,,,,,,,,,,,,,,,,,,,,,,,,,,,,,,,,,,,,,,,,,,,,,,,,,,,,,,,,
training_event,training,4958d349-1ff1-4f6b-8344-fca7d4d717aa,ee758a09-214b-4427-a1a1-bb275fee7784,2026-09-06T09:52:30.758000+00:00,keyup,37,,98.2,,,,,,,,,paragraph_typing,0,,,,,,,,,,/app/training,dev_2d73e02d-8068-4917-8e1d-bcd4688456d1,,,,,,,,,,,,,,,,,,,,,,,,,,,,,,,,,,,,,,,,,,,,,,,,,,,,,,,,,,,,,,,,,,
training_event,training,4958d349-1ff1-4f6b-8344-fca7d4d717aa,ee758a09-214b-4427-a1a1-bb275fee7784,2026-09-06T09:52:31.045000+00:00,keydown,37,,,385.1,,,,,,,,paragraph_typing,0,,,,,,,,,,/app/training,dev_2d73e02d-8068-4917-8e1d-bcd4688456d1,,,,,,,,,,,,,,,,,,,,,,,,,,,,,,,,,,,,,,,,,,,,,,,,,,,,,,,,,,,,,,,,,,
training_event,training,4958d349-1ff1-4f6b-8344-fca7d4d717aa,ee758a09-214b-4427-a1a1-bb275fee7784,2026-09-06T09:52:31.091000+00:00,keyup,37,,46.0,,,,,,,,,paragraph_typing,0,,,,,,,,,,/app/training,dev_2d73e02d-8068-4917-8e1d-bcd4688456d1,,,,,,,,,,,,,,,,,,,,,,,,,,,,,,,,,,,,,,,,,,,,,,,,,,,,,,,,,,,,,,,,,,
training_event,training,4958d349-1ff1-4f6b-8344-fca7d4d717aa,ee758a09-214b-4427-a1a1-bb275fee7784,2026-09-06T09:52:35.709000+00:00,keydown,37,,,2000.0,,,,,,,,paragraph_typing,0,,,,,,,,,,/app/training,dev_2d73e02d-8068-4917-8e1d-bcd4688456d1,,,,,,,,,,,,,,,,,,,,,,,,,,,,,,,,,,,,,,,,,,,,,,,,,,,,,,,,,,,,,,,,,,
training_event,training,4958d349-1ff1-4f6b-8344-fca7d4d717aa,ee758a09-214b-4427-a1a1-bb275fee7784,2026-09-06T09:52:35.784000+00:00,keyup,37,,74.9,,,,,,,,,paragraph_typing,0,,,,,,,,,,/app/training,dev_2d73e02d-8068-4917-8e1d-bcd4688456d1,,,,,,,,,,,,,,,,,,,,,,,,,,,,,,,,,,,,,,,,,,,,,,,,,,,,,,,,,,,,,,,,,,
training_event,training,4958d349-1ff1-4f6b-8344-fca7d4d717aa,ee758a09-214b-4427-a1a1-bb275fee7784,2026-09-06T09:52:35.974000+00:00,keydown,37,,,264.8,,,,,,,,paragraph_typing,0,,,,,,,,,,/app/training,dev_2d73e02d-8068-4917-8e1d-bcd4688456d1,,,,,,,,,,,,,,,,,,,,,,,,,,,,,,,,,,,,,,,,,,,,,,,,,,,,,,,,,,,,,,,,,,
training_event,training,4958d349-1ff1-4f6b-8344-fca7d4d717aa,ee758a09-214b-4427-a1a1-bb275fee7784,2026-09-06T09:52:36.119000+00:00,keyup,37,,145.5,,,,,,,,,paragraph_typing,0,,,,,,,,,,/app/training,dev_2d73e02d-8068-4917-8e1d-bcd4688456d1,,,,,,,,,,,,,,,,,,,,,,,,,,,,,,,,,,,,,,,,,,,,,,,,,,,,,,,,,,,,,,,,,,
training_event,training,4958d349-1ff1-4f6b-8344-fca7d4d717aa,ee758a09-214b-4427-a1a1-bb275fee7784,2026-09-06T09:52:37.244000+00:00,keydown,39,,,1270.6,,,,,,,,paragraph_typing,0,,,,,,,,,,/app/training,dev_2d73e02d-8068-4917-8e1d-bcd4688456d1,,,,,,,,,,,,,,,,,,,,,,,,,,,,,,,,,,,,,,,,,,,,,,,,,,,,,,,,,,,,,,,,,,
training_event,training,4958d349-1ff1-4f6b-8344-fca7d4d717aa,ee758a09-214b-4427-a1a1-bb275fee7784,2026-09-06T09:52:37.360000+00:00,keyup,39,,115.2,,,,,,,,,paragraph_typing,0,,,,,,,,,,/app/training,dev_2d73e02d-8068-4917-8e1d-bcd4688456d1,,,,,,,,,,,,,,,,,,,,,,,,,,,,,,,,,,,,,,,,,,,,,,,,,,,,,,,,,,,,,,,,,,
training_event,training,4958d349-1ff1-4f6b-8344-fca7d4d717aa,ee758a09-214b-4427-a1a1-bb275fee7784,2026-09-06T09:52:39.221000+00:00,keydown,37,,,1976.2,,,,,,,,paragraph_typing,0,,,,,,,,,,/app/training,dev_2d73e02d-8068-4917-8e1d-bcd4688456d1,,,,,,,,,,,,,,,,,,,,,,,,,,,,,,,,,,,,,,,,,,,,,,,,,,,,,,,,,,,,,,,,,,
training_event,training,4958d349-1ff1-4f6b-8344-fca7d4d717aa,ee758a09-214b-4427-a1a1-bb275fee7784,2026-09-06T09:52:39.303000+00:00,keyup,37,,82.2,,,,,,,,,paragraph_typing,0,,,,,,,,,,/app/training,dev_2d73e02d-8068-4917-8e1d-bcd4688456d1,,,,,,,,,,,,,,,,,,,,,,,,,,,,,,,,,,,,,,,,,,,,,,,,,,,,,,,,,,,,,,,,,,
training_event,training,4958d349-1ff1-4f6b-8344-fca7d4d717aa,ee758a09-214b-4427-a1a1-bb275fee7784,2026-09-06T09:52:39.524000+00:00,keydown,37,,,303.6,,,,,,,,paragraph_typing,0,,,,,,,,,,/app/training,dev_2d73e02d-8068-4917-8e1d-bcd4688456d1,,,,,,,,,,,,,,,,,,,,,,,,,,,,,,,,,,,,,,,,,,,,,,,,,,,,,,,,,,,,,,,,,,
training_event,training,4958d349-1ff1-4f6b-8344-fca7d4d717aa,ee758a09-214b-4427-a1a1-bb275fee7784,2026-09-06T09:52:39.625000+00:00,keyup,37,,101.1,,,,,,,,,paragraph_typing,0,,,,,,,,,,/app/training,dev_2d73e02d-8068-4917-8e1d-bcd4688456d1,,,,,,,,,,,,,,,,,,,,,,,,,,,,,,,,,,,,,,,,,,,,,,,,,,,,,,,,,,,,,,,,,,
training_event,training,4958d349-1ff1-4f6b-8344-fca7d4d717aa,ee758a09-214b-4427-a1a1-bb275fee7784,2026-09-06T09:52:40.791000+00:00,keydown,37,,,1267.0,,,,,,,,paragraph_typing,0,,,,,,,,,,/app/training,dev_2d73e02d-8068-4917-8e1d-bcd4688456d1,,,,,,,,,,,,,,,,,,,,,,,,,,,,,,,,,,,,,,,,,,,,,,,,,,,,,,,,,,,,,,,,,,
training_event,training,4958d349-1ff1-4f6b-8344-fca7d4d717aa,ee758a09-214b-4427-a1a1-bb275fee7784,2026-09-06T09:52:40.901000+00:00,keyup,37,,109.3,,,,,,,,,paragraph_typing,0,,,,,,,,,,/app/training,dev_2d73e02d-8068-4917-8e1d-bcd4688456d1,,,,,,,,,,,,,,,,,,,,,,,,,,,,,,,,,,,,,,,,,,,,,,,,,,,,,,,,,,,,,,,,,,
training_event,training,4958d349-1ff1-4f6b-8344-fca7d4d717aa,ee758a09-214b-4427-a1a1-bb275fee7784,2026-09-06T09:52:41.112000+00:00,keydown,37,,,320.2,,,,,,,,paragraph_typing,0,,,,,,,,,,/app/training,dev_2d73e02d-8068-4917-8e1d-bcd4688456d1,,,,,,,,,,,,,,,,,,,,,,,,,,,,,,,,,,,,,,,,,,,,,,,,,,,,,,,,,,,,,,,,,,
training_event,training,4958d349-1ff1-4f6b-8344-fca7d4d717aa,ee758a09-214b-4427-a1a1-bb275fee7784,2026-09-06T09:52:41.224000+00:00,keyup,37,,112.2,,,,,,,,,paragraph_typing,0,,,,,,,,,,/app/training,dev_2d73e02d-8068-4917-8e1d-bcd4688456d1,,,,,,,,,,,,,,,,,,,,,,,,,,,,,,,,,,,,,,,,,,,,,,,,,,,,,,,,,,,,,,,,,,
training_event,training,4958d349-1ff1-4f6b-8344-fca7d4d717aa,ee758a09-214b-4427-a1a1-bb275fee7784,2026-09-06T09:52:41.506000+00:00,keydown,37,,,394.9,,,,,,,,paragraph_typing,0,,,,,,,,,,/app/training,dev_2d73e02d-8068-4917-8e1d-bcd4688456d1,,,,,,,,,,,,,,,,,,,,,,,,,,,,,,,,,,,,,,,,,,,,,,,,,,,,,,,,,,,,,,,,,,
training_event,training,4958d349-1ff1-4f6b-8344-fca7d4d717aa,ee758a09-214b-4427-a1a1-bb275fee7784,2026-09-06T09:52:41.586000+00:00,keyup,37,,79.6,,,,,,,,,paragraph_typing,0,,,,,,,,,,/app/training,dev_2d73e02d-8068-4917-8e1d-bcd4688456d1,,,,,,,,,,,,,,,,,,,,,,,,,,,,,,,,,,,,,,,,,,,,,,,,,,,,,,,,,,,,,,,,,,
training_event,training,4958d349-1ff1-4f6b-8344-fca7d4d717aa,ee758a09-214b-4427-a1a1-bb275fee7784,2026-09-06T09:52:45.348000+00:00,keydown,39,,,2000.0,,,,,,,,paragraph_typing,0,,,,,,,,,,/app/training,dev_2d73e02d-8068-4917-8e1d-bcd4688456d1,,,,,,,,,,,,,,,,,,,,,,,,,,,,,,,,,,,,,,,,,,,,,,,,,,,,,,,,,,,,,,,,,,
training_event,training,4958d349-1ff1-4f6b-8344-fca7d4d717aa,ee758a09-214b-4427-a1a1-bb275fee7784,2026-09-06T09:52:45.436000+00:00,keyup,39,,88.4,,,,,,,,,paragraph_typing,0,,,,,,,,,,/app/training,dev_2d73e02d-8068-4917-8e1d-bcd4688456d1,,,,,,,,,,,,,,,,,,,,,,,,,,,,,,,,,,,,,,,,,,,,,,,,,,,,,,,,,,,,,,,,,,
training_event,training,4958d349-1ff1-4f6b-8344-fca7d4d717aa,ee758a09-214b-4427-a1a1-bb275fee7784,2026-09-06T09:52:45.655000+00:00,keydown,39,,,307.6,,,,,,,,paragraph_typing,0,,,,,,,,,,/app/training,dev_2d73e02d-8068-4917-8e1d-bcd4688456d1,,,,,,,,,,,,,,,,,,,,,,,,,,,,,,,,,,,,,,,,,,,,,,,,,,,,,,,,,,,,,,,,,,
training_event,training,4958d349-1ff1-4f6b-8344-fca7d4d717aa,ee758a09-214b-4427-a1a1-bb275fee7784,2026-09-06T09:52:45.786000+00:00,keyup,39,,130.8,,,,,,,,,paragraph_typing,0,,,,,,,,,,/app/training,dev_2d73e02d-8068-4917-8e1d-bcd4688456d1,,,,,,,,,,,,,,,,,,,,,,,,,,,,,,,,,,,,,,,,,,,,,,,,,,,,,,,,,,,,,,,,,,
training_event,training,4958d349-1ff1-4f6b-8344-fca7d4d717aa,ee758a09-214b-4427-a1a1-bb275fee7784,2026-09-06T09:52:50.094000+00:00,keydown,39,,,2000.0,,,,,,,,paragraph_typing,0,,,,,,,,,,/app/training,dev_2d73e02d-8068-4917-8e1d-bcd4688456d1,,,,,,,,,,,,,,,,,,,,,,,,,,,,,,,,,,,,,,,,,,,,,,,,,,,,,,,,,,,,,,,,,,
training_event,training,4958d349-1ff1-4f6b-8344-fca7d4d717aa,ee758a09-214b-4427-a1a1-bb275fee7784,2026-09-06T09:52:50.146000+00:00,keyup,39,,51.6,,,,,,,,,paragraph_typing,0,,,,,,,,,,/app/training,dev_2d73e02d-8068-4917-8e1d-bcd4688456d1,,,,,,,,,,,,,,,,,,,,,,,,,,,,,,,,,,,,,,,,,,,,,,,,,,,,,,,,,,,,,,,,,,
training_event,training,4958d349-1ff1-4f6b-8344-fca7d4d717aa,ee758a09-214b-4427-a1a1-bb275fee7784,2026-09-06T09:52:50.306000+00:00,keydown,39,,,211.9,,,,,,,,paragraph_typing,0,,,,,,,,,,/app/training,dev_2d73e02d-8068-4917-8e1d-bcd4688456d1,,,,,,,,,,,,,,,,,,,,,,,,,,,,,,,,,,,,,,,,,,,,,,,,,,,,,,,,,,,,,,,,,,
training_event,training,4958d349-1ff1-4f6b-8344-fca7d4d717aa,ee758a09-214b-4427-a1a1-bb275fee7784,2026-09-06T09:52:50.389000+00:00,keyup,39,,82.5,,,,,,,,,paragraph_typing,0,,,,,,,,,,/app/training,dev_2d73e02d-8068-4917-8e1d-bcd4688456d1,,,,,,,,,,,,,,,,,,,,,,,,,,,,,,,,,,,,,,,,,,,,,,,,,,,,,,,,,,,,,,,,,,
training_event,training,4958d349-1ff1-4f6b-8344-fca7d4d717aa,ee758a09-214b-4427-a1a1-bb275fee7784,2026-09-06T09:52:50.553000+00:00,keydown,39,,,247.0,,,,,,,,paragraph_typing,0,,,,,,,,,,/app/training,dev_2d73e02d-8068-4917-8e1d-bcd4688456d1,,,,,,,,,,,,,,,,,,,,,,,,,,,,,,,,,,,,,,,,,,,,,,,,,,,,,,,,,,,,,,,,,,
training_event,training,4958d349-1ff1-4f6b-8344-fca7d4d717aa,ee758a09-214b-4427-a1a1-bb275fee7784,2026-09-06T09:52:50.606000+00:00,keyup,39,,52.3,,,,,,,,,paragraph_typing,0,,,,,,,,,,/app/training,dev_2d73e02d-8068-4917-8e1d-bcd4688456d1,,,,,,,,,,,,,,,,,,,,,,,,,,,,,,,,,,,,,,,,,,,,,,,,,,,,,,,,,,,,,,,,,,
training_event,training,4958d349-1ff1-4f6b-8344-fca7d4d717aa,ee758a09-214b-4427-a1a1-bb275fee7784,2026-09-06T09:52:50.998000+00:00,keydown,39,,,444.9,,,,,,,,paragraph_typing,0,,,,,,,,,,/app/training,dev_2d73e02d-8068-4917-8e1d-bcd4688456d1,,,,,,,,,,,,,,,,,,,,,,,,,,,,,,,,,,,,,,,,,,,,,,,,,,,,,,,,,,,,,,,,,,
training_event,training,4958d349-1ff1-4f6b-8344-fca7d4d717aa,ee758a09-214b-4427-a1a1-bb275fee7784,2026-09-06T09:52:51.060000+00:00,keyup,39,,61.8,,,,,,,,,paragraph_typing,0,,,,,,,,,,/app/training,dev_2d73e02d-8068-4917-8e1d-bcd4688456d1,,,,,,,,,,,,,,,,,,,,,,,,,,,,,,,,,,,,,,,,,,,,,,,,,,,,,,,,,,,,,,,,,,
training_event,training,4958d349-1ff1-4f6b-8344-fca7d4d717aa,ee758a09-214b-4427-a1a1-bb275fee7784,2026-09-06T09:52:51.364000+00:00,keydown,39,,,366.4,,,,,,,,paragraph_typing,0,,,,,,,,,,/app/training,dev_2d73e02d-8068-4917-8e1d-bcd4688456d1,,,,,,,,,,,,,,,,,,,,,,,,,,,,,,,,,,,,,,,,,,,,,,,,,,,,,,,,,,,,,,,,,,
training_event,training,4958d349-1ff1-4f6b-8344-fca7d4d717aa,ee758a09-214b-4427-a1a1-bb275fee7784,2026-09-06T09:52:51.455000+00:00,keyup,39,,90.8,,,,,,,,,paragraph_typing,0,,,,,,,,,,/app/training,dev_2d73e02d-8068-4917-8e1d-bcd4688456d1,,,,,,,,,,,,,,,,,,,,,,,,,,,,,,,,,,,,,,,,,,,,,,,,,,,,,,,,,,,,,,,,,,
training_event,training,4958d349-1ff1-4f6b-8344-fca7d4d717aa,ee758a09-214b-4427-a1a1-bb275fee7784,2026-09-06T09:52:51.575000+00:00,keydown,39,,,210.2,,,,,,,,paragraph_typing,0,,,,,,,,,,/app/training,dev_2d73e02d-8068-4917-8e1d-bcd4688456d1,,,,,,,,,,,,,,,,,,,,,,,,,,,,,,,,,,,,,,,,,,,,,,,,,,,,,,,,,,,,,,,,,,
training_event,training,4958d349-1ff1-4f6b-8344-fca7d4d717aa,ee758a09-214b-4427-a1a1-bb275fee7784,2026-09-06T09:52:51.676000+00:00,keyup,39,,101.4,,,,,,,,,paragraph_typing,0,,,,,,,,,,/app/training,dev_2d73e02d-8068-4917-8e1d-bcd4688456d1,,,,,,,,,,,,,,,,,,,,,,,,,,,,,,,,,,,,,,,,,,,,,,,,,,,,,,,,,,,,,,,,,,
training_event,training,4958d349-1ff1-4f6b-8344-fca7d4d717aa,ee758a09-214b-4427-a1a1-bb275fee7784,2026-09-06T09:52:52.207000+00:00,keydown,8,,,632.4,,,,,,,,paragraph_typing,0,,,,,,,,,,/app/training,dev_2d73e02d-8068-4917-8e1d-bcd4688456d1,,,,,,,,,,,,,,,,,,,,,,,,,,,,,,,,,,,,,,,,,,,,,,,,,,,,,,,,,,,,,,,,,,
training_event,training,4958d349-1ff1-4f6b-8344-fca7d4d717aa,ee758a09-214b-4427-a1a1-bb275fee7784,2026-09-06T09:52:52.325000+00:00,keyup,8,,117.7,,,,,,,,,paragraph_typing,0,,,,,,,,,,/app/training,dev_2d73e02d-8068-4917-8e1d-bcd4688456d1,,,,,,,,,,,,,,,,,,,,,,,,,,,,,,,,,,,,,,,,,,,,,,,,,,,,,,,,,,,,,,,,,,
training_event,training,4958d349-1ff1-4f6b-8344-fca7d4d717aa,ee758a09-214b-4427-a1a1-bb275fee7784,2026-09-06T09:52:54.489000+00:00,keydown,8,,,2000.0,,,,,,,,paragraph_typing,0,,,,,,,,,,/app/training,dev_2d73e02d-8068-4917-8e1d-bcd4688456d1,,,,,,,,,,,,,,,,,,,,,,,,,,,,,,,,,,,,,,,,,,,,,,,,,,,,,,,,,,,,,,,,,,
training_event,training,4958d349-1ff1-4f6b-8344-fca7d4d717aa,ee758a09-214b-4427-a1a1-bb275fee7784,2026-09-06T09:52:54.576000+00:00,keyup,8,,87.1,,,,,,,,,paragraph_typing,0,,,,,,,,,,/app/training,dev_2d73e02d-8068-4917-8e1d-bcd4688456d1,,,,,,,,,,,,,,,,,,,,,,,,,,,,,,,,,,,,,,,,,,,,,,,,,,,,,,,,,,,,,,,,,,
training_event,training,4958d349-1ff1-4f6b-8344-fca7d4d717aa,ee758a09-214b-4427-a1a1-bb275fee7784,2026-09-06T09:52:54.703000+00:00,keydown,8,,,214.3,,,,,,,,paragraph_typing,0,,,,,,,,,,/app/training,dev_2d73e02d-8068-4917-8e1d-bcd4688456d1,,,,,,,,,,,,,,,,,,,,,,,,,,,,,,,,,,,,,,,,,,,,,,,,,,,,,,,,,,,,,,,,,,
training_event,training,4958d349-1ff1-4f6b-8344-fca7d4d717aa,ee758a09-214b-4427-a1a1-bb275fee7784,2026-09-06T09:52:54.779000+00:00,keyup,8,,76.1,,,,,,,,,paragraph_typing,0,,,,,,,,,,/app/training,dev_2d73e02d-8068-4917-8e1d-bcd4688456d1,,,,,,,,,,,,,,,,,,,,,,,,,,,,,,,,,,,,,,,,,,,,,,,,,,,,,,,,,,,,,,,,,,
training_event,training,4958d349-1ff1-4f6b-8344-fca7d4d717aa,ee758a09-214b-4427-a1a1-bb275fee7784,2026-09-06T09:52:54.897000+00:00,keydown,8,,,193.7,,,,,,,,paragraph_typing,0,,,,,,,,,,/app/training,dev_2d73e02d-8068-4917-8e1d-bcd4688456d1,,,,,,,,,,,,,,,,,,,,,,,,,,,,,,,,,,,,,,,,,,,,,,,,,,,,,,,,,,,,,,,,,,
training_event,training,4958d349-1ff1-4f6b-8344-fca7d4d717aa,ee758a09-214b-4427-a1a1-bb275fee7784,2026-09-06T09:52:54.972000+00:00,keyup,8,,75.1,,,,,,,,,paragraph_typing,0,,,,,,,,,,/app/training,dev_2d73e02d-8068-4917-8e1d-bcd4688456d1,,,,,,,,,,,,,,,,,,,,,,,,,,,,,,,,,,,,,,,,,,,,,,,,,,,,,,,,,,,,,,,,,,
training_event,training,4958d349-1ff1-4f6b-8344-fca7d4d717aa,ee758a09-214b-4427-a1a1-bb275fee7784,2026-09-06T09:52:55.128000+00:00,keydown,8,,,230.9,,,,,,,,paragraph_typing,0,,,,,,,,,,/app/training,dev_2d73e02d-8068-4917-8e1d-bcd4688456d1,,,,,,,,,,,,,,,,,,,,,,,,,,,,,,,,,,,,,,,,,,,,,,,,,,,,,,,,,,,,,,,,,,
training_event,training,4958d349-1ff1-4f6b-8344-fca7d4d717aa,ee758a09-214b-4427-a1a1-bb275fee7784,2026-09-06T09:52:55.205000+00:00,keyup,8,,77.5,,,,,,,,,paragraph_typing,0,,,,,,,,,,/app/training,dev_2d73e02d-8068-4917-8e1d-bcd4688456d1,,,,,,,,,,,,,,,,,,,,,,,,,,,,,,,,,,,,,,,,,,,,,,,,,,,,,,,,,,,,,,,,,,
training_event,training,4958d349-1ff1-4f6b-8344-fca7d4d717aa,ee758a09-214b-4427-a1a1-bb275fee7784,2026-09-06T09:52:55.338000+00:00,keydown,8,,,210.4,,,,,,,,paragraph_typing,0,,,,,,,,,,/app/training,dev_2d73e02d-8068-4917-8e1d-bcd4688456d1,,,,,,,,,,,,,,,,,,,,,,,,,,,,,,,,,,,,,,,,,,,,,,,,,,,,,,,,,,,,,,,,,,
training_event,training,4958d349-1ff1-4f6b-8344-fca7d4d717aa,ee758a09-214b-4427-a1a1-bb275fee7784,2026-09-06T09:52:55.422000+00:00,keyup,8,,83.8,,,,,,,,,paragraph_typing,0,,,,,,,,,,/app/training,dev_2d73e02d-8068-4917-8e1d-bcd4688456d1,,,,,,,,,,,,,,,,,,,,,,,,,,,,,,,,,,,,,,,,,,,,,,,,,,,,,,,,,,,,,,,,,,
training_event,training,4958d349-1ff1-4f6b-8344-fca7d4d717aa,ee758a09-214b-4427-a1a1-bb275fee7784,2026-09-06T09:52:55.544000+00:00,keydown,8,,,205.8,,,,,,,,paragraph_typing,0,,,,,,,,,,/app/training,dev_2d73e02d-8068-4917-8e1d-bcd4688456d1,,,,,,,,,,,,,,,,,,,,,,,,,,,,,,,,,,,,,,,,,,,,,,,,,,,,,,,,,,,,,,,,,,
training_event,training,4958d349-1ff1-4f6b-8344-fca7d4d717aa,ee758a09-214b-4427-a1a1-bb275fee7784,2026-09-06T09:52:55.624000+00:00,keyup,8,,80.4,,,,,,,,,paragraph_typing,0,,,,,,,,,,/app/training,dev_2d73e02d-8068-4917-8e1d-bcd4688456d1,,,,,,,,,,,,,,,,,,,,,,,,,,,,,,,,,,,,,,,,,,,,,,,,,,,,,,,,,,,,,,,,,,
training_event,training,4958d349-1ff1-4f6b-8344-fca7d4d717aa,ee758a09-214b-4427-a1a1-bb275fee7784,2026-09-06T09:52:55.768000+00:00,keydown,8,,,224.5,,,,,,,,paragraph_typing,0,,,,,,,,,,/app/training,dev_2d73e02d-8068-4917-8e1d-bcd4688456d1,,,,,,,,,,,,,,,,,,,,,,,,,,,,,,,,,,,,,,,,,,,,,,,,,,,,,,,,,,,,,,,,,,
training_event,training,4958d349-1ff1-4f6b-8344-fca7d4d717aa,ee758a09-214b-4427-a1a1-bb275fee7784,2026-09-06T09:52:55.826000+00:00,keyup,8,,57.8,,,,,,,,,paragraph_typing,0,,,,,,,,,,/app/training,dev_2d73e02d-8068-4917-8e1d-bcd4688456d1,,,,,,,,,,,,,,,,,,,,,,,,,,,,,,,,,,,,,,,,,,,,,,,,,,,,,,,,,,,,,,,,,,
training_event,training,4958d349-1ff1-4f6b-8344-fca7d4d717aa,ee758a09-214b-4427-a1a1-bb275fee7784,2026-09-06T09:52:57.470000+00:00,keydown,72,h,,1701.9,,,,,,,,paragraph_typing,0,,,,,,,,,,/app/training,dev_2d73e02d-8068-4917-8e1d-bcd4688456d1,,,,,,,,,,,,,,,,,,,,,,,,,,,,,,,,,,,,,,,,,,,,,,,,,,,,,,,,,,,,,,,,,,
training_event,training,4958d349-1ff1-4f6b-8344-fca7d4d717aa,ee758a09-214b-4427-a1a1-bb275fee7784,2026-09-06T09:52:57.555000+00:00,keyup,72,,84.1,,,,,,,,,paragraph_typing,0,,,,,,,,,,/app/training,dev_2d73e02d-8068-4917-8e1d-bcd4688456d1,,,,,,,,,,,,,,,,,,,,,,,,,,,,,,,,,,,,,,,,,,,,,,,,,,,,,,,,,,,,,,,,,,
training_event,training,4958d349-1ff1-4f6b-8344-fca7d4d717aa,ee758a09-214b-4427-a1a1-bb275fee7784,2026-09-06T09:52:57.937000+00:00,keydown,65,a,,466.5,,,,,,,,paragraph_typing,0,,,,,,,,,,/app/training,dev_2d73e02d-8068-4917-8e1d-bcd4688456d1,,,,,,,,,,,,,,,,,,,,,,,,,,,,,,,,,,,,,,,,,,,,,,,,,,,,,,,,,,,,,,,,,,
training_event,training,4958d349-1ff1-4f6b-8344-fca7d4d717aa,ee758a09-214b-4427-a1a1-bb275fee7784,2026-09-06T09:52:58.047000+00:00,keyup,65,,109.8,,,,,,,,,paragraph_typing,0,,,,,,,,,,/app/training,dev_2d73e02d-8068-4917-8e1d-bcd4688456d1,,,,,,,,,,,,,,,,,,,,,,,,,,,,,,,,,,,,,,,,,,,,,,,,,,,,,,,,,,,,,,,,,,
training_event,training,4958d349-1ff1-4f6b-8344-fca7d4d717aa,ee758a09-214b-4427-a1a1-bb275fee7784,2026-09-06T09:52:58.540000+00:00,keydown,86,v,,602.8,,,,,,,,paragraph_typing,0,,,,,,,,,,/app/training,dev_2d73e02d-8068-4917-8e1d-bcd4688456d1,,,,,,,,,,,,,,,,,,,,,,,,,,,,,,,,,,,,,,,,,,,,,,,,,,,,,,,,,,,,,,,,,,
training_event,training,4958d349-1ff1-4f6b-8344-fca7d4d717aa,ee758a09-214b-4427-a1a1-bb275fee7784,2026-09-06T09:52:58.606000+00:00,keyup,86,,65.9,,,,,,,,,paragraph_typing,0,,,,,,,,,,/app/training,dev_2d73e02d-8068-4917-8e1d-bcd4688456d1,,,,,,,,,,,,,,,,,,,,,,,,,,,,,,,,,,,,,,,,,,,,,,,,,,,,,,,,,,,,,,,,,,
training_event,training,4958d349-1ff1-4f6b-8344-fca7d4d717aa,ee758a09-214b-4427-a1a1-bb275fee7784,2026-09-06T09:52:59.273000+00:00,keydown,73,i,,733.5,,,,,,,,paragraph_typing,0,,,,,,,,,,/app/training,dev_2d73e02d-8068-4917-8e1d-bcd4688456d1,,,,,,,,,,,,,,,,,,,,,,,,,,,,,,,,,,,,,,,,,,,,,,,,,,,,,,,,,,,,,,,,,,
training_event,training,4958d349-1ff1-4f6b-8344-fca7d4d717aa,ee758a09-214b-4427-a1a1-bb275fee7784,2026-09-06T09:52:59.380000+00:00,keyup,73,,106.7,,,,,,,,,paragraph_typing,0,,,,,,,,,,/app/training,dev_2d73e02d-8068-4917-8e1d-bcd4688456d1,,,,,,,,,,,,,,,,,,,,,,,,,,,,,,,,,,,,,,,,,,,,,,,,,,,,,,,,,,,,,,,,,,
training_event,training,4958d349-1ff1-4f6b-8344-fca7d4d717aa,ee758a09-214b-4427-a1a1-bb275fee7784,2026-09-06T09:52:59.714000+00:00,keydown,79,o,,441.0,,,,,,,,paragraph_typing,0,,,,,,,,,,/app/training,dev_2d73e02d-8068-4917-8e1d-bcd4688456d1,,,,,,,,,,,,,,,,,,,,,,,,,,,,,,,,,,,,,,,,,,,,,,,,,,,,,,,,,,,,,,,,,,
training_event,training,4958d349-1ff1-4f6b-8344-fca7d4d717aa,ee758a09-214b-4427-a1a1-bb275fee7784,2026-09-06T09:52:59.789000+00:00,keyup,79,,75.3,,,,,,,,,paragraph_typing,0,,,,,,,,,,/app/training,dev_2d73e02d-8068-4917-8e1d-bcd4688456d1,,,,,,,,,,,,,,,,,,,,,,,,,,,,,,,,,,,,,,,,,,,,,,,,,,,,,,,,,,,,,,,,,,
training_event,training,4958d349-1ff1-4f6b-8344-fca7d4d717aa,ee758a09-214b-4427-a1a1-bb275fee7784,2026-09-06T09:53:00.037000+00:00,keydown,82,r,,323.0,,,,,,,,paragraph_typing,0,,,,,,,,,,/app/training,dev_2d73e02d-8068-4917-8e1d-bcd4688456d1,,,,,,,,,,,,,,,,,,,,,,,,,,,,,,,,,,,,,,,,,,,,,,,,,,,,,,,,,,,,,,,,,,
training_event,training,4958d349-1ff1-4f6b-8344-fca7d4d717aa,ee758a09-214b-4427-a1a1-bb275fee7784,2026-09-06T09:53:00.127000+00:00,keyup,82,,90.2,,,,,,,,,paragraph_typing,0,,,,,,,,,,/app/training,dev_2d73e02d-8068-4917-8e1d-bcd4688456d1,,,,,,,,,,,,,,,,,,,,,,,,,,,,,,,,,,,,,,,,,,,,,,,,,,,,,,,,,,,,,,,,,,
training_event,training,4958d349-1ff1-4f6b-8344-fca7d4d717aa,ee758a09-214b-4427-a1a1-bb275fee7784,2026-09-06T09:53:00.335000+00:00,keydown,65,a,,297.8,,,,,,,,paragraph_typing,0,,,,,,,,,,/app/training,dev_2d73e02d-8068-4917-8e1d-bcd4688456d1,,,,,,,,,,,,,,,,,,,,,,,,,,,,,,,,,,,,,,,,,,,,,,,,,,,,,,,,,,,,,,,,,,
training_event,training,4958d349-1ff1-4f6b-8344-fca7d4d717aa,ee758a09-214b-4427-a1a1-bb275fee7784,2026-09-06T09:53:00.480000+00:00,keyup,65,,144.9,,,,,,,,,paragraph_typing,0,,,,,,,,,,/app/training,dev_2d73e02d-8068-4917-8e1d-bcd4688456d1,,,,,,,,,,,,,,,,,,,,,,,,,,,,,,,,,,,,,,,,,,,,,,,,,,,,,,,,,,,,,,,,,,
training_event,training,4958d349-1ff1-4f6b-8344-fca7d4d717aa,ee758a09-214b-4427-a1a1-bb275fee7784,2026-09-06T09:53:00.481000+00:00,keydown,76,l,,145.8,,,,,,,,paragraph_typing,0,,,,,,,,,,/app/training,dev_2d73e02d-8068-4917-8e1d-bcd4688456d1,,,,,,,,,,,,,,,,,,,,,,,,,,,,,,,,,,,,,,,,,,,,,,,,,,,,,,,,,,,,,,,,,,
training_event,training,4958d349-1ff1-4f6b-8344-fca7d4d717aa,ee758a09-214b-4427-a1a1-bb275fee7784,2026-09-06T09:53:00.556000+00:00,keyup,76,,75.1,,,,,,,,,paragraph_typing,0,,,,,,,,,,/app/training,dev_2d73e02d-8068-4917-8e1d-bcd4688456d1,,,,,,,,,,,,,,,,,,,,,,,,,,,,,,,,,,,,,,,,,,,,,,,,,,,,,,,,,,,,,,,,,,
training_event,training,4958d349-1ff1-4f6b-8344-fca7d4d717aa,ee758a09-214b-4427-a1a1-bb275fee7784,2026-09-06T09:53:21.297000+00:00,keydown,83,s,,2000.0,,,,,,,,paragraph_typing,0,,,,,,,,,,/app/training,dev_2d73e02d-8068-4917-8e1d-bcd4688456d1,,,,,,,,,,,,,,,,,,,,,,,,,,,,,,,,,,,,,,,,,,,,,,,,,,,,,,,,,,,,,,,,,,
training_feature,training,4958d349-1ff1-4f6b-8344-fca7d4d717aa,e8c5730a-7b89-4f53-a206-5475980bd840,2026-08-17T09:53:04.731000+00:00,derived,,,,,,,,,,,,paragraph_typing,0,0,,,,,,,,,,,,,5.985938831781703,85.47466258210096,14.701270675911386,89.97450973086328,8.516818240734043,0.053697968480322156,0.02428216887875118,293.1051491253678,196.62188490163015,1927.6338751825517,217.73629446780313,1.1913820962924866,658.4300551952581,291.27307371560744,10793.206591431655,5,743.9046558885605,2026-08-17T09:53:04.731000+00:00,,,,,,145.4876998638328,,1878.1042869308951,,,,,,,,,,5.8122355710557,,,,,,,,,,,,,,,,,,,,,,,,,,,,
training_feature,training,4958d349-1ff1-4f6b-8344-fca7d4d717aa,cbee343a-ac86-46cf-936b-b461fa02d455,2026-08-17T09:53:04.731000+00:00,derived,,,,,,,,,,,,repeated_typing,0,0,,,,,,,,,,,,,5.723290741391948,98.61579125513254,37.44570798150647,111.55283953756276,25.979646476343397,0.04042880654559166,0.03963000967030347,363.8137697111243,72.71754288632006,1535.2800089783518,209.72345189765403,1.7743143342282477,617.9487061234265,124.48949179046073,35983.95873869187,9,610.2844394593545,2026-08-17T09:53:04.731000+00:00,,,,,,148.55138521006876,,863.0879927126965,,,,,,,,,,5.29957538091909,,,,,,,,,,,,,,,,,,,,,,,,,,,,
training_feature,training,4958d349-1ff1-4f6b-8344-fca7d4d717aa,c57695d3-cb4f-4941-96ea-e839d19ba506,2026-08-17T09:53:04.731000+00:00,derived,,,,,,,,,,,,controlled_typing,0,0,,,,,,,,,,,,,3.745246511805074,97.85532245629616,35.530592511955575,115.33953993289764,29.618068541226418,0.012130731986278273,0.022002851143623638,351.99787267095496,75.91428706566347,1345.0917040842237,201.23411302744313,0.9586997099474827,223.92358886929458,126.82679065835525,30923.571534380033,22,788.8798188971734,2026-08-17T09:53:04.731000+00:00,,,,,,144.47488594655553,,1062.4437891107398,,,,,,,,,,4.825781282039371,,,,,,,,,,,,,,,,,,,,,,,,,,,,
training_feature,training,4958d349-1ff1-4f6b-8344-fca7d4d717aa,21187d4f-c1ab-470c-9a59-783958d37f96,2026-09-06T09:47:41.350000+00:00,derived,,,,,,,,,,,,mouse_tracking,,,,,,,,,,,,,,,,,,,,,,,,0.3397,0.4068,-0.000387,869.01,6.37,1050.78,3,869.01,2026-09-06T09:47:41.350000+00:00,,869.01,,3.0,,,-0.000387,0.3397,0.4068,,,6.37,,,869.01,,1050.78,,,,,,,,,,,,,,,,,,,,,,,,,,,,,
training_feature,training,4958d349-1ff1-4f6b-8344-fca7d4d717aa,51dc6d3a-b4f8-46f2-8019-ca0b28d2228d,2026-09-06T09:48:23.554000+00:00,derived,,,,,,,,,,,,repeated_typing,0,0,,,,,,,,,,,,,1.3705,91.6,29.84,520.46,563.93,0.102,0.0,1815.42,1564.2,,,,,,,,,2026-09-06T09:48:23.554000+00:00,0.102,,0.0,,520.46,91.6,,,,1815.42,1564.2,,563.93,29.84,,35753.3,,1.3705,,,,,,,,,,,,,,,,,,,,,,,,,,,,
training_feature,training,4958d349-1ff1-4f6b-8344-fca7d4d717aa,58d1a900-fdb6-45f8-86b3-010fd2174352,2026-09-06T09:48:40.658000+00:00,derived,,,,,,,,,,,,repeated_typing,0,1,,,,,,,,,,,,,2.5453,88.85,30.9,350.01,259.48,0.0541,0.0,830.68,157.39,,,,,,,,,2026-09-06T09:48:40.658000+00:00,0.0541,,0.0,,350.01,88.85,,,,830.68,157.39,,259.48,30.9,,14536.5,,2.5453,,,,,,,,,,,,,,,,,,,,,,,,,,,,
training_feature,training,4958d349-1ff1-4f6b-8344-fca7d4d717aa,72bd5901-5b15-44ae-9988-372f7d305764,2026-09-06T09:48:58.182000+00:00,derived,,,,,,,,,,,,repeated_typing,0,2,,,,,,,,,,,,,2.7086,86.01,27.46,342.36,331.07,0.0286,0.0,1245.33,252.81,,,,,,,,,2026-09-06T09:48:58.182000+00:00,0.0286,,0.0,,342.36,86.01,,,,1245.33,252.81,,331.07,27.46,,12921.6,,2.7086,,,,,,,,,,,,,,,,,,,,,,,,,,,,
training_feature,training,4958d349-1ff1-4f6b-8344-fca7d4d717aa,d589c078-0fb7-4e4e-bbee-5cb064c75d1f,2026-09-06T09:49:16.634000+00:00,derived,,,,,,,,,,,,controlled_typing,0,,,,,,,,,,,,,,3.0334,101.12,36.73,320.69,253.62,0.0,0.0,816.52,210.27,,,,,,,,,2026-09-06T09:49:16.634000+00:00,0.0,,0.0,,320.69,101.12,,,,816.52,210.27,,253.62,36.73,,14505.4,,3.0334,,,,,,,,,,,,,,,,,,,,,,,,,,,,
training_feature,training,4958d349-1ff1-4f6b-8344-fca7d4d717aa,5b37830b-d562-4b82-982e-192ac6e77c00,2026-09-06T09:49:51.425000+00:00,derived,,,,,,,,,,,,controlled_typing,1,,,,,,,,,,,,,,2.1605,95.89,34.45,381.1,333.28,0.0317,0.0,1487.68,1901.1,,,,,,,,,2026-09-06T09:49:51.425000+00:00,0.0317,,0.0,,381.1,95.89,,,,1487.68,1901.1,,333.28,34.45,,29160.0,,2.1605,,,,,,,,,,,,,,,,,,,,,,,,,,,,
training_feature,training,4958d349-1ff1-4f6b-8344-fca7d4d717aa,03c7a12d-bec1-4bfd-b261-0bc9a968474c,2026-09-06T09:50:11.175000+00:00,derived,,,,,,,,,,,,controlled_typing,2,,,,,,,,,,,,,,3.4325,101.79,36.6,286.52,205.47,0.0,0.0,706.06,138.09,,,,,,,,,2026-09-06T09:50:11.175000+00:00,0.0,,0.0,,286.52,101.79,,,,706.06,138.09,,205.47,36.6,,16606.2,,3.4325,,,,,,,,,,,,,,,,,,,,,,,,,,,,
training_feature,training,4958d349-1ff1-4f6b-8344-fca7d4d717aa,4e9b83ff-87a0-4a43-9e29-f8243f22cee4,2026-09-06T09:50:53.577000+00:00,derived,,,,,,,,,,,,controlled_typing,3,,,,,,,,,,,,,,2.5296,111.61,54.28,326.64,315.43,0.0918,0.0,1145.25,1108.56,,,,,,,,,2026-09-06T09:50:53.577000+00:00,0.0918,,0.0,,326.64,111.61,,,,1145.25,1108.56,,315.43,54.28,,38741.0,,2.5296,,,,,,,,,,,,,,,,,,,,,,,,,,,,
training_feature,training,4958d349-1ff1-4f6b-8344-fca7d4d717aa,ee758a09-214b-4427-a1a1-bb275fee7784,2026-09-06T09:53:27.038000+00:00,derived,,,,,,,,,,,,paragraph_typing,0,,,,,,,,,,,,,,1.599,102.33,79.97,493.91,503.47,0.0644,0.0,1732.88,2802.35,,,,,,,,,2026-09-06T09:53:27.038000+00:00,0.0644,,0.0,,493.91,102.33,,,,1732.88,2802.35,,503.47,79.97,,145718.1,,1.599,,,,,,,,,,,,,,,,,,,,,,,,,,,,
behavioral_event,continuous,4958d349-1ff1-4f6b-8344-fca7d4d717aa,e21d6bcf-d489-452a-8434-9fdeb4a8a4ff,2026-08-16T16:53:04.099000+00:00,keystroke,79,,151.17145144535579,141.2283829676209,,,,,,,,,,,,,,,,,,,,,,,,,,,,,,,,,,,,,,,,,,,,,,,,,,,,,,,,,,,,,95.31155156494411,,117.66599369071005,,,,,,,,,,,,,,,,,,,,
behavioral_event,continuous,4958d349-1ff1-4f6b-8344-fca7d4d717aa,b18da398-8da7-48c4-a227-ad674d8de565,2026-08-15T07:53:04.099000+00:00,keystroke,82,,166.00716820820475,93.15697113836598,,,,,,,,,,,,,,,,,,,,,,,,,,,,,,,,,,,,,,,,,,,,,,,,,,,,,,,,,,,,,,,,,,,,,,,,,,,,,,,,,,,
behavioral_event,continuous,4958d349-1ff1-4f6b-8344-fca7d4d717aa,ab8aa270-082d-4529-9b11-ad17b456a161,2026-08-16T00:53:04.099000+00:00,keystroke,89,,123.70500380827168,59.01354640071949,,,,,,,,,,,,,,,,,,,,,,,,,,,,,,,,,,,,,,,,,,,,,,,,,,,,,,,,,,,,,,,,,,,,,,,,,,,,,,,,,,,
behavioral_event,continuous,4958d349-1ff1-4f6b-8344-fca7d4d717aa,dd8db810-64d3-4a3e-b264-bbb8473ae07b,2026-08-16T05:53:04.099000+00:00,mouse_click,,,,,1265.9840382925463,301.9663537736297,20.282253864386234,23.46806039644555,1042.2888090166946,,,,,,,,,,,,,,,,,,,,,,,,,,,,,,,,,,,,,,,,,,,,,,,,,,,,,,,,,,,,,,,,,,,,,,,,,,,,,,
behavioral_event,continuous,4958d349-1ff1-4f6b-8344-fca7d4d717aa,dd8db810-64d3-4a3e-b264-bbb8473ae07b,2026-08-15T16:53:04.099000+00:00,keystroke,79,,142.1748667488807,148.72719720052328,,,,,,,,,,,,,,,,,,,,,,,,,,,,,,,,,,,,,,,,,,,,,,,,,,,,,,,,,,,,,,,,,,,,,,,,,,,,,,,,,,,
behavioral_event,continuous,4958d349-1ff1-4f6b-8344-fca7d4d717aa,dd8db810-64d3-4a3e-b264-bbb8473ae07b,2026-08-15T19:53:04.099000+00:00,mouse_click,,,,,1486.0663009625218,603.4898953360349,35.4676083906257,-5.527731887485324,1747.873790300328,,,,,,,,,,,,,,,,,,,,,,,,,,,,,,,,,,,,,,,,,,,,,,,,,,,,,,0.25399244591022413,,,,,,,,,543.6215388128594,,,,,,,,,,,,,,,
behavioral_event,continuous,4958d349-1ff1-4f6b-8344-fca7d4d717aa,dd8db810-64d3-4a3e-b264-bbb8473ae07b,2026-08-15T01:53:04.099000+00:00,mouse_move,,,,,1249.7468438062147,831.523312865783,-33.36162589874723,-48.50328769072476,1579.843057764111,,,,,,,,,,,,,,,,,,,,,,,,,,,,,,,,,,,,,,,,,,,,,,,,,,,,,,,,,,,,,,,,,,,,,,,,,,,,,,
behavioral_event,continuous,4958d349-1ff1-4f6b-8344-fca7d4d717aa,3049d141-ca28-439a-869d-c8f2d5b5b882,2026-08-15T09:53:04.099000+00:00,keystroke,74,,149.623470760486,112.52332728978413,,,,,,,,,,,,,,,,,,,,,,,,,,,,,,,,,,,,,,,,,,,,,,,,,,,,,,,,,,,,,85.74027409311509,,56.78612471753808,,,,,,,,,,,,,,,,,,,,
behavioral_event,continuous,4958d349-1ff1-4f6b-8344-fca7d4d717aa,3049d141-ca28-439a-869d-c8f2d5b5b882,2026-08-16T18:53:04.099000+00:00,mouse_click,,,,,1640.8706128059835,615.5549156847361,-46.68831784098856,-48.80731650737275,717.8528886752802,,,,,,,,,,,,,,,,,,,,,,,,,,,,,,,,,,,,,,,,,,,,,,,,,,,,,,,,,,,,,,,,,,,,,,,,,,,,,,
behavioral_event,continuous,4958d349-1ff1-4f6b-8344-fca7d4d717aa,e21d6bcf-d489-452a-8434-9fdeb4a8a4ff,2026-08-17T06:53:04.099000+00:00,mouse_scroll,,,,,,,,24.48022918852331,,,,,,,,,,,,,,,,,,,,,,,,,,,,,,,,,,,,,,,,,,,,,,,,,,,,,,,,,,,,,,,,,,,,,,,,,,,,,,,
behavioral_event,continuous,4958d349-1ff1-4f6b-8344-fca7d4d717aa,b18da398-8da7-48c4-a227-ad674d8de565,2026-08-14T12:53:04.099000+00:00,mouse_click,,,,,703.6218315826276,567.361979553044,13.415669441053446,0.6441602331821557,244.48890106638868,,,,,,,,,,,,,,,,,,,,,,,,,,,,,,,,,,,,,,,,,,,,,,,,,,,,,,0.3102126740215959,,,,,,,,,682.4275959557589,,,,,,,,,,,,,,,
behavioral_event,continuous,4958d349-1ff1-4f6b-8344-fca7d4d717aa,ab8aa270-082d-4529-9b11-ad17b456a161,2026-08-15T10:53:04.099000+00:00,mouse_click,,,,,299.798314817947,512.3044345155921,48.33164786104243,11.753771319838933,1754.9055289300659,,,,,,,,,,,,,,,,,,,,,,,,,,,,,,,,,,,,,,,,,,,,,,,,,,,,,,,,,,,,,,,,,,,,,,,,,,,,,,
behavioral_event,continuous,4958d349-1ff1-4f6b-8344-fca7d4d717aa,ab8aa270-082d-4529-9b11-ad17b456a161,2026-08-14T10:53:04.099000+00:00,mouse_scroll,,,,,,,,-56.62679383106077,,,,,,,,,,,,,,,,,,,,,,,,,,,,,,,,,,,,,,,,,,,,,,,,,,,,,,,,,,,,,,,75.23976247673792,,,,,,,,,,,,,,,,
behavioral_event,continuous,4958d349-1ff1-4f6b-8344-fca7d4d717aa,ab8aa270-082d-4529-9b11-ad17b456a161,2026-08-17T02:53:04.099000+00:00,keystroke,72,,59.554206239746975,102.17979799699751,,,,,,,,,,,,,,,,,,,,,,,,,,,,,,,,,,,,,,,,,,,,,,,,,,,,,,,,,,,,,,,,,,,,,,,,,,,,,,,,,,,
behavioral_event,continuous,4958d349-1ff1-4f6b-8344-fca7d4d717aa,dd8db810-64d3-4a3e-b264-bbb8473ae07b,2026-08-15T07:53:04.099000+00:00,mouse_move,,,,,461.535686511363,243.46604812075947,38.09448051547946,-1.3868126843632282,229.77776310522478,,,,,,,,,,,,,,,,,,,,,,,,,,,,,,,,,,,,,,,,,,,,,,,,,,,,,,0.27374627986112865,,,,,,,,,1414.386102619671,,,,,,,,,,,,,,,
behavioral_event,continuous,4958d349-1ff1-4f6b-8344-fca7d4d717aa,dd8db810-64d3-4a3e-b264-bbb8473ae07b,2026-08-17T02:53:04.099000+00:00,mouse_move,,,,,594.3307753218858,336.5257099132243,-17.861527010757797,-30.127089203482516,219.7845636969937,,,,,,,,,,,,,,,,,,,,,,,,,,,,,,,,,,,,,,,,,,,,,,,,,,,,,,0.3495723297049425,,,,,,,,,1111.133240145763,,,,,,,,,,,,,,,
behavioral_event,continuous,4958d349-1ff1-4f6b-8344-fca7d4d717aa,3049d141-ca28-439a-869d-c8f2d5b5b882,2026-08-16T05:53:04.099000+00:00,mouse_click,,,,,796.4066162901873,621.409712356043,-32.593535733084146,19.017927381217447,248.01878766103542,,,,,,,,,,,,,,,,,,,,,,,,,,,,,,,,,,,,,,,,,,,,,,,,,,,,,,0.3775136065580146,,,,,,,,,696.6053532612596,,,,,,,,,,,,,,,
behavioral_event,continuous,4958d349-1ff1-4f6b-8344-fca7d4d717aa,3049d141-ca28-439a-869d-c8f2d5b5b882,2026-08-14T17:53:04.099000+00:00,mouse_click,,,,,1063.3506013837823,822.4319685447016,15.396622692145954,-34.784837163397775,817.9272409603545,,,,,,,,,,,,,,,,,,,,,,,,,,,,,,,,,,,,,,,,,,,,,,,,,,,,,,,,,,,,,,,,,,,,,,,,,,,,,,
behavioral_event,continuous,4958d349-1ff1-4f6b-8344-fca7d4d717aa,e21d6bcf-d489-452a-8434-9fdeb4a8a4ff,2026-08-16T18:53:04.099000+00:00,mouse_scroll,,,,,,,,-59.5157716205474,,,,,,,,,,,,,,,,,,,,,,,,,,,,,,,,,,,,,,,,,,,,,,,,,,,,,,,,,,,,,,,,,,,,,,,,,,,,,,,
behavioral_event,continuous,4958d349-1ff1-4f6b-8344-fca7d4d717aa,b18da398-8da7-48c4-a227-ad674d8de565,2026-08-16T19:53:04.099000+00:00,mouse_click,,,,,494.67684301875477,465.7784518634211,-13.230722959601202,-37.07946255709289,309.4647139822214,,,,,,,,,,,,,,,,,,,,,,,,,,,,,,,,,,,,,,,,,,,,,,,,,,,,,,,,,,,,,,,,,,,,,,,,,,,,,,
behavioral_event,continuous,4958d349-1ff1-4f6b-8344-fca7d4d717aa,b18da398-8da7-48c4-a227-ad674d8de565,2026-08-17T08:53:04.099000+00:00,mouse_click,,,,,1329.9034433499735,126.52188488998446,19.064632540624842,-1.7735699804287464,882.0817272783315,,,,,,,,,,,,,,,,,,,,,,,,,,,,,,,,,,,,,,,,,,,,,,,,,,,,,,,,,,,,,,,,,,,,,,,,,,,,,,
behavioral_event,continuous,4958d349-1ff1-4f6b-8344-fca7d4d717aa,b18da398-8da7-48c4-a227-ad674d8de565,2026-08-15T02:53:04.099000+00:00,mouse_scroll,,,,,,,,71.33764693007893,,,,,,,,,,,,,,,,,,,,,,,,,,,,,,,,,,,,,,,,,,,,,,,,,,,,,,,,,,,,,,,65.36861349945121,,,,,,,,,,,,,,,,
behavioral_event,continuous,4958d349-1ff1-4f6b-8344-fca7d4d717aa,b18da398-8da7-48c4-a227-ad674d8de565,2026-08-15T19:53:04.099000+00:00,mouse_click,,,,,1136.7053598237023,680.6731196066985,-19.020245258316937,36.612120086408424,256.8199689906843,,,,,,,,,,,,,,,,,,,,,,,,,,,,,,,,,,,,,,,,,,,,,,,,,,,,,,,,,,,,,,,,,,,,,,,,,,,,,,
behavioral_event,continuous,4958d349-1ff1-4f6b-8344-fca7d4d717aa,ab8aa270-082d-4529-9b11-ad17b456a161,2026-08-15T12:53:04.099000+00:00,mouse_scroll,,,,,,,,-15.34413264302188,,,,,,,,,,,,,,,,,,,,,,,,,,,,,,,,,,,,,,,,,,,,,,,,,,,,,,,,,,,,,,,,,,,,,,,,,,,,,,,
behavioral_event,continuous,4958d349-1ff1-4f6b-8344-fca7d4d717aa,dd8db810-64d3-4a3e-b264-bbb8473ae07b,2026-08-15T21:53:04.099000+00:00,mouse_scroll,,,,,,,,-77.5090952553199,,,,,,,,,,,,,,,,,,,,,,,,,,,,,,,,,,,,,,,,,,,,,,,,,,,,,,,,,,,,,,,,,,,,,,,,,,,,,,,
behavioral_event,continuous,4958d349-1ff1-4f6b-8344-fca7d4d717aa,dd8db810-64d3-4a3e-b264-bbb8473ae07b,2026-08-17T09:53:04.099000+00:00,mouse_move,,,,,912.489534531539,376.055407767921,21.66898504806815,-6.137825283032548,1729.180452239942,,,,,,,,,,,,,,,,,,,,,,,,,,,,,,,,,,,,,,,,,,,,,,,,,,,,,,,,,,,,,,,,,,,,,,,,,,,,,,
behavioral_event,continuous,4958d349-1ff1-4f6b-8344-fca7d4d717aa,3049d141-ca28-439a-869d-c8f2d5b5b882,2026-08-16T23:53:04.099000+00:00,keystroke,73,,51.7108523225856,114.6787879196411,,,,,,,,,,,,,,,,,,,,,,,,,,,,,,,,,,,,,,,,,,,,,,,,,,,,,,,,,,,,,,,,,,,,,,,,,,,,,,,,,,,
behavioral_event,continuous,4958d349-1ff1-4f6b-8344-fca7d4d717aa,3049d141-ca28-439a-869d-c8f2d5b5b882,2026-08-17T09:53:04.099000+00:00,mouse_scroll,,,,,,,,-82.92814445391245,,,,,,,,,,,,,,,,,,,,,,,,,,,,,,,,,,,,,,,,,,,,,,,,,,,,,,,,,,,,,,,,,,,,,,,,,,,,,,,
behavioral_event,continuous,4958d349-1ff1-4f6b-8344-fca7d4d717aa,3049d141-ca28-439a-869d-c8f2d5b5b882,2026-08-14T19:53:04.099000+00:00,mouse_move,,,,,405.4938967384478,361.1103230938399,-24.610209944533356,-5.592961550848209,1812.0333090338793,,,,,,,,,,,,,,,,,,,,,,,,,,,,,,,,,,,,,,,,,,,,,,,,,,,,,,,,,,,,,,,,,,,,,,,,,,,,,,
behavioral_event,continuous,4958d349-1ff1-4f6b-8344-fca7d4d717aa,3049d141-ca28-439a-869d-c8f2d5b5b882,2026-08-17T08:53:04.099000+00:00,mouse_move,,,,,300.11461327316096,201.87028425839645,-9.245217467123176,-34.78373227184842,286.41766339873294,,,,,,,,,,,,,,,,,,,,,,,,,,,,,,,,,,,,,,,,,,,,,,,,,,,,,,,,,,,,,,,,,,,,,,,,,,,,,,
behavioral_event,continuous,4958d349-1ff1-4f6b-8344-fca7d4d717aa,e21d6bcf-d489-452a-8434-9fdeb4a8a4ff,2026-08-16T13:53:04.099000+00:00,mouse_click,,,,,360.20570423837836,800.2340649703294,33.715548800661836,12.196136471443467,1305.9864415063219,,,,,,,,,,,,,,,,,,,,,,,,,,,,,,,,,,,,,,,,,,,,,,,,,,,,,,,,,,,,,,,,,,,,,,,,,,,,,,
behavioral_event,continuous,4958d349-1ff1-4f6b-8344-fca7d4d717aa,b18da398-8da7-48c4-a227-ad674d8de565,2026-08-14T17:53:04.099000+00:00,mouse_click,,,,,376.7716286745231,290.5396017761168,37.96632938361087,44.14501485879289,1272.9873541990141,,,,,,,,,,,,,,,,,,,,,,,,,,,,,,,,,,,,,,,,,,,,,,,,,,,,,,0.49094579784034975,,,,,,,,,1484.7370924393897,,,,,,,,,,,,,,,
behavioral_event,continuous,4958d349-1ff1-4f6b-8344-fca7d4d717aa,b18da398-8da7-48c4-a227-ad674d8de565,2026-08-14T14:53:04.099000+00:00,mouse_scroll,,,,,,,,-47.78111661193751,,,,,,,,,,,,,,,,,,,,,,,,,,,,,,,,,,,,,,,,,,,,,,,,,,,,,,,,,,,,,,,,,,,,,,,,,,,,,,,
behavioral_event,continuous,4958d349-1ff1-4f6b-8344-fca7d4d717aa,b18da398-8da7-48c4-a227-ad674d8de565,2026-08-16T05:53:04.099000+00:00,mouse_scroll,,,,,,,,26.170965855997878,,,,,,,,,,,,,,,,,,,,,,,,,,,,,,,,,,,,,,,,,,,,,,,,,,,,,,,,,,,,,,,,,,,,,,,,,,,,,,,
behavioral_event,continuous,4958d349-1ff1-4f6b-8344-fca7d4d717aa,b18da398-8da7-48c4-a227-ad674d8de565,2026-08-14T10:53:04.099000+00:00,mouse_click,,,,,848.6039708568126,640.1784387059973,0.4674732405607358,-5.429631036789949,1927.8536186737447,,,,,,,,,,,,,,,,,,,,,,,,,,,,,,,,,,,,,,,,,,,,,,,,,,,,,,,,,,,,,,,,,,,,,,,,,,,,,,
behavioral_event,continuous,4958d349-1ff1-4f6b-8344-fca7d4d717aa,b18da398-8da7-48c4-a227-ad674d8de565,2026-08-14T09:53:04.099000+00:00,mouse_move,,,,,1331.1429811354399,404.90110450317223,42.972209600791885,3.855168857397153,873.4899898568324,,,,,,,,,,,,,,,,,,,,,,,,,,,,,,,,,,,,,,,,,,,,,,,,,,,,,,,,,,,,,,,,,,,,,,,,,,,,,,
behavioral_event,continuous,4958d349-1ff1-4f6b-8344-fca7d4d717aa,ab8aa270-082d-4529-9b11-ad17b456a161,2026-08-14T18:53:04.099000+00:00,mouse_move,,,,,1741.3162187798523,624.4239606068115,26.954127039502325,-27.597844034506224,1546.7603413951529,,,,,,,,,,,,,,,,,,,,,,,,,,,,,,,,,,,,,,,,,,,,,,,,,,,,,,,,,,,,,,,,,,,,,,,,,,,,,,
behavioral_event,continuous,4958d349-1ff1-4f6b-8344-fca7d4d717aa,ab8aa270-082d-4529-9b11-ad17b456a161,2026-08-14T23:53:04.099000+00:00,keystroke,87,,186.0376859270018,81.95682231960231,,,,,,,,,,,,,,,,,,,,,,,,,,,,,,,,,,,,,,,,,,,,,,,,,,,,,,,,,,,,,,,,,,,,,,,,,,,,,,,,,,,
behavioral_event,continuous,4958d349-1ff1-4f6b-8344-fca7d4d717aa,ab8aa270-082d-4529-9b11-ad17b456a161,2026-08-15T03:53:04.099000+00:00,mouse_scroll,,,,,,,,12.093336713112592,,,,,,,,,,,,,,,,,,,,,,,,,,,,,,,,,,,,,,,,,,,,,,,,,,,,,,,,,,,,,,,44.02111439846526,,,,,,,,,,,,,,,,
behavioral_event,continuous,4958d349-1ff1-4f6b-8344-fca7d4d717aa,dd8db810-64d3-4a3e-b264-bbb8473ae07b,2026-08-14T11:53:04.099000+00:00,mouse_scroll,,,,,,,,43.136244849951254,,,,,,,,,,,,,,,,,,,,,,,,,,,,,,,,,,,,,,,,,,,,,,,,,,,,,,,,,,,,,,,,,,,,,,,,,,,,,,,
behavioral_event,continuous,4958d349-1ff1-4f6b-8344-fca7d4d717aa,3049d141-ca28-439a-869d-c8f2d5b5b882,2026-08-15T04:53:04.099000+00:00,mouse_click,,,,,1323.983275412986,890.8833814022903,-31.517154944970617,21.889467503480475,599.5228795140231,,,,,,,,,,,,,,,,,,,,,,,,,,,,,,,,,,,,,,,,,,,,,,,,,,,,,,,,,,,,,,,,,,,,,,,,,,,,,,
behavioral_event,continuous,4958d349-1ff1-4f6b-8344-fca7d4d717aa,3049d141-ca28-439a-869d-c8f2d5b5b882,2026-08-14T14:53:04.099000+00:00,mouse_click,,,,,344.2644877522371,618.8278130692787,-46.789693836154534,-18.874012236509508,548.1941917668692,,,,,,,,,,,,,,,,,,,,,,,,,,,,,,,,,,,,,,,,,,,,,,,,,,,,,,,,,,,,,,,,,,,,,,,,,,,,,,
behavioral_event,continuous,4958d349-1ff1-4f6b-8344-fca7d4d717aa,3049d141-ca28-439a-869d-c8f2d5b5b882,2026-08-17T03:53:04.099000+00:00,mouse_move,,,,,140.30834208102337,500.5214139104003,-12.00698844821737,-35.59582472501762,300.8228375032928,,,,,,,,,,,,,,,,,,,,,,,,,,,,,,,,,,,,,,,,,,,,,,,,,,,,,,,,,,,,,,,,,,,,,,,,,,,,,,
behavioral_event,continuous,4958d349-1ff1-4f6b-8344-fca7d4d717aa,e21d6bcf-d489-452a-8434-9fdeb4a8a4ff,2026-08-16T12:53:04.099000+00:00,keystroke,85,,93.3690043213885,40.7049516188121,,,,,,,,,,,,,,,,,,,,,,,,,,,,,,,,,,,,,,,,,,,,,,,,,,,,,,,,,,,,,123.82575094239557,,82.35523832759873,,,,,,,,,,,,,,,,,,,,
behavioral_event,continuous,4958d349-1ff1-4f6b-8344-fca7d4d717aa,e21d6bcf-d489-452a-8434-9fdeb4a8a4ff,2026-08-14T17:53:04.099000+00:00,mouse_scroll,,,,,,,,-30.89388389959676,,,,,,,,,,,,,,,,,,,,,,,,,,,,,,,,,,,,,,,,,,,,,,,,,,,,,,,,,,,,,,,,,,,,,,,,,,,,,,,
behavioral_event,continuous,4958d349-1ff1-4f6b-8344-fca7d4d717aa,ab8aa270-082d-4529-9b11-ad17b456a161,2026-08-17T09:53:04.099000+00:00,mouse_move,,,,,202.75977047727773,546.2805972545452,-5.4496511216049015,30.89499628458765,1597.2197590439469,,,,,,,,,,,,,,,,,,,,,,,,,,,,,,,,,,,,,,,,,,,,,,,,,,,,,,0.2167189662155694,,,,,,,,,1477.9297784021974,,,,,,,,,,,,,,,
behavioral_event,continuous,4958d349-1ff1-4f6b-8344-fca7d4d717aa,ab8aa270-082d-4529-9b11-ad17b456a161,2026-08-16T17:53:04.099000+00:00,mouse_scroll,,,,,,,,-60.712955499705586,,,,,,,,,,,,,,,,,,,,,,,,,,,,,,,,,,,,,,,,,,,,,,,,,,,,,,,,,,,,,,,17.674233310169058,,,,,,,,,,,,,,,,
behavioral_event,continuous,4958d349-1ff1-4f6b-8344-fca7d4d717aa,ab8aa270-082d-4529-9b11-ad17b456a161,2026-08-16T04:53:04.099000+00:00,mouse_move,,,,,1235.5359400378109,778.6881962192612,-38.01073766132917,-26.194539657141156,1516.5339227194015,,,,,,,,,,,,,,,,,,,,,,,,,,,,,,,,,,,,,,,,,,,,,,,,,,,,,,0.3936133335778561,,,,,,,,,566.1211450244516,,,,,,,,,,,,,,,
behavioral_event,continuous,4958d349-1ff1-4f6b-8344-fca7d4d717aa,b18da398-8da7-48c4-a227-ad674d8de565,2026-08-16T08:53:04.099000+00:00,mouse_click,,,,,1210.2545590860557,695.3418555098621,-9.099605172204349,12.022978022821448,232.27020309466585,,,,,,,,,,,,,,,,,,,,,,,,,,,,,,,,,,,,,,,,,,,,,,,,,,,,,,,,,,,,,,,,,,,,,,,,,,,,,,
behavioral_event,continuous,4958d349-1ff1-4f6b-8344-fca7d4d717aa,b18da398-8da7-48c4-a227-ad674d8de565,2026-08-16T11:53:04.099000+00:00,mouse_scroll,,,,,,,,-19.60946494176727,,,,,,,,,,,,,,,,,,,,,,,,,,,,,,,,,,,,,,,,,,,,,,,,,,,,,,,,,,,,,,,,,,,,,,,,,,,,,,,
behavioral_event,continuous,4958d349-1ff1-4f6b-8344-fca7d4d717aa,ab8aa270-082d-4529-9b11-ad17b456a161,2026-08-17T08:53:04.099000+00:00,mouse_scroll,,,,,,,,55.00627104014154,,,,,,,,,,,,,,,,,,,,,,,,,,,,,,,,,,,,,,,,,,,,,,,,,,,,,,,,,,,,,,,33.41245145891048,,,,,,,,,,,,,,,,
behavioral_event,continuous,4958d349-1ff1-4f6b-8344-fca7d4d717aa,3049d141-ca28-439a-869d-c8f2d5b5b882,2026-08-16T02:53:04.099000+00:00,mouse_scroll,,,,,,,,66.4031438907684,,,,,,,,,,,,,,,,,,,,,,,,,,,,,,,,,,,,,,,,,,,,,,,,,,,,,,,,,,,,,,,,,,,,,,,,,,,,,,,
behavioral_event,continuous,4958d349-1ff1-4f6b-8344-fca7d4d717aa,3049d141-ca28-439a-869d-c8f2d5b5b882,2026-08-15T23:53:04.099000+00:00,mouse_scroll,,,,,,,,-26.902913260523718,,,,,,,,,,,,,,,,,,,,,,,,,,,,,,,,,,,,,,,,,,,,,,,,,,,,,,,,,,,,,,,51.77364676019223,,,,,,,,,,,,,,,,
behavioral_event,continuous,4958d349-1ff1-4f6b-8344-fca7d4d717aa,e21d6bcf-d489-452a-8434-9fdeb4a8a4ff,2026-08-17T06:53:04.099000+00:00,mouse_click,,,,,1481.4649870479725,127.36853303107569,-20.765768958170195,-30.56950306569306,1647.7176796383178,,,,,,,,,,,,,,,,,,,,,,,,,,,,,,,,,,,,,,,,,,,,,,,,,,,,,,0.4066948076910223,,,,,,,,,1166.8706310780367,,,,,,,,,,,,,,,
behavioral_event,continuous,4958d349-1ff1-4f6b-8344-fca7d4d717aa,e21d6bcf-d489-452a-8434-9fdeb4a8a4ff,2026-08-15T07:53:04.099000+00:00,mouse_scroll,,,,,,,,-5.931008120491143,,,,,,,,,,,,,,,,,,,,,,,,,,,,,,,,,,,,,,,,,,,,,,,,,,,,,,,,,,,,,,,,,,,,,,,,,,,,,,,
behavioral_event,continuous,4958d349-1ff1-4f6b-8344-fca7d4d717aa,b18da398-8da7-48c4-a227-ad674d8de565,2026-08-15T07:53:04.099000+00:00,keystroke,90,,77.96615828320064,82.08119223112769,,,,,,,,,,,,,,,,,,,,,,,,,,,,,,,,,,,,,,,,,,,,,,,,,,,,,,,,,,,,,140.08578603260037,,77.75159451092657,,,,,,,,,,,,,,,,,,,,
behavioral_event,continuous,4958d349-1ff1-4f6b-8344-fca7d4d717aa,b18da398-8da7-48c4-a227-ad674d8de565,2026-08-15T10:53:04.099000+00:00,mouse_scroll,,,,,,,,-84.89153159676732,,,,,,,,,,,,,,,,,,,,,,,,,,,,,,,,,,,,,,,,,,,,,,,,,,,,,,,,,,,,,,,,,,,,,,,,,,,,,,,
behavioral_event,continuous,4958d349-1ff1-4f6b-8344-fca7d4d717aa,b18da398-8da7-48c4-a227-ad674d8de565,2026-08-16T08:53:04.099000+00:00,keystroke,78,,82.43380591003717,59.7830909179079,,,,,,,,,,,,,,,,,,,,,,,,,,,,,,,,,,,,,,,,,,,,,,,,,,,,,,,,,,,,,,,,,,,,,,,,,,,,,,,,,,,
behavioral_event,continuous,4958d349-1ff1-4f6b-8344-fca7d4d717aa,b18da398-8da7-48c4-a227-ad674d8de565,2026-08-16T10:53:04.099000+00:00,keystroke,85,,92.22415974790948,132.6182734947996,,,,,,,,,,,,,,,,,,,,,,,,,,,,,,,,,,,,,,,,,,,,,,,,,,,,,,,,,,,,,143.9396867799249,,89.629725306062,,,,,,,,,,,,,,,,,,,,
behavioral_event,continuous,4958d349-1ff1-4f6b-8344-fca7d4d717aa,ab8aa270-082d-4529-9b11-ad17b456a161,2026-08-15T20:53:04.099000+00:00,mouse_scroll,,,,,,,,58.59205705021486,,,,,,,,,,,,,,,,,,,,,,,,,,,,,,,,,,,,,,,,,,,,,,,,,,,,,,,,,,,,,,,0.7805571369882642,,,,,,,,,,,,,,,,
behavioral_event,continuous,4958d349-1ff1-4f6b-8344-fca7d4d717aa,dd8db810-64d3-4a3e-b264-bbb8473ae07b,2026-08-16T17:53:04.099000+00:00,mouse_click,,,,,1123.5721941278275,174.02104394311363,-27.789357014012218,-46.40749391700073,1875.3363191988587,,,,,,,,,,,,,,,,,,,,,,,,,,,,,,,,,,,,,,,,,,,,,,,,,,,,,,0.2831997227337118,,,,,,,,,795.662133657059,,,,,,,,,,,,,,,
behavioral_event,continuous,4958d349-1ff1-4f6b-8344-fca7d4d717aa,e21d6bcf-d489-452a-8434-9fdeb4a8a4ff,2026-08-15T20:53:04.099000+00:00,mouse_click,,,,,1202.7691755501476,310.2331851255344,-37.88529291796977,-6.455909534147111,1402.57594924257,,,,,,,,,,,,,,,,,,,,,,,,,,,,,,,,,,,,,,,,,,,,,,,,,,,,,,,,,,,,,,,,,,,,,,,,,,,,,,
behavioral_event,continuous,4958d349-1ff1-4f6b-8344-fca7d4d717aa,e21d6bcf-d489-452a-8434-9fdeb4a8a4ff,2026-08-14T19:53:04.099000+00:00,mouse_scroll,,,,,,,,-43.33529877445221,,,,,,,,,,,,,,,,,,,,,,,,,,,,,,,,,,,,,,,,,,,,,,,,,,,,,,,,,,,,,,,61.89285271781584,,,,,,,,,,,,,,,,
behavioral_event,continuous,4958d349-1ff1-4f6b-8344-fca7d4d717aa,e21d6bcf-d489-452a-8434-9fdeb4a8a4ff,2026-08-15T15:53:04.099000+00:00,mouse_click,,,,,1445.467217273742,689.1709930988198,48.26695666601316,47.30282483929963,1116.3683328260558,,,,,,,,,,,,,,,,,,,,,,,,,,,,,,,,,,,,,,,,,,,,,,,,,,,,,,,,,,,,,,,,,,,,,,,,,,,,,,
behavioral_event,continuous,4958d349-1ff1-4f6b-8344-fca7d4d717aa,b18da398-8da7-48c4-a227-ad674d8de565,2026-08-16T20:53:04.099000+00:00,keystroke,84,,182.5775018511686,45.81607537698808,,,,,,,,,,,,,,,,,,,,,,,,,,,,,,,,,,,,,,,,,,,,,,,,,,,,,,,,,,,,,,,,,,,,,,,,,,,,,,,,,,,
behavioral_event,continuous,4958d349-1ff1-4f6b-8344-fca7d4d717aa,b18da398-8da7-48c4-a227-ad674d8de565,2026-08-16T17:53:04.099000+00:00,mouse_scroll,,,,,,,,-3.0062867678129095,,,,,,,,,,,,,,,,,,,,,,,,,,,,,,,,,,,,,,,,,,,,,,,,,,,,,,,,,,,,,,,,,,,,,,,,,,,,,,,
behavioral_event,continuous,4958d349-1ff1-4f6b-8344-fca7d4d717aa,ab8aa270-082d-4529-9b11-ad17b456a161,2026-08-15T00:53:04.099000+00:00,mouse_click,,,,,592.8716942130453,106.97099331979025,28.18136359130243,-20.226355960595154,137.57693693903437,,,,,,,,,,,,,,,,,,,,,,,,,,,,,,,,,,,,,,,,,,,,,,,,,,,,,,0.4033327726565037,,,,,,,,,1328.843110386342,,,,,,,,,,,,,,,
behavioral_event,continuous,4958d349-1ff1-4f6b-8344-fca7d4d717aa,dd8db810-64d3-4a3e-b264-bbb8473ae07b,2026-08-15T19:53:04.099000+00:00,keystroke,73,,58.56249304495643,54.21256187067746,,,,,,,,,,,,,,,,,,,,,,,,,,,,,,,,,,,,,,,,,,,,,,,,,,,,,,,,,,,,,,,,,,,,,,,,,,,,,,,,,,,
behavioral_event,continuous,4958d349-1ff1-4f6b-8344-fca7d4d717aa,3049d141-ca28-439a-869d-c8f2d5b5b882,2026-08-15T11:53:04.099000+00:00,mouse_scroll,,,,,,,,54.80440911721968,,,,,,,,,,,,,,,,,,,,,,,,,,,,,,,,,,,,,,,,,,,,,,,,,,,,,,,,,,,,,,,,,,,,,,,,,,,,,,,
behavioral_event,continuous,4958d349-1ff1-4f6b-8344-fca7d4d717aa,3049d141-ca28-439a-869d-c8f2d5b5b882,2026-08-16T16:53:04.099000+00:00,mouse_click,,,,,1630.3160035665935,113.85386247567703,35.72640510949769,-13.254464202983165,823.6579439348861,,,,,,,,,,,,,,,,,,,,,,,,,,,,,,,,,,,,,,,,,,,,,,,,,,,,,,,,,,,,,,,,,,,,,,,,,,,,,,
behavioral_event,continuous,4958d349-1ff1-4f6b-8344-fca7d4d717aa,e21d6bcf-d489-452a-8434-9fdeb4a8a4ff,2026-08-17T01:53:04.099000+00:00,mouse_scroll,,,,,,,,-81.40275875765826,,,,,,,,,,,,,,,,,,,,,,,,,,,,,,,,,,,,,,,,,,,,,,,,,,,,,,,,,,,,,,,,,,,,,,,,,,,,,,,
behavioral_event,continuous,4958d349-1ff1-4f6b-8344-fca7d4d717aa,e21d6bcf-d489-452a-8434-9fdeb4a8a4ff,2026-08-15T02:53:04.099000+00:00,mouse_click,,,,,308.4182970959665,808.8809895163006,-11.784356740711786,-30.903827430648967,621.9796130647281,,,,,,,,,,,,,,,,,,,,,,,,,,,,,,,,,,,,,,,,,,,,,,,,,,,,,,,,,,,,,,,,,,,,,,,,,,,,,,
behavioral_event,continuous,4958d349-1ff1-4f6b-8344-fca7d4d717aa,b18da398-8da7-48c4-a227-ad674d8de565,2026-08-14T15:53:04.099000+00:00,mouse_move,,,,,175.7866199665088,348.2148188362163,-49.90381647528267,49.52827727493563,1294.596359335846,,,,,,,,,,,,,,,,,,,,,,,,,,,,,,,,,,,,,,,,,,,,,,,,,,,,,,,,,,,,,,,,,,,,,,,,,,,,,,
behavioral_event,continuous,4958d349-1ff1-4f6b-8344-fca7d4d717aa,b18da398-8da7-48c4-a227-ad674d8de565,2026-08-16T01:53:04.099000+00:00,keystroke,85,,77.54946494272285,129.07194288349717,,,,,,,,,,,,,,,,,,,,,,,,,,,,,,,,,,,,,,,,,,,,,,,,,,,,,,,,,,,,,120.96630617361728,,115.7402719798927,,,,,,,,,,,,,,,,,,,,
behavioral_event,continuous,4958d349-1ff1-4f6b-8344-fca7d4d717aa,ab8aa270-082d-4529-9b11-ad17b456a161,2026-08-16T08:53:04.099000+00:00,keystroke,88,,114.465753008507,37.20842009279987,,,,,,,,,,,,,,,,,,,,,,,,,,,,,,,,,,,,,,,,,,,,,,,,,,,,,,,,,,,,,112.53990952195214,,116.99278075990743,,,,,,,,,,,,,,,,,,,,
behavioral_event,continuous,4958d349-1ff1-4f6b-8344-fca7d4d717aa,dd8db810-64d3-4a3e-b264-bbb8473ae07b,2026-08-16T03:53:04.099000+00:00,mouse_click,,,,,274.1796766104272,323.95201659887965,-28.023964120288582,-42.573320370558655,146.7603065251114,,,,,,,,,,,,,,,,,,,,,,,,,,,,,,,,,,,,,,,,,,,,,,,,,,,,,,0.10987765028144697,,,,,,,,,1171.8434448264875,,,,,,,,,,,,,,,
behavioral_event,continuous,4958d349-1ff1-4f6b-8344-fca7d4d717aa,dd8db810-64d3-4a3e-b264-bbb8473ae07b,2026-08-15T03:53:04.099000+00:00,mouse_click,,,,,1073.3937572833088,498.552313005747,-9.12479982907982,30.66823176611021,207.84787112436055,,,,,,,,,,,,,,,,,,,,,,,,,,,,,,,,,,,,,,,,,,,,,,,,,,,,,,,,,,,,,,,,,,,,,,,,,,,,,,
behavioral_event,continuous,4958d349-1ff1-4f6b-8344-fca7d4d717aa,3049d141-ca28-439a-869d-c8f2d5b5b882,2026-08-16T01:53:04.099000+00:00,mouse_move,,,,,997.1793302599904,197.71814473885544,17.49733503817376,5.844515235963357,1003.7111547526439,,,,,,,,,,,,,,,,,,,,,,,,,,,,,,,,,,,,,,,,,,,,,,,,,,,,,,0.4342186502365667,,,,,,,,,1462.8197826893336,,,,,,,,,,,,,,,
behavioral_event,continuous,4958d349-1ff1-4f6b-8344-fca7d4d717aa,3049d141-ca28-439a-869d-c8f2d5b5b882,2026-08-17T00:53:04.099000+00:00,keystroke,88,,70.9484173802508,79.62317755594502,,,,,,,,,,,,,,,,,,,,,,,,,,,,,,,,,,,,,,,,,,,,,,,,,,,,,,,,,,,,,105.8549523755426,,109.06420327746517,,,,,,,,,,,,,,,,,,,,
behavioral_event,continuous,4958d349-1ff1-4f6b-8344-fca7d4d717aa,e21d6bcf-d489-452a-8434-9fdeb4a8a4ff,2026-08-16T06:53:04.099000+00:00,mouse_scroll,,,,,,,,89.25591812941386,,,,,,,,,,,,,,,,,,,,,,,,,,,,,,,,,,,,,,,,,,,,,,,,,,,,,,,,,,,,,,,,,,,,,,,,,,,,,,,
behavioral_event,continuous,4958d349-1ff1-4f6b-8344-fca7d4d717aa,e21d6bcf-d489-452a-8434-9fdeb4a8a4ff,2026-08-17T09:53:04.099000+00:00,mouse_scroll,,,,,,,,-92.55011545254152,,,,,,,,,,,,,,,,,,,,,,,,,,,,,,,,,,,,,,,,,,,,,,,,,,,,,,,,,,,,,,,65.77476522658847,,,,,,,,,,,,,,,,
behavioral_event,continuous,4958d349-1ff1-4f6b-8344-fca7d4d717aa,e21d6bcf-d489-452a-8434-9fdeb4a8a4ff,2026-08-16T18:53:04.099000+00:00,mouse_move,,,,,120.17614500545488,474.4652505519609,38.66666815264469,-2.3016557998634113,1655.6781993554669,,,,,,,,,,,,,,,,,,,,,,,,,,,,,,,,,,,,,,,,,,,,,,,,,,,,,,0.2664306664673073,,,,,,,,,707.8574188975564,,,,,,,,,,,,,,,
behavioral_event,continuous,4958d349-1ff1-4f6b-8344-fca7d4d717aa,b18da398-8da7-48c4-a227-ad674d8de565,2026-08-16T13:53:04.099000+00:00,mouse_scroll,,,,,,,,47.159374179237375,,,,,,,,,,,,,,,,,,,,,,,,,,,,,,,,,,,,,,,,,,,,,,,,,,,,,,,,,,,,,,,,,,,,,,,,,,,,,,,
behavioral_event,continuous,4958d349-1ff1-4f6b-8344-fca7d4d717aa,b18da398-8da7-48c4-a227-ad674d8de565,2026-08-16T10:53:04.099000+00:00,mouse_move,,,,,1253.6801764299785,343.40917729579814,-2.570861848476781,-20.29427322126589,1356.3816177902506,,,,,,,,,,,,,,,,,,,,,,,,,,,,,,,,,,,,,,,,,,,,,,,,,,,,,,,,,,,,,,,,,,,,,,,,,,,,,,
behavioral_event,continuous,4958d349-1ff1-4f6b-8344-fca7d4d717aa,b18da398-8da7-48c4-a227-ad674d8de565,2026-08-15T19:53:04.099000+00:00,mouse_scroll,,,,,,,,54.36314749081282,,,,,,,,,,,,,,,,,,,,,,,,,,,,,,,,,,,,,,,,,,,,,,,,,,,,,,,,,,,,,,,,,,,,,,,,,,,,,,,
behavioral_event,continuous,4958d349-1ff1-4f6b-8344-fca7d4d717aa,b18da398-8da7-48c4-a227-ad674d8de565,2026-08-17T01:53:04.099000+00:00,mouse_click,,,,,1783.041729091995,841.9214197123603,-15.648927101231216,-0.4423841059695093,595.1783983136851,,,,,,,,,,,,,,,,,,,,,,,,,,,,,,,,,,,,,,,,,,,,,,,,,,,,,,0.1960355548266306,,,,,,,,,695.7027917935995,,,,,,,,,,,,,,,
behavioral_event,continuous,4958d349-1ff1-4f6b-8344-fca7d4d717aa,b18da398-8da7-48c4-a227-ad674d8de565,2026-08-16T11:53:04.099000+00:00,mouse_move,,,,,1216.5931171161621,271.31005298500395,14.659273705466234,7.371812582657334,514.7955250475607,,,,,,,,,,,,,,,,,,,,,,,,,,,,,,,,,,,,,,,,,,,,,,,,,,,,,,0.3147682765601092,,,,,,,,,781.6063337294271,,,,,,,,,,,,,,,
behavioral_event,continuous,4958d349-1ff1-4f6b-8344-fca7d4d717aa,b18da398-8da7-48c4-a227-ad674d8de565,2026-08-15T11:53:04.099000+00:00,mouse_click,,,,,1152.5664573381484,566.6536410189608,45.80277414653999,26.289991831235966,1925.5012548671086,,,,,,,,,,,,,,,,,,,,,,,,,,,,,,,,,,,,,,,,,,,,,,,,,,,,,,,,,,,,,,,,,,,,,,,,,,,,,,
behavioral_event,continuous,4958d349-1ff1-4f6b-8344-fca7d4d717aa,ab8aa270-082d-4529-9b11-ad17b456a161,2026-08-15T06:53:04.099000+00:00,keystroke,65,,158.00320245597155,113.89382656156451,,,,,,,,,,,,,,,,,,,,,,,,,,,,,,,,,,,,,,,,,,,,,,,,,,,,,,,,,,,,,133.81130657408352,,63.81103712910848,,,,,,,,,,,,,,,,,,,,
behavioral_event,continuous,4958d349-1ff1-4f6b-8344-fca7d4d717aa,ab8aa270-082d-4529-9b11-ad17b456a161,2026-08-15T07:53:04.099000+00:00,mouse_click,,,,,1444.9699604208317,693.5582785627724,0.7252742466800726,46.85493795283364,1947.2515117355263,,,,,,,,,,,,,,,,,,,,,,,,,,,,,,,,,,,,,,,,,,,,,,,,,,,,,,,,,,,,,,,,,,,,,,,,,,,,,,
behavioral_event,continuous,4958d349-1ff1-4f6b-8344-fca7d4d717aa,dd8db810-64d3-4a3e-b264-bbb8473ae07b,2026-08-15T04:53:04.099000+00:00,mouse_click,,,,,457.85025241268005,469.2122480382392,-29.07757909448303,21.553197667620708,1581.1443091240085,,,,,,,,,,,,,,,,,,,,,,,,,,,,,,,,,,,,,,,,,,,,,,,,,,,,,,,,,,,,,,,,,,,,,,,,,,,,,,
behavioral_event,continuous,4958d349-1ff1-4f6b-8344-fca7d4d717aa,3049d141-ca28-439a-869d-c8f2d5b5b882,2026-08-14T20:53:04.099000+00:00,keystroke,78,,185.68762134007585,64.16069563033811,,,,,,,,,,,,,,,,,,,,,,,,,,,,,,,,,,,,,,,,,,,,,,,,,,,,,,,,,,,,,,,,,,,,,,,,,,,,,,,,,,,
behavioral_event,continuous,4958d349-1ff1-4f6b-8344-fca7d4d717aa,3049d141-ca28-439a-869d-c8f2d5b5b882,2026-08-16T11:53:04.099000+00:00,mouse_scroll,,,,,,,,80.99380972873865,,,,,,,,,,,,,,,,,,,,,,,,,,,,,,,,,,,,,,,,,,,,,,,,,,,,,,,,,,,,,,,,,,,,,,,,,,,,,,,
behavioral_event,continuous,4958d349-1ff1-4f6b-8344-fca7d4d717aa,e21d6bcf-d489-452a-8434-9fdeb4a8a4ff,2026-08-14T14:53:04.099000+00:00,mouse_move,,,,,1405.2236107349481,620.912531083471,31.547657888141316,8.885576068270353,328.07375859732275,,,,,,,,,,,,,,,,,,,,,,,,,,,,,,,,,,,,,,,,,,,,,,,,,,,,,,,,,,,,,,,,,,,,,,,,,,,,,,
behavioral_event,continuous,4958d349-1ff1-4f6b-8344-fca7d4d717aa,e21d6bcf-d489-452a-8434-9fdeb4a8a4ff,2026-08-14T21:53:04.099000+00:00,mouse_click,,,,,1686.559399827417,481.16484238706664,-43.49168126659511,40.706848210021775,1771.9722750054682,,,,,,,,,,,,,,,,,,,,,,,,,,,,,,,,,,,,,,,,,,,,,,,,,,,,,,0.4958358938177557,,,,,,,,,1377.661691792519,,,,,,,,,,,,,,,
behavioral_event,continuous,4958d349-1ff1-4f6b-8344-fca7d4d717aa,b18da398-8da7-48c4-a227-ad674d8de565,2026-08-14T20:53:04.099000+00:00,mouse_move,,,,,196.17316217427822,256.5515400357077,36.11989808982628,-6.480860440484662,717.4924482169073,,,,,,,,,,,,,,,,,,,,,,,,,,,,,,,,,,,,,,,,,,,,,,,,,,,,,,0.14205428641878243,,,,,,,,,659.653376788543,,,,,,,,,,,,,,,
behavioral_event,continuous,4958d349-1ff1-4f6b-8344-fca7d4d717aa,b18da398-8da7-48c4-a227-ad674d8de565,2026-08-15T15:53:04.099000+00:00,mouse_scroll,,,,,,,,-25.91075656255559,,,,,,,,,,,,,,,,,,,,,,,,,,,,,,,,,,,,,,,,,,,,,,,,,,,,,,,,,,,,,,,,,,,,,,,,,,,,,,,
behavioral_event,continuous,4958d349-1ff1-4f6b-8344-fca7d4d717aa,dd8db810-64d3-4a3e-b264-bbb8473ae07b,2026-08-17T08:53:04.099000+00:00,mouse_move,,,,,934.4717377334357,232.25324825186667,-14.044593751183363,39.47039312121751,1070.4517738599602,,,,,,,,,,,,,,,,,,,,,,,,,,,,,,,,,,,,,,,,,,,,,,,,,,,,,,0.478851451329941,,,,,,,,,1210.4776842029664,,,,,,,,,,,,,,,
behavioral_event,continuous,4958d349-1ff1-4f6b-8344-fca7d4d717aa,dd8db810-64d3-4a3e-b264-bbb8473ae07b,2026-08-15T11:53:04.099000+00:00,mouse_move,,,,,319.12867507370333,719.5233618798846,49.83913405780626,-25.262179719145273,454.1301191438425,,,,,,,,,,,,,,,,,,,,,,,,,,,,,,,,,,,,,,,,,,,,,,,,,,,,,,,,,,,,,,,,,,,,,,,,,,,,,,
behavioral_event,continuous,4958d349-1ff1-4f6b-8344-fca7d4d717aa,dd8db810-64d3-4a3e-b264-bbb8473ae07b,2026-08-17T02:53:04.099000+00:00,mouse_move,,,,,1590.2213145058577,522.7321931410794,45.9580480855267,-15.346829239462437,1223.7113582923562,,,,,,,,,,,,,,,,,,,,,,,,,,,,,,,,,,,,,,,,,,,,,,,,,,,,,,0.35138564055155896,,,,,,,,,626.7395762031728,,,,,,,,,,,,,,,
behavioral_event,continuous,4958d349-1ff1-4f6b-8344-fca7d4d717aa,3049d141-ca28-439a-869d-c8f2d5b5b882,2026-08-15T16:53:04.099000+00:00,keystroke,88,,160.30042235524172,99.11293155950098,,,,,,,,,,,,,,,,,,,,,,,,,,,,,,,,,,,,,,,,,,,,,,,,,,,,,,,,,,,,,,,,,,,,,,,,,,,,,,,,,,,
behavioral_event,continuous,4958d349-1ff1-4f6b-8344-fca7d4d717aa,3049d141-ca28-439a-869d-c8f2d5b5b882,2026-08-16T16:53:04.099000+00:00,keystroke,69,,180.9162506421869,147.48757649164182,,,,,,,,,,,,,,,,,,,,,,,,,,,,,,,,,,,,,,,,,,,,,,,,,,,,,,,,,,,,,103.54095398038694,,62.96350594334163,,,,,,,,,,,,,,,,,,,,
behavioral_event,continuous,4958d349-1ff1-4f6b-8344-fca7d4d717aa,e21d6bcf-d489-452a-8434-9fdeb4a8a4ff,2026-08-15T14:53:04.099000+00:00,mouse_scroll,,,,,,,,-99.65004611620891,,,,,,,,,,,,,,,,,,,,,,,,,,,,,,,,,,,,,,,,,,,,,,,,,,,,,,,,,,,,,,,,,,,,,,,,,,,,,,,
behavioral_event,continuous,4958d349-1ff1-4f6b-8344-fca7d4d717aa,e21d6bcf-d489-452a-8434-9fdeb4a8a4ff,2026-08-14T23:53:04.099000+00:00,mouse_scroll,,,,,,,,-60.94083483245034,,,,,,,,,,,,,,,,,,,,,,,,,,,,,,,,,,,,,,,,,,,,,,,,,,,,,,,,,,,,,,,42.12801483989196,,,,,,,,,,,,,,,,
behavioral_event,continuous,4958d349-1ff1-4f6b-8344-fca7d4d717aa,e21d6bcf-d489-452a-8434-9fdeb4a8a4ff,2026-08-15T21:53:04.099000+00:00,mouse_click,,,,,1440.310177274483,780.3427446611286,-39.996353898199054,-41.601443648084704,301.79522478308877,,,,,,,,,,,,,,,,,,,,,,,,,,,,,,,,,,,,,,,,,,,,,,,,,,,,,,,,,,,,,,,,,,,,,,,,,,,,,,
behavioral_event,continuous,4958d349-1ff1-4f6b-8344-fca7d4d717aa,e21d6bcf-d489-452a-8434-9fdeb4a8a4ff,2026-08-14T22:53:04.099000+00:00,keystroke,86,,146.17806589809982,111.90290476550214,,,,,,,,,,,,,,,,,,,,,,,,,,,,,,,,,,,,,,,,,,,,,,,,,,,,,,,,,,,,,,,,,,,,,,,,,,,,,,,,,,,
behavioral_event,continuous,4958d349-1ff1-4f6b-8344-fca7d4d717aa,e21d6bcf-d489-452a-8434-9fdeb4a8a4ff,2026-08-17T06:53:04.099000+00:00,mouse_scroll,,,,,,,,-46.88148878505798,,,,,,,,,,,,,,,,,,,,,,,,,,,,,,,,,,,,,,,,,,,,,,,,,,,,,,,,,,,,,,,,,,,,,,,,,,,,,,,
behavioral_event,continuous,4958d349-1ff1-4f6b-8344-fca7d4d717aa,b18da398-8da7-48c4-a227-ad674d8de565,2026-08-16T02:53:04.099000+00:00,mouse_click,,,,,731.2800058298179,675.0579109706158,45.75137004694595,-42.04678425994368,297.0492417413234,,,,,,,,,,,,,,,,,,,,,,,,,,,,,,,,,,,,,,,,,,,,,,,,,,,,,,,,,,,,,,,,,,,,,,,,,,,,,,
behavioral_event,continuous,4958d349-1ff1-4f6b-8344-fca7d4d717aa,ab8aa270-082d-4529-9b11-ad17b456a161,2026-08-16T13:53:04.099000+00:00,mouse_move,,,,,389.4106146250751,561.4819058628502,-38.61685069944738,-42.543107912311115,319.0357425498677,,,,,,,,,,,,,,,,,,,,,,,,,,,,,,,,,,,,,,,,,,,,,,,,,,,,,,,,,,,,,,,,,,,,,,,,,,,,,,
behavioral_event,continuous,4958d349-1ff1-4f6b-8344-fca7d4d717aa,ab8aa270-082d-4529-9b11-ad17b456a161,2026-08-15T03:53:04.099000+00:00,mouse_click,,,,,245.01809905342515,860.6654739368555,27.86868231070561,9.038300347364746,1144.5075117293827,,,,,,,,,,,,,,,,,,,,,,,,,,,,,,,,,,,,,,,,,,,,,,,,,,,,,,,,,,,,,,,,,,,,,,,,,,,,,,
behavioral_event,continuous,4958d349-1ff1-4f6b-8344-fca7d4d717aa,ab8aa270-082d-4529-9b11-ad17b456a161,2026-08-16T18:53:04.099000+00:00,mouse_click,,,,,575.0945197930154,215.1456304425386,7.297529748456775,2.7085278316879666,1947.9949211035462,,,,,,,,,,,,,,,,,,,,,,,,,,,,,,,,,,,,,,,,,,,,,,,,,,,,,,,,,,,,,,,,,,,,,,,,,,,,,,
behavioral_event,continuous,4958d349-1ff1-4f6b-8344-fca7d4d717aa,dd8db810-64d3-4a3e-b264-bbb8473ae07b,2026-08-16T11:53:04.099000+00:00,keystroke,74,,137.42301229884288,108.942976719239,,,,,,,,,,,,,,,,,,,,,,,,,,,,,,,,,,,,,,,,,,,,,,,,,,,,,,,,,,,,,121.62510636594374,,62.33371889668981,,,,,,,,,,,,,,,,,,,,
behavioral_event,continuous,4958d349-1ff1-4f6b-8344-fca7d4d717aa,3049d141-ca28-439a-869d-c8f2d5b5b882,2026-08-16T18:53:04.099000+00:00,mouse_move,,,,,305.20788014519405,368.3409812614711,15.775093722159312,-15.040936058591647,1394.307587353648,,,,,,,,,,,,,,,,,,,,,,,,,,,,,,,,,,,,,,,,,,,,,,,,,,,,,,,,,,,,,,,,,,,,,,,,,,,,,,
behavioral_event,continuous,4958d349-1ff1-4f6b-8344-fca7d4d717aa,3049d141-ca28-439a-869d-c8f2d5b5b882,2026-08-16T04:53:04.099000+00:00,mouse_click,,,,,423.0534331099827,499.81072924535425,40.287608444857526,0.7880556073507989,502.9620379094773,,,,,,,,,,,,,,,,,,,,,,,,,,,,,,,,,,,,,,,,,,,,,,,,,,,,,,0.2379635684527643,,,,,,,,,941.3341468253441,,,,,,,,,,,,,,,
behavioral_event,continuous,4958d349-1ff1-4f6b-8344-fca7d4d717aa,e21d6bcf-d489-452a-8434-9fdeb4a8a4ff,2026-08-17T06:53:04.099000+00:00,mouse_move,,,,,580.2066873211511,698.0930000752414,-48.50593451908215,-38.85804983581805,933.6715109455794,,,,,,,,,,,,,,,,,,,,,,,,,,,,,,,,,,,,,,,,,,,,,,,,,,,,,,,,,,,,,,,,,,,,,,,,,,,,,,
behavioral_event,continuous,4958d349-1ff1-4f6b-8344-fca7d4d717aa,b18da398-8da7-48c4-a227-ad674d8de565,2026-08-15T09:53:04.099000+00:00,mouse_scroll,,,,,,,,-45.021954772926435,,,,,,,,,,,,,,,,,,,,,,,,,,,,,,,,,,,,,,,,,,,,,,,,,,,,,,,,,,,,,,,,,,,,,,,,,,,,,,,
behavioral_event,continuous,4958d349-1ff1-4f6b-8344-fca7d4d717aa,b18da398-8da7-48c4-a227-ad674d8de565,2026-08-14T18:53:04.099000+00:00,mouse_click,,,,,1708.0438140671529,821.5089802762677,-46.710884965244105,45.43332217590634,1662.463679950009,,,,,,,,,,,,,,,,,,,,,,,,,,,,,,,,,,,,,,,,,,,,,,,,,,,,,,,,,,,,,,,,,,,,,,,,,,,,,,
behavioral_event,continuous,4958d349-1ff1-4f6b-8344-fca7d4d717aa,b18da398-8da7-48c4-a227-ad674d8de565,2026-08-16T02:53:04.099000+00:00,mouse_click,,,,,497.3230566409119,862.4630394014206,14.620308717258993,-34.484433526126764,570.2993879468025,,,,,,,,,,,,,,,,,,,,,,,,,,,,,,,,,,,,,,,,,,,,,,,,,,,,,,,,,,,,,,,,,,,,,,,,,,,,,,
behavioral_event,continuous,4958d349-1ff1-4f6b-8344-fca7d4d717aa,ab8aa270-082d-4529-9b11-ad17b456a161,2026-08-17T07:53:04.099000+00:00,mouse_scroll,,,,,,,,-18.056385383518574,,,,,,,,,,,,,,,,,,,,,,,,,,,,,,,,,,,,,,,,,,,,,,,,,,,,,,,,,,,,,,,,,,,,,,,,,,,,,,,
behavioral_event,continuous,4958d349-1ff1-4f6b-8344-fca7d4d717aa,ab8aa270-082d-4529-9b11-ad17b456a161,2026-08-16T15:53:04.099000+00:00,mouse_scroll,,,,,,,,-28.99034069828788,,,,,,,,,,,,,,,,,,,,,,,,,,,,,,,,,,,,,,,,,,,,,,,,,,,,,,,,,,,,,,,71.4439988051943,,,,,,,,,,,,,,,,
behavioral_event,continuous,4958d349-1ff1-4f6b-8344-fca7d4d717aa,dd8db810-64d3-4a3e-b264-bbb8473ae07b,2026-08-15T19:53:04.099000+00:00,mouse_click,,,,,804.6165985162138,154.95752891435046,-25.452792377850876,-45.36391890598449,1311.5826496445868,,,,,,,,,,,,,,,,,,,,,,,,,,,,,,,,,,,,,,,,,,,,,,,,,,,,,,0.4631235847118301,,,,,,,,,1298.7867314521386,,,,,,,,,,,,,,,
behavioral_event,continuous,4958d349-1ff1-4f6b-8344-fca7d4d717aa,3049d141-ca28-439a-869d-c8f2d5b5b882,2026-08-16T21:53:04.099000+00:00,keystroke,78,,83.42451850848073,32.831607145476525,,,,,,,,,,,,,,,,,,,,,,,,,,,,,,,,,,,,,,,,,,,,,,,,,,,,,,,,,,,,,,,,,,,,,,,,,,,,,,,,,,,
behavioral_event,continuous,4958d349-1ff1-4f6b-8344-fca7d4d717aa,3049d141-ca28-439a-869d-c8f2d5b5b882,2026-08-14T09:53:04.099000+00:00,mouse_click,,,,,1260.7396727571888,475.7866253732506,-30.039638657408794,5.556967869831567,1409.5221292533586,,,,,,,,,,,,,,,,,,,,,,,,,,,,,,,,,,,,,,,,,,,,,,,,,,,,,,,,,,,,,,,,,,,,,,,,,,,,,,
behavioral_event,continuous,4958d349-1ff1-4f6b-8344-fca7d4d717aa,3049d141-ca28-439a-869d-c8f2d5b5b882,2026-08-15T05:53:04.099000+00:00,keystroke,78,,58.9830376024715,99.10193953763111,,,,,,,,,,,,,,,,,,,,,,,,,,,,,,,,,,,,,,,,,,,,,,,,,,,,,,,,,,,,,,,,,,,,,,,,,,,,,,,,,,,
behavioral_event,continuous,4958d349-1ff1-4f6b-8344-fca7d4d717aa,3049d141-ca28-439a-869d-c8f2d5b5b882,2026-08-15T05:53:04.099000+00:00,mouse_scroll,,,,,,,,-10.041107411479544,,,,,,,,,,,,,,,,,,,,,,,,,,,,,,,,,,,,,,,,,,,,,,,,,,,,,,,,,,,,,,,,,,,,,,,,,,,,,,,
behavioral_event,continuous,4958d349-1ff1-4f6b-8344-fca7d4d717aa,3049d141-ca28-439a-869d-c8f2d5b5b882,2026-08-15T21:53:04.099000+00:00,mouse_click,,,,,1465.2567667803955,323.3900831194867,34.097943849944215,-0.7178194548295167,129.96210839239586,,,,,,,,,,,,,,,,,,,,,,,,,,,,,,,,,,,,,,,,,,,,,,,,,,,,,,,,,,,,,,,,,,,,,,,,,,,,,,
behavioral_event,continuous,4958d349-1ff1-4f6b-8344-fca7d4d717aa,e21d6bcf-d489-452a-8434-9fdeb4a8a4ff,2026-08-16T01:53:04.099000+00:00,mouse_click,,,,,1058.5935550056906,167.3761463219818,23.618043930602056,37.19928794437769,1706.6574268343809,,,,,,,,,,,,,,,,,,,,,,,,,,,,,,,,,,,,,,,,,,,,,,,,,,,,,,,,,,,,,,,,,,,,,,,,,,,,,,
behavioral_event,continuous,4958d349-1ff1-4f6b-8344-fca7d4d717aa,e21d6bcf-d489-452a-8434-9fdeb4a8a4ff,2026-08-14T23:53:04.099000+00:00,keystroke,76,,142.24841071039964,141.37615393923014,,,,,,,,,,,,,,,,,,,,,,,,,,,,,,,,,,,,,,,,,,,,,,,,,,,,,,,,,,,,,,,,,,,,,,,,,,,,,,,,,,,
behavioral_event,continuous,4958d349-1ff1-4f6b-8344-fca7d4d717aa,e21d6bcf-d489-452a-8434-9fdeb4a8a4ff,2026-08-16T23:53:04.099000+00:00,mouse_scroll,,,,,,,,-31.15148381452603,,,,,,,,,,,,,,,,,,,,,,,,,,,,,,,,,,,,,,,,,,,,,,,,,,,,,,,,,,,,,,,,,,,,,,,,,,,,,,,
behavioral_event,continuous,4958d349-1ff1-4f6b-8344-fca7d4d717aa,b18da398-8da7-48c4-a227-ad674d8de565,2026-08-15T19:53:04.099000+00:00,mouse_move,,,,,1493.2186239250193,782.2881977618649,-2.3173427164286196,-46.68717874918041,1538.1987847057585,,,,,,,,,,,,,,,,,,,,,,,,,,,,,,,,,,,,,,,,,,,,,,,,,,,,,,0.45455880004029303,,,,,,,,,615.8263271150385,,,,,,,,,,,,,,,
behavioral_event,continuous,4958d349-1ff1-4f6b-8344-fca7d4d717aa,ab8aa270-082d-4529-9b11-ad17b456a161,2026-08-14T22:53:04.099000+00:00,mouse_move,,,,,1254.5429668395582,300.91955172058755,9.62733046638622,13.371697917251048,1634.1861296107766,,,,,,,,,,,,,,,,,,,,,,,,,,,,,,,,,,,,,,,,,,,,,,,,,,,,,,,,,,,,,,,,,,,,,,,,,,,,,,
behavioral_event,continuous,4958d349-1ff1-4f6b-8344-fca7d4d717aa,ab8aa270-082d-4529-9b11-ad17b456a161,2026-08-16T09:53:04.099000+00:00,mouse_click,,,,,1396.3015564860655,351.9824590237936,-13.570435745526197,-8.591251827047586,273.5779954770319,,,,,,,,,,,,,,,,,,,,,,,,,,,,,,,,,,,,,,,,,,,,,,,,,,,,,,,,,,,,,,,,,,,,,,,,,,,,,,
behavioral_event,continuous,4958d349-1ff1-4f6b-8344-fca7d4d717aa,3049d141-ca28-439a-869d-c8f2d5b5b882,2026-08-16T01:53:04.099000+00:00,mouse_scroll,,,,,,,,43.079343572092256,,,,,,,,,,,,,,,,,,,,,,,,,,,,,,,,,,,,,,,,,,,,,,,,,,,,,,,,,,,,,,,,,,,,,,,,,,,,,,,
behavioral_event,continuous,4958d349-1ff1-4f6b-8344-fca7d4d717aa,3049d141-ca28-439a-869d-c8f2d5b5b882,2026-08-15T19:53:04.099000+00:00,mouse_scroll,,,,,,,,-94.35601364497683,,,,,,,,,,,,,,,,,,,,,,,,,,,,,,,,,,,,,,,,,,,,,,,,,,,,,,,,,,,,,,,,,,,,,,,,,,,,,,,
behavioral_event,continuous,4958d349-1ff1-4f6b-8344-fca7d4d717aa,3049d141-ca28-439a-869d-c8f2d5b5b882,2026-08-14T22:53:04.099000+00:00,keystroke,89,,151.43564637709937,40.24121250306176,,,,,,,,,,,,,,,,,,,,,,,,,,,,,,,,,,,,,,,,,,,,,,,,,,,,,,,,,,,,,114.23540739027413,,96.68274660637351,,,,,,,,,,,,,,,,,,,,
behavioral_event,continuous,4958d349-1ff1-4f6b-8344-fca7d4d717aa,e21d6bcf-d489-452a-8434-9fdeb4a8a4ff,2026-08-16T06:53:04.099000+00:00,mouse_move,,,,,372.65560340163137,793.010624033322,-2.8061283373126713,-5.171276874296659,370.4254952736898,,,,,,,,,,,,,,,,,,,,,,,,,,,,,,,,,,,,,,,,,,,,,,,,,,,,,,,,,,,,,,,,,,,,,,,,,,,,,,
behavioral_event,continuous,4958d349-1ff1-4f6b-8344-fca7d4d717aa,e21d6bcf-d489-452a-8434-9fdeb4a8a4ff,2026-08-16T05:53:04.099000+00:00,mouse_click,,,,,433.22069107485487,117.23397340225681,-14.445897636395742,26.31194265782547,718.0916498546367,,,,,,,,,,,,,,,,,,,,,,,,,,,,,,,,,,,,,,,,,,,,,,,,,,,,,,,,,,,,,,,,,,,,,,,,,,,,,,
behavioral_event,continuous,4958d349-1ff1-4f6b-8344-fca7d4d717aa,b18da398-8da7-48c4-a227-ad674d8de565,2026-08-17T07:53:04.099000+00:00,mouse_scroll,,,,,,,,-46.68810734087203,,,,,,,,,,,,,,,,,,,,,,,,,,,,,,,,,,,,,,,,,,,,,,,,,,,,,,,,,,,,,,,75.52403228179097,,,,,,,,,,,,,,,,
behavioral_event,continuous,4958d349-1ff1-4f6b-8344-fca7d4d717aa,b18da398-8da7-48c4-a227-ad674d8de565,2026-08-14T13:53:04.099000+00:00,mouse_scroll,,,,,,,,4.131460643135426,,,,,,,,,,,,,,,,,,,,,,,,,,,,,,,,,,,,,,,,,,,,,,,,,,,,,,,,,,,,,,,,,,,,,,,,,,,,,,,
behavioral_event,continuous,4958d349-1ff1-4f6b-8344-fca7d4d717aa,ab8aa270-082d-4529-9b11-ad17b456a161,2026-08-16T11:53:04.099000+00:00,mouse_move,,,,,1363.6426249543697,394.37415190859815,-30.53543191174912,23.07764994186121,1139.887100277283,,,,,,,,,,,,,,,,,,,,,,,,,,,,,,,,,,,,,,,,,,,,,,,,,,,,,,,,,,,,,,,,,,,,,,,,,,,,,,
behavioral_event,continuous,4958d349-1ff1-4f6b-8344-fca7d4d717aa,ab8aa270-082d-4529-9b11-ad17b456a161,2026-08-16T15:53:04.099000+00:00,keystroke,66,,176.25937393723004,143.84122474142634,,,,,,,,,,,,,,,,,,,,,,,,,,,,,,,,,,,,,,,,,,,,,,,,,,,,,,,,,,,,,,,,,,,,,,,,,,,,,,,,,,,
behavioral_event,continuous,4958d349-1ff1-4f6b-8344-fca7d4d717aa,ab8aa270-082d-4529-9b11-ad17b456a161,2026-08-17T07:53:04.099000+00:00,mouse_scroll,,,,,,,,-16.62513771534823,,,,,,,,,,,,,,,,,,,,,,,,,,,,,,,,,,,,,,,,,,,,,,,,,,,,,,,,,,,,,,,80.77951894757877,,,,,,,,,,,,,,,,
behavioral_event,continuous,4958d349-1ff1-4f6b-8344-fca7d4d717aa,dd8db810-64d3-4a3e-b264-bbb8473ae07b,2026-08-16T21:53:04.099000+00:00,mouse_move,,,,,346.0908860285808,714.4719504139891,-33.281886363802016,30.168129295874266,1867.1475767649038,,,,,,,,,,,,,,,,,,,,,,,,,,,,,,,,,,,,,,,,,,,,,,,,,,,,,,0.13177876931209218,,,,,,,,,934.4517169821268,,,,,,,,,,,,,,,
behavioral_event,continuous,4958d349-1ff1-4f6b-8344-fca7d4d717aa,3049d141-ca28-439a-869d-c8f2d5b5b882,2026-08-14T20:53:04.099000+00:00,keystroke,74,,90.12717604016461,82.42563398791219,,,,,,,,,,,,,,,,,,,,,,,,,,,,,,,,,,,,,,,,,,,,,,,,,,,,,,,,,,,,,82.30231389836827,,60.42054809342201,,,,,,,,,,,,,,,,,,,,
behavioral_event,continuous,4958d349-1ff1-4f6b-8344-fca7d4d717aa,e21d6bcf-d489-452a-8434-9fdeb4a8a4ff,2026-08-14T18:53:04.099000+00:00,keystroke,66,,76.15792236787902,37.347034052176795,,,,,,,,,,,,,,,,,,,,,,,,,,,,,,,,,,,,,,,,,,,,,,,,,,,,,,,,,,,,,,,,,,,,,,,,,,,,,,,,,,,
behavioral_event,continuous,4958d349-1ff1-4f6b-8344-fca7d4d717aa,b18da398-8da7-48c4-a227-ad674d8de565,2026-08-14T17:53:04.099000+00:00,keystroke,86,,165.78620467622858,135.42360093746146,,,,,,,,,,,,,,,,,,,,,,,,,,,,,,,,,,,,,,,,,,,,,,,,,,,,,,,,,,,,,,,,,,,,,,,,,,,,,,,,,,,
behavioral_event,continuous,4958d349-1ff1-4f6b-8344-fca7d4d717aa,ab8aa270-082d-4529-9b11-ad17b456a161,2026-08-17T04:53:04.099000+00:00,mouse_click,,,,,379.74685236703954,513.8655249286007,-25.489171911189167,43.66385080635723,568.9549846232262,,,,,,,,,,,,,,,,,,,,,,,,,,,,,,,,,,,,,,,,,,,,,,,,,,,,,,0.25950898631756825,,,,,,,,,1308.477135893567,,,,,,,,,,,,,,,
behavioral_event,continuous,4958d349-1ff1-4f6b-8344-fca7d4d717aa,ab8aa270-082d-4529-9b11-ad17b456a161,2026-08-15T06:53:04.099000+00:00,mouse_scroll,,,,,,,,33.60133301361441,,,,,,,,,,,,,,,,,,,,,,,,,,,,,,,,,,,,,,,,,,,,,,,,,,,,,,,,,,,,,,,,,,,,,,,,,,,,,,,
behavioral_event,continuous,4958d349-1ff1-4f6b-8344-fca7d4d717aa,ab8aa270-082d-4529-9b11-ad17b456a161,2026-08-16T22:53:04.099000+00:00,mouse_click,,,,,822.6079416689432,717.392955089652,-6.399615006251835,23.552974169433895,1137.25555582963,,,,,,,,,,,,,,,,,,,,,,,,,,,,,,,,,,,,,,,,,,,,,,,,,,,,,,0.11951080803931463,,,,,,,,,1470.1957664303836,,,,,,,,,,,,,,,
behavioral_event,continuous,4958d349-1ff1-4f6b-8344-fca7d4d717aa,dd8db810-64d3-4a3e-b264-bbb8473ae07b,2026-08-16T20:53:04.099000+00:00,mouse_move,,,,,701.7200862475745,311.6075944729372,13.234374536520157,21.122632497257072,1752.9004461801348,,,,,,,,,,,,,,,,,,,,,,,,,,,,,,,,,,,,,,,,,,,,,,,,,,,,,,0.14104014595650358,,,,,,,,,1367.0573878451096,,,,,,,,,,,,,,,
behavioral_event,continuous,4958d349-1ff1-4f6b-8344-fca7d4d717aa,dd8db810-64d3-4a3e-b264-bbb8473ae07b,2026-08-15T00:53:04.099000+00:00,keystroke,89,,78.3085874785564,30.336046734675946,,,,,,,,,,,,,,,,,,,,,,,,,,,,,,,,,,,,,,,,,,,,,,,,,,,,,,,,,,,,,,,,,,,,,,,,,,,,,,,,,,,
behavioral_event,continuous,4958d349-1ff1-4f6b-8344-fca7d4d717aa,dd8db810-64d3-4a3e-b264-bbb8473ae07b,2026-08-15T14:53:04.099000+00:00,mouse_click,,,,,1696.2387731025042,856.1066264868414,-1.0862522220523871,25.495554488225153,1349.0357733951819,,,,,,,,,,,,,,,,,,,,,,,,,,,,,,,,,,,,,,,,,,,,,,,,,,,,,,,,,,,,,,,,,,,,,,,,,,,,,,
behavioral_event,continuous,4958d349-1ff1-4f6b-8344-fca7d4d717aa,3049d141-ca28-439a-869d-c8f2d5b5b882,2026-08-15T18:53:04.099000+00:00,mouse_scroll,,,,,,,,70.25903071239858,,,,,,,,,,,,,,,,,,,,,,,,,,,,,,,,,,,,,,,,,,,,,,,,,,,,,,,,,,,,,,,,,,,,,,,,,,,,,,,
behavior_window,continuous,4958d349-1ff1-4f6b-8344-fca7d4d717aa,e21d6bcf-d489-452a-8434-9fdeb4a8a4ff,2026-08-17T09:53:05.733000+00:00,window_aggregate,,,,,,,,,,2026-08-16T21:53:04.099000+00:00,2026-08-16T21:53:34.099000+00:00,,,,,,,,,,,,,,,,,,,,,,,,,,,,,,2026-08-17T09:53:05.733000+00:00,,,,,,,,,,,,,,,,,,,,,,,,,,,,,,,,,2.6471131240447052,0.8564355285148392,2.0,0.454324087427464,0.07756411540075418,107.66117967869073,14.43956161358825,91.66111636750932,26.17213514268779,5.736922705744025,12323.741943906896,244.6243960404632,1093.0412423422308,429.5295830967645
behavior_window,continuous,4958d349-1ff1-4f6b-8344-fca7d4d717aa,e21d6bcf-d489-452a-8434-9fdeb4a8a4ff,2026-08-17T09:53:05.733000+00:00,window_aggregate,,,,,,,,,,2026-08-16T21:53:04.099000+00:00,2026-08-16T21:53:34.099000+00:00,,,,,,,,,,,,,,,,,,,,,,,,,,,,,,2026-08-17T09:53:05.733000+00:00,,,,,,,,,,,,,,,,,,,,,,,,,,,,,,,,,2.6471131240447052,0.8564355285148392,2.0,0.454324087427464,0.07756411540075418,107.66117967869073,14.43956161358825,91.66111636750932,26.17213514268779,5.736922705744025,12323.741943906896,244.6243960404632,1093.0412423422308,429.5295830967645
behavior_window,continuous,4958d349-1ff1-4f6b-8344-fca7d4d717aa,e21d6bcf-d489-452a-8434-9fdeb4a8a4ff,2026-08-17T09:53:05.733000+00:00,window_aggregate,,,,,,,,,,2026-08-16T21:53:04.099000+00:00,2026-08-16T21:53:34.099000+00:00,,,,,,,,,,,,,,,,,,,,,,,,,,,,,,2026-08-17T09:53:05.733000+00:00,,,,,,,,,,,,,,,,,,,,,,,,,,,,,,,,,2.6471131240447052,0.8564355285148392,2.0,0.454324087427464,0.07756411540075418,107.66117967869073,14.43956161358825,91.66111636750932,26.17213514268779,5.736922705744025,12323.741943906896,244.6243960404632,1093.0412423422308,429.5295830967645
behavior_window,continuous,4958d349-1ff1-4f6b-8344-fca7d4d717aa,b18da398-8da7-48c4-a227-ad674d8de565,2026-08-17T09:53:05.733000+00:00,window_aggregate,,,,,,,,,,2026-08-15T11:53:04.099000+00:00,2026-08-15T11:53:34.099000+00:00,,,,,,,,,,,,,,,,,,,,,,,,,,,,,,2026-08-17T09:53:05.733000+00:00,,,,,,,,,,,,,,,,,,,,,,,,,,,,,,,,,2.8407298376027987,0.44114559481605276,5.0,0.2666600140225026,0.14250205246615177,129.19103100751292,39.95728954527679,108.55865642627873,11.052175070761077,4.977932564537932,29232.041442735732,283.0182153562539,1000.8668150740539,357.9454066165196
behavior_window,continuous,4958d349-1ff1-4f6b-8344-fca7d4d717aa,b18da398-8da7-48c4-a227-ad674d8de565,2026-08-17T09:53:05.733000+00:00,window_aggregate,,,,,,,,,,2026-08-15T11:53:04.099000+00:00,2026-08-15T11:53:34.099000+00:00,,,,,,,,,,,,,,,,,,,,,,,,,,,,,,2026-08-17T09:53:05.733000+00:00,,,,,,,,,,,,,,,,,,,,,,,,,,,,,,,,,2.8407298376027987,0.44114559481605276,5.0,0.2666600140225026,0.14250205246615177,129.19103100751292,39.95728954527679,108.55865642627873,11.052175070761077,4.977932564537932,29232.041442735732,283.0182153562539,1000.8668150740539,357.9454066165196
behavior_window,continuous,4958d349-1ff1-4f6b-8344-fca7d4d717aa,b18da398-8da7-48c4-a227-ad674d8de565,2026-08-17T09:53:05.733000+00:00,window_aggregate,,,,,,,,,,2026-08-15T11:53:04.099000+00:00,2026-08-15T11:53:34.099000+00:00,,,,,,,,,,,,,,,,,,,,,,,,,,,,,,2026-08-17T09:53:05.733000+00:00,,,,,,,,,,,,,,,,,,,,,,,,,,,,,,,,,2.8407298376027987,0.44114559481605276,5.0,0.2666600140225026,0.14250205246615177,129.19103100751292,39.95728954527679,108.55865642627873,11.052175070761077,4.977932564537932,29232.041442735732,283.0182153562539,1000.8668150740539,357.9454066165196
behavior_window,continuous,4958d349-1ff1-4f6b-8344-fca7d4d717aa,ab8aa270-082d-4529-9b11-ad17b456a161,2026-08-17T09:53:05.733000+00:00,window_aggregate,,,,,,,,,,2026-08-16T13:53:04.099000+00:00,2026-08-16T13:53:34.099000+00:00,,,,,,,,,,,,,,,,,,,,,,,,,,,,,,2026-08-17T09:53:05.733000+00:00,,,,,,,,,,,,,,,,,,,,,,,,,,,,,,,,,2.91030061708051,0.8689769358370101,5.0,0.3306216173961506,0.09382636915164183,140.162894159137,36.252741196845385,95.19565389674361,9.892341230633654,4.540034820736992,35343.21295295711,479.04278534528555,1077.532748237428,277.12313487909375
behavior_window,continuous,4958d349-1ff1-4f6b-8344-fca7d4d717aa,ab8aa270-082d-4529-9b11-ad17b456a161,2026-08-17T09:53:05.733000+00:00,window_aggregate,,,,,,,,,,2026-08-16T13:53:04.099000+00:00,2026-08-16T13:53:34.099000+00:00,,,,,,,,,,,,,,,,,,,,,,,,,,,,,,2026-08-17T09:53:05.733000+00:00,,,,,,,,,,,,,,,,,,,,,,,,,,,,,,,,,2.91030061708051,0.8689769358370101,5.0,0.3306216173961506,0.09382636915164183,140.162894159137,36.252741196845385,95.19565389674361,9.892341230633654,4.540034820736992,35343.21295295711,479.04278534528555,1077.532748237428,277.12313487909375
behavior_window,continuous,4958d349-1ff1-4f6b-8344-fca7d4d717aa,ab8aa270-082d-4529-9b11-ad17b456a161,2026-08-17T09:53:05.733000+00:00,window_aggregate,,,,,,,,,,2026-08-16T13:53:04.099000+00:00,2026-08-16T13:53:34.099000+00:00,,,,,,,,,,,,,,,,,,,,,,,,,,,,,,2026-08-17T09:53:05.733000+00:00,,,,,,,,,,,,,,,,,,,,,,,,,,,,,,,,,2.91030061708051,0.8689769358370101,5.0,0.3306216173961506,0.09382636915164183,140.162894159137,36.252741196845385,95.19565389674361,9.892341230633654,4.540034820736992,35343.21295295711,479.04278534528555,1077.532748237428,277.12313487909375
behavior_window,continuous,4958d349-1ff1-4f6b-8344-fca7d4d717aa,dd8db810-64d3-4a3e-b264-bbb8473ae07b,2026-08-17T09:53:05.734000+00:00,window_aggregate,,,,,,,,,,2026-08-15T14:53:04.099000+00:00,2026-08-15T14:53:34.099000+00:00,,,,,,,,,,,,,,,,,,,,,,,,,,,,,,2026-08-17T09:53:05.734000+00:00,,,,,,,,,,,,,,,,,,,,,,,,,,,,,,,,,0.6131213715507859,0.7816207397085161,1.0,0.3540419431844042,0.17100514822305563,106.69443880529309,15.326264574647148,91.18085268672841,8.81452975596724,3.1772657815040453,49529.47603721479,405.1790254559108,567.2499357317968,483.5710629312838
behavior_window,continuous,4958d349-1ff1-4f6b-8344-fca7d4d717aa,dd8db810-64d3-4a3e-b264-bbb8473ae07b,2026-08-17T09:53:05.734000+00:00,window_aggregate,,,,,,,,,,2026-08-15T14:53:04.099000+00:00,2026-08-15T14:53:34.099000+00:00,,,,,,,,,,,,,,,,,,,,,,,,,,,,,,2026-08-17T09:53:05.734000+00:00,,,,,,,,,,,,,,,,,,,,,,,,,,,,,,,,,0.6131213715507859,0.7816207397085161,1.0,0.3540419431844042,0.17100514822305563,106.69443880529309,15.326264574647148,91.18085268672841,8.81452975596724,3.1772657815040453,49529.47603721479,405.1790254559108,567.2499357317968,483.5710629312838
behavior_window,continuous,4958d349-1ff1-4f6b-8344-fca7d4d717aa,dd8db810-64d3-4a3e-b264-bbb8473ae07b,2026-08-17T09:53:05.734000+00:00,window_aggregate,,,,,,,,,,2026-08-15T14:53:04.099000+00:00,2026-08-15T14:53:34.099000+00:00,,,,,,,,,,,,,,,,,,,,,,,,,,,,,,2026-08-17T09:53:05.734000+00:00,,,,,,,,,,,,,,,,,,,,,,,,,,,,,,,,,0.6131213715507859,0.7816207397085161,1.0,0.3540419431844042,0.17100514822305563,106.69443880529309,15.326264574647148,91.18085268672841,8.81452975596724,3.1772657815040453,49529.47603721479,405.1790254559108,567.2499357317968,483.5710629312838
behavior_window,continuous,4958d349-1ff1-4f6b-8344-fca7d4d717aa,dd8db810-64d3-4a3e-b264-bbb8473ae07b,2026-08-17T09:53:05.734000+00:00,window_aggregate,,,,,,,,,,2026-08-16T14:53:04.099000+00:00,2026-08-16T14:53:34.099000+00:00,,,,,,,,,,,,,,,,,,,,,,,,,,,,,,2026-08-17T09:53:05.734000+00:00,,,,,,,,,,,,,,,,,,,,,,,,,,,,,,,,,1.1124259775432974,0.3715357157772976,10.0,0.19864781817430927,0.18939981919683607,89.86527007010551,21.062112409969778,88.55408818322219,14.085969404807104,4.7962317598306985,27894.36262969592,388.6414903904343,1128.5958245944948,270.3203104576051
behavior_window,continuous,4958d349-1ff1-4f6b-8344-fca7d4d717aa,dd8db810-64d3-4a3e-b264-bbb8473ae07b,2026-08-17T09:53:05.734000+00:00,window_aggregate,,,,,,,,,,2026-08-16T14:53:04.099000+00:00,2026-08-16T14:53:34.099000+00:00,,,,,,,,,,,,,,,,,,,,,,,,,,,,,,2026-08-17T09:53:05.734000+00:00,,,,,,,,,,,,,,,,,,,,,,,,,,,,,,,,,1.1124259775432974,0.3715357157772976,10.0,0.19864781817430927,0.18939981919683607,89.86527007010551,21.062112409969778,88.55408818322219,14.085969404807104,4.7962317598306985,27894.36262969592,388.6414903904343,1128.5958245944948,270.3203104576051
behavior_window,continuous,4958d349-1ff1-4f6b-8344-fca7d4d717aa,dd8db810-64d3-4a3e-b264-bbb8473ae07b,2026-08-17T09:53:05.734000+00:00,window_aggregate,,,,,,,,,,2026-08-16T14:53:04.099000+00:00,2026-08-16T14:53:34.099000+00:00,,,,,,,,,,,,,,,,,,,,,,,,,,,,,,2026-08-17T09:53:05.734000+00:00,,,,,,,,,,,,,,,,,,,,,,,,,,,,,,,,,1.1124259775432974,0.3715357157772976,10.0,0.19864781817430927,0.18939981919683607,89.86527007010551,21.062112409969778,88.55408818322219,14.085969404807104,4.7962317598306985,27894.36262969592,388.6414903904343,1128.5958245944948,270.3203104576051
behavior_window,continuous,4958d349-1ff1-4f6b-8344-fca7d4d717aa,3049d141-ca28-439a-869d-c8f2d5b5b882,2026-08-17T09:53:05.734000+00:00,window_aggregate,,,,,,,,,,2026-08-14T10:53:04.099000+00:00,2026-08-14T10:53:34.099000+00:00,,,,,,,,,,,,,,,,,,,,,,,,,,,,,,2026-08-17T09:53:05.734000+00:00,,,,,,,,,,,,,,,,,,,,,,,,,,,,,,,,,2.960555067143987,0.1964911167993978,5.0,0.4702611028787813,0.08247581765176626,118.30962437746507,36.013009781258134,111.94184174015268,23.858122432451662,5.7100071052621155,22083.41813725958,111.81368008202647,868.6915760960069,187.13002687048595
behavior_window,continuous,4958d349-1ff1-4f6b-8344-fca7d4d717aa,3049d141-ca28-439a-869d-c8f2d5b5b882,2026-08-17T09:53:05.734000+00:00,window_aggregate,,,,,,,,,,2026-08-14T10:53:04.099000+00:00,2026-08-14T10:53:34.099000+00:00,,,,,,,,,,,,,,,,,,,,,,,,,,,,,,2026-08-17T09:53:05.734000+00:00,,,,,,,,,,,,,,,,,,,,,,,,,,,,,,,,,2.960555067143987,0.1964911167993978,5.0,0.4702611028787813,0.08247581765176626,118.30962437746507,36.013009781258134,111.94184174015268,23.858122432451662,5.7100071052621155,22083.41813725958,111.81368008202647,868.6915760960069,187.13002687048595
behavior_window,continuous,4958d349-1ff1-4f6b-8344-fca7d4d717aa,3049d141-ca28-439a-869d-c8f2d5b5b882,2026-08-17T09:53:05.734000+00:00,window_aggregate,,,,,,,,,,2026-08-14T10:53:04.099000+00:00,2026-08-14T10:53:34.099000+00:00,,,,,,,,,,,,,,,,,,,,,,,,,,,,,,2026-08-17T09:53:05.734000+00:00,,,,,,,,,,,,,,,,,,,,,,,,,,,,,,,,,2.960555067143987,0.1964911167993978,5.0,0.4702611028787813,0.08247581765176626,118.30962437746507,36.013009781258134,111.94184174015268,23.858122432451662,5.7100071052621155,22083.41813725958,111.81368008202647,868.6915760960069,187.13002687048595
behavior_window,continuous,4958d349-1ff1-4f6b-8344-fca7d4d717aa,e21d6bcf-d489-452a-8434-9fdeb4a8a4ff,2026-08-17T09:53:05.733000+00:00,window_aggregate,,,,,,,,,,2026-08-14T21:53:04.099000+00:00,2026-08-14T21:53:34.099000+00:00,,,,,,,,,,,,,,,,,,,,,,,,,,,,,,2026-08-17T09:53:05.733000+00:00,,,,,,,,,,,,,,,,,,,,,,,,,,,,,,,,,1.990838645403946,0.1870763341746285,7.0,0.1687959590765319,0.1705165164653311,105.02350917199644,23.602653136792846,110.81109287605926,26.122146923666996,5.817822650088577,7575.11527496667,435.5168886630799,1000.8973848346855,474.5150849249262
behavior_window,continuous,4958d349-1ff1-4f6b-8344-fca7d4d717aa,e21d6bcf-d489-452a-8434-9fdeb4a8a4ff,2026-08-17T09:53:05.733000+00:00,window_aggregate,,,,,,,,,,2026-08-14T21:53:04.099000+00:00,2026-08-14T21:53:34.099000+00:00,,,,,,,,,,,,,,,,,,,,,,,,,,,,,,2026-08-17T09:53:05.733000+00:00,,,,,,,,,,,,,,,,,,,,,,,,,,,,,,,,,1.990838645403946,0.1870763341746285,7.0,0.1687959590765319,0.1705165164653311,105.02350917199644,23.602653136792846,110.81109287605926,26.122146923666996,5.817822650088577,7575.11527496667,435.5168886630799,1000.8973848346855,474.5150849249262
behavior_window,continuous,4958d349-1ff1-4f6b-8344-fca7d4d717aa,e21d6bcf-d489-452a-8434-9fdeb4a8a4ff,2026-08-17T09:53:05.733000+00:00,window_aggregate,,,,,,,,,,2026-08-14T21:53:04.099000+00:00,2026-08-14T21:53:34.099000+00:00,,,,,,,,,,,,,,,,,,,,,,,,,,,,,,2026-08-17T09:53:05.733000+00:00,,,,,,,,,,,,,,,,,,,,,,,,,,,,,,,,,1.990838645403946,0.1870763341746285,7.0,0.1687959590765319,0.1705165164653311,105.02350917199644,23.602653136792846,110.81109287605926,26.122146923666996,5.817822650088577,7575.11527496667,435.5168886630799,1000.8973848346855,474.5150849249262
behavior_window,continuous,4958d349-1ff1-4f6b-8344-fca7d4d717aa,e21d6bcf-d489-452a-8434-9fdeb4a8a4ff,2026-08-17T09:53:05.733000+00:00,window_aggregate,,,,,,,,,,2026-08-14T20:53:04.099000+00:00,2026-08-14T20:53:34.099000+00:00,,,,,,,,,,,,,,,,,,,,,,,,,,,,,,2026-08-17T09:53:05.733000+00:00,,,,,,,,,,,,,,,,,,,,,,,,,,,,,,,,,1.2921601167197805,0.2624750140107757,2.0,0.35139951323360774,0.19079050652046192,126.62104187799365,31.2512587583408,88.42583798651856,23.3089325098278,4.890557944062008,16980.58584547136,27.01884115436798,1341.5787965711154,167.4504200843605
behavior_window,continuous,4958d349-1ff1-4f6b-8344-fca7d4d717aa,e21d6bcf-d489-452a-8434-9fdeb4a8a4ff,2026-08-17T09:53:05.733000+00:00,window_aggregate,,,,,,,,,,2026-08-14T20:53:04.099000+00:00,2026-08-14T20:53:34.099000+00:00,,,,,,,,,,,,,,,,,,,,,,,,,,,,,,2026-08-17T09:53:05.733000+00:00,,,,,,,,,,,,,,,,,,,,,,,,,,,,,,,,,1.2921601167197805,0.2624750140107757,2.0,0.35139951323360774,0.19079050652046192,126.62104187799365,31.2512587583408,88.42583798651856,23.3089325098278,4.890557944062008,16980.58584547136,27.01884115436798,1341.5787965711154,167.4504200843605
behavior_window,continuous,4958d349-1ff1-4f6b-8344-fca7d4d717aa,e21d6bcf-d489-452a-8434-9fdeb4a8a4ff,2026-08-17T09:53:05.733000+00:00,window_aggregate,,,,,,,,,,2026-08-14T20:53:04.099000+00:00,2026-08-14T20:53:34.099000+00:00,,,,,,,,,,,,,,,,,,,,,,,,,,,,,,2026-08-17T09:53:05.733000+00:00,,,,,,,,,,,,,,,,,,,,,,,,,,,,,,,,,1.2921601167197805,0.2624750140107757,2.0,0.35139951323360774,0.19079050652046192,126.62104187799365,31.2512587583408,88.42583798651856,23.3089325098278,4.890557944062008,16980.58584547136,27.01884115436798,1341.5787965711154,167.4504200843605
behavior_window,continuous,4958d349-1ff1-4f6b-8344-fca7d4d717aa,e21d6bcf-d489-452a-8434-9fdeb4a8a4ff,2026-08-17T09:53:05.733000+00:00,window_aggregate,,,,,,,,,,2026-08-16T23:53:04.099000+00:00,2026-08-16T23:53:34.099000+00:00,,,,,,,,,,,,,,,,,,,,,,,,,,,,,,2026-08-17T09:53:05.733000+00:00,,,,,,,,,,,,,,,,,,,,,,,,,,,,,,,,,0.856630804247815,0.500993336690985,9.0,0.14841256462583444,0.16652013193766052,117.71738540544676,13.768314449905962,88.65142858959773,13.292128978473617,5.090283557672637,46402.21472251791,209.59534165581212,980.1389216725877,377.5194629673681
behavior_window,continuous,4958d349-1ff1-4f6b-8344-fca7d4d717aa,e21d6bcf-d489-452a-8434-9fdeb4a8a4ff,2026-08-17T09:53:05.733000+00:00,window_aggregate,,,,,,,,,,2026-08-16T23:53:04.099000+00:00,2026-08-16T23:53:34.099000+00:00,,,,,,,,,,,,,,,,,,,,,,,,,,,,,,2026-08-17T09:53:05.733000+00:00,,,,,,,,,,,,,,,,,,,,,,,,,,,,,,,,,0.856630804247815,0.500993336690985,9.0,0.14841256462583444,0.16652013193766052,117.71738540544676,13.768314449905962,88.65142858959773,13.292128978473617,5.090283557672637,46402.21472251791,209.59534165581212,980.1389216725877,377.5194629673681
behavior_window,continuous,4958d349-1ff1-4f6b-8344-fca7d4d717aa,e21d6bcf-d489-452a-8434-9fdeb4a8a4ff,2026-08-17T09:53:05.733000+00:00,window_aggregate,,,,,,,,,,2026-08-16T23:53:04.099000+00:00,2026-08-16T23:53:34.099000+00:00,,,,,,,,,,,,,,,,,,,,,,,,,,,,,,2026-08-17T09:53:05.733000+00:00,,,,,,,,,,,,,,,,,,,,,,,,,,,,,,,,,0.856630804247815,0.500993336690985,9.0,0.14841256462583444,0.16652013193766052,117.71738540544676,13.768314449905962,88.65142858959773,13.292128978473617,5.090283557672637,46402.21472251791,209.59534165581212,980.1389216725877,377.5194629673681
behavior_window,continuous,4958d349-1ff1-4f6b-8344-fca7d4d717aa,b18da398-8da7-48c4-a227-ad674d8de565,2026-08-17T09:53:05.733000+00:00,window_aggregate,,,,,,,,,,2026-08-14T19:53:04.099000+00:00,2026-08-14T19:53:34.099000+00:00,,,,,,,,,,,,,,,,,,,,,,,,,,,,,,2026-08-17T09:53:05.733000+00:00,,,,,,,,,,,,,,,,,,,,,,,,,,,,,,,,,1.3038030971992784,0.33615814411990946,1.0,0.3356923722946793,0.06217942498289505,130.05388441604924,31.361192374134333,97.41514308085038,20.95933997924149,3.0119542112013944,44867.5538861132,21.777806303626022,555.8703251292716,372.09220654652256
behavior_window,continuous,4958d349-1ff1-4f6b-8344-fca7d4d717aa,b18da398-8da7-48c4-a227-ad674d8de565,2026-08-17T09:53:05.733000+00:00,window_aggregate,,,,,,,,,,2026-08-14T19:53:04.099000+00:00,2026-08-14T19:53:34.099000+00:00,,,,,,,,,,,,,,,,,,,,,,,,,,,,,,2026-08-17T09:53:05.733000+00:00,,,,,,,,,,,,,,,,,,,,,,,,,,,,,,,,,1.3038030971992784,0.33615814411990946,1.0,0.3356923722946793,0.06217942498289505,130.05388441604924,31.361192374134333,97.41514308085038,20.95933997924149,3.0119542112013944,44867.5538861132,21.777806303626022,555.8703251292716,372.09220654652256
behavior_window,continuous,4958d349-1ff1-4f6b-8344-fca7d4d717aa,b18da398-8da7-48c4-a227-ad674d8de565,2026-08-17T09:53:05.733000+00:00,window_aggregate,,,,,,,,,,2026-08-14T19:53:04.099000+00:00,2026-08-14T19:53:34.099000+00:00,,,,,,,,,,,,,,,,,,,,,,,,,,,,,,2026-08-17T09:53:05.733000+00:00,,,,,,,,,,,,,,,,,,,,,,,,,,,,,,,,,1.3038030971992784,0.33615814411990946,1.0,0.3356923722946793,0.06217942498289505,130.05388441604924,31.361192374134333,97.41514308085038,20.95933997924149,3.0119542112013944,44867.5538861132,21.777806303626022,555.8703251292716,372.09220654652256
behavior_window,continuous,4958d349-1ff1-4f6b-8344-fca7d4d717aa,ab8aa270-082d-4529-9b11-ad17b456a161,2026-08-17T09:53:05.733000+00:00,window_aggregate,,,,,,,,,,2026-08-16T14:53:04.099000+00:00,2026-08-16T14:53:34.099000+00:00,,,,,,,,,,,,,,,,,,,,,,,,,,,,,,2026-08-17T09:53:05.733000+00:00,,,,,,,,,,,,,,,,,,,,,,,,,,,,,,,,,0.6965952653442951,0.8761714035010413,8.0,0.40075777123785705,0.143922642512,120.76195946315566,11.936215181734411,84.18753891094744,14.022205296026224,3.007857952411583,22602.147476852217,97.55886952828108,1191.7603456484594,356.03887835811366
behavior_window,continuous,4958d349-1ff1-4f6b-8344-fca7d4d717aa,ab8aa270-082d-4529-9b11-ad17b456a161,2026-08-17T09:53:05.733000+00:00,window_aggregate,,,,,,,,,,2026-08-16T14:53:04.099000+00:00,2026-08-16T14:53:34.099000+00:00,,,,,,,,,,,,,,,,,,,,,,,,,,,,,,2026-08-17T09:53:05.733000+00:00,,,,,,,,,,,,,,,,,,,,,,,,,,,,,,,,,0.6965952653442951,0.8761714035010413,8.0,0.40075777123785705,0.143922642512,120.76195946315566,11.936215181734411,84.18753891094744,14.022205296026224,3.007857952411583,22602.147476852217,97.55886952828108,1191.7603456484594,356.03887835811366
behavior_window,continuous,4958d349-1ff1-4f6b-8344-fca7d4d717aa,ab8aa270-082d-4529-9b11-ad17b456a161,2026-08-17T09:53:05.733000+00:00,window_aggregate,,,,,,,,,,2026-08-16T14:53:04.099000+00:00,2026-08-16T14:53:34.099000+00:00,,,,,,,,,,,,,,,,,,,,,,,,,,,,,,2026-08-17T09:53:05.733000+00:00,,,,,,,,,,,,,,,,,,,,,,,,,,,,,,,,,0.6965952653442951,0.8761714035010413,8.0,0.40075777123785705,0.143922642512,120.76195946315566,11.936215181734411,84.18753891094744,14.022205296026224,3.007857952411583,22602.147476852217,97.55886952828108,1191.7603456484594,356.03887835811366
behavior_window,continuous,4958d349-1ff1-4f6b-8344-fca7d4d717aa,ab8aa270-082d-4529-9b11-ad17b456a161,2026-08-17T09:53:05.734000+00:00,window_aggregate,,,,,,,,,,2026-08-16T21:53:04.099000+00:00,2026-08-16T21:53:34.099000+00:00,,,,,,,,,,,,,,,,,,,,,,,,,,,,,,2026-08-17T09:53:05.734000+00:00,,,,,,,,,,,,,,,,,,,,,,,,,,,,,,,,,2.420108247385077,0.7880964673254031,1.0,0.30323918522229776,0.10548958615813668,125.94168190444051,17.334269053204974,76.65811917777205,20.81790298051265,3.0198272390624754,3526.079073028583,71.15398985125427,1468.7452774174349,450.85515424877167
behavior_window,continuous,4958d349-1ff1-4f6b-8344-fca7d4d717aa,ab8aa270-082d-4529-9b11-ad17b456a161,2026-08-17T09:53:05.734000+00:00,window_aggregate,,,,,,,,,,2026-08-16T21:53:04.099000+00:00,2026-08-16T21:53:34.099000+00:00,,,,,,,,,,,,,,,,,,,,,,,,,,,,,,2026-08-17T09:53:05.734000+00:00,,,,,,,,,,,,,,,,,,,,,,,,,,,,,,,,,2.420108247385077,0.7880964673254031,1.0,0.30323918522229776,0.10548958615813668,125.94168190444051,17.334269053204974,76.65811917777205,20.81790298051265,3.0198272390624754,3526.079073028583,71.15398985125427,1468.7452774174349,450.85515424877167
behavior_window,continuous,4958d349-1ff1-4f6b-8344-fca7d4d717aa,ab8aa270-082d-4529-9b11-ad17b456a161,2026-08-17T09:53:05.734000+00:00,window_aggregate,,,,,,,,,,2026-08-16T21:53:04.099000+00:00,2026-08-16T21:53:34.099000+00:00,,,,,,,,,,,,,,,,,,,,,,,,,,,,,,2026-08-17T09:53:05.734000+00:00,,,,,,,,,,,,,,,,,,,,,,,,,,,,,,,,,2.420108247385077,0.7880964673254031,1.0,0.30323918522229776,0.10548958615813668,125.94168190444051,17.334269053204974,76.65811917777205,20.81790298051265,3.0198272390624754,3526.079073028583,71.15398985125427,1468.7452774174349,450.85515424877167
behavior_window,continuous,4958d349-1ff1-4f6b-8344-fca7d4d717aa,e21d6bcf-d489-452a-8434-9fdeb4a8a4ff,2026-08-17T09:53:05.733000+00:00,window_aggregate,,,,,,,,,,2026-08-17T02:53:04.099000+00:00,2026-08-17T02:53:34.099000+00:00,,,,,,,,,,,,,,,,,,,,,,,,,,,,,,2026-08-17T09:53:05.733000+00:00,,,,,,,,,,,,,,,,,,,,,,,,,,,,,,,,,2.371695887221536,0.8343502951037692,9.0,0.36800704143064433,0.0522177183227971,119.46512328952167,21.40902314651609,114.87132558646407,26.930522625202386,5.69012354926569,29409.7304272087,278.096773974412,1302.2910842098454,289.6393700873141
behavior_window,continuous,4958d349-1ff1-4f6b-8344-fca7d4d717aa,e21d6bcf-d489-452a-8434-9fdeb4a8a4ff,2026-08-17T09:53:05.733000+00:00,window_aggregate,,,,,,,,,,2026-08-17T02:53:04.099000+00:00,2026-08-17T02:53:34.099000+00:00,,,,,,,,,,,,,,,,,,,,,,,,,,,,,,2026-08-17T09:53:05.733000+00:00,,,,,,,,,,,,,,,,,,,,,,,,,,,,,,,,,2.371695887221536,0.8343502951037692,9.0,0.36800704143064433,0.0522177183227971,119.46512328952167,21.40902314651609,114.87132558646407,26.930522625202386,5.69012354926569,29409.7304272087,278.096773974412,1302.2910842098454,289.6393700873141
behavior_window,continuous,4958d349-1ff1-4f6b-8344-fca7d4d717aa,e21d6bcf-d489-452a-8434-9fdeb4a8a4ff,2026-08-17T09:53:05.733000+00:00,window_aggregate,,,,,,,,,,2026-08-17T02:53:04.099000+00:00,2026-08-17T02:53:34.099000+00:00,,,,,,,,,,,,,,,,,,,,,,,,,,,,,,2026-08-17T09:53:05.733000+00:00,,,,,,,,,,,,,,,,,,,,,,,,,,,,,,,,,2.371695887221536,0.8343502951037692,9.0,0.36800704143064433,0.0522177183227971,119.46512328952167,21.40902314651609,114.87132558646407,26.930522625202386,5.69012354926569,29409.7304272087,278.096773974412,1302.2910842098454,289.6393700873141
behavior_window,continuous,4958d349-1ff1-4f6b-8344-fca7d4d717aa,ab8aa270-082d-4529-9b11-ad17b456a161,2026-08-17T09:53:05.733000+00:00,window_aggregate,,,,,,,,,,2026-08-15T15:53:04.099000+00:00,2026-08-15T15:53:34.099000+00:00,,,,,,,,,,,,,,,,,,,,,,,,,,,,,,2026-08-17T09:53:05.733000+00:00,,,,,,,,,,,,,,,,,,,,,,,,,,,,,,,,,1.3145990488124735,0.10912255908259133,3.0,0.2676010142113069,0.13325124510624808,120.12729879629643,12.216308400154112,86.53329374840462,23.139313948221762,3.556147071463726,44370.16370518372,279.4108938118277,500.5251661918819,496.58605755159766
behavior_window,continuous,4958d349-1ff1-4f6b-8344-fca7d4d717aa,ab8aa270-082d-4529-9b11-ad17b456a161,2026-08-17T09:53:05.733000+00:00,window_aggregate,,,,,,,,,,2026-08-15T15:53:04.099000+00:00,2026-08-15T15:53:34.099000+00:00,,,,,,,,,,,,,,,,,,,,,,,,,,,,,,2026-08-17T09:53:05.733000+00:00,,,,,,,,,,,,,,,,,,,,,,,,,,,,,,,,,1.3145990488124735,0.10912255908259133,3.0,0.2676010142113069,0.13325124510624808,120.12729879629643,12.216308400154112,86.53329374840462,23.139313948221762,3.556147071463726,44370.16370518372,279.4108938118277,500.5251661918819,496.58605755159766
behavior_window,continuous,4958d349-1ff1-4f6b-8344-fca7d4d717aa,ab8aa270-082d-4529-9b11-ad17b456a161,2026-08-17T09:53:05.733000+00:00,window_aggregate,,,,,,,,,,2026-08-15T15:53:04.099000+00:00,2026-08-15T15:53:34.099000+00:00,,,,,,,,,,,,,,,,,,,,,,,,,,,,,,2026-08-17T09:53:05.733000+00:00,,,,,,,,,,,,,,,,,,,,,,,,,,,,,,,,,1.3145990488124735,0.10912255908259133,3.0,0.2676010142113069,0.13325124510624808,120.12729879629643,12.216308400154112,86.53329374840462,23.139313948221762,3.556147071463726,44370.16370518372,279.4108938118277,500.5251661918819,496.58605755159766
behavior_window,continuous,4958d349-1ff1-4f6b-8344-fca7d4d717aa,dd8db810-64d3-4a3e-b264-bbb8473ae07b,2026-08-17T09:53:05.734000+00:00,window_aggregate,,,,,,,,,,2026-08-14T18:53:04.099000+00:00,2026-08-14T18:53:34.099000+00:00,,,,,,,,,,,,,,,,,,,,,,,,,,,,,,2026-08-17T09:53:05.734000+00:00,,,,,,,,,,,,,,,,,,,,,,,,,,,,,,,,,2.200960939877472,0.6948628731159691,7.0,0.355471517522576,0.11334055924062929,101.88465199514083,20.14401387940385,74.72007963055503,5.650600687150671,3.6518903033683388,26315.243226384042,489.5709492087015,806.6869122731657,474.5009411338629
behavior_window,continuous,4958d349-1ff1-4f6b-8344-fca7d4d717aa,dd8db810-64d3-4a3e-b264-bbb8473ae07b,2026-08-17T09:53:05.734000+00:00,window_aggregate,,,,,,,,,,2026-08-14T18:53:04.099000+00:00,2026-08-14T18:53:34.099000+00:00,,,,,,,,,,,,,,,,,,,,,,,,,,,,,,2026-08-17T09:53:05.734000+00:00,,,,,,,,,,,,,,,,,,,,,,,,,,,,,,,,,2.200960939877472,0.6948628731159691,7.0,0.355471517522576,0.11334055924062929,101.88465199514083,20.14401387940385,74.72007963055503,5.650600687150671,3.6518903033683388,26315.243226384042,489.5709492087015,806.6869122731657,474.5009411338629
behavior_window,continuous,4958d349-1ff1-4f6b-8344-fca7d4d717aa,dd8db810-64d3-4a3e-b264-bbb8473ae07b,2026-08-17T09:53:05.734000+00:00,window_aggregate,,,,,,,,,,2026-08-14T18:53:04.099000+00:00,2026-08-14T18:53:34.099000+00:00,,,,,,,,,,,,,,,,,,,,,,,,,,,,,,2026-08-17T09:53:05.734000+00:00,,,,,,,,,,,,,,,,,,,,,,,,,,,,,,,,,2.200960939877472,0.6948628731159691,7.0,0.355471517522576,0.11334055924062929,101.88465199514083,20.14401387940385,74.72007963055503,5.650600687150671,3.6518903033683388,26315.243226384042,489.5709492087015,806.6869122731657,474.5009411338629
behavior_window,continuous,4958d349-1ff1-4f6b-8344-fca7d4d717aa,dd8db810-64d3-4a3e-b264-bbb8473ae07b,2026-08-17T09:53:05.734000+00:00,window_aggregate,,,,,,,,,,2026-08-14T22:53:04.099000+00:00,2026-08-14T22:53:34.099000+00:00,,,,,,,,,,,,,,,,,,,,,,,,,,,,,,2026-08-17T09:53:05.734000+00:00,,,,,,,,,,,,,,,,,,,,,,,,,,,,,,,,,1.8992024452469614,0.4472928247577803,3.0,0.19668107452464223,0.13111912858273064,97.46858107176983,31.706033796963574,105.5079125619166,27.57612231694107,4.3422409699346565,38544.79293430659,71.41428729809424,739.0660617138074,344.31416118968724
behavior_window,continuous,4958d349-1ff1-4f6b-8344-fca7d4d717aa,dd8db810-64d3-4a3e-b264-bbb8473ae07b,2026-08-17T09:53:05.734000+00:00,window_aggregate,,,,,,,,,,2026-08-14T22:53:04.099000+00:00,2026-08-14T22:53:34.099000+00:00,,,,,,,,,,,,,,,,,,,,,,,,,,,,,,2026-08-17T09:53:05.734000+00:00,,,,,,,,,,,,,,,,,,,,,,,,,,,,,,,,,1.8992024452469614,0.4472928247577803,3.0,0.19668107452464223,0.13111912858273064,97.46858107176983,31.706033796963574,105.5079125619166,27.57612231694107,4.3422409699346565,38544.79293430659,71.41428729809424,739.0660617138074,344.31416118968724
behavior_window,continuous,4958d349-1ff1-4f6b-8344-fca7d4d717aa,dd8db810-64d3-4a3e-b264-bbb8473ae07b,2026-08-17T09:53:05.734000+00:00,window_aggregate,,,,,,,,,,2026-08-14T22:53:04.099000+00:00,2026-08-14T22:53:34.099000+00:00,,,,,,,,,,,,,,,,,,,,,,,,,,,,,,2026-08-17T09:53:05.734000+00:00,,,,,,,,,,,,,,,,,,,,,,,,,,,,,,,,,1.8992024452469614,0.4472928247577803,3.0,0.19668107452464223,0.13111912858273064,97.46858107176983,31.706033796963574,105.5079125619166,27.57612231694107,4.3422409699346565,38544.79293430659,71.41428729809424,739.0660617138074,344.31416118968724
behavior_window,continuous,4958d349-1ff1-4f6b-8344-fca7d4d717aa,e21d6bcf-d489-452a-8434-9fdeb4a8a4ff,2026-08-17T09:53:05.733000+00:00,window_aggregate,,,,,,,,,,2026-08-15T18:53:04.099000+00:00,2026-08-15T18:53:34.099000+00:00,,,,,,,,,,,,,,,,,,,,,,,,,,,,,,2026-08-17T09:53:05.733000+00:00,,,,,,,,,,,,,,,,,,,,,,,,,,,,,,,,,0.8528733493785224,0.7811969409998285,3.0,0.34048890735265447,0.1980821716436968,124.13255813832154,39.90022077486296,53.33743069380492,17.465415151161935,3.2360288906032646,36201.30252656742,494.5251077374066,1208.7192069890427,256.5293705401458
behavior_window,continuous,4958d349-1ff1-4f6b-8344-fca7d4d717aa,e21d6bcf-d489-452a-8434-9fdeb4a8a4ff,2026-08-17T09:53:05.733000+00:00,window_aggregate,,,,,,,,,,2026-08-15T18:53:04.099000+00:00,2026-08-15T18:53:34.099000+00:00,,,,,,,,,,,,,,,,,,,,,,,,,,,,,,2026-08-17T09:53:05.733000+00:00,,,,,,,,,,,,,,,,,,,,,,,,,,,,,,,,,0.8528733493785224,0.7811969409998285,3.0,0.34048890735265447,0.1980821716436968,124.13255813832154,39.90022077486296,53.33743069380492,17.465415151161935,3.2360288906032646,36201.30252656742,494.5251077374066,1208.7192069890427,256.5293705401458
behavior_window,continuous,4958d349-1ff1-4f6b-8344-fca7d4d717aa,e21d6bcf-d489-452a-8434-9fdeb4a8a4ff,2026-08-17T09:53:05.733000+00:00,window_aggregate,,,,,,,,,,2026-08-15T18:53:04.099000+00:00,2026-08-15T18:53:34.099000+00:00,,,,,,,,,,,,,,,,,,,,,,,,,,,,,,2026-08-17T09:53:05.733000+00:00,,,,,,,,,,,,,,,,,,,,,,,,,,,,,,,,,0.8528733493785224,0.7811969409998285,3.0,0.34048890735265447,0.1980821716436968,124.13255813832154,39.90022077486296,53.33743069380492,17.465415151161935,3.2360288906032646,36201.30252656742,494.5251077374066,1208.7192069890427,256.5293705401458
behavior_window,continuous,4958d349-1ff1-4f6b-8344-fca7d4d717aa,b18da398-8da7-48c4-a227-ad674d8de565,2026-08-17T09:53:05.733000+00:00,window_aggregate,,,,,,,,,,2026-08-16T19:53:04.099000+00:00,2026-08-16T19:53:34.099000+00:00,,,,,,,,,,,,,,,,,,,,,,,,,,,,,,2026-08-17T09:53:05.733000+00:00,,,,,,,,,,,,,,,,,,,,,,,,,,,,,,,,,1.4062255479798542,0.5336870230811859,10.0,0.4927033832216251,0.10610385567859756,111.57727779604346,31.970364122752375,109.1420590888508,24.039528049269062,3.978672835767307,46738.026596706426,161.7238824388339,1424.9470339678182,471.8296992783894
behavior_window,continuous,4958d349-1ff1-4f6b-8344-fca7d4d717aa,b18da398-8da7-48c4-a227-ad674d8de565,2026-08-17T09:53:05.733000+00:00,window_aggregate,,,,,,,,,,2026-08-16T19:53:04.099000+00:00,2026-08-16T19:53:34.099000+00:00,,,,,,,,,,,,,,,,,,,,,,,,,,,,,,2026-08-17T09:53:05.733000+00:00,,,,,,,,,,,,,,,,,,,,,,,,,,,,,,,,,1.4062255479798542,0.5336870230811859,10.0,0.4927033832216251,0.10610385567859756,111.57727779604346,31.970364122752375,109.1420590888508,24.039528049269062,3.978672835767307,46738.026596706426,161.7238824388339,1424.9470339678182,471.8296992783894
behavior_window,continuous,4958d349-1ff1-4f6b-8344-fca7d4d717aa,b18da398-8da7-48c4-a227-ad674d8de565,2026-08-17T09:53:05.733000+00:00,window_aggregate,,,,,,,,,,2026-08-16T19:53:04.099000+00:00,2026-08-16T19:53:34.099000+00:00,,,,,,,,,,,,,,,,,,,,,,,,,,,,,,2026-08-17T09:53:05.733000+00:00,,,,,,,,,,,,,,,,,,,,,,,,,,,,,,,,,1.4062255479798542,0.5336870230811859,10.0,0.4927033832216251,0.10610385567859756,111.57727779604346,31.970364122752375,109.1420590888508,24.039528049269062,3.978672835767307,46738.026596706426,161.7238824388339,1424.9470339678182,471.8296992783894
behavior_window,continuous,4958d349-1ff1-4f6b-8344-fca7d4d717aa,3049d141-ca28-439a-869d-c8f2d5b5b882,2026-08-17T09:53:05.734000+00:00,window_aggregate,,,,,,,,,,2026-08-17T09:53:04.099000+00:00,2026-08-17T09:53:34.099000+00:00,,,,,,,,,,,,,,,,,,,,,,,,,,,,,,2026-08-17T09:53:05.734000+00:00,,,,,,,,,,,,,,,,,,,,,,,,,,,,,,,,,2.5004177782955006,0.6912727329987304,3.0,0.35013677434613266,0.1478265649889431,121.1431006826751,17.38043605331358,59.640816673701366,24.20784324940979,4.057280301956448,18717.522041348155,327.74063002688564,823.8596850412567,263.6415479459487
behavior_window,continuous,4958d349-1ff1-4f6b-8344-fca7d4d717aa,3049d141-ca28-439a-869d-c8f2d5b5b882,2026-08-17T09:53:05.734000+00:00,window_aggregate,,,,,,,,,,2026-08-17T09:53:04.099000+00:00,2026-08-17T09:53:34.099000+00:00,,,,,,,,,,,,,,,,,,,,,,,,,,,,,,2026-08-17T09:53:05.734000+00:00,,,,,,,,,,,,,,,,,,,,,,,,,,,,,,,,,2.5004177782955006,0.6912727329987304,3.0,0.35013677434613266,0.1478265649889431,121.1431006826751,17.38043605331358,59.640816673701366,24.20784324940979,4.057280301956448,18717.522041348155,327.74063002688564,823.8596850412567,263.6415479459487
behavior_window,continuous,4958d349-1ff1-4f6b-8344-fca7d4d717aa,3049d141-ca28-439a-869d-c8f2d5b5b882,2026-08-17T09:53:05.734000+00:00,window_aggregate,,,,,,,,,,2026-08-17T09:53:04.099000+00:00,2026-08-17T09:53:34.099000+00:00,,,,,,,,,,,,,,,,,,,,,,,,,,,,,,2026-08-17T09:53:05.734000+00:00,,,,,,,,,,,,,,,,,,,,,,,,,,,,,,,,,2.5004177782955006,0.6912727329987304,3.0,0.35013677434613266,0.1478265649889431,121.1431006826751,17.38043605331358,59.640816673701366,24.20784324940979,4.057280301956448,18717.522041348155,327.74063002688564,823.8596850412567,263.6415479459487
behavior_window,continuous,4958d349-1ff1-4f6b-8344-fca7d4d717aa,ab8aa270-082d-4529-9b11-ad17b456a161,2026-08-17T09:53:05.733000+00:00,window_aggregate,,,,,,,,,,2026-08-16T12:53:04.099000+00:00,2026-08-16T12:53:34.099000+00:00,,,,,,,,,,,,,,,,,,,,,,,,,,,,,,2026-08-17T09:53:05.733000+00:00,,,,,,,,,,,,,,,,,,,,,,,,,,,,,,,,,1.4973729627476873,0.8155005027045008,6.0,0.1367381890764055,0.18008922982758807,118.28964190355362,12.948241959231419,64.1157948557307,10.406864021549119,4.5274810607567835,27414.96493736875,307.0221405994624,1412.0365511598893,222.030975393794
behavior_window,continuous,4958d349-1ff1-4f6b-8344-fca7d4d717aa,ab8aa270-082d-4529-9b11-ad17b456a161,2026-08-17T09:53:05.733000+00:00,window_aggregate,,,,,,,,,,2026-08-16T12:53:04.099000+00:00,2026-08-16T12:53:34.099000+00:00,,,,,,,,,,,,,,,,,,,,,,,,,,,,,,2026-08-17T09:53:05.733000+00:00,,,,,,,,,,,,,,,,,,,,,,,,,,,,,,,,,1.4973729627476873,0.8155005027045008,6.0,0.1367381890764055,0.18008922982758807,118.28964190355362,12.948241959231419,64.1157948557307,10.406864021549119,4.5274810607567835,27414.96493736875,307.0221405994624,1412.0365511598893,222.030975393794
behavior_window,continuous,4958d349-1ff1-4f6b-8344-fca7d4d717aa,ab8aa270-082d-4529-9b11-ad17b456a161,2026-08-17T09:53:05.733000+00:00,window_aggregate,,,,,,,,,,2026-08-16T12:53:04.099000+00:00,2026-08-16T12:53:34.099000+00:00,,,,,,,,,,,,,,,,,,,,,,,,,,,,,,2026-08-17T09:53:05.733000+00:00,,,,,,,,,,,,,,,,,,,,,,,,,,,,,,,,,1.4973729627476873,0.8155005027045008,6.0,0.1367381890764055,0.18008922982758807,118.28964190355362,12.948241959231419,64.1157948557307,10.406864021549119,4.5274810607567835,27414.96493736875,307.0221405994624,1412.0365511598893,222.030975393794
behavior_window,continuous,4958d349-1ff1-4f6b-8344-fca7d4d717aa,ab8aa270-082d-4529-9b11-ad17b456a161,2026-08-17T09:53:05.734000+00:00,window_aggregate,,,,,,,,,,2026-08-16T05:53:04.099000+00:00,2026-08-16T05:53:34.099000+00:00,,,,,,,,,,,,,,,,,,,,,,,,,,,,,,2026-08-17T09:53:05.734000+00:00,,,,,,,,,,,,,,,,,,,,,,,,,,,,,,,,,1.0390241637480666,0.7265990499633522,6.0,0.24562566475338113,0.13631304109226489,135.24295583651005,38.700800668600515,91.55421157581164,8.652330391356724,4.433242758378851,18511.91065343885,366.95747993937414,545.6111865770217,367.48419407980924
behavior_window,continuous,4958d349-1ff1-4f6b-8344-fca7d4d717aa,ab8aa270-082d-4529-9b11-ad17b456a161,2026-08-17T09:53:05.734000+00:00,window_aggregate,,,,,,,,,,2026-08-16T05:53:04.099000+00:00,2026-08-16T05:53:34.099000+00:00,,,,,,,,,,,,,,,,,,,,,,,,,,,,,,2026-08-17T09:53:05.734000+00:00,,,,,,,,,,,,,,,,,,,,,,,,,,,,,,,,,1.0390241637480666,0.7265990499633522,6.0,0.24562566475338113,0.13631304109226489,135.24295583651005,38.700800668600515,91.55421157581164,8.652330391356724,4.433242758378851,18511.91065343885,366.95747993937414,545.6111865770217,367.48419407980924
behavior_window,continuous,4958d349-1ff1-4f6b-8344-fca7d4d717aa,ab8aa270-082d-4529-9b11-ad17b456a161,2026-08-17T09:53:05.734000+00:00,window_aggregate,,,,,,,,,,2026-08-16T05:53:04.099000+00:00,2026-08-16T05:53:34.099000+00:00,,,,,,,,,,,,,,,,,,,,,,,,,,,,,,2026-08-17T09:53:05.734000+00:00,,,,,,,,,,,,,,,,,,,,,,,,,,,,,,,,,1.0390241637480666,0.7265990499633522,6.0,0.24562566475338113,0.13631304109226489,135.24295583651005,38.700800668600515,91.55421157581164,8.652330391356724,4.433242758378851,18511.91065343885,366.95747993937414,545.6111865770217,367.48419407980924
behavior_window,continuous,4958d349-1ff1-4f6b-8344-fca7d4d717aa,3049d141-ca28-439a-869d-c8f2d5b5b882,2026-08-17T09:53:05.734000+00:00,window_aggregate,,,,,,,,,,2026-08-14T11:53:04.099000+00:00,2026-08-14T11:53:34.099000+00:00,,,,,,,,,,,,,,,,,,,,,,,,,,,,,,2026-08-17T09:53:05.734000+00:00,,,,,,,,,,,,,,,,,,,,,,,,,,,,,,,,,2.0403964114059914,0.8072863603668136,0.0,0.29106827965504134,0.1480944287470131,92.6813207554184,26.28919036819263,103.65944113748034,21.961166486087734,3.409128116298648,29601.76606726189,264.82256685085235,569.695248969977,352.1148667167407
behavior_window,continuous,4958d349-1ff1-4f6b-8344-fca7d4d717aa,3049d141-ca28-439a-869d-c8f2d5b5b882,2026-08-17T09:53:05.734000+00:00,window_aggregate,,,,,,,,,,2026-08-14T11:53:04.099000+00:00,2026-08-14T11:53:34.099000+00:00,,,,,,,,,,,,,,,,,,,,,,,,,,,,,,2026-08-17T09:53:05.734000+00:00,,,,,,,,,,,,,,,,,,,,,,,,,,,,,,,,,2.0403964114059914,0.8072863603668136,0.0,0.29106827965504134,0.1480944287470131,92.6813207554184,26.28919036819263,103.65944113748034,21.961166486087734,3.409128116298648,29601.76606726189,264.82256685085235,569.695248969977,352.1148667167407
behavior_window,continuous,4958d349-1ff1-4f6b-8344-fca7d4d717aa,3049d141-ca28-439a-869d-c8f2d5b5b882,2026-08-17T09:53:05.734000+00:00,window_aggregate,,,,,,,,,,2026-08-14T11:53:04.099000+00:00,2026-08-14T11:53:34.099000+00:00,,,,,,,,,,,,,,,,,,,,,,,,,,,,,,2026-08-17T09:53:05.734000+00:00,,,,,,,,,,,,,,,,,,,,,,,,,,,,,,,,,2.0403964114059914,0.8072863603668136,0.0,0.29106827965504134,0.1480944287470131,92.6813207554184,26.28919036819263,103.65944113748034,21.961166486087734,3.409128116298648,29601.76606726189,264.82256685085235,569.695248969977,352.1148667167407
behavior_window,continuous,4958d349-1ff1-4f6b-8344-fca7d4d717aa,b18da398-8da7-48c4-a227-ad674d8de565,2026-08-17T09:53:05.733000+00:00,window_aggregate,,,,,,,,,,2026-08-15T22:53:04.099000+00:00,2026-08-15T22:53:34.099000+00:00,,,,,,,,,,,,,,,,,,,,,,,,,,,,,,2026-08-17T09:53:05.733000+00:00,,,,,,,,,,,,,,,,,,,,,,,,,,,,,,,,,1.4203322455669598,0.7731931037721543,6.0,0.15476395024754241,0.06362493841846786,148.15895650885642,21.918118633750375,113.77495593357652,27.040217155685525,5.299679153574865,5459.253271365432,49.161297138404336,1168.4007880554288,454.40924160139167
behavior_window,continuous,4958d349-1ff1-4f6b-8344-fca7d4d717aa,b18da398-8da7-48c4-a227-ad674d8de565,2026-08-17T09:53:05.733000+00:00,window_aggregate,,,,,,,,,,2026-08-15T22:53:04.099000+00:00,2026-08-15T22:53:34.099000+00:00,,,,,,,,,,,,,,,,,,,,,,,,,,,,,,2026-08-17T09:53:05.733000+00:00,,,,,,,,,,,,,,,,,,,,,,,,,,,,,,,,,1.4203322455669598,0.7731931037721543,6.0,0.15476395024754241,0.06362493841846786,148.15895650885642,21.918118633750375,113.77495593357652,27.040217155685525,5.299679153574865,5459.253271365432,49.161297138404336,1168.4007880554288,454.40924160139167
behavior_window,continuous,4958d349-1ff1-4f6b-8344-fca7d4d717aa,b18da398-8da7-48c4-a227-ad674d8de565,2026-08-17T09:53:05.733000+00:00,window_aggregate,,,,,,,,,,2026-08-15T22:53:04.099000+00:00,2026-08-15T22:53:34.099000+00:00,,,,,,,,,,,,,,,,,,,,,,,,,,,,,,2026-08-17T09:53:05.733000+00:00,,,,,,,,,,,,,,,,,,,,,,,,,,,,,,,,,1.4203322455669598,0.7731931037721543,6.0,0.15476395024754241,0.06362493841846786,148.15895650885642,21.918118633750375,113.77495593357652,27.040217155685525,5.299679153574865,5459.253271365432,49.161297138404336,1168.4007880554288,454.40924160139167
behavior_window,continuous,4958d349-1ff1-4f6b-8344-fca7d4d717aa,ab8aa270-082d-4529-9b11-ad17b456a161,2026-08-17T09:53:05.733000+00:00,window_aggregate,,,,,,,,,,2026-08-16T01:53:04.099000+00:00,2026-08-16T01:53:34.099000+00:00,,,,,,,,,,,,,,,,,,,,,,,,,,,,,,2026-08-17T09:53:05.733000+00:00,,,,,,,,,,,,,,,,,,,,,,,,,,,,,,,,,0.7380967941458303,0.24513982434632842,8.0,0.28631820310700307,0.11887347943709368,112.20537824357764,37.92792649723996,88.01476045924356,26.977856257207414,5.095920774433919,3539.6892941810447,420.08453595764536,517.8945572969791,173.23169549927889
behavior_window,continuous,4958d349-1ff1-4f6b-8344-fca7d4d717aa,ab8aa270-082d-4529-9b11-ad17b456a161,2026-08-17T09:53:05.733000+00:00,window_aggregate,,,,,,,,,,2026-08-16T01:53:04.099000+00:00,2026-08-16T01:53:34.099000+00:00,,,,,,,,,,,,,,,,,,,,,,,,,,,,,,2026-08-17T09:53:05.733000+00:00,,,,,,,,,,,,,,,,,,,,,,,,,,,,,,,,,0.7380967941458303,0.24513982434632842,8.0,0.28631820310700307,0.11887347943709368,112.20537824357764,37.92792649723996,88.01476045924356,26.977856257207414,5.095920774433919,3539.6892941810447,420.08453595764536,517.8945572969791,173.23169549927889
behavior_window,continuous,4958d349-1ff1-4f6b-8344-fca7d4d717aa,ab8aa270-082d-4529-9b11-ad17b456a161,2026-08-17T09:53:05.733000+00:00,window_aggregate,,,,,,,,,,2026-08-16T01:53:04.099000+00:00,2026-08-16T01:53:34.099000+00:00,,,,,,,,,,,,,,,,,,,,,,,,,,,,,,2026-08-17T09:53:05.733000+00:00,,,,,,,,,,,,,,,,,,,,,,,,,,,,,,,,,0.7380967941458303,0.24513982434632842,8.0,0.28631820310700307,0.11887347943709368,112.20537824357764,37.92792649723996,88.01476045924356,26.977856257207414,5.095920774433919,3539.6892941810447,420.08453595764536,517.8945572969791,173.23169549927889
behavior_window,continuous,4958d349-1ff1-4f6b-8344-fca7d4d717aa,ab8aa270-082d-4529-9b11-ad17b456a161,2026-08-17T09:53:05.733000+00:00,window_aggregate,,,,,,,,,,2026-08-14T22:53:04.099000+00:00,2026-08-14T22:53:34.099000+00:00,,,,,,,,,,,,,,,,,,,,,,,,,,,,,,2026-08-17T09:53:05.733000+00:00,,,,,,,,,,,,,,,,,,,,,,,,,,,,,,,,,1.8878661031782602,0.36708327692450327,6.0,0.15331757707932814,0.12737161623495186,94.5468600519064,12.780449706282337,92.23874886767997,28.875874358951464,5.5748237467894075,42106.55421923365,405.2135340618178,943.7659656393538,374.3842409221643
behavior_window,continuous,4958d349-1ff1-4f6b-8344-fca7d4d717aa,ab8aa270-082d-4529-9b11-ad17b456a161,2026-08-17T09:53:05.733000+00:00,window_aggregate,,,,,,,,,,2026-08-14T22:53:04.099000+00:00,2026-08-14T22:53:34.099000+00:00,,,,,,,,,,,,,,,,,,,,,,,,,,,,,,2026-08-17T09:53:05.733000+00:00,,,,,,,,,,,,,,,,,,,,,,,,,,,,,,,,,1.8878661031782602,0.36708327692450327,6.0,0.15331757707932814,0.12737161623495186,94.5468600519064,12.780449706282337,92.23874886767997,28.875874358951464,5.5748237467894075,42106.55421923365,405.2135340618178,943.7659656393538,374.3842409221643
behavior_window,continuous,4958d349-1ff1-4f6b-8344-fca7d4d717aa,ab8aa270-082d-4529-9b11-ad17b456a161,2026-08-17T09:53:05.733000+00:00,window_aggregate,,,,,,,,,,2026-08-14T22:53:04.099000+00:00,2026-08-14T22:53:34.099000+00:00,,,,,,,,,,,,,,,,,,,,,,,,,,,,,,2026-08-17T09:53:05.733000+00:00,,,,,,,,,,,,,,,,,,,,,,,,,,,,,,,,,1.8878661031782602,0.36708327692450327,6.0,0.15331757707932814,0.12737161623495186,94.5468600519064,12.780449706282337,92.23874886767997,28.875874358951464,5.5748237467894075,42106.55421923365,405.2135340618178,943.7659656393538,374.3842409221643
behavior_window,continuous,4958d349-1ff1-4f6b-8344-fca7d4d717aa,dd8db810-64d3-4a3e-b264-bbb8473ae07b,2026-08-17T09:53:05.734000+00:00,window_aggregate,,,,,,,,,,2026-08-15T11:53:04.099000+00:00,2026-08-15T11:53:34.099000+00:00,,,,,,,,,,,,,,,,,,,,,,,,,,,,,,2026-08-17T09:53:05.734000+00:00,,,,,,,,,,,,,,,,,,,,,,,,,,,,,,,,,2.6128554790670364,0.5086309389745417,5.0,0.12139257428234558,0.17843872007648065,130.21583217000034,21.072324768669382,62.42763346274068,11.01686127900626,5.574182739915486,4368.981226359898,229.74305483630303,744.8676813485013,380.11470544361157
behavior_window,continuous,4958d349-1ff1-4f6b-8344-fca7d4d717aa,dd8db810-64d3-4a3e-b264-bbb8473ae07b,2026-08-17T09:53:05.734000+00:00,window_aggregate,,,,,,,,,,2026-08-15T11:53:04.099000+00:00,2026-08-15T11:53:34.099000+00:00,,,,,,,,,,,,,,,,,,,,,,,,,,,,,,2026-08-17T09:53:05.734000+00:00,,,,,,,,,,,,,,,,,,,,,,,,,,,,,,,,,2.6128554790670364,0.5086309389745417,5.0,0.12139257428234558,0.17843872007648065,130.21583217000034,21.072324768669382,62.42763346274068,11.01686127900626,5.574182739915486,4368.981226359898,229.74305483630303,744.8676813485013,380.11470544361157
behavior_window,continuous,4958d349-1ff1-4f6b-8344-fca7d4d717aa,dd8db810-64d3-4a3e-b264-bbb8473ae07b,2026-08-17T09:53:05.734000+00:00,window_aggregate,,,,,,,,,,2026-08-15T11:53:04.099000+00:00,2026-08-15T11:53:34.099000+00:00,,,,,,,,,,,,,,,,,,,,,,,,,,,,,,2026-08-17T09:53:05.734000+00:00,,,,,,,,,,,,,,,,,,,,,,,,,,,,,,,,,2.6128554790670364,0.5086309389745417,5.0,0.12139257428234558,0.17843872007648065,130.21583217000034,21.072324768669382,62.42763346274068,11.01686127900626,5.574182739915486,4368.981226359898,229.74305483630303,744.8676813485013,380.11470544361157
behavior_window,continuous,4958d349-1ff1-4f6b-8344-fca7d4d717aa,3049d141-ca28-439a-869d-c8f2d5b5b882,2026-08-17T09:53:05.734000+00:00,window_aggregate,,,,,,,,,,2026-08-14T09:53:04.099000+00:00,2026-08-14T09:53:34.099000+00:00,,,,,,,,,,,,,,,,,,,,,,,,,,,,,,2026-08-17T09:53:05.734000+00:00,,,,,,,,,,,,,,,,,,,,,,,,,,,,,,,,,2.3802423113210525,0.3070950201181169,4.0,0.10652952394119533,0.12278664554308685,92.18636565244026,15.68760175858397,71.90392595942936,6.2079178360377085,5.976203194170537,45882.51846453107,228.84672152977737,518.7424299271008,411.82720057499466
behavior_window,continuous,4958d349-1ff1-4f6b-8344-fca7d4d717aa,3049d141-ca28-439a-869d-c8f2d5b5b882,2026-08-17T09:53:05.734000+00:00,window_aggregate,,,,,,,,,,2026-08-14T09:53:04.099000+00:00,2026-08-14T09:53:34.099000+00:00,,,,,,,,,,,,,,,,,,,,,,,,,,,,,,2026-08-17T09:53:05.734000+00:00,,,,,,,,,,,,,,,,,,,,,,,,,,,,,,,,,2.3802423113210525,0.3070950201181169,4.0,0.10652952394119533,0.12278664554308685,92.18636565244026,15.68760175858397,71.90392595942936,6.2079178360377085,5.976203194170537,45882.51846453107,228.84672152977737,518.7424299271008,411.82720057499466
behavior_window,continuous,4958d349-1ff1-4f6b-8344-fca7d4d717aa,3049d141-ca28-439a-869d-c8f2d5b5b882,2026-08-17T09:53:05.734000+00:00,window_aggregate,,,,,,,,,,2026-08-14T09:53:04.099000+00:00,2026-08-14T09:53:34.099000+00:00,,,,,,,,,,,,,,,,,,,,,,,,,,,,,,2026-08-17T09:53:05.734000+00:00,,,,,,,,,,,,,,,,,,,,,,,,,,,,,,,,,2.3802423113210525,0.3070950201181169,4.0,0.10652952394119533,0.12278664554308685,92.18636565244026,15.68760175858397,71.90392595942936,6.2079178360377085,5.976203194170537,45882.51846453107,228.84672152977737,518.7424299271008,411.82720057499466
behavior_window,continuous,4958d349-1ff1-4f6b-8344-fca7d4d717aa,b18da398-8da7-48c4-a227-ad674d8de565,2026-08-17T09:53:05.733000+00:00,window_aggregate,,,,,,,,,,2026-08-15T18:53:04.099000+00:00,2026-08-15T18:53:34.099000+00:00,,,,,,,,,,,,,,,,,,,,,,,,,,,,,,2026-08-17T09:53:05.733000+00:00,,,,,,,,,,,,,,,,,,,,,,,,,,,,,,,,,0.586214438558419,0.9464177300705847,1.0,0.450472283285006,0.0930261637542397,116.58875280854635,36.9612896617906,62.52321649153634,16.703041973751525,5.4309472251772455,35411.257472811085,148.227739605772,519.3940465922011,205.68341337514724
behavior_window,continuous,4958d349-1ff1-4f6b-8344-fca7d4d717aa,b18da398-8da7-48c4-a227-ad674d8de565,2026-08-17T09:53:05.733000+00:00,window_aggregate,,,,,,,,,,2026-08-15T18:53:04.099000+00:00,2026-08-15T18:53:34.099000+00:00,,,,,,,,,,,,,,,,,,,,,,,,,,,,,,2026-08-17T09:53:05.733000+00:00,,,,,,,,,,,,,,,,,,,,,,,,,,,,,,,,,0.586214438558419,0.9464177300705847,1.0,0.450472283285006,0.0930261637542397,116.58875280854635,36.9612896617906,62.52321649153634,16.703041973751525,5.4309472251772455,35411.257472811085,148.227739605772,519.3940465922011,205.68341337514724
behavior_window,continuous,4958d349-1ff1-4f6b-8344-fca7d4d717aa,b18da398-8da7-48c4-a227-ad674d8de565,2026-08-17T09:53:05.733000+00:00,window_aggregate,,,,,,,,,,2026-08-15T18:53:04.099000+00:00,2026-08-15T18:53:34.099000+00:00,,,,,,,,,,,,,,,,,,,,,,,,,,,,,,2026-08-17T09:53:05.733000+00:00,,,,,,,,,,,,,,,,,,,,,,,,,,,,,,,,,0.586214438558419,0.9464177300705847,1.0,0.450472283285006,0.0930261637542397,116.58875280854635,36.9612896617906,62.52321649153634,16.703041973751525,5.4309472251772455,35411.257472811085,148.227739605772,519.3940465922011,205.68341337514724
behavior_window,continuous,4958d349-1ff1-4f6b-8344-fca7d4d717aa,ab8aa270-082d-4529-9b11-ad17b456a161,2026-08-17T09:53:05.733000+00:00,window_aggregate,,,,,,,,,,2026-08-15T11:53:04.099000+00:00,2026-08-15T11:53:34.099000+00:00,,,,,,,,,,,,,,,,,,,,,,,,,,,,,,2026-08-17T09:53:05.733000+00:00,,,,,,,,,,,,,,,,,,,,,,,,,,,,,,,,,2.60397438078816,0.4336280670721675,1.0,0.2861370515787677,0.13452263122262775,100.04632648039579,39.4051538485911,52.88686591180771,6.57017434672278,5.355531313974769,16431.869537589475,389.2924832859149,1284.112690072931,358.99656010934746
behavior_window,continuous,4958d349-1ff1-4f6b-8344-fca7d4d717aa,ab8aa270-082d-4529-9b11-ad17b456a161,2026-08-17T09:53:05.733000+00:00,window_aggregate,,,,,,,,,,2026-08-15T11:53:04.099000+00:00,2026-08-15T11:53:34.099000+00:00,,,,,,,,,,,,,,,,,,,,,,,,,,,,,,2026-08-17T09:53:05.733000+00:00,,,,,,,,,,,,,,,,,,,,,,,,,,,,,,,,,2.60397438078816,0.4336280670721675,1.0,0.2861370515787677,0.13452263122262775,100.04632648039579,39.4051538485911,52.88686591180771,6.57017434672278,5.355531313974769,16431.869537589475,389.2924832859149,1284.112690072931,358.99656010934746
behavior_window,continuous,4958d349-1ff1-4f6b-8344-fca7d4d717aa,ab8aa270-082d-4529-9b11-ad17b456a161,2026-08-17T09:53:05.733000+00:00,window_aggregate,,,,,,,,,,2026-08-15T11:53:04.099000+00:00,2026-08-15T11:53:34.099000+00:00,,,,,,,,,,,,,,,,,,,,,,,,,,,,,,2026-08-17T09:53:05.733000+00:00,,,,,,,,,,,,,,,,,,,,,,,,,,,,,,,,,2.60397438078816,0.4336280670721675,1.0,0.2861370515787677,0.13452263122262775,100.04632648039579,39.4051538485911,52.88686591180771,6.57017434672278,5.355531313974769,16431.869537589475,389.2924832859149,1284.112690072931,358.99656010934746
behavior_window,continuous,4958d349-1ff1-4f6b-8344-fca7d4d717aa,dd8db810-64d3-4a3e-b264-bbb8473ae07b,2026-08-17T09:53:05.734000+00:00,window_aggregate,,,,,,,,,,2026-08-15T08:53:04.099000+00:00,2026-08-15T08:53:34.099000+00:00,,,,,,,,,,,,,,,,,,,,,,,,,,,,,,2026-08-17T09:53:05.734000+00:00,,,,,,,,,,,,,,,,,,,,,,,,,,,,,,,,,2.4642033694164076,0.9460282075379053,10.0,0.4683691585278662,0.10620037969889475,87.61454809160645,21.184213415886404,53.148008388490986,13.768354504049917,5.3736833433043145,46401.08394880843,25.22140231718073,964.3945501352536,248.8910954518886
behavior_window,continuous,4958d349-1ff1-4f6b-8344-fca7d4d717aa,dd8db810-64d3-4a3e-b264-bbb8473ae07b,2026-08-17T09:53:05.734000+00:00,window_aggregate,,,,,,,,,,2026-08-15T08:53:04.099000+00:00,2026-08-15T08:53:34.099000+00:00,,,,,,,,,,,,,,,,,,,,,,,,,,,,,,2026-08-17T09:53:05.734000+00:00,,,,,,,,,,,,,,,,,,,,,,,,,,,,,,,,,2.4642033694164076,0.9460282075379053,10.0,0.4683691585278662,0.10620037969889475,87.61454809160645,21.184213415886404,53.148008388490986,13.768354504049917,5.3736833433043145,46401.08394880843,25.22140231718073,964.3945501352536,248.8910954518886
behavior_window,continuous,4958d349-1ff1-4f6b-8344-fca7d4d717aa,dd8db810-64d3-4a3e-b264-bbb8473ae07b,2026-08-17T09:53:05.734000+00:00,window_aggregate,,,,,,,,,,2026-08-15T08:53:04.099000+00:00,2026-08-15T08:53:34.099000+00:00,,,,,,,,,,,,,,,,,,,,,,,,,,,,,,2026-08-17T09:53:05.734000+00:00,,,,,,,,,,,,,,,,,,,,,,,,,,,,,,,,,2.4642033694164076,0.9460282075379053,10.0,0.4683691585278662,0.10620037969889475,87.61454809160645,21.184213415886404,53.148008388490986,13.768354504049917,5.3736833433043145,46401.08394880843,25.22140231718073,964.3945501352536,248.8910954518886
behavior_window,continuous,4958d349-1ff1-4f6b-8344-fca7d4d717aa,3049d141-ca28-439a-869d-c8f2d5b5b882,2026-08-17T09:53:05.734000+00:00,window_aggregate,,,,,,,,,,2026-08-17T05:53:04.099000+00:00,2026-08-17T05:53:34.099000+00:00,,,,,,,,,,,,,,,,,,,,,,,,,,,,,,2026-08-17T09:53:05.734000+00:00,,,,,,,,,,,,,,,,,,,,,,,,,,,,,,,,,1.887172948492645,0.9725632553028353,4.0,0.32630355631021246,0.13124411025944482,126.81856957083721,26.20651745923863,75.63568332934881,6.790245342157898,3.2613178108255525,14792.026998505862,328.13239288610737,656.6067835005126,287.3265615734907
behavior_window,continuous,4958d349-1ff1-4f6b-8344-fca7d4d717aa,3049d141-ca28-439a-869d-c8f2d5b5b882,2026-08-17T09:53:05.734000+00:00,window_aggregate,,,,,,,,,,2026-08-17T05:53:04.099000+00:00,2026-08-17T05:53:34.099000+00:00,,,,,,,,,,,,,,,,,,,,,,,,,,,,,,2026-08-17T09:53:05.734000+00:00,,,,,,,,,,,,,,,,,,,,,,,,,,,,,,,,,1.887172948492645,0.9725632553028353,4.0,0.32630355631021246,0.13124411025944482,126.81856957083721,26.20651745923863,75.63568332934881,6.790245342157898,3.2613178108255525,14792.026998505862,328.13239288610737,656.6067835005126,287.3265615734907
behavior_window,continuous,4958d349-1ff1-4f6b-8344-fca7d4d717aa,3049d141-ca28-439a-869d-c8f2d5b5b882,2026-08-17T09:53:05.734000+00:00,window_aggregate,,,,,,,,,,2026-08-17T05:53:04.099000+00:00,2026-08-17T05:53:34.099000+00:00,,,,,,,,,,,,,,,,,,,,,,,,,,,,,,2026-08-17T09:53:05.734000+00:00,,,,,,,,,,,,,,,,,,,,,,,,,,,,,,,,,1.887172948492645,0.9725632553028353,4.0,0.32630355631021246,0.13124411025944482,126.81856957083721,26.20651745923863,75.63568332934881,6.790245342157898,3.2613178108255525,14792.026998505862,328.13239288610737,656.6067835005126,287.3265615734907
behavior_window,continuous,4958d349-1ff1-4f6b-8344-fca7d4d717aa,e21d6bcf-d489-452a-8434-9fdeb4a8a4ff,2026-08-17T09:53:05.732000+00:00,window_aggregate,,,,,,,,,,2026-08-14T12:53:04.099000+00:00,2026-08-14T12:53:34.099000+00:00,,,,,,,,,,,,,,,,,,,,,,,,,,,,,,2026-08-17T09:53:05.732000+00:00,,,,,,,,,,,,,,,,,,,,,,,,,,,,,,,,,2.494252589716165,0.10769187367494581,1.0,0.19425005312814944,0.11908936587839532,98.38729784118524,14.152540583079006,100.63863579636723,15.407183892528213,4.712317798511181,40781.200808597176,402.5771026517752,794.2030865463339,267.61741609883927
behavior_window,continuous,4958d349-1ff1-4f6b-8344-fca7d4d717aa,e21d6bcf-d489-452a-8434-9fdeb4a8a4ff,2026-08-17T09:53:05.732000+00:00,window_aggregate,,,,,,,,,,2026-08-14T12:53:04.099000+00:00,2026-08-14T12:53:34.099000+00:00,,,,,,,,,,,,,,,,,,,,,,,,,,,,,,2026-08-17T09:53:05.732000+00:00,,,,,,,,,,,,,,,,,,,,,,,,,,,,,,,,,2.494252589716165,0.10769187367494581,1.0,0.19425005312814944,0.11908936587839532,98.38729784118524,14.152540583079006,100.63863579636723,15.407183892528213,4.712317798511181,40781.200808597176,402.5771026517752,794.2030865463339,267.61741609883927
behavior_window,continuous,4958d349-1ff1-4f6b-8344-fca7d4d717aa,e21d6bcf-d489-452a-8434-9fdeb4a8a4ff,2026-08-17T09:53:05.732000+00:00,window_aggregate,,,,,,,,,,2026-08-14T12:53:04.099000+00:00,2026-08-14T12:53:34.099000+00:00,,,,,,,,,,,,,,,,,,,,,,,,,,,,,,2026-08-17T09:53:05.732000+00:00,,,,,,,,,,,,,,,,,,,,,,,,,,,,,,,,,2.494252589716165,0.10769187367494581,1.0,0.19425005312814944,0.11908936587839532,98.38729784118524,14.152540583079006,100.63863579636723,15.407183892528213,4.712317798511181,40781.200808597176,402.5771026517752,794.2030865463339,267.61741609883927
behavior_window,continuous,4958d349-1ff1-4f6b-8344-fca7d4d717aa,b18da398-8da7-48c4-a227-ad674d8de565,2026-08-17T09:53:05.733000+00:00,window_aggregate,,,,,,,,,,2026-08-16T14:53:04.099000+00:00,2026-08-16T14:53:34.099000+00:00,,,,,,,,,,,,,,,,,,,,,,,,,,,,,,2026-08-17T09:53:05.733000+00:00,,,,,,,,,,,,,,,,,,,,,,,,,,,,,,,,,1.2181391149426906,0.9209480943141207,1.0,0.3000426546338061,0.19558561665325092,107.42996928377468,16.848544396383723,53.33131284239665,15.451803501428087,5.392008809731456,13007.682042671819,343.98319649920296,597.7631793284093,111.7594082251995
behavior_window,continuous,4958d349-1ff1-4f6b-8344-fca7d4d717aa,b18da398-8da7-48c4-a227-ad674d8de565,2026-08-17T09:53:05.733000+00:00,window_aggregate,,,,,,,,,,2026-08-16T14:53:04.099000+00:00,2026-08-16T14:53:34.099000+00:00,,,,,,,,,,,,,,,,,,,,,,,,,,,,,,2026-08-17T09:53:05.733000+00:00,,,,,,,,,,,,,,,,,,,,,,,,,,,,,,,,,1.2181391149426906,0.9209480943141207,1.0,0.3000426546338061,0.19558561665325092,107.42996928377468,16.848544396383723,53.33131284239665,15.451803501428087,5.392008809731456,13007.682042671819,343.98319649920296,597.7631793284093,111.7594082251995
behavior_window,continuous,4958d349-1ff1-4f6b-8344-fca7d4d717aa,b18da398-8da7-48c4-a227-ad674d8de565,2026-08-17T09:53:05.733000+00:00,window_aggregate,,,,,,,,,,2026-08-16T14:53:04.099000+00:00,2026-08-16T14:53:34.099000+00:00,,,,,,,,,,,,,,,,,,,,,,,,,,,,,,2026-08-17T09:53:05.733000+00:00,,,,,,,,,,,,,,,,,,,,,,,,,,,,,,,,,1.2181391149426906,0.9209480943141207,1.0,0.3000426546338061,0.19558561665325092,107.42996928377468,16.848544396383723,53.33131284239665,15.451803501428087,5.392008809731456,13007.682042671819,343.98319649920296,597.7631793284093,111.7594082251995
behavior_window,continuous,4958d349-1ff1-4f6b-8344-fca7d4d717aa,ab8aa270-082d-4529-9b11-ad17b456a161,2026-08-17T09:53:05.733000+00:00,window_aggregate,,,,,,,,,,2026-08-15T12:53:04.099000+00:00,2026-08-15T12:53:34.099000+00:00,,,,,,,,,,,,,,,,,,,,,,,,,,,,,,2026-08-17T09:53:05.733000+00:00,,,,,,,,,,,,,,,,,,,,,,,,,,,,,,,,,0.6815366594277592,0.5419966602084115,9.0,0.4952495043770254,0.13863028518461182,103.85196171990835,25.877495819393864,80.26000476949805,22.23218794747981,5.593987511825896,24932.81394974235,30.24841129921485,533.5896106256184,283.22569597401906
behavior_window,continuous,4958d349-1ff1-4f6b-8344-fca7d4d717aa,ab8aa270-082d-4529-9b11-ad17b456a161,2026-08-17T09:53:05.733000+00:00,window_aggregate,,,,,,,,,,2026-08-15T12:53:04.099000+00:00,2026-08-15T12:53:34.099000+00:00,,,,,,,,,,,,,,,,,,,,,,,,,,,,,,2026-08-17T09:53:05.733000+00:00,,,,,,,,,,,,,,,,,,,,,,,,,,,,,,,,,0.6815366594277592,0.5419966602084115,9.0,0.4952495043770254,0.13863028518461182,103.85196171990835,25.877495819393864,80.26000476949805,22.23218794747981,5.593987511825896,24932.81394974235,30.24841129921485,533.5896106256184,283.22569597401906
behavior_window,continuous,4958d349-1ff1-4f6b-8344-fca7d4d717aa,ab8aa270-082d-4529-9b11-ad17b456a161,2026-08-17T09:53:05.733000+00:00,window_aggregate,,,,,,,,,,2026-08-15T12:53:04.099000+00:00,2026-08-15T12:53:34.099000+00:00,,,,,,,,,,,,,,,,,,,,,,,,,,,,,,2026-08-17T09:53:05.733000+00:00,,,,,,,,,,,,,,,,,,,,,,,,,,,,,,,,,0.6815366594277592,0.5419966602084115,9.0,0.4952495043770254,0.13863028518461182,103.85196171990835,25.877495819393864,80.26000476949805,22.23218794747981,5.593987511825896,24932.81394974235,30.24841129921485,533.5896106256184,283.22569597401906
behavior_window,continuous,4958d349-1ff1-4f6b-8344-fca7d4d717aa,ab8aa270-082d-4529-9b11-ad17b456a161,2026-08-17T09:53:05.733000+00:00,window_aggregate,,,,,,,,,,2026-08-15T12:53:04.099000+00:00,2026-08-15T12:53:34.099000+00:00,,,,,,,,,,,,,,,,,,,,,,,,,,,,,,2026-08-17T09:53:05.733000+00:00,,,,,,,,,,,,,,,,,,,,,,,,,,,,,,,,,1.846323993013057,0.21272946499767967,4.0,0.47505017214561374,0.06463613933653792,139.64625408424155,35.511160102627954,118.94277055581004,5.1567605417076905,3.056675007543954,48155.604543956826,2.809380667867345,796.291059638912,474.87340177972294
behavior_window,continuous,4958d349-1ff1-4f6b-8344-fca7d4d717aa,ab8aa270-082d-4529-9b11-ad17b456a161,2026-08-17T09:53:05.733000+00:00,window_aggregate,,,,,,,,,,2026-08-15T12:53:04.099000+00:00,2026-08-15T12:53:34.099000+00:00,,,,,,,,,,,,,,,,,,,,,,,,,,,,,,2026-08-17T09:53:05.733000+00:00,,,,,,,,,,,,,,,,,,,,,,,,,,,,,,,,,1.846323993013057,0.21272946499767967,4.0,0.47505017214561374,0.06463613933653792,139.64625408424155,35.511160102627954,118.94277055581004,5.1567605417076905,3.056675007543954,48155.604543956826,2.809380667867345,796.291059638912,474.87340177972294
behavior_window,continuous,4958d349-1ff1-4f6b-8344-fca7d4d717aa,ab8aa270-082d-4529-9b11-ad17b456a161,2026-08-17T09:53:05.733000+00:00,window_aggregate,,,,,,,,,,2026-08-15T12:53:04.099000+00:00,2026-08-15T12:53:34.099000+00:00,,,,,,,,,,,,,,,,,,,,,,,,,,,,,,2026-08-17T09:53:05.733000+00:00,,,,,,,,,,,,,,,,,,,,,,,,,,,,,,,,,1.846323993013057,0.21272946499767967,4.0,0.47505017214561374,0.06463613933653792,139.64625408424155,35.511160102627954,118.94277055581004,5.1567605417076905,3.056675007543954,48155.604543956826,2.809380667867345,796.291059638912,474.87340177972294
behavior_window,continuous,4958d349-1ff1-4f6b-8344-fca7d4d717aa,dd8db810-64d3-4a3e-b264-bbb8473ae07b,2026-08-17T09:53:05.734000+00:00,window_aggregate,,,,,,,,,,2026-08-16T16:53:04.099000+00:00,2026-08-16T16:53:34.099000+00:00,,,,,,,,,,,,,,,,,,,,,,,,,,,,,,2026-08-17T09:53:05.734000+00:00,,,,,,,,,,,,,,,,,,,,,,,,,,,,,,,,,1.0125326349526673,0.9890406280478569,9.0,0.3386683981965227,0.18547280036292374,146.3442942058461,13.784408134188308,69.43588240369618,13.077765389752045,4.096706733626368,14470.459017509189,391.33825936660486,1163.2046765374032,253.2332733965967
behavior_window,continuous,4958d349-1ff1-4f6b-8344-fca7d4d717aa,dd8db810-64d3-4a3e-b264-bbb8473ae07b,2026-08-17T09:53:05.734000+00:00,window_aggregate,,,,,,,,,,2026-08-16T16:53:04.099000+00:00,2026-08-16T16:53:34.099000+00:00,,,,,,,,,,,,,,,,,,,,,,,,,,,,,,2026-08-17T09:53:05.734000+00:00,,,,,,,,,,,,,,,,,,,,,,,,,,,,,,,,,1.0125326349526673,0.9890406280478569,9.0,0.3386683981965227,0.18547280036292374,146.3442942058461,13.784408134188308,69.43588240369618,13.077765389752045,4.096706733626368,14470.459017509189,391.33825936660486,1163.2046765374032,253.2332733965967
behavior_window,continuous,4958d349-1ff1-4f6b-8344-fca7d4d717aa,dd8db810-64d3-4a3e-b264-bbb8473ae07b,2026-08-17T09:53:05.734000+00:00,window_aggregate,,,,,,,,,,2026-08-16T16:53:04.099000+00:00,2026-08-16T16:53:34.099000+00:00,,,,,,,,,,,,,,,,,,,,,,,,,,,,,,2026-08-17T09:53:05.734000+00:00,,,,,,,,,,,,,,,,,,,,,,,,,,,,,,,,,1.0125326349526673,0.9890406280478569,9.0,0.3386683981965227,0.18547280036292374,146.3442942058461,13.784408134188308,69.43588240369618,13.077765389752045,4.096706733626368,14470.459017509189,391.33825936660486,1163.2046765374032,253.2332733965967
behavior_window,continuous,4958d349-1ff1-4f6b-8344-fca7d4d717aa,ab8aa270-082d-4529-9b11-ad17b456a161,2026-08-17T09:53:05.733000+00:00,window_aggregate,,,,,,,,,,2026-08-16T14:53:04.099000+00:00,2026-08-16T14:53:34.099000+00:00,,,,,,,,,,,,,,,,,,,,,,,,,,,,,,2026-08-17T09:53:05.733000+00:00,,,,,,,,,,,,,,,,,,,,,,,,,,,,,,,,,1.320807146445821,0.3505741696150848,5.0,0.3403841708178661,0.07587767997269956,91.98190631605372,21.504408768606993,113.0788180612158,9.141878324365951,4.049755990055177,37706.43944027392,256.1197929713167,1189.4312902788583,344.93544841143
behavior_window,continuous,4958d349-1ff1-4f6b-8344-fca7d4d717aa,ab8aa270-082d-4529-9b11-ad17b456a161,2026-08-17T09:53:05.733000+00:00,window_aggregate,,,,,,,,,,2026-08-16T14:53:04.099000+00:00,2026-08-16T14:53:34.099000+00:00,,,,,,,,,,,,,,,,,,,,,,,,,,,,,,2026-08-17T09:53:05.733000+00:00,,,,,,,,,,,,,,,,,,,,,,,,,,,,,,,,,1.320807146445821,0.3505741696150848,5.0,0.3403841708178661,0.07587767997269956,91.98190631605372,21.504408768606993,113.0788180612158,9.141878324365951,4.049755990055177,37706.43944027392,256.1197929713167,1189.4312902788583,344.93544841143
behavior_window,continuous,4958d349-1ff1-4f6b-8344-fca7d4d717aa,ab8aa270-082d-4529-9b11-ad17b456a161,2026-08-17T09:53:05.733000+00:00,window_aggregate,,,,,,,,,,2026-08-16T14:53:04.099000+00:00,2026-08-16T14:53:34.099000+00:00,,,,,,,,,,,,,,,,,,,,,,,,,,,,,,2026-08-17T09:53:05.733000+00:00,,,,,,,,,,,,,,,,,,,,,,,,,,,,,,,,,1.320807146445821,0.3505741696150848,5.0,0.3403841708178661,0.07587767997269956,91.98190631605372,21.504408768606993,113.0788180612158,9.141878324365951,4.049755990055177,37706.43944027392,256.1197929713167,1189.4312902788583,344.93544841143
behavior_window,continuous,4958d349-1ff1-4f6b-8344-fca7d4d717aa,e21d6bcf-d489-452a-8434-9fdeb4a8a4ff,2026-08-17T09:53:05.733000+00:00,window_aggregate,,,,,,,,,,2026-08-15T17:53:04.099000+00:00,2026-08-15T17:53:34.099000+00:00,,,,,,,,,,,,,,,,,,,,,,,,,,,,,,2026-08-17T09:53:05.733000+00:00,,,,,,,,,,,,,,,,,,,,,,,,,,,,,,,,,2.3415312736391423,0.507593401844556,7.0,0.19413957985738658,0.10870478626277962,126.94151254106967,30.517701125074126,90.08613460313995,21.011816850331208,3.0504306872767613,3522.9235780017525,497.6243789549805,1233.4488035792592,214.81616194327327
behavior_window,continuous,4958d349-1ff1-4f6b-8344-fca7d4d717aa,e21d6bcf-d489-452a-8434-9fdeb4a8a4ff,2026-08-17T09:53:05.733000+00:00,window_aggregate,,,,,,,,,,2026-08-15T17:53:04.099000+00:00,2026-08-15T17:53:34.099000+00:00,,,,,,,,,,,,,,,,,,,,,,,,,,,,,,2026-08-17T09:53:05.733000+00:00,,,,,,,,,,,,,,,,,,,,,,,,,,,,,,,,,2.3415312736391423,0.507593401844556,7.0,0.19413957985738658,0.10870478626277962,126.94151254106967,30.517701125074126,90.08613460313995,21.011816850331208,3.0504306872767613,3522.9235780017525,497.6243789549805,1233.4488035792592,214.81616194327327
behavior_window,continuous,4958d349-1ff1-4f6b-8344-fca7d4d717aa,e21d6bcf-d489-452a-8434-9fdeb4a8a4ff,2026-08-17T09:53:05.733000+00:00,window_aggregate,,,,,,,,,,2026-08-15T17:53:04.099000+00:00,2026-08-15T17:53:34.099000+00:00,,,,,,,,,,,,,,,,,,,,,,,,,,,,,,2026-08-17T09:53:05.733000+00:00,,,,,,,,,,,,,,,,,,,,,,,,,,,,,,,,,2.3415312736391423,0.507593401844556,7.0,0.19413957985738658,0.10870478626277962,126.94151254106967,30.517701125074126,90.08613460313995,21.011816850331208,3.0504306872767613,3522.9235780017525,497.6243789549805,1233.4488035792592,214.81616194327327
behavior_window,continuous,4958d349-1ff1-4f6b-8344-fca7d4d717aa,b18da398-8da7-48c4-a227-ad674d8de565,2026-08-17T09:53:05.733000+00:00,window_aggregate,,,,,,,,,,2026-08-15T06:53:04.099000+00:00,2026-08-15T06:53:34.099000+00:00,,,,,,,,,,,,,,,,,,,,,,,,,,,,,,2026-08-17T09:53:05.733000+00:00,,,,,,,,,,,,,,,,,,,,,,,,,,,,,,,,,2.2226442167000924,0.29192677890353824,7.0,0.2492552763812793,0.09164890121760341,115.53661188333604,10.888026350296183,112.29723222145267,13.611608013903588,4.950069285394442,28692.92386083706,241.4251665563386,1443.426108755602,491.6554007492737
behavior_window,continuous,4958d349-1ff1-4f6b-8344-fca7d4d717aa,b18da398-8da7-48c4-a227-ad674d8de565,2026-08-17T09:53:05.733000+00:00,window_aggregate,,,,,,,,,,2026-08-15T06:53:04.099000+00:00,2026-08-15T06:53:34.099000+00:00,,,,,,,,,,,,,,,,,,,,,,,,,,,,,,2026-08-17T09:53:05.733000+00:00,,,,,,,,,,,,,,,,,,,,,,,,,,,,,,,,,2.2226442167000924,0.29192677890353824,7.0,0.2492552763812793,0.09164890121760341,115.53661188333604,10.888026350296183,112.29723222145267,13.611608013903588,4.950069285394442,28692.92386083706,241.4251665563386,1443.426108755602,491.6554007492737
behavior_window,continuous,4958d349-1ff1-4f6b-8344-fca7d4d717aa,b18da398-8da7-48c4-a227-ad674d8de565,2026-08-17T09:53:05.733000+00:00,window_aggregate,,,,,,,,,,2026-08-15T06:53:04.099000+00:00,2026-08-15T06:53:34.099000+00:00,,,,,,,,,,,,,,,,,,,,,,,,,,,,,,2026-08-17T09:53:05.733000+00:00,,,,,,,,,,,,,,,,,,,,,,,,,,,,,,,,,2.2226442167000924,0.29192677890353824,7.0,0.2492552763812793,0.09164890121760341,115.53661188333604,10.888026350296183,112.29723222145267,13.611608013903588,4.950069285394442,28692.92386083706,241.4251665563386,1443.426108755602,491.6554007492737
behavior_window,continuous,4958d349-1ff1-4f6b-8344-fca7d4d717aa,dd8db810-64d3-4a3e-b264-bbb8473ae07b,2026-08-17T09:53:05.734000+00:00,window_aggregate,,,,,,,,,,2026-08-16T03:53:04.099000+00:00,2026-08-16T03:53:34.099000+00:00,,,,,,,,,,,,,,,,,,,,,,,,,,,,,,2026-08-17T09:53:05.734000+00:00,,,,,,,,,,,,,,,,,,,,,,,,,,,,,,,,,1.121378068949904,0.3784624132632184,6.0,0.12563769664335958,0.13986756865884808,122.44343947398627,11.76438557308715,91.76491824851433,12.717853050849772,5.199156569611928,7129.250600575932,372.4859607500472,1334.9186912161833,423.26979767992236
behavior_window,continuous,4958d349-1ff1-4f6b-8344-fca7d4d717aa,dd8db810-64d3-4a3e-b264-bbb8473ae07b,2026-08-17T09:53:05.734000+00:00,window_aggregate,,,,,,,,,,2026-08-16T03:53:04.099000+00:00,2026-08-16T03:53:34.099000+00:00,,,,,,,,,,,,,,,,,,,,,,,,,,,,,,2026-08-17T09:53:05.734000+00:00,,,,,,,,,,,,,,,,,,,,,,,,,,,,,,,,,1.121378068949904,0.3784624132632184,6.0,0.12563769664335958,0.13986756865884808,122.44343947398627,11.76438557308715,91.76491824851433,12.717853050849772,5.199156569611928,7129.250600575932,372.4859607500472,1334.9186912161833,423.26979767992236
behavior_window,continuous,4958d349-1ff1-4f6b-8344-fca7d4d717aa,dd8db810-64d3-4a3e-b264-bbb8473ae07b,2026-08-17T09:53:05.734000+00:00,window_aggregate,,,,,,,,,,2026-08-16T03:53:04.099000+00:00,2026-08-16T03:53:34.099000+00:00,,,,,,,,,,,,,,,,,,,,,,,,,,,,,,2026-08-17T09:53:05.734000+00:00,,,,,,,,,,,,,,,,,,,,,,,,,,,,,,,,,1.121378068949904,0.3784624132632184,6.0,0.12563769664335958,0.13986756865884808,122.44343947398627,11.76438557308715,91.76491824851433,12.717853050849772,5.199156569611928,7129.250600575932,372.4859607500472,1334.9186912161833,423.26979767992236
behavior_window,continuous,4958d349-1ff1-4f6b-8344-fca7d4d717aa,dd8db810-64d3-4a3e-b264-bbb8473ae07b,2026-08-17T09:53:05.734000+00:00,window_aggregate,,,,,,,,,,2026-08-14T23:53:04.099000+00:00,2026-08-14T23:53:34.099000+00:00,,,,,,,,,,,,,,,,,,,,,,,,,,,,,,2026-08-17T09:53:05.734000+00:00,,,,,,,,,,,,,,,,,,,,,,,,,,,,,,,,,1.806034815464911,0.11513791562782122,0.0,0.3585714649011361,0.09427833516187344,90.79752768049312,22.965407071425886,98.8840812466093,10.872480969494761,3.998990728657689,17800.515839726508,231.19773737637672,829.1925107616926,175.27600910157946
behavior_window,continuous,4958d349-1ff1-4f6b-8344-fca7d4d717aa,dd8db810-64d3-4a3e-b264-bbb8473ae07b,2026-08-17T09:53:05.734000+00:00,window_aggregate,,,,,,,,,,2026-08-14T23:53:04.099000+00:00,2026-08-14T23:53:34.099000+00:00,,,,,,,,,,,,,,,,,,,,,,,,,,,,,,2026-08-17T09:53:05.734000+00:00,,,,,,,,,,,,,,,,,,,,,,,,,,,,,,,,,1.806034815464911,0.11513791562782122,0.0,0.3585714649011361,0.09427833516187344,90.79752768049312,22.965407071425886,98.8840812466093,10.872480969494761,3.998990728657689,17800.515839726508,231.19773737637672,829.1925107616926,175.27600910157946
behavior_window,continuous,4958d349-1ff1-4f6b-8344-fca7d4d717aa,dd8db810-64d3-4a3e-b264-bbb8473ae07b,2026-08-17T09:53:05.734000+00:00,window_aggregate,,,,,,,,,,2026-08-14T23:53:04.099000+00:00,2026-08-14T23:53:34.099000+00:00,,,,,,,,,,,,,,,,,,,,,,,,,,,,,,2026-08-17T09:53:05.734000+00:00,,,,,,,,,,,,,,,,,,,,,,,,,,,,,,,,,1.806034815464911,0.11513791562782122,0.0,0.3585714649011361,0.09427833516187344,90.79752768049312,22.965407071425886,98.8840812466093,10.872480969494761,3.998990728657689,17800.515839726508,231.19773737637672,829.1925107616926,175.27600910157946
behavior_window,continuous,4958d349-1ff1-4f6b-8344-fca7d4d717aa,e21d6bcf-d489-452a-8434-9fdeb4a8a4ff,2026-08-17T09:53:05.733000+00:00,window_aggregate,,,,,,,,,,2026-08-14T10:53:04.099000+00:00,2026-08-14T10:53:34.099000+00:00,,,,,,,,,,,,,,,,,,,,,,,,,,,,,,2026-08-17T09:53:05.733000+00:00,,,,,,,,,,,,,,,,,,,,,,,,,,,,,,,,,2.42407014218129,0.9106272069068926,7.0,0.46137524743747715,0.19340379475854264,117.82260328375295,27.929729370049653,58.166676720695925,5.801414288698224,4.28842970752401,12235.651603764938,65.48714408499589,638.3519333003023,242.4084432035973
behavior_window,continuous,4958d349-1ff1-4f6b-8344-fca7d4d717aa,e21d6bcf-d489-452a-8434-9fdeb4a8a4ff,2026-08-17T09:53:05.733000+00:00,window_aggregate,,,,,,,,,,2026-08-14T10:53:04.099000+00:00,2026-08-14T10:53:34.099000+00:00,,,,,,,,,,,,,,,,,,,,,,,,,,,,,,2026-08-17T09:53:05.733000+00:00,,,,,,,,,,,,,,,,,,,,,,,,,,,,,,,,,2.42407014218129,0.9106272069068926,7.0,0.46137524743747715,0.19340379475854264,117.82260328375295,27.929729370049653,58.166676720695925,5.801414288698224,4.28842970752401,12235.651603764938,65.48714408499589,638.3519333003023,242.4084432035973
behavior_window,continuous,4958d349-1ff1-4f6b-8344-fca7d4d717aa,e21d6bcf-d489-452a-8434-9fdeb4a8a4ff,2026-08-17T09:53:05.733000+00:00,window_aggregate,,,,,,,,,,2026-08-14T10:53:04.099000+00:00,2026-08-14T10:53:34.099000+00:00,,,,,,,,,,,,,,,,,,,,,,,,,,,,,,2026-08-17T09:53:05.733000+00:00,,,,,,,,,,,,,,,,,,,,,,,,,,,,,,,,,2.42407014218129,0.9106272069068926,7.0,0.46137524743747715,0.19340379475854264,117.82260328375295,27.929729370049653,58.166676720695925,5.801414288698224,4.28842970752401,12235.651603764938,65.48714408499589,638.3519333003023,242.4084432035973
behavior_window,continuous,4958d349-1ff1-4f6b-8344-fca7d4d717aa,b18da398-8da7-48c4-a227-ad674d8de565,2026-08-17T09:53:05.733000+00:00,window_aggregate,,,,,,,,,,2026-08-15T08:53:04.099000+00:00,2026-08-15T08:53:34.099000+00:00,,,,,,,,,,,,,,,,,,,,,,,,,,,,,,2026-08-17T09:53:05.733000+00:00,,,,,,,,,,,,,,,,,,,,,,,,,,,,,,,,,2.710743395111093,0.43727694567633124,10.0,0.2831877011500451,0.08418226120475006,149.29926774790863,25.571644055446466,62.20949270643031,29.942138976283218,5.801254240238439,49033.66803553171,137.67114153856107,1279.7457304901668,252.20587700737403
behavior_window,continuous,4958d349-1ff1-4f6b-8344-fca7d4d717aa,b18da398-8da7-48c4-a227-ad674d8de565,2026-08-17T09:53:05.733000+00:00,window_aggregate,,,,,,,,,,2026-08-15T08:53:04.099000+00:00,2026-08-15T08:53:34.099000+00:00,,,,,,,,,,,,,,,,,,,,,,,,,,,,,,2026-08-17T09:53:05.733000+00:00,,,,,,,,,,,,,,,,,,,,,,,,,,,,,,,,,2.710743395111093,0.43727694567633124,10.0,0.2831877011500451,0.08418226120475006,149.29926774790863,25.571644055446466,62.20949270643031,29.942138976283218,5.801254240238439,49033.66803553171,137.67114153856107,1279.7457304901668,252.20587700737403
behavior_window,continuous,4958d349-1ff1-4f6b-8344-fca7d4d717aa,b18da398-8da7-48c4-a227-ad674d8de565,2026-08-17T09:53:05.733000+00:00,window_aggregate,,,,,,,,,,2026-08-15T08:53:04.099000+00:00,2026-08-15T08:53:34.099000+00:00,,,,,,,,,,,,,,,,,,,,,,,,,,,,,,2026-08-17T09:53:05.733000+00:00,,,,,,,,,,,,,,,,,,,,,,,,,,,,,,,,,2.710743395111093,0.43727694567633124,10.0,0.2831877011500451,0.08418226120475006,149.29926774790863,25.571644055446466,62.20949270643031,29.942138976283218,5.801254240238439,49033.66803553171,137.67114153856107,1279.7457304901668,252.20587700737403
behavior_window,continuous,4958d349-1ff1-4f6b-8344-fca7d4d717aa,dd8db810-64d3-4a3e-b264-bbb8473ae07b,2026-08-17T09:53:05.734000+00:00,window_aggregate,,,,,,,,,,2026-08-15T13:53:04.099000+00:00,2026-08-15T13:53:34.099000+00:00,,,,,,,,,,,,,,,,,,,,,,,,,,,,,,2026-08-17T09:53:05.734000+00:00,,,,,,,,,,,,,,,,,,,,,,,,,,,,,,,,,1.3393580721197882,0.8025144533223035,1.0,0.43008959928759305,0.05231441914061832,117.36941262522657,23.949632715359876,110.5721836011445,23.591472162843697,3.10076005963237,3306.9285055541877,236.50552314190264,1277.1788022554776,349.36345545695576
behavior_window,continuous,4958d349-1ff1-4f6b-8344-fca7d4d717aa,dd8db810-64d3-4a3e-b264-bbb8473ae07b,2026-08-17T09:53:05.734000+00:00,window_aggregate,,,,,,,,,,2026-08-15T13:53:04.099000+00:00,2026-08-15T13:53:34.099000+00:00,,,,,,,,,,,,,,,,,,,,,,,,,,,,,,2026-08-17T09:53:05.734000+00:00,,,,,,,,,,,,,,,,,,,,,,,,,,,,,,,,,1.3393580721197882,0.8025144533223035,1.0,0.43008959928759305,0.05231441914061832,117.36941262522657,23.949632715359876,110.5721836011445,23.591472162843697,3.10076005963237,3306.9285055541877,236.50552314190264,1277.1788022554776,349.36345545695576
behavior_window,continuous,4958d349-1ff1-4f6b-8344-fca7d4d717aa,dd8db810-64d3-4a3e-b264-bbb8473ae07b,2026-08-17T09:53:05.734000+00:00,window_aggregate,,,,,,,,,,2026-08-15T13:53:04.099000+00:00,2026-08-15T13:53:34.099000+00:00,,,,,,,,,,,,,,,,,,,,,,,,,,,,,,2026-08-17T09:53:05.734000+00:00,,,,,,,,,,,,,,,,,,,,,,,,,,,,,,,,,1.3393580721197882,0.8025144533223035,1.0,0.43008959928759305,0.05231441914061832,117.36941262522657,23.949632715359876,110.5721836011445,23.591472162843697,3.10076005963237,3306.9285055541877,236.50552314190264,1277.1788022554776,349.36345545695576
behavior_window,continuous,4958d349-1ff1-4f6b-8344-fca7d4d717aa,dd8db810-64d3-4a3e-b264-bbb8473ae07b,2026-08-17T09:53:05.734000+00:00,window_aggregate,,,,,,,,,,2026-08-17T00:53:04.099000+00:00,2026-08-17T00:53:34.099000+00:00,,,,,,,,,,,,,,,,,,,,,,,,,,,,,,2026-08-17T09:53:05.734000+00:00,,,,,,,,,,,,,,,,,,,,,,,,,,,,,,,,,2.7671680389962674,0.31668610723078966,4.0,0.3354288340459417,0.1925573135794284,109.10452078433444,19.753720196470184,62.359680291564096,11.154899138739559,5.096020177268133,39962.59649019663,204.1185602010343,1452.941238062363,285.53566543508543
behavior_window,continuous,4958d349-1ff1-4f6b-8344-fca7d4d717aa,dd8db810-64d3-4a3e-b264-bbb8473ae07b,2026-08-17T09:53:05.734000+00:00,window_aggregate,,,,,,,,,,2026-08-17T00:53:04.099000+00:00,2026-08-17T00:53:34.099000+00:00,,,,,,,,,,,,,,,,,,,,,,,,,,,,,,2026-08-17T09:53:05.734000+00:00,,,,,,,,,,,,,,,,,,,,,,,,,,,,,,,,,2.7671680389962674,0.31668610723078966,4.0,0.3354288340459417,0.1925573135794284,109.10452078433444,19.753720196470184,62.359680291564096,11.154899138739559,5.096020177268133,39962.59649019663,204.1185602010343,1452.941238062363,285.53566543508543
behavior_window,continuous,4958d349-1ff1-4f6b-8344-fca7d4d717aa,dd8db810-64d3-4a3e-b264-bbb8473ae07b,2026-08-17T09:53:05.734000+00:00,window_aggregate,,,,,,,,,,2026-08-17T00:53:04.099000+00:00,2026-08-17T00:53:34.099000+00:00,,,,,,,,,,,,,,,,,,,,,,,,,,,,,,2026-08-17T09:53:05.734000+00:00,,,,,,,,,,,,,,,,,,,,,,,,,,,,,,,,,2.7671680389962674,0.31668610723078966,4.0,0.3354288340459417,0.1925573135794284,109.10452078433444,19.753720196470184,62.359680291564096,11.154899138739559,5.096020177268133,39962.59649019663,204.1185602010343,1452.941238062363,285.53566543508543
behavior_window,continuous,4958d349-1ff1-4f6b-8344-fca7d4d717aa,3049d141-ca28-439a-869d-c8f2d5b5b882,2026-08-17T09:53:05.734000+00:00,window_aggregate,,,,,,,,,,2026-08-14T15:53:04.099000+00:00,2026-08-14T15:53:34.099000+00:00,,,,,,,,,,,,,,,,,,,,,,,,,,,,,,2026-08-17T09:53:05.734000+00:00,,,,,,,,,,,,,,,,,,,,,,,,,,,,,,,,,1.8382706055358118,0.8533348686196435,6.0,0.18823494242384511,0.08135470537916341,142.39141745070327,34.406062416032675,65.67174452940654,19.852932673588743,4.247696654753254,31666.249625904857,326.1517286783473,522.0812225988287,450.55596031147417
behavior_window,continuous,4958d349-1ff1-4f6b-8344-fca7d4d717aa,3049d141-ca28-439a-869d-c8f2d5b5b882,2026-08-17T09:53:05.734000+00:00,window_aggregate,,,,,,,,,,2026-08-14T15:53:04.099000+00:00,2026-08-14T15:53:34.099000+00:00,,,,,,,,,,,,,,,,,,,,,,,,,,,,,,2026-08-17T09:53:05.734000+00:00,,,,,,,,,,,,,,,,,,,,,,,,,,,,,,,,,1.8382706055358118,0.8533348686196435,6.0,0.18823494242384511,0.08135470537916341,142.39141745070327,34.406062416032675,65.67174452940654,19.852932673588743,4.247696654753254,31666.249625904857,326.1517286783473,522.0812225988287,450.55596031147417
behavior_window,continuous,4958d349-1ff1-4f6b-8344-fca7d4d717aa,3049d141-ca28-439a-869d-c8f2d5b5b882,2026-08-17T09:53:05.734000+00:00,window_aggregate,,,,,,,,,,2026-08-14T15:53:04.099000+00:00,2026-08-14T15:53:34.099000+00:00,,,,,,,,,,,,,,,,,,,,,,,,,,,,,,2026-08-17T09:53:05.734000+00:00,,,,,,,,,,,,,,,,,,,,,,,,,,,,,,,,,1.8382706055358118,0.8533348686196435,6.0,0.18823494242384511,0.08135470537916341,142.39141745070327,34.406062416032675,65.67174452940654,19.852932673588743,4.247696654753254,31666.249625904857,326.1517286783473,522.0812225988287,450.55596031147417
behavior_window,continuous,4958d349-1ff1-4f6b-8344-fca7d4d717aa,b18da398-8da7-48c4-a227-ad674d8de565,2026-08-17T09:53:05.733000+00:00,window_aggregate,,,,,,,,,,2026-08-16T11:53:04.099000+00:00,2026-08-16T11:53:34.099000+00:00,,,,,,,,,,,,,,,,,,,,,,,,,,,,,,2026-08-17T09:53:05.733000+00:00,,,,,,,,,,,,,,,,,,,,,,,,,,,,,,,,,0.9447923540931353,0.5012871144487444,9.0,0.4990198555197306,0.18451840403133718,102.96068791847178,39.589676764929564,60.94808572053739,25.202213621643143,3.854781992315598,29282.444372090587,34.502248273045545,598.0836509699186,117.36383749170275
behavior_window,continuous,4958d349-1ff1-4f6b-8344-fca7d4d717aa,b18da398-8da7-48c4-a227-ad674d8de565,2026-08-17T09:53:05.733000+00:00,window_aggregate,,,,,,,,,,2026-08-16T11:53:04.099000+00:00,2026-08-16T11:53:34.099000+00:00,,,,,,,,,,,,,,,,,,,,,,,,,,,,,,2026-08-17T09:53:05.733000+00:00,,,,,,,,,,,,,,,,,,,,,,,,,,,,,,,,,0.9447923540931353,0.5012871144487444,9.0,0.4990198555197306,0.18451840403133718,102.96068791847178,39.589676764929564,60.94808572053739,25.202213621643143,3.854781992315598,29282.444372090587,34.502248273045545,598.0836509699186,117.36383749170275
behavior_window,continuous,4958d349-1ff1-4f6b-8344-fca7d4d717aa,b18da398-8da7-48c4-a227-ad674d8de565,2026-08-17T09:53:05.733000+00:00,window_aggregate,,,,,,,,,,2026-08-16T11:53:04.099000+00:00,2026-08-16T11:53:34.099000+00:00,,,,,,,,,,,,,,,,,,,,,,,,,,,,,,2026-08-17T09:53:05.733000+00:00,,,,,,,,,,,,,,,,,,,,,,,,,,,,,,,,,0.9447923540931353,0.5012871144487444,9.0,0.4990198555197306,0.18451840403133718,102.96068791847178,39.589676764929564,60.94808572053739,25.202213621643143,3.854781992315598,29282.444372090587,34.502248273045545,598.0836509699186,117.36383749170275
behavior_window,continuous,4958d349-1ff1-4f6b-8344-fca7d4d717aa,e21d6bcf-d489-452a-8434-9fdeb4a8a4ff,2026-08-17T09:53:05.732000+00:00,window_aggregate,,,,,,,,,,2026-08-14T18:53:04.099000+00:00,2026-08-14T18:53:34.099000+00:00,,,,,,,,,,,,,,,,,,,,,,,,,,,,,,2026-08-17T09:53:05.732000+00:00,,,,,,,,,,,,,,,,,,,,,,,,,,,,,,,,,2.261253990118452,0.597977598266223,6.0,0.4926616585592376,0.18036324561249267,111.68228763219219,14.887708076753945,60.66182787035695,15.790155847520728,3.308914829560875,12624.504894295293,126.96861501036966,786.2447907165656,255.68732014693188
behavior_window,continuous,4958d349-1ff1-4f6b-8344-fca7d4d717aa,e21d6bcf-d489-452a-8434-9fdeb4a8a4ff,2026-08-17T09:53:05.732000+00:00,window_aggregate,,,,,,,,,,2026-08-14T18:53:04.099000+00:00,2026-08-14T18:53:34.099000+00:00,,,,,,,,,,,,,,,,,,,,,,,,,,,,,,2026-08-17T09:53:05.732000+00:00,,,,,,,,,,,,,,,,,,,,,,,,,,,,,,,,,2.261253990118452,0.597977598266223,6.0,0.4926616585592376,0.18036324561249267,111.68228763219219,14.887708076753945,60.66182787035695,15.790155847520728,3.308914829560875,12624.504894295293,126.96861501036966,786.2447907165656,255.68732014693188
behavior_window,continuous,4958d349-1ff1-4f6b-8344-fca7d4d717aa,e21d6bcf-d489-452a-8434-9fdeb4a8a4ff,2026-08-17T09:53:05.732000+00:00,window_aggregate,,,,,,,,,,2026-08-14T18:53:04.099000+00:00,2026-08-14T18:53:34.099000+00:00,,,,,,,,,,,,,,,,,,,,,,,,,,,,,,2026-08-17T09:53:05.732000+00:00,,,,,,,,,,,,,,,,,,,,,,,,,,,,,,,,,2.261253990118452,0.597977598266223,6.0,0.4926616585592376,0.18036324561249267,111.68228763219219,14.887708076753945,60.66182787035695,15.790155847520728,3.308914829560875,12624.504894295293,126.96861501036966,786.2447907165656,255.68732014693188
behavior_window,continuous,4958d349-1ff1-4f6b-8344-fca7d4d717aa,b18da398-8da7-48c4-a227-ad674d8de565,2026-08-17T09:53:05.733000+00:00,window_aggregate,,,,,,,,,,2026-08-15T12:53:04.099000+00:00,2026-08-15T12:53:34.099000+00:00,,,,,,,,,,,,,,,,,,,,,,,,,,,,,,2026-08-17T09:53:05.733000+00:00,,,,,,,,,,,,,,,,,,,,,,,,,,,,,,,,,2.6453318223089695,0.7052724906296027,1.0,0.2749996940838302,0.18691721408757206,82.10146721982595,14.435632964204734,84.85591747727244,11.985834402752605,5.639887761926793,38040.62672469846,196.38020546869572,881.6552947893622,199.39147776279862
behavior_window,continuous,4958d349-1ff1-4f6b-8344-fca7d4d717aa,b18da398-8da7-48c4-a227-ad674d8de565,2026-08-17T09:53:05.733000+00:00,window_aggregate,,,,,,,,,,2026-08-15T12:53:04.099000+00:00,2026-08-15T12:53:34.099000+00:00,,,,,,,,,,,,,,,,,,,,,,,,,,,,,,2026-08-17T09:53:05.733000+00:00,,,,,,,,,,,,,,,,,,,,,,,,,,,,,,,,,2.6453318223089695,0.7052724906296027,1.0,0.2749996940838302,0.18691721408757206,82.10146721982595,14.435632964204734,84.85591747727244,11.985834402752605,5.639887761926793,38040.62672469846,196.38020546869572,881.6552947893622,199.39147776279862
behavior_window,continuous,4958d349-1ff1-4f6b-8344-fca7d4d717aa,b18da398-8da7-48c4-a227-ad674d8de565,2026-08-17T09:53:05.733000+00:00,window_aggregate,,,,,,,,,,2026-08-15T12:53:04.099000+00:00,2026-08-15T12:53:34.099000+00:00,,,,,,,,,,,,,,,,,,,,,,,,,,,,,,2026-08-17T09:53:05.733000+00:00,,,,,,,,,,,,,,,,,,,,,,,,,,,,,,,,,2.6453318223089695,0.7052724906296027,1.0,0.2749996940838302,0.18691721408757206,82.10146721982595,14.435632964204734,84.85591747727244,11.985834402752605,5.639887761926793,38040.62672469846,196.38020546869572,881.6552947893622,199.39147776279862
behavior_window,continuous,4958d349-1ff1-4f6b-8344-fca7d4d717aa,3049d141-ca28-439a-869d-c8f2d5b5b882,2026-08-17T09:53:05.734000+00:00,window_aggregate,,,,,,,,,,2026-08-15T19:53:04.099000+00:00,2026-08-15T19:53:34.099000+00:00,,,,,,,,,,,,,,,,,,,,,,,,,,,,,,2026-08-17T09:53:05.734000+00:00,,,,,,,,,,,,,,,,,,,,,,,,,,,,,,,,,2.110054998004359,0.9298595083626193,3.0,0.4251866515942674,0.14914441770728873,129.32604775075322,25.530064483011408,76.39195041468268,12.83476513071673,4.237644892089542,44342.933595825336,140.15533341522928,1273.670152906483,442.15875051542406
behavior_window,continuous,4958d349-1ff1-4f6b-8344-fca7d4d717aa,3049d141-ca28-439a-869d-c8f2d5b5b882,2026-08-17T09:53:05.734000+00:00,window_aggregate,,,,,,,,,,2026-08-15T19:53:04.099000+00:00,2026-08-15T19:53:34.099000+00:00,,,,,,,,,,,,,,,,,,,,,,,,,,,,,,2026-08-17T09:53:05.734000+00:00,,,,,,,,,,,,,,,,,,,,,,,,,,,,,,,,,2.110054998004359,0.9298595083626193,3.0,0.4251866515942674,0.14914441770728873,129.32604775075322,25.530064483011408,76.39195041468268,12.83476513071673,4.237644892089542,44342.933595825336,140.15533341522928,1273.670152906483,442.15875051542406
behavior_window,continuous,4958d349-1ff1-4f6b-8344-fca7d4d717aa,3049d141-ca28-439a-869d-c8f2d5b5b882,2026-08-17T09:53:05.734000+00:00,window_aggregate,,,,,,,,,,2026-08-15T19:53:04.099000+00:00,2026-08-15T19:53:34.099000+00:00,,,,,,,,,,,,,,,,,,,,,,,,,,,,,,2026-08-17T09:53:05.734000+00:00,,,,,,,,,,,,,,,,,,,,,,,,,,,,,,,,,2.110054998004359,0.9298595083626193,3.0,0.4251866515942674,0.14914441770728873,129.32604775075322,25.530064483011408,76.39195041468268,12.83476513071673,4.237644892089542,44342.933595825336,140.15533341522928,1273.670152906483,442.15875051542406
behavior_window,continuous,4958d349-1ff1-4f6b-8344-fca7d4d717aa,e21d6bcf-d489-452a-8434-9fdeb4a8a4ff,2026-08-17T09:53:05.733000+00:00,window_aggregate,,,,,,,,,,2026-08-15T01:53:04.099000+00:00,2026-08-15T01:53:34.099000+00:00,,,,,,,,,,,,,,,,,,,,,,,,,,,,,,2026-08-17T09:53:05.733000+00:00,,,,,,,,,,,,,,,,,,,,,,,,,,,,,,,,,2.5033675841117167,0.279309843162963,10.0,0.1544581471162641,0.19627497005399214,99.13881974722591,10.10314245893422,100.80055049585785,26.70407424733081,3.9407279561278066,39887.852208313765,31.95744468479189,584.4932422884826,477.2299159001998
behavior_window,continuous,4958d349-1ff1-4f6b-8344-fca7d4d717aa,e21d6bcf-d489-452a-8434-9fdeb4a8a4ff,2026-08-17T09:53:05.733000+00:00,window_aggregate,,,,,,,,,,2026-08-15T01:53:04.099000+00:00,2026-08-15T01:53:34.099000+00:00,,,,,,,,,,,,,,,,,,,,,,,,,,,,,,2026-08-17T09:53:05.733000+00:00,,,,,,,,,,,,,,,,,,,,,,,,,,,,,,,,,2.5033675841117167,0.279309843162963,10.0,0.1544581471162641,0.19627497005399214,99.13881974722591,10.10314245893422,100.80055049585785,26.70407424733081,3.9407279561278066,39887.852208313765,31.95744468479189,584.4932422884826,477.2299159001998
behavior_window,continuous,4958d349-1ff1-4f6b-8344-fca7d4d717aa,e21d6bcf-d489-452a-8434-9fdeb4a8a4ff,2026-08-17T09:53:05.733000+00:00,window_aggregate,,,,,,,,,,2026-08-15T01:53:04.099000+00:00,2026-08-15T01:53:34.099000+00:00,,,,,,,,,,,,,,,,,,,,,,,,,,,,,,2026-08-17T09:53:05.733000+00:00,,,,,,,,,,,,,,,,,,,,,,,,,,,,,,,,,2.5033675841117167,0.279309843162963,10.0,0.1544581471162641,0.19627497005399214,99.13881974722591,10.10314245893422,100.80055049585785,26.70407424733081,3.9407279561278066,39887.852208313765,31.95744468479189,584.4932422884826,477.2299159001998
behavior_window,continuous,4958d349-1ff1-4f6b-8344-fca7d4d717aa,b18da398-8da7-48c4-a227-ad674d8de565,2026-08-17T09:53:05.733000+00:00,window_aggregate,,,,,,,,,,2026-08-16T10:53:04.099000+00:00,2026-08-16T10:53:34.099000+00:00,,,,,,,,,,,,,,,,,,,,,,,,,,,,,,2026-08-17T09:53:05.733000+00:00,,,,,,,,,,,,,,,,,,,,,,,,,,,,,,,,,2.1430698521209495,0.608395935716939,10.0,0.2756865119018116,0.1789833762150248,108.57608736825918,14.898241950827932,93.22151474592707,13.3190157894104,5.940023724800414,34721.53582928221,182.64346280299836,1374.8044728797604,175.32185610536374
behavior_window,continuous,4958d349-1ff1-4f6b-8344-fca7d4d717aa,b18da398-8da7-48c4-a227-ad674d8de565,2026-08-17T09:53:05.733000+00:00,window_aggregate,,,,,,,,,,2026-08-16T10:53:04.099000+00:00,2026-08-16T10:53:34.099000+00:00,,,,,,,,,,,,,,,,,,,,,,,,,,,,,,2026-08-17T09:53:05.733000+00:00,,,,,,,,,,,,,,,,,,,,,,,,,,,,,,,,,2.1430698521209495,0.608395935716939,10.0,0.2756865119018116,0.1789833762150248,108.57608736825918,14.898241950827932,93.22151474592707,13.3190157894104,5.940023724800414,34721.53582928221,182.64346280299836,1374.8044728797604,175.32185610536374
behavior_window,continuous,4958d349-1ff1-4f6b-8344-fca7d4d717aa,b18da398-8da7-48c4-a227-ad674d8de565,2026-08-17T09:53:05.733000+00:00,window_aggregate,,,,,,,,,,2026-08-16T10:53:04.099000+00:00,2026-08-16T10:53:34.099000+00:00,,,,,,,,,,,,,,,,,,,,,,,,,,,,,,2026-08-17T09:53:05.733000+00:00,,,,,,,,,,,,,,,,,,,,,,,,,,,,,,,,,2.1430698521209495,0.608395935716939,10.0,0.2756865119018116,0.1789833762150248,108.57608736825918,14.898241950827932,93.22151474592707,13.3190157894104,5.940023724800414,34721.53582928221,182.64346280299836,1374.8044728797604,175.32185610536374
behavior_window,continuous,4958d349-1ff1-4f6b-8344-fca7d4d717aa,ab8aa270-082d-4529-9b11-ad17b456a161,2026-08-17T09:53:05.733000+00:00,window_aggregate,,,,,,,,,,2026-08-15T02:53:04.099000+00:00,2026-08-15T02:53:34.099000+00:00,,,,,,,,,,,,,,,,,,,,,,,,,,,,,,2026-08-17T09:53:05.733000+00:00,,,,,,,,,,,,,,,,,,,,,,,,,,,,,,,,,1.3053420253157049,0.11962383481471701,8.0,0.24074003615289616,0.17973818796479707,90.16485646835551,26.635661705852566,96.24463751447871,18.230089388083133,4.754440359266589,45309.44708272432,475.44646281767234,987.8127951157473,449.67956858688603
behavior_window,continuous,4958d349-1ff1-4f6b-8344-fca7d4d717aa,ab8aa270-082d-4529-9b11-ad17b456a161,2026-08-17T09:53:05.733000+00:00,window_aggregate,,,,,,,,,,2026-08-15T02:53:04.099000+00:00,2026-08-15T02:53:34.099000+00:00,,,,,,,,,,,,,,,,,,,,,,,,,,,,,,2026-08-17T09:53:05.733000+00:00,,,,,,,,,,,,,,,,,,,,,,,,,,,,,,,,,1.3053420253157049,0.11962383481471701,8.0,0.24074003615289616,0.17973818796479707,90.16485646835551,26.635661705852566,96.24463751447871,18.230089388083133,4.754440359266589,45309.44708272432,475.44646281767234,987.8127951157473,449.67956858688603
behavior_window,continuous,4958d349-1ff1-4f6b-8344-fca7d4d717aa,ab8aa270-082d-4529-9b11-ad17b456a161,2026-08-17T09:53:05.733000+00:00,window_aggregate,,,,,,,,,,2026-08-15T02:53:04.099000+00:00,2026-08-15T02:53:34.099000+00:00,,,,,,,,,,,,,,,,,,,,,,,,,,,,,,2026-08-17T09:53:05.733000+00:00,,,,,,,,,,,,,,,,,,,,,,,,,,,,,,,,,1.3053420253157049,0.11962383481471701,8.0,0.24074003615289616,0.17973818796479707,90.16485646835551,26.635661705852566,96.24463751447871,18.230089388083133,4.754440359266589,45309.44708272432,475.44646281767234,987.8127951157473,449.67956858688603
behavior_window,continuous,4958d349-1ff1-4f6b-8344-fca7d4d717aa,ab8aa270-082d-4529-9b11-ad17b456a161,2026-08-17T09:53:05.733000+00:00,window_aggregate,,,,,,,,,,2026-08-14T17:53:04.099000+00:00,2026-08-14T17:53:34.099000+00:00,,,,,,,,,,,,,,,,,,,,,,,,,,,,,,2026-08-17T09:53:05.733000+00:00,,,,,,,,,,,,,,,,,,,,,,,,,,,,,,,,,1.1524762487981968,0.4626987545320985,4.0,0.24648644560124444,0.0950323389144428,131.88498065671698,21.567694526385072,114.55698337383213,21.606939670666293,3.2590880090861876,7505.467468395165,249.16468877056946,1083.4433790698722,375.65735879842396
behavior_window,continuous,4958d349-1ff1-4f6b-8344-fca7d4d717aa,ab8aa270-082d-4529-9b11-ad17b456a161,2026-08-17T09:53:05.733000+00:00,window_aggregate,,,,,,,,,,2026-08-14T17:53:04.099000+00:00,2026-08-14T17:53:34.099000+00:00,,,,,,,,,,,,,,,,,,,,,,,,,,,,,,2026-08-17T09:53:05.733000+00:00,,,,,,,,,,,,,,,,,,,,,,,,,,,,,,,,,1.1524762487981968,0.4626987545320985,4.0,0.24648644560124444,0.0950323389144428,131.88498065671698,21.567694526385072,114.55698337383213,21.606939670666293,3.2590880090861876,7505.467468395165,249.16468877056946,1083.4433790698722,375.65735879842396
behavior_window,continuous,4958d349-1ff1-4f6b-8344-fca7d4d717aa,ab8aa270-082d-4529-9b11-ad17b456a161,2026-08-17T09:53:05.733000+00:00,window_aggregate,,,,,,,,,,2026-08-14T17:53:04.099000+00:00,2026-08-14T17:53:34.099000+00:00,,,,,,,,,,,,,,,,,,,,,,,,,,,,,,2026-08-17T09:53:05.733000+00:00,,,,,,,,,,,,,,,,,,,,,,,,,,,,,,,,,1.1524762487981968,0.4626987545320985,4.0,0.24648644560124444,0.0950323389144428,131.88498065671698,21.567694526385072,114.55698337383213,21.606939670666293,3.2590880090861876,7505.467468395165,249.16468877056946,1083.4433790698722,375.65735879842396
behavior_window,continuous,4958d349-1ff1-4f6b-8344-fca7d4d717aa,dd8db810-64d3-4a3e-b264-bbb8473ae07b,2026-08-17T09:53:05.734000+00:00,window_aggregate,,,,,,,,,,2026-08-16T21:53:04.099000+00:00,2026-08-16T21:53:34.099000+00:00,,,,,,,,,,,,,,,,,,,,,,,,,,,,,,2026-08-17T09:53:05.734000+00:00,,,,,,,,,,,,,,,,,,,,,,,,,,,,,,,,,2.9618965975238702,0.5361998128888827,1.0,0.2027117794127513,0.19270281989269328,129.03075447738084,38.984993647377294,51.938383249539285,19.569901894206076,3.9884041308716363,23158.59263985072,156.88611742277092,708.8513253222459,496.76157251696947
behavior_window,continuous,4958d349-1ff1-4f6b-8344-fca7d4d717aa,dd8db810-64d3-4a3e-b264-bbb8473ae07b,2026-08-17T09:53:05.734000+00:00,window_aggregate,,,,,,,,,,2026-08-16T21:53:04.099000+00:00,2026-08-16T21:53:34.099000+00:00,,,,,,,,,,,,,,,,,,,,,,,,,,,,,,2026-08-17T09:53:05.734000+00:00,,,,,,,,,,,,,,,,,,,,,,,,,,,,,,,,,2.9618965975238702,0.5361998128888827,1.0,0.2027117794127513,0.19270281989269328,129.03075447738084,38.984993647377294,51.938383249539285,19.569901894206076,3.9884041308716363,23158.59263985072,156.88611742277092,708.8513253222459,496.76157251696947
behavior_window,continuous,4958d349-1ff1-4f6b-8344-fca7d4d717aa,dd8db810-64d3-4a3e-b264-bbb8473ae07b,2026-08-17T09:53:05.734000+00:00,window_aggregate,,,,,,,,,,2026-08-16T21:53:04.099000+00:00,2026-08-16T21:53:34.099000+00:00,,,,,,,,,,,,,,,,,,,,,,,,,,,,,,2026-08-17T09:53:05.734000+00:00,,,,,,,,,,,,,,,,,,,,,,,,,,,,,,,,,2.9618965975238702,0.5361998128888827,1.0,0.2027117794127513,0.19270281989269328,129.03075447738084,38.984993647377294,51.938383249539285,19.569901894206076,3.9884041308716363,23158.59263985072,156.88611742277092,708.8513253222459,496.76157251696947
behavior_window,continuous,4958d349-1ff1-4f6b-8344-fca7d4d717aa,3049d141-ca28-439a-869d-c8f2d5b5b882,2026-08-17T09:53:05.734000+00:00,window_aggregate,,,,,,,,,,2026-08-16T19:53:04.099000+00:00,2026-08-16T19:53:34.099000+00:00,,,,,,,,,,,,,,,,,,,,,,,,,,,,,,2026-08-17T09:53:05.734000+00:00,,,,,,,,,,,,,,,,,,,,,,,,,,,,,,,,,1.2985185532083647,0.3450369643076633,7.0,0.3844094392473171,0.13890402072381106,88.23031607202837,32.385720254768344,81.3587212050181,18.578092456100542,3.2666747227356048,12246.05960403155,51.79725234218413,529.5389964227988,305.9055331947531
behavior_window,continuous,4958d349-1ff1-4f6b-8344-fca7d4d717aa,3049d141-ca28-439a-869d-c8f2d5b5b882,2026-08-17T09:53:05.734000+00:00,window_aggregate,,,,,,,,,,2026-08-16T19:53:04.099000+00:00,2026-08-16T19:53:34.099000+00:00,,,,,,,,,,,,,,,,,,,,,,,,,,,,,,2026-08-17T09:53:05.734000+00:00,,,,,,,,,,,,,,,,,,,,,,,,,,,,,,,,,1.2985185532083647,0.3450369643076633,7.0,0.3844094392473171,0.13890402072381106,88.23031607202837,32.385720254768344,81.3587212050181,18.578092456100542,3.2666747227356048,12246.05960403155,51.79725234218413,529.5389964227988,305.9055331947531
behavior_window,continuous,4958d349-1ff1-4f6b-8344-fca7d4d717aa,3049d141-ca28-439a-869d-c8f2d5b5b882,2026-08-17T09:53:05.734000+00:00,window_aggregate,,,,,,,,,,2026-08-16T19:53:04.099000+00:00,2026-08-16T19:53:34.099000+00:00,,,,,,,,,,,,,,,,,,,,,,,,,,,,,,2026-08-17T09:53:05.734000+00:00,,,,,,,,,,,,,,,,,,,,,,,,,,,,,,,,,1.2985185532083647,0.3450369643076633,7.0,0.3844094392473171,0.13890402072381106,88.23031607202837,32.385720254768344,81.3587212050181,18.578092456100542,3.2666747227356048,12246.05960403155,51.79725234218413,529.5389964227988,305.9055331947531
behavior_window,continuous,4958d349-1ff1-4f6b-8344-fca7d4d717aa,dd8db810-64d3-4a3e-b264-bbb8473ae07b,2026-08-17T09:53:05.734000+00:00,window_aggregate,,,,,,,,,,2026-08-14T21:53:04.099000+00:00,2026-08-14T21:53:34.099000+00:00,,,,,,,,,,,,,,,,,,,,,,,,,,,,,,2026-08-17T09:53:05.734000+00:00,,,,,,,,,,,,,,,,,,,,,,,,,,,,,,,,,1.8940748631078077,0.7587455214578027,0.0,0.394297235620758,0.05057101368388514,85.96475235527618,13.855792247956623,90.44782895503997,25.842830666702376,4.863545322215896,24685.61945831576,59.031610477648435,915.7782565546065,185.97222503628512
behavior_window,continuous,4958d349-1ff1-4f6b-8344-fca7d4d717aa,dd8db810-64d3-4a3e-b264-bbb8473ae07b,2026-08-17T09:53:05.734000+00:00,window_aggregate,,,,,,,,,,2026-08-14T21:53:04.099000+00:00,2026-08-14T21:53:34.099000+00:00,,,,,,,,,,,,,,,,,,,,,,,,,,,,,,2026-08-17T09:53:05.734000+00:00,,,,,,,,,,,,,,,,,,,,,,,,,,,,,,,,,1.8940748631078077,0.7587455214578027,0.0,0.394297235620758,0.05057101368388514,85.96475235527618,13.855792247956623,90.44782895503997,25.842830666702376,4.863545322215896,24685.61945831576,59.031610477648435,915.7782565546065,185.97222503628512
behavior_window,continuous,4958d349-1ff1-4f6b-8344-fca7d4d717aa,dd8db810-64d3-4a3e-b264-bbb8473ae07b,2026-08-17T09:53:05.734000+00:00,window_aggregate,,,,,,,,,,2026-08-14T21:53:04.099000+00:00,2026-08-14T21:53:34.099000+00:00,,,,,,,,,,,,,,,,,,,,,,,,,,,,,,2026-08-17T09:53:05.734000+00:00,,,,,,,,,,,,,,,,,,,,,,,,,,,,,,,,,1.8940748631078077,0.7587455214578027,0.0,0.394297235620758,0.05057101368388514,85.96475235527618,13.855792247956623,90.44782895503997,25.842830666702376,4.863545322215896,24685.61945831576,59.031610477648435,915.7782565546065,185.97222503628512
behavior_window,continuous,4958d349-1ff1-4f6b-8344-fca7d4d717aa,e21d6bcf-d489-452a-8434-9fdeb4a8a4ff,2026-08-17T09:53:05.733000+00:00,window_aggregate,,,,,,,,,,2026-08-14T16:53:04.099000+00:00,2026-08-14T16:53:34.099000+00:00,,,,,,,,,,,,,,,,,,,,,,,,,,,,,,2026-08-17T09:53:05.733000+00:00,,,,,,,,,,,,,,,,,,,,,,,,,,,,,,,,,0.644358231492992,0.8535605074457161,6.0,0.45452363732231393,0.1972306287993162,141.73963250092433,38.91853941552289,68.0205170290334,14.712050154194243,4.4187203220692925,44871.85587039932,414.2164339674413,634.8199386150504,229.73305825021617
behavior_window,continuous,4958d349-1ff1-4f6b-8344-fca7d4d717aa,e21d6bcf-d489-452a-8434-9fdeb4a8a4ff,2026-08-17T09:53:05.733000+00:00,window_aggregate,,,,,,,,,,2026-08-14T16:53:04.099000+00:00,2026-08-14T16:53:34.099000+00:00,,,,,,,,,,,,,,,,,,,,,,,,,,,,,,2026-08-17T09:53:05.733000+00:00,,,,,,,,,,,,,,,,,,,,,,,,,,,,,,,,,0.644358231492992,0.8535605074457161,6.0,0.45452363732231393,0.1972306287993162,141.73963250092433,38.91853941552289,68.0205170290334,14.712050154194243,4.4187203220692925,44871.85587039932,414.2164339674413,634.8199386150504,229.73305825021617
behavior_window,continuous,4958d349-1ff1-4f6b-8344-fca7d4d717aa,e21d6bcf-d489-452a-8434-9fdeb4a8a4ff,2026-08-17T09:53:05.733000+00:00,window_aggregate,,,,,,,,,,2026-08-14T16:53:04.099000+00:00,2026-08-14T16:53:34.099000+00:00,,,,,,,,,,,,,,,,,,,,,,,,,,,,,,2026-08-17T09:53:05.733000+00:00,,,,,,,,,,,,,,,,,,,,,,,,,,,,,,,,,0.644358231492992,0.8535605074457161,6.0,0.45452363732231393,0.1972306287993162,141.73963250092433,38.91853941552289,68.0205170290334,14.712050154194243,4.4187203220692925,44871.85587039932,414.2164339674413,634.8199386150504,229.73305825021617
behavior_window,continuous,4958d349-1ff1-4f6b-8344-fca7d4d717aa,b18da398-8da7-48c4-a227-ad674d8de565,2026-08-17T09:53:05.733000+00:00,window_aggregate,,,,,,,,,,2026-08-17T09:53:04.099000+00:00,2026-08-17T09:53:34.099000+00:00,,,,,,,,,,,,,,,,,,,,,,,,,,,,,,2026-08-17T09:53:05.733000+00:00,,,,,,,,,,,,,,,,,,,,,,,,,,,,,,,,,0.6848206242436947,0.9221494599366746,3.0,0.11536390947474394,0.1342231296771979,111.34853246713323,28.765937414682824,50.724743457166575,19.146205827394503,4.164532863133452,31675.108165129022,329.1616892434993,1430.1978514343405,214.07647643692155
behavior_window,continuous,4958d349-1ff1-4f6b-8344-fca7d4d717aa,b18da398-8da7-48c4-a227-ad674d8de565,2026-08-17T09:53:05.733000+00:00,window_aggregate,,,,,,,,,,2026-08-17T09:53:04.099000+00:00,2026-08-17T09:53:34.099000+00:00,,,,,,,,,,,,,,,,,,,,,,,,,,,,,,2026-08-17T09:53:05.733000+00:00,,,,,,,,,,,,,,,,,,,,,,,,,,,,,,,,,0.6848206242436947,0.9221494599366746,3.0,0.11536390947474394,0.1342231296771979,111.34853246713323,28.765937414682824,50.724743457166575,19.146205827394503,4.164532863133452,31675.108165129022,329.1616892434993,1430.1978514343405,214.07647643692155
behavior_window,continuous,4958d349-1ff1-4f6b-8344-fca7d4d717aa,b18da398-8da7-48c4-a227-ad674d8de565,2026-08-17T09:53:05.733000+00:00,window_aggregate,,,,,,,,,,2026-08-17T09:53:04.099000+00:00,2026-08-17T09:53:34.099000+00:00,,,,,,,,,,,,,,,,,,,,,,,,,,,,,,2026-08-17T09:53:05.733000+00:00,,,,,,,,,,,,,,,,,,,,,,,,,,,,,,,,,0.6848206242436947,0.9221494599366746,3.0,0.11536390947474394,0.1342231296771979,111.34853246713323,28.765937414682824,50.724743457166575,19.146205827394503,4.164532863133452,31675.108165129022,329.1616892434993,1430.1978514343405,214.07647643692155
behavior_window,continuous,4958d349-1ff1-4f6b-8344-fca7d4d717aa,ab8aa270-082d-4529-9b11-ad17b456a161,2026-08-17T09:53:05.733000+00:00,window_aggregate,,,,,,,,,,2026-08-15T12:53:04.099000+00:00,2026-08-15T12:53:34.099000+00:00,,,,,,,,,,,,,,,,,,,,,,,,,,,,,,2026-08-17T09:53:05.733000+00:00,,,,,,,,,,,,,,,,,,,,,,,,,,,,,,,,,2.1102608128107843,0.9070867782656505,5.0,0.29033369587033353,0.07848851901073645,137.67137599756308,11.407656146916421,111.3306131363406,24.57810028501534,4.879254902116189,10753.643767773185,248.6998776713793,603.1499833387506,407.2725621536418
behavior_window,continuous,4958d349-1ff1-4f6b-8344-fca7d4d717aa,ab8aa270-082d-4529-9b11-ad17b456a161,2026-08-17T09:53:05.733000+00:00,window_aggregate,,,,,,,,,,2026-08-15T12:53:04.099000+00:00,2026-08-15T12:53:34.099000+00:00,,,,,,,,,,,,,,,,,,,,,,,,,,,,,,2026-08-17T09:53:05.733000+00:00,,,,,,,,,,,,,,,,,,,,,,,,,,,,,,,,,2.1102608128107843,0.9070867782656505,5.0,0.29033369587033353,0.07848851901073645,137.67137599756308,11.407656146916421,111.3306131363406,24.57810028501534,4.879254902116189,10753.643767773185,248.6998776713793,603.1499833387506,407.2725621536418
behavior_window,continuous,4958d349-1ff1-4f6b-8344-fca7d4d717aa,ab8aa270-082d-4529-9b11-ad17b456a161,2026-08-17T09:53:05.733000+00:00,window_aggregate,,,,,,,,,,2026-08-15T12:53:04.099000+00:00,2026-08-15T12:53:34.099000+00:00,,,,,,,,,,,,,,,,,,,,,,,,,,,,,,2026-08-17T09:53:05.733000+00:00,,,,,,,,,,,,,,,,,,,,,,,,,,,,,,,,,2.1102608128107843,0.9070867782656505,5.0,0.29033369587033353,0.07848851901073645,137.67137599756308,11.407656146916421,111.3306131363406,24.57810028501534,4.879254902116189,10753.643767773185,248.6998776713793,603.1499833387506,407.2725621536418
behavior_window,continuous,4958d349-1ff1-4f6b-8344-fca7d4d717aa,3049d141-ca28-439a-869d-c8f2d5b5b882,2026-08-17T09:53:05.734000+00:00,window_aggregate,,,,,,,,,,2026-08-17T05:53:04.099000+00:00,2026-08-17T05:53:34.099000+00:00,,,,,,,,,,,,,,,,,,,,,,,,,,,,,,2026-08-17T09:53:05.734000+00:00,,,,,,,,,,,,,,,,,,,,,,,,,,,,,,,,,1.5660583582397853,0.30325140701421494,1.0,0.4705358852879311,0.12400146878339004,111.76162975218364,16.4837243104758,90.07349796248843,7.422948517639126,4.593001972725319,17612.07645111604,100.92734809384446,784.3887572048598,186.95347952339898
behavior_window,continuous,4958d349-1ff1-4f6b-8344-fca7d4d717aa,3049d141-ca28-439a-869d-c8f2d5b5b882,2026-08-17T09:53:05.734000+00:00,window_aggregate,,,,,,,,,,2026-08-17T05:53:04.099000+00:00,2026-08-17T05:53:34.099000+00:00,,,,,,,,,,,,,,,,,,,,,,,,,,,,,,2026-08-17T09:53:05.734000+00:00,,,,,,,,,,,,,,,,,,,,,,,,,,,,,,,,,1.5660583582397853,0.30325140701421494,1.0,0.4705358852879311,0.12400146878339004,111.76162975218364,16.4837243104758,90.07349796248843,7.422948517639126,4.593001972725319,17612.07645111604,100.92734809384446,784.3887572048598,186.95347952339898
behavior_window,continuous,4958d349-1ff1-4f6b-8344-fca7d4d717aa,3049d141-ca28-439a-869d-c8f2d5b5b882,2026-08-17T09:53:05.734000+00:00,window_aggregate,,,,,,,,,,2026-08-17T05:53:04.099000+00:00,2026-08-17T05:53:34.099000+00:00,,,,,,,,,,,,,,,,,,,,,,,,,,,,,,2026-08-17T09:53:05.734000+00:00,,,,,,,,,,,,,,,,,,,,,,,,,,,,,,,,,1.5660583582397853,0.30325140701421494,1.0,0.4705358852879311,0.12400146878339004,111.76162975218364,16.4837243104758,90.07349796248843,7.422948517639126,4.593001972725319,17612.07645111604,100.92734809384446,784.3887572048598,186.95347952339898
behavior_window,continuous,4958d349-1ff1-4f6b-8344-fca7d4d717aa,3049d141-ca28-439a-869d-c8f2d5b5b882,2026-08-17T09:53:05.734000+00:00,window_aggregate,,,,,,,,,,2026-08-17T08:53:04.099000+00:00,2026-08-17T08:53:34.099000+00:00,,,,,,,,,,,,,,,,,,,,,,,,,,,,,,2026-08-17T09:53:05.734000+00:00,,,,,,,,,,,,,,,,,,,,,,,,,,,,,,,,,2.6166589827379854,0.599893608043465,7.0,0.41239314644991387,0.15192169809236594,88.01764867227779,13.196498213245034,112.51233409553267,10.148091888013703,4.049444545472527,17352.000360402217,31.230865641736937,979.451071109641,384.2153857182545
behavior_window,continuous,4958d349-1ff1-4f6b-8344-fca7d4d717aa,3049d141-ca28-439a-869d-c8f2d5b5b882,2026-08-17T09:53:05.734000+00:00,window_aggregate,,,,,,,,,,2026-08-17T08:53:04.099000+00:00,2026-08-17T08:53:34.099000+00:00,,,,,,,,,,,,,,,,,,,,,,,,,,,,,,2026-08-17T09:53:05.734000+00:00,,,,,,,,,,,,,,,,,,,,,,,,,,,,,,,,,2.6166589827379854,0.599893608043465,7.0,0.41239314644991387,0.15192169809236594,88.01764867227779,13.196498213245034,112.51233409553267,10.148091888013703,4.049444545472527,17352.000360402217,31.230865641736937,979.451071109641,384.2153857182545
behavior_window,continuous,4958d349-1ff1-4f6b-8344-fca7d4d717aa,3049d141-ca28-439a-869d-c8f2d5b5b882,2026-08-17T09:53:05.734000+00:00,window_aggregate,,,,,,,,,,2026-08-17T08:53:04.099000+00:00,2026-08-17T08:53:34.099000+00:00,,,,,,,,,,,,,,,,,,,,,,,,,,,,,,2026-08-17T09:53:05.734000+00:00,,,,,,,,,,,,,,,,,,,,,,,,,,,,,,,,,2.6166589827379854,0.599893608043465,7.0,0.41239314644991387,0.15192169809236594,88.01764867227779,13.196498213245034,112.51233409553267,10.148091888013703,4.049444545472527,17352.000360402217,31.230865641736937,979.451071109641,384.2153857182545
behavior_window,continuous,4958d349-1ff1-4f6b-8344-fca7d4d717aa,3049d141-ca28-439a-869d-c8f2d5b5b882,2026-08-17T09:53:05.734000+00:00,window_aggregate,,,,,,,,,,2026-08-15T09:53:04.099000+00:00,2026-08-15T09:53:34.099000+00:00,,,,,,,,,,,,,,,,,,,,,,,,,,,,,,2026-08-17T09:53:05.734000+00:00,,,,,,,,,,,,,,,,,,,,,,,,,,,,,,,,,1.7240384334167096,0.9126955102151052,4.0,0.4731440077556305,0.08862329194850169,105.09712433704516,32.071746711571876,100.97091836382947,12.408201962045815,5.667331185211239,14711.35631878045,337.7483126708194,1277.2556357906628,355.99422367064494
behavior_window,continuous,4958d349-1ff1-4f6b-8344-fca7d4d717aa,3049d141-ca28-439a-869d-c8f2d5b5b882,2026-08-17T09:53:05.734000+00:00,window_aggregate,,,,,,,,,,2026-08-15T09:53:04.099000+00:00,2026-08-15T09:53:34.099000+00:00,,,,,,,,,,,,,,,,,,,,,,,,,,,,,,2026-08-17T09:53:05.734000+00:00,,,,,,,,,,,,,,,,,,,,,,,,,,,,,,,,,1.7240384334167096,0.9126955102151052,4.0,0.4731440077556305,0.08862329194850169,105.09712433704516,32.071746711571876,100.97091836382947,12.408201962045815,5.667331185211239,14711.35631878045,337.7483126708194,1277.2556357906628,355.99422367064494
behavior_window,continuous,4958d349-1ff1-4f6b-8344-fca7d4d717aa,3049d141-ca28-439a-869d-c8f2d5b5b882,2026-08-17T09:53:05.734000+00:00,window_aggregate,,,,,,,,,,2026-08-15T09:53:04.099000+00:00,2026-08-15T09:53:34.099000+00:00,,,,,,,,,,,,,,,,,,,,,,,,,,,,,,2026-08-17T09:53:05.734000+00:00,,,,,,,,,,,,,,,,,,,,,,,,,,,,,,,,,1.7240384334167096,0.9126955102151052,4.0,0.4731440077556305,0.08862329194850169,105.09712433704516,32.071746711571876,100.97091836382947,12.408201962045815,5.667331185211239,14711.35631878045,337.7483126708194,1277.2556357906628,355.99422367064494
behavior_window,continuous,4958d349-1ff1-4f6b-8344-fca7d4d717aa,fabcc866-0af6-4c58-b795-fdb8040fd04f,2026-09-06T09:46:20.574000+00:00,window_aggregate,,,,,,,,,,1970-01-01T00:02:44.621000+00:00,1970-01-01T00:03:14.622000+00:00,,,,,,,,,,,,,,,,,,,,,,,,,,,,,,2026-09-06T09:46:20.574000+00:00,,,,,,,,,,,,,,,,,,,,,,,,,,,,,,,,,-0.001476,0.025758,3.0,0.18917,0.235235,0.0,0.0,0.0,0.0,0.0,4949.82,0.0,1.5433,1.4873
behavior_window,continuous,4958d349-1ff1-4f6b-8344-fca7d4d717aa,fabcc866-0af6-4c58-b795-fdb8040fd04f,2026-09-06T09:46:20.574000+00:00,window_aggregate,,,,,,,,,,1970-01-01T00:02:44.621000+00:00,1970-01-01T00:03:14.622000+00:00,,,,,,,,,,,,,,,,,,,,,,,,,,,,,,2026-09-06T09:46:20.574000+00:00,,,,,,,,,,,,,,,,,,,,,,,,,,,,,,,,,-0.001476,0.025758,3.0,0.18917,0.235235,0.0,0.0,0.0,0.0,0.0,4949.82,0.0,1.5433,1.4873
behavior_window,continuous,4958d349-1ff1-4f6b-8344-fca7d4d717aa,fabcc866-0af6-4c58-b795-fdb8040fd04f,2026-09-06T09:46:20.574000+00:00,window_aggregate,,,,,,,,,,1970-01-01T00:02:44.621000+00:00,1970-01-01T00:03:14.622000+00:00,,,,,,,,,,,,,,,,,,,,,,,,,,,,,,2026-09-06T09:46:20.574000+00:00,,,,,,,,,,,,,,,,,,,,,,,,,,,,,,,,,-0.001476,0.025758,3.0,0.18917,0.235235,0.0,0.0,0.0,0.0,0.0,4949.82,0.0,1.5433,1.4873
