record_type,source,user_id,session_id,timestamp,event_type,key_code,key_char,dwell_time_ms,flight_time_ms,x,y,delta_x,delta_y,velocity,window_start,window_end,task_type,task_index,trial_index,text_length,backspace_count,correction_count,total_duration_ms,pause_duration_ms,target_id,target_size,click_duration_ms,page,device_id,typing_speed,mean_key_hold,std_key_hold,mean_flight_time,std_flight_time,backspace_rate,correction_rate,pause_mean,pause_std,mouse_speed_mean,mouse_speed_std,mouse_acceleration,click_interval_mean,scroll_speed,trajectory_length,direction_changes,target_acquisition_mean,feature_created_at,training_fv_backspace_rate,training_fv_click_interval_mean,training_fv_correction_rate,training_fv_direction_changes,training_fv_mean_flight_time,training_fv_mean_key_hold,training_fv_mouse_acceleration,training_fv_mouse_speed_mean,training_fv_mouse_speed_std,training_fv_pause_mean,training_fv_pause_std,training_fv_scroll_speed,training_fv_std_flight_time,training_fv_std_key_hold,training_fv_target_acquisition_mean,training_fv_total_duration_ms,training_fv_trajectory_length,training_fv_typing_speed,behavioral_fv_accelerationMean,behavioral_fv_accelerationStd,behavioral_fv_clickCount,behavioral_fv_curvatureMean,behavioral_fv_curvatureStd,behavioral_fv_dwellMeanMs,behavioral_fv_dwellStdMs,behavioral_fv_flightMeanMs,behavioral_fv_flightStdMs,behavioral_fv_keysPerSec,behavioral_fv_mouseTravelPx,behavioral_fv_scrollAmount,behavioral_fv_velocityMean,behavioral_fv_velocityStd,window_f_accelerationMean,window_f_accelerationStd,window_f_clickCount,window_f_curvatureMean,window_f_curvatureStd,window_f_dwellMeanMs,window_f_dwellStdMs,window_f_flightMeanMs,window_f_flightStdMs,window_f_keysPerSec,window_f_mouseTravelPx,window_f_scrollAmount,window_f_velocityMean,window_f_velocityStd
training_event,training,e92e7c09-c1b8-4f72-a7a8-f75077608d1b,4c410b35-5bef-4e75-9e01-20c9ba4dfcd3,2026-08-16T08:41:52.149000+00:00,keyup,65,Q,140.54297262412126,115.58935892842834,,,,,,,,repeated_typing,3,9,65,0,0,25013.27109846116,2436.060558498721,,,,training/repeated_typing,seed_device_e92e7c09,,,,,,,,,,,,,,,,,,,,,,,,,,,,,,,,,,,,,,,,,,,,,,,,,,,,,,,,,,,,,,,,,,
training_event,training,e92e7c09-c1b8-4f72-a7a8-f75077608d1b,244a3cf7-1f25-4657-89e4-8763a2fb89ac,2026-08-15T22:41:52.149000+00:00,mouse_click,,,,,1250.4000804672214,347.4256059722642,,,,,,paragraph_typing,2,4,,,,1721.8470674131927,,target_3,small,131.6526382084587,training/paragraph_typing,seed_device_e92e7c09,,,,,,,,,,,,,,,,,,,,,,,,,,,,,,,,,,,,,,,,,,,,,,,,,,,,,,,,,,,,,,,,,,
training_event,training,e92e7c09-c1b8-4f72-a7a8-f75077608d1b,244a3cf7-1f25-4657-89e4-8763a2fb89ac,2026-08-13T02:41:52.149000+00:00,mouse_scroll,,,,,306.5532087028727,428.29672725263464,,32.95117702406999,,,,paragraph_typing,0,9,,,,8571.43977095154,,,,,training/paragraph_typing,seed_device_e92e7c09,,,,,,,,,,,,,,,,,,,,,,,,,,,,,,,,,,,,,,,,,,,,,,,,,,,,,,,,,,,,,,,,,,
training_event,training,e92e7c09-c1b8-4f72-a7a8-f75077608d1b,244a3cf7-1f25-4657-89e4-8763a2fb89ac,2026-08-16T18:41:52.149000+00:00,mouse_click,,,,,172.79586862198835,564.3780892613121,,,,,,paragraph_typing,0,1,,,,6383.340954716034,,target_11,medium,163.3466237062667,training/paragraph_typing,seed_device_e92e7c09,,,,,,,,,,,,,,,,,,,,,,,,,,,,,,,,,,,,,,,,,,,,,,,,,,,,,,,,,,,,,,,,,,
training_event,training,e92e7c09-c1b8-4f72-a7a8-f75077608d1b,244a3cf7-1f25-4657-89e4-8763a2fb89ac,2026-08-15T09:41:52.149000+00:00,keyup,76,S,127.18206283597002,137.87526877992704,,,,,,,,paragraph_typing,0,5,65,3,2,26581.46381116379,2256.778775800553,,,,training/paragraph_typing,seed_device_e92e7c09,,,,,,,,,,,,,,,,,,,,,,,,,,,,,,,,,,,,,,,,,,,,,,,,,,,,,,,,,,,,,,,,,,
training_event,training,e92e7c09-c1b8-4f72-a7a8-f75077608d1b,244a3cf7-1f25-4657-89e4-8763a2fb89ac,2026-08-16T12:41:52.149000+00:00,keyup,75,H,175.21517828055408,63.550560265717365,,,,,,,,paragraph_typing,3,0,56,1,0,11611.446865549962,363.3775879563217,,,,training/paragraph_typing,seed_device_e92e7c09,,,,,,,,,,,,,,,,,,,,,,,,,,,,,,,,,,,,,,,,,,,,,,,,,,,,,,,,,,,,,,,,,,
training_event,training,e92e7c09-c1b8-4f72-a7a8-f75077608d1b,244a3cf7-1f25-4657-89e4-8763a2fb89ac,2026-08-13T01:41:52.149000+00:00,mouse_click,,,,,1527.3498356870502,247.09226117222397,,,,,,paragraph_typing,1,6,,,,11987.77837213262,,target_9,large,51.07482483141885,training/paragraph_typing,seed_device_e92e7c09,,,,,,,,,,,,,,,,,,,,,,,,,,,,,,,,,,,,,,,,,,,,,,,,,,,,,,,,,,,,,,,,,,
training_event,training,e92e7c09-c1b8-4f72-a7a8-f75077608d1b,fb631f58-25c1-46bf-b368-d8d518aefb4d,2026-08-11T22:41:52.149000+00:00,keyup,89,D,141.02425355638573,64.28774746703957,,,,,,,,controlled_typing,3,2,70,0,2,27988.62647453941,797.9726274583537,,,,training/controlled_typing,seed_device_e92e7c09,,,,,,,,,,,,,,,,,,,,,,,,,,,,,,,,,,,,,,,,,,,,,,,,,,,,,,,,,,,,,,,,,,
training_event,training,e92e7c09-c1b8-4f72-a7a8-f75077608d1b,fb631f58-25c1-46bf-b368-d8d518aefb4d,2026-08-16T06:41:52.149000+00:00,mouse_scroll,,,,,606.2415108136418,417.387735194473,,45.00596570433035,,,,controlled_typing,4,0,,,,7673.178560553411,,,,,training/controlled_typing,seed_device_e92e7c09,,,,,,,,,,,,,,,,,,,,,,,,,,,,,,,,,,,,,,,,,,,,,,,,,,,,,,,,,,,,,,,,,,
training_event,training,e92e7c09-c1b8-4f72-a7a8-f75077608d1b,fb631f58-25c1-46bf-b368-d8d518aefb4d,2026-08-16T03:41:52.149000+00:00,mouse_scroll,,,,,664.2277198464274,844.9847910925171,,-9.413155451566205,,,,controlled_typing,3,9,,,,3233.6742255831546,,,,,training/controlled_typing,seed_device_e92e7c09,,,,,,,,,,,,,,,,,,,,,,,,,,,,,,,,,,,,,,,,,,,,,,,,,,,,,,,,,,,,,,,,,,
training_event,training,e92e7c09-c1b8-4f72-a7a8-f75077608d1b,4c410b35-5bef-4e75-9e01-20c9ba4dfcd3,2026-08-14T09:41:52.149000+00:00,mouse_move,,,,,182.6738209753707,322.67894643819807,,,,,,repeated_typing,0,5,,,,20944.712274739766,,,,,training/repeated_typing,seed_device_e92e7c09,,,,,,,,,,,,,,,,,,,,,,,,,,,,,,,,,,,,,,,,,,,,,,,,,,,,,,,,,,,,,,,,,,
training_event,training,e92e7c09-c1b8-4f72-a7a8-f75077608d1b,4c410b35-5bef-4e75-9e01-20c9ba4dfcd3,2026-08-14T04:41:52.149000+00:00,mouse_scroll,,,,,507.9617335803946,812.2784030814223,,34.984897896054036,,,,repeated_typing,3,7,,,,3992.7467781427677,,,,,training/repeated_typing,seed_device_e92e7c09,,,,,,,,,,,,,,,,,,,,,,,,,,,,,,,,,,,,,,,,,,,,,,,,,,,,,,,,,,,,,,,,,,
training_event,training,e92e7c09-c1b8-4f72-a7a8-f75077608d1b,244a3cf7-1f25-4657-89e4-8763a2fb89ac,2026-08-12T00:41:52.149000+00:00,mouse_move,,,,,1226.2062466893428,379.09103352535186,,,,,,paragraph_typing,0,2,,,,19650.248152223176,,,,,training/paragraph_typing,seed_device_e92e7c09,,,,,,,,,,,,,,,,,,,,,,,,,,,,,,,,,,,,,,,,,,,,,,,,,,,,,,,,,,,,,,,,,,
training_event,training,e92e7c09-c1b8-4f72-a7a8-f75077608d1b,244a3cf7-1f25-4657-89e4-8763a2fb89ac,2026-08-12T17:41:52.149000+00:00,mouse_click,,,,,1420.5048787380329,117.69078855157736,,,,,,paragraph_typing,4,6,,,,21422.57323773475,,target_10,medium,299.5846917530854,training/paragraph_typing,seed_device_e92e7c09,,,,,,,,,,,,,,,,,,,,,,,,,,,,,,,,,,,,,,,,,,,,,,,,,,,,,,,,,,,,,,,,,,
training_event,training,e92e7c09-c1b8-4f72-a7a8-f75077608d1b,244a3cf7-1f25-4657-89e4-8763a2fb89ac,2026-08-14T16:41:52.149000+00:00,keydown,76,D,71.69225885426872,145.3093159221035,,,,,,,,paragraph_typing,0,1,12,1,1,5311.187792877014,4275.973282540011,,,,training/paragraph_typing,seed_device_e92e7c09,,,,,,,,,,,,,,,,,,,,,,,,,,,,,,,,,,,,,,,,,,,,,,,,,,,,,,,,,,,,,,,,,,
training_event,training,e92e7c09-c1b8-4f72-a7a8-f75077608d1b,fb631f58-25c1-46bf-b368-d8d518aefb4d,2026-08-11T11:41:52.149000+00:00,mouse_click,,,,,404.89836588569216,897.1013681231725,,,,,,controlled_typing,0,4,,,,12914.106536394103,,target_9,medium,77.68053535350774,training/controlled_typing,seed_device_e92e7c09,,,,,,,,,,,,,,,,,,,,,,,,,,,,,,,,,,,,,,,,,,,,,,,,,,,,,,,,,,,,,,,,,,
training_event,training,e92e7c09-c1b8-4f72-a7a8-f75077608d1b,fb631f58-25c1-46bf-b368-d8d518aefb4d,2026-08-12T16:41:52.149000+00:00,keydown,85,B,136.72479751094613,149.9527940797478,,,,,,,,controlled_typing,1,7,93,3,2,26751.757323738366,1980.232259201849,,,,training/controlled_typing,seed_device_e92e7c09,,,,,,,,,,,,,,,,,,,,,,,,,,,,,,,,,,,,,,,,,,,,,,,,,,,,,,,,,,,,,,,,,,
training_event,training,e92e7c09-c1b8-4f72-a7a8-f75077608d1b,4c410b35-5bef-4e75-9e01-20c9ba4dfcd3,2026-08-12T07:41:52.149000+00:00,mouse_scroll,,,,,1616.6918336975173,337.46771260195584,,-2.032486071631908,,,,repeated_typing,3,1,,,,2714.0761827287647,,,,,training/repeated_typing,seed_device_e92e7c09,,,,,,,,,,,,,,,,,,,,,,,,,,,,,,,,,,,,,,,,,,,,,,,,,,,,,,,,,,,,,,,,,,
training_event,training,e92e7c09-c1b8-4f72-a7a8-f75077608d1b,4c410b35-5bef-4e75-9e01-20c9ba4dfcd3,2026-08-17T05:41:52.149000+00:00,keyup,84,T,88.06398372560375,110.69762601395169,,,,,,,,repeated_typing,2,6,70,3,2,26509.694020526058,2350.0362818670233,,,,training/repeated_typing,seed_device_e92e7c09,,,,,,,,,,,,,,,,,,,,,,,,,,,,,,,,,,,,,,,,,,,,,,,,,,,,,,,,,,,,,,,,,,
training_event,training,e92e7c09-c1b8-4f72-a7a8-f75077608d1b,4c410b35-5bef-4e75-9e01-20c9ba4dfcd3,2026-08-17T04:41:52.149000+00:00,mouse_scroll,,,,,495.04655696375784,127.40956767411387,,17.97384820105809,,,,repeated_typing,1,7,,,,16696.068155856337,,,,,training/repeated_typing,seed_device_e92e7c09,,,,,,,,,,,,,,,,,,,,,,,,,,,,,,,,,,,,,,,,,,,,,,,,,,,,,,,,,,,,,,,,,,
training_event,training,e92e7c09-c1b8-4f72-a7a8-f75077608d1b,4c410b35-5bef-4e75-9e01-20c9ba4dfcd3,2026-08-11T10:41:52.149000+00:00,mouse_move,,,,,854.8541751316986,319.7517287501245,,,,,,repeated_typing,0,1,,,,11832.133232105381,,,,,training/repeated_typing,seed_device_e92e7c09,,,,,,,,,,,,,,,,,,,,,,,,,,,,,,,,,,,,,,,,,,,,,,,,,,,,,,,,,,,,,,,,,,
training_event,training,e92e7c09-c1b8-4f72-a7a8-f75077608d1b,244a3cf7-1f25-4657-89e4-8763a2fb89ac,2026-08-15T14:41:52.149000+00:00,keyup,74,X,107.82342281791612,106.75225396159328,,,,,,,,paragraph_typing,2,3,81,1,2,14158.376756712487,3181.1835048618227,,,,training/paragraph_typing,seed_device_e92e7c09,,,,,,,,,,,,,,,,,,,,,,,,,,,,,,,,,,,,,,,,,,,,,,,,,,,,,,,,,,,,,,,,,,
training_event,training,e92e7c09-c1b8-4f72-a7a8-f75077608d1b,244a3cf7-1f25-4657-89e4-8763a2fb89ac,2026-08-13T12:41:52.149000+00:00,mouse_click,,,,,1666.7419716632473,382.23165033243134,,,,,,paragraph_typing,3,4,,,,21317.755233281587,,target_7,large,113.13982605530524,training/paragraph_typing,seed_device_e92e7c09,,,,,,,,,,,,,,,,,,,,,,,,,,,,,,,,,,,,,,,,,,,,,,,,,,,,,,,,,,,,,,,,,,
training_event,training,e92e7c09-c1b8-4f72-a7a8-f75077608d1b,244a3cf7-1f25-4657-89e4-8763a2fb89ac,2026-08-15T11:41:52.149000+00:00,mouse_scroll,,,,,1188.8745785334795,701.5770737672599,,32.649807382929836,,,,paragraph_typing,1,9,,,,4209.85859173423,,,,,training/paragraph_typing,seed_device_e92e7c09,,,,,,,,,,,,,,,,,,,,,,,,,,,,,,,,,,,,,,,,,,,,,,,,,,,,,,,,,,,,,,,,,,
training_event,training,e92e7c09-c1b8-4f72-a7a8-f75077608d1b,fb631f58-25c1-46bf-b368-d8d518aefb4d,2026-08-11T12:41:52.149000+00:00,mouse_scroll,,,,,503.7340010144737,849.1815178059252,,-12.658547918018193,,,,controlled_typing,1,5,,,,3228.1742731108343,,,,,training/controlled_typing,seed_device_e92e7c09,,,,,,,,,,,,,,,,,,,,,,,,,,,,,,,,,,,,,,,,,,,,,,,,,,,,,,,,,,,,,,,,,,
training_event,training,e92e7c09-c1b8-4f72-a7a8-f75077608d1b,4c410b35-5bef-4e75-9e01-20c9ba4dfcd3,2026-08-13T02:41:52.149000+00:00,mouse_scroll,,,,,1244.7348234328347,642.9872480307599,,36.92814403454764,,,,repeated_typing,3,7,,,,12277.63710155411,,,,,training/repeated_typing,seed_device_e92e7c09,,,,,,,,,,,,,,,,,,,,,,,,,,,,,,,,,,,,,,,,,,,,,,,,,,,,,,,,,,,,,,,,,,
training_event,training,e92e7c09-c1b8-4f72-a7a8-f75077608d1b,4c410b35-5bef-4e75-9e01-20c9ba4dfcd3,2026-08-12T04:41:52.149000+00:00,mouse_move,,,,,560.9256499054798,305.9609184658795,,,,,,repeated_typing,1,3,,,,20412.667157522497,,,,,training/repeated_typing,seed_device_e92e7c09,,,,,,,,,,,,,,,,,,,,,,,,,,,,,,,,,,,,,,,,,,,,,,,,,,,,,,,,,,,,,,,,,,
training_event,training,e92e7c09-c1b8-4f72-a7a8-f75077608d1b,244a3cf7-1f25-4657-89e4-8763a2fb89ac,2026-08-13T22:41:52.149000+00:00,keydown,74,K,119.14434161492827,66.879088196986,,,,,,,,paragraph_typing,2,7,37,2,2,11968.333281121162,3051.345195286264,,,,training/paragraph_typing,seed_device_e92e7c09,,,,,,,,,,,,,,,,,,,,,,,,,,,,,,,,,,,,,,,,,,,,,,,,,,,,,,,,,,,,,,,,,,
training_event,training,e92e7c09-c1b8-4f72-a7a8-f75077608d1b,244a3cf7-1f25-4657-89e4-8763a2fb89ac,2026-08-15T01:41:52.149000+00:00,keydown,82,T,196.78747425576145,135.86988015776936,,,,,,,,paragraph_typing,0,2,21,2,2,20772.06013857291,4443.103850600304,,,,training/paragraph_typing,seed_device_e92e7c09,,,,,,,,,,,,,,,,,,,,,,,,,,,,,,,,,,,,,,,,,,,,,,,,,,,,,,,,,,,,,,,,,,
training_event,training,e92e7c09-c1b8-4f72-a7a8-f75077608d1b,244a3cf7-1f25-4657-89e4-8763a2fb89ac,2026-08-13T06:41:52.149000+00:00,mouse_click,,,,,906.3293972411057,626.4593540411237,,,,,,paragraph_typing,4,9,,,,10004.178419286574,,target_3,large,256.68370538049226,training/paragraph_typing,seed_device_e92e7c09,,,,,,,,,,,,,,,,,,,,,,,,,,,,,,,,,,,,,,,,,,,,,,,,,,,,,,,,,,,,,,,,,,
training_event,training,e92e7c09-c1b8-4f72-a7a8-f75077608d1b,fb631f58-25c1-46bf-b368-d8d518aefb4d,2026-08-16T21:41:52.149000+00:00,mouse_move,,,,,788.589410345055,204.61590307461668,,,,,,controlled_typing,2,8,,,,15580.442122630053,,,,,training/controlled_typing,seed_device_e92e7c09,,,,,,,,,,,,,,,,,,,,,,,,,,,,,,,,,,,,,,,,,,,,,,,,,,,,,,,,,,,,,,,,,,
training_event,training,e92e7c09-c1b8-4f72-a7a8-f75077608d1b,fb631f58-25c1-46bf-b368-d8d518aefb4d,2026-08-14T23:41:52.149000+00:00,mouse_move,,,,,1679.0686566654783,638.1548351304557,,,,,,controlled_typing,2,0,,,,6995.614952651264,,,,,training/controlled_typing,seed_device_e92e7c09,,,,,,,,,,,,,,,,,,,,,,,,,,,,,,,,,,,,,,,,,,,,,,,,,,,,,,,,,,,,,,,,,,
training_event,training,e92e7c09-c1b8-4f72-a7a8-f75077608d1b,fb631f58-25c1-46bf-b368-d8d518aefb4d,2026-08-12T18:41:52.149000+00:00,mouse_click,,,,,1489.2272714587803,285.2727961105376,,,,,,controlled_typing,1,9,,,,11675.902095951738,,target_8,medium,290.599131579313,training/controlled_typing,seed_device_e92e7c09,,,,,,,,,,,,,,,,,,,,,,,,,,,,,,,,,,,,,,,,,,,,,,,,,,,,,,,,,,,,,,,,,,
training_event,training,e92e7c09-c1b8-4f72-a7a8-f75077608d1b,fb631f58-25c1-46bf-b368-d8d518aefb4d,2026-08-15T18:41:52.149000+00:00,keyup,69,H,171.7061485132612,66.82072108286499,,,,,,,,controlled_typing,2,0,75,1,2,7928.870013322965,1365.486823205127,,,,training/controlled_typing,seed_device_e92e7c09,,,,,,,,,,,,,,,,,,,,,,,,,,,,,,,,,,,,,,,,,,,,,,,,,,,,,,,,,,,,,,,,,,
training_event,training,e92e7c09-c1b8-4f72-a7a8-f75077608d1b,fb631f58-25c1-46bf-b368-d8d518aefb4d,2026-08-16T10:41:52.149000+00:00,mouse_scroll,,,,,351.45776622097867,396.9358013530849,,-17.8619961784228,,,,controlled_typing,3,8,,,,26152.16722303404,,,,,training/controlled_typing,seed_device_e92e7c09,,,,,,,,,,,,,,,,,,,,,,,,,,,,,,,,,,,,,,,,,,,,,,,,,,,,,,,,,,,,,,,,,,
training_event,training,e92e7c09-c1b8-4f72-a7a8-f75077608d1b,4c410b35-5bef-4e75-9e01-20c9ba4dfcd3,2026-08-16T16:41:52.149000+00:00,mouse_move,,,,,1445.8169651784588,808.0582307831213,,,,,,repeated_typing,1,2,,,,14491.38251837158,,,,,training/repeated_typing,seed_device_e92e7c09,,,,,,,,,,,,,,,,,,,,,,,,,,,,,,,,,,,,,,,,,,,,,,,,,,,,,,,,,,,,,,,,,,
training_event,training,e92e7c09-c1b8-4f72-a7a8-f75077608d1b,4c410b35-5bef-4e75-9e01-20c9ba4dfcd3,2026-08-14T11:41:52.149000+00:00,mouse_scroll,,,,,1648.7934008915809,760.6100126869935,,25.438115357810858,,,,repeated_typing,0,6,,,,17542.463825376744,,,,,training/repeated_typing,seed_device_e92e7c09,,,,,,,,,,,,,,,,,,,,,,,,,,,,,,,,,,,,,,,,,,,,,,,,,,,,,,,,,,,,,,,,,,
training_event,training,e92e7c09-c1b8-4f72-a7a8-f75077608d1b,4c410b35-5bef-4e75-9e01-20c9ba4dfcd3,2026-08-12T22:41:52.149000+00:00,keydown,69,Z,63.89024030271138,49.8072111692514,,,,,,,,repeated_typing,1,6,34,3,1,19256.729940708618,3702.7793008250546,,,,training/repeated_typing,seed_device_e92e7c09,,,,,,,,,,,,,,,,,,,,,,,,,,,,,,,,,,,,,,,,,,,,,,,,,,,,,,,,,,,,,,,,,,
training_event,training,e92e7c09-c1b8-4f72-a7a8-f75077608d1b,244a3cf7-1f25-4657-89e4-8763a2fb89ac,2026-08-12T06:41:52.149000+00:00,mouse_move,,,,,393.96798196477465,208.96142725068634,,,,,,paragraph_typing,4,2,,,,7238.2215025975665,,,,,training/paragraph_typing,seed_device_e92e7c09,,,,,,,,,,,,,,,,,,,,,,,,,,,,,,,,,,,,,,,,,,,,,,,,,,,,,,,,,,,,,,,,,,
training_event,training,e92e7c09-c1b8-4f72-a7a8-f75077608d1b,244a3cf7-1f25-4657-89e4-8763a2fb89ac,2026-08-17T05:41:52.149000+00:00,mouse_click,,,,,1106.4170715883984,536.847651204278,,,,,,paragraph_typing,3,7,,,,9660.5370568435,,target_8,medium,241.96335246958552,training/paragraph_typing,seed_device_e92e7c09,,,,,,,,,,,,,,,,,,,,,,,,,,,,,,,,,,,,,,,,,,,,,,,,,,,,,,,,,,,,,,,,,,
training_event,training,e92e7c09-c1b8-4f72-a7a8-f75077608d1b,244a3cf7-1f25-4657-89e4-8763a2fb89ac,2026-08-15T20:41:52.149000+00:00,mouse_click,,,,,156.01768686773914,765.3644366932866,,,,,,paragraph_typing,2,5,,,,16245.934747096084,,target_9,small,125.50435966756817,training/paragraph_typing,seed_device_e92e7c09,,,,,,,,,,,,,,,,,,,,,,,,,,,,,,,,,,,,,,,,,,,,,,,,,,,,,,,,,,,,,,,,,,
training_event,training,e92e7c09-c1b8-4f72-a7a8-f75077608d1b,244a3cf7-1f25-4657-89e4-8763a2fb89ac,2026-08-13T07:41:52.149000+00:00,mouse_scroll,,,,,1209.8130646202255,374.75325304712965,,11.738406860240715,,,,paragraph_typing,0,8,,,,27932.064057391588,,,,,training/paragraph_typing,seed_device_e92e7c09,,,,,,,,,,,,,,,,,,,,,,,,,,,,,,,,,,,,,,,,,,,,,,,,,,,,,,,,,,,,,,,,,,
training_event,training,e92e7c09-c1b8-4f72-a7a8-f75077608d1b,244a3cf7-1f25-4657-89e4-8763a2fb89ac,2026-08-12T21:41:52.149000+00:00,mouse_click,,,,,302.6075090690582,601.932431985354,,,,,,paragraph_typing,4,0,,,,21826.506723306735,,target_16,small,165.8740053462375,training/paragraph_typing,seed_device_e92e7c09,,,,,,,,,,,,,,,,,,,,,,,,,,,,,,,,,,,,,,,,,,,,,,,,,,,,,,,,,,,,,,,,,,
training_event,training,e92e7c09-c1b8-4f72-a7a8-f75077608d1b,244a3cf7-1f25-4657-89e4-8763a2fb89ac,2026-08-17T09:41:52.149000+00:00,mouse_scroll,,,,,1543.613028191092,386.96415262197377,,-29.042379676603968,,,,paragraph_typing,4,8,,,,25214.790466892333,,,,,training/paragraph_typing,seed_device_e92e7c09,,,,,,,,,,,,,,,,,,,,,,,,,,,,,,,,,,,,,,,,,,,,,,,,,,,,,,,,,,,,,,,,,,
training_event,training,e92e7c09-c1b8-4f72-a7a8-f75077608d1b,fb631f58-25c1-46bf-b368-d8d518aefb4d,2026-08-15T00:41:52.149000+00:00,keydown,89,N,101.56328793193532,63.81549159464587,,,,,,,,controlled_typing,2,7,53,3,2,1376.388742830898,3274.917230674623,,,,training/controlled_typing,seed_device_e92e7c09,,,,,,,,,,,,,,,,,,,,,,,,,,,,,,,,,,,,,,,,,,,,,,,,,,,,,,,,,,,,,,,,,,
training_event,training,e92e7c09-c1b8-4f72-a7a8-f75077608d1b,fb631f58-25c1-46bf-b368-d8d518aefb4d,2026-08-17T08:41:52.149000+00:00,keyup,70,N,137.6814275359608,57.90302499661115,,,,,,,,controlled_typing,0,2,48,0,1,18822.917951763375,4189.001384717569,,,,training/controlled_typing,seed_device_e92e7c09,,,,,,,,,,,,,,,,,,,,,,,,,,,,,,,,,,,,,,,,,,,,,,,,,,,,,,,,,,,,,,,,,,
training_event,training,e92e7c09-c1b8-4f72-a7a8-f75077608d1b,fb631f58-25c1-46bf-b368-d8d518aefb4d,2026-08-15T20:41:52.149000+00:00,keydown,87,O,87.82001051307458,101.90246482696344,,,,,,,,controlled_typing,0,1,98,1,2,9079.206043114427,4146.091240167729,,,,training/controlled_typing,seed_device_e92e7c09,,,,,,,,,,,,,,,,,,,,,,,,,,,,,,,,,,,,,,,,,,,,,,,,,,,,,,,,,,,,,,,,,,
training_event,training,e92e7c09-c1b8-4f72-a7a8-f75077608d1b,4c410b35-5bef-4e75-9e01-20c9ba4dfcd3,2026-08-14T00:41:52.149000+00:00,mouse_click,,,,,607.3226589893028,572.1950135631464,,,,,,repeated_typing,4,4,,,,22420.690264503763,,target_12,medium,243.12482539076004,training/repeated_typing,seed_device_e92e7c09,,,,,,,,,,,,,,,,,,,,,,,,,,,,,,,,,,,,,,,,,,,,,,,,,,,,,,,,,,,,,,,,,,
training_event,training,e92e7c09-c1b8-4f72-a7a8-f75077608d1b,4c410b35-5bef-4e75-9e01-20c9ba4dfcd3,2026-08-17T01:41:52.149000+00:00,mouse_move,,,,,1767.3851669634519,267.3367570553246,,,,,,repeated_typing,0,2,,,,29362.391476277444,,,,,training/repeated_typing,seed_device_e92e7c09,,,,,,,,,,,,,,,,,,,,,,,,,,,,,,,,,,,,,,,,,,,,,,,,,,,,,,,,,,,,,,,,,,
training_event,training,e92e7c09-c1b8-4f72-a7a8-f75077608d1b,244a3cf7-1f25-4657-89e4-8763a2fb89ac,2026-08-12T04:41:52.149000+00:00,keyup,80,P,183.29992887005878,35.92840267443179,,,,,,,,paragraph_typing,1,6,33,0,0,28077.957940286473,511.84350153652747,,,,training/paragraph_typing,seed_device_e92e7c09,,,,,,,,,,,,,,,,,,,,,,,,,,,,,,,,,,,,,,,,,,,,,,,,,,,,,,,,,,,,,,,,,,
training_event,training,e92e7c09-c1b8-4f72-a7a8-f75077608d1b,244a3cf7-1f25-4657-89e4-8763a2fb89ac,2026-08-16T00:41:52.149000+00:00,mouse_scroll,,,,,1308.5366021755783,673.857670585,,-1.801096921387959,,,,paragraph_typing,0,5,,,,16130.023934870711,,,,,training/paragraph_typing,seed_device_e92e7c09,,,,,,,,,,,,,,,,,,,,,,,,,,,,,,,,,,,,,,,,,,,,,,,,,,,,,,,,,,,,,,,,,,
training_event,training,e92e7c09-c1b8-4f72-a7a8-f75077608d1b,244a3cf7-1f25-4657-89e4-8763a2fb89ac,2026-08-14T09:41:52.149000+00:00,keyup,85,R,176.28691654063897,30.903660333432175,,,,,,,,paragraph_typing,2,9,56,1,0,6465.989953208237,104.58476836312735,,,,training/paragraph_typing,seed_device_e92e7c09,,,,,,,,,,,,,,,,,,,,,,,,,,,,,,,,,,,,,,,,,,,,,,,,,,,,,,,,,,,,,,,,,,
training_event,training,e92e7c09-c1b8-4f72-a7a8-f75077608d1b,244a3cf7-1f25-4657-89e4-8763a2fb89ac,2026-08-13T20:41:52.149000+00:00,keyup,67,N,144.73126929698998,148.06208119231047,,,,,,,,paragraph_typing,4,5,36,3,0,21785.93837263059,4785.41917881892,,,,training/paragraph_typing,seed_device_e92e7c09,,,,,,,,,,,,,,,,,,,,,,,,,,,,,,,,,,,,,,,,,,,,,,,,,,,,,,,,,,,,,,,,,,
training_event,training,e92e7c09-c1b8-4f72-a7a8-f75077608d1b,fb631f58-25c1-46bf-b368-d8d518aefb4d,2026-08-12T00:41:52.149000+00:00,keydown,65,F,158.96295427219965,111.59425142553351,,,,,,,,controlled_typing,1,3,75,3,1,7400.370136310168,4168.347178997124,,,,training/controlled_typing,seed_device_e92e7c09,,,,,,,,,,,,,,,,,,,,,,,,,,,,,,,,,,,,,,,,,,,,,,,,,,,,,,,,,,,,,,,,,,
training_event,training,e92e7c09-c1b8-4f72-a7a8-f75077608d1b,fb631f58-25c1-46bf-b368-d8d518aefb4d,2026-08-13T03:41:52.149000+00:00,mouse_click,,,,,979.721349458484,208.55899060264454,,,,,,controlled_typing,2,0,,,,27630.96199811634,,target_12,medium,158.91945678373617,training/controlled_typing,seed_device_e92e7c09,,,,,,,,,,,,,,,,,,,,,,,,,,,,,,,,,,,,,,,,,,,,,,,,,,,,,,,,,,,,,,,,,,
training_event,training,e92e7c09-c1b8-4f72-a7a8-f75077608d1b,fb631f58-25c1-46bf-b368-d8d518aefb4d,2026-08-16T20:41:52.149000+00:00,keydown,87,E,178.62977084144185,138.64903449424904,,,,,,,,controlled_typing,3,8,58,3,2,9878.711586923866,2734.520179439559,,,,training/controlled_typing,seed_device_e92e7c09,,,,,,,,,,,,,,,,,,,,,,,,,,,,,,,,,,,,,,,,,,,,,,,,,,,,,,,,,,,,,,,,,,
training_event,training,e92e7c09-c1b8-4f72-a7a8-f75077608d1b,fb631f58-25c1-46bf-b368-d8d518aefb4d,2026-08-13T17:41:52.149000+00:00,keyup,68,Y,91.9759022363252,100.87425553690184,,,,,,,,controlled_typing,2,9,24,2,0,12275.862954227377,3209.021305194778,,,,training/controlled_typing,seed_device_e92e7c09,,,,,,,,,,,,,,,,,,,,,,,,,,,,,,,,,,,,,,,,,,,,,,,,,,,,,,,,,,,,,,,,,,
training_event,training,e92e7c09-c1b8-4f72-a7a8-f75077608d1b,244a3cf7-1f25-4657-89e4-8763a2fb89ac,2026-08-14T07:41:52.149000+00:00,mouse_move,,,,,838.9924915102238,844.3031003087274,,,,,,paragraph_typing,1,5,,,,27471.837664416744,,,,,training/paragraph_typing,seed_device_e92e7c09,,,,,,,,,,,,,,,,,,,,,,,,,,,,,,,,,,,,,,,,,,,,,,,,,,,,,,,,,,,,,,,,,,
training_event,training,e92e7c09-c1b8-4f72-a7a8-f75077608d1b,fb631f58-25c1-46bf-b368-d8d518aefb4d,2026-08-14T03:41:52.149000+00:00,mouse_move,,,,,703.0916759782504,457.99134230302707,,,,,,controlled_typing,3,9,,,,2420.1516854922666,,,,,training/controlled_typing,seed_device_e92e7c09,,,,,,,,,,,,,,,,,,,,,,,,,,,,,,,,,,,,,,,,,,,,,,,,,,,,,,,,,,,,,,,,,,
training_event,training,e92e7c09-c1b8-4f72-a7a8-f75077608d1b,fb631f58-25c1-46bf-b368-d8d518aefb4d,2026-08-13T19:41:52.149000+00:00,mouse_click,,,,,543.7684185689664,216.76828511839128,,,,,,controlled_typing,3,5,,,,23575.875282910987,,target_9,medium,252.56180967800404,training/controlled_typing,seed_device_e92e7c09,,,,,,,,,,,,,,,,,,,,,,,,,,,,,,,,,,,,,,,,,,,,,,,,,,,,,,,,,,,,,,,,,,
training_event,training,e92e7c09-c1b8-4f72-a7a8-f75077608d1b,fb631f58-25c1-46bf-b368-d8d518aefb4d,2026-08-16T13:41:52.149000+00:00,mouse_click,,,,,1195.7369617268405,787.0558866361025,,,,,,controlled_typing,0,7,,,,13054.375791050676,,target_18,medium,104.44850490552707,training/controlled_typing,seed_device_e92e7c09,,,,,,,,,,,,,,,,,,,,,,,,,,,,,,,,,,,,,,,,,,,,,,,,,,,,,,,,,,,,,,,,,,
training_event,training,e92e7c09-c1b8-4f72-a7a8-f75077608d1b,fb631f58-25c1-46bf-b368-d8d518aefb4d,2026-08-15T15:41:52.149000+00:00,mouse_move,,,,,727.3412823546653,845.3411077395855,,,,,,controlled_typing,1,9,,,,28445.45383563071,,,,,training/controlled_typing,seed_device_e92e7c09,,,,,,,,,,,,,,,,,,,,,,,,,,,,,,,,,,,,,,,,,,,,,,,,,,,,,,,,,,,,,,,,,,
training_event,training,e92e7c09-c1b8-4f72-a7a8-f75077608d1b,fb631f58-25c1-46bf-b368-d8d518aefb4d,2026-08-14T21:41:52.149000+00:00,mouse_move,,,,,193.23613177124668,379.6966538898424,,,,,,controlled_typing,2,9,,,,17021.743074696635,,,,,training/controlled_typing,seed_device_e92e7c09,,,,,,,,,,,,,,,,,,,,,,,,,,,,,,,,,,,,,,,,,,,,,,,,,,,,,,,,,,,,,,,,,,
training_event,training,e92e7c09-c1b8-4f72-a7a8-f75077608d1b,4c410b35-5bef-4e75-9e01-20c9ba4dfcd3,2026-08-16T14:41:52.149000+00:00,keyup,73,R,143.99458374104796,80.4746667083311,,,,,,,,repeated_typing,1,9,53,0,0,10904.277852875559,555.5475853284952,,,,training/repeated_typing,seed_device_e92e7c09,,,,,,,,,,,,,,,,,,,,,,,,,,,,,,,,,,,,,,,,,,,,,,,,,,,,,,,,,,,,,,,,,,
training_event,training,e92e7c09-c1b8-4f72-a7a8-f75077608d1b,244a3cf7-1f25-4657-89e4-8763a2fb89ac,2026-08-15T00:41:52.149000+00:00,keyup,73,P,126.11011793913904,37.44511772308029,,,,,,,,paragraph_typing,3,4,72,1,1,27610.96785595276,1583.8198872190874,,,,training/paragraph_typing,seed_device_e92e7c09,,,,,,,,,,,,,,,,,,,,,,,,,,,,,,,,,,,,,,,,,,,,,,,,,,,,,,,,,,,,,,,,,,
training_event,training,e92e7c09-c1b8-4f72-a7a8-f75077608d1b,244a3cf7-1f25-4657-89e4-8763a2fb89ac,2026-08-15T00:41:52.149000+00:00,mouse_move,,,,,140.8358708776317,828.7704934871726,,,,,,paragraph_typing,1,5,,,,15203.726993339451,,,,,training/paragraph_typing,seed_device_e92e7c09,,,,,,,,,,,,,,,,,,,,,,,,,,,,,,,,,,,,,,,,,,,,,,,,,,,,,,,,,,,,,,,,,,
training_event,training,e92e7c09-c1b8-4f72-a7a8-f75077608d1b,fb631f58-25c1-46bf-b368-d8d518aefb4d,2026-08-13T16:41:52.149000+00:00,keyup,77,M,186.60754626204346,44.094332623076326,,,,,,,,controlled_typing,3,1,45,0,2,22328.34948236651,908.3341339803819,,,,training/controlled_typing,seed_device_e92e7c09,,,,,,,,,,,,,,,,,,,,,,,,,,,,,,,,,,,,,,,,,,,,,,,,,,,,,,,,,,,,,,,,,,
training_event,training,e92e7c09-c1b8-4f72-a7a8-f75077608d1b,fb631f58-25c1-46bf-b368-d8d518aefb4d,2026-08-11T21:41:52.149000+00:00,keyup,89,O,123.97306270604582,125.27952870765726,,,,,,,,controlled_typing,4,5,82,3,0,6420.47834319463,2541.1922462373673,,,,training/controlled_typing,seed_device_e92e7c09,,,,,,,,,,,,,,,,,,,,,,,,,,,,,,,,,,,,,,,,,,,,,,,,,,,,,,,,,,,,,,,,,,
training_event,training,e92e7c09-c1b8-4f72-a7a8-f75077608d1b,fb631f58-25c1-46bf-b368-d8d518aefb4d,2026-08-11T19:41:52.149000+00:00,mouse_move,,,,,1571.6456672969196,740.5396505418116,,,,,,controlled_typing,4,8,,,,8290.865557905898,,,,,training/controlled_typing,seed_device_e92e7c09,,,,,,,,,,,,,,,,,,,,,,,,,,,,,,,,,,,,,,,,,,,,,,,,,,,,,,,,,,,,,,,,,,
training_event,training,e92e7c09-c1b8-4f72-a7a8-f75077608d1b,fb631f58-25c1-46bf-b368-d8d518aefb4d,2026-08-16T04:41:52.149000+00:00,mouse_click,,,,,1195.3803635693446,254.12992298108054,,,,,,controlled_typing,1,2,,,,16255.588583760273,,target_14,large,256.3882429365509,training/controlled_typing,seed_device_e92e7c09,,,,,,,,,,,,,,,,,,,,,,,,,,,,,,,,,,,,,,,,,,,,,,,,,,,,,,,,,,,,,,,,,,
training_event,training,e92e7c09-c1b8-4f72-a7a8-f75077608d1b,fb631f58-25c1-46bf-b368-d8d518aefb4d,2026-08-12T16:41:52.149000+00:00,keydown,87,E,192.4179633726671,75.91472424344454,,,,,,,,controlled_typing,1,4,13,3,1,3443.326545462728,1885.7976839684825,,,,training/controlled_typing,seed_device_e92e7c09,,,,,,,,,,,,,,,,,,,,,,,,,,,,,,,,,,,,,,,,,,,,,,,,,,,,,,,,,,,,,,,,,,
training_event,training,e92e7c09-c1b8-4f72-a7a8-f75077608d1b,4c410b35-5bef-4e75-9e01-20c9ba4dfcd3,2026-08-13T04:41:52.149000+00:00,mouse_scroll,,,,,719.0409978085223,475.3506774783232,,-24.357545915840184,,,,repeated_typing,1,7,,,,2654.0917364157704,,,,,training/repeated_typing,seed_device_e92e7c09,,,,,,,,,,,,,,,,,,,,,,,,,,,,,,,,,,,,,,,,,,,,,,,,,,,,,,,,,,,,,,,,,,
training_event,training,e92e7c09-c1b8-4f72-a7a8-f75077608d1b,244a3cf7-1f25-4657-89e4-8763a2fb89ac,2026-08-16T16:41:52.149000+00:00,mouse_click,,,,,1600.967303281082,115.08286815079245,,,,,,paragraph_typing,2,7,,,,14374.61072638151,,target_19,medium,178.0600801444477,training/paragraph_typing,seed_device_e92e7c09,,,,,,,,,,,,,,,,,,,,,,,,,,,,,,,,,,,,,,,,,,,,,,,,,,,,,,,,,,,,,,,,,,
training_event,training,e92e7c09-c1b8-4f72-a7a8-f75077608d1b,244a3cf7-1f25-4657-89e4-8763a2fb89ac,2026-08-17T05:41:52.149000+00:00,keyup,86,P,125.86331780829735,105.93618160881105,,,,,,,,paragraph_typing,0,7,18,2,0,1806.7530167128414,3305.24469969211,,,,training/paragraph_typing,seed_device_e92e7c09,,,,,,,,,,,,,,,,,,,,,,,,,,,,,,,,,,,,,,,,,,,,,,,,,,,,,,,,,,,,,,,,,,
training_event,training,e92e7c09-c1b8-4f72-a7a8-f75077608d1b,244a3cf7-1f25-4657-89e4-8763a2fb89ac,2026-08-14T14:41:52.149000+00:00,mouse_scroll,,,,,1021.0526029689835,321.5911553460401,,17.794756145434818,,,,paragraph_typing,1,9,,,,29305.784114560756,,,,,training/paragraph_typing,seed_device_e92e7c09,,,,,,,,,,,,,,,,,,,,,,,,,,,,,,,,,,,,,,,,,,,,,,,,,,,,,,,,,,,,,,,,,,
training_event,training,e92e7c09-c1b8-4f72-a7a8-f75077608d1b,244a3cf7-1f25-4657-89e4-8763a2fb89ac,2026-08-13T06:41:52.149000+00:00,keydown,69,M,105.98576705580147,44.37280673398259,,,,,,,,paragraph_typing,0,5,66,1,0,13602.380135759126,3459.382627138199,,,,training/paragraph_typing,seed_device_e92e7c09,,,,,,,,,,,,,,,,,,,,,,,,,,,,,,,,,,,,,,,,,,,,,,,,,,,,,,,,,,,,,,,,,,
training_event,training,e92e7c09-c1b8-4f72-a7a8-f75077608d1b,fb631f58-25c1-46bf-b368-d8d518aefb4d,2026-08-15T02:41:52.149000+00:00,keydown,68,V,121.4598951661814,71.07060397214438,,,,,,,,controlled_typing,3,1,34,3,0,14933.104279456518,4968.262789949022,,,,training/controlled_typing,seed_device_e92e7c09,,,,,,,,,,,,,,,,,,,,,,,,,,,,,,,,,,,,,,,,,,,,,,,,,,,,,,,,,,,,,,,,,,
training_event,training,e92e7c09-c1b8-4f72-a7a8-f75077608d1b,fb631f58-25c1-46bf-b368-d8d518aefb4d,2026-08-11T14:41:52.149000+00:00,mouse_click,,,,,533.8259089833617,341.7276972523818,,,,,,controlled_typing,3,5,,,,14737.591685356903,,target_2,small,249.4859612939873,training/controlled_typing,seed_device_e92e7c09,,,,,,,,,,,,,,,,,,,,,,,,,,,,,,,,,,,,,,,,,,,,,,,,,,,,,,,,,,,,,,,,,,
training_event,training,e92e7c09-c1b8-4f72-a7a8-f75077608d1b,fb631f58-25c1-46bf-b368-d8d518aefb4d,2026-08-12T01:41:52.149000+00:00,keyup,75,N,75.16408268573848,123.42656202216122,,,,,,,,controlled_typing,2,1,60,3,2,27714.577876556108,354.2683818997172,,,,training/controlled_typing,seed_device_e92e7c09,,,,,,,,,,,,,,,,,,,,,,,,,,,,,,,,,,,,,,,,,,,,,,,,,,,,,,,,,,,,,,,,,,
training_event,training,e92e7c09-c1b8-4f72-a7a8-f75077608d1b,fb631f58-25c1-46bf-b368-d8d518aefb4d,2026-08-14T20:41:52.149000+00:00,keyup,76,K,73.73946461640719,77.82893527200366,,,,,,,,controlled_typing,1,3,24,1,1,28624.028574258962,1888.4553175544766,,,,training/controlled_typing,seed_device_e92e7c09,,,,,,,,,,,,,,,,,,,,,,,,,,,,,,,,,,,,,,,,,,,,,,,,,,,,,,,,,,,,,,,,,,
training_event,training,e92e7c09-c1b8-4f72-a7a8-f75077608d1b,fb631f58-25c1-46bf-b368-d8d518aefb4d,2026-08-15T06:41:52.149000+00:00,mouse_click,,,,,1615.7629791531406,855.0301220315407,,,,,,controlled_typing,1,4,,,,10530.10505440913,,target_14,small,81.14522004274056,training/controlled_typing,seed_device_e92e7c09,,,,,,,,,,,,,,,,,,,,,,,,,,,,,,,,,,,,,,,,,,,,,,,,,,,,,,,,,,,,,,,,,,
training_event,training,e92e7c09-c1b8-4f72-a7a8-f75077608d1b,244a3cf7-1f25-4657-89e4-8763a2fb89ac,2026-08-15T01:41:52.149000+00:00,mouse_click,,,,,167.8495085321677,641.967784212024,,,,,,paragraph_typing,2,3,,,,10171.90365329966,,target_1,small,121.5754057571702,training/paragraph_typing,seed_device_e92e7c09,,,,,,,,,,,,,,,,,,,,,,,,,,,,,,,,,,,,,,,,,,,,,,,,,,,,,,,,,,,,,,,,,,
training_event,training,e92e7c09-c1b8-4f72-a7a8-f75077608d1b,244a3cf7-1f25-4657-89e4-8763a2fb89ac,2026-08-12T10:41:52.149000+00:00,mouse_move,,,,,1251.0416268063896,465.15089957926295,,,,,,paragraph_typing,3,2,,,,3961.282861553726,,,,,training/paragraph_typing,seed_device_e92e7c09,,,,,,,,,,,,,,,,,,,,,,,,,,,,,,,,,,,,,,,,,,,,,,,,,,,,,,,,,,,,,,,,,,
training_event,training,e92e7c09-c1b8-4f72-a7a8-f75077608d1b,244a3cf7-1f25-4657-89e4-8763a2fb89ac,2026-08-14T08:41:52.149000+00:00,mouse_move,,,,,699.9785181551188,581.2539251105202,,,,,,paragraph_typing,4,8,,,,23565.273988329944,,,,,training/paragraph_typing,seed_device_e92e7c09,,,,,,,,,,,,,,,,,,,,,,,,,,,,,,,,,,,,,,,,,,,,,,,,,,,,,,,,,,,,,,,,,,
training_event,training,e92e7c09-c1b8-4f72-a7a8-f75077608d1b,244a3cf7-1f25-4657-89e4-8763a2fb89ac,2026-08-15T21:41:52.149000+00:00,mouse_move,,,,,1220.7342668031379,825.517674044101,,,,,,paragraph_typing,3,5,,,,3197.4685372483405,,,,,training/paragraph_typing,seed_device_e92e7c09,,,,,,,,,,,,,,,,,,,,,,,,,,,,,,,,,,,,,,,,,,,,,,,,,,,,,,,,,,,,,,,,,,
training_event,training,e92e7c09-c1b8-4f72-a7a8-f75077608d1b,244a3cf7-1f25-4657-89e4-8763a2fb89ac,2026-08-12T13:41:52.149000+00:00,keydown,70,V,190.9669882440726,127.78500284109046,,,,,,,,paragraph_typing,3,1,73,2,2,8475.643961219917,3689.6179765105185,,,,training/paragraph_typing,seed_device_e92e7c09,,,,,,,,,,,,,,,,,,,,,,,,,,,,,,,,,,,,,,,,,,,,,,,,,,,,,,,,,,,,,,,,,,
training_event,training,e92e7c09-c1b8-4f72-a7a8-f75077608d1b,244a3cf7-1f25-4657-89e4-8763a2fb89ac,2026-08-17T04:41:52.149000+00:00,keyup,71,G,183.63606998330152,46.88942626909321,,,,,,,,paragraph_typing,4,0,20,1,1,4267.438958683463,955.7145153962737,,,,training/paragraph_typing,seed_device_e92e7c09,,,,,,,,,,,,,,,,,,,,,,,,,,,,,,,,,,,,,,,,,,,,,,,,,,,,,,,,,,,,,,,,,,
training_event,training,e92e7c09-c1b8-4f72-a7a8-f75077608d1b,fb631f58-25c1-46bf-b368-d8d518aefb4d,2026-08-12T15:41:52.149000+00:00,mouse_move,,,,,374.9586786418105,650.1658390115018,,,,,,controlled_typing,4,8,,,,4287.464016414433,,,,,training/controlled_typing,seed_device_e92e7c09,,,,,,,,,,,,,,,,,,,,,,,,,,,,,,,,,,,,,,,,,,,,,,,,,,,,,,,,,,,,,,,,,,
training_event,training,e92e7c09-c1b8-4f72-a7a8-f75077608d1b,fb631f58-25c1-46bf-b368-d8d518aefb4d,2026-08-12T14:41:52.149000+00:00,mouse_click,,,,,925.0194727071246,750.0407923232303,,,,,,controlled_typing,3,5,,,,23277.182494064346,,target_9,medium,53.83959612580434,training/controlled_typing,seed_device_e92e7c09,,,,,,,,,,,,,,,,,,,,,,,,,,,,,,,,,,,,,,,,,,,,,,,,,,,,,,,,,,,,,,,,,,
training_event,training,e92e7c09-c1b8-4f72-a7a8-f75077608d1b,fb631f58-25c1-46bf-b368-d8d518aefb4d,2026-08-13T08:41:52.149000+00:00,mouse_scroll,,,,,639.7808953680224,648.6021216557509,,14.322110889564627,,,,controlled_typing,2,7,,,,17301.688945494556,,,,,training/controlled_typing,seed_device_e92e7c09,,,,,,,,,,,,,,,,,,,,,,,,,,,,,,,,,,,,,,,,,,,,,,,,,,,,,,,,,,,,,,,,,,
training_event,training,e92e7c09-c1b8-4f72-a7a8-f75077608d1b,fb631f58-25c1-46bf-b368-d8d518aefb4d,2026-08-14T17:41:52.149000+00:00,mouse_click,,,,,402.90058883954646,218.04657403841654,,,,,,controlled_typing,4,6,,,,6456.618736971403,,target_4,large,234.7346126082954,training/controlled_typing,seed_device_e92e7c09,,,,,,,,,,,,,,,,,,,,,,,,,,,,,,,,,,,,,,,,,,,,,,,,,,,,,,,,,,,,,,,,,,
training_event,training,e92e7c09-c1b8-4f72-a7a8-f75077608d1b,fb631f58-25c1-46bf-b368-d8d518aefb4d,2026-08-14T14:41:52.149000+00:00,mouse_move,,,,,382.0640288085924,563.1412599384655,,,,,,controlled_typing,4,6,,,,1197.860493387353,,,,,training/controlled_typing,seed_device_e92e7c09,,,,,,,,,,,,,,,,,,,,,,,,,,,,,,,,,,,,,,,,,,,,,,,,,,,,,,,,,,,,,,,,,,
training_event,training,e92e7c09-c1b8-4f72-a7a8-f75077608d1b,fb631f58-25c1-46bf-b368-d8d518aefb4d,2026-08-13T17:41:52.149000+00:00,keyup,68,G,85.76870452334946,76.18875395448111,,,,,,,,controlled_typing,1,2,17,0,0,5082.278099530709,213.62168619525224,,,,training/controlled_typing,seed_device_e92e7c09,,,,,,,,,,,,,,,,,,,,,,,,,,,,,,,,,,,,,,,,,,,,,,,,,,,,,,,,,,,,,,,,,,
training_event,training,e92e7c09-c1b8-4f72-a7a8-f75077608d1b,4c410b35-5bef-4e75-9e01-20c9ba4dfcd3,2026-08-17T01:41:52.149000+00:00,mouse_move,,,,,447.13748691850503,322.96026040171046,,,,,,repeated_typing,3,3,,,,26557.770303154673,,,,,training/repeated_typing,seed_device_e92e7c09,,,,,,,,,,,,,,,,,,,,,,,,,,,,,,,,,,,,,,,,,,,,,,,,,,,,,,,,,,,,,,,,,,
training_event,training,e92e7c09-c1b8-4f72-a7a8-f75077608d1b,4c410b35-5bef-4e75-9e01-20c9ba4dfcd3,2026-08-12T14:41:52.149000+00:00,mouse_scroll,,,,,1502.585727919456,142.05036274409287,,-42.73951049097934,,,,repeated_typing,1,4,,,,20142.880649348634,,,,,training/repeated_typing,seed_device_e92e7c09,,,,,,,,,,,,,,,,,,,,,,,,,,,,,,,,,,,,,,,,,,,,,,,,,,,,,,,,,,,,,,,,,,
training_event,training,e92e7c09-c1b8-4f72-a7a8-f75077608d1b,4c410b35-5bef-4e75-9e01-20c9ba4dfcd3,2026-08-12T23:41:52.149000+00:00,keyup,80,X,78.52180611688459,75.46268860024301,,,,,,,,repeated_typing,2,1,57,3,2,27064.12210482574,1579.6248426299965,,,,training/repeated_typing,seed_device_e92e7c09,,,,,,,,,,,,,,,,,,,,,,,,,,,,,,,,,,,,,,,,,,,,,,,,,,,,,,,,,,,,,,,,,,
training_event,training,e92e7c09-c1b8-4f72-a7a8-f75077608d1b,244a3cf7-1f25-4657-89e4-8763a2fb89ac,2026-08-17T09:41:52.149000+00:00,mouse_click,,,,,287.0058421799674,657.0131534274889,,,,,,paragraph_typing,0,6,,,,5286.180131031582,,target_13,large,295.65079200644215,training/paragraph_typing,seed_device_e92e7c09,,,,,,,,,,,,,,,,,,,,,,,,,,,,,,,,,,,,,,,,,,,,,,,,,,,,,,,,,,,,,,,,,,
training_event,training,e92e7c09-c1b8-4f72-a7a8-f75077608d1b,244a3cf7-1f25-4657-89e4-8763a2fb89ac,2026-08-11T17:41:52.149000+00:00,mouse_scroll,,,,,1379.8044345618591,370.53285256663145,,47.47319791941595,,,,paragraph_typing,1,6,,,,22342.352613735366,,,,,training/paragraph_typing,seed_device_e92e7c09,,,,,,,,,,,,,,,,,,,,,,,,,,,,,,,,,,,,,,,,,,,,,,,,,,,,,,,,,,,,,,,,,,
training_event,training,e92e7c09-c1b8-4f72-a7a8-f75077608d1b,fb631f58-25c1-46bf-b368-d8d518aefb4d,2026-08-13T22:41:52.149000+00:00,keydown,79,K,81.80477970298921,83.3914339325284,,,,,,,,controlled_typing,1,5,92,3,1,9283.443261566747,1208.029261533346,,,,training/controlled_typing,seed_device_e92e7c09,,,,,,,,,,,,,,,,,,,,,,,,,,,,,,,,,,,,,,,,,,,,,,,,,,,,,,,,,,,,,,,,,,
training_event,training,e92e7c09-c1b8-4f72-a7a8-f75077608d1b,fb631f58-25c1-46bf-b368-d8d518aefb4d,2026-08-15T04:41:52.149000+00:00,mouse_scroll,,,,,890.9751446425364,768.5743197316033,,-30.876495262130188,,,,controlled_typing,0,5,,,,8380.74065143281,,,,,training/controlled_typing,seed_device_e92e7c09,,,,,,,,,,,,,,,,,,,,,,,,,,,,,,,,,,,,,,,,,,,,,,,,,,,,,,,,,,,,,,,,,,
training_event,training,e92e7c09-c1b8-4f72-a7a8-f75077608d1b,fb631f58-25c1-46bf-b368-d8d518aefb4d,2026-08-16T07:41:52.149000+00:00,mouse_click,,,,,1177.0800045359742,833.1522366485073,,,,,,controlled_typing,0,4,,,,21763.817763261253,,target_6,medium,103.13430658068907,training/controlled_typing,seed_device_e92e7c09,,,,,,,,,,,,,,,,,,,,,,,,,,,,,,,,,,,,,,,,,,,,,,,,,,,,,,,,,,,,,,,,,,
training_event,training,e92e7c09-c1b8-4f72-a7a8-f75077608d1b,fb631f58-25c1-46bf-b368-d8d518aefb4d,2026-08-12T10:41:52.149000+00:00,mouse_scroll,,,,,321.3735853841588,314.78418463974043,,29.27370513455763,,,,controlled_typing,2,2,,,,12063.392447711454,,,,,training/controlled_typing,seed_device_e92e7c09,,,,,,,,,,,,,,,,,,,,,,,,,,,,,,,,,,,,,,,,,,,,,,,,,,,,,,,,,,,,,,,,,,
training_event,training,e92e7c09-c1b8-4f72-a7a8-f75077608d1b,fb631f58-25c1-46bf-b368-d8d518aefb4d,2026-08-16T18:41:52.149000+00:00,keydown,86,R,68.01940861635616,119.3030183019279,,,,,,,,controlled_typing,2,0,70,1,0,18742.81850002284,506.22232635780364,,,,training/controlled_typing,seed_device_e92e7c09,,,,,,,,,,,,,,,,,,,,,,,,,,,,,,,,,,,,,,,,,,,,,,,,,,,,,,,,,,,,,,,,,,
training_event,training,e92e7c09-c1b8-4f72-a7a8-f75077608d1b,fb631f58-25c1-46bf-b368-d8d518aefb4d,2026-08-12T22:41:52.149000+00:00,mouse_click,,,,,1153.045238676375,271.3144630868582,,,,,,controlled_typing,1,7,,,,15046.08311056458,,target_14,large,203.87569299555176,training/controlled_typing,seed_device_e92e7c09,,,,,,,,,,,,,,,,,,,,,,,,,,,,,,,,,,,,,,,,,,,,,,,,,,,,,,,,,,,,,,,,,,
training_event,training,e92e7c09-c1b8-4f72-a7a8-f75077608d1b,4c410b35-5bef-4e75-9e01-20c9ba4dfcd3,2026-08-14T10:41:52.149000+00:00,mouse_move,,,,,981.1486693249806,460.11109778809987,,,,,,repeated_typing,4,2,,,,20572.490662921264,,,,,training/repeated_typing,seed_device_e92e7c09,,,,,,,,,,,,,,,,,,,,,,,,,,,,,,,,,,,,,,,,,,,,,,,,,,,,,,,,,,,,,,,,,,
training_event,training,e92e7c09-c1b8-4f72-a7a8-f75077608d1b,244a3cf7-1f25-4657-89e4-8763a2fb89ac,2026-08-13T00:41:52.149000+00:00,mouse_scroll,,,,,1327.3285136201275,665.6532668477407,,-45.23632110138721,,,,paragraph_typing,1,3,,,,11920.392587305072,,,,,training/paragraph_typing,seed_device_e92e7c09,,,,,,,,,,,,,,,,,,,,,,,,,,,,,,,,,,,,,,,,,,,,,,,,,,,,,,,,,,,,,,,,,,
training_event,training,e92e7c09-c1b8-4f72-a7a8-f75077608d1b,244a3cf7-1f25-4657-89e4-8763a2fb89ac,2026-08-14T06:41:52.149000+00:00,keyup,68,Q,96.21514095840995,90.7461367442722,,,,,,,,paragraph_typing,2,5,51,0,0,23223.79491078946,4073.332922958269,,,,training/paragraph_typing,seed_device_e92e7c09,,,,,,,,,,,,,,,,,,,,,,,,,,,,,,,,,,,,,,,,,,,,,,,,,,,,,,,,,,,,,,,,,,
training_event,training,e92e7c09-c1b8-4f72-a7a8-f75077608d1b,244a3cf7-1f25-4657-89e4-8763a2fb89ac,2026-08-16T21:41:52.149000+00:00,mouse_click,,,,,942.214945771693,515.1564066217855,,,,,,paragraph_typing,1,8,,,,7734.260220290791,,target_12,small,65.63045646303307,training/paragraph_typing,seed_device_e92e7c09,,,,,,,,,,,,,,,,,,,,,,,,,,,,,,,,,,,,,,,,,,,,,,,,,,,,,,,,,,,,,,,,,,
training_event,training,e92e7c09-c1b8-4f72-a7a8-f75077608d1b,244a3cf7-1f25-4657-89e4-8763a2fb89ac,2026-08-16T22:41:52.149000+00:00,mouse_click,,,,,850.3349271260604,850.8294367621133,,,,,,paragraph_typing,2,0,,,,22382.00197417497,,target_9,medium,238.40902651170697,training/paragraph_typing,seed_device_e92e7c09,,,,,,,,,,,,,,,,,,,,,,,,,,,,,,,,,,,,,,,,,,,,,,,,,,,,,,,,,,,,,,,,,,
training_event,training,e92e7c09-c1b8-4f72-a7a8-f75077608d1b,fb631f58-25c1-46bf-b368-d8d518aefb4d,2026-08-15T06:41:52.149000+00:00,mouse_scroll,,,,,715.423193997719,259.61215133407796,,6.396804489462568,,,,controlled_typing,3,7,,,,18007.498598824553,,,,,training/controlled_typing,seed_device_e92e7c09,,,,,,,,,,,,,,,,,,,,,,,,,,,,,,,,,,,,,,,,,,,,,,,,,,,,,,,,,,,,,,,,,,
training_event,training,e92e7c09-c1b8-4f72-a7a8-f75077608d1b,fb631f58-25c1-46bf-b368-d8d518aefb4d,2026-08-12T19:41:52.149000+00:00,mouse_move,,,,,900.2277439971804,493.0116337557883,,,,,,controlled_typing,2,4,,,,19319.042849845497,,,,,training/controlled_typing,seed_device_e92e7c09,,,,,,,,,,,,,,,,,,,,,,,,,,,,,,,,,,,,,,,,,,,,,,,,,,,,,,,,,,,,,,,,,,
training_event,training,e92e7c09-c1b8-4f72-a7a8-f75077608d1b,4c410b35-5bef-4e75-9e01-20c9ba4dfcd3,2026-08-11T14:41:52.149000+00:00,keyup,88,E,123.09228243877197,32.68915738294481,,,,,,,,repeated_typing,0,1,44,3,2,4411.336589932267,330.8280616352771,,,,training/repeated_typing,seed_device_e92e7c09,,,,,,,,,,,,,,,,,,,,,,,,,,,,,,,,,,,,,,,,,,,,,,,,,,,,,,,,,,,,,,,,,,
training_event,training,e92e7c09-c1b8-4f72-a7a8-f75077608d1b,4c410b35-5bef-4e75-9e01-20c9ba4dfcd3,2026-08-16T16:41:52.149000+00:00,keydown,90,G,132.57633799074804,62.76600480040297,,,,,,,,repeated_typing,0,6,58,3,1,5078.254902328279,2078.0911900583205,,,,training/repeated_typing,seed_device_e92e7c09,,,,,,,,,,,,,,,,,,,,,,,,,,,,,,,,,,,,,,,,,,,,,,,,,,,,,,,,,,,,,,,,,,
training_event,training,e92e7c09-c1b8-4f72-a7a8-f75077608d1b,4c410b35-5bef-4e75-9e01-20c9ba4dfcd3,2026-08-17T08:41:52.149000+00:00,mouse_move,,,,,1742.3860774127425,782.3318955932208,,,,,,repeated_typing,1,0,,,,17606.391833335,,,,,training/repeated_typing,seed_device_e92e7c09,,,,,,,,,,,,,,,,,,,,,,,,,,,,,,,,,,,,,,,,,,,,,,,,,,,,,,,,,,,,,,,,,,
training_event,training,e92e7c09-c1b8-4f72-a7a8-f75077608d1b,244a3cf7-1f25-4657-89e4-8763a2fb89ac,2026-08-11T14:41:52.149000+00:00,keyup,77,Y,52.86078698080449,143.12157762545047,,,,,,,,paragraph_typing,0,6,60,3,0,27213.308902493834,3100.824522354472,,,,training/paragraph_typing,seed_device_e92e7c09,,,,,,,,,,,,,,,,,,,,,,,,,,,,,,,,,,,,,,,,,,,,,,,,,,,,,,,,,,,,,,,,,,
training_event,training,e92e7c09-c1b8-4f72-a7a8-f75077608d1b,244a3cf7-1f25-4657-89e4-8763a2fb89ac,2026-08-15T19:41:52.149000+00:00,mouse_scroll,,,,,1017.9493358201174,804.5320493424232,,-10.26331038351691,,,,paragraph_typing,3,1,,,,16233.823093781944,,,,,training/paragraph_typing,seed_device_e92e7c09,,,,,,,,,,,,,,,,,,,,,,,,,,,,,,,,,,,,,,,,,,,,,,,,,,,,,,,,,,,,,,,,,,
training_event,training,e92e7c09-c1b8-4f72-a7a8-f75077608d1b,244a3cf7-1f25-4657-89e4-8763a2fb89ac,2026-08-15T15:41:52.149000+00:00,keydown,72,Q,124.34161330547656,99.6096906612186,,,,,,,,paragraph_typing,1,3,90,0,1,9018.732622313626,2145.119159115602,,,,training/paragraph_typing,seed_device_e92e7c09,,,,,,,,,,,,,,,,,,,,,,,,,,,,,,,,,,,,,,,,,,,,,,,,,,,,,,,,,,,,,,,,,,
training_event,training,e92e7c09-c1b8-4f72-a7a8-f75077608d1b,244a3cf7-1f25-4657-89e4-8763a2fb89ac,2026-08-16T14:41:52.149000+00:00,mouse_click,,,,,739.6542011932581,822.602408200793,,,,,,paragraph_typing,0,5,,,,1024.6811937933496,,target_16,large,255.52728364024517,training/paragraph_typing,seed_device_e92e7c09,,,,,,,,,,,,,,,,,,,,,,,,,,,,,,,,,,,,,,,,,,,,,,,,,,,,,,,,,,,,,,,,,,
training_event,training,e92e7c09-c1b8-4f72-a7a8-f75077608d1b,fb631f58-25c1-46bf-b368-d8d518aefb4d,2026-08-17T00:41:52.149000+00:00,keydown,67,G,60.80204095062273,117.77638784679024,,,,,,,,controlled_typing,1,1,83,3,1,12198.579799890658,4639.281494029118,,,,training/controlled_typing,seed_device_e92e7c09,,,,,,,,,,,,,,,,,,,,,,,,,,,,,,,,,,,,,,,,,,,,,,,,,,,,,,,,,,,,,,,,,,
training_event,training,e92e7c09-c1b8-4f72-a7a8-f75077608d1b,fb631f58-25c1-46bf-b368-d8d518aefb4d,2026-08-16T10:41:52.149000+00:00,mouse_scroll,,,,,867.3686384692857,625.1228415782531,,-49.73325334783748,,,,controlled_typing,1,5,,,,7496.619065465766,,,,,training/controlled_typing,seed_device_e92e7c09,,,,,,,,,,,,,,,,,,,,,,,,,,,,,,,,,,,,,,,,,,,,,,,,,,,,,,,,,,,,,,,,,,
training_event,training,e92e7c09-c1b8-4f72-a7a8-f75077608d1b,fb631f58-25c1-46bf-b368-d8d518aefb4d,2026-08-12T16:41:52.149000+00:00,mouse_scroll,,,,,1759.7045960732257,683.1616014663465,,11.111733741674335,,,,controlled_typing,1,0,,,,7618.854035962712,,,,,training/controlled_typing,seed_device_e92e7c09,,,,,,,,,,,,,,,,,,,,,,,,,,,,,,,,,,,,,,,,,,,,,,,,,,,,,,,,,,,,,,,,,,
training_event,training,e92e7c09-c1b8-4f72-a7a8-f75077608d1b,fb631f58-25c1-46bf-b368-d8d518aefb4d,2026-08-15T01:41:52.149000+00:00,mouse_move,,,,,523.6342341685194,371.35198996564765,,,,,,controlled_typing,3,4,,,,1691.6056994282058,,,,,training/controlled_typing,seed_device_e92e7c09,,,,,,,,,,,,,,,,,,,,,,,,,,,,,,,,,,,,,,,,,,,,,,,,,,,,,,,,,,,,,,,,,,
training_event,training,e92e7c09-c1b8-4f72-a7a8-f75077608d1b,fb631f58-25c1-46bf-b368-d8d518aefb4d,2026-08-12T09:41:52.149000+00:00,keydown,87,N,178.9132653938801,142.0488141230552,,,,,,,,controlled_typing,1,5,85,3,2,13834.35121430508,3147.1116685983175,,,,training/controlled_typing,seed_device_e92e7c09,,,,,,,,,,,,,,,,,,,,,,,,,,,,,,,,,,,,,,,,,,,,,,,,,,,,,,,,,,,,,,,,,,
training_event,training,e92e7c09-c1b8-4f72-a7a8-f75077608d1b,fb631f58-25c1-46bf-b368-d8d518aefb4d,2026-08-13T10:41:52.149000+00:00,keyup,72,F,76.06754226825201,35.649159381645575,,,,,,,,controlled_typing,0,5,19,0,0,10067.799374988468,4081.3050578588795,,,,training/controlled_typing,seed_device_e92e7c09,,,,,,,,,,,,,,,,,,,,,,,,,,,,,,,,,,,,,,,,,,,,,,,,,,,,,,,,,,,,,,,,,,
training_event,training,e92e7c09-c1b8-4f72-a7a8-f75077608d1b,4c410b35-5bef-4e75-9e01-20c9ba4dfcd3,2026-08-15T12:41:52.149000+00:00,keydown,85,R,94.74360395796042,48.043002382562875,,,,,,,,repeated_typing,4,2,40,2,1,5929.633575695665,37.15757199214798,,,,training/repeated_typing,seed_device_e92e7c09,,,,,,,,,,,,,,,,,,,,,,,,,,,,,,,,,,,,,,,,,,,,,,,,,,,,,,,,,,,,,,,,,,
training_event,training,e92e7c09-c1b8-4f72-a7a8-f75077608d1b,4c410b35-5bef-4e75-9e01-20c9ba4dfcd3,2026-08-14T17:41:52.149000+00:00,keyup,76,A,59.65559107742352,82.71418203387466,,,,,,,,repeated_typing,2,0,81,0,2,13316.88471202581,4815.053923416614,,,,training/repeated_typing,seed_device_e92e7c09,,,,,,,,,,,,,,,,,,,,,,,,,,,,,,,,,,,,,,,,,,,,,,,,,,,,,,,,,,,,,,,,,,
training_event,training,e92e7c09-c1b8-4f72-a7a8-f75077608d1b,4c410b35-5bef-4e75-9e01-20c9ba4dfcd3,2026-08-11T12:41:52.149000+00:00,mouse_scroll,,,,,1019.2909473514443,704.1466279314161,,-13.39029898486659,,,,repeated_typing,0,1,,,,5256.849668631159,,,,,training/repeated_typing,seed_device_e92e7c09,,,,,,,,,,,,,,,,,,,,,,,,,,,,,,,,,,,,,,,,,,,,,,,,,,,,,,,,,,,,,,,,,,
training_event,training,e92e7c09-c1b8-4f72-a7a8-f75077608d1b,244a3cf7-1f25-4657-89e4-8763a2fb89ac,2026-08-12T10:41:52.149000+00:00,keyup,76,R,89.80036355874887,53.49579048251882,,,,,,,,paragraph_typing,4,5,78,1,2,24567.4413540141,2470.018656538903,,,,training/paragraph_typing,seed_device_e92e7c09,,,,,,,,,,,,,,,,,,,,,,,,,,,,,,,,,,,,,,,,,,,,,,,,,,,,,,,,,,,,,,,,,,
training_event,training,e92e7c09-c1b8-4f72-a7a8-f75077608d1b,244a3cf7-1f25-4657-89e4-8763a2fb89ac,2026-08-11T21:41:52.149000+00:00,mouse_click,,,,,1373.88222820579,225.03604689150762,,,,,,paragraph_typing,0,4,,,,21713.85747854662,,target_11,medium,264.99665693335686,training/paragraph_typing,seed_device_e92e7c09,,,,,,,,,,,,,,,,,,,,,,,,,,,,,,,,,,,,,,,,,,,,,,,,,,,,,,,,,,,,,,,,,,
training_event,training,e92e7c09-c1b8-4f72-a7a8-f75077608d1b,fb631f58-25c1-46bf-b368-d8d518aefb4d,2026-08-12T07:41:52.149000+00:00,mouse_click,,,,,1219.8022539418391,339.4814345806976,,,,,,controlled_typing,4,3,,,,16281.899235821353,,target_9,small,250.80717350403472,training/controlled_typing,seed_device_e92e7c09,,,,,,,,,,,,,,,,,,,,,,,,,,,,,,,,,,,,,,,,,,,,,,,,,,,,,,,,,,,,,,,,,,
training_event,training,e92e7c09-c1b8-4f72-a7a8-f75077608d1b,fb631f58-25c1-46bf-b368-d8d518aefb4d,2026-08-16T03:41:52.149000+00:00,mouse_click,,,,,189.32696121708972,820.1231791340841,,,,,,controlled_typing,2,3,,,,17817.492702330408,,target_8,small,54.36568415267644,training/controlled_typing,seed_device_e92e7c09,,,,,,,,,,,,,,,,,,,,,,,,,,,,,,,,,,,,,,,,,,,,,,,,,,,,,,,,,,,,,,,,,,
training_event,training,e92e7c09-c1b8-4f72-a7a8-f75077608d1b,4c410b35-5bef-4e75-9e01-20c9ba4dfcd3,2026-08-16T15:41:52.149000+00:00,mouse_move,,,,,996.3400505484458,818.5474961519575,,,,,,repeated_typing,0,7,,,,25126.05783406605,,,,,training/repeated_typing,seed_device_e92e7c09,,,,,,,,,,,,,,,,,,,,,,,,,,,,,,,,,,,,,,,,,,,,,,,,,,,,,,,,,,,,,,,,,,
training_event,training,e92e7c09-c1b8-4f72-a7a8-f75077608d1b,4c410b35-5bef-4e75-9e01-20c9ba4dfcd3,2026-08-14T16:41:52.149000+00:00,mouse_move,,,,,1167.1093919710308,306.2053948018386,,,,,,repeated_typing,2,5,,,,29530.461094763697,,,,,training/repeated_typing,seed_device_e92e7c09,,,,,,,,,,,,,,,,,,,,,,,,,,,,,,,,,,,,,,,,,,,,,,,,,,,,,,,,,,,,,,,,,,
training_event,training,e92e7c09-c1b8-4f72-a7a8-f75077608d1b,4c410b35-5bef-4e75-9e01-20c9ba4dfcd3,2026-08-12T17:41:52.149000+00:00,keydown,72,O,78.1690708924601,79.9068336545404,,,,,,,,repeated_typing,0,8,76,1,0,13606.81188187968,1883.2704029620907,,,,training/repeated_typing,seed_device_e92e7c09,,,,,,,,,,,,,,,,,,,,,,,,,,,,,,,,,,,,,,,,,,,,,,,,,,,,,,,,,,,,,,,,,,
training_event,training,e92e7c09-c1b8-4f72-a7a8-f75077608d1b,244a3cf7-1f25-4657-89e4-8763a2fb89ac,2026-08-17T07:41:52.149000+00:00,keydown,81,P,184.206296473788,81.00590193243198,,,,,,,,paragraph_typing,2,9,50,2,2,3933.935979982401,4354.207002269288,,,,training/paragraph_typing,seed_device_e92e7c09,,,,,,,,,,,,,,,,,,,,,,,,,,,,,,,,,,,,,,,,,,,,,,,,,,,,,,,,,,,,,,,,,,
training_event,training,e92e7c09-c1b8-4f72-a7a8-f75077608d1b,244a3cf7-1f25-4657-89e4-8763a2fb89ac,2026-08-15T14:41:52.149000+00:00,keydown,73,R,99.55551798494949,146.83591558086744,,,,,,,,paragraph_typing,4,6,32,3,0,27922.335650729787,2591.540609201928,,,,training/paragraph_typing,seed_device_e92e7c09,,,,,,,,,,,,,,,,,,,,,,,,,,,,,,,,,,,,,,,,,,,,,,,,,,,,,,,,,,,,,,,,,,
training_event,training,e92e7c09-c1b8-4f72-a7a8-f75077608d1b,244a3cf7-1f25-4657-89e4-8763a2fb89ac,2026-08-12T04:41:52.149000+00:00,keyup,79,Z,82.99539479876186,124.56023331963893,,,,,,,,paragraph_typing,0,5,81,2,0,6577.456818335725,940.4102413733661,,,,training/paragraph_typing,seed_device_e92e7c09,,,,,,,,,,,,,,,,,,,,,,,,,,,,,,,,,,,,,,,,,,,,,,,,,,,,,,,,,,,,,,,,,,
training_event,training,e92e7c09-c1b8-4f72-a7a8-f75077608d1b,fb631f58-25c1-46bf-b368-d8d518aefb4d,2026-08-12T05:41:52.149000+00:00,mouse_move,,,,,1167.5719695650744,186.8545904341042,,,,,,controlled_typing,4,0,,,,25459.118955780978,,,,,training/controlled_typing,seed_device_e92e7c09,,,,,,,,,,,,,,,,,,,,,,,,,,,,,,,,,,,,,,,,,,,,,,,,,,,,,,,,,,,,,,,,,,
training_event,training,e92e7c09-c1b8-4f72-a7a8-f75077608d1b,fb631f58-25c1-46bf-b368-d8d518aefb4d,2026-08-13T07:41:52.149000+00:00,keydown,74,J,184.86633594200538,79.97596463871713,,,,,,,,controlled_typing,0,3,47,1,1,26175.560457421834,1001.9844302954123,,,,training/controlled_typing,seed_device_e92e7c09,,,,,,,,,,,,,,,,,,,,,,,,,,,,,,,,,,,,,,,,,,,,,,,,,,,,,,,,,,,,,,,,,,
training_event,training,e92e7c09-c1b8-4f72-a7a8-f75077608d1b,fb631f58-25c1-46bf-b368-d8d518aefb4d,2026-08-13T09:41:52.149000+00:00,mouse_scroll,,,,,266.7537117243496,889.3564225404904,,26.221116265377034,,,,controlled_typing,0,8,,,,24927.744239471245,,,,,training/controlled_typing,seed_device_e92e7c09,,,,,,,,,,,,,,,,,,,,,,,,,,,,,,,,,,,,,,,,,,,,,,,,,,,,,,,,,,,,,,,,,,
training_event,training,e92e7c09-c1b8-4f72-a7a8-f75077608d1b,fb631f58-25c1-46bf-b368-d8d518aefb4d,2026-08-15T16:41:52.149000+00:00,mouse_move,,,,,1203.1899139734026,443.7169182375766,,,,,,controlled_typing,3,3,,,,2017.9990564973118,,,,,training/controlled_typing,seed_device_e92e7c09,,,,,,,,,,,,,,,,,,,,,,,,,,,,,,,,,,,,,,,,,,,,,,,,,,,,,,,,,,,,,,,,,,
training_event,training,e92e7c09-c1b8-4f72-a7a8-f75077608d1b,fb631f58-25c1-46bf-b368-d8d518aefb4d,2026-08-11T16:41:52.149000+00:00,mouse_click,,,,,572.3923406413651,893.6632122202279,,,,,,controlled_typing,3,1,,,,24653.399257244633,,target_2,medium,140.01792211477522,training/controlled_typing,seed_device_e92e7c09,,,,,,,,,,,,,,,,,,,,,,,,,,,,,,,,,,,,,,,,,,,,,,,,,,,,,,,,,,,,,,,,,,
training_event,training,e92e7c09-c1b8-4f72-a7a8-f75077608d1b,fb631f58-25c1-46bf-b368-d8d518aefb4d,2026-08-13T02:41:52.149000+00:00,keydown,90,U,125.54353454481819,127.52340198002419,,,,,,,,controlled_typing,3,4,46,2,0,28575.252175583464,406.46296123063195,,,,training/controlled_typing,seed_device_e92e7c09,,,,,,,,,,,,,,,,,,,,,,,,,,,,,,,,,,,,,,,,,,,,,,,,,,,,,,,,,,,,,,,,,,
training_event,training,e92e7c09-c1b8-4f72-a7a8-f75077608d1b,4c410b35-5bef-4e75-9e01-20c9ba4dfcd3,2026-08-14T01:41:52.149000+00:00,mouse_scroll,,,,,692.0759912172422,343.21119767224434,,-38.17519210229533,,,,repeated_typing,4,3,,,,17179.28860930619,,,,,training/repeated_typing,seed_device_e92e7c09,,,,,,,,,,,,,,,,,,,,,,,,,,,,,,,,,,,,,,,,,,,,,,,,,,,,,,,,,,,,,,,,,,
training_event,training,e92e7c09-c1b8-4f72-a7a8-f75077608d1b,4c410b35-5bef-4e75-9e01-20c9ba4dfcd3,2026-08-12T08:41:52.149000+00:00,keydown,83,N,171.28493014646875,38.28983893304844,,,,,,,,repeated_typing,3,4,35,1,0,10203.53887934257,3648.3859312178206,,,,training/repeated_typing,seed_device_e92e7c09,,,,,,,,,,,,,,,,,,,,,,,,,,,,,,,,,,,,,,,,,,,,,,,,,,,,,,,,,,,,,,,,,,
training_event,training,e92e7c09-c1b8-4f72-a7a8-f75077608d1b,4c410b35-5bef-4e75-9e01-20c9ba4dfcd3,2026-08-17T09:41:52.149000+00:00,keyup,74,B,67.46151291538615,132.18509863941435,,,,,,,,repeated_typing,2,8,93,2,2,16898.20595791521,4887.271614744526,,,,training/repeated_typing,seed_device_e92e7c09,,,,,,,,,,,,,,,,,,,,,,,,,,,,,,,,,,,,,,,,,,,,,,,,,,,,,,,,,,,,,,,,,,
training_event,training,e92e7c09-c1b8-4f72-a7a8-f75077608d1b,4c410b35-5bef-4e75-9e01-20c9ba4dfcd3,2026-08-11T19:41:52.149000+00:00,mouse_move,,,,,838.3428804618993,730.9436374210328,,,,,,repeated_typing,1,0,,,,7226.165391031652,,,,,training/repeated_typing,seed_device_e92e7c09,,,,,,,,,,,,,,,,,,,,,,,,,,,,,,,,,,,,,,,,,,,,,,,,,,,,,,,,,,,,,,,,,,
training_event,training,e92e7c09-c1b8-4f72-a7a8-f75077608d1b,244a3cf7-1f25-4657-89e4-8763a2fb89ac,2026-08-16T01:41:52.149000+00:00,keydown,73,X,109.14455997168609,46.80740334196462,,,,,,,,paragraph_typing,2,3,44,1,2,17191.875997362367,3647.7261245002983,,,,training/paragraph_typing,seed_device_e92e7c09,,,,,,,,,,,,,,,,,,,,,,,,,,,,,,,,,,,,,,,,,,,,,,,,,,,,,,,,,,,,,,,,,,
training_event,training,e92e7c09-c1b8-4f72-a7a8-f75077608d1b,244a3cf7-1f25-4657-89e4-8763a2fb89ac,2026-08-12T05:41:52.149000+00:00,keydown,86,B,198.0074213818972,71.38876928984695,,,,,,,,paragraph_typing,2,3,68,3,0,23890.951610097378,724.0508830074472,,,,training/paragraph_typing,seed_device_e92e7c09,,,,,,,,,,,,,,,,,,,,,,,,,,,,,,,,,,,,,,,,,,,,,,,,,,,,,,,,,,,,,,,,,,
training_event,training,e92e7c09-c1b8-4f72-a7a8-f75077608d1b,244a3cf7-1f25-4657-89e4-8763a2fb89ac,2026-08-11T18:41:52.149000+00:00,keyup,77,P,92.34703372859671,142.61424910511533,,,,,,,,paragraph_typing,3,0,59,1,2,15804.529389814192,2149.7016906054146,,,,training/paragraph_typing,seed_device_e92e7c09,,,,,,,,,,,,,,,,,,,,,,,,,,,,,,,,,,,,,,,,,,,,,,,,,,,,,,,,,,,,,,,,,,
training_event,training,e92e7c09-c1b8-4f72-a7a8-f75077608d1b,d29fca71-0851-4e15-b254-d6687095e5ff,2026-08-15T06:42:51.029000+00:00,mouse_scroll,,,,,715.423193997719,259.61215133407796,,6.396804489462568,,,,controlled_typing,3,7,,,,18007.498598824553,,,,,training/controlled_typing,seed_device_e92e7c09,,,,,,,,,,,,,,,,,,,,,,,,,,,,,,,,,,,,,,,,,,,,,,,,,,,,,,,,,,,,,,,,,,
training_event,training,e92e7c09-c1b8-4f72-a7a8-f75077608d1b,d29fca71-0851-4e15-b254-d6687095e5ff,2026-08-11T12:42:51.029000+00:00,mouse_scroll,,,,,503.7340010144737,849.1815178059252,,-12.658547918018193,,,,controlled_typing,1,5,,,,3228.1742731108343,,,,,training/controlled_typing,seed_device_e92e7c09,,,,,,,,,,,,,,,,,,,,,,,,,,,,,,,,,,,,,,,,,,,,,,,,,,,,,,,,,,,,,,,,,,
training_event,training,e92e7c09-c1b8-4f72-a7a8-f75077608d1b,d29fca71-0851-4e15-b254-d6687095e5ff,2026-08-12T18:42:51.029000+00:00,mouse_click,,,,,1489.2272714587803,285.2727961105376,,,,,,controlled_typing,1,9,,,,11675.902095951738,,target_8,medium,290.599131579313,training/controlled_typing,seed_device_e92e7c09,,,,,,,,,,,,,,,,,,,,,,,,,,,,,,,,,,,,,,,,,,,,,,,,,,,,,,,,,,,,,,,,,,
training_event,training,e92e7c09-c1b8-4f72-a7a8-f75077608d1b,d29fca71-0851-4e15-b254-d6687095e5ff,2026-08-13T08:42:51.029000+00:00,mouse_scroll,,,,,639.7808953680224,648.6021216557509,,14.322110889564627,,,,controlled_typing,2,7,,,,17301.688945494556,,,,,training/controlled_typing,seed_device_e92e7c09,,,,,,,,,,,,,,,,,,,,,,,,,,,,,,,,,,,,,,,,,,,,,,,,,,,,,,,,,,,,,,,,,,
training_event,training,e92e7c09-c1b8-4f72-a7a8-f75077608d1b,d29fca71-0851-4e15-b254-d6687095e5ff,2026-08-13T17:42:51.029000+00:00,keyup,68,Y,91.9759022363252,100.87425553690184,,,,,,,,controlled_typing,2,9,24,2,0,12275.862954227377,3209.021305194778,,,,training/controlled_typing,seed_device_e92e7c09,,,,,,,,,,,,,,,,,,,,,,,,,,,,,,,,,,,,,,,,,,,,,,,,,,,,,,,,,,,,,,,,,,
training_event,training,e92e7c09-c1b8-4f72-a7a8-f75077608d1b,d29fca71-0851-4e15-b254-d6687095e5ff,2026-08-13T17:42:51.029000+00:00,keyup,68,G,85.76870452334946,76.18875395448111,,,,,,,,controlled_typing,1,2,17,0,0,5082.278099530709,213.62168619525224,,,,training/controlled_typing,seed_device_e92e7c09,,,,,,,,,,,,,,,,,,,,,,,,,,,,,,,,,,,,,,,,,,,,,,,,,,,,,,,,,,,,,,,,,,
training_event,training,e92e7c09-c1b8-4f72-a7a8-f75077608d1b,e076452b-c35a-4f07-ac90-126302cbb09c,2026-08-17T09:42:51.029000+00:00,keyup,74,B,67.46151291538615,132.18509863941435,,,,,,,,repeated_typing,2,8,93,2,2,16898.20595791521,4887.271614744526,,,,training/repeated_typing,seed_device_e92e7c09,,,,,,,,,,,,,,,,,,,,,,,,,,,,,,,,,,,,,,,,,,,,,,,,,,,,,,,,,,,,,,,,,,
training_event,training,e92e7c09-c1b8-4f72-a7a8-f75077608d1b,e076452b-c35a-4f07-ac90-126302cbb09c,2026-08-12T04:42:51.029000+00:00,mouse_move,,,,,560.9256499054798,305.9609184658795,,,,,,repeated_typing,1,3,,,,20412.667157522497,,,,,training/repeated_typing,seed_device_e92e7c09,,,,,,,,,,,,,,,,,,,,,,,,,,,,,,,,,,,,,,,,,,,,,,,,,,,,,,,,,,,,,,,,,,
training_event,training,e92e7c09-c1b8-4f72-a7a8-f75077608d1b,128950ec-66cc-4404-b959-df0e9f2f86ad,2026-08-16T16:42:51.029000+00:00,mouse_click,,,,,1600.967303281082,115.08286815079245,,,,,,paragraph_typing,2,7,,,,14374.61072638151,,target_19,medium,178.0600801444477,training/paragraph_typing,seed_device_e92e7c09,,,,,,,,,,,,,,,,,,,,,,,,,,,,,,,,,,,,,,,,,,,,,,,,,,,,,,,,,,,,,,,,,,
training_event,training,e92e7c09-c1b8-4f72-a7a8-f75077608d1b,128950ec-66cc-4404-b959-df0e9f2f86ad,2026-08-11T14:42:51.029000+00:00,keyup,77,Y,52.86078698080449,143.12157762545047,,,,,,,,paragraph_typing,0,6,60,3,0,27213.308902493834,3100.824522354472,,,,training/paragraph_typing,seed_device_e92e7c09,,,,,,,,,,,,,,,,,,,,,,,,,,,,,,,,,,,,,,,,,,,,,,,,,,,,,,,,,,,,,,,,,,
training_event,training,e92e7c09-c1b8-4f72-a7a8-f75077608d1b,128950ec-66cc-4404-b959-df0e9f2f86ad,2026-08-15T11:42:51.029000+00:00,mouse_scroll,,,,,1188.8745785334795,701.5770737672599,,32.649807382929836,,,,paragraph_typing,1,9,,,,4209.85859173423,,,,,training/paragraph_typing,seed_device_e92e7c09,,,,,,,,,,,,,,,,,,,,,,,,,,,,,,,,,,,,,,,,,,,,,,,,,,,,,,,,,,,,,,,,,,
training_event,training,e92e7c09-c1b8-4f72-a7a8-f75077608d1b,128950ec-66cc-4404-b959-df0e9f2f86ad,2026-08-15T00:42:51.029000+00:00,keyup,73,P,126.11011793913904,37.44511772308029,,,,,,,,paragraph_typing,3,4,72,1,1,27610.96785595276,1583.8198872190874,,,,training/paragraph_typing,seed_device_e92e7c09,,,,,,,,,,,,,,,,,,,,,,,,,,,,,,,,,,,,,,,,,,,,,,,,,,,,,,,,,,,,,,,,,,
training_event,training,e92e7c09-c1b8-4f72-a7a8-f75077608d1b,128950ec-66cc-4404-b959-df0e9f2f86ad,2026-08-17T09:42:51.029000+00:00,mouse_scroll,,,,,1543.613028191092,386.96415262197377,,-29.042379676603968,,,,paragraph_typing,4,8,,,,25214.790466892333,,,,,training/paragraph_typing,seed_device_e92e7c09,,,,,,,,,,,,,,,,,,,,,,,,,,,,,,,,,,,,,,,,,,,,,,,,,,,,,,,,,,,,,,,,,,
training_event,training,e92e7c09-c1b8-4f72-a7a8-f75077608d1b,d29fca71-0851-4e15-b254-d6687095e5ff,2026-08-14T03:42:51.029000+00:00,mouse_move,,,,,703.0916759782504,457.99134230302707,,,,,,controlled_typing,3,9,,,,2420.1516854922666,,,,,training/controlled_typing,seed_device_e92e7c09,,,,,,,,,,,,,,,,,,,,,,,,,,,,,,,,,,,,,,,,,,,,,,,,,,,,,,,,,,,,,,,,,,
training_event,training,e92e7c09-c1b8-4f72-a7a8-f75077608d1b,d29fca71-0851-4e15-b254-d6687095e5ff,2026-08-16T21:42:51.029000+00:00,mouse_move,,,,,788.589410345055,204.61590307461668,,,,,,controlled_typing,2,8,,,,15580.442122630053,,,,,training/controlled_typing,seed_device_e92e7c09,,,,,,,,,,,,,,,,,,,,,,,,,,,,,,,,,,,,,,,,,,,,,,,,,,,,,,,,,,,,,,,,,,
training_event,training,e92e7c09-c1b8-4f72-a7a8-f75077608d1b,d29fca71-0851-4e15-b254-d6687095e5ff,2026-08-14T20:42:51.029000+00:00,keyup,76,K,73.73946461640719,77.82893527200366,,,,,,,,controlled_typing,1,3,24,1,1,28624.028574258962,1888.4553175544766,,,,training/controlled_typing,seed_device_e92e7c09,,,,,,,,,,,,,,,,,,,,,,,,,,,,,,,,,,,,,,,,,,,,,,,,,,,,,,,,,,,,,,,,,,
training_event,training,e92e7c09-c1b8-4f72-a7a8-f75077608d1b,128950ec-66cc-4404-b959-df0e9f2f86ad,2026-08-11T21:42:51.029000+00:00,mouse_click,,,,,1373.88222820579,225.03604689150762,,,,,,paragraph_typing,0,4,,,,21713.85747854662,,target_11,medium,264.99665693335686,training/paragraph_typing,seed_device_e92e7c09,,,,,,,,,,,,,,,,,,,,,,,,,,,,,,,,,,,,,,,,,,,,,,,,,,,,,,,,,,,,,,,,,,
training_event,training,e92e7c09-c1b8-4f72-a7a8-f75077608d1b,128950ec-66cc-4404-b959-df0e9f2f86ad,2026-08-13T07:42:51.029000+00:00,mouse_scroll,,,,,1209.8130646202255,374.75325304712965,,11.738406860240715,,,,paragraph_typing,0,8,,,,27932.064057391588,,,,,training/paragraph_typing,seed_device_e92e7c09,,,,,,,,,,,,,,,,,,,,,,,,,,,,,,,,,,,,,,,,,,,,,,,,,,,,,,,,,,,,,,,,,,
training_event,training,e92e7c09-c1b8-4f72-a7a8-f75077608d1b,128950ec-66cc-4404-b959-df0e9f2f86ad,2026-08-16T14:42:51.029000+00:00,mouse_click,,,,,739.6542011932581,822.602408200793,,,,,,paragraph_typing,0,5,,,,1024.6811937933496,,target_16,large,255.52728364024517,training/paragraph_typing,seed_device_e92e7c09,,,,,,,,,,,,,,,,,,,,,,,,,,,,,,,,,,,,,,,,,,,,,,,,,,,,,,,,,,,,,,,,,,
training_event,training,e92e7c09-c1b8-4f72-a7a8-f75077608d1b,d29fca71-0851-4e15-b254-d6687095e5ff,2026-08-15T00:42:51.029000+00:00,keydown,89,N,101.56328793193532,63.81549159464587,,,,,,,,controlled_typing,2,7,53,3,2,1376.388742830898,3274.917230674623,,,,training/controlled_typing,seed_device_e92e7c09,,,,,,,,,,,,,,,,,,,,,,,,,,,,,,,,,,,,,,,,,,,,,,,,,,,,,,,,,,,,,,,,,,
training_event,training,e92e7c09-c1b8-4f72-a7a8-f75077608d1b,d29fca71-0851-4e15-b254-d6687095e5ff,2026-08-13T19:42:51.029000+00:00,mouse_click,,,,,543.7684185689664,216.76828511839128,,,,,,controlled_typing,3,5,,,,23575.875282910987,,target_9,medium,252.56180967800404,training/controlled_typing,seed_device_e92e7c09,,,,,,,,,,,,,,,,,,,,,,,,,,,,,,,,,,,,,,,,,,,,,,,,,,,,,,,,,,,,,,,,,,
training_event,training,e92e7c09-c1b8-4f72-a7a8-f75077608d1b,d29fca71-0851-4e15-b254-d6687095e5ff,2026-08-16T04:42:51.029000+00:00,mouse_click,,,,,1195.3803635693446,254.12992298108054,,,,,,controlled_typing,1,2,,,,16255.588583760273,,target_14,large,256.3882429365509,training/controlled_typing,seed_device_e92e7c09,,,,,,,,,,,,,,,,,,,,,,,,,,,,,,,,,,,,,,,,,,,,,,,,,,,,,,,,,,,,,,,,,,
training_event,training,e92e7c09-c1b8-4f72-a7a8-f75077608d1b,d29fca71-0851-4e15-b254-d6687095e5ff,2026-08-12T14:42:51.029000+00:00,mouse_click,,,,,925.0194727071246,750.0407923232303,,,,,,controlled_typing,3,5,,,,23277.182494064346,,target_9,medium,53.83959612580434,training/controlled_typing,seed_device_e92e7c09,,,,,,,,,,,,,,,,,,,,,,,,,,,,,,,,,,,,,,,,,,,,,,,,,,,,,,,,,,,,,,,,,,
training_event,training,e92e7c09-c1b8-4f72-a7a8-f75077608d1b,e076452b-c35a-4f07-ac90-126302cbb09c,2026-08-17T01:42:51.029000+00:00,mouse_move,,,,,1767.3851669634519,267.3367570553246,,,,,,repeated_typing,0,2,,,,29362.391476277444,,,,,training/repeated_typing,seed_device_e92e7c09,,,,,,,,,,,,,,,,,,,,,,,,,,,,,,,,,,,,,,,,,,,,,,,,,,,,,,,,,,,,,,,,,,
training_event,training,e92e7c09-c1b8-4f72-a7a8-f75077608d1b,e076452b-c35a-4f07-ac90-126302cbb09c,2026-08-15T12:42:51.029000+00:00,keydown,85,R,94.74360395796042,48.043002382562875,,,,,,,,repeated_typing,4,2,40,2,1,5929.633575695665,37.15757199214798,,,,training/repeated_typing,seed_device_e92e7c09,,,,,,,,,,,,,,,,,,,,,,,,,,,,,,,,,,,,,,,,,,,,,,,,,,,,,,,,,,,,,,,,,,
training_event,training,e92e7c09-c1b8-4f72-a7a8-f75077608d1b,e076452b-c35a-4f07-ac90-126302cbb09c,2026-08-14T09:42:51.029000+00:00,mouse_move,,,,,182.6738209753707,322.67894643819807,,,,,,repeated_typing,0,5,,,,20944.712274739766,,,,,training/repeated_typing,seed_device_e92e7c09,,,,,,,,,,,,,,,,,,,,,,,,,,,,,,,,,,,,,,,,,,,,,,,,,,,,,,,,,,,,,,,,,,
training_event,training,e92e7c09-c1b8-4f72-a7a8-f75077608d1b,128950ec-66cc-4404-b959-df0e9f2f86ad,2026-08-14T16:42:51.029000+00:00,keydown,76,D,71.69225885426872,145.3093159221035,,,,,,,,paragraph_typing,0,1,12,1,1,5311.187792877014,4275.973282540011,,,,training/paragraph_typing,seed_device_e92e7c09,,,,,,,,,,,,,,,,,,,,,,,,,,,,,,,,,,,,,,,,,,,,,,,,,,,,,,,,,,,,,,,,,,
training_event,training,e92e7c09-c1b8-4f72-a7a8-f75077608d1b,128950ec-66cc-4404-b959-df0e9f2f86ad,2026-08-15T09:42:51.029000+00:00,keyup,76,S,127.18206283597002,137.87526877992704,,,,,,,,paragraph_typing,0,5,65,3,2,26581.46381116379,2256.778775800553,,,,training/paragraph_typing,seed_device_e92e7c09,,,,,,,,,,,,,,,,,,,,,,,,,,,,,,,,,,,,,,,,,,,,,,,,,,,,,,,,,,,,,,,,,,
training_event,training,e92e7c09-c1b8-4f72-a7a8-f75077608d1b,128950ec-66cc-4404-b959-df0e9f2f86ad,2026-08-16T12:42:51.029000+00:00,keyup,75,H,175.21517828055408,63.550560265717365,,,,,,,,paragraph_typing,3,0,56,1,0,11611.446865549962,363.3775879563217,,,,training/paragraph_typing,seed_device_e92e7c09,,,,,,,,,,,,,,,,,,,,,,,,,,,,,,,,,,,,,,,,,,,,,,,,,,,,,,,,,,,,,,,,,,
training_event,training,e92e7c09-c1b8-4f72-a7a8-f75077608d1b,128950ec-66cc-4404-b959-df0e9f2f86ad,2026-08-12T21:42:51.029000+00:00,mouse_click,,,,,302.6075090690582,601.932431985354,,,,,,paragraph_typing,4,0,,,,21826.506723306735,,target_16,small,165.8740053462375,training/paragraph_typing,seed_device_e92e7c09,,,,,,,,,,,,,,,,,,,,,,,,,,,,,,,,,,,,,,,,,,,,,,,,,,,,,,,,,,,,,,,,,,
training_event,training,e92e7c09-c1b8-4f72-a7a8-f75077608d1b,128950ec-66cc-4404-b959-df0e9f2f86ad,2026-08-15T15:42:51.029000+00:00,keydown,72,Q,124.34161330547656,99.6096906612186,,,,,,,,paragraph_typing,1,3,90,0,1,9018.732622313626,2145.119159115602,,,,training/paragraph_typing,seed_device_e92e7c09,,,,,,,,,,,,,,,,,,,,,,,,,,,,,,,,,,,,,,,,,,,,,,,,,,,,,,,,,,,,,,,,,,
training_event,training,e92e7c09-c1b8-4f72-a7a8-f75077608d1b,128950ec-66cc-4404-b959-df0e9f2f86ad,2026-08-16T21:42:51.029000+00:00,mouse_click,,,,,942.214945771693,515.1564066217855,,,,,,paragraph_typing,1,8,,,,7734.260220290791,,target_12,small,65.63045646303307,training/paragraph_typing,seed_device_e92e7c09,,,,,,,,,,,,,,,,,,,,,,,,,,,,,,,,,,,,,,,,,,,,,,,,,,,,,,,,,,,,,,,,,,
training_event,training,e92e7c09-c1b8-4f72-a7a8-f75077608d1b,128950ec-66cc-4404-b959-df0e9f2f86ad,2026-08-13T06:42:51.029000+00:00,mouse_click,,,,,906.3293972411057,626.4593540411237,,,,,,paragraph_typing,4,9,,,,10004.178419286574,,target_3,large,256.68370538049226,training/paragraph_typing,seed_device_e92e7c09,,,,,,,,,,,,,,,,,,,,,,,,,,,,,,,,,,,,,,,,,,,,,,,,,,,,,,,,,,,,,,,,,,
training_event,training,e92e7c09-c1b8-4f72-a7a8-f75077608d1b,d29fca71-0851-4e15-b254-d6687095e5ff,2026-08-12T00:42:51.029000+00:00,keydown,65,F,158.96295427219965,111.59425142553351,,,,,,,,controlled_typing,1,3,75,3,1,7400.370136310168,4168.347178997124,,,,training/controlled_typing,seed_device_e92e7c09,,,,,,,,,,,,,,,,,,,,,,,,,,,,,,,,,,,,,,,,,,,,,,,,,,,,,,,,,,,,,,,,,,
training_event,training,e92e7c09-c1b8-4f72-a7a8-f75077608d1b,d29fca71-0851-4e15-b254-d6687095e5ff,2026-08-15T16:42:51.029000+00:00,mouse_move,,,,,1203.1899139734026,443.7169182375766,,,,,,controlled_typing,3,3,,,,2017.9990564973118,,,,,training/controlled_typing,seed_device_e92e7c09,,,,,,,,,,,,,,,,,,,,,,,,,,,,,,,,,,,,,,,,,,,,,,,,,,,,,,,,,,,,,,,,,,
training_event,training,e92e7c09-c1b8-4f72-a7a8-f75077608d1b,d29fca71-0851-4e15-b254-d6687095e5ff,2026-08-15T20:42:51.029000+00:00,keydown,87,O,87.82001051307458,101.90246482696344,,,,,,,,controlled_typing,0,1,98,1,2,9079.206043114427,4146.091240167729,,,,training/controlled_typing,seed_device_e92e7c09,,,,,,,,,,,,,,,,,,,,,,,,,,,,,,,,,,,,,,,,,,,,,,,,,,,,,,,,,,,,,,,,,,
training_event,training,e92e7c09-c1b8-4f72-a7a8-f75077608d1b,e076452b-c35a-4f07-ac90-126302cbb09c,2026-08-16T15:42:51.029000+00:00,mouse_move,,,,,996.3400505484458,818.5474961519575,,,,,,repeated_typing,0,7,,,,25126.05783406605,,,,,training/repeated_typing,seed_device_e92e7c09,,,,,,,,,,,,,,,,,,,,,,,,,,,,,,,,,,,,,,,,,,,,,,,,,,,,,,,,,,,,,,,,,,
training_event,training,e92e7c09-c1b8-4f72-a7a8-f75077608d1b,128950ec-66cc-4404-b959-df0e9f2f86ad,2026-08-13T12:42:51.029000+00:00,mouse_click,,,,,1666.7419716632473,382.23165033243134,,,,,,paragraph_typing,3,4,,,,21317.755233281587,,target_7,large,113.13982605530524,training/paragraph_typing,seed_device_e92e7c09,,,,,,,,,,,,,,,,,,,,,,,,,,,,,,,,,,,,,,,,,,,,,,,,,,,,,,,,,,,,,,,,,,
training_event,training,e92e7c09-c1b8-4f72-a7a8-f75077608d1b,128950ec-66cc-4404-b959-df0e9f2f86ad,2026-08-13T02:42:51.029000+00:00,mouse_scroll,,,,,306.5532087028727,428.29672725263464,,32.95117702406999,,,,paragraph_typing,0,9,,,,8571.43977095154,,,,,training/paragraph_typing,seed_device_e92e7c09,,,,,,,,,,,,,,,,,,,,,,,,,,,,,,,,,,,,,,,,,,,,,,,,,,,,,,,,,,,,,,,,,,
training_event,training,e92e7c09-c1b8-4f72-a7a8-f75077608d1b,d29fca71-0851-4e15-b254-d6687095e5ff,2026-08-17T00:42:51.029000+00:00,keydown,67,G,60.80204095062273,117.77638784679024,,,,,,,,controlled_typing,1,1,83,3,1,12198.579799890658,4639.281494029118,,,,training/controlled_typing,seed_device_e92e7c09,,,,,,,,,,,,,,,,,,,,,,,,,,,,,,,,,,,,,,,,,,,,,,,,,,,,,,,,,,,,,,,,,,
training_event,training,e92e7c09-c1b8-4f72-a7a8-f75077608d1b,d29fca71-0851-4e15-b254-d6687095e5ff,2026-08-11T19:42:51.029000+00:00,mouse_move,,,,,1571.6456672969196,740.5396505418116,,,,,,controlled_typing,4,8,,,,8290.865557905898,,,,,training/controlled_typing,seed_device_e92e7c09,,,,,,,,,,,,,,,,,,,,,,,,,,,,,,,,,,,,,,,,,,,,,,,,,,,,,,,,,,,,,,,,,,
training_event,training,e92e7c09-c1b8-4f72-a7a8-f75077608d1b,d29fca71-0851-4e15-b254-d6687095e5ff,2026-08-16T13:42:51.029000+00:00,mouse_click,,,,,1195.7369617268405,787.0558866361025,,,,,,controlled_typing,0,7,,,,13054.375791050676,,target_18,medium,104.44850490552707,training/controlled_typing,seed_device_e92e7c09,,,,,,,,,,,,,,,,,,,,,,,,,,,,,,,,,,,,,,,,,,,,,,,,,,,,,,,,,,,,,,,,,,
training_event,training,e92e7c09-c1b8-4f72-a7a8-f75077608d1b,e076452b-c35a-4f07-ac90-126302cbb09c,2026-08-13T02:42:51.029000+00:00,mouse_scroll,,,,,1244.7348234328347,642.9872480307599,,36.92814403454764,,,,repeated_typing,3,7,,,,12277.63710155411,,,,,training/repeated_typing,seed_device_e92e7c09,,,,,,,,,,,,,,,,,,,,,,,,,,,,,,,,,,,,,,,,,,,,,,,,,,,,,,,,,,,,,,,,,,
training_event,training,e92e7c09-c1b8-4f72-a7a8-f75077608d1b,128950ec-66cc-4404-b959-df0e9f2f86ad,2026-08-15T22:42:51.029000+00:00,mouse_click,,,,,1250.4000804672214,347.4256059722642,,,,,,paragraph_typing,2,4,,,,1721.8470674131927,,target_3,small,131.6526382084587,training/paragraph_typing,seed_device_e92e7c09,,,,,,,,,,,,,,,,,,,,,,,,,,,,,,,,,,,,,,,,,,,,,,,,,,,,,,,,,,,,,,,,,,
training_event,training,e92e7c09-c1b8-4f72-a7a8-f75077608d1b,128950ec-66cc-4404-b959-df0e9f2f86ad,2026-08-14T08:42:51.029000+00:00,mouse_move,,,,,699.9785181551188,581.2539251105202,,,,,,paragraph_typing,4,8,,,,23565.273988329944,,,,,training/paragraph_typing,seed_device_e92e7c09,,,,,,,,,,,,,,,,,,,,,,,,,,,,,,,,,,,,,,,,,,,,,,,,,,,,,,,,,,,,,,,,,,
training_event,training,e92e7c09-c1b8-4f72-a7a8-f75077608d1b,128950ec-66cc-4404-b959-df0e9f2f86ad,2026-08-13T06:42:51.029000+00:00,keydown,69,M,105.98576705580147,44.37280673398259,,,,,,,,paragraph_typing,0,5,66,1,0,13602.380135759126,3459.382627138199,,,,training/paragraph_typing,seed_device_e92e7c09,,,,,,,,,,,,,,,,,,,,,,,,,,,,,,,,,,,,,,,,,,,,,,,,,,,,,,,,,,,,,,,,,,
training_event,training,e92e7c09-c1b8-4f72-a7a8-f75077608d1b,128950ec-66cc-4404-b959-df0e9f2f86ad,2026-08-13T22:42:51.029000+00:00,keydown,74,K,119.14434161492827,66.879088196986,,,,,,,,paragraph_typing,2,7,37,2,2,11968.333281121162,3051.345195286264,,,,training/paragraph_typing,seed_device_e92e7c09,,,,,,,,,,,,,,,,,,,,,,,,,,,,,,,,,,,,,,,,,,,,,,,,,,,,,,,,,,,,,,,,,,
training_event,training,e92e7c09-c1b8-4f72-a7a8-f75077608d1b,128950ec-66cc-4404-b959-df0e9f2f86ad,2026-08-16T00:42:51.029000+00:00,mouse_scroll,,,,,1308.5366021755783,673.857670585,,-1.801096921387959,,,,paragraph_typing,0,5,,,,16130.023934870711,,,,,training/paragraph_typing,seed_device_e92e7c09,,,,,,,,,,,,,,,,,,,,,,,,,,,,,,,,,,,,,,,,,,,,,,,,,,,,,,,,,,,,,,,,,,
training_event,training,e92e7c09-c1b8-4f72-a7a8-f75077608d1b,d29fca71-0851-4e15-b254-d6687095e5ff,2026-08-11T22:42:51.029000+00:00,keyup,89,D,141.02425355638573,64.28774746703957,,,,,,,,controlled_typing,3,2,70,0,2,27988.62647453941,797.9726274583537,,,,training/controlled_typing,seed_device_e92e7c09,,,,,,,,,,,,,,,,,,,,,,,,,,,,,,,,,,,,,,,,,,,,,,,,,,,,,,,,,,,,,,,,,,
training_event,training,e92e7c09-c1b8-4f72-a7a8-f75077608d1b,d29fca71-0851-4e15-b254-d6687095e5ff,2026-08-13T03:42:51.029000+00:00,mouse_click,,,,,979.721349458484,208.55899060264454,,,,,,controlled_typing,2,0,,,,27630.96199811634,,target_12,medium,158.91945678373617,training/controlled_typing,seed_device_e92e7c09,,,,,,,,,,,,,,,,,,,,,,,,,,,,,,,,,,,,,,,,,,,,,,,,,,,,,,,,,,,,,,,,,,
training_event,training,e92e7c09-c1b8-4f72-a7a8-f75077608d1b,d29fca71-0851-4e15-b254-d6687095e5ff,2026-08-13T16:42:51.029000+00:00,keyup,77,M,186.60754626204346,44.094332623076326,,,,,,,,controlled_typing,3,1,45,0,2,22328.34948236651,908.3341339803819,,,,training/controlled_typing,seed_device_e92e7c09,,,,,,,,,,,,,,,,,,,,,,,,,,,,,,,,,,,,,,,,,,,,,,,,,,,,,,,,,,,,,,,,,,
training_event,training,e92e7c09-c1b8-4f72-a7a8-f75077608d1b,d29fca71-0851-4e15-b254-d6687095e5ff,2026-08-11T21:42:51.029000+00:00,keyup,89,O,123.97306270604582,125.27952870765726,,,,,,,,controlled_typing,4,5,82,3,0,6420.47834319463,2541.1922462373673,,,,training/controlled_typing,seed_device_e92e7c09,,,,,,,,,,,,,,,,,,,,,,,,,,,,,,,,,,,,,,,,,,,,,,,,,,,,,,,,,,,,,,,,,,
training_event,training,e92e7c09-c1b8-4f72-a7a8-f75077608d1b,d29fca71-0851-4e15-b254-d6687095e5ff,2026-08-12T01:42:51.029000+00:00,keyup,75,N,75.16408268573848,123.42656202216122,,,,,,,,controlled_typing,2,1,60,3,2,27714.577876556108,354.2683818997172,,,,training/controlled_typing,seed_device_e92e7c09,,,,,,,,,,,,,,,,,,,,,,,,,,,,,,,,,,,,,,,,,,,,,,,,,,,,,,,,,,,,,,,,,,
training_event,training,e92e7c09-c1b8-4f72-a7a8-f75077608d1b,d29fca71-0851-4e15-b254-d6687095e5ff,2026-08-14T23:42:51.029000+00:00,mouse_move,,,,,1679.0686566654783,638.1548351304557,,,,,,controlled_typing,2,0,,,,6995.614952651264,,,,,training/controlled_typing,seed_device_e92e7c09,,,,,,,,,,,,,,,,,,,,,,,,,,,,,,,,,,,,,,,,,,,,,,,,,,,,,,,,,,,,,,,,,,
training_event,training,e92e7c09-c1b8-4f72-a7a8-f75077608d1b,d29fca71-0851-4e15-b254-d6687095e5ff,2026-08-13T02:42:51.029000+00:00,keydown,90,U,125.54353454481819,127.52340198002419,,,,,,,,controlled_typing,3,4,46,2,0,28575.252175583464,406.46296123063195,,,,training/controlled_typing,seed_device_e92e7c09,,,,,,,,,,,,,,,,,,,,,,,,,,,,,,,,,,,,,,,,,,,,,,,,,,,,,,,,,,,,,,,,,,
training_event,training,e92e7c09-c1b8-4f72-a7a8-f75077608d1b,d29fca71-0851-4e15-b254-d6687095e5ff,2026-08-14T14:42:51.029000+00:00,mouse_move,,,,,382.0640288085924,563.1412599384655,,,,,,controlled_typing,4,6,,,,1197.860493387353,,,,,training/controlled_typing,seed_device_e92e7c09,,,,,,,,,,,,,,,,,,,,,,,,,,,,,,,,,,,,,,,,,,,,,,,,,,,,,,,,,,,,,,,,,,
training_event,training,e92e7c09-c1b8-4f72-a7a8-f75077608d1b,128950ec-66cc-4404-b959-df0e9f2f86ad,2026-08-12T10:42:51.029000+00:00,mouse_move,,,,,1251.0416268063896,465.15089957926295,,,,,,paragraph_typing,3,2,,,,3961.282861553726,,,,,training/paragraph_typing,seed_device_e92e7c09,,,,,,,,,,,,,,,,,,,,,,,,,,,,,,,,,,,,,,,,,,,,,,,,,,,,,,,,,,,,,,,,,,
training_event,training,e92e7c09-c1b8-4f72-a7a8-f75077608d1b,128950ec-66cc-4404-b959-df0e9f2f86ad,2026-08-12T04:42:51.029000+00:00,keyup,80,P,183.29992887005878,35.92840267443179,,,,,,,,paragraph_typing,1,6,33,0,0,28077.957940286473,511.84350153652747,,,,training/paragraph_typing,seed_device_e92e7c09,,,,,,,,,,,,,,,,,,,,,,,,,,,,,,,,,,,,,,,,,,,,,,,,,,,,,,,,,,,,,,,,,,
training_event,training,e92e7c09-c1b8-4f72-a7a8-f75077608d1b,128950ec-66cc-4404-b959-df0e9f2f86ad,2026-08-17T05:42:51.029000+00:00,keyup,86,P,125.86331780829735,105.93618160881105,,,,,,,,paragraph_typing,0,7,18,2,0,1806.7530167128414,3305.24469969211,,,,training/paragraph_typing,seed_device_e92e7c09,,,,,,,,,,,,,,,,,,,,,,,,,,,,,,,,,,,,,,,,,,,,,,,,,,,,,,,,,,,,,,,,,,
training_event,training,e92e7c09-c1b8-4f72-a7a8-f75077608d1b,128950ec-66cc-4404-b959-df0e9f2f86ad,2026-08-17T04:42:51.029000+00:00,keyup,71,G,183.63606998330152,46.88942626909321,,,,,,,,paragraph_typing,4,0,20,1,1,4267.438958683463,955.7145153962737,,,,training/paragraph_typing,seed_device_e92e7c09,,,,,,,,,,,,,,,,,,,,,,,,,,,,,,,,,,,,,,,,,,,,,,,,,,,,,,,,,,,,,,,,,,
training_event,training,e92e7c09-c1b8-4f72-a7a8-f75077608d1b,d29fca71-0851-4e15-b254-d6687095e5ff,2026-08-15T02:42:51.029000+00:00,keydown,68,V,121.4598951661814,71.07060397214438,,,,,,,,controlled_typing,3,1,34,3,0,14933.104279456518,4968.262789949022,,,,training/controlled_typing,seed_device_e92e7c09,,,,,,,,,,,,,,,,,,,,,,,,,,,,,,,,,,,,,,,,,,,,,,,,,,,,,,,,,,,,,,,,,,
training_event,training,e92e7c09-c1b8-4f72-a7a8-f75077608d1b,d29fca71-0851-4e15-b254-d6687095e5ff,2026-08-16T10:42:51.029000+00:00,mouse_scroll,,,,,867.3686384692857,625.1228415782531,,-49.73325334783748,,,,controlled_typing,1,5,,,,7496.619065465766,,,,,training/controlled_typing,seed_device_e92e7c09,,,,,,,,,,,,,,,,,,,,,,,,,,,,,,,,,,,,,,,,,,,,,,,,,,,,,,,,,,,,,,,,,,
training_event,training,e92e7c09-c1b8-4f72-a7a8-f75077608d1b,d29fca71-0851-4e15-b254-d6687095e5ff,2026-08-17T08:42:51.029000+00:00,keyup,70,N,137.6814275359608,57.90302499661115,,,,,,,,controlled_typing,0,2,48,0,1,18822.917951763375,4189.001384717569,,,,training/controlled_typing,seed_device_e92e7c09,,,,,,,,,,,,,,,,,,,,,,,,,,,,,,,,,,,,,,,,,,,,,,,,,,,,,,,,,,,,,,,,,,
training_event,training,e92e7c09-c1b8-4f72-a7a8-f75077608d1b,d29fca71-0851-4e15-b254-d6687095e5ff,2026-08-13T07:42:51.029000+00:00,keydown,74,J,184.86633594200538,79.97596463871713,,,,,,,,controlled_typing,0,3,47,1,1,26175.560457421834,1001.9844302954123,,,,training/controlled_typing,seed_device_e92e7c09,,,,,,,,,,,,,,,,,,,,,,,,,,,,,,,,,,,,,,,,,,,,,,,,,,,,,,,,,,,,,,,,,,
training_event,training,e92e7c09-c1b8-4f72-a7a8-f75077608d1b,d29fca71-0851-4e15-b254-d6687095e5ff,2026-08-13T09:42:51.029000+00:00,mouse_scroll,,,,,266.7537117243496,889.3564225404904,,26.221116265377034,,,,controlled_typing,0,8,,,,24927.744239471245,,,,,training/controlled_typing,seed_device_e92e7c09,,,,,,,,,,,,,,,,,,,,,,,,,,,,,,,,,,,,,,,,,,,,,,,,,,,,,,,,,,,,,,,,,,
training_event,training,e92e7c09-c1b8-4f72-a7a8-f75077608d1b,d29fca71-0851-4e15-b254-d6687095e5ff,2026-08-15T01:42:51.029000+00:00,mouse_move,,,,,523.6342341685194,371.35198996564765,,,,,,controlled_typing,3,4,,,,1691.6056994282058,,,,,training/controlled_typing,seed_device_e92e7c09,,,,,,,,,,,,,,,,,,,,,,,,,,,,,,,,,,,,,,,,,,,,,,,,,,,,,,,,,,,,,,,,,,
training_event,training,e92e7c09-c1b8-4f72-a7a8-f75077608d1b,d29fca71-0851-4e15-b254-d6687095e5ff,2026-08-12T10:42:51.029000+00:00,mouse_scroll,,,,,321.3735853841588,314.78418463974043,,29.27370513455763,,,,controlled_typing,2,2,,,,12063.392447711454,,,,,training/controlled_typing,seed_device_e92e7c09,,,,,,,,,,,,,,,,,,,,,,,,,,,,,,,,,,,,,,,,,,,,,,,,,,,,,,,,,,,,,,,,,,
training_event,training,e92e7c09-c1b8-4f72-a7a8-f75077608d1b,d29fca71-0851-4e15-b254-d6687095e5ff,2026-08-15T18:42:51.029000+00:00,keyup,69,H,171.7061485132612,66.82072108286499,,,,,,,,controlled_typing,2,0,75,1,2,7928.870013322965,1365.486823205127,,,,training/controlled_typing,seed_device_e92e7c09,,,,,,,,,,,,,,,,,,,,,,,,,,,,,,,,,,,,,,,,,,,,,,,,,,,,,,,,,,,,,,,,,,
training_event,training,e92e7c09-c1b8-4f72-a7a8-f75077608d1b,e076452b-c35a-4f07-ac90-126302cbb09c,2026-08-17T04:42:51.029000+00:00,mouse_scroll,,,,,495.04655696375784,127.40956767411387,,17.97384820105809,,,,repeated_typing,1,7,,,,16696.068155856337,,,,,training/repeated_typing,seed_device_e92e7c09,,,,,,,,,,,,,,,,,,,,,,,,,,,,,,,,,,,,,,,,,,,,,,,,,,,,,,,,,,,,,,,,,,
training_event,training,e92e7c09-c1b8-4f72-a7a8-f75077608d1b,128950ec-66cc-4404-b959-df0e9f2f86ad,2026-08-12T00:42:51.029000+00:00,mouse_move,,,,,1226.2062466893428,379.09103352535186,,,,,,paragraph_typing,0,2,,,,19650.248152223176,,,,,training/paragraph_typing,seed_device_e92e7c09,,,,,,,,,,,,,,,,,,,,,,,,,,,,,,,,,,,,,,,,,,,,,,,,,,,,,,,,,,,,,,,,,,
training_event,training,e92e7c09-c1b8-4f72-a7a8-f75077608d1b,128950ec-66cc-4404-b959-df0e9f2f86ad,2026-08-15T19:42:51.029000+00:00,mouse_scroll,,,,,1017.9493358201174,804.5320493424232,,-10.26331038351691,,,,paragraph_typing,3,1,,,,16233.823093781944,,,,,training/paragraph_typing,seed_device_e92e7c09,,,,,,,,,,,,,,,,,,,,,,,,,,,,,,,,,,,,,,,,,,,,,,,,,,,,,,,,,,,,,,,,,,
training_event,training,e92e7c09-c1b8-4f72-a7a8-f75077608d1b,128950ec-66cc-4404-b959-df0e9f2f86ad,2026-08-12T05:42:51.029000+00:00,keydown,86,B,198.0074213818972,71.38876928984695,,,,,,,,paragraph_typing,2,3,68,3,0,23890.951610097378,724.0508830074472,,,,training/paragraph_typing,seed_device_e92e7c09,,,,,,,,,,,,,,,,,,,,,,,,,,,,,,,,,,,,,,,,,,,,,,,,,,,,,,,,,,,,,,,,,,
training_event,training,e92e7c09-c1b8-4f72-a7a8-f75077608d1b,d29fca71-0851-4e15-b254-d6687095e5ff,2026-08-12T16:42:51.029000+00:00,keydown,85,B,136.72479751094613,149.9527940797478,,,,,,,,controlled_typing,1,7,93,3,2,26751.757323738366,1980.232259201849,,,,training/controlled_typing,seed_device_e92e7c09,,,,,,,,,,,,,,,,,,,,,,,,,,,,,,,,,,,,,,,,,,,,,,,,,,,,,,,,,,,,,,,,,,
training_event,training,e92e7c09-c1b8-4f72-a7a8-f75077608d1b,d29fca71-0851-4e15-b254-d6687095e5ff,2026-08-16T20:42:51.029000+00:00,keydown,87,E,178.62977084144185,138.64903449424904,,,,,,,,controlled_typing,3,8,58,3,2,9878.711586923866,2734.520179439559,,,,training/controlled_typing,seed_device_e92e7c09,,,,,,,,,,,,,,,,,,,,,,,,,,,,,,,,,,,,,,,,,,,,,,,,,,,,,,,,,,,,,,,,,,
training_event,training,e92e7c09-c1b8-4f72-a7a8-f75077608d1b,d29fca71-0851-4e15-b254-d6687095e5ff,2026-08-14T21:42:51.029000+00:00,mouse_move,,,,,193.23613177124668,379.6966538898424,,,,,,controlled_typing,2,9,,,,17021.743074696635,,,,,training/controlled_typing,seed_device_e92e7c09,,,,,,,,,,,,,,,,,,,,,,,,,,,,,,,,,,,,,,,,,,,,,,,,,,,,,,,,,,,,,,,,,,
training_event,training,e92e7c09-c1b8-4f72-a7a8-f75077608d1b,e076452b-c35a-4f07-ac90-126302cbb09c,2026-08-11T14:42:51.029000+00:00,keyup,88,E,123.09228243877197,32.68915738294481,,,,,,,,repeated_typing,0,1,44,3,2,4411.336589932267,330.8280616352771,,,,training/repeated_typing,seed_device_e92e7c09,,,,,,,,,,,,,,,,,,,,,,,,,,,,,,,,,,,,,,,,,,,,,,,,,,,,,,,,,,,,,,,,,,
training_event,training,e92e7c09-c1b8-4f72-a7a8-f75077608d1b,e076452b-c35a-4f07-ac90-126302cbb09c,2026-08-14T10:42:51.029000+00:00,mouse_move,,,,,981.1486693249806,460.11109778809987,,,,,,repeated_typing,4,2,,,,20572.490662921264,,,,,training/repeated_typing,seed_device_e92e7c09,,,,,,,,,,,,,,,,,,,,,,,,,,,,,,,,,,,,,,,,,,,,,,,,,,,,,,,,,,,,,,,,,,
training_event,training,e92e7c09-c1b8-4f72-a7a8-f75077608d1b,e076452b-c35a-4f07-ac90-126302cbb09c,2026-08-14T16:42:51.029000+00:00,mouse_move,,,,,1167.1093919710308,306.2053948018386,,,,,,repeated_typing,2,5,,,,29530.461094763697,,,,,training/repeated_typing,seed_device_e92e7c09,,,,,,,,,,,,,,,,,,,,,,,,,,,,,,,,,,,,,,,,,,,,,,,,,,,,,,,,,,,,,,,,,,
training_event,training,e92e7c09-c1b8-4f72-a7a8-f75077608d1b,e076452b-c35a-4f07-ac90-126302cbb09c,2026-08-11T19:42:51.029000+00:00,mouse_move,,,,,838.3428804618993,730.9436374210328,,,,,,repeated_typing,1,0,,,,7226.165391031652,,,,,training/repeated_typing,seed_device_e92e7c09,,,,,,,,,,,,,,,,,,,,,,,,,,,,,,,,,,,,,,,,,,,,,,,,,,,,,,,,,,,,,,,,,,
training_event,training,e92e7c09-c1b8-4f72-a7a8-f75077608d1b,e076452b-c35a-4f07-ac90-126302cbb09c,2026-08-11T10:42:51.029000+00:00,mouse_move,,,,,854.8541751316986,319.7517287501245,,,,,,repeated_typing,0,1,,,,11832.133232105381,,,,,training/repeated_typing,seed_device_e92e7c09,,,,,,,,,,,,,,,,,,,,,,,,,,,,,,,,,,,,,,,,,,,,,,,,,,,,,,,,,,,,,,,,,,
training_event,training,e92e7c09-c1b8-4f72-a7a8-f75077608d1b,128950ec-66cc-4404-b959-df0e9f2f86ad,2026-08-12T17:42:51.029000+00:00,mouse_click,,,,,1420.5048787380329,117.69078855157736,,,,,,paragraph_typing,4,6,,,,21422.57323773475,,target_10,medium,299.5846917530854,training/paragraph_typing,seed_device_e92e7c09,,,,,,,,,,,,,,,,,,,,,,,,,,,,,,,,,,,,,,,,,,,,,,,,,,,,,,,,,,,,,,,,,,
training_event,training,e92e7c09-c1b8-4f72-a7a8-f75077608d1b,128950ec-66cc-4404-b959-df0e9f2f86ad,2026-08-15T14:42:51.029000+00:00,keydown,73,R,99.55551798494949,146.83591558086744,,,,,,,,paragraph_typing,4,6,32,3,0,27922.335650729787,2591.540609201928,,,,training/paragraph_typing,seed_device_e92e7c09,,,,,,,,,,,,,,,,,,,,,,,,,,,,,,,,,,,,,,,,,,,,,,,,,,,,,,,,,,,,,,,,,,
training_event,training,e92e7c09-c1b8-4f72-a7a8-f75077608d1b,128950ec-66cc-4404-b959-df0e9f2f86ad,2026-08-15T00:42:51.029000+00:00,mouse_move,,,,,140.8358708776317,828.7704934871726,,,,,,paragraph_typing,1,5,,,,15203.726993339451,,,,,training/paragraph_typing,seed_device_e92e7c09,,,,,,,,,,,,,,,,,,,,,,,,,,,,,,,,,,,,,,,,,,,,,,,,,,,,,,,,,,,,,,,,,,
training_event,training,e92e7c09-c1b8-4f72-a7a8-f75077608d1b,d29fca71-0851-4e15-b254-d6687095e5ff,2026-08-16T03:42:51.029000+00:00,mouse_scroll,,,,,664.2277198464274,844.9847910925171,,-9.413155451566205,,,,controlled_typing,3,9,,,,3233.6742255831546,,,,,training/controlled_typing,seed_device_e92e7c09,,,,,,,,,,,,,,,,,,,,,,,,,,,,,,,,,,,,,,,,,,,,,,,,,,,,,,,,,,,,,,,,,,
training_event,training,e92e7c09-c1b8-4f72-a7a8-f75077608d1b,d29fca71-0851-4e15-b254-d6687095e5ff,2026-08-14T17:42:51.029000+00:00,mouse_click,,,,,402.90058883954646,218.04657403841654,,,,,,controlled_typing,4,6,,,,6456.618736971403,,target_4,large,234.7346126082954,training/controlled_typing,seed_device_e92e7c09,,,,,,,,,,,,,,,,,,,,,,,,,,,,,,,,,,,,,,,,,,,,,,,,,,,,,,,,,,,,,,,,,,
training_event,training,e92e7c09-c1b8-4f72-a7a8-f75077608d1b,e076452b-c35a-4f07-ac90-126302cbb09c,2026-08-14T11:42:51.029000+00:00,mouse_scroll,,,,,1648.7934008915809,760.6100126869935,,25.438115357810858,,,,repeated_typing,0,6,,,,17542.463825376744,,,,,training/repeated_typing,seed_device_e92e7c09,,,,,,,,,,,,,,,,,,,,,,,,,,,,,,,,,,,,,,,,,,,,,,,,,,,,,,,,,,,,,,,,,,
training_event,training,e92e7c09-c1b8-4f72-a7a8-f75077608d1b,e076452b-c35a-4f07-ac90-126302cbb09c,2026-08-16T16:42:51.029000+00:00,keydown,90,G,132.57633799074804,62.76600480040297,,,,,,,,repeated_typing,0,6,58,3,1,5078.254902328279,2078.0911900583205,,,,training/repeated_typing,seed_device_e92e7c09,,,,,,,,,,,,,,,,,,,,,,,,,,,,,,,,,,,,,,,,,,,,,,,,,,,,,,,,,,,,,,,,,,
training_event,training,e92e7c09-c1b8-4f72-a7a8-f75077608d1b,e076452b-c35a-4f07-ac90-126302cbb09c,2026-08-17T08:42:51.029000+00:00,mouse_move,,,,,1742.3860774127425,782.3318955932208,,,,,,repeated_typing,1,0,,,,17606.391833335,,,,,training/repeated_typing,seed_device_e92e7c09,,,,,,,,,,,,,,,,,,,,,,,,,,,,,,,,,,,,,,,,,,,,,,,,,,,,,,,,,,,,,,,,,,
training_event,training,e92e7c09-c1b8-4f72-a7a8-f75077608d1b,128950ec-66cc-4404-b959-df0e9f2f86ad,2026-08-12T06:42:51.029000+00:00,mouse_move,,,,,393.96798196477465,208.96142725068634,,,,,,paragraph_typing,4,2,,,,7238.2215025975665,,,,,training/paragraph_typing,seed_device_e92e7c09,,,,,,,,,,,,,,,,,,,,,,,,,,,,,,,,,,,,,,,,,,,,,,,,,,,,,,,,,,,,,,,,,,
training_event,training,e92e7c09-c1b8-4f72-a7a8-f75077608d1b,128950ec-66cc-4404-b959-df0e9f2f86ad,2026-08-14T14:42:51.029000+00:00,mouse_scroll,,,,,1021.0526029689835,321.5911553460401,,17.794756145434818,,,,paragraph_typing,1,9,,,,29305.784114560756,,,,,training/paragraph_typing,seed_device_e92e7c09,,,,,,,,,,,,,,,,,,,,,,,,,,,,,,,,,,,,,,,,,,,,,,,,,,,,,,,,,,,,,,,,,,
training_event,training,e92e7c09-c1b8-4f72-a7a8-f75077608d1b,128950ec-66cc-4404-b959-df0e9f2f86ad,2026-08-15T20:42:51.029000+00:00,mouse_click,,,,,156.01768686773914,765.3644366932866,,,,,,paragraph_typing,2,5,,,,16245.934747096084,,target_9,small,125.50435966756817,training/paragraph_typing,seed_device_e92e7c09,,,,,,,,,,,,,,,,,,,,,,,,,,,,,,,,,,,,,,,,,,,,,,,,,,,,,,,,,,,,,,,,,,
training_event,training,e92e7c09-c1b8-4f72-a7a8-f75077608d1b,d29fca71-0851-4e15-b254-d6687095e5ff,2026-08-11T16:42:51.029000+00:00,mouse_click,,,,,572.3923406413651,893.6632122202279,,,,,,controlled_typing,3,1,,,,24653.399257244633,,target_2,medium,140.01792211477522,training/controlled_typing,seed_device_e92e7c09,,,,,,,,,,,,,,,,,,,,,,,,,,,,,,,,,,,,,,,,,,,,,,,,,,,,,,,,,,,,,,,,,,
training_event,training,e92e7c09-c1b8-4f72-a7a8-f75077608d1b,d29fca71-0851-4e15-b254-d6687095e5ff,2026-08-13T10:42:51.029000+00:00,keyup,72,F,76.06754226825201,35.649159381645575,,,,,,,,controlled_typing,0,5,19,0,0,10067.799374988468,4081.3050578588795,,,,training/controlled_typing,seed_device_e92e7c09,,,,,,,,,,,,,,,,,,,,,,,,,,,,,,,,,,,,,,,,,,,,,,,,,,,,,,,,,,,,,,,,,,
training_event,training,e92e7c09-c1b8-4f72-a7a8-f75077608d1b,d29fca71-0851-4e15-b254-d6687095e5ff,2026-08-15T06:42:51.029000+00:00,mouse_click,,,,,1615.7629791531406,855.0301220315407,,,,,,controlled_typing,1,4,,,,10530.10505440913,,target_14,small,81.14522004274056,training/controlled_typing,seed_device_e92e7c09,,,,,,,,,,,,,,,,,,,,,,,,,,,,,,,,,,,,,,,,,,,,,,,,,,,,,,,,,,,,,,,,,,
training_event,training,e92e7c09-c1b8-4f72-a7a8-f75077608d1b,d29fca71-0851-4e15-b254-d6687095e5ff,2026-08-16T10:42:51.029000+00:00,mouse_scroll,,,,,351.45776622097867,396.9358013530849,,-17.8619961784228,,,,controlled_typing,3,8,,,,26152.16722303404,,,,,training/controlled_typing,seed_device_e92e7c09,,,,,,,,,,,,,,,,,,,,,,,,,,,,,,,,,,,,,,,,,,,,,,,,,,,,,,,,,,,,,,,,,,
training_event,training,e92e7c09-c1b8-4f72-a7a8-f75077608d1b,e076452b-c35a-4f07-ac90-126302cbb09c,2026-08-14T01:42:51.029000+00:00,mouse_scroll,,,,,692.0759912172422,343.21119767224434,,-38.17519210229533,,,,repeated_typing,4,3,,,,17179.28860930619,,,,,training/repeated_typing,seed_device_e92e7c09,,,,,,,,,,,,,,,,,,,,,,,,,,,,,,,,,,,,,,,,,,,,,,,,,,,,,,,,,,,,,,,,,,
training_event,training,e92e7c09-c1b8-4f72-a7a8-f75077608d1b,e076452b-c35a-4f07-ac90-126302cbb09c,2026-08-14T17:42:51.029000+00:00,keyup,76,A,59.65559107742352,82.71418203387466,,,,,,,,repeated_typing,2,0,81,0,2,13316.88471202581,4815.053923416614,,,,training/repeated_typing,seed_device_e92e7c09,,,,,,,,,,,,,,,,,,,,,,,,,,,,,,,,,,,,,,,,,,,,,,,,,,,,,,,,,,,,,,,,,,
training_event,training,e92e7c09-c1b8-4f72-a7a8-f75077608d1b,e076452b-c35a-4f07-ac90-126302cbb09c,2026-08-12T23:42:51.029000+00:00,keyup,80,X,78.52180611688459,75.46268860024301,,,,,,,,repeated_typing,2,1,57,3,2,27064.12210482574,1579.6248426299965,,,,training/repeated_typing,seed_device_e92e7c09,,,,,,,,,,,,,,,,,,,,,,,,,,,,,,,,,,,,,,,,,,,,,,,,,,,,,,,,,,,,,,,,,,
training_event,training,e92e7c09-c1b8-4f72-a7a8-f75077608d1b,e076452b-c35a-4f07-ac90-126302cbb09c,2026-08-16T08:42:51.029000+00:00,keyup,65,Q,140.54297262412126,115.58935892842834,,,,,,,,repeated_typing,3,9,65,0,0,25013.27109846116,2436.060558498721,,,,training/repeated_typing,seed_device_e92e7c09,,,,,,,,,,,,,,,,,,,,,,,,,,,,,,,,,,,,,,,,,,,,,,,,,,,,,,,,,,,,,,,,,,
training_event,training,e92e7c09-c1b8-4f72-a7a8-f75077608d1b,e076452b-c35a-4f07-ac90-126302cbb09c,2026-08-12T17:42:51.029000+00:00,keydown,72,O,78.1690708924601,79.9068336545404,,,,,,,,repeated_typing,0,8,76,1,0,13606.81188187968,1883.2704029620907,,,,training/repeated_typing,seed_device_e92e7c09,,,,,,,,,,,,,,,,,,,,,,,,,,,,,,,,,,,,,,,,,,,,,,,,,,,,,,,,,,,,,,,,,,
training_event,training,e92e7c09-c1b8-4f72-a7a8-f75077608d1b,128950ec-66cc-4404-b959-df0e9f2f86ad,2026-08-15T01:42:51.029000+00:00,mouse_click,,,,,167.8495085321677,641.967784212024,,,,,,paragraph_typing,2,3,,,,10171.90365329966,,target_1,small,121.5754057571702,training/paragraph_typing,seed_device_e92e7c09,,,,,,,,,,,,,,,,,,,,,,,,,,,,,,,,,,,,,,,,,,,,,,,,,,,,,,,,,,,,,,,,,,
training_event,training,e92e7c09-c1b8-4f72-a7a8-f75077608d1b,128950ec-66cc-4404-b959-df0e9f2f86ad,2026-08-12T10:42:51.029000+00:00,keyup,76,R,89.80036355874887,53.49579048251882,,,,,,,,paragraph_typing,4,5,78,1,2,24567.4413540141,2470.018656538903,,,,training/paragraph_typing,seed_device_e92e7c09,,,,,,,,,,,,,,,,,,,,,,,,,,,,,,,,,,,,,,,,,,,,,,,,,,,,,,,,,,,,,,,,,,
training_event,training,e92e7c09-c1b8-4f72-a7a8-f75077608d1b,128950ec-66cc-4404-b959-df0e9f2f86ad,2026-08-16T01:42:51.029000+00:00,keydown,73,X,109.14455997168609,46.80740334196462,,,,,,,,paragraph_typing,2,3,44,1,2,17191.875997362367,3647.7261245002983,,,,training/paragraph_typing,seed_device_e92e7c09,,,,,,,,,,,,,,,,,,,,,,,,,,,,,,,,,,,,,,,,,,,,,,,,,,,,,,,,,,,,,,,,,,
training_event,training,e92e7c09-c1b8-4f72-a7a8-f75077608d1b,d29fca71-0851-4e15-b254-d6687095e5ff,2026-08-12T09:42:51.029000+00:00,keydown,87,N,178.9132653938801,142.0488141230552,,,,,,,,controlled_typing,1,5,85,3,2,13834.35121430508,3147.1116685983175,,,,training/controlled_typing,seed_device_e92e7c09,,,,,,,,,,,,,,,,,,,,,,,,,,,,,,,,,,,,,,,,,,,,,,,,,,,,,,,,,,,,,,,,,,
training_event,training,e92e7c09-c1b8-4f72-a7a8-f75077608d1b,e076452b-c35a-4f07-ac90-126302cbb09c,2026-08-16T14:42:51.029000+00:00,keyup,73,R,143.99458374104796,80.4746667083311,,,,,,,,repeated_typing,1,9,53,0,0,10904.277852875559,555.5475853284952,,,,training/repeated_typing,seed_device_e92e7c09,,,,,,,,,,,,,,,,,,,,,,,,,,,,,,,,,,,,,,,,,,,,,,,,,,,,,,,,,,,,,,,,,,
training_event,training,e92e7c09-c1b8-4f72-a7a8-f75077608d1b,128950ec-66cc-4404-b959-df0e9f2f86ad,2026-08-15T14:42:51.029000+00:00,keyup,74,X,107.82342281791612,106.75225396159328,,,,,,,,paragraph_typing,2,3,81,1,2,14158.376756712487,3181.1835048618227,,,,training/paragraph_typing,seed_device_e92e7c09,,,,,,,,,,,,,,,,,,,,,,,,,,,,,,,,,,,,,,,,,,,,,,,,,,,,,,,,,,,,,,,,,,
training_event,training,e92e7c09-c1b8-4f72-a7a8-f75077608d1b,128950ec-66cc-4404-b959-df0e9f2f86ad,2026-08-14T06:42:51.029000+00:00,keyup,68,Q,96.21514095840995,90.7461367442722,,,,,,,,paragraph_typing,2,5,51,0,0,23223.79491078946,4073.332922958269,,,,training/paragraph_typing,seed_device_e92e7c09,,,,,,,,,,,,,,,,,,,,,,,,,,,,,,,,,,,,,,,,,,,,,,,,,,,,,,,,,,,,,,,,,,
training_event,training,e92e7c09-c1b8-4f72-a7a8-f75077608d1b,128950ec-66cc-4404-b959-df0e9f2f86ad,2026-08-12T13:42:51.029000+00:00,keydown,70,V,190.9669882440726,127.78500284109046,,,,,,,,paragraph_typing,3,1,73,2,2,8475.643961219917,3689.6179765105185,,,,training/paragraph_typing,seed_device_e92e7c09,,,,,,,,,,,,,,,,,,,,,,,,,,,,,,,,,,,,,,,,,,,,,,,,,,,,,,,,,,,,,,,,,,
training_event,training,e92e7c09-c1b8-4f72-a7a8-f75077608d1b,128950ec-66cc-4404-b959-df0e9f2f86ad,2026-08-11T18:42:51.029000+00:00,keyup,77,P,92.34703372859671,142.61424910511533,,,,,,,,paragraph_typing,3,0,59,1,2,15804.529389814192,2149.7016906054146,,,,training/paragraph_typing,seed_device_e92e7c09,,,,,,,,,,,,,,,,,,,,,,,,,,,,,,,,,,,,,,,,,,,,,,,,,,,,,,,,,,,,,,,,,,
training_event,training,e92e7c09-c1b8-4f72-a7a8-f75077608d1b,128950ec-66cc-4404-b959-df0e9f2f86ad,2026-08-16T22:42:51.029000+00:00,mouse_click,,,,,850.3349271260604,850.8294367621133,,,,,,paragraph_typing,2,0,,,,22382.00197417497,,target_9,medium,238.40902651170697,training/paragraph_typing,seed_device_e92e7c09,,,,,,,,,,,,,,,,,,,,,,,,,,,,,,,,,,,,,,,,,,,,,,,,,,,,,,,,,,,,,,,,,,
training_event,training,e92e7c09-c1b8-4f72-a7a8-f75077608d1b,d29fca71-0851-4e15-b254-d6687095e5ff,2026-08-16T06:42:51.029000+00:00,mouse_scroll,,,,,606.2415108136418,417.387735194473,,45.00596570433035,,,,controlled_typing,4,0,,,,7673.178560553411,,,,,training/controlled_typing,seed_device_e92e7c09,,,,,,,,,,,,,,,,,,,,,,,,,,,,,,,,,,,,,,,,,,,,,,,,,,,,,,,,,,,,,,,,,,
training_event,training,e92e7c09-c1b8-4f72-a7a8-f75077608d1b,d29fca71-0851-4e15-b254-d6687095e5ff,2026-08-11T14:42:51.029000+00:00,mouse_click,,,,,533.8259089833617,341.7276972523818,,,,,,controlled_typing,3,5,,,,14737.591685356903,,target_2,small,249.4859612939873,training/controlled_typing,seed_device_e92e7c09,,,,,,,,,,,,,,,,,,,,,,,,,,,,,,,,,,,,,,,,,,,,,,,,,,,,,,,,,,,,,,,,,,
training_event,training,e92e7c09-c1b8-4f72-a7a8-f75077608d1b,d29fca71-0851-4e15-b254-d6687095e5ff,2026-08-12T16:42:51.029000+00:00,keydown,87,E,192.4179633726671,75.91472424344454,,,,,,,,controlled_typing,1,4,13,3,1,3443.326545462728,1885.7976839684825,,,,training/controlled_typing,seed_device_e92e7c09,,,,,,,,,,,,,,,,,,,,,,,,,,,,,,,,,,,,,,,,,,,,,,,,,,,,,,,,,,,,,,,,,,
training_event,training,e92e7c09-c1b8-4f72-a7a8-f75077608d1b,d29fca71-0851-4e15-b254-d6687095e5ff,2026-08-15T15:42:51.029000+00:00,mouse_move,,,,,727.3412823546653,845.3411077395855,,,,,,controlled_typing,1,9,,,,28445.45383563071,,,,,training/controlled_typing,seed_device_e92e7c09,,,,,,,,,,,,,,,,,,,,,,,,,,,,,,,,,,,,,,,,,,,,,,,,,,,,,,,,,,,,,,,,,,
training_event,training,e92e7c09-c1b8-4f72-a7a8-f75077608d1b,d29fca71-0851-4e15-b254-d6687095e5ff,2026-08-12T22:42:51.029000+00:00,mouse_click,,,,,1153.045238676375,271.3144630868582,,,,,,controlled_typing,1,7,,,,15046.08311056458,,target_14,large,203.87569299555176,training/controlled_typing,seed_device_e92e7c09,,,,,,,,,,,,,,,,,,,,,,,,,,,,,,,,,,,,,,,,,,,,,,,,,,,,,,,,,,,,,,,,,,
training_event,training,e92e7c09-c1b8-4f72-a7a8-f75077608d1b,e076452b-c35a-4f07-ac90-126302cbb09c,2026-08-14T00:42:51.029000+00:00,mouse_click,,,,,607.3226589893028,572.1950135631464,,,,,,repeated_typing,4,4,,,,22420.690264503763,,target_12,medium,243.12482539076004,training/repeated_typing,seed_device_e92e7c09,,,,,,,,,,,,,,,,,,,,,,,,,,,,,,,,,,,,,,,,,,,,,,,,,,,,,,,,,,,,,,,,,,
training_event,training,e92e7c09-c1b8-4f72-a7a8-f75077608d1b,e076452b-c35a-4f07-ac90-126302cbb09c,2026-08-16T16:42:51.029000+00:00,mouse_move,,,,,1445.8169651784588,808.0582307831213,,,,,,repeated_typing,1,2,,,,14491.38251837158,,,,,training/repeated_typing,seed_device_e92e7c09,,,,,,,,,,,,,,,,,,,,,,,,,,,,,,,,,,,,,,,,,,,,,,,,,,,,,,,,,,,,,,,,,,
training_event,training,e92e7c09-c1b8-4f72-a7a8-f75077608d1b,e076452b-c35a-4f07-ac90-126302cbb09c,2026-08-14T04:42:51.029000+00:00,mouse_scroll,,,,,507.9617335803946,812.2784030814223,,34.984897896054036,,,,repeated_typing,3,7,,,,3992.7467781427677,,,,,training/repeated_typing,seed_device_e92e7c09,,,,,,,,,,,,,,,,,,,,,,,,,,,,,,,,,,,,,,,,,,,,,,,,,,,,,,,,,,,,,,,,,,
training_event,training,e92e7c09-c1b8-4f72-a7a8-f75077608d1b,e076452b-c35a-4f07-ac90-126302cbb09c,2026-08-13T04:42:51.029000+00:00,mouse_scroll,,,,,719.0409978085223,475.3506774783232,,-24.357545915840184,,,,repeated_typing,1,7,,,,2654.0917364157704,,,,,training/repeated_typing,seed_device_e92e7c09,,,,,,,,,,,,,,,,,,,,,,,,,,,,,,,,,,,,,,,,,,,,,,,,,,,,,,,,,,,,,,,,,,
training_event,training,e92e7c09-c1b8-4f72-a7a8-f75077608d1b,e076452b-c35a-4f07-ac90-126302cbb09c,2026-08-11T12:42:51.029000+00:00,mouse_scroll,,,,,1019.2909473514443,704.1466279314161,,-13.39029898486659,,,,repeated_typing,0,1,,,,5256.849668631159,,,,,training/repeated_typing,seed_device_e92e7c09,,,,,,,,,,,,,,,,,,,,,,,,,,,,,,,,,,,,,,,,,,,,,,,,,,,,,,,,,,,,,,,,,,
training_event,training,e92e7c09-c1b8-4f72-a7a8-f75077608d1b,128950ec-66cc-4404-b959-df0e9f2f86ad,2026-08-13T20:42:51.029000+00:00,keyup,67,N,144.73126929698998,148.06208119231047,,,,,,,,paragraph_typing,4,5,36,3,0,21785.93837263059,4785.41917881892,,,,training/paragraph_typing,seed_device_e92e7c09,,,,,,,,,,,,,,,,,,,,,,,,,,,,,,,,,,,,,,,,,,,,,,,,,,,,,,,,,,,,,,,,,,
training_event,training,e92e7c09-c1b8-4f72-a7a8-f75077608d1b,128950ec-66cc-4404-b959-df0e9f2f86ad,2026-08-15T01:42:51.029000+00:00,keydown,82,T,196.78747425576145,135.86988015776936,,,,,,,,paragraph_typing,0,2,21,2,2,20772.06013857291,4443.103850600304,,,,training/paragraph_typing,seed_device_e92e7c09,,,,,,,,,,,,,,,,,,,,,,,,,,,,,,,,,,,,,,,,,,,,,,,,,,,,,,,,,,,,,,,,,,
training_event,training,e92e7c09-c1b8-4f72-a7a8-f75077608d1b,d29fca71-0851-4e15-b254-d6687095e5ff,2026-08-12T19:42:51.029000+00:00,mouse_move,,,,,900.2277439971804,493.0116337557883,,,,,,controlled_typing,2,4,,,,19319.042849845497,,,,,training/controlled_typing,seed_device_e92e7c09,,,,,,,,,,,,,,,,,,,,,,,,,,,,,,,,,,,,,,,,,,,,,,,,,,,,,,,,,,,,,,,,,,
training_event,training,e92e7c09-c1b8-4f72-a7a8-f75077608d1b,d29fca71-0851-4e15-b254-d6687095e5ff,2026-08-12T16:42:51.029000+00:00,mouse_scroll,,,,,1759.7045960732257,683.1616014663465,,11.111733741674335,,,,controlled_typing,1,0,,,,7618.854035962712,,,,,training/controlled_typing,seed_device_e92e7c09,,,,,,,,,,,,,,,,,,,,,,,,,,,,,,,,,,,,,,,,,,,,,,,,,,,,,,,,,,,,,,,,,,
training_event,training,e92e7c09-c1b8-4f72-a7a8-f75077608d1b,d29fca71-0851-4e15-b254-d6687095e5ff,2026-08-11T11:42:51.029000+00:00,mouse_click,,,,,404.89836588569216,897.1013681231725,,,,,,controlled_typing,0,4,,,,12914.106536394103,,target_9,medium,77.68053535350774,training/controlled_typing,seed_device_e92e7c09,,,,,,,,,,,,,,,,,,,,,,,,,,,,,,,,,,,,,,,,,,,,,,,,,,,,,,,,,,,,,,,,,,
training_event,training,e92e7c09-c1b8-4f72-a7a8-f75077608d1b,128950ec-66cc-4404-b959-df0e9f2f86ad,2026-08-13T00:42:51.029000+00:00,mouse_scroll,,,,,1327.3285136201275,665.6532668477407,,-45.23632110138721,,,,paragraph_typing,1,3,,,,11920.392587305072,,,,,training/paragraph_typing,seed_device_e92e7c09,,,,,,,,,,,,,,,,,,,,,,,,,,,,,,,,,,,,,,,,,,,,,,,,,,,,,,,,,,,,,,,,,,
training_event,training,e92e7c09-c1b8-4f72-a7a8-f75077608d1b,128950ec-66cc-4404-b959-df0e9f2f86ad,2026-08-14T09:42:51.029000+00:00,keyup,85,R,176.28691654063897,30.903660333432175,,,,,,,,paragraph_typing,2,9,56,1,0,6465.989953208237,104.58476836312735,,,,training/paragraph_typing,seed_device_e92e7c09,,,,,,,,,,,,,,,,,,,,,,,,,,,,,,,,,,,,,,,,,,,,,,,,,,,,,,,,,,,,,,,,,,
training_event,training,e92e7c09-c1b8-4f72-a7a8-f75077608d1b,d29fca71-0851-4e15-b254-d6687095e5ff,2026-08-12T05:42:51.029000+00:00,mouse_move,,,,,1167.5719695650744,186.8545904341042,,,,,,controlled_typing,4,0,,,,25459.118955780978,,,,,training/controlled_typing,seed_device_e92e7c09,,,,,,,,,,,,,,,,,,,,,,,,,,,,,,,,,,,,,,,,,,,,,,,,,,,,,,,,,,,,,,,,,,
training_event,training,e92e7c09-c1b8-4f72-a7a8-f75077608d1b,d29fca71-0851-4e15-b254-d6687095e5ff,2026-08-16T07:42:51.029000+00:00,mouse_click,,,,,1177.0800045359742,833.1522366485073,,,,,,controlled_typing,0,4,,,,21763.817763261253,,target_6,medium,103.13430658068907,training/controlled_typing,seed_device_e92e7c09,,,,,,,,,,,,,,,,,,,,,,,,,,,,,,,,,,,,,,,,,,,,,,,,,,,,,,,,,,,,,,,,,,
training_event,training,e92e7c09-c1b8-4f72-a7a8-f75077608d1b,d29fca71-0851-4e15-b254-d6687095e5ff,2026-08-12T15:42:51.029000+00:00,mouse_move,,,,,374.9586786418105,650.1658390115018,,,,,,controlled_typing,4,8,,,,4287.464016414433,,,,,training/controlled_typing,seed_device_e92e7c09,,,,,,,,,,,,,,,,,,,,,,,,,,,,,,,,,,,,,,,,,,,,,,,,,,,,,,,,,,,,,,,,,,
training_event,training,e92e7c09-c1b8-4f72-a7a8-f75077608d1b,d29fca71-0851-4e15-b254-d6687095e5ff,2026-08-16T03:42:51.029000+00:00,mouse_click,,,,,189.32696121708972,820.1231791340841,,,,,,controlled_typing,2,3,,,,17817.492702330408,,target_8,small,54.36568415267644,training/controlled_typing,seed_device_e92e7c09,,,,,,,,,,,,,,,,,,,,,,,,,,,,,,,,,,,,,,,,,,,,,,,,,,,,,,,,,,,,,,,,,,
training_event,training,e92e7c09-c1b8-4f72-a7a8-f75077608d1b,e076452b-c35a-4f07-ac90-126302cbb09c,2026-08-17T05:42:51.029000+00:00,keyup,84,T,88.06398372560375,110.69762601395169,,,,,,,,repeated_typing,2,6,70,3,2,26509.694020526058,2350.0362818670233,,,,training/repeated_typing,seed_device_e92e7c09,,,,,,,,,,,,,,,,,,,,,,,,,,,,,,,,,,,,,,,,,,,,,,,,,,,,,,,,,,,,,,,,,,
training_event,training,e92e7c09-c1b8-4f72-a7a8-f75077608d1b,e076452b-c35a-4f07-ac90-126302cbb09c,2026-08-12T22:42:51.029000+00:00,keydown,69,Z,63.89024030271138,49.8072111692514,,,,,,,,repeated_typing,1,6,34,3,1,19256.729940708618,3702.7793008250546,,,,training/repeated_typing,seed_device_e92e7c09,,,,,,,,,,,,,,,,,,,,,,,,,,,,,,,,,,,,,,,,,,,,,,,,,,,,,,,,,,,,,,,,,,
training_event,training,e92e7c09-c1b8-4f72-a7a8-f75077608d1b,128950ec-66cc-4404-b959-df0e9f2f86ad,2026-08-17T05:42:51.029000+00:00,mouse_click,,,,,1106.4170715883984,536.847651204278,,,,,,paragraph_typing,3,7,,,,9660.5370568435,,target_8,medium,241.96335246958552,training/paragraph_typing,seed_device_e92e7c09,,,,,,,,,,,,,,,,,,,,,,,,,,,,,,,,,,,,,,,,,,,,,,,,,,,,,,,,,,,,,,,,,,
training_event,training,e92e7c09-c1b8-4f72-a7a8-f75077608d1b,128950ec-66cc-4404-b959-df0e9f2f86ad,2026-08-17T07:42:51.029000+00:00,keydown,81,P,184.206296473788,81.00590193243198,,,,,,,,paragraph_typing,2,9,50,2,2,3933.935979982401,4354.207002269288,,,,training/paragraph_typing,seed_device_e92e7c09,,,,,,,,,,,,,,,,,,,,,,,,,,,,,,,,,,,,,,,,,,,,,,,,,,,,,,,,,,,,,,,,,,
training_event,training,e92e7c09-c1b8-4f72-a7a8-f75077608d1b,128950ec-66cc-4404-b959-df0e9f2f86ad,2026-08-16T18:42:51.029000+00:00,mouse_click,,,,,172.79586862198835,564.3780892613121,,,,,,paragraph_typing,0,1,,,,6383.340954716034,,target_11,medium,163.3466237062667,training/paragraph_typing,seed_device_e92e7c09,,,,,,,,,,,,,,,,,,,,,,,,,,,,,,,,,,,,,,,,,,,,,,,,,,,,,,,,,,,,,,,,,,
training_event,training,e92e7c09-c1b8-4f72-a7a8-f75077608d1b,128950ec-66cc-4404-b959-df0e9f2f86ad,2026-08-14T07:42:51.029000+00:00,mouse_move,,,,,838.9924915102238,844.3031003087274,,,,,,paragraph_typing,1,5,,,,27471.837664416744,,,,,training/paragraph_typing,seed_device_e92e7c09,,,,,,,,,,,,,,,,,,,,,,,,,,,,,,,,,,,,,,,,,,,,,,,,,,,,,,,,,,,,,,,,,,
training_event,training,e92e7c09-c1b8-4f72-a7a8-f75077608d1b,128950ec-66cc-4404-b959-df0e9f2f86ad,2026-08-11T17:42:51.029000+00:00,mouse_scroll,,,,,1379.8044345618591,370.53285256663145,,47.47319791941595,,,,paragraph_typing,1,6,,,,22342.352613735366,,,,,training/paragraph_typing,seed_device_e92e7c09,,,,,,,,,,,,,,,,,,,,,,,,,,,,,,,,,,,,,,,,,,,,,,,,,,,,,,,,,,,,,,,,,,
training_event,training,e92e7c09-c1b8-4f72-a7a8-f75077608d1b,d29fca71-0851-4e15-b254-d6687095e5ff,2026-08-13T22:42:51.029000+00:00,keydown,79,K,81.80477970298921,83.3914339325284,,,,,,,,controlled_typing,1,5,92,3,1,9283.443261566747,1208.029261533346,,,,training/controlled_typing,seed_device_e92e7c09,,,,,,,,,,,,,,,,,,,,,,,,,,,,,,,,,,,,,,,,,,,,,,,,,,,,,,,,,,,,,,,,,,
training_event,training,e92e7c09-c1b8-4f72-a7a8-f75077608d1b,e076452b-c35a-4f07-ac90-126302cbb09c,2026-08-17T01:42:51.029000+00:00,mouse_move,,,,,447.13748691850503,322.96026040171046,,,,,,repeated_typing,3,3,,,,26557.770303154673,,,,,training/repeated_typing,seed_device_e92e7c09,,,,,,,,,,,,,,,,,,,,,,,,,,,,,,,,,,,,,,,,,,,,,,,,,,,,,,,,,,,,,,,,,,
training_event,training,e92e7c09-c1b8-4f72-a7a8-f75077608d1b,e076452b-c35a-4f07-ac90-126302cbb09c,2026-08-12T14:42:51.029000+00:00,mouse_scroll,,,,,1502.585727919456,142.05036274409287,,-42.73951049097934,,,,repeated_typing,1,4,,,,20142.880649348634,,,,,training/repeated_typing,seed_device_e92e7c09,,,,,,,,,,,,,,,,,,,,,,,,,,,,,,,,,,,,,,,,,,,,,,,,,,,,,,,,,,,,,,,,,,
training_event,training,e92e7c09-c1b8-4f72-a7a8-f75077608d1b,128950ec-66cc-4404-b959-df0e9f2f86ad,2026-08-15T21:42:51.029000+00:00,mouse_move,,,,,1220.7342668031379,825.517674044101,,,,,,paragraph_typing,3,5,,,,3197.4685372483405,,,,,training/paragraph_typing,seed_device_e92e7c09,,,,,,,,,,,,,,,,,,,,,,,,,,,,,,,,,,,,,,,,,,,,,,,,,,,,,,,,,,,,,,,,,,
training_event,training,e92e7c09-c1b8-4f72-a7a8-f75077608d1b,d29fca71-0851-4e15-b254-d6687095e5ff,2026-08-15T04:42:51.029000+00:00,mouse_scroll,,,,,890.9751446425364,768.5743197316033,,-30.876495262130188,,,,controlled_typing,0,5,,,,8380.74065143281,,,,,training/controlled_typing,seed_device_e92e7c09,,,,,,,,,,,,,,,,,,,,,,,,,,,,,,,,,,,,,,,,,,,,,,,,,,,,,,,,,,,,,,,,,,
training_event,training,e92e7c09-c1b8-4f72-a7a8-f75077608d1b,d29fca71-0851-4e15-b254-d6687095e5ff,2026-08-12T07:42:51.029000+00:00,mouse_click,,,,,1219.8022539418391,339.4814345806976,,,,,,controlled_typing,4,3,,,,16281.899235821353,,target_9,small,250.80717350403472,training/controlled_typing,seed_device_e92e7c09,,,,,,,,,,,,,,,,,,,,,,,,,,,,,,,,,,,,,,,,,,,,,,,,,,,,,,,,,,,,,,,,,,
training_event,training,e92e7c09-c1b8-4f72-a7a8-f75077608d1b,d29fca71-0851-4e15-b254-d6687095e5ff,2026-08-16T18:42:51.029000+00:00,keydown,86,R,68.01940861635616,119.3030183019279,,,,,,,,controlled_typing,2,0,70,1,0,18742.81850002284,506.22232635780364,,,,training/controlled_typing,seed_device_e92e7c09,,,,,,,,,,,,,,,,,,,,,,,,,,,,,,,,,,,,,,,,,,,,,,,,,,,,,,,,,,,,,,,,,,
training_event,training,e92e7c09-c1b8-4f72-a7a8-f75077608d1b,e076452b-c35a-4f07-ac90-126302cbb09c,2026-08-12T07:42:51.029000+00:00,mouse_scroll,,,,,1616.6918336975173,337.46771260195584,,-2.032486071631908,,,,repeated_typing,3,1,,,,2714.0761827287647,,,,,training/repeated_typing,seed_device_e92e7c09,,,,,,,,,,,,,,,,,,,,,,,,,,,,,,,,,,,,,,,,,,,,,,,,,,,,,,,,,,,,,,,,,,
training_event,training,e92e7c09-c1b8-4f72-a7a8-f75077608d1b,e076452b-c35a-4f07-ac90-126302cbb09c,2026-08-12T08:42:51.029000+00:00,keydown,83,N,171.28493014646875,38.28983893304844,,,,,,,,repeated_typing,3,4,35,1,0,10203.53887934257,3648.3859312178206,,,,training/repeated_typing,seed_device_e92e7c09,,,,,,,,,,,,,,,,,,,,,,,,,,,,,,,,,,,,,,,,,,,,,,,,,,,,,,,,,,,,,,,,,,
training_event,training,e92e7c09-c1b8-4f72-a7a8-f75077608d1b,128950ec-66cc-4404-b959-df0e9f2f86ad,2026-08-17T09:42:51.029000+00:00,mouse_click,,,,,287.0058421799674,657.0131534274889,,,,,,paragraph_typing,0,6,,,,5286.180131031582,,target_13,large,295.65079200644215,training/paragraph_typing,seed_device_e92e7c09,,,,,,,,,,,,,,,,,,,,,,,,,,,,,,,,,,,,,,,,,,,,,,,,,,,,,,,,,,,,,,,,,,
training_event,training,e92e7c09-c1b8-4f72-a7a8-f75077608d1b,128950ec-66cc-4404-b959-df0e9f2f86ad,2026-08-13T01:42:51.029000+00:00,mouse_click,,,,,1527.3498356870502,247.09226117222397,,,,,,paragraph_typing,1,6,,,,11987.77837213262,,target_9,large,51.07482483141885,training/paragraph_typing,seed_device_e92e7c09,,,,,,,,,,,,,,,,,,,,,,,,,,,,,,,,,,,,,,,,,,,,,,,,,,,,,,,,,,,,,,,,,,
training_event,training,e92e7c09-c1b8-4f72-a7a8-f75077608d1b,128950ec-66cc-4404-b959-df0e9f2f86ad,2026-08-12T04:42:51.029000+00:00,keyup,79,Z,82.99539479876186,124.56023331963893,,,,,,,,paragraph_typing,0,5,81,2,0,6577.456818335725,940.4102413733661,,,,training/paragraph_typing,seed_device_e92e7c09,,,,,,,,,,,,,,,,,,,,,,,,,,,,,,,,,,,,,,,,,,,,,,,,,,,,,,,,,,,,,,,,,,
training_event,training,e92e7c09-c1b8-4f72-a7a8-f75077608d1b,0a10b611-3f51-4dde-83b3-a0587ff85e3b,2026-08-11T22:52:54.742000+00:00,keyup,89,D,141.02425355638573,64.28774746703957,,,,,,,,controlled_typing,3,2,70,0,2,27988.62647453941,797.9726274583537,,,,training/controlled_typing,seed_device_e92e7c09,,,,,,,,,,,,,,,,,,,,,,,,,,,,,,,,,,,,,,,,,,,,,,,,,,,,,,,,,,,,,,,,,,
training_event,training,e92e7c09-c1b8-4f72-a7a8-f75077608d1b,0a10b611-3f51-4dde-83b3-a0587ff85e3b,2026-08-12T09:52:54.742000+00:00,keydown,87,N,178.9132653938801,142.0488141230552,,,,,,,,controlled_typing,1,5,85,3,2,13834.35121430508,3147.1116685983175,,,,training/controlled_typing,seed_device_e92e7c09,,,,,,,,,,,,,,,,,,,,,,,,,,,,,,,,,,,,,,,,,,,,,,,,,,,,,,,,,,,,,,,,,,
training_event,training,e92e7c09-c1b8-4f72-a7a8-f75077608d1b,0a10b611-3f51-4dde-83b3-a0587ff85e3b,2026-08-13T17:52:54.742000+00:00,keyup,68,G,85.76870452334946,76.18875395448111,,,,,,,,controlled_typing,1,2,17,0,0,5082.278099530709,213.62168619525224,,,,training/controlled_typing,seed_device_e92e7c09,,,,,,,,,,,,,,,,,,,,,,,,,,,,,,,,,,,,,,,,,,,,,,,,,,,,,,,,,,,,,,,,,,
training_event,training,e92e7c09-c1b8-4f72-a7a8-f75077608d1b,b56841c5-70b4-49a9-a42e-246f1be22903,2026-08-14T00:52:54.742000+00:00,mouse_click,,,,,607.3226589893028,572.1950135631464,,,,,,repeated_typing,4,4,,,,22420.690264503763,,target_12,medium,243.12482539076004,training/repeated_typing,seed_device_e92e7c09,,,,,,,,,,,,,,,,,,,,,,,,,,,,,,,,,,,,,,,,,,,,,,,,,,,,,,,,,,,,,,,,,,
training_event,training,e92e7c09-c1b8-4f72-a7a8-f75077608d1b,b56841c5-70b4-49a9-a42e-246f1be22903,2026-08-14T16:52:54.742000+00:00,mouse_move,,,,,1167.1093919710308,306.2053948018386,,,,,,repeated_typing,2,5,,,,29530.461094763697,,,,,training/repeated_typing,seed_device_e92e7c09,,,,,,,,,,,,,,,,,,,,,,,,,,,,,,,,,,,,,,,,,,,,,,,,,,,,,,,,,,,,,,,,,,
training_event,training,e92e7c09-c1b8-4f72-a7a8-f75077608d1b,b56841c5-70b4-49a9-a42e-246f1be22903,2026-08-16T16:52:54.742000+00:00,mouse_move,,,,,1445.8169651784588,808.0582307831213,,,,,,repeated_typing,1,2,,,,14491.38251837158,,,,,training/repeated_typing,seed_device_e92e7c09,,,,,,,,,,,,,,,,,,,,,,,,,,,,,,,,,,,,,,,,,,,,,,,,,,,,,,,,,,,,,,,,,,
training_event,training,e92e7c09-c1b8-4f72-a7a8-f75077608d1b,c2dbf948-cff3-4f0f-93b4-ded7907214cb,2026-08-11T21:52:54.742000+00:00,mouse_click,,,,,1373.88222820579,225.03604689150762,,,,,,paragraph_typing,0,4,,,,21713.85747854662,,target_11,medium,264.99665693335686,training/paragraph_typing,seed_device_e92e7c09,,,,,,,,,,,,,,,,,,,,,,,,,,,,,,,,,,,,,,,,,,,,,,,,,,,,,,,,,,,,,,,,,,
training_event,training,e92e7c09-c1b8-4f72-a7a8-f75077608d1b,c2dbf948-cff3-4f0f-93b4-ded7907214cb,2026-08-15T00:52:54.742000+00:00,mouse_move,,,,,140.8358708776317,828.7704934871726,,,,,,paragraph_typing,1,5,,,,15203.726993339451,,,,,training/paragraph_typing,seed_device_e92e7c09,,,,,,,,,,,,,,,,,,,,,,,,,,,,,,,,,,,,,,,,,,,,,,,,,,,,,,,,,,,,,,,,,,
training_event,training,e92e7c09-c1b8-4f72-a7a8-f75077608d1b,c2dbf948-cff3-4f0f-93b4-ded7907214cb,2026-08-17T09:52:54.742000+00:00,mouse_scroll,,,,,1543.613028191092,386.96415262197377,,-29.042379676603968,,,,paragraph_typing,4,8,,,,25214.790466892333,,,,,training/paragraph_typing,seed_device_e92e7c09,,,,,,,,,,,,,,,,,,,,,,,,,,,,,,,,,,,,,,,,,,,,,,,,,,,,,,,,,,,,,,,,,,
training_event,training,e92e7c09-c1b8-4f72-a7a8-f75077608d1b,0a10b611-3f51-4dde-83b3-a0587ff85e3b,2026-08-16T03:52:54.742000+00:00,mouse_scroll,,,,,664.2277198464274,844.9847910925171,,-9.413155451566205,,,,controlled_typing,3,9,,,,3233.6742255831546,,,,,training/controlled_typing,seed_device_e92e7c09,,,,,,,,,,,,,,,,,,,,,,,,,,,,,,,,,,,,,,,,,,,,,,,,,,,,,,,,,,,,,,,,,,
training_event,training,e92e7c09-c1b8-4f72-a7a8-f75077608d1b,b56841c5-70b4-49a9-a42e-246f1be22903,2026-08-12T23:52:54.742000+00:00,keyup,80,X,78.52180611688459,75.46268860024301,,,,,,,,repeated_typing,2,1,57,3,2,27064.12210482574,1579.6248426299965,,,,training/repeated_typing,seed_device_e92e7c09,,,,,,,,,,,,,,,,,,,,,,,,,,,,,,,,,,,,,,,,,,,,,,,,,,,,,,,,,,,,,,,,,,
training_event,training,e92e7c09-c1b8-4f72-a7a8-f75077608d1b,c2dbf948-cff3-4f0f-93b4-ded7907214cb,2026-08-13T02:52:54.742000+00:00,mouse_scroll,,,,,306.5532087028727,428.29672725263464,,32.95117702406999,,,,paragraph_typing,0,9,,,,8571.43977095154,,,,,training/paragraph_typing,seed_device_e92e7c09,,,,,,,,,,,,,,,,,,,,,,,,,,,,,,,,,,,,,,,,,,,,,,,,,,,,,,,,,,,,,,,,,,
training_event,training,e92e7c09-c1b8-4f72-a7a8-f75077608d1b,c2dbf948-cff3-4f0f-93b4-ded7907214cb,2026-08-16T18:52:54.742000+00:00,mouse_click,,,,,172.79586862198835,564.3780892613121,,,,,,paragraph_typing,0,1,,,,6383.340954716034,,target_11,medium,163.3466237062667,training/paragraph_typing,seed_device_e92e7c09,,,,,,,,,,,,,,,,,,,,,,,,,,,,,,,,,,,,,,,,,,,,,,,,,,,,,,,,,,,,,,,,,,
training_event,training,e92e7c09-c1b8-4f72-a7a8-f75077608d1b,c2dbf948-cff3-4f0f-93b4-ded7907214cb,2026-08-15T00:52:54.742000+00:00,keyup,73,P,126.11011793913904,37.44511772308029,,,,,,,,paragraph_typing,3,4,72,1,1,27610.96785595276,1583.8198872190874,,,,training/paragraph_typing,seed_device_e92e7c09,,,,,,,,,,,,,,,,,,,,,,,,,,,,,,,,,,,,,,,,,,,,,,,,,,,,,,,,,,,,,,,,,,
training_event,training,e92e7c09-c1b8-4f72-a7a8-f75077608d1b,c2dbf948-cff3-4f0f-93b4-ded7907214cb,2026-08-11T18:52:54.742000+00:00,keyup,77,P,92.34703372859671,142.61424910511533,,,,,,,,paragraph_typing,3,0,59,1,2,15804.529389814192,2149.7016906054146,,,,training/paragraph_typing,seed_device_e92e7c09,,,,,,,,,,,,,,,,,,,,,,,,,,,,,,,,,,,,,,,,,,,,,,,,,,,,,,,,,,,,,,,,,,
training_event,training,e92e7c09-c1b8-4f72-a7a8-f75077608d1b,0a10b611-3f51-4dde-83b3-a0587ff85e3b,2026-08-11T19:52:54.742000+00:00,mouse_move,,,,,1571.6456672969196,740.5396505418116,,,,,,controlled_typing,4,8,,,,8290.865557905898,,,,,training/controlled_typing,seed_device_e92e7c09,,,,,,,,,,,,,,,,,,,,,,,,,,,,,,,,,,,,,,,,,,,,,,,,,,,,,,,,,,,,,,,,,,
training_event,training,e92e7c09-c1b8-4f72-a7a8-f75077608d1b,0a10b611-3f51-4dde-83b3-a0587ff85e3b,2026-08-11T14:52:54.742000+00:00,mouse_click,,,,,533.8259089833617,341.7276972523818,,,,,,controlled_typing,3,5,,,,14737.591685356903,,target_2,small,249.4859612939873,training/controlled_typing,seed_device_e92e7c09,,,,,,,,,,,,,,,,,,,,,,,,,,,,,,,,,,,,,,,,,,,,,,,,,,,,,,,,,,,,,,,,,,
training_event,training,e92e7c09-c1b8-4f72-a7a8-f75077608d1b,0a10b611-3f51-4dde-83b3-a0587ff85e3b,2026-08-11T12:52:54.742000+00:00,mouse_scroll,,,,,503.7340010144737,849.1815178059252,,-12.658547918018193,,,,controlled_typing,1,5,,,,3228.1742731108343,,,,,training/controlled_typing,seed_device_e92e7c09,,,,,,,,,,,,,,,,,,,,,,,,,,,,,,,,,,,,,,,,,,,,,,,,,,,,,,,,,,,,,,,,,,
training_event,training,e92e7c09-c1b8-4f72-a7a8-f75077608d1b,0a10b611-3f51-4dde-83b3-a0587ff85e3b,2026-08-11T16:52:54.742000+00:00,mouse_click,,,,,572.3923406413651,893.6632122202279,,,,,,controlled_typing,3,1,,,,24653.399257244633,,target_2,medium,140.01792211477522,training/controlled_typing,seed_device_e92e7c09,,,,,,,,,,,,,,,,,,,,,,,,,,,,,,,,,,,,,,,,,,,,,,,,,,,,,,,,,,,,,,,,,,
training_event,training,e92e7c09-c1b8-4f72-a7a8-f75077608d1b,0a10b611-3f51-4dde-83b3-a0587ff85e3b,2026-08-12T15:52:54.742000+00:00,mouse_move,,,,,374.9586786418105,650.1658390115018,,,,,,controlled_typing,4,8,,,,4287.464016414433,,,,,training/controlled_typing,seed_device_e92e7c09,,,,,,,,,,,,,,,,,,,,,,,,,,,,,,,,,,,,,,,,,,,,,,,,,,,,,,,,,,,,,,,,,,
training_event,training,e92e7c09-c1b8-4f72-a7a8-f75077608d1b,0a10b611-3f51-4dde-83b3-a0587ff85e3b,2026-08-16T20:52:54.742000+00:00,keydown,87,E,178.62977084144185,138.64903449424904,,,,,,,,controlled_typing,3,8,58,3,2,9878.711586923866,2734.520179439559,,,,training/controlled_typing,seed_device_e92e7c09,,,,,,,,,,,,,,,,,,,,,,,,,,,,,,,,,,,,,,,,,,,,,,,,,,,,,,,,,,,,,,,,,,
training_event,training,e92e7c09-c1b8-4f72-a7a8-f75077608d1b,b56841c5-70b4-49a9-a42e-246f1be22903,2026-08-13T04:52:54.742000+00:00,mouse_scroll,,,,,719.0409978085223,475.3506774783232,,-24.357545915840184,,,,repeated_typing,1,7,,,,2654.0917364157704,,,,,training/repeated_typing,seed_device_e92e7c09,,,,,,,,,,,,,,,,,,,,,,,,,,,,,,,,,,,,,,,,,,,,,,,,,,,,,,,,,,,,,,,,,,
training_event,training,e92e7c09-c1b8-4f72-a7a8-f75077608d1b,b56841c5-70b4-49a9-a42e-246f1be22903,2026-08-11T12:52:54.742000+00:00,mouse_scroll,,,,,1019.2909473514443,704.1466279314161,,-13.39029898486659,,,,repeated_typing,0,1,,,,5256.849668631159,,,,,training/repeated_typing,seed_device_e92e7c09,,,,,,,,,,,,,,,,,,,,,,,,,,,,,,,,,,,,,,,,,,,,,,,,,,,,,,,,,,,,,,,,,,
training_event,training,e92e7c09-c1b8-4f72-a7a8-f75077608d1b,c2dbf948-cff3-4f0f-93b4-ded7907214cb,2026-08-14T08:52:54.742000+00:00,mouse_move,,,,,699.9785181551188,581.2539251105202,,,,,,paragraph_typing,4,8,,,,23565.273988329944,,,,,training/paragraph_typing,seed_device_e92e7c09,,,,,,,,,,,,,,,,,,,,,,,,,,,,,,,,,,,,,,,,,,,,,,,,,,,,,,,,,,,,,,,,,,
training_event,training,e92e7c09-c1b8-4f72-a7a8-f75077608d1b,c2dbf948-cff3-4f0f-93b4-ded7907214cb,2026-08-12T06:52:54.742000+00:00,mouse_move,,,,,393.96798196477465,208.96142725068634,,,,,,paragraph_typing,4,2,,,,7238.2215025975665,,,,,training/paragraph_typing,seed_device_e92e7c09,,,,,,,,,,,,,,,,,,,,,,,,,,,,,,,,,,,,,,,,,,,,,,,,,,,,,,,,,,,,,,,,,,
training_event,training,e92e7c09-c1b8-4f72-a7a8-f75077608d1b,c2dbf948-cff3-4f0f-93b4-ded7907214cb,2026-08-17T05:52:54.742000+00:00,mouse_click,,,,,1106.4170715883984,536.847651204278,,,,,,paragraph_typing,3,7,,,,9660.5370568435,,target_8,medium,241.96335246958552,training/paragraph_typing,seed_device_e92e7c09,,,,,,,,,,,,,,,,,,,,,,,,,,,,,,,,,,,,,,,,,,,,,,,,,,,,,,,,,,,,,,,,,,
training_event,training,e92e7c09-c1b8-4f72-a7a8-f75077608d1b,c2dbf948-cff3-4f0f-93b4-ded7907214cb,2026-08-12T17:52:54.742000+00:00,mouse_click,,,,,1420.5048787380329,117.69078855157736,,,,,,paragraph_typing,4,6,,,,21422.57323773475,,target_10,medium,299.5846917530854,training/paragraph_typing,seed_device_e92e7c09,,,,,,,,,,,,,,,,,,,,,,,,,,,,,,,,,,,,,,,,,,,,,,,,,,,,,,,,,,,,,,,,,,
training_event,training,e92e7c09-c1b8-4f72-a7a8-f75077608d1b,c2dbf948-cff3-4f0f-93b4-ded7907214cb,2026-08-14T16:52:54.742000+00:00,keydown,76,D,71.69225885426872,145.3093159221035,,,,,,,,paragraph_typing,0,1,12,1,1,5311.187792877014,4275.973282540011,,,,training/paragraph_typing,seed_device_e92e7c09,,,,,,,,,,,,,,,,,,,,,,,,,,,,,,,,,,,,,,,,,,,,,,,,,,,,,,,,,,,,,,,,,,
training_event,training,e92e7c09-c1b8-4f72-a7a8-f75077608d1b,c2dbf948-cff3-4f0f-93b4-ded7907214cb,2026-08-12T13:52:54.742000+00:00,keydown,70,V,190.9669882440726,127.78500284109046,,,,,,,,paragraph_typing,3,1,73,2,2,8475.643961219917,3689.6179765105185,,,,training/paragraph_typing,seed_device_e92e7c09,,,,,,,,,,,,,,,,,,,,,,,,,,,,,,,,,,,,,,,,,,,,,,,,,,,,,,,,,,,,,,,,,,
training_event,training,e92e7c09-c1b8-4f72-a7a8-f75077608d1b,c2dbf948-cff3-4f0f-93b4-ded7907214cb,2026-08-15T14:52:54.742000+00:00,keydown,73,R,99.55551798494949,146.83591558086744,,,,,,,,paragraph_typing,4,6,32,3,0,27922.335650729787,2591.540609201928,,,,training/paragraph_typing,seed_device_e92e7c09,,,,,,,,,,,,,,,,,,,,,,,,,,,,,,,,,,,,,,,,,,,,,,,,,,,,,,,,,,,,,,,,,,
training_event,training,e92e7c09-c1b8-4f72-a7a8-f75077608d1b,c2dbf948-cff3-4f0f-93b4-ded7907214cb,2026-08-13T20:52:54.742000+00:00,keyup,67,N,144.73126929698998,148.06208119231047,,,,,,,,paragraph_typing,4,5,36,3,0,21785.93837263059,4785.41917881892,,,,training/paragraph_typing,seed_device_e92e7c09,,,,,,,,,,,,,,,,,,,,,,,,,,,,,,,,,,,,,,,,,,,,,,,,,,,,,,,,,,,,,,,,,,
training_event,training,e92e7c09-c1b8-4f72-a7a8-f75077608d1b,c2dbf948-cff3-4f0f-93b4-ded7907214cb,2026-08-16T12:52:54.742000+00:00,keyup,75,H,175.21517828055408,63.550560265717365,,,,,,,,paragraph_typing,3,0,56,1,0,11611.446865549962,363.3775879563217,,,,training/paragraph_typing,seed_device_e92e7c09,,,,,,,,,,,,,,,,,,,,,,,,,,,,,,,,,,,,,,,,,,,,,,,,,,,,,,,,,,,,,,,,,,
training_event,training,e92e7c09-c1b8-4f72-a7a8-f75077608d1b,c2dbf948-cff3-4f0f-93b4-ded7907214cb,2026-08-14T07:52:54.742000+00:00,mouse_move,,,,,838.9924915102238,844.3031003087274,,,,,,paragraph_typing,1,5,,,,27471.837664416744,,,,,training/paragraph_typing,seed_device_e92e7c09,,,,,,,,,,,,,,,,,,,,,,,,,,,,,,,,,,,,,,,,,,,,,,,,,,,,,,,,,,,,,,,,,,
training_event,training,e92e7c09-c1b8-4f72-a7a8-f75077608d1b,0a10b611-3f51-4dde-83b3-a0587ff85e3b,2026-08-16T21:52:54.742000+00:00,mouse_move,,,,,788.589410345055,204.61590307461668,,,,,,controlled_typing,2,8,,,,15580.442122630053,,,,,training/controlled_typing,seed_device_e92e7c09,,,,,,,,,,,,,,,,,,,,,,,,,,,,,,,,,,,,,,,,,,,,,,,,,,,,,,,,,,,,,,,,,,
training_event,training,e92e7c09-c1b8-4f72-a7a8-f75077608d1b,0a10b611-3f51-4dde-83b3-a0587ff85e3b,2026-08-14T20:52:54.742000+00:00,keyup,76,K,73.73946461640719,77.82893527200366,,,,,,,,controlled_typing,1,3,24,1,1,28624.028574258962,1888.4553175544766,,,,training/controlled_typing,seed_device_e92e7c09,,,,,,,,,,,,,,,,,,,,,,,,,,,,,,,,,,,,,,,,,,,,,,,,,,,,,,,,,,,,,,,,,,
training_event,training,e92e7c09-c1b8-4f72-a7a8-f75077608d1b,b56841c5-70b4-49a9-a42e-246f1be22903,2026-08-12T07:52:54.742000+00:00,mouse_scroll,,,,,1616.6918336975173,337.46771260195584,,-2.032486071631908,,,,repeated_typing,3,1,,,,2714.0761827287647,,,,,training/repeated_typing,seed_device_e92e7c09,,,,,,,,,,,,,,,,,,,,,,,,,,,,,,,,,,,,,,,,,,,,,,,,,,,,,,,,,,,,,,,,,,
training_event,training,e92e7c09-c1b8-4f72-a7a8-f75077608d1b,c2dbf948-cff3-4f0f-93b4-ded7907214cb,2026-08-13T22:52:54.742000+00:00,keydown,74,K,119.14434161492827,66.879088196986,,,,,,,,paragraph_typing,2,7,37,2,2,11968.333281121162,3051.345195286264,,,,training/paragraph_typing,seed_device_e92e7c09,,,,,,,,,,,,,,,,,,,,,,,,,,,,,,,,,,,,,,,,,,,,,,,,,,,,,,,,,,,,,,,,,,
training_event,training,e92e7c09-c1b8-4f72-a7a8-f75077608d1b,c2dbf948-cff3-4f0f-93b4-ded7907214cb,2026-08-14T09:52:54.742000+00:00,keyup,85,R,176.28691654063897,30.903660333432175,,,,,,,,paragraph_typing,2,9,56,1,0,6465.989953208237,104.58476836312735,,,,training/paragraph_typing,seed_device_e92e7c09,,,,,,,,,,,,,,,,,,,,,,,,,,,,,,,,,,,,,,,,,,,,,,,,,,,,,,,,,,,,,,,,,,
training_event,training,e92e7c09-c1b8-4f72-a7a8-f75077608d1b,0a10b611-3f51-4dde-83b3-a0587ff85e3b,2026-08-13T09:52:54.742000+00:00,mouse_scroll,,,,,266.7537117243496,889.3564225404904,,26.221116265377034,,,,controlled_typing,0,8,,,,24927.744239471245,,,,,training/controlled_typing,seed_device_e92e7c09,,,,,,,,,,,,,,,,,,,,,,,,,,,,,,,,,,,,,,,,,,,,,,,,,,,,,,,,,,,,,,,,,,
training_event,training,e92e7c09-c1b8-4f72-a7a8-f75077608d1b,0a10b611-3f51-4dde-83b3-a0587ff85e3b,2026-08-13T19:52:54.742000+00:00,mouse_click,,,,,543.7684185689664,216.76828511839128,,,,,,controlled_typing,3,5,,,,23575.875282910987,,target_9,medium,252.56180967800404,training/controlled_typing,seed_device_e92e7c09,,,,,,,,,,,,,,,,,,,,,,,,,,,,,,,,,,,,,,,,,,,,,,,,,,,,,,,,,,,,,,,,,,
training_event,training,e92e7c09-c1b8-4f72-a7a8-f75077608d1b,0a10b611-3f51-4dde-83b3-a0587ff85e3b,2026-08-14T14:52:54.742000+00:00,mouse_move,,,,,382.0640288085924,563.1412599384655,,,,,,controlled_typing,4,6,,,,1197.860493387353,,,,,training/controlled_typing,seed_device_e92e7c09,,,,,,,,,,,,,,,,,,,,,,,,,,,,,,,,,,,,,,,,,,,,,,,,,,,,,,,,,,,,,,,,,,
training_event,training,e92e7c09-c1b8-4f72-a7a8-f75077608d1b,b56841c5-70b4-49a9-a42e-246f1be22903,2026-08-14T01:52:54.742000+00:00,mouse_scroll,,,,,692.0759912172422,343.21119767224434,,-38.17519210229533,,,,repeated_typing,4,3,,,,17179.28860930619,,,,,training/repeated_typing,seed_device_e92e7c09,,,,,,,,,,,,,,,,,,,,,,,,,,,,,,,,,,,,,,,,,,,,,,,,,,,,,,,,,,,,,,,,,,
training_event,training,e92e7c09-c1b8-4f72-a7a8-f75077608d1b,b56841c5-70b4-49a9-a42e-246f1be22903,2026-08-12T08:52:54.742000+00:00,keydown,83,N,171.28493014646875,38.28983893304844,,,,,,,,repeated_typing,3,4,35,1,0,10203.53887934257,3648.3859312178206,,,,training/repeated_typing,seed_device_e92e7c09,,,,,,,,,,,,,,,,,,,,,,,,,,,,,,,,,,,,,,,,,,,,,,,,,,,,,,,,,,,,,,,,,,
training_event,training,e92e7c09-c1b8-4f72-a7a8-f75077608d1b,b56841c5-70b4-49a9-a42e-246f1be22903,2026-08-14T04:52:54.742000+00:00,mouse_scroll,,,,,507.9617335803946,812.2784030814223,,34.984897896054036,,,,repeated_typing,3,7,,,,3992.7467781427677,,,,,training/repeated_typing,seed_device_e92e7c09,,,,,,,,,,,,,,,,,,,,,,,,,,,,,,,,,,,,,,,,,,,,,,,,,,,,,,,,,,,,,,,,,,
training_event,training,e92e7c09-c1b8-4f72-a7a8-f75077608d1b,c2dbf948-cff3-4f0f-93b4-ded7907214cb,2026-08-12T00:52:54.742000+00:00,mouse_move,,,,,1226.2062466893428,379.09103352535186,,,,,,paragraph_typing,0,2,,,,19650.248152223176,,,,,training/paragraph_typing,seed_device_e92e7c09,,,,,,,,,,,,,,,,,,,,,,,,,,,,,,,,,,,,,,,,,,,,,,,,,,,,,,,,,,,,,,,,,,
training_event,training,e92e7c09-c1b8-4f72-a7a8-f75077608d1b,0a10b611-3f51-4dde-83b3-a0587ff85e3b,2026-08-12T05:52:54.742000+00:00,mouse_move,,,,,1167.5719695650744,186.8545904341042,,,,,,controlled_typing,4,0,,,,25459.118955780978,,,,,training/controlled_typing,seed_device_e92e7c09,,,,,,,,,,,,,,,,,,,,,,,,,,,,,,,,,,,,,,,,,,,,,,,,,,,,,,,,,,,,,,,,,,
training_event,training,e92e7c09-c1b8-4f72-a7a8-f75077608d1b,0a10b611-3f51-4dde-83b3-a0587ff85e3b,2026-08-16T07:52:54.742000+00:00,mouse_click,,,,,1177.0800045359742,833.1522366485073,,,,,,controlled_typing,0,4,,,,21763.817763261253,,target_6,medium,103.13430658068907,training/controlled_typing,seed_device_e92e7c09,,,,,,,,,,,,,,,,,,,,,,,,,,,,,,,,,,,,,,,,,,,,,,,,,,,,,,,,,,,,,,,,,,
training_event,training,e92e7c09-c1b8-4f72-a7a8-f75077608d1b,0a10b611-3f51-4dde-83b3-a0587ff85e3b,2026-08-13T02:52:54.742000+00:00,keydown,90,U,125.54353454481819,127.52340198002419,,,,,,,,controlled_typing,3,4,46,2,0,28575.252175583464,406.46296123063195,,,,training/controlled_typing,seed_device_e92e7c09,,,,,,,,,,,,,,,,,,,,,,,,,,,,,,,,,,,,,,,,,,,,,,,,,,,,,,,,,,,,,,,,,,
training_event,training,e92e7c09-c1b8-4f72-a7a8-f75077608d1b,0a10b611-3f51-4dde-83b3-a0587ff85e3b,2026-08-15T06:52:54.742000+00:00,mouse_click,,,,,1615.7629791531406,855.0301220315407,,,,,,controlled_typing,1,4,,,,10530.10505440913,,target_14,small,81.14522004274056,training/controlled_typing,seed_device_e92e7c09,,,,,,,,,,,,,,,,,,,,,,,,,,,,,,,,,,,,,,,,,,,,,,,,,,,,,,,,,,,,,,,,,,
training_event,training,e92e7c09-c1b8-4f72-a7a8-f75077608d1b,0a10b611-3f51-4dde-83b3-a0587ff85e3b,2026-08-16T10:52:54.742000+00:00,mouse_scroll,,,,,351.45776622097867,396.9358013530849,,-17.8619961784228,,,,controlled_typing,3,8,,,,26152.16722303404,,,,,training/controlled_typing,seed_device_e92e7c09,,,,,,,,,,,,,,,,,,,,,,,,,,,,,,,,,,,,,,,,,,,,,,,,,,,,,,,,,,,,,,,,,,
training_event,training,e92e7c09-c1b8-4f72-a7a8-f75077608d1b,b56841c5-70b4-49a9-a42e-246f1be22903,2026-08-13T02:52:54.742000+00:00,mouse_scroll,,,,,1244.7348234328347,642.9872480307599,,36.92814403454764,,,,repeated_typing,3,7,,,,12277.63710155411,,,,,training/repeated_typing,seed_device_e92e7c09,,,,,,,,,,,,,,,,,,,,,,,,,,,,,,,,,,,,,,,,,,,,,,,,,,,,,,,,,,,,,,,,,,
training_event,training,e92e7c09-c1b8-4f72-a7a8-f75077608d1b,b56841c5-70b4-49a9-a42e-246f1be22903,2026-08-12T14:52:54.742000+00:00,mouse_scroll,,,,,1502.585727919456,142.05036274409287,,-42.73951049097934,,,,repeated_typing,1,4,,,,20142.880649348634,,,,,training/repeated_typing,seed_device_e92e7c09,,,,,,,,,,,,,,,,,,,,,,,,,,,,,,,,,,,,,,,,,,,,,,,,,,,,,,,,,,,,,,,,,,
training_event,training,e92e7c09-c1b8-4f72-a7a8-f75077608d1b,b56841c5-70b4-49a9-a42e-246f1be22903,2026-08-17T04:52:54.742000+00:00,mouse_scroll,,,,,495.04655696375784,127.40956767411387,,17.97384820105809,,,,repeated_typing,1,7,,,,16696.068155856337,,,,,training/repeated_typing,seed_device_e92e7c09,,,,,,,,,,,,,,,,,,,,,,,,,,,,,,,,,,,,,,,,,,,,,,,,,,,,,,,,,,,,,,,,,,
training_event,training,e92e7c09-c1b8-4f72-a7a8-f75077608d1b,b56841c5-70b4-49a9-a42e-246f1be22903,2026-08-12T22:52:54.742000+00:00,keydown,69,Z,63.89024030271138,49.8072111692514,,,,,,,,repeated_typing,1,6,34,3,1,19256.729940708618,3702.7793008250546,,,,training/repeated_typing,seed_device_e92e7c09,,,,,,,,,,,,,,,,,,,,,,,,,,,,,,,,,,,,,,,,,,,,,,,,,,,,,,,,,,,,,,,,,,
training_event,training,e92e7c09-c1b8-4f72-a7a8-f75077608d1b,c2dbf948-cff3-4f0f-93b4-ded7907214cb,2026-08-11T14:52:54.742000+00:00,keyup,77,Y,52.86078698080449,143.12157762545047,,,,,,,,paragraph_typing,0,6,60,3,0,27213.308902493834,3100.824522354472,,,,training/paragraph_typing,seed_device_e92e7c09,,,,,,,,,,,,,,,,,,,,,,,,,,,,,,,,,,,,,,,,,,,,,,,,,,,,,,,,,,,,,,,,,,
training_event,training,e92e7c09-c1b8-4f72-a7a8-f75077608d1b,c2dbf948-cff3-4f0f-93b4-ded7907214cb,2026-08-15T19:52:54.742000+00:00,mouse_scroll,,,,,1017.9493358201174,804.5320493424232,,-10.26331038351691,,,,paragraph_typing,3,1,,,,16233.823093781944,,,,,training/paragraph_typing,seed_device_e92e7c09,,,,,,,,,,,,,,,,,,,,,,,,,,,,,,,,,,,,,,,,,,,,,,,,,,,,,,,,,,,,,,,,,,
training_event,training,e92e7c09-c1b8-4f72-a7a8-f75077608d1b,c2dbf948-cff3-4f0f-93b4-ded7907214cb,2026-08-17T07:52:54.742000+00:00,keydown,81,P,184.206296473788,81.00590193243198,,,,,,,,paragraph_typing,2,9,50,2,2,3933.935979982401,4354.207002269288,,,,training/paragraph_typing,seed_device_e92e7c09,,,,,,,,,,,,,,,,,,,,,,,,,,,,,,,,,,,,,,,,,,,,,,,,,,,,,,,,,,,,,,,,,,
training_event,training,e92e7c09-c1b8-4f72-a7a8-f75077608d1b,0a10b611-3f51-4dde-83b3-a0587ff85e3b,2026-08-16T10:52:54.742000+00:00,mouse_scroll,,,,,867.3686384692857,625.1228415782531,,-49.73325334783748,,,,controlled_typing,1,5,,,,7496.619065465766,,,,,training/controlled_typing,seed_device_e92e7c09,,,,,,,,,,,,,,,,,,,,,,,,,,,,,,,,,,,,,,,,,,,,,,,,,,,,,,,,,,,,,,,,,,
training_event,training,e92e7c09-c1b8-4f72-a7a8-f75077608d1b,0a10b611-3f51-4dde-83b3-a0587ff85e3b,2026-08-13T03:52:54.742000+00:00,mouse_click,,,,,979.721349458484,208.55899060264454,,,,,,controlled_typing,2,0,,,,27630.96199811634,,target_12,medium,158.91945678373617,training/controlled_typing,seed_device_e92e7c09,,,,,,,,,,,,,,,,,,,,,,,,,,,,,,,,,,,,,,,,,,,,,,,,,,,,,,,,,,,,,,,,,,
training_event,training,e92e7c09-c1b8-4f72-a7a8-f75077608d1b,0a10b611-3f51-4dde-83b3-a0587ff85e3b,2026-08-17T08:52:54.742000+00:00,keyup,70,N,137.6814275359608,57.90302499661115,,,,,,,,controlled_typing,0,2,48,0,1,18822.917951763375,4189.001384717569,,,,training/controlled_typing,seed_device_e92e7c09,,,,,,,,,,,,,,,,,,,,,,,,,,,,,,,,,,,,,,,,,,,,,,,,,,,,,,,,,,,,,,,,,,
training_event,training,e92e7c09-c1b8-4f72-a7a8-f75077608d1b,0a10b611-3f51-4dde-83b3-a0587ff85e3b,2026-08-14T17:52:54.742000+00:00,mouse_click,,,,,402.90058883954646,218.04657403841654,,,,,,controlled_typing,4,6,,,,6456.618736971403,,target_4,large,234.7346126082954,training/controlled_typing,seed_device_e92e7c09,,,,,,,,,,,,,,,,,,,,,,,,,,,,,,,,,,,,,,,,,,,,,,,,,,,,,,,,,,,,,,,,,,
training_event,training,e92e7c09-c1b8-4f72-a7a8-f75077608d1b,0a10b611-3f51-4dde-83b3-a0587ff85e3b,2026-08-12T22:52:54.742000+00:00,mouse_click,,,,,1153.045238676375,271.3144630868582,,,,,,controlled_typing,1,7,,,,15046.08311056458,,target_14,large,203.87569299555176,training/controlled_typing,seed_device_e92e7c09,,,,,,,,,,,,,,,,,,,,,,,,,,,,,,,,,,,,,,,,,,,,,,,,,,,,,,,,,,,,,,,,,,
training_event,training,e92e7c09-c1b8-4f72-a7a8-f75077608d1b,c2dbf948-cff3-4f0f-93b4-ded7907214cb,2026-08-15T14:52:54.742000+00:00,keyup,74,X,107.82342281791612,106.75225396159328,,,,,,,,paragraph_typing,2,3,81,1,2,14158.376756712487,3181.1835048618227,,,,training/paragraph_typing,seed_device_e92e7c09,,,,,,,,,,,,,,,,,,,,,,,,,,,,,,,,,,,,,,,,,,,,,,,,,,,,,,,,,,,,,,,,,,
training_event,training,e92e7c09-c1b8-4f72-a7a8-f75077608d1b,c2dbf948-cff3-4f0f-93b4-ded7907214cb,2026-08-15T01:52:54.742000+00:00,keydown,82,T,196.78747425576145,135.86988015776936,,,,,,,,paragraph_typing,0,2,21,2,2,20772.06013857291,4443.103850600304,,,,training/paragraph_typing,seed_device_e92e7c09,,,,,,,,,,,,,,,,,,,,,,,,,,,,,,,,,,,,,,,,,,,,,,,,,,,,,,,,,,,,,,,,,,
training_event,training,e92e7c09-c1b8-4f72-a7a8-f75077608d1b,0a10b611-3f51-4dde-83b3-a0587ff85e3b,2026-08-13T08:52:54.742000+00:00,mouse_scroll,,,,,639.7808953680224,648.6021216557509,,14.322110889564627,,,,controlled_typing,2,7,,,,17301.688945494556,,,,,training/controlled_typing,seed_device_e92e7c09,,,,,,,,,,,,,,,,,,,,,,,,,,,,,,,,,,,,,,,,,,,,,,,,,,,,,,,,,,,,,,,,,,
training_event,training,e92e7c09-c1b8-4f72-a7a8-f75077608d1b,0a10b611-3f51-4dde-83b3-a0587ff85e3b,2026-08-15T15:52:54.742000+00:00,mouse_move,,,,,727.3412823546653,845.3411077395855,,,,,,controlled_typing,1,9,,,,28445.45383563071,,,,,training/controlled_typing,seed_device_e92e7c09,,,,,,,,,,,,,,,,,,,,,,,,,,,,,,,,,,,,,,,,,,,,,,,,,,,,,,,,,,,,,,,,,,
training_event,training,e92e7c09-c1b8-4f72-a7a8-f75077608d1b,b56841c5-70b4-49a9-a42e-246f1be22903,2026-08-11T14:52:54.742000+00:00,keyup,88,E,123.09228243877197,32.68915738294481,,,,,,,,repeated_typing,0,1,44,3,2,4411.336589932267,330.8280616352771,,,,training/repeated_typing,seed_device_e92e7c09,,,,,,,,,,,,,,,,,,,,,,,,,,,,,,,,,,,,,,,,,,,,,,,,,,,,,,,,,,,,,,,,,,
training_event,training,e92e7c09-c1b8-4f72-a7a8-f75077608d1b,b56841c5-70b4-49a9-a42e-246f1be22903,2026-08-14T11:52:54.742000+00:00,mouse_scroll,,,,,1648.7934008915809,760.6100126869935,,25.438115357810858,,,,repeated_typing,0,6,,,,17542.463825376744,,,,,training/repeated_typing,seed_device_e92e7c09,,,,,,,,,,,,,,,,,,,,,,,,,,,,,,,,,,,,,,,,,,,,,,,,,,,,,,,,,,,,,,,,,,
training_event,training,e92e7c09-c1b8-4f72-a7a8-f75077608d1b,b56841c5-70b4-49a9-a42e-246f1be22903,2026-08-16T08:52:54.742000+00:00,keyup,65,Q,140.54297262412126,115.58935892842834,,,,,,,,repeated_typing,3,9,65,0,0,25013.27109846116,2436.060558498721,,,,training/repeated_typing,seed_device_e92e7c09,,,,,,,,,,,,,,,,,,,,,,,,,,,,,,,,,,,,,,,,,,,,,,,,,,,,,,,,,,,,,,,,,,
training_event,training,e92e7c09-c1b8-4f72-a7a8-f75077608d1b,b56841c5-70b4-49a9-a42e-246f1be22903,2026-08-17T08:52:54.742000+00:00,mouse_move,,,,,1742.3860774127425,782.3318955932208,,,,,,repeated_typing,1,0,,,,17606.391833335,,,,,training/repeated_typing,seed_device_e92e7c09,,,,,,,,,,,,,,,,,,,,,,,,,,,,,,,,,,,,,,,,,,,,,,,,,,,,,,,,,,,,,,,,,,
training_event,training,e92e7c09-c1b8-4f72-a7a8-f75077608d1b,c2dbf948-cff3-4f0f-93b4-ded7907214cb,2026-08-17T05:52:54.742000+00:00,keyup,86,P,125.86331780829735,105.93618160881105,,,,,,,,paragraph_typing,0,7,18,2,0,1806.7530167128414,3305.24469969211,,,,training/paragraph_typing,seed_device_e92e7c09,,,,,,,,,,,,,,,,,,,,,,,,,,,,,,,,,,,,,,,,,,,,,,,,,,,,,,,,,,,,,,,,,,
training_event,training,e92e7c09-c1b8-4f72-a7a8-f75077608d1b,c2dbf948-cff3-4f0f-93b4-ded7907214cb,2026-08-14T14:52:54.742000+00:00,mouse_scroll,,,,,1021.0526029689835,321.5911553460401,,17.794756145434818,,,,paragraph_typing,1,9,,,,29305.784114560756,,,,,training/paragraph_typing,seed_device_e92e7c09,,,,,,,,,,,,,,,,,,,,,,,,,,,,,,,,,,,,,,,,,,,,,,,,,,,,,,,,,,,,,,,,,,
training_event,training,e92e7c09-c1b8-4f72-a7a8-f75077608d1b,c2dbf948-cff3-4f0f-93b4-ded7907214cb,2026-08-15T09:52:54.742000+00:00,keyup,76,S,127.18206283597002,137.87526877992704,,,,,,,,paragraph_typing,0,5,65,3,2,26581.46381116379,2256.778775800553,,,,training/paragraph_typing,seed_device_e92e7c09,,,,,,,,,,,,,,,,,,,,,,,,,,,,,,,,,,,,,,,,,,,,,,,,,,,,,,,,,,,,,,,,,,
training_event,training,e92e7c09-c1b8-4f72-a7a8-f75077608d1b,c2dbf948-cff3-4f0f-93b4-ded7907214cb,2026-08-13T01:52:54.742000+00:00,mouse_click,,,,,1527.3498356870502,247.09226117222397,,,,,,paragraph_typing,1,6,,,,11987.77837213262,,target_9,large,51.07482483141885,training/paragraph_typing,seed_device_e92e7c09,,,,,,,,,,,,,,,,,,,,,,,,,,,,,,,,,,,,,,,,,,,,,,,,,,,,,,,,,,,,,,,,,,
training_event,training,e92e7c09-c1b8-4f72-a7a8-f75077608d1b,c2dbf948-cff3-4f0f-93b4-ded7907214cb,2026-08-13T06:52:54.742000+00:00,mouse_click,,,,,906.3293972411057,626.4593540411237,,,,,,paragraph_typing,4,9,,,,10004.178419286574,,target_3,large,256.68370538049226,training/paragraph_typing,seed_device_e92e7c09,,,,,,,,,,,,,,,,,,,,,,,,,,,,,,,,,,,,,,,,,,,,,,,,,,,,,,,,,,,,,,,,,,
training_event,training,e92e7c09-c1b8-4f72-a7a8-f75077608d1b,b56841c5-70b4-49a9-a42e-246f1be22903,2026-08-17T09:52:54.742000+00:00,keyup,74,B,67.46151291538615,132.18509863941435,,,,,,,,repeated_typing,2,8,93,2,2,16898.20595791521,4887.271614744526,,,,training/repeated_typing,seed_device_e92e7c09,,,,,,,,,,,,,,,,,,,,,,,,,,,,,,,,,,,,,,,,,,,,,,,,,,,,,,,,,,,,,,,,,,
training_event,training,e92e7c09-c1b8-4f72-a7a8-f75077608d1b,b56841c5-70b4-49a9-a42e-246f1be22903,2026-08-16T16:52:54.742000+00:00,keydown,90,G,132.57633799074804,62.76600480040297,,,,,,,,repeated_typing,0,6,58,3,1,5078.254902328279,2078.0911900583205,,,,training/repeated_typing,seed_device_e92e7c09,,,,,,,,,,,,,,,,,,,,,,,,,,,,,,,,,,,,,,,,,,,,,,,,,,,,,,,,,,,,,,,,,,
training_event,training,e92e7c09-c1b8-4f72-a7a8-f75077608d1b,b56841c5-70b4-49a9-a42e-246f1be22903,2026-08-12T04:52:54.742000+00:00,mouse_move,,,,,560.9256499054798,305.9609184658795,,,,,,repeated_typing,1,3,,,,20412.667157522497,,,,,training/repeated_typing,seed_device_e92e7c09,,,,,,,,,,,,,,,,,,,,,,,,,,,,,,,,,,,,,,,,,,,,,,,,,,,,,,,,,,,,,,,,,,
training_event,training,e92e7c09-c1b8-4f72-a7a8-f75077608d1b,c2dbf948-cff3-4f0f-93b4-ded7907214cb,2026-08-12T10:52:54.742000+00:00,keyup,76,R,89.80036355874887,53.49579048251882,,,,,,,,paragraph_typing,4,5,78,1,2,24567.4413540141,2470.018656538903,,,,training/paragraph_typing,seed_device_e92e7c09,,,,,,,,,,,,,,,,,,,,,,,,,,,,,,,,,,,,,,,,,,,,,,,,,,,,,,,,,,,,,,,,,,
training_event,training,e92e7c09-c1b8-4f72-a7a8-f75077608d1b,c2dbf948-cff3-4f0f-93b4-ded7907214cb,2026-08-14T06:52:54.742000+00:00,keyup,68,Q,96.21514095840995,90.7461367442722,,,,,,,,paragraph_typing,2,5,51,0,0,23223.79491078946,4073.332922958269,,,,training/paragraph_typing,seed_device_e92e7c09,,,,,,,,,,,,,,,,,,,,,,,,,,,,,,,,,,,,,,,,,,,,,,,,,,,,,,,,,,,,,,,,,,
training_event,training,e92e7c09-c1b8-4f72-a7a8-f75077608d1b,c2dbf948-cff3-4f0f-93b4-ded7907214cb,2026-08-15T15:52:54.742000+00:00,keydown,72,Q,124.34161330547656,99.6096906612186,,,,,,,,paragraph_typing,1,3,90,0,1,9018.732622313626,2145.119159115602,,,,training/paragraph_typing,seed_device_e92e7c09,,,,,,,,,,,,,,,,,,,,,,,,,,,,,,,,,,,,,,,,,,,,,,,,,,,,,,,,,,,,,,,,,,
training_event,training,e92e7c09-c1b8-4f72-a7a8-f75077608d1b,c2dbf948-cff3-4f0f-93b4-ded7907214cb,2026-08-11T17:52:54.742000+00:00,mouse_scroll,,,,,1379.8044345618591,370.53285256663145,,47.47319791941595,,,,paragraph_typing,1,6,,,,22342.352613735366,,,,,training/paragraph_typing,seed_device_e92e7c09,,,,,,,,,,,,,,,,,,,,,,,,,,,,,,,,,,,,,,,,,,,,,,,,,,,,,,,,,,,,,,,,,,
training_event,training,e92e7c09-c1b8-4f72-a7a8-f75077608d1b,0a10b611-3f51-4dde-83b3-a0587ff85e3b,2026-08-12T00:52:54.742000+00:00,keydown,65,F,158.96295427219965,111.59425142553351,,,,,,,,controlled_typing,1,3,75,3,1,7400.370136310168,4168.347178997124,,,,training/controlled_typing,seed_device_e92e7c09,,,,,,,,,,,,,,,,,,,,,,,,,,,,,,,,,,,,,,,,,,,,,,,,,,,,,,,,,,,,,,,,,,
training_event,training,e92e7c09-c1b8-4f72-a7a8-f75077608d1b,0a10b611-3f51-4dde-83b3-a0587ff85e3b,2026-08-15T00:52:54.742000+00:00,keydown,89,N,101.56328793193532,63.81549159464587,,,,,,,,controlled_typing,2,7,53,3,2,1376.388742830898,3274.917230674623,,,,training/controlled_typing,seed_device_e92e7c09,,,,,,,,,,,,,,,,,,,,,,,,,,,,,,,,,,,,,,,,,,,,,,,,,,,,,,,,,,,,,,,,,,
training_event,training,e92e7c09-c1b8-4f72-a7a8-f75077608d1b,0a10b611-3f51-4dde-83b3-a0587ff85e3b,2026-08-16T06:52:54.742000+00:00,mouse_scroll,,,,,606.2415108136418,417.387735194473,,45.00596570433035,,,,controlled_typing,4,0,,,,7673.178560553411,,,,,training/controlled_typing,seed_device_e92e7c09,,,,,,,,,,,,,,,,,,,,,,,,,,,,,,,,,,,,,,,,,,,,,,,,,,,,,,,,,,,,,,,,,,
training_event,training,e92e7c09-c1b8-4f72-a7a8-f75077608d1b,0a10b611-3f51-4dde-83b3-a0587ff85e3b,2026-08-12T19:52:54.742000+00:00,mouse_move,,,,,900.2277439971804,493.0116337557883,,,,,,controlled_typing,2,4,,,,19319.042849845497,,,,,training/controlled_typing,seed_device_e92e7c09,,,,,,,,,,,,,,,,,,,,,,,,,,,,,,,,,,,,,,,,,,,,,,,,,,,,,,,,,,,,,,,,,,
training_event,training,e92e7c09-c1b8-4f72-a7a8-f75077608d1b,0a10b611-3f51-4dde-83b3-a0587ff85e3b,2026-08-12T10:52:54.742000+00:00,mouse_scroll,,,,,321.3735853841588,314.78418463974043,,29.27370513455763,,,,controlled_typing,2,2,,,,12063.392447711454,,,,,training/controlled_typing,seed_device_e92e7c09,,,,,,,,,,,,,,,,,,,,,,,,,,,,,,,,,,,,,,,,,,,,,,,,,,,,,,,,,,,,,,,,,,
training_event,training,e92e7c09-c1b8-4f72-a7a8-f75077608d1b,0a10b611-3f51-4dde-83b3-a0587ff85e3b,2026-08-16T04:52:54.742000+00:00,mouse_click,,,,,1195.3803635693446,254.12992298108054,,,,,,controlled_typing,1,2,,,,16255.588583760273,,target_14,large,256.3882429365509,training/controlled_typing,seed_device_e92e7c09,,,,,,,,,,,,,,,,,,,,,,,,,,,,,,,,,,,,,,,,,,,,,,,,,,,,,,,,,,,,,,,,,,
training_event,training,e92e7c09-c1b8-4f72-a7a8-f75077608d1b,0a10b611-3f51-4dde-83b3-a0587ff85e3b,2026-08-12T16:52:54.742000+00:00,keydown,87,E,192.4179633726671,75.91472424344454,,,,,,,,controlled_typing,1,4,13,3,1,3443.326545462728,1885.7976839684825,,,,training/controlled_typing,seed_device_e92e7c09,,,,,,,,,,,,,,,,,,,,,,,,,,,,,,,,,,,,,,,,,,,,,,,,,,,,,,,,,,,,,,,,,,
training_event,training,e92e7c09-c1b8-4f72-a7a8-f75077608d1b,0a10b611-3f51-4dde-83b3-a0587ff85e3b,2026-08-16T03:52:54.742000+00:00,mouse_click,,,,,189.32696121708972,820.1231791340841,,,,,,controlled_typing,2,3,,,,17817.492702330408,,target_8,small,54.36568415267644,training/controlled_typing,seed_device_e92e7c09,,,,,,,,,,,,,,,,,,,,,,,,,,,,,,,,,,,,,,,,,,,,,,,,,,,,,,,,,,,,,,,,,,
training_event,training,e92e7c09-c1b8-4f72-a7a8-f75077608d1b,0a10b611-3f51-4dde-83b3-a0587ff85e3b,2026-08-15T20:52:54.742000+00:00,keydown,87,O,87.82001051307458,101.90246482696344,,,,,,,,controlled_typing,0,1,98,1,2,9079.206043114427,4146.091240167729,,,,training/controlled_typing,seed_device_e92e7c09,,,,,,,,,,,,,,,,,,,,,,,,,,,,,,,,,,,,,,,,,,,,,,,,,,,,,,,,,,,,,,,,,,
training_event,training,e92e7c09-c1b8-4f72-a7a8-f75077608d1b,b56841c5-70b4-49a9-a42e-246f1be22903,2026-08-16T15:52:54.742000+00:00,mouse_move,,,,,996.3400505484458,818.5474961519575,,,,,,repeated_typing,0,7,,,,25126.05783406605,,,,,training/repeated_typing,seed_device_e92e7c09,,,,,,,,,,,,,,,,,,,,,,,,,,,,,,,,,,,,,,,,,,,,,,,,,,,,,,,,,,,,,,,,,,
training_event,training,e92e7c09-c1b8-4f72-a7a8-f75077608d1b,b56841c5-70b4-49a9-a42e-246f1be22903,2026-08-16T14:52:54.742000+00:00,keyup,73,R,143.99458374104796,80.4746667083311,,,,,,,,repeated_typing,1,9,53,0,0,10904.277852875559,555.5475853284952,,,,training/repeated_typing,seed_device_e92e7c09,,,,,,,,,,,,,,,,,,,,,,,,,,,,,,,,,,,,,,,,,,,,,,,,,,,,,,,,,,,,,,,,,,
training_event,training,e92e7c09-c1b8-4f72-a7a8-f75077608d1b,c2dbf948-cff3-4f0f-93b4-ded7907214cb,2026-08-15T22:52:54.742000+00:00,mouse_click,,,,,1250.4000804672214,347.4256059722642,,,,,,paragraph_typing,2,4,,,,1721.8470674131927,,target_3,small,131.6526382084587,training/paragraph_typing,seed_device_e92e7c09,,,,,,,,,,,,,,,,,,,,,,,,,,,,,,,,,,,,,,,,,,,,,,,,,,,,,,,,,,,,,,,,,,
training_event,training,e92e7c09-c1b8-4f72-a7a8-f75077608d1b,c2dbf948-cff3-4f0f-93b4-ded7907214cb,2026-08-12T04:52:54.742000+00:00,keyup,80,P,183.29992887005878,35.92840267443179,,,,,,,,paragraph_typing,1,6,33,0,0,28077.957940286473,511.84350153652747,,,,training/paragraph_typing,seed_device_e92e7c09,,,,,,,,,,,,,,,,,,,,,,,,,,,,,,,,,,,,,,,,,,,,,,,,,,,,,,,,,,,,,,,,,,
training_event,training,e92e7c09-c1b8-4f72-a7a8-f75077608d1b,c2dbf948-cff3-4f0f-93b4-ded7907214cb,2026-08-13T07:52:54.742000+00:00,mouse_scroll,,,,,1209.8130646202255,374.75325304712965,,11.738406860240715,,,,paragraph_typing,0,8,,,,27932.064057391588,,,,,training/paragraph_typing,seed_device_e92e7c09,,,,,,,,,,,,,,,,,,,,,,,,,,,,,,,,,,,,,,,,,,,,,,,,,,,,,,,,,,,,,,,,,,
training_event,training,e92e7c09-c1b8-4f72-a7a8-f75077608d1b,c2dbf948-cff3-4f0f-93b4-ded7907214cb,2026-08-12T04:52:54.742000+00:00,keyup,79,Z,82.99539479876186,124.56023331963893,,,,,,,,paragraph_typing,0,5,81,2,0,6577.456818335725,940.4102413733661,,,,training/paragraph_typing,seed_device_e92e7c09,,,,,,,,,,,,,,,,,,,,,,,,,,,,,,,,,,,,,,,,,,,,,,,,,,,,,,,,,,,,,,,,,,
training_event,training,e92e7c09-c1b8-4f72-a7a8-f75077608d1b,0a10b611-3f51-4dde-83b3-a0587ff85e3b,2026-08-15T04:52:54.742000+00:00,mouse_scroll,,,,,890.9751446425364,768.5743197316033,,-30.876495262130188,,,,controlled_typing,0,5,,,,8380.74065143281,,,,,training/controlled_typing,seed_device_e92e7c09,,,,,,,,,,,,,,,,,,,,,,,,,,,,,,,,,,,,,,,,,,,,,,,,,,,,,,,,,,,,,,,,,,
training_event,training,e92e7c09-c1b8-4f72-a7a8-f75077608d1b,0a10b611-3f51-4dde-83b3-a0587ff85e3b,2026-08-15T16:52:54.742000+00:00,mouse_move,,,,,1203.1899139734026,443.7169182375766,,,,,,controlled_typing,3,3,,,,2017.9990564973118,,,,,training/controlled_typing,seed_device_e92e7c09,,,,,,,,,,,,,,,,,,,,,,,,,,,,,,,,,,,,,,,,,,,,,,,,,,,,,,,,,,,,,,,,,,
training_event,training,e92e7c09-c1b8-4f72-a7a8-f75077608d1b,b56841c5-70b4-49a9-a42e-246f1be22903,2026-08-17T05:52:54.742000+00:00,keyup,84,T,88.06398372560375,110.69762601395169,,,,,,,,repeated_typing,2,6,70,3,2,26509.694020526058,2350.0362818670233,,,,training/repeated_typing,seed_device_e92e7c09,,,,,,,,,,,,,,,,,,,,,,,,,,,,,,,,,,,,,,,,,,,,,,,,,,,,,,,,,,,,,,,,,,
training_event,training,e92e7c09-c1b8-4f72-a7a8-f75077608d1b,c2dbf948-cff3-4f0f-93b4-ded7907214cb,2026-08-12T10:52:54.742000+00:00,mouse_move,,,,,1251.0416268063896,465.15089957926295,,,,,,paragraph_typing,3,2,,,,3961.282861553726,,,,,training/paragraph_typing,seed_device_e92e7c09,,,,,,,,,,,,,,,,,,,,,,,,,,,,,,,,,,,,,,,,,,,,,,,,,,,,,,,,,,,,,,,,,,
training_event,training,e92e7c09-c1b8-4f72-a7a8-f75077608d1b,c2dbf948-cff3-4f0f-93b4-ded7907214cb,2026-08-13T00:52:54.742000+00:00,mouse_scroll,,,,,1327.3285136201275,665.6532668477407,,-45.23632110138721,,,,paragraph_typing,1,3,,,,11920.392587305072,,,,,training/paragraph_typing,seed_device_e92e7c09,,,,,,,,,,,,,,,,,,,,,,,,,,,,,,,,,,,,,,,,,,,,,,,,,,,,,,,,,,,,,,,,,,
training_event,training,e92e7c09-c1b8-4f72-a7a8-f75077608d1b,c2dbf948-cff3-4f0f-93b4-ded7907214cb,2026-08-12T05:52:54.742000+00:00,keydown,86,B,198.0074213818972,71.38876928984695,,,,,,,,paragraph_typing,2,3,68,3,0,23890.951610097378,724.0508830074472,,,,training/paragraph_typing,seed_device_e92e7c09,,,,,,,,,,,,,,,,,,,,,,,,,,,,,,,,,,,,,,,,,,,,,,,,,,,,,,,,,,,,,,,,,,
training_event,training,e92e7c09-c1b8-4f72-a7a8-f75077608d1b,c2dbf948-cff3-4f0f-93b4-ded7907214cb,2026-08-16T00:52:54.742000+00:00,mouse_scroll,,,,,1308.5366021755783,673.857670585,,-1.801096921387959,,,,paragraph_typing,0,5,,,,16130.023934870711,,,,,training/paragraph_typing,seed_device_e92e7c09,,,,,,,,,,,,,,,,,,,,,,,,,,,,,,,,,,,,,,,,,,,,,,,,,,,,,,,,,,,,,,,,,,
training_event,training,e92e7c09-c1b8-4f72-a7a8-f75077608d1b,0a10b611-3f51-4dde-83b3-a0587ff85e3b,2026-08-11T11:52:54.742000+00:00,mouse_click,,,,,404.89836588569216,897.1013681231725,,,,,,controlled_typing,0,4,,,,12914.106536394103,,target_9,medium,77.68053535350774,training/controlled_typing,seed_device_e92e7c09,,,,,,,,,,,,,,,,,,,,,,,,,,,,,,,,,,,,,,,,,,,,,,,,,,,,,,,,,,,,,,,,,,
training_event,training,e92e7c09-c1b8-4f72-a7a8-f75077608d1b,0a10b611-3f51-4dde-83b3-a0587ff85e3b,2026-08-12T01:52:54.742000+00:00,keyup,75,N,75.16408268573848,123.42656202216122,,,,,,,,controlled_typing,2,1,60,3,2,27714.577876556108,354.2683818997172,,,,training/controlled_typing,seed_device_e92e7c09,,,,,,,,,,,,,,,,,,,,,,,,,,,,,,,,,,,,,,,,,,,,,,,,,,,,,,,,,,,,,,,,,,
training_event,training,e92e7c09-c1b8-4f72-a7a8-f75077608d1b,0a10b611-3f51-4dde-83b3-a0587ff85e3b,2026-08-14T23:52:54.742000+00:00,mouse_move,,,,,1679.0686566654783,638.1548351304557,,,,,,controlled_typing,2,0,,,,6995.614952651264,,,,,training/controlled_typing,seed_device_e92e7c09,,,,,,,,,,,,,,,,,,,,,,,,,,,,,,,,,,,,,,,,,,,,,,,,,,,,,,,,,,,,,,,,,,
training_event,training,e92e7c09-c1b8-4f72-a7a8-f75077608d1b,0a10b611-3f51-4dde-83b3-a0587ff85e3b,2026-08-16T18:52:54.742000+00:00,keydown,86,R,68.01940861635616,119.3030183019279,,,,,,,,controlled_typing,2,0,70,1,0,18742.81850002284,506.22232635780364,,,,training/controlled_typing,seed_device_e92e7c09,,,,,,,,,,,,,,,,,,,,,,,,,,,,,,,,,,,,,,,,,,,,,,,,,,,,,,,,,,,,,,,,,,
training_event,training,e92e7c09-c1b8-4f72-a7a8-f75077608d1b,0a10b611-3f51-4dde-83b3-a0587ff85e3b,2026-08-15T18:52:54.742000+00:00,keyup,69,H,171.7061485132612,66.82072108286499,,,,,,,,controlled_typing,2,0,75,1,2,7928.870013322965,1365.486823205127,,,,training/controlled_typing,seed_device_e92e7c09,,,,,,,,,,,,,,,,,,,,,,,,,,,,,,,,,,,,,,,,,,,,,,,,,,,,,,,,,,,,,,,,,,
training_event,training,e92e7c09-c1b8-4f72-a7a8-f75077608d1b,b56841c5-70b4-49a9-a42e-246f1be22903,2026-08-11T10:52:54.742000+00:00,mouse_move,,,,,854.8541751316986,319.7517287501245,,,,,,repeated_typing,0,1,,,,11832.133232105381,,,,,training/repeated_typing,seed_device_e92e7c09,,,,,,,,,,,,,,,,,,,,,,,,,,,,,,,,,,,,,,,,,,,,,,,,,,,,,,,,,,,,,,,,,,
training_event,training,e92e7c09-c1b8-4f72-a7a8-f75077608d1b,b56841c5-70b4-49a9-a42e-246f1be22903,2026-08-12T17:52:54.742000+00:00,keydown,72,O,78.1690708924601,79.9068336545404,,,,,,,,repeated_typing,0,8,76,1,0,13606.81188187968,1883.2704029620907,,,,training/repeated_typing,seed_device_e92e7c09,,,,,,,,,,,,,,,,,,,,,,,,,,,,,,,,,,,,,,,,,,,,,,,,,,,,,,,,,,,,,,,,,,
training_event,training,e92e7c09-c1b8-4f72-a7a8-f75077608d1b,0a10b611-3f51-4dde-83b3-a0587ff85e3b,2026-08-13T07:52:54.742000+00:00,keydown,74,J,184.86633594200538,79.97596463871713,,,,,,,,controlled_typing,0,3,47,1,1,26175.560457421834,1001.9844302954123,,,,training/controlled_typing,seed_device_e92e7c09,,,,,,,,,,,,,,,,,,,,,,,,,,,,,,,,,,,,,,,,,,,,,,,,,,,,,,,,,,,,,,,,,,
training_event,training,e92e7c09-c1b8-4f72-a7a8-f75077608d1b,0a10b611-3f51-4dde-83b3-a0587ff85e3b,2026-08-14T03:52:54.742000+00:00,mouse_move,,,,,703.0916759782504,457.99134230302707,,,,,,controlled_typing,3,9,,,,2420.1516854922666,,,,,training/controlled_typing,seed_device_e92e7c09,,,,,,,,,,,,,,,,,,,,,,,,,,,,,,,,,,,,,,,,,,,,,,,,,,,,,,,,,,,,,,,,,,
training_event,training,e92e7c09-c1b8-4f72-a7a8-f75077608d1b,0a10b611-3f51-4dde-83b3-a0587ff85e3b,2026-08-12T07:52:54.742000+00:00,mouse_click,,,,,1219.8022539418391,339.4814345806976,,,,,,controlled_typing,4,3,,,,16281.899235821353,,target_9,small,250.80717350403472,training/controlled_typing,seed_device_e92e7c09,,,,,,,,,,,,,,,,,,,,,,,,,,,,,,,,,,,,,,,,,,,,,,,,,,,,,,,,,,,,,,,,,,
training_event,training,e92e7c09-c1b8-4f72-a7a8-f75077608d1b,0a10b611-3f51-4dde-83b3-a0587ff85e3b,2026-08-12T16:52:54.742000+00:00,mouse_scroll,,,,,1759.7045960732257,683.1616014663465,,11.111733741674335,,,,controlled_typing,1,0,,,,7618.854035962712,,,,,training/controlled_typing,seed_device_e92e7c09,,,,,,,,,,,,,,,,,,,,,,,,,,,,,,,,,,,,,,,,,,,,,,,,,,,,,,,,,,,,,,,,,,
training_event,training,e92e7c09-c1b8-4f72-a7a8-f75077608d1b,0a10b611-3f51-4dde-83b3-a0587ff85e3b,2026-08-15T01:52:54.742000+00:00,mouse_move,,,,,523.6342341685194,371.35198996564765,,,,,,controlled_typing,3,4,,,,1691.6056994282058,,,,,training/controlled_typing,seed_device_e92e7c09,,,,,,,,,,,,,,,,,,,,,,,,,,,,,,,,,,,,,,,,,,,,,,,,,,,,,,,,,,,,,,,,,,
training_event,training,e92e7c09-c1b8-4f72-a7a8-f75077608d1b,0a10b611-3f51-4dde-83b3-a0587ff85e3b,2026-08-12T16:52:54.742000+00:00,keydown,85,B,136.72479751094613,149.9527940797478,,,,,,,,controlled_typing,1,7,93,3,2,26751.757323738366,1980.232259201849,,,,training/controlled_typing,seed_device_e92e7c09,,,,,,,,,,,,,,,,,,,,,,,,,,,,,,,,,,,,,,,,,,,,,,,,,,,,,,,,,,,,,,,,,,
training_event,training,e92e7c09-c1b8-4f72-a7a8-f75077608d1b,0a10b611-3f51-4dde-83b3-a0587ff85e3b,2026-08-14T21:52:54.742000+00:00,mouse_move,,,,,193.23613177124668,379.6966538898424,,,,,,controlled_typing,2,9,,,,17021.743074696635,,,,,training/controlled_typing,seed_device_e92e7c09,,,,,,,,,,,,,,,,,,,,,,,,,,,,,,,,,,,,,,,,,,,,,,,,,,,,,,,,,,,,,,,,,,
training_event,training,e92e7c09-c1b8-4f72-a7a8-f75077608d1b,b56841c5-70b4-49a9-a42e-246f1be22903,2026-08-14T17:52:54.742000+00:00,keyup,76,A,59.65559107742352,82.71418203387466,,,,,,,,repeated_typing,2,0,81,0,2,13316.88471202581,4815.053923416614,,,,training/repeated_typing,seed_device_e92e7c09,,,,,,,,,,,,,,,,,,,,,,,,,,,,,,,,,,,,,,,,,,,,,,,,,,,,,,,,,,,,,,,,,,
training_event,training,e92e7c09-c1b8-4f72-a7a8-f75077608d1b,c2dbf948-cff3-4f0f-93b4-ded7907214cb,2026-08-12T21:52:54.742000+00:00,mouse_click,,,,,302.6075090690582,601.932431985354,,,,,,paragraph_typing,4,0,,,,21826.506723306735,,target_16,small,165.8740053462375,training/paragraph_typing,seed_device_e92e7c09,,,,,,,,,,,,,,,,,,,,,,,,,,,,,,,,,,,,,,,,,,,,,,,,,,,,,,,,,,,,,,,,,,
training_event,training,e92e7c09-c1b8-4f72-a7a8-f75077608d1b,0a10b611-3f51-4dde-83b3-a0587ff85e3b,2026-08-17T00:52:54.742000+00:00,keydown,67,G,60.80204095062273,117.77638784679024,,,,,,,,controlled_typing,1,1,83,3,1,12198.579799890658,4639.281494029118,,,,training/controlled_typing,seed_device_e92e7c09,,,,,,,,,,,,,,,,,,,,,,,,,,,,,,,,,,,,,,,,,,,,,,,,,,,,,,,,,,,,,,,,,,
training_event,training,e92e7c09-c1b8-4f72-a7a8-f75077608d1b,0a10b611-3f51-4dde-83b3-a0587ff85e3b,2026-08-12T18:52:54.742000+00:00,mouse_click,,,,,1489.2272714587803,285.2727961105376,,,,,,controlled_typing,1,9,,,,11675.902095951738,,target_8,medium,290.599131579313,training/controlled_typing,seed_device_e92e7c09,,,,,,,,,,,,,,,,,,,,,,,,,,,,,,,,,,,,,,,,,,,,,,,,,,,,,,,,,,,,,,,,,,
training_event,training,e92e7c09-c1b8-4f72-a7a8-f75077608d1b,b56841c5-70b4-49a9-a42e-246f1be22903,2026-08-14T10:52:54.742000+00:00,mouse_move,,,,,981.1486693249806,460.11109778809987,,,,,,repeated_typing,4,2,,,,20572.490662921264,,,,,training/repeated_typing,seed_device_e92e7c09,,,,,,,,,,,,,,,,,,,,,,,,,,,,,,,,,,,,,,,,,,,,,,,,,,,,,,,,,,,,,,,,,,
training_event,training,e92e7c09-c1b8-4f72-a7a8-f75077608d1b,b56841c5-70b4-49a9-a42e-246f1be22903,2026-08-15T12:52:54.742000+00:00,keydown,85,R,94.74360395796042,48.043002382562875,,,,,,,,repeated_typing,4,2,40,2,1,5929.633575695665,37.15757199214798,,,,training/repeated_typing,seed_device_e92e7c09,,,,,,,,,,,,,,,,,,,,,,,,,,,,,,,,,,,,,,,,,,,,,,,,,,,,,,,,,,,,,,,,,,
training_event,training,e92e7c09-c1b8-4f72-a7a8-f75077608d1b,c2dbf948-cff3-4f0f-93b4-ded7907214cb,2026-08-13T06:52:54.742000+00:00,keydown,69,M,105.98576705580147,44.37280673398259,,,,,,,,paragraph_typing,0,5,66,1,0,13602.380135759126,3459.382627138199,,,,training/paragraph_typing,seed_device_e92e7c09,,,,,,,,,,,,,,,,,,,,,,,,,,,,,,,,,,,,,,,,,,,,,,,,,,,,,,,,,,,,,,,,,,
training_event,training,e92e7c09-c1b8-4f72-a7a8-f75077608d1b,c2dbf948-cff3-4f0f-93b4-ded7907214cb,2026-08-15T20:52:54.742000+00:00,mouse_click,,,,,156.01768686773914,765.3644366932866,,,,,,paragraph_typing,2,5,,,,16245.934747096084,,target_9,small,125.50435966756817,training/paragraph_typing,seed_device_e92e7c09,,,,,,,,,,,,,,,,,,,,,,,,,,,,,,,,,,,,,,,,,,,,,,,,,,,,,,,,,,,,,,,,,,
training_event,training,e92e7c09-c1b8-4f72-a7a8-f75077608d1b,0a10b611-3f51-4dde-83b3-a0587ff85e3b,2026-08-13T22:52:54.742000+00:00,keydown,79,K,81.80477970298921,83.3914339325284,,,,,,,,controlled_typing,1,5,92,3,1,9283.443261566747,1208.029261533346,,,,training/controlled_typing,seed_device_e92e7c09,,,,,,,,,,,,,,,,,,,,,,,,,,,,,,,,,,,,,,,,,,,,,,,,,,,,,,,,,,,,,,,,,,
training_event,training,e92e7c09-c1b8-4f72-a7a8-f75077608d1b,0a10b611-3f51-4dde-83b3-a0587ff85e3b,2026-08-15T06:52:54.742000+00:00,mouse_scroll,,,,,715.423193997719,259.61215133407796,,6.396804489462568,,,,controlled_typing,3,7,,,,18007.498598824553,,,,,training/controlled_typing,seed_device_e92e7c09,,,,,,,,,,,,,,,,,,,,,,,,,,,,,,,,,,,,,,,,,,,,,,,,,,,,,,,,,,,,,,,,,,
training_event,training,e92e7c09-c1b8-4f72-a7a8-f75077608d1b,0a10b611-3f51-4dde-83b3-a0587ff85e3b,2026-08-13T16:52:54.742000+00:00,keyup,77,M,186.60754626204346,44.094332623076326,,,,,,,,controlled_typing,3,1,45,0,2,22328.34948236651,908.3341339803819,,,,training/controlled_typing,seed_device_e92e7c09,,,,,,,,,,,,,,,,,,,,,,,,,,,,,,,,,,,,,,,,,,,,,,,,,,,,,,,,,,,,,,,,,,
training_event,training,e92e7c09-c1b8-4f72-a7a8-f75077608d1b,0a10b611-3f51-4dde-83b3-a0587ff85e3b,2026-08-11T21:52:54.742000+00:00,keyup,89,O,123.97306270604582,125.27952870765726,,,,,,,,controlled_typing,4,5,82,3,0,6420.47834319463,2541.1922462373673,,,,training/controlled_typing,seed_device_e92e7c09,,,,,,,,,,,,,,,,,,,,,,,,,,,,,,,,,,,,,,,,,,,,,,,,,,,,,,,,,,,,,,,,,,
training_event,training,e92e7c09-c1b8-4f72-a7a8-f75077608d1b,b56841c5-70b4-49a9-a42e-246f1be22903,2026-08-11T19:52:54.742000+00:00,mouse_move,,,,,838.3428804618993,730.9436374210328,,,,,,repeated_typing,1,0,,,,7226.165391031652,,,,,training/repeated_typing,seed_device_e92e7c09,,,,,,,,,,,,,,,,,,,,,,,,,,,,,,,,,,,,,,,,,,,,,,,,,,,,,,,,,,,,,,,,,,
training_event,training,e92e7c09-c1b8-4f72-a7a8-f75077608d1b,b56841c5-70b4-49a9-a42e-246f1be22903,2026-08-14T09:52:54.742000+00:00,mouse_move,,,,,182.6738209753707,322.67894643819807,,,,,,repeated_typing,0,5,,,,20944.712274739766,,,,,training/repeated_typing,seed_device_e92e7c09,,,,,,,,,,,,,,,,,,,,,,,,,,,,,,,,,,,,,,,,,,,,,,,,,,,,,,,,,,,,,,,,,,
training_event,training,e92e7c09-c1b8-4f72-a7a8-f75077608d1b,c2dbf948-cff3-4f0f-93b4-ded7907214cb,2026-08-13T12:52:54.742000+00:00,mouse_click,,,,,1666.7419716632473,382.23165033243134,,,,,,paragraph_typing,3,4,,,,21317.755233281587,,target_7,large,113.13982605530524,training/paragraph_typing,seed_device_e92e7c09,,,,,,,,,,,,,,,,,,,,,,,,,,,,,,,,,,,,,,,,,,,,,,,,,,,,,,,,,,,,,,,,,,
training_event,training,e92e7c09-c1b8-4f72-a7a8-f75077608d1b,c2dbf948-cff3-4f0f-93b4-ded7907214cb,2026-08-16T01:52:54.742000+00:00,keydown,73,X,109.14455997168609,46.80740334196462,,,,,,,,paragraph_typing,2,3,44,1,2,17191.875997362367,3647.7261245002983,,,,training/paragraph_typing,seed_device_e92e7c09,,,,,,,,,,,,,,,,,,,,,,,,,,,,,,,,,,,,,,,,,,,,,,,,,,,,,,,,,,,,,,,,,,
training_event,training,e92e7c09-c1b8-4f72-a7a8-f75077608d1b,c2dbf948-cff3-4f0f-93b4-ded7907214cb,2026-08-15T21:52:54.742000+00:00,mouse_move,,,,,1220.7342668031379,825.517674044101,,,,,,paragraph_typing,3,5,,,,3197.4685372483405,,,,,training/paragraph_typing,seed_device_e92e7c09,,,,,,,,,,,,,,,,,,,,,,,,,,,,,,,,,,,,,,,,,,,,,,,,,,,,,,,,,,,,,,,,,,
training_event,training,e92e7c09-c1b8-4f72-a7a8-f75077608d1b,c2dbf948-cff3-4f0f-93b4-ded7907214cb,2026-08-16T14:52:54.742000+00:00,mouse_click,,,,,739.6542011932581,822.602408200793,,,,,,paragraph_typing,0,5,,,,1024.6811937933496,,target_16,large,255.52728364024517,training/paragraph_typing,seed_device_e92e7c09,,,,,,,,,,,,,,,,,,,,,,,,,,,,,,,,,,,,,,,,,,,,,,,,,,,,,,,,,,,,,,,,,,
training_event,training,e92e7c09-c1b8-4f72-a7a8-f75077608d1b,c2dbf948-cff3-4f0f-93b4-ded7907214cb,2026-08-16T21:52:54.742000+00:00,mouse_click,,,,,942.214945771693,515.1564066217855,,,,,,paragraph_typing,1,8,,,,7734.260220290791,,target_12,small,65.63045646303307,training/paragraph_typing,seed_device_e92e7c09,,,,,,,,,,,,,,,,,,,,,,,,,,,,,,,,,,,,,,,,,,,,,,,,,,,,,,,,,,,,,,,,,,
training_event,training,e92e7c09-c1b8-4f72-a7a8-f75077608d1b,c2dbf948-cff3-4f0f-93b4-ded7907214cb,2026-08-16T22:52:54.742000+00:00,mouse_click,,,,,850.3349271260604,850.8294367621133,,,,,,paragraph_typing,2,0,,,,22382.00197417497,,target_9,medium,238.40902651170697,training/paragraph_typing,seed_device_e92e7c09,,,,,,,,,,,,,,,,,,,,,,,,,,,,,,,,,,,,,,,,,,,,,,,,,,,,,,,,,,,,,,,,,,
training_event,training,e92e7c09-c1b8-4f72-a7a8-f75077608d1b,0a10b611-3f51-4dde-83b3-a0587ff85e3b,2026-08-15T02:52:54.742000+00:00,keydown,68,V,121.4598951661814,71.07060397214438,,,,,,,,controlled_typing,3,1,34,3,0,14933.104279456518,4968.262789949022,,,,training/controlled_typing,seed_device_e92e7c09,,,,,,,,,,,,,,,,,,,,,,,,,,,,,,,,,,,,,,,,,,,,,,,,,,,,,,,,,,,,,,,,,,
training_event,training,e92e7c09-c1b8-4f72-a7a8-f75077608d1b,0a10b611-3f51-4dde-83b3-a0587ff85e3b,2026-08-12T14:52:54.742000+00:00,mouse_click,,,,,925.0194727071246,750.0407923232303,,,,,,controlled_typing,3,5,,,,23277.182494064346,,target_9,medium,53.83959612580434,training/controlled_typing,seed_device_e92e7c09,,,,,,,,,,,,,,,,,,,,,,,,,,,,,,,,,,,,,,,,,,,,,,,,,,,,,,,,,,,,,,,,,,
training_event,training,e92e7c09-c1b8-4f72-a7a8-f75077608d1b,0a10b611-3f51-4dde-83b3-a0587ff85e3b,2026-08-13T17:52:54.742000+00:00,keyup,68,Y,91.9759022363252,100.87425553690184,,,,,,,,controlled_typing,2,9,24,2,0,12275.862954227377,3209.021305194778,,,,training/controlled_typing,seed_device_e92e7c09,,,,,,,,,,,,,,,,,,,,,,,,,,,,,,,,,,,,,,,,,,,,,,,,,,,,,,,,,,,,,,,,,,
training_event,training,e92e7c09-c1b8-4f72-a7a8-f75077608d1b,0a10b611-3f51-4dde-83b3-a0587ff85e3b,2026-08-16T13:52:54.742000+00:00,mouse_click,,,,,1195.7369617268405,787.0558866361025,,,,,,controlled_typing,0,7,,,,13054.375791050676,,target_18,medium,104.44850490552707,training/controlled_typing,seed_device_e92e7c09,,,,,,,,,,,,,,,,,,,,,,,,,,,,,,,,,,,,,,,,,,,,,,,,,,,,,,,,,,,,,,,,,,
training_event,training,e92e7c09-c1b8-4f72-a7a8-f75077608d1b,0a10b611-3f51-4dde-83b3-a0587ff85e3b,2026-08-13T10:52:54.742000+00:00,keyup,72,F,76.06754226825201,35.649159381645575,,,,,,,,controlled_typing,0,5,19,0,0,10067.799374988468,4081.3050578588795,,,,training/controlled_typing,seed_device_e92e7c09,,,,,,,,,,,,,,,,,,,,,,,,,,,,,,,,,,,,,,,,,,,,,,,,,,,,,,,,,,,,,,,,,,
training_event,training,e92e7c09-c1b8-4f72-a7a8-f75077608d1b,b56841c5-70b4-49a9-a42e-246f1be22903,2026-08-17T01:52:54.742000+00:00,mouse_move,,,,,447.13748691850503,322.96026040171046,,,,,,repeated_typing,3,3,,,,26557.770303154673,,,,,training/repeated_typing,seed_device_e92e7c09,,,,,,,,,,,,,,,,,,,,,,,,,,,,,,,,,,,,,,,,,,,,,,,,,,,,,,,,,,,,,,,,,,
training_event,training,e92e7c09-c1b8-4f72-a7a8-f75077608d1b,b56841c5-70b4-49a9-a42e-246f1be22903,2026-08-17T01:52:54.742000+00:00,mouse_move,,,,,1767.3851669634519,267.3367570553246,,,,,,repeated_typing,0,2,,,,29362.391476277444,,,,,training/repeated_typing,seed_device_e92e7c09,,,,,,,,,,,,,,,,,,,,,,,,,,,,,,,,,,,,,,,,,,,,,,,,,,,,,,,,,,,,,,,,,,
training_event,training,e92e7c09-c1b8-4f72-a7a8-f75077608d1b,c2dbf948-cff3-4f0f-93b4-ded7907214cb,2026-08-15T01:52:54.742000+00:00,mouse_click,,,,,167.8495085321677,641.967784212024,,,,,,paragraph_typing,2,3,,,,10171.90365329966,,target_1,small,121.5754057571702,training/paragraph_typing,seed_device_e92e7c09,,,,,,,,,,,,,,,,,,,,,,,,,,,,,,,,,,,,,,,,,,,,,,,,,,,,,,,,,,,,,,,,,,
training_event,training,e92e7c09-c1b8-4f72-a7a8-f75077608d1b,c2dbf948-cff3-4f0f-93b4-ded7907214cb,2026-08-16T16:52:54.742000+00:00,mouse_click,,,,,1600.967303281082,115.08286815079245,,,,,,paragraph_typing,2,7,,,,14374.61072638151,,target_19,medium,178.0600801444477,training/paragraph_typing,seed_device_e92e7c09,,,,,,,,,,,,,,,,,,,,,,,,,,,,,,,,,,,,,,,,,,,,,,,,,,,,,,,,,,,,,,,,,,
training_event,training,e92e7c09-c1b8-4f72-a7a8-f75077608d1b,c2dbf948-cff3-4f0f-93b4-ded7907214cb,2026-08-15T11:52:54.742000+00:00,mouse_scroll,,,,,1188.8745785334795,701.5770737672599,,32.649807382929836,,,,paragraph_typing,1,9,,,,4209.85859173423,,,,,training/paragraph_typing,seed_device_e92e7c09,,,,,,,,,,,,,,,,,,,,,,,,,,,,,,,,,,,,,,,,,,,,,,,,,,,,,,,,,,,,,,,,,,
training_event,training,e92e7c09-c1b8-4f72-a7a8-f75077608d1b,c2dbf948-cff3-4f0f-93b4-ded7907214cb,2026-08-17T04:52:54.742000+00:00,keyup,71,G,183.63606998330152,46.88942626909321,,,,,,,,paragraph_typing,4,0,20,1,1,4267.438958683463,955.7145153962737,,,,training/paragraph_typing,seed_device_e92e7c09,,,,,,,,,,,,,,,,,,,,,,,,,,,,,,,,,,,,,,,,,,,,,,,,,,,,,,,,,,,,,,,,,,
training_event,training,e92e7c09-c1b8-4f72-a7a8-f75077608d1b,c2dbf948-cff3-4f0f-93b4-ded7907214cb,2026-08-17T09:52:54.742000+00:00,mouse_click,,,,,287.0058421799674,657.0131534274889,,,,,,paragraph_typing,0,6,,,,5286.180131031582,,target_13,large,295.65079200644215,training/paragraph_typing,seed_device_e92e7c09,,,,,,,,,,,,,,,,,,,,,,,,,,,,,,,,,,,,,,,,,,,,,,,,,,,,,,,,,,,,,,,,,,
training_event,training,e92e7c09-c1b8-4f72-a7a8-f75077608d1b,ae783848-2824-4641-ad06-bdbe4a7d7baf,2026-09-06T15:50:53.517000+00:00,keydown,84,t,,,,,,,,,,controlled_typing,0,,,,,,,,,,/app/training,dev_756613b6-f97b-4b3b-90c2-dc790e7989db,,,,,,,,,,,,,,,,,,,,,,,,,,,,,,,,,,,,,,,,,,,,,,,,,,,,,,,,,,,,,,,,,,
training_event,training,e92e7c09-c1b8-4f72-a7a8-f75077608d1b,ae783848-2824-4641-ad06-bdbe4a7d7baf,2026-09-06T15:50:53.598000+00:00,keyup,84,,81.7,,,,,,,,,controlled_typing,0,,,,,,,,,,/app/training,dev_756613b6-f97b-4b3b-90c2-dc790e7989db,,,,,,,,,,,,,,,,,,,,,,,,,,,,,,,,,,,,,,,,,,,,,,,,,,,,,,,,,,,,,,,,,,
training_event,training,e92e7c09-c1b8-4f72-a7a8-f75077608d1b,ae783848-2824-4641-ad06-bdbe4a7d7baf,2026-09-06T15:50:53.604000+00:00,keydown,72,h,,87.0,,,,,,,,controlled_typing,0,,,,,,,,,,/app/training,dev_756613b6-f97b-4b3b-90c2-dc790e7989db,,,,,,,,,,,,,,,,,,,,,,,,,,,,,,,,,,,,,,,,,,,,,,,,,,,,,,,,,,,,,,,,,,
training_event,training,e92e7c09-c1b8-4f72-a7a8-f75077608d1b,ae783848-2824-4641-ad06-bdbe4a7d7baf,2026-09-06T15:50:53.672000+00:00,keyup,72,,68.4,,,,,,,,,controlled_typing,0,,,,,,,,,,/app/training,dev_756613b6-f97b-4b3b-90c2-dc790e7989db,,,,,,,,,,,,,,,,,,,,,,,,,,,,,,,,,,,,,,,,,,,,,,,,,,,,,,,,,,,,,,,,,,
training_event,training,e92e7c09-c1b8-4f72-a7a8-f75077608d1b,ae783848-2824-4641-ad06-bdbe4a7d7baf,2026-09-06T15:50:53.733000+00:00,keydown,65,a,,129.5,,,,,,,,controlled_typing,0,,,,,,,,,,/app/training,dev_756613b6-f97b-4b3b-90c2-dc790e7989db,,,,,,,,,,,,,,,,,,,,,,,,,,,,,,,,,,,,,,,,,,,,,,,,,,,,,,,,,,,,,,,,,,
training_event,training,e92e7c09-c1b8-4f72-a7a8-f75077608d1b,ae783848-2824-4641-ad06-bdbe4a7d7baf,2026-09-06T15:50:53.818000+00:00,keydown,75,k,,84.6,,,,,,,,controlled_typing,0,,,,,,,,,,/app/training,dev_756613b6-f97b-4b3b-90c2-dc790e7989db,,,,,,,,,,,,,,,,,,,,,,,,,,,,,,,,,,,,,,,,,,,,,,,,,,,,,,,,,,,,,,,,,,
training_event,training,e92e7c09-c1b8-4f72-a7a8-f75077608d1b,ae783848-2824-4641-ad06-bdbe4a7d7baf,2026-09-06T15:50:53.867000+00:00,keyup,65,,134.1,,,,,,,,,controlled_typing,0,,,,,,,,,,/app/training,dev_756613b6-f97b-4b3b-90c2-dc790e7989db,,,,,,,,,,,,,,,,,,,,,,,,,,,,,,,,,,,,,,,,,,,,,,,,,,,,,,,,,,,,,,,,,,
training_event,training,e92e7c09-c1b8-4f72-a7a8-f75077608d1b,ae783848-2824-4641-ad06-bdbe4a7d7baf,2026-09-06T15:50:53.899000+00:00,keyup,75,,81.3,,,,,,,,,controlled_typing,0,,,,,,,,,,/app/training,dev_756613b6-f97b-4b3b-90c2-dc790e7989db,,,,,,,,,,,,,,,,,,,,,,,,,,,,,,,,,,,,,,,,,,,,,,,,,,,,,,,,,,,,,,,,,,
training_event,training,e92e7c09-c1b8-4f72-a7a8-f75077608d1b,ae783848-2824-4641-ad06-bdbe4a7d7baf,2026-09-06T15:50:53.901000+00:00,keydown,83,s,,83.0,,,,,,,,controlled_typing,0,,,,,,,,,,/app/training,dev_756613b6-f97b-4b3b-90c2-dc790e7989db,,,,,,,,,,,,,,,,,,,,,,,,,,,,,,,,,,,,,,,,,,,,,,,,,,,,,,,,,,,,,,,,,,
training_event,training,e92e7c09-c1b8-4f72-a7a8-f75077608d1b,ae783848-2824-4641-ad06-bdbe4a7d7baf,2026-09-06T15:50:53.987000+00:00,keydown,72,h,,86.0,,,,,,,,controlled_typing,0,,,,,,,,,,/app/training,dev_756613b6-f97b-4b3b-90c2-dc790e7989db,,,,,,,,,,,,,,,,,,,,,,,,,,,,,,,,,,,,,,,,,,,,,,,,,,,,,,,,,,,,,,,,,,
training_event,training,e92e7c09-c1b8-4f72-a7a8-f75077608d1b,ae783848-2824-4641-ad06-bdbe4a7d7baf,2026-09-06T15:50:54.008000+00:00,keyup,83,,107.5,,,,,,,,,controlled_typing,0,,,,,,,,,,/app/training,dev_756613b6-f97b-4b3b-90c2-dc790e7989db,,,,,,,,,,,,,,,,,,,,,,,,,,,,,,,,,,,,,,,,,,,,,,,,,,,,,,,,,,,,,,,,,,
training_event,training,e92e7c09-c1b8-4f72-a7a8-f75077608d1b,ae783848-2824-4641-ad06-bdbe4a7d7baf,2026-09-06T15:50:54.059000+00:00,keyup,72,,72.6,,,,,,,,,controlled_typing,0,,,,,,,,,,/app/training,dev_756613b6-f97b-4b3b-90c2-dc790e7989db,,,,,,,,,,,,,,,,,,,,,,,,,,,,,,,,,,,,,,,,,,,,,,,,,,,,,,,,,,,,,,,,,,
training_event,training,e92e7c09-c1b8-4f72-a7a8-f75077608d1b,ae783848-2824-4641-ad06-bdbe4a7d7baf,2026-09-06T15:50:54.078000+00:00,keydown,65,a,,91.1,,,,,,,,controlled_typing,0,,,,,,,,,,/app/training,dev_756613b6-f97b-4b3b-90c2-dc790e7989db,,,,,,,,,,,,,,,,,,,,,,,,,,,,,,,,,,,,,,,,,,,,,,,,,,,,,,,,,,,,,,,,,,
training_event,training,e92e7c09-c1b8-4f72-a7a8-f75077608d1b,ae783848-2824-4641-ad06-bdbe4a7d7baf,2026-09-06T15:50:54.145000+00:00,keydown,75,k,,67.0,,,,,,,,controlled_typing,0,,,,,,,,,,/app/training,dev_756613b6-f97b-4b3b-90c2-dc790e7989db,,,,,,,,,,,,,,,,,,,,,,,,,,,,,,,,,,,,,,,,,,,,,,,,,,,,,,,,,,,,,,,,,,
training_event,training,e92e7c09-c1b8-4f72-a7a8-f75077608d1b,ae783848-2824-4641-ad06-bdbe4a7d7baf,2026-09-06T15:50:54.212000+00:00,keyup,65,,134.2,,,,,,,,,controlled_typing,0,,,,,,,,,,/app/training,dev_756613b6-f97b-4b3b-90c2-dc790e7989db,,,,,,,,,,,,,,,,,,,,,,,,,,,,,,,,,,,,,,,,,,,,,,,,,,,,,,,,,,,,,,,,,,
training_event,training,e92e7c09-c1b8-4f72-a7a8-f75077608d1b,ae783848-2824-4641-ad06-bdbe4a7d7baf,2026-09-06T15:50:54.221000+00:00,keyup,75,,76.2,,,,,,,,,controlled_typing,0,,,,,,,,,,/app/training,dev_756613b6-f97b-4b3b-90c2-dc790e7989db,,,,,,,,,,,,,,,,,,,,,,,,,,,,,,,,,,,,,,,,,,,,,,,,,,,,,,,,,,,,,,,,,,
training_event,training,e92e7c09-c1b8-4f72-a7a8-f75077608d1b,ae783848-2824-4641-ad06-bdbe4a7d7baf,2026-09-06T15:50:54.298000+00:00,keydown,32, ,,152.9,,,,,,,,controlled_typing,0,,,,,,,,,,/app/training,dev_756613b6-f97b-4b3b-90c2-dc790e7989db,,,,,,,,,,,,,,,,,,,,,,,,,,,,,,,,,,,,,,,,,,,,,,,,,,,,,,,,,,,,,,,,,,
training_event,training,e92e7c09-c1b8-4f72-a7a8-f75077608d1b,ae783848-2824-4641-ad06-bdbe4a7d7baf,2026-09-06T15:50:54.384000+00:00,keyup,32,,86.5,,,,,,,,,controlled_typing,0,,,,,,,,,,/app/training,dev_756613b6-f97b-4b3b-90c2-dc790e7989db,,,,,,,,,,,,,,,,,,,,,,,,,,,,,,,,,,,,,,,,,,,,,,,,,,,,,,,,,,,,,,,,,,
training_event,training,e92e7c09-c1b8-4f72-a7a8-f75077608d1b,ae783848-2824-4641-ad06-bdbe4a7d7baf,2026-09-06T15:50:54.492000+00:00,keydown,83,s,,194.1,,,,,,,,controlled_typing,0,,,,,,,,,,/app/training,dev_756613b6-f97b-4b3b-90c2-dc790e7989db,,,,,,,,,,,,,,,,,,,,,,,,,,,,,,,,,,,,,,,,,,,,,,,,,,,,,,,,,,,,,,,,,,
training_event,training,e92e7c09-c1b8-4f72-a7a8-f75077608d1b,ae783848-2824-4641-ad06-bdbe4a7d7baf,2026-09-06T15:50:54.606000+00:00,keyup,83,,114.3,,,,,,,,,controlled_typing,0,,,,,,,,,,/app/training,dev_756613b6-f97b-4b3b-90c2-dc790e7989db,,,,,,,,,,,,,,,,,,,,,,,,,,,,,,,,,,,,,,,,,,,,,,,,,,,,,,,,,,,,,,,,,,
training_event,training,e92e7c09-c1b8-4f72-a7a8-f75077608d1b,ae783848-2824-4641-ad06-bdbe4a7d7baf,2026-09-06T15:50:54.738000+00:00,keydown,86,v,,246.0,,,,,,,,controlled_typing,0,,,,,,,,,,/app/training,dev_756613b6-f97b-4b3b-90c2-dc790e7989db,,,,,,,,,,,,,,,,,,,,,,,,,,,,,,,,,,,,,,,,,,,,,,,,,,,,,,,,,,,,,,,,,,
training_event,training,e92e7c09-c1b8-4f72-a7a8-f75077608d1b,ae783848-2824-4641-ad06-bdbe4a7d7baf,2026-09-06T15:50:54.819000+00:00,keyup,86,,81.1,,,,,,,,,controlled_typing,0,,,,,,,,,,/app/training,dev_756613b6-f97b-4b3b-90c2-dc790e7989db,,,,,,,,,,,,,,,,,,,,,,,,,,,,,,,,,,,,,,,,,,,,,,,,,,,,,,,,,,,,,,,,,,
training_event,training,e92e7c09-c1b8-4f72-a7a8-f75077608d1b,ae783848-2824-4641-ad06-bdbe4a7d7baf,2026-09-06T15:50:54.854000+00:00,keydown,65,a,,116.4,,,,,,,,controlled_typing,0,,,,,,,,,,/app/training,dev_756613b6-f97b-4b3b-90c2-dc790e7989db,,,,,,,,,,,,,,,,,,,,,,,,,,,,,,,,,,,,,,,,,,,,,,,,,,,,,,,,,,,,,,,,,,
training_event,training,e92e7c09-c1b8-4f72-a7a8-f75077608d1b,ae783848-2824-4641-ad06-bdbe4a7d7baf,2026-09-06T15:50:54.981000+00:00,keyup,65,,126.6,,,,,,,,,controlled_typing,0,,,,,,,,,,/app/training,dev_756613b6-f97b-4b3b-90c2-dc790e7989db,,,,,,,,,,,,,,,,,,,,,,,,,,,,,,,,,,,,,,,,,,,,,,,,,,,,,,,,,,,,,,,,,,
training_event,training,e92e7c09-c1b8-4f72-a7a8-f75077608d1b,ae783848-2824-4641-ad06-bdbe4a7d7baf,2026-09-06T15:50:55.071000+00:00,keydown,82,r,,216.6,,,,,,,,controlled_typing,0,,,,,,,,,,/app/training,dev_756613b6-f97b-4b3b-90c2-dc790e7989db,,,,,,,,,,,,,,,,,,,,,,,,,,,,,,,,,,,,,,,,,,,,,,,,,,,,,,,,,,,,,,,,,,
training_event,training,e92e7c09-c1b8-4f72-a7a8-f75077608d1b,ae783848-2824-4641-ad06-bdbe4a7d7baf,2026-09-06T15:50:55.152000+00:00,keydown,66,b,,81.4,,,,,,,,controlled_typing,0,,,,,,,,,,/app/training,dev_756613b6-f97b-4b3b-90c2-dc790e7989db,,,,,,,,,,,,,,,,,,,,,,,,,,,,,,,,,,,,,,,,,,,,,,,,,,,,,,,,,,,,,,,,,,
training_event,training,e92e7c09-c1b8-4f72-a7a8-f75077608d1b,ae783848-2824-4641-ad06-bdbe4a7d7baf,2026-09-06T15:50:55.188000+00:00,keyup,82,,117.7,,,,,,,,,controlled_typing,0,,,,,,,,,,/app/training,dev_756613b6-f97b-4b3b-90c2-dc790e7989db,,,,,,,,,,,,,,,,,,,,,,,,,,,,,,,,,,,,,,,,,,,,,,,,,,,,,,,,,,,,,,,,,,
training_event,training,e92e7c09-c1b8-4f72-a7a8-f75077608d1b,ae783848-2824-4641-ad06-bdbe4a7d7baf,2026-09-06T15:50:55.209000+00:00,keyup,66,,56.8,,,,,,,,,controlled_typing,0,,,,,,,,,,/app/training,dev_756613b6-f97b-4b3b-90c2-dc790e7989db,,,,,,,,,,,,,,,,,,,,,,,,,,,,,,,,,,,,,,,,,,,,,,,,,,,,,,,,,,,,,,,,,,
training_event,training,e92e7c09-c1b8-4f72-a7a8-f75077608d1b,ae783848-2824-4641-ad06-bdbe4a7d7baf,2026-09-06T15:50:55.339000+00:00,keydown,65,a,,187.0,,,,,,,,controlled_typing,0,,,,,,,,,,/app/training,dev_756613b6-f97b-4b3b-90c2-dc790e7989db,,,,,,,,,,,,,,,,,,,,,,,,,,,,,,,,,,,,,,,,,,,,,,,,,,,,,,,,,,,,,,,,,,
training_event,training,e92e7c09-c1b8-4f72-a7a8-f75077608d1b,ae783848-2824-4641-ad06-bdbe4a7d7baf,2026-09-06T15:50:55.516000+00:00,keyup,65,,177.0,,,,,,,,,controlled_typing,0,,,,,,,,,,/app/training,dev_756613b6-f97b-4b3b-90c2-dc790e7989db,,,,,,,,,,,,,,,,,,,,,,,,,,,,,,,,,,,,,,,,,,,,,,,,,,,,,,,,,,,,,,,,,,
training_event,training,e92e7c09-c1b8-4f72-a7a8-f75077608d1b,ae783848-2824-4641-ad06-bdbe4a7d7baf,2026-09-06T15:50:55.517000+00:00,keydown,68,d,,178.1,,,,,,,,controlled_typing,0,,,,,,,,,,/app/training,dev_756613b6-f97b-4b3b-90c2-dc790e7989db,,,,,,,,,,,,,,,,,,,,,,,,,,,,,,,,,,,,,,,,,,,,,,,,,,,,,,,,,,,,,,,,,,
training_event,training,e92e7c09-c1b8-4f72-a7a8-f75077608d1b,ae783848-2824-4641-ad06-bdbe4a7d7baf,2026-09-06T15:50:55.665000+00:00,keyup,68,,147.5,,,,,,,,,controlled_typing,0,,,,,,,,,,/app/training,dev_756613b6-f97b-4b3b-90c2-dc790e7989db,,,,,,,,,,,,,,,,,,,,,,,,,,,,,,,,,,,,,,,,,,,,,,,,,,,,,,,,,,,,,,,,,,
training_event,training,e92e7c09-c1b8-4f72-a7a8-f75077608d1b,ae783848-2824-4641-ad06-bdbe4a7d7baf,2026-09-06T15:50:55.930000+00:00,keydown,8,,,412.2,,,,,,,,controlled_typing,0,,,,,,,,,,/app/training,dev_756613b6-f97b-4b3b-90c2-dc790e7989db,,,,,,,,,,,,,,,,,,,,,,,,,,,,,,,,,,,,,,,,,,,,,,,,,,,,,,,,,,,,,,,,,,
training_event,training,e92e7c09-c1b8-4f72-a7a8-f75077608d1b,ae783848-2824-4641-ad06-bdbe4a7d7baf,2026-09-06T15:50:57.209000+00:00,keyup,8,,1279.6,,,,,,,,,controlled_typing,0,,,,,,,,,,/app/training,dev_756613b6-f97b-4b3b-90c2-dc790e7989db,,,,,,,,,,,,,,,,,,,,,,,,,,,,,,,,,,,,,,,,,,,,,,,,,,,,,,,,,,,,,,,,,,
training_event,training,e92e7c09-c1b8-4f72-a7a8-f75077608d1b,ae783848-2824-4641-ad06-bdbe4a7d7baf,2026-09-06T15:50:57.481000+00:00,keydown,84,t,,1551.4,,,,,,,,controlled_typing,0,,,,,,,,,,/app/training,dev_756613b6-f97b-4b3b-90c2-dc790e7989db,,,,,,,,,,,,,,,,,,,,,,,,,,,,,,,,,,,,,,,,,,,,,,,,,,,,,,,,,,,,,,,,,,
training_event,training,e92e7c09-c1b8-4f72-a7a8-f75077608d1b,ae783848-2824-4641-ad06-bdbe4a7d7baf,2026-09-06T15:50:57.542000+00:00,keydown,72,h,,61.1,,,,,,,,controlled_typing,0,,,,,,,,,,/app/training,dev_756613b6-f97b-4b3b-90c2-dc790e7989db,,,,,,,,,,,,,,,,,,,,,,,,,,,,,,,,,,,,,,,,,,,,,,,,,,,,,,,,,,,,,,,,,,
training_event,training,e92e7c09-c1b8-4f72-a7a8-f75077608d1b,ae783848-2824-4641-ad06-bdbe4a7d7baf,2026-09-06T15:50:57.559000+00:00,keyup,84,,78.0,,,,,,,,,controlled_typing,0,,,,,,,,,,/app/training,dev_756613b6-f97b-4b3b-90c2-dc790e7989db,,,,,,,,,,,,,,,,,,,,,,,,,,,,,,,,,,,,,,,,,,,,,,,,,,,,,,,,,,,,,,,,,,
training_event,training,e92e7c09-c1b8-4f72-a7a8-f75077608d1b,ae783848-2824-4641-ad06-bdbe4a7d7baf,2026-09-06T15:50:57.619000+00:00,keyup,72,,77.0,,,,,,,,,controlled_typing,0,,,,,,,,,,/app/training,dev_756613b6-f97b-4b3b-90c2-dc790e7989db,,,,,,,,,,,,,,,,,,,,,,,,,,,,,,,,,,,,,,,,,,,,,,,,,,,,,,,,,,,,,,,,,,
training_event,training,e92e7c09-c1b8-4f72-a7a8-f75077608d1b,ae783848-2824-4641-ad06-bdbe4a7d7baf,2026-09-06T15:50:57.686000+00:00,keydown,69,e,,144.5,,,,,,,,controlled_typing,0,,,,,,,,,,/app/training,dev_756613b6-f97b-4b3b-90c2-dc790e7989db,,,,,,,,,,,,,,,,,,,,,,,,,,,,,,,,,,,,,,,,,,,,,,,,,,,,,,,,,,,,,,,,,,
training_event,training,e92e7c09-c1b8-4f72-a7a8-f75077608d1b,ae783848-2824-4641-ad06-bdbe4a7d7baf,2026-09-06T15:50:57.777000+00:00,keydown,32, ,,90.4,,,,,,,,controlled_typing,0,,,,,,,,,,/app/training,dev_756613b6-f97b-4b3b-90c2-dc790e7989db,,,,,,,,,,,,,,,,,,,,,,,,,,,,,,,,,,,,,,,,,,,,,,,,,,,,,,,,,,,,,,,,,,
training_event,training,e92e7c09-c1b8-4f72-a7a8-f75077608d1b,ae783848-2824-4641-ad06-bdbe4a7d7baf,2026-09-06T15:50:57.801000+00:00,keyup,69,,114.6,,,,,,,,,controlled_typing,0,,,,,,,,,,/app/training,dev_756613b6-f97b-4b3b-90c2-dc790e7989db,,,,,,,,,,,,,,,,,,,,,,,,,,,,,,,,,,,,,,,,,,,,,,,,,,,,,,,,,,,,,,,,,,
training_event,training,e92e7c09-c1b8-4f72-a7a8-f75077608d1b,ae783848-2824-4641-ad06-bdbe4a7d7baf,2026-09-06T15:50:57.847000+00:00,keyup,32,,69.7,,,,,,,,,controlled_typing,0,,,,,,,,,,/app/training,dev_756613b6-f97b-4b3b-90c2-dc790e7989db,,,,,,,,,,,,,,,,,,,,,,,,,,,,,,,,,,,,,,,,,,,,,,,,,,,,,,,,,,,,,,,,,,
training_event,training,e92e7c09-c1b8-4f72-a7a8-f75077608d1b,ae783848-2824-4641-ad06-bdbe4a7d7baf,2026-09-06T15:50:58.114000+00:00,keydown,81,q,,337.1,,,,,,,,controlled_typing,0,,,,,,,,,,/app/training,dev_756613b6-f97b-4b3b-90c2-dc790e7989db,,,,,,,,,,,,,,,,,,,,,,,,,,,,,,,,,,,,,,,,,,,,,,,,,,,,,,,,,,,,,,,,,,
training_event,training,e92e7c09-c1b8-4f72-a7a8-f75077608d1b,ae783848-2824-4641-ad06-bdbe4a7d7baf,2026-09-06T15:50:58.187000+00:00,keydown,85,u,,73.3,,,,,,,,controlled_typing,0,,,,,,,,,,/app/training,dev_756613b6-f97b-4b3b-90c2-dc790e7989db,,,,,,,,,,,,,,,,,,,,,,,,,,,,,,,,,,,,,,,,,,,,,,,,,,,,,,,,,,,,,,,,,,
training_event,training,e92e7c09-c1b8-4f72-a7a8-f75077608d1b,ae783848-2824-4641-ad06-bdbe4a7d7baf,2026-09-06T15:50:58.209000+00:00,keyup,81,,95.4,,,,,,,,,controlled_typing,0,,,,,,,,,,/app/training,dev_756613b6-f97b-4b3b-90c2-dc790e7989db,,,,,,,,,,,,,,,,,,,,,,,,,,,,,,,,,,,,,,,,,,,,,,,,,,,,,,,,,,,,,,,,,,
training_event,training,e92e7c09-c1b8-4f72-a7a8-f75077608d1b,ae783848-2824-4641-ad06-bdbe4a7d7baf,2026-09-06T15:50:58.272000+00:00,keyup,85,,84.8,,,,,,,,,controlled_typing,0,,,,,,,,,,/app/training,dev_756613b6-f97b-4b3b-90c2-dc790e7989db,,,,,,,,,,,,,,,,,,,,,,,,,,,,,,,,,,,,,,,,,,,,,,,,,,,,,,,,,,,,,,,,,,
training_event,training,e92e7c09-c1b8-4f72-a7a8-f75077608d1b,ae783848-2824-4641-ad06-bdbe4a7d7baf,2026-09-06T15:50:59.019000+00:00,keydown,8,,,831.8,,,,,,,,controlled_typing,0,,,,,,,,,,/app/training,dev_756613b6-f97b-4b3b-90c2-dc790e7989db,,,,,,,,,,,,,,,,,,,,,,,,,,,,,,,,,,,,,,,,,,,,,,,,,,,,,,,,,,,,,,,,,,
training_event,training,e92e7c09-c1b8-4f72-a7a8-f75077608d1b,ae783848-2824-4641-ad06-bdbe4a7d7baf,2026-09-06T15:50:59.866000+00:00,keyup,8,,846.7,,,,,,,,,controlled_typing,0,,,,,,,,,,/app/training,dev_756613b6-f97b-4b3b-90c2-dc790e7989db,,,,,,,,,,,,,,,,,,,,,,,,,,,,,,,,,,,,,,,,,,,,,,,,,,,,,,,,,,,,,,,,,,
training_event,training,e92e7c09-c1b8-4f72-a7a8-f75077608d1b,ae783848-2824-4641-ad06-bdbe4a7d7baf,2026-09-06T15:51:00.192000+00:00,keydown,84,T,,1172.7,,,,,,,,controlled_typing,0,,,,,,,,,,/app/training,dev_756613b6-f97b-4b3b-90c2-dc790e7989db,,,,,,,,,,,,,,,,,,,,,,,,,,,,,,,,,,,,,,,,,,,,,,,,,,,,,,,,,,,,,,,,,,
training_event,training,e92e7c09-c1b8-4f72-a7a8-f75077608d1b,ae783848-2824-4641-ad06-bdbe4a7d7baf,2026-09-06T15:51:00.283000+00:00,keyup,84,,91.0,,,,,,,,,controlled_typing,0,,,,,,,,,,/app/training,dev_756613b6-f97b-4b3b-90c2-dc790e7989db,,,,,,,,,,,,,,,,,,,,,,,,,,,,,,,,,,,,,,,,,,,,,,,,,,,,,,,,,,,,,,,,,,
training_event,training,e92e7c09-c1b8-4f72-a7a8-f75077608d1b,ae783848-2824-4641-ad06-bdbe4a7d7baf,2026-09-06T15:51:00.429000+00:00,keydown,72,h,,237.0,,,,,,,,controlled_typing,0,,,,,,,,,,/app/training,dev_756613b6-f97b-4b3b-90c2-dc790e7989db,,,,,,,,,,,,,,,,,,,,,,,,,,,,,,,,,,,,,,,,,,,,,,,,,,,,,,,,,,,,,,,,,,
training_event,training,e92e7c09-c1b8-4f72-a7a8-f75077608d1b,ae783848-2824-4641-ad06-bdbe4a7d7baf,2026-09-06T15:51:00.501000+00:00,keyup,72,,72.5,,,,,,,,,controlled_typing,0,,,,,,,,,,/app/training,dev_756613b6-f97b-4b3b-90c2-dc790e7989db,,,,,,,,,,,,,,,,,,,,,,,,,,,,,,,,,,,,,,,,,,,,,,,,,,,,,,,,,,,,,,,,,,
training_event,training,e92e7c09-c1b8-4f72-a7a8-f75077608d1b,ae783848-2824-4641-ad06-bdbe4a7d7baf,2026-09-06T15:51:00.505000+00:00,keydown,69,e,,76.7,,,,,,,,controlled_typing,0,,,,,,,,,,/app/training,dev_756613b6-f97b-4b3b-90c2-dc790e7989db,,,,,,,,,,,,,,,,,,,,,,,,,,,,,,,,,,,,,,,,,,,,,,,,,,,,,,,,,,,,,,,,,,
training_event,training,e92e7c09-c1b8-4f72-a7a8-f75077608d1b,ae783848-2824-4641-ad06-bdbe4a7d7baf,2026-09-06T15:51:00.622000+00:00,keyup,69,,116.5,,,,,,,,,controlled_typing,0,,,,,,,,,,/app/training,dev_756613b6-f97b-4b3b-90c2-dc790e7989db,,,,,,,,,,,,,,,,,,,,,,,,,,,,,,,,,,,,,,,,,,,,,,,,,,,,,,,,,,,,,,,,,,
training_event,training,e92e7c09-c1b8-4f72-a7a8-f75077608d1b,ae783848-2824-4641-ad06-bdbe4a7d7baf,2026-09-06T15:51:00.629000+00:00,keydown,32, ,,123.0,,,,,,,,controlled_typing,0,,,,,,,,,,/app/training,dev_756613b6-f97b-4b3b-90c2-dc790e7989db,,,,,,,,,,,,,,,,,,,,,,,,,,,,,,,,,,,,,,,,,,,,,,,,,,,,,,,,,,,,,,,,,,
training_event,training,e92e7c09-c1b8-4f72-a7a8-f75077608d1b,ae783848-2824-4641-ad06-bdbe4a7d7baf,2026-09-06T15:51:00.693000+00:00,keyup,32,,64.4,,,,,,,,,controlled_typing,0,,,,,,,,,,/app/training,dev_756613b6-f97b-4b3b-90c2-dc790e7989db,,,,,,,,,,,,,,,,,,,,,,,,,,,,,,,,,,,,,,,,,,,,,,,,,,,,,,,,,,,,,,,,,,
training_event,training,e92e7c09-c1b8-4f72-a7a8-f75077608d1b,ae783848-2824-4641-ad06-bdbe4a7d7baf,2026-09-06T15:51:00.808000+00:00,keydown,81,q,,179.0,,,,,,,,controlled_typing,0,,,,,,,,,,/app/training,dev_756613b6-f97b-4b3b-90c2-dc790e7989db,,,,,,,,,,,,,,,,,,,,,,,,,,,,,,,,,,,,,,,,,,,,,,,,,,,,,,,,,,,,,,,,,,
training_event,training,e92e7c09-c1b8-4f72-a7a8-f75077608d1b,ae783848-2824-4641-ad06-bdbe4a7d7baf,2026-09-06T15:51:00.908000+00:00,keyup,81,,100.5,,,,,,,,,controlled_typing,0,,,,,,,,,,/app/training,dev_756613b6-f97b-4b3b-90c2-dc790e7989db,,,,,,,,,,,,,,,,,,,,,,,,,,,,,,,,,,,,,,,,,,,,,,,,,,,,,,,,,,,,,,,,,,
training_event,training,e92e7c09-c1b8-4f72-a7a8-f75077608d1b,ae783848-2824-4641-ad06-bdbe4a7d7baf,2026-09-06T15:51:00.953000+00:00,keydown,85,u,,145.8,,,,,,,,controlled_typing,0,,,,,,,,,,/app/training,dev_756613b6-f97b-4b3b-90c2-dc790e7989db,,,,,,,,,,,,,,,,,,,,,,,,,,,,,,,,,,,,,,,,,,,,,,,,,,,,,,,,,,,,,,,,,,
training_event,training,e92e7c09-c1b8-4f72-a7a8-f75077608d1b,ae783848-2824-4641-ad06-bdbe4a7d7baf,2026-09-06T15:51:01.040000+00:00,keyup,85,,86.4,,,,,,,,,controlled_typing,0,,,,,,,,,,/app/training,dev_756613b6-f97b-4b3b-90c2-dc790e7989db,,,,,,,,,,,,,,,,,,,,,,,,,,,,,,,,,,,,,,,,,,,,,,,,,,,,,,,,,,,,,,,,,,
training_event,training,e92e7c09-c1b8-4f72-a7a8-f75077608d1b,ae783848-2824-4641-ad06-bdbe4a7d7baf,2026-09-06T15:51:01.143000+00:00,keydown,79,o,,189.6,,,,,,,,controlled_typing,0,,,,,,,,,,/app/training,dev_756613b6-f97b-4b3b-90c2-dc790e7989db,,,,,,,,,,,,,,,,,,,,,,,,,,,,,,,,,,,,,,,,,,,,,,,,,,,,,,,,,,,,,,,,,,
training_event,training,e92e7c09-c1b8-4f72-a7a8-f75077608d1b,ae783848-2824-4641-ad06-bdbe4a7d7baf,2026-09-06T15:51:01.215000+00:00,keyup,79,,72.3,,,,,,,,,controlled_typing,0,,,,,,,,,,/app/training,dev_756613b6-f97b-4b3b-90c2-dc790e7989db,,,,,,,,,,,,,,,,,,,,,,,,,,,,,,,,,,,,,,,,,,,,,,,,,,,,,,,,,,,,,,,,,,
training_event,training,e92e7c09-c1b8-4f72-a7a8-f75077608d1b,ae783848-2824-4641-ad06-bdbe4a7d7baf,2026-09-06T15:51:01.849000+00:00,keydown,67,c,,705.9,,,,,,,,controlled_typing,0,,,,,,,,,,/app/training,dev_756613b6-f97b-4b3b-90c2-dc790e7989db,,,,,,,,,,,,,,,,,,,,,,,,,,,,,,,,,,,,,,,,,,,,,,,,,,,,,,,,,,,,,,,,,,
training_event,training,e92e7c09-c1b8-4f72-a7a8-f75077608d1b,ae783848-2824-4641-ad06-bdbe4a7d7baf,2026-09-06T15:51:01.905000+00:00,keydown,75,k,,56.0,,,,,,,,controlled_typing,0,,,,,,,,,,/app/training,dev_756613b6-f97b-4b3b-90c2-dc790e7989db,,,,,,,,,,,,,,,,,,,,,,,,,,,,,,,,,,,,,,,,,,,,,,,,,,,,,,,,,,,,,,,,,,
training_event,training,e92e7c09-c1b8-4f72-a7a8-f75077608d1b,ae783848-2824-4641-ad06-bdbe4a7d7baf,2026-09-06T15:51:01.938000+00:00,keyup,67,,89.4,,,,,,,,,controlled_typing,0,,,,,,,,,,/app/training,dev_756613b6-f97b-4b3b-90c2-dc790e7989db,,,,,,,,,,,,,,,,,,,,,,,,,,,,,,,,,,,,,,,,,,,,,,,,,,,,,,,,,,,,,,,,,,
training_event,training,e92e7c09-c1b8-4f72-a7a8-f75077608d1b,ae783848-2824-4641-ad06-bdbe4a7d7baf,2026-09-06T15:51:01.965000+00:00,keyup,75,,60.2,,,,,,,,,controlled_typing,0,,,,,,,,,,/app/training,dev_756613b6-f97b-4b3b-90c2-dc790e7989db,,,,,,,,,,,,,,,,,,,,,,,,,,,,,,,,,,,,,,,,,,,,,,,,,,,,,,,,,,,,,,,,,,
training_event,training,e92e7c09-c1b8-4f72-a7a8-f75077608d1b,ae783848-2824-4641-ad06-bdbe4a7d7baf,2026-09-06T15:51:02.051000+00:00,keydown,32, ,,145.7,,,,,,,,controlled_typing,0,,,,,,,,,,/app/training,dev_756613b6-f97b-4b3b-90c2-dc790e7989db,,,,,,,,,,,,,,,,,,,,,,,,,,,,,,,,,,,,,,,,,,,,,,,,,,,,,,,,,,,,,,,,,,
training_event,training,e92e7c09-c1b8-4f72-a7a8-f75077608d1b,ae783848-2824-4641-ad06-bdbe4a7d7baf,2026-09-06T15:51:02.117000+00:00,keyup,32,,66.5,,,,,,,,,controlled_typing,0,,,,,,,,,,/app/training,dev_756613b6-f97b-4b3b-90c2-dc790e7989db,,,,,,,,,,,,,,,,,,,,,,,,,,,,,,,,,,,,,,,,,,,,,,,,,,,,,,,,,,,,,,,,,,
training_event,training,e92e7c09-c1b8-4f72-a7a8-f75077608d1b,ae783848-2824-4641-ad06-bdbe4a7d7baf,2026-09-06T15:51:02.521000+00:00,keydown,66,b,,470.6,,,,,,,,controlled_typing,0,,,,,,,,,,/app/training,dev_756613b6-f97b-4b3b-90c2-dc790e7989db,,,,,,,,,,,,,,,,,,,,,,,,,,,,,,,,,,,,,,,,,,,,,,,,,,,,,,,,,,,,,,,,,,
training_event,training,e92e7c09-c1b8-4f72-a7a8-f75077608d1b,ae783848-2824-4641-ad06-bdbe4a7d7baf,2026-09-06T15:51:02.592000+00:00,keyup,66,,71.4,,,,,,,,,controlled_typing,0,,,,,,,,,,/app/training,dev_756613b6-f97b-4b3b-90c2-dc790e7989db,,,,,,,,,,,,,,,,,,,,,,,,,,,,,,,,,,,,,,,,,,,,,,,,,,,,,,,,,,,,,,,,,,
training_event,training,e92e7c09-c1b8-4f72-a7a8-f75077608d1b,ae783848-2824-4641-ad06-bdbe4a7d7baf,2026-09-06T15:51:02.696000+00:00,keydown,82,r,,175.1,,,,,,,,controlled_typing,0,,,,,,,,,,/app/training,dev_756613b6-f97b-4b3b-90c2-dc790e7989db,,,,,,,,,,,,,,,,,,,,,,,,,,,,,,,,,,,,,,,,,,,,,,,,,,,,,,,,,,,,,,,,,,
training_event,training,e92e7c09-c1b8-4f72-a7a8-f75077608d1b,ae783848-2824-4641-ad06-bdbe4a7d7baf,2026-09-06T15:51:02.781000+00:00,keyup,82,,84.5,,,,,,,,,controlled_typing,0,,,,,,,,,,/app/training,dev_756613b6-f97b-4b3b-90c2-dc790e7989db,,,,,,,,,,,,,,,,,,,,,,,,,,,,,,,,,,,,,,,,,,,,,,,,,,,,,,,,,,,,,,,,,,
training_event,training,e92e7c09-c1b8-4f72-a7a8-f75077608d1b,ae783848-2824-4641-ad06-bdbe4a7d7baf,2026-09-06T15:51:02.799000+00:00,keydown,79,o,,103.0,,,,,,,,controlled_typing,0,,,,,,,,,,/app/training,dev_756613b6-f97b-4b3b-90c2-dc790e7989db,,,,,,,,,,,,,,,,,,,,,,,,,,,,,,,,,,,,,,,,,,,,,,,,,,,,,,,,,,,,,,,,,,
training_event,training,e92e7c09-c1b8-4f72-a7a8-f75077608d1b,ae783848-2824-4641-ad06-bdbe4a7d7baf,2026-09-06T15:51:02.866000+00:00,keyup,79,,66.9,,,,,,,,,controlled_typing,0,,,,,,,,,,/app/training,dev_756613b6-f97b-4b3b-90c2-dc790e7989db,,,,,,,,,,,,,,,,,,,,,,,,,,,,,,,,,,,,,,,,,,,,,,,,,,,,,,,,,,,,,,,,,,
training_event,training,e92e7c09-c1b8-4f72-a7a8-f75077608d1b,ae783848-2824-4641-ad06-bdbe4a7d7baf,2026-09-06T15:51:02.943000+00:00,keydown,87,w,,143.9,,,,,,,,controlled_typing,0,,,,,,,,,,/app/training,dev_756613b6-f97b-4b3b-90c2-dc790e7989db,,,,,,,,,,,,,,,,,,,,,,,,,,,,,,,,,,,,,,,,,,,,,,,,,,,,,,,,,,,,,,,,,,
training_event,training,e92e7c09-c1b8-4f72-a7a8-f75077608d1b,ae783848-2824-4641-ad06-bdbe4a7d7baf,2026-09-06T15:51:03.043000+00:00,keyup,87,,99.9,,,,,,,,,controlled_typing,0,,,,,,,,,,/app/training,dev_756613b6-f97b-4b3b-90c2-dc790e7989db,,,,,,,,,,,,,,,,,,,,,,,,,,,,,,,,,,,,,,,,,,,,,,,,,,,,,,,,,,,,,,,,,,
training_event,training,e92e7c09-c1b8-4f72-a7a8-f75077608d1b,ae783848-2824-4641-ad06-bdbe4a7d7baf,2026-09-06T15:51:03.049000+00:00,keydown,78,n,,105.9,,,,,,,,controlled_typing,0,,,,,,,,,,/app/training,dev_756613b6-f97b-4b3b-90c2-dc790e7989db,,,,,,,,,,,,,,,,,,,,,,,,,,,,,,,,,,,,,,,,,,,,,,,,,,,,,,,,,,,,,,,,,,
training_event,training,e92e7c09-c1b8-4f72-a7a8-f75077608d1b,ae783848-2824-4641-ad06-bdbe4a7d7baf,2026-09-06T15:51:03.121000+00:00,keyup,78,,72.4,,,,,,,,,controlled_typing,0,,,,,,,,,,/app/training,dev_756613b6-f97b-4b3b-90c2-dc790e7989db,,,,,,,,,,,,,,,,,,,,,,,,,,,,,,,,,,,,,,,,,,,,,,,,,,,,,,,,,,,,,,,,,,
training_event,training,e92e7c09-c1b8-4f72-a7a8-f75077608d1b,ae783848-2824-4641-ad06-bdbe4a7d7baf,2026-09-06T15:51:03.458000+00:00,keydown,32, ,,409.4,,,,,,,,controlled_typing,0,,,,,,,,,,/app/training,dev_756613b6-f97b-4b3b-90c2-dc790e7989db,,,,,,,,,,,,,,,,,,,,,,,,,,,,,,,,,,,,,,,,,,,,,,,,,,,,,,,,,,,,,,,,,,
training_event,training,e92e7c09-c1b8-4f72-a7a8-f75077608d1b,ae783848-2824-4641-ad06-bdbe4a7d7baf,2026-09-06T15:51:03.520000+00:00,keyup,32,,61.7,,,,,,,,,controlled_typing,0,,,,,,,,,,/app/training,dev_756613b6-f97b-4b3b-90c2-dc790e7989db,,,,,,,,,,,,,,,,,,,,,,,,,,,,,,,,,,,,,,,,,,,,,,,,,,,,,,,,,,,,,,,,,,
training_event,training,e92e7c09-c1b8-4f72-a7a8-f75077608d1b,ae783848-2824-4641-ad06-bdbe4a7d7baf,2026-09-06T15:51:04.034000+00:00,keydown,70,f,,575.5,,,,,,,,controlled_typing,0,,,,,,,,,,/app/training,dev_756613b6-f97b-4b3b-90c2-dc790e7989db,,,,,,,,,,,,,,,,,,,,,,,,,,,,,,,,,,,,,,,,,,,,,,,,,,,,,,,,,,,,,,,,,,
training_event,training,e92e7c09-c1b8-4f72-a7a8-f75077608d1b,ae783848-2824-4641-ad06-bdbe4a7d7baf,2026-09-06T15:51:04.101000+00:00,keydown,79,o,,66.8,,,,,,,,controlled_typing,0,,,,,,,,,,/app/training,dev_756613b6-f97b-4b3b-90c2-dc790e7989db,,,,,,,,,,,,,,,,,,,,,,,,,,,,,,,,,,,,,,,,,,,,,,,,,,,,,,,,,,,,,,,,,,
training_event,training,e92e7c09-c1b8-4f72-a7a8-f75077608d1b,ae783848-2824-4641-ad06-bdbe4a7d7baf,2026-09-06T15:51:04.126000+00:00,keyup,70,,91.7,,,,,,,,,controlled_typing,0,,,,,,,,,,/app/training,dev_756613b6-f97b-4b3b-90c2-dc790e7989db,,,,,,,,,,,,,,,,,,,,,,,,,,,,,,,,,,,,,,,,,,,,,,,,,,,,,,,,,,,,,,,,,,
training_event,training,e92e7c09-c1b8-4f72-a7a8-f75077608d1b,ae783848-2824-4641-ad06-bdbe4a7d7baf,2026-09-06T15:51:04.176000+00:00,keyup,79,,75.5,,,,,,,,,controlled_typing,0,,,,,,,,,,/app/training,dev_756613b6-f97b-4b3b-90c2-dc790e7989db,,,,,,,,,,,,,,,,,,,,,,,,,,,,,,,,,,,,,,,,,,,,,,,,,,,,,,,,,,,,,,,,,,
training_event,training,e92e7c09-c1b8-4f72-a7a8-f75077608d1b,ae783848-2824-4641-ad06-bdbe4a7d7baf,2026-09-06T15:51:04.591000+00:00,keydown,88,x,,490.2,,,,,,,,controlled_typing,0,,,,,,,,,,/app/training,dev_756613b6-f97b-4b3b-90c2-dc790e7989db,,,,,,,,,,,,,,,,,,,,,,,,,,,,,,,,,,,,,,,,,,,,,,,,,,,,,,,,,,,,,,,,,,
training_event,training,e92e7c09-c1b8-4f72-a7a8-f75077608d1b,ae783848-2824-4641-ad06-bdbe4a7d7baf,2026-09-06T15:51:04.674000+00:00,keyup,88,,83.0,,,,,,,,,controlled_typing,0,,,,,,,,,,/app/training,dev_756613b6-f97b-4b3b-90c2-dc790e7989db,,,,,,,,,,,,,,,,,,,,,,,,,,,,,,,,,,,,,,,,,,,,,,,,,,,,,,,,,,,,,,,,,,
training_event,training,e92e7c09-c1b8-4f72-a7a8-f75077608d1b,ae783848-2824-4641-ad06-bdbe4a7d7baf,2026-09-06T15:51:04.676000+00:00,keydown,32, ,,85.1,,,,,,,,controlled_typing,0,,,,,,,,,,/app/training,dev_756613b6-f97b-4b3b-90c2-dc790e7989db,,,,,,,,,,,,,,,,,,,,,,,,,,,,,,,,,,,,,,,,,,,,,,,,,,,,,,,,,,,,,,,,,,
training_event,training,e92e7c09-c1b8-4f72-a7a8-f75077608d1b,ae783848-2824-4641-ad06-bdbe4a7d7baf,2026-09-06T15:51:04.733000+00:00,keyup,32,,57.2,,,,,,,,,controlled_typing,0,,,,,,,,,,/app/training,dev_756613b6-f97b-4b3b-90c2-dc790e7989db,,,,,,,,,,,,,,,,,,,,,,,,,,,,,,,,,,,,,,,,,,,,,,,,,,,,,,,,,,,,,,,,,,
training_event,training,e92e7c09-c1b8-4f72-a7a8-f75077608d1b,ae783848-2824-4641-ad06-bdbe4a7d7baf,2026-09-06T15:51:04.941000+00:00,keydown,74,j,,265.2,,,,,,,,controlled_typing,0,,,,,,,,,,/app/training,dev_756613b6-f97b-4b3b-90c2-dc790e7989db,,,,,,,,,,,,,,,,,,,,,,,,,,,,,,,,,,,,,,,,,,,,,,,,,,,,,,,,,,,,,,,,,,
training_event,training,e92e7c09-c1b8-4f72-a7a8-f75077608d1b,ae783848-2824-4641-ad06-bdbe4a7d7baf,2026-09-06T15:51:05.008000+00:00,keyup,74,,67.1,,,,,,,,,controlled_typing,0,,,,,,,,,,/app/training,dev_756613b6-f97b-4b3b-90c2-dc790e7989db,,,,,,,,,,,,,,,,,,,,,,,,,,,,,,,,,,,,,,,,,,,,,,,,,,,,,,,,,,,,,,,,,,
training_event,training,e92e7c09-c1b8-4f72-a7a8-f75077608d1b,ae783848-2824-4641-ad06-bdbe4a7d7baf,2026-09-06T15:51:05.134000+00:00,keydown,85,u,,193.0,,,,,,,,controlled_typing,0,,,,,,,,,,/app/training,dev_756613b6-f97b-4b3b-90c2-dc790e7989db,,,,,,,,,,,,,,,,,,,,,,,,,,,,,,,,,,,,,,,,,,,,,,,,,,,,,,,,,,,,,,,,,,
training_event,training,e92e7c09-c1b8-4f72-a7a8-f75077608d1b,ae783848-2824-4641-ad06-bdbe4a7d7baf,2026-09-06T15:51:05.192000+00:00,keyup,85,,58.0,,,,,,,,,controlled_typing,0,,,,,,,,,,/app/training,dev_756613b6-f97b-4b3b-90c2-dc790e7989db,,,,,,,,,,,,,,,,,,,,,,,,,,,,,,,,,,,,,,,,,,,,,,,,,,,,,,,,,,,,,,,,,,
training_event,training,e92e7c09-c1b8-4f72-a7a8-f75077608d1b,ae783848-2824-4641-ad06-bdbe4a7d7baf,2026-09-06T15:51:05.317000+00:00,keydown,77,m,,183.1,,,,,,,,controlled_typing,0,,,,,,,,,,/app/training,dev_756613b6-f97b-4b3b-90c2-dc790e7989db,,,,,,,,,,,,,,,,,,,,,,,,,,,,,,,,,,,,,,,,,,,,,,,,,,,,,,,,,,,,,,,,,,
training_event,training,e92e7c09-c1b8-4f72-a7a8-f75077608d1b,ae783848-2824-4641-ad06-bdbe4a7d7baf,2026-09-06T15:51:05.426000+00:00,keyup,77,,108.3,,,,,,,,,controlled_typing,0,,,,,,,,,,/app/training,dev_756613b6-f97b-4b3b-90c2-dc790e7989db,,,,,,,,,,,,,,,,,,,,,,,,,,,,,,,,,,,,,,,,,,,,,,,,,,,,,,,,,,,,,,,,,,
training_event,training,e92e7c09-c1b8-4f72-a7a8-f75077608d1b,ae783848-2824-4641-ad06-bdbe4a7d7baf,2026-09-06T15:51:05.462000+00:00,keydown,80,p,,144.4,,,,,,,,controlled_typing,0,,,,,,,,,,/app/training,dev_756613b6-f97b-4b3b-90c2-dc790e7989db,,,,,,,,,,,,,,,,,,,,,,,,,,,,,,,,,,,,,,,,,,,,,,,,,,,,,,,,,,,,,,,,,,
training_event,training,e92e7c09-c1b8-4f72-a7a8-f75077608d1b,ae783848-2824-4641-ad06-bdbe4a7d7baf,2026-09-06T15:51:05.542000+00:00,keyup,80,,80.2,,,,,,,,,controlled_typing,0,,,,,,,,,,/app/training,dev_756613b6-f97b-4b3b-90c2-dc790e7989db,,,,,,,,,,,,,,,,,,,,,,,,,,,,,,,,,,,,,,,,,,,,,,,,,,,,,,,,,,,,,,,,,,
training_event,training,e92e7c09-c1b8-4f72-a7a8-f75077608d1b,ae783848-2824-4641-ad06-bdbe4a7d7baf,2026-09-06T15:51:05.592000+00:00,keydown,83,s,,129.9,,,,,,,,controlled_typing,0,,,,,,,,,,/app/training,dev_756613b6-f97b-4b3b-90c2-dc790e7989db,,,,,,,,,,,,,,,,,,,,,,,,,,,,,,,,,,,,,,,,,,,,,,,,,,,,,,,,,,,,,,,,,,
training_event,training,e92e7c09-c1b8-4f72-a7a8-f75077608d1b,ae783848-2824-4641-ad06-bdbe4a7d7baf,2026-09-06T15:51:05.662000+00:00,keydown,32, ,,70.3,,,,,,,,controlled_typing,0,,,,,,,,,,/app/training,dev_756613b6-f97b-4b3b-90c2-dc790e7989db,,,,,,,,,,,,,,,,,,,,,,,,,,,,,,,,,,,,,,,,,,,,,,,,,,,,,,,,,,,,,,,,,,
training_event,training,e92e7c09-c1b8-4f72-a7a8-f75077608d1b,ae783848-2824-4641-ad06-bdbe4a7d7baf,2026-09-06T15:51:05.714000+00:00,keyup,83,,122.4,,,,,,,,,controlled_typing,0,,,,,,,,,,/app/training,dev_756613b6-f97b-4b3b-90c2-dc790e7989db,,,,,,,,,,,,,,,,,,,,,,,,,,,,,,,,,,,,,,,,,,,,,,,,,,,,,,,,,,,,,,,,,,
training_event,training,e92e7c09-c1b8-4f72-a7a8-f75077608d1b,ae783848-2824-4641-ad06-bdbe4a7d7baf,2026-09-06T15:51:05.734000+00:00,keyup,32,,71.6,,,,,,,,,controlled_typing,0,,,,,,,,,,/app/training,dev_756613b6-f97b-4b3b-90c2-dc790e7989db,,,,,,,,,,,,,,,,,,,,,,,,,,,,,,,,,,,,,,,,,,,,,,,,,,,,,,,,,,,,,,,,,,
training_event,training,e92e7c09-c1b8-4f72-a7a8-f75077608d1b,ae783848-2824-4641-ad06-bdbe4a7d7baf,2026-09-06T15:51:05.824000+00:00,keydown,79,o,,162.5,,,,,,,,controlled_typing,0,,,,,,,,,,/app/training,dev_756613b6-f97b-4b3b-90c2-dc790e7989db,,,,,,,,,,,,,,,,,,,,,,,,,,,,,,,,,,,,,,,,,,,,,,,,,,,,,,,,,,,,,,,,,,
training_event,training,e92e7c09-c1b8-4f72-a7a8-f75077608d1b,ae783848-2824-4641-ad06-bdbe4a7d7baf,2026-09-06T15:51:05.917000+00:00,keyup,79,,92.6,,,,,,,,,controlled_typing,0,,,,,,,,,,/app/training,dev_756613b6-f97b-4b3b-90c2-dc790e7989db,,,,,,,,,,,,,,,,,,,,,,,,,,,,,,,,,,,,,,,,,,,,,,,,,,,,,,,,,,,,,,,,,,
training_event,training,e92e7c09-c1b8-4f72-a7a8-f75077608d1b,ae783848-2824-4641-ad06-bdbe4a7d7baf,2026-09-06T15:51:06.312000+00:00,keydown,86,v,,488.1,,,,,,,,controlled_typing,0,,,,,,,,,,/app/training,dev_756613b6-f97b-4b3b-90c2-dc790e7989db,,,,,,,,,,,,,,,,,,,,,,,,,,,,,,,,,,,,,,,,,,,,,,,,,,,,,,,,,,,,,,,,,,
training_event,training,e92e7c09-c1b8-4f72-a7a8-f75077608d1b,ae783848-2824-4641-ad06-bdbe4a7d7baf,2026-09-06T15:51:06.387000+00:00,keyup,86,,74.2,,,,,,,,,controlled_typing,0,,,,,,,,,,/app/training,dev_756613b6-f97b-4b3b-90c2-dc790e7989db,,,,,,,,,,,,,,,,,,,,,,,,,,,,,,,,,,,,,,,,,,,,,,,,,,,,,,,,,,,,,,,,,,
training_event,training,e92e7c09-c1b8-4f72-a7a8-f75077608d1b,ae783848-2824-4641-ad06-bdbe4a7d7baf,2026-09-06T15:51:06.424000+00:00,keydown,69,e,,111.0,,,,,,,,controlled_typing,0,,,,,,,,,,/app/training,dev_756613b6-f97b-4b3b-90c2-dc790e7989db,,,,,,,,,,,,,,,,,,,,,,,,,,,,,,,,,,,,,,,,,,,,,,,,,,,,,,,,,,,,,,,,,,
training_event,training,e92e7c09-c1b8-4f72-a7a8-f75077608d1b,ae783848-2824-4641-ad06-bdbe4a7d7baf,2026-09-06T15:51:06.452000+00:00,keyup,69,,28.1,,,,,,,,,controlled_typing,0,,,,,,,,,,/app/training,dev_756613b6-f97b-4b3b-90c2-dc790e7989db,,,,,,,,,,,,,,,,,,,,,,,,,,,,,,,,,,,,,,,,,,,,,,,,,,,,,,,,,,,,,,,,,,
training_event,training,e92e7c09-c1b8-4f72-a7a8-f75077608d1b,ae783848-2824-4641-ad06-bdbe4a7d7baf,2026-09-06T15:51:06.561000+00:00,keydown,82,r,,137.8,,,,,,,,controlled_typing,0,,,,,,,,,,/app/training,dev_756613b6-f97b-4b3b-90c2-dc790e7989db,,,,,,,,,,,,,,,,,,,,,,,,,,,,,,,,,,,,,,,,,,,,,,,,,,,,,,,,,,,,,,,,,,
training_event,training,e92e7c09-c1b8-4f72-a7a8-f75077608d1b,ae783848-2824-4641-ad06-bdbe4a7d7baf,2026-09-06T15:51:06.593000+00:00,keyup,82,,32.2,,,,,,,,,controlled_typing,0,,,,,,,,,,/app/training,dev_756613b6-f97b-4b3b-90c2-dc790e7989db,,,,,,,,,,,,,,,,,,,,,,,,,,,,,,,,,,,,,,,,,,,,,,,,,,,,,,,,,,,,,,,,,,
training_event,training,e92e7c09-c1b8-4f72-a7a8-f75077608d1b,ae783848-2824-4641-ad06-bdbe4a7d7baf,2026-09-06T15:51:06.625000+00:00,keydown,32, ,,63.7,,,,,,,,controlled_typing,0,,,,,,,,,,/app/training,dev_756613b6-f97b-4b3b-90c2-dc790e7989db,,,,,,,,,,,,,,,,,,,,,,,,,,,,,,,,,,,,,,,,,,,,,,,,,,,,,,,,,,,,,,,,,,
training_event,training,e92e7c09-c1b8-4f72-a7a8-f75077608d1b,ae783848-2824-4641-ad06-bdbe4a7d7baf,2026-09-06T15:51:06.683000+00:00,keyup,32,,57.7,,,,,,,,,controlled_typing,0,,,,,,,,,,/app/training,dev_756613b6-f97b-4b3b-90c2-dc790e7989db,,,,,,,,,,,,,,,,,,,,,,,,,,,,,,,,,,,,,,,,,,,,,,,,,,,,,,,,,,,,,,,,,,
training_event,training,e92e7c09-c1b8-4f72-a7a8-f75077608d1b,ae783848-2824-4641-ad06-bdbe4a7d7baf,2026-09-06T15:51:06.759000+00:00,keydown,84,t,,134.4,,,,,,,,controlled_typing,0,,,,,,,,,,/app/training,dev_756613b6-f97b-4b3b-90c2-dc790e7989db,,,,,,,,,,,,,,,,,,,,,,,,,,,,,,,,,,,,,,,,,,,,,,,,,,,,,,,,,,,,,,,,,,
training_event,training,e92e7c09-c1b8-4f72-a7a8-f75077608d1b,ae783848-2824-4641-ad06-bdbe4a7d7baf,2026-09-06T15:51:06.830000+00:00,keyup,84,,70.1,,,,,,,,,controlled_typing,0,,,,,,,,,,/app/training,dev_756613b6-f97b-4b3b-90c2-dc790e7989db,,,,,,,,,,,,,,,,,,,,,,,,,,,,,,,,,,,,,,,,,,,,,,,,,,,,,,,,,,,,,,,,,,
training_event,training,e92e7c09-c1b8-4f72-a7a8-f75077608d1b,ae783848-2824-4641-ad06-bdbe4a7d7baf,2026-09-06T15:51:06.836000+00:00,keydown,72,h,,76.6,,,,,,,,controlled_typing,0,,,,,,,,,,/app/training,dev_756613b6-f97b-4b3b-90c2-dc790e7989db,,,,,,,,,,,,,,,,,,,,,,,,,,,,,,,,,,,,,,,,,,,,,,,,,,,,,,,,,,,,,,,,,,
training_event,training,e92e7c09-c1b8-4f72-a7a8-f75077608d1b,ae783848-2824-4641-ad06-bdbe4a7d7baf,2026-09-06T15:51:06.899000+00:00,keyup,72,,63.0,,,,,,,,,controlled_typing,0,,,,,,,,,,/app/training,dev_756613b6-f97b-4b3b-90c2-dc790e7989db,,,,,,,,,,,,,,,,,,,,,,,,,,,,,,,,,,,,,,,,,,,,,,,,,,,,,,,,,,,,,,,,,,
training_event,training,e92e7c09-c1b8-4f72-a7a8-f75077608d1b,ae783848-2824-4641-ad06-bdbe4a7d7baf,2026-09-06T15:51:06.944000+00:00,keydown,69,e,,108.1,,,,,,,,controlled_typing,0,,,,,,,,,,/app/training,dev_756613b6-f97b-4b3b-90c2-dc790e7989db,,,,,,,,,,,,,,,,,,,,,,,,,,,,,,,,,,,,,,,,,,,,,,,,,,,,,,,,,,,,,,,,,,
training_event,training,e92e7c09-c1b8-4f72-a7a8-f75077608d1b,ae783848-2824-4641-ad06-bdbe4a7d7baf,2026-09-06T15:51:07.023000+00:00,keyup,69,,79.0,,,,,,,,,controlled_typing,0,,,,,,,,,,/app/training,dev_756613b6-f97b-4b3b-90c2-dc790e7989db,,,,,,,,,,,,,,,,,,,,,,,,,,,,,,,,,,,,,,,,,,,,,,,,,,,,,,,,,,,,,,,,,,
training_event,training,e92e7c09-c1b8-4f72-a7a8-f75077608d1b,ae783848-2824-4641-ad06-bdbe4a7d7baf,2026-09-06T15:51:07.026000+00:00,keydown,32, ,,81.5,,,,,,,,controlled_typing,0,,,,,,,,,,/app/training,dev_756613b6-f97b-4b3b-90c2-dc790e7989db,,,,,,,,,,,,,,,,,,,,,,,,,,,,,,,,,,,,,,,,,,,,,,,,,,,,,,,,,,,,,,,,,,
training_event,training,e92e7c09-c1b8-4f72-a7a8-f75077608d1b,ae783848-2824-4641-ad06-bdbe4a7d7baf,2026-09-06T15:51:07.093000+00:00,keyup,32,,67.3,,,,,,,,,controlled_typing,0,,,,,,,,,,/app/training,dev_756613b6-f97b-4b3b-90c2-dc790e7989db,,,,,,,,,,,,,,,,,,,,,,,,,,,,,,,,,,,,,,,,,,,,,,,,,,,,,,,,,,,,,,,,,,
training_event,training,e92e7c09-c1b8-4f72-a7a8-f75077608d1b,ae783848-2824-4641-ad06-bdbe4a7d7baf,2026-09-06T15:51:07.221000+00:00,keydown,76,l,,195.6,,,,,,,,controlled_typing,0,,,,,,,,,,/app/training,dev_756613b6-f97b-4b3b-90c2-dc790e7989db,,,,,,,,,,,,,,,,,,,,,,,,,,,,,,,,,,,,,,,,,,,,,,,,,,,,,,,,,,,,,,,,,,
training_event,training,e92e7c09-c1b8-4f72-a7a8-f75077608d1b,ae783848-2824-4641-ad06-bdbe4a7d7baf,2026-09-06T15:51:07.303000+00:00,keyup,76,,81.7,,,,,,,,,controlled_typing,0,,,,,,,,,,/app/training,dev_756613b6-f97b-4b3b-90c2-dc790e7989db,,,,,,,,,,,,,,,,,,,,,,,,,,,,,,,,,,,,,,,,,,,,,,,,,,,,,,,,,,,,,,,,,,
training_event,training,e92e7c09-c1b8-4f72-a7a8-f75077608d1b,ae783848-2824-4641-ad06-bdbe4a7d7baf,2026-09-06T15:51:07.394000+00:00,keydown,65,a,,172.4,,,,,,,,controlled_typing,0,,,,,,,,,,/app/training,dev_756613b6-f97b-4b3b-90c2-dc790e7989db,,,,,,,,,,,,,,,,,,,,,,,,,,,,,,,,,,,,,,,,,,,,,,,,,,,,,,,,,,,,,,,,,,
training_event,training,e92e7c09-c1b8-4f72-a7a8-f75077608d1b,ae783848-2824-4641-ad06-bdbe4a7d7baf,2026-09-06T15:51:07.408000+00:00,keyup,65,,14.7,,,,,,,,,controlled_typing,0,,,,,,,,,,/app/training,dev_756613b6-f97b-4b3b-90c2-dc790e7989db,,,,,,,,,,,,,,,,,,,,,,,,,,,,,,,,,,,,,,,,,,,,,,,,,,,,,,,,,,,,,,,,,,
training_event,training,e92e7c09-c1b8-4f72-a7a8-f75077608d1b,ae783848-2824-4641-ad06-bdbe4a7d7baf,2026-09-06T15:51:07.827000+00:00,keydown,90,z,,433.0,,,,,,,,controlled_typing,0,,,,,,,,,,/app/training,dev_756613b6-f97b-4b3b-90c2-dc790e7989db,,,,,,,,,,,,,,,,,,,,,,,,,,,,,,,,,,,,,,,,,,,,,,,,,,,,,,,,,,,,,,,,,,
training_event,training,e92e7c09-c1b8-4f72-a7a8-f75077608d1b,ae783848-2824-4641-ad06-bdbe4a7d7baf,2026-09-06T15:51:07.905000+00:00,keydown,89,y,,78.8,,,,,,,,controlled_typing,0,,,,,,,,,,/app/training,dev_756613b6-f97b-4b3b-90c2-dc790e7989db,,,,,,,,,,,,,,,,,,,,,,,,,,,,,,,,,,,,,,,,,,,,,,,,,,,,,,,,,,,,,,,,,,
training_event,training,e92e7c09-c1b8-4f72-a7a8-f75077608d1b,ae783848-2824-4641-ad06-bdbe4a7d7baf,2026-09-06T15:51:07.921000+00:00,keyup,90,,94.9,,,,,,,,,controlled_typing,0,,,,,,,,,,/app/training,dev_756613b6-f97b-4b3b-90c2-dc790e7989db,,,,,,,,,,,,,,,,,,,,,,,,,,,,,,,,,,,,,,,,,,,,,,,,,,,,,,,,,,,,,,,,,,
training_event,training,e92e7c09-c1b8-4f72-a7a8-f75077608d1b,ae783848-2824-4641-ad06-bdbe4a7d7baf,2026-09-06T15:51:07.970000+00:00,keyup,89,,64.7,,,,,,,,,controlled_typing,0,,,,,,,,,,/app/training,dev_756613b6-f97b-4b3b-90c2-dc790e7989db,,,,,,,,,,,,,,,,,,,,,,,,,,,,,,,,,,,,,,,,,,,,,,,,,,,,,,,,,,,,,,,,,,
training_event,training,e92e7c09-c1b8-4f72-a7a8-f75077608d1b,ae783848-2824-4641-ad06-bdbe4a7d7baf,2026-09-06T15:51:08.066000+00:00,keydown,32, ,,160.1,,,,,,,,controlled_typing,0,,,,,,,,,,/app/training,dev_756613b6-f97b-4b3b-90c2-dc790e7989db,,,,,,,,,,,,,,,,,,,,,,,,,,,,,,,,,,,,,,,,,,,,,,,,,,,,,,,,,,,,,,,,,,
training_event,training,e92e7c09-c1b8-4f72-a7a8-f75077608d1b,ae783848-2824-4641-ad06-bdbe4a7d7baf,2026-09-06T15:51:08.134000+00:00,keyup,32,,68.1,,,,,,,,,controlled_typing,0,,,,,,,,,,/app/training,dev_756613b6-f97b-4b3b-90c2-dc790e7989db,,,,,,,,,,,,,,,,,,,,,,,,,,,,,,,,,,,,,,,,,,,,,,,,,,,,,,,,,,,,,,,,,,
training_event,training,e92e7c09-c1b8-4f72-a7a8-f75077608d1b,ae783848-2824-4641-ad06-bdbe4a7d7baf,2026-09-06T15:51:08.762000+00:00,keydown,68,d,,696.2,,,,,,,,controlled_typing,0,,,,,,,,,,/app/training,dev_756613b6-f97b-4b3b-90c2-dc790e7989db,,,,,,,,,,,,,,,,,,,,,,,,,,,,,,,,,,,,,,,,,,,,,,,,,,,,,,,,,,,,,,,,,,
training_event,training,e92e7c09-c1b8-4f72-a7a8-f75077608d1b,ae783848-2824-4641-ad06-bdbe4a7d7baf,2026-09-06T15:51:08.875000+00:00,keydown,79,o,,113.4,,,,,,,,controlled_typing,0,,,,,,,,,,/app/training,dev_756613b6-f97b-4b3b-90c2-dc790e7989db,,,,,,,,,,,,,,,,,,,,,,,,,,,,,,,,,,,,,,,,,,,,,,,,,,,,,,,,,,,,,,,,,,
training_event,training,e92e7c09-c1b8-4f72-a7a8-f75077608d1b,ae783848-2824-4641-ad06-bdbe4a7d7baf,2026-09-06T15:51:08.882000+00:00,keyup,68,,120.3,,,,,,,,,controlled_typing,0,,,,,,,,,,/app/training,dev_756613b6-f97b-4b3b-90c2-dc790e7989db,,,,,,,,,,,,,,,,,,,,,,,,,,,,,,,,,,,,,,,,,,,,,,,,,,,,,,,,,,,,,,,,,,
training_event,training,e92e7c09-c1b8-4f72-a7a8-f75077608d1b,ae783848-2824-4641-ad06-bdbe4a7d7baf,2026-09-06T15:51:08.959000+00:00,keyup,79,,83.6,,,,,,,,,controlled_typing,0,,,,,,,,,,/app/training,dev_756613b6-f97b-4b3b-90c2-dc790e7989db,,,,,,,,,,,,,,,,,,,,,,,,,,,,,,,,,,,,,,,,,,,,,,,,,,,,,,,,,,,,,,,,,,
training_event,training,e92e7c09-c1b8-4f72-a7a8-f75077608d1b,ae783848-2824-4641-ad06-bdbe4a7d7baf,2026-09-06T15:51:09.003000+00:00,keydown,71,g,,127.5,,,,,,,,controlled_typing,0,,,,,,,,,,/app/training,dev_756613b6-f97b-4b3b-90c2-dc790e7989db,,,,,,,,,,,,,,,,,,,,,,,,,,,,,,,,,,,,,,,,,,,,,,,,,,,,,,,,,,,,,,,,,,
training_event,training,e92e7c09-c1b8-4f72-a7a8-f75077608d1b,ae783848-2824-4641-ad06-bdbe4a7d7baf,2026-09-06T15:51:09.085000+00:00,keyup,71,,82.8,,,,,,,,,controlled_typing,0,,,,,,,,,,/app/training,dev_756613b6-f97b-4b3b-90c2-dc790e7989db,,,,,,,,,,,,,,,,,,,,,,,,,,,,,,,,,,,,,,,,,,,,,,,,,,,,,,,,,,,,,,,,,,
training_event,training,e92e7c09-c1b8-4f72-a7a8-f75077608d1b,ae783848-2824-4641-ad06-bdbe4a7d7baf,2026-09-06T15:51:09.381000+00:00,keydown,190,.,,378.5,,,,,,,,controlled_typing,0,,,,,,,,,,/app/training,dev_756613b6-f97b-4b3b-90c2-dc790e7989db,,,,,,,,,,,,,,,,,,,,,,,,,,,,,,,,,,,,,,,,,,,,,,,,,,,,,,,,,,,,,,,,,,
training_event,training,e92e7c09-c1b8-4f72-a7a8-f75077608d1b,ae783848-2824-4641-ad06-bdbe4a7d7baf,2026-09-06T15:51:09.480000+00:00,keyup,190,,98.9,,,,,,,,,controlled_typing,0,,,,,,,,,,/app/training,dev_756613b6-f97b-4b3b-90c2-dc790e7989db,,,,,,,,,,,,,,,,,,,,,,,,,,,,,,,,,,,,,,,,,,,,,,,,,,,,,,,,,,,,,,,,,,
training_event,training,e92e7c09-c1b8-4f72-a7a8-f75077608d1b,ae783848-2824-4641-ad06-bdbe4a7d7baf,2026-09-06T15:51:10.172000+00:00,keydown,13,,,791.1,,,,,,,,controlled_typing,0,,,,,,,,,,/app/training,dev_756613b6-f97b-4b3b-90c2-dc790e7989db,,,,,,,,,,,,,,,,,,,,,,,,,,,,,,,,,,,,,,,,,,,,,,,,,,,,,,,,,,,,,,,,,,
training_event,training,e92e7c09-c1b8-4f72-a7a8-f75077608d1b,ae783848-2824-4641-ad06-bdbe4a7d7baf,2026-09-06T15:51:10.226000+00:00,keyup,13,,53.9,,,,,,,,,controlled_typing,0,,,,,,,,,,/app/training,dev_756613b6-f97b-4b3b-90c2-dc790e7989db,,,,,,,,,,,,,,,,,,,,,,,,,,,,,,,,,,,,,,,,,,,,,,,,,,,,,,,,,,,,,,,,,,
training_event,training,e92e7c09-c1b8-4f72-a7a8-f75077608d1b,ae783848-2824-4641-ad06-bdbe4a7d7baf,2026-09-06T15:51:10.633000+00:00,keydown,13,,,460.7,,,,,,,,controlled_typing,0,,,,,,,,,,/app/training,dev_756613b6-f97b-4b3b-90c2-dc790e7989db,,,,,,,,,,,,,,,,,,,,,,,,,,,,,,,,,,,,,,,,,,,,,,,,,,,,,,,,,,,,,,,,,,
training_event,training,e92e7c09-c1b8-4f72-a7a8-f75077608d1b,ae783848-2824-4641-ad06-bdbe4a7d7baf,2026-09-06T15:51:10.692000+00:00,keyup,13,,59.3,,,,,,,,,controlled_typing,0,,,,,,,,,,/app/training,dev_756613b6-f97b-4b3b-90c2-dc790e7989db,,,,,,,,,,,,,,,,,,,,,,,,,,,,,,,,,,,,,,,,,,,,,,,,,,,,,,,,,,,,,,,,,,
training_event,training,e92e7c09-c1b8-4f72-a7a8-f75077608d1b,ae783848-2824-4641-ad06-bdbe4a7d7baf,2026-09-06T15:51:11.567000+00:00,keydown,37,,,934.3,,,,,,,,controlled_typing,0,,,,,,,,,,/app/training,dev_756613b6-f97b-4b3b-90c2-dc790e7989db,,,,,,,,,,,,,,,,,,,,,,,,,,,,,,,,,,,,,,,,,,,,,,,,,,,,,,,,,,,,,,,,,,
training_event,training,e92e7c09-c1b8-4f72-a7a8-f75077608d1b,ae783848-2824-4641-ad06-bdbe4a7d7baf,2026-09-06T15:51:11.625000+00:00,keyup,37,,57.6,,,,,,,,,controlled_typing,0,,,,,,,,,,/app/training,dev_756613b6-f97b-4b3b-90c2-dc790e7989db,,,,,,,,,,,,,,,,,,,,,,,,,,,,,,,,,,,,,,,,,,,,,,,,,,,,,,,,,,,,,,,,,,
training_event,training,e92e7c09-c1b8-4f72-a7a8-f75077608d1b,ae783848-2824-4641-ad06-bdbe4a7d7baf,2026-09-06T15:51:11.725000+00:00,keydown,37,,,157.6,,,,,,,,controlled_typing,0,,,,,,,,,,/app/training,dev_756613b6-f97b-4b3b-90c2-dc790e7989db,,,,,,,,,,,,,,,,,,,,,,,,,,,,,,,,,,,,,,,,,,,,,,,,,,,,,,,,,,,,,,,,,,
training_event,training,e92e7c09-c1b8-4f72-a7a8-f75077608d1b,ae783848-2824-4641-ad06-bdbe4a7d7baf,2026-09-06T15:51:11.789000+00:00,keyup,37,,64.6,,,,,,,,,controlled_typing,0,,,,,,,,,,/app/training,dev_756613b6-f97b-4b3b-90c2-dc790e7989db,,,,,,,,,,,,,,,,,,,,,,,,,,,,,,,,,,,,,,,,,,,,,,,,,,,,,,,,,,,,,,,,,,
training_event,training,e92e7c09-c1b8-4f72-a7a8-f75077608d1b,ae783848-2824-4641-ad06-bdbe4a7d7baf,2026-09-06T15:51:11.884000+00:00,keydown,37,,,159.1,,,,,,,,controlled_typing,0,,,,,,,,,,/app/training,dev_756613b6-f97b-4b3b-90c2-dc790e7989db,,,,,,,,,,,,,,,,,,,,,,,,,,,,,,,,,,,,,,,,,,,,,,,,,,,,,,,,,,,,,,,,,,
training_event,training,e92e7c09-c1b8-4f72-a7a8-f75077608d1b,ae783848-2824-4641-ad06-bdbe4a7d7baf,2026-09-06T15:51:11.947000+00:00,keyup,37,,63.3,,,,,,,,,controlled_typing,0,,,,,,,,,,/app/training,dev_756613b6-f97b-4b3b-90c2-dc790e7989db,,,,,,,,,,,,,,,,,,,,,,,,,,,,,,,,,,,,,,,,,,,,,,,,,,,,,,,,,,,,,,,,,,
training_event,training,e92e7c09-c1b8-4f72-a7a8-f75077608d1b,ae783848-2824-4641-ad06-bdbe4a7d7baf,2026-09-06T15:51:12.045000+00:00,keydown,37,,,160.9,,,,,,,,controlled_typing,0,,,,,,,,,,/app/training,dev_756613b6-f97b-4b3b-90c2-dc790e7989db,,,,,,,,,,,,,,,,,,,,,,,,,,,,,,,,,,,,,,,,,,,,,,,,,,,,,,,,,,,,,,,,,,
training_event,training,e92e7c09-c1b8-4f72-a7a8-f75077608d1b,ae783848-2824-4641-ad06-bdbe4a7d7baf,2026-09-06T15:51:12.101000+00:00,keyup,37,,55.9,,,,,,,,,controlled_typing,0,,,,,,,,,,/app/training,dev_756613b6-f97b-4b3b-90c2-dc790e7989db,,,,,,,,,,,,,,,,,,,,,,,,,,,,,,,,,,,,,,,,,,,,,,,,,,,,,,,,,,,,,,,,,,
training_event,training,e92e7c09-c1b8-4f72-a7a8-f75077608d1b,ae783848-2824-4641-ad06-bdbe4a7d7baf,2026-09-06T15:51:12.202000+00:00,keydown,37,,,157.3,,,,,,,,controlled_typing,0,,,,,,,,,,/app/training,dev_756613b6-f97b-4b3b-90c2-dc790e7989db,,,,,,,,,,,,,,,,,,,,,,,,,,,,,,,,,,,,,,,,,,,,,,,,,,,,,,,,,,,,,,,,,,
training_event,training,e92e7c09-c1b8-4f72-a7a8-f75077608d1b,ae783848-2824-4641-ad06-bdbe4a7d7baf,2026-09-06T15:51:12.255000+00:00,keyup,37,,52.9,,,,,,,,,controlled_typing,0,,,,,,,,,,/app/training,dev_756613b6-f97b-4b3b-90c2-dc790e7989db,,,,,,,,,,,,,,,,,,,,,,,,,,,,,,,,,,,,,,,,,,,,,,,,,,,,,,,,,,,,,,,,,,
training_event,training,e92e7c09-c1b8-4f72-a7a8-f75077608d1b,ae783848-2824-4641-ad06-bdbe4a7d7baf,2026-09-06T15:51:12.356000+00:00,keydown,37,,,154.0,,,,,,,,controlled_typing,0,,,,,,,,,,/app/training,dev_756613b6-f97b-4b3b-90c2-dc790e7989db,,,,,,,,,,,,,,,,,,,,,,,,,,,,,,,,,,,,,,,,,,,,,,,,,,,,,,,,,,,,,,,,,,
training_event,training,e92e7c09-c1b8-4f72-a7a8-f75077608d1b,ae783848-2824-4641-ad06-bdbe4a7d7baf,2026-09-06T15:51:12.421000+00:00,keyup,37,,65.4,,,,,,,,,controlled_typing,0,,,,,,,,,,/app/training,dev_756613b6-f97b-4b3b-90c2-dc790e7989db,,,,,,,,,,,,,,,,,,,,,,,,,,,,,,,,,,,,,,,,,,,,,,,,,,,,,,,,,,,,,,,,,,
training_event,training,e92e7c09-c1b8-4f72-a7a8-f75077608d1b,ae783848-2824-4641-ad06-bdbe4a7d7baf,2026-09-06T15:51:12.527000+00:00,keydown,37,,,171.3,,,,,,,,controlled_typing,0,,,,,,,,,,/app/training,dev_756613b6-f97b-4b3b-90c2-dc790e7989db,,,,,,,,,,,,,,,,,,,,,,,,,,,,,,,,,,,,,,,,,,,,,,,,,,,,,,,,,,,,,,,,,,
training_event,training,e92e7c09-c1b8-4f72-a7a8-f75077608d1b,ae783848-2824-4641-ad06-bdbe4a7d7baf,2026-09-06T15:51:12.601000+00:00,keyup,37,,73.6,,,,,,,,,controlled_typing,0,,,,,,,,,,/app/training,dev_756613b6-f97b-4b3b-90c2-dc790e7989db,,,,,,,,,,,,,,,,,,,,,,,,,,,,,,,,,,,,,,,,,,,,,,,,,,,,,,,,,,,,,,,,,,
training_event,training,e92e7c09-c1b8-4f72-a7a8-f75077608d1b,ae783848-2824-4641-ad06-bdbe4a7d7baf,2026-09-06T15:51:12.723000+00:00,keydown,37,,,195.1,,,,,,,,controlled_typing,0,,,,,,,,,,/app/training,dev_756613b6-f97b-4b3b-90c2-dc790e7989db,,,,,,,,,,,,,,,,,,,,,,,,,,,,,,,,,,,,,,,,,,,,,,,,,,,,,,,,,,,,,,,,,,
training_event,training,e92e7c09-c1b8-4f72-a7a8-f75077608d1b,ae783848-2824-4641-ad06-bdbe4a7d7baf,2026-09-06T15:51:12.793000+00:00,keyup,37,,70.5,,,,,,,,,controlled_typing,0,,,,,,,,,,/app/training,dev_756613b6-f97b-4b3b-90c2-dc790e7989db,,,,,,,,,,,,,,,,,,,,,,,,,,,,,,,,,,,,,,,,,,,,,,,,,,,,,,,,,,,,,,,,,,
training_event,training,e92e7c09-c1b8-4f72-a7a8-f75077608d1b,ae783848-2824-4641-ad06-bdbe4a7d7baf,2026-09-06T15:51:12.919000+00:00,keydown,37,,,196.6,,,,,,,,controlled_typing,0,,,,,,,,,,/app/training,dev_756613b6-f97b-4b3b-90c2-dc790e7989db,,,,,,,,,,,,,,,,,,,,,,,,,,,,,,,,,,,,,,,,,,,,,,,,,,,,,,,,,,,,,,,,,,
training_event,training,e92e7c09-c1b8-4f72-a7a8-f75077608d1b,ae783848-2824-4641-ad06-bdbe4a7d7baf,2026-09-06T15:51:13.006000+00:00,keyup,37,,86.4,,,,,,,,,controlled_typing,0,,,,,,,,,,/app/training,dev_756613b6-f97b-4b3b-90c2-dc790e7989db,,,,,,,,,,,,,,,,,,,,,,,,,,,,,,,,,,,,,,,,,,,,,,,,,,,,,,,,,,,,,,,,,,
training_event,training,e92e7c09-c1b8-4f72-a7a8-f75077608d1b,ae783848-2824-4641-ad06-bdbe4a7d7baf,2026-09-06T15:51:13.368000+00:00,keydown,39,,,449.3,,,,,,,,controlled_typing,0,,,,,,,,,,/app/training,dev_756613b6-f97b-4b3b-90c2-dc790e7989db,,,,,,,,,,,,,,,,,,,,,,,,,,,,,,,,,,,,,,,,,,,,,,,,,,,,,,,,,,,,,,,,,,
training_event,training,e92e7c09-c1b8-4f72-a7a8-f75077608d1b,ae783848-2824-4641-ad06-bdbe4a7d7baf,2026-09-06T15:51:13.430000+00:00,keyup,39,,61.7,,,,,,,,,controlled_typing,0,,,,,,,,,,/app/training,dev_756613b6-f97b-4b3b-90c2-dc790e7989db,,,,,,,,,,,,,,,,,,,,,,,,,,,,,,,,,,,,,,,,,,,,,,,,,,,,,,,,,,,,,,,,,,
training_event,training,e92e7c09-c1b8-4f72-a7a8-f75077608d1b,ae783848-2824-4641-ad06-bdbe4a7d7baf,2026-09-06T15:51:13.529000+00:00,keydown,39,,,160.3,,,,,,,,controlled_typing,0,,,,,,,,,,/app/training,dev_756613b6-f97b-4b3b-90c2-dc790e7989db,,,,,,,,,,,,,,,,,,,,,,,,,,,,,,,,,,,,,,,,,,,,,,,,,,,,,,,,,,,,,,,,,,
training_event,training,e92e7c09-c1b8-4f72-a7a8-f75077608d1b,ae783848-2824-4641-ad06-bdbe4a7d7baf,2026-09-06T15:51:13.587000+00:00,keyup,39,,58.0,,,,,,,,,controlled_typing,0,,,,,,,,,,/app/training,dev_756613b6-f97b-4b3b-90c2-dc790e7989db,,,,,,,,,,,,,,,,,,,,,,,,,,,,,,,,,,,,,,,,,,,,,,,,,,,,,,,,,,,,,,,,,,
training_event,training,e92e7c09-c1b8-4f72-a7a8-f75077608d1b,ae783848-2824-4641-ad06-bdbe4a7d7baf,2026-09-06T15:51:13.669000+00:00,keydown,39,,,140.2,,,,,,,,controlled_typing,0,,,,,,,,,,/app/training,dev_756613b6-f97b-4b3b-90c2-dc790e7989db,,,,,,,,,,,,,,,,,,,,,,,,,,,,,,,,,,,,,,,,,,,,,,,,,,,,,,,,,,,,,,,,,,
training_event,training,e92e7c09-c1b8-4f72-a7a8-f75077608d1b,ae783848-2824-4641-ad06-bdbe4a7d7baf,2026-09-06T15:51:13.752000+00:00,keyup,39,,82.8,,,,,,,,,controlled_typing,0,,,,,,,,,,/app/training,dev_756613b6-f97b-4b3b-90c2-dc790e7989db,,,,,,,,,,,,,,,,,,,,,,,,,,,,,,,,,,,,,,,,,,,,,,,,,,,,,,,,,,,,,,,,,,
training_event,training,e92e7c09-c1b8-4f72-a7a8-f75077608d1b,ae783848-2824-4641-ad06-bdbe4a7d7baf,2026-09-06T15:51:14.079000+00:00,keydown,220,,,410.6,,,,,,,,controlled_typing,0,,,,,,,,,,/app/training,dev_756613b6-f97b-4b3b-90c2-dc790e7989db,,,,,,,,,,,,,,,,,,,,,,,,,,,,,,,,,,,,,,,,,,,,,,,,,,,,,,,,,,,,,,,,,,
training_event,training,e92e7c09-c1b8-4f72-a7a8-f75077608d1b,ae783848-2824-4641-ad06-bdbe4a7d7baf,2026-09-06T15:51:14.139000+00:00,keyup,220,,59.1,,,,,,,,,controlled_typing,0,,,,,,,,,,/app/training,dev_756613b6-f97b-4b3b-90c2-dc790e7989db,,,,,,,,,,,,,,,,,,,,,,,,,,,,,,,,,,,,,,,,,,,,,,,,,,,,,,,,,,,,,,,,,,
training_event,training,e92e7c09-c1b8-4f72-a7a8-f75077608d1b,ae783848-2824-4641-ad06-bdbe4a7d7baf,2026-09-06T15:51:14.443000+00:00,keydown,8,,,363.6,,,,,,,,controlled_typing,0,,,,,,,,,,/app/training,dev_756613b6-f97b-4b3b-90c2-dc790e7989db,,,,,,,,,,,,,,,,,,,,,,,,,,,,,,,,,,,,,,,,,,,,,,,,,,,,,,,,,,,,,,,,,,
training_event,training,e92e7c09-c1b8-4f72-a7a8-f75077608d1b,ae783848-2824-4641-ad06-bdbe4a7d7baf,2026-09-06T15:51:14.528000+00:00,keyup,8,,85.1,,,,,,,,,controlled_typing,0,,,,,,,,,,/app/training,dev_756613b6-f97b-4b3b-90c2-dc790e7989db,,,,,,,,,,,,,,,,,,,,,,,,,,,,,,,,,,,,,,,,,,,,,,,,,,,,,,,,,,,,,,,,,,
training_event,training,e92e7c09-c1b8-4f72-a7a8-f75077608d1b,ae783848-2824-4641-ad06-bdbe4a7d7baf,2026-09-06T15:51:15.187000+00:00,keydown,8,,,743.4,,,,,,,,controlled_typing,0,,,,,,,,,,/app/training,dev_756613b6-f97b-4b3b-90c2-dc790e7989db,,,,,,,,,,,,,,,,,,,,,,,,,,,,,,,,,,,,,,,,,,,,,,,,,,,,,,,,,,,,,,,,,,
training_event,training,e92e7c09-c1b8-4f72-a7a8-f75077608d1b,ae783848-2824-4641-ad06-bdbe4a7d7baf,2026-09-06T15:51:15.232000+00:00,keyup,8,,45.5,,,,,,,,,controlled_typing,0,,,,,,,,,,/app/training,dev_756613b6-f97b-4b3b-90c2-dc790e7989db,,,,,,,,,,,,,,,,,,,,,,,,,,,,,,,,,,,,,,,,,,,,,,,,,,,,,,,,,,,,,,,,,,
training_event,training,e92e7c09-c1b8-4f72-a7a8-f75077608d1b,ae783848-2824-4641-ad06-bdbe4a7d7baf,2026-09-06T15:51:15.843000+00:00,keydown,73,i,,656.6,,,,,,,,controlled_typing,0,,,,,,,,,,/app/training,dev_756613b6-f97b-4b3b-90c2-dc790e7989db,,,,,,,,,,,,,,,,,,,,,,,,,,,,,,,,,,,,,,,,,,,,,,,,,,,,,,,,,,,,,,,,,,
training_event,training,e92e7c09-c1b8-4f72-a7a8-f75077608d1b,2fcd1cb5-1a62-453e-a657-e1bd8fb5db0b,2026-09-06T15:51:24.250000+00:00,keydown,65,A,,,,,,,,,,controlled_typing,1,,,,,,,,,,/app/training,dev_756613b6-f97b-4b3b-90c2-dc790e7989db,,,,,,,,,,,,,,,,,,,,,,,,,,,,,,,,,,,,,,,,,,,,,,,,,,,,,,,,,,,,,,,,,,
training_event,training,e92e7c09-c1b8-4f72-a7a8-f75077608d1b,2fcd1cb5-1a62-453e-a657-e1bd8fb5db0b,2026-09-06T15:51:24.416000+00:00,keyup,65,,166.2,,,,,,,,,controlled_typing,1,,,,,,,,,,/app/training,dev_756613b6-f97b-4b3b-90c2-dc790e7989db,,,,,,,,,,,,,,,,,,,,,,,,,,,,,,,,,,,,,,,,,,,,,,,,,,,,,,,,,,,,,,,,,,
training_event,training,e92e7c09-c1b8-4f72-a7a8-f75077608d1b,2fcd1cb5-1a62-453e-a657-e1bd8fb5db0b,2026-09-06T15:51:24.714000+00:00,keydown,68,d,,464.1,,,,,,,,controlled_typing,1,,,,,,,,,,/app/training,dev_756613b6-f97b-4b3b-90c2-dc790e7989db,,,,,,,,,,,,,,,,,,,,,,,,,,,,,,,,,,,,,,,,,,,,,,,,,,,,,,,,,,,,,,,,,,
training_event,training,e92e7c09-c1b8-4f72-a7a8-f75077608d1b,2fcd1cb5-1a62-453e-a657-e1bd8fb5db0b,2026-09-06T15:51:24.798000+00:00,keydown,65,a,,84.8,,,,,,,,controlled_typing,1,,,,,,,,,,/app/training,dev_756613b6-f97b-4b3b-90c2-dc790e7989db,,,,,,,,,,,,,,,,,,,,,,,,,,,,,,,,,,,,,,,,,,,,,,,,,,,,,,,,,,,,,,,,,,
training_event,training,e92e7c09-c1b8-4f72-a7a8-f75077608d1b,2fcd1cb5-1a62-453e-a657-e1bd8fb5db0b,2026-09-06T15:51:24.833000+00:00,keyup,68,,119.5,,,,,,,,,controlled_typing,1,,,,,,,,,,/app/training,dev_756613b6-f97b-4b3b-90c2-dc790e7989db,,,,,,,,,,,,,,,,,,,,,,,,,,,,,,,,,,,,,,,,,,,,,,,,,,,,,,,,,,,,,,,,,,
training_event,training,e92e7c09-c1b8-4f72-a7a8-f75077608d1b,2fcd1cb5-1a62-453e-a657-e1bd8fb5db0b,2026-09-06T15:51:24.907000+00:00,keydown,80,p,,108.1,,,,,,,,controlled_typing,1,,,,,,,,,,/app/training,dev_756613b6-f97b-4b3b-90c2-dc790e7989db,,,,,,,,,,,,,,,,,,,,,,,,,,,,,,,,,,,,,,,,,,,,,,,,,,,,,,,,,,,,,,,,,,
training_event,training,e92e7c09-c1b8-4f72-a7a8-f75077608d1b,2fcd1cb5-1a62-453e-a657-e1bd8fb5db0b,2026-09-06T15:51:24.964000+00:00,keyup,65,,165.8,,,,,,,,,controlled_typing,1,,,,,,,,,,/app/training,dev_756613b6-f97b-4b3b-90c2-dc790e7989db,,,,,,,,,,,,,,,,,,,,,,,,,,,,,,,,,,,,,,,,,,,,,,,,,,,,,,,,,,,,,,,,,,
training_event,training,e92e7c09-c1b8-4f72-a7a8-f75077608d1b,2fcd1cb5-1a62-453e-a657-e1bd8fb5db0b,2026-09-06T15:51:24.999000+00:00,keyup,80,,92.2,,,,,,,,,controlled_typing,1,,,,,,,,,,/app/training,dev_756613b6-f97b-4b3b-90c2-dc790e7989db,,,,,,,,,,,,,,,,,,,,,,,,,,,,,,,,,,,,,,,,,,,,,,,,,,,,,,,,,,,,,,,,,,
training_event,training,e92e7c09-c1b8-4f72-a7a8-f75077608d1b,2fcd1cb5-1a62-453e-a657-e1bd8fb5db0b,2026-09-06T15:51:25.184000+00:00,keydown,84,t,,277.5,,,,,,,,controlled_typing,1,,,,,,,,,,/app/training,dev_756613b6-f97b-4b3b-90c2-dc790e7989db,,,,,,,,,,,,,,,,,,,,,,,,,,,,,,,,,,,,,,,,,,,,,,,,,,,,,,,,,,,,,,,,,,
training_event,training,e92e7c09-c1b8-4f72-a7a8-f75077608d1b,2fcd1cb5-1a62-453e-a657-e1bd8fb5db0b,2026-09-06T15:51:25.268000+00:00,keyup,84,,84.2,,,,,,,,,controlled_typing,1,,,,,,,,,,/app/training,dev_756613b6-f97b-4b3b-90c2-dc790e7989db,,,,,,,,,,,,,,,,,,,,,,,,,,,,,,,,,,,,,,,,,,,,,,,,,,,,,,,,,,,,,,,,,,
training_event,training,e92e7c09-c1b8-4f72-a7a8-f75077608d1b,2fcd1cb5-1a62-453e-a657-e1bd8fb5db0b,2026-09-06T15:51:25.303000+00:00,keydown,73,i,,119.0,,,,,,,,controlled_typing,1,,,,,,,,,,/app/training,dev_756613b6-f97b-4b3b-90c2-dc790e7989db,,,,,,,,,,,,,,,,,,,,,,,,,,,,,,,,,,,,,,,,,,,,,,,,,,,,,,,,,,,,,,,,,,
training_event,training,e92e7c09-c1b8-4f72-a7a8-f75077608d1b,2fcd1cb5-1a62-453e-a657-e1bd8fb5db0b,2026-09-06T15:51:25.401000+00:00,keyup,73,,97.6,,,,,,,,,controlled_typing,1,,,,,,,,,,/app/training,dev_756613b6-f97b-4b3b-90c2-dc790e7989db,,,,,,,,,,,,,,,,,,,,,,,,,,,,,,,,,,,,,,,,,,,,,,,,,,,,,,,,,,,,,,,,,,
training_event,training,e92e7c09-c1b8-4f72-a7a8-f75077608d1b,2fcd1cb5-1a62-453e-a657-e1bd8fb5db0b,2026-09-06T15:51:25.526000+00:00,keydown,86,v,,222.6,,,,,,,,controlled_typing,1,,,,,,,,,,/app/training,dev_756613b6-f97b-4b3b-90c2-dc790e7989db,,,,,,,,,,,,,,,,,,,,,,,,,,,,,,,,,,,,,,,,,,,,,,,,,,,,,,,,,,,,,,,,,,
training_event,training,e92e7c09-c1b8-4f72-a7a8-f75077608d1b,2fcd1cb5-1a62-453e-a657-e1bd8fb5db0b,2026-09-06T15:51:25.588000+00:00,keyup,86,,61.9,,,,,,,,,controlled_typing,1,,,,,,,,,,/app/training,dev_756613b6-f97b-4b3b-90c2-dc790e7989db,,,,,,,,,,,,,,,,,,,,,,,,,,,,,,,,,,,,,,,,,,,,,,,,,,,,,,,,,,,,,,,,,,
training_event,training,e92e7c09-c1b8-4f72-a7a8-f75077608d1b,2fcd1cb5-1a62-453e-a657-e1bd8fb5db0b,2026-09-06T15:51:25.601000+00:00,keydown,69,e,,75.3,,,,,,,,controlled_typing,1,,,,,,,,,,/app/training,dev_756613b6-f97b-4b3b-90c2-dc790e7989db,,,,,,,,,,,,,,,,,,,,,,,,,,,,,,,,,,,,,,,,,,,,,,,,,,,,,,,,,,,,,,,,,,
training_event,training,e92e7c09-c1b8-4f72-a7a8-f75077608d1b,2fcd1cb5-1a62-453e-a657-e1bd8fb5db0b,2026-09-06T15:51:25.698000+00:00,keydown,32, ,,97.5,,,,,,,,controlled_typing,1,,,,,,,,,,/app/training,dev_756613b6-f97b-4b3b-90c2-dc790e7989db,,,,,,,,,,,,,,,,,,,,,,,,,,,,,,,,,,,,,,,,,,,,,,,,,,,,,,,,,,,,,,,,,,
training_event,training,e92e7c09-c1b8-4f72-a7a8-f75077608d1b,2fcd1cb5-1a62-453e-a657-e1bd8fb5db0b,2026-09-06T15:51:25.709000+00:00,keyup,69,,108.1,,,,,,,,,controlled_typing,1,,,,,,,,,,/app/training,dev_756613b6-f97b-4b3b-90c2-dc790e7989db,,,,,,,,,,,,,,,,,,,,,,,,,,,,,,,,,,,,,,,,,,,,,,,,,,,,,,,,,,,,,,,,,,
training_event,training,e92e7c09-c1b8-4f72-a7a8-f75077608d1b,2fcd1cb5-1a62-453e-a657-e1bd8fb5db0b,2026-09-06T15:51:25.771000+00:00,keyup,32,,72.5,,,,,,,,,controlled_typing,1,,,,,,,,,,/app/training,dev_756613b6-f97b-4b3b-90c2-dc790e7989db,,,,,,,,,,,,,,,,,,,,,,,,,,,,,,,,,,,,,,,,,,,,,,,,,,,,,,,,,,,,,,,,,,
training_event,training,e92e7c09-c1b8-4f72-a7a8-f75077608d1b,2fcd1cb5-1a62-453e-a657-e1bd8fb5db0b,2026-09-06T15:51:26.164000+00:00,keydown,8,,,465.5,,,,,,,,controlled_typing,1,,,,,,,,,,/app/training,dev_756613b6-f97b-4b3b-90c2-dc790e7989db,,,,,,,,,,,,,,,,,,,,,,,,,,,,,,,,,,,,,,,,,,,,,,,,,,,,,,,,,,,,,,,,,,
training_event,training,e92e7c09-c1b8-4f72-a7a8-f75077608d1b,2fcd1cb5-1a62-453e-a657-e1bd8fb5db0b,2026-09-06T15:51:26.227000+00:00,keyup,8,,63.0,,,,,,,,,controlled_typing,1,,,,,,,,,,/app/training,dev_756613b6-f97b-4b3b-90c2-dc790e7989db,,,,,,,,,,,,,,,,,,,,,,,,,,,,,,,,,,,,,,,,,,,,,,,,,,,,,,,,,,,,,,,,,,
training_event,training,e92e7c09-c1b8-4f72-a7a8-f75077608d1b,2fcd1cb5-1a62-453e-a657-e1bd8fb5db0b,2026-09-06T15:51:26.444000+00:00,keydown,71,G,,279.7,,,,,,,,controlled_typing,1,,,,,,,,,,/app/training,dev_756613b6-f97b-4b3b-90c2-dc790e7989db,,,,,,,,,,,,,,,,,,,,,,,,,,,,,,,,,,,,,,,,,,,,,,,,,,,,,,,,,,,,,,,,,,
training_event,training,e92e7c09-c1b8-4f72-a7a8-f75077608d1b,2fcd1cb5-1a62-453e-a657-e1bd8fb5db0b,2026-09-06T15:51:26.510000+00:00,keyup,71,,66.3,,,,,,,,,controlled_typing,1,,,,,,,,,,/app/training,dev_756613b6-f97b-4b3b-90c2-dc790e7989db,,,,,,,,,,,,,,,,,,,,,,,,,,,,,,,,,,,,,,,,,,,,,,,,,,,,,,,,,,,,,,,,,,
training_event,training,e92e7c09-c1b8-4f72-a7a8-f75077608d1b,2fcd1cb5-1a62-453e-a657-e1bd8fb5db0b,2026-09-06T15:51:26.707000+00:00,keydown,65,a,,263.4,,,,,,,,controlled_typing,1,,,,,,,,,,/app/training,dev_756613b6-f97b-4b3b-90c2-dc790e7989db,,,,,,,,,,,,,,,,,,,,,,,,,,,,,,,,,,,,,,,,,,,,,,,,,,,,,,,,,,,,,,,,,,
training_event,training,e92e7c09-c1b8-4f72-a7a8-f75077608d1b,2fcd1cb5-1a62-453e-a657-e1bd8fb5db0b,2026-09-06T15:51:26.781000+00:00,keydown,85,u,,73.4,,,,,,,,controlled_typing,1,,,,,,,,,,/app/training,dev_756613b6-f97b-4b3b-90c2-dc790e7989db,,,,,,,,,,,,,,,,,,,,,,,,,,,,,,,,,,,,,,,,,,,,,,,,,,,,,,,,,,,,,,,,,,
training_event,training,e92e7c09-c1b8-4f72-a7a8-f75077608d1b,2fcd1cb5-1a62-453e-a657-e1bd8fb5db0b,2026-09-06T15:51:26.820000+00:00,keyup,65,,113.2,,,,,,,,,controlled_typing,1,,,,,,,,,,/app/training,dev_756613b6-f97b-4b3b-90c2-dc790e7989db,,,,,,,,,,,,,,,,,,,,,,,,,,,,,,,,,,,,,,,,,,,,,,,,,,,,,,,,,,,,,,,,,,
training_event,training,e92e7c09-c1b8-4f72-a7a8-f75077608d1b,2fcd1cb5-1a62-453e-a657-e1bd8fb5db0b,2026-09-06T15:51:26.851000+00:00,keyup,85,,70.4,,,,,,,,,controlled_typing,1,,,,,,,,,,/app/training,dev_756613b6-f97b-4b3b-90c2-dc790e7989db,,,,,,,,,,,,,,,,,,,,,,,,,,,,,,,,,,,,,,,,,,,,,,,,,,,,,,,,,,,,,,,,,,
training_event,training,e92e7c09-c1b8-4f72-a7a8-f75077608d1b,2fcd1cb5-1a62-453e-a657-e1bd8fb5db0b,2026-09-06T15:51:26.953000+00:00,keydown,82,r,,172.4,,,,,,,,controlled_typing,1,,,,,,,,,,/app/training,dev_756613b6-f97b-4b3b-90c2-dc790e7989db,,,,,,,,,,,,,,,,,,,,,,,,,,,,,,,,,,,,,,,,,,,,,,,,,,,,,,,,,,,,,,,,,,
training_event,training,e92e7c09-c1b8-4f72-a7a8-f75077608d1b,2fcd1cb5-1a62-453e-a657-e1bd8fb5db0b,2026-09-06T15:51:27.026000+00:00,keyup,82,,73.4,,,,,,,,,controlled_typing,1,,,,,,,,,,/app/training,dev_756613b6-f97b-4b3b-90c2-dc790e7989db,,,,,,,,,,,,,,,,,,,,,,,,,,,,,,,,,,,,,,,,,,,,,,,,,,,,,,,,,,,,,,,,,,
training_event,training,e92e7c09-c1b8-4f72-a7a8-f75077608d1b,2fcd1cb5-1a62-453e-a657-e1bd8fb5db0b,2026-09-06T15:51:27.127000+00:00,keydown,68,d,,174.2,,,,,,,,controlled_typing,1,,,,,,,,,,/app/training,dev_756613b6-f97b-4b3b-90c2-dc790e7989db,,,,,,,,,,,,,,,,,,,,,,,,,,,,,,,,,,,,,,,,,,,,,,,,,,,,,,,,,,,,,,,,,,
training_event,training,e92e7c09-c1b8-4f72-a7a8-f75077608d1b,2fcd1cb5-1a62-453e-a657-e1bd8fb5db0b,2026-09-06T15:51:27.177000+00:00,keydown,73,i,,49.5,,,,,,,,controlled_typing,1,,,,,,,,,,/app/training,dev_756613b6-f97b-4b3b-90c2-dc790e7989db,,,,,,,,,,,,,,,,,,,,,,,,,,,,,,,,,,,,,,,,,,,,,,,,,,,,,,,,,,,,,,,,,,
training_event,training,e92e7c09-c1b8-4f72-a7a8-f75077608d1b,2fcd1cb5-1a62-453e-a657-e1bd8fb5db0b,2026-09-06T15:51:27.195000+00:00,keyup,68,,67.6,,,,,,,,,controlled_typing,1,,,,,,,,,,/app/training,dev_756613b6-f97b-4b3b-90c2-dc790e7989db,,,,,,,,,,,,,,,,,,,,,,,,,,,,,,,,,,,,,,,,,,,,,,,,,,,,,,,,,,,,,,,,,,
training_event,training,e92e7c09-c1b8-4f72-a7a8-f75077608d1b,2fcd1cb5-1a62-453e-a657-e1bd8fb5db0b,2026-09-06T15:51:27.260000+00:00,keyup,73,,83.2,,,,,,,,,controlled_typing,1,,,,,,,,,,/app/training,dev_756613b6-f97b-4b3b-90c2-dc790e7989db,,,,,,,,,,,,,,,,,,,,,,,,,,,,,,,,,,,,,,,,,,,,,,,,,,,,,,,,,,,,,,,,,,
training_event,training,e92e7c09-c1b8-4f72-a7a8-f75077608d1b,2fcd1cb5-1a62-453e-a657-e1bd8fb5db0b,2026-09-06T15:51:27.309000+00:00,keydown,65,a,,132.5,,,,,,,,controlled_typing,1,,,,,,,,,,/app/training,dev_756613b6-f97b-4b3b-90c2-dc790e7989db,,,,,,,,,,,,,,,,,,,,,,,,,,,,,,,,,,,,,,,,,,,,,,,,,,,,,,,,,,,,,,,,,,
training_event,training,e92e7c09-c1b8-4f72-a7a8-f75077608d1b,2fcd1cb5-1a62-453e-a657-e1bd8fb5db0b,2026-09-06T15:51:27.391000+00:00,keydown,78,n,,81.5,,,,,,,,controlled_typing,1,,,,,,,,,,/app/training,dev_756613b6-f97b-4b3b-90c2-dc790e7989db,,,,,,,,,,,,,,,,,,,,,,,,,,,,,,,,,,,,,,,,,,,,,,,,,,,,,,,,,,,,,,,,,,
training_event,training,e92e7c09-c1b8-4f72-a7a8-f75077608d1b,2fcd1cb5-1a62-453e-a657-e1bd8fb5db0b,2026-09-06T15:51:27.422000+00:00,keyup,65,,112.7,,,,,,,,,controlled_typing,1,,,,,,,,,,/app/training,dev_756613b6-f97b-4b3b-90c2-dc790e7989db,,,,,,,,,,,,,,,,,,,,,,,,,,,,,,,,,,,,,,,,,,,,,,,,,,,,,,,,,,,,,,,,,,
training_event,training,e92e7c09-c1b8-4f72-a7a8-f75077608d1b,2fcd1cb5-1a62-453e-a657-e1bd8fb5db0b,2026-09-06T15:51:27.459000+00:00,keyup,78,,68.5,,,,,,,,,controlled_typing,1,,,,,,,,,,/app/training,dev_756613b6-f97b-4b3b-90c2-dc790e7989db,,,,,,,,,,,,,,,,,,,,,,,,,,,,,,,,,,,,,,,,,,,,,,,,,,,,,,,,,,,,,,,,,,
training_event,training,e92e7c09-c1b8-4f72-a7a8-f75077608d1b,2fcd1cb5-1a62-453e-a657-e1bd8fb5db0b,2026-09-06T15:51:27.557000+00:00,keydown,32, ,,166.1,,,,,,,,controlled_typing,1,,,,,,,,,,/app/training,dev_756613b6-f97b-4b3b-90c2-dc790e7989db,,,,,,,,,,,,,,,,,,,,,,,,,,,,,,,,,,,,,,,,,,,,,,,,,,,,,,,,,,,,,,,,,,
training_event,training,e92e7c09-c1b8-4f72-a7a8-f75077608d1b,2fcd1cb5-1a62-453e-a657-e1bd8fb5db0b,2026-09-06T15:51:27.626000+00:00,keyup,32,,69.3,,,,,,,,,controlled_typing,1,,,,,,,,,,/app/training,dev_756613b6-f97b-4b3b-90c2-dc790e7989db,,,,,,,,,,,,,,,,,,,,,,,,,,,,,,,,,,,,,,,,,,,,,,,,,,,,,,,,,,,,,,,,,,
training_event,training,e92e7c09-c1b8-4f72-a7a8-f75077608d1b,2fcd1cb5-1a62-453e-a657-e1bd8fb5db0b,2026-09-06T15:51:28.042000+00:00,keydown,67,C,,485.0,,,,,,,,controlled_typing,1,,,,,,,,,,/app/training,dev_756613b6-f97b-4b3b-90c2-dc790e7989db,,,,,,,,,,,,,,,,,,,,,,,,,,,,,,,,,,,,,,,,,,,,,,,,,,,,,,,,,,,,,,,,,,
training_event,training,e92e7c09-c1b8-4f72-a7a8-f75077608d1b,2fcd1cb5-1a62-453e-a657-e1bd8fb5db0b,2026-09-06T15:51:28.125000+00:00,keyup,67,,83.4,,,,,,,,,controlled_typing,1,,,,,,,,,,/app/training,dev_756613b6-f97b-4b3b-90c2-dc790e7989db,,,,,,,,,,,,,,,,,,,,,,,,,,,,,,,,,,,,,,,,,,,,,,,,,,,,,,,,,,,,,,,,,,
training_event,training,e92e7c09-c1b8-4f72-a7a8-f75077608d1b,2fcd1cb5-1a62-453e-a657-e1bd8fb5db0b,2026-09-06T15:51:28.431000+00:00,keydown,8,,,389.2,,,,,,,,controlled_typing,1,,,,,,,,,,/app/training,dev_756613b6-f97b-4b3b-90c2-dc790e7989db,,,,,,,,,,,,,,,,,,,,,,,,,,,,,,,,,,,,,,,,,,,,,,,,,,,,,,,,,,,,,,,,,,
training_event,training,e92e7c09-c1b8-4f72-a7a8-f75077608d1b,2fcd1cb5-1a62-453e-a657-e1bd8fb5db0b,2026-09-06T15:51:28.493000+00:00,keyup,8,,61.7,,,,,,,,,controlled_typing,1,,,,,,,,,,/app/training,dev_756613b6-f97b-4b3b-90c2-dc790e7989db,,,,,,,,,,,,,,,,,,,,,,,,,,,,,,,,,,,,,,,,,,,,,,,,,,,,,,,,,,,,,,,,,,
training_event,training,e92e7c09-c1b8-4f72-a7a8-f75077608d1b,2fcd1cb5-1a62-453e-a657-e1bd8fb5db0b,2026-09-06T15:51:28.577000+00:00,keydown,67,c,,146.3,,,,,,,,controlled_typing,1,,,,,,,,,,/app/training,dev_756613b6-f97b-4b3b-90c2-dc790e7989db,,,,,,,,,,,,,,,,,,,,,,,,,,,,,,,,,,,,,,,,,,,,,,,,,,,,,,,,,,,,,,,,,,
training_event,training,e92e7c09-c1b8-4f72-a7a8-f75077608d1b,2fcd1cb5-1a62-453e-a657-e1bd8fb5db0b,2026-09-06T15:51:28.685000+00:00,keyup,67,,107.6,,,,,,,,,controlled_typing,1,,,,,,,,,,/app/training,dev_756613b6-f97b-4b3b-90c2-dc790e7989db,,,,,,,,,,,,,,,,,,,,,,,,,,,,,,,,,,,,,,,,,,,,,,,,,,,,,,,,,,,,,,,,,,
training_event,training,e92e7c09-c1b8-4f72-a7a8-f75077608d1b,2fcd1cb5-1a62-453e-a657-e1bd8fb5db0b,2026-09-06T15:51:28.698000+00:00,keydown,79,o,,121.0,,,,,,,,controlled_typing,1,,,,,,,,,,/app/training,dev_756613b6-f97b-4b3b-90c2-dc790e7989db,,,,,,,,,,,,,,,,,,,,,,,,,,,,,,,,,,,,,,,,,,,,,,,,,,,,,,,,,,,,,,,,,,
training_event,training,e92e7c09-c1b8-4f72-a7a8-f75077608d1b,2fcd1cb5-1a62-453e-a657-e1bd8fb5db0b,2026-09-06T15:51:28.792000+00:00,keyup,79,,94.0,,,,,,,,,controlled_typing,1,,,,,,,,,,/app/training,dev_756613b6-f97b-4b3b-90c2-dc790e7989db,,,,,,,,,,,,,,,,,,,,,,,,,,,,,,,,,,,,,,,,,,,,,,,,,,,,,,,,,,,,,,,,,,
training_event,training,e92e7c09-c1b8-4f72-a7a8-f75077608d1b,2fcd1cb5-1a62-453e-a657-e1bd8fb5db0b,2026-09-06T15:51:28.848000+00:00,keydown,78,n,,149.5,,,,,,,,controlled_typing,1,,,,,,,,,,/app/training,dev_756613b6-f97b-4b3b-90c2-dc790e7989db,,,,,,,,,,,,,,,,,,,,,,,,,,,,,,,,,,,,,,,,,,,,,,,,,,,,,,,,,,,,,,,,,,
training_event,training,e92e7c09-c1b8-4f72-a7a8-f75077608d1b,2fcd1cb5-1a62-453e-a657-e1bd8fb5db0b,2026-09-06T15:51:28.946000+00:00,keyup,78,,98.5,,,,,,,,,controlled_typing,1,,,,,,,,,,/app/training,dev_756613b6-f97b-4b3b-90c2-dc790e7989db,,,,,,,,,,,,,,,,,,,,,,,,,,,,,,,,,,,,,,,,,,,,,,,,,,,,,,,,,,,,,,,,,,
training_event,training,e92e7c09-c1b8-4f72-a7a8-f75077608d1b,2fcd1cb5-1a62-453e-a657-e1bd8fb5db0b,2026-09-06T15:51:28.955000+00:00,keydown,84,t,,107.3,,,,,,,,controlled_typing,1,,,,,,,,,,/app/training,dev_756613b6-f97b-4b3b-90c2-dc790e7989db,,,,,,,,,,,,,,,,,,,,,,,,,,,,,,,,,,,,,,,,,,,,,,,,,,,,,,,,,,,,,,,,,,
training_event,training,e92e7c09-c1b8-4f72-a7a8-f75077608d1b,2fcd1cb5-1a62-453e-a657-e1bd8fb5db0b,2026-09-06T15:51:29.057000+00:00,keyup,84,,102.2,,,,,,,,,controlled_typing,1,,,,,,,,,,/app/training,dev_756613b6-f97b-4b3b-90c2-dc790e7989db,,,,,,,,,,,,,,,,,,,,,,,,,,,,,,,,,,,,,,,,,,,,,,,,,,,,,,,,,,,,,,,,,,
training_event,training,e92e7c09-c1b8-4f72-a7a8-f75077608d1b,2fcd1cb5-1a62-453e-a657-e1bd8fb5db0b,2026-09-06T15:51:29.062000+00:00,keydown,73,i,,106.7,,,,,,,,controlled_typing,1,,,,,,,,,,/app/training,dev_756613b6-f97b-4b3b-90c2-dc790e7989db,,,,,,,,,,,,,,,,,,,,,,,,,,,,,,,,,,,,,,,,,,,,,,,,,,,,,,,,,,,,,,,,,,
training_event,training,e92e7c09-c1b8-4f72-a7a8-f75077608d1b,2fcd1cb5-1a62-453e-a657-e1bd8fb5db0b,2026-09-06T15:51:29.136000+00:00,keyup,73,,74.5,,,,,,,,,controlled_typing,1,,,,,,,,,,/app/training,dev_756613b6-f97b-4b3b-90c2-dc790e7989db,,,,,,,,,,,,,,,,,,,,,,,,,,,,,,,,,,,,,,,,,,,,,,,,,,,,,,,,,,,,,,,,,,
training_event,training,e92e7c09-c1b8-4f72-a7a8-f75077608d1b,2fcd1cb5-1a62-453e-a657-e1bd8fb5db0b,2026-09-06T15:51:29.219000+00:00,keydown,78,n,,157.7,,,,,,,,controlled_typing,1,,,,,,,,,,/app/training,dev_756613b6-f97b-4b3b-90c2-dc790e7989db,,,,,,,,,,,,,,,,,,,,,,,,,,,,,,,,,,,,,,,,,,,,,,,,,,,,,,,,,,,,,,,,,,
training_event,training,e92e7c09-c1b8-4f72-a7a8-f75077608d1b,2fcd1cb5-1a62-453e-a657-e1bd8fb5db0b,2026-09-06T15:51:29.318000+00:00,keyup,78,,98.3,,,,,,,,,controlled_typing,1,,,,,,,,,,/app/training,dev_756613b6-f97b-4b3b-90c2-dc790e7989db,,,,,,,,,,,,,,,,,,,,,,,,,,,,,,,,,,,,,,,,,,,,,,,,,,,,,,,,,,,,,,,,,,
training_event,training,e92e7c09-c1b8-4f72-a7a8-f75077608d1b,2fcd1cb5-1a62-453e-a657-e1bd8fb5db0b,2026-09-06T15:51:29.358000+00:00,keydown,85,u,,139.0,,,,,,,,controlled_typing,1,,,,,,,,,,/app/training,dev_756613b6-f97b-4b3b-90c2-dc790e7989db,,,,,,,,,,,,,,,,,,,,,,,,,,,,,,,,,,,,,,,,,,,,,,,,,,,,,,,,,,,,,,,,,,
training_event,training,e92e7c09-c1b8-4f72-a7a8-f75077608d1b,2fcd1cb5-1a62-453e-a657-e1bd8fb5db0b,2026-09-06T15:51:29.424000+00:00,keyup,85,,65.5,,,,,,,,,controlled_typing,1,,,,,,,,,,/app/training,dev_756613b6-f97b-4b3b-90c2-dc790e7989db,,,,,,,,,,,,,,,,,,,,,,,,,,,,,,,,,,,,,,,,,,,,,,,,,,,,,,,,,,,,,,,,,,
training_event,training,e92e7c09-c1b8-4f72-a7a8-f75077608d1b,2fcd1cb5-1a62-453e-a657-e1bd8fb5db0b,2026-09-06T15:51:29.534000+00:00,keydown,79,o,,175.6,,,,,,,,controlled_typing,1,,,,,,,,,,/app/training,dev_756613b6-f97b-4b3b-90c2-dc790e7989db,,,,,,,,,,,,,,,,,,,,,,,,,,,,,,,,,,,,,,,,,,,,,,,,,,,,,,,,,,,,,,,,,,
training_event,training,e92e7c09-c1b8-4f72-a7a8-f75077608d1b,2fcd1cb5-1a62-453e-a657-e1bd8fb5db0b,2026-09-06T15:51:29.589000+00:00,keyup,79,,54.5,,,,,,,,,controlled_typing,1,,,,,,,,,,/app/training,dev_756613b6-f97b-4b3b-90c2-dc790e7989db,,,,,,,,,,,,,,,,,,,,,,,,,,,,,,,,,,,,,,,,,,,,,,,,,,,,,,,,,,,,,,,,,,
training_event,training,e92e7c09-c1b8-4f72-a7a8-f75077608d1b,2fcd1cb5-1a62-453e-a657-e1bd8fb5db0b,2026-09-06T15:51:30.274000+00:00,keydown,83,s,,740.5,,,,,,,,controlled_typing,1,,,,,,,,,,/app/training,dev_756613b6-f97b-4b3b-90c2-dc790e7989db,,,,,,,,,,,,,,,,,,,,,,,,,,,,,,,,,,,,,,,,,,,,,,,,,,,,,,,,,,,,,,,,,,
training_event,training,e92e7c09-c1b8-4f72-a7a8-f75077608d1b,2fcd1cb5-1a62-453e-a657-e1bd8fb5db0b,2026-09-06T15:51:30.346000+00:00,keyup,83,,71.9,,,,,,,,,controlled_typing,1,,,,,,,,,,/app/training,dev_756613b6-f97b-4b3b-90c2-dc790e7989db,,,,,,,,,,,,,,,,,,,,,,,,,,,,,,,,,,,,,,,,,,,,,,,,,,,,,,,,,,,,,,,,,,
training_event,training,e92e7c09-c1b8-4f72-a7a8-f75077608d1b,2fcd1cb5-1a62-453e-a657-e1bd8fb5db0b,2026-09-06T15:51:30.353000+00:00,keydown,76,l,,78.9,,,,,,,,controlled_typing,1,,,,,,,,,,/app/training,dev_756613b6-f97b-4b3b-90c2-dc790e7989db,,,,,,,,,,,,,,,,,,,,,,,,,,,,,,,,,,,,,,,,,,,,,,,,,,,,,,,,,,,,,,,,,,
training_event,training,e92e7c09-c1b8-4f72-a7a8-f75077608d1b,2fcd1cb5-1a62-453e-a657-e1bd8fb5db0b,2026-09-06T15:51:30.417000+00:00,keyup,76,,63.6,,,,,,,,,controlled_typing,1,,,,,,,,,,/app/training,dev_756613b6-f97b-4b3b-90c2-dc790e7989db,,,,,,,,,,,,,,,,,,,,,,,,,,,,,,,,,,,,,,,,,,,,,,,,,,,,,,,,,,,,,,,,,,
training_event,training,e92e7c09-c1b8-4f72-a7a8-f75077608d1b,2fcd1cb5-1a62-453e-a657-e1bd8fb5db0b,2026-09-06T15:51:30.542000+00:00,keydown,89,y,,188.6,,,,,,,,controlled_typing,1,,,,,,,,,,/app/training,dev_756613b6-f97b-4b3b-90c2-dc790e7989db,,,,,,,,,,,,,,,,,,,,,,,,,,,,,,,,,,,,,,,,,,,,,,,,,,,,,,,,,,,,,,,,,,
training_event,training,e92e7c09-c1b8-4f72-a7a8-f75077608d1b,2fcd1cb5-1a62-453e-a657-e1bd8fb5db0b,2026-09-06T15:51:30.578000+00:00,keydown,32, ,,36.5,,,,,,,,controlled_typing,1,,,,,,,,,,/app/training,dev_756613b6-f97b-4b3b-90c2-dc790e7989db,,,,,,,,,,,,,,,,,,,,,,,,,,,,,,,,,,,,,,,,,,,,,,,,,,,,,,,,,,,,,,,,,,
training_event,training,e92e7c09-c1b8-4f72-a7a8-f75077608d1b,2fcd1cb5-1a62-453e-a657-e1bd8fb5db0b,2026-09-06T15:51:30.608000+00:00,keyup,89,,66.4,,,,,,,,,controlled_typing,1,,,,,,,,,,/app/training,dev_756613b6-f97b-4b3b-90c2-dc790e7989db,,,,,,,,,,,,,,,,,,,,,,,,,,,,,,,,,,,,,,,,,,,,,,,,,,,,,,,,,,,,,,,,,,
training_event,training,e92e7c09-c1b8-4f72-a7a8-f75077608d1b,2fcd1cb5-1a62-453e-a657-e1bd8fb5db0b,2026-09-06T15:51:30.662000+00:00,keyup,32,,83.2,,,,,,,,,controlled_typing,1,,,,,,,,,,/app/training,dev_756613b6-f97b-4b3b-90c2-dc790e7989db,,,,,,,,,,,,,,,,,,,,,,,,,,,,,,,,,,,,,,,,,,,,,,,,,,,,,,,,,,,,,,,,,,
training_event,training,e92e7c09-c1b8-4f72-a7a8-f75077608d1b,2fcd1cb5-1a62-453e-a657-e1bd8fb5db0b,2026-09-06T15:51:31.250000+00:00,keydown,80,p,,671.1,,,,,,,,controlled_typing,1,,,,,,,,,,/app/training,dev_756613b6-f97b-4b3b-90c2-dc790e7989db,,,,,,,,,,,,,,,,,,,,,,,,,,,,,,,,,,,,,,,,,,,,,,,,,,,,,,,,,,,,,,,,,,
training_event,training,e92e7c09-c1b8-4f72-a7a8-f75077608d1b,2fcd1cb5-1a62-453e-a657-e1bd8fb5db0b,2026-09-06T15:51:31.315000+00:00,keyup,80,,65.5,,,,,,,,,controlled_typing,1,,,,,,,,,,/app/training,dev_756613b6-f97b-4b3b-90c2-dc790e7989db,,,,,,,,,,,,,,,,,,,,,,,,,,,,,,,,,,,,,,,,,,,,,,,,,,,,,,,,,,,,,,,,,,
training_event,training,e92e7c09-c1b8-4f72-a7a8-f75077608d1b,2fcd1cb5-1a62-453e-a657-e1bd8fb5db0b,2026-09-06T15:51:33.401000+00:00,keydown,8,,,2000.0,,,,,,,,controlled_typing,1,,,,,,,,,,/app/training,dev_756613b6-f97b-4b3b-90c2-dc790e7989db,,,,,,,,,,,,,,,,,,,,,,,,,,,,,,,,,,,,,,,,,,,,,,,,,,,,,,,,,,,,,,,,,,
training_event,training,e92e7c09-c1b8-4f72-a7a8-f75077608d1b,2fcd1cb5-1a62-453e-a657-e1bd8fb5db0b,2026-09-06T15:51:33.471000+00:00,keyup,8,,69.3,,,,,,,,,controlled_typing,1,,,,,,,,,,/app/training,dev_756613b6-f97b-4b3b-90c2-dc790e7989db,,,,,,,,,,,,,,,,,,,,,,,,,,,,,,,,,,,,,,,,,,,,,,,,,,,,,,,,,,,,,,,,,,
training_event,training,e92e7c09-c1b8-4f72-a7a8-f75077608d1b,2fcd1cb5-1a62-453e-a657-e1bd8fb5db0b,2026-09-06T15:51:33.559000+00:00,keydown,8,,,158.0,,,,,,,,controlled_typing,1,,,,,,,,,,/app/training,dev_756613b6-f97b-4b3b-90c2-dc790e7989db,,,,,,,,,,,,,,,,,,,,,,,,,,,,,,,,,,,,,,,,,,,,,,,,,,,,,,,,,,,,,,,,,,
training_event,training,e92e7c09-c1b8-4f72-a7a8-f75077608d1b,2fcd1cb5-1a62-453e-a657-e1bd8fb5db0b,2026-09-06T15:51:33.634000+00:00,keyup,8,,74.1,,,,,,,,,controlled_typing,1,,,,,,,,,,/app/training,dev_756613b6-f97b-4b3b-90c2-dc790e7989db,,,,,,,,,,,,,,,,,,,,,,,,,,,,,,,,,,,,,,,,,,,,,,,,,,,,,,,,,,,,,,,,,,
training_event,training,e92e7c09-c1b8-4f72-a7a8-f75077608d1b,2fcd1cb5-1a62-453e-a657-e1bd8fb5db0b,2026-09-06T15:51:33.711000+00:00,keydown,8,,,151.2,,,,,,,,controlled_typing,1,,,,,,,,,,/app/training,dev_756613b6-f97b-4b3b-90c2-dc790e7989db,,,,,,,,,,,,,,,,,,,,,,,,,,,,,,,,,,,,,,,,,,,,,,,,,,,,,,,,,,,,,,,,,,
training_event,training,e92e7c09-c1b8-4f72-a7a8-f75077608d1b,2fcd1cb5-1a62-453e-a657-e1bd8fb5db0b,2026-09-06T15:51:33.790000+00:00,keyup,8,,79.6,,,,,,,,,controlled_typing,1,,,,,,,,,,/app/training,dev_756613b6-f97b-4b3b-90c2-dc790e7989db,,,,,,,,,,,,,,,,,,,,,,,,,,,,,,,,,,,,,,,,,,,,,,,,,,,,,,,,,,,,,,,,,,
training_event,training,e92e7c09-c1b8-4f72-a7a8-f75077608d1b,2fcd1cb5-1a62-453e-a657-e1bd8fb5db0b,2026-09-06T15:51:33.876000+00:00,keydown,8,,,164.8,,,,,,,,controlled_typing,1,,,,,,,,,,/app/training,dev_756613b6-f97b-4b3b-90c2-dc790e7989db,,,,,,,,,,,,,,,,,,,,,,,,,,,,,,,,,,,,,,,,,,,,,,,,,,,,,,,,,,,,,,,,,,
training_event,training,e92e7c09-c1b8-4f72-a7a8-f75077608d1b,2fcd1cb5-1a62-453e-a657-e1bd8fb5db0b,2026-09-06T15:51:33.940000+00:00,keyup,8,,64.4,,,,,,,,,controlled_typing,1,,,,,,,,,,/app/training,dev_756613b6-f97b-4b3b-90c2-dc790e7989db,,,,,,,,,,,,,,,,,,,,,,,,,,,,,,,,,,,,,,,,,,,,,,,,,,,,,,,,,,,,,,,,,,
training_event,training,e92e7c09-c1b8-4f72-a7a8-f75077608d1b,2fcd1cb5-1a62-453e-a657-e1bd8fb5db0b,2026-09-06T15:51:34.029000+00:00,keydown,8,,,153.0,,,,,,,,controlled_typing,1,,,,,,,,,,/app/training,dev_756613b6-f97b-4b3b-90c2-dc790e7989db,,,,,,,,,,,,,,,,,,,,,,,,,,,,,,,,,,,,,,,,,,,,,,,,,,,,,,,,,,,,,,,,,,
training_event,training,e92e7c09-c1b8-4f72-a7a8-f75077608d1b,2fcd1cb5-1a62-453e-a657-e1bd8fb5db0b,2026-09-06T15:51:34.097000+00:00,keyup,8,,68.7,,,,,,,,,controlled_typing,1,,,,,,,,,,/app/training,dev_756613b6-f97b-4b3b-90c2-dc790e7989db,,,,,,,,,,,,,,,,,,,,,,,,,,,,,,,,,,,,,,,,,,,,,,,,,,,,,,,,,,,,,,,,,,
training_event,training,e92e7c09-c1b8-4f72-a7a8-f75077608d1b,2fcd1cb5-1a62-453e-a657-e1bd8fb5db0b,2026-09-06T15:51:35.040000+00:00,keydown,85,u,,1011.1,,,,,,,,controlled_typing,1,,,,,,,,,,/app/training,dev_756613b6-f97b-4b3b-90c2-dc790e7989db,,,,,,,,,,,,,,,,,,,,,,,,,,,,,,,,,,,,,,,,,,,,,,,,,,,,,,,,,,,,,,,,,,
training_event,training,e92e7c09-c1b8-4f72-a7a8-f75077608d1b,2fcd1cb5-1a62-453e-a657-e1bd8fb5db0b,2026-09-06T15:51:35.104000+00:00,keyup,85,,64.5,,,,,,,,,controlled_typing,1,,,,,,,,,,/app/training,dev_756613b6-f97b-4b3b-90c2-dc790e7989db,,,,,,,,,,,,,,,,,,,,,,,,,,,,,,,,,,,,,,,,,,,,,,,,,,,,,,,,,,,,,,,,,,
training_event,training,e92e7c09-c1b8-4f72-a7a8-f75077608d1b,2fcd1cb5-1a62-453e-a657-e1bd8fb5db0b,2026-09-06T15:51:35.133000+00:00,keydown,83,s,,93.2,,,,,,,,controlled_typing,1,,,,,,,,,,/app/training,dev_756613b6-f97b-4b3b-90c2-dc790e7989db,,,,,,,,,,,,,,,,,,,,,,,,,,,,,,,,,,,,,,,,,,,,,,,,,,,,,,,,,,,,,,,,,,
training_event,training,e92e7c09-c1b8-4f72-a7a8-f75077608d1b,2fcd1cb5-1a62-453e-a657-e1bd8fb5db0b,2026-09-06T15:51:35.217000+00:00,keyup,83,,84.4,,,,,,,,,controlled_typing,1,,,,,,,,,,/app/training,dev_756613b6-f97b-4b3b-90c2-dc790e7989db,,,,,,,,,,,,,,,,,,,,,,,,,,,,,,,,,,,,,,,,,,,,,,,,,,,,,,,,,,,,,,,,,,
training_event,training,e92e7c09-c1b8-4f72-a7a8-f75077608d1b,2fcd1cb5-1a62-453e-a657-e1bd8fb5db0b,2026-09-06T15:51:35.254000+00:00,keydown,76,l,,121.4,,,,,,,,controlled_typing,1,,,,,,,,,,/app/training,dev_756613b6-f97b-4b3b-90c2-dc790e7989db,,,,,,,,,,,,,,,,,,,,,,,,,,,,,,,,,,,,,,,,,,,,,,,,,,,,,,,,,,,,,,,,,,
training_event,training,e92e7c09-c1b8-4f72-a7a8-f75077608d1b,2fcd1cb5-1a62-453e-a657-e1bd8fb5db0b,2026-09-06T15:51:35.331000+00:00,keyup,76,,76.7,,,,,,,,,controlled_typing,1,,,,,,,,,,/app/training,dev_756613b6-f97b-4b3b-90c2-dc790e7989db,,,,,,,,,,,,,,,,,,,,,,,,,,,,,,,,,,,,,,,,,,,,,,,,,,,,,,,,,,,,,,,,,,
training_event,training,e92e7c09-c1b8-4f72-a7a8-f75077608d1b,2fcd1cb5-1a62-453e-a657-e1bd8fb5db0b,2026-09-06T15:51:35.735000+00:00,keydown,89,y,,480.8,,,,,,,,controlled_typing,1,,,,,,,,,,/app/training,dev_756613b6-f97b-4b3b-90c2-dc790e7989db,,,,,,,,,,,,,,,,,,,,,,,,,,,,,,,,,,,,,,,,,,,,,,,,,,,,,,,,,,,,,,,,,,
training_event,training,e92e7c09-c1b8-4f72-a7a8-f75077608d1b,2fcd1cb5-1a62-453e-a657-e1bd8fb5db0b,2026-09-06T15:51:35.801000+00:00,keyup,89,,65.7,,,,,,,,,controlled_typing,1,,,,,,,,,,/app/training,dev_756613b6-f97b-4b3b-90c2-dc790e7989db,,,,,,,,,,,,,,,,,,,,,,,,,,,,,,,,,,,,,,,,,,,,,,,,,,,,,,,,,,,,,,,,,,
training_event,training,e92e7c09-c1b8-4f72-a7a8-f75077608d1b,2fcd1cb5-1a62-453e-a657-e1bd8fb5db0b,2026-09-06T15:51:35.903000+00:00,keydown,32, ,,167.7,,,,,,,,controlled_typing,1,,,,,,,,,,/app/training,dev_756613b6-f97b-4b3b-90c2-dc790e7989db,,,,,,,,,,,,,,,,,,,,,,,,,,,,,,,,,,,,,,,,,,,,,,,,,,,,,,,,,,,,,,,,,,
training_event,training,e92e7c09-c1b8-4f72-a7a8-f75077608d1b,2fcd1cb5-1a62-453e-a657-e1bd8fb5db0b,2026-09-06T15:51:35.960000+00:00,keyup,32,,56.8,,,,,,,,,controlled_typing,1,,,,,,,,,,/app/training,dev_756613b6-f97b-4b3b-90c2-dc790e7989db,,,,,,,,,,,,,,,,,,,,,,,,,,,,,,,,,,,,,,,,,,,,,,,,,,,,,,,,,,,,,,,,,,
training_event,training,e92e7c09-c1b8-4f72-a7a8-f75077608d1b,2fcd1cb5-1a62-453e-a657-e1bd8fb5db0b,2026-09-06T15:51:37.374000+00:00,keydown,80,p,,1471.6,,,,,,,,controlled_typing,1,,,,,,,,,,/app/training,dev_756613b6-f97b-4b3b-90c2-dc790e7989db,,,,,,,,,,,,,,,,,,,,,,,,,,,,,,,,,,,,,,,,,,,,,,,,,,,,,,,,,,,,,,,,,,
training_event,training,e92e7c09-c1b8-4f72-a7a8-f75077608d1b,2fcd1cb5-1a62-453e-a657-e1bd8fb5db0b,2026-09-06T15:51:37.435000+00:00,keyup,80,,61.0,,,,,,,,,controlled_typing,1,,,,,,,,,,/app/training,dev_756613b6-f97b-4b3b-90c2-dc790e7989db,,,,,,,,,,,,,,,,,,,,,,,,,,,,,,,,,,,,,,,,,,,,,,,,,,,,,,,,,,,,,,,,,,
training_event,training,e92e7c09-c1b8-4f72-a7a8-f75077608d1b,2fcd1cb5-1a62-453e-a657-e1bd8fb5db0b,2026-09-06T15:51:37.618000+00:00,keydown,82,r,,243.9,,,,,,,,controlled_typing,1,,,,,,,,,,/app/training,dev_756613b6-f97b-4b3b-90c2-dc790e7989db,,,,,,,,,,,,,,,,,,,,,,,,,,,,,,,,,,,,,,,,,,,,,,,,,,,,,,,,,,,,,,,,,,
training_event,training,e92e7c09-c1b8-4f72-a7a8-f75077608d1b,2fcd1cb5-1a62-453e-a657-e1bd8fb5db0b,2026-09-06T15:51:37.673000+00:00,keydown,79,o,,54.4,,,,,,,,controlled_typing,1,,,,,,,,,,/app/training,dev_756613b6-f97b-4b3b-90c2-dc790e7989db,,,,,,,,,,,,,,,,,,,,,,,,,,,,,,,,,,,,,,,,,,,,,,,,,,,,,,,,,,,,,,,,,,
training_event,training,e92e7c09-c1b8-4f72-a7a8-f75077608d1b,2fcd1cb5-1a62-453e-a657-e1bd8fb5db0b,2026-09-06T15:51:37.699000+00:00,keyup,82,,80.7,,,,,,,,,controlled_typing,1,,,,,,,,,,/app/training,dev_756613b6-f97b-4b3b-90c2-dc790e7989db,,,,,,,,,,,,,,,,,,,,,,,,,,,,,,,,,,,,,,,,,,,,,,,,,,,,,,,,,,,,,,,,,,
training_event,training,e92e7c09-c1b8-4f72-a7a8-f75077608d1b,2fcd1cb5-1a62-453e-a657-e1bd8fb5db0b,2026-09-06T15:51:37.747000+00:00,keyup,79,,74.7,,,,,,,,,controlled_typing,1,,,,,,,,,,/app/training,dev_756613b6-f97b-4b3b-90c2-dc790e7989db,,,,,,,,,,,,,,,,,,,,,,,,,,,,,,,,,,,,,,,,,,,,,,,,,,,,,,,,,,,,,,,,,,
training_event,training,e92e7c09-c1b8-4f72-a7a8-f75077608d1b,2fcd1cb5-1a62-453e-a657-e1bd8fb5db0b,2026-09-06T15:51:37.814000+00:00,keydown,84,t,,141.0,,,,,,,,controlled_typing,1,,,,,,,,,,/app/training,dev_756613b6-f97b-4b3b-90c2-dc790e7989db,,,,,,,,,,,,,,,,,,,,,,,,,,,,,,,,,,,,,,,,,,,,,,,,,,,,,,,,,,,,,,,,,,
training_event,training,e92e7c09-c1b8-4f72-a7a8-f75077608d1b,2fcd1cb5-1a62-453e-a657-e1bd8fb5db0b,2026-09-06T15:51:37.892000+00:00,keyup,84,,78.6,,,,,,,,,controlled_typing,1,,,,,,,,,,/app/training,dev_756613b6-f97b-4b3b-90c2-dc790e7989db,,,,,,,,,,,,,,,,,,,,,,,,,,,,,,,,,,,,,,,,,,,,,,,,,,,,,,,,,,,,,,,,,,
training_event,training,e92e7c09-c1b8-4f72-a7a8-f75077608d1b,2fcd1cb5-1a62-453e-a657-e1bd8fb5db0b,2026-09-06T15:51:38.002000+00:00,keydown,69,e,,188.8,,,,,,,,controlled_typing,1,,,,,,,,,,/app/training,dev_756613b6-f97b-4b3b-90c2-dc790e7989db,,,,,,,,,,,,,,,,,,,,,,,,,,,,,,,,,,,,,,,,,,,,,,,,,,,,,,,,,,,,,,,,,,
training_event,training,e92e7c09-c1b8-4f72-a7a8-f75077608d1b,2fcd1cb5-1a62-453e-a657-e1bd8fb5db0b,2026-09-06T15:51:38.064000+00:00,keyup,69,,61.4,,,,,,,,,controlled_typing,1,,,,,,,,,,/app/training,dev_756613b6-f97b-4b3b-90c2-dc790e7989db,,,,,,,,,,,,,,,,,,,,,,,,,,,,,,,,,,,,,,,,,,,,,,,,,,,,,,,,,,,,,,,,,,
training_event,training,e92e7c09-c1b8-4f72-a7a8-f75077608d1b,2fcd1cb5-1a62-453e-a657-e1bd8fb5db0b,2026-09-06T15:51:38.233000+00:00,keydown,67,c,,230.4,,,,,,,,controlled_typing,1,,,,,,,,,,/app/training,dev_756613b6-f97b-4b3b-90c2-dc790e7989db,,,,,,,,,,,,,,,,,,,,,,,,,,,,,,,,,,,,,,,,,,,,,,,,,,,,,,,,,,,,,,,,,,
training_event,training,e92e7c09-c1b8-4f72-a7a8-f75077608d1b,2fcd1cb5-1a62-453e-a657-e1bd8fb5db0b,2026-09-06T15:51:38.306000+00:00,keyup,67,,73.3,,,,,,,,,controlled_typing,1,,,,,,,,,,/app/training,dev_756613b6-f97b-4b3b-90c2-dc790e7989db,,,,,,,,,,,,,,,,,,,,,,,,,,,,,,,,,,,,,,,,,,,,,,,,,,,,,,,,,,,,,,,,,,
training_event,training,e92e7c09-c1b8-4f72-a7a8-f75077608d1b,2fcd1cb5-1a62-453e-a657-e1bd8fb5db0b,2026-09-06T15:51:38.486000+00:00,keydown,84,t,,253.4,,,,,,,,controlled_typing,1,,,,,,,,,,/app/training,dev_756613b6-f97b-4b3b-90c2-dc790e7989db,,,,,,,,,,,,,,,,,,,,,,,,,,,,,,,,,,,,,,,,,,,,,,,,,,,,,,,,,,,,,,,,,,
training_event,training,e92e7c09-c1b8-4f72-a7a8-f75077608d1b,2fcd1cb5-1a62-453e-a657-e1bd8fb5db0b,2026-09-06T15:51:38.550000+00:00,keyup,84,,63.6,,,,,,,,,controlled_typing,1,,,,,,,,,,/app/training,dev_756613b6-f97b-4b3b-90c2-dc790e7989db,,,,,,,,,,,,,,,,,,,,,,,,,,,,,,,,,,,,,,,,,,,,,,,,,,,,,,,,,,,,,,,,,,
training_event,training,e92e7c09-c1b8-4f72-a7a8-f75077608d1b,2fcd1cb5-1a62-453e-a657-e1bd8fb5db0b,2026-09-06T15:51:38.762000+00:00,keydown,83,s,,276.1,,,,,,,,controlled_typing,1,,,,,,,,,,/app/training,dev_756613b6-f97b-4b3b-90c2-dc790e7989db,,,,,,,,,,,,,,,,,,,,,,,,,,,,,,,,,,,,,,,,,,,,,,,,,,,,,,,,,,,,,,,,,,
training_event,training,e92e7c09-c1b8-4f72-a7a8-f75077608d1b,2fcd1cb5-1a62-453e-a657-e1bd8fb5db0b,2026-09-06T15:51:38.805000+00:00,keyup,83,,42.6,,,,,,,,,controlled_typing,1,,,,,,,,,,/app/training,dev_756613b6-f97b-4b3b-90c2-dc790e7989db,,,,,,,,,,,,,,,,,,,,,,,,,,,,,,,,,,,,,,,,,,,,,,,,,,,,,,,,,,,,,,,,,,
training_event,training,e92e7c09-c1b8-4f72-a7a8-f75077608d1b,2fcd1cb5-1a62-453e-a657-e1bd8fb5db0b,2026-09-06T15:51:38.836000+00:00,keydown,32, ,,73.4,,,,,,,,controlled_typing,1,,,,,,,,,,/app/training,dev_756613b6-f97b-4b3b-90c2-dc790e7989db,,,,,,,,,,,,,,,,,,,,,,,,,,,,,,,,,,,,,,,,,,,,,,,,,,,,,,,,,,,,,,,,,,
training_event,training,e92e7c09-c1b8-4f72-a7a8-f75077608d1b,2fcd1cb5-1a62-453e-a657-e1bd8fb5db0b,2026-09-06T15:51:38.890000+00:00,keyup,32,,54.4,,,,,,,,,controlled_typing,1,,,,,,,,,,/app/training,dev_756613b6-f97b-4b3b-90c2-dc790e7989db,,,,,,,,,,,,,,,,,,,,,,,,,,,,,,,,,,,,,,,,,,,,,,,,,,,,,,,,,,,,,,,,,,
training_event,training,e92e7c09-c1b8-4f72-a7a8-f75077608d1b,2fcd1cb5-1a62-453e-a657-e1bd8fb5db0b,2026-09-06T15:51:39.359000+00:00,keydown,89,y,,523.7,,,,,,,,controlled_typing,1,,,,,,,,,,/app/training,dev_756613b6-f97b-4b3b-90c2-dc790e7989db,,,,,,,,,,,,,,,,,,,,,,,,,,,,,,,,,,,,,,,,,,,,,,,,,,,,,,,,,,,,,,,,,,
training_event,training,e92e7c09-c1b8-4f72-a7a8-f75077608d1b,2fcd1cb5-1a62-453e-a657-e1bd8fb5db0b,2026-09-06T15:51:39.372000+00:00,keydown,79,o,,12.3,,,,,,,,controlled_typing,1,,,,,,,,,,/app/training,dev_756613b6-f97b-4b3b-90c2-dc790e7989db,,,,,,,,,,,,,,,,,,,,,,,,,,,,,,,,,,,,,,,,,,,,,,,,,,,,,,,,,,,,,,,,,,
training_event,training,e92e7c09-c1b8-4f72-a7a8-f75077608d1b,2fcd1cb5-1a62-453e-a657-e1bd8fb5db0b,2026-09-06T15:51:39.442000+00:00,keyup,89,,82.5,,,,,,,,,controlled_typing,1,,,,,,,,,,/app/training,dev_756613b6-f97b-4b3b-90c2-dc790e7989db,,,,,,,,,,,,,,,,,,,,,,,,,,,,,,,,,,,,,,,,,,,,,,,,,,,,,,,,,,,,,,,,,,
training_event,training,e92e7c09-c1b8-4f72-a7a8-f75077608d1b,2fcd1cb5-1a62-453e-a657-e1bd8fb5db0b,2026-09-06T15:51:39.457000+00:00,keyup,79,,85.1,,,,,,,,,controlled_typing,1,,,,,,,,,,/app/training,dev_756613b6-f97b-4b3b-90c2-dc790e7989db,,,,,,,,,,,,,,,,,,,,,,,,,,,,,,,,,,,,,,,,,,,,,,,,,,,,,,,,,,,,,,,,,,
training_event,training,e92e7c09-c1b8-4f72-a7a8-f75077608d1b,2fcd1cb5-1a62-453e-a657-e1bd8fb5db0b,2026-09-06T15:51:39.542000+00:00,keydown,85,u,,170.8,,,,,,,,controlled_typing,1,,,,,,,,,,/app/training,dev_756613b6-f97b-4b3b-90c2-dc790e7989db,,,,,,,,,,,,,,,,,,,,,,,,,,,,,,,,,,,,,,,,,,,,,,,,,,,,,,,,,,,,,,,,,,
training_event,training,e92e7c09-c1b8-4f72-a7a8-f75077608d1b,2fcd1cb5-1a62-453e-a657-e1bd8fb5db0b,2026-09-06T15:51:39.642000+00:00,keyup,85,,99.6,,,,,,,,,controlled_typing,1,,,,,,,,,,/app/training,dev_756613b6-f97b-4b3b-90c2-dc790e7989db,,,,,,,,,,,,,,,,,,,,,,,,,,,,,,,,,,,,,,,,,,,,,,,,,,,,,,,,,,,,,,,,,,
training_event,training,e92e7c09-c1b8-4f72-a7a8-f75077608d1b,2fcd1cb5-1a62-453e-a657-e1bd8fb5db0b,2026-09-06T15:51:39.693000+00:00,keydown,82,r,,150.4,,,,,,,,controlled_typing,1,,,,,,,,,,/app/training,dev_756613b6-f97b-4b3b-90c2-dc790e7989db,,,,,,,,,,,,,,,,,,,,,,,,,,,,,,,,,,,,,,,,,,,,,,,,,,,,,,,,,,,,,,,,,,
training_event,training,e92e7c09-c1b8-4f72-a7a8-f75077608d1b,2fcd1cb5-1a62-453e-a657-e1bd8fb5db0b,2026-09-06T15:51:39.783000+00:00,keydown,32, ,,90.4,,,,,,,,controlled_typing,1,,,,,,,,,,/app/training,dev_756613b6-f97b-4b3b-90c2-dc790e7989db,,,,,,,,,,,,,,,,,,,,,,,,,,,,,,,,,,,,,,,,,,,,,,,,,,,,,,,,,,,,,,,,,,
training_event,training,e92e7c09-c1b8-4f72-a7a8-f75077608d1b,2fcd1cb5-1a62-453e-a657-e1bd8fb5db0b,2026-09-06T15:51:39.793000+00:00,keyup,82,,100.4,,,,,,,,,controlled_typing,1,,,,,,,,,,/app/training,dev_756613b6-f97b-4b3b-90c2-dc790e7989db,,,,,,,,,,,,,,,,,,,,,,,,,,,,,,,,,,,,,,,,,,,,,,,,,,,,,,,,,,,,,,,,,,
training_event,training,e92e7c09-c1b8-4f72-a7a8-f75077608d1b,2fcd1cb5-1a62-453e-a657-e1bd8fb5db0b,2026-09-06T15:51:39.890000+00:00,keyup,32,,107.1,,,,,,,,,controlled_typing,1,,,,,,,,,,/app/training,dev_756613b6-f97b-4b3b-90c2-dc790e7989db,,,,,,,,,,,,,,,,,,,,,,,,,,,,,,,,,,,,,,,,,,,,,,,,,,,,,,,,,,,,,,,,,,
training_event,training,e92e7c09-c1b8-4f72-a7a8-f75077608d1b,2fcd1cb5-1a62-453e-a657-e1bd8fb5db0b,2026-09-06T15:51:40.048000+00:00,keydown,65,a,,264.9,,,,,,,,controlled_typing,1,,,,,,,,,,/app/training,dev_756613b6-f97b-4b3b-90c2-dc790e7989db,,,,,,,,,,,,,,,,,,,,,,,,,,,,,,,,,,,,,,,,,,,,,,,,,,,,,,,,,,,,,,,,,,
training_event,training,e92e7c09-c1b8-4f72-a7a8-f75077608d1b,2fcd1cb5-1a62-453e-a657-e1bd8fb5db0b,2026-09-06T15:51:40.179000+00:00,keyup,65,,131.1,,,,,,,,,controlled_typing,1,,,,,,,,,,/app/training,dev_756613b6-f97b-4b3b-90c2-dc790e7989db,,,,,,,,,,,,,,,,,,,,,,,,,,,,,,,,,,,,,,,,,,,,,,,,,,,,,,,,,,,,,,,,,,
training_event,training,e92e7c09-c1b8-4f72-a7a8-f75077608d1b,2fcd1cb5-1a62-453e-a657-e1bd8fb5db0b,2026-09-06T15:51:40.385000+00:00,keydown,67,c,,337.3,,,,,,,,controlled_typing,1,,,,,,,,,,/app/training,dev_756613b6-f97b-4b3b-90c2-dc790e7989db,,,,,,,,,,,,,,,,,,,,,,,,,,,,,,,,,,,,,,,,,,,,,,,,,,,,,,,,,,,,,,,,,,
training_event,training,e92e7c09-c1b8-4f72-a7a8-f75077608d1b,2fcd1cb5-1a62-453e-a657-e1bd8fb5db0b,2026-09-06T15:51:40.458000+00:00,keyup,67,,72.4,,,,,,,,,controlled_typing,1,,,,,,,,,,/app/training,dev_756613b6-f97b-4b3b-90c2-dc790e7989db,,,,,,,,,,,,,,,,,,,,,,,,,,,,,,,,,,,,,,,,,,,,,,,,,,,,,,,,,,,,,,,,,,
training_event,training,e92e7c09-c1b8-4f72-a7a8-f75077608d1b,2fcd1cb5-1a62-453e-a657-e1bd8fb5db0b,2026-09-06T15:51:40.527000+00:00,keydown,67,c,,141.7,,,,,,,,controlled_typing,1,,,,,,,,,,/app/training,dev_756613b6-f97b-4b3b-90c2-dc790e7989db,,,,,,,,,,,,,,,,,,,,,,,,,,,,,,,,,,,,,,,,,,,,,,,,,,,,,,,,,,,,,,,,,,
training_event,training,e92e7c09-c1b8-4f72-a7a8-f75077608d1b,2fcd1cb5-1a62-453e-a657-e1bd8fb5db0b,2026-09-06T15:51:40.596000+00:00,keyup,67,,69.0,,,,,,,,,controlled_typing,1,,,,,,,,,,/app/training,dev_756613b6-f97b-4b3b-90c2-dc790e7989db,,,,,,,,,,,,,,,,,,,,,,,,,,,,,,,,,,,,,,,,,,,,,,,,,,,,,,,,,,,,,,,,,,
training_event,training,e92e7c09-c1b8-4f72-a7a8-f75077608d1b,2fcd1cb5-1a62-453e-a657-e1bd8fb5db0b,2026-09-06T15:51:40.614000+00:00,keydown,79,o,,86.4,,,,,,,,controlled_typing,1,,,,,,,,,,/app/training,dev_756613b6-f97b-4b3b-90c2-dc790e7989db,,,,,,,,,,,,,,,,,,,,,,,,,,,,,,,,,,,,,,,,,,,,,,,,,,,,,,,,,,,,,,,,,,
training_event,training,e92e7c09-c1b8-4f72-a7a8-f75077608d1b,2fcd1cb5-1a62-453e-a657-e1bd8fb5db0b,2026-09-06T15:51:40.697000+00:00,keyup,79,,83.7,,,,,,,,,controlled_typing,1,,,,,,,,,,/app/training,dev_756613b6-f97b-4b3b-90c2-dc790e7989db,,,,,,,,,,,,,,,,,,,,,,,,,,,,,,,,,,,,,,,,,,,,,,,,,,,,,,,,,,,,,,,,,,
training_event,training,e92e7c09-c1b8-4f72-a7a8-f75077608d1b,2fcd1cb5-1a62-453e-a657-e1bd8fb5db0b,2026-09-06T15:51:40.813000+00:00,keydown,85,u,,199.5,,,,,,,,controlled_typing,1,,,,,,,,,,/app/training,dev_756613b6-f97b-4b3b-90c2-dc790e7989db,,,,,,,,,,,,,,,,,,,,,,,,,,,,,,,,,,,,,,,,,,,,,,,,,,,,,,,,,,,,,,,,,,
training_event,training,e92e7c09-c1b8-4f72-a7a8-f75077608d1b,2fcd1cb5-1a62-453e-a657-e1bd8fb5db0b,2026-09-06T15:51:40.898000+00:00,keyup,85,,85.3,,,,,,,,,controlled_typing,1,,,,,,,,,,/app/training,dev_756613b6-f97b-4b3b-90c2-dc790e7989db,,,,,,,,,,,,,,,,,,,,,,,,,,,,,,,,,,,,,,,,,,,,,,,,,,,,,,,,,,,,,,,,,,
training_event,training,e92e7c09-c1b8-4f72-a7a8-f75077608d1b,2fcd1cb5-1a62-453e-a657-e1bd8fb5db0b,2026-09-06T15:51:40.949000+00:00,keydown,78,n,,136.2,,,,,,,,controlled_typing,1,,,,,,,,,,/app/training,dev_756613b6-f97b-4b3b-90c2-dc790e7989db,,,,,,,,,,,,,,,,,,,,,,,,,,,,,,,,,,,,,,,,,,,,,,,,,,,,,,,,,,,,,,,,,,
training_event,training,e92e7c09-c1b8-4f72-a7a8-f75077608d1b,2fcd1cb5-1a62-453e-a657-e1bd8fb5db0b,2026-09-06T15:51:41.036000+00:00,keyup,78,,86.6,,,,,,,,,controlled_typing,1,,,,,,,,,,/app/training,dev_756613b6-f97b-4b3b-90c2-dc790e7989db,,,,,,,,,,,,,,,,,,,,,,,,,,,,,,,,,,,,,,,,,,,,,,,,,,,,,,,,,,,,,,,,,,
training_event,training,e92e7c09-c1b8-4f72-a7a8-f75077608d1b,2fcd1cb5-1a62-453e-a657-e1bd8fb5db0b,2026-09-06T15:51:41.058000+00:00,keydown,84,t,,108.8,,,,,,,,controlled_typing,1,,,,,,,,,,/app/training,dev_756613b6-f97b-4b3b-90c2-dc790e7989db,,,,,,,,,,,,,,,,,,,,,,,,,,,,,,,,,,,,,,,,,,,,,,,,,,,,,,,,,,,,,,,,,,
training_event,training,e92e7c09-c1b8-4f72-a7a8-f75077608d1b,2fcd1cb5-1a62-453e-a657-e1bd8fb5db0b,2026-09-06T15:51:41.126000+00:00,keyup,84,,68.1,,,,,,,,,controlled_typing,1,,,,,,,,,,/app/training,dev_756613b6-f97b-4b3b-90c2-dc790e7989db,,,,,,,,,,,,,,,,,,,,,,,,,,,,,,,,,,,,,,,,,,,,,,,,,,,,,,,,,,,,,,,,,,
training_event,training,e92e7c09-c1b8-4f72-a7a8-f75077608d1b,2fcd1cb5-1a62-453e-a657-e1bd8fb5db0b,2026-09-06T15:51:41.217000+00:00,keydown,186,;,,158.7,,,,,,,,controlled_typing,1,,,,,,,,,,/app/training,dev_756613b6-f97b-4b3b-90c2-dc790e7989db,,,,,,,,,,,,,,,,,,,,,,,,,,,,,,,,,,,,,,,,,,,,,,,,,,,,,,,,,,,,,,,,,,
training_event,training,e92e7c09-c1b8-4f72-a7a8-f75077608d1b,2fcd1cb5-1a62-453e-a657-e1bd8fb5db0b,2026-09-06T15:51:41.298000+00:00,keyup,186,,81.1,,,,,,,,,controlled_typing,1,,,,,,,,,,/app/training,dev_756613b6-f97b-4b3b-90c2-dc790e7989db,,,,,,,,,,,,,,,,,,,,,,,,,,,,,,,,,,,,,,,,,,,,,,,,,,,,,,,,,,,,,,,,,,
training_event,training,e92e7c09-c1b8-4f72-a7a8-f75077608d1b,2fcd1cb5-1a62-453e-a657-e1bd8fb5db0b,2026-09-06T15:51:41.683000+00:00,keydown,8,,,465.8,,,,,,,,controlled_typing,1,,,,,,,,,,/app/training,dev_756613b6-f97b-4b3b-90c2-dc790e7989db,,,,,,,,,,,,,,,,,,,,,,,,,,,,,,,,,,,,,,,,,,,,,,,,,,,,,,,,,,,,,,,,,,
training_event,training,e92e7c09-c1b8-4f72-a7a8-f75077608d1b,2fcd1cb5-1a62-453e-a657-e1bd8fb5db0b,2026-09-06T15:51:41.724000+00:00,keyup,8,,41.2,,,,,,,,,controlled_typing,1,,,,,,,,,,/app/training,dev_756613b6-f97b-4b3b-90c2-dc790e7989db,,,,,,,,,,,,,,,,,,,,,,,,,,,,,,,,,,,,,,,,,,,,,,,,,,,,,,,,,,,,,,,,,,
training_event,training,e92e7c09-c1b8-4f72-a7a8-f75077608d1b,2fcd1cb5-1a62-453e-a657-e1bd8fb5db0b,2026-09-06T15:51:41.913000+00:00,keydown,190,.,,230.1,,,,,,,,controlled_typing,1,,,,,,,,,,/app/training,dev_756613b6-f97b-4b3b-90c2-dc790e7989db,,,,,,,,,,,,,,,,,,,,,,,,,,,,,,,,,,,,,,,,,,,,,,,,,,,,,,,,,,,,,,,,,,
training_event,training,e92e7c09-c1b8-4f72-a7a8-f75077608d1b,2fcd1cb5-1a62-453e-a657-e1bd8fb5db0b,2026-09-06T15:51:41.977000+00:00,keyup,190,,63.9,,,,,,,,,controlled_typing,1,,,,,,,,,,/app/training,dev_756613b6-f97b-4b3b-90c2-dc790e7989db,,,,,,,,,,,,,,,,,,,,,,,,,,,,,,,,,,,,,,,,,,,,,,,,,,,,,,,,,,,,,,,,,,
training_event,training,e92e7c09-c1b8-4f72-a7a8-f75077608d1b,2fcd1cb5-1a62-453e-a657-e1bd8fb5db0b,2026-09-06T15:51:48.316000+00:00,keydown,13,,,2000.0,,,,,,,,controlled_typing,1,,,,,,,,,,/app/training,dev_756613b6-f97b-4b3b-90c2-dc790e7989db,,,,,,,,,,,,,,,,,,,,,,,,,,,,,,,,,,,,,,,,,,,,,,,,,,,,,,,,,,,,,,,,,,
training_event,training,e92e7c09-c1b8-4f72-a7a8-f75077608d1b,2fcd1cb5-1a62-453e-a657-e1bd8fb5db0b,2026-09-06T15:51:48.407000+00:00,keyup,13,,90.8,,,,,,,,,controlled_typing,1,,,,,,,,,,/app/training,dev_756613b6-f97b-4b3b-90c2-dc790e7989db,,,,,,,,,,,,,,,,,,,,,,,,,,,,,,,,,,,,,,,,,,,,,,,,,,,,,,,,,,,,,,,,,,
training_event,training,e92e7c09-c1b8-4f72-a7a8-f75077608d1b,2fcd1cb5-1a62-453e-a657-e1bd8fb5db0b,2026-09-06T15:51:59.953000+00:00,keydown,37,,,2000.0,,,,,,,,controlled_typing,1,,,,,,,,,,/app/training,dev_756613b6-f97b-4b3b-90c2-dc790e7989db,,,,,,,,,,,,,,,,,,,,,,,,,,,,,,,,,,,,,,,,,,,,,,,,,,,,,,,,,,,,,,,,,,
training_event,training,e92e7c09-c1b8-4f72-a7a8-f75077608d1b,2fcd1cb5-1a62-453e-a657-e1bd8fb5db0b,2026-09-06T15:52:00.029000+00:00,keyup,37,,76.1,,,,,,,,,controlled_typing,1,,,,,,,,,,/app/training,dev_756613b6-f97b-4b3b-90c2-dc790e7989db,,,,,,,,,,,,,,,,,,,,,,,,,,,,,,,,,,,,,,,,,,,,,,,,,,,,,,,,,,,,,,,,,,
training_event,training,e92e7c09-c1b8-4f72-a7a8-f75077608d1b,2fcd1cb5-1a62-453e-a657-e1bd8fb5db0b,2026-09-06T15:52:01.148000+00:00,keydown,85,u,,1195.8,,,,,,,,controlled_typing,1,,,,,,,,,,/app/training,dev_756613b6-f97b-4b3b-90c2-dc790e7989db,,,,,,,,,,,,,,,,,,,,,,,,,,,,,,,,,,,,,,,,,,,,,,,,,,,,,,,,,,,,,,,,,,
training_event,training,e92e7c09-c1b8-4f72-a7a8-f75077608d1b,2fcd1cb5-1a62-453e-a657-e1bd8fb5db0b,2026-09-06T15:52:01.220000+00:00,keyup,85,,71.8,,,,,,,,,controlled_typing,1,,,,,,,,,,/app/training,dev_756613b6-f97b-4b3b-90c2-dc790e7989db,,,,,,,,,,,,,,,,,,,,,,,,,,,,,,,,,,,,,,,,,,,,,,,,,,,,,,,,,,,,,,,,,,
training_event,training,e92e7c09-c1b8-4f72-a7a8-f75077608d1b,2fcd1cb5-1a62-453e-a657-e1bd8fb5db0b,2026-09-06T15:52:01.615000+00:00,keydown,39,,,466.5,,,,,,,,controlled_typing,1,,,,,,,,,,/app/training,dev_756613b6-f97b-4b3b-90c2-dc790e7989db,,,,,,,,,,,,,,,,,,,,,,,,,,,,,,,,,,,,,,,,,,,,,,,,,,,,,,,,,,,,,,,,,,
training_event,training,e92e7c09-c1b8-4f72-a7a8-f75077608d1b,2fcd1cb5-1a62-453e-a657-e1bd8fb5db0b,2026-09-06T15:52:01.682000+00:00,keyup,39,,67.4,,,,,,,,,controlled_typing,1,,,,,,,,,,/app/training,dev_756613b6-f97b-4b3b-90c2-dc790e7989db,,,,,,,,,,,,,,,,,,,,,,,,,,,,,,,,,,,,,,,,,,,,,,,,,,,,,,,,,,,,,,,,,,
training_event,training,e92e7c09-c1b8-4f72-a7a8-f75077608d1b,2fcd1cb5-1a62-453e-a657-e1bd8fb5db0b,2026-09-06T15:52:01.791000+00:00,keydown,39,,,176.2,,,,,,,,controlled_typing,1,,,,,,,,,,/app/training,dev_756613b6-f97b-4b3b-90c2-dc790e7989db,,,,,,,,,,,,,,,,,,,,,,,,,,,,,,,,,,,,,,,,,,,,,,,,,,,,,,,,,,,,,,,,,,
training_event,training,e92e7c09-c1b8-4f72-a7a8-f75077608d1b,2fcd1cb5-1a62-453e-a657-e1bd8fb5db0b,2026-09-06T15:52:01.857000+00:00,keyup,39,,65.8,,,,,,,,,controlled_typing,1,,,,,,,,,,/app/training,dev_756613b6-f97b-4b3b-90c2-dc790e7989db,,,,,,,,,,,,,,,,,,,,,,,,,,,,,,,,,,,,,,,,,,,,,,,,,,,,,,,,,,,,,,,,,,
training_event,training,e92e7c09-c1b8-4f72-a7a8-f75077608d1b,2fcd1cb5-1a62-453e-a657-e1bd8fb5db0b,2026-09-06T15:52:01.949000+00:00,keydown,39,,,157.6,,,,,,,,controlled_typing,1,,,,,,,,,,/app/training,dev_756613b6-f97b-4b3b-90c2-dc790e7989db,,,,,,,,,,,,,,,,,,,,,,,,,,,,,,,,,,,,,,,,,,,,,,,,,,,,,,,,,,,,,,,,,,
training_event,training,e92e7c09-c1b8-4f72-a7a8-f75077608d1b,2fcd1cb5-1a62-453e-a657-e1bd8fb5db0b,2026-09-06T15:52:02.022000+00:00,keyup,39,,73.2,,,,,,,,,controlled_typing,1,,,,,,,,,,/app/training,dev_756613b6-f97b-4b3b-90c2-dc790e7989db,,,,,,,,,,,,,,,,,,,,,,,,,,,,,,,,,,,,,,,,,,,,,,,,,,,,,,,,,,,,,,,,,,
training_event,training,e92e7c09-c1b8-4f72-a7a8-f75077608d1b,2fcd1cb5-1a62-453e-a657-e1bd8fb5db0b,2026-09-06T15:52:02.545000+00:00,keydown,37,,,596.3,,,,,,,,controlled_typing,1,,,,,,,,,,/app/training,dev_756613b6-f97b-4b3b-90c2-dc790e7989db,,,,,,,,,,,,,,,,,,,,,,,,,,,,,,,,,,,,,,,,,,,,,,,,,,,,,,,,,,,,,,,,,,
training_event,training,e92e7c09-c1b8-4f72-a7a8-f75077608d1b,2fcd1cb5-1a62-453e-a657-e1bd8fb5db0b,2026-09-06T15:52:02.628000+00:00,keyup,37,,82.8,,,,,,,,,controlled_typing,1,,,,,,,,,,/app/training,dev_756613b6-f97b-4b3b-90c2-dc790e7989db,,,,,,,,,,,,,,,,,,,,,,,,,,,,,,,,,,,,,,,,,,,,,,,,,,,,,,,,,,,,,,,,,,
training_event,training,e92e7c09-c1b8-4f72-a7a8-f75077608d1b,2fcd1cb5-1a62-453e-a657-e1bd8fb5db0b,2026-09-06T15:52:03.124000+00:00,keydown,8,,,578.9,,,,,,,,controlled_typing,1,,,,,,,,,,/app/training,dev_756613b6-f97b-4b3b-90c2-dc790e7989db,,,,,,,,,,,,,,,,,,,,,,,,,,,,,,,,,,,,,,,,,,,,,,,,,,,,,,,,,,,,,,,,,,
training_event,training,e92e7c09-c1b8-4f72-a7a8-f75077608d1b,9ab261a0-403d-4f80-9d88-a00f39cc2284,2026-09-06T15:52:18.009000+00:00,keydown,83,S,,,,,,,,,,controlled_typing,2,,,,,,,,,,/app/training,dev_756613b6-f97b-4b3b-90c2-dc790e7989db,,,,,,,,,,,,,,,,,,,,,,,,,,,,,,,,,,,,,,,,,,,,,,,,,,,,,,,,,,,,,,,,,,
training_event,training,e92e7c09-c1b8-4f72-a7a8-f75077608d1b,9ab261a0-403d-4f80-9d88-a00f39cc2284,2026-09-06T15:52:18.112000+00:00,keyup,83,,102.7,,,,,,,,,controlled_typing,2,,,,,,,,,,/app/training,dev_756613b6-f97b-4b3b-90c2-dc790e7989db,,,,,,,,,,,,,,,,,,,,,,,,,,,,,,,,,,,,,,,,,,,,,,,,,,,,,,,,,,,,,,,,,,
training_event,training,e92e7c09-c1b8-4f72-a7a8-f75077608d1b,9ab261a0-403d-4f80-9d88-a00f39cc2284,2026-09-06T15:52:18.548000+00:00,keydown,69,e,,538.8,,,,,,,,controlled_typing,2,,,,,,,,,,/app/training,dev_756613b6-f97b-4b3b-90c2-dc790e7989db,,,,,,,,,,,,,,,,,,,,,,,,,,,,,,,,,,,,,,,,,,,,,,,,,,,,,,,,,,,,,,,,,,
training_event,training,e92e7c09-c1b8-4f72-a7a8-f75077608d1b,9ab261a0-403d-4f80-9d88-a00f39cc2284,2026-09-06T15:52:18.616000+00:00,keyup,69,,68.0,,,,,,,,,controlled_typing,2,,,,,,,,,,/app/training,dev_756613b6-f97b-4b3b-90c2-dc790e7989db,,,,,,,,,,,,,,,,,,,,,,,,,,,,,,,,,,,,,,,,,,,,,,,,,,,,,,,,,,,,,,,,,,
training_event,training,e92e7c09-c1b8-4f72-a7a8-f75077608d1b,9ab261a0-403d-4f80-9d88-a00f39cc2284,2026-09-06T15:52:18.714000+00:00,keydown,67,c,,166.3,,,,,,,,controlled_typing,2,,,,,,,,,,/app/training,dev_756613b6-f97b-4b3b-90c2-dc790e7989db,,,,,,,,,,,,,,,,,,,,,,,,,,,,,,,,,,,,,,,,,,,,,,,,,,,,,,,,,,,,,,,,,,
training_event,training,e92e7c09-c1b8-4f72-a7a8-f75077608d1b,9ab261a0-403d-4f80-9d88-a00f39cc2284,2026-09-06T15:52:18.809000+00:00,keyup,67,,94.8,,,,,,,,,controlled_typing,2,,,,,,,,,,/app/training,dev_756613b6-f97b-4b3b-90c2-dc790e7989db,,,,,,,,,,,,,,,,,,,,,,,,,,,,,,,,,,,,,,,,,,,,,,,,,,,,,,,,,,,,,,,,,,
training_event,training,e92e7c09-c1b8-4f72-a7a8-f75077608d1b,9ab261a0-403d-4f80-9d88-a00f39cc2284,2026-09-06T15:52:18.824000+00:00,keydown,85,u,,110.1,,,,,,,,controlled_typing,2,,,,,,,,,,/app/training,dev_756613b6-f97b-4b3b-90c2-dc790e7989db,,,,,,,,,,,,,,,,,,,,,,,,,,,,,,,,,,,,,,,,,,,,,,,,,,,,,,,,,,,,,,,,,,
training_event,training,e92e7c09-c1b8-4f72-a7a8-f75077608d1b,9ab261a0-403d-4f80-9d88-a00f39cc2284,2026-09-06T15:52:18.897000+00:00,keyup,85,,72.6,,,,,,,,,controlled_typing,2,,,,,,,,,,/app/training,dev_756613b6-f97b-4b3b-90c2-dc790e7989db,,,,,,,,,,,,,,,,,,,,,,,,,,,,,,,,,,,,,,,,,,,,,,,,,,,,,,,,,,,,,,,,,,
training_event,training,e92e7c09-c1b8-4f72-a7a8-f75077608d1b,9ab261a0-403d-4f80-9d88-a00f39cc2284,2026-09-06T15:52:18.954000+00:00,keydown,84,t,,129.5,,,,,,,,controlled_typing,2,,,,,,,,,,/app/training,dev_756613b6-f97b-4b3b-90c2-dc790e7989db,,,,,,,,,,,,,,,,,,,,,,,,,,,,,,,,,,,,,,,,,,,,,,,,,,,,,,,,,,,,,,,,,,
training_event,training,e92e7c09-c1b8-4f72-a7a8-f75077608d1b,9ab261a0-403d-4f80-9d88-a00f39cc2284,2026-09-06T15:52:18.976000+00:00,keyup,84,,22.5,,,,,,,,,controlled_typing,2,,,,,,,,,,/app/training,dev_756613b6-f97b-4b3b-90c2-dc790e7989db,,,,,,,,,,,,,,,,,,,,,,,,,,,,,,,,,,,,,,,,,,,,,,,,,,,,,,,,,,,,,,,,,,
training_event,training,e92e7c09-c1b8-4f72-a7a8-f75077608d1b,9ab261a0-403d-4f80-9d88-a00f39cc2284,2026-09-06T15:52:19.284000+00:00,keydown,8,,,330.3,,,,,,,,controlled_typing,2,,,,,,,,,,/app/training,dev_756613b6-f97b-4b3b-90c2-dc790e7989db,,,,,,,,,,,,,,,,,,,,,,,,,,,,,,,,,,,,,,,,,,,,,,,,,,,,,,,,,,,,,,,,,,
training_event,training,e92e7c09-c1b8-4f72-a7a8-f75077608d1b,9ab261a0-403d-4f80-9d88-a00f39cc2284,2026-09-06T15:52:19.348000+00:00,keyup,8,,64.1,,,,,,,,,controlled_typing,2,,,,,,,,,,/app/training,dev_756613b6-f97b-4b3b-90c2-dc790e7989db,,,,,,,,,,,,,,,,,,,,,,,,,,,,,,,,,,,,,,,,,,,,,,,,,,,,,,,,,,,,,,,,,,
training_event,training,e92e7c09-c1b8-4f72-a7a8-f75077608d1b,9ab261a0-403d-4f80-9d88-a00f39cc2284,2026-09-06T15:52:19.370000+00:00,keydown,82,r,,86.1,,,,,,,,controlled_typing,2,,,,,,,,,,/app/training,dev_756613b6-f97b-4b3b-90c2-dc790e7989db,,,,,,,,,,,,,,,,,,,,,,,,,,,,,,,,,,,,,,,,,,,,,,,,,,,,,,,,,,,,,,,,,,
training_event,training,e92e7c09-c1b8-4f72-a7a8-f75077608d1b,9ab261a0-403d-4f80-9d88-a00f39cc2284,2026-09-06T15:52:19.454000+00:00,keyup,82,,83.5,,,,,,,,,controlled_typing,2,,,,,,,,,,/app/training,dev_756613b6-f97b-4b3b-90c2-dc790e7989db,,,,,,,,,,,,,,,,,,,,,,,,,,,,,,,,,,,,,,,,,,,,,,,,,,,,,,,,,,,,,,,,,,
training_event,training,e92e7c09-c1b8-4f72-a7a8-f75077608d1b,9ab261a0-403d-4f80-9d88-a00f39cc2284,2026-09-06T15:52:19.469000+00:00,keydown,73,i,,99.3,,,,,,,,controlled_typing,2,,,,,,,,,,/app/training,dev_756613b6-f97b-4b3b-90c2-dc790e7989db,,,,,,,,,,,,,,,,,,,,,,,,,,,,,,,,,,,,,,,,,,,,,,,,,,,,,,,,,,,,,,,,,,
training_event,training,e92e7c09-c1b8-4f72-a7a8-f75077608d1b,9ab261a0-403d-4f80-9d88-a00f39cc2284,2026-09-06T15:52:19.541000+00:00,keyup,73,,71.8,,,,,,,,,controlled_typing,2,,,,,,,,,,/app/training,dev_756613b6-f97b-4b3b-90c2-dc790e7989db,,,,,,,,,,,,,,,,,,,,,,,,,,,,,,,,,,,,,,,,,,,,,,,,,,,,,,,,,,,,,,,,,,
training_event,training,e92e7c09-c1b8-4f72-a7a8-f75077608d1b,9ab261a0-403d-4f80-9d88-a00f39cc2284,2026-09-06T15:52:19.542000+00:00,keydown,84,t,,72.8,,,,,,,,controlled_typing,2,,,,,,,,,,/app/training,dev_756613b6-f97b-4b3b-90c2-dc790e7989db,,,,,,,,,,,,,,,,,,,,,,,,,,,,,,,,,,,,,,,,,,,,,,,,,,,,,,,,,,,,,,,,,,
training_event,training,e92e7c09-c1b8-4f72-a7a8-f75077608d1b,9ab261a0-403d-4f80-9d88-a00f39cc2284,2026-09-06T15:52:19.607000+00:00,keyup,84,,65.0,,,,,,,,,controlled_typing,2,,,,,,,,,,/app/training,dev_756613b6-f97b-4b3b-90c2-dc790e7989db,,,,,,,,,,,,,,,,,,,,,,,,,,,,,,,,,,,,,,,,,,,,,,,,,,,,,,,,,,,,,,,,,,
training_event,training,e92e7c09-c1b8-4f72-a7a8-f75077608d1b,9ab261a0-403d-4f80-9d88-a00f39cc2284,2026-09-06T15:52:19.707000+00:00,keydown,89,y,,165.2,,,,,,,,controlled_typing,2,,,,,,,,,,/app/training,dev_756613b6-f97b-4b3b-90c2-dc790e7989db,,,,,,,,,,,,,,,,,,,,,,,,,,,,,,,,,,,,,,,,,,,,,,,,,,,,,,,,,,,,,,,,,,
training_event,training,e92e7c09-c1b8-4f72-a7a8-f75077608d1b,9ab261a0-403d-4f80-9d88-a00f39cc2284,2026-09-06T15:52:19.774000+00:00,keyup,89,,66.5,,,,,,,,,controlled_typing,2,,,,,,,,,,/app/training,dev_756613b6-f97b-4b3b-90c2-dc790e7989db,,,,,,,,,,,,,,,,,,,,,,,,,,,,,,,,,,,,,,,,,,,,,,,,,,,,,,,,,,,,,,,,,,
training_event,training,e92e7c09-c1b8-4f72-a7a8-f75077608d1b,9ab261a0-403d-4f80-9d88-a00f39cc2284,2026-09-06T15:52:19.801000+00:00,keydown,32, ,,93.7,,,,,,,,controlled_typing,2,,,,,,,,,,/app/training,dev_756613b6-f97b-4b3b-90c2-dc790e7989db,,,,,,,,,,,,,,,,,,,,,,,,,,,,,,,,,,,,,,,,,,,,,,,,,,,,,,,,,,,,,,,,,,
training_event,training,e92e7c09-c1b8-4f72-a7a8-f75077608d1b,9ab261a0-403d-4f80-9d88-a00f39cc2284,2026-09-06T15:52:19.860000+00:00,keyup,32,,58.6,,,,,,,,,controlled_typing,2,,,,,,,,,,/app/training,dev_756613b6-f97b-4b3b-90c2-dc790e7989db,,,,,,,,,,,,,,,,,,,,,,,,,,,,,,,,,,,,,,,,,,,,,,,,,,,,,,,,,,,,,,,,,,
training_event,training,e92e7c09-c1b8-4f72-a7a8-f75077608d1b,9ab261a0-403d-4f80-9d88-a00f39cc2284,2026-09-06T15:52:20.013000+00:00,keydown,83,s,,211.8,,,,,,,,controlled_typing,2,,,,,,,,,,/app/training,dev_756613b6-f97b-4b3b-90c2-dc790e7989db,,,,,,,,,,,,,,,,,,,,,,,,,,,,,,,,,,,,,,,,,,,,,,,,,,,,,,,,,,,,,,,,,,
training_event,training,e92e7c09-c1b8-4f72-a7a8-f75077608d1b,9ab261a0-403d-4f80-9d88-a00f39cc2284,2026-09-06T15:52:20.123000+00:00,keyup,83,,110.3,,,,,,,,,controlled_typing,2,,,,,,,,,,/app/training,dev_756613b6-f97b-4b3b-90c2-dc790e7989db,,,,,,,,,,,,,,,,,,,,,,,,,,,,,,,,,,,,,,,,,,,,,,,,,,,,,,,,,,,,,,,,,,
training_event,training,e92e7c09-c1b8-4f72-a7a8-f75077608d1b,9ab261a0-403d-4f80-9d88-a00f39cc2284,2026-09-06T15:52:20.163000+00:00,keydown,72,h,,150.3,,,,,,,,controlled_typing,2,,,,,,,,,,/app/training,dev_756613b6-f97b-4b3b-90c2-dc790e7989db,,,,,,,,,,,,,,,,,,,,,,,,,,,,,,,,,,,,,,,,,,,,,,,,,,,,,,,,,,,,,,,,,,
training_event,training,e92e7c09-c1b8-4f72-a7a8-f75077608d1b,9ab261a0-403d-4f80-9d88-a00f39cc2284,2026-09-06T15:52:20.243000+00:00,keyup,72,,79.5,,,,,,,,,controlled_typing,2,,,,,,,,,,/app/training,dev_756613b6-f97b-4b3b-90c2-dc790e7989db,,,,,,,,,,,,,,,,,,,,,,,,,,,,,,,,,,,,,,,,,,,,,,,,,,,,,,,,,,,,,,,,,,
training_event,training,e92e7c09-c1b8-4f72-a7a8-f75077608d1b,9ab261a0-403d-4f80-9d88-a00f39cc2284,2026-09-06T15:52:20.277000+00:00,keydown,79,o,,113.3,,,,,,,,controlled_typing,2,,,,,,,,,,/app/training,dev_756613b6-f97b-4b3b-90c2-dc790e7989db,,,,,,,,,,,,,,,,,,,,,,,,,,,,,,,,,,,,,,,,,,,,,,,,,,,,,,,,,,,,,,,,,,
training_event,training,e92e7c09-c1b8-4f72-a7a8-f75077608d1b,9ab261a0-403d-4f80-9d88-a00f39cc2284,2026-09-06T15:52:20.364000+00:00,keyup,79,,87.0,,,,,,,,,controlled_typing,2,,,,,,,,,,/app/training,dev_756613b6-f97b-4b3b-90c2-dc790e7989db,,,,,,,,,,,,,,,,,,,,,,,,,,,,,,,,,,,,,,,,,,,,,,,,,,,,,,,,,,,,,,,,,,
training_event,training,e92e7c09-c1b8-4f72-a7a8-f75077608d1b,9ab261a0-403d-4f80-9d88-a00f39cc2284,2026-09-06T15:52:20.426000+00:00,keydown,85,u,,149.1,,,,,,,,controlled_typing,2,,,,,,,,,,/app/training,dev_756613b6-f97b-4b3b-90c2-dc790e7989db,,,,,,,,,,,,,,,,,,,,,,,,,,,,,,,,,,,,,,,,,,,,,,,,,,,,,,,,,,,,,,,,,,
training_event,training,e92e7c09-c1b8-4f72-a7a8-f75077608d1b,9ab261a0-403d-4f80-9d88-a00f39cc2284,2026-09-06T15:52:20.499000+00:00,keyup,85,,73.6,,,,,,,,,controlled_typing,2,,,,,,,,,,/app/training,dev_756613b6-f97b-4b3b-90c2-dc790e7989db,,,,,,,,,,,,,,,,,,,,,,,,,,,,,,,,,,,,,,,,,,,,,,,,,,,,,,,,,,,,,,,,,,
training_event,training,e92e7c09-c1b8-4f72-a7a8-f75077608d1b,9ab261a0-403d-4f80-9d88-a00f39cc2284,2026-09-06T15:52:20.602000+00:00,keydown,76,l,,176.9,,,,,,,,controlled_typing,2,,,,,,,,,,/app/training,dev_756613b6-f97b-4b3b-90c2-dc790e7989db,,,,,,,,,,,,,,,,,,,,,,,,,,,,,,,,,,,,,,,,,,,,,,,,,,,,,,,,,,,,,,,,,,
training_event,training,e92e7c09-c1b8-4f72-a7a8-f75077608d1b,9ab261a0-403d-4f80-9d88-a00f39cc2284,2026-09-06T15:52:20.697000+00:00,keyup,76,,94.0,,,,,,,,,controlled_typing,2,,,,,,,,,,/app/training,dev_756613b6-f97b-4b3b-90c2-dc790e7989db,,,,,,,,,,,,,,,,,,,,,,,,,,,,,,,,,,,,,,,,,,,,,,,,,,,,,,,,,,,,,,,,,,
training_event,training,e92e7c09-c1b8-4f72-a7a8-f75077608d1b,9ab261a0-403d-4f80-9d88-a00f39cc2284,2026-09-06T15:52:20.754000+00:00,keydown,68,d,,151.6,,,,,,,,controlled_typing,2,,,,,,,,,,/app/training,dev_756613b6-f97b-4b3b-90c2-dc790e7989db,,,,,,,,,,,,,,,,,,,,,,,,,,,,,,,,,,,,,,,,,,,,,,,,,,,,,,,,,,,,,,,,,,
training_event,training,e92e7c09-c1b8-4f72-a7a8-f75077608d1b,9ab261a0-403d-4f80-9d88-a00f39cc2284,2026-09-06T15:52:20.810000+00:00,keyup,68,,56.2,,,,,,,,,controlled_typing,2,,,,,,,,,,/app/training,dev_756613b6-f97b-4b3b-90c2-dc790e7989db,,,,,,,,,,,,,,,,,,,,,,,,,,,,,,,,,,,,,,,,,,,,,,,,,,,,,,,,,,,,,,,,,,
training_event,training,e92e7c09-c1b8-4f72-a7a8-f75077608d1b,9ab261a0-403d-4f80-9d88-a00f39cc2284,2026-09-06T15:52:20.812000+00:00,keydown,32, ,,58.0,,,,,,,,controlled_typing,2,,,,,,,,,,/app/training,dev_756613b6-f97b-4b3b-90c2-dc790e7989db,,,,,,,,,,,,,,,,,,,,,,,,,,,,,,,,,,,,,,,,,,,,,,,,,,,,,,,,,,,,,,,,,,
training_event,training,e92e7c09-c1b8-4f72-a7a8-f75077608d1b,9ab261a0-403d-4f80-9d88-a00f39cc2284,2026-09-06T15:52:20.874000+00:00,keyup,32,,61.8,,,,,,,,,controlled_typing,2,,,,,,,,,,/app/training,dev_756613b6-f97b-4b3b-90c2-dc790e7989db,,,,,,,,,,,,,,,,,,,,,,,,,,,,,,,,,,,,,,,,,,,,,,,,,,,,,,,,,,,,,,,,,,
training_event,training,e92e7c09-c1b8-4f72-a7a8-f75077608d1b,9ab261a0-403d-4f80-9d88-a00f39cc2284,2026-09-06T15:52:20.962000+00:00,keydown,82,r,,150.1,,,,,,,,controlled_typing,2,,,,,,,,,,/app/training,dev_756613b6-f97b-4b3b-90c2-dc790e7989db,,,,,,,,,,,,,,,,,,,,,,,,,,,,,,,,,,,,,,,,,,,,,,,,,,,,,,,,,,,,,,,,,,
training_event,training,e92e7c09-c1b8-4f72-a7a8-f75077608d1b,9ab261a0-403d-4f80-9d88-a00f39cc2284,2026-09-06T15:52:21.068000+00:00,keydown,69,e,,105.8,,,,,,,,controlled_typing,2,,,,,,,,,,/app/training,dev_756613b6-f97b-4b3b-90c2-dc790e7989db,,,,,,,,,,,,,,,,,,,,,,,,,,,,,,,,,,,,,,,,,,,,,,,,,,,,,,,,,,,,,,,,,,
training_event,training,e92e7c09-c1b8-4f72-a7a8-f75077608d1b,9ab261a0-403d-4f80-9d88-a00f39cc2284,2026-09-06T15:52:21.085000+00:00,keyup,82,,122.5,,,,,,,,,controlled_typing,2,,,,,,,,,,/app/training,dev_756613b6-f97b-4b3b-90c2-dc790e7989db,,,,,,,,,,,,,,,,,,,,,,,,,,,,,,,,,,,,,,,,,,,,,,,,,,,,,,,,,,,,,,,,,,
training_event,training,e92e7c09-c1b8-4f72-a7a8-f75077608d1b,9ab261a0-403d-4f80-9d88-a00f39cc2284,2026-09-06T15:52:21.174000+00:00,keydown,77,m,,105.8,,,,,,,,controlled_typing,2,,,,,,,,,,/app/training,dev_756613b6-f97b-4b3b-90c2-dc790e7989db,,,,,,,,,,,,,,,,,,,,,,,,,,,,,,,,,,,,,,,,,,,,,,,,,,,,,,,,,,,,,,,,,,
training_event,training,e92e7c09-c1b8-4f72-a7a8-f75077608d1b,9ab261a0-403d-4f80-9d88-a00f39cc2284,2026-09-06T15:52:21.190000+00:00,keyup,69,,122.3,,,,,,,,,controlled_typing,2,,,,,,,,,,/app/training,dev_756613b6-f97b-4b3b-90c2-dc790e7989db,,,,,,,,,,,,,,,,,,,,,,,,,,,,,,,,,,,,,,,,,,,,,,,,,,,,,,,,,,,,,,,,,,
training_event,training,e92e7c09-c1b8-4f72-a7a8-f75077608d1b,9ab261a0-403d-4f80-9d88-a00f39cc2284,2026-09-06T15:52:21.268000+00:00,keyup,77,,94.7,,,,,,,,,controlled_typing,2,,,,,,,,,,/app/training,dev_756613b6-f97b-4b3b-90c2-dc790e7989db,,,,,,,,,,,,,,,,,,,,,,,,,,,,,,,,,,,,,,,,,,,,,,,,,,,,,,,,,,,,,,,,,,
training_event,training,e92e7c09-c1b8-4f72-a7a8-f75077608d1b,9ab261a0-403d-4f80-9d88-a00f39cc2284,2026-09-06T15:52:21.348000+00:00,keydown,65,a,,173.7,,,,,,,,controlled_typing,2,,,,,,,,,,/app/training,dev_756613b6-f97b-4b3b-90c2-dc790e7989db,,,,,,,,,,,,,,,,,,,,,,,,,,,,,,,,,,,,,,,,,,,,,,,,,,,,,,,,,,,,,,,,,,
training_event,training,e92e7c09-c1b8-4f72-a7a8-f75077608d1b,9ab261a0-403d-4f80-9d88-a00f39cc2284,2026-09-06T15:52:21.420000+00:00,keydown,73,i,,72.1,,,,,,,,controlled_typing,2,,,,,,,,,,/app/training,dev_756613b6-f97b-4b3b-90c2-dc790e7989db,,,,,,,,,,,,,,,,,,,,,,,,,,,,,,,,,,,,,,,,,,,,,,,,,,,,,,,,,,,,,,,,,,
training_event,training,e92e7c09-c1b8-4f72-a7a8-f75077608d1b,9ab261a0-403d-4f80-9d88-a00f39cc2284,2026-09-06T15:52:21.463000+00:00,keyup,65,,115.9,,,,,,,,,controlled_typing,2,,,,,,,,,,/app/training,dev_756613b6-f97b-4b3b-90c2-dc790e7989db,,,,,,,,,,,,,,,,,,,,,,,,,,,,,,,,,,,,,,,,,,,,,,,,,,,,,,,,,,,,,,,,,,
training_event,training,e92e7c09-c1b8-4f72-a7a8-f75077608d1b,9ab261a0-403d-4f80-9d88-a00f39cc2284,2026-09-06T15:52:21.509000+00:00,keyup,73,,89.1,,,,,,,,,controlled_typing,2,,,,,,,,,,/app/training,dev_756613b6-f97b-4b3b-90c2-dc790e7989db,,,,,,,,,,,,,,,,,,,,,,,,,,,,,,,,,,,,,,,,,,,,,,,,,,,,,,,,,,,,,,,,,,
training_event,training,e92e7c09-c1b8-4f72-a7a8-f75077608d1b,9ab261a0-403d-4f80-9d88-a00f39cc2284,2026-09-06T15:52:21.570000+00:00,keydown,78,n,,149.9,,,,,,,,controlled_typing,2,,,,,,,,,,/app/training,dev_756613b6-f97b-4b3b-90c2-dc790e7989db,,,,,,,,,,,,,,,,,,,,,,,,,,,,,,,,,,,,,,,,,,,,,,,,,,,,,,,,,,,,,,,,,,
training_event,training,e92e7c09-c1b8-4f72-a7a8-f75077608d1b,9ab261a0-403d-4f80-9d88-a00f39cc2284,2026-09-06T15:52:21.635000+00:00,keyup,78,,65.5,,,,,,,,,controlled_typing,2,,,,,,,,,,/app/training,dev_756613b6-f97b-4b3b-90c2-dc790e7989db,,,,,,,,,,,,,,,,,,,,,,,,,,,,,,,,,,,,,,,,,,,,,,,,,,,,,,,,,,,,,,,,,,
training_event,training,e92e7c09-c1b8-4f72-a7a8-f75077608d1b,9ab261a0-403d-4f80-9d88-a00f39cc2284,2026-09-06T15:52:21.726000+00:00,keydown,32, ,,156.8,,,,,,,,controlled_typing,2,,,,,,,,,,/app/training,dev_756613b6-f97b-4b3b-90c2-dc790e7989db,,,,,,,,,,,,,,,,,,,,,,,,,,,,,,,,,,,,,,,,,,,,,,,,,,,,,,,,,,,,,,,,,,
training_event,training,e92e7c09-c1b8-4f72-a7a8-f75077608d1b,9ab261a0-403d-4f80-9d88-a00f39cc2284,2026-09-06T15:52:21.792000+00:00,keyup,32,,66.0,,,,,,,,,controlled_typing,2,,,,,,,,,,/app/training,dev_756613b6-f97b-4b3b-90c2-dc790e7989db,,,,,,,,,,,,,,,,,,,,,,,,,,,,,,,,,,,,,,,,,,,,,,,,,,,,,,,,,,,,,,,,,,
training_event,training,e92e7c09-c1b8-4f72-a7a8-f75077608d1b,9ab261a0-403d-4f80-9d88-a00f39cc2284,2026-09-06T15:52:22.352000+00:00,keydown,73,i,,625.5,,,,,,,,controlled_typing,2,,,,,,,,,,/app/training,dev_756613b6-f97b-4b3b-90c2-dc790e7989db,,,,,,,,,,,,,,,,,,,,,,,,,,,,,,,,,,,,,,,,,,,,,,,,,,,,,,,,,,,,,,,,,,
training_event,training,e92e7c09-c1b8-4f72-a7a8-f75077608d1b,9ab261a0-403d-4f80-9d88-a00f39cc2284,2026-09-06T15:52:22.430000+00:00,keyup,73,,78.6,,,,,,,,,controlled_typing,2,,,,,,,,,,/app/training,dev_756613b6-f97b-4b3b-90c2-dc790e7989db,,,,,,,,,,,,,,,,,,,,,,,,,,,,,,,,,,,,,,,,,,,,,,,,,,,,,,,,,,,,,,,,,,
training_event,training,e92e7c09-c1b8-4f72-a7a8-f75077608d1b,9ab261a0-403d-4f80-9d88-a00f39cc2284,2026-09-06T15:52:22.469000+00:00,keydown,78,n,,116.8,,,,,,,,controlled_typing,2,,,,,,,,,,/app/training,dev_756613b6-f97b-4b3b-90c2-dc790e7989db,,,,,,,,,,,,,,,,,,,,,,,,,,,,,,,,,,,,,,,,,,,,,,,,,,,,,,,,,,,,,,,,,,
training_event,training,e92e7c09-c1b8-4f72-a7a8-f75077608d1b,9ab261a0-403d-4f80-9d88-a00f39cc2284,2026-09-06T15:52:22.571000+00:00,keyup,78,,102.6,,,,,,,,,controlled_typing,2,,,,,,,,,,/app/training,dev_756613b6-f97b-4b3b-90c2-dc790e7989db,,,,,,,,,,,,,,,,,,,,,,,,,,,,,,,,,,,,,,,,,,,,,,,,,,,,,,,,,,,,,,,,,,
training_event,training,e92e7c09-c1b8-4f72-a7a8-f75077608d1b,9ab261a0-403d-4f80-9d88-a00f39cc2284,2026-09-06T15:52:22.576000+00:00,keydown,86,v,,107.6,,,,,,,,controlled_typing,2,,,,,,,,,,/app/training,dev_756613b6-f97b-4b3b-90c2-dc790e7989db,,,,,,,,,,,,,,,,,,,,,,,,,,,,,,,,,,,,,,,,,,,,,,,,,,,,,,,,,,,,,,,,,,
training_event,training,e92e7c09-c1b8-4f72-a7a8-f75077608d1b,9ab261a0-403d-4f80-9d88-a00f39cc2284,2026-09-06T15:52:22.647000+00:00,keyup,86,,70.8,,,,,,,,,controlled_typing,2,,,,,,,,,,/app/training,dev_756613b6-f97b-4b3b-90c2-dc790e7989db,,,,,,,,,,,,,,,,,,,,,,,,,,,,,,,,,,,,,,,,,,,,,,,,,,,,,,,,,,,,,,,,,,
training_event,training,e92e7c09-c1b8-4f72-a7a8-f75077608d1b,9ab261a0-403d-4f80-9d88-a00f39cc2284,2026-09-06T15:52:22.693000+00:00,keydown,73,i,,117.3,,,,,,,,controlled_typing,2,,,,,,,,,,/app/training,dev_756613b6-f97b-4b3b-90c2-dc790e7989db,,,,,,,,,,,,,,,,,,,,,,,,,,,,,,,,,,,,,,,,,,,,,,,,,,,,,,,,,,,,,,,,,,
training_event,training,e92e7c09-c1b8-4f72-a7a8-f75077608d1b,9ab261a0-403d-4f80-9d88-a00f39cc2284,2026-09-06T15:52:22.760000+00:00,keyup,73,,66.8,,,,,,,,,controlled_typing,2,,,,,,,,,,/app/training,dev_756613b6-f97b-4b3b-90c2-dc790e7989db,,,,,,,,,,,,,,,,,,,,,,,,,,,,,,,,,,,,,,,,,,,,,,,,,,,,,,,,,,,,,,,,,,
training_event,training,e92e7c09-c1b8-4f72-a7a8-f75077608d1b,9ab261a0-403d-4f80-9d88-a00f39cc2284,2026-09-06T15:52:22.791000+00:00,keydown,83,s,,97.6,,,,,,,,controlled_typing,2,,,,,,,,,,/app/training,dev_756613b6-f97b-4b3b-90c2-dc790e7989db,,,,,,,,,,,,,,,,,,,,,,,,,,,,,,,,,,,,,,,,,,,,,,,,,,,,,,,,,,,,,,,,,,
training_event,training,e92e7c09-c1b8-4f72-a7a8-f75077608d1b,9ab261a0-403d-4f80-9d88-a00f39cc2284,2026-09-06T15:52:22.895000+00:00,keydown,73,i,,103.8,,,,,,,,controlled_typing,2,,,,,,,,,,/app/training,dev_756613b6-f97b-4b3b-90c2-dc790e7989db,,,,,,,,,,,,,,,,,,,,,,,,,,,,,,,,,,,,,,,,,,,,,,,,,,,,,,,,,,,,,,,,,,
training_event,training,e92e7c09-c1b8-4f72-a7a8-f75077608d1b,9ab261a0-403d-4f80-9d88-a00f39cc2284,2026-09-06T15:52:22.908000+00:00,keyup,83,,117.4,,,,,,,,,controlled_typing,2,,,,,,,,,,/app/training,dev_756613b6-f97b-4b3b-90c2-dc790e7989db,,,,,,,,,,,,,,,,,,,,,,,,,,,,,,,,,,,,,,,,,,,,,,,,,,,,,,,,,,,,,,,,,,
training_event,training,e92e7c09-c1b8-4f72-a7a8-f75077608d1b,9ab261a0-403d-4f80-9d88-a00f39cc2284,2026-09-06T15:52:22.974000+00:00,keyup,73,,79.5,,,,,,,,,controlled_typing,2,,,,,,,,,,/app/training,dev_756613b6-f97b-4b3b-90c2-dc790e7989db,,,,,,,,,,,,,,,,,,,,,,,,,,,,,,,,,,,,,,,,,,,,,,,,,,,,,,,,,,,,,,,,,,
training_event,training,e92e7c09-c1b8-4f72-a7a8-f75077608d1b,9ab261a0-403d-4f80-9d88-a00f39cc2284,2026-09-06T15:52:23.061000+00:00,keydown,66,b,,165.9,,,,,,,,controlled_typing,2,,,,,,,,,,/app/training,dev_756613b6-f97b-4b3b-90c2-dc790e7989db,,,,,,,,,,,,,,,,,,,,,,,,,,,,,,,,,,,,,,,,,,,,,,,,,,,,,,,,,,,,,,,,,,
training_event,training,e92e7c09-c1b8-4f72-a7a8-f75077608d1b,9ab261a0-403d-4f80-9d88-a00f39cc2284,2026-09-06T15:52:23.136000+00:00,keyup,66,,74.9,,,,,,,,,controlled_typing,2,,,,,,,,,,/app/training,dev_756613b6-f97b-4b3b-90c2-dc790e7989db,,,,,,,,,,,,,,,,,,,,,,,,,,,,,,,,,,,,,,,,,,,,,,,,,,,,,,,,,,,,,,,,,,
training_event,training,e92e7c09-c1b8-4f72-a7a8-f75077608d1b,9ab261a0-403d-4f80-9d88-a00f39cc2284,2026-09-06T15:52:23.273000+00:00,keydown,76,l,,212.6,,,,,,,,controlled_typing,2,,,,,,,,,,/app/training,dev_756613b6-f97b-4b3b-90c2-dc790e7989db,,,,,,,,,,,,,,,,,,,,,,,,,,,,,,,,,,,,,,,,,,,,,,,,,,,,,,,,,,,,,,,,,,
training_event,training,e92e7c09-c1b8-4f72-a7a8-f75077608d1b,9ab261a0-403d-4f80-9d88-a00f39cc2284,2026-09-06T15:52:23.357000+00:00,keyup,76,,83.7,,,,,,,,,controlled_typing,2,,,,,,,,,,/app/training,dev_756613b6-f97b-4b3b-90c2-dc790e7989db,,,,,,,,,,,,,,,,,,,,,,,,,,,,,,,,,,,,,,,,,,,,,,,,,,,,,,,,,,,,,,,,,,
training_event,training,e92e7c09-c1b8-4f72-a7a8-f75077608d1b,9ab261a0-403d-4f80-9d88-a00f39cc2284,2026-09-06T15:52:23.391000+00:00,keydown,69,e,,117.7,,,,,,,,controlled_typing,2,,,,,,,,,,/app/training,dev_756613b6-f97b-4b3b-90c2-dc790e7989db,,,,,,,,,,,,,,,,,,,,,,,,,,,,,,,,,,,,,,,,,,,,,,,,,,,,,,,,,,,,,,,,,,
training_event,training,e92e7c09-c1b8-4f72-a7a8-f75077608d1b,9ab261a0-403d-4f80-9d88-a00f39cc2284,2026-09-06T15:52:23.440000+00:00,keydown,32, ,,48.7,,,,,,,,controlled_typing,2,,,,,,,,,,/app/training,dev_756613b6-f97b-4b3b-90c2-dc790e7989db,,,,,,,,,,,,,,,,,,,,,,,,,,,,,,,,,,,,,,,,,,,,,,,,,,,,,,,,,,,,,,,,,,
training_event,training,e92e7c09-c1b8-4f72-a7a8-f75077608d1b,9ab261a0-403d-4f80-9d88-a00f39cc2284,2026-09-06T15:52:23.458000+00:00,keyup,69,,67.2,,,,,,,,,controlled_typing,2,,,,,,,,,,/app/training,dev_756613b6-f97b-4b3b-90c2-dc790e7989db,,,,,,,,,,,,,,,,,,,,,,,,,,,,,,,,,,,,,,,,,,,,,,,,,,,,,,,,,,,,,,,,,,
training_event,training,e92e7c09-c1b8-4f72-a7a8-f75077608d1b,9ab261a0-403d-4f80-9d88-a00f39cc2284,2026-09-06T15:52:23.507000+00:00,keyup,32,,67.2,,,,,,,,,controlled_typing,2,,,,,,,,,,/app/training,dev_756613b6-f97b-4b3b-90c2-dc790e7989db,,,,,,,,,,,,,,,,,,,,,,,,,,,,,,,,,,,,,,,,,,,,,,,,,,,,,,,,,,,,,,,,,,
training_event,training,e92e7c09-c1b8-4f72-a7a8-f75077608d1b,9ab261a0-403d-4f80-9d88-a00f39cc2284,2026-09-06T15:52:24.195000+00:00,keydown,68,d,,754.9,,,,,,,,controlled_typing,2,,,,,,,,,,/app/training,dev_756613b6-f97b-4b3b-90c2-dc790e7989db,,,,,,,,,,,,,,,,,,,,,,,,,,,,,,,,,,,,,,,,,,,,,,,,,,,,,,,,,,,,,,,,,,
training_event,training,e92e7c09-c1b8-4f72-a7a8-f75077608d1b,9ab261a0-403d-4f80-9d88-a00f39cc2284,2026-09-06T15:52:24.238000+00:00,keyup,68,,43.4,,,,,,,,,controlled_typing,2,,,,,,,,,,/app/training,dev_756613b6-f97b-4b3b-90c2-dc790e7989db,,,,,,,,,,,,,,,,,,,,,,,,,,,,,,,,,,,,,,,,,,,,,,,,,,,,,,,,,,,,,,,,,,
training_event,training,e92e7c09-c1b8-4f72-a7a8-f75077608d1b,9ab261a0-403d-4f80-9d88-a00f39cc2284,2026-09-06T15:52:24.423000+00:00,keydown,85,u,,228.6,,,,,,,,controlled_typing,2,,,,,,,,,,/app/training,dev_756613b6-f97b-4b3b-90c2-dc790e7989db,,,,,,,,,,,,,,,,,,,,,,,,,,,,,,,,,,,,,,,,,,,,,,,,,,,,,,,,,,,,,,,,,,
training_event,training,e92e7c09-c1b8-4f72-a7a8-f75077608d1b,9ab261a0-403d-4f80-9d88-a00f39cc2284,2026-09-06T15:52:24.490000+00:00,keyup,85,,66.6,,,,,,,,,controlled_typing,2,,,,,,,,,,/app/training,dev_756613b6-f97b-4b3b-90c2-dc790e7989db,,,,,,,,,,,,,,,,,,,,,,,,,,,,,,,,,,,,,,,,,,,,,,,,,,,,,,,,,,,,,,,,,,
training_event,training,e92e7c09-c1b8-4f72-a7a8-f75077608d1b,9ab261a0-403d-4f80-9d88-a00f39cc2284,2026-09-06T15:52:24.601000+00:00,keydown,82,r,,177.7,,,,,,,,controlled_typing,2,,,,,,,,,,/app/training,dev_756613b6-f97b-4b3b-90c2-dc790e7989db,,,,,,,,,,,,,,,,,,,,,,,,,,,,,,,,,,,,,,,,,,,,,,,,,,,,,,,,,,,,,,,,,,
training_event,training,e92e7c09-c1b8-4f72-a7a8-f75077608d1b,9ab261a0-403d-4f80-9d88-a00f39cc2284,2026-09-06T15:52:24.679000+00:00,keyup,82,,78.3,,,,,,,,,controlled_typing,2,,,,,,,,,,/app/training,dev_756613b6-f97b-4b3b-90c2-dc790e7989db,,,,,,,,,,,,,,,,,,,,,,,,,,,,,,,,,,,,,,,,,,,,,,,,,,,,,,,,,,,,,,,,,,
training_event,training,e92e7c09-c1b8-4f72-a7a8-f75077608d1b,9ab261a0-403d-4f80-9d88-a00f39cc2284,2026-09-06T15:52:24.707000+00:00,keydown,73,i,,105.9,,,,,,,,controlled_typing,2,,,,,,,,,,/app/training,dev_756613b6-f97b-4b3b-90c2-dc790e7989db,,,,,,,,,,,,,,,,,,,,,,,,,,,,,,,,,,,,,,,,,,,,,,,,,,,,,,,,,,,,,,,,,,
training_event,training,e92e7c09-c1b8-4f72-a7a8-f75077608d1b,9ab261a0-403d-4f80-9d88-a00f39cc2284,2026-09-06T15:52:24.759000+00:00,keyup,73,,52.0,,,,,,,,,controlled_typing,2,,,,,,,,,,/app/training,dev_756613b6-f97b-4b3b-90c2-dc790e7989db,,,,,,,,,,,,,,,,,,,,,,,,,,,,,,,,,,,,,,,,,,,,,,,,,,,,,,,,,,,,,,,,,,
training_event,training,e92e7c09-c1b8-4f72-a7a8-f75077608d1b,9ab261a0-403d-4f80-9d88-a00f39cc2284,2026-09-06T15:52:24.859000+00:00,keydown,78,n,,151.8,,,,,,,,controlled_typing,2,,,,,,,,,,/app/training,dev_756613b6-f97b-4b3b-90c2-dc790e7989db,,,,,,,,,,,,,,,,,,,,,,,,,,,,,,,,,,,,,,,,,,,,,,,,,,,,,,,,,,,,,,,,,,
training_event,training,e92e7c09-c1b8-4f72-a7a8-f75077608d1b,9ab261a0-403d-4f80-9d88-a00f39cc2284,2026-09-06T15:52:24.925000+00:00,keyup,78,,66.2,,,,,,,,,controlled_typing,2,,,,,,,,,,/app/training,dev_756613b6-f97b-4b3b-90c2-dc790e7989db,,,,,,,,,,,,,,,,,,,,,,,,,,,,,,,,,,,,,,,,,,,,,,,,,,,,,,,,,,,,,,,,,,
training_event,training,e92e7c09-c1b8-4f72-a7a8-f75077608d1b,9ab261a0-403d-4f80-9d88-a00f39cc2284,2026-09-06T15:52:25.058000+00:00,keydown,32, ,,199.5,,,,,,,,controlled_typing,2,,,,,,,,,,/app/training,dev_756613b6-f97b-4b3b-90c2-dc790e7989db,,,,,,,,,,,,,,,,,,,,,,,,,,,,,,,,,,,,,,,,,,,,,,,,,,,,,,,,,,,,,,,,,,
training_event,training,e92e7c09-c1b8-4f72-a7a8-f75077608d1b,9ab261a0-403d-4f80-9d88-a00f39cc2284,2026-09-06T15:52:25.123000+00:00,keyup,32,,64.9,,,,,,,,,controlled_typing,2,,,,,,,,,,/app/training,dev_756613b6-f97b-4b3b-90c2-dc790e7989db,,,,,,,,,,,,,,,,,,,,,,,,,,,,,,,,,,,,,,,,,,,,,,,,,,,,,,,,,,,,,,,,,,
training_event,training,e92e7c09-c1b8-4f72-a7a8-f75077608d1b,9ab261a0-403d-4f80-9d88-a00f39cc2284,2026-09-06T15:52:25.362000+00:00,keydown,8,,,303.8,,,,,,,,controlled_typing,2,,,,,,,,,,/app/training,dev_756613b6-f97b-4b3b-90c2-dc790e7989db,,,,,,,,,,,,,,,,,,,,,,,,,,,,,,,,,,,,,,,,,,,,,,,,,,,,,,,,,,,,,,,,,,
training_event,training,e92e7c09-c1b8-4f72-a7a8-f75077608d1b,9ab261a0-403d-4f80-9d88-a00f39cc2284,2026-09-06T15:52:25.436000+00:00,keyup,8,,74.2,,,,,,,,,controlled_typing,2,,,,,,,,,,/app/training,dev_756613b6-f97b-4b3b-90c2-dc790e7989db,,,,,,,,,,,,,,,,,,,,,,,,,,,,,,,,,,,,,,,,,,,,,,,,,,,,,,,,,,,,,,,,,,
training_event,training,e92e7c09-c1b8-4f72-a7a8-f75077608d1b,9ab261a0-403d-4f80-9d88-a00f39cc2284,2026-09-06T15:52:25.483000+00:00,keydown,71,g,,121.5,,,,,,,,controlled_typing,2,,,,,,,,,,/app/training,dev_756613b6-f97b-4b3b-90c2-dc790e7989db,,,,,,,,,,,,,,,,,,,,,,,,,,,,,,,,,,,,,,,,,,,,,,,,,,,,,,,,,,,,,,,,,,
training_event,training,e92e7c09-c1b8-4f72-a7a8-f75077608d1b,9ab261a0-403d-4f80-9d88-a00f39cc2284,2026-09-06T15:52:25.580000+00:00,keydown,32, ,,96.5,,,,,,,,controlled_typing,2,,,,,,,,,,/app/training,dev_756613b6-f97b-4b3b-90c2-dc790e7989db,,,,,,,,,,,,,,,,,,,,,,,,,,,,,,,,,,,,,,,,,,,,,,,,,,,,,,,,,,,,,,,,,,
training_event,training,e92e7c09-c1b8-4f72-a7a8-f75077608d1b,9ab261a0-403d-4f80-9d88-a00f39cc2284,2026-09-06T15:52:25.598000+00:00,keyup,71,,114.8,,,,,,,,,controlled_typing,2,,,,,,,,,,/app/training,dev_756613b6-f97b-4b3b-90c2-dc790e7989db,,,,,,,,,,,,,,,,,,,,,,,,,,,,,,,,,,,,,,,,,,,,,,,,,,,,,,,,,,,,,,,,,,
training_event,training,e92e7c09-c1b8-4f72-a7a8-f75077608d1b,9ab261a0-403d-4f80-9d88-a00f39cc2284,2026-09-06T15:52:25.655000+00:00,keyup,32,,75.0,,,,,,,,,controlled_typing,2,,,,,,,,,,/app/training,dev_756613b6-f97b-4b3b-90c2-dc790e7989db,,,,,,,,,,,,,,,,,,,,,,,,,,,,,,,,,,,,,,,,,,,,,,,,,,,,,,,,,,,,,,,,,,
training_event,training,e92e7c09-c1b8-4f72-a7a8-f75077608d1b,9ab261a0-403d-4f80-9d88-a00f39cc2284,2026-09-06T15:52:26.300000+00:00,keydown,69,e,,720.0,,,,,,,,controlled_typing,2,,,,,,,,,,/app/training,dev_756613b6-f97b-4b3b-90c2-dc790e7989db,,,,,,,,,,,,,,,,,,,,,,,,,,,,,,,,,,,,,,,,,,,,,,,,,,,,,,,,,,,,,,,,,,
training_event,training,e92e7c09-c1b8-4f72-a7a8-f75077608d1b,9ab261a0-403d-4f80-9d88-a00f39cc2284,2026-09-06T15:52:26.406000+00:00,keyup,69,,106.5,,,,,,,,,controlled_typing,2,,,,,,,,,,/app/training,dev_756613b6-f97b-4b3b-90c2-dc790e7989db,,,,,,,,,,,,,,,,,,,,,,,,,,,,,,,,,,,,,,,,,,,,,,,,,,,,,,,,,,,,,,,,,,
training_event,training,e92e7c09-c1b8-4f72-a7a8-f75077608d1b,9ab261a0-403d-4f80-9d88-a00f39cc2284,2026-09-06T15:52:26.558000+00:00,keydown,86,v,,257.9,,,,,,,,controlled_typing,2,,,,,,,,,,/app/training,dev_756613b6-f97b-4b3b-90c2-dc790e7989db,,,,,,,,,,,,,,,,,,,,,,,,,,,,,,,,,,,,,,,,,,,,,,,,,,,,,,,,,,,,,,,,,,
training_event,training,e92e7c09-c1b8-4f72-a7a8-f75077608d1b,9ab261a0-403d-4f80-9d88-a00f39cc2284,2026-09-06T15:52:26.664000+00:00,keyup,86,,105.7,,,,,,,,,controlled_typing,2,,,,,,,,,,/app/training,dev_756613b6-f97b-4b3b-90c2-dc790e7989db,,,,,,,,,,,,,,,,,,,,,,,,,,,,,,,,,,,,,,,,,,,,,,,,,,,,,,,,,,,,,,,,,,
training_event,training,e92e7c09-c1b8-4f72-a7a8-f75077608d1b,9ab261a0-403d-4f80-9d88-a00f39cc2284,2026-09-06T15:52:26.759000+00:00,keydown,69,e,,201.6,,,,,,,,controlled_typing,2,,,,,,,,,,/app/training,dev_756613b6-f97b-4b3b-90c2-dc790e7989db,,,,,,,,,,,,,,,,,,,,,,,,,,,,,,,,,,,,,,,,,,,,,,,,,,,,,,,,,,,,,,,,,,
training_event,training,e92e7c09-c1b8-4f72-a7a8-f75077608d1b,9ab261a0-403d-4f80-9d88-a00f39cc2284,2026-09-06T15:52:26.866000+00:00,keyup,69,,106.1,,,,,,,,,controlled_typing,2,,,,,,,,,,/app/training,dev_756613b6-f97b-4b3b-90c2-dc790e7989db,,,,,,,,,,,,,,,,,,,,,,,,,,,,,,,,,,,,,,,,,,,,,,,,,,,,,,,,,,,,,,,,,,
training_event,training,e92e7c09-c1b8-4f72-a7a8-f75077608d1b,9ab261a0-403d-4f80-9d88-a00f39cc2284,2026-09-06T15:52:26.920000+00:00,keydown,82,r,,160.0,,,,,,,,controlled_typing,2,,,,,,,,,,/app/training,dev_756613b6-f97b-4b3b-90c2-dc790e7989db,,,,,,,,,,,,,,,,,,,,,,,,,,,,,,,,,,,,,,,,,,,,,,,,,,,,,,,,,,,,,,,,,,
training_event,training,e92e7c09-c1b8-4f72-a7a8-f75077608d1b,9ab261a0-403d-4f80-9d88-a00f39cc2284,2026-09-06T15:52:27.002000+00:00,keyup,82,,82.1,,,,,,,,,controlled_typing,2,,,,,,,,,,/app/training,dev_756613b6-f97b-4b3b-90c2-dc790e7989db,,,,,,,,,,,,,,,,,,,,,,,,,,,,,,,,,,,,,,,,,,,,,,,,,,,,,,,,,,,,,,,,,,
training_event,training,e92e7c09-c1b8-4f72-a7a8-f75077608d1b,9ab261a0-403d-4f80-9d88-a00f39cc2284,2026-09-06T15:52:27.231000+00:00,keydown,68,d,,311.2,,,,,,,,controlled_typing,2,,,,,,,,,,/app/training,dev_756613b6-f97b-4b3b-90c2-dc790e7989db,,,,,,,,,,,,,,,,,,,,,,,,,,,,,,,,,,,,,,,,,,,,,,,,,,,,,,,,,,,,,,,,,,
training_event,training,e92e7c09-c1b8-4f72-a7a8-f75077608d1b,9ab261a0-403d-4f80-9d88-a00f39cc2284,2026-09-06T15:52:27.322000+00:00,keyup,68,,91.5,,,,,,,,,controlled_typing,2,,,,,,,,,,/app/training,dev_756613b6-f97b-4b3b-90c2-dc790e7989db,,,,,,,,,,,,,,,,,,,,,,,,,,,,,,,,,,,,,,,,,,,,,,,,,,,,,,,,,,,,,,,,,,
training_event,training,e92e7c09-c1b8-4f72-a7a8-f75077608d1b,9ab261a0-403d-4f80-9d88-a00f39cc2284,2026-09-06T15:52:27.381000+00:00,keydown,65,a,,150.2,,,,,,,,controlled_typing,2,,,,,,,,,,/app/training,dev_756613b6-f97b-4b3b-90c2-dc790e7989db,,,,,,,,,,,,,,,,,,,,,,,,,,,,,,,,,,,,,,,,,,,,,,,,,,,,,,,,,,,,,,,,,,
training_event,training,e92e7c09-c1b8-4f72-a7a8-f75077608d1b,9ab261a0-403d-4f80-9d88-a00f39cc2284,2026-09-06T15:52:27.459000+00:00,keydown,89,y,,78.1,,,,,,,,controlled_typing,2,,,,,,,,,,/app/training,dev_756613b6-f97b-4b3b-90c2-dc790e7989db,,,,,,,,,,,,,,,,,,,,,,,,,,,,,,,,,,,,,,,,,,,,,,,,,,,,,,,,,,,,,,,,,,
training_event,training,e92e7c09-c1b8-4f72-a7a8-f75077608d1b,9ab261a0-403d-4f80-9d88-a00f39cc2284,2026-09-06T15:52:27.484000+00:00,keyup,65,,102.6,,,,,,,,,controlled_typing,2,,,,,,,,,,/app/training,dev_756613b6-f97b-4b3b-90c2-dc790e7989db,,,,,,,,,,,,,,,,,,,,,,,,,,,,,,,,,,,,,,,,,,,,,,,,,,,,,,,,,,,,,,,,,,
training_event,training,e92e7c09-c1b8-4f72-a7a8-f75077608d1b,9ab261a0-403d-4f80-9d88-a00f39cc2284,2026-09-06T15:52:27.529000+00:00,keyup,89,,69.8,,,,,,,,,controlled_typing,2,,,,,,,,,,/app/training,dev_756613b6-f97b-4b3b-90c2-dc790e7989db,,,,,,,,,,,,,,,,,,,,,,,,,,,,,,,,,,,,,,,,,,,,,,,,,,,,,,,,,,,,,,,,,,
training_event,training,e92e7c09-c1b8-4f72-a7a8-f75077608d1b,9ab261a0-403d-4f80-9d88-a00f39cc2284,2026-09-06T15:52:27.664000+00:00,keydown,32, ,,204.8,,,,,,,,controlled_typing,2,,,,,,,,,,/app/training,dev_756613b6-f97b-4b3b-90c2-dc790e7989db,,,,,,,,,,,,,,,,,,,,,,,,,,,,,,,,,,,,,,,,,,,,,,,,,,,,,,,,,,,,,,,,,,
training_event,training,e92e7c09-c1b8-4f72-a7a8-f75077608d1b,9ab261a0-403d-4f80-9d88-a00f39cc2284,2026-09-06T15:52:27.737000+00:00,keyup,32,,72.9,,,,,,,,,controlled_typing,2,,,,,,,,,,/app/training,dev_756613b6-f97b-4b3b-90c2-dc790e7989db,,,,,,,,,,,,,,,,,,,,,,,,,,,,,,,,,,,,,,,,,,,,,,,,,,,,,,,,,,,,,,,,,,
training_event,training,e92e7c09-c1b8-4f72-a7a8-f75077608d1b,9ab261a0-403d-4f80-9d88-a00f39cc2284,2026-09-06T15:52:27.860000+00:00,keydown,66,b,,196.3,,,,,,,,controlled_typing,2,,,,,,,,,,/app/training,dev_756613b6-f97b-4b3b-90c2-dc790e7989db,,,,,,,,,,,,,,,,,,,,,,,,,,,,,,,,,,,,,,,,,,,,,,,,,,,,,,,,,,,,,,,,,,
training_event,training,e92e7c09-c1b8-4f72-a7a8-f75077608d1b,9ab261a0-403d-4f80-9d88-a00f39cc2284,2026-09-06T15:52:27.937000+00:00,keyup,66,,76.7,,,,,,,,,controlled_typing,2,,,,,,,,,,/app/training,dev_756613b6-f97b-4b3b-90c2-dc790e7989db,,,,,,,,,,,,,,,,,,,,,,,,,,,,,,,,,,,,,,,,,,,,,,,,,,,,,,,,,,,,,,,,,,
training_event,training,e92e7c09-c1b8-4f72-a7a8-f75077608d1b,9ab261a0-403d-4f80-9d88-a00f39cc2284,2026-09-06T15:52:27.939000+00:00,keydown,65,a,,79.3,,,,,,,,controlled_typing,2,,,,,,,,,,/app/training,dev_756613b6-f97b-4b3b-90c2-dc790e7989db,,,,,,,,,,,,,,,,,,,,,,,,,,,,,,,,,,,,,,,,,,,,,,,,,,,,,,,,,,,,,,,,,,
training_event,training,e92e7c09-c1b8-4f72-a7a8-f75077608d1b,9ab261a0-403d-4f80-9d88-a00f39cc2284,2026-09-06T15:52:28.041000+00:00,keyup,65,,101.1,,,,,,,,,controlled_typing,2,,,,,,,,,,/app/training,dev_756613b6-f97b-4b3b-90c2-dc790e7989db,,,,,,,,,,,,,,,,,,,,,,,,,,,,,,,,,,,,,,,,,,,,,,,,,,,,,,,,,,,,,,,,,,
training_event,training,e92e7c09-c1b8-4f72-a7a8-f75077608d1b,9ab261a0-403d-4f80-9d88-a00f39cc2284,2026-09-06T15:52:28.280000+00:00,keydown,78,n,,340.2,,,,,,,,controlled_typing,2,,,,,,,,,,/app/training,dev_756613b6-f97b-4b3b-90c2-dc790e7989db,,,,,,,,,,,,,,,,,,,,,,,,,,,,,,,,,,,,,,,,,,,,,,,,,,,,,,,,,,,,,,,,,,
training_event,training,e92e7c09-c1b8-4f72-a7a8-f75077608d1b,9ab261a0-403d-4f80-9d88-a00f39cc2284,2026-09-06T15:52:28.391000+00:00,keyup,78,,111.6,,,,,,,,,controlled_typing,2,,,,,,,,,,/app/training,dev_756613b6-f97b-4b3b-90c2-dc790e7989db,,,,,,,,,,,,,,,,,,,,,,,,,,,,,,,,,,,,,,,,,,,,,,,,,,,,,,,,,,,,,,,,,,
training_event,training,e92e7c09-c1b8-4f72-a7a8-f75077608d1b,9ab261a0-403d-4f80-9d88-a00f39cc2284,2026-09-06T15:52:28.418000+00:00,keydown,75,k,,138.5,,,,,,,,controlled_typing,2,,,,,,,,,,/app/training,dev_756613b6-f97b-4b3b-90c2-dc790e7989db,,,,,,,,,,,,,,,,,,,,,,,,,,,,,,,,,,,,,,,,,,,,,,,,,,,,,,,,,,,,,,,,,,
training_event,training,e92e7c09-c1b8-4f72-a7a8-f75077608d1b,9ab261a0-403d-4f80-9d88-a00f39cc2284,2026-09-06T15:52:28.492000+00:00,keyup,75,,74.3,,,,,,,,,controlled_typing,2,,,,,,,,,,/app/training,dev_756613b6-f97b-4b3b-90c2-dc790e7989db,,,,,,,,,,,,,,,,,,,,,,,,,,,,,,,,,,,,,,,,,,,,,,,,,,,,,,,,,,,,,,,,,,
training_event,training,e92e7c09-c1b8-4f72-a7a8-f75077608d1b,9ab261a0-403d-4f80-9d88-a00f39cc2284,2026-09-06T15:52:28.613000+00:00,keydown,73,i,,195.1,,,,,,,,controlled_typing,2,,,,,,,,,,/app/training,dev_756613b6-f97b-4b3b-90c2-dc790e7989db,,,,,,,,,,,,,,,,,,,,,,,,,,,,,,,,,,,,,,,,,,,,,,,,,,,,,,,,,,,,,,,,,,
training_event,training,e92e7c09-c1b8-4f72-a7a8-f75077608d1b,9ab261a0-403d-4f80-9d88-a00f39cc2284,2026-09-06T15:52:28.674000+00:00,keyup,73,,61.2,,,,,,,,,controlled_typing,2,,,,,,,,,,/app/training,dev_756613b6-f97b-4b3b-90c2-dc790e7989db,,,,,,,,,,,,,,,,,,,,,,,,,,,,,,,,,,,,,,,,,,,,,,,,,,,,,,,,,,,,,,,,,,
training_event,training,e92e7c09-c1b8-4f72-a7a8-f75077608d1b,9ab261a0-403d-4f80-9d88-a00f39cc2284,2026-09-06T15:52:28.729000+00:00,keydown,78,n,,115.9,,,,,,,,controlled_typing,2,,,,,,,,,,/app/training,dev_756613b6-f97b-4b3b-90c2-dc790e7989db,,,,,,,,,,,,,,,,,,,,,,,,,,,,,,,,,,,,,,,,,,,,,,,,,,,,,,,,,,,,,,,,,,
training_event,training,e92e7c09-c1b8-4f72-a7a8-f75077608d1b,9ab261a0-403d-4f80-9d88-a00f39cc2284,2026-09-06T15:52:28.816000+00:00,keyup,78,,86.4,,,,,,,,,controlled_typing,2,,,,,,,,,,/app/training,dev_756613b6-f97b-4b3b-90c2-dc790e7989db,,,,,,,,,,,,,,,,,,,,,,,,,,,,,,,,,,,,,,,,,,,,,,,,,,,,,,,,,,,,,,,,,,
training_event,training,e92e7c09-c1b8-4f72-a7a8-f75077608d1b,9ab261a0-403d-4f80-9d88-a00f39cc2284,2026-09-06T15:52:28.834000+00:00,keydown,71,g,,104.4,,,,,,,,controlled_typing,2,,,,,,,,,,/app/training,dev_756613b6-f97b-4b3b-90c2-dc790e7989db,,,,,,,,,,,,,,,,,,,,,,,,,,,,,,,,,,,,,,,,,,,,,,,,,,,,,,,,,,,,,,,,,,
training_event,training,e92e7c09-c1b8-4f72-a7a8-f75077608d1b,9ab261a0-403d-4f80-9d88-a00f39cc2284,2026-09-06T15:52:28.924000+00:00,keyup,71,,90.7,,,,,,,,,controlled_typing,2,,,,,,,,,,/app/training,dev_756613b6-f97b-4b3b-90c2-dc790e7989db,,,,,,,,,,,,,,,,,,,,,,,,,,,,,,,,,,,,,,,,,,,,,,,,,,,,,,,,,,,,,,,,,,
training_event,training,e92e7c09-c1b8-4f72-a7a8-f75077608d1b,9ab261a0-403d-4f80-9d88-a00f39cc2284,2026-09-06T15:52:28.987000+00:00,keydown,190,.,,153.2,,,,,,,,controlled_typing,2,,,,,,,,,,/app/training,dev_756613b6-f97b-4b3b-90c2-dc790e7989db,,,,,,,,,,,,,,,,,,,,,,,,,,,,,,,,,,,,,,,,,,,,,,,,,,,,,,,,,,,,,,,,,,
training_event,training,e92e7c09-c1b8-4f72-a7a8-f75077608d1b,9ab261a0-403d-4f80-9d88-a00f39cc2284,2026-09-06T15:52:29.058000+00:00,keyup,190,,71.7,,,,,,,,,controlled_typing,2,,,,,,,,,,/app/training,dev_756613b6-f97b-4b3b-90c2-dc790e7989db,,,,,,,,,,,,,,,,,,,,,,,,,,,,,,,,,,,,,,,,,,,,,,,,,,,,,,,,,,,,,,,,,,
training_event,training,e92e7c09-c1b8-4f72-a7a8-f75077608d1b,9ab261a0-403d-4f80-9d88-a00f39cc2284,2026-09-06T15:52:40.668000+00:00,keydown,85,u,,2000.0,,,,,,,,controlled_typing,2,,,,,,,,,,/app/training,dev_756613b6-f97b-4b3b-90c2-dc790e7989db,,,,,,,,,,,,,,,,,,,,,,,,,,,,,,,,,,,,,,,,,,,,,,,,,,,,,,,,,,,,,,,,,,
training_event,training,e92e7c09-c1b8-4f72-a7a8-f75077608d1b,9ab261a0-403d-4f80-9d88-a00f39cc2284,2026-09-06T15:52:40.722000+00:00,keyup,85,,53.8,,,,,,,,,controlled_typing,2,,,,,,,,,,/app/training,dev_756613b6-f97b-4b3b-90c2-dc790e7989db,,,,,,,,,,,,,,,,,,,,,,,,,,,,,,,,,,,,,,,,,,,,,,,,,,,,,,,,,,,,,,,,,,
training_event,training,e92e7c09-c1b8-4f72-a7a8-f75077608d1b,9ab261a0-403d-4f80-9d88-a00f39cc2284,2026-09-06T15:52:41.140000+00:00,keydown,8,,,471.2,,,,,,,,controlled_typing,2,,,,,,,,,,/app/training,dev_756613b6-f97b-4b3b-90c2-dc790e7989db,,,,,,,,,,,,,,,,,,,,,,,,,,,,,,,,,,,,,,,,,,,,,,,,,,,,,,,,,,,,,,,,,,
training_event,training,e92e7c09-c1b8-4f72-a7a8-f75077608d1b,9ab261a0-403d-4f80-9d88-a00f39cc2284,2026-09-06T15:52:41.258000+00:00,keyup,8,,118.5,,,,,,,,,controlled_typing,2,,,,,,,,,,/app/training,dev_756613b6-f97b-4b3b-90c2-dc790e7989db,,,,,,,,,,,,,,,,,,,,,,,,,,,,,,,,,,,,,,,,,,,,,,,,,,,,,,,,,,,,,,,,,,
training_event,training,e92e7c09-c1b8-4f72-a7a8-f75077608d1b,9ab261a0-403d-4f80-9d88-a00f39cc2284,2026-09-06T15:52:41.298000+00:00,keydown,89,y,,158.7,,,,,,,,controlled_typing,2,,,,,,,,,,/app/training,dev_756613b6-f97b-4b3b-90c2-dc790e7989db,,,,,,,,,,,,,,,,,,,,,,,,,,,,,,,,,,,,,,,,,,,,,,,,,,,,,,,,,,,,,,,,,,
training_event,training,e92e7c09-c1b8-4f72-a7a8-f75077608d1b,55c98bc7-487d-4527-9759-5177afd35bce,2026-09-06T15:52:46.638000+00:00,keydown,80,P,,,,,,,,,,controlled_typing,3,,,,,,,,,,/app/training,dev_756613b6-f97b-4b3b-90c2-dc790e7989db,,,,,,,,,,,,,,,,,,,,,,,,,,,,,,,,,,,,,,,,,,,,,,,,,,,,,,,,,,,,,,,,,,
training_event,training,e92e7c09-c1b8-4f72-a7a8-f75077608d1b,55c98bc7-487d-4527-9759-5177afd35bce,2026-09-06T15:52:46.715000+00:00,keyup,80,,77.6,,,,,,,,,controlled_typing,3,,,,,,,,,,/app/training,dev_756613b6-f97b-4b3b-90c2-dc790e7989db,,,,,,,,,,,,,,,,,,,,,,,,,,,,,,,,,,,,,,,,,,,,,,,,,,,,,,,,,,,,,,,,,,
training_event,training,e92e7c09-c1b8-4f72-a7a8-f75077608d1b,55c98bc7-487d-4527-9759-5177afd35bce,2026-09-06T15:52:46.824000+00:00,keydown,76,l,,185.8,,,,,,,,controlled_typing,3,,,,,,,,,,/app/training,dev_756613b6-f97b-4b3b-90c2-dc790e7989db,,,,,,,,,,,,,,,,,,,,,,,,,,,,,,,,,,,,,,,,,,,,,,,,,,,,,,,,,,,,,,,,,,
training_event,training,e92e7c09-c1b8-4f72-a7a8-f75077608d1b,55c98bc7-487d-4527-9759-5177afd35bce,2026-09-06T15:52:46.895000+00:00,keyup,76,,71.4,,,,,,,,,controlled_typing,3,,,,,,,,,,/app/training,dev_756613b6-f97b-4b3b-90c2-dc790e7989db,,,,,,,,,,,,,,,,,,,,,,,,,,,,,,,,,,,,,,,,,,,,,,,,,,,,,,,,,,,,,,,,,,
training_event,training,e92e7c09-c1b8-4f72-a7a8-f75077608d1b,55c98bc7-487d-4527-9759-5177afd35bce,2026-09-06T15:52:47.047000+00:00,keydown,69,e,,223.7,,,,,,,,controlled_typing,3,,,,,,,,,,/app/training,dev_756613b6-f97b-4b3b-90c2-dc790e7989db,,,,,,,,,,,,,,,,,,,,,,,,,,,,,,,,,,,,,,,,,,,,,,,,,,,,,,,,,,,,,,,,,,
training_event,training,e92e7c09-c1b8-4f72-a7a8-f75077608d1b,55c98bc7-487d-4527-9759-5177afd35bce,2026-09-06T15:52:47.113000+00:00,keyup,69,,65.4,,,,,,,,,controlled_typing,3,,,,,,,,,,/app/training,dev_756613b6-f97b-4b3b-90c2-dc790e7989db,,,,,,,,,,,,,,,,,,,,,,,,,,,,,,,,,,,,,,,,,,,,,,,,,,,,,,,,,,,,,,,,,,
training_event,training,e92e7c09-c1b8-4f72-a7a8-f75077608d1b,55c98bc7-487d-4527-9759-5177afd35bce,2026-09-06T15:52:47.240000+00:00,keydown,65,a,,192.3,,,,,,,,controlled_typing,3,,,,,,,,,,/app/training,dev_756613b6-f97b-4b3b-90c2-dc790e7989db,,,,,,,,,,,,,,,,,,,,,,,,,,,,,,,,,,,,,,,,,,,,,,,,,,,,,,,,,,,,,,,,,,
training_event,training,e92e7c09-c1b8-4f72-a7a8-f75077608d1b,55c98bc7-487d-4527-9759-5177afd35bce,2026-09-06T15:52:47.357000+00:00,keyup,65,,117.0,,,,,,,,,controlled_typing,3,,,,,,,,,,/app/training,dev_756613b6-f97b-4b3b-90c2-dc790e7989db,,,,,,,,,,,,,,,,,,,,,,,,,,,,,,,,,,,,,,,,,,,,,,,,,,,,,,,,,,,,,,,,,,
training_event,training,e92e7c09-c1b8-4f72-a7a8-f75077608d1b,55c98bc7-487d-4527-9759-5177afd35bce,2026-09-06T15:52:47.361000+00:00,keydown,83,s,,121.4,,,,,,,,controlled_typing,3,,,,,,,,,,/app/training,dev_756613b6-f97b-4b3b-90c2-dc790e7989db,,,,,,,,,,,,,,,,,,,,,,,,,,,,,,,,,,,,,,,,,,,,,,,,,,,,,,,,,,,,,,,,,,
training_event,training,e92e7c09-c1b8-4f72-a7a8-f75077608d1b,55c98bc7-487d-4527-9759-5177afd35bce,2026-09-06T15:52:47.469000+00:00,keyup,83,,107.5,,,,,,,,,controlled_typing,3,,,,,,,,,,/app/training,dev_756613b6-f97b-4b3b-90c2-dc790e7989db,,,,,,,,,,,,,,,,,,,,,,,,,,,,,,,,,,,,,,,,,,,,,,,,,,,,,,,,,,,,,,,,,,
training_event,training,e92e7c09-c1b8-4f72-a7a8-f75077608d1b,55c98bc7-487d-4527-9759-5177afd35bce,2026-09-06T15:52:47.589000+00:00,keydown,69,e,,227.6,,,,,,,,controlled_typing,3,,,,,,,,,,/app/training,dev_756613b6-f97b-4b3b-90c2-dc790e7989db,,,,,,,,,,,,,,,,,,,,,,,,,,,,,,,,,,,,,,,,,,,,,,,,,,,,,,,,,,,,,,,,,,
training_event,training,e92e7c09-c1b8-4f72-a7a8-f75077608d1b,55c98bc7-487d-4527-9759-5177afd35bce,2026-09-06T15:52:47.667000+00:00,keyup,69,,77.9,,,,,,,,,controlled_typing,3,,,,,,,,,,/app/training,dev_756613b6-f97b-4b3b-90c2-dc790e7989db,,,,,,,,,,,,,,,,,,,,,,,,,,,,,,,,,,,,,,,,,,,,,,,,,,,,,,,,,,,,,,,,,,
training_event,training,e92e7c09-c1b8-4f72-a7a8-f75077608d1b,55c98bc7-487d-4527-9759-5177afd35bce,2026-09-06T15:52:47.676000+00:00,keydown,32, ,,87.6,,,,,,,,controlled_typing,3,,,,,,,,,,/app/training,dev_756613b6-f97b-4b3b-90c2-dc790e7989db,,,,,,,,,,,,,,,,,,,,,,,,,,,,,,,,,,,,,,,,,,,,,,,,,,,,,,,,,,,,,,,,,,
training_event,training,e92e7c09-c1b8-4f72-a7a8-f75077608d1b,55c98bc7-487d-4527-9759-5177afd35bce,2026-09-06T15:52:47.746000+00:00,keyup,32,,69.7,,,,,,,,,controlled_typing,3,,,,,,,,,,/app/training,dev_756613b6-f97b-4b3b-90c2-dc790e7989db,,,,,,,,,,,,,,,,,,,,,,,,,,,,,,,,,,,,,,,,,,,,,,,,,,,,,,,,,,,,,,,,,,
training_event,training,e92e7c09-c1b8-4f72-a7a8-f75077608d1b,55c98bc7-487d-4527-9759-5177afd35bce,2026-09-06T15:52:47.974000+00:00,keydown,84,t,,298.2,,,,,,,,controlled_typing,3,,,,,,,,,,/app/training,dev_756613b6-f97b-4b3b-90c2-dc790e7989db,,,,,,,,,,,,,,,,,,,,,,,,,,,,,,,,,,,,,,,,,,,,,,,,,,,,,,,,,,,,,,,,,,
training_event,training,e92e7c09-c1b8-4f72-a7a8-f75077608d1b,55c98bc7-487d-4527-9759-5177afd35bce,2026-09-06T15:52:48.056000+00:00,keyup,84,,81.7,,,,,,,,,controlled_typing,3,,,,,,,,,,/app/training,dev_756613b6-f97b-4b3b-90c2-dc790e7989db,,,,,,,,,,,,,,,,,,,,,,,,,,,,,,,,,,,,,,,,,,,,,,,,,,,,,,,,,,,,,,,,,,
training_event,training,e92e7c09-c1b8-4f72-a7a8-f75077608d1b,55c98bc7-487d-4527-9759-5177afd35bce,2026-09-06T15:52:48.152000+00:00,keydown,89,y,,177.9,,,,,,,,controlled_typing,3,,,,,,,,,,/app/training,dev_756613b6-f97b-4b3b-90c2-dc790e7989db,,,,,,,,,,,,,,,,,,,,,,,,,,,,,,,,,,,,,,,,,,,,,,,,,,,,,,,,,,,,,,,,,,
training_event,training,e92e7c09-c1b8-4f72-a7a8-f75077608d1b,55c98bc7-487d-4527-9759-5177afd35bce,2026-09-06T15:52:48.219000+00:00,keyup,89,,67.0,,,,,,,,,controlled_typing,3,,,,,,,,,,/app/training,dev_756613b6-f97b-4b3b-90c2-dc790e7989db,,,,,,,,,,,,,,,,,,,,,,,,,,,,,,,,,,,,,,,,,,,,,,,,,,,,,,,,,,,,,,,,,,
training_event,training,e92e7c09-c1b8-4f72-a7a8-f75077608d1b,55c98bc7-487d-4527-9759-5177afd35bce,2026-09-06T15:52:48.282000+00:00,keydown,80,p,,129.9,,,,,,,,controlled_typing,3,,,,,,,,,,/app/training,dev_756613b6-f97b-4b3b-90c2-dc790e7989db,,,,,,,,,,,,,,,,,,,,,,,,,,,,,,,,,,,,,,,,,,,,,,,,,,,,,,,,,,,,,,,,,,
training_event,training,e92e7c09-c1b8-4f72-a7a8-f75077608d1b,55c98bc7-487d-4527-9759-5177afd35bce,2026-09-06T15:52:48.365000+00:00,keyup,80,,82.5,,,,,,,,,controlled_typing,3,,,,,,,,,,/app/training,dev_756613b6-f97b-4b3b-90c2-dc790e7989db,,,,,,,,,,,,,,,,,,,,,,,,,,,,,,,,,,,,,,,,,,,,,,,,,,,,,,,,,,,,,,,,,,
training_event,training,e92e7c09-c1b8-4f72-a7a8-f75077608d1b,55c98bc7-487d-4527-9759-5177afd35bce,2026-09-06T15:52:48.424000+00:00,keydown,69,e,,142.0,,,,,,,,controlled_typing,3,,,,,,,,,,/app/training,dev_756613b6-f97b-4b3b-90c2-dc790e7989db,,,,,,,,,,,,,,,,,,,,,,,,,,,,,,,,,,,,,,,,,,,,,,,,,,,,,,,,,,,,,,,,,,
training_event,training,e92e7c09-c1b8-4f72-a7a8-f75077608d1b,55c98bc7-487d-4527-9759-5177afd35bce,2026-09-06T15:52:48.516000+00:00,keyup,69,,92.1,,,,,,,,,controlled_typing,3,,,,,,,,,,/app/training,dev_756613b6-f97b-4b3b-90c2-dc790e7989db,,,,,,,,,,,,,,,,,,,,,,,,,,,,,,,,,,,,,,,,,,,,,,,,,,,,,,,,,,,,,,,,,,
training_event,training,e92e7c09-c1b8-4f72-a7a8-f75077608d1b,55c98bc7-487d-4527-9759-5177afd35bce,2026-09-06T15:52:48.521000+00:00,keydown,32, ,,96.7,,,,,,,,controlled_typing,3,,,,,,,,,,/app/training,dev_756613b6-f97b-4b3b-90c2-dc790e7989db,,,,,,,,,,,,,,,,,,,,,,,,,,,,,,,,,,,,,,,,,,,,,,,,,,,,,,,,,,,,,,,,,,
training_event,training,e92e7c09-c1b8-4f72-a7a8-f75077608d1b,55c98bc7-487d-4527-9759-5177afd35bce,2026-09-06T15:52:48.583000+00:00,keyup,32,,61.9,,,,,,,,,controlled_typing,3,,,,,,,,,,/app/training,dev_756613b6-f97b-4b3b-90c2-dc790e7989db,,,,,,,,,,,,,,,,,,,,,,,,,,,,,,,,,,,,,,,,,,,,,,,,,,,,,,,,,,,,,,,,,,
training_event,training,e92e7c09-c1b8-4f72-a7a8-f75077608d1b,55c98bc7-487d-4527-9759-5177afd35bce,2026-09-06T15:52:48.667000+00:00,keydown,84,t,,146.5,,,,,,,,controlled_typing,3,,,,,,,,,,/app/training,dev_756613b6-f97b-4b3b-90c2-dc790e7989db,,,,,,,,,,,,,,,,,,,,,,,,,,,,,,,,,,,,,,,,,,,,,,,,,,,,,,,,,,,,,,,,,,
training_event,training,e92e7c09-c1b8-4f72-a7a8-f75077608d1b,55c98bc7-487d-4527-9759-5177afd35bce,2026-09-06T15:52:48.762000+00:00,keyup,84,,94.5,,,,,,,,,controlled_typing,3,,,,,,,,,,/app/training,dev_756613b6-f97b-4b3b-90c2-dc790e7989db,,,,,,,,,,,,,,,,,,,,,,,,,,,,,,,,,,,,,,,,,,,,,,,,,,,,,,,,,,,,,,,,,,
training_event,training,e92e7c09-c1b8-4f72-a7a8-f75077608d1b,55c98bc7-487d-4527-9759-5177afd35bce,2026-09-06T15:52:48.765000+00:00,keydown,72,h,,97.6,,,,,,,,controlled_typing,3,,,,,,,,,,/app/training,dev_756613b6-f97b-4b3b-90c2-dc790e7989db,,,,,,,,,,,,,,,,,,,,,,,,,,,,,,,,,,,,,,,,,,,,,,,,,,,,,,,,,,,,,,,,,,
training_event,training,e92e7c09-c1b8-4f72-a7a8-f75077608d1b,55c98bc7-487d-4527-9759-5177afd35bce,2026-09-06T15:52:48.859000+00:00,keyup,72,,94.0,,,,,,,,,controlled_typing,3,,,,,,,,,,/app/training,dev_756613b6-f97b-4b3b-90c2-dc790e7989db,,,,,,,,,,,,,,,,,,,,,,,,,,,,,,,,,,,,,,,,,,,,,,,,,,,,,,,,,,,,,,,,,,
training_event,training,e92e7c09-c1b8-4f72-a7a8-f75077608d1b,55c98bc7-487d-4527-9759-5177afd35bce,2026-09-06T15:52:48.860000+00:00,keydown,73,i,,95.5,,,,,,,,controlled_typing,3,,,,,,,,,,/app/training,dev_756613b6-f97b-4b3b-90c2-dc790e7989db,,,,,,,,,,,,,,,,,,,,,,,,,,,,,,,,,,,,,,,,,,,,,,,,,,,,,,,,,,,,,,,,,,
training_event,training,e92e7c09-c1b8-4f72-a7a8-f75077608d1b,55c98bc7-487d-4527-9759-5177afd35bce,2026-09-06T15:52:48.945000+00:00,keyup,73,,84.2,,,,,,,,,controlled_typing,3,,,,,,,,,,/app/training,dev_756613b6-f97b-4b3b-90c2-dc790e7989db,,,,,,,,,,,,,,,,,,,,,,,,,,,,,,,,,,,,,,,,,,,,,,,,,,,,,,,,,,,,,,,,,,
training_event,training,e92e7c09-c1b8-4f72-a7a8-f75077608d1b,55c98bc7-487d-4527-9759-5177afd35bce,2026-09-06T15:52:48.961000+00:00,keydown,83,s,,100.7,,,,,,,,controlled_typing,3,,,,,,,,,,/app/training,dev_756613b6-f97b-4b3b-90c2-dc790e7989db,,,,,,,,,,,,,,,,,,,,,,,,,,,,,,,,,,,,,,,,,,,,,,,,,,,,,,,,,,,,,,,,,,
training_event,training,e92e7c09-c1b8-4f72-a7a8-f75077608d1b,55c98bc7-487d-4527-9759-5177afd35bce,2026-09-06T15:52:49.063000+00:00,keydown,32, ,,102.2,,,,,,,,controlled_typing,3,,,,,,,,,,/app/training,dev_756613b6-f97b-4b3b-90c2-dc790e7989db,,,,,,,,,,,,,,,,,,,,,,,,,,,,,,,,,,,,,,,,,,,,,,,,,,,,,,,,,,,,,,,,,,
training_event,training,e92e7c09-c1b8-4f72-a7a8-f75077608d1b,55c98bc7-487d-4527-9759-5177afd35bce,2026-09-06T15:52:49.120000+00:00,keyup,83,,158.7,,,,,,,,,controlled_typing,3,,,,,,,,,,/app/training,dev_756613b6-f97b-4b3b-90c2-dc790e7989db,,,,,,,,,,,,,,,,,,,,,,,,,,,,,,,,,,,,,,,,,,,,,,,,,,,,,,,,,,,,,,,,,,
training_event,training,e92e7c09-c1b8-4f72-a7a8-f75077608d1b,55c98bc7-487d-4527-9759-5177afd35bce,2026-09-06T15:52:49.140000+00:00,keyup,32,,76.7,,,,,,,,,controlled_typing,3,,,,,,,,,,/app/training,dev_756613b6-f97b-4b3b-90c2-dc790e7989db,,,,,,,,,,,,,,,,,,,,,,,,,,,,,,,,,,,,,,,,,,,,,,,,,,,,,,,,,,,,,,,,,,
training_event,training,e92e7c09-c1b8-4f72-a7a8-f75077608d1b,55c98bc7-487d-4527-9759-5177afd35bce,2026-09-06T15:52:49.220000+00:00,keydown,83,s,,156.3,,,,,,,,controlled_typing,3,,,,,,,,,,/app/training,dev_756613b6-f97b-4b3b-90c2-dc790e7989db,,,,,,,,,,,,,,,,,,,,,,,,,,,,,,,,,,,,,,,,,,,,,,,,,,,,,,,,,,,,,,,,,,
training_event,training,e92e7c09-c1b8-4f72-a7a8-f75077608d1b,55c98bc7-487d-4527-9759-5177afd35bce,2026-09-06T15:52:49.332000+00:00,keyup,83,,112.5,,,,,,,,,controlled_typing,3,,,,,,,,,,/app/training,dev_756613b6-f97b-4b3b-90c2-dc790e7989db,,,,,,,,,,,,,,,,,,,,,,,,,,,,,,,,,,,,,,,,,,,,,,,,,,,,,,,,,,,,,,,,,,
training_event,training,e92e7c09-c1b8-4f72-a7a8-f75077608d1b,55c98bc7-487d-4527-9759-5177afd35bce,2026-09-06T15:52:49.410000+00:00,keydown,69,e,,190.7,,,,,,,,controlled_typing,3,,,,,,,,,,/app/training,dev_756613b6-f97b-4b3b-90c2-dc790e7989db,,,,,,,,,,,,,,,,,,,,,,,,,,,,,,,,,,,,,,,,,,,,,,,,,,,,,,,,,,,,,,,,,,
training_event,training,e92e7c09-c1b8-4f72-a7a8-f75077608d1b,55c98bc7-487d-4527-9759-5177afd35bce,2026-09-06T15:52:49.517000+00:00,keyup,69,,106.6,,,,,,,,,controlled_typing,3,,,,,,,,,,/app/training,dev_756613b6-f97b-4b3b-90c2-dc790e7989db,,,,,,,,,,,,,,,,,,,,,,,,,,,,,,,,,,,,,,,,,,,,,,,,,,,,,,,,,,,,,,,,,,
training_event,training,e92e7c09-c1b8-4f72-a7a8-f75077608d1b,55c98bc7-487d-4527-9759-5177afd35bce,2026-09-06T15:52:49.518000+00:00,keydown,78,n,,107.5,,,,,,,,controlled_typing,3,,,,,,,,,,/app/training,dev_756613b6-f97b-4b3b-90c2-dc790e7989db,,,,,,,,,,,,,,,,,,,,,,,,,,,,,,,,,,,,,,,,,,,,,,,,,,,,,,,,,,,,,,,,,,
training_event,training,e92e7c09-c1b8-4f72-a7a8-f75077608d1b,55c98bc7-487d-4527-9759-5177afd35bce,2026-09-06T15:52:49.602000+00:00,keyup,78,,84.4,,,,,,,,,controlled_typing,3,,,,,,,,,,/app/training,dev_756613b6-f97b-4b3b-90c2-dc790e7989db,,,,,,,,,,,,,,,,,,,,,,,,,,,,,,,,,,,,,,,,,,,,,,,,,,,,,,,,,,,,,,,,,,
training_event,training,e92e7c09-c1b8-4f72-a7a8-f75077608d1b,55c98bc7-487d-4527-9759-5177afd35bce,2026-09-06T15:52:49.661000+00:00,keydown,84,t,,143.6,,,,,,,,controlled_typing,3,,,,,,,,,,/app/training,dev_756613b6-f97b-4b3b-90c2-dc790e7989db,,,,,,,,,,,,,,,,,,,,,,,,,,,,,,,,,,,,,,,,,,,,,,,,,,,,,,,,,,,,,,,,,,
training_event,training,e92e7c09-c1b8-4f72-a7a8-f75077608d1b,55c98bc7-487d-4527-9759-5177afd35bce,2026-09-06T15:52:49.749000+00:00,keyup,84,,87.8,,,,,,,,,controlled_typing,3,,,,,,,,,,/app/training,dev_756613b6-f97b-4b3b-90c2-dc790e7989db,,,,,,,,,,,,,,,,,,,,,,,,,,,,,,,,,,,,,,,,,,,,,,,,,,,,,,,,,,,,,,,,,,
training_event,training,e92e7c09-c1b8-4f72-a7a8-f75077608d1b,55c98bc7-487d-4527-9759-5177afd35bce,2026-09-06T15:52:49.826000+00:00,keydown,69,e,,164.2,,,,,,,,controlled_typing,3,,,,,,,,,,/app/training,dev_756613b6-f97b-4b3b-90c2-dc790e7989db,,,,,,,,,,,,,,,,,,,,,,,,,,,,,,,,,,,,,,,,,,,,,,,,,,,,,,,,,,,,,,,,,,
training_event,training,e92e7c09-c1b8-4f72-a7a8-f75077608d1b,55c98bc7-487d-4527-9759-5177afd35bce,2026-09-06T15:52:49.930000+00:00,keyup,69,,104.6,,,,,,,,,controlled_typing,3,,,,,,,,,,/app/training,dev_756613b6-f97b-4b3b-90c2-dc790e7989db,,,,,,,,,,,,,,,,,,,,,,,,,,,,,,,,,,,,,,,,,,,,,,,,,,,,,,,,,,,,,,,,,,
training_event,training,e92e7c09-c1b8-4f72-a7a8-f75077608d1b,55c98bc7-487d-4527-9759-5177afd35bce,2026-09-06T15:52:49.982000+00:00,keydown,78,n,,156.2,,,,,,,,controlled_typing,3,,,,,,,,,,/app/training,dev_756613b6-f97b-4b3b-90c2-dc790e7989db,,,,,,,,,,,,,,,,,,,,,,,,,,,,,,,,,,,,,,,,,,,,,,,,,,,,,,,,,,,,,,,,,,
training_event,training,e92e7c09-c1b8-4f72-a7a8-f75077608d1b,55c98bc7-487d-4527-9759-5177afd35bce,2026-09-06T15:52:50.058000+00:00,keyup,78,,76.5,,,,,,,,,controlled_typing,3,,,,,,,,,,/app/training,dev_756613b6-f97b-4b3b-90c2-dc790e7989db,,,,,,,,,,,,,,,,,,,,,,,,,,,,,,,,,,,,,,,,,,,,,,,,,,,,,,,,,,,,,,,,,,
training_event,training,e92e7c09-c1b8-4f72-a7a8-f75077608d1b,55c98bc7-487d-4527-9759-5177afd35bce,2026-09-06T15:52:50.129000+00:00,keydown,67,c,,147.1,,,,,,,,controlled_typing,3,,,,,,,,,,/app/training,dev_756613b6-f97b-4b3b-90c2-dc790e7989db,,,,,,,,,,,,,,,,,,,,,,,,,,,,,,,,,,,,,,,,,,,,,,,,,,,,,,,,,,,,,,,,,,
training_event,training,e92e7c09-c1b8-4f72-a7a8-f75077608d1b,55c98bc7-487d-4527-9759-5177afd35bce,2026-09-06T15:52:50.259000+00:00,keyup,67,,129.5,,,,,,,,,controlled_typing,3,,,,,,,,,,/app/training,dev_756613b6-f97b-4b3b-90c2-dc790e7989db,,,,,,,,,,,,,,,,,,,,,,,,,,,,,,,,,,,,,,,,,,,,,,,,,,,,,,,,,,,,,,,,,,
training_event,training,e92e7c09-c1b8-4f72-a7a8-f75077608d1b,55c98bc7-487d-4527-9759-5177afd35bce,2026-09-06T15:52:50.284000+00:00,keydown,69,e,,155.0,,,,,,,,controlled_typing,3,,,,,,,,,,/app/training,dev_756613b6-f97b-4b3b-90c2-dc790e7989db,,,,,,,,,,,,,,,,,,,,,,,,,,,,,,,,,,,,,,,,,,,,,,,,,,,,,,,,,,,,,,,,,,
training_event,training,e92e7c09-c1b8-4f72-a7a8-f75077608d1b,55c98bc7-487d-4527-9759-5177afd35bce,2026-09-06T15:52:50.418000+00:00,keydown,32, ,,133.5,,,,,,,,controlled_typing,3,,,,,,,,,,/app/training,dev_756613b6-f97b-4b3b-90c2-dc790e7989db,,,,,,,,,,,,,,,,,,,,,,,,,,,,,,,,,,,,,,,,,,,,,,,,,,,,,,,,,,,,,,,,,,
training_event,training,e92e7c09-c1b8-4f72-a7a8-f75077608d1b,55c98bc7-487d-4527-9759-5177afd35bce,2026-09-06T15:52:50.426000+00:00,keyup,69,,141.9,,,,,,,,,controlled_typing,3,,,,,,,,,,/app/training,dev_756613b6-f97b-4b3b-90c2-dc790e7989db,,,,,,,,,,,,,,,,,,,,,,,,,,,,,,,,,,,,,,,,,,,,,,,,,,,,,,,,,,,,,,,,,,
training_event,training,e92e7c09-c1b8-4f72-a7a8-f75077608d1b,55c98bc7-487d-4527-9759-5177afd35bce,2026-09-06T15:52:50.492000+00:00,keyup,32,,74.6,,,,,,,,,controlled_typing,3,,,,,,,,,,/app/training,dev_756613b6-f97b-4b3b-90c2-dc790e7989db,,,,,,,,,,,,,,,,,,,,,,,,,,,,,,,,,,,,,,,,,,,,,,,,,,,,,,,,,,,,,,,,,,
training_event,training,e92e7c09-c1b8-4f72-a7a8-f75077608d1b,55c98bc7-487d-4527-9759-5177afd35bce,2026-09-06T15:52:50.617000+00:00,keydown,78,n,,199.9,,,,,,,,controlled_typing,3,,,,,,,,,,/app/training,dev_756613b6-f97b-4b3b-90c2-dc790e7989db,,,,,,,,,,,,,,,,,,,,,,,,,,,,,,,,,,,,,,,,,,,,,,,,,,,,,,,,,,,,,,,,,,
training_event,training,e92e7c09-c1b8-4f72-a7a8-f75077608d1b,55c98bc7-487d-4527-9759-5177afd35bce,2026-09-06T15:52:50.690000+00:00,keydown,65,a,,73.0,,,,,,,,controlled_typing,3,,,,,,,,,,/app/training,dev_756613b6-f97b-4b3b-90c2-dc790e7989db,,,,,,,,,,,,,,,,,,,,,,,,,,,,,,,,,,,,,,,,,,,,,,,,,,,,,,,,,,,,,,,,,,
training_event,training,e92e7c09-c1b8-4f72-a7a8-f75077608d1b,55c98bc7-487d-4527-9759-5177afd35bce,2026-09-06T15:52:50.706000+00:00,keyup,78,,88.5,,,,,,,,,controlled_typing,3,,,,,,,,,,/app/training,dev_756613b6-f97b-4b3b-90c2-dc790e7989db,,,,,,,,,,,,,,,,,,,,,,,,,,,,,,,,,,,,,,,,,,,,,,,,,,,,,,,,,,,,,,,,,,
training_event,training,e92e7c09-c1b8-4f72-a7a8-f75077608d1b,55c98bc7-487d-4527-9759-5177afd35bce,2026-09-06T15:52:50.807000+00:00,keyup,65,,116.2,,,,,,,,,controlled_typing,3,,,,,,,,,,/app/training,dev_756613b6-f97b-4b3b-90c2-dc790e7989db,,,,,,,,,,,,,,,,,,,,,,,,,,,,,,,,,,,,,,,,,,,,,,,,,,,,,,,,,,,,,,,,,,
training_event,training,e92e7c09-c1b8-4f72-a7a8-f75077608d1b,55c98bc7-487d-4527-9759-5177afd35bce,2026-09-06T15:52:50.896000+00:00,keydown,84,t,,205.9,,,,,,,,controlled_typing,3,,,,,,,,,,/app/training,dev_756613b6-f97b-4b3b-90c2-dc790e7989db,,,,,,,,,,,,,,,,,,,,,,,,,,,,,,,,,,,,,,,,,,,,,,,,,,,,,,,,,,,,,,,,,,
training_event,training,e92e7c09-c1b8-4f72-a7a8-f75077608d1b,55c98bc7-487d-4527-9759-5177afd35bce,2026-09-06T15:52:51.002000+00:00,keyup,84,,105.5,,,,,,,,,controlled_typing,3,,,,,,,,,,/app/training,dev_756613b6-f97b-4b3b-90c2-dc790e7989db,,,,,,,,,,,,,,,,,,,,,,,,,,,,,,,,,,,,,,,,,,,,,,,,,,,,,,,,,,,,,,,,,,
training_event,training,e92e7c09-c1b8-4f72-a7a8-f75077608d1b,55c98bc7-487d-4527-9759-5177afd35bce,2026-09-06T15:52:51.006000+00:00,keydown,85,u,,110.1,,,,,,,,controlled_typing,3,,,,,,,,,,/app/training,dev_756613b6-f97b-4b3b-90c2-dc790e7989db,,,,,,,,,,,,,,,,,,,,,,,,,,,,,,,,,,,,,,,,,,,,,,,,,,,,,,,,,,,,,,,,,,
training_event,training,e92e7c09-c1b8-4f72-a7a8-f75077608d1b,55c98bc7-487d-4527-9759-5177afd35bce,2026-09-06T15:52:51.090000+00:00,keyup,85,,83.4,,,,,,,,,controlled_typing,3,,,,,,,,,,/app/training,dev_756613b6-f97b-4b3b-90c2-dc790e7989db,,,,,,,,,,,,,,,,,,,,,,,,,,,,,,,,,,,,,,,,,,,,,,,,,,,,,,,,,,,,,,,,,,
training_event,training,e92e7c09-c1b8-4f72-a7a8-f75077608d1b,55c98bc7-487d-4527-9759-5177afd35bce,2026-09-06T15:52:51.099000+00:00,keydown,82,r,,92.1,,,,,,,,controlled_typing,3,,,,,,,,,,/app/training,dev_756613b6-f97b-4b3b-90c2-dc790e7989db,,,,,,,,,,,,,,,,,,,,,,,,,,,,,,,,,,,,,,,,,,,,,,,,,,,,,,,,,,,,,,,,,,
training_event,training,e92e7c09-c1b8-4f72-a7a8-f75077608d1b,55c98bc7-487d-4527-9759-5177afd35bce,2026-09-06T15:52:51.215000+00:00,keyup,82,,116.9,,,,,,,,,controlled_typing,3,,,,,,,,,,/app/training,dev_756613b6-f97b-4b3b-90c2-dc790e7989db,,,,,,,,,,,,,,,,,,,,,,,,,,,,,,,,,,,,,,,,,,,,,,,,,,,,,,,,,,,,,,,,,,
training_event,training,e92e7c09-c1b8-4f72-a7a8-f75077608d1b,55c98bc7-487d-4527-9759-5177afd35bce,2026-09-06T15:52:51.268000+00:00,keydown,65,a,,169.7,,,,,,,,controlled_typing,3,,,,,,,,,,/app/training,dev_756613b6-f97b-4b3b-90c2-dc790e7989db,,,,,,,,,,,,,,,,,,,,,,,,,,,,,,,,,,,,,,,,,,,,,,,,,,,,,,,,,,,,,,,,,,
training_event,training,e92e7c09-c1b8-4f72-a7a8-f75077608d1b,55c98bc7-487d-4527-9759-5177afd35bce,2026-09-06T15:52:51.403000+00:00,keyup,65,,134.6,,,,,,,,,controlled_typing,3,,,,,,,,,,/app/training,dev_756613b6-f97b-4b3b-90c2-dc790e7989db,,,,,,,,,,,,,,,,,,,,,,,,,,,,,,,,,,,,,,,,,,,,,,,,,,,,,,,,,,,,,,,,,,
training_event,training,e92e7c09-c1b8-4f72-a7a8-f75077608d1b,55c98bc7-487d-4527-9759-5177afd35bce,2026-09-06T15:52:51.411000+00:00,keydown,76,l,,142.7,,,,,,,,controlled_typing,3,,,,,,,,,,/app/training,dev_756613b6-f97b-4b3b-90c2-dc790e7989db,,,,,,,,,,,,,,,,,,,,,,,,,,,,,,,,,,,,,,,,,,,,,,,,,,,,,,,,,,,,,,,,,,
training_event,training,e92e7c09-c1b8-4f72-a7a8-f75077608d1b,55c98bc7-487d-4527-9759-5177afd35bce,2026-09-06T15:52:51.468000+00:00,keyup,76,,56.7,,,,,,,,,controlled_typing,3,,,,,,,,,,/app/training,dev_756613b6-f97b-4b3b-90c2-dc790e7989db,,,,,,,,,,,,,,,,,,,,,,,,,,,,,,,,,,,,,,,,,,,,,,,,,,,,,,,,,,,,,,,,,,
training_event,training,e92e7c09-c1b8-4f72-a7a8-f75077608d1b,55c98bc7-487d-4527-9759-5177afd35bce,2026-09-06T15:52:51.556000+00:00,keydown,76,l,,145.4,,,,,,,,controlled_typing,3,,,,,,,,,,/app/training,dev_756613b6-f97b-4b3b-90c2-dc790e7989db,,,,,,,,,,,,,,,,,,,,,,,,,,,,,,,,,,,,,,,,,,,,,,,,,,,,,,,,,,,,,,,,,,
training_event,training,e92e7c09-c1b8-4f72-a7a8-f75077608d1b,55c98bc7-487d-4527-9759-5177afd35bce,2026-09-06T15:52:51.640000+00:00,keyup,76,,83.7,,,,,,,,,controlled_typing,3,,,,,,,,,,/app/training,dev_756613b6-f97b-4b3b-90c2-dc790e7989db,,,,,,,,,,,,,,,,,,,,,,,,,,,,,,,,,,,,,,,,,,,,,,,,,,,,,,,,,,,,,,,,,,
training_event,training,e92e7c09-c1b8-4f72-a7a8-f75077608d1b,55c98bc7-487d-4527-9759-5177afd35bce,2026-09-06T15:52:51.765000+00:00,keydown,89,y,,209.0,,,,,,,,controlled_typing,3,,,,,,,,,,/app/training,dev_756613b6-f97b-4b3b-90c2-dc790e7989db,,,,,,,,,,,,,,,,,,,,,,,,,,,,,,,,,,,,,,,,,,,,,,,,,,,,,,,,,,,,,,,,,,
training_event,training,e92e7c09-c1b8-4f72-a7a8-f75077608d1b,55c98bc7-487d-4527-9759-5177afd35bce,2026-09-06T15:52:51.860000+00:00,keyup,89,,94.6,,,,,,,,,controlled_typing,3,,,,,,,,,,/app/training,dev_756613b6-f97b-4b3b-90c2-dc790e7989db,,,,,,,,,,,,,,,,,,,,,,,,,,,,,,,,,,,,,,,,,,,,,,,,,,,,,,,,,,,,,,,,,,
training_event,training,e92e7c09-c1b8-4f72-a7a8-f75077608d1b,55c98bc7-487d-4527-9759-5177afd35bce,2026-09-06T15:52:51.962000+00:00,keydown,32, ,,196.9,,,,,,,,controlled_typing,3,,,,,,,,,,/app/training,dev_756613b6-f97b-4b3b-90c2-dc790e7989db,,,,,,,,,,,,,,,,,,,,,,,,,,,,,,,,,,,,,,,,,,,,,,,,,,,,,,,,,,,,,,,,,,
training_event,training,e92e7c09-c1b8-4f72-a7a8-f75077608d1b,55c98bc7-487d-4527-9759-5177afd35bce,2026-09-06T15:52:52.016000+00:00,keyup,32,,54.1,,,,,,,,,controlled_typing,3,,,,,,,,,,/app/training,dev_756613b6-f97b-4b3b-90c2-dc790e7989db,,,,,,,,,,,,,,,,,,,,,,,,,,,,,,,,,,,,,,,,,,,,,,,,,,,,,,,,,,,,,,,,,,
training_event,training,e92e7c09-c1b8-4f72-a7a8-f75077608d1b,55c98bc7-487d-4527-9759-5177afd35bce,2026-09-06T15:52:52.244000+00:00,keydown,87,w,,281.4,,,,,,,,controlled_typing,3,,,,,,,,,,/app/training,dev_756613b6-f97b-4b3b-90c2-dc790e7989db,,,,,,,,,,,,,,,,,,,,,,,,,,,,,,,,,,,,,,,,,,,,,,,,,,,,,,,,,,,,,,,,,,
training_event,training,e92e7c09-c1b8-4f72-a7a8-f75077608d1b,55c98bc7-487d-4527-9759-5177afd35bce,2026-09-06T15:52:52.398000+00:00,keyup,87,,154.5,,,,,,,,,controlled_typing,3,,,,,,,,,,/app/training,dev_756613b6-f97b-4b3b-90c2-dc790e7989db,,,,,,,,,,,,,,,,,,,,,,,,,,,,,,,,,,,,,,,,,,,,,,,,,,,,,,,,,,,,,,,,,,
training_event,training,e92e7c09-c1b8-4f72-a7a8-f75077608d1b,55c98bc7-487d-4527-9759-5177afd35bce,2026-09-06T15:52:52.401000+00:00,keydown,73,i,,157.7,,,,,,,,controlled_typing,3,,,,,,,,,,/app/training,dev_756613b6-f97b-4b3b-90c2-dc790e7989db,,,,,,,,,,,,,,,,,,,,,,,,,,,,,,,,,,,,,,,,,,,,,,,,,,,,,,,,,,,,,,,,,,
training_event,training,e92e7c09-c1b8-4f72-a7a8-f75077608d1b,55c98bc7-487d-4527-9759-5177afd35bce,2026-09-06T15:52:52.493000+00:00,keyup,73,,91.7,,,,,,,,,controlled_typing,3,,,,,,,,,,/app/training,dev_756613b6-f97b-4b3b-90c2-dc790e7989db,,,,,,,,,,,,,,,,,,,,,,,,,,,,,,,,,,,,,,,,,,,,,,,,,,,,,,,,,,,,,,,,,,
training_event,training,e92e7c09-c1b8-4f72-a7a8-f75077608d1b,55c98bc7-487d-4527-9759-5177afd35bce,2026-09-06T15:52:52.578000+00:00,keydown,84,t,,176.8,,,,,,,,controlled_typing,3,,,,,,,,,,/app/training,dev_756613b6-f97b-4b3b-90c2-dc790e7989db,,,,,,,,,,,,,,,,,,,,,,,,,,,,,,,,,,,,,,,,,,,,,,,,,,,,,,,,,,,,,,,,,,
training_event,training,e92e7c09-c1b8-4f72-a7a8-f75077608d1b,55c98bc7-487d-4527-9759-5177afd35bce,2026-09-06T15:52:52.680000+00:00,keydown,72,h,,102.0,,,,,,,,controlled_typing,3,,,,,,,,,,/app/training,dev_756613b6-f97b-4b3b-90c2-dc790e7989db,,,,,,,,,,,,,,,,,,,,,,,,,,,,,,,,,,,,,,,,,,,,,,,,,,,,,,,,,,,,,,,,,,
training_event,training,e92e7c09-c1b8-4f72-a7a8-f75077608d1b,55c98bc7-487d-4527-9759-5177afd35bce,2026-09-06T15:52:52.706000+00:00,keyup,84,,127.7,,,,,,,,,controlled_typing,3,,,,,,,,,,/app/training,dev_756613b6-f97b-4b3b-90c2-dc790e7989db,,,,,,,,,,,,,,,,,,,,,,,,,,,,,,,,,,,,,,,,,,,,,,,,,,,,,,,,,,,,,,,,,,
training_event,training,e92e7c09-c1b8-4f72-a7a8-f75077608d1b,55c98bc7-487d-4527-9759-5177afd35bce,2026-09-06T15:52:52.777000+00:00,keyup,72,,96.5,,,,,,,,,controlled_typing,3,,,,,,,,,,/app/training,dev_756613b6-f97b-4b3b-90c2-dc790e7989db,,,,,,,,,,,,,,,,,,,,,,,,,,,,,,,,,,,,,,,,,,,,,,,,,,,,,,,,,,,,,,,,,,
training_event,training,e92e7c09-c1b8-4f72-a7a8-f75077608d1b,55c98bc7-487d-4527-9759-5177afd35bce,2026-09-06T15:52:52.870000+00:00,keydown,79,o,,189.6,,,,,,,,controlled_typing,3,,,,,,,,,,/app/training,dev_756613b6-f97b-4b3b-90c2-dc790e7989db,,,,,,,,,,,,,,,,,,,,,,,,,,,,,,,,,,,,,,,,,,,,,,,,,,,,,,,,,,,,,,,,,,
training_event,training,e92e7c09-c1b8-4f72-a7a8-f75077608d1b,55c98bc7-487d-4527-9759-5177afd35bce,2026-09-06T15:52:52.934000+00:00,keyup,79,,64.8,,,,,,,,,controlled_typing,3,,,,,,,,,,/app/training,dev_756613b6-f97b-4b3b-90c2-dc790e7989db,,,,,,,,,,,,,,,,,,,,,,,,,,,,,,,,,,,,,,,,,,,,,,,,,,,,,,,,,,,,,,,,,,
training_event,training,e92e7c09-c1b8-4f72-a7a8-f75077608d1b,55c98bc7-487d-4527-9759-5177afd35bce,2026-09-06T15:52:53.034000+00:00,keydown,85,u,,164.5,,,,,,,,controlled_typing,3,,,,,,,,,,/app/training,dev_756613b6-f97b-4b3b-90c2-dc790e7989db,,,,,,,,,,,,,,,,,,,,,,,,,,,,,,,,,,,,,,,,,,,,,,,,,,,,,,,,,,,,,,,,,,
training_event,training,e92e7c09-c1b8-4f72-a7a8-f75077608d1b,55c98bc7-487d-4527-9759-5177afd35bce,2026-09-06T15:52:53.122000+00:00,keyup,85,,88.0,,,,,,,,,controlled_typing,3,,,,,,,,,,/app/training,dev_756613b6-f97b-4b3b-90c2-dc790e7989db,,,,,,,,,,,,,,,,,,,,,,,,,,,,,,,,,,,,,,,,,,,,,,,,,,,,,,,,,,,,,,,,,,
training_event,training,e92e7c09-c1b8-4f72-a7a8-f75077608d1b,55c98bc7-487d-4527-9759-5177afd35bce,2026-09-06T15:52:53.182000+00:00,keydown,84,t,,148.1,,,,,,,,controlled_typing,3,,,,,,,,,,/app/training,dev_756613b6-f97b-4b3b-90c2-dc790e7989db,,,,,,,,,,,,,,,,,,,,,,,,,,,,,,,,,,,,,,,,,,,,,,,,,,,,,,,,,,,,,,,,,,
training_event,training,e92e7c09-c1b8-4f72-a7a8-f75077608d1b,55c98bc7-487d-4527-9759-5177afd35bce,2026-09-06T15:52:53.309000+00:00,keyup,84,,126.6,,,,,,,,,controlled_typing,3,,,,,,,,,,/app/training,dev_756613b6-f97b-4b3b-90c2-dc790e7989db,,,,,,,,,,,,,,,,,,,,,,,,,,,,,,,,,,,,,,,,,,,,,,,,,,,,,,,,,,,,,,,,,,
training_event,training,e92e7c09-c1b8-4f72-a7a8-f75077608d1b,55c98bc7-487d-4527-9759-5177afd35bce,2026-09-06T15:52:53.330000+00:00,keydown,32, ,,147.9,,,,,,,,controlled_typing,3,,,,,,,,,,/app/training,dev_756613b6-f97b-4b3b-90c2-dc790e7989db,,,,,,,,,,,,,,,,,,,,,,,,,,,,,,,,,,,,,,,,,,,,,,,,,,,,,,,,,,,,,,,,,,
training_event,training,e92e7c09-c1b8-4f72-a7a8-f75077608d1b,55c98bc7-487d-4527-9759-5177afd35bce,2026-09-06T15:52:53.403000+00:00,keyup,32,,72.6,,,,,,,,,controlled_typing,3,,,,,,,,,,/app/training,dev_756613b6-f97b-4b3b-90c2-dc790e7989db,,,,,,,,,,,,,,,,,,,,,,,,,,,,,,,,,,,,,,,,,,,,,,,,,,,,,,,,,,,,,,,,,,
training_event,training,e92e7c09-c1b8-4f72-a7a8-f75077608d1b,55c98bc7-487d-4527-9759-5177afd35bce,2026-09-06T15:52:53.784000+00:00,keydown,84,t,,454.0,,,,,,,,controlled_typing,3,,,,,,,,,,/app/training,dev_756613b6-f97b-4b3b-90c2-dc790e7989db,,,,,,,,,,,,,,,,,,,,,,,,,,,,,,,,,,,,,,,,,,,,,,,,,,,,,,,,,,,,,,,,,,
training_event,training,e92e7c09-c1b8-4f72-a7a8-f75077608d1b,55c98bc7-487d-4527-9759-5177afd35bce,2026-09-06T15:52:53.884000+00:00,keyup,84,,99.4,,,,,,,,,controlled_typing,3,,,,,,,,,,/app/training,dev_756613b6-f97b-4b3b-90c2-dc790e7989db,,,,,,,,,,,,,,,,,,,,,,,,,,,,,,,,,,,,,,,,,,,,,,,,,,,,,,,,,,,,,,,,,,
training_event,training,e92e7c09-c1b8-4f72-a7a8-f75077608d1b,55c98bc7-487d-4527-9759-5177afd35bce,2026-09-06T15:52:54.012000+00:00,keydown,82,r,,227.9,,,,,,,,controlled_typing,3,,,,,,,,,,/app/training,dev_756613b6-f97b-4b3b-90c2-dc790e7989db,,,,,,,,,,,,,,,,,,,,,,,,,,,,,,,,,,,,,,,,,,,,,,,,,,,,,,,,,,,,,,,,,,
training_event,training,e92e7c09-c1b8-4f72-a7a8-f75077608d1b,55c98bc7-487d-4527-9759-5177afd35bce,2026-09-06T15:52:54.127000+00:00,keyup,82,,115.1,,,,,,,,,controlled_typing,3,,,,,,,,,,/app/training,dev_756613b6-f97b-4b3b-90c2-dc790e7989db,,,,,,,,,,,,,,,,,,,,,,,,,,,,,,,,,,,,,,,,,,,,,,,,,,,,,,,,,,,,,,,,,,
training_event,training,e92e7c09-c1b8-4f72-a7a8-f75077608d1b,55c98bc7-487d-4527-9759-5177afd35bce,2026-09-06T15:52:54.160000+00:00,keydown,89,y,,147.9,,,,,,,,controlled_typing,3,,,,,,,,,,/app/training,dev_756613b6-f97b-4b3b-90c2-dc790e7989db,,,,,,,,,,,,,,,,,,,,,,,,,,,,,,,,,,,,,,,,,,,,,,,,,,,,,,,,,,,,,,,,,,
training_event,training,e92e7c09-c1b8-4f72-a7a8-f75077608d1b,55c98bc7-487d-4527-9759-5177afd35bce,2026-09-06T15:52:54.225000+00:00,keyup,89,,64.8,,,,,,,,,controlled_typing,3,,,,,,,,,,/app/training,dev_756613b6-f97b-4b3b-90c2-dc790e7989db,,,,,,,,,,,,,,,,,,,,,,,,,,,,,,,,,,,,,,,,,,,,,,,,,,,,,,,,,,,,,,,,,,
training_event,training,e92e7c09-c1b8-4f72-a7a8-f75077608d1b,55c98bc7-487d-4527-9759-5177afd35bce,2026-09-06T15:52:54.364000+00:00,keydown,73,i,,204.2,,,,,,,,controlled_typing,3,,,,,,,,,,/app/training,dev_756613b6-f97b-4b3b-90c2-dc790e7989db,,,,,,,,,,,,,,,,,,,,,,,,,,,,,,,,,,,,,,,,,,,,,,,,,,,,,,,,,,,,,,,,,,
training_event,training,e92e7c09-c1b8-4f72-a7a8-f75077608d1b,55c98bc7-487d-4527-9759-5177afd35bce,2026-09-06T15:52:54.459000+00:00,keyup,73,,95.1,,,,,,,,,controlled_typing,3,,,,,,,,,,/app/training,dev_756613b6-f97b-4b3b-90c2-dc790e7989db,,,,,,,,,,,,,,,,,,,,,,,,,,,,,,,,,,,,,,,,,,,,,,,,,,,,,,,,,,,,,,,,,,
training_event,training,e92e7c09-c1b8-4f72-a7a8-f75077608d1b,55c98bc7-487d-4527-9759-5177afd35bce,2026-09-06T15:52:54.495000+00:00,keydown,78,n,,130.4,,,,,,,,controlled_typing,3,,,,,,,,,,/app/training,dev_756613b6-f97b-4b3b-90c2-dc790e7989db,,,,,,,,,,,,,,,,,,,,,,,,,,,,,,,,,,,,,,,,,,,,,,,,,,,,,,,,,,,,,,,,,,
training_event,training,e92e7c09-c1b8-4f72-a7a8-f75077608d1b,55c98bc7-487d-4527-9759-5177afd35bce,2026-09-06T15:52:54.569000+00:00,keyup,78,,74.2,,,,,,,,,controlled_typing,3,,,,,,,,,,/app/training,dev_756613b6-f97b-4b3b-90c2-dc790e7989db,,,,,,,,,,,,,,,,,,,,,,,,,,,,,,,,,,,,,,,,,,,,,,,,,,,,,,,,,,,,,,,,,,
training_event,training,e92e7c09-c1b8-4f72-a7a8-f75077608d1b,55c98bc7-487d-4527-9759-5177afd35bce,2026-09-06T15:52:54.597000+00:00,keydown,71,g,,101.9,,,,,,,,controlled_typing,3,,,,,,,,,,/app/training,dev_756613b6-f97b-4b3b-90c2-dc790e7989db,,,,,,,,,,,,,,,,,,,,,,,,,,,,,,,,,,,,,,,,,,,,,,,,,,,,,,,,,,,,,,,,,,
training_event,training,e92e7c09-c1b8-4f72-a7a8-f75077608d1b,55c98bc7-487d-4527-9759-5177afd35bce,2026-09-06T15:52:54.678000+00:00,keydown,32, ,,81.6,,,,,,,,controlled_typing,3,,,,,,,,,,/app/training,dev_756613b6-f97b-4b3b-90c2-dc790e7989db,,,,,,,,,,,,,,,,,,,,,,,,,,,,,,,,,,,,,,,,,,,,,,,,,,,,,,,,,,,,,,,,,,
training_event,training,e92e7c09-c1b8-4f72-a7a8-f75077608d1b,55c98bc7-487d-4527-9759-5177afd35bce,2026-09-06T15:52:54.712000+00:00,keyup,71,,115.2,,,,,,,,,controlled_typing,3,,,,,,,,,,/app/training,dev_756613b6-f97b-4b3b-90c2-dc790e7989db,,,,,,,,,,,,,,,,,,,,,,,,,,,,,,,,,,,,,,,,,,,,,,,,,,,,,,,,,,,,,,,,,,
training_event,training,e92e7c09-c1b8-4f72-a7a8-f75077608d1b,55c98bc7-487d-4527-9759-5177afd35bce,2026-09-06T15:52:54.763000+00:00,keyup,32,,85.3,,,,,,,,,controlled_typing,3,,,,,,,,,,/app/training,dev_756613b6-f97b-4b3b-90c2-dc790e7989db,,,,,,,,,,,,,,,,,,,,,,,,,,,,,,,,,,,,,,,,,,,,,,,,,,,,,,,,,,,,,,,,,,
training_event,training,e92e7c09-c1b8-4f72-a7a8-f75077608d1b,55c98bc7-487d-4527-9759-5177afd35bce,2026-09-06T15:52:54.836000+00:00,keydown,84,t,,157.7,,,,,,,,controlled_typing,3,,,,,,,,,,/app/training,dev_756613b6-f97b-4b3b-90c2-dc790e7989db,,,,,,,,,,,,,,,,,,,,,,,,,,,,,,,,,,,,,,,,,,,,,,,,,,,,,,,,,,,,,,,,,,
training_event,training,e92e7c09-c1b8-4f72-a7a8-f75077608d1b,55c98bc7-487d-4527-9759-5177afd35bce,2026-09-06T15:52:54.889000+00:00,keydown,79,o,,53.0,,,,,,,,controlled_typing,3,,,,,,,,,,/app/training,dev_756613b6-f97b-4b3b-90c2-dc790e7989db,,,,,,,,,,,,,,,,,,,,,,,,,,,,,,,,,,,,,,,,,,,,,,,,,,,,,,,,,,,,,,,,,,
training_event,training,e92e7c09-c1b8-4f72-a7a8-f75077608d1b,55c98bc7-487d-4527-9759-5177afd35bce,2026-09-06T15:52:54.921000+00:00,keyup,84,,85.2,,,,,,,,,controlled_typing,3,,,,,,,,,,/app/training,dev_756613b6-f97b-4b3b-90c2-dc790e7989db,,,,,,,,,,,,,,,,,,,,,,,,,,,,,,,,,,,,,,,,,,,,,,,,,,,,,,,,,,,,,,,,,,
training_event,training,e92e7c09-c1b8-4f72-a7a8-f75077608d1b,55c98bc7-487d-4527-9759-5177afd35bce,2026-09-06T15:52:54.948000+00:00,keyup,79,,59.6,,,,,,,,,controlled_typing,3,,,,,,,,,,/app/training,dev_756613b6-f97b-4b3b-90c2-dc790e7989db,,,,,,,,,,,,,,,,,,,,,,,,,,,,,,,,,,,,,,,,,,,,,,,,,,,,,,,,,,,,,,,,,,
training_event,training,e92e7c09-c1b8-4f72-a7a8-f75077608d1b,55c98bc7-487d-4527-9759-5177afd35bce,2026-09-06T15:52:55.017000+00:00,keydown,32, ,,128.3,,,,,,,,controlled_typing,3,,,,,,,,,,/app/training,dev_756613b6-f97b-4b3b-90c2-dc790e7989db,,,,,,,,,,,,,,,,,,,,,,,,,,,,,,,,,,,,,,,,,,,,,,,,,,,,,,,,,,,,,,,,,,
training_event,training,e92e7c09-c1b8-4f72-a7a8-f75077608d1b,55c98bc7-487d-4527-9759-5177afd35bce,2026-09-06T15:52:55.091000+00:00,keyup,32,,74.1,,,,,,,,,controlled_typing,3,,,,,,,,,,/app/training,dev_756613b6-f97b-4b3b-90c2-dc790e7989db,,,,,,,,,,,,,,,,,,,,,,,,,,,,,,,,,,,,,,,,,,,,,,,,,,,,,,,,,,,,,,,,,,
training_event,training,e92e7c09-c1b8-4f72-a7a8-f75077608d1b,55c98bc7-487d-4527-9759-5177afd35bce,2026-09-06T15:52:55.175000+00:00,keydown,67,c,,158.2,,,,,,,,controlled_typing,3,,,,,,,,,,/app/training,dev_756613b6-f97b-4b3b-90c2-dc790e7989db,,,,,,,,,,,,,,,,,,,,,,,,,,,,,,,,,,,,,,,,,,,,,,,,,,,,,,,,,,,,,,,,,,
training_event,training,e92e7c09-c1b8-4f72-a7a8-f75077608d1b,55c98bc7-487d-4527-9759-5177afd35bce,2026-09-06T15:52:55.262000+00:00,keydown,72,h,,86.8,,,,,,,,controlled_typing,3,,,,,,,,,,/app/training,dev_756613b6-f97b-4b3b-90c2-dc790e7989db,,,,,,,,,,,,,,,,,,,,,,,,,,,,,,,,,,,,,,,,,,,,,,,,,,,,,,,,,,,,,,,,,,
training_event,training,e92e7c09-c1b8-4f72-a7a8-f75077608d1b,55c98bc7-487d-4527-9759-5177afd35bce,2026-09-06T15:52:55.302000+00:00,keyup,67,,126.8,,,,,,,,,controlled_typing,3,,,,,,,,,,/app/training,dev_756613b6-f97b-4b3b-90c2-dc790e7989db,,,,,,,,,,,,,,,,,,,,,,,,,,,,,,,,,,,,,,,,,,,,,,,,,,,,,,,,,,,,,,,,,,
training_event,training,e92e7c09-c1b8-4f72-a7a8-f75077608d1b,55c98bc7-487d-4527-9759-5177afd35bce,2026-09-06T15:52:55.346000+00:00,keyup,72,,83.9,,,,,,,,,controlled_typing,3,,,,,,,,,,/app/training,dev_756613b6-f97b-4b3b-90c2-dc790e7989db,,,,,,,,,,,,,,,,,,,,,,,,,,,,,,,,,,,,,,,,,,,,,,,,,,,,,,,,,,,,,,,,,,
training_event,training,e92e7c09-c1b8-4f72-a7a8-f75077608d1b,55c98bc7-487d-4527-9759-5177afd35bce,2026-09-06T15:52:55.370000+00:00,keydown,65,a,,108.1,,,,,,,,controlled_typing,3,,,,,,,,,,/app/training,dev_756613b6-f97b-4b3b-90c2-dc790e7989db,,,,,,,,,,,,,,,,,,,,,,,,,,,,,,,,,,,,,,,,,,,,,,,,,,,,,,,,,,,,,,,,,,
training_event,training,e92e7c09-c1b8-4f72-a7a8-f75077608d1b,55c98bc7-487d-4527-9759-5177afd35bce,2026-09-06T15:52:55.470000+00:00,keydown,78,n,,99.7,,,,,,,,controlled_typing,3,,,,,,,,,,/app/training,dev_756613b6-f97b-4b3b-90c2-dc790e7989db,,,,,,,,,,,,,,,,,,,,,,,,,,,,,,,,,,,,,,,,,,,,,,,,,,,,,,,,,,,,,,,,,,
training_event,training,e92e7c09-c1b8-4f72-a7a8-f75077608d1b,55c98bc7-487d-4527-9759-5177afd35bce,2026-09-06T15:52:55.527000+00:00,keyup,65,,156.7,,,,,,,,,controlled_typing,3,,,,,,,,,,/app/training,dev_756613b6-f97b-4b3b-90c2-dc790e7989db,,,,,,,,,,,,,,,,,,,,,,,,,,,,,,,,,,,,,,,,,,,,,,,,,,,,,,,,,,,,,,,,,,
training_event,training,e92e7c09-c1b8-4f72-a7a8-f75077608d1b,55c98bc7-487d-4527-9759-5177afd35bce,2026-09-06T15:52:55.560000+00:00,keyup,78,,89.7,,,,,,,,,controlled_typing,3,,,,,,,,,,/app/training,dev_756613b6-f97b-4b3b-90c2-dc790e7989db,,,,,,,,,,,,,,,,,,,,,,,,,,,,,,,,,,,,,,,,,,,,,,,,,,,,,,,,,,,,,,,,,,
training_event,training,e92e7c09-c1b8-4f72-a7a8-f75077608d1b,55c98bc7-487d-4527-9759-5177afd35bce,2026-09-06T15:52:55.635000+00:00,keydown,71,g,,164.6,,,,,,,,controlled_typing,3,,,,,,,,,,/app/training,dev_756613b6-f97b-4b3b-90c2-dc790e7989db,,,,,,,,,,,,,,,,,,,,,,,,,,,,,,,,,,,,,,,,,,,,,,,,,,,,,,,,,,,,,,,,,,
training_event,training,e92e7c09-c1b8-4f72-a7a8-f75077608d1b,55c98bc7-487d-4527-9759-5177afd35bce,2026-09-06T15:52:55.772000+00:00,keydown,69,e,,137.7,,,,,,,,controlled_typing,3,,,,,,,,,,/app/training,dev_756613b6-f97b-4b3b-90c2-dc790e7989db,,,,,,,,,,,,,,,,,,,,,,,,,,,,,,,,,,,,,,,,,,,,,,,,,,,,,,,,,,,,,,,,,,
training_event,training,e92e7c09-c1b8-4f72-a7a8-f75077608d1b,55c98bc7-487d-4527-9759-5177afd35bce,2026-09-06T15:52:55.806000+00:00,keyup,71,,171.5,,,,,,,,,controlled_typing,3,,,,,,,,,,/app/training,dev_756613b6-f97b-4b3b-90c2-dc790e7989db,,,,,,,,,,,,,,,,,,,,,,,,,,,,,,,,,,,,,,,,,,,,,,,,,,,,,,,,,,,,,,,,,,
training_event,training,e92e7c09-c1b8-4f72-a7a8-f75077608d1b,55c98bc7-487d-4527-9759-5177afd35bce,2026-09-06T15:52:55.932000+00:00,keydown,32, ,,159.3,,,,,,,,controlled_typing,3,,,,,,,,,,/app/training,dev_756613b6-f97b-4b3b-90c2-dc790e7989db,,,,,,,,,,,,,,,,,,,,,,,,,,,,,,,,,,,,,,,,,,,,,,,,,,,,,,,,,,,,,,,,,,
training_event,training,e92e7c09-c1b8-4f72-a7a8-f75077608d1b,55c98bc7-487d-4527-9759-5177afd35bce,2026-09-06T15:52:55.941000+00:00,keyup,69,,168.4,,,,,,,,,controlled_typing,3,,,,,,,,,,/app/training,dev_756613b6-f97b-4b3b-90c2-dc790e7989db,,,,,,,,,,,,,,,,,,,,,,,,,,,,,,,,,,,,,,,,,,,,,,,,,,,,,,,,,,,,,,,,,,
training_event,training,e92e7c09-c1b8-4f72-a7a8-f75077608d1b,55c98bc7-487d-4527-9759-5177afd35bce,2026-09-06T15:52:55.998000+00:00,keyup,32,,66.9,,,,,,,,,controlled_typing,3,,,,,,,,,,/app/training,dev_756613b6-f97b-4b3b-90c2-dc790e7989db,,,,,,,,,,,,,,,,,,,,,,,,,,,,,,,,,,,,,,,,,,,,,,,,,,,,,,,,,,,,,,,,,,
training_event,training,e92e7c09-c1b8-4f72-a7a8-f75077608d1b,55c98bc7-487d-4527-9759-5177afd35bce,2026-09-06T15:52:56.653000+00:00,keydown,89,y,,722.0,,,,,,,,controlled_typing,3,,,,,,,,,,/app/training,dev_756613b6-f97b-4b3b-90c2-dc790e7989db,,,,,,,,,,,,,,,,,,,,,,,,,,,,,,,,,,,,,,,,,,,,,,,,,,,,,,,,,,,,,,,,,,
training_event,training,e92e7c09-c1b8-4f72-a7a8-f75077608d1b,55c98bc7-487d-4527-9759-5177afd35bce,2026-09-06T15:52:56.733000+00:00,keydown,79,o,,79.8,,,,,,,,controlled_typing,3,,,,,,,,,,/app/training,dev_756613b6-f97b-4b3b-90c2-dc790e7989db,,,,,,,,,,,,,,,,,,,,,,,,,,,,,,,,,,,,,,,,,,,,,,,,,,,,,,,,,,,,,,,,,,
training_event,training,e92e7c09-c1b8-4f72-a7a8-f75077608d1b,55c98bc7-487d-4527-9759-5177afd35bce,2026-09-06T15:52:56.753000+00:00,keyup,89,,99.4,,,,,,,,,controlled_typing,3,,,,,,,,,,/app/training,dev_756613b6-f97b-4b3b-90c2-dc790e7989db,,,,,,,,,,,,,,,,,,,,,,,,,,,,,,,,,,,,,,,,,,,,,,,,,,,,,,,,,,,,,,,,,,
training_event,training,e92e7c09-c1b8-4f72-a7a8-f75077608d1b,55c98bc7-487d-4527-9759-5177afd35bce,2026-09-06T15:52:56.829000+00:00,keyup,79,,95.4,,,,,,,,,controlled_typing,3,,,,,,,,,,/app/training,dev_756613b6-f97b-4b3b-90c2-dc790e7989db,,,,,,,,,,,,,,,,,,,,,,,,,,,,,,,,,,,,,,,,,,,,,,,,,,,,,,,,,,,,,,,,,,
training_event,training,e92e7c09-c1b8-4f72-a7a8-f75077608d1b,55c98bc7-487d-4527-9759-5177afd35bce,2026-09-06T15:52:56.880000+00:00,keydown,85,u,,146.9,,,,,,,,controlled_typing,3,,,,,,,,,,/app/training,dev_756613b6-f97b-4b3b-90c2-dc790e7989db,,,,,,,,,,,,,,,,,,,,,,,,,,,,,,,,,,,,,,,,,,,,,,,,,,,,,,,,,,,,,,,,,,
training_event,training,e92e7c09-c1b8-4f72-a7a8-f75077608d1b,55c98bc7-487d-4527-9759-5177afd35bce,2026-09-06T15:52:56.976000+00:00,keyup,85,,96.1,,,,,,,,,controlled_typing,3,,,,,,,,,,/app/training,dev_756613b6-f97b-4b3b-90c2-dc790e7989db,,,,,,,,,,,,,,,,,,,,,,,,,,,,,,,,,,,,,,,,,,,,,,,,,,,,,,,,,,,,,,,,,,
training_event,training,e92e7c09-c1b8-4f72-a7a8-f75077608d1b,55c98bc7-487d-4527-9759-5177afd35bce,2026-09-06T15:52:57.012000+00:00,keydown,82,r,,132.2,,,,,,,,controlled_typing,3,,,,,,,,,,/app/training,dev_756613b6-f97b-4b3b-90c2-dc790e7989db,,,,,,,,,,,,,,,,,,,,,,,,,,,,,,,,,,,,,,,,,,,,,,,,,,,,,,,,,,,,,,,,,,
training_event,training,e92e7c09-c1b8-4f72-a7a8-f75077608d1b,55c98bc7-487d-4527-9759-5177afd35bce,2026-09-06T15:52:57.133000+00:00,keyup,82,,120.7,,,,,,,,,controlled_typing,3,,,,,,,,,,/app/training,dev_756613b6-f97b-4b3b-90c2-dc790e7989db,,,,,,,,,,,,,,,,,,,,,,,,,,,,,,,,,,,,,,,,,,,,,,,,,,,,,,,,,,,,,,,,,,
training_event,training,e92e7c09-c1b8-4f72-a7a8-f75077608d1b,55c98bc7-487d-4527-9759-5177afd35bce,2026-09-06T15:52:57.137000+00:00,keydown,32, ,,125.0,,,,,,,,controlled_typing,3,,,,,,,,,,/app/training,dev_756613b6-f97b-4b3b-90c2-dc790e7989db,,,,,,,,,,,,,,,,,,,,,,,,,,,,,,,,,,,,,,,,,,,,,,,,,,,,,,,,,,,,,,,,,,
training_event,training,e92e7c09-c1b8-4f72-a7a8-f75077608d1b,55c98bc7-487d-4527-9759-5177afd35bce,2026-09-06T15:52:57.239000+00:00,keyup,32,,101.7,,,,,,,,,controlled_typing,3,,,,,,,,,,/app/training,dev_756613b6-f97b-4b3b-90c2-dc790e7989db,,,,,,,,,,,,,,,,,,,,,,,,,,,,,,,,,,,,,,,,,,,,,,,,,,,,,,,,,,,,,,,,,,
training_event,training,e92e7c09-c1b8-4f72-a7a8-f75077608d1b,55c98bc7-487d-4527-9759-5177afd35bce,2026-09-06T15:52:57.290000+00:00,keydown,84,t,,152.1,,,,,,,,controlled_typing,3,,,,,,,,,,/app/training,dev_756613b6-f97b-4b3b-90c2-dc790e7989db,,,,,,,,,,,,,,,,,,,,,,,,,,,,,,,,,,,,,,,,,,,,,,,,,,,,,,,,,,,,,,,,,,
training_event,training,e92e7c09-c1b8-4f72-a7a8-f75077608d1b,55c98bc7-487d-4527-9759-5177afd35bce,2026-09-06T15:52:57.473000+00:00,keyup,84,,183.4,,,,,,,,,controlled_typing,3,,,,,,,,,,/app/training,dev_756613b6-f97b-4b3b-90c2-dc790e7989db,,,,,,,,,,,,,,,,,,,,,,,,,,,,,,,,,,,,,,,,,,,,,,,,,,,,,,,,,,,,,,,,,,
training_event,training,e92e7c09-c1b8-4f72-a7a8-f75077608d1b,55c98bc7-487d-4527-9759-5177afd35bce,2026-09-06T15:52:57.609000+00:00,keydown,89,y,,319.1,,,,,,,,controlled_typing,3,,,,,,,,,,/app/training,dev_756613b6-f97b-4b3b-90c2-dc790e7989db,,,,,,,,,,,,,,,,,,,,,,,,,,,,,,,,,,,,,,,,,,,,,,,,,,,,,,,,,,,,,,,,,,
training_event,training,e92e7c09-c1b8-4f72-a7a8-f75077608d1b,55c98bc7-487d-4527-9759-5177afd35bce,2026-09-06T15:52:57.700000+00:00,keyup,89,,91.8,,,,,,,,,controlled_typing,3,,,,,,,,,,/app/training,dev_756613b6-f97b-4b3b-90c2-dc790e7989db,,,,,,,,,,,,,,,,,,,,,,,,,,,,,,,,,,,,,,,,,,,,,,,,,,,,,,,,,,,,,,,,,,
training_event,training,e92e7c09-c1b8-4f72-a7a8-f75077608d1b,55c98bc7-487d-4527-9759-5177afd35bce,2026-09-06T15:52:57.784000+00:00,keydown,80,p,,175.0,,,,,,,,controlled_typing,3,,,,,,,,,,/app/training,dev_756613b6-f97b-4b3b-90c2-dc790e7989db,,,,,,,,,,,,,,,,,,,,,,,,,,,,,,,,,,,,,,,,,,,,,,,,,,,,,,,,,,,,,,,,,,
training_event,training,e92e7c09-c1b8-4f72-a7a8-f75077608d1b,55c98bc7-487d-4527-9759-5177afd35bce,2026-09-06T15:52:57.797000+00:00,keyup,80,,13.5,,,,,,,,,controlled_typing,3,,,,,,,,,,/app/training,dev_756613b6-f97b-4b3b-90c2-dc790e7989db,,,,,,,,,,,,,,,,,,,,,,,,,,,,,,,,,,,,,,,,,,,,,,,,,,,,,,,,,,,,,,,,,,
training_event,training,e92e7c09-c1b8-4f72-a7a8-f75077608d1b,55c98bc7-487d-4527-9759-5177afd35bce,2026-09-06T15:52:58.086000+00:00,keydown,73,i,,302.2,,,,,,,,controlled_typing,3,,,,,,,,,,/app/training,dev_756613b6-f97b-4b3b-90c2-dc790e7989db,,,,,,,,,,,,,,,,,,,,,,,,,,,,,,,,,,,,,,,,,,,,,,,,,,,,,,,,,,,,,,,,,,
training_event,training,e92e7c09-c1b8-4f72-a7a8-f75077608d1b,55c98bc7-487d-4527-9759-5177afd35bce,2026-09-06T15:52:58.182000+00:00,keyup,73,,96.6,,,,,,,,,controlled_typing,3,,,,,,,,,,/app/training,dev_756613b6-f97b-4b3b-90c2-dc790e7989db,,,,,,,,,,,,,,,,,,,,,,,,,,,,,,,,,,,,,,,,,,,,,,,,,,,,,,,,,,,,,,,,,,
training_event,training,e92e7c09-c1b8-4f72-a7a8-f75077608d1b,55c98bc7-487d-4527-9759-5177afd35bce,2026-09-06T15:52:58.243000+00:00,keydown,78,n,,157.6,,,,,,,,controlled_typing,3,,,,,,,,,,/app/training,dev_756613b6-f97b-4b3b-90c2-dc790e7989db,,,,,,,,,,,,,,,,,,,,,,,,,,,,,,,,,,,,,,,,,,,,,,,,,,,,,,,,,,,,,,,,,,
training_event,training,e92e7c09-c1b8-4f72-a7a8-f75077608d1b,55c98bc7-487d-4527-9759-5177afd35bce,2026-09-06T15:52:58.339000+00:00,keyup,78,,95.5,,,,,,,,,controlled_typing,3,,,,,,,,,,/app/training,dev_756613b6-f97b-4b3b-90c2-dc790e7989db,,,,,,,,,,,,,,,,,,,,,,,,,,,,,,,,,,,,,,,,,,,,,,,,,,,,,,,,,,,,,,,,,,
training_event,training,e92e7c09-c1b8-4f72-a7a8-f75077608d1b,55c98bc7-487d-4527-9759-5177afd35bce,2026-09-06T15:52:58.350000+00:00,keydown,71,g,,106.8,,,,,,,,controlled_typing,3,,,,,,,,,,/app/training,dev_756613b6-f97b-4b3b-90c2-dc790e7989db,,,,,,,,,,,,,,,,,,,,,,,,,,,,,,,,,,,,,,,,,,,,,,,,,,,,,,,,,,,,,,,,,,
training_event,training,e92e7c09-c1b8-4f72-a7a8-f75077608d1b,55c98bc7-487d-4527-9759-5177afd35bce,2026-09-06T15:52:58.450000+00:00,keyup,71,,99.8,,,,,,,,,controlled_typing,3,,,,,,,,,,/app/training,dev_756613b6-f97b-4b3b-90c2-dc790e7989db,,,,,,,,,,,,,,,,,,,,,,,,,,,,,,,,,,,,,,,,,,,,,,,,,,,,,,,,,,,,,,,,,,
training_event,training,e92e7c09-c1b8-4f72-a7a8-f75077608d1b,55c98bc7-487d-4527-9759-5177afd35bce,2026-09-06T15:52:58.458000+00:00,keydown,32, ,,107.5,,,,,,,,controlled_typing,3,,,,,,,,,,/app/training,dev_756613b6-f97b-4b3b-90c2-dc790e7989db,,,,,,,,,,,,,,,,,,,,,,,,,,,,,,,,,,,,,,,,,,,,,,,,,,,,,,,,,,,,,,,,,,
training_event,training,e92e7c09-c1b8-4f72-a7a8-f75077608d1b,55c98bc7-487d-4527-9759-5177afd35bce,2026-09-06T15:52:58.531000+00:00,keyup,32,,73.7,,,,,,,,,controlled_typing,3,,,,,,,,,,/app/training,dev_756613b6-f97b-4b3b-90c2-dc790e7989db,,,,,,,,,,,,,,,,,,,,,,,,,,,,,,,,,,,,,,,,,,,,,,,,,,,,,,,,,,,,,,,,,,
training_event,training,e92e7c09-c1b8-4f72-a7a8-f75077608d1b,55c98bc7-487d-4527-9759-5177afd35bce,2026-09-06T15:52:58.640000+00:00,keydown,83,s,,182.5,,,,,,,,controlled_typing,3,,,,,,,,,,/app/training,dev_756613b6-f97b-4b3b-90c2-dc790e7989db,,,,,,,,,,,,,,,,,,,,,,,,,,,,,,,,,,,,,,,,,,,,,,,,,,,,,,,,,,,,,,,,,,
training_event,training,e92e7c09-c1b8-4f72-a7a8-f75077608d1b,55c98bc7-487d-4527-9759-5177afd35bce,2026-09-06T15:52:58.806000+00:00,keyup,83,,165.9,,,,,,,,,controlled_typing,3,,,,,,,,,,/app/training,dev_756613b6-f97b-4b3b-90c2-dc790e7989db,,,,,,,,,,,,,,,,,,,,,,,,,,,,,,,,,,,,,,,,,,,,,,,,,,,,,,,,,,,,,,,,,,
training_event,training,e92e7c09-c1b8-4f72-a7a8-f75077608d1b,55c98bc7-487d-4527-9759-5177afd35bce,2026-09-06T15:52:59.056000+00:00,keydown,84,t,,416.2,,,,,,,,controlled_typing,3,,,,,,,,,,/app/training,dev_756613b6-f97b-4b3b-90c2-dc790e7989db,,,,,,,,,,,,,,,,,,,,,,,,,,,,,,,,,,,,,,,,,,,,,,,,,,,,,,,,,,,,,,,,,,
training_event,training,e92e7c09-c1b8-4f72-a7a8-f75077608d1b,55c98bc7-487d-4527-9759-5177afd35bce,2026-09-06T15:52:59.174000+00:00,keyup,84,,117.8,,,,,,,,,controlled_typing,3,,,,,,,,,,/app/training,dev_756613b6-f97b-4b3b-90c2-dc790e7989db,,,,,,,,,,,,,,,,,,,,,,,,,,,,,,,,,,,,,,,,,,,,,,,,,,,,,,,,,,,,,,,,,,
training_event,training,e92e7c09-c1b8-4f72-a7a8-f75077608d1b,55c98bc7-487d-4527-9759-5177afd35bce,2026-09-06T15:52:59.289000+00:00,keydown,89,y,,232.7,,,,,,,,controlled_typing,3,,,,,,,,,,/app/training,dev_756613b6-f97b-4b3b-90c2-dc790e7989db,,,,,,,,,,,,,,,,,,,,,,,,,,,,,,,,,,,,,,,,,,,,,,,,,,,,,,,,,,,,,,,,,,
training_event,training,e92e7c09-c1b8-4f72-a7a8-f75077608d1b,55c98bc7-487d-4527-9759-5177afd35bce,2026-09-06T15:52:59.349000+00:00,keyup,89,,59.4,,,,,,,,,controlled_typing,3,,,,,,,,,,/app/training,dev_756613b6-f97b-4b3b-90c2-dc790e7989db,,,,,,,,,,,,,,,,,,,,,,,,,,,,,,,,,,,,,,,,,,,,,,,,,,,,,,,,,,,,,,,,,,
training_event,training,e92e7c09-c1b8-4f72-a7a8-f75077608d1b,55c98bc7-487d-4527-9759-5177afd35bce,2026-09-06T15:52:59.525000+00:00,keydown,76,l,,235.9,,,,,,,,controlled_typing,3,,,,,,,,,,/app/training,dev_756613b6-f97b-4b3b-90c2-dc790e7989db,,,,,,,,,,,,,,,,,,,,,,,,,,,,,,,,,,,,,,,,,,,,,,,,,,,,,,,,,,,,,,,,,,
training_event,training,e92e7c09-c1b8-4f72-a7a8-f75077608d1b,55c98bc7-487d-4527-9759-5177afd35bce,2026-09-06T15:52:59.636000+00:00,keyup,76,,110.7,,,,,,,,,controlled_typing,3,,,,,,,,,,/app/training,dev_756613b6-f97b-4b3b-90c2-dc790e7989db,,,,,,,,,,,,,,,,,,,,,,,,,,,,,,,,,,,,,,,,,,,,,,,,,,,,,,,,,,,,,,,,,,
training_event,training,e92e7c09-c1b8-4f72-a7a8-f75077608d1b,55c98bc7-487d-4527-9759-5177afd35bce,2026-09-06T15:52:59.638000+00:00,keydown,69,e,,112.6,,,,,,,,controlled_typing,3,,,,,,,,,,/app/training,dev_756613b6-f97b-4b3b-90c2-dc790e7989db,,,,,,,,,,,,,,,,,,,,,,,,,,,,,,,,,,,,,,,,,,,,,,,,,,,,,,,,,,,,,,,,,,
training_event,training,e92e7c09-c1b8-4f72-a7a8-f75077608d1b,55c98bc7-487d-4527-9759-5177afd35bce,2026-09-06T15:52:59.756000+00:00,keyup,69,,118.2,,,,,,,,,controlled_typing,3,,,,,,,,,,/app/training,dev_756613b6-f97b-4b3b-90c2-dc790e7989db,,,,,,,,,,,,,,,,,,,,,,,,,,,,,,,,,,,,,,,,,,,,,,,,,,,,,,,,,,,,,,,,,,
training_event,training,e92e7c09-c1b8-4f72-a7a8-f75077608d1b,55c98bc7-487d-4527-9759-5177afd35bce,2026-09-06T15:53:00.092000+00:00,keydown,190,.,,454.3,,,,,,,,controlled_typing,3,,,,,,,,,,/app/training,dev_756613b6-f97b-4b3b-90c2-dc790e7989db,,,,,,,,,,,,,,,,,,,,,,,,,,,,,,,,,,,,,,,,,,,,,,,,,,,,,,,,,,,,,,,,,,
training_event,training,e92e7c09-c1b8-4f72-a7a8-f75077608d1b,b6215919-805e-47f2-a3da-6b74c44eca9f,2026-09-06T15:53:16.653000+00:00,mouse_move,,,,,358.8,35.2,,,,,,mouse_tracking,,,,,,,,,,,/app/training,dev_756613b6-f97b-4b3b-90c2-dc790e7989db,,,,,,,,,,,,,,,,,,,,,,,,,,,,,,,,,,,,,,,,,,,,,,,,,,,,,,,,,,,,,,,,,,
training_event,training,e92e7c09-c1b8-4f72-a7a8-f75077608d1b,b6215919-805e-47f2-a3da-6b74c44eca9f,2026-09-06T15:53:16.670000+00:00,mouse_move,,,,,396.8,127.2,,,,,,mouse_tracking,,,,,,,,,,,/app/training,dev_756613b6-f97b-4b3b-90c2-dc790e7989db,,,,,,,,,,,,,,,,,,,,,,,,,,,,,,,,,,,,,,,,,,,,,,,,,,,,,,,,,,,,,,,,,,
training_event,training,e92e7c09-c1b8-4f72-a7a8-f75077608d1b,b6215919-805e-47f2-a3da-6b74c44eca9f,2026-09-06T15:53:16.687000+00:00,mouse_move,,,,,397.8,177.2,,,,,,mouse_tracking,,,,,,,,,,,/app/training,dev_756613b6-f97b-4b3b-90c2-dc790e7989db,,,,,,,,,,,,,,,,,,,,,,,,,,,,,,,,,,,,,,,,,,,,,,,,,,,,,,,,,,,,,,,,,,
training_event,training,e92e7c09-c1b8-4f72-a7a8-f75077608d1b,b6215919-805e-47f2-a3da-6b74c44eca9f,2026-09-06T15:53:16.704000+00:00,mouse_move,,,,,388.8,232.2,,,,,,mouse_tracking,,,,,,,,,,,/app/training,dev_756613b6-f97b-4b3b-90c2-dc790e7989db,,,,,,,,,,,,,,,,,,,,,,,,,,,,,,,,,,,,,,,,,,,,,,,,,,,,,,,,,,,,,,,,,,
training_event,training,e92e7c09-c1b8-4f72-a7a8-f75077608d1b,b6215919-805e-47f2-a3da-6b74c44eca9f,2026-09-06T15:53:16.738000+00:00,mouse_move,,,,,345.8,298.2,,,,,,mouse_tracking,,,,,,,,,,,/app/training,dev_756613b6-f97b-4b3b-90c2-dc790e7989db,,,,,,,,,,,,,,,,,,,,,,,,,,,,,,,,,,,,,,,,,,,,,,,,,,,,,,,,,,,,,,,,,,
training_event,training,e92e7c09-c1b8-4f72-a7a8-f75077608d1b,b6215919-805e-47f2-a3da-6b74c44eca9f,2026-09-06T15:53:16.747000+00:00,mouse_move,,,,,333.8,303.2,,,,,,mouse_tracking,,,,,,,,,,,/app/training,dev_756613b6-f97b-4b3b-90c2-dc790e7989db,,,,,,,,,,,,,,,,,,,,,,,,,,,,,,,,,,,,,,,,,,,,,,,,,,,,,,,,,,,,,,,,,,
training_event,training,e92e7c09-c1b8-4f72-a7a8-f75077608d1b,b6215919-805e-47f2-a3da-6b74c44eca9f,2026-09-06T15:53:17.354000+00:00,mouse_move,,,,,372.8,243.2,,,,,,mouse_tracking,,,,,,,,,,,/app/training,dev_756613b6-f97b-4b3b-90c2-dc790e7989db,,,,,,,,,,,,,,,,,,,,,,,,,,,,,,,,,,,,,,,,,,,,,,,,,,,,,,,,,,,,,,,,,,
training_event,training,e92e7c09-c1b8-4f72-a7a8-f75077608d1b,b6215919-805e-47f2-a3da-6b74c44eca9f,2026-09-06T15:53:17.370000+00:00,mouse_move,,,,,389.8,233.2,,,,,,mouse_tracking,,,,,,,,,,,/app/training,dev_756613b6-f97b-4b3b-90c2-dc790e7989db,,,,,,,,,,,,,,,,,,,,,,,,,,,,,,,,,,,,,,,,,,,,,,,,,,,,,,,,,,,,,,,,,,
training_event,training,e92e7c09-c1b8-4f72-a7a8-f75077608d1b,b6215919-805e-47f2-a3da-6b74c44eca9f,2026-09-06T15:53:17.387000+00:00,mouse_move,,,,,407.8,228.2,,,,,,mouse_tracking,,,,,,,,,,,/app/training,dev_756613b6-f97b-4b3b-90c2-dc790e7989db,,,,,,,,,,,,,,,,,,,,,,,,,,,,,,,,,,,,,,,,,,,,,,,,,,,,,,,,,,,,,,,,,,
training_event,training,e92e7c09-c1b8-4f72-a7a8-f75077608d1b,b6215919-805e-47f2-a3da-6b74c44eca9f,2026-09-06T15:53:17.403000+00:00,mouse_move,,,,,415.8,227.2,,,,,,mouse_tracking,,,,,,,,,,,/app/training,dev_756613b6-f97b-4b3b-90c2-dc790e7989db,,,,,,,,,,,,,,,,,,,,,,,,,,,,,,,,,,,,,,,,,,,,,,,,,,,,,,,,,,,,,,,,,,
training_event,training,e92e7c09-c1b8-4f72-a7a8-f75077608d1b,b6215919-805e-47f2-a3da-6b74c44eca9f,2026-09-06T15:53:17.420000+00:00,mouse_move,,,,,421.8,226.2,,,,,,mouse_tracking,,,,,,,,,,,/app/training,dev_756613b6-f97b-4b3b-90c2-dc790e7989db,,,,,,,,,,,,,,,,,,,,,,,,,,,,,,,,,,,,,,,,,,,,,,,,,,,,,,,,,,,,,,,,,,
training_event,training,e92e7c09-c1b8-4f72-a7a8-f75077608d1b,b6215919-805e-47f2-a3da-6b74c44eca9f,2026-09-06T15:53:17.437000+00:00,mouse_move,,,,,428.8,223.2,,,,,,mouse_tracking,,,,,,,,,,,/app/training,dev_756613b6-f97b-4b3b-90c2-dc790e7989db,,,,,,,,,,,,,,,,,,,,,,,,,,,,,,,,,,,,,,,,,,,,,,,,,,,,,,,,,,,,,,,,,,
training_event,training,e92e7c09-c1b8-4f72-a7a8-f75077608d1b,b6215919-805e-47f2-a3da-6b74c44eca9f,2026-09-06T15:53:17.454000+00:00,mouse_move,,,,,429.8,222.2,,,,,,mouse_tracking,,,,,,,,,,,/app/training,dev_756613b6-f97b-4b3b-90c2-dc790e7989db,,,,,,,,,,,,,,,,,,,,,,,,,,,,,,,,,,,,,,,,,,,,,,,,,,,,,,,,,,,,,,,,,,
training_event,training,e92e7c09-c1b8-4f72-a7a8-f75077608d1b,b6215919-805e-47f2-a3da-6b74c44eca9f,2026-09-06T15:53:17.470000+00:00,mouse_move,,,,,431.8,222.2,,,,,,mouse_tracking,,,,,,,,,,,/app/training,dev_756613b6-f97b-4b3b-90c2-dc790e7989db,,,,,,,,,,,,,,,,,,,,,,,,,,,,,,,,,,,,,,,,,,,,,,,,,,,,,,,,,,,,,,,,,,
training_event,training,e92e7c09-c1b8-4f72-a7a8-f75077608d1b,b6215919-805e-47f2-a3da-6b74c44eca9f,2026-09-06T15:53:17.487000+00:00,mouse_move,,,,,434.8,221.2,,,,,,mouse_tracking,,,,,,,,,,,/app/training,dev_756613b6-f97b-4b3b-90c2-dc790e7989db,,,,,,,,,,,,,,,,,,,,,,,,,,,,,,,,,,,,,,,,,,,,,,,,,,,,,,,,,,,,,,,,,,
training_event,training,e92e7c09-c1b8-4f72-a7a8-f75077608d1b,b6215919-805e-47f2-a3da-6b74c44eca9f,2026-09-06T15:53:17.503000+00:00,mouse_move,,,,,439.8,219.2,,,,,,mouse_tracking,,,,,,,,,,,/app/training,dev_756613b6-f97b-4b3b-90c2-dc790e7989db,,,,,,,,,,,,,,,,,,,,,,,,,,,,,,,,,,,,,,,,,,,,,,,,,,,,,,,,,,,,,,,,,,
training_event,training,e92e7c09-c1b8-4f72-a7a8-f75077608d1b,b6215919-805e-47f2-a3da-6b74c44eca9f,2026-09-06T15:53:17.520000+00:00,mouse_move,,,,,447.8,215.2,,,,,,mouse_tracking,,,,,,,,,,,/app/training,dev_756613b6-f97b-4b3b-90c2-dc790e7989db,,,,,,,,,,,,,,,,,,,,,,,,,,,,,,,,,,,,,,,,,,,,,,,,,,,,,,,,,,,,,,,,,,
training_event,training,e92e7c09-c1b8-4f72-a7a8-f75077608d1b,b6215919-805e-47f2-a3da-6b74c44eca9f,2026-09-06T15:53:17.537000+00:00,mouse_move,,,,,451.8,211.2,,,,,,mouse_tracking,,,,,,,,,,,/app/training,dev_756613b6-f97b-4b3b-90c2-dc790e7989db,,,,,,,,,,,,,,,,,,,,,,,,,,,,,,,,,,,,,,,,,,,,,,,,,,,,,,,,,,,,,,,,,,
training_event,training,e92e7c09-c1b8-4f72-a7a8-f75077608d1b,b6215919-805e-47f2-a3da-6b74c44eca9f,2026-09-06T15:53:17.553000+00:00,mouse_move,,,,,454.8,208.2,,,,,,mouse_tracking,,,,,,,,,,,/app/training,dev_756613b6-f97b-4b3b-90c2-dc790e7989db,,,,,,,,,,,,,,,,,,,,,,,,,,,,,,,,,,,,,,,,,,,,,,,,,,,,,,,,,,,,,,,,,,
training_event,training,e92e7c09-c1b8-4f72-a7a8-f75077608d1b,b6215919-805e-47f2-a3da-6b74c44eca9f,2026-09-06T15:53:17.571000+00:00,mouse_move,,,,,455.8,207.2,,,,,,mouse_tracking,,,,,,,,,,,/app/training,dev_756613b6-f97b-4b3b-90c2-dc790e7989db,,,,,,,,,,,,,,,,,,,,,,,,,,,,,,,,,,,,,,,,,,,,,,,,,,,,,,,,,,,,,,,,,,
training_event,training,e92e7c09-c1b8-4f72-a7a8-f75077608d1b,b6215919-805e-47f2-a3da-6b74c44eca9f,2026-09-06T15:53:17.587000+00:00,mouse_move,,,,,457.8,207.2,,,,,,mouse_tracking,,,,,,,,,,,/app/training,dev_756613b6-f97b-4b3b-90c2-dc790e7989db,,,,,,,,,,,,,,,,,,,,,,,,,,,,,,,,,,,,,,,,,,,,,,,,,,,,,,,,,,,,,,,,,,
training_event,training,e92e7c09-c1b8-4f72-a7a8-f75077608d1b,b6215919-805e-47f2-a3da-6b74c44eca9f,2026-09-06T15:53:17.603000+00:00,mouse_move,,,,,464.8,205.2,,,,,,mouse_tracking,,,,,,,,,,,/app/training,dev_756613b6-f97b-4b3b-90c2-dc790e7989db,,,,,,,,,,,,,,,,,,,,,,,,,,,,,,,,,,,,,,,,,,,,,,,,,,,,,,,,,,,,,,,,,,
training_event,training,e92e7c09-c1b8-4f72-a7a8-f75077608d1b,b6215919-805e-47f2-a3da-6b74c44eca9f,2026-09-06T15:53:17.620000+00:00,mouse_move,,,,,467.8,205.2,,,,,,mouse_tracking,,,,,,,,,,,/app/training,dev_756613b6-f97b-4b3b-90c2-dc790e7989db,,,,,,,,,,,,,,,,,,,,,,,,,,,,,,,,,,,,,,,,,,,,,,,,,,,,,,,,,,,,,,,,,,
training_event,training,e92e7c09-c1b8-4f72-a7a8-f75077608d1b,b6215919-805e-47f2-a3da-6b74c44eca9f,2026-09-06T15:53:18.160000+00:00,mouse_scroll,,,,,,,,1.0,,,,mouse_tracking,,,,,,,,,,,/app/training,dev_756613b6-f97b-4b3b-90c2-dc790e7989db,,,,,,,,,,,,,,,,,,,,,,,,,,,,,,,,,,,,,,,,,,,,,,,,,,,,,,,,,,,,,,,,,,
training_event,training,e92e7c09-c1b8-4f72-a7a8-f75077608d1b,b6215919-805e-47f2-a3da-6b74c44eca9f,2026-09-06T15:53:18.172000+00:00,mouse_scroll,,,,,,,,15.0,,,,mouse_tracking,,,,,,,,,,,/app/training,dev_756613b6-f97b-4b3b-90c2-dc790e7989db,,,,,,,,,,,,,,,,,,,,,,,,,,,,,,,,,,,,,,,,,,,,,,,,,,,,,,,,,,,,,,,,,,
training_event,training,e92e7c09-c1b8-4f72-a7a8-f75077608d1b,b6215919-805e-47f2-a3da-6b74c44eca9f,2026-09-06T15:53:18.189000+00:00,mouse_scroll,,,,,,,,21.0,,,,mouse_tracking,,,,,,,,,,,/app/training,dev_756613b6-f97b-4b3b-90c2-dc790e7989db,,,,,,,,,,,,,,,,,,,,,,,,,,,,,,,,,,,,,,,,,,,,,,,,,,,,,,,,,,,,,,,,,,
training_event,training,e92e7c09-c1b8-4f72-a7a8-f75077608d1b,b6215919-805e-47f2-a3da-6b74c44eca9f,2026-09-06T15:53:18.205000+00:00,mouse_scroll,,,,,,,,10.0,,,,mouse_tracking,,,,,,,,,,,/app/training,dev_756613b6-f97b-4b3b-90c2-dc790e7989db,,,,,,,,,,,,,,,,,,,,,,,,,,,,,,,,,,,,,,,,,,,,,,,,,,,,,,,,,,,,,,,,,,
training_event,training,e92e7c09-c1b8-4f72-a7a8-f75077608d1b,b6215919-805e-47f2-a3da-6b74c44eca9f,2026-09-06T15:53:18.221000+00:00,mouse_scroll,,,,,,,,9.0,,,,mouse_tracking,,,,,,,,,,,/app/training,dev_756613b6-f97b-4b3b-90c2-dc790e7989db,,,,,,,,,,,,,,,,,,,,,,,,,,,,,,,,,,,,,,,,,,,,,,,,,,,,,,,,,,,,,,,,,,
training_event,training,e92e7c09-c1b8-4f72-a7a8-f75077608d1b,b6215919-805e-47f2-a3da-6b74c44eca9f,2026-09-06T15:53:18.238000+00:00,mouse_scroll,,,,,,,,6.0,,,,mouse_tracking,,,,,,,,,,,/app/training,dev_756613b6-f97b-4b3b-90c2-dc790e7989db,,,,,,,,,,,,,,,,,,,,,,,,,,,,,,,,,,,,,,,,,,,,,,,,,,,,,,,,,,,,,,,,,,
training_event,training,e92e7c09-c1b8-4f72-a7a8-f75077608d1b,b6215919-805e-47f2-a3da-6b74c44eca9f,2026-09-06T15:53:18.255000+00:00,mouse_scroll,,,,,,,,8.0,,,,mouse_tracking,,,,,,,,,,,/app/training,dev_756613b6-f97b-4b3b-90c2-dc790e7989db,,,,,,,,,,,,,,,,,,,,,,,,,,,,,,,,,,,,,,,,,,,,,,,,,,,,,,,,,,,,,,,,,,
training_event,training,e92e7c09-c1b8-4f72-a7a8-f75077608d1b,b6215919-805e-47f2-a3da-6b74c44eca9f,2026-09-06T15:53:18.272000+00:00,mouse_scroll,,,,,,,,11.0,,,,mouse_tracking,,,,,,,,,,,/app/training,dev_756613b6-f97b-4b3b-90c2-dc790e7989db,,,,,,,,,,,,,,,,,,,,,,,,,,,,,,,,,,,,,,,,,,,,,,,,,,,,,,,,,,,,,,,,,,
training_event,training,e92e7c09-c1b8-4f72-a7a8-f75077608d1b,b6215919-805e-47f2-a3da-6b74c44eca9f,2026-09-06T15:53:18.288000+00:00,mouse_scroll,,,,,,,,6.0,,,,mouse_tracking,,,,,,,,,,,/app/training,dev_756613b6-f97b-4b3b-90c2-dc790e7989db,,,,,,,,,,,,,,,,,,,,,,,,,,,,,,,,,,,,,,,,,,,,,,,,,,,,,,,,,,,,,,,,,,
training_event,training,e92e7c09-c1b8-4f72-a7a8-f75077608d1b,b6215919-805e-47f2-a3da-6b74c44eca9f,2026-09-06T15:53:18.305000+00:00,mouse_scroll,,,,,,,,5.0,,,,mouse_tracking,,,,,,,,,,,/app/training,dev_756613b6-f97b-4b3b-90c2-dc790e7989db,,,,,,,,,,,,,,,,,,,,,,,,,,,,,,,,,,,,,,,,,,,,,,,,,,,,,,,,,,,,,,,,,,
training_event,training,e92e7c09-c1b8-4f72-a7a8-f75077608d1b,b6215919-805e-47f2-a3da-6b74c44eca9f,2026-09-06T15:53:18.326000+00:00,mouse_scroll,,,,,,,,0.0,,,,mouse_tracking,,,,,,,,,,,/app/training,dev_756613b6-f97b-4b3b-90c2-dc790e7989db,,,,,,,,,,,,,,,,,,,,,,,,,,,,,,,,,,,,,,,,,,,,,,,,,,,,,,,,,,,,,,,,,,
training_event,training,e92e7c09-c1b8-4f72-a7a8-f75077608d1b,b6215919-805e-47f2-a3da-6b74c44eca9f,2026-09-06T15:53:18.338000+00:00,mouse_scroll,,,,,,,,5.0,,,,mouse_tracking,,,,,,,,,,,/app/training,dev_756613b6-f97b-4b3b-90c2-dc790e7989db,,,,,,,,,,,,,,,,,,,,,,,,,,,,,,,,,,,,,,,,,,,,,,,,,,,,,,,,,,,,,,,,,,
training_event,training,e92e7c09-c1b8-4f72-a7a8-f75077608d1b,b6215919-805e-47f2-a3da-6b74c44eca9f,2026-09-06T15:53:18.355000+00:00,mouse_scroll,,,,,,,,2.0,,,,mouse_tracking,,,,,,,,,,,/app/training,dev_756613b6-f97b-4b3b-90c2-dc790e7989db,,,,,,,,,,,,,,,,,,,,,,,,,,,,,,,,,,,,,,,,,,,,,,,,,,,,,,,,,,,,,,,,,,
training_event,training,e92e7c09-c1b8-4f72-a7a8-f75077608d1b,b6215919-805e-47f2-a3da-6b74c44eca9f,2026-09-06T15:53:18.371000+00:00,mouse_scroll,,,,,,,,2.0,,,,mouse_tracking,,,,,,,,,,,/app/training,dev_756613b6-f97b-4b3b-90c2-dc790e7989db,,,,,,,,,,,,,,,,,,,,,,,,,,,,,,,,,,,,,,,,,,,,,,,,,,,,,,,,,,,,,,,,,,
training_event,training,e92e7c09-c1b8-4f72-a7a8-f75077608d1b,b6215919-805e-47f2-a3da-6b74c44eca9f,2026-09-06T15:53:18.388000+00:00,mouse_scroll,,,,,,,,1.0,,,,mouse_tracking,,,,,,,,,,,/app/training,dev_756613b6-f97b-4b3b-90c2-dc790e7989db,,,,,,,,,,,,,,,,,,,,,,,,,,,,,,,,,,,,,,,,,,,,,,,,,,,,,,,,,,,,,,,,,,
training_event,training,e92e7c09-c1b8-4f72-a7a8-f75077608d1b,b6215919-805e-47f2-a3da-6b74c44eca9f,2026-09-06T15:53:18.405000+00:00,mouse_scroll,,,,,,,,1.0,,,,mouse_tracking,,,,,,,,,,,/app/training,dev_756613b6-f97b-4b3b-90c2-dc790e7989db,,,,,,,,,,,,,,,,,,,,,,,,,,,,,,,,,,,,,,,,,,,,,,,,,,,,,,,,,,,,,,,,,,
training_event,training,e92e7c09-c1b8-4f72-a7a8-f75077608d1b,b6215919-805e-47f2-a3da-6b74c44eca9f,2026-09-06T15:53:18.421000+00:00,mouse_scroll,,,,,,,,1.0,,,,mouse_tracking,,,,,,,,,,,/app/training,dev_756613b6-f97b-4b3b-90c2-dc790e7989db,,,,,,,,,,,,,,,,,,,,,,,,,,,,,,,,,,,,,,,,,,,,,,,,,,,,,,,,,,,,,,,,,,
training_event,training,e92e7c09-c1b8-4f72-a7a8-f75077608d1b,b6215919-805e-47f2-a3da-6b74c44eca9f,2026-09-06T15:53:18.587000+00:00,mouse_move,,,,,465.8,306.2,,,,,,mouse_tracking,,,,,,,,,,,/app/training,dev_756613b6-f97b-4b3b-90c2-dc790e7989db,,,,,,,,,,,,,,,,,,,,,,,,,,,,,,,,,,,,,,,,,,,,,,,,,,,,,,,,,,,,,,,,,,
training_event,training,e92e7c09-c1b8-4f72-a7a8-f75077608d1b,b6215919-805e-47f2-a3da-6b74c44eca9f,2026-09-06T15:53:18.603000+00:00,mouse_move,,,,,460.8,299.2,,,,,,mouse_tracking,,,,,,,,,,,/app/training,dev_756613b6-f97b-4b3b-90c2-dc790e7989db,,,,,,,,,,,,,,,,,,,,,,,,,,,,,,,,,,,,,,,,,,,,,,,,,,,,,,,,,,,,,,,,,,
training_event,training,e92e7c09-c1b8-4f72-a7a8-f75077608d1b,b6215919-805e-47f2-a3da-6b74c44eca9f,2026-09-06T15:53:18.620000+00:00,mouse_move,,,,,455.8,287.2,,,,,,mouse_tracking,,,,,,,,,,,/app/training,dev_756613b6-f97b-4b3b-90c2-dc790e7989db,,,,,,,,,,,,,,,,,,,,,,,,,,,,,,,,,,,,,,,,,,,,,,,,,,,,,,,,,,,,,,,,,,
training_event,training,e92e7c09-c1b8-4f72-a7a8-f75077608d1b,b6215919-805e-47f2-a3da-6b74c44eca9f,2026-09-06T15:53:18.637000+00:00,mouse_move,,,,,451.8,282.2,,,,,,mouse_tracking,,,,,,,,,,,/app/training,dev_756613b6-f97b-4b3b-90c2-dc790e7989db,,,,,,,,,,,,,,,,,,,,,,,,,,,,,,,,,,,,,,,,,,,,,,,,,,,,,,,,,,,,,,,,,,
training_event,training,e92e7c09-c1b8-4f72-a7a8-f75077608d1b,b6215919-805e-47f2-a3da-6b74c44eca9f,2026-09-06T15:53:18.653000+00:00,mouse_move,,,,,450.8,280.2,,,,,,mouse_tracking,,,,,,,,,,,/app/training,dev_756613b6-f97b-4b3b-90c2-dc790e7989db,,,,,,,,,,,,,,,,,,,,,,,,,,,,,,,,,,,,,,,,,,,,,,,,,,,,,,,,,,,,,,,,,,
training_event,training,e92e7c09-c1b8-4f72-a7a8-f75077608d1b,b6215919-805e-47f2-a3da-6b74c44eca9f,2026-09-06T15:53:18.670000+00:00,mouse_move,,,,,449.8,279.2,,,,,,mouse_tracking,,,,,,,,,,,/app/training,dev_756613b6-f97b-4b3b-90c2-dc790e7989db,,,,,,,,,,,,,,,,,,,,,,,,,,,,,,,,,,,,,,,,,,,,,,,,,,,,,,,,,,,,,,,,,,
training_event,training,e92e7c09-c1b8-4f72-a7a8-f75077608d1b,b6215919-805e-47f2-a3da-6b74c44eca9f,2026-09-06T15:53:18.937000+00:00,mouse_move,,,,,452.8,283.2,,,,,,mouse_tracking,,,,,,,,,,,/app/training,dev_756613b6-f97b-4b3b-90c2-dc790e7989db,,,,,,,,,,,,,,,,,,,,,,,,,,,,,,,,,,,,,,,,,,,,,,,,,,,,,,,,,,,,,,,,,,
training_event,training,e92e7c09-c1b8-4f72-a7a8-f75077608d1b,b6215919-805e-47f2-a3da-6b74c44eca9f,2026-09-06T15:53:18.954000+00:00,mouse_move,,,,,456.8,296.2,,,,,,mouse_tracking,,,,,,,,,,,/app/training,dev_756613b6-f97b-4b3b-90c2-dc790e7989db,,,,,,,,,,,,,,,,,,,,,,,,,,,,,,,,,,,,,,,,,,,,,,,,,,,,,,,,,,,,,,,,,,
training_event,training,e92e7c09-c1b8-4f72-a7a8-f75077608d1b,b6215919-805e-47f2-a3da-6b74c44eca9f,2026-09-06T15:53:18.969000+00:00,mouse_move,,,,,459.8,303.2,,,,,,mouse_tracking,,,,,,,,,,,/app/training,dev_756613b6-f97b-4b3b-90c2-dc790e7989db,,,,,,,,,,,,,,,,,,,,,,,,,,,,,,,,,,,,,,,,,,,,,,,,,,,,,,,,,,,,,,,,,,
training_event,training,e92e7c09-c1b8-4f72-a7a8-f75077608d1b,b6215919-805e-47f2-a3da-6b74c44eca9f,2026-09-06T15:53:18.987000+00:00,mouse_move,,,,,460.8,304.2,,,,,,mouse_tracking,,,,,,,,,,,/app/training,dev_756613b6-f97b-4b3b-90c2-dc790e7989db,,,,,,,,,,,,,,,,,,,,,,,,,,,,,,,,,,,,,,,,,,,,,,,,,,,,,,,,,,,,,,,,,,
training_event,training,e92e7c09-c1b8-4f72-a7a8-f75077608d1b,b6215919-805e-47f2-a3da-6b74c44eca9f,2026-09-06T15:53:19.987000+00:00,mouse_move,,,,,448.8,307.2,,,,,,mouse_tracking,,,,,,,,,,,/app/training,dev_756613b6-f97b-4b3b-90c2-dc790e7989db,,,,,,,,,,,,,,,,,,,,,,,,,,,,,,,,,,,,,,,,,,,,,,,,,,,,,,,,,,,,,,,,,,
training_event,training,e92e7c09-c1b8-4f72-a7a8-f75077608d1b,b6215919-805e-47f2-a3da-6b74c44eca9f,2026-09-06T15:53:20.004000+00:00,mouse_move,,,,,440.8,308.2,,,,,,mouse_tracking,,,,,,,,,,,/app/training,dev_756613b6-f97b-4b3b-90c2-dc790e7989db,,,,,,,,,,,,,,,,,,,,,,,,,,,,,,,,,,,,,,,,,,,,,,,,,,,,,,,,,,,,,,,,,,
training_event,training,e92e7c09-c1b8-4f72-a7a8-f75077608d1b,b6215919-805e-47f2-a3da-6b74c44eca9f,2026-09-06T15:53:20.020000+00:00,mouse_move,,,,,429.8,312.2,,,,,,mouse_tracking,,,,,,,,,,,/app/training,dev_756613b6-f97b-4b3b-90c2-dc790e7989db,,,,,,,,,,,,,,,,,,,,,,,,,,,,,,,,,,,,,,,,,,,,,,,,,,,,,,,,,,,,,,,,,,
training_event,training,e92e7c09-c1b8-4f72-a7a8-f75077608d1b,b6215919-805e-47f2-a3da-6b74c44eca9f,2026-09-06T15:53:20.037000+00:00,mouse_move,,,,,416.8,318.2,,,,,,mouse_tracking,,,,,,,,,,,/app/training,dev_756613b6-f97b-4b3b-90c2-dc790e7989db,,,,,,,,,,,,,,,,,,,,,,,,,,,,,,,,,,,,,,,,,,,,,,,,,,,,,,,,,,,,,,,,,,
training_event,training,e92e7c09-c1b8-4f72-a7a8-f75077608d1b,b6215919-805e-47f2-a3da-6b74c44eca9f,2026-09-06T15:53:20.054000+00:00,mouse_move,,,,,405.8,324.2,,,,,,mouse_tracking,,,,,,,,,,,/app/training,dev_756613b6-f97b-4b3b-90c2-dc790e7989db,,,,,,,,,,,,,,,,,,,,,,,,,,,,,,,,,,,,,,,,,,,,,,,,,,,,,,,,,,,,,,,,,,
training_event,training,e92e7c09-c1b8-4f72-a7a8-f75077608d1b,b6215919-805e-47f2-a3da-6b74c44eca9f,2026-09-06T15:53:20.069000+00:00,mouse_move,,,,,398.8,330.2,,,,,,mouse_tracking,,,,,,,,,,,/app/training,dev_756613b6-f97b-4b3b-90c2-dc790e7989db,,,,,,,,,,,,,,,,,,,,,,,,,,,,,,,,,,,,,,,,,,,,,,,,,,,,,,,,,,,,,,,,,,
training_event,training,e92e7c09-c1b8-4f72-a7a8-f75077608d1b,b6215919-805e-47f2-a3da-6b74c44eca9f,2026-09-06T15:53:20.087000+00:00,mouse_move,,,,,393.8,333.2,,,,,,mouse_tracking,,,,,,,,,,,/app/training,dev_756613b6-f97b-4b3b-90c2-dc790e7989db,,,,,,,,,,,,,,,,,,,,,,,,,,,,,,,,,,,,,,,,,,,,,,,,,,,,,,,,,,,,,,,,,,
training_event,training,e92e7c09-c1b8-4f72-a7a8-f75077608d1b,b6215919-805e-47f2-a3da-6b74c44eca9f,2026-09-06T15:53:20.103000+00:00,mouse_move,,,,,389.8,335.2,,,,,,mouse_tracking,,,,,,,,,,,/app/training,dev_756613b6-f97b-4b3b-90c2-dc790e7989db,,,,,,,,,,,,,,,,,,,,,,,,,,,,,,,,,,,,,,,,,,,,,,,,,,,,,,,,,,,,,,,,,,
training_event,training,e92e7c09-c1b8-4f72-a7a8-f75077608d1b,b6215919-805e-47f2-a3da-6b74c44eca9f,2026-09-06T15:53:20.120000+00:00,mouse_move,,,,,385.8,336.2,,,,,,mouse_tracking,,,,,,,,,,,/app/training,dev_756613b6-f97b-4b3b-90c2-dc790e7989db,,,,,,,,,,,,,,,,,,,,,,,,,,,,,,,,,,,,,,,,,,,,,,,,,,,,,,,,,,,,,,,,,,
training_event,training,e92e7c09-c1b8-4f72-a7a8-f75077608d1b,b6215919-805e-47f2-a3da-6b74c44eca9f,2026-09-06T15:53:20.137000+00:00,mouse_move,,,,,383.8,337.2,,,,,,mouse_tracking,,,,,,,,,,,/app/training,dev_756613b6-f97b-4b3b-90c2-dc790e7989db,,,,,,,,,,,,,,,,,,,,,,,,,,,,,,,,,,,,,,,,,,,,,,,,,,,,,,,,,,,,,,,,,,
training_event,training,e92e7c09-c1b8-4f72-a7a8-f75077608d1b,b6215919-805e-47f2-a3da-6b74c44eca9f,2026-09-06T15:53:20.153000+00:00,mouse_move,,,,,382.8,337.2,,,,,,mouse_tracking,,,,,,,,,,,/app/training,dev_756613b6-f97b-4b3b-90c2-dc790e7989db,,,,,,,,,,,,,,,,,,,,,,,,,,,,,,,,,,,,,,,,,,,,,,,,,,,,,,,,,,,,,,,,,,
training_event,training,e92e7c09-c1b8-4f72-a7a8-f75077608d1b,b6215919-805e-47f2-a3da-6b74c44eca9f,2026-09-06T15:53:20.170000+00:00,mouse_move,,,,,380.8,337.2,,,,,,mouse_tracking,,,,,,,,,,,/app/training,dev_756613b6-f97b-4b3b-90c2-dc790e7989db,,,,,,,,,,,,,,,,,,,,,,,,,,,,,,,,,,,,,,,,,,,,,,,,,,,,,,,,,,,,,,,,,,
training_event,training,e92e7c09-c1b8-4f72-a7a8-f75077608d1b,b6215919-805e-47f2-a3da-6b74c44eca9f,2026-09-06T15:53:20.920000+00:00,mouse_move,,,,,370.8,337.2,,,,,,mouse_tracking,,,,,,,,,,,/app/training,dev_756613b6-f97b-4b3b-90c2-dc790e7989db,,,,,,,,,,,,,,,,,,,,,,,,,,,,,,,,,,,,,,,,,,,,,,,,,,,,,,,,,,,,,,,,,,
training_event,training,e92e7c09-c1b8-4f72-a7a8-f75077608d1b,b6215919-805e-47f2-a3da-6b74c44eca9f,2026-09-06T15:53:20.937000+00:00,mouse_move,,,,,360.8,337.2,,,,,,mouse_tracking,,,,,,,,,,,/app/training,dev_756613b6-f97b-4b3b-90c2-dc790e7989db,,,,,,,,,,,,,,,,,,,,,,,,,,,,,,,,,,,,,,,,,,,,,,,,,,,,,,,,,,,,,,,,,,
training_event,training,e92e7c09-c1b8-4f72-a7a8-f75077608d1b,b6215919-805e-47f2-a3da-6b74c44eca9f,2026-09-06T15:53:20.954000+00:00,mouse_move,,,,,342.8,337.2,,,,,,mouse_tracking,,,,,,,,,,,/app/training,dev_756613b6-f97b-4b3b-90c2-dc790e7989db,,,,,,,,,,,,,,,,,,,,,,,,,,,,,,,,,,,,,,,,,,,,,,,,,,,,,,,,,,,,,,,,,,
training_event,training,e92e7c09-c1b8-4f72-a7a8-f75077608d1b,b6215919-805e-47f2-a3da-6b74c44eca9f,2026-09-06T15:53:20.970000+00:00,mouse_move,,,,,334.8,336.2,,,,,,mouse_tracking,,,,,,,,,,,/app/training,dev_756613b6-f97b-4b3b-90c2-dc790e7989db,,,,,,,,,,,,,,,,,,,,,,,,,,,,,,,,,,,,,,,,,,,,,,,,,,,,,,,,,,,,,,,,,,
training_event,training,e92e7c09-c1b8-4f72-a7a8-f75077608d1b,b6215919-805e-47f2-a3da-6b74c44eca9f,2026-09-06T15:53:20.987000+00:00,mouse_move,,,,,325.8,331.2,,,,,,mouse_tracking,,,,,,,,,,,/app/training,dev_756613b6-f97b-4b3b-90c2-dc790e7989db,,,,,,,,,,,,,,,,,,,,,,,,,,,,,,,,,,,,,,,,,,,,,,,,,,,,,,,,,,,,,,,,,,
training_event,training,e92e7c09-c1b8-4f72-a7a8-f75077608d1b,b6215919-805e-47f2-a3da-6b74c44eca9f,2026-09-06T15:53:21.003000+00:00,mouse_move,,,,,320.8,328.2,,,,,,mouse_tracking,,,,,,,,,,,/app/training,dev_756613b6-f97b-4b3b-90c2-dc790e7989db,,,,,,,,,,,,,,,,,,,,,,,,,,,,,,,,,,,,,,,,,,,,,,,,,,,,,,,,,,,,,,,,,,
training_event,training,e92e7c09-c1b8-4f72-a7a8-f75077608d1b,b6215919-805e-47f2-a3da-6b74c44eca9f,2026-09-06T15:53:21.020000+00:00,mouse_move,,,,,316.8,326.2,,,,,,mouse_tracking,,,,,,,,,,,/app/training,dev_756613b6-f97b-4b3b-90c2-dc790e7989db,,,,,,,,,,,,,,,,,,,,,,,,,,,,,,,,,,,,,,,,,,,,,,,,,,,,,,,,,,,,,,,,,,
training_event,training,e92e7c09-c1b8-4f72-a7a8-f75077608d1b,b6215919-805e-47f2-a3da-6b74c44eca9f,2026-09-06T15:53:21.037000+00:00,mouse_move,,,,,306.8,320.2,,,,,,mouse_tracking,,,,,,,,,,,/app/training,dev_756613b6-f97b-4b3b-90c2-dc790e7989db,,,,,,,,,,,,,,,,,,,,,,,,,,,,,,,,,,,,,,,,,,,,,,,,,,,,,,,,,,,,,,,,,,
training_event,training,e92e7c09-c1b8-4f72-a7a8-f75077608d1b,b6215919-805e-47f2-a3da-6b74c44eca9f,2026-09-06T15:53:21.054000+00:00,mouse_move,,,,,300.8,315.2,,,,,,mouse_tracking,,,,,,,,,,,/app/training,dev_756613b6-f97b-4b3b-90c2-dc790e7989db,,,,,,,,,,,,,,,,,,,,,,,,,,,,,,,,,,,,,,,,,,,,,,,,,,,,,,,,,,,,,,,,,,
training_event,training,e92e7c09-c1b8-4f72-a7a8-f75077608d1b,b6215919-805e-47f2-a3da-6b74c44eca9f,2026-09-06T15:53:21.070000+00:00,mouse_move,,,,,295.8,312.2,,,,,,mouse_tracking,,,,,,,,,,,/app/training,dev_756613b6-f97b-4b3b-90c2-dc790e7989db,,,,,,,,,,,,,,,,,,,,,,,,,,,,,,,,,,,,,,,,,,,,,,,,,,,,,,,,,,,,,,,,,,
training_event,training,e92e7c09-c1b8-4f72-a7a8-f75077608d1b,b6215919-805e-47f2-a3da-6b74c44eca9f,2026-09-06T15:53:21.087000+00:00,mouse_move,,,,,290.8,308.2,,,,,,mouse_tracking,,,,,,,,,,,/app/training,dev_756613b6-f97b-4b3b-90c2-dc790e7989db,,,,,,,,,,,,,,,,,,,,,,,,,,,,,,,,,,,,,,,,,,,,,,,,,,,,,,,,,,,,,,,,,,
training_event,training,e92e7c09-c1b8-4f72-a7a8-f75077608d1b,b6215919-805e-47f2-a3da-6b74c44eca9f,2026-09-06T15:53:21.103000+00:00,mouse_move,,,,,288.8,307.2,,,,,,mouse_tracking,,,,,,,,,,,/app/training,dev_756613b6-f97b-4b3b-90c2-dc790e7989db,,,,,,,,,,,,,,,,,,,,,,,,,,,,,,,,,,,,,,,,,,,,,,,,,,,,,,,,,,,,,,,,,,
training_event,training,e92e7c09-c1b8-4f72-a7a8-f75077608d1b,b6215919-805e-47f2-a3da-6b74c44eca9f,2026-09-06T15:53:21.837000+00:00,mouse_move,,,,,283.8,278.2,,,,,,mouse_tracking,,,,,,,,,,,/app/training,dev_756613b6-f97b-4b3b-90c2-dc790e7989db,,,,,,,,,,,,,,,,,,,,,,,,,,,,,,,,,,,,,,,,,,,,,,,,,,,,,,,,,,,,,,,,,,
training_event,training,e92e7c09-c1b8-4f72-a7a8-f75077608d1b,b6215919-805e-47f2-a3da-6b74c44eca9f,2026-09-06T15:53:21.853000+00:00,mouse_move,,,,,285.8,261.2,,,,,,mouse_tracking,,,,,,,,,,,/app/training,dev_756613b6-f97b-4b3b-90c2-dc790e7989db,,,,,,,,,,,,,,,,,,,,,,,,,,,,,,,,,,,,,,,,,,,,,,,,,,,,,,,,,,,,,,,,,,
training_event,training,e92e7c09-c1b8-4f72-a7a8-f75077608d1b,b6215919-805e-47f2-a3da-6b74c44eca9f,2026-09-06T15:53:21.870000+00:00,mouse_move,,,,,288.8,252.2,,,,,,mouse_tracking,,,,,,,,,,,/app/training,dev_756613b6-f97b-4b3b-90c2-dc790e7989db,,,,,,,,,,,,,,,,,,,,,,,,,,,,,,,,,,,,,,,,,,,,,,,,,,,,,,,,,,,,,,,,,,
training_event,training,e92e7c09-c1b8-4f72-a7a8-f75077608d1b,b6215919-805e-47f2-a3da-6b74c44eca9f,2026-09-06T15:53:21.887000+00:00,mouse_move,,,,,289.8,250.2,,,,,,mouse_tracking,,,,,,,,,,,/app/training,dev_756613b6-f97b-4b3b-90c2-dc790e7989db,,,,,,,,,,,,,,,,,,,,,,,,,,,,,,,,,,,,,,,,,,,,,,,,,,,,,,,,,,,,,,,,,,
training_event,training,e92e7c09-c1b8-4f72-a7a8-f75077608d1b,b6215919-805e-47f2-a3da-6b74c44eca9f,2026-09-06T15:53:21.920000+00:00,mouse_move,,,,,290.8,250.2,,,,,,mouse_tracking,,,,,,,,,,,/app/training,dev_756613b6-f97b-4b3b-90c2-dc790e7989db,,,,,,,,,,,,,,,,,,,,,,,,,,,,,,,,,,,,,,,,,,,,,,,,,,,,,,,,,,,,,,,,,,
training_event,training,e92e7c09-c1b8-4f72-a7a8-f75077608d1b,b6215919-805e-47f2-a3da-6b74c44eca9f,2026-09-06T15:53:21.970000+00:00,mouse_move,,,,,290.8,251.2,,,,,,mouse_tracking,,,,,,,,,,,/app/training,dev_756613b6-f97b-4b3b-90c2-dc790e7989db,,,,,,,,,,,,,,,,,,,,,,,,,,,,,,,,,,,,,,,,,,,,,,,,,,,,,,,,,,,,,,,,,,
training_event,training,e92e7c09-c1b8-4f72-a7a8-f75077608d1b,b6215919-805e-47f2-a3da-6b74c44eca9f,2026-09-06T15:53:22.003000+00:00,mouse_move,,,,,290.8,252.2,,,,,,mouse_tracking,,,,,,,,,,,/app/training,dev_756613b6-f97b-4b3b-90c2-dc790e7989db,,,,,,,,,,,,,,,,,,,,,,,,,,,,,,,,,,,,,,,,,,,,,,,,,,,,,,,,,,,,,,,,,,
training_event,training,e92e7c09-c1b8-4f72-a7a8-f75077608d1b,b6215919-805e-47f2-a3da-6b74c44eca9f,2026-09-06T15:53:22.020000+00:00,mouse_move,,,,,289.8,257.2,,,,,,mouse_tracking,,,,,,,,,,,/app/training,dev_756613b6-f97b-4b3b-90c2-dc790e7989db,,,,,,,,,,,,,,,,,,,,,,,,,,,,,,,,,,,,,,,,,,,,,,,,,,,,,,,,,,,,,,,,,,
training_event,training,e92e7c09-c1b8-4f72-a7a8-f75077608d1b,b6215919-805e-47f2-a3da-6b74c44eca9f,2026-09-06T15:53:22.037000+00:00,mouse_move,,,,,287.8,263.2,,,,,,mouse_tracking,,,,,,,,,,,/app/training,dev_756613b6-f97b-4b3b-90c2-dc790e7989db,,,,,,,,,,,,,,,,,,,,,,,,,,,,,,,,,,,,,,,,,,,,,,,,,,,,,,,,,,,,,,,,,,
training_event,training,e92e7c09-c1b8-4f72-a7a8-f75077608d1b,b6215919-805e-47f2-a3da-6b74c44eca9f,2026-09-06T15:53:22.053000+00:00,mouse_move,,,,,280.8,279.2,,,,,,mouse_tracking,,,,,,,,,,,/app/training,dev_756613b6-f97b-4b3b-90c2-dc790e7989db,,,,,,,,,,,,,,,,,,,,,,,,,,,,,,,,,,,,,,,,,,,,,,,,,,,,,,,,,,,,,,,,,,
training_event,training,e92e7c09-c1b8-4f72-a7a8-f75077608d1b,b6215919-805e-47f2-a3da-6b74c44eca9f,2026-09-06T15:53:22.070000+00:00,mouse_move,,,,,276.8,288.2,,,,,,mouse_tracking,,,,,,,,,,,/app/training,dev_756613b6-f97b-4b3b-90c2-dc790e7989db,,,,,,,,,,,,,,,,,,,,,,,,,,,,,,,,,,,,,,,,,,,,,,,,,,,,,,,,,,,,,,,,,,
training_event,training,e92e7c09-c1b8-4f72-a7a8-f75077608d1b,b6215919-805e-47f2-a3da-6b74c44eca9f,2026-09-06T15:53:22.086000+00:00,mouse_move,,,,,275.8,295.2,,,,,,mouse_tracking,,,,,,,,,,,/app/training,dev_756613b6-f97b-4b3b-90c2-dc790e7989db,,,,,,,,,,,,,,,,,,,,,,,,,,,,,,,,,,,,,,,,,,,,,,,,,,,,,,,,,,,,,,,,,,
training_event,training,e92e7c09-c1b8-4f72-a7a8-f75077608d1b,b6215919-805e-47f2-a3da-6b74c44eca9f,2026-09-06T15:53:22.104000+00:00,mouse_move,,,,,272.8,300.2,,,,,,mouse_tracking,,,,,,,,,,,/app/training,dev_756613b6-f97b-4b3b-90c2-dc790e7989db,,,,,,,,,,,,,,,,,,,,,,,,,,,,,,,,,,,,,,,,,,,,,,,,,,,,,,,,,,,,,,,,,,
training_event,training,e92e7c09-c1b8-4f72-a7a8-f75077608d1b,b6215919-805e-47f2-a3da-6b74c44eca9f,2026-09-06T15:53:22.120000+00:00,mouse_move,,,,,272.8,302.2,,,,,,mouse_tracking,,,,,,,,,,,/app/training,dev_756613b6-f97b-4b3b-90c2-dc790e7989db,,,,,,,,,,,,,,,,,,,,,,,,,,,,,,,,,,,,,,,,,,,,,,,,,,,,,,,,,,,,,,,,,,
training_event,training,e92e7c09-c1b8-4f72-a7a8-f75077608d1b,b6215919-805e-47f2-a3da-6b74c44eca9f,2026-09-06T15:53:22.853000+00:00,mouse_move,,,,,271.8,295.2,,,,,,mouse_tracking,,,,,,,,,,,/app/training,dev_756613b6-f97b-4b3b-90c2-dc790e7989db,,,,,,,,,,,,,,,,,,,,,,,,,,,,,,,,,,,,,,,,,,,,,,,,,,,,,,,,,,,,,,,,,,
training_event,training,e92e7c09-c1b8-4f72-a7a8-f75077608d1b,b6215919-805e-47f2-a3da-6b74c44eca9f,2026-09-06T15:53:22.870000+00:00,mouse_move,,,,,268.8,283.2,,,,,,mouse_tracking,,,,,,,,,,,/app/training,dev_756613b6-f97b-4b3b-90c2-dc790e7989db,,,,,,,,,,,,,,,,,,,,,,,,,,,,,,,,,,,,,,,,,,,,,,,,,,,,,,,,,,,,,,,,,,
training_event,training,e92e7c09-c1b8-4f72-a7a8-f75077608d1b,b6215919-805e-47f2-a3da-6b74c44eca9f,2026-09-06T15:53:22.886000+00:00,mouse_move,,,,,263.8,271.2,,,,,,mouse_tracking,,,,,,,,,,,/app/training,dev_756613b6-f97b-4b3b-90c2-dc790e7989db,,,,,,,,,,,,,,,,,,,,,,,,,,,,,,,,,,,,,,,,,,,,,,,,,,,,,,,,,,,,,,,,,,
training_event,training,e92e7c09-c1b8-4f72-a7a8-f75077608d1b,b6215919-805e-47f2-a3da-6b74c44eca9f,2026-09-06T15:53:22.903000+00:00,mouse_move,,,,,257.8,263.2,,,,,,mouse_tracking,,,,,,,,,,,/app/training,dev_756613b6-f97b-4b3b-90c2-dc790e7989db,,,,,,,,,,,,,,,,,,,,,,,,,,,,,,,,,,,,,,,,,,,,,,,,,,,,,,,,,,,,,,,,,,
training_event,training,e92e7c09-c1b8-4f72-a7a8-f75077608d1b,b6215919-805e-47f2-a3da-6b74c44eca9f,2026-09-06T15:53:22.920000+00:00,mouse_move,,,,,255.8,260.2,,,,,,mouse_tracking,,,,,,,,,,,/app/training,dev_756613b6-f97b-4b3b-90c2-dc790e7989db,,,,,,,,,,,,,,,,,,,,,,,,,,,,,,,,,,,,,,,,,,,,,,,,,,,,,,,,,,,,,,,,,,
training_event,training,e92e7c09-c1b8-4f72-a7a8-f75077608d1b,b6215919-805e-47f2-a3da-6b74c44eca9f,2026-09-06T15:53:22.936000+00:00,mouse_move,,,,,249.8,255.2,,,,,,mouse_tracking,,,,,,,,,,,/app/training,dev_756613b6-f97b-4b3b-90c2-dc790e7989db,,,,,,,,,,,,,,,,,,,,,,,,,,,,,,,,,,,,,,,,,,,,,,,,,,,,,,,,,,,,,,,,,,
training_event,training,e92e7c09-c1b8-4f72-a7a8-f75077608d1b,b6215919-805e-47f2-a3da-6b74c44eca9f,2026-09-06T15:53:22.953000+00:00,mouse_move,,,,,244.8,254.2,,,,,,mouse_tracking,,,,,,,,,,,/app/training,dev_756613b6-f97b-4b3b-90c2-dc790e7989db,,,,,,,,,,,,,,,,,,,,,,,,,,,,,,,,,,,,,,,,,,,,,,,,,,,,,,,,,,,,,,,,,,
training_event,training,e92e7c09-c1b8-4f72-a7a8-f75077608d1b,b6215919-805e-47f2-a3da-6b74c44eca9f,2026-09-06T15:53:22.970000+00:00,mouse_move,,,,,240.8,251.2,,,,,,mouse_tracking,,,,,,,,,,,/app/training,dev_756613b6-f97b-4b3b-90c2-dc790e7989db,,,,,,,,,,,,,,,,,,,,,,,,,,,,,,,,,,,,,,,,,,,,,,,,,,,,,,,,,,,,,,,,,,
training_event,training,e92e7c09-c1b8-4f72-a7a8-f75077608d1b,b6215919-805e-47f2-a3da-6b74c44eca9f,2026-09-06T15:53:22.987000+00:00,mouse_move,,,,,237.8,249.2,,,,,,mouse_tracking,,,,,,,,,,,/app/training,dev_756613b6-f97b-4b3b-90c2-dc790e7989db,,,,,,,,,,,,,,,,,,,,,,,,,,,,,,,,,,,,,,,,,,,,,,,,,,,,,,,,,,,,,,,,,,
training_event,training,e92e7c09-c1b8-4f72-a7a8-f75077608d1b,b6215919-805e-47f2-a3da-6b74c44eca9f,2026-09-06T15:53:23.003000+00:00,mouse_move,,,,,232.8,244.2,,,,,,mouse_tracking,,,,,,,,,,,/app/training,dev_756613b6-f97b-4b3b-90c2-dc790e7989db,,,,,,,,,,,,,,,,,,,,,,,,,,,,,,,,,,,,,,,,,,,,,,,,,,,,,,,,,,,,,,,,,,
training_event,training,e92e7c09-c1b8-4f72-a7a8-f75077608d1b,b6215919-805e-47f2-a3da-6b74c44eca9f,2026-09-06T15:53:23.019000+00:00,mouse_move,,,,,224.8,240.2,,,,,,mouse_tracking,,,,,,,,,,,/app/training,dev_756613b6-f97b-4b3b-90c2-dc790e7989db,,,,,,,,,,,,,,,,,,,,,,,,,,,,,,,,,,,,,,,,,,,,,,,,,,,,,,,,,,,,,,,,,,
training_event,training,e92e7c09-c1b8-4f72-a7a8-f75077608d1b,b6215919-805e-47f2-a3da-6b74c44eca9f,2026-09-06T15:53:23.037000+00:00,mouse_move,,,,,222.8,236.2,,,,,,mouse_tracking,,,,,,,,,,,/app/training,dev_756613b6-f97b-4b3b-90c2-dc790e7989db,,,,,,,,,,,,,,,,,,,,,,,,,,,,,,,,,,,,,,,,,,,,,,,,,,,,,,,,,,,,,,,,,,
training_event,training,e92e7c09-c1b8-4f72-a7a8-f75077608d1b,b6215919-805e-47f2-a3da-6b74c44eca9f,2026-09-06T15:53:23.053000+00:00,mouse_move,,,,,219.8,233.2,,,,,,mouse_tracking,,,,,,,,,,,/app/training,dev_756613b6-f97b-4b3b-90c2-dc790e7989db,,,,,,,,,,,,,,,,,,,,,,,,,,,,,,,,,,,,,,,,,,,,,,,,,,,,,,,,,,,,,,,,,,
training_event,training,e92e7c09-c1b8-4f72-a7a8-f75077608d1b,b6215919-805e-47f2-a3da-6b74c44eca9f,2026-09-06T15:53:23.070000+00:00,mouse_move,,,,,218.8,231.2,,,,,,mouse_tracking,,,,,,,,,,,/app/training,dev_756613b6-f97b-4b3b-90c2-dc790e7989db,,,,,,,,,,,,,,,,,,,,,,,,,,,,,,,,,,,,,,,,,,,,,,,,,,,,,,,,,,,,,,,,,,
training_event,training,e92e7c09-c1b8-4f72-a7a8-f75077608d1b,b6215919-805e-47f2-a3da-6b74c44eca9f,2026-09-06T15:53:23.719000+00:00,mouse_move,,,,,230.8,213.2,,,,,,mouse_tracking,,,,,,,,,,,/app/training,dev_756613b6-f97b-4b3b-90c2-dc790e7989db,,,,,,,,,,,,,,,,,,,,,,,,,,,,,,,,,,,,,,,,,,,,,,,,,,,,,,,,,,,,,,,,,,
training_event,training,e92e7c09-c1b8-4f72-a7a8-f75077608d1b,b6215919-805e-47f2-a3da-6b74c44eca9f,2026-09-06T15:53:23.737000+00:00,mouse_move,,,,,260.8,165.2,,,,,,mouse_tracking,,,,,,,,,,,/app/training,dev_756613b6-f97b-4b3b-90c2-dc790e7989db,,,,,,,,,,,,,,,,,,,,,,,,,,,,,,,,,,,,,,,,,,,,,,,,,,,,,,,,,,,,,,,,,,
training_event,training,e92e7c09-c1b8-4f72-a7a8-f75077608d1b,b6215919-805e-47f2-a3da-6b74c44eca9f,2026-09-06T15:53:23.754000+00:00,mouse_move,,,,,275.8,136.2,,,,,,mouse_tracking,,,,,,,,,,,/app/training,dev_756613b6-f97b-4b3b-90c2-dc790e7989db,,,,,,,,,,,,,,,,,,,,,,,,,,,,,,,,,,,,,,,,,,,,,,,,,,,,,,,,,,,,,,,,,,
training_event,training,e92e7c09-c1b8-4f72-a7a8-f75077608d1b,b6215919-805e-47f2-a3da-6b74c44eca9f,2026-09-06T15:53:23.770000+00:00,mouse_move,,,,,286.8,117.2,,,,,,mouse_tracking,,,,,,,,,,,/app/training,dev_756613b6-f97b-4b3b-90c2-dc790e7989db,,,,,,,,,,,,,,,,,,,,,,,,,,,,,,,,,,,,,,,,,,,,,,,,,,,,,,,,,,,,,,,,,,
training_event,training,e92e7c09-c1b8-4f72-a7a8-f75077608d1b,b6215919-805e-47f2-a3da-6b74c44eca9f,2026-09-06T15:53:23.787000+00:00,mouse_move,,,,,298.8,99.2,,,,,,mouse_tracking,,,,,,,,,,,/app/training,dev_756613b6-f97b-4b3b-90c2-dc790e7989db,,,,,,,,,,,,,,,,,,,,,,,,,,,,,,,,,,,,,,,,,,,,,,,,,,,,,,,,,,,,,,,,,,
training_event,training,e92e7c09-c1b8-4f72-a7a8-f75077608d1b,b6215919-805e-47f2-a3da-6b74c44eca9f,2026-09-06T15:53:23.803000+00:00,mouse_move,,,,,300.8,94.2,,,,,,mouse_tracking,,,,,,,,,,,/app/training,dev_756613b6-f97b-4b3b-90c2-dc790e7989db,,,,,,,,,,,,,,,,,,,,,,,,,,,,,,,,,,,,,,,,,,,,,,,,,,,,,,,,,,,,,,,,,,
training_event,training,e92e7c09-c1b8-4f72-a7a8-f75077608d1b,b6215919-805e-47f2-a3da-6b74c44eca9f,2026-09-06T15:53:23.820000+00:00,mouse_move,,,,,302.8,88.2,,,,,,mouse_tracking,,,,,,,,,,,/app/training,dev_756613b6-f97b-4b3b-90c2-dc790e7989db,,,,,,,,,,,,,,,,,,,,,,,,,,,,,,,,,,,,,,,,,,,,,,,,,,,,,,,,,,,,,,,,,,
training_event,training,e92e7c09-c1b8-4f72-a7a8-f75077608d1b,b6215919-805e-47f2-a3da-6b74c44eca9f,2026-09-06T15:53:23.837000+00:00,mouse_move,,,,,308.8,75.2,,,,,,mouse_tracking,,,,,,,,,,,/app/training,dev_756613b6-f97b-4b3b-90c2-dc790e7989db,,,,,,,,,,,,,,,,,,,,,,,,,,,,,,,,,,,,,,,,,,,,,,,,,,,,,,,,,,,,,,,,,,
training_event,training,e92e7c09-c1b8-4f72-a7a8-f75077608d1b,b6215919-805e-47f2-a3da-6b74c44eca9f,2026-09-06T15:53:23.853000+00:00,mouse_move,,,,,316.8,55.2,,,,,,mouse_tracking,,,,,,,,,,,/app/training,dev_756613b6-f97b-4b3b-90c2-dc790e7989db,,,,,,,,,,,,,,,,,,,,,,,,,,,,,,,,,,,,,,,,,,,,,,,,,,,,,,,,,,,,,,,,,,
training_event,training,e92e7c09-c1b8-4f72-a7a8-f75077608d1b,b6215919-805e-47f2-a3da-6b74c44eca9f,2026-09-06T15:53:23.870000+00:00,mouse_move,,,,,316.8,51.2,,,,,,mouse_tracking,,,,,,,,,,,/app/training,dev_756613b6-f97b-4b3b-90c2-dc790e7989db,,,,,,,,,,,,,,,,,,,,,,,,,,,,,,,,,,,,,,,,,,,,,,,,,,,,,,,,,,,,,,,,,,
training_event,training,e92e7c09-c1b8-4f72-a7a8-f75077608d1b,b6215919-805e-47f2-a3da-6b74c44eca9f,2026-09-06T15:53:24.003000+00:00,mouse_move,,,,,314.8,53.2,,,,,,mouse_tracking,,,,,,,,,,,/app/training,dev_756613b6-f97b-4b3b-90c2-dc790e7989db,,,,,,,,,,,,,,,,,,,,,,,,,,,,,,,,,,,,,,,,,,,,,,,,,,,,,,,,,,,,,,,,,,
training_event,training,e92e7c09-c1b8-4f72-a7a8-f75077608d1b,b6215919-805e-47f2-a3da-6b74c44eca9f,2026-09-06T15:53:24.020000+00:00,mouse_move,,,,,313.8,55.2,,,,,,mouse_tracking,,,,,,,,,,,/app/training,dev_756613b6-f97b-4b3b-90c2-dc790e7989db,,,,,,,,,,,,,,,,,,,,,,,,,,,,,,,,,,,,,,,,,,,,,,,,,,,,,,,,,,,,,,,,,,
training_event,training,e92e7c09-c1b8-4f72-a7a8-f75077608d1b,b6215919-805e-47f2-a3da-6b74c44eca9f,2026-09-06T15:53:24.036000+00:00,mouse_move,,,,,310.8,58.2,,,,,,mouse_tracking,,,,,,,,,,,/app/training,dev_756613b6-f97b-4b3b-90c2-dc790e7989db,,,,,,,,,,,,,,,,,,,,,,,,,,,,,,,,,,,,,,,,,,,,,,,,,,,,,,,,,,,,,,,,,,
training_event,training,e92e7c09-c1b8-4f72-a7a8-f75077608d1b,b6215919-805e-47f2-a3da-6b74c44eca9f,2026-09-06T15:53:24.054000+00:00,mouse_move,,,,,264.8,108.2,,,,,,mouse_tracking,,,,,,,,,,,/app/training,dev_756613b6-f97b-4b3b-90c2-dc790e7989db,,,,,,,,,,,,,,,,,,,,,,,,,,,,,,,,,,,,,,,,,,,,,,,,,,,,,,,,,,,,,,,,,,
training_event,training,e92e7c09-c1b8-4f72-a7a8-f75077608d1b,b6215919-805e-47f2-a3da-6b74c44eca9f,2026-09-06T15:53:24.069000+00:00,mouse_move,,,,,253.8,122.2,,,,,,mouse_tracking,,,,,,,,,,,/app/training,dev_756613b6-f97b-4b3b-90c2-dc790e7989db,,,,,,,,,,,,,,,,,,,,,,,,,,,,,,,,,,,,,,,,,,,,,,,,,,,,,,,,,,,,,,,,,,
training_event,training,e92e7c09-c1b8-4f72-a7a8-f75077608d1b,b6215919-805e-47f2-a3da-6b74c44eca9f,2026-09-06T15:53:24.087000+00:00,mouse_move,,,,,248.8,129.2,,,,,,mouse_tracking,,,,,,,,,,,/app/training,dev_756613b6-f97b-4b3b-90c2-dc790e7989db,,,,,,,,,,,,,,,,,,,,,,,,,,,,,,,,,,,,,,,,,,,,,,,,,,,,,,,,,,,,,,,,,,
training_event,training,e92e7c09-c1b8-4f72-a7a8-f75077608d1b,b6215919-805e-47f2-a3da-6b74c44eca9f,2026-09-06T15:53:24.103000+00:00,mouse_move,,,,,237.8,142.2,,,,,,mouse_tracking,,,,,,,,,,,/app/training,dev_756613b6-f97b-4b3b-90c2-dc790e7989db,,,,,,,,,,,,,,,,,,,,,,,,,,,,,,,,,,,,,,,,,,,,,,,,,,,,,,,,,,,,,,,,,,
training_event,training,e92e7c09-c1b8-4f72-a7a8-f75077608d1b,b6215919-805e-47f2-a3da-6b74c44eca9f,2026-09-06T15:53:24.120000+00:00,mouse_move,,,,,232.8,150.2,,,,,,mouse_tracking,,,,,,,,,,,/app/training,dev_756613b6-f97b-4b3b-90c2-dc790e7989db,,,,,,,,,,,,,,,,,,,,,,,,,,,,,,,,,,,,,,,,,,,,,,,,,,,,,,,,,,,,,,,,,,
training_event,training,e92e7c09-c1b8-4f72-a7a8-f75077608d1b,b6215919-805e-47f2-a3da-6b74c44eca9f,2026-09-06T15:53:24.220000+00:00,mouse_move,,,,,232.8,149.2,,,,,,mouse_tracking,,,,,,,,,,,/app/training,dev_756613b6-f97b-4b3b-90c2-dc790e7989db,,,,,,,,,,,,,,,,,,,,,,,,,,,,,,,,,,,,,,,,,,,,,,,,,,,,,,,,,,,,,,,,,,
training_event,training,e92e7c09-c1b8-4f72-a7a8-f75077608d1b,b6215919-805e-47f2-a3da-6b74c44eca9f,2026-09-06T15:53:24.237000+00:00,mouse_move,,,,,232.8,148.2,,,,,,mouse_tracking,,,,,,,,,,,/app/training,dev_756613b6-f97b-4b3b-90c2-dc790e7989db,,,,,,,,,,,,,,,,,,,,,,,,,,,,,,,,,,,,,,,,,,,,,,,,,,,,,,,,,,,,,,,,,,
training_event,training,e92e7c09-c1b8-4f72-a7a8-f75077608d1b,b6215919-805e-47f2-a3da-6b74c44eca9f,2026-09-06T15:53:24.270000+00:00,mouse_move,,,,,233.8,147.2,,,,,,mouse_tracking,,,,,,,,,,,/app/training,dev_756613b6-f97b-4b3b-90c2-dc790e7989db,,,,,,,,,,,,,,,,,,,,,,,,,,,,,,,,,,,,,,,,,,,,,,,,,,,,,,,,,,,,,,,,,,
training_event,training,e92e7c09-c1b8-4f72-a7a8-f75077608d1b,b6215919-805e-47f2-a3da-6b74c44eca9f,2026-09-06T15:53:24.287000+00:00,mouse_move,,,,,240.8,142.2,,,,,,mouse_tracking,,,,,,,,,,,/app/training,dev_756613b6-f97b-4b3b-90c2-dc790e7989db,,,,,,,,,,,,,,,,,,,,,,,,,,,,,,,,,,,,,,,,,,,,,,,,,,,,,,,,,,,,,,,,,,
training_event,training,e92e7c09-c1b8-4f72-a7a8-f75077608d1b,b6215919-805e-47f2-a3da-6b74c44eca9f,2026-09-06T15:53:24.303000+00:00,mouse_move,,,,,248.8,138.2,,,,,,mouse_tracking,,,,,,,,,,,/app/training,dev_756613b6-f97b-4b3b-90c2-dc790e7989db,,,,,,,,,,,,,,,,,,,,,,,,,,,,,,,,,,,,,,,,,,,,,,,,,,,,,,,,,,,,,,,,,,
training_event,training,e92e7c09-c1b8-4f72-a7a8-f75077608d1b,b6215919-805e-47f2-a3da-6b74c44eca9f,2026-09-06T15:53:24.320000+00:00,mouse_move,,,,,250.8,137.2,,,,,,mouse_tracking,,,,,,,,,,,/app/training,dev_756613b6-f97b-4b3b-90c2-dc790e7989db,,,,,,,,,,,,,,,,,,,,,,,,,,,,,,,,,,,,,,,,,,,,,,,,,,,,,,,,,,,,,,,,,,
training_event,training,e92e7c09-c1b8-4f72-a7a8-f75077608d1b,b6215919-805e-47f2-a3da-6b74c44eca9f,2026-09-06T15:53:24.353000+00:00,mouse_move,,,,,251.8,137.2,,,,,,mouse_tracking,,,,,,,,,,,/app/training,dev_756613b6-f97b-4b3b-90c2-dc790e7989db,,,,,,,,,,,,,,,,,,,,,,,,,,,,,,,,,,,,,,,,,,,,,,,,,,,,,,,,,,,,,,,,,,
training_event,training,e92e7c09-c1b8-4f72-a7a8-f75077608d1b,b6215919-805e-47f2-a3da-6b74c44eca9f,2026-09-06T15:53:24.370000+00:00,mouse_move,,,,,252.8,137.2,,,,,,mouse_tracking,,,,,,,,,,,/app/training,dev_756613b6-f97b-4b3b-90c2-dc790e7989db,,,,,,,,,,,,,,,,,,,,,,,,,,,,,,,,,,,,,,,,,,,,,,,,,,,,,,,,,,,,,,,,,,
training_event,training,e92e7c09-c1b8-4f72-a7a8-f75077608d1b,b6215919-805e-47f2-a3da-6b74c44eca9f,2026-09-06T15:53:25.154000+00:00,mouse_move,,,,,271.8,130.2,,,,,,mouse_tracking,,,,,,,,,,,/app/training,dev_756613b6-f97b-4b3b-90c2-dc790e7989db,,,,,,,,,,,,,,,,,,,,,,,,,,,,,,,,,,,,,,,,,,,,,,,,,,,,,,,,,,,,,,,,,,
training_event,training,e92e7c09-c1b8-4f72-a7a8-f75077608d1b,b6215919-805e-47f2-a3da-6b74c44eca9f,2026-09-06T15:53:25.170000+00:00,mouse_move,,,,,278.8,127.2,,,,,,mouse_tracking,,,,,,,,,,,/app/training,dev_756613b6-f97b-4b3b-90c2-dc790e7989db,,,,,,,,,,,,,,,,,,,,,,,,,,,,,,,,,,,,,,,,,,,,,,,,,,,,,,,,,,,,,,,,,,
training_event,training,e92e7c09-c1b8-4f72-a7a8-f75077608d1b,b6215919-805e-47f2-a3da-6b74c44eca9f,2026-09-06T15:53:25.187000+00:00,mouse_move,,,,,281.8,127.2,,,,,,mouse_tracking,,,,,,,,,,,/app/training,dev_756613b6-f97b-4b3b-90c2-dc790e7989db,,,,,,,,,,,,,,,,,,,,,,,,,,,,,,,,,,,,,,,,,,,,,,,,,,,,,,,,,,,,,,,,,,
training_event,training,e92e7c09-c1b8-4f72-a7a8-f75077608d1b,b6215919-805e-47f2-a3da-6b74c44eca9f,2026-09-06T15:53:25.204000+00:00,mouse_move,,,,,283.8,127.2,,,,,,mouse_tracking,,,,,,,,,,,/app/training,dev_756613b6-f97b-4b3b-90c2-dc790e7989db,,,,,,,,,,,,,,,,,,,,,,,,,,,,,,,,,,,,,,,,,,,,,,,,,,,,,,,,,,,,,,,,,,
training_event,training,e92e7c09-c1b8-4f72-a7a8-f75077608d1b,b6215919-805e-47f2-a3da-6b74c44eca9f,2026-09-06T15:53:25.219000+00:00,mouse_move,,,,,284.8,126.2,,,,,,mouse_tracking,,,,,,,,,,,/app/training,dev_756613b6-f97b-4b3b-90c2-dc790e7989db,,,,,,,,,,,,,,,,,,,,,,,,,,,,,,,,,,,,,,,,,,,,,,,,,,,,,,,,,,,,,,,,,,
training_event,training,e92e7c09-c1b8-4f72-a7a8-f75077608d1b,b6215919-805e-47f2-a3da-6b74c44eca9f,2026-09-06T15:53:25.237000+00:00,mouse_move,,,,,290.8,123.2,,,,,,mouse_tracking,,,,,,,,,,,/app/training,dev_756613b6-f97b-4b3b-90c2-dc790e7989db,,,,,,,,,,,,,,,,,,,,,,,,,,,,,,,,,,,,,,,,,,,,,,,,,,,,,,,,,,,,,,,,,,
training_event,training,e92e7c09-c1b8-4f72-a7a8-f75077608d1b,b6215919-805e-47f2-a3da-6b74c44eca9f,2026-09-06T15:53:25.253000+00:00,mouse_move,,,,,298.8,119.2,,,,,,mouse_tracking,,,,,,,,,,,/app/training,dev_756613b6-f97b-4b3b-90c2-dc790e7989db,,,,,,,,,,,,,,,,,,,,,,,,,,,,,,,,,,,,,,,,,,,,,,,,,,,,,,,,,,,,,,,,,,
training_event,training,e92e7c09-c1b8-4f72-a7a8-f75077608d1b,b6215919-805e-47f2-a3da-6b74c44eca9f,2026-09-06T15:53:25.269000+00:00,mouse_move,,,,,306.8,113.2,,,,,,mouse_tracking,,,,,,,,,,,/app/training,dev_756613b6-f97b-4b3b-90c2-dc790e7989db,,,,,,,,,,,,,,,,,,,,,,,,,,,,,,,,,,,,,,,,,,,,,,,,,,,,,,,,,,,,,,,,,,
training_event,training,e92e7c09-c1b8-4f72-a7a8-f75077608d1b,b6215919-805e-47f2-a3da-6b74c44eca9f,2026-09-06T15:53:25.287000+00:00,mouse_move,,,,,316.8,107.2,,,,,,mouse_tracking,,,,,,,,,,,/app/training,dev_756613b6-f97b-4b3b-90c2-dc790e7989db,,,,,,,,,,,,,,,,,,,,,,,,,,,,,,,,,,,,,,,,,,,,,,,,,,,,,,,,,,,,,,,,,,
training_event,training,e92e7c09-c1b8-4f72-a7a8-f75077608d1b,b6215919-805e-47f2-a3da-6b74c44eca9f,2026-09-06T15:53:25.303000+00:00,mouse_move,,,,,318.8,106.2,,,,,,mouse_tracking,,,,,,,,,,,/app/training,dev_756613b6-f97b-4b3b-90c2-dc790e7989db,,,,,,,,,,,,,,,,,,,,,,,,,,,,,,,,,,,,,,,,,,,,,,,,,,,,,,,,,,,,,,,,,,
training_event,training,e92e7c09-c1b8-4f72-a7a8-f75077608d1b,b6215919-805e-47f2-a3da-6b74c44eca9f,2026-09-06T15:53:25.320000+00:00,mouse_move,,,,,321.8,103.2,,,,,,mouse_tracking,,,,,,,,,,,/app/training,dev_756613b6-f97b-4b3b-90c2-dc790e7989db,,,,,,,,,,,,,,,,,,,,,,,,,,,,,,,,,,,,,,,,,,,,,,,,,,,,,,,,,,,,,,,,,,
training_event,training,e92e7c09-c1b8-4f72-a7a8-f75077608d1b,b6215919-805e-47f2-a3da-6b74c44eca9f,2026-09-06T15:53:25.337000+00:00,mouse_move,,,,,323.8,102.2,,,,,,mouse_tracking,,,,,,,,,,,/app/training,dev_756613b6-f97b-4b3b-90c2-dc790e7989db,,,,,,,,,,,,,,,,,,,,,,,,,,,,,,,,,,,,,,,,,,,,,,,,,,,,,,,,,,,,,,,,,,
training_event,training,e92e7c09-c1b8-4f72-a7a8-f75077608d1b,b6215919-805e-47f2-a3da-6b74c44eca9f,2026-09-06T15:53:25.353000+00:00,mouse_move,,,,,323.8,101.2,,,,,,mouse_tracking,,,,,,,,,,,/app/training,dev_756613b6-f97b-4b3b-90c2-dc790e7989db,,,,,,,,,,,,,,,,,,,,,,,,,,,,,,,,,,,,,,,,,,,,,,,,,,,,,,,,,,,,,,,,,,
training_event,training,e92e7c09-c1b8-4f72-a7a8-f75077608d1b,b6215919-805e-47f2-a3da-6b74c44eca9f,2026-09-06T15:53:25.370000+00:00,mouse_move,,,,,324.8,100.2,,,,,,mouse_tracking,,,,,,,,,,,/app/training,dev_756613b6-f97b-4b3b-90c2-dc790e7989db,,,,,,,,,,,,,,,,,,,,,,,,,,,,,,,,,,,,,,,,,,,,,,,,,,,,,,,,,,,,,,,,,,
training_event,training,e92e7c09-c1b8-4f72-a7a8-f75077608d1b,b6215919-805e-47f2-a3da-6b74c44eca9f,2026-09-06T15:53:25.386000+00:00,mouse_move,,,,,328.8,99.2,,,,,,mouse_tracking,,,,,,,,,,,/app/training,dev_756613b6-f97b-4b3b-90c2-dc790e7989db,,,,,,,,,,,,,,,,,,,,,,,,,,,,,,,,,,,,,,,,,,,,,,,,,,,,,,,,,,,,,,,,,,
training_event,training,e92e7c09-c1b8-4f72-a7a8-f75077608d1b,b6215919-805e-47f2-a3da-6b74c44eca9f,2026-09-06T15:53:25.403000+00:00,mouse_move,,,,,336.8,95.2,,,,,,mouse_tracking,,,,,,,,,,,/app/training,dev_756613b6-f97b-4b3b-90c2-dc790e7989db,,,,,,,,,,,,,,,,,,,,,,,,,,,,,,,,,,,,,,,,,,,,,,,,,,,,,,,,,,,,,,,,,,
training_event,training,e92e7c09-c1b8-4f72-a7a8-f75077608d1b,b6215919-805e-47f2-a3da-6b74c44eca9f,2026-09-06T15:53:25.420000+00:00,mouse_move,,,,,341.8,95.2,,,,,,mouse_tracking,,,,,,,,,,,/app/training,dev_756613b6-f97b-4b3b-90c2-dc790e7989db,,,,,,,,,,,,,,,,,,,,,,,,,,,,,,,,,,,,,,,,,,,,,,,,,,,,,,,,,,,,,,,,,,
training_event,training,e92e7c09-c1b8-4f72-a7a8-f75077608d1b,b6215919-805e-47f2-a3da-6b74c44eca9f,2026-09-06T15:53:25.436000+00:00,mouse_move,,,,,345.8,94.2,,,,,,mouse_tracking,,,,,,,,,,,/app/training,dev_756613b6-f97b-4b3b-90c2-dc790e7989db,,,,,,,,,,,,,,,,,,,,,,,,,,,,,,,,,,,,,,,,,,,,,,,,,,,,,,,,,,,,,,,,,,
training_event,training,e92e7c09-c1b8-4f72-a7a8-f75077608d1b,b6215919-805e-47f2-a3da-6b74c44eca9f,2026-09-06T15:53:25.456000+00:00,mouse_move,,,,,349.8,91.2,,,,,,mouse_tracking,,,,,,,,,,,/app/training,dev_756613b6-f97b-4b3b-90c2-dc790e7989db,,,,,,,,,,,,,,,,,,,,,,,,,,,,,,,,,,,,,,,,,,,,,,,,,,,,,,,,,,,,,,,,,,
training_event,training,e92e7c09-c1b8-4f72-a7a8-f75077608d1b,b6215919-805e-47f2-a3da-6b74c44eca9f,2026-09-06T15:53:25.470000+00:00,mouse_move,,,,,350.8,91.2,,,,,,mouse_tracking,,,,,,,,,,,/app/training,dev_756613b6-f97b-4b3b-90c2-dc790e7989db,,,,,,,,,,,,,,,,,,,,,,,,,,,,,,,,,,,,,,,,,,,,,,,,,,,,,,,,,,,,,,,,,,
training_event,training,e92e7c09-c1b8-4f72-a7a8-f75077608d1b,b6215919-805e-47f2-a3da-6b74c44eca9f,2026-09-06T15:53:25.486000+00:00,mouse_move,,,,,351.8,91.2,,,,,,mouse_tracking,,,,,,,,,,,/app/training,dev_756613b6-f97b-4b3b-90c2-dc790e7989db,,,,,,,,,,,,,,,,,,,,,,,,,,,,,,,,,,,,,,,,,,,,,,,,,,,,,,,,,,,,,,,,,,
training_event,training,e92e7c09-c1b8-4f72-a7a8-f75077608d1b,b6215919-805e-47f2-a3da-6b74c44eca9f,2026-09-06T15:53:25.503000+00:00,mouse_move,,,,,352.8,90.2,,,,,,mouse_tracking,,,,,,,,,,,/app/training,dev_756613b6-f97b-4b3b-90c2-dc790e7989db,,,,,,,,,,,,,,,,,,,,,,,,,,,,,,,,,,,,,,,,,,,,,,,,,,,,,,,,,,,,,,,,,,
training_event,training,e92e7c09-c1b8-4f72-a7a8-f75077608d1b,b6215919-805e-47f2-a3da-6b74c44eca9f,2026-09-06T15:53:25.520000+00:00,mouse_move,,,,,355.8,88.2,,,,,,mouse_tracking,,,,,,,,,,,/app/training,dev_756613b6-f97b-4b3b-90c2-dc790e7989db,,,,,,,,,,,,,,,,,,,,,,,,,,,,,,,,,,,,,,,,,,,,,,,,,,,,,,,,,,,,,,,,,,
training_event,training,e92e7c09-c1b8-4f72-a7a8-f75077608d1b,b6215919-805e-47f2-a3da-6b74c44eca9f,2026-09-06T15:53:25.536000+00:00,mouse_move,,,,,361.8,84.2,,,,,,mouse_tracking,,,,,,,,,,,/app/training,dev_756613b6-f97b-4b3b-90c2-dc790e7989db,,,,,,,,,,,,,,,,,,,,,,,,,,,,,,,,,,,,,,,,,,,,,,,,,,,,,,,,,,,,,,,,,,
training_event,training,e92e7c09-c1b8-4f72-a7a8-f75077608d1b,b6215919-805e-47f2-a3da-6b74c44eca9f,2026-09-06T15:53:25.553000+00:00,mouse_move,,,,,363.8,84.2,,,,,,mouse_tracking,,,,,,,,,,,/app/training,dev_756613b6-f97b-4b3b-90c2-dc790e7989db,,,,,,,,,,,,,,,,,,,,,,,,,,,,,,,,,,,,,,,,,,,,,,,,,,,,,,,,,,,,,,,,,,
training_event,training,e92e7c09-c1b8-4f72-a7a8-f75077608d1b,b6215919-805e-47f2-a3da-6b74c44eca9f,2026-09-06T15:53:26.203000+00:00,mouse_move,,,,,376.8,91.2,,,,,,mouse_tracking,,,,,,,,,,,/app/training,dev_756613b6-f97b-4b3b-90c2-dc790e7989db,,,,,,,,,,,,,,,,,,,,,,,,,,,,,,,,,,,,,,,,,,,,,,,,,,,,,,,,,,,,,,,,,,
training_event,training,e92e7c09-c1b8-4f72-a7a8-f75077608d1b,b6215919-805e-47f2-a3da-6b74c44eca9f,2026-09-06T15:53:26.220000+00:00,mouse_move,,,,,392.8,103.2,,,,,,mouse_tracking,,,,,,,,,,,/app/training,dev_756613b6-f97b-4b3b-90c2-dc790e7989db,,,,,,,,,,,,,,,,,,,,,,,,,,,,,,,,,,,,,,,,,,,,,,,,,,,,,,,,,,,,,,,,,,
training_event,training,e92e7c09-c1b8-4f72-a7a8-f75077608d1b,b6215919-805e-47f2-a3da-6b74c44eca9f,2026-09-06T15:53:26.237000+00:00,mouse_move,,,,,416.8,115.2,,,,,,mouse_tracking,,,,,,,,,,,/app/training,dev_756613b6-f97b-4b3b-90c2-dc790e7989db,,,,,,,,,,,,,,,,,,,,,,,,,,,,,,,,,,,,,,,,,,,,,,,,,,,,,,,,,,,,,,,,,,
training_event,training,e92e7c09-c1b8-4f72-a7a8-f75077608d1b,b6215919-805e-47f2-a3da-6b74c44eca9f,2026-09-06T15:53:26.253000+00:00,mouse_move,,,,,426.8,119.2,,,,,,mouse_tracking,,,,,,,,,,,/app/training,dev_756613b6-f97b-4b3b-90c2-dc790e7989db,,,,,,,,,,,,,,,,,,,,,,,,,,,,,,,,,,,,,,,,,,,,,,,,,,,,,,,,,,,,,,,,,,
training_event,training,e92e7c09-c1b8-4f72-a7a8-f75077608d1b,b6215919-805e-47f2-a3da-6b74c44eca9f,2026-09-06T15:53:26.270000+00:00,mouse_move,,,,,435.8,122.2,,,,,,mouse_tracking,,,,,,,,,,,/app/training,dev_756613b6-f97b-4b3b-90c2-dc790e7989db,,,,,,,,,,,,,,,,,,,,,,,,,,,,,,,,,,,,,,,,,,,,,,,,,,,,,,,,,,,,,,,,,,
training_event,training,e92e7c09-c1b8-4f72-a7a8-f75077608d1b,b6215919-805e-47f2-a3da-6b74c44eca9f,2026-09-06T15:53:26.286000+00:00,mouse_move,,,,,440.8,122.2,,,,,,mouse_tracking,,,,,,,,,,,/app/training,dev_756613b6-f97b-4b3b-90c2-dc790e7989db,,,,,,,,,,,,,,,,,,,,,,,,,,,,,,,,,,,,,,,,,,,,,,,,,,,,,,,,,,,,,,,,,,
training_event,training,e92e7c09-c1b8-4f72-a7a8-f75077608d1b,b6215919-805e-47f2-a3da-6b74c44eca9f,2026-09-06T15:53:26.303000+00:00,mouse_move,,,,,441.8,122.2,,,,,,mouse_tracking,,,,,,,,,,,/app/training,dev_756613b6-f97b-4b3b-90c2-dc790e7989db,,,,,,,,,,,,,,,,,,,,,,,,,,,,,,,,,,,,,,,,,,,,,,,,,,,,,,,,,,,,,,,,,,
training_feature,training,e92e7c09-c1b8-4f72-a7a8-f75077608d1b,244a3cf7-1f25-4657-89e4-8763a2fb89ac,2026-08-17T09:41:53.028000+00:00,derived,,,,,,,,,,,,paragraph_typing,0,0,,,,,,,,,,,,,5.153802995282604,84.4509110351317,24.76600262605556,73.61316907500755,16.458302015116857,0.04479821140027724,0.039522156017794983,276.5692842393955,104.42196403794047,1420.754535639122,341.97777858419624,2.9930627802593137,267.70671434580845,321.1842513749558,44376.424342487386,29,688.4538731942453,2026-08-17T09:41:53.028000+00:00,,,,,,144.73085938211585,,1455.2086128574729,,,,,,,,,,2.9011915171974794,,,,,,,,,,,,,,,,,,,,,,,,,,,,
training_feature,training,e92e7c09-c1b8-4f72-a7a8-f75077608d1b,fb631f58-25c1-46bf-b368-d8d518aefb4d,2026-08-17T09:41:53.027000+00:00,derived,,,,,,,,,,,,controlled_typing,0,0,,,,,,,,,,,,,5.961909099338966,131.72869339138558,14.031773170406353,92.90273312691426,14.059613991431762,0.015780598332911594,0.028194896683735253,157.11838656667032,165.05236558490066,1220.1771809072447,330.10295128275845,2.2578776380968666,799.07509278327,111.29978921957577,12453.261631789623,7,720.9909391480901,2026-08-17T09:41:53.027000+00:00,,,,,,127.85611375416444,,1891.3606397739716,,,,,,,,,,2.533822804968178,,,,,,,,,,,,,,,,,,,,,,,,,,,,
training_feature,training,e92e7c09-c1b8-4f72-a7a8-f75077608d1b,4c410b35-5bef-4e75-9e01-20c9ba4dfcd3,2026-08-17T09:41:53.027000+00:00,derived,,,,,,,,,,,,repeated_typing,0,0,,,,,,,,,,,,,3.5452711173076663,136.50428591689644,35.14108482775363,62.00850704894164,13.842350717828007,0.07659947210404203,0.04623620070241076,124.13520225554797,100.87251313377502,1491.6491005416485,209.70424566224227,2.000102327482934,266.367719299357,158.9566667005887,35629.536361722465,9,439.86731576115375,2026-08-17T09:41:53.027000+00:00,,,,,,143.71327956822086,,1948.6238276845452,,,,,,,,,,5.16299680396598,,,,,,,,,,,,,,,,,,,,,,,,,,,,
training_feature,training,e92e7c09-c1b8-4f72-a7a8-f75077608d1b,e076452b-c35a-4f07-ac90-126302cbb09c,2026-08-17T09:42:52.041000+00:00,derived,,,,,,,,,,,,repeated_typing,0,0,,,,,,,,,,,,,3.5452711173076663,136.50428591689644,35.14108482775363,62.00850704894164,13.842350717828007,0.07659947210404203,0.04623620070241076,124.13520225554797,100.87251313377502,1491.6491005416485,209.70424566224227,2.000102327482934,266.367719299357,158.9566667005887,35629.536361722465,9,439.86731576115375,2026-08-17T09:42:52.041000+00:00,,,,,,143.71327956822086,,1948.6238276845452,,,,,,,,,,5.16299680396598,,,,,,,,,,,,,,,,,,,,,,,,,,,,
training_feature,training,e92e7c09-c1b8-4f72-a7a8-f75077608d1b,128950ec-66cc-4404-b959-df0e9f2f86ad,2026-08-17T09:42:52.041000+00:00,derived,,,,,,,,,,,,paragraph_typing,0,0,,,,,,,,,,,,,5.153802995282604,84.4509110351317,24.76600262605556,73.61316907500755,16.458302015116857,0.04479821140027724,0.039522156017794983,276.5692842393955,104.42196403794047,1420.754535639122,341.97777858419624,2.9930627802593137,267.70671434580845,321.1842513749558,44376.424342487386,29,688.4538731942453,2026-08-17T09:42:52.041000+00:00,,,,,,144.73085938211585,,1455.2086128574729,,,,,,,,,,2.9011915171974794,,,,,,,,,,,,,,,,,,,,,,,,,,,,
training_feature,training,e92e7c09-c1b8-4f72-a7a8-f75077608d1b,d29fca71-0851-4e15-b254-d6687095e5ff,2026-08-17T09:42:52.040000+00:00,derived,,,,,,,,,,,,controlled_typing,0,0,,,,,,,,,,,,,5.961909099338966,131.72869339138558,14.031773170406353,92.90273312691426,14.059613991431762,0.015780598332911594,0.028194896683735253,157.11838656667032,165.05236558490066,1220.1771809072447,330.10295128275845,2.2578776380968666,799.07509278327,111.29978921957577,12453.261631789623,7,720.9909391480901,2026-08-17T09:42:52.040000+00:00,,,,,,127.85611375416444,,1891.3606397739716,,,,,,,,,,2.533822804968178,,,,,,,,,,,,,,,,,,,,,,,,,,,,
training_feature,training,e92e7c09-c1b8-4f72-a7a8-f75077608d1b,c2dbf948-cff3-4f0f-93b4-ded7907214cb,2026-08-17T09:52:55.712000+00:00,derived,,,,,,,,,,,,paragraph_typing,0,0,,,,,,,,,,,,,5.153802995282604,84.4509110351317,24.76600262605556,73.61316907500755,16.458302015116857,0.04479821140027724,0.039522156017794983,276.5692842393955,104.42196403794047,1420.754535639122,341.97777858419624,2.9930627802593137,267.70671434580845,321.1842513749558,44376.424342487386,29,688.4538731942453,2026-08-17T09:52:55.712000+00:00,,,,,,144.73085938211585,,1455.2086128574729,,,,,,,,,,2.9011915171974794,,,,,,,,,,,,,,,,,,,,,,,,,,,,
training_feature,training,e92e7c09-c1b8-4f72-a7a8-f75077608d1b,0a10b611-3f51-4dde-83b3-a0587ff85e3b,2026-08-17T09:52:55.712000+00:00,derived,,,,,,,,,,,,controlled_typing,0,0,,,,,,,,,,,,,5.961909099338966,131.72869339138558,14.031773170406353,92.90273312691426,14.059613991431762,0.015780598332911594,0.028194896683735253,157.11838656667032,165.05236558490066,1220.1771809072447,330.10295128275845,2.2578776380968666,799.07509278327,111.29978921957577,12453.261631789623,7,720.9909391480901,2026-08-17T09:52:55.712000+00:00,,,,,,127.85611375416444,,1891.3606397739716,,,,,,,,,,2.533822804968178,,,,,,,,,,,,,,,,,,,,,,,,,,,,
training_feature,training,e92e7c09-c1b8-4f72-a7a8-f75077608d1b,b56841c5-70b4-49a9-a42e-246f1be22903,2026-08-17T09:52:55.712000+00:00,derived,,,,,,,,,,,,repeated_typing,0,0,,,,,,,,,,,,,3.5452711173076663,136.50428591689644,35.14108482775363,62.00850704894164,13.842350717828007,0.07659947210404203,0.04623620070241076,124.13520225554797,100.87251313377502,1491.6491005416485,209.70424566224227,2.000102327482934,266.367719299357,158.9566667005887,35629.536361722465,9,439.86731576115375,2026-08-17T09:52:55.712000+00:00,,,,,,143.71327956822086,,1948.6238276845452,,,,,,,,,,5.16299680396598,,,,,,,,,,,,,,,,,,,,,,,,,,,,
training_feature,training,e92e7c09-c1b8-4f72-a7a8-f75077608d1b,ae783848-2824-4641-ad06-bdbe4a7d7baf,2026-09-06T15:51:19.181000+00:00,derived,,,,,,,,,,,,controlled_typing,0,,,,,,,,,,,,,,3.848,103.18,154.78,262.66,263.99,0.0465,0.0,670.07,91.96,,,,,,,,,2026-09-06T15:51:19.181000+00:00,0.0465,,0.0,,262.66,103.18,,,,670.07,91.96,,263.99,154.78,,22349.2,,3.848,,,,,,,,,,,,,,,,,,,,,,,,,,,,
training_feature,training,e92e7c09-c1b8-4f72-a7a8-f75077608d1b,2fcd1cb5-1a62-453e-a657-e1bd8fb5db0b,2026-09-06T15:52:06.457000+00:00,derived,,,,,,,,,,,,controlled_typing,1,,,,,,,,,,,,,,1.8817,80.35,22.18,329.1,424.69,0.1184,0.0,2805.06,3531.79,,,,,,,,,2026-09-06T15:52:06.457000+00:00,0.1184,,0.0,,329.1,80.35,,,,2805.06,3531.79,,424.69,22.18,,40389.8,,1.8817,,,,,,,,,,,,,,,,,,,,,,,,,,,,
training_feature,training,e92e7c09-c1b8-4f72-a7a8-f75077608d1b,9ab261a0-403d-4f80-9d88-a00f39cc2284,2026-09-06T15:52:44.146000+00:00,derived,,,,,,,,,,,,controlled_typing,2,,,,,,,,,,,,,,2.6871,81.22,20.73,219.48,270.32,0.0476,0.0,3375.55,4754.39,,,,,,,,,2026-09-06T15:52:44.146000+00:00,0.0476,,0.0,,219.48,81.22,,,,3375.55,4754.39,,270.32,20.73,,23445.6,,2.6871,,,,,,,,,,,,,,,,,,,,,,,,,,,,
training_feature,training,e92e7c09-c1b8-4f72-a7a8-f75077608d1b,55c98bc7-487d-4527-9759-5177afd35bce,2026-09-06T15:53:02.940000+00:00,derived,,,,,,,,,,,,controlled_typing,3,,,,,,,,,,,,,,5.8094,97.77,30.33,172.49,98.84,0.0,0.0,695.0,39.9,,,,,,,,,2026-09-06T15:53:02.940000+00:00,0.0,,0.0,,172.49,97.77,,,,695.0,39.9,,98.84,30.33,,13598.7,,5.8094,,,,,,,,,,,,,,,,,,,,,,,,,,,,
training_feature,training,e92e7c09-c1b8-4f72-a7a8-f75077608d1b,b6215919-805e-47f2-a3da-6b74c44eca9f,2026-09-06T15:53:29.640000+00:00,derived,,,,,,,,,,,,mouse_tracking,,,,,,,,,,,,,,,,,,,,,,,,0.5406,0.7786,-0.001496,1242.57,6.12,1606.84,13,1242.57,2026-09-06T15:53:29.640000+00:00,,1242.57,,13.0,,,-0.001496,0.5406,0.7786,,,6.12,,,1242.57,,1606.84,,,,,,,,,,,,,,,,,,,,,,,,,,,,,
behavioral_event,continuous,e92e7c09-c1b8-4f72-a7a8-f75077608d1b,e9fb2cdf-79e4-478e-b6ac-0a722e9e07c6,2026-08-15T10:41:52.149000+00:00,mouse_click,,,,,1046.6726605850865,114.54875204679489,-21.034398872678995,-9.632779755273603,426.0934280825115,,,,,,,,,,,,,,,,,,,,,,,,,,,,,,,,,,,,,,,,,,,,,,,,,,,,,,,,,,,,,,,,,,,,,,,,,,,,,,
behavioral_event,continuous,e92e7c09-c1b8-4f72-a7a8-f75077608d1b,ab25bfe3-fb2a-4125-9fc1-f942cf986fdf,2026-08-15T06:41:52.149000+00:00,keystroke,74,,159.0782225164441,123.5264391266355,,,,,,,,,,,,,,,,,,,,,,,,,,,,,,,,,,,,,,,,,,,,,,,,,,,,,,,,,,,,,,,,,,,,,,,,,,,,,,,,,,,
behavioral_event,continuous,e92e7c09-c1b8-4f72-a7a8-f75077608d1b,ab25bfe3-fb2a-4125-9fc1-f942cf986fdf,2026-08-14T15:41:52.149000+00:00,mouse_click,,,,,958.0464473001985,583.5950453702781,-9.559248458161683,13.208242934959799,450.44429246342736,,,,,,,,,,,,,,,,,,,,,,,,,,,,,,,,,,,,,,,,,,,,,,,,,,,,,,,,,,,,,,,,,,,,,,,,,,,,,,
behavioral_event,continuous,e92e7c09-c1b8-4f72-a7a8-f75077608d1b,683fb37f-6a47-4d27-b196-f268e545c7fc,2026-08-15T17:41:52.149000+00:00,mouse_click,,,,,265.7493911475654,478.6617867826541,-31.911246466180387,37.660994454232295,993.031535186769,,,,,,,,,,,,,,,,,,,,,,,,,,,,,,,,,,,,,,,,,,,,,,,,,,,,,,,,,,,,,,,,,,,,,,,,,,,,,,
behavioral_event,continuous,e92e7c09-c1b8-4f72-a7a8-f75077608d1b,683fb37f-6a47-4d27-b196-f268e545c7fc,2026-08-15T08:41:52.149000+00:00,mouse_click,,,,,1418.7984981069199,582.2290000267719,13.748528913590121,-15.313235938618888,293.7570866597879,,,,,,,,,,,,,,,,,,,,,,,,,,,,,,,,,,,,,,,,,,,,,,,,,,,,,,0.21816697091829043,,,,,,,,,655.4188897991478,,,,,,,,,,,,,,,
behavioral_event,continuous,e92e7c09-c1b8-4f72-a7a8-f75077608d1b,683fb37f-6a47-4d27-b196-f268e545c7fc,2026-08-16T10:41:52.149000+00:00,mouse_scroll,,,,,,,,-28.110458747803662,,,,,,,,,,,,,,,,,,,,,,,,,,,,,,,,,,,,,,,,,,,,,,,,,,,,,,,,,,,,,,,,,,,,,,,,,,,,,,,
behavioral_event,continuous,e92e7c09-c1b8-4f72-a7a8-f75077608d1b,43c7c9d4-9f4b-4823-bc49-2bdd58b9a92d,2026-08-15T14:41:52.149000+00:00,mouse_scroll,,,,,,,,-47.28560088814788,,,,,,,,,,,,,,,,,,,,,,,,,,,,,,,,,,,,,,,,,,,,,,,,,,,,,,,,,,,,,,,,,,,,,,,,,,,,,,,
behavioral_event,continuous,e92e7c09-c1b8-4f72-a7a8-f75077608d1b,e9fb2cdf-79e4-478e-b6ac-0a722e9e07c6,2026-08-14T15:41:52.149000+00:00,keystroke,71,,95.78870394997625,115.22148678507715,,,,,,,,,,,,,,,,,,,,,,,,,,,,,,,,,,,,,,,,,,,,,,,,,,,,,,,,,,,,,135.04755261677164,,118.92381335913778,,,,,,,,,,,,,,,,,,,,
behavioral_event,continuous,e92e7c09-c1b8-4f72-a7a8-f75077608d1b,ab25bfe3-fb2a-4125-9fc1-f942cf986fdf,2026-08-15T10:41:52.149000+00:00,mouse_scroll,,,,,,,,46.13985045135098,,,,,,,,,,,,,,,,,,,,,,,,,,,,,,,,,,,,,,,,,,,,,,,,,,,,,,,,,,,,,,,,,,,,,,,,,,,,,,,
behavioral_event,continuous,e92e7c09-c1b8-4f72-a7a8-f75077608d1b,ab25bfe3-fb2a-4125-9fc1-f942cf986fdf,2026-08-17T06:41:52.149000+00:00,mouse_scroll,,,,,,,,14.240274394965539,,,,,,,,,,,,,,,,,,,,,,,,,,,,,,,,,,,,,,,,,,,,,,,,,,,,,,,,,,,,,,,,,,,,,,,,,,,,,,,
behavioral_event,continuous,e92e7c09-c1b8-4f72-a7a8-f75077608d1b,ab25bfe3-fb2a-4125-9fc1-f942cf986fdf,2026-08-16T18:41:52.149000+00:00,mouse_scroll,,,,,,,,-94.77990066401867,,,,,,,,,,,,,,,,,,,,,,,,,,,,,,,,,,,,,,,,,,,,,,,,,,,,,,,,,,,,,,,8.650446294016064,,,,,,,,,,,,,,,,
behavioral_event,continuous,e92e7c09-c1b8-4f72-a7a8-f75077608d1b,683fb37f-6a47-4d27-b196-f268e545c7fc,2026-08-14T13:41:52.149000+00:00,mouse_scroll,,,,,,,,-19.588037608871673,,,,,,,,,,,,,,,,,,,,,,,,,,,,,,,,,,,,,,,,,,,,,,,,,,,,,,,,,,,,,,,18.023720266479046,,,,,,,,,,,,,,,,
behavioral_event,continuous,e92e7c09-c1b8-4f72-a7a8-f75077608d1b,683fb37f-6a47-4d27-b196-f268e545c7fc,2026-08-15T07:41:52.149000+00:00,keystroke,65,,185.18299374221667,148.69397820448552,,,,,,,,,,,,,,,,,,,,,,,,,,,,,,,,,,,,,,,,,,,,,,,,,,,,,,,,,,,,,,,,,,,,,,,,,,,,,,,,,,,
behavioral_event,continuous,e92e7c09-c1b8-4f72-a7a8-f75077608d1b,683fb37f-6a47-4d27-b196-f268e545c7fc,2026-08-16T08:41:52.149000+00:00,mouse_click,,,,,197.76877367596921,160.0036919870493,27.972809032276786,30.612146131423472,309.17517537700775,,,,,,,,,,,,,,,,,,,,,,,,,,,,,,,,,,,,,,,,,,,,,,,,,,,,,,0.3234695280598111,,,,,,,,,1383.7044059227649,,,,,,,,,,,,,,,
behavioral_event,continuous,e92e7c09-c1b8-4f72-a7a8-f75077608d1b,683fb37f-6a47-4d27-b196-f268e545c7fc,2026-08-15T01:41:52.149000+00:00,mouse_scroll,,,,,,,,-60.666991605840906,,,,,,,,,,,,,,,,,,,,,,,,,,,,,,,,,,,,,,,,,,,,,,,,,,,,,,,,,,,,,,,,,,,,,,,,,,,,,,,
behavioral_event,continuous,e92e7c09-c1b8-4f72-a7a8-f75077608d1b,683fb37f-6a47-4d27-b196-f268e545c7fc,2026-08-15T06:41:52.149000+00:00,keystroke,66,,191.88621056282219,124.56535248631259,,,,,,,,,,,,,,,,,,,,,,,,,,,,,,,,,,,,,,,,,,,,,,,,,,,,,,,,,,,,,,,,,,,,,,,,,,,,,,,,,,,
behavioral_event,continuous,e92e7c09-c1b8-4f72-a7a8-f75077608d1b,a36c8d90-c089-40c7-921e-909160986f4f,2026-08-15T09:41:52.149000+00:00,mouse_scroll,,,,,,,,15.387673212102257,,,,,,,,,,,,,,,,,,,,,,,,,,,,,,,,,,,,,,,,,,,,,,,,,,,,,,,,,,,,,,,,,,,,,,,,,,,,,,,
behavioral_event,continuous,e92e7c09-c1b8-4f72-a7a8-f75077608d1b,ab25bfe3-fb2a-4125-9fc1-f942cf986fdf,2026-08-15T16:41:52.149000+00:00,keystroke,71,,120.98832522870458,61.97526444080548,,,,,,,,,,,,,,,,,,,,,,,,,,,,,,,,,,,,,,,,,,,,,,,,,,,,,,,,,,,,,,,,,,,,,,,,,,,,,,,,,,,
behavioral_event,continuous,e92e7c09-c1b8-4f72-a7a8-f75077608d1b,ab25bfe3-fb2a-4125-9fc1-f942cf986fdf,2026-08-14T17:41:52.149000+00:00,mouse_click,,,,,729.0077911085203,800.1141690453369,-38.50252208070659,-23.158244992391463,729.4653877074091,,,,,,,,,,,,,,,,,,,,,,,,,,,,,,,,,,,,,,,,,,,,,,,,,,,,,,,,,,,,,,,,,,,,,,,,,,,,,,
behavioral_event,continuous,e92e7c09-c1b8-4f72-a7a8-f75077608d1b,ab25bfe3-fb2a-4125-9fc1-f942cf986fdf,2026-08-16T14:41:52.149000+00:00,mouse_scroll,,,,,,,,-40.80350485107329,,,,,,,,,,,,,,,,,,,,,,,,,,,,,,,,,,,,,,,,,,,,,,,,,,,,,,,,,,,,,,,11.231150875891885,,,,,,,,,,,,,,,,
behavioral_event,continuous,e92e7c09-c1b8-4f72-a7a8-f75077608d1b,ab25bfe3-fb2a-4125-9fc1-f942cf986fdf,2026-08-17T05:41:52.149000+00:00,mouse_click,,,,,906.1567191443114,446.4619086260413,42.448236461472035,-28.375479318475794,145.77410387100346,,,,,,,,,,,,,,,,,,,,,,,,,,,,,,,,,,,,,,,,,,,,,,,,,,,,,,,,,,,,,,,,,,,,,,,,,,,,,,
behavioral_event,continuous,e92e7c09-c1b8-4f72-a7a8-f75077608d1b,683fb37f-6a47-4d27-b196-f268e545c7fc,2026-08-16T04:41:52.149000+00:00,mouse_scroll,,,,,,,,-66.68645934858395,,,,,,,,,,,,,,,,,,,,,,,,,,,,,,,,,,,,,,,,,,,,,,,,,,,,,,,,,,,,,,,,,,,,,,,,,,,,,,,
behavioral_event,continuous,e92e7c09-c1b8-4f72-a7a8-f75077608d1b,683fb37f-6a47-4d27-b196-f268e545c7fc,2026-08-15T18:41:52.149000+00:00,mouse_scroll,,,,,,,,68.41260411521245,,,,,,,,,,,,,,,,,,,,,,,,,,,,,,,,,,,,,,,,,,,,,,,,,,,,,,,,,,,,,,,,,,,,,,,,,,,,,,,
behavioral_event,continuous,e92e7c09-c1b8-4f72-a7a8-f75077608d1b,43c7c9d4-9f4b-4823-bc49-2bdd58b9a92d,2026-08-16T21:41:52.149000+00:00,mouse_click,,,,,1440.655739749339,708.8840175460654,-28.23105944108232,26.922103227475873,1581.762547673863,,,,,,,,,,,,,,,,,,,,,,,,,,,,,,,,,,,,,,,,,,,,,,,,,,,,,,,,,,,,,,,,,,,,,,,,,,,,,,
behavioral_event,continuous,e92e7c09-c1b8-4f72-a7a8-f75077608d1b,43c7c9d4-9f4b-4823-bc49-2bdd58b9a92d,2026-08-16T04:41:52.149000+00:00,mouse_click,,,,,918.2896592732121,576.0158136381708,-38.68754334075821,1.5273989998670885,255.4517576128892,,,,,,,,,,,,,,,,,,,,,,,,,,,,,,,,,,,,,,,,,,,,,,,,,,,,,,,,,,,,,,,,,,,,,,,,,,,,,,
behavioral_event,continuous,e92e7c09-c1b8-4f72-a7a8-f75077608d1b,e9fb2cdf-79e4-478e-b6ac-0a722e9e07c6,2026-08-16T11:41:52.149000+00:00,mouse_click,,,,,1791.7458753502524,862.9745275617707,35.25252413412048,-24.254857519343563,1364.177245839309,,,,,,,,,,,,,,,,,,,,,,,,,,,,,,,,,,,,,,,,,,,,,,,,,,,,,,0.1366979298115185,,,,,,,,,716.3123961471163,,,,,,,,,,,,,,,
behavioral_event,continuous,e92e7c09-c1b8-4f72-a7a8-f75077608d1b,a36c8d90-c089-40c7-921e-909160986f4f,2026-08-16T00:41:52.149000+00:00,mouse_click,,,,,412.2547254349925,448.7897283726511,48.837138338841825,-25.02377742981231,856.0249227577169,,,,,,,,,,,,,,,,,,,,,,,,,,,,,,,,,,,,,,,,,,,,,,,,,,,,,,,,,,,,,,,,,,,,,,,,,,,,,,
behavioral_event,continuous,e92e7c09-c1b8-4f72-a7a8-f75077608d1b,a36c8d90-c089-40c7-921e-909160986f4f,2026-08-16T15:41:52.149000+00:00,mouse_click,,,,,121.21773415327549,193.95304511666433,-17.541658065527855,43.92406271325841,474.77781527696726,,,,,,,,,,,,,,,,,,,,,,,,,,,,,,,,,,,,,,,,,,,,,,,,,,,,,,0.4748140685212551,,,,,,,,,1426.277299291425,,,,,,,,,,,,,,,
behavioral_event,continuous,e92e7c09-c1b8-4f72-a7a8-f75077608d1b,ab25bfe3-fb2a-4125-9fc1-f942cf986fdf,2026-08-17T05:41:52.149000+00:00,mouse_move,,,,,377.9961306263802,594.7474308535419,0.014663196166431192,-47.02693663329703,1285.2939513243318,,,,,,,,,,,,,,,,,,,,,,,,,,,,,,,,,,,,,,,,,,,,,,,,,,,,,,,,,,,,,,,,,,,,,,,,,,,,,,
behavioral_event,continuous,e92e7c09-c1b8-4f72-a7a8-f75077608d1b,ab25bfe3-fb2a-4125-9fc1-f942cf986fdf,2026-08-16T22:41:52.149000+00:00,mouse_click,,,,,465.8436104364286,763.8926429886853,19.343299719045532,-3.577366296567554,1002.7211454272332,,,,,,,,,,,,,,,,,,,,,,,,,,,,,,,,,,,,,,,,,,,,,,,,,,,,,,,,,,,,,,,,,,,,,,,,,,,,,,
behavioral_event,continuous,e92e7c09-c1b8-4f72-a7a8-f75077608d1b,ab25bfe3-fb2a-4125-9fc1-f942cf986fdf,2026-08-15T08:41:52.149000+00:00,mouse_move,,,,,707.6368613827342,578.6507085380188,-24.323596508105883,-12.271359310509311,1852.9335018682261,,,,,,,,,,,,,,,,,,,,,,,,,,,,,,,,,,,,,,,,,,,,,,,,,,,,,,0.46834503451049403,,,,,,,,,1151.4969967138582,,,,,,,,,,,,,,,
behavioral_event,continuous,e92e7c09-c1b8-4f72-a7a8-f75077608d1b,ab25bfe3-fb2a-4125-9fc1-f942cf986fdf,2026-08-14T19:41:52.149000+00:00,keystroke,74,,178.5279673833047,87.5039369901225,,,,,,,,,,,,,,,,,,,,,,,,,,,,,,,,,,,,,,,,,,,,,,,,,,,,,,,,,,,,,,,,,,,,,,,,,,,,,,,,,,,
behavioral_event,continuous,e92e7c09-c1b8-4f72-a7a8-f75077608d1b,683fb37f-6a47-4d27-b196-f268e545c7fc,2026-08-15T11:41:52.149000+00:00,mouse_click,,,,,106.40920707739092,762.9803165109595,3.462410787896509,-20.95377950135656,1270.3273100805825,,,,,,,,,,,,,,,,,,,,,,,,,,,,,,,,,,,,,,,,,,,,,,,,,,,,,,0.2429315851688874,,,,,,,,,651.9333700708777,,,,,,,,,,,,,,,
behavioral_event,continuous,e92e7c09-c1b8-4f72-a7a8-f75077608d1b,683fb37f-6a47-4d27-b196-f268e545c7fc,2026-08-15T20:41:52.149000+00:00,mouse_scroll,,,,,,,,-21.174690269810313,,,,,,,,,,,,,,,,,,,,,,,,,,,,,,,,,,,,,,,,,,,,,,,,,,,,,,,,,,,,,,,,,,,,,,,,,,,,,,,
behavioral_event,continuous,e92e7c09-c1b8-4f72-a7a8-f75077608d1b,43c7c9d4-9f4b-4823-bc49-2bdd58b9a92d,2026-08-14T19:41:52.149000+00:00,mouse_scroll,,,,,,,,-61.01200880361684,,,,,,,,,,,,,,,,,,,,,,,,,,,,,,,,,,,,,,,,,,,,,,,,,,,,,,,,,,,,,,,,,,,,,,,,,,,,,,,
behavioral_event,continuous,e92e7c09-c1b8-4f72-a7a8-f75077608d1b,43c7c9d4-9f4b-4823-bc49-2bdd58b9a92d,2026-08-16T07:41:52.149000+00:00,mouse_scroll,,,,,,,,21.246253886991056,,,,,,,,,,,,,,,,,,,,,,,,,,,,,,,,,,,,,,,,,,,,,,,,,,,,,,,,,,,,,,,,,,,,,,,,,,,,,,,
behavioral_event,continuous,e92e7c09-c1b8-4f72-a7a8-f75077608d1b,e9fb2cdf-79e4-478e-b6ac-0a722e9e07c6,2026-08-16T01:41:52.149000+00:00,mouse_click,,,,,537.2956410960863,240.27141203126058,43.37624376069155,48.452360835454996,299.534121020583,,,,,,,,,,,,,,,,,,,,,,,,,,,,,,,,,,,,,,,,,,,,,,,,,,,,,,,,,,,,,,,,,,,,,,,,,,,,,,
behavioral_event,continuous,e92e7c09-c1b8-4f72-a7a8-f75077608d1b,a36c8d90-c089-40c7-921e-909160986f4f,2026-08-16T10:41:52.149000+00:00,mouse_scroll,,,,,,,,-37.48514605818172,,,,,,,,,,,,,,,,,,,,,,,,,,,,,,,,,,,,,,,,,,,,,,,,,,,,,,,,,,,,,,,,,,,,,,,,,,,,,,,
behavioral_event,continuous,e92e7c09-c1b8-4f72-a7a8-f75077608d1b,a36c8d90-c089-40c7-921e-909160986f4f,2026-08-15T06:41:52.149000+00:00,keystroke,89,,183.33265812960946,124.93433499318112,,,,,,,,,,,,,,,,,,,,,,,,,,,,,,,,,,,,,,,,,,,,,,,,,,,,,,,,,,,,,137.90704748431568,,91.11738846608121,,,,,,,,,,,,,,,,,,,,
behavioral_event,continuous,e92e7c09-c1b8-4f72-a7a8-f75077608d1b,ab25bfe3-fb2a-4125-9fc1-f942cf986fdf,2026-08-15T22:41:52.149000+00:00,mouse_click,,,,,431.32979094463445,562.329799220181,-23.11172133035557,42.79757260421533,1666.5217069232458,,,,,,,,,,,,,,,,,,,,,,,,,,,,,,,,,,,,,,,,,,,,,,,,,,,,,,,,,,,,,,,,,,,,,,,,,,,,,,
behavioral_event,continuous,e92e7c09-c1b8-4f72-a7a8-f75077608d1b,ab25bfe3-fb2a-4125-9fc1-f942cf986fdf,2026-08-17T08:41:52.149000+00:00,mouse_click,,,,,388.93749040138357,566.6553790493674,6.155779424269255,-30.004163614117875,1207.2301717306063,,,,,,,,,,,,,,,,,,,,,,,,,,,,,,,,,,,,,,,,,,,,,,,,,,,,,,,,,,,,,,,,,,,,,,,,,,,,,,
behavioral_event,continuous,e92e7c09-c1b8-4f72-a7a8-f75077608d1b,ab25bfe3-fb2a-4125-9fc1-f942cf986fdf,2026-08-17T09:41:52.149000+00:00,mouse_move,,,,,1799.2236193542344,556.054688233622,-17.075243165088374,8.294105580912024,1806.8213147878746,,,,,,,,,,,,,,,,,,,,,,,,,,,,,,,,,,,,,,,,,,,,,,,,,,,,,,,,,,,,,,,,,,,,,,,,,,,,,,
behavioral_event,continuous,e92e7c09-c1b8-4f72-a7a8-f75077608d1b,ab25bfe3-fb2a-4125-9fc1-f942cf986fdf,2026-08-16T08:41:52.149000+00:00,keystroke,65,,127.36693643231355,116.03057391830394,,,,,,,,,,,,,,,,,,,,,,,,,,,,,,,,,,,,,,,,,,,,,,,,,,,,,,,,,,,,,134.24851569491227,,77.6850628174231,,,,,,,,,,,,,,,,,,,,
behavioral_event,continuous,e92e7c09-c1b8-4f72-a7a8-f75077608d1b,ab25bfe3-fb2a-4125-9fc1-f942cf986fdf,2026-08-15T14:41:52.149000+00:00,mouse_click,,,,,1508.3123517249435,674.1222914993303,7.733928935969999,-11.773616919698512,847.9706582534943,,,,,,,,,,,,,,,,,,,,,,,,,,,,,,,,,,,,,,,,,,,,,,,,,,,,,,0.2843929175507787,,,,,,,,,1401.6849034007491,,,,,,,,,,,,,,,
behavioral_event,continuous,e92e7c09-c1b8-4f72-a7a8-f75077608d1b,683fb37f-6a47-4d27-b196-f268e545c7fc,2026-08-15T18:41:52.149000+00:00,mouse_click,,,,,394.2881178339646,168.27176880209925,11.726744906574318,-43.825385290848104,281.52215971157545,,,,,,,,,,,,,,,,,,,,,,,,,,,,,,,,,,,,,,,,,,,,,,,,,,,,,,,,,,,,,,,,,,,,,,,,,,,,,,
behavioral_event,continuous,e92e7c09-c1b8-4f72-a7a8-f75077608d1b,683fb37f-6a47-4d27-b196-f268e545c7fc,2026-08-15T11:41:52.149000+00:00,keystroke,80,,50.28483701365028,57.53452051605879,,,,,,,,,,,,,,,,,,,,,,,,,,,,,,,,,,,,,,,,,,,,,,,,,,,,,,,,,,,,,,,,,,,,,,,,,,,,,,,,,,,
behavioral_event,continuous,e92e7c09-c1b8-4f72-a7a8-f75077608d1b,683fb37f-6a47-4d27-b196-f268e545c7fc,2026-08-16T00:41:52.149000+00:00,mouse_move,,,,,231.83298877424872,622.1471642695473,21.28924553225582,28.14683510213804,793.5314376611337,,,,,,,,,,,,,,,,,,,,,,,,,,,,,,,,,,,,,,,,,,,,,,,,,,,,,,,,,,,,,,,,,,,,,,,,,,,,,,
behavioral_event,continuous,e92e7c09-c1b8-4f72-a7a8-f75077608d1b,a36c8d90-c089-40c7-921e-909160986f4f,2026-08-16T22:41:52.149000+00:00,keystroke,66,,192.2940525247281,84.29433759063488,,,,,,,,,,,,,,,,,,,,,,,,,,,,,,,,,,,,,,,,,,,,,,,,,,,,,,,,,,,,,,,,,,,,,,,,,,,,,,,,,,,
behavioral_event,continuous,e92e7c09-c1b8-4f72-a7a8-f75077608d1b,ab25bfe3-fb2a-4125-9fc1-f942cf986fdf,2026-08-15T02:41:52.149000+00:00,mouse_scroll,,,,,,,,-65.78194448935258,,,,,,,,,,,,,,,,,,,,,,,,,,,,,,,,,,,,,,,,,,,,,,,,,,,,,,,,,,,,,,,51.201184408093695,,,,,,,,,,,,,,,,
behavioral_event,continuous,e92e7c09-c1b8-4f72-a7a8-f75077608d1b,ab25bfe3-fb2a-4125-9fc1-f942cf986fdf,2026-08-17T05:41:52.149000+00:00,mouse_move,,,,,1715.9591093841298,753.5595971525464,-23.999049065467847,33.323220731949206,911.2107600210974,,,,,,,,,,,,,,,,,,,,,,,,,,,,,,,,,,,,,,,,,,,,,,,,,,,,,,0.2623067063504656,,,,,,,,,1237.4265414175845,,,,,,,,,,,,,,,
behavioral_event,continuous,e92e7c09-c1b8-4f72-a7a8-f75077608d1b,683fb37f-6a47-4d27-b196-f268e545c7fc,2026-08-17T04:41:52.149000+00:00,keystroke,69,,80.68825595720635,46.19949199728543,,,,,,,,,,,,,,,,,,,,,,,,,,,,,,,,,,,,,,,,,,,,,,,,,,,,,,,,,,,,,,,,,,,,,,,,,,,,,,,,,,,
behavioral_event,continuous,e92e7c09-c1b8-4f72-a7a8-f75077608d1b,43c7c9d4-9f4b-4823-bc49-2bdd58b9a92d,2026-08-16T04:41:52.149000+00:00,mouse_scroll,,,,,,,,-70.58149477388687,,,,,,,,,,,,,,,,,,,,,,,,,,,,,,,,,,,,,,,,,,,,,,,,,,,,,,,,,,,,,,,,,,,,,,,,,,,,,,,
behavioral_event,continuous,e92e7c09-c1b8-4f72-a7a8-f75077608d1b,43c7c9d4-9f4b-4823-bc49-2bdd58b9a92d,2026-08-17T09:41:52.149000+00:00,mouse_click,,,,,1297.5851928105383,429.7766310643111,-33.13933336751155,-39.97247648922987,947.4409503550435,,,,,,,,,,,,,,,,,,,,,,,,,,,,,,,,,,,,,,,,,,,,,,,,,,,,,,0.2023248469242611,,,,,,,,,1123.1655501870978,,,,,,,,,,,,,,,
behavioral_event,continuous,e92e7c09-c1b8-4f72-a7a8-f75077608d1b,e9fb2cdf-79e4-478e-b6ac-0a722e9e07c6,2026-08-16T16:41:52.149000+00:00,keystroke,84,,80.40029659125705,50.20996390439929,,,,,,,,,,,,,,,,,,,,,,,,,,,,,,,,,,,,,,,,,,,,,,,,,,,,,,,,,,,,,,,,,,,,,,,,,,,,,,,,,,,
behavioral_event,continuous,e92e7c09-c1b8-4f72-a7a8-f75077608d1b,a36c8d90-c089-40c7-921e-909160986f4f,2026-08-15T22:41:52.149000+00:00,mouse_click,,,,,1618.8318058793925,133.9395816051308,0.010177238089795537,22.201501259667737,1240.3477536468922,,,,,,,,,,,,,,,,,,,,,,,,,,,,,,,,,,,,,,,,,,,,,,,,,,,,,,,,,,,,,,,,,,,,,,,,,,,,,,
behavioral_event,continuous,e92e7c09-c1b8-4f72-a7a8-f75077608d1b,a36c8d90-c089-40c7-921e-909160986f4f,2026-08-14T18:41:52.149000+00:00,mouse_click,,,,,1677.1852633180206,287.9340421818491,-19.259909592337586,-44.15817784377989,436.34982709435695,,,,,,,,,,,,,,,,,,,,,,,,,,,,,,,,,,,,,,,,,,,,,,,,,,,,,,,,,,,,,,,,,,,,,,,,,,,,,,
behavioral_event,continuous,e92e7c09-c1b8-4f72-a7a8-f75077608d1b,a36c8d90-c089-40c7-921e-909160986f4f,2026-08-14T18:41:52.149000+00:00,keystroke,65,,144.25153860850116,82.91481272417005,,,,,,,,,,,,,,,,,,,,,,,,,,,,,,,,,,,,,,,,,,,,,,,,,,,,,,,,,,,,,123.07407782781411,,97.49970416319715,,,,,,,,,,,,,,,,,,,,
behavioral_event,continuous,e92e7c09-c1b8-4f72-a7a8-f75077608d1b,ab25bfe3-fb2a-4125-9fc1-f942cf986fdf,2026-08-15T21:41:52.149000+00:00,mouse_move,,,,,1250.1263506016471,298.8773942959922,-49.20160243755518,4.178667380185466,1784.6378411420883,,,,,,,,,,,,,,,,,,,,,,,,,,,,,,,,,,,,,,,,,,,,,,,,,,,,,,0.23998841292975134,,,,,,,,,758.5957905431314,,,,,,,,,,,,,,,
behavioral_event,continuous,e92e7c09-c1b8-4f72-a7a8-f75077608d1b,683fb37f-6a47-4d27-b196-f268e545c7fc,2026-08-17T05:41:52.149000+00:00,mouse_scroll,,,,,,,,-86.85638511923356,,,,,,,,,,,,,,,,,,,,,,,,,,,,,,,,,,,,,,,,,,,,,,,,,,,,,,,,,,,,,,,,,,,,,,,,,,,,,,,
behavioral_event,continuous,e92e7c09-c1b8-4f72-a7a8-f75077608d1b,43c7c9d4-9f4b-4823-bc49-2bdd58b9a92d,2026-08-16T22:41:52.149000+00:00,mouse_click,,,,,1433.4778602039696,159.69886341013301,45.68910602250682,14.334205294569273,1621.3115941904766,,,,,,,,,,,,,,,,,,,,,,,,,,,,,,,,,,,,,,,,,,,,,,,,,,,,,,,,,,,,,,,,,,,,,,,,,,,,,,
behavioral_event,continuous,e92e7c09-c1b8-4f72-a7a8-f75077608d1b,43c7c9d4-9f4b-4823-bc49-2bdd58b9a92d,2026-08-16T13:41:52.149000+00:00,keystroke,68,,87.94930191515567,104.97399183678169,,,,,,,,,,,,,,,,,,,,,,,,,,,,,,,,,,,,,,,,,,,,,,,,,,,,,,,,,,,,,,,,,,,,,,,,,,,,,,,,,,,
behavioral_event,continuous,e92e7c09-c1b8-4f72-a7a8-f75077608d1b,683fb37f-6a47-4d27-b196-f268e545c7fc,2026-08-14T12:41:52.149000+00:00,mouse_scroll,,,,,,,,-81.87760735306364,,,,,,,,,,,,,,,,,,,,,,,,,,,,,,,,,,,,,,,,,,,,,,,,,,,,,,,,,,,,,,,,,,,,,,,,,,,,,,,
behavioral_event,continuous,e92e7c09-c1b8-4f72-a7a8-f75077608d1b,683fb37f-6a47-4d27-b196-f268e545c7fc,2026-08-15T10:41:52.149000+00:00,mouse_click,,,,,936.1886389843853,731.0689609965242,18.25121899070389,-18.925560746787873,1968.632558994294,,,,,,,,,,,,,,,,,,,,,,,,,,,,,,,,,,,,,,,,,,,,,,,,,,,,,,,,,,,,,,,,,,,,,,,,,,,,,,
behavioral_event,continuous,e92e7c09-c1b8-4f72-a7a8-f75077608d1b,43c7c9d4-9f4b-4823-bc49-2bdd58b9a92d,2026-08-14T17:41:52.149000+00:00,mouse_click,,,,,305.92576317970827,685.6352282557314,36.6478746278237,-11.364316810670871,1006.5065973577771,,,,,,,,,,,,,,,,,,,,,,,,,,,,,,,,,,,,,,,,,,,,,,,,,,,,,,,,,,,,,,,,,,,,,,,,,,,,,,
behavioral_event,continuous,e92e7c09-c1b8-4f72-a7a8-f75077608d1b,43c7c9d4-9f4b-4823-bc49-2bdd58b9a92d,2026-08-15T15:41:52.149000+00:00,keystroke,78,,196.2767484025367,96.85326343764865,,,,,,,,,,,,,,,,,,,,,,,,,,,,,,,,,,,,,,,,,,,,,,,,,,,,,,,,,,,,,93.95959496430613,,58.98787361223901,,,,,,,,,,,,,,,,,,,,
behavioral_event,continuous,e92e7c09-c1b8-4f72-a7a8-f75077608d1b,e9fb2cdf-79e4-478e-b6ac-0a722e9e07c6,2026-08-14T19:41:52.149000+00:00,mouse_click,,,,,760.5738860207971,613.4354688981072,-36.58562377276887,18.130994009372614,154.5881560733783,,,,,,,,,,,,,,,,,,,,,,,,,,,,,,,,,,,,,,,,,,,,,,,,,,,,,,0.4868801356320115,,,,,,,,,507.4890780637449,,,,,,,,,,,,,,,
behavioral_event,continuous,e92e7c09-c1b8-4f72-a7a8-f75077608d1b,a36c8d90-c089-40c7-921e-909160986f4f,2026-08-16T23:41:52.149000+00:00,mouse_move,,,,,1125.1698430743431,684.416480224371,25.397665221110373,-14.550215958306346,165.18134356339317,,,,,,,,,,,,,,,,,,,,,,,,,,,,,,,,,,,,,,,,,,,,,,,,,,,,,,,,,,,,,,,,,,,,,,,,,,,,,,
behavioral_event,continuous,e92e7c09-c1b8-4f72-a7a8-f75077608d1b,ab25bfe3-fb2a-4125-9fc1-f942cf986fdf,2026-08-17T00:41:52.149000+00:00,mouse_click,,,,,512.8409737931072,522.1032451762409,24.4404894432311,11.829495040012773,944.6223545801028,,,,,,,,,,,,,,,,,,,,,,,,,,,,,,,,,,,,,,,,,,,,,,,,,,,,,,,,,,,,,,,,,,,,,,,,,,,,,,
behavioral_event,continuous,e92e7c09-c1b8-4f72-a7a8-f75077608d1b,ab25bfe3-fb2a-4125-9fc1-f942cf986fdf,2026-08-14T16:41:52.149000+00:00,mouse_click,,,,,1004.1272806612587,496.0291606629595,-9.91414713792139,-6.98591953285915,1400.1468895945625,,,,,,,,,,,,,,,,,,,,,,,,,,,,,,,,,,,,,,,,,,,,,,,,,,,,,,,,,,,,,,,,,,,,,,,,,,,,,,
behavioral_event,continuous,e92e7c09-c1b8-4f72-a7a8-f75077608d1b,ab25bfe3-fb2a-4125-9fc1-f942cf986fdf,2026-08-17T00:41:52.149000+00:00,mouse_move,,,,,1453.34239561742,860.9076819992696,2.609632859556733,39.63518564515928,1943.2583369987215,,,,,,,,,,,,,,,,,,,,,,,,,,,,,,,,,,,,,,,,,,,,,,,,,,,,,,,,,,,,,,,,,,,,,,,,,,,,,,
behavioral_event,continuous,e92e7c09-c1b8-4f72-a7a8-f75077608d1b,683fb37f-6a47-4d27-b196-f268e545c7fc,2026-08-16T03:41:52.149000+00:00,mouse_click,,,,,1077.5027753886957,532.9427090819693,-14.532842825144435,-36.594551228407965,1354.9699677770752,,,,,,,,,,,,,,,,,,,,,,,,,,,,,,,,,,,,,,,,,,,,,,,,,,,,,,0.4423643323127544,,,,,,,,,738.2017510971183,,,,,,,,,,,,,,,
behavioral_event,continuous,e92e7c09-c1b8-4f72-a7a8-f75077608d1b,e9fb2cdf-79e4-478e-b6ac-0a722e9e07c6,2026-08-16T13:41:52.149000+00:00,mouse_click,,,,,1546.1620970415047,615.201748842252,30.47586940261847,-17.20464839513228,1814.394656204274,,,,,,,,,,,,,,,,,,,,,,,,,,,,,,,,,,,,,,,,,,,,,,,,,,,,,,,,,,,,,,,,,,,,,,,,,,,,,,
behavioral_event,continuous,e92e7c09-c1b8-4f72-a7a8-f75077608d1b,a36c8d90-c089-40c7-921e-909160986f4f,2026-08-16T01:41:52.149000+00:00,mouse_scroll,,,,,,,,28.904072089192738,,,,,,,,,,,,,,,,,,,,,,,,,,,,,,,,,,,,,,,,,,,,,,,,,,,,,,,,,,,,,,,,,,,,,,,,,,,,,,,
behavioral_event,continuous,e92e7c09-c1b8-4f72-a7a8-f75077608d1b,ab25bfe3-fb2a-4125-9fc1-f942cf986fdf,2026-08-17T04:41:52.149000+00:00,mouse_move,,,,,1119.291797489323,727.6139898937996,8.015724856648824,4.420933836277676,1231.2704189642175,,,,,,,,,,,,,,,,,,,,,,,,,,,,,,,,,,,,,,,,,,,,,,,,,,,,,,,,,,,,,,,,,,,,,,,,,,,,,,
behavioral_event,continuous,e92e7c09-c1b8-4f72-a7a8-f75077608d1b,43c7c9d4-9f4b-4823-bc49-2bdd58b9a92d,2026-08-14T20:41:52.149000+00:00,mouse_scroll,,,,,,,,-98.02965977115328,,,,,,,,,,,,,,,,,,,,,,,,,,,,,,,,,,,,,,,,,,,,,,,,,,,,,,,,,,,,,,,,,,,,,,,,,,,,,,,
behavioral_event,continuous,e92e7c09-c1b8-4f72-a7a8-f75077608d1b,43c7c9d4-9f4b-4823-bc49-2bdd58b9a92d,2026-08-14T10:41:52.149000+00:00,mouse_move,,,,,1589.1046976551406,353.99331498598997,-4.4737696005726875,9.84045211734319,916.6055790666734,,,,,,,,,,,,,,,,,,,,,,,,,,,,,,,,,,,,,,,,,,,,,,,,,,,,,,0.23812076424299564,,,,,,,,,1367.5249973603668,,,,,,,,,,,,,,,
behavioral_event,continuous,e92e7c09-c1b8-4f72-a7a8-f75077608d1b,e9fb2cdf-79e4-478e-b6ac-0a722e9e07c6,2026-08-14T09:41:52.149000+00:00,mouse_click,,,,,921.6433331839559,483.0516409064617,35.386240781565164,-6.756960307635751,1090.6744063813603,,,,,,,,,,,,,,,,,,,,,,,,,,,,,,,,,,,,,,,,,,,,,,,,,,,,,,0.29497056450798154,,,,,,,,,1210.378728374601,,,,,,,,,,,,,,,
behavioral_event,continuous,e92e7c09-c1b8-4f72-a7a8-f75077608d1b,e9fb2cdf-79e4-478e-b6ac-0a722e9e07c6,2026-08-16T19:41:52.149000+00:00,mouse_scroll,,,,,,,,-69.6363236213893,,,,,,,,,,,,,,,,,,,,,,,,,,,,,,,,,,,,,,,,,,,,,,,,,,,,,,,,,,,,,,,71.12813177009116,,,,,,,,,,,,,,,,
behavioral_event,continuous,e92e7c09-c1b8-4f72-a7a8-f75077608d1b,a36c8d90-c089-40c7-921e-909160986f4f,2026-08-16T16:41:52.149000+00:00,keystroke,69,,66.6854843635343,73.5347818425314,,,,,,,,,,,,,,,,,,,,,,,,,,,,,,,,,,,,,,,,,,,,,,,,,,,,,,,,,,,,,,,,,,,,,,,,,,,,,,,,,,,
behavioral_event,continuous,e92e7c09-c1b8-4f72-a7a8-f75077608d1b,ab25bfe3-fb2a-4125-9fc1-f942cf986fdf,2026-08-17T01:41:52.149000+00:00,mouse_scroll,,,,,,,,30.427909114538664,,,,,,,,,,,,,,,,,,,,,,,,,,,,,,,,,,,,,,,,,,,,,,,,,,,,,,,,,,,,,,,,,,,,,,,,,,,,,,,
behavioral_event,continuous,e92e7c09-c1b8-4f72-a7a8-f75077608d1b,683fb37f-6a47-4d27-b196-f268e545c7fc,2026-08-17T00:41:52.149000+00:00,mouse_move,,,,,1428.1014496876458,881.415520995633,13.335602121916544,-32.90296493393326,733.106709713873,,,,,,,,,,,,,,,,,,,,,,,,,,,,,,,,,,,,,,,,,,,,,,,,,,,,,,,,,,,,,,,,,,,,,,,,,,,,,,
behavioral_event,continuous,e92e7c09-c1b8-4f72-a7a8-f75077608d1b,683fb37f-6a47-4d27-b196-f268e545c7fc,2026-08-16T13:41:52.149000+00:00,mouse_move,,,,,1057.1882917211085,491.65539628426274,-46.188005601527635,-5.573788031095653,1282.90834727437,,,,,,,,,,,,,,,,,,,,,,,,,,,,,,,,,,,,,,,,,,,,,,,,,,,,,,,,,,,,,,,,,,,,,,,,,,,,,,
behavioral_event,continuous,e92e7c09-c1b8-4f72-a7a8-f75077608d1b,683fb37f-6a47-4d27-b196-f268e545c7fc,2026-08-16T21:41:52.149000+00:00,mouse_click,,,,,1602.499928584912,373.38984029064034,-5.015400767574505,-41.18348056060085,367.42866359819726,,,,,,,,,,,,,,,,,,,,,,,,,,,,,,,,,,,,,,,,,,,,,,,,,,,,,,,,,,,,,,,,,,,,,,,,,,,,,,
behavioral_event,continuous,e92e7c09-c1b8-4f72-a7a8-f75077608d1b,683fb37f-6a47-4d27-b196-f268e545c7fc,2026-08-15T09:41:52.149000+00:00,mouse_scroll,,,,,,,,-70.91516691845996,,,,,,,,,,,,,,,,,,,,,,,,,,,,,,,,,,,,,,,,,,,,,,,,,,,,,,,,,,,,,,,,,,,,,,,,,,,,,,,
behavioral_event,continuous,e92e7c09-c1b8-4f72-a7a8-f75077608d1b,43c7c9d4-9f4b-4823-bc49-2bdd58b9a92d,2026-08-14T23:41:52.149000+00:00,mouse_move,,,,,1609.5369611617077,550.2699458337413,20.162707934828802,-13.305795974272037,612.4654124708273,,,,,,,,,,,,,,,,,,,,,,,,,,,,,,,,,,,,,,,,,,,,,,,,,,,,,,,,,,,,,,,,,,,,,,,,,,,,,,
behavioral_event,continuous,e92e7c09-c1b8-4f72-a7a8-f75077608d1b,e9fb2cdf-79e4-478e-b6ac-0a722e9e07c6,2026-08-14T13:41:52.149000+00:00,mouse_move,,,,,410.7948959826981,888.9020271968259,-42.95429094823274,14.935737532341236,170.54965008702328,,,,,,,,,,,,,,,,,,,,,,,,,,,,,,,,,,,,,,,,,,,,,,,,,,,,,,,,,,,,,,,,,,,,,,,,,,,,,,
behavioral_event,continuous,e92e7c09-c1b8-4f72-a7a8-f75077608d1b,a36c8d90-c089-40c7-921e-909160986f4f,2026-08-14T17:41:52.149000+00:00,mouse_move,,,,,919.4293949336419,176.86279091900454,15.961861877912966,-18.02878937896908,167.21995281584412,,,,,,,,,,,,,,,,,,,,,,,,,,,,,,,,,,,,,,,,,,,,,,,,,,,,,,,,,,,,,,,,,,,,,,,,,,,,,,
behavioral_event,continuous,e92e7c09-c1b8-4f72-a7a8-f75077608d1b,a36c8d90-c089-40c7-921e-909160986f4f,2026-08-15T10:41:52.149000+00:00,mouse_scroll,,,,,,,,26.950776427514867,,,,,,,,,,,,,,,,,,,,,,,,,,,,,,,,,,,,,,,,,,,,,,,,,,,,,,,,,,,,,,,,,,,,,,,,,,,,,,,
behavioral_event,continuous,e92e7c09-c1b8-4f72-a7a8-f75077608d1b,ab25bfe3-fb2a-4125-9fc1-f942cf986fdf,2026-08-17T03:41:52.149000+00:00,mouse_move,,,,,1365.6747469853228,468.76541351857117,10.265600583301584,-4.117569586036254,1774.72750599847,,,,,,,,,,,,,,,,,,,,,,,,,,,,,,,,,,,,,,,,,,,,,,,,,,,,,,0.49938561462413844,,,,,,,,,764.8852600195614,,,,,,,,,,,,,,,
behavioral_event,continuous,e92e7c09-c1b8-4f72-a7a8-f75077608d1b,ab25bfe3-fb2a-4125-9fc1-f942cf986fdf,2026-08-16T15:41:52.149000+00:00,mouse_scroll,,,,,,,,-48.90287687093839,,,,,,,,,,,,,,,,,,,,,,,,,,,,,,,,,,,,,,,,,,,,,,,,,,,,,,,,,,,,,,,,,,,,,,,,,,,,,,,
behavioral_event,continuous,e92e7c09-c1b8-4f72-a7a8-f75077608d1b,683fb37f-6a47-4d27-b196-f268e545c7fc,2026-08-15T09:41:52.149000+00:00,keystroke,79,,122.33416768141274,148.47319179168844,,,,,,,,,,,,,,,,,,,,,,,,,,,,,,,,,,,,,,,,,,,,,,,,,,,,,,,,,,,,,,,,,,,,,,,,,,,,,,,,,,,
behavioral_event,continuous,e92e7c09-c1b8-4f72-a7a8-f75077608d1b,683fb37f-6a47-4d27-b196-f268e545c7fc,2026-08-16T09:41:52.149000+00:00,mouse_scroll,,,,,,,,-81.94759010680623,,,,,,,,,,,,,,,,,,,,,,,,,,,,,,,,,,,,,,,,,,,,,,,,,,,,,,,,,,,,,,,92.08538909015866,,,,,,,,,,,,,,,,
behavioral_event,continuous,e92e7c09-c1b8-4f72-a7a8-f75077608d1b,683fb37f-6a47-4d27-b196-f268e545c7fc,2026-08-14T11:41:52.149000+00:00,keystroke,79,,110.02270773279353,129.41906186823564,,,,,,,,,,,,,,,,,,,,,,,,,,,,,,,,,,,,,,,,,,,,,,,,,,,,,,,,,,,,,143.68493837210684,,108.2309430477874,,,,,,,,,,,,,,,,,,,,
behavioral_event,continuous,e92e7c09-c1b8-4f72-a7a8-f75077608d1b,43c7c9d4-9f4b-4823-bc49-2bdd58b9a92d,2026-08-14T17:41:52.149000+00:00,mouse_move,,,,,370.1987135594577,863.590553000148,3.450190861754301,36.063374680520425,774.5318395769473,,,,,,,,,,,,,,,,,,,,,,,,,,,,,,,,,,,,,,,,,,,,,,,,,,,,,,0.40445867340365116,,,,,,,,,982.3858288553208,,,,,,,,,,,,,,,
behavioral_event,continuous,e92e7c09-c1b8-4f72-a7a8-f75077608d1b,43c7c9d4-9f4b-4823-bc49-2bdd58b9a92d,2026-08-16T13:41:52.149000+00:00,keystroke,66,,100.16152133637556,124.60754393304856,,,,,,,,,,,,,,,,,,,,,,,,,,,,,,,,,,,,,,,,,,,,,,,,,,,,,,,,,,,,,122.88896966326851,,79.9276943715983,,,,,,,,,,,,,,,,,,,,
behavioral_event,continuous,e92e7c09-c1b8-4f72-a7a8-f75077608d1b,e9fb2cdf-79e4-478e-b6ac-0a722e9e07c6,2026-08-16T12:41:52.149000+00:00,mouse_move,,,,,1269.2665292485547,360.75174153204415,-18.500037135871295,-38.03526699196247,1258.0144471775145,,,,,,,,,,,,,,,,,,,,,,,,,,,,,,,,,,,,,,,,,,,,,,,,,,,,,,,,,,,,,,,,,,,,,,,,,,,,,,
behavioral_event,continuous,e92e7c09-c1b8-4f72-a7a8-f75077608d1b,e9fb2cdf-79e4-478e-b6ac-0a722e9e07c6,2026-08-17T07:41:52.149000+00:00,mouse_move,,,,,695.8721380674626,682.2272595897454,13.612378176830234,-1.0641709806924666,866.1740240657119,,,,,,,,,,,,,,,,,,,,,,,,,,,,,,,,,,,,,,,,,,,,,,,,,,,,,,,,,,,,,,,,,,,,,,,,,,,,,,
behavioral_event,continuous,e92e7c09-c1b8-4f72-a7a8-f75077608d1b,e9fb2cdf-79e4-478e-b6ac-0a722e9e07c6,2026-08-16T10:41:52.149000+00:00,keystroke,84,,133.32274073710965,63.14582324669836,,,,,,,,,,,,,,,,,,,,,,,,,,,,,,,,,,,,,,,,,,,,,,,,,,,,,,,,,,,,,,,,,,,,,,,,,,,,,,,,,,,
behavioral_event,continuous,e92e7c09-c1b8-4f72-a7a8-f75077608d1b,a36c8d90-c089-40c7-921e-909160986f4f,2026-08-15T05:41:52.149000+00:00,mouse_click,,,,,787.0737106554855,183.0317245678134,14.61750384241131,28.14006678446958,1925.3468522713456,,,,,,,,,,,,,,,,,,,,,,,,,,,,,,,,,,,,,,,,,,,,,,,,,,,,,,,,,,,,,,,,,,,,,,,,,,,,,,
behavioral_event,continuous,e92e7c09-c1b8-4f72-a7a8-f75077608d1b,a36c8d90-c089-40c7-921e-909160986f4f,2026-08-16T14:41:52.149000+00:00,mouse_move,,,,,237.26141120021492,212.6527737077314,-36.6873001668684,-38.279935137307106,176.87144634592974,,,,,,,,,,,,,,,,,,,,,,,,,,,,,,,,,,,,,,,,,,,,,,,,,,,,,,,,,,,,,,,,,,,,,,,,,,,,,,
behavioral_event,continuous,e92e7c09-c1b8-4f72-a7a8-f75077608d1b,ab25bfe3-fb2a-4125-9fc1-f942cf986fdf,2026-08-14T16:41:52.149000+00:00,mouse_scroll,,,,,,,,12.26894792876871,,,,,,,,,,,,,,,,,,,,,,,,,,,,,,,,,,,,,,,,,,,,,,,,,,,,,,,,,,,,,,,77.00188776955736,,,,,,,,,,,,,,,,
behavioral_event,continuous,e92e7c09-c1b8-4f72-a7a8-f75077608d1b,ab25bfe3-fb2a-4125-9fc1-f942cf986fdf,2026-08-16T21:41:52.149000+00:00,mouse_move,,,,,595.5210217816407,538.8943028052784,17.443716535507164,17.83237945241079,488.27252510282455,,,,,,,,,,,,,,,,,,,,,,,,,,,,,,,,,,,,,,,,,,,,,,,,,,,,,,,,,,,,,,,,,,,,,,,,,,,,,,
behavioral_event,continuous,e92e7c09-c1b8-4f72-a7a8-f75077608d1b,ab25bfe3-fb2a-4125-9fc1-f942cf986fdf,2026-08-15T12:41:52.149000+00:00,keystroke,65,,121.49920527476773,109.28435643888132,,,,,,,,,,,,,,,,,,,,,,,,,,,,,,,,,,,,,,,,,,,,,,,,,,,,,,,,,,,,,,,,,,,,,,,,,,,,,,,,,,,
behavioral_event,continuous,e92e7c09-c1b8-4f72-a7a8-f75077608d1b,ab25bfe3-fb2a-4125-9fc1-f942cf986fdf,2026-08-15T12:41:52.149000+00:00,mouse_scroll,,,,,,,,-40.85933019195538,,,,,,,,,,,,,,,,,,,,,,,,,,,,,,,,,,,,,,,,,,,,,,,,,,,,,,,,,,,,,,,,,,,,,,,,,,,,,,,
behavioral_event,continuous,e92e7c09-c1b8-4f72-a7a8-f75077608d1b,43c7c9d4-9f4b-4823-bc49-2bdd58b9a92d,2026-08-15T16:41:52.149000+00:00,mouse_scroll,,,,,,,,-66.51486845569468,,,,,,,,,,,,,,,,,,,,,,,,,,,,,,,,,,,,,,,,,,,,,,,,,,,,,,,,,,,,,,,,,,,,,,,,,,,,,,,
behavioral_event,continuous,e92e7c09-c1b8-4f72-a7a8-f75077608d1b,e9fb2cdf-79e4-478e-b6ac-0a722e9e07c6,2026-08-14T13:41:52.149000+00:00,mouse_scroll,,,,,,,,-22.303582988842436,,,,,,,,,,,,,,,,,,,,,,,,,,,,,,,,,,,,,,,,,,,,,,,,,,,,,,,,,,,,,,,,,,,,,,,,,,,,,,,
behavioral_event,continuous,e92e7c09-c1b8-4f72-a7a8-f75077608d1b,ab25bfe3-fb2a-4125-9fc1-f942cf986fdf,2026-08-16T04:41:52.149000+00:00,mouse_scroll,,,,,,,,87.6380499343598,,,,,,,,,,,,,,,,,,,,,,,,,,,,,,,,,,,,,,,,,,,,,,,,,,,,,,,,,,,,,,,,,,,,,,,,,,,,,,,
behavioral_event,continuous,e92e7c09-c1b8-4f72-a7a8-f75077608d1b,ab25bfe3-fb2a-4125-9fc1-f942cf986fdf,2026-08-14T23:41:52.149000+00:00,mouse_move,,,,,808.6884830435569,399.4649899923521,17.6732083866914,-36.55497862844673,1063.1699337209407,,,,,,,,,,,,,,,,,,,,,,,,,,,,,,,,,,,,,,,,,,,,,,,,,,,,,,,,,,,,,,,,,,,,,,,,,,,,,,
behavioral_event,continuous,e92e7c09-c1b8-4f72-a7a8-f75077608d1b,ab25bfe3-fb2a-4125-9fc1-f942cf986fdf,2026-08-15T21:41:52.149000+00:00,mouse_click,,,,,374.0955303773951,159.96766209850193,44.32750129651485,26.44279239255816,776.0513376778473,,,,,,,,,,,,,,,,,,,,,,,,,,,,,,,,,,,,,,,,,,,,,,,,,,,,,,0.26587273873421935,,,,,,,,,1055.4919498947497,,,,,,,,,,,,,,,
behavioral_event,continuous,e92e7c09-c1b8-4f72-a7a8-f75077608d1b,683fb37f-6a47-4d27-b196-f268e545c7fc,2026-08-15T21:41:52.149000+00:00,mouse_move,,,,,1288.0078847411696,781.8778457646813,33.95360336225272,-30.137655148620045,1051.7701316088965,,,,,,,,,,,,,,,,,,,,,,,,,,,,,,,,,,,,,,,,,,,,,,,,,,,,,,,,,,,,,,,,,,,,,,,,,,,,,,
behavioral_event,continuous,e92e7c09-c1b8-4f72-a7a8-f75077608d1b,683fb37f-6a47-4d27-b196-f268e545c7fc,2026-08-16T05:41:52.149000+00:00,mouse_click,,,,,742.925317533518,815.0193313000686,19.23923037094785,33.75731604784835,1916.4725727514315,,,,,,,,,,,,,,,,,,,,,,,,,,,,,,,,,,,,,,,,,,,,,,,,,,,,,,,,,,,,,,,,,,,,,,,,,,,,,,
behavioral_event,continuous,e92e7c09-c1b8-4f72-a7a8-f75077608d1b,43c7c9d4-9f4b-4823-bc49-2bdd58b9a92d,2026-08-16T13:41:52.149000+00:00,keystroke,76,,116.14957004135636,141.20551699799307,,,,,,,,,,,,,,,,,,,,,,,,,,,,,,,,,,,,,,,,,,,,,,,,,,,,,,,,,,,,,,,,,,,,,,,,,,,,,,,,,,,
behavioral_event,continuous,e92e7c09-c1b8-4f72-a7a8-f75077608d1b,a36c8d90-c089-40c7-921e-909160986f4f,2026-08-15T11:41:52.149000+00:00,keystroke,71,,195.6156297665091,93.39436384221676,,,,,,,,,,,,,,,,,,,,,,,,,,,,,,,,,,,,,,,,,,,,,,,,,,,,,,,,,,,,,,,,,,,,,,,,,,,,,,,,,,,
behavioral_event,continuous,e92e7c09-c1b8-4f72-a7a8-f75077608d1b,ab25bfe3-fb2a-4125-9fc1-f942cf986fdf,2026-08-15T14:41:52.149000+00:00,mouse_move,,,,,382.4676574138806,636.8040511078872,-40.61468203553233,26.14211810818098,338.9140711486196,,,,,,,,,,,,,,,,,,,,,,,,,,,,,,,,,,,,,,,,,,,,,,,,,,,,,,,,,,,,,,,,,,,,,,,,,,,,,,
behavioral_event,continuous,e92e7c09-c1b8-4f72-a7a8-f75077608d1b,683fb37f-6a47-4d27-b196-f268e545c7fc,2026-08-15T23:41:52.149000+00:00,mouse_scroll,,,,,,,,-1.6842490378734567,,,,,,,,,,,,,,,,,,,,,,,,,,,,,,,,,,,,,,,,,,,,,,,,,,,,,,,,,,,,,,,,,,,,,,,,,,,,,,,
behavioral_event,continuous,e92e7c09-c1b8-4f72-a7a8-f75077608d1b,683fb37f-6a47-4d27-b196-f268e545c7fc,2026-08-15T01:41:52.149000+00:00,mouse_scroll,,,,,,,,79.65879723911766,,,,,,,,,,,,,,,,,,,,,,,,,,,,,,,,,,,,,,,,,,,,,,,,,,,,,,,,,,,,,,,0.4837010573537128,,,,,,,,,,,,,,,,
behavioral_event,continuous,e92e7c09-c1b8-4f72-a7a8-f75077608d1b,683fb37f-6a47-4d27-b196-f268e545c7fc,2026-08-17T06:41:52.149000+00:00,keystroke,72,,150.8584087201441,36.48568043661709,,,,,,,,,,,,,,,,,,,,,,,,,,,,,,,,,,,,,,,,,,,,,,,,,,,,,,,,,,,,,131.91694200042326,,82.20646519197518,,,,,,,,,,,,,,,,,,,,
behavioral_event,continuous,e92e7c09-c1b8-4f72-a7a8-f75077608d1b,683fb37f-6a47-4d27-b196-f268e545c7fc,2026-08-15T20:41:52.149000+00:00,mouse_move,,,,,1456.94178471703,764.3842663232451,5.842129039818943,47.27934612655211,607.3582163308795,,,,,,,,,,,,,,,,,,,,,,,,,,,,,,,,,,,,,,,,,,,,,,,,,,,,,,,,,,,,,,,,,,,,,,,,,,,,,,
behavioral_event,continuous,e92e7c09-c1b8-4f72-a7a8-f75077608d1b,e9fb2cdf-79e4-478e-b6ac-0a722e9e07c6,2026-08-15T15:41:52.149000+00:00,mouse_move,,,,,417.04305287488523,888.0989582174966,17.567182414603494,19.472144196436318,1501.9250475807835,,,,,,,,,,,,,,,,,,,,,,,,,,,,,,,,,,,,,,,,,,,,,,,,,,,,,,,,,,,,,,,,,,,,,,,,,,,,,,
behavioral_event,continuous,e92e7c09-c1b8-4f72-a7a8-f75077608d1b,a36c8d90-c089-40c7-921e-909160986f4f,2026-08-15T01:41:52.149000+00:00,mouse_scroll,,,,,,,,70.84298098012712,,,,,,,,,,,,,,,,,,,,,,,,,,,,,,,,,,,,,,,,,,,,,,,,,,,,,,,,,,,,,,,,,,,,,,,,,,,,,,,
behavioral_event,continuous,e92e7c09-c1b8-4f72-a7a8-f75077608d1b,a36c8d90-c089-40c7-921e-909160986f4f,2026-08-17T00:41:52.149000+00:00,mouse_scroll,,,,,,,,18.621124768892045,,,,,,,,,,,,,,,,,,,,,,,,,,,,,,,,,,,,,,,,,,,,,,,,,,,,,,,,,,,,,,,6.676709695162785,,,,,,,,,,,,,,,,
behavioral_event,continuous,e92e7c09-c1b8-4f72-a7a8-f75077608d1b,ab25bfe3-fb2a-4125-9fc1-f942cf986fdf,2026-08-15T05:41:52.149000+00:00,mouse_move,,,,,433.05915846000835,264.59505864227003,44.815805070778254,13.142206333635606,1994.3839877442613,,,,,,,,,,,,,,,,,,,,,,,,,,,,,,,,,,,,,,,,,,,,,,,,,,,,,,,,,,,,,,,,,,,,,,,,,,,,,,
behavioral_event,continuous,e92e7c09-c1b8-4f72-a7a8-f75077608d1b,ab25bfe3-fb2a-4125-9fc1-f942cf986fdf,2026-08-16T10:41:52.149000+00:00,keystroke,88,,72.39554294026873,73.38752836981655,,,,,,,,,,,,,,,,,,,,,,,,,,,,,,,,,,,,,,,,,,,,,,,,,,,,,,,,,,,,,,,,,,,,,,,,,,,,,,,,,,,
behavioral_event,continuous,e92e7c09-c1b8-4f72-a7a8-f75077608d1b,683fb37f-6a47-4d27-b196-f268e545c7fc,2026-08-14T16:41:52.149000+00:00,mouse_scroll,,,,,,,,55.89289993572291,,,,,,,,,,,,,,,,,,,,,,,,,,,,,,,,,,,,,,,,,,,,,,,,,,,,,,,,,,,,,,,64.65429879121749,,,,,,,,,,,,,,,,
behavioral_event,continuous,e92e7c09-c1b8-4f72-a7a8-f75077608d1b,43c7c9d4-9f4b-4823-bc49-2bdd58b9a92d,2026-08-16T16:41:52.149000+00:00,mouse_click,,,,,151.1375035753972,106.55131921293979,4.0014143129505015,-34.98336356567559,113.6375637310571,,,,,,,,,,,,,,,,,,,,,,,,,,,,,,,,,,,,,,,,,,,,,,,,,,,,,,,,,,,,,,,,,,,,,,,,,,,,,,
behavioral_event,continuous,e92e7c09-c1b8-4f72-a7a8-f75077608d1b,39bd6af0-9893-459b-b1d7-4d8a06a62405,2026-08-16T00:42:51.029000+00:00,mouse_click,,,,,412.2547254349925,448.7897283726511,48.837138338841825,-25.02377742981231,856.0249227577169,,,,,,,,,,,,,,,,,,,,,,,,,,,,,,,,,,,,,,,,,,,,,,,,,,,,,,,,,,,,,,,,,,,,,,,,,,,,,,
behavioral_event,continuous,e92e7c09-c1b8-4f72-a7a8-f75077608d1b,39bd6af0-9893-459b-b1d7-4d8a06a62405,2026-08-16T16:42:51.029000+00:00,keystroke,69,,66.6854843635343,73.5347818425314,,,,,,,,,,,,,,,,,,,,,,,,,,,,,,,,,,,,,,,,,,,,,,,,,,,,,,,,,,,,,,,,,,,,,,,,,,,,,,,,,,,
behavioral_event,continuous,e92e7c09-c1b8-4f72-a7a8-f75077608d1b,9c0d9803-ed7b-44ca-a30f-1c3ff96c03b1,2026-08-15T10:42:51.029000+00:00,mouse_scroll,,,,,,,,46.13985045135098,,,,,,,,,,,,,,,,,,,,,,,,,,,,,,,,,,,,,,,,,,,,,,,,,,,,,,,,,,,,,,,,,,,,,,,,,,,,,,,
behavioral_event,continuous,e92e7c09-c1b8-4f72-a7a8-f75077608d1b,9c0d9803-ed7b-44ca-a30f-1c3ff96c03b1,2026-08-14T17:42:51.029000+00:00,mouse_click,,,,,729.0077911085203,800.1141690453369,-38.50252208070659,-23.158244992391463,729.4653877074091,,,,,,,,,,,,,,,,,,,,,,,,,,,,,,,,,,,,,,,,,,,,,,,,,,,,,,,,,,,,,,,,,,,,,,,,,,,,,,
behavioral_event,continuous,e92e7c09-c1b8-4f72-a7a8-f75077608d1b,a90f9b8d-c3f1-4748-99d5-cc782623de81,2026-08-15T06:42:51.029000+00:00,keystroke,66,,191.88621056282219,124.56535248631259,,,,,,,,,,,,,,,,,,,,,,,,,,,,,,,,,,,,,,,,,,,,,,,,,,,,,,,,,,,,,,,,,,,,,,,,,,,,,,,,,,,
behavioral_event,continuous,e92e7c09-c1b8-4f72-a7a8-f75077608d1b,eaa77718-5754-4734-b3cf-a779b607ee8f,2026-08-15T15:42:51.029000+00:00,mouse_move,,,,,417.04305287488523,888.0989582174966,17.567182414603494,19.472144196436318,1501.9250475807835,,,,,,,,,,,,,,,,,,,,,,,,,,,,,,,,,,,,,,,,,,,,,,,,,,,,,,,,,,,,,,,,,,,,,,,,,,,,,,
behavioral_event,continuous,e92e7c09-c1b8-4f72-a7a8-f75077608d1b,39bd6af0-9893-459b-b1d7-4d8a06a62405,2026-08-16T10:42:51.029000+00:00,mouse_scroll,,,,,,,,-37.48514605818172,,,,,,,,,,,,,,,,,,,,,,,,,,,,,,,,,,,,,,,,,,,,,,,,,,,,,,,,,,,,,,,,,,,,,,,,,,,,,,,
behavioral_event,continuous,e92e7c09-c1b8-4f72-a7a8-f75077608d1b,9c0d9803-ed7b-44ca-a30f-1c3ff96c03b1,2026-08-14T16:42:51.029000+00:00,mouse_scroll,,,,,,,,12.26894792876871,,,,,,,,,,,,,,,,,,,,,,,,,,,,,,,,,,,,,,,,,,,,,,,,,,,,,,,,,,,,,,,77.00188776955736,,,,,,,,,,,,,,,,
behavioral_event,continuous,e92e7c09-c1b8-4f72-a7a8-f75077608d1b,a90f9b8d-c3f1-4748-99d5-cc782623de81,2026-08-15T01:42:51.029000+00:00,mouse_scroll,,,,,,,,-60.666991605840906,,,,,,,,,,,,,,,,,,,,,,,,,,,,,,,,,,,,,,,,,,,,,,,,,,,,,,,,,,,,,,,,,,,,,,,,,,,,,,,
behavioral_event,continuous,e92e7c09-c1b8-4f72-a7a8-f75077608d1b,024a219c-b4f9-4b79-9849-65b13577f642,2026-08-14T10:42:51.029000+00:00,mouse_move,,,,,1589.1046976551406,353.99331498598997,-4.4737696005726875,9.84045211734319,916.6055790666734,,,,,,,,,,,,,,,,,,,,,,,,,,,,,,,,,,,,,,,,,,,,,,,,,,,,,,0.23812076424299564,,,,,,,,,1367.5249973603668,,,,,,,,,,,,,,,
behavioral_event,continuous,e92e7c09-c1b8-4f72-a7a8-f75077608d1b,eaa77718-5754-4734-b3cf-a779b607ee8f,2026-08-14T13:42:51.029000+00:00,mouse_move,,,,,410.7948959826981,888.9020271968259,-42.95429094823274,14.935737532341236,170.54965008702328,,,,,,,,,,,,,,,,,,,,,,,,,,,,,,,,,,,,,,,,,,,,,,,,,,,,,,,,,,,,,,,,,,,,,,,,,,,,,,
behavioral_event,continuous,e92e7c09-c1b8-4f72-a7a8-f75077608d1b,eaa77718-5754-4734-b3cf-a779b607ee8f,2026-08-16T10:42:51.029000+00:00,keystroke,84,,133.32274073710965,63.14582324669836,,,,,,,,,,,,,,,,,,,,,,,,,,,,,,,,,,,,,,,,,,,,,,,,,,,,,,,,,,,,,,,,,,,,,,,,,,,,,,,,,,,
behavioral_event,continuous,e92e7c09-c1b8-4f72-a7a8-f75077608d1b,9c0d9803-ed7b-44ca-a30f-1c3ff96c03b1,2026-08-15T05:42:51.029000+00:00,mouse_move,,,,,433.05915846000835,264.59505864227003,44.815805070778254,13.142206333635606,1994.3839877442613,,,,,,,,,,,,,,,,,,,,,,,,,,,,,,,,,,,,,,,,,,,,,,,,,,,,,,,,,,,,,,,,,,,,,,,,,,,,,,
behavioral_event,continuous,e92e7c09-c1b8-4f72-a7a8-f75077608d1b,9c0d9803-ed7b-44ca-a30f-1c3ff96c03b1,2026-08-15T14:42:51.029000+00:00,mouse_move,,,,,382.4676574138806,636.8040511078872,-40.61468203553233,26.14211810818098,338.9140711486196,,,,,,,,,,,,,,,,,,,,,,,,,,,,,,,,,,,,,,,,,,,,,,,,,,,,,,,,,,,,,,,,,,,,,,,,,,,,,,
behavioral_event,continuous,e92e7c09-c1b8-4f72-a7a8-f75077608d1b,9c0d9803-ed7b-44ca-a30f-1c3ff96c03b1,2026-08-17T00:42:51.029000+00:00,mouse_move,,,,,1453.34239561742,860.9076819992696,2.609632859556733,39.63518564515928,1943.2583369987215,,,,,,,,,,,,,,,,,,,,,,,,,,,,,,,,,,,,,,,,,,,,,,,,,,,,,,,,,,,,,,,,,,,,,,,,,,,,,,
behavioral_event,continuous,e92e7c09-c1b8-4f72-a7a8-f75077608d1b,a90f9b8d-c3f1-4748-99d5-cc782623de81,2026-08-14T12:42:51.029000+00:00,mouse_scroll,,,,,,,,-81.87760735306364,,,,,,,,,,,,,,,,,,,,,,,,,,,,,,,,,,,,,,,,,,,,,,,,,,,,,,,,,,,,,,,,,,,,,,,,,,,,,,,
behavioral_event,continuous,e92e7c09-c1b8-4f72-a7a8-f75077608d1b,a90f9b8d-c3f1-4748-99d5-cc782623de81,2026-08-16T04:42:51.029000+00:00,mouse_scroll,,,,,,,,-66.68645934858395,,,,,,,,,,,,,,,,,,,,,,,,,,,,,,,,,,,,,,,,,,,,,,,,,,,,,,,,,,,,,,,,,,,,,,,,,,,,,,,
behavioral_event,continuous,e92e7c09-c1b8-4f72-a7a8-f75077608d1b,a90f9b8d-c3f1-4748-99d5-cc782623de81,2026-08-14T13:42:51.029000+00:00,mouse_scroll,,,,,,,,-19.588037608871673,,,,,,,,,,,,,,,,,,,,,,,,,,,,,,,,,,,,,,,,,,,,,,,,,,,,,,,,,,,,,,,18.023720266479046,,,,,,,,,,,,,,,,
behavioral_event,continuous,e92e7c09-c1b8-4f72-a7a8-f75077608d1b,a90f9b8d-c3f1-4748-99d5-cc782623de81,2026-08-16T09:42:51.029000+00:00,mouse_scroll,,,,,,,,-81.94759010680623,,,,,,,,,,,,,,,,,,,,,,,,,,,,,,,,,,,,,,,,,,,,,,,,,,,,,,,,,,,,,,,92.08538909015866,,,,,,,,,,,,,,,,
behavioral_event,continuous,e92e7c09-c1b8-4f72-a7a8-f75077608d1b,a90f9b8d-c3f1-4748-99d5-cc782623de81,2026-08-15T11:42:51.029000+00:00,keystroke,80,,50.28483701365028,57.53452051605879,,,,,,,,,,,,,,,,,,,,,,,,,,,,,,,,,,,,,,,,,,,,,,,,,,,,,,,,,,,,,,,,,,,,,,,,,,,,,,,,,,,
behavioral_event,continuous,e92e7c09-c1b8-4f72-a7a8-f75077608d1b,a90f9b8d-c3f1-4748-99d5-cc782623de81,2026-08-16T05:42:51.029000+00:00,mouse_click,,,,,742.925317533518,815.0193313000686,19.23923037094785,33.75731604784835,1916.4725727514315,,,,,,,,,,,,,,,,,,,,,,,,,,,,,,,,,,,,,,,,,,,,,,,,,,,,,,,,,,,,,,,,,,,,,,,,,,,,,,
behavioral_event,continuous,e92e7c09-c1b8-4f72-a7a8-f75077608d1b,024a219c-b4f9-4b79-9849-65b13577f642,2026-08-15T16:42:51.029000+00:00,mouse_scroll,,,,,,,,-66.51486845569468,,,,,,,,,,,,,,,,,,,,,,,,,,,,,,,,,,,,,,,,,,,,,,,,,,,,,,,,,,,,,,,,,,,,,,,,,,,,,,,
behavioral_event,continuous,e92e7c09-c1b8-4f72-a7a8-f75077608d1b,eaa77718-5754-4734-b3cf-a779b607ee8f,2026-08-15T10:42:51.029000+00:00,mouse_click,,,,,1046.6726605850865,114.54875204679489,-21.034398872678995,-9.632779755273603,426.0934280825115,,,,,,,,,,,,,,,,,,,,,,,,,,,,,,,,,,,,,,,,,,,,,,,,,,,,,,,,,,,,,,,,,,,,,,,,,,,,,,
behavioral_event,continuous,e92e7c09-c1b8-4f72-a7a8-f75077608d1b,39bd6af0-9893-459b-b1d7-4d8a06a62405,2026-08-15T01:42:51.029000+00:00,mouse_scroll,,,,,,,,70.84298098012712,,,,,,,,,,,,,,,,,,,,,,,,,,,,,,,,,,,,,,,,,,,,,,,,,,,,,,,,,,,,,,,,,,,,,,,,,,,,,,,
behavioral_event,continuous,e92e7c09-c1b8-4f72-a7a8-f75077608d1b,39bd6af0-9893-459b-b1d7-4d8a06a62405,2026-08-16T23:42:51.029000+00:00,mouse_move,,,,,1125.1698430743431,684.416480224371,25.397665221110373,-14.550215958306346,165.18134356339317,,,,,,,,,,,,,,,,,,,,,,,,,,,,,,,,,,,,,,,,,,,,,,,,,,,,,,,,,,,,,,,,,,,,,,,,,,,,,,
behavioral_event,continuous,e92e7c09-c1b8-4f72-a7a8-f75077608d1b,39bd6af0-9893-459b-b1d7-4d8a06a62405,2026-08-16T01:42:51.029000+00:00,mouse_scroll,,,,,,,,28.904072089192738,,,,,,,,,,,,,,,,,,,,,,,,,,,,,,,,,,,,,,,,,,,,,,,,,,,,,,,,,,,,,,,,,,,,,,,,,,,,,,,
behavioral_event,continuous,e92e7c09-c1b8-4f72-a7a8-f75077608d1b,39bd6af0-9893-459b-b1d7-4d8a06a62405,2026-08-16T22:42:51.029000+00:00,keystroke,66,,192.2940525247281,84.29433759063488,,,,,,,,,,,,,,,,,,,,,,,,,,,,,,,,,,,,,,,,,,,,,,,,,,,,,,,,,,,,,,,,,,,,,,,,,,,,,,,,,,,
behavioral_event,continuous,e92e7c09-c1b8-4f72-a7a8-f75077608d1b,9c0d9803-ed7b-44ca-a30f-1c3ff96c03b1,2026-08-16T15:42:51.029000+00:00,mouse_scroll,,,,,,,,-48.90287687093839,,,,,,,,,,,,,,,,,,,,,,,,,,,,,,,,,,,,,,,,,,,,,,,,,,,,,,,,,,,,,,,,,,,,,,,,,,,,,,,
behavioral_event,continuous,e92e7c09-c1b8-4f72-a7a8-f75077608d1b,a90f9b8d-c3f1-4748-99d5-cc782623de81,2026-08-16T13:42:51.029000+00:00,mouse_move,,,,,1057.1882917211085,491.65539628426274,-46.188005601527635,-5.573788031095653,1282.90834727437,,,,,,,,,,,,,,,,,,,,,,,,,,,,,,,,,,,,,,,,,,,,,,,,,,,,,,,,,,,,,,,,,,,,,,,,,,,,,,
behavioral_event,continuous,e92e7c09-c1b8-4f72-a7a8-f75077608d1b,a90f9b8d-c3f1-4748-99d5-cc782623de81,2026-08-15T21:42:51.029000+00:00,mouse_move,,,,,1288.0078847411696,781.8778457646813,33.95360336225272,-30.137655148620045,1051.7701316088965,,,,,,,,,,,,,,,,,,,,,,,,,,,,,,,,,,,,,,,,,,,,,,,,,,,,,,,,,,,,,,,,,,,,,,,,,,,,,,
behavioral_event,continuous,e92e7c09-c1b8-4f72-a7a8-f75077608d1b,024a219c-b4f9-4b79-9849-65b13577f642,2026-08-16T21:42:51.029000+00:00,mouse_click,,,,,1440.655739749339,708.8840175460654,-28.23105944108232,26.922103227475873,1581.762547673863,,,,,,,,,,,,,,,,,,,,,,,,,,,,,,,,,,,,,,,,,,,,,,,,,,,,,,,,,,,,,,,,,,,,,,,,,,,,,,
behavioral_event,continuous,e92e7c09-c1b8-4f72-a7a8-f75077608d1b,024a219c-b4f9-4b79-9849-65b13577f642,2026-08-14T20:42:51.029000+00:00,mouse_scroll,,,,,,,,-98.02965977115328,,,,,,,,,,,,,,,,,,,,,,,,,,,,,,,,,,,,,,,,,,,,,,,,,,,,,,,,,,,,,,,,,,,,,,,,,,,,,,,
behavioral_event,continuous,e92e7c09-c1b8-4f72-a7a8-f75077608d1b,024a219c-b4f9-4b79-9849-65b13577f642,2026-08-16T13:42:51.029000+00:00,keystroke,66,,100.16152133637556,124.60754393304856,,,,,,,,,,,,,,,,,,,,,,,,,,,,,,,,,,,,,,,,,,,,,,,,,,,,,,,,,,,,,122.88896966326851,,79.9276943715983,,,,,,,,,,,,,,,,,,,,
behavioral_event,continuous,e92e7c09-c1b8-4f72-a7a8-f75077608d1b,39bd6af0-9893-459b-b1d7-4d8a06a62405,2026-08-15T22:42:51.029000+00:00,mouse_click,,,,,1618.8318058793925,133.9395816051308,0.010177238089795537,22.201501259667737,1240.3477536468922,,,,,,,,,,,,,,,,,,,,,,,,,,,,,,,,,,,,,,,,,,,,,,,,,,,,,,,,,,,,,,,,,,,,,,,,,,,,,,
behavioral_event,continuous,e92e7c09-c1b8-4f72-a7a8-f75077608d1b,9c0d9803-ed7b-44ca-a30f-1c3ff96c03b1,2026-08-16T04:42:51.029000+00:00,mouse_scroll,,,,,,,,87.6380499343598,,,,,,,,,,,,,,,,,,,,,,,,,,,,,,,,,,,,,,,,,,,,,,,,,,,,,,,,,,,,,,,,,,,,,,,,,,,,,,,
behavioral_event,continuous,e92e7c09-c1b8-4f72-a7a8-f75077608d1b,9c0d9803-ed7b-44ca-a30f-1c3ff96c03b1,2026-08-15T12:42:51.029000+00:00,mouse_scroll,,,,,,,,-40.85933019195538,,,,,,,,,,,,,,,,,,,,,,,,,,,,,,,,,,,,,,,,,,,,,,,,,,,,,,,,,,,,,,,,,,,,,,,,,,,,,,,
behavioral_event,continuous,e92e7c09-c1b8-4f72-a7a8-f75077608d1b,a90f9b8d-c3f1-4748-99d5-cc782623de81,2026-08-15T23:42:51.029000+00:00,mouse_scroll,,,,,,,,-1.6842490378734567,,,,,,,,,,,,,,,,,,,,,,,,,,,,,,,,,,,,,,,,,,,,,,,,,,,,,,,,,,,,,,,,,,,,,,,,,,,,,,,
behavioral_event,continuous,e92e7c09-c1b8-4f72-a7a8-f75077608d1b,a90f9b8d-c3f1-4748-99d5-cc782623de81,2026-08-15T18:42:51.029000+00:00,mouse_click,,,,,394.2881178339646,168.27176880209925,11.726744906574318,-43.825385290848104,281.52215971157545,,,,,,,,,,,,,,,,,,,,,,,,,,,,,,,,,,,,,,,,,,,,,,,,,,,,,,,,,,,,,,,,,,,,,,,,,,,,,,
behavioral_event,continuous,e92e7c09-c1b8-4f72-a7a8-f75077608d1b,a90f9b8d-c3f1-4748-99d5-cc782623de81,2026-08-17T06:42:51.029000+00:00,keystroke,72,,150.8584087201441,36.48568043661709,,,,,,,,,,,,,,,,,,,,,,,,,,,,,,,,,,,,,,,,,,,,,,,,,,,,,,,,,,,,,131.91694200042326,,82.20646519197518,,,,,,,,,,,,,,,,,,,,
behavioral_event,continuous,e92e7c09-c1b8-4f72-a7a8-f75077608d1b,39bd6af0-9893-459b-b1d7-4d8a06a62405,2026-08-15T06:42:51.029000+00:00,keystroke,89,,183.33265812960946,124.93433499318112,,,,,,,,,,,,,,,,,,,,,,,,,,,,,,,,,,,,,,,,,,,,,,,,,,,,,,,,,,,,,137.90704748431568,,91.11738846608121,,,,,,,,,,,,,,,,,,,,
behavioral_event,continuous,e92e7c09-c1b8-4f72-a7a8-f75077608d1b,39bd6af0-9893-459b-b1d7-4d8a06a62405,2026-08-14T18:42:51.029000+00:00,mouse_click,,,,,1677.1852633180206,287.9340421818491,-19.259909592337586,-44.15817784377989,436.34982709435695,,,,,,,,,,,,,,,,,,,,,,,,,,,,,,,,,,,,,,,,,,,,,,,,,,,,,,,,,,,,,,,,,,,,,,,,,,,,,,
behavioral_event,continuous,e92e7c09-c1b8-4f72-a7a8-f75077608d1b,9c0d9803-ed7b-44ca-a30f-1c3ff96c03b1,2026-08-17T04:42:51.029000+00:00,mouse_move,,,,,1119.291797489323,727.6139898937996,8.015724856648824,4.420933836277676,1231.2704189642175,,,,,,,,,,,,,,,,,,,,,,,,,,,,,,,,,,,,,,,,,,,,,,,,,,,,,,,,,,,,,,,,,,,,,,,,,,,,,,
behavioral_event,continuous,e92e7c09-c1b8-4f72-a7a8-f75077608d1b,9c0d9803-ed7b-44ca-a30f-1c3ff96c03b1,2026-08-17T00:42:51.029000+00:00,mouse_click,,,,,512.8409737931072,522.1032451762409,24.4404894432311,11.829495040012773,944.6223545801028,,,,,,,,,,,,,,,,,,,,,,,,,,,,,,,,,,,,,,,,,,,,,,,,,,,,,,,,,,,,,,,,,,,,,,,,,,,,,,
behavioral_event,continuous,e92e7c09-c1b8-4f72-a7a8-f75077608d1b,a90f9b8d-c3f1-4748-99d5-cc782623de81,2026-08-16T21:42:51.029000+00:00,mouse_click,,,,,1602.499928584912,373.38984029064034,-5.015400767574505,-41.18348056060085,367.42866359819726,,,,,,,,,,,,,,,,,,,,,,,,,,,,,,,,,,,,,,,,,,,,,,,,,,,,,,,,,,,,,,,,,,,,,,,,,,,,,,
behavioral_event,continuous,e92e7c09-c1b8-4f72-a7a8-f75077608d1b,a90f9b8d-c3f1-4748-99d5-cc782623de81,2026-08-15T09:42:51.029000+00:00,mouse_scroll,,,,,,,,-70.91516691845996,,,,,,,,,,,,,,,,,,,,,,,,,,,,,,,,,,,,,,,,,,,,,,,,,,,,,,,,,,,,,,,,,,,,,,,,,,,,,,,
behavioral_event,continuous,e92e7c09-c1b8-4f72-a7a8-f75077608d1b,a90f9b8d-c3f1-4748-99d5-cc782623de81,2026-08-15T01:42:51.029000+00:00,mouse_scroll,,,,,,,,79.65879723911766,,,,,,,,,,,,,,,,,,,,,,,,,,,,,,,,,,,,,,,,,,,,,,,,,,,,,,,,,,,,,,,0.4837010573537128,,,,,,,,,,,,,,,,
behavioral_event,continuous,e92e7c09-c1b8-4f72-a7a8-f75077608d1b,a90f9b8d-c3f1-4748-99d5-cc782623de81,2026-08-14T16:42:51.029000+00:00,mouse_scroll,,,,,,,,55.89289993572291,,,,,,,,,,,,,,,,,,,,,,,,,,,,,,,,,,,,,,,,,,,,,,,,,,,,,,,,,,,,,,,64.65429879121749,,,,,,,,,,,,,,,,
behavioral_event,continuous,e92e7c09-c1b8-4f72-a7a8-f75077608d1b,024a219c-b4f9-4b79-9849-65b13577f642,2026-08-16T04:42:51.029000+00:00,mouse_scroll,,,,,,,,-70.58149477388687,,,,,,,,,,,,,,,,,,,,,,,,,,,,,,,,,,,,,,,,,,,,,,,,,,,,,,,,,,,,,,,,,,,,,,,,,,,,,,,
behavioral_event,continuous,e92e7c09-c1b8-4f72-a7a8-f75077608d1b,024a219c-b4f9-4b79-9849-65b13577f642,2026-08-14T19:42:51.029000+00:00,mouse_scroll,,,,,,,,-61.01200880361684,,,,,,,,,,,,,,,,,,,,,,,,,,,,,,,,,,,,,,,,,,,,,,,,,,,,,,,,,,,,,,,,,,,,,,,,,,,,,,,
behavioral_event,continuous,e92e7c09-c1b8-4f72-a7a8-f75077608d1b,39bd6af0-9893-459b-b1d7-4d8a06a62405,2026-08-16T15:42:51.029000+00:00,mouse_click,,,,,121.21773415327549,193.95304511666433,-17.541658065527855,43.92406271325841,474.77781527696726,,,,,,,,,,,,,,,,,,,,,,,,,,,,,,,,,,,,,,,,,,,,,,,,,,,,,,0.4748140685212551,,,,,,,,,1426.277299291425,,,,,,,,,,,,,,,
behavioral_event,continuous,e92e7c09-c1b8-4f72-a7a8-f75077608d1b,39bd6af0-9893-459b-b1d7-4d8a06a62405,2026-08-16T14:42:51.029000+00:00,mouse_move,,,,,237.26141120021492,212.6527737077314,-36.6873001668684,-38.279935137307106,176.87144634592974,,,,,,,,,,,,,,,,,,,,,,,,,,,,,,,,,,,,,,,,,,,,,,,,,,,,,,,,,,,,,,,,,,,,,,,,,,,,,,
behavioral_event,continuous,e92e7c09-c1b8-4f72-a7a8-f75077608d1b,9c0d9803-ed7b-44ca-a30f-1c3ff96c03b1,2026-08-16T08:42:51.029000+00:00,keystroke,65,,127.36693643231355,116.03057391830394,,,,,,,,,,,,,,,,,,,,,,,,,,,,,,,,,,,,,,,,,,,,,,,,,,,,,,,,,,,,,134.24851569491227,,77.6850628174231,,,,,,,,,,,,,,,,,,,,
behavioral_event,continuous,e92e7c09-c1b8-4f72-a7a8-f75077608d1b,024a219c-b4f9-4b79-9849-65b13577f642,2026-08-16T07:42:51.029000+00:00,mouse_scroll,,,,,,,,21.246253886991056,,,,,,,,,,,,,,,,,,,,,,,,,,,,,,,,,,,,,,,,,,,,,,,,,,,,,,,,,,,,,,,,,,,,,,,,,,,,,,,
behavioral_event,continuous,e92e7c09-c1b8-4f72-a7a8-f75077608d1b,eaa77718-5754-4734-b3cf-a779b607ee8f,2026-08-16T11:42:51.029000+00:00,mouse_click,,,,,1791.7458753502524,862.9745275617707,35.25252413412048,-24.254857519343563,1364.177245839309,,,,,,,,,,,,,,,,,,,,,,,,,,,,,,,,,,,,,,,,,,,,,,,,,,,,,,0.1366979298115185,,,,,,,,,716.3123961471163,,,,,,,,,,,,,,,
behavioral_event,continuous,e92e7c09-c1b8-4f72-a7a8-f75077608d1b,eaa77718-5754-4734-b3cf-a779b607ee8f,2026-08-14T15:42:51.029000+00:00,keystroke,71,,95.78870394997625,115.22148678507715,,,,,,,,,,,,,,,,,,,,,,,,,,,,,,,,,,,,,,,,,,,,,,,,,,,,,,,,,,,,,135.04755261677164,,118.92381335913778,,,,,,,,,,,,,,,,,,,,
behavioral_event,continuous,e92e7c09-c1b8-4f72-a7a8-f75077608d1b,eaa77718-5754-4734-b3cf-a779b607ee8f,2026-08-14T19:42:51.029000+00:00,mouse_click,,,,,760.5738860207971,613.4354688981072,-36.58562377276887,18.130994009372614,154.5881560733783,,,,,,,,,,,,,,,,,,,,,,,,,,,,,,,,,,,,,,,,,,,,,,,,,,,,,,0.4868801356320115,,,,,,,,,507.4890780637449,,,,,,,,,,,,,,,
behavioral_event,continuous,e92e7c09-c1b8-4f72-a7a8-f75077608d1b,39bd6af0-9893-459b-b1d7-4d8a06a62405,2026-08-14T17:42:51.029000+00:00,mouse_move,,,,,919.4293949336419,176.86279091900454,15.961861877912966,-18.02878937896908,167.21995281584412,,,,,,,,,,,,,,,,,,,,,,,,,,,,,,,,,,,,,,,,,,,,,,,,,,,,,,,,,,,,,,,,,,,,,,,,,,,,,,
behavioral_event,continuous,e92e7c09-c1b8-4f72-a7a8-f75077608d1b,9c0d9803-ed7b-44ca-a30f-1c3ff96c03b1,2026-08-14T19:42:51.029000+00:00,keystroke,74,,178.5279673833047,87.5039369901225,,,,,,,,,,,,,,,,,,,,,,,,,,,,,,,,,,,,,,,,,,,,,,,,,,,,,,,,,,,,,,,,,,,,,,,,,,,,,,,,,,,
behavioral_event,continuous,e92e7c09-c1b8-4f72-a7a8-f75077608d1b,eaa77718-5754-4734-b3cf-a779b607ee8f,2026-08-17T07:42:51.029000+00:00,mouse_move,,,,,695.8721380674626,682.2272595897454,13.612378176830234,-1.0641709806924666,866.1740240657119,,,,,,,,,,,,,,,,,,,,,,,,,,,,,,,,,,,,,,,,,,,,,,,,,,,,,,,,,,,,,,,,,,,,,,,,,,,,,,
behavioral_event,continuous,e92e7c09-c1b8-4f72-a7a8-f75077608d1b,39bd6af0-9893-459b-b1d7-4d8a06a62405,2026-08-15T10:42:51.029000+00:00,mouse_scroll,,,,,,,,26.950776427514867,,,,,,,,,,,,,,,,,,,,,,,,,,,,,,,,,,,,,,,,,,,,,,,,,,,,,,,,,,,,,,,,,,,,,,,,,,,,,,,
behavioral_event,continuous,e92e7c09-c1b8-4f72-a7a8-f75077608d1b,9c0d9803-ed7b-44ca-a30f-1c3ff96c03b1,2026-08-16T14:42:51.029000+00:00,mouse_scroll,,,,,,,,-40.80350485107329,,,,,,,,,,,,,,,,,,,,,,,,,,,,,,,,,,,,,,,,,,,,,,,,,,,,,,,,,,,,,,,11.231150875891885,,,,,,,,,,,,,,,,
behavioral_event,continuous,e92e7c09-c1b8-4f72-a7a8-f75077608d1b,9c0d9803-ed7b-44ca-a30f-1c3ff96c03b1,2026-08-17T05:42:51.029000+00:00,mouse_click,,,,,906.1567191443114,446.4619086260413,42.448236461472035,-28.375479318475794,145.77410387100346,,,,,,,,,,,,,,,,,,,,,,,,,,,,,,,,,,,,,,,,,,,,,,,,,,,,,,,,,,,,,,,,,,,,,,,,,,,,,,
behavioral_event,continuous,e92e7c09-c1b8-4f72-a7a8-f75077608d1b,9c0d9803-ed7b-44ca-a30f-1c3ff96c03b1,2026-08-17T05:42:51.029000+00:00,mouse_move,,,,,1715.9591093841298,753.5595971525464,-23.999049065467847,33.323220731949206,911.2107600210974,,,,,,,,,,,,,,,,,,,,,,,,,,,,,,,,,,,,,,,,,,,,,,,,,,,,,,0.2623067063504656,,,,,,,,,1237.4265414175845,,,,,,,,,,,,,,,
behavioral_event,continuous,e92e7c09-c1b8-4f72-a7a8-f75077608d1b,a90f9b8d-c3f1-4748-99d5-cc782623de81,2026-08-16T10:42:51.029000+00:00,mouse_scroll,,,,,,,,-28.110458747803662,,,,,,,,,,,,,,,,,,,,,,,,,,,,,,,,,,,,,,,,,,,,,,,,,,,,,,,,,,,,,,,,,,,,,,,,,,,,,,,
behavioral_event,continuous,e92e7c09-c1b8-4f72-a7a8-f75077608d1b,a90f9b8d-c3f1-4748-99d5-cc782623de81,2026-08-15T20:42:51.029000+00:00,mouse_move,,,,,1456.94178471703,764.3842663232451,5.842129039818943,47.27934612655211,607.3582163308795,,,,,,,,,,,,,,,,,,,,,,,,,,,,,,,,,,,,,,,,,,,,,,,,,,,,,,,,,,,,,,,,,,,,,,,,,,,,,,
behavioral_event,continuous,e92e7c09-c1b8-4f72-a7a8-f75077608d1b,024a219c-b4f9-4b79-9849-65b13577f642,2026-08-16T13:42:51.029000+00:00,keystroke,76,,116.14957004135636,141.20551699799307,,,,,,,,,,,,,,,,,,,,,,,,,,,,,,,,,,,,,,,,,,,,,,,,,,,,,,,,,,,,,,,,,,,,,,,,,,,,,,,,,,,
behavioral_event,continuous,e92e7c09-c1b8-4f72-a7a8-f75077608d1b,024a219c-b4f9-4b79-9849-65b13577f642,2026-08-14T17:42:51.029000+00:00,mouse_move,,,,,370.1987135594577,863.590553000148,3.450190861754301,36.063374680520425,774.5318395769473,,,,,,,,,,,,,,,,,,,,,,,,,,,,,,,,,,,,,,,,,,,,,,,,,,,,,,0.40445867340365116,,,,,,,,,982.3858288553208,,,,,,,,,,,,,,,
behavioral_event,continuous,e92e7c09-c1b8-4f72-a7a8-f75077608d1b,39bd6af0-9893-459b-b1d7-4d8a06a62405,2026-08-17T00:42:51.029000+00:00,mouse_scroll,,,,,,,,18.621124768892045,,,,,,,,,,,,,,,,,,,,,,,,,,,,,,,,,,,,,,,,,,,,,,,,,,,,,,,,,,,,,,,6.676709695162785,,,,,,,,,,,,,,,,
behavioral_event,continuous,e92e7c09-c1b8-4f72-a7a8-f75077608d1b,9c0d9803-ed7b-44ca-a30f-1c3ff96c03b1,2026-08-15T21:42:51.029000+00:00,mouse_move,,,,,1250.1263506016471,298.8773942959922,-49.20160243755518,4.178667380185466,1784.6378411420883,,,,,,,,,,,,,,,,,,,,,,,,,,,,,,,,,,,,,,,,,,,,,,,,,,,,,,0.23998841292975134,,,,,,,,,758.5957905431314,,,,,,,,,,,,,,,
behavioral_event,continuous,e92e7c09-c1b8-4f72-a7a8-f75077608d1b,a90f9b8d-c3f1-4748-99d5-cc782623de81,2026-08-15T08:42:51.029000+00:00,mouse_click,,,,,1418.7984981069199,582.2290000267719,13.748528913590121,-15.313235938618888,293.7570866597879,,,,,,,,,,,,,,,,,,,,,,,,,,,,,,,,,,,,,,,,,,,,,,,,,,,,,,0.21816697091829043,,,,,,,,,655.4188897991478,,,,,,,,,,,,,,,
behavioral_event,continuous,e92e7c09-c1b8-4f72-a7a8-f75077608d1b,a90f9b8d-c3f1-4748-99d5-cc782623de81,2026-08-15T18:42:51.029000+00:00,mouse_scroll,,,,,,,,68.41260411521245,,,,,,,,,,,,,,,,,,,,,,,,,,,,,,,,,,,,,,,,,,,,,,,,,,,,,,,,,,,,,,,,,,,,,,,,,,,,,,,
behavioral_event,continuous,e92e7c09-c1b8-4f72-a7a8-f75077608d1b,a90f9b8d-c3f1-4748-99d5-cc782623de81,2026-08-15T11:42:51.029000+00:00,mouse_click,,,,,106.40920707739092,762.9803165109595,3.462410787896509,-20.95377950135656,1270.3273100805825,,,,,,,,,,,,,,,,,,,,,,,,,,,,,,,,,,,,,,,,,,,,,,,,,,,,,,0.2429315851688874,,,,,,,,,651.9333700708777,,,,,,,,,,,,,,,
behavioral_event,continuous,e92e7c09-c1b8-4f72-a7a8-f75077608d1b,a90f9b8d-c3f1-4748-99d5-cc782623de81,2026-08-16T00:42:51.029000+00:00,mouse_move,,,,,231.83298877424872,622.1471642695473,21.28924553225582,28.14683510213804,793.5314376611337,,,,,,,,,,,,,,,,,,,,,,,,,,,,,,,,,,,,,,,,,,,,,,,,,,,,,,,,,,,,,,,,,,,,,,,,,,,,,,
behavioral_event,continuous,e92e7c09-c1b8-4f72-a7a8-f75077608d1b,a90f9b8d-c3f1-4748-99d5-cc782623de81,2026-08-15T20:42:51.029000+00:00,mouse_scroll,,,,,,,,-21.174690269810313,,,,,,,,,,,,,,,,,,,,,,,,,,,,,,,,,,,,,,,,,,,,,,,,,,,,,,,,,,,,,,,,,,,,,,,,,,,,,,,
behavioral_event,continuous,e92e7c09-c1b8-4f72-a7a8-f75077608d1b,024a219c-b4f9-4b79-9849-65b13577f642,2026-08-15T14:42:51.029000+00:00,mouse_scroll,,,,,,,,-47.28560088814788,,,,,,,,,,,,,,,,,,,,,,,,,,,,,,,,,,,,,,,,,,,,,,,,,,,,,,,,,,,,,,,,,,,,,,,,,,,,,,,
behavioral_event,continuous,e92e7c09-c1b8-4f72-a7a8-f75077608d1b,024a219c-b4f9-4b79-9849-65b13577f642,2026-08-16T13:42:51.029000+00:00,keystroke,68,,87.94930191515567,104.97399183678169,,,,,,,,,,,,,,,,,,,,,,,,,,,,,,,,,,,,,,,,,,,,,,,,,,,,,,,,,,,,,,,,,,,,,,,,,,,,,,,,,,,
behavioral_event,continuous,e92e7c09-c1b8-4f72-a7a8-f75077608d1b,eaa77718-5754-4734-b3cf-a779b607ee8f,2026-08-16T16:42:51.029000+00:00,keystroke,84,,80.40029659125705,50.20996390439929,,,,,,,,,,,,,,,,,,,,,,,,,,,,,,,,,,,,,,,,,,,,,,,,,,,,,,,,,,,,,,,,,,,,,,,,,,,,,,,,,,,
behavioral_event,continuous,e92e7c09-c1b8-4f72-a7a8-f75077608d1b,eaa77718-5754-4734-b3cf-a779b607ee8f,2026-08-16T19:42:51.029000+00:00,mouse_scroll,,,,,,,,-69.6363236213893,,,,,,,,,,,,,,,,,,,,,,,,,,,,,,,,,,,,,,,,,,,,,,,,,,,,,,,,,,,,,,,71.12813177009116,,,,,,,,,,,,,,,,
behavioral_event,continuous,e92e7c09-c1b8-4f72-a7a8-f75077608d1b,9c0d9803-ed7b-44ca-a30f-1c3ff96c03b1,2026-08-17T01:42:51.029000+00:00,mouse_scroll,,,,,,,,30.427909114538664,,,,,,,,,,,,,,,,,,,,,,,,,,,,,,,,,,,,,,,,,,,,,,,,,,,,,,,,,,,,,,,,,,,,,,,,,,,,,,,
behavioral_event,continuous,e92e7c09-c1b8-4f72-a7a8-f75077608d1b,9c0d9803-ed7b-44ca-a30f-1c3ff96c03b1,2026-08-17T03:42:51.029000+00:00,mouse_move,,,,,1365.6747469853228,468.76541351857117,10.265600583301584,-4.117569586036254,1774.72750599847,,,,,,,,,,,,,,,,,,,,,,,,,,,,,,,,,,,,,,,,,,,,,,,,,,,,,,0.49938561462413844,,,,,,,,,764.8852600195614,,,,,,,,,,,,,,,
behavioral_event,continuous,e92e7c09-c1b8-4f72-a7a8-f75077608d1b,9c0d9803-ed7b-44ca-a30f-1c3ff96c03b1,2026-08-14T15:42:51.029000+00:00,mouse_click,,,,,958.0464473001985,583.5950453702781,-9.559248458161683,13.208242934959799,450.44429246342736,,,,,,,,,,,,,,,,,,,,,,,,,,,,,,,,,,,,,,,,,,,,,,,,,,,,,,,,,,,,,,,,,,,,,,,,,,,,,,
behavioral_event,continuous,e92e7c09-c1b8-4f72-a7a8-f75077608d1b,a90f9b8d-c3f1-4748-99d5-cc782623de81,2026-08-14T11:42:51.029000+00:00,keystroke,79,,110.02270773279353,129.41906186823564,,,,,,,,,,,,,,,,,,,,,,,,,,,,,,,,,,,,,,,,,,,,,,,,,,,,,,,,,,,,,143.68493837210684,,108.2309430477874,,,,,,,,,,,,,,,,,,,,
behavioral_event,continuous,e92e7c09-c1b8-4f72-a7a8-f75077608d1b,a90f9b8d-c3f1-4748-99d5-cc782623de81,2026-08-17T05:42:51.029000+00:00,mouse_scroll,,,,,,,,-86.85638511923356,,,,,,,,,,,,,,,,,,,,,,,,,,,,,,,,,,,,,,,,,,,,,,,,,,,,,,,,,,,,,,,,,,,,,,,,,,,,,,,
behavioral_event,continuous,e92e7c09-c1b8-4f72-a7a8-f75077608d1b,024a219c-b4f9-4b79-9849-65b13577f642,2026-08-16T04:42:51.029000+00:00,mouse_click,,,,,918.2896592732121,576.0158136381708,-38.68754334075821,1.5273989998670885,255.4517576128892,,,,,,,,,,,,,,,,,,,,,,,,,,,,,,,,,,,,,,,,,,,,,,,,,,,,,,,,,,,,,,,,,,,,,,,,,,,,,,
behavioral_event,continuous,e92e7c09-c1b8-4f72-a7a8-f75077608d1b,eaa77718-5754-4734-b3cf-a779b607ee8f,2026-08-16T12:42:51.029000+00:00,mouse_move,,,,,1269.2665292485547,360.75174153204415,-18.500037135871295,-38.03526699196247,1258.0144471775145,,,,,,,,,,,,,,,,,,,,,,,,,,,,,,,,,,,,,,,,,,,,,,,,,,,,,,,,,,,,,,,,,,,,,,,,,,,,,,
behavioral_event,continuous,e92e7c09-c1b8-4f72-a7a8-f75077608d1b,9c0d9803-ed7b-44ca-a30f-1c3ff96c03b1,2026-08-15T12:42:51.029000+00:00,keystroke,65,,121.49920527476773,109.28435643888132,,,,,,,,,,,,,,,,,,,,,,,,,,,,,,,,,,,,,,,,,,,,,,,,,,,,,,,,,,,,,,,,,,,,,,,,,,,,,,,,,,,
behavioral_event,continuous,e92e7c09-c1b8-4f72-a7a8-f75077608d1b,9c0d9803-ed7b-44ca-a30f-1c3ff96c03b1,2026-08-15T22:42:51.029000+00:00,mouse_click,,,,,431.32979094463445,562.329799220181,-23.11172133035557,42.79757260421533,1666.5217069232458,,,,,,,,,,,,,,,,,,,,,,,,,,,,,,,,,,,,,,,,,,,,,,,,,,,,,,,,,,,,,,,,,,,,,,,,,,,,,,
behavioral_event,continuous,e92e7c09-c1b8-4f72-a7a8-f75077608d1b,9c0d9803-ed7b-44ca-a30f-1c3ff96c03b1,2026-08-16T22:42:51.029000+00:00,mouse_click,,,,,465.8436104364286,763.8926429886853,19.343299719045532,-3.577366296567554,1002.7211454272332,,,,,,,,,,,,,,,,,,,,,,,,,,,,,,,,,,,,,,,,,,,,,,,,,,,,,,,,,,,,,,,,,,,,,,,,,,,,,,
behavioral_event,continuous,e92e7c09-c1b8-4f72-a7a8-f75077608d1b,9c0d9803-ed7b-44ca-a30f-1c3ff96c03b1,2026-08-15T08:42:51.029000+00:00,mouse_move,,,,,707.6368613827342,578.6507085380188,-24.323596508105883,-12.271359310509311,1852.9335018682261,,,,,,,,,,,,,,,,,,,,,,,,,,,,,,,,,,,,,,,,,,,,,,,,,,,,,,0.46834503451049403,,,,,,,,,1151.4969967138582,,,,,,,,,,,,,,,
behavioral_event,continuous,e92e7c09-c1b8-4f72-a7a8-f75077608d1b,a90f9b8d-c3f1-4748-99d5-cc782623de81,2026-08-17T00:42:51.029000+00:00,mouse_move,,,,,1428.1014496876458,881.415520995633,13.335602121916544,-32.90296493393326,733.106709713873,,,,,,,,,,,,,,,,,,,,,,,,,,,,,,,,,,,,,,,,,,,,,,,,,,,,,,,,,,,,,,,,,,,,,,,,,,,,,,
behavioral_event,continuous,e92e7c09-c1b8-4f72-a7a8-f75077608d1b,a90f9b8d-c3f1-4748-99d5-cc782623de81,2026-08-15T17:42:51.029000+00:00,mouse_click,,,,,265.7493911475654,478.6617867826541,-31.911246466180387,37.660994454232295,993.031535186769,,,,,,,,,,,,,,,,,,,,,,,,,,,,,,,,,,,,,,,,,,,,,,,,,,,,,,,,,,,,,,,,,,,,,,,,,,,,,,
behavioral_event,continuous,e92e7c09-c1b8-4f72-a7a8-f75077608d1b,024a219c-b4f9-4b79-9849-65b13577f642,2026-08-16T16:42:51.029000+00:00,mouse_click,,,,,151.1375035753972,106.55131921293979,4.0014143129505015,-34.98336356567559,113.6375637310571,,,,,,,,,,,,,,,,,,,,,,,,,,,,,,,,,,,,,,,,,,,,,,,,,,,,,,,,,,,,,,,,,,,,,,,,,,,,,,
behavioral_event,continuous,e92e7c09-c1b8-4f72-a7a8-f75077608d1b,eaa77718-5754-4734-b3cf-a779b607ee8f,2026-08-14T09:42:51.029000+00:00,mouse_click,,,,,921.6433331839559,483.0516409064617,35.386240781565164,-6.756960307635751,1090.6744063813603,,,,,,,,,,,,,,,,,,,,,,,,,,,,,,,,,,,,,,,,,,,,,,,,,,,,,,0.29497056450798154,,,,,,,,,1210.378728374601,,,,,,,,,,,,,,,
behavioral_event,continuous,e92e7c09-c1b8-4f72-a7a8-f75077608d1b,9c0d9803-ed7b-44ca-a30f-1c3ff96c03b1,2026-08-15T16:42:51.029000+00:00,keystroke,71,,120.98832522870458,61.97526444080548,,,,,,,,,,,,,,,,,,,,,,,,,,,,,,,,,,,,,,,,,,,,,,,,,,,,,,,,,,,,,,,,,,,,,,,,,,,,,,,,,,,
behavioral_event,continuous,e92e7c09-c1b8-4f72-a7a8-f75077608d1b,9c0d9803-ed7b-44ca-a30f-1c3ff96c03b1,2026-08-17T06:42:51.029000+00:00,mouse_scroll,,,,,,,,14.240274394965539,,,,,,,,,,,,,,,,,,,,,,,,,,,,,,,,,,,,,,,,,,,,,,,,,,,,,,,,,,,,,,,,,,,,,,,,,,,,,,,
behavioral_event,continuous,e92e7c09-c1b8-4f72-a7a8-f75077608d1b,9c0d9803-ed7b-44ca-a30f-1c3ff96c03b1,2026-08-15T06:42:51.029000+00:00,keystroke,74,,159.0782225164441,123.5264391266355,,,,,,,,,,,,,,,,,,,,,,,,,,,,,,,,,,,,,,,,,,,,,,,,,,,,,,,,,,,,,,,,,,,,,,,,,,,,,,,,,,,
behavioral_event,continuous,e92e7c09-c1b8-4f72-a7a8-f75077608d1b,9c0d9803-ed7b-44ca-a30f-1c3ff96c03b1,2026-08-16T10:42:51.029000+00:00,keystroke,88,,72.39554294026873,73.38752836981655,,,,,,,,,,,,,,,,,,,,,,,,,,,,,,,,,,,,,,,,,,,,,,,,,,,,,,,,,,,,,,,,,,,,,,,,,,,,,,,,,,,
behavioral_event,continuous,e92e7c09-c1b8-4f72-a7a8-f75077608d1b,9c0d9803-ed7b-44ca-a30f-1c3ff96c03b1,2026-08-15T14:42:51.029000+00:00,mouse_click,,,,,1508.3123517249435,674.1222914993303,7.733928935969999,-11.773616919698512,847.9706582534943,,,,,,,,,,,,,,,,,,,,,,,,,,,,,,,,,,,,,,,,,,,,,,,,,,,,,,0.2843929175507787,,,,,,,,,1401.6849034007491,,,,,,,,,,,,,,,
behavioral_event,continuous,e92e7c09-c1b8-4f72-a7a8-f75077608d1b,a90f9b8d-c3f1-4748-99d5-cc782623de81,2026-08-15T07:42:51.029000+00:00,keystroke,65,,185.18299374221667,148.69397820448552,,,,,,,,,,,,,,,,,,,,,,,,,,,,,,,,,,,,,,,,,,,,,,,,,,,,,,,,,,,,,,,,,,,,,,,,,,,,,,,,,,,
behavioral_event,continuous,e92e7c09-c1b8-4f72-a7a8-f75077608d1b,a90f9b8d-c3f1-4748-99d5-cc782623de81,2026-08-15T10:42:51.029000+00:00,mouse_click,,,,,936.1886389843853,731.0689609965242,18.25121899070389,-18.925560746787873,1968.632558994294,,,,,,,,,,,,,,,,,,,,,,,,,,,,,,,,,,,,,,,,,,,,,,,,,,,,,,,,,,,,,,,,,,,,,,,,,,,,,,
behavioral_event,continuous,e92e7c09-c1b8-4f72-a7a8-f75077608d1b,eaa77718-5754-4734-b3cf-a779b607ee8f,2026-08-14T13:42:51.029000+00:00,mouse_scroll,,,,,,,,-22.303582988842436,,,,,,,,,,,,,,,,,,,,,,,,,,,,,,,,,,,,,,,,,,,,,,,,,,,,,,,,,,,,,,,,,,,,,,,,,,,,,,,
behavioral_event,continuous,e92e7c09-c1b8-4f72-a7a8-f75077608d1b,eaa77718-5754-4734-b3cf-a779b607ee8f,2026-08-16T01:42:51.029000+00:00,mouse_click,,,,,537.2956410960863,240.27141203126058,43.37624376069155,48.452360835454996,299.534121020583,,,,,,,,,,,,,,,,,,,,,,,,,,,,,,,,,,,,,,,,,,,,,,,,,,,,,,,,,,,,,,,,,,,,,,,,,,,,,,
behavioral_event,continuous,e92e7c09-c1b8-4f72-a7a8-f75077608d1b,39bd6af0-9893-459b-b1d7-4d8a06a62405,2026-08-15T05:42:51.029000+00:00,mouse_click,,,,,787.0737106554855,183.0317245678134,14.61750384241131,28.14006678446958,1925.3468522713456,,,,,,,,,,,,,,,,,,,,,,,,,,,,,,,,,,,,,,,,,,,,,,,,,,,,,,,,,,,,,,,,,,,,,,,,,,,,,,
behavioral_event,continuous,e92e7c09-c1b8-4f72-a7a8-f75077608d1b,9c0d9803-ed7b-44ca-a30f-1c3ff96c03b1,2026-08-15T02:42:51.029000+00:00,mouse_scroll,,,,,,,,-65.78194448935258,,,,,,,,,,,,,,,,,,,,,,,,,,,,,,,,,,,,,,,,,,,,,,,,,,,,,,,,,,,,,,,51.201184408093695,,,,,,,,,,,,,,,,
behavioral_event,continuous,e92e7c09-c1b8-4f72-a7a8-f75077608d1b,9c0d9803-ed7b-44ca-a30f-1c3ff96c03b1,2026-08-14T23:42:51.029000+00:00,mouse_move,,,,,808.6884830435569,399.4649899923521,17.6732083866914,-36.55497862844673,1063.1699337209407,,,,,,,,,,,,,,,,,,,,,,,,,,,,,,,,,,,,,,,,,,,,,,,,,,,,,,,,,,,,,,,,,,,,,,,,,,,,,,
behavioral_event,continuous,e92e7c09-c1b8-4f72-a7a8-f75077608d1b,9c0d9803-ed7b-44ca-a30f-1c3ff96c03b1,2026-08-17T08:42:51.029000+00:00,mouse_click,,,,,388.93749040138357,566.6553790493674,6.155779424269255,-30.004163614117875,1207.2301717306063,,,,,,,,,,,,,,,,,,,,,,,,,,,,,,,,,,,,,,,,,,,,,,,,,,,,,,,,,,,,,,,,,,,,,,,,,,,,,,
behavioral_event,continuous,e92e7c09-c1b8-4f72-a7a8-f75077608d1b,9c0d9803-ed7b-44ca-a30f-1c3ff96c03b1,2026-08-15T21:42:51.029000+00:00,mouse_click,,,,,374.0955303773951,159.96766209850193,44.32750129651485,26.44279239255816,776.0513376778473,,,,,,,,,,,,,,,,,,,,,,,,,,,,,,,,,,,,,,,,,,,,,,,,,,,,,,0.26587273873421935,,,,,,,,,1055.4919498947497,,,,,,,,,,,,,,,
behavioral_event,continuous,e92e7c09-c1b8-4f72-a7a8-f75077608d1b,a90f9b8d-c3f1-4748-99d5-cc782623de81,2026-08-15T09:42:51.029000+00:00,keystroke,79,,122.33416768141274,148.47319179168844,,,,,,,,,,,,,,,,,,,,,,,,,,,,,,,,,,,,,,,,,,,,,,,,,,,,,,,,,,,,,,,,,,,,,,,,,,,,,,,,,,,
behavioral_event,continuous,e92e7c09-c1b8-4f72-a7a8-f75077608d1b,a90f9b8d-c3f1-4748-99d5-cc782623de81,2026-08-16T03:42:51.029000+00:00,mouse_click,,,,,1077.5027753886957,532.9427090819693,-14.532842825144435,-36.594551228407965,1354.9699677770752,,,,,,,,,,,,,,,,,,,,,,,,,,,,,,,,,,,,,,,,,,,,,,,,,,,,,,0.4423643323127544,,,,,,,,,738.2017510971183,,,,,,,,,,,,,,,
behavioral_event,continuous,e92e7c09-c1b8-4f72-a7a8-f75077608d1b,a90f9b8d-c3f1-4748-99d5-cc782623de81,2026-08-16T08:42:51.029000+00:00,mouse_click,,,,,197.76877367596921,160.0036919870493,27.972809032276786,30.612146131423472,309.17517537700775,,,,,,,,,,,,,,,,,,,,,,,,,,,,,,,,,,,,,,,,,,,,,,,,,,,,,,0.3234695280598111,,,,,,,,,1383.7044059227649,,,,,,,,,,,,,,,
behavioral_event,continuous,e92e7c09-c1b8-4f72-a7a8-f75077608d1b,024a219c-b4f9-4b79-9849-65b13577f642,2026-08-17T09:42:51.029000+00:00,mouse_click,,,,,1297.5851928105383,429.7766310643111,-33.13933336751155,-39.97247648922987,947.4409503550435,,,,,,,,,,,,,,,,,,,,,,,,,,,,,,,,,,,,,,,,,,,,,,,,,,,,,,0.2023248469242611,,,,,,,,,1123.1655501870978,,,,,,,,,,,,,,,
behavioral_event,continuous,e92e7c09-c1b8-4f72-a7a8-f75077608d1b,024a219c-b4f9-4b79-9849-65b13577f642,2026-08-15T15:42:51.029000+00:00,keystroke,78,,196.2767484025367,96.85326343764865,,,,,,,,,,,,,,,,,,,,,,,,,,,,,,,,,,,,,,,,,,,,,,,,,,,,,,,,,,,,,93.95959496430613,,58.98787361223901,,,,,,,,,,,,,,,,,,,,
behavioral_event,continuous,e92e7c09-c1b8-4f72-a7a8-f75077608d1b,39bd6af0-9893-459b-b1d7-4d8a06a62405,2026-08-15T11:42:51.029000+00:00,keystroke,71,,195.6156297665091,93.39436384221676,,,,,,,,,,,,,,,,,,,,,,,,,,,,,,,,,,,,,,,,,,,,,,,,,,,,,,,,,,,,,,,,,,,,,,,,,,,,,,,,,,,
behavioral_event,continuous,e92e7c09-c1b8-4f72-a7a8-f75077608d1b,9c0d9803-ed7b-44ca-a30f-1c3ff96c03b1,2026-08-17T05:42:51.029000+00:00,mouse_move,,,,,377.9961306263802,594.7474308535419,0.014663196166431192,-47.02693663329703,1285.2939513243318,,,,,,,,,,,,,,,,,,,,,,,,,,,,,,,,,,,,,,,,,,,,,,,,,,,,,,,,,,,,,,,,,,,,,,,,,,,,,,
behavioral_event,continuous,e92e7c09-c1b8-4f72-a7a8-f75077608d1b,9c0d9803-ed7b-44ca-a30f-1c3ff96c03b1,2026-08-14T16:42:51.029000+00:00,mouse_click,,,,,1004.1272806612587,496.0291606629595,-9.91414713792139,-6.98591953285915,1400.1468895945625,,,,,,,,,,,,,,,,,,,,,,,,,,,,,,,,,,,,,,,,,,,,,,,,,,,,,,,,,,,,,,,,,,,,,,,,,,,,,,
behavioral_event,continuous,e92e7c09-c1b8-4f72-a7a8-f75077608d1b,9c0d9803-ed7b-44ca-a30f-1c3ff96c03b1,2026-08-17T09:42:51.029000+00:00,mouse_move,,,,,1799.2236193542344,556.054688233622,-17.075243165088374,8.294105580912024,1806.8213147878746,,,,,,,,,,,,,,,,,,,,,,,,,,,,,,,,,,,,,,,,,,,,,,,,,,,,,,,,,,,,,,,,,,,,,,,,,,,,,,
behavioral_event,continuous,e92e7c09-c1b8-4f72-a7a8-f75077608d1b,a90f9b8d-c3f1-4748-99d5-cc782623de81,2026-08-17T04:42:51.029000+00:00,keystroke,69,,80.68825595720635,46.19949199728543,,,,,,,,,,,,,,,,,,,,,,,,,,,,,,,,,,,,,,,,,,,,,,,,,,,,,,,,,,,,,,,,,,,,,,,,,,,,,,,,,,,
behavioral_event,continuous,e92e7c09-c1b8-4f72-a7a8-f75077608d1b,024a219c-b4f9-4b79-9849-65b13577f642,2026-08-14T17:42:51.029000+00:00,mouse_click,,,,,305.92576317970827,685.6352282557314,36.6478746278237,-11.364316810670871,1006.5065973577771,,,,,,,,,,,,,,,,,,,,,,,,,,,,,,,,,,,,,,,,,,,,,,,,,,,,,,,,,,,,,,,,,,,,,,,,,,,,,,
behavioral_event,continuous,e92e7c09-c1b8-4f72-a7a8-f75077608d1b,024a219c-b4f9-4b79-9849-65b13577f642,2026-08-14T23:42:51.029000+00:00,mouse_move,,,,,1609.5369611617077,550.2699458337413,20.162707934828802,-13.305795974272037,612.4654124708273,,,,,,,,,,,,,,,,,,,,,,,,,,,,,,,,,,,,,,,,,,,,,,,,,,,,,,,,,,,,,,,,,,,,,,,,,,,,,,
behavioral_event,continuous,e92e7c09-c1b8-4f72-a7a8-f75077608d1b,024a219c-b4f9-4b79-9849-65b13577f642,2026-08-16T22:42:51.029000+00:00,mouse_click,,,,,1433.4778602039696,159.69886341013301,45.68910602250682,14.334205294569273,1621.3115941904766,,,,,,,,,,,,,,,,,,,,,,,,,,,,,,,,,,,,,,,,,,,,,,,,,,,,,,,,,,,,,,,,,,,,,,,,,,,,,,
behavioral_event,continuous,e92e7c09-c1b8-4f72-a7a8-f75077608d1b,eaa77718-5754-4734-b3cf-a779b607ee8f,2026-08-16T13:42:51.029000+00:00,mouse_click,,,,,1546.1620970415047,615.201748842252,30.47586940261847,-17.20464839513228,1814.394656204274,,,,,,,,,,,,,,,,,,,,,,,,,,,,,,,,,,,,,,,,,,,,,,,,,,,,,,,,,,,,,,,,,,,,,,,,,,,,,,
behavioral_event,continuous,e92e7c09-c1b8-4f72-a7a8-f75077608d1b,39bd6af0-9893-459b-b1d7-4d8a06a62405,2026-08-15T09:42:51.029000+00:00,mouse_scroll,,,,,,,,15.387673212102257,,,,,,,,,,,,,,,,,,,,,,,,,,,,,,,,,,,,,,,,,,,,,,,,,,,,,,,,,,,,,,,,,,,,,,,,,,,,,,,
behavioral_event,continuous,e92e7c09-c1b8-4f72-a7a8-f75077608d1b,39bd6af0-9893-459b-b1d7-4d8a06a62405,2026-08-14T18:42:51.029000+00:00,keystroke,65,,144.25153860850116,82.91481272417005,,,,,,,,,,,,,,,,,,,,,,,,,,,,,,,,,,,,,,,,,,,,,,,,,,,,,,,,,,,,,123.07407782781411,,97.49970416319715,,,,,,,,,,,,,,,,,,,,
behavioral_event,continuous,e92e7c09-c1b8-4f72-a7a8-f75077608d1b,9c0d9803-ed7b-44ca-a30f-1c3ff96c03b1,2026-08-16T21:42:51.029000+00:00,mouse_move,,,,,595.5210217816407,538.8943028052784,17.443716535507164,17.83237945241079,488.27252510282455,,,,,,,,,,,,,,,,,,,,,,,,,,,,,,,,,,,,,,,,,,,,,,,,,,,,,,,,,,,,,,,,,,,,,,,,,,,,,,
behavioral_event,continuous,e92e7c09-c1b8-4f72-a7a8-f75077608d1b,9c0d9803-ed7b-44ca-a30f-1c3ff96c03b1,2026-08-16T18:42:51.029000+00:00,mouse_scroll,,,,,,,,-94.77990066401867,,,,,,,,,,,,,,,,,,,,,,,,,,,,,,,,,,,,,,,,,,,,,,,,,,,,,,,,,,,,,,,8.650446294016064,,,,,,,,,,,,,,,,
behavioral_event,continuous,e92e7c09-c1b8-4f72-a7a8-f75077608d1b,ee98be6a-039b-4299-8c10-326d03c2af79,2026-08-16T13:52:54.742000+00:00,mouse_click,,,,,1546.1620970415047,615.201748842252,30.47586940261847,-17.20464839513228,1814.394656204274,,,,,,,,,,,,,,,,,,,,,,,,,,,,,,,,,,,,,,,,,,,,,,,,,,,,,,,,,,,,,,,,,,,,,,,,,,,,,,
behavioral_event,continuous,e92e7c09-c1b8-4f72-a7a8-f75077608d1b,69d68992-ff33-49ca-bb69-3b9d7ac5f694,2026-08-15T22:52:54.742000+00:00,mouse_click,,,,,1618.8318058793925,133.9395816051308,0.010177238089795537,22.201501259667737,1240.3477536468922,,,,,,,,,,,,,,,,,,,,,,,,,,,,,,,,,,,,,,,,,,,,,,,,,,,,,,,,,,,,,,,,,,,,,,,,,,,,,,
behavioral_event,continuous,e92e7c09-c1b8-4f72-a7a8-f75077608d1b,e4d349cb-5353-4fcf-a3bd-bd5cd405127b,2026-08-14T23:52:54.742000+00:00,mouse_move,,,,,808.6884830435569,399.4649899923521,17.6732083866914,-36.55497862844673,1063.1699337209407,,,,,,,,,,,,,,,,,,,,,,,,,,,,,,,,,,,,,,,,,,,,,,,,,,,,,,,,,,,,,,,,,,,,,,,,,,,,,,
behavioral_event,continuous,e92e7c09-c1b8-4f72-a7a8-f75077608d1b,dbcafd98-6f46-4010-b5d0-13b23c34f677,2026-08-14T12:52:54.742000+00:00,mouse_scroll,,,,,,,,-81.87760735306364,,,,,,,,,,,,,,,,,,,,,,,,,,,,,,,,,,,,,,,,,,,,,,,,,,,,,,,,,,,,,,,,,,,,,,,,,,,,,,,
behavioral_event,continuous,e92e7c09-c1b8-4f72-a7a8-f75077608d1b,dbcafd98-6f46-4010-b5d0-13b23c34f677,2026-08-16T21:52:54.742000+00:00,mouse_click,,,,,1602.499928584912,373.38984029064034,-5.015400767574505,-41.18348056060085,367.42866359819726,,,,,,,,,,,,,,,,,,,,,,,,,,,,,,,,,,,,,,,,,,,,,,,,,,,,,,,,,,,,,,,,,,,,,,,,,,,,,,
behavioral_event,continuous,e92e7c09-c1b8-4f72-a7a8-f75077608d1b,dbcafd98-6f46-4010-b5d0-13b23c34f677,2026-08-16T03:52:54.742000+00:00,mouse_click,,,,,1077.5027753886957,532.9427090819693,-14.532842825144435,-36.594551228407965,1354.9699677770752,,,,,,,,,,,,,,,,,,,,,,,,,,,,,,,,,,,,,,,,,,,,,,,,,,,,,,0.4423643323127544,,,,,,,,,738.2017510971183,,,,,,,,,,,,,,,
behavioral_event,continuous,e92e7c09-c1b8-4f72-a7a8-f75077608d1b,dbcafd98-6f46-4010-b5d0-13b23c34f677,2026-08-17T04:52:54.742000+00:00,keystroke,69,,80.68825595720635,46.19949199728543,,,,,,,,,,,,,,,,,,,,,,,,,,,,,,,,,,,,,,,,,,,,,,,,,,,,,,,,,,,,,,,,,,,,,,,,,,,,,,,,,,,
behavioral_event,continuous,e92e7c09-c1b8-4f72-a7a8-f75077608d1b,dbcafd98-6f46-4010-b5d0-13b23c34f677,2026-08-15T11:52:54.742000+00:00,mouse_click,,,,,106.40920707739092,762.9803165109595,3.462410787896509,-20.95377950135656,1270.3273100805825,,,,,,,,,,,,,,,,,,,,,,,,,,,,,,,,,,,,,,,,,,,,,,,,,,,,,,0.2429315851688874,,,,,,,,,651.9333700708777,,,,,,,,,,,,,,,
behavioral_event,continuous,e92e7c09-c1b8-4f72-a7a8-f75077608d1b,7ce5291a-f895-4163-b747-7b6fd263d381,2026-08-16T21:52:54.742000+00:00,mouse_click,,,,,1440.655739749339,708.8840175460654,-28.23105944108232,26.922103227475873,1581.762547673863,,,,,,,,,,,,,,,,,,,,,,,,,,,,,,,,,,,,,,,,,,,,,,,,,,,,,,,,,,,,,,,,,,,,,,,,,,,,,,
behavioral_event,continuous,e92e7c09-c1b8-4f72-a7a8-f75077608d1b,7ce5291a-f895-4163-b747-7b6fd263d381,2026-08-15T14:52:54.742000+00:00,mouse_scroll,,,,,,,,-47.28560088814788,,,,,,,,,,,,,,,,,,,,,,,,,,,,,,,,,,,,,,,,,,,,,,,,,,,,,,,,,,,,,,,,,,,,,,,,,,,,,,,
behavioral_event,continuous,e92e7c09-c1b8-4f72-a7a8-f75077608d1b,69d68992-ff33-49ca-bb69-3b9d7ac5f694,2026-08-16T22:52:54.742000+00:00,keystroke,66,,192.2940525247281,84.29433759063488,,,,,,,,,,,,,,,,,,,,,,,,,,,,,,,,,,,,,,,,,,,,,,,,,,,,,,,,,,,,,,,,,,,,,,,,,,,,,,,,,,,
behavioral_event,continuous,e92e7c09-c1b8-4f72-a7a8-f75077608d1b,e4d349cb-5353-4fcf-a3bd-bd5cd405127b,2026-08-15T12:52:54.742000+00:00,mouse_scroll,,,,,,,,-40.85933019195538,,,,,,,,,,,,,,,,,,,,,,,,,,,,,,,,,,,,,,,,,,,,,,,,,,,,,,,,,,,,,,,,,,,,,,,,,,,,,,,
behavioral_event,continuous,e92e7c09-c1b8-4f72-a7a8-f75077608d1b,dbcafd98-6f46-4010-b5d0-13b23c34f677,2026-08-16T00:52:54.742000+00:00,mouse_move,,,,,231.83298877424872,622.1471642695473,21.28924553225582,28.14683510213804,793.5314376611337,,,,,,,,,,,,,,,,,,,,,,,,,,,,,,,,,,,,,,,,,,,,,,,,,,,,,,,,,,,,,,,,,,,,,,,,,,,,,,
behavioral_event,continuous,e92e7c09-c1b8-4f72-a7a8-f75077608d1b,7ce5291a-f895-4163-b747-7b6fd263d381,2026-08-14T17:52:54.742000+00:00,mouse_click,,,,,305.92576317970827,685.6352282557314,36.6478746278237,-11.364316810670871,1006.5065973577771,,,,,,,,,,,,,,,,,,,,,,,,,,,,,,,,,,,,,,,,,,,,,,,,,,,,,,,,,,,,,,,,,,,,,,,,,,,,,,
behavioral_event,continuous,e92e7c09-c1b8-4f72-a7a8-f75077608d1b,7ce5291a-f895-4163-b747-7b6fd263d381,2026-08-15T15:52:54.742000+00:00,keystroke,78,,196.2767484025367,96.85326343764865,,,,,,,,,,,,,,,,,,,,,,,,,,,,,,,,,,,,,,,,,,,,,,,,,,,,,,,,,,,,,93.95959496430613,,58.98787361223901,,,,,,,,,,,,,,,,,,,,
behavioral_event,continuous,e92e7c09-c1b8-4f72-a7a8-f75077608d1b,ee98be6a-039b-4299-8c10-326d03c2af79,2026-08-14T15:52:54.742000+00:00,keystroke,71,,95.78870394997625,115.22148678507715,,,,,,,,,,,,,,,,,,,,,,,,,,,,,,,,,,,,,,,,,,,,,,,,,,,,,,,,,,,,,135.04755261677164,,118.92381335913778,,,,,,,,,,,,,,,,,,,,
behavioral_event,continuous,e92e7c09-c1b8-4f72-a7a8-f75077608d1b,69d68992-ff33-49ca-bb69-3b9d7ac5f694,2026-08-14T17:52:54.742000+00:00,mouse_move,,,,,919.4293949336419,176.86279091900454,15.961861877912966,-18.02878937896908,167.21995281584412,,,,,,,,,,,,,,,,,,,,,,,,,,,,,,,,,,,,,,,,,,,,,,,,,,,,,,,,,,,,,,,,,,,,,,,,,,,,,,
behavioral_event,continuous,e92e7c09-c1b8-4f72-a7a8-f75077608d1b,69d68992-ff33-49ca-bb69-3b9d7ac5f694,2026-08-15T06:52:54.742000+00:00,keystroke,89,,183.33265812960946,124.93433499318112,,,,,,,,,,,,,,,,,,,,,,,,,,,,,,,,,,,,,,,,,,,,,,,,,,,,,,,,,,,,,137.90704748431568,,91.11738846608121,,,,,,,,,,,,,,,,,,,,
behavioral_event,continuous,e92e7c09-c1b8-4f72-a7a8-f75077608d1b,e4d349cb-5353-4fcf-a3bd-bd5cd405127b,2026-08-15T05:52:54.742000+00:00,mouse_move,,,,,433.05915846000835,264.59505864227003,44.815805070778254,13.142206333635606,1994.3839877442613,,,,,,,,,,,,,,,,,,,,,,,,,,,,,,,,,,,,,,,,,,,,,,,,,,,,,,,,,,,,,,,,,,,,,,,,,,,,,,
behavioral_event,continuous,e92e7c09-c1b8-4f72-a7a8-f75077608d1b,dbcafd98-6f46-4010-b5d0-13b23c34f677,2026-08-15T08:52:54.742000+00:00,mouse_click,,,,,1418.7984981069199,582.2290000267719,13.748528913590121,-15.313235938618888,293.7570866597879,,,,,,,,,,,,,,,,,,,,,,,,,,,,,,,,,,,,,,,,,,,,,,,,,,,,,,0.21816697091829043,,,,,,,,,655.4188897991478,,,,,,,,,,,,,,,
behavioral_event,continuous,e92e7c09-c1b8-4f72-a7a8-f75077608d1b,dbcafd98-6f46-4010-b5d0-13b23c34f677,2026-08-16T13:52:54.742000+00:00,mouse_move,,,,,1057.1882917211085,491.65539628426274,-46.188005601527635,-5.573788031095653,1282.90834727437,,,,,,,,,,,,,,,,,,,,,,,,,,,,,,,,,,,,,,,,,,,,,,,,,,,,,,,,,,,,,,,,,,,,,,,,,,,,,,
behavioral_event,continuous,e92e7c09-c1b8-4f72-a7a8-f75077608d1b,ee98be6a-039b-4299-8c10-326d03c2af79,2026-08-17T07:52:54.742000+00:00,mouse_move,,,,,695.8721380674626,682.2272595897454,13.612378176830234,-1.0641709806924666,866.1740240657119,,,,,,,,,,,,,,,,,,,,,,,,,,,,,,,,,,,,,,,,,,,,,,,,,,,,,,,,,,,,,,,,,,,,,,,,,,,,,,
behavioral_event,continuous,e92e7c09-c1b8-4f72-a7a8-f75077608d1b,e4d349cb-5353-4fcf-a3bd-bd5cd405127b,2026-08-14T16:52:54.742000+00:00,mouse_click,,,,,1004.1272806612587,496.0291606629595,-9.91414713792139,-6.98591953285915,1400.1468895945625,,,,,,,,,,,,,,,,,,,,,,,,,,,,,,,,,,,,,,,,,,,,,,,,,,,,,,,,,,,,,,,,,,,,,,,,,,,,,,
behavioral_event,continuous,e92e7c09-c1b8-4f72-a7a8-f75077608d1b,e4d349cb-5353-4fcf-a3bd-bd5cd405127b,2026-08-15T06:52:54.742000+00:00,keystroke,74,,159.0782225164441,123.5264391266355,,,,,,,,,,,,,,,,,,,,,,,,,,,,,,,,,,,,,,,,,,,,,,,,,,,,,,,,,,,,,,,,,,,,,,,,,,,,,,,,,,,
behavioral_event,continuous,e92e7c09-c1b8-4f72-a7a8-f75077608d1b,dbcafd98-6f46-4010-b5d0-13b23c34f677,2026-08-15T23:52:54.742000+00:00,mouse_scroll,,,,,,,,-1.6842490378734567,,,,,,,,,,,,,,,,,,,,,,,,,,,,,,,,,,,,,,,,,,,,,,,,,,,,,,,,,,,,,,,,,,,,,,,,,,,,,,,
behavioral_event,continuous,e92e7c09-c1b8-4f72-a7a8-f75077608d1b,dbcafd98-6f46-4010-b5d0-13b23c34f677,2026-08-15T18:52:54.742000+00:00,mouse_click,,,,,394.2881178339646,168.27176880209925,11.726744906574318,-43.825385290848104,281.52215971157545,,,,,,,,,,,,,,,,,,,,,,,,,,,,,,,,,,,,,,,,,,,,,,,,,,,,,,,,,,,,,,,,,,,,,,,,,,,,,,
behavioral_event,continuous,e92e7c09-c1b8-4f72-a7a8-f75077608d1b,dbcafd98-6f46-4010-b5d0-13b23c34f677,2026-08-15T18:52:54.742000+00:00,mouse_scroll,,,,,,,,68.41260411521245,,,,,,,,,,,,,,,,,,,,,,,,,,,,,,,,,,,,,,,,,,,,,,,,,,,,,,,,,,,,,,,,,,,,,,,,,,,,,,,
behavioral_event,continuous,e92e7c09-c1b8-4f72-a7a8-f75077608d1b,dbcafd98-6f46-4010-b5d0-13b23c34f677,2026-08-15T09:52:54.742000+00:00,mouse_scroll,,,,,,,,-70.91516691845996,,,,,,,,,,,,,,,,,,,,,,,,,,,,,,,,,,,,,,,,,,,,,,,,,,,,,,,,,,,,,,,,,,,,,,,,,,,,,,,
behavioral_event,continuous,e92e7c09-c1b8-4f72-a7a8-f75077608d1b,69d68992-ff33-49ca-bb69-3b9d7ac5f694,2026-08-17T00:52:54.742000+00:00,mouse_scroll,,,,,,,,18.621124768892045,,,,,,,,,,,,,,,,,,,,,,,,,,,,,,,,,,,,,,,,,,,,,,,,,,,,,,,,,,,,,,,6.676709695162785,,,,,,,,,,,,,,,,
behavioral_event,continuous,e92e7c09-c1b8-4f72-a7a8-f75077608d1b,69d68992-ff33-49ca-bb69-3b9d7ac5f694,2026-08-14T18:52:54.742000+00:00,mouse_click,,,,,1677.1852633180206,287.9340421818491,-19.259909592337586,-44.15817784377989,436.34982709435695,,,,,,,,,,,,,,,,,,,,,,,,,,,,,,,,,,,,,,,,,,,,,,,,,,,,,,,,,,,,,,,,,,,,,,,,,,,,,,
behavioral_event,continuous,e92e7c09-c1b8-4f72-a7a8-f75077608d1b,e4d349cb-5353-4fcf-a3bd-bd5cd405127b,2026-08-17T04:52:54.742000+00:00,mouse_move,,,,,1119.291797489323,727.6139898937996,8.015724856648824,4.420933836277676,1231.2704189642175,,,,,,,,,,,,,,,,,,,,,,,,,,,,,,,,,,,,,,,,,,,,,,,,,,,,,,,,,,,,,,,,,,,,,,,,,,,,,,
behavioral_event,continuous,e92e7c09-c1b8-4f72-a7a8-f75077608d1b,e4d349cb-5353-4fcf-a3bd-bd5cd405127b,2026-08-17T03:52:54.742000+00:00,mouse_move,,,,,1365.6747469853228,468.76541351857117,10.265600583301584,-4.117569586036254,1774.72750599847,,,,,,,,,,,,,,,,,,,,,,,,,,,,,,,,,,,,,,,,,,,,,,,,,,,,,,0.49938561462413844,,,,,,,,,764.8852600195614,,,,,,,,,,,,,,,
behavioral_event,continuous,e92e7c09-c1b8-4f72-a7a8-f75077608d1b,e4d349cb-5353-4fcf-a3bd-bd5cd405127b,2026-08-17T00:52:54.742000+00:00,mouse_move,,,,,1453.34239561742,860.9076819992696,2.609632859556733,39.63518564515928,1943.2583369987215,,,,,,,,,,,,,,,,,,,,,,,,,,,,,,,,,,,,,,,,,,,,,,,,,,,,,,,,,,,,,,,,,,,,,,,,,,,,,,
behavioral_event,continuous,e92e7c09-c1b8-4f72-a7a8-f75077608d1b,dbcafd98-6f46-4010-b5d0-13b23c34f677,2026-08-15T17:52:54.742000+00:00,mouse_click,,,,,265.7493911475654,478.6617867826541,-31.911246466180387,37.660994454232295,993.031535186769,,,,,,,,,,,,,,,,,,,,,,,,,,,,,,,,,,,,,,,,,,,,,,,,,,,,,,,,,,,,,,,,,,,,,,,,,,,,,,
behavioral_event,continuous,e92e7c09-c1b8-4f72-a7a8-f75077608d1b,dbcafd98-6f46-4010-b5d0-13b23c34f677,2026-08-16T04:52:54.742000+00:00,mouse_scroll,,,,,,,,-66.68645934858395,,,,,,,,,,,,,,,,,,,,,,,,,,,,,,,,,,,,,,,,,,,,,,,,,,,,,,,,,,,,,,,,,,,,,,,,,,,,,,,
behavioral_event,continuous,e92e7c09-c1b8-4f72-a7a8-f75077608d1b,dbcafd98-6f46-4010-b5d0-13b23c34f677,2026-08-15T01:52:54.742000+00:00,mouse_scroll,,,,,,,,79.65879723911766,,,,,,,,,,,,,,,,,,,,,,,,,,,,,,,,,,,,,,,,,,,,,,,,,,,,,,,,,,,,,,,0.4837010573537128,,,,,,,,,,,,,,,,
behavioral_event,continuous,e92e7c09-c1b8-4f72-a7a8-f75077608d1b,dbcafd98-6f46-4010-b5d0-13b23c34f677,2026-08-16T05:52:54.742000+00:00,mouse_click,,,,,742.925317533518,815.0193313000686,19.23923037094785,33.75731604784835,1916.4725727514315,,,,,,,,,,,,,,,,,,,,,,,,,,,,,,,,,,,,,,,,,,,,,,,,,,,,,,,,,,,,,,,,,,,,,,,,,,,,,,
behavioral_event,continuous,e92e7c09-c1b8-4f72-a7a8-f75077608d1b,7ce5291a-f895-4163-b747-7b6fd263d381,2026-08-14T20:52:54.742000+00:00,mouse_scroll,,,,,,,,-98.02965977115328,,,,,,,,,,,,,,,,,,,,,,,,,,,,,,,,,,,,,,,,,,,,,,,,,,,,,,,,,,,,,,,,,,,,,,,,,,,,,,,
behavioral_event,continuous,e92e7c09-c1b8-4f72-a7a8-f75077608d1b,7ce5291a-f895-4163-b747-7b6fd263d381,2026-08-14T10:52:54.742000+00:00,mouse_move,,,,,1589.1046976551406,353.99331498598997,-4.4737696005726875,9.84045211734319,916.6055790666734,,,,,,,,,,,,,,,,,,,,,,,,,,,,,,,,,,,,,,,,,,,,,,,,,,,,,,0.23812076424299564,,,,,,,,,1367.5249973603668,,,,,,,,,,,,,,,
behavioral_event,continuous,e92e7c09-c1b8-4f72-a7a8-f75077608d1b,e4d349cb-5353-4fcf-a3bd-bd5cd405127b,2026-08-15T21:52:54.742000+00:00,mouse_move,,,,,1250.1263506016471,298.8773942959922,-49.20160243755518,4.178667380185466,1784.6378411420883,,,,,,,,,,,,,,,,,,,,,,,,,,,,,,,,,,,,,,,,,,,,,,,,,,,,,,0.23998841292975134,,,,,,,,,758.5957905431314,,,,,,,,,,,,,,,
behavioral_event,continuous,e92e7c09-c1b8-4f72-a7a8-f75077608d1b,e4d349cb-5353-4fcf-a3bd-bd5cd405127b,2026-08-16T10:52:54.742000+00:00,keystroke,88,,72.39554294026873,73.38752836981655,,,,,,,,,,,,,,,,,,,,,,,,,,,,,,,,,,,,,,,,,,,,,,,,,,,,,,,,,,,,,,,,,,,,,,,,,,,,,,,,,,,
behavioral_event,continuous,e92e7c09-c1b8-4f72-a7a8-f75077608d1b,e4d349cb-5353-4fcf-a3bd-bd5cd405127b,2026-08-16T15:52:54.742000+00:00,mouse_scroll,,,,,,,,-48.90287687093839,,,,,,,,,,,,,,,,,,,,,,,,,,,,,,,,,,,,,,,,,,,,,,,,,,,,,,,,,,,,,,,,,,,,,,,,,,,,,,,
behavioral_event,continuous,e92e7c09-c1b8-4f72-a7a8-f75077608d1b,e4d349cb-5353-4fcf-a3bd-bd5cd405127b,2026-08-17T09:52:54.742000+00:00,mouse_move,,,,,1799.2236193542344,556.054688233622,-17.075243165088374,8.294105580912024,1806.8213147878746,,,,,,,,,,,,,,,,,,,,,,,,,,,,,,,,,,,,,,,,,,,,,,,,,,,,,,,,,,,,,,,,,,,,,,,,,,,,,,
behavioral_event,continuous,e92e7c09-c1b8-4f72-a7a8-f75077608d1b,ee98be6a-039b-4299-8c10-326d03c2af79,2026-08-14T13:52:54.742000+00:00,mouse_move,,,,,410.7948959826981,888.9020271968259,-42.95429094823274,14.935737532341236,170.54965008702328,,,,,,,,,,,,,,,,,,,,,,,,,,,,,,,,,,,,,,,,,,,,,,,,,,,,,,,,,,,,,,,,,,,,,,,,,,,,,,
behavioral_event,continuous,e92e7c09-c1b8-4f72-a7a8-f75077608d1b,69d68992-ff33-49ca-bb69-3b9d7ac5f694,2026-08-15T09:52:54.742000+00:00,mouse_scroll,,,,,,,,15.387673212102257,,,,,,,,,,,,,,,,,,,,,,,,,,,,,,,,,,,,,,,,,,,,,,,,,,,,,,,,,,,,,,,,,,,,,,,,,,,,,,,
behavioral_event,continuous,e92e7c09-c1b8-4f72-a7a8-f75077608d1b,e4d349cb-5353-4fcf-a3bd-bd5cd405127b,2026-08-16T21:52:54.742000+00:00,mouse_move,,,,,595.5210217816407,538.8943028052784,17.443716535507164,17.83237945241079,488.27252510282455,,,,,,,,,,,,,,,,,,,,,,,,,,,,,,,,,,,,,,,,,,,,,,,,,,,,,,,,,,,,,,,,,,,,,,,,,,,,,,
behavioral_event,continuous,e92e7c09-c1b8-4f72-a7a8-f75077608d1b,e4d349cb-5353-4fcf-a3bd-bd5cd405127b,2026-08-16T22:52:54.742000+00:00,mouse_click,,,,,465.8436104364286,763.8926429886853,19.343299719045532,-3.577366296567554,1002.7211454272332,,,,,,,,,,,,,,,,,,,,,,,,,,,,,,,,,,,,,,,,,,,,,,,,,,,,,,,,,,,,,,,,,,,,,,,,,,,,,,
behavioral_event,continuous,e92e7c09-c1b8-4f72-a7a8-f75077608d1b,e4d349cb-5353-4fcf-a3bd-bd5cd405127b,2026-08-14T15:52:54.742000+00:00,mouse_click,,,,,958.0464473001985,583.5950453702781,-9.559248458161683,13.208242934959799,450.44429246342736,,,,,,,,,,,,,,,,,,,,,,,,,,,,,,,,,,,,,,,,,,,,,,,,,,,,,,,,,,,,,,,,,,,,,,,,,,,,,,
behavioral_event,continuous,e92e7c09-c1b8-4f72-a7a8-f75077608d1b,dbcafd98-6f46-4010-b5d0-13b23c34f677,2026-08-15T01:52:54.742000+00:00,mouse_scroll,,,,,,,,-60.666991605840906,,,,,,,,,,,,,,,,,,,,,,,,,,,,,,,,,,,,,,,,,,,,,,,,,,,,,,,,,,,,,,,,,,,,,,,,,,,,,,,
behavioral_event,continuous,e92e7c09-c1b8-4f72-a7a8-f75077608d1b,dbcafd98-6f46-4010-b5d0-13b23c34f677,2026-08-17T06:52:54.742000+00:00,keystroke,72,,150.8584087201441,36.48568043661709,,,,,,,,,,,,,,,,,,,,,,,,,,,,,,,,,,,,,,,,,,,,,,,,,,,,,,,,,,,,,131.91694200042326,,82.20646519197518,,,,,,,,,,,,,,,,,,,,
behavioral_event,continuous,e92e7c09-c1b8-4f72-a7a8-f75077608d1b,dbcafd98-6f46-4010-b5d0-13b23c34f677,2026-08-15T20:52:54.742000+00:00,mouse_scroll,,,,,,,,-21.174690269810313,,,,,,,,,,,,,,,,,,,,,,,,,,,,,,,,,,,,,,,,,,,,,,,,,,,,,,,,,,,,,,,,,,,,,,,,,,,,,,,
behavioral_event,continuous,e92e7c09-c1b8-4f72-a7a8-f75077608d1b,7ce5291a-f895-4163-b747-7b6fd263d381,2026-08-16T07:52:54.742000+00:00,mouse_scroll,,,,,,,,21.246253886991056,,,,,,,,,,,,,,,,,,,,,,,,,,,,,,,,,,,,,,,,,,,,,,,,,,,,,,,,,,,,,,,,,,,,,,,,,,,,,,,
behavioral_event,continuous,e92e7c09-c1b8-4f72-a7a8-f75077608d1b,69d68992-ff33-49ca-bb69-3b9d7ac5f694,2026-08-15T11:52:54.742000+00:00,keystroke,71,,195.6156297665091,93.39436384221676,,,,,,,,,,,,,,,,,,,,,,,,,,,,,,,,,,,,,,,,,,,,,,,,,,,,,,,,,,,,,,,,,,,,,,,,,,,,,,,,,,,
behavioral_event,continuous,e92e7c09-c1b8-4f72-a7a8-f75077608d1b,69d68992-ff33-49ca-bb69-3b9d7ac5f694,2026-08-16T10:52:54.742000+00:00,mouse_scroll,,,,,,,,-37.48514605818172,,,,,,,,,,,,,,,,,,,,,,,,,,,,,,,,,,,,,,,,,,,,,,,,,,,,,,,,,,,,,,,,,,,,,,,,,,,,,,,
behavioral_event,continuous,e92e7c09-c1b8-4f72-a7a8-f75077608d1b,69d68992-ff33-49ca-bb69-3b9d7ac5f694,2026-08-16T16:52:54.742000+00:00,keystroke,69,,66.6854843635343,73.5347818425314,,,,,,,,,,,,,,,,,,,,,,,,,,,,,,,,,,,,,,,,,,,,,,,,,,,,,,,,,,,,,,,,,,,,,,,,,,,,,,,,,,,
behavioral_event,continuous,e92e7c09-c1b8-4f72-a7a8-f75077608d1b,e4d349cb-5353-4fcf-a3bd-bd5cd405127b,2026-08-16T04:52:54.742000+00:00,mouse_scroll,,,,,,,,87.6380499343598,,,,,,,,,,,,,,,,,,,,,,,,,,,,,,,,,,,,,,,,,,,,,,,,,,,,,,,,,,,,,,,,,,,,,,,,,,,,,,,
behavioral_event,continuous,e92e7c09-c1b8-4f72-a7a8-f75077608d1b,e4d349cb-5353-4fcf-a3bd-bd5cd405127b,2026-08-14T16:52:54.742000+00:00,mouse_scroll,,,,,,,,12.26894792876871,,,,,,,,,,,,,,,,,,,,,,,,,,,,,,,,,,,,,,,,,,,,,,,,,,,,,,,,,,,,,,,77.00188776955736,,,,,,,,,,,,,,,,
behavioral_event,continuous,e92e7c09-c1b8-4f72-a7a8-f75077608d1b,e4d349cb-5353-4fcf-a3bd-bd5cd405127b,2026-08-15T12:52:54.742000+00:00,keystroke,65,,121.49920527476773,109.28435643888132,,,,,,,,,,,,,,,,,,,,,,,,,,,,,,,,,,,,,,,,,,,,,,,,,,,,,,,,,,,,,,,,,,,,,,,,,,,,,,,,,,,
behavioral_event,continuous,e92e7c09-c1b8-4f72-a7a8-f75077608d1b,e4d349cb-5353-4fcf-a3bd-bd5cd405127b,2026-08-17T08:52:54.742000+00:00,mouse_click,,,,,388.93749040138357,566.6553790493674,6.155779424269255,-30.004163614117875,1207.2301717306063,,,,,,,,,,,,,,,,,,,,,,,,,,,,,,,,,,,,,,,,,,,,,,,,,,,,,,,,,,,,,,,,,,,,,,,,,,,,,,
behavioral_event,continuous,e92e7c09-c1b8-4f72-a7a8-f75077608d1b,dbcafd98-6f46-4010-b5d0-13b23c34f677,2026-08-15T11:52:54.742000+00:00,keystroke,80,,50.28483701365028,57.53452051605879,,,,,,,,,,,,,,,,,,,,,,,,,,,,,,,,,,,,,,,,,,,,,,,,,,,,,,,,,,,,,,,,,,,,,,,,,,,,,,,,,,,
behavioral_event,continuous,e92e7c09-c1b8-4f72-a7a8-f75077608d1b,dbcafd98-6f46-4010-b5d0-13b23c34f677,2026-08-16T10:52:54.742000+00:00,mouse_scroll,,,,,,,,-28.110458747803662,,,,,,,,,,,,,,,,,,,,,,,,,,,,,,,,,,,,,,,,,,,,,,,,,,,,,,,,,,,,,,,,,,,,,,,,,,,,,,,
behavioral_event,continuous,e92e7c09-c1b8-4f72-a7a8-f75077608d1b,7ce5291a-f895-4163-b747-7b6fd263d381,2026-08-14T23:52:54.742000+00:00,mouse_move,,,,,1609.5369611617077,550.2699458337413,20.162707934828802,-13.305795974272037,612.4654124708273,,,,,,,,,,,,,,,,,,,,,,,,,,,,,,,,,,,,,,,,,,,,,,,,,,,,,,,,,,,,,,,,,,,,,,,,,,,,,,
behavioral_event,continuous,e92e7c09-c1b8-4f72-a7a8-f75077608d1b,ee98be6a-039b-4299-8c10-326d03c2af79,2026-08-15T15:52:54.742000+00:00,mouse_move,,,,,417.04305287488523,888.0989582174966,17.567182414603494,19.472144196436318,1501.9250475807835,,,,,,,,,,,,,,,,,,,,,,,,,,,,,,,,,,,,,,,,,,,,,,,,,,,,,,,,,,,,,,,,,,,,,,,,,,,,,,
behavioral_event,continuous,e92e7c09-c1b8-4f72-a7a8-f75077608d1b,ee98be6a-039b-4299-8c10-326d03c2af79,2026-08-16T16:52:54.742000+00:00,keystroke,84,,80.40029659125705,50.20996390439929,,,,,,,,,,,,,,,,,,,,,,,,,,,,,,,,,,,,,,,,,,,,,,,,,,,,,,,,,,,,,,,,,,,,,,,,,,,,,,,,,,,
behavioral_event,continuous,e92e7c09-c1b8-4f72-a7a8-f75077608d1b,ee98be6a-039b-4299-8c10-326d03c2af79,2026-08-16T10:52:54.742000+00:00,keystroke,84,,133.32274073710965,63.14582324669836,,,,,,,,,,,,,,,,,,,,,,,,,,,,,,,,,,,,,,,,,,,,,,,,,,,,,,,,,,,,,,,,,,,,,,,,,,,,,,,,,,,
behavioral_event,continuous,e92e7c09-c1b8-4f72-a7a8-f75077608d1b,69d68992-ff33-49ca-bb69-3b9d7ac5f694,2026-08-15T01:52:54.742000+00:00,mouse_scroll,,,,,,,,70.84298098012712,,,,,,,,,,,,,,,,,,,,,,,,,,,,,,,,,,,,,,,,,,,,,,,,,,,,,,,,,,,,,,,,,,,,,,,,,,,,,,,
behavioral_event,continuous,e92e7c09-c1b8-4f72-a7a8-f75077608d1b,e4d349cb-5353-4fcf-a3bd-bd5cd405127b,2026-08-17T05:52:54.742000+00:00,mouse_move,,,,,377.9961306263802,594.7474308535419,0.014663196166431192,-47.02693663329703,1285.2939513243318,,,,,,,,,,,,,,,,,,,,,,,,,,,,,,,,,,,,,,,,,,,,,,,,,,,,,,,,,,,,,,,,,,,,,,,,,,,,,,
behavioral_event,continuous,e92e7c09-c1b8-4f72-a7a8-f75077608d1b,e4d349cb-5353-4fcf-a3bd-bd5cd405127b,2026-08-17T00:52:54.742000+00:00,mouse_click,,,,,512.8409737931072,522.1032451762409,24.4404894432311,11.829495040012773,944.6223545801028,,,,,,,,,,,,,,,,,,,,,,,,,,,,,,,,,,,,,,,,,,,,,,,,,,,,,,,,,,,,,,,,,,,,,,,,,,,,,,
behavioral_event,continuous,e92e7c09-c1b8-4f72-a7a8-f75077608d1b,dbcafd98-6f46-4010-b5d0-13b23c34f677,2026-08-16T08:52:54.742000+00:00,mouse_click,,,,,197.76877367596921,160.0036919870493,27.972809032276786,30.612146131423472,309.17517537700775,,,,,,,,,,,,,,,,,,,,,,,,,,,,,,,,,,,,,,,,,,,,,,,,,,,,,,0.3234695280598111,,,,,,,,,1383.7044059227649,,,,,,,,,,,,,,,
behavioral_event,continuous,e92e7c09-c1b8-4f72-a7a8-f75077608d1b,dbcafd98-6f46-4010-b5d0-13b23c34f677,2026-08-15T06:52:54.742000+00:00,keystroke,66,,191.88621056282219,124.56535248631259,,,,,,,,,,,,,,,,,,,,,,,,,,,,,,,,,,,,,,,,,,,,,,,,,,,,,,,,,,,,,,,,,,,,,,,,,,,,,,,,,,,
behavioral_event,continuous,e92e7c09-c1b8-4f72-a7a8-f75077608d1b,7ce5291a-f895-4163-b747-7b6fd263d381,2026-08-16T13:52:54.742000+00:00,keystroke,76,,116.14957004135636,141.20551699799307,,,,,,,,,,,,,,,,,,,,,,,,,,,,,,,,,,,,,,,,,,,,,,,,,,,,,,,,,,,,,,,,,,,,,,,,,,,,,,,,,,,
behavioral_event,continuous,e92e7c09-c1b8-4f72-a7a8-f75077608d1b,ee98be6a-039b-4299-8c10-326d03c2af79,2026-08-14T13:52:54.742000+00:00,mouse_scroll,,,,,,,,-22.303582988842436,,,,,,,,,,,,,,,,,,,,,,,,,,,,,,,,,,,,,,,,,,,,,,,,,,,,,,,,,,,,,,,,,,,,,,,,,,,,,,,
behavioral_event,continuous,e92e7c09-c1b8-4f72-a7a8-f75077608d1b,e4d349cb-5353-4fcf-a3bd-bd5cd405127b,2026-08-17T05:52:54.742000+00:00,mouse_click,,,,,906.1567191443114,446.4619086260413,42.448236461472035,-28.375479318475794,145.77410387100346,,,,,,,,,,,,,,,,,,,,,,,,,,,,,,,,,,,,,,,,,,,,,,,,,,,,,,,,,,,,,,,,,,,,,,,,,,,,,,
behavioral_event,continuous,e92e7c09-c1b8-4f72-a7a8-f75077608d1b,e4d349cb-5353-4fcf-a3bd-bd5cd405127b,2026-08-15T14:52:54.742000+00:00,mouse_move,,,,,382.4676574138806,636.8040511078872,-40.61468203553233,26.14211810818098,338.9140711486196,,,,,,,,,,,,,,,,,,,,,,,,,,,,,,,,,,,,,,,,,,,,,,,,,,,,,,,,,,,,,,,,,,,,,,,,,,,,,,
behavioral_event,continuous,e92e7c09-c1b8-4f72-a7a8-f75077608d1b,e4d349cb-5353-4fcf-a3bd-bd5cd405127b,2026-08-15T08:52:54.742000+00:00,mouse_move,,,,,707.6368613827342,578.6507085380188,-24.323596508105883,-12.271359310509311,1852.9335018682261,,,,,,,,,,,,,,,,,,,,,,,,,,,,,,,,,,,,,,,,,,,,,,,,,,,,,,0.46834503451049403,,,,,,,,,1151.4969967138582,,,,,,,,,,,,,,,
behavioral_event,continuous,e92e7c09-c1b8-4f72-a7a8-f75077608d1b,dbcafd98-6f46-4010-b5d0-13b23c34f677,2026-08-14T16:52:54.742000+00:00,mouse_scroll,,,,,,,,55.89289993572291,,,,,,,,,,,,,,,,,,,,,,,,,,,,,,,,,,,,,,,,,,,,,,,,,,,,,,,,,,,,,,,64.65429879121749,,,,,,,,,,,,,,,,
behavioral_event,continuous,e92e7c09-c1b8-4f72-a7a8-f75077608d1b,dbcafd98-6f46-4010-b5d0-13b23c34f677,2026-08-17T05:52:54.742000+00:00,mouse_scroll,,,,,,,,-86.85638511923356,,,,,,,,,,,,,,,,,,,,,,,,,,,,,,,,,,,,,,,,,,,,,,,,,,,,,,,,,,,,,,,,,,,,,,,,,,,,,,,
behavioral_event,continuous,e92e7c09-c1b8-4f72-a7a8-f75077608d1b,7ce5291a-f895-4163-b747-7b6fd263d381,2026-08-16T13:52:54.742000+00:00,keystroke,68,,87.94930191515567,104.97399183678169,,,,,,,,,,,,,,,,,,,,,,,,,,,,,,,,,,,,,,,,,,,,,,,,,,,,,,,,,,,,,,,,,,,,,,,,,,,,,,,,,,,
behavioral_event,continuous,e92e7c09-c1b8-4f72-a7a8-f75077608d1b,7ce5291a-f895-4163-b747-7b6fd263d381,2026-08-16T13:52:54.742000+00:00,keystroke,66,,100.16152133637556,124.60754393304856,,,,,,,,,,,,,,,,,,,,,,,,,,,,,,,,,,,,,,,,,,,,,,,,,,,,,,,,,,,,,122.88896966326851,,79.9276943715983,,,,,,,,,,,,,,,,,,,,
behavioral_event,continuous,e92e7c09-c1b8-4f72-a7a8-f75077608d1b,ee98be6a-039b-4299-8c10-326d03c2af79,2026-08-16T12:52:54.742000+00:00,mouse_move,,,,,1269.2665292485547,360.75174153204415,-18.500037135871295,-38.03526699196247,1258.0144471775145,,,,,,,,,,,,,,,,,,,,,,,,,,,,,,,,,,,,,,,,,,,,,,,,,,,,,,,,,,,,,,,,,,,,,,,,,,,,,,
behavioral_event,continuous,e92e7c09-c1b8-4f72-a7a8-f75077608d1b,ee98be6a-039b-4299-8c10-326d03c2af79,2026-08-14T19:52:54.742000+00:00,mouse_click,,,,,760.5738860207971,613.4354688981072,-36.58562377276887,18.130994009372614,154.5881560733783,,,,,,,,,,,,,,,,,,,,,,,,,,,,,,,,,,,,,,,,,,,,,,,,,,,,,,0.4868801356320115,,,,,,,,,507.4890780637449,,,,,,,,,,,,,,,
behavioral_event,continuous,e92e7c09-c1b8-4f72-a7a8-f75077608d1b,ee98be6a-039b-4299-8c10-326d03c2af79,2026-08-16T19:52:54.742000+00:00,mouse_scroll,,,,,,,,-69.6363236213893,,,,,,,,,,,,,,,,,,,,,,,,,,,,,,,,,,,,,,,,,,,,,,,,,,,,,,,,,,,,,,,71.12813177009116,,,,,,,,,,,,,,,,
behavioral_event,continuous,e92e7c09-c1b8-4f72-a7a8-f75077608d1b,e4d349cb-5353-4fcf-a3bd-bd5cd405127b,2026-08-15T02:52:54.742000+00:00,mouse_scroll,,,,,,,,-65.78194448935258,,,,,,,,,,,,,,,,,,,,,,,,,,,,,,,,,,,,,,,,,,,,,,,,,,,,,,,,,,,,,,,51.201184408093695,,,,,,,,,,,,,,,,
behavioral_event,continuous,e92e7c09-c1b8-4f72-a7a8-f75077608d1b,e4d349cb-5353-4fcf-a3bd-bd5cd405127b,2026-08-17T06:52:54.742000+00:00,mouse_scroll,,,,,,,,14.240274394965539,,,,,,,,,,,,,,,,,,,,,,,,,,,,,,,,,,,,,,,,,,,,,,,,,,,,,,,,,,,,,,,,,,,,,,,,,,,,,,,
behavioral_event,continuous,e92e7c09-c1b8-4f72-a7a8-f75077608d1b,e4d349cb-5353-4fcf-a3bd-bd5cd405127b,2026-08-16T14:52:54.742000+00:00,mouse_scroll,,,,,,,,-40.80350485107329,,,,,,,,,,,,,,,,,,,,,,,,,,,,,,,,,,,,,,,,,,,,,,,,,,,,,,,,,,,,,,,11.231150875891885,,,,,,,,,,,,,,,,
behavioral_event,continuous,e92e7c09-c1b8-4f72-a7a8-f75077608d1b,e4d349cb-5353-4fcf-a3bd-bd5cd405127b,2026-08-15T21:52:54.742000+00:00,mouse_click,,,,,374.0955303773951,159.96766209850193,44.32750129651485,26.44279239255816,776.0513376778473,,,,,,,,,,,,,,,,,,,,,,,,,,,,,,,,,,,,,,,,,,,,,,,,,,,,,,0.26587273873421935,,,,,,,,,1055.4919498947497,,,,,,,,,,,,,,,
behavioral_event,continuous,e92e7c09-c1b8-4f72-a7a8-f75077608d1b,dbcafd98-6f46-4010-b5d0-13b23c34f677,2026-08-15T07:52:54.742000+00:00,keystroke,65,,185.18299374221667,148.69397820448552,,,,,,,,,,,,,,,,,,,,,,,,,,,,,,,,,,,,,,,,,,,,,,,,,,,,,,,,,,,,,,,,,,,,,,,,,,,,,,,,,,,
behavioral_event,continuous,e92e7c09-c1b8-4f72-a7a8-f75077608d1b,dbcafd98-6f46-4010-b5d0-13b23c34f677,2026-08-15T10:52:54.742000+00:00,mouse_click,,,,,936.1886389843853,731.0689609965242,18.25121899070389,-18.925560746787873,1968.632558994294,,,,,,,,,,,,,,,,,,,,,,,,,,,,,,,,,,,,,,,,,,,,,,,,,,,,,,,,,,,,,,,,,,,,,,,,,,,,,,
behavioral_event,continuous,e92e7c09-c1b8-4f72-a7a8-f75077608d1b,7ce5291a-f895-4163-b747-7b6fd263d381,2026-08-17T09:52:54.742000+00:00,mouse_click,,,,,1297.5851928105383,429.7766310643111,-33.13933336751155,-39.97247648922987,947.4409503550435,,,,,,,,,,,,,,,,,,,,,,,,,,,,,,,,,,,,,,,,,,,,,,,,,,,,,,0.2023248469242611,,,,,,,,,1123.1655501870978,,,,,,,,,,,,,,,
behavioral_event,continuous,e92e7c09-c1b8-4f72-a7a8-f75077608d1b,7ce5291a-f895-4163-b747-7b6fd263d381,2026-08-15T16:52:54.742000+00:00,mouse_scroll,,,,,,,,-66.51486845569468,,,,,,,,,,,,,,,,,,,,,,,,,,,,,,,,,,,,,,,,,,,,,,,,,,,,,,,,,,,,,,,,,,,,,,,,,,,,,,,
behavioral_event,continuous,e92e7c09-c1b8-4f72-a7a8-f75077608d1b,e4d349cb-5353-4fcf-a3bd-bd5cd405127b,2026-08-14T17:52:54.742000+00:00,mouse_click,,,,,729.0077911085203,800.1141690453369,-38.50252208070659,-23.158244992391463,729.4653877074091,,,,,,,,,,,,,,,,,,,,,,,,,,,,,,,,,,,,,,,,,,,,,,,,,,,,,,,,,,,,,,,,,,,,,,,,,,,,,,
behavioral_event,continuous,e92e7c09-c1b8-4f72-a7a8-f75077608d1b,e4d349cb-5353-4fcf-a3bd-bd5cd405127b,2026-08-16T08:52:54.742000+00:00,keystroke,65,,127.36693643231355,116.03057391830394,,,,,,,,,,,,,,,,,,,,,,,,,,,,,,,,,,,,,,,,,,,,,,,,,,,,,,,,,,,,,134.24851569491227,,77.6850628174231,,,,,,,,,,,,,,,,,,,,
behavioral_event,continuous,e92e7c09-c1b8-4f72-a7a8-f75077608d1b,e4d349cb-5353-4fcf-a3bd-bd5cd405127b,2026-08-15T14:52:54.742000+00:00,mouse_click,,,,,1508.3123517249435,674.1222914993303,7.733928935969999,-11.773616919698512,847.9706582534943,,,,,,,,,,,,,,,,,,,,,,,,,,,,,,,,,,,,,,,,,,,,,,,,,,,,,,0.2843929175507787,,,,,,,,,1401.6849034007491,,,,,,,,,,,,,,,
behavioral_event,continuous,e92e7c09-c1b8-4f72-a7a8-f75077608d1b,dbcafd98-6f46-4010-b5d0-13b23c34f677,2026-08-15T21:52:54.742000+00:00,mouse_move,,,,,1288.0078847411696,781.8778457646813,33.95360336225272,-30.137655148620045,1051.7701316088965,,,,,,,,,,,,,,,,,,,,,,,,,,,,,,,,,,,,,,,,,,,,,,,,,,,,,,,,,,,,,,,,,,,,,,,,,,,,,,
behavioral_event,continuous,e92e7c09-c1b8-4f72-a7a8-f75077608d1b,7ce5291a-f895-4163-b747-7b6fd263d381,2026-08-16T16:52:54.742000+00:00,mouse_click,,,,,151.1375035753972,106.55131921293979,4.0014143129505015,-34.98336356567559,113.6375637310571,,,,,,,,,,,,,,,,,,,,,,,,,,,,,,,,,,,,,,,,,,,,,,,,,,,,,,,,,,,,,,,,,,,,,,,,,,,,,,
behavioral_event,continuous,e92e7c09-c1b8-4f72-a7a8-f75077608d1b,e4d349cb-5353-4fcf-a3bd-bd5cd405127b,2026-08-15T16:52:54.742000+00:00,keystroke,71,,120.98832522870458,61.97526444080548,,,,,,,,,,,,,,,,,,,,,,,,,,,,,,,,,,,,,,,,,,,,,,,,,,,,,,,,,,,,,,,,,,,,,,,,,,,,,,,,,,,
behavioral_event,continuous,e92e7c09-c1b8-4f72-a7a8-f75077608d1b,dbcafd98-6f46-4010-b5d0-13b23c34f677,2026-08-16T09:52:54.742000+00:00,mouse_scroll,,,,,,,,-81.94759010680623,,,,,,,,,,,,,,,,,,,,,,,,,,,,,,,,,,,,,,,,,,,,,,,,,,,,,,,,,,,,,,,92.08538909015866,,,,,,,,,,,,,,,,
behavioral_event,continuous,e92e7c09-c1b8-4f72-a7a8-f75077608d1b,ee98be6a-039b-4299-8c10-326d03c2af79,2026-08-14T09:52:54.742000+00:00,mouse_click,,,,,921.6433331839559,483.0516409064617,35.386240781565164,-6.756960307635751,1090.6744063813603,,,,,,,,,,,,,,,,,,,,,,,,,,,,,,,,,,,,,,,,,,,,,,,,,,,,,,0.29497056450798154,,,,,,,,,1210.378728374601,,,,,,,,,,,,,,,
behavioral_event,continuous,e92e7c09-c1b8-4f72-a7a8-f75077608d1b,69d68992-ff33-49ca-bb69-3b9d7ac5f694,2026-08-15T10:52:54.742000+00:00,mouse_scroll,,,,,,,,26.950776427514867,,,,,,,,,,,,,,,,,,,,,,,,,,,,,,,,,,,,,,,,,,,,,,,,,,,,,,,,,,,,,,,,,,,,,,,,,,,,,,,
behavioral_event,continuous,e92e7c09-c1b8-4f72-a7a8-f75077608d1b,69d68992-ff33-49ca-bb69-3b9d7ac5f694,2026-08-14T18:52:54.742000+00:00,keystroke,65,,144.25153860850116,82.91481272417005,,,,,,,,,,,,,,,,,,,,,,,,,,,,,,,,,,,,,,,,,,,,,,,,,,,,,,,,,,,,,123.07407782781411,,97.49970416319715,,,,,,,,,,,,,,,,,,,,
behavioral_event,continuous,e92e7c09-c1b8-4f72-a7a8-f75077608d1b,e4d349cb-5353-4fcf-a3bd-bd5cd405127b,2026-08-17T05:52:54.742000+00:00,mouse_move,,,,,1715.9591093841298,753.5595971525464,-23.999049065467847,33.323220731949206,911.2107600210974,,,,,,,,,,,,,,,,,,,,,,,,,,,,,,,,,,,,,,,,,,,,,,,,,,,,,,0.2623067063504656,,,,,,,,,1237.4265414175845,,,,,,,,,,,,,,,
behavioral_event,continuous,e92e7c09-c1b8-4f72-a7a8-f75077608d1b,e4d349cb-5353-4fcf-a3bd-bd5cd405127b,2026-08-16T18:52:54.742000+00:00,mouse_scroll,,,,,,,,-94.77990066401867,,,,,,,,,,,,,,,,,,,,,,,,,,,,,,,,,,,,,,,,,,,,,,,,,,,,,,,,,,,,,,,8.650446294016064,,,,,,,,,,,,,,,,
behavioral_event,continuous,e92e7c09-c1b8-4f72-a7a8-f75077608d1b,dbcafd98-6f46-4010-b5d0-13b23c34f677,2026-08-14T13:52:54.742000+00:00,mouse_scroll,,,,,,,,-19.588037608871673,,,,,,,,,,,,,,,,,,,,,,,,,,,,,,,,,,,,,,,,,,,,,,,,,,,,,,,,,,,,,,,18.023720266479046,,,,,,,,,,,,,,,,
behavioral_event,continuous,e92e7c09-c1b8-4f72-a7a8-f75077608d1b,7ce5291a-f895-4163-b747-7b6fd263d381,2026-08-16T22:52:54.742000+00:00,mouse_click,,,,,1433.4778602039696,159.69886341013301,45.68910602250682,14.334205294569273,1621.3115941904766,,,,,,,,,,,,,,,,,,,,,,,,,,,,,,,,,,,,,,,,,,,,,,,,,,,,,,,,,,,,,,,,,,,,,,,,,,,,,,
behavioral_event,continuous,e92e7c09-c1b8-4f72-a7a8-f75077608d1b,7ce5291a-f895-4163-b747-7b6fd263d381,2026-08-14T19:52:54.742000+00:00,mouse_scroll,,,,,,,,-61.01200880361684,,,,,,,,,,,,,,,,,,,,,,,,,,,,,,,,,,,,,,,,,,,,,,,,,,,,,,,,,,,,,,,,,,,,,,,,,,,,,,,
behavioral_event,continuous,e92e7c09-c1b8-4f72-a7a8-f75077608d1b,ee98be6a-039b-4299-8c10-326d03c2af79,2026-08-15T10:52:54.742000+00:00,mouse_click,,,,,1046.6726605850865,114.54875204679489,-21.034398872678995,-9.632779755273603,426.0934280825115,,,,,,,,,,,,,,,,,,,,,,,,,,,,,,,,,,,,,,,,,,,,,,,,,,,,,,,,,,,,,,,,,,,,,,,,,,,,,,
behavioral_event,continuous,e92e7c09-c1b8-4f72-a7a8-f75077608d1b,ee98be6a-039b-4299-8c10-326d03c2af79,2026-08-16T01:52:54.742000+00:00,mouse_click,,,,,537.2956410960863,240.27141203126058,43.37624376069155,48.452360835454996,299.534121020583,,,,,,,,,,,,,,,,,,,,,,,,,,,,,,,,,,,,,,,,,,,,,,,,,,,,,,,,,,,,,,,,,,,,,,,,,,,,,,
behavioral_event,continuous,e92e7c09-c1b8-4f72-a7a8-f75077608d1b,69d68992-ff33-49ca-bb69-3b9d7ac5f694,2026-08-16T00:52:54.742000+00:00,mouse_click,,,,,412.2547254349925,448.7897283726511,48.837138338841825,-25.02377742981231,856.0249227577169,,,,,,,,,,,,,,,,,,,,,,,,,,,,,,,,,,,,,,,,,,,,,,,,,,,,,,,,,,,,,,,,,,,,,,,,,,,,,,
behavioral_event,continuous,e92e7c09-c1b8-4f72-a7a8-f75077608d1b,69d68992-ff33-49ca-bb69-3b9d7ac5f694,2026-08-16T23:52:54.742000+00:00,mouse_move,,,,,1125.1698430743431,684.416480224371,25.397665221110373,-14.550215958306346,165.18134356339317,,,,,,,,,,,,,,,,,,,,,,,,,,,,,,,,,,,,,,,,,,,,,,,,,,,,,,,,,,,,,,,,,,,,,,,,,,,,,,
behavioral_event,continuous,e92e7c09-c1b8-4f72-a7a8-f75077608d1b,69d68992-ff33-49ca-bb69-3b9d7ac5f694,2026-08-16T01:52:54.742000+00:00,mouse_scroll,,,,,,,,28.904072089192738,,,,,,,,,,,,,,,,,,,,,,,,,,,,,,,,,,,,,,,,,,,,,,,,,,,,,,,,,,,,,,,,,,,,,,,,,,,,,,,
behavioral_event,continuous,e92e7c09-c1b8-4f72-a7a8-f75077608d1b,69d68992-ff33-49ca-bb69-3b9d7ac5f694,2026-08-15T05:52:54.742000+00:00,mouse_click,,,,,787.0737106554855,183.0317245678134,14.61750384241131,28.14006678446958,1925.3468522713456,,,,,,,,,,,,,,,,,,,,,,,,,,,,,,,,,,,,,,,,,,,,,,,,,,,,,,,,,,,,,,,,,,,,,,,,,,,,,,
behavioral_event,continuous,e92e7c09-c1b8-4f72-a7a8-f75077608d1b,69d68992-ff33-49ca-bb69-3b9d7ac5f694,2026-08-16T15:52:54.742000+00:00,mouse_click,,,,,121.21773415327549,193.95304511666433,-17.541658065527855,43.92406271325841,474.77781527696726,,,,,,,,,,,,,,,,,,,,,,,,,,,,,,,,,,,,,,,,,,,,,,,,,,,,,,0.4748140685212551,,,,,,,,,1426.277299291425,,,,,,,,,,,,,,,
behavioral_event,continuous,e92e7c09-c1b8-4f72-a7a8-f75077608d1b,69d68992-ff33-49ca-bb69-3b9d7ac5f694,2026-08-16T14:52:54.742000+00:00,mouse_move,,,,,237.26141120021492,212.6527737077314,-36.6873001668684,-38.279935137307106,176.87144634592974,,,,,,,,,,,,,,,,,,,,,,,,,,,,,,,,,,,,,,,,,,,,,,,,,,,,,,,,,,,,,,,,,,,,,,,,,,,,,,
behavioral_event,continuous,e92e7c09-c1b8-4f72-a7a8-f75077608d1b,e4d349cb-5353-4fcf-a3bd-bd5cd405127b,2026-08-15T22:52:54.742000+00:00,mouse_click,,,,,431.32979094463445,562.329799220181,-23.11172133035557,42.79757260421533,1666.5217069232458,,,,,,,,,,,,,,,,,,,,,,,,,,,,,,,,,,,,,,,,,,,,,,,,,,,,,,,,,,,,,,,,,,,,,,,,,,,,,,
behavioral_event,continuous,e92e7c09-c1b8-4f72-a7a8-f75077608d1b,e4d349cb-5353-4fcf-a3bd-bd5cd405127b,2026-08-17T01:52:54.742000+00:00,mouse_scroll,,,,,,,,30.427909114538664,,,,,,,,,,,,,,,,,,,,,,,,,,,,,,,,,,,,,,,,,,,,,,,,,,,,,,,,,,,,,,,,,,,,,,,,,,,,,,,
behavioral_event,continuous,e92e7c09-c1b8-4f72-a7a8-f75077608d1b,dbcafd98-6f46-4010-b5d0-13b23c34f677,2026-08-15T09:52:54.742000+00:00,keystroke,79,,122.33416768141274,148.47319179168844,,,,,,,,,,,,,,,,,,,,,,,,,,,,,,,,,,,,,,,,,,,,,,,,,,,,,,,,,,,,,,,,,,,,,,,,,,,,,,,,,,,
behavioral_event,continuous,e92e7c09-c1b8-4f72-a7a8-f75077608d1b,dbcafd98-6f46-4010-b5d0-13b23c34f677,2026-08-15T20:52:54.742000+00:00,mouse_move,,,,,1456.94178471703,764.3842663232451,5.842129039818943,47.27934612655211,607.3582163308795,,,,,,,,,,,,,,,,,,,,,,,,,,,,,,,,,,,,,,,,,,,,,,,,,,,,,,,,,,,,,,,,,,,,,,,,,,,,,,
behavioral_event,continuous,e92e7c09-c1b8-4f72-a7a8-f75077608d1b,ee98be6a-039b-4299-8c10-326d03c2af79,2026-08-16T11:52:54.742000+00:00,mouse_click,,,,,1791.7458753502524,862.9745275617707,35.25252413412048,-24.254857519343563,1364.177245839309,,,,,,,,,,,,,,,,,,,,,,,,,,,,,,,,,,,,,,,,,,,,,,,,,,,,,,0.1366979298115185,,,,,,,,,716.3123961471163,,,,,,,,,,,,,,,
behavioral_event,continuous,e92e7c09-c1b8-4f72-a7a8-f75077608d1b,e4d349cb-5353-4fcf-a3bd-bd5cd405127b,2026-08-15T10:52:54.742000+00:00,mouse_scroll,,,,,,,,46.13985045135098,,,,,,,,,,,,,,,,,,,,,,,,,,,,,,,,,,,,,,,,,,,,,,,,,,,,,,,,,,,,,,,,,,,,,,,,,,,,,,,
behavioral_event,continuous,e92e7c09-c1b8-4f72-a7a8-f75077608d1b,e4d349cb-5353-4fcf-a3bd-bd5cd405127b,2026-08-14T19:52:54.742000+00:00,keystroke,74,,178.5279673833047,87.5039369901225,,,,,,,,,,,,,,,,,,,,,,,,,,,,,,,,,,,,,,,,,,,,,,,,,,,,,,,,,,,,,,,,,,,,,,,,,,,,,,,,,,,
behavioral_event,continuous,e92e7c09-c1b8-4f72-a7a8-f75077608d1b,dbcafd98-6f46-4010-b5d0-13b23c34f677,2026-08-17T00:52:54.742000+00:00,mouse_move,,,,,1428.1014496876458,881.415520995633,13.335602121916544,-32.90296493393326,733.106709713873,,,,,,,,,,,,,,,,,,,,,,,,,,,,,,,,,,,,,,,,,,,,,,,,,,,,,,,,,,,,,,,,,,,,,,,,,,,,,,
behavioral_event,continuous,e92e7c09-c1b8-4f72-a7a8-f75077608d1b,dbcafd98-6f46-4010-b5d0-13b23c34f677,2026-08-14T11:52:54.742000+00:00,keystroke,79,,110.02270773279353,129.41906186823564,,,,,,,,,,,,,,,,,,,,,,,,,,,,,,,,,,,,,,,,,,,,,,,,,,,,,,,,,,,,,143.68493837210684,,108.2309430477874,,,,,,,,,,,,,,,,,,,,
behavioral_event,continuous,e92e7c09-c1b8-4f72-a7a8-f75077608d1b,7ce5291a-f895-4163-b747-7b6fd263d381,2026-08-16T04:52:54.742000+00:00,mouse_scroll,,,,,,,,-70.58149477388687,,,,,,,,,,,,,,,,,,,,,,,,,,,,,,,,,,,,,,,,,,,,,,,,,,,,,,,,,,,,,,,,,,,,,,,,,,,,,,,
behavioral_event,continuous,e92e7c09-c1b8-4f72-a7a8-f75077608d1b,7ce5291a-f895-4163-b747-7b6fd263d381,2026-08-14T17:52:54.742000+00:00,mouse_move,,,,,370.1987135594577,863.590553000148,3.450190861754301,36.063374680520425,774.5318395769473,,,,,,,,,,,,,,,,,,,,,,,,,,,,,,,,,,,,,,,,,,,,,,,,,,,,,,0.40445867340365116,,,,,,,,,982.3858288553208,,,,,,,,,,,,,,,
behavioral_event,continuous,e92e7c09-c1b8-4f72-a7a8-f75077608d1b,7ce5291a-f895-4163-b747-7b6fd263d381,2026-08-16T04:52:54.742000+00:00,mouse_click,,,,,918.2896592732121,576.0158136381708,-38.68754334075821,1.5273989998670885,255.4517576128892,,,,,,,,,,,,,,,,,,,,,,,,,,,,,,,,,,,,,,,,,,,,,,,,,,,,,,,,,,,,,,,,,,,,,,,,,,,,,,
behavior_window,continuous,e92e7c09-c1b8-4f72-a7a8-f75077608d1b,683fb37f-6a47-4d27-b196-f268e545c7fc,2026-08-17T09:41:54.021000+00:00,window_aggregate,,,,,,,,,,2026-08-15T08:41:52.149000+00:00,2026-08-15T08:42:22.149000+00:00,,,,,,,,,,,,,,,,,,,,,,,,,,,,,,2026-08-17T09:41:54.021000+00:00,,,,,,,,,,,,,,,,,,,,,,,,,,,,,,,,,2.0966632680063926,0.43522688396161446,9.0,0.48429570897607965,0.05911113421501432,96.77600722556727,28.605937291632312,62.48785753517262,21.175059430877635,5.8076244297672694,3046.1094370571395,382.0709142259597,1096.4618026429962,215.76858566377032
behavior_window,continuous,e92e7c09-c1b8-4f72-a7a8-f75077608d1b,683fb37f-6a47-4d27-b196-f268e545c7fc,2026-08-17T09:41:54.021000+00:00,window_aggregate,,,,,,,,,,2026-08-15T08:41:52.149000+00:00,2026-08-15T08:42:22.149000+00:00,,,,,,,,,,,,,,,,,,,,,,,,,,,,,,2026-08-17T09:41:54.021000+00:00,,,,,,,,,,,,,,,,,,,,,,,,,,,,,,,,,2.0966632680063926,0.43522688396161446,9.0,0.48429570897607965,0.05911113421501432,96.77600722556727,28.605937291632312,62.48785753517262,21.175059430877635,5.8076244297672694,3046.1094370571395,382.0709142259597,1096.4618026429962,215.76858566377032
behavior_window,continuous,e92e7c09-c1b8-4f72-a7a8-f75077608d1b,683fb37f-6a47-4d27-b196-f268e545c7fc,2026-08-17T09:41:54.021000+00:00,window_aggregate,,,,,,,,,,2026-08-15T08:41:52.149000+00:00,2026-08-15T08:42:22.149000+00:00,,,,,,,,,,,,,,,,,,,,,,,,,,,,,,2026-08-17T09:41:54.021000+00:00,,,,,,,,,,,,,,,,,,,,,,,,,,,,,,,,,2.0966632680063926,0.43522688396161446,9.0,0.48429570897607965,0.05911113421501432,96.77600722556727,28.605937291632312,62.48785753517262,21.175059430877635,5.8076244297672694,3046.1094370571395,382.0709142259597,1096.4618026429962,215.76858566377032
behavior_window,continuous,e92e7c09-c1b8-4f72-a7a8-f75077608d1b,43c7c9d4-9f4b-4823-bc49-2bdd58b9a92d,2026-08-17T09:41:54.021000+00:00,window_aggregate,,,,,,,,,,2026-08-17T00:41:52.149000+00:00,2026-08-17T00:42:22.149000+00:00,,,,,,,,,,,,,,,,,,,,,,,,,,,,,,2026-08-17T09:41:54.021000+00:00,,,,,,,,,,,,,,,,,,,,,,,,,,,,,,,,,2.8944667731030793,0.7723034323295707,6.0,0.3773333336791084,0.10935138976813082,143.96190673447302,27.891089448311448,76.35086752303533,24.689808793140255,4.874964072335619,41464.695685570725,313.02123749469206,1371.4484653999803,170.79962838888832
behavior_window,continuous,e92e7c09-c1b8-4f72-a7a8-f75077608d1b,43c7c9d4-9f4b-4823-bc49-2bdd58b9a92d,2026-08-17T09:41:54.021000+00:00,window_aggregate,,,,,,,,,,2026-08-17T00:41:52.149000+00:00,2026-08-17T00:42:22.149000+00:00,,,,,,,,,,,,,,,,,,,,,,,,,,,,,,2026-08-17T09:41:54.021000+00:00,,,,,,,,,,,,,,,,,,,,,,,,,,,,,,,,,2.8944667731030793,0.7723034323295707,6.0,0.3773333336791084,0.10935138976813082,143.96190673447302,27.891089448311448,76.35086752303533,24.689808793140255,4.874964072335619,41464.695685570725,313.02123749469206,1371.4484653999803,170.79962838888832
behavior_window,continuous,e92e7c09-c1b8-4f72-a7a8-f75077608d1b,43c7c9d4-9f4b-4823-bc49-2bdd58b9a92d,2026-08-17T09:41:54.021000+00:00,window_aggregate,,,,,,,,,,2026-08-17T00:41:52.149000+00:00,2026-08-17T00:42:22.149000+00:00,,,,,,,,,,,,,,,,,,,,,,,,,,,,,,2026-08-17T09:41:54.021000+00:00,,,,,,,,,,,,,,,,,,,,,,,,,,,,,,,,,2.8944667731030793,0.7723034323295707,6.0,0.3773333336791084,0.10935138976813082,143.96190673447302,27.891089448311448,76.35086752303533,24.689808793140255,4.874964072335619,41464.695685570725,313.02123749469206,1371.4484653999803,170.79962838888832
behavior_window,continuous,e92e7c09-c1b8-4f72-a7a8-f75077608d1b,ab25bfe3-fb2a-4125-9fc1-f942cf986fdf,2026-08-17T09:41:54.021000+00:00,window_aggregate,,,,,,,,,,2026-08-14T21:41:52.149000+00:00,2026-08-14T21:42:22.149000+00:00,,,,,,,,,,,,,,,,,,,,,,,,,,,,,,2026-08-17T09:41:54.021000+00:00,,,,,,,,,,,,,,,,,,,,,,,,,,,,,,,,,2.459151448309928,0.9196411096287648,9.0,0.4392812334017807,0.15384462241729643,108.1359380904409,31.638230715599587,94.74240024139021,20.480489294975655,5.220647733168032,42650.22719601987,281.2543917358198,622.1866499619057,131.85923114452973
behavior_window,continuous,e92e7c09-c1b8-4f72-a7a8-f75077608d1b,ab25bfe3-fb2a-4125-9fc1-f942cf986fdf,2026-08-17T09:41:54.021000+00:00,window_aggregate,,,,,,,,,,2026-08-14T21:41:52.149000+00:00,2026-08-14T21:42:22.149000+00:00,,,,,,,,,,,,,,,,,,,,,,,,,,,,,,2026-08-17T09:41:54.021000+00:00,,,,,,,,,,,,,,,,,,,,,,,,,,,,,,,,,2.459151448309928,0.9196411096287648,9.0,0.4392812334017807,0.15384462241729643,108.1359380904409,31.638230715599587,94.74240024139021,20.480489294975655,5.220647733168032,42650.22719601987,281.2543917358198,622.1866499619057,131.85923114452973
behavior_window,continuous,e92e7c09-c1b8-4f72-a7a8-f75077608d1b,ab25bfe3-fb2a-4125-9fc1-f942cf986fdf,2026-08-17T09:41:54.021000+00:00,window_aggregate,,,,,,,,,,2026-08-14T21:41:52.149000+00:00,2026-08-14T21:42:22.149000+00:00,,,,,,,,,,,,,,,,,,,,,,,,,,,,,,2026-08-17T09:41:54.021000+00:00,,,,,,,,,,,,,,,,,,,,,,,,,,,,,,,,,2.459151448309928,0.9196411096287648,9.0,0.4392812334017807,0.15384462241729643,108.1359380904409,31.638230715599587,94.74240024139021,20.480489294975655,5.220647733168032,42650.22719601987,281.2543917358198,622.1866499619057,131.85923114452973
behavior_window,continuous,e92e7c09-c1b8-4f72-a7a8-f75077608d1b,683fb37f-6a47-4d27-b196-f268e545c7fc,2026-08-17T09:41:54.021000+00:00,window_aggregate,,,,,,,,,,2026-08-16T09:41:52.149000+00:00,2026-08-16T09:42:22.149000+00:00,,,,,,,,,,,,,,,,,,,,,,,,,,,,,,2026-08-17T09:41:54.021000+00:00,,,,,,,,,,,,,,,,,,,,,,,,,,,,,,,,,2.6536884112430017,0.5334552650875835,5.0,0.4116488198907132,0.16865590420053606,89.00063815421305,28.592682697784866,105.2585144819152,19.964058625619757,5.446062243445201,32674.538075601282,264.89256037195537,1134.7261539870397,299.4909082818265
behavior_window,continuous,e92e7c09-c1b8-4f72-a7a8-f75077608d1b,683fb37f-6a47-4d27-b196-f268e545c7fc,2026-08-17T09:41:54.021000+00:00,window_aggregate,,,,,,,,,,2026-08-16T09:41:52.149000+00:00,2026-08-16T09:42:22.149000+00:00,,,,,,,,,,,,,,,,,,,,,,,,,,,,,,2026-08-17T09:41:54.021000+00:00,,,,,,,,,,,,,,,,,,,,,,,,,,,,,,,,,2.6536884112430017,0.5334552650875835,5.0,0.4116488198907132,0.16865590420053606,89.00063815421305,28.592682697784866,105.2585144819152,19.964058625619757,5.446062243445201,32674.538075601282,264.89256037195537,1134.7261539870397,299.4909082818265
behavior_window,continuous,e92e7c09-c1b8-4f72-a7a8-f75077608d1b,683fb37f-6a47-4d27-b196-f268e545c7fc,2026-08-17T09:41:54.021000+00:00,window_aggregate,,,,,,,,,,2026-08-16T09:41:52.149000+00:00,2026-08-16T09:42:22.149000+00:00,,,,,,,,,,,,,,,,,,,,,,,,,,,,,,2026-08-17T09:41:54.021000+00:00,,,,,,,,,,,,,,,,,,,,,,,,,,,,,,,,,2.6536884112430017,0.5334552650875835,5.0,0.4116488198907132,0.16865590420053606,89.00063815421305,28.592682697784866,105.2585144819152,19.964058625619757,5.446062243445201,32674.538075601282,264.89256037195537,1134.7261539870397,299.4909082818265
behavior_window,continuous,e92e7c09-c1b8-4f72-a7a8-f75077608d1b,43c7c9d4-9f4b-4823-bc49-2bdd58b9a92d,2026-08-17T09:41:54.022000+00:00,window_aggregate,,,,,,,,,,2026-08-16T08:41:52.149000+00:00,2026-08-16T08:42:22.149000+00:00,,,,,,,,,,,,,,,,,,,,,,,,,,,,,,2026-08-17T09:41:54.022000+00:00,,,,,,,,,,,,,,,,,,,,,,,,,,,,,,,,,0.7850022490673196,0.7600613021676818,2.0,0.1656906477256427,0.15886198409641744,103.21579057900144,11.972341337578431,66.06731417268699,25.463713528904243,3.9515614798259535,48929.286767879246,128.31073823280514,704.3763619261774,293.0758114731468
behavior_window,continuous,e92e7c09-c1b8-4f72-a7a8-f75077608d1b,43c7c9d4-9f4b-4823-bc49-2bdd58b9a92d,2026-08-17T09:41:54.022000+00:00,window_aggregate,,,,,,,,,,2026-08-16T08:41:52.149000+00:00,2026-08-16T08:42:22.149000+00:00,,,,,,,,,,,,,,,,,,,,,,,,,,,,,,2026-08-17T09:41:54.022000+00:00,,,,,,,,,,,,,,,,,,,,,,,,,,,,,,,,,0.7850022490673196,0.7600613021676818,2.0,0.1656906477256427,0.15886198409641744,103.21579057900144,11.972341337578431,66.06731417268699,25.463713528904243,3.9515614798259535,48929.286767879246,128.31073823280514,704.3763619261774,293.0758114731468
behavior_window,continuous,e92e7c09-c1b8-4f72-a7a8-f75077608d1b,43c7c9d4-9f4b-4823-bc49-2bdd58b9a92d,2026-08-17T09:41:54.022000+00:00,window_aggregate,,,,,,,,,,2026-08-16T08:41:52.149000+00:00,2026-08-16T08:42:22.149000+00:00,,,,,,,,,,,,,,,,,,,,,,,,,,,,,,2026-08-17T09:41:54.022000+00:00,,,,,,,,,,,,,,,,,,,,,,,,,,,,,,,,,0.7850022490673196,0.7600613021676818,2.0,0.1656906477256427,0.15886198409641744,103.21579057900144,11.972341337578431,66.06731417268699,25.463713528904243,3.9515614798259535,48929.286767879246,128.31073823280514,704.3763619261774,293.0758114731468
behavior_window,continuous,e92e7c09-c1b8-4f72-a7a8-f75077608d1b,e9fb2cdf-79e4-478e-b6ac-0a722e9e07c6,2026-08-17T09:41:54.019000+00:00,window_aggregate,,,,,,,,,,2026-08-16T01:41:52.149000+00:00,2026-08-16T01:42:22.149000+00:00,,,,,,,,,,,,,,,,,,,,,,,,,,,,,,2026-08-17T09:41:54.019000+00:00,,,,,,,,,,,,,,,,,,,,,,,,,,,,,,,,,0.6359415346963797,0.3296528557005739,10.0,0.22482247388604995,0.13661181956116716,88.89745045849571,32.145993436386014,99.91740011354628,19.09725631495164,3.8796677552020333,10297.664851649632,1.8673895663330886,705.6629039703462,242.07868876960012
behavior_window,continuous,e92e7c09-c1b8-4f72-a7a8-f75077608d1b,e9fb2cdf-79e4-478e-b6ac-0a722e9e07c6,2026-08-17T09:41:54.019000+00:00,window_aggregate,,,,,,,,,,2026-08-16T01:41:52.149000+00:00,2026-08-16T01:42:22.149000+00:00,,,,,,,,,,,,,,,,,,,,,,,,,,,,,,2026-08-17T09:41:54.019000+00:00,,,,,,,,,,,,,,,,,,,,,,,,,,,,,,,,,0.6359415346963797,0.3296528557005739,10.0,0.22482247388604995,0.13661181956116716,88.89745045849571,32.145993436386014,99.91740011354628,19.09725631495164,3.8796677552020333,10297.664851649632,1.8673895663330886,705.6629039703462,242.07868876960012
behavior_window,continuous,e92e7c09-c1b8-4f72-a7a8-f75077608d1b,e9fb2cdf-79e4-478e-b6ac-0a722e9e07c6,2026-08-17T09:41:54.019000+00:00,window_aggregate,,,,,,,,,,2026-08-16T01:41:52.149000+00:00,2026-08-16T01:42:22.149000+00:00,,,,,,,,,,,,,,,,,,,,,,,,,,,,,,2026-08-17T09:41:54.019000+00:00,,,,,,,,,,,,,,,,,,,,,,,,,,,,,,,,,0.6359415346963797,0.3296528557005739,10.0,0.22482247388604995,0.13661181956116716,88.89745045849571,32.145993436386014,99.91740011354628,19.09725631495164,3.8796677552020333,10297.664851649632,1.8673895663330886,705.6629039703462,242.07868876960012
behavior_window,continuous,e92e7c09-c1b8-4f72-a7a8-f75077608d1b,a36c8d90-c089-40c7-921e-909160986f4f,2026-08-17T09:41:54.020000+00:00,window_aggregate,,,,,,,,,,2026-08-14T23:41:52.149000+00:00,2026-08-14T23:42:22.149000+00:00,,,,,,,,,,,,,,,,,,,,,,,,,,,,,,2026-08-17T09:41:54.020000+00:00,,,,,,,,,,,,,,,,,,,,,,,,,,,,,,,,,0.5312654378832183,0.7106679572535455,5.0,0.3345083149127644,0.13486447438139132,99.14920499608624,27.859773063577215,103.33555109877045,7.092968179073948,4.745032832073953,27443.271361018073,489.94781947428885,596.5490357632593,363.348681189893
behavior_window,continuous,e92e7c09-c1b8-4f72-a7a8-f75077608d1b,a36c8d90-c089-40c7-921e-909160986f4f,2026-08-17T09:41:54.020000+00:00,window_aggregate,,,,,,,,,,2026-08-14T23:41:52.149000+00:00,2026-08-14T23:42:22.149000+00:00,,,,,,,,,,,,,,,,,,,,,,,,,,,,,,2026-08-17T09:41:54.020000+00:00,,,,,,,,,,,,,,,,,,,,,,,,,,,,,,,,,0.5312654378832183,0.7106679572535455,5.0,0.3345083149127644,0.13486447438139132,99.14920499608624,27.859773063577215,103.33555109877045,7.092968179073948,4.745032832073953,27443.271361018073,489.94781947428885,596.5490357632593,363.348681189893
behavior_window,continuous,e92e7c09-c1b8-4f72-a7a8-f75077608d1b,a36c8d90-c089-40c7-921e-909160986f4f,2026-08-17T09:41:54.020000+00:00,window_aggregate,,,,,,,,,,2026-08-14T23:41:52.149000+00:00,2026-08-14T23:42:22.149000+00:00,,,,,,,,,,,,,,,,,,,,,,,,,,,,,,2026-08-17T09:41:54.020000+00:00,,,,,,,,,,,,,,,,,,,,,,,,,,,,,,,,,0.5312654378832183,0.7106679572535455,5.0,0.3345083149127644,0.13486447438139132,99.14920499608624,27.859773063577215,103.33555109877045,7.092968179073948,4.745032832073953,27443.271361018073,489.94781947428885,596.5490357632593,363.348681189893
behavior_window,continuous,e92e7c09-c1b8-4f72-a7a8-f75077608d1b,a36c8d90-c089-40c7-921e-909160986f4f,2026-08-17T09:41:54.020000+00:00,window_aggregate,,,,,,,,,,2026-08-15T02:41:52.149000+00:00,2026-08-15T02:42:22.149000+00:00,,,,,,,,,,,,,,,,,,,,,,,,,,,,,,2026-08-17T09:41:54.020000+00:00,,,,,,,,,,,,,,,,,,,,,,,,,,,,,,,,,1.8156678663550774,0.2418314965835426,1.0,0.46843149719287713,0.11217663858275567,98.08222325163634,35.75261989881231,90.57348666874123,16.55290443501394,3.5871306744591474,1860.0807733821712,432.56880815334944,1218.4003723150515,462.96919602641
behavior_window,continuous,e92e7c09-c1b8-4f72-a7a8-f75077608d1b,a36c8d90-c089-40c7-921e-909160986f4f,2026-08-17T09:41:54.020000+00:00,window_aggregate,,,,,,,,,,2026-08-15T02:41:52.149000+00:00,2026-08-15T02:42:22.149000+00:00,,,,,,,,,,,,,,,,,,,,,,,,,,,,,,2026-08-17T09:41:54.020000+00:00,,,,,,,,,,,,,,,,,,,,,,,,,,,,,,,,,1.8156678663550774,0.2418314965835426,1.0,0.46843149719287713,0.11217663858275567,98.08222325163634,35.75261989881231,90.57348666874123,16.55290443501394,3.5871306744591474,1860.0807733821712,432.56880815334944,1218.4003723150515,462.96919602641
behavior_window,continuous,e92e7c09-c1b8-4f72-a7a8-f75077608d1b,a36c8d90-c089-40c7-921e-909160986f4f,2026-08-17T09:41:54.020000+00:00,window_aggregate,,,,,,,,,,2026-08-15T02:41:52.149000+00:00,2026-08-15T02:42:22.149000+00:00,,,,,,,,,,,,,,,,,,,,,,,,,,,,,,2026-08-17T09:41:54.020000+00:00,,,,,,,,,,,,,,,,,,,,,,,,,,,,,,,,,1.8156678663550774,0.2418314965835426,1.0,0.46843149719287713,0.11217663858275567,98.08222325163634,35.75261989881231,90.57348666874123,16.55290443501394,3.5871306744591474,1860.0807733821712,432.56880815334944,1218.4003723150515,462.96919602641
behavior_window,continuous,e92e7c09-c1b8-4f72-a7a8-f75077608d1b,43c7c9d4-9f4b-4823-bc49-2bdd58b9a92d,2026-08-17T09:41:54.021000+00:00,window_aggregate,,,,,,,,,,2026-08-16T00:41:52.149000+00:00,2026-08-16T00:42:22.149000+00:00,,,,,,,,,,,,,,,,,,,,,,,,,,,,,,2026-08-17T09:41:54.021000+00:00,,,,,,,,,,,,,,,,,,,,,,,,,,,,,,,,,1.3662807480029002,0.23890224678084668,5.0,0.22803597186287394,0.18289454243370817,104.72443529381624,21.04712023196117,71.27751544597747,18.5962576747812,4.834571053698684,9235.579955739004,466.88614633550753,831.8355884292448,484.4843098263122
behavior_window,continuous,e92e7c09-c1b8-4f72-a7a8-f75077608d1b,43c7c9d4-9f4b-4823-bc49-2bdd58b9a92d,2026-08-17T09:41:54.021000+00:00,window_aggregate,,,,,,,,,,2026-08-16T00:41:52.149000+00:00,2026-08-16T00:42:22.149000+00:00,,,,,,,,,,,,,,,,,,,,,,,,,,,,,,2026-08-17T09:41:54.021000+00:00,,,,,,,,,,,,,,,,,,,,,,,,,,,,,,,,,1.3662807480029002,0.23890224678084668,5.0,0.22803597186287394,0.18289454243370817,104.72443529381624,21.04712023196117,71.27751544597747,18.5962576747812,4.834571053698684,9235.579955739004,466.88614633550753,831.8355884292448,484.4843098263122
behavior_window,continuous,e92e7c09-c1b8-4f72-a7a8-f75077608d1b,43c7c9d4-9f4b-4823-bc49-2bdd58b9a92d,2026-08-17T09:41:54.021000+00:00,window_aggregate,,,,,,,,,,2026-08-16T00:41:52.149000+00:00,2026-08-16T00:42:22.149000+00:00,,,,,,,,,,,,,,,,,,,,,,,,,,,,,,2026-08-17T09:41:54.021000+00:00,,,,,,,,,,,,,,,,,,,,,,,,,,,,,,,,,1.3662807480029002,0.23890224678084668,5.0,0.22803597186287394,0.18289454243370817,104.72443529381624,21.04712023196117,71.27751544597747,18.5962576747812,4.834571053698684,9235.579955739004,466.88614633550753,831.8355884292448,484.4843098263122
behavior_window,continuous,e92e7c09-c1b8-4f72-a7a8-f75077608d1b,43c7c9d4-9f4b-4823-bc49-2bdd58b9a92d,2026-08-17T09:41:54.022000+00:00,window_aggregate,,,,,,,,,,2026-08-15T02:41:52.149000+00:00,2026-08-15T02:42:22.149000+00:00,,,,,,,,,,,,,,,,,,,,,,,,,,,,,,2026-08-17T09:41:54.022000+00:00,,,,,,,,,,,,,,,,,,,,,,,,,,,,,,,,,2.992311152587495,0.7049823973075067,0.0,0.1925177953880991,0.1867451252801165,81.20606510615737,23.029936944546968,100.41910439249219,9.986436394409314,4.560695337188282,18753.57955471885,337.16421185804995,1470.797019419116,141.80923094867413
behavior_window,continuous,e92e7c09-c1b8-4f72-a7a8-f75077608d1b,43c7c9d4-9f4b-4823-bc49-2bdd58b9a92d,2026-08-17T09:41:54.022000+00:00,window_aggregate,,,,,,,,,,2026-08-15T02:41:52.149000+00:00,2026-08-15T02:42:22.149000+00:00,,,,,,,,,,,,,,,,,,,,,,,,,,,,,,2026-08-17T09:41:54.022000+00:00,,,,,,,,,,,,,,,,,,,,,,,,,,,,,,,,,2.992311152587495,0.7049823973075067,0.0,0.1925177953880991,0.1867451252801165,81.20606510615737,23.029936944546968,100.41910439249219,9.986436394409314,4.560695337188282,18753.57955471885,337.16421185804995,1470.797019419116,141.80923094867413
behavior_window,continuous,e92e7c09-c1b8-4f72-a7a8-f75077608d1b,43c7c9d4-9f4b-4823-bc49-2bdd58b9a92d,2026-08-17T09:41:54.022000+00:00,window_aggregate,,,,,,,,,,2026-08-15T02:41:52.149000+00:00,2026-08-15T02:42:22.149000+00:00,,,,,,,,,,,,,,,,,,,,,,,,,,,,,,2026-08-17T09:41:54.022000+00:00,,,,,,,,,,,,,,,,,,,,,,,,,,,,,,,,,2.992311152587495,0.7049823973075067,0.0,0.1925177953880991,0.1867451252801165,81.20606510615737,23.029936944546968,100.41910439249219,9.986436394409314,4.560695337188282,18753.57955471885,337.16421185804995,1470.797019419116,141.80923094867413
behavior_window,continuous,e92e7c09-c1b8-4f72-a7a8-f75077608d1b,43c7c9d4-9f4b-4823-bc49-2bdd58b9a92d,2026-08-17T09:41:54.022000+00:00,window_aggregate,,,,,,,,,,2026-08-15T10:41:52.149000+00:00,2026-08-15T10:42:22.149000+00:00,,,,,,,,,,,,,,,,,,,,,,,,,,,,,,2026-08-17T09:41:54.022000+00:00,,,,,,,,,,,,,,,,,,,,,,,,,,,,,,,,,2.4976866723330486,0.170152610148215,3.0,0.3037941983755817,0.14059124364266676,93.4403071822594,34.98661847122917,77.40115961310082,18.21479207177744,3.325809429970546,40756.13759644817,130.95244181868597,1169.3847964050792,147.2759085529539
behavior_window,continuous,e92e7c09-c1b8-4f72-a7a8-f75077608d1b,43c7c9d4-9f4b-4823-bc49-2bdd58b9a92d,2026-08-17T09:41:54.022000+00:00,window_aggregate,,,,,,,,,,2026-08-15T10:41:52.149000+00:00,2026-08-15T10:42:22.149000+00:00,,,,,,,,,,,,,,,,,,,,,,,,,,,,,,2026-08-17T09:41:54.022000+00:00,,,,,,,,,,,,,,,,,,,,,,,,,,,,,,,,,2.4976866723330486,0.170152610148215,3.0,0.3037941983755817,0.14059124364266676,93.4403071822594,34.98661847122917,77.40115961310082,18.21479207177744,3.325809429970546,40756.13759644817,130.95244181868597,1169.3847964050792,147.2759085529539
behavior_window,continuous,e92e7c09-c1b8-4f72-a7a8-f75077608d1b,43c7c9d4-9f4b-4823-bc49-2bdd58b9a92d,2026-08-17T09:41:54.022000+00:00,window_aggregate,,,,,,,,,,2026-08-15T10:41:52.149000+00:00,2026-08-15T10:42:22.149000+00:00,,,,,,,,,,,,,,,,,,,,,,,,,,,,,,2026-08-17T09:41:54.022000+00:00,,,,,,,,,,,,,,,,,,,,,,,,,,,,,,,,,2.4976866723330486,0.170152610148215,3.0,0.3037941983755817,0.14059124364266676,93.4403071822594,34.98661847122917,77.40115961310082,18.21479207177744,3.325809429970546,40756.13759644817,130.95244181868597,1169.3847964050792,147.2759085529539
behavior_window,continuous,e92e7c09-c1b8-4f72-a7a8-f75077608d1b,a36c8d90-c089-40c7-921e-909160986f4f,2026-08-17T09:41:54.020000+00:00,window_aggregate,,,,,,,,,,2026-08-14T15:41:52.149000+00:00,2026-08-14T15:42:22.149000+00:00,,,,,,,,,,,,,,,,,,,,,,,,,,,,,,2026-08-17T09:41:54.020000+00:00,,,,,,,,,,,,,,,,,,,,,,,,,,,,,,,,,1.1363065046143637,0.14062702953319178,3.0,0.13377446718181993,0.09864507780806875,120.92816216512202,13.628462740448976,70.65255001277559,18.719133954124555,3.7289535614475326,3275.030440461608,51.26337109414242,887.3002914292861,332.4885320757937
behavior_window,continuous,e92e7c09-c1b8-4f72-a7a8-f75077608d1b,a36c8d90-c089-40c7-921e-909160986f4f,2026-08-17T09:41:54.020000+00:00,window_aggregate,,,,,,,,,,2026-08-14T15:41:52.149000+00:00,2026-08-14T15:42:22.149000+00:00,,,,,,,,,,,,,,,,,,,,,,,,,,,,,,2026-08-17T09:41:54.020000+00:00,,,,,,,,,,,,,,,,,,,,,,,,,,,,,,,,,1.1363065046143637,0.14062702953319178,3.0,0.13377446718181993,0.09864507780806875,120.92816216512202,13.628462740448976,70.65255001277559,18.719133954124555,3.7289535614475326,3275.030440461608,51.26337109414242,887.3002914292861,332.4885320757937
behavior_window,continuous,e92e7c09-c1b8-4f72-a7a8-f75077608d1b,a36c8d90-c089-40c7-921e-909160986f4f,2026-08-17T09:41:54.020000+00:00,window_aggregate,,,,,,,,,,2026-08-14T15:41:52.149000+00:00,2026-08-14T15:42:22.149000+00:00,,,,,,,,,,,,,,,,,,,,,,,,,,,,,,2026-08-17T09:41:54.020000+00:00,,,,,,,,,,,,,,,,,,,,,,,,,,,,,,,,,1.1363065046143637,0.14062702953319178,3.0,0.13377446718181993,0.09864507780806875,120.92816216512202,13.628462740448976,70.65255001277559,18.719133954124555,3.7289535614475326,3275.030440461608,51.26337109414242,887.3002914292861,332.4885320757937
behavior_window,continuous,e92e7c09-c1b8-4f72-a7a8-f75077608d1b,683fb37f-6a47-4d27-b196-f268e545c7fc,2026-08-17T09:41:54.021000+00:00,window_aggregate,,,,,,,,,,2026-08-15T15:41:52.149000+00:00,2026-08-15T15:42:22.149000+00:00,,,,,,,,,,,,,,,,,,,,,,,,,,,,,,2026-08-17T09:41:54.021000+00:00,,,,,,,,,,,,,,,,,,,,,,,,,,,,,,,,,2.5582296886855045,0.24846676432743006,6.0,0.16033415163486753,0.10898138768974225,131.50044732655152,10.894877231427033,109.78199299470594,11.141542490449725,4.451313041491879,3772.0932194678835,361.39951801687226,1133.9273532520574,396.0768057909628
behavior_window,continuous,e92e7c09-c1b8-4f72-a7a8-f75077608d1b,683fb37f-6a47-4d27-b196-f268e545c7fc,2026-08-17T09:41:54.021000+00:00,window_aggregate,,,,,,,,,,2026-08-15T15:41:52.149000+00:00,2026-08-15T15:42:22.149000+00:00,,,,,,,,,,,,,,,,,,,,,,,,,,,,,,2026-08-17T09:41:54.021000+00:00,,,,,,,,,,,,,,,,,,,,,,,,,,,,,,,,,2.5582296886855045,0.24846676432743006,6.0,0.16033415163486753,0.10898138768974225,131.50044732655152,10.894877231427033,109.78199299470594,11.141542490449725,4.451313041491879,3772.0932194678835,361.39951801687226,1133.9273532520574,396.0768057909628
behavior_window,continuous,e92e7c09-c1b8-4f72-a7a8-f75077608d1b,683fb37f-6a47-4d27-b196-f268e545c7fc,2026-08-17T09:41:54.021000+00:00,window_aggregate,,,,,,,,,,2026-08-15T15:41:52.149000+00:00,2026-08-15T15:42:22.149000+00:00,,,,,,,,,,,,,,,,,,,,,,,,,,,,,,2026-08-17T09:41:54.021000+00:00,,,,,,,,,,,,,,,,,,,,,,,,,,,,,,,,,2.5582296886855045,0.24846676432743006,6.0,0.16033415163486753,0.10898138768974225,131.50044732655152,10.894877231427033,109.78199299470594,11.141542490449725,4.451313041491879,3772.0932194678835,361.39951801687226,1133.9273532520574,396.0768057909628
behavior_window,continuous,e92e7c09-c1b8-4f72-a7a8-f75077608d1b,683fb37f-6a47-4d27-b196-f268e545c7fc,2026-08-17T09:41:54.021000+00:00,window_aggregate,,,,,,,,,,2026-08-16T08:41:52.149000+00:00,2026-08-16T08:42:22.149000+00:00,,,,,,,,,,,,,,,,,,,,,,,,,,,,,,2026-08-17T09:41:54.021000+00:00,,,,,,,,,,,,,,,,,,,,,,,,,,,,,,,,,0.7601102625234595,0.6154134431662951,9.0,0.11501635621714615,0.11341856749967406,90.48291490934604,17.990074135484505,68.26458874279739,14.156644655979376,5.6638447307573365,26285.30703708446,96.30850609290698,539.045374750542,469.77064054754305
behavior_window,continuous,e92e7c09-c1b8-4f72-a7a8-f75077608d1b,683fb37f-6a47-4d27-b196-f268e545c7fc,2026-08-17T09:41:54.021000+00:00,window_aggregate,,,,,,,,,,2026-08-16T08:41:52.149000+00:00,2026-08-16T08:42:22.149000+00:00,,,,,,,,,,,,,,,,,,,,,,,,,,,,,,2026-08-17T09:41:54.021000+00:00,,,,,,,,,,,,,,,,,,,,,,,,,,,,,,,,,0.7601102625234595,0.6154134431662951,9.0,0.11501635621714615,0.11341856749967406,90.48291490934604,17.990074135484505,68.26458874279739,14.156644655979376,5.6638447307573365,26285.30703708446,96.30850609290698,539.045374750542,469.77064054754305
behavior_window,continuous,e92e7c09-c1b8-4f72-a7a8-f75077608d1b,683fb37f-6a47-4d27-b196-f268e545c7fc,2026-08-17T09:41:54.021000+00:00,window_aggregate,,,,,,,,,,2026-08-16T08:41:52.149000+00:00,2026-08-16T08:42:22.149000+00:00,,,,,,,,,,,,,,,,,,,,,,,,,,,,,,2026-08-17T09:41:54.021000+00:00,,,,,,,,,,,,,,,,,,,,,,,,,,,,,,,,,0.7601102625234595,0.6154134431662951,9.0,0.11501635621714615,0.11341856749967406,90.48291490934604,17.990074135484505,68.26458874279739,14.156644655979376,5.6638447307573365,26285.30703708446,96.30850609290698,539.045374750542,469.77064054754305
behavior_window,continuous,e92e7c09-c1b8-4f72-a7a8-f75077608d1b,43c7c9d4-9f4b-4823-bc49-2bdd58b9a92d,2026-08-17T09:41:54.021000+00:00,window_aggregate,,,,,,,,,,2026-08-17T00:41:52.149000+00:00,2026-08-17T00:42:22.149000+00:00,,,,,,,,,,,,,,,,,,,,,,,,,,,,,,2026-08-17T09:41:54.021000+00:00,,,,,,,,,,,,,,,,,,,,,,,,,,,,,,,,,1.2765521018055777,0.23006909611774568,9.0,0.13063716217093405,0.054042110143412626,99.9148184913779,22.279394730006278,65.68081867212963,17.92401826543691,3.0874592885111283,7656.319718849344,462.8624337611935,1149.8673789219538,495.3345643016848
behavior_window,continuous,e92e7c09-c1b8-4f72-a7a8-f75077608d1b,43c7c9d4-9f4b-4823-bc49-2bdd58b9a92d,2026-08-17T09:41:54.021000+00:00,window_aggregate,,,,,,,,,,2026-08-17T00:41:52.149000+00:00,2026-08-17T00:42:22.149000+00:00,,,,,,,,,,,,,,,,,,,,,,,,,,,,,,2026-08-17T09:41:54.021000+00:00,,,,,,,,,,,,,,,,,,,,,,,,,,,,,,,,,1.2765521018055777,0.23006909611774568,9.0,0.13063716217093405,0.054042110143412626,99.9148184913779,22.279394730006278,65.68081867212963,17.92401826543691,3.0874592885111283,7656.319718849344,462.8624337611935,1149.8673789219538,495.3345643016848
behavior_window,continuous,e92e7c09-c1b8-4f72-a7a8-f75077608d1b,43c7c9d4-9f4b-4823-bc49-2bdd58b9a92d,2026-08-17T09:41:54.021000+00:00,window_aggregate,,,,,,,,,,2026-08-17T00:41:52.149000+00:00,2026-08-17T00:42:22.149000+00:00,,,,,,,,,,,,,,,,,,,,,,,,,,,,,,2026-08-17T09:41:54.021000+00:00,,,,,,,,,,,,,,,,,,,,,,,,,,,,,,,,,1.2765521018055777,0.23006909611774568,9.0,0.13063716217093405,0.054042110143412626,99.9148184913779,22.279394730006278,65.68081867212963,17.92401826543691,3.0874592885111283,7656.319718849344,462.8624337611935,1149.8673789219538,495.3345643016848
behavior_window,continuous,e92e7c09-c1b8-4f72-a7a8-f75077608d1b,43c7c9d4-9f4b-4823-bc49-2bdd58b9a92d,2026-08-17T09:41:54.022000+00:00,window_aggregate,,,,,,,,,,2026-08-16T15:41:52.149000+00:00,2026-08-16T15:42:22.149000+00:00,,,,,,,,,,,,,,,,,,,,,,,,,,,,,,2026-08-17T09:41:54.022000+00:00,,,,,,,,,,,,,,,,,,,,,,,,,,,,,,,,,2.5363300748258832,0.6603891962541873,5.0,0.41584907402295845,0.1957860907281187,148.20244120882464,20.797011151835612,63.041452499654234,17.537970654476496,3.380300875012245,39331.4074834054,490.6652913084681,1422.9406904125894,475.21703126437455
behavior_window,continuous,e92e7c09-c1b8-4f72-a7a8-f75077608d1b,43c7c9d4-9f4b-4823-bc49-2bdd58b9a92d,2026-08-17T09:41:54.022000+00:00,window_aggregate,,,,,,,,,,2026-08-16T15:41:52.149000+00:00,2026-08-16T15:42:22.149000+00:00,,,,,,,,,,,,,,,,,,,,,,,,,,,,,,2026-08-17T09:41:54.022000+00:00,,,,,,,,,,,,,,,,,,,,,,,,,,,,,,,,,2.5363300748258832,0.6603891962541873,5.0,0.41584907402295845,0.1957860907281187,148.20244120882464,20.797011151835612,63.041452499654234,17.537970654476496,3.380300875012245,39331.4074834054,490.6652913084681,1422.9406904125894,475.21703126437455
behavior_window,continuous,e92e7c09-c1b8-4f72-a7a8-f75077608d1b,43c7c9d4-9f4b-4823-bc49-2bdd58b9a92d,2026-08-17T09:41:54.022000+00:00,window_aggregate,,,,,,,,,,2026-08-16T15:41:52.149000+00:00,2026-08-16T15:42:22.149000+00:00,,,,,,,,,,,,,,,,,,,,,,,,,,,,,,2026-08-17T09:41:54.022000+00:00,,,,,,,,,,,,,,,,,,,,,,,,,,,,,,,,,2.5363300748258832,0.6603891962541873,5.0,0.41584907402295845,0.1957860907281187,148.20244120882464,20.797011151835612,63.041452499654234,17.537970654476496,3.380300875012245,39331.4074834054,490.6652913084681,1422.9406904125894,475.21703126437455
behavior_window,continuous,e92e7c09-c1b8-4f72-a7a8-f75077608d1b,43c7c9d4-9f4b-4823-bc49-2bdd58b9a92d,2026-08-17T09:41:54.022000+00:00,window_aggregate,,,,,,,,,,2026-08-15T08:41:52.149000+00:00,2026-08-15T08:42:22.149000+00:00,,,,,,,,,,,,,,,,,,,,,,,,,,,,,,2026-08-17T09:41:54.022000+00:00,,,,,,,,,,,,,,,,,,,,,,,,,,,,,,,,,1.3876536549415734,0.24139948864884336,4.0,0.22531914207738182,0.10833130975463917,112.1618317912401,37.853581324830614,81.05846672215723,11.945488524279131,4.485559762148126,20709.630497055332,281.37535681633676,937.3168674283404,482.58222185131905
behavior_window,continuous,e92e7c09-c1b8-4f72-a7a8-f75077608d1b,43c7c9d4-9f4b-4823-bc49-2bdd58b9a92d,2026-08-17T09:41:54.022000+00:00,window_aggregate,,,,,,,,,,2026-08-15T08:41:52.149000+00:00,2026-08-15T08:42:22.149000+00:00,,,,,,,,,,,,,,,,,,,,,,,,,,,,,,2026-08-17T09:41:54.022000+00:00,,,,,,,,,,,,,,,,,,,,,,,,,,,,,,,,,1.3876536549415734,0.24139948864884336,4.0,0.22531914207738182,0.10833130975463917,112.1618317912401,37.853581324830614,81.05846672215723,11.945488524279131,4.485559762148126,20709.630497055332,281.37535681633676,937.3168674283404,482.58222185131905
behavior_window,continuous,e92e7c09-c1b8-4f72-a7a8-f75077608d1b,43c7c9d4-9f4b-4823-bc49-2bdd58b9a92d,2026-08-17T09:41:54.022000+00:00,window_aggregate,,,,,,,,,,2026-08-15T08:41:52.149000+00:00,2026-08-15T08:42:22.149000+00:00,,,,,,,,,,,,,,,,,,,,,,,,,,,,,,2026-08-17T09:41:54.022000+00:00,,,,,,,,,,,,,,,,,,,,,,,,,,,,,,,,,1.3876536549415734,0.24139948864884336,4.0,0.22531914207738182,0.10833130975463917,112.1618317912401,37.853581324830614,81.05846672215723,11.945488524279131,4.485559762148126,20709.630497055332,281.37535681633676,937.3168674283404,482.58222185131905
behavior_window,continuous,e92e7c09-c1b8-4f72-a7a8-f75077608d1b,a36c8d90-c089-40c7-921e-909160986f4f,2026-08-17T09:41:54.020000+00:00,window_aggregate,,,,,,,,,,2026-08-15T17:41:52.149000+00:00,2026-08-15T17:42:22.149000+00:00,,,,,,,,,,,,,,,,,,,,,,,,,,,,,,2026-08-17T09:41:54.020000+00:00,,,,,,,,,,,,,,,,,,,,,,,,,,,,,,,,,0.971801375160093,0.5383176725084806,10.0,0.2547835914154442,0.092139594579049,147.99429461506367,18.083728546401925,71.53999831347116,27.471299204702376,3.8242774540893905,38882.39255805064,227.69981518730597,634.1133190885417,218.65849742221837
behavior_window,continuous,e92e7c09-c1b8-4f72-a7a8-f75077608d1b,a36c8d90-c089-40c7-921e-909160986f4f,2026-08-17T09:41:54.020000+00:00,window_aggregate,,,,,,,,,,2026-08-15T17:41:52.149000+00:00,2026-08-15T17:42:22.149000+00:00,,,,,,,,,,,,,,,,,,,,,,,,,,,,,,2026-08-17T09:41:54.020000+00:00,,,,,,,,,,,,,,,,,,,,,,,,,,,,,,,,,0.971801375160093,0.5383176725084806,10.0,0.2547835914154442,0.092139594579049,147.99429461506367,18.083728546401925,71.53999831347116,27.471299204702376,3.8242774540893905,38882.39255805064,227.69981518730597,634.1133190885417,218.65849742221837
behavior_window,continuous,e92e7c09-c1b8-4f72-a7a8-f75077608d1b,a36c8d90-c089-40c7-921e-909160986f4f,2026-08-17T09:41:54.020000+00:00,window_aggregate,,,,,,,,,,2026-08-15T17:41:52.149000+00:00,2026-08-15T17:42:22.149000+00:00,,,,,,,,,,,,,,,,,,,,,,,,,,,,,,2026-08-17T09:41:54.020000+00:00,,,,,,,,,,,,,,,,,,,,,,,,,,,,,,,,,0.971801375160093,0.5383176725084806,10.0,0.2547835914154442,0.092139594579049,147.99429461506367,18.083728546401925,71.53999831347116,27.471299204702376,3.8242774540893905,38882.39255805064,227.69981518730597,634.1133190885417,218.65849742221837
behavior_window,continuous,e92e7c09-c1b8-4f72-a7a8-f75077608d1b,683fb37f-6a47-4d27-b196-f268e545c7fc,2026-08-17T09:41:54.021000+00:00,window_aggregate,,,,,,,,,,2026-08-15T16:41:52.149000+00:00,2026-08-15T16:42:22.149000+00:00,,,,,,,,,,,,,,,,,,,,,,,,,,,,,,2026-08-17T09:41:54.021000+00:00,,,,,,,,,,,,,,,,,,,,,,,,,,,,,,,,,1.1885820975600674,0.5261487637583111,9.0,0.49327951025137373,0.08646264991392177,105.19662869027265,31.709396463340678,76.50556373087363,6.677163379868688,3.9339599489681296,26945.311401944607,371.4524349190258,640.1923928438356,314.11610169648543
behavior_window,continuous,e92e7c09-c1b8-4f72-a7a8-f75077608d1b,683fb37f-6a47-4d27-b196-f268e545c7fc,2026-08-17T09:41:54.021000+00:00,window_aggregate,,,,,,,,,,2026-08-15T16:41:52.149000+00:00,2026-08-15T16:42:22.149000+00:00,,,,,,,,,,,,,,,,,,,,,,,,,,,,,,2026-08-17T09:41:54.021000+00:00,,,,,,,,,,,,,,,,,,,,,,,,,,,,,,,,,1.1885820975600674,0.5261487637583111,9.0,0.49327951025137373,0.08646264991392177,105.19662869027265,31.709396463340678,76.50556373087363,6.677163379868688,3.9339599489681296,26945.311401944607,371.4524349190258,640.1923928438356,314.11610169648543
behavior_window,continuous,e92e7c09-c1b8-4f72-a7a8-f75077608d1b,683fb37f-6a47-4d27-b196-f268e545c7fc,2026-08-17T09:41:54.021000+00:00,window_aggregate,,,,,,,,,,2026-08-15T16:41:52.149000+00:00,2026-08-15T16:42:22.149000+00:00,,,,,,,,,,,,,,,,,,,,,,,,,,,,,,2026-08-17T09:41:54.021000+00:00,,,,,,,,,,,,,,,,,,,,,,,,,,,,,,,,,1.1885820975600674,0.5261487637583111,9.0,0.49327951025137373,0.08646264991392177,105.19662869027265,31.709396463340678,76.50556373087363,6.677163379868688,3.9339599489681296,26945.311401944607,371.4524349190258,640.1923928438356,314.11610169648543
behavior_window,continuous,e92e7c09-c1b8-4f72-a7a8-f75077608d1b,e9fb2cdf-79e4-478e-b6ac-0a722e9e07c6,2026-08-17T09:41:54.020000+00:00,window_aggregate,,,,,,,,,,2026-08-15T21:41:52.149000+00:00,2026-08-15T21:42:22.149000+00:00,,,,,,,,,,,,,,,,,,,,,,,,,,,,,,2026-08-17T09:41:54.020000+00:00,,,,,,,,,,,,,,,,,,,,,,,,,,,,,,,,,1.2373666350222625,0.5121748349786003,1.0,0.38711378426659404,0.10682419836758036,87.05690228703529,10.526498140860486,70.89347741104356,27.110838076167635,4.388192950080856,25727.939415930792,263.04215551067347,768.6968816146143,280.00038854225545
behavior_window,continuous,e92e7c09-c1b8-4f72-a7a8-f75077608d1b,e9fb2cdf-79e4-478e-b6ac-0a722e9e07c6,2026-08-17T09:41:54.020000+00:00,window_aggregate,,,,,,,,,,2026-08-15T21:41:52.149000+00:00,2026-08-15T21:42:22.149000+00:00,,,,,,,,,,,,,,,,,,,,,,,,,,,,,,2026-08-17T09:41:54.020000+00:00,,,,,,,,,,,,,,,,,,,,,,,,,,,,,,,,,1.2373666350222625,0.5121748349786003,1.0,0.38711378426659404,0.10682419836758036,87.05690228703529,10.526498140860486,70.89347741104356,27.110838076167635,4.388192950080856,25727.939415930792,263.04215551067347,768.6968816146143,280.00038854225545
behavior_window,continuous,e92e7c09-c1b8-4f72-a7a8-f75077608d1b,e9fb2cdf-79e4-478e-b6ac-0a722e9e07c6,2026-08-17T09:41:54.020000+00:00,window_aggregate,,,,,,,,,,2026-08-15T21:41:52.149000+00:00,2026-08-15T21:42:22.149000+00:00,,,,,,,,,,,,,,,,,,,,,,,,,,,,,,2026-08-17T09:41:54.020000+00:00,,,,,,,,,,,,,,,,,,,,,,,,,,,,,,,,,1.2373666350222625,0.5121748349786003,1.0,0.38711378426659404,0.10682419836758036,87.05690228703529,10.526498140860486,70.89347741104356,27.110838076167635,4.388192950080856,25727.939415930792,263.04215551067347,768.6968816146143,280.00038854225545
behavior_window,continuous,e92e7c09-c1b8-4f72-a7a8-f75077608d1b,e9fb2cdf-79e4-478e-b6ac-0a722e9e07c6,2026-08-17T09:41:54.020000+00:00,window_aggregate,,,,,,,,,,2026-08-15T04:41:52.149000+00:00,2026-08-15T04:42:22.149000+00:00,,,,,,,,,,,,,,,,,,,,,,,,,,,,,,2026-08-17T09:41:54.020000+00:00,,,,,,,,,,,,,,,,,,,,,,,,,,,,,,,,,1.2518841326470516,0.1127688027078558,3.0,0.221421345586038,0.10140488748257159,80.09285546135374,28.28574962478121,117.06991537329344,22.302627011296774,5.055513812882937,20247.15484399636,230.3676153414133,1410.911751977057,234.21470167105883
behavior_window,continuous,e92e7c09-c1b8-4f72-a7a8-f75077608d1b,e9fb2cdf-79e4-478e-b6ac-0a722e9e07c6,2026-08-17T09:41:54.020000+00:00,window_aggregate,,,,,,,,,,2026-08-15T04:41:52.149000+00:00,2026-08-15T04:42:22.149000+00:00,,,,,,,,,,,,,,,,,,,,,,,,,,,,,,2026-08-17T09:41:54.020000+00:00,,,,,,,,,,,,,,,,,,,,,,,,,,,,,,,,,1.2518841326470516,0.1127688027078558,3.0,0.221421345586038,0.10140488748257159,80.09285546135374,28.28574962478121,117.06991537329344,22.302627011296774,5.055513812882937,20247.15484399636,230.3676153414133,1410.911751977057,234.21470167105883
behavior_window,continuous,e92e7c09-c1b8-4f72-a7a8-f75077608d1b,e9fb2cdf-79e4-478e-b6ac-0a722e9e07c6,2026-08-17T09:41:54.020000+00:00,window_aggregate,,,,,,,,,,2026-08-15T04:41:52.149000+00:00,2026-08-15T04:42:22.149000+00:00,,,,,,,,,,,,,,,,,,,,,,,,,,,,,,2026-08-17T09:41:54.020000+00:00,,,,,,,,,,,,,,,,,,,,,,,,,,,,,,,,,1.2518841326470516,0.1127688027078558,3.0,0.221421345586038,0.10140488748257159,80.09285546135374,28.28574962478121,117.06991537329344,22.302627011296774,5.055513812882937,20247.15484399636,230.3676153414133,1410.911751977057,234.21470167105883
behavior_window,continuous,e92e7c09-c1b8-4f72-a7a8-f75077608d1b,e9fb2cdf-79e4-478e-b6ac-0a722e9e07c6,2026-08-17T09:41:54.020000+00:00,window_aggregate,,,,,,,,,,2026-08-14T12:41:52.149000+00:00,2026-08-14T12:42:22.149000+00:00,,,,,,,,,,,,,,,,,,,,,,,,,,,,,,2026-08-17T09:41:54.020000+00:00,,,,,,,,,,,,,,,,,,,,,,,,,,,,,,,,,0.9067568085488721,0.9456277785139489,2.0,0.2509728411944929,0.1431237252409257,90.98254122667592,24.084040169564155,115.91511794281041,10.784588563417076,4.881294401229697,13716.110790953884,356.1601702169395,504.6246212266158,183.52968480757914
behavior_window,continuous,e92e7c09-c1b8-4f72-a7a8-f75077608d1b,e9fb2cdf-79e4-478e-b6ac-0a722e9e07c6,2026-08-17T09:41:54.020000+00:00,window_aggregate,,,,,,,,,,2026-08-14T12:41:52.149000+00:00,2026-08-14T12:42:22.149000+00:00,,,,,,,,,,,,,,,,,,,,,,,,,,,,,,2026-08-17T09:41:54.020000+00:00,,,,,,,,,,,,,,,,,,,,,,,,,,,,,,,,,0.9067568085488721,0.9456277785139489,2.0,0.2509728411944929,0.1431237252409257,90.98254122667592,24.084040169564155,115.91511794281041,10.784588563417076,4.881294401229697,13716.110790953884,356.1601702169395,504.6246212266158,183.52968480757914
behavior_window,continuous,e92e7c09-c1b8-4f72-a7a8-f75077608d1b,e9fb2cdf-79e4-478e-b6ac-0a722e9e07c6,2026-08-17T09:41:54.020000+00:00,window_aggregate,,,,,,,,,,2026-08-14T12:41:52.149000+00:00,2026-08-14T12:42:22.149000+00:00,,,,,,,,,,,,,,,,,,,,,,,,,,,,,,2026-08-17T09:41:54.020000+00:00,,,,,,,,,,,,,,,,,,,,,,,,,,,,,,,,,0.9067568085488721,0.9456277785139489,2.0,0.2509728411944929,0.1431237252409257,90.98254122667592,24.084040169564155,115.91511794281041,10.784588563417076,4.881294401229697,13716.110790953884,356.1601702169395,504.6246212266158,183.52968480757914
behavior_window,continuous,e92e7c09-c1b8-4f72-a7a8-f75077608d1b,a36c8d90-c089-40c7-921e-909160986f4f,2026-08-17T09:41:54.020000+00:00,window_aggregate,,,,,,,,,,2026-08-14T10:41:52.149000+00:00,2026-08-14T10:42:22.149000+00:00,,,,,,,,,,,,,,,,,,,,,,,,,,,,,,2026-08-17T09:41:54.020000+00:00,,,,,,,,,,,,,,,,,,,,,,,,,,,,,,,,,1.1841051940631648,0.9028818005445716,10.0,0.16126859804096136,0.14541524928905764,115.53338342131737,22.183413117269083,65.45012481290604,13.729898880320755,3.806297662028637,49998.817337163375,69.89445875319849,938.6773172616568,280.6497549251284
behavior_window,continuous,e92e7c09-c1b8-4f72-a7a8-f75077608d1b,a36c8d90-c089-40c7-921e-909160986f4f,2026-08-17T09:41:54.020000+00:00,window_aggregate,,,,,,,,,,2026-08-14T10:41:52.149000+00:00,2026-08-14T10:42:22.149000+00:00,,,,,,,,,,,,,,,,,,,,,,,,,,,,,,2026-08-17T09:41:54.020000+00:00,,,,,,,,,,,,,,,,,,,,,,,,,,,,,,,,,1.1841051940631648,0.9028818005445716,10.0,0.16126859804096136,0.14541524928905764,115.53338342131737,22.183413117269083,65.45012481290604,13.729898880320755,3.806297662028637,49998.817337163375,69.89445875319849,938.6773172616568,280.6497549251284
behavior_window,continuous,e92e7c09-c1b8-4f72-a7a8-f75077608d1b,a36c8d90-c089-40c7-921e-909160986f4f,2026-08-17T09:41:54.020000+00:00,window_aggregate,,,,,,,,,,2026-08-14T10:41:52.149000+00:00,2026-08-14T10:42:22.149000+00:00,,,,,,,,,,,,,,,,,,,,,,,,,,,,,,2026-08-17T09:41:54.020000+00:00,,,,,,,,,,,,,,,,,,,,,,,,,,,,,,,,,1.1841051940631648,0.9028818005445716,10.0,0.16126859804096136,0.14541524928905764,115.53338342131737,22.183413117269083,65.45012481290604,13.729898880320755,3.806297662028637,49998.817337163375,69.89445875319849,938.6773172616568,280.6497549251284
behavior_window,continuous,e92e7c09-c1b8-4f72-a7a8-f75077608d1b,a36c8d90-c089-40c7-921e-909160986f4f,2026-08-17T09:41:54.020000+00:00,window_aggregate,,,,,,,,,,2026-08-17T02:41:52.149000+00:00,2026-08-17T02:42:22.149000+00:00,,,,,,,,,,,,,,,,,,,,,,,,,,,,,,2026-08-17T09:41:54.020000+00:00,,,,,,,,,,,,,,,,,,,,,,,,,,,,,,,,,2.8568714283437098,0.9433131222878428,9.0,0.49946054074278157,0.18223720025020562,132.8160735189952,25.51783111265943,62.50170432791025,7.338784768472433,3.77392782592488,5704.670240775568,145.29609473379435,965.9734832444144,238.9743882751715
behavior_window,continuous,e92e7c09-c1b8-4f72-a7a8-f75077608d1b,a36c8d90-c089-40c7-921e-909160986f4f,2026-08-17T09:41:54.020000+00:00,window_aggregate,,,,,,,,,,2026-08-17T02:41:52.149000+00:00,2026-08-17T02:42:22.149000+00:00,,,,,,,,,,,,,,,,,,,,,,,,,,,,,,2026-08-17T09:41:54.020000+00:00,,,,,,,,,,,,,,,,,,,,,,,,,,,,,,,,,2.8568714283437098,0.9433131222878428,9.0,0.49946054074278157,0.18223720025020562,132.8160735189952,25.51783111265943,62.50170432791025,7.338784768472433,3.77392782592488,5704.670240775568,145.29609473379435,965.9734832444144,238.9743882751715
behavior_window,continuous,e92e7c09-c1b8-4f72-a7a8-f75077608d1b,a36c8d90-c089-40c7-921e-909160986f4f,2026-08-17T09:41:54.020000+00:00,window_aggregate,,,,,,,,,,2026-08-17T02:41:52.149000+00:00,2026-08-17T02:42:22.149000+00:00,,,,,,,,,,,,,,,,,,,,,,,,,,,,,,2026-08-17T09:41:54.020000+00:00,,,,,,,,,,,,,,,,,,,,,,,,,,,,,,,,,2.8568714283437098,0.9433131222878428,9.0,0.49946054074278157,0.18223720025020562,132.8160735189952,25.51783111265943,62.50170432791025,7.338784768472433,3.77392782592488,5704.670240775568,145.29609473379435,965.9734832444144,238.9743882751715
behavior_window,continuous,e92e7c09-c1b8-4f72-a7a8-f75077608d1b,ab25bfe3-fb2a-4125-9fc1-f942cf986fdf,2026-08-17T09:41:54.021000+00:00,window_aggregate,,,,,,,,,,2026-08-16T04:41:52.149000+00:00,2026-08-16T04:42:22.149000+00:00,,,,,,,,,,,,,,,,,,,,,,,,,,,,,,2026-08-17T09:41:54.021000+00:00,,,,,,,,,,,,,,,,,,,,,,,,,,,,,,,,,1.9108967843767084,0.3279319302780299,0.0,0.22972444640807355,0.08093225666783108,96.66153298973848,17.97225979136727,92.59439188034332,14.08956230484111,5.587451108373093,10795.65940658214,312.84731724405776,1253.9891111150414,246.5161529566202
behavior_window,continuous,e92e7c09-c1b8-4f72-a7a8-f75077608d1b,ab25bfe3-fb2a-4125-9fc1-f942cf986fdf,2026-08-17T09:41:54.021000+00:00,window_aggregate,,,,,,,,,,2026-08-16T04:41:52.149000+00:00,2026-08-16T04:42:22.149000+00:00,,,,,,,,,,,,,,,,,,,,,,,,,,,,,,2026-08-17T09:41:54.021000+00:00,,,,,,,,,,,,,,,,,,,,,,,,,,,,,,,,,1.9108967843767084,0.3279319302780299,0.0,0.22972444640807355,0.08093225666783108,96.66153298973848,17.97225979136727,92.59439188034332,14.08956230484111,5.587451108373093,10795.65940658214,312.84731724405776,1253.9891111150414,246.5161529566202
behavior_window,continuous,e92e7c09-c1b8-4f72-a7a8-f75077608d1b,ab25bfe3-fb2a-4125-9fc1-f942cf986fdf,2026-08-17T09:41:54.021000+00:00,window_aggregate,,,,,,,,,,2026-08-16T04:41:52.149000+00:00,2026-08-16T04:42:22.149000+00:00,,,,,,,,,,,,,,,,,,,,,,,,,,,,,,2026-08-17T09:41:54.021000+00:00,,,,,,,,,,,,,,,,,,,,,,,,,,,,,,,,,1.9108967843767084,0.3279319302780299,0.0,0.22972444640807355,0.08093225666783108,96.66153298973848,17.97225979136727,92.59439188034332,14.08956230484111,5.587451108373093,10795.65940658214,312.84731724405776,1253.9891111150414,246.5161529566202
behavior_window,continuous,e92e7c09-c1b8-4f72-a7a8-f75077608d1b,ab25bfe3-fb2a-4125-9fc1-f942cf986fdf,2026-08-17T09:41:54.021000+00:00,window_aggregate,,,,,,,,,,2026-08-17T01:41:52.149000+00:00,2026-08-17T01:42:22.149000+00:00,,,,,,,,,,,,,,,,,,,,,,,,,,,,,,2026-08-17T09:41:54.021000+00:00,,,,,,,,,,,,,,,,,,,,,,,,,,,,,,,,,1.5633126976231586,0.3473527818877923,9.0,0.3224392913216372,0.14579332517166932,92.63936992987027,28.20010784504633,85.51738138557384,17.342974418354427,5.64642349334148,34386.95352289023,443.96093318782385,545.519991163202,386.54142293422274
behavior_window,continuous,e92e7c09-c1b8-4f72-a7a8-f75077608d1b,ab25bfe3-fb2a-4125-9fc1-f942cf986fdf,2026-08-17T09:41:54.021000+00:00,window_aggregate,,,,,,,,,,2026-08-17T01:41:52.149000+00:00,2026-08-17T01:42:22.149000+00:00,,,,,,,,,,,,,,,,,,,,,,,,,,,,,,2026-08-17T09:41:54.021000+00:00,,,,,,,,,,,,,,,,,,,,,,,,,,,,,,,,,1.5633126976231586,0.3473527818877923,9.0,0.3224392913216372,0.14579332517166932,92.63936992987027,28.20010784504633,85.51738138557384,17.342974418354427,5.64642349334148,34386.95352289023,443.96093318782385,545.519991163202,386.54142293422274
behavior_window,continuous,e92e7c09-c1b8-4f72-a7a8-f75077608d1b,ab25bfe3-fb2a-4125-9fc1-f942cf986fdf,2026-08-17T09:41:54.021000+00:00,window_aggregate,,,,,,,,,,2026-08-17T01:41:52.149000+00:00,2026-08-17T01:42:22.149000+00:00,,,,,,,,,,,,,,,,,,,,,,,,,,,,,,2026-08-17T09:41:54.021000+00:00,,,,,,,,,,,,,,,,,,,,,,,,,,,,,,,,,1.5633126976231586,0.3473527818877923,9.0,0.3224392913216372,0.14579332517166932,92.63936992987027,28.20010784504633,85.51738138557384,17.342974418354427,5.64642349334148,34386.95352289023,443.96093318782385,545.519991163202,386.54142293422274
behavior_window,continuous,e92e7c09-c1b8-4f72-a7a8-f75077608d1b,683fb37f-6a47-4d27-b196-f268e545c7fc,2026-08-17T09:41:54.021000+00:00,window_aggregate,,,,,,,,,,2026-08-17T00:41:52.149000+00:00,2026-08-17T00:42:22.149000+00:00,,,,,,,,,,,,,,,,,,,,,,,,,,,,,,2026-08-17T09:41:54.021000+00:00,,,,,,,,,,,,,,,,,,,,,,,,,,,,,,,,,0.959217505308416,0.9983946392183382,6.0,0.22637779543297368,0.18763515668874448,123.1010784773051,17.800640857244563,65.35985309141336,12.03376734469604,3.432556103368004,31888.961804504805,78.64607999750828,967.3671339459115,425.55539006893684
behavior_window,continuous,e92e7c09-c1b8-4f72-a7a8-f75077608d1b,683fb37f-6a47-4d27-b196-f268e545c7fc,2026-08-17T09:41:54.021000+00:00,window_aggregate,,,,,,,,,,2026-08-17T00:41:52.149000+00:00,2026-08-17T00:42:22.149000+00:00,,,,,,,,,,,,,,,,,,,,,,,,,,,,,,2026-08-17T09:41:54.021000+00:00,,,,,,,,,,,,,,,,,,,,,,,,,,,,,,,,,0.959217505308416,0.9983946392183382,6.0,0.22637779543297368,0.18763515668874448,123.1010784773051,17.800640857244563,65.35985309141336,12.03376734469604,3.432556103368004,31888.961804504805,78.64607999750828,967.3671339459115,425.55539006893684
behavior_window,continuous,e92e7c09-c1b8-4f72-a7a8-f75077608d1b,683fb37f-6a47-4d27-b196-f268e545c7fc,2026-08-17T09:41:54.021000+00:00,window_aggregate,,,,,,,,,,2026-08-17T00:41:52.149000+00:00,2026-08-17T00:42:22.149000+00:00,,,,,,,,,,,,,,,,,,,,,,,,,,,,,,2026-08-17T09:41:54.021000+00:00,,,,,,,,,,,,,,,,,,,,,,,,,,,,,,,,,0.959217505308416,0.9983946392183382,6.0,0.22637779543297368,0.18763515668874448,123.1010784773051,17.800640857244563,65.35985309141336,12.03376734469604,3.432556103368004,31888.961804504805,78.64607999750828,967.3671339459115,425.55539006893684
behavior_window,continuous,e92e7c09-c1b8-4f72-a7a8-f75077608d1b,e9fb2cdf-79e4-478e-b6ac-0a722e9e07c6,2026-08-17T09:41:54.020000+00:00,window_aggregate,,,,,,,,,,2026-08-14T13:41:52.149000+00:00,2026-08-14T13:42:22.149000+00:00,,,,,,,,,,,,,,,,,,,,,,,,,,,,,,2026-08-17T09:41:54.020000+00:00,,,,,,,,,,,,,,,,,,,,,,,,,,,,,,,,,1.6624314350483385,0.36279687869163046,3.0,0.19381544400124923,0.16081587487920634,121.24325458330017,17.443814507023436,58.51910691851435,20.209295606928656,5.441515793674693,16020.183036108803,347.0894339387737,741.3407531164826,463.76712757393625
behavior_window,continuous,e92e7c09-c1b8-4f72-a7a8-f75077608d1b,e9fb2cdf-79e4-478e-b6ac-0a722e9e07c6,2026-08-17T09:41:54.020000+00:00,window_aggregate,,,,,,,,,,2026-08-14T13:41:52.149000+00:00,2026-08-14T13:42:22.149000+00:00,,,,,,,,,,,,,,,,,,,,,,,,,,,,,,2026-08-17T09:41:54.020000+00:00,,,,,,,,,,,,,,,,,,,,,,,,,,,,,,,,,1.6624314350483385,0.36279687869163046,3.0,0.19381544400124923,0.16081587487920634,121.24325458330017,17.443814507023436,58.51910691851435,20.209295606928656,5.441515793674693,16020.183036108803,347.0894339387737,741.3407531164826,463.76712757393625
behavior_window,continuous,e92e7c09-c1b8-4f72-a7a8-f75077608d1b,e9fb2cdf-79e4-478e-b6ac-0a722e9e07c6,2026-08-17T09:41:54.020000+00:00,window_aggregate,,,,,,,,,,2026-08-14T13:41:52.149000+00:00,2026-08-14T13:42:22.149000+00:00,,,,,,,,,,,,,,,,,,,,,,,,,,,,,,2026-08-17T09:41:54.020000+00:00,,,,,,,,,,,,,,,,,,,,,,,,,,,,,,,,,1.6624314350483385,0.36279687869163046,3.0,0.19381544400124923,0.16081587487920634,121.24325458330017,17.443814507023436,58.51910691851435,20.209295606928656,5.441515793674693,16020.183036108803,347.0894339387737,741.3407531164826,463.76712757393625
behavior_window,continuous,e92e7c09-c1b8-4f72-a7a8-f75077608d1b,e9fb2cdf-79e4-478e-b6ac-0a722e9e07c6,2026-08-17T09:41:54.020000+00:00,window_aggregate,,,,,,,,,,2026-08-16T13:41:52.149000+00:00,2026-08-16T13:42:22.149000+00:00,,,,,,,,,,,,,,,,,,,,,,,,,,,,,,2026-08-17T09:41:54.020000+00:00,,,,,,,,,,,,,,,,,,,,,,,,,,,,,,,,,0.6939667985429074,0.5357841006973971,10.0,0.4055042279778516,0.0754716722449444,116.73464945535412,34.81849347870341,111.81594976060377,5.3441751341096335,4.8042177728023105,2331.5352053090633,198.10884862765766,1343.9884896853287,364.05424594227884
behavior_window,continuous,e92e7c09-c1b8-4f72-a7a8-f75077608d1b,e9fb2cdf-79e4-478e-b6ac-0a722e9e07c6,2026-08-17T09:41:54.020000+00:00,window_aggregate,,,,,,,,,,2026-08-16T13:41:52.149000+00:00,2026-08-16T13:42:22.149000+00:00,,,,,,,,,,,,,,,,,,,,,,,,,,,,,,2026-08-17T09:41:54.020000+00:00,,,,,,,,,,,,,,,,,,,,,,,,,,,,,,,,,0.6939667985429074,0.5357841006973971,10.0,0.4055042279778516,0.0754716722449444,116.73464945535412,34.81849347870341,111.81594976060377,5.3441751341096335,4.8042177728023105,2331.5352053090633,198.10884862765766,1343.9884896853287,364.05424594227884
behavior_window,continuous,e92e7c09-c1b8-4f72-a7a8-f75077608d1b,e9fb2cdf-79e4-478e-b6ac-0a722e9e07c6,2026-08-17T09:41:54.020000+00:00,window_aggregate,,,,,,,,,,2026-08-16T13:41:52.149000+00:00,2026-08-16T13:42:22.149000+00:00,,,,,,,,,,,,,,,,,,,,,,,,,,,,,,2026-08-17T09:41:54.020000+00:00,,,,,,,,,,,,,,,,,,,,,,,,,,,,,,,,,0.6939667985429074,0.5357841006973971,10.0,0.4055042279778516,0.0754716722449444,116.73464945535412,34.81849347870341,111.81594976060377,5.3441751341096335,4.8042177728023105,2331.5352053090633,198.10884862765766,1343.9884896853287,364.05424594227884
behavior_window,continuous,e92e7c09-c1b8-4f72-a7a8-f75077608d1b,e9fb2cdf-79e4-478e-b6ac-0a722e9e07c6,2026-08-17T09:41:54.020000+00:00,window_aggregate,,,,,,,,,,2026-08-15T13:41:52.149000+00:00,2026-08-15T13:42:22.149000+00:00,,,,,,,,,,,,,,,,,,,,,,,,,,,,,,2026-08-17T09:41:54.020000+00:00,,,,,,,,,,,,,,,,,,,,,,,,,,,,,,,,,0.9239412124923179,0.8852251913444692,6.0,0.3134131245552757,0.16826600586625368,123.5267265627533,20.762158946548382,52.377801852130624,24.60310349665443,4.036912284452799,47430.078647853086,34.669487815976176,1477.594823477169,119.05230766205023
behavior_window,continuous,e92e7c09-c1b8-4f72-a7a8-f75077608d1b,e9fb2cdf-79e4-478e-b6ac-0a722e9e07c6,2026-08-17T09:41:54.020000+00:00,window_aggregate,,,,,,,,,,2026-08-15T13:41:52.149000+00:00,2026-08-15T13:42:22.149000+00:00,,,,,,,,,,,,,,,,,,,,,,,,,,,,,,2026-08-17T09:41:54.020000+00:00,,,,,,,,,,,,,,,,,,,,,,,,,,,,,,,,,0.9239412124923179,0.8852251913444692,6.0,0.3134131245552757,0.16826600586625368,123.5267265627533,20.762158946548382,52.377801852130624,24.60310349665443,4.036912284452799,47430.078647853086,34.669487815976176,1477.594823477169,119.05230766205023
behavior_window,continuous,e92e7c09-c1b8-4f72-a7a8-f75077608d1b,e9fb2cdf-79e4-478e-b6ac-0a722e9e07c6,2026-08-17T09:41:54.020000+00:00,window_aggregate,,,,,,,,,,2026-08-15T13:41:52.149000+00:00,2026-08-15T13:42:22.149000+00:00,,,,,,,,,,,,,,,,,,,,,,,,,,,,,,2026-08-17T09:41:54.020000+00:00,,,,,,,,,,,,,,,,,,,,,,,,,,,,,,,,,0.9239412124923179,0.8852251913444692,6.0,0.3134131245552757,0.16826600586625368,123.5267265627533,20.762158946548382,52.377801852130624,24.60310349665443,4.036912284452799,47430.078647853086,34.669487815976176,1477.594823477169,119.05230766205023
behavior_window,continuous,e92e7c09-c1b8-4f72-a7a8-f75077608d1b,ab25bfe3-fb2a-4125-9fc1-f942cf986fdf,2026-08-17T09:41:54.021000+00:00,window_aggregate,,,,,,,,,,2026-08-16T07:41:52.149000+00:00,2026-08-16T07:42:22.149000+00:00,,,,,,,,,,,,,,,,,,,,,,,,,,,,,,2026-08-17T09:41:54.021000+00:00,,,,,,,,,,,,,,,,,,,,,,,,,,,,,,,,,1.7804712532496185,0.4916290783854357,8.0,0.21912629014354842,0.11189266298309666,85.8213973901208,14.476881968431897,89.47601248503045,12.869946823240292,5.42919413961113,35966.247083517745,80.73408231355073,1472.612829509254,184.73731459791475
behavior_window,continuous,e92e7c09-c1b8-4f72-a7a8-f75077608d1b,ab25bfe3-fb2a-4125-9fc1-f942cf986fdf,2026-08-17T09:41:54.021000+00:00,window_aggregate,,,,,,,,,,2026-08-16T07:41:52.149000+00:00,2026-08-16T07:42:22.149000+00:00,,,,,,,,,,,,,,,,,,,,,,,,,,,,,,2026-08-17T09:41:54.021000+00:00,,,,,,,,,,,,,,,,,,,,,,,,,,,,,,,,,1.7804712532496185,0.4916290783854357,8.0,0.21912629014354842,0.11189266298309666,85.8213973901208,14.476881968431897,89.47601248503045,12.869946823240292,5.42919413961113,35966.247083517745,80.73408231355073,1472.612829509254,184.73731459791475
behavior_window,continuous,e92e7c09-c1b8-4f72-a7a8-f75077608d1b,ab25bfe3-fb2a-4125-9fc1-f942cf986fdf,2026-08-17T09:41:54.021000+00:00,window_aggregate,,,,,,,,,,2026-08-16T07:41:52.149000+00:00,2026-08-16T07:42:22.149000+00:00,,,,,,,,,,,,,,,,,,,,,,,,,,,,,,2026-08-17T09:41:54.021000+00:00,,,,,,,,,,,,,,,,,,,,,,,,,,,,,,,,,1.7804712532496185,0.4916290783854357,8.0,0.21912629014354842,0.11189266298309666,85.8213973901208,14.476881968431897,89.47601248503045,12.869946823240292,5.42919413961113,35966.247083517745,80.73408231355073,1472.612829509254,184.73731459791475
behavior_window,continuous,e92e7c09-c1b8-4f72-a7a8-f75077608d1b,683fb37f-6a47-4d27-b196-f268e545c7fc,2026-08-17T09:41:54.021000+00:00,window_aggregate,,,,,,,,,,2026-08-16T22:41:52.149000+00:00,2026-08-16T22:42:22.149000+00:00,,,,,,,,,,,,,,,,,,,,,,,,,,,,,,2026-08-17T09:41:54.021000+00:00,,,,,,,,,,,,,,,,,,,,,,,,,,,,,,,,,1.484731770652888,0.1700003012633553,2.0,0.11077139894559318,0.11450764648415714,91.01047161702449,37.09345538141904,111.20874769354404,18.280606175856967,4.342153240593377,13146.35580892035,51.86761736751011,1194.7955739947847,354.1858936857784
behavior_window,continuous,e92e7c09-c1b8-4f72-a7a8-f75077608d1b,683fb37f-6a47-4d27-b196-f268e545c7fc,2026-08-17T09:41:54.021000+00:00,window_aggregate,,,,,,,,,,2026-08-16T22:41:52.149000+00:00,2026-08-16T22:42:22.149000+00:00,,,,,,,,,,,,,,,,,,,,,,,,,,,,,,2026-08-17T09:41:54.021000+00:00,,,,,,,,,,,,,,,,,,,,,,,,,,,,,,,,,1.484731770652888,0.1700003012633553,2.0,0.11077139894559318,0.11450764648415714,91.01047161702449,37.09345538141904,111.20874769354404,18.280606175856967,4.342153240593377,13146.35580892035,51.86761736751011,1194.7955739947847,354.1858936857784
behavior_window,continuous,e92e7c09-c1b8-4f72-a7a8-f75077608d1b,683fb37f-6a47-4d27-b196-f268e545c7fc,2026-08-17T09:41:54.021000+00:00,window_aggregate,,,,,,,,,,2026-08-16T22:41:52.149000+00:00,2026-08-16T22:42:22.149000+00:00,,,,,,,,,,,,,,,,,,,,,,,,,,,,,,2026-08-17T09:41:54.021000+00:00,,,,,,,,,,,,,,,,,,,,,,,,,,,,,,,,,1.484731770652888,0.1700003012633553,2.0,0.11077139894559318,0.11450764648415714,91.01047161702449,37.09345538141904,111.20874769354404,18.280606175856967,4.342153240593377,13146.35580892035,51.86761736751011,1194.7955739947847,354.1858936857784
behavior_window,continuous,e92e7c09-c1b8-4f72-a7a8-f75077608d1b,683fb37f-6a47-4d27-b196-f268e545c7fc,2026-08-17T09:41:54.021000+00:00,window_aggregate,,,,,,,,,,2026-08-16T08:41:52.149000+00:00,2026-08-16T08:42:22.149000+00:00,,,,,,,,,,,,,,,,,,,,,,,,,,,,,,2026-08-17T09:41:54.021000+00:00,,,,,,,,,,,,,,,,,,,,,,,,,,,,,,,,,2.97007450051753,0.5479580338161048,1.0,0.16529006448607286,0.10380330801519345,92.18856284837031,20.896415009286578,84.61855479893461,26.77893095535697,3.4072498108421114,7382.3907249826425,120.55360286778021,929.4921675515159,117.02498268516749
behavior_window,continuous,e92e7c09-c1b8-4f72-a7a8-f75077608d1b,683fb37f-6a47-4d27-b196-f268e545c7fc,2026-08-17T09:41:54.021000+00:00,window_aggregate,,,,,,,,,,2026-08-16T08:41:52.149000+00:00,2026-08-16T08:42:22.149000+00:00,,,,,,,,,,,,,,,,,,,,,,,,,,,,,,2026-08-17T09:41:54.021000+00:00,,,,,,,,,,,,,,,,,,,,,,,,,,,,,,,,,2.97007450051753,0.5479580338161048,1.0,0.16529006448607286,0.10380330801519345,92.18856284837031,20.896415009286578,84.61855479893461,26.77893095535697,3.4072498108421114,7382.3907249826425,120.55360286778021,929.4921675515159,117.02498268516749
behavior_window,continuous,e92e7c09-c1b8-4f72-a7a8-f75077608d1b,683fb37f-6a47-4d27-b196-f268e545c7fc,2026-08-17T09:41:54.021000+00:00,window_aggregate,,,,,,,,,,2026-08-16T08:41:52.149000+00:00,2026-08-16T08:42:22.149000+00:00,,,,,,,,,,,,,,,,,,,,,,,,,,,,,,2026-08-17T09:41:54.021000+00:00,,,,,,,,,,,,,,,,,,,,,,,,,,,,,,,,,2.97007450051753,0.5479580338161048,1.0,0.16529006448607286,0.10380330801519345,92.18856284837031,20.896415009286578,84.61855479893461,26.77893095535697,3.4072498108421114,7382.3907249826425,120.55360286778021,929.4921675515159,117.02498268516749
behavior_window,continuous,e92e7c09-c1b8-4f72-a7a8-f75077608d1b,683fb37f-6a47-4d27-b196-f268e545c7fc,2026-08-17T09:41:54.021000+00:00,window_aggregate,,,,,,,,,,2026-08-15T08:41:52.149000+00:00,2026-08-15T08:42:22.149000+00:00,,,,,,,,,,,,,,,,,,,,,,,,,,,,,,2026-08-17T09:41:54.021000+00:00,,,,,,,,,,,,,,,,,,,,,,,,,,,,,,,,,2.337149346381752,0.7874325967431955,4.0,0.27802727248027936,0.17322550380503765,134.33088693998613,21.029123138198074,84.16396261769461,29.642083942843247,3.3802301663388374,27878.528603926967,432.5115430912301,962.5332210566182,489.75457768647897
behavior_window,continuous,e92e7c09-c1b8-4f72-a7a8-f75077608d1b,683fb37f-6a47-4d27-b196-f268e545c7fc,2026-08-17T09:41:54.021000+00:00,window_aggregate,,,,,,,,,,2026-08-15T08:41:52.149000+00:00,2026-08-15T08:42:22.149000+00:00,,,,,,,,,,,,,,,,,,,,,,,,,,,,,,2026-08-17T09:41:54.021000+00:00,,,,,,,,,,,,,,,,,,,,,,,,,,,,,,,,,2.337149346381752,0.7874325967431955,4.0,0.27802727248027936,0.17322550380503765,134.33088693998613,21.029123138198074,84.16396261769461,29.642083942843247,3.3802301663388374,27878.528603926967,432.5115430912301,962.5332210566182,489.75457768647897
behavior_window,continuous,e92e7c09-c1b8-4f72-a7a8-f75077608d1b,683fb37f-6a47-4d27-b196-f268e545c7fc,2026-08-17T09:41:54.021000+00:00,window_aggregate,,,,,,,,,,2026-08-15T08:41:52.149000+00:00,2026-08-15T08:42:22.149000+00:00,,,,,,,,,,,,,,,,,,,,,,,,,,,,,,2026-08-17T09:41:54.021000+00:00,,,,,,,,,,,,,,,,,,,,,,,,,,,,,,,,,2.337149346381752,0.7874325967431955,4.0,0.27802727248027936,0.17322550380503765,134.33088693998613,21.029123138198074,84.16396261769461,29.642083942843247,3.3802301663388374,27878.528603926967,432.5115430912301,962.5332210566182,489.75457768647897
behavior_window,continuous,e92e7c09-c1b8-4f72-a7a8-f75077608d1b,e9fb2cdf-79e4-478e-b6ac-0a722e9e07c6,2026-08-17T09:41:54.020000+00:00,window_aggregate,,,,,,,,,,2026-08-17T06:41:52.149000+00:00,2026-08-17T06:42:22.149000+00:00,,,,,,,,,,,,,,,,,,,,,,,,,,,,,,2026-08-17T09:41:54.020000+00:00,,,,,,,,,,,,,,,,,,,,,,,,,,,,,,,,,0.8398550094592867,0.9354600161802867,8.0,0.4495884276002897,0.08414396688250911,134.91258927007652,17.77199888714577,51.00785461030416,14.746500018936807,3.0359193946085687,41260.29841025937,454.2109431931385,1341.6648433767346,333.1422809645135
behavior_window,continuous,e92e7c09-c1b8-4f72-a7a8-f75077608d1b,e9fb2cdf-79e4-478e-b6ac-0a722e9e07c6,2026-08-17T09:41:54.020000+00:00,window_aggregate,,,,,,,,,,2026-08-17T06:41:52.149000+00:00,2026-08-17T06:42:22.149000+00:00,,,,,,,,,,,,,,,,,,,,,,,,,,,,,,2026-08-17T09:41:54.020000+00:00,,,,,,,,,,,,,,,,,,,,,,,,,,,,,,,,,0.8398550094592867,0.9354600161802867,8.0,0.4495884276002897,0.08414396688250911,134.91258927007652,17.77199888714577,51.00785461030416,14.746500018936807,3.0359193946085687,41260.29841025937,454.2109431931385,1341.6648433767346,333.1422809645135
behavior_window,continuous,e92e7c09-c1b8-4f72-a7a8-f75077608d1b,e9fb2cdf-79e4-478e-b6ac-0a722e9e07c6,2026-08-17T09:41:54.020000+00:00,window_aggregate,,,,,,,,,,2026-08-17T06:41:52.149000+00:00,2026-08-17T06:42:22.149000+00:00,,,,,,,,,,,,,,,,,,,,,,,,,,,,,,2026-08-17T09:41:54.020000+00:00,,,,,,,,,,,,,,,,,,,,,,,,,,,,,,,,,0.8398550094592867,0.9354600161802867,8.0,0.4495884276002897,0.08414396688250911,134.91258927007652,17.77199888714577,51.00785461030416,14.746500018936807,3.0359193946085687,41260.29841025937,454.2109431931385,1341.6648433767346,333.1422809645135
behavior_window,continuous,e92e7c09-c1b8-4f72-a7a8-f75077608d1b,e9fb2cdf-79e4-478e-b6ac-0a722e9e07c6,2026-08-17T09:41:54.019000+00:00,window_aggregate,,,,,,,,,,2026-08-16T01:41:52.149000+00:00,2026-08-16T01:42:22.149000+00:00,,,,,,,,,,,,,,,,,,,,,,,,,,,,,,2026-08-17T09:41:54.019000+00:00,,,,,,,,,,,,,,,,,,,,,,,,,,,,,,,,,1.0900811321725488,0.27624763109289074,2.0,0.25584337342200447,0.07115519477606741,114.98117991110735,23.341851485265487,55.16249734802683,19.057684101650658,4.3167361471822,20637.210557453225,211.71271030455858,1143.2424701759405,462.075892538882
behavior_window,continuous,e92e7c09-c1b8-4f72-a7a8-f75077608d1b,e9fb2cdf-79e4-478e-b6ac-0a722e9e07c6,2026-08-17T09:41:54.019000+00:00,window_aggregate,,,,,,,,,,2026-08-16T01:41:52.149000+00:00,2026-08-16T01:42:22.149000+00:00,,,,,,,,,,,,,,,,,,,,,,,,,,,,,,2026-08-17T09:41:54.019000+00:00,,,,,,,,,,,,,,,,,,,,,,,,,,,,,,,,,1.0900811321725488,0.27624763109289074,2.0,0.25584337342200447,0.07115519477606741,114.98117991110735,23.341851485265487,55.16249734802683,19.057684101650658,4.3167361471822,20637.210557453225,211.71271030455858,1143.2424701759405,462.075892538882
behavior_window,continuous,e92e7c09-c1b8-4f72-a7a8-f75077608d1b,e9fb2cdf-79e4-478e-b6ac-0a722e9e07c6,2026-08-17T09:41:54.019000+00:00,window_aggregate,,,,,,,,,,2026-08-16T01:41:52.149000+00:00,2026-08-16T01:42:22.149000+00:00,,,,,,,,,,,,,,,,,,,,,,,,,,,,,,2026-08-17T09:41:54.019000+00:00,,,,,,,,,,,,,,,,,,,,,,,,,,,,,,,,,1.0900811321725488,0.27624763109289074,2.0,0.25584337342200447,0.07115519477606741,114.98117991110735,23.341851485265487,55.16249734802683,19.057684101650658,4.3167361471822,20637.210557453225,211.71271030455858,1143.2424701759405,462.075892538882
behavior_window,continuous,e92e7c09-c1b8-4f72-a7a8-f75077608d1b,e9fb2cdf-79e4-478e-b6ac-0a722e9e07c6,2026-08-17T09:41:54.020000+00:00,window_aggregate,,,,,,,,,,2026-08-14T15:41:52.149000+00:00,2026-08-14T15:42:22.149000+00:00,,,,,,,,,,,,,,,,,,,,,,,,,,,,,,2026-08-17T09:41:54.020000+00:00,,,,,,,,,,,,,,,,,,,,,,,,,,,,,,,,,1.9525634262562648,0.605091010263946,4.0,0.462789024225995,0.09182213724335098,123.10136417134275,38.375055141121706,64.97915830294241,11.354789771333717,3.74995472874035,34573.05070203727,486.9100253385471,574.5000072239156,237.86399605239424
behavior_window,continuous,e92e7c09-c1b8-4f72-a7a8-f75077608d1b,e9fb2cdf-79e4-478e-b6ac-0a722e9e07c6,2026-08-17T09:41:54.020000+00:00,window_aggregate,,,,,,,,,,2026-08-14T15:41:52.149000+00:00,2026-08-14T15:42:22.149000+00:00,,,,,,,,,,,,,,,,,,,,,,,,,,,,,,2026-08-17T09:41:54.020000+00:00,,,,,,,,,,,,,,,,,,,,,,,,,,,,,,,,,1.9525634262562648,0.605091010263946,4.0,0.462789024225995,0.09182213724335098,123.10136417134275,38.375055141121706,64.97915830294241,11.354789771333717,3.74995472874035,34573.05070203727,486.9100253385471,574.5000072239156,237.86399605239424
behavior_window,continuous,e92e7c09-c1b8-4f72-a7a8-f75077608d1b,e9fb2cdf-79e4-478e-b6ac-0a722e9e07c6,2026-08-17T09:41:54.020000+00:00,window_aggregate,,,,,,,,,,2026-08-14T15:41:52.149000+00:00,2026-08-14T15:42:22.149000+00:00,,,,,,,,,,,,,,,,,,,,,,,,,,,,,,2026-08-17T09:41:54.020000+00:00,,,,,,,,,,,,,,,,,,,,,,,,,,,,,,,,,1.9525634262562648,0.605091010263946,4.0,0.462789024225995,0.09182213724335098,123.10136417134275,38.375055141121706,64.97915830294241,11.354789771333717,3.74995472874035,34573.05070203727,486.9100253385471,574.5000072239156,237.86399605239424
behavior_window,continuous,e92e7c09-c1b8-4f72-a7a8-f75077608d1b,a36c8d90-c089-40c7-921e-909160986f4f,2026-08-17T09:41:54.020000+00:00,window_aggregate,,,,,,,,,,2026-08-14T19:41:52.149000+00:00,2026-08-14T19:42:22.149000+00:00,,,,,,,,,,,,,,,,,,,,,,,,,,,,,,2026-08-17T09:41:54.020000+00:00,,,,,,,,,,,,,,,,,,,,,,,,,,,,,,,,,1.4621945299790227,0.22044626436992554,5.0,0.11975749319856926,0.08916764151840667,103.15327016974237,19.305498701347723,59.61903911590737,9.533426783614164,3.3304816883908948,16631.646012100136,50.778028340684955,776.1915652197677,296.44135694597304
behavior_window,continuous,e92e7c09-c1b8-4f72-a7a8-f75077608d1b,a36c8d90-c089-40c7-921e-909160986f4f,2026-08-17T09:41:54.020000+00:00,window_aggregate,,,,,,,,,,2026-08-14T19:41:52.149000+00:00,2026-08-14T19:42:22.149000+00:00,,,,,,,,,,,,,,,,,,,,,,,,,,,,,,2026-08-17T09:41:54.020000+00:00,,,,,,,,,,,,,,,,,,,,,,,,,,,,,,,,,1.4621945299790227,0.22044626436992554,5.0,0.11975749319856926,0.08916764151840667,103.15327016974237,19.305498701347723,59.61903911590737,9.533426783614164,3.3304816883908948,16631.646012100136,50.778028340684955,776.1915652197677,296.44135694597304
behavior_window,continuous,e92e7c09-c1b8-4f72-a7a8-f75077608d1b,a36c8d90-c089-40c7-921e-909160986f4f,2026-08-17T09:41:54.020000+00:00,window_aggregate,,,,,,,,,,2026-08-14T19:41:52.149000+00:00,2026-08-14T19:42:22.149000+00:00,,,,,,,,,,,,,,,,,,,,,,,,,,,,,,2026-08-17T09:41:54.020000+00:00,,,,,,,,,,,,,,,,,,,,,,,,,,,,,,,,,1.4621945299790227,0.22044626436992554,5.0,0.11975749319856926,0.08916764151840667,103.15327016974237,19.305498701347723,59.61903911590737,9.533426783614164,3.3304816883908948,16631.646012100136,50.778028340684955,776.1915652197677,296.44135694597304
behavior_window,continuous,e92e7c09-c1b8-4f72-a7a8-f75077608d1b,ab25bfe3-fb2a-4125-9fc1-f942cf986fdf,2026-08-17T09:41:54.021000+00:00,window_aggregate,,,,,,,,,,2026-08-15T22:41:52.149000+00:00,2026-08-15T22:42:22.149000+00:00,,,,,,,,,,,,,,,,,,,,,,,,,,,,,,2026-08-17T09:41:54.021000+00:00,,,,,,,,,,,,,,,,,,,,,,,,,,,,,,,,,1.875776607445749,0.6647516487390123,9.0,0.4694023611124757,0.15610575638885993,102.55535863490957,26.781944821078795,59.180725848681874,29.899288071853704,4.58755713574094,30605.779459652524,491.04943684377736,1324.2916382294218,489.2910063262311
behavior_window,continuous,e92e7c09-c1b8-4f72-a7a8-f75077608d1b,ab25bfe3-fb2a-4125-9fc1-f942cf986fdf,2026-08-17T09:41:54.021000+00:00,window_aggregate,,,,,,,,,,2026-08-15T22:41:52.149000+00:00,2026-08-15T22:42:22.149000+00:00,,,,,,,,,,,,,,,,,,,,,,,,,,,,,,2026-08-17T09:41:54.021000+00:00,,,,,,,,,,,,,,,,,,,,,,,,,,,,,,,,,1.875776607445749,0.6647516487390123,9.0,0.4694023611124757,0.15610575638885993,102.55535863490957,26.781944821078795,59.180725848681874,29.899288071853704,4.58755713574094,30605.779459652524,491.04943684377736,1324.2916382294218,489.2910063262311
behavior_window,continuous,e92e7c09-c1b8-4f72-a7a8-f75077608d1b,ab25bfe3-fb2a-4125-9fc1-f942cf986fdf,2026-08-17T09:41:54.021000+00:00,window_aggregate,,,,,,,,,,2026-08-15T22:41:52.149000+00:00,2026-08-15T22:42:22.149000+00:00,,,,,,,,,,,,,,,,,,,,,,,,,,,,,,2026-08-17T09:41:54.021000+00:00,,,,,,,,,,,,,,,,,,,,,,,,,,,,,,,,,1.875776607445749,0.6647516487390123,9.0,0.4694023611124757,0.15610575638885993,102.55535863490957,26.781944821078795,59.180725848681874,29.899288071853704,4.58755713574094,30605.779459652524,491.04943684377736,1324.2916382294218,489.2910063262311
behavior_window,continuous,e92e7c09-c1b8-4f72-a7a8-f75077608d1b,ab25bfe3-fb2a-4125-9fc1-f942cf986fdf,2026-08-17T09:41:54.021000+00:00,window_aggregate,,,,,,,,,,2026-08-15T07:41:52.149000+00:00,2026-08-15T07:42:22.149000+00:00,,,,,,,,,,,,,,,,,,,,,,,,,,,,,,2026-08-17T09:41:54.021000+00:00,,,,,,,,,,,,,,,,,,,,,,,,,,,,,,,,,0.7948748036381679,0.4266592796364128,4.0,0.19039108173630515,0.11014808024203816,144.74405838785754,33.6299995088951,110.30114755628004,5.976113786609353,5.927007428756716,6506.191602143531,29.15268509033786,1474.6076540779995,424.9162714590788
behavior_window,continuous,e92e7c09-c1b8-4f72-a7a8-f75077608d1b,ab25bfe3-fb2a-4125-9fc1-f942cf986fdf,2026-08-17T09:41:54.021000+00:00,window_aggregate,,,,,,,,,,2026-08-15T07:41:52.149000+00:00,2026-08-15T07:42:22.149000+00:00,,,,,,,,,,,,,,,,,,,,,,,,,,,,,,2026-08-17T09:41:54.021000+00:00,,,,,,,,,,,,,,,,,,,,,,,,,,,,,,,,,0.7948748036381679,0.4266592796364128,4.0,0.19039108173630515,0.11014808024203816,144.74405838785754,33.6299995088951,110.30114755628004,5.976113786609353,5.927007428756716,6506.191602143531,29.15268509033786,1474.6076540779995,424.9162714590788
behavior_window,continuous,e92e7c09-c1b8-4f72-a7a8-f75077608d1b,ab25bfe3-fb2a-4125-9fc1-f942cf986fdf,2026-08-17T09:41:54.021000+00:00,window_aggregate,,,,,,,,,,2026-08-15T07:41:52.149000+00:00,2026-08-15T07:42:22.149000+00:00,,,,,,,,,,,,,,,,,,,,,,,,,,,,,,2026-08-17T09:41:54.021000+00:00,,,,,,,,,,,,,,,,,,,,,,,,,,,,,,,,,0.7948748036381679,0.4266592796364128,4.0,0.19039108173630515,0.11014808024203816,144.74405838785754,33.6299995088951,110.30114755628004,5.976113786609353,5.927007428756716,6506.191602143531,29.15268509033786,1474.6076540779995,424.9162714590788
behavior_window,continuous,e92e7c09-c1b8-4f72-a7a8-f75077608d1b,43c7c9d4-9f4b-4823-bc49-2bdd58b9a92d,2026-08-17T09:41:54.022000+00:00,window_aggregate,,,,,,,,,,2026-08-16T09:41:52.149000+00:00,2026-08-16T09:42:22.149000+00:00,,,,,,,,,,,,,,,,,,,,,,,,,,,,,,2026-08-17T09:41:54.022000+00:00,,,,,,,,,,,,,,,,,,,,,,,,,,,,,,,,,2.9557153936262237,0.9172583290965813,10.0,0.389596603763645,0.1179720508674238,143.76066269479895,12.864049564800464,70.39207508901832,19.299098324482635,5.238364445823539,10775.563600108753,140.58289407803974,1285.1888789994096,210.05071676693402
behavior_window,continuous,e92e7c09-c1b8-4f72-a7a8-f75077608d1b,43c7c9d4-9f4b-4823-bc49-2bdd58b9a92d,2026-08-17T09:41:54.022000+00:00,window_aggregate,,,,,,,,,,2026-08-16T09:41:52.149000+00:00,2026-08-16T09:42:22.149000+00:00,,,,,,,,,,,,,,,,,,,,,,,,,,,,,,2026-08-17T09:41:54.022000+00:00,,,,,,,,,,,,,,,,,,,,,,,,,,,,,,,,,2.9557153936262237,0.9172583290965813,10.0,0.389596603763645,0.1179720508674238,143.76066269479895,12.864049564800464,70.39207508901832,19.299098324482635,5.238364445823539,10775.563600108753,140.58289407803974,1285.1888789994096,210.05071676693402
behavior_window,continuous,e92e7c09-c1b8-4f72-a7a8-f75077608d1b,43c7c9d4-9f4b-4823-bc49-2bdd58b9a92d,2026-08-17T09:41:54.022000+00:00,window_aggregate,,,,,,,,,,2026-08-16T09:41:52.149000+00:00,2026-08-16T09:42:22.149000+00:00,,,,,,,,,,,,,,,,,,,,,,,,,,,,,,2026-08-17T09:41:54.022000+00:00,,,,,,,,,,,,,,,,,,,,,,,,,,,,,,,,,2.9557153936262237,0.9172583290965813,10.0,0.389596603763645,0.1179720508674238,143.76066269479895,12.864049564800464,70.39207508901832,19.299098324482635,5.238364445823539,10775.563600108753,140.58289407803974,1285.1888789994096,210.05071676693402
behavior_window,continuous,e92e7c09-c1b8-4f72-a7a8-f75077608d1b,e9fb2cdf-79e4-478e-b6ac-0a722e9e07c6,2026-08-17T09:41:54.020000+00:00,window_aggregate,,,,,,,,,,2026-08-16T12:41:52.149000+00:00,2026-08-16T12:42:22.149000+00:00,,,,,,,,,,,,,,,,,,,,,,,,,,,,,,2026-08-17T09:41:54.020000+00:00,,,,,,,,,,,,,,,,,,,,,,,,,,,,,,,,,2.309450934502171,0.7480528648873518,6.0,0.3277132499589782,0.06308113420797255,146.38843896333688,30.008272072755165,65.00019784142665,28.389233874098483,3.6133226631075726,1336.0112735418907,111.79610334351298,1459.0994861682775,426.9184607763414
behavior_window,continuous,e92e7c09-c1b8-4f72-a7a8-f75077608d1b,e9fb2cdf-79e4-478e-b6ac-0a722e9e07c6,2026-08-17T09:41:54.020000+00:00,window_aggregate,,,,,,,,,,2026-08-16T12:41:52.149000+00:00,2026-08-16T12:42:22.149000+00:00,,,,,,,,,,,,,,,,,,,,,,,,,,,,,,2026-08-17T09:41:54.020000+00:00,,,,,,,,,,,,,,,,,,,,,,,,,,,,,,,,,2.309450934502171,0.7480528648873518,6.0,0.3277132499589782,0.06308113420797255,146.38843896333688,30.008272072755165,65.00019784142665,28.389233874098483,3.6133226631075726,1336.0112735418907,111.79610334351298,1459.0994861682775,426.9184607763414
behavior_window,continuous,e92e7c09-c1b8-4f72-a7a8-f75077608d1b,e9fb2cdf-79e4-478e-b6ac-0a722e9e07c6,2026-08-17T09:41:54.020000+00:00,window_aggregate,,,,,,,,,,2026-08-16T12:41:52.149000+00:00,2026-08-16T12:42:22.149000+00:00,,,,,,,,,,,,,,,,,,,,,,,,,,,,,,2026-08-17T09:41:54.020000+00:00,,,,,,,,,,,,,,,,,,,,,,,,,,,,,,,,,2.309450934502171,0.7480528648873518,6.0,0.3277132499589782,0.06308113420797255,146.38843896333688,30.008272072755165,65.00019784142665,28.389233874098483,3.6133226631075726,1336.0112735418907,111.79610334351298,1459.0994861682775,426.9184607763414
behavior_window,continuous,e92e7c09-c1b8-4f72-a7a8-f75077608d1b,a36c8d90-c089-40c7-921e-909160986f4f,2026-08-17T09:41:54.020000+00:00,window_aggregate,,,,,,,,,,2026-08-15T12:41:52.149000+00:00,2026-08-15T12:42:22.149000+00:00,,,,,,,,,,,,,,,,,,,,,,,,,,,,,,2026-08-17T09:41:54.020000+00:00,,,,,,,,,,,,,,,,,,,,,,,,,,,,,,,,,2.3318533065550016,0.451056581588848,8.0,0.4548605199430984,0.06376975424968336,146.5564267365413,16.142941974139475,87.65495283936664,11.9764256081564,5.108737769321843,39742.59934411263,330.11743845133924,611.5419410472182,478.85118736422083
behavior_window,continuous,e92e7c09-c1b8-4f72-a7a8-f75077608d1b,a36c8d90-c089-40c7-921e-909160986f4f,2026-08-17T09:41:54.020000+00:00,window_aggregate,,,,,,,,,,2026-08-15T12:41:52.149000+00:00,2026-08-15T12:42:22.149000+00:00,,,,,,,,,,,,,,,,,,,,,,,,,,,,,,2026-08-17T09:41:54.020000+00:00,,,,,,,,,,,,,,,,,,,,,,,,,,,,,,,,,2.3318533065550016,0.451056581588848,8.0,0.4548605199430984,0.06376975424968336,146.5564267365413,16.142941974139475,87.65495283936664,11.9764256081564,5.108737769321843,39742.59934411263,330.11743845133924,611.5419410472182,478.85118736422083
behavior_window,continuous,e92e7c09-c1b8-4f72-a7a8-f75077608d1b,a36c8d90-c089-40c7-921e-909160986f4f,2026-08-17T09:41:54.020000+00:00,window_aggregate,,,,,,,,,,2026-08-15T12:41:52.149000+00:00,2026-08-15T12:42:22.149000+00:00,,,,,,,,,,,,,,,,,,,,,,,,,,,,,,2026-08-17T09:41:54.020000+00:00,,,,,,,,,,,,,,,,,,,,,,,,,,,,,,,,,2.3318533065550016,0.451056581588848,8.0,0.4548605199430984,0.06376975424968336,146.5564267365413,16.142941974139475,87.65495283936664,11.9764256081564,5.108737769321843,39742.59934411263,330.11743845133924,611.5419410472182,478.85118736422083
behavior_window,continuous,e92e7c09-c1b8-4f72-a7a8-f75077608d1b,a36c8d90-c089-40c7-921e-909160986f4f,2026-08-17T09:41:54.021000+00:00,window_aggregate,,,,,,,,,,2026-08-16T23:41:52.149000+00:00,2026-08-16T23:42:22.149000+00:00,,,,,,,,,,,,,,,,,,,,,,,,,,,,,,2026-08-17T09:41:54.021000+00:00,,,,,,,,,,,,,,,,,,,,,,,,,,,,,,,,,2.824193068813451,0.16596922706343337,9.0,0.13511298960140464,0.10142883906964761,143.95363686536714,37.30920322575091,98.17346043863417,23.014098076951516,4.441956321673971,35317.86672959953,121.08733492228718,1305.209362536249,260.0482494245004
behavior_window,continuous,e92e7c09-c1b8-4f72-a7a8-f75077608d1b,a36c8d90-c089-40c7-921e-909160986f4f,2026-08-17T09:41:54.021000+00:00,window_aggregate,,,,,,,,,,2026-08-16T23:41:52.149000+00:00,2026-08-16T23:42:22.149000+00:00,,,,,,,,,,,,,,,,,,,,,,,,,,,,,,2026-08-17T09:41:54.021000+00:00,,,,,,,,,,,,,,,,,,,,,,,,,,,,,,,,,2.824193068813451,0.16596922706343337,9.0,0.13511298960140464,0.10142883906964761,143.95363686536714,37.30920322575091,98.17346043863417,23.014098076951516,4.441956321673971,35317.86672959953,121.08733492228718,1305.209362536249,260.0482494245004
behavior_window,continuous,e92e7c09-c1b8-4f72-a7a8-f75077608d1b,a36c8d90-c089-40c7-921e-909160986f4f,2026-08-17T09:41:54.021000+00:00,window_aggregate,,,,,,,,,,2026-08-16T23:41:52.149000+00:00,2026-08-16T23:42:22.149000+00:00,,,,,,,,,,,,,,,,,,,,,,,,,,,,,,2026-08-17T09:41:54.021000+00:00,,,,,,,,,,,,,,,,,,,,,,,,,,,,,,,,,2.824193068813451,0.16596922706343337,9.0,0.13511298960140464,0.10142883906964761,143.95363686536714,37.30920322575091,98.17346043863417,23.014098076951516,4.441956321673971,35317.86672959953,121.08733492228718,1305.209362536249,260.0482494245004
behavior_window,continuous,e92e7c09-c1b8-4f72-a7a8-f75077608d1b,ab25bfe3-fb2a-4125-9fc1-f942cf986fdf,2026-08-17T09:41:54.021000+00:00,window_aggregate,,,,,,,,,,2026-08-17T03:41:52.149000+00:00,2026-08-17T03:42:22.149000+00:00,,,,,,,,,,,,,,,,,,,,,,,,,,,,,,2026-08-17T09:41:54.021000+00:00,,,,,,,,,,,,,,,,,,,,,,,,,,,,,,,,,2.6218696292659085,0.3968086528223027,3.0,0.4561817527329436,0.1460135363054174,119.07503951530967,32.76665923405161,86.03400593439147,6.495312537229346,3.587812477350042,38648.35559319455,132.2886085509387,948.090635271811,468.001339607501
behavior_window,continuous,e92e7c09-c1b8-4f72-a7a8-f75077608d1b,ab25bfe3-fb2a-4125-9fc1-f942cf986fdf,2026-08-17T09:41:54.021000+00:00,window_aggregate,,,,,,,,,,2026-08-17T03:41:52.149000+00:00,2026-08-17T03:42:22.149000+00:00,,,,,,,,,,,,,,,,,,,,,,,,,,,,,,2026-08-17T09:41:54.021000+00:00,,,,,,,,,,,,,,,,,,,,,,,,,,,,,,,,,2.6218696292659085,0.3968086528223027,3.0,0.4561817527329436,0.1460135363054174,119.07503951530967,32.76665923405161,86.03400593439147,6.495312537229346,3.587812477350042,38648.35559319455,132.2886085509387,948.090635271811,468.001339607501
behavior_window,continuous,e92e7c09-c1b8-4f72-a7a8-f75077608d1b,ab25bfe3-fb2a-4125-9fc1-f942cf986fdf,2026-08-17T09:41:54.021000+00:00,window_aggregate,,,,,,,,,,2026-08-17T03:41:52.149000+00:00,2026-08-17T03:42:22.149000+00:00,,,,,,,,,,,,,,,,,,,,,,,,,,,,,,2026-08-17T09:41:54.021000+00:00,,,,,,,,,,,,,,,,,,,,,,,,,,,,,,,,,2.6218696292659085,0.3968086528223027,3.0,0.4561817527329436,0.1460135363054174,119.07503951530967,32.76665923405161,86.03400593439147,6.495312537229346,3.587812477350042,38648.35559319455,132.2886085509387,948.090635271811,468.001339607501
behavior_window,continuous,e92e7c09-c1b8-4f72-a7a8-f75077608d1b,e9fb2cdf-79e4-478e-b6ac-0a722e9e07c6,2026-08-17T09:41:54.019000+00:00,window_aggregate,,,,,,,,,,2026-08-16T00:41:52.149000+00:00,2026-08-16T00:42:22.149000+00:00,,,,,,,,,,,,,,,,,,,,,,,,,,,,,,2026-08-17T09:41:54.019000+00:00,,,,,,,,,,,,,,,,,,,,,,,,,,,,,,,,,0.7761881810086753,0.8675373584936712,7.0,0.21629741244496323,0.11064570353974243,121.62914254892678,18.540368223311475,51.57528020281463,20.657047686635835,5.357821085190777,45929.04973834424,307.28533929047353,1298.9296388184546,397.980815614588
behavior_window,continuous,e92e7c09-c1b8-4f72-a7a8-f75077608d1b,e9fb2cdf-79e4-478e-b6ac-0a722e9e07c6,2026-08-17T09:41:54.019000+00:00,window_aggregate,,,,,,,,,,2026-08-16T00:41:52.149000+00:00,2026-08-16T00:42:22.149000+00:00,,,,,,,,,,,,,,,,,,,,,,,,,,,,,,2026-08-17T09:41:54.019000+00:00,,,,,,,,,,,,,,,,,,,,,,,,,,,,,,,,,0.7761881810086753,0.8675373584936712,7.0,0.21629741244496323,0.11064570353974243,121.62914254892678,18.540368223311475,51.57528020281463,20.657047686635835,5.357821085190777,45929.04973834424,307.28533929047353,1298.9296388184546,397.980815614588
behavior_window,continuous,e92e7c09-c1b8-4f72-a7a8-f75077608d1b,e9fb2cdf-79e4-478e-b6ac-0a722e9e07c6,2026-08-17T09:41:54.019000+00:00,window_aggregate,,,,,,,,,,2026-08-16T00:41:52.149000+00:00,2026-08-16T00:42:22.149000+00:00,,,,,,,,,,,,,,,,,,,,,,,,,,,,,,2026-08-17T09:41:54.019000+00:00,,,,,,,,,,,,,,,,,,,,,,,,,,,,,,,,,0.7761881810086753,0.8675373584936712,7.0,0.21629741244496323,0.11064570353974243,121.62914254892678,18.540368223311475,51.57528020281463,20.657047686635835,5.357821085190777,45929.04973834424,307.28533929047353,1298.9296388184546,397.980815614588
behavior_window,continuous,e92e7c09-c1b8-4f72-a7a8-f75077608d1b,a36c8d90-c089-40c7-921e-909160986f4f,2026-08-17T09:41:54.020000+00:00,window_aggregate,,,,,,,,,,2026-08-15T16:41:52.149000+00:00,2026-08-15T16:42:22.149000+00:00,,,,,,,,,,,,,,,,,,,,,,,,,,,,,,2026-08-17T09:41:54.020000+00:00,,,,,,,,,,,,,,,,,,,,,,,,,,,,,,,,,1.2891011826671863,0.7886083139343198,9.0,0.27040233534471203,0.1094387325944225,135.43618757180718,26.369865159555342,119.64881009646005,5.320474106097454,4.394894496645735,38966.1503817922,460.7361139531906,1382.509831642891,321.0562846808799
behavior_window,continuous,e92e7c09-c1b8-4f72-a7a8-f75077608d1b,a36c8d90-c089-40c7-921e-909160986f4f,2026-08-17T09:41:54.020000+00:00,window_aggregate,,,,,,,,,,2026-08-15T16:41:52.149000+00:00,2026-08-15T16:42:22.149000+00:00,,,,,,,,,,,,,,,,,,,,,,,,,,,,,,2026-08-17T09:41:54.020000+00:00,,,,,,,,,,,,,,,,,,,,,,,,,,,,,,,,,1.2891011826671863,0.7886083139343198,9.0,0.27040233534471203,0.1094387325944225,135.43618757180718,26.369865159555342,119.64881009646005,5.320474106097454,4.394894496645735,38966.1503817922,460.7361139531906,1382.509831642891,321.0562846808799
behavior_window,continuous,e92e7c09-c1b8-4f72-a7a8-f75077608d1b,a36c8d90-c089-40c7-921e-909160986f4f,2026-08-17T09:41:54.020000+00:00,window_aggregate,,,,,,,,,,2026-08-15T16:41:52.149000+00:00,2026-08-15T16:42:22.149000+00:00,,,,,,,,,,,,,,,,,,,,,,,,,,,,,,2026-08-17T09:41:54.020000+00:00,,,,,,,,,,,,,,,,,,,,,,,,,,,,,,,,,1.2891011826671863,0.7886083139343198,9.0,0.27040233534471203,0.1094387325944225,135.43618757180718,26.369865159555342,119.64881009646005,5.320474106097454,4.394894496645735,38966.1503817922,460.7361139531906,1382.509831642891,321.0562846808799
behavior_window,continuous,e92e7c09-c1b8-4f72-a7a8-f75077608d1b,683fb37f-6a47-4d27-b196-f268e545c7fc,2026-08-17T09:41:54.021000+00:00,window_aggregate,,,,,,,,,,2026-08-17T02:41:52.149000+00:00,2026-08-17T02:42:22.149000+00:00,,,,,,,,,,,,,,,,,,,,,,,,,,,,,,2026-08-17T09:41:54.021000+00:00,,,,,,,,,,,,,,,,,,,,,,,,,,,,,,,,,0.9637702269423688,0.2527196920796785,9.0,0.3203802632959863,0.13441763765268583,140.69973444538437,28.253776481888124,83.41214007748383,18.86510715226278,3.5052991983258943,35231.39456869222,419.76826874479593,1433.6811981036062,422.99184338313125
behavior_window,continuous,e92e7c09-c1b8-4f72-a7a8-f75077608d1b,683fb37f-6a47-4d27-b196-f268e545c7fc,2026-08-17T09:41:54.021000+00:00,window_aggregate,,,,,,,,,,2026-08-17T02:41:52.149000+00:00,2026-08-17T02:42:22.149000+00:00,,,,,,,,,,,,,,,,,,,,,,,,,,,,,,2026-08-17T09:41:54.021000+00:00,,,,,,,,,,,,,,,,,,,,,,,,,,,,,,,,,0.9637702269423688,0.2527196920796785,9.0,0.3203802632959863,0.13441763765268583,140.69973444538437,28.253776481888124,83.41214007748383,18.86510715226278,3.5052991983258943,35231.39456869222,419.76826874479593,1433.6811981036062,422.99184338313125
behavior_window,continuous,e92e7c09-c1b8-4f72-a7a8-f75077608d1b,683fb37f-6a47-4d27-b196-f268e545c7fc,2026-08-17T09:41:54.021000+00:00,window_aggregate,,,,,,,,,,2026-08-17T02:41:52.149000+00:00,2026-08-17T02:42:22.149000+00:00,,,,,,,,,,,,,,,,,,,,,,,,,,,,,,2026-08-17T09:41:54.021000+00:00,,,,,,,,,,,,,,,,,,,,,,,,,,,,,,,,,0.9637702269423688,0.2527196920796785,9.0,0.3203802632959863,0.13441763765268583,140.69973444538437,28.253776481888124,83.41214007748383,18.86510715226278,3.5052991983258943,35231.39456869222,419.76826874479593,1433.6811981036062,422.99184338313125
behavior_window,continuous,e92e7c09-c1b8-4f72-a7a8-f75077608d1b,43c7c9d4-9f4b-4823-bc49-2bdd58b9a92d,2026-08-17T09:41:54.022000+00:00,window_aggregate,,,,,,,,,,2026-08-16T03:41:52.149000+00:00,2026-08-16T03:42:22.149000+00:00,,,,,,,,,,,,,,,,,,,,,,,,,,,,,,2026-08-17T09:41:54.022000+00:00,,,,,,,,,,,,,,,,,,,,,,,,,,,,,,,,,1.2376665113695402,0.13868673426290654,1.0,0.4467942005713451,0.16847526625248066,105.5298756585438,12.546143041361404,75.23729545424108,17.78449361025145,4.611111603786812,18742.655473834497,163.8303329415075,1011.8030086263528,467.5145031149829
behavior_window,continuous,e92e7c09-c1b8-4f72-a7a8-f75077608d1b,43c7c9d4-9f4b-4823-bc49-2bdd58b9a92d,2026-08-17T09:41:54.022000+00:00,window_aggregate,,,,,,,,,,2026-08-16T03:41:52.149000+00:00,2026-08-16T03:42:22.149000+00:00,,,,,,,,,,,,,,,,,,,,,,,,,,,,,,2026-08-17T09:41:54.022000+00:00,,,,,,,,,,,,,,,,,,,,,,,,,,,,,,,,,1.2376665113695402,0.13868673426290654,1.0,0.4467942005713451,0.16847526625248066,105.5298756585438,12.546143041361404,75.23729545424108,17.78449361025145,4.611111603786812,18742.655473834497,163.8303329415075,1011.8030086263528,467.5145031149829
behavior_window,continuous,e92e7c09-c1b8-4f72-a7a8-f75077608d1b,43c7c9d4-9f4b-4823-bc49-2bdd58b9a92d,2026-08-17T09:41:54.022000+00:00,window_aggregate,,,,,,,,,,2026-08-16T03:41:52.149000+00:00,2026-08-16T03:42:22.149000+00:00,,,,,,,,,,,,,,,,,,,,,,,,,,,,,,2026-08-17T09:41:54.022000+00:00,,,,,,,,,,,,,,,,,,,,,,,,,,,,,,,,,1.2376665113695402,0.13868673426290654,1.0,0.4467942005713451,0.16847526625248066,105.5298756585438,12.546143041361404,75.23729545424108,17.78449361025145,4.611111603786812,18742.655473834497,163.8303329415075,1011.8030086263528,467.5145031149829
behavior_window,continuous,e92e7c09-c1b8-4f72-a7a8-f75077608d1b,a36c8d90-c089-40c7-921e-909160986f4f,2026-08-17T09:41:54.020000+00:00,window_aggregate,,,,,,,,,,2026-08-16T03:41:52.149000+00:00,2026-08-16T03:42:22.149000+00:00,,,,,,,,,,,,,,,,,,,,,,,,,,,,,,2026-08-17T09:41:54.020000+00:00,,,,,,,,,,,,,,,,,,,,,,,,,,,,,,,,,1.5921944190225361,0.39482865129582023,3.0,0.3234720660047804,0.16578486492804526,133.86793480253445,19.485430611455676,88.6439184920003,16.698398319681505,5.822031016566662,38121.68850479266,125.94282773763481,1000.8901107221134,226.56320703924698
behavior_window,continuous,e92e7c09-c1b8-4f72-a7a8-f75077608d1b,a36c8d90-c089-40c7-921e-909160986f4f,2026-08-17T09:41:54.020000+00:00,window_aggregate,,,,,,,,,,2026-08-16T03:41:52.149000+00:00,2026-08-16T03:42:22.149000+00:00,,,,,,,,,,,,,,,,,,,,,,,,,,,,,,2026-08-17T09:41:54.020000+00:00,,,,,,,,,,,,,,,,,,,,,,,,,,,,,,,,,1.5921944190225361,0.39482865129582023,3.0,0.3234720660047804,0.16578486492804526,133.86793480253445,19.485430611455676,88.6439184920003,16.698398319681505,5.822031016566662,38121.68850479266,125.94282773763481,1000.8901107221134,226.56320703924698
behavior_window,continuous,e92e7c09-c1b8-4f72-a7a8-f75077608d1b,a36c8d90-c089-40c7-921e-909160986f4f,2026-08-17T09:41:54.020000+00:00,window_aggregate,,,,,,,,,,2026-08-16T03:41:52.149000+00:00,2026-08-16T03:42:22.149000+00:00,,,,,,,,,,,,,,,,,,,,,,,,,,,,,,2026-08-17T09:41:54.020000+00:00,,,,,,,,,,,,,,,,,,,,,,,,,,,,,,,,,1.5921944190225361,0.39482865129582023,3.0,0.3234720660047804,0.16578486492804526,133.86793480253445,19.485430611455676,88.6439184920003,16.698398319681505,5.822031016566662,38121.68850479266,125.94282773763481,1000.8901107221134,226.56320703924698
behavior_window,continuous,e92e7c09-c1b8-4f72-a7a8-f75077608d1b,e9fb2cdf-79e4-478e-b6ac-0a722e9e07c6,2026-08-17T09:41:54.019000+00:00,window_aggregate,,,,,,,,,,2026-08-15T01:41:52.149000+00:00,2026-08-15T01:42:22.149000+00:00,,,,,,,,,,,,,,,,,,,,,,,,,,,,,,2026-08-17T09:41:54.019000+00:00,,,,,,,,,,,,,,,,,,,,,,,,,,,,,,,,,0.731659679458569,0.7376564119576695,6.0,0.38002508759709464,0.1112836177548187,126.24499980315414,23.09989050897491,87.07224699192119,26.312037771130328,5.95853556284691,5398.178824599574,377.6479826983185,709.0143716632108,388.32629454163776
behavior_window,continuous,e92e7c09-c1b8-4f72-a7a8-f75077608d1b,e9fb2cdf-79e4-478e-b6ac-0a722e9e07c6,2026-08-17T09:41:54.019000+00:00,window_aggregate,,,,,,,,,,2026-08-15T01:41:52.149000+00:00,2026-08-15T01:42:22.149000+00:00,,,,,,,,,,,,,,,,,,,,,,,,,,,,,,2026-08-17T09:41:54.019000+00:00,,,,,,,,,,,,,,,,,,,,,,,,,,,,,,,,,0.731659679458569,0.7376564119576695,6.0,0.38002508759709464,0.1112836177548187,126.24499980315414,23.09989050897491,87.07224699192119,26.312037771130328,5.95853556284691,5398.178824599574,377.6479826983185,709.0143716632108,388.32629454163776
behavior_window,continuous,e92e7c09-c1b8-4f72-a7a8-f75077608d1b,e9fb2cdf-79e4-478e-b6ac-0a722e9e07c6,2026-08-17T09:41:54.019000+00:00,window_aggregate,,,,,,,,,,2026-08-15T01:41:52.149000+00:00,2026-08-15T01:42:22.149000+00:00,,,,,,,,,,,,,,,,,,,,,,,,,,,,,,2026-08-17T09:41:54.019000+00:00,,,,,,,,,,,,,,,,,,,,,,,,,,,,,,,,,0.731659679458569,0.7376564119576695,6.0,0.38002508759709464,0.1112836177548187,126.24499980315414,23.09989050897491,87.07224699192119,26.312037771130328,5.95853556284691,5398.178824599574,377.6479826983185,709.0143716632108,388.32629454163776
behavior_window,continuous,e92e7c09-c1b8-4f72-a7a8-f75077608d1b,e9fb2cdf-79e4-478e-b6ac-0a722e9e07c6,2026-08-17T09:41:54.020000+00:00,window_aggregate,,,,,,,,,,2026-08-16T06:41:52.149000+00:00,2026-08-16T06:42:22.149000+00:00,,,,,,,,,,,,,,,,,,,,,,,,,,,,,,2026-08-17T09:41:54.020000+00:00,,,,,,,,,,,,,,,,,,,,,,,,,,,,,,,,,1.6903849572522918,0.6873079687795721,8.0,0.10612542709927508,0.06379695944725916,106.88560893598788,17.39075875091384,112.24278582842587,25.139141128051286,4.066867960939223,36209.82379514441,478.51239640433363,764.7353864419242,116.73977782836067
behavior_window,continuous,e92e7c09-c1b8-4f72-a7a8-f75077608d1b,e9fb2cdf-79e4-478e-b6ac-0a722e9e07c6,2026-08-17T09:41:54.020000+00:00,window_aggregate,,,,,,,,,,2026-08-16T06:41:52.149000+00:00,2026-08-16T06:42:22.149000+00:00,,,,,,,,,,,,,,,,,,,,,,,,,,,,,,2026-08-17T09:41:54.020000+00:00,,,,,,,,,,,,,,,,,,,,,,,,,,,,,,,,,1.6903849572522918,0.6873079687795721,8.0,0.10612542709927508,0.06379695944725916,106.88560893598788,17.39075875091384,112.24278582842587,25.139141128051286,4.066867960939223,36209.82379514441,478.51239640433363,764.7353864419242,116.73977782836067
behavior_window,continuous,e92e7c09-c1b8-4f72-a7a8-f75077608d1b,e9fb2cdf-79e4-478e-b6ac-0a722e9e07c6,2026-08-17T09:41:54.020000+00:00,window_aggregate,,,,,,,,,,2026-08-16T06:41:52.149000+00:00,2026-08-16T06:42:22.149000+00:00,,,,,,,,,,,,,,,,,,,,,,,,,,,,,,2026-08-17T09:41:54.020000+00:00,,,,,,,,,,,,,,,,,,,,,,,,,,,,,,,,,1.6903849572522918,0.6873079687795721,8.0,0.10612542709927508,0.06379695944725916,106.88560893598788,17.39075875091384,112.24278582842587,25.139141128051286,4.066867960939223,36209.82379514441,478.51239640433363,764.7353864419242,116.73977782836067
behavior_window,continuous,e92e7c09-c1b8-4f72-a7a8-f75077608d1b,683fb37f-6a47-4d27-b196-f268e545c7fc,2026-08-17T09:41:54.021000+00:00,window_aggregate,,,,,,,,,,2026-08-16T20:41:52.149000+00:00,2026-08-16T20:42:22.149000+00:00,,,,,,,,,,,,,,,,,,,,,,,,,,,,,,2026-08-17T09:41:54.021000+00:00,,,,,,,,,,,,,,,,,,,,,,,,,,,,,,,,,1.9849093539956428,0.6906672699573596,2.0,0.45807560441573203,0.0851187344060732,145.03016230705794,39.019021648128245,100.89484534531286,21.959662301628207,3.639435030290339,26753.99421236279,267.8342199324061,547.5139096543078,209.6597652773818
behavior_window,continuous,e92e7c09-c1b8-4f72-a7a8-f75077608d1b,683fb37f-6a47-4d27-b196-f268e545c7fc,2026-08-17T09:41:54.021000+00:00,window_aggregate,,,,,,,,,,2026-08-16T20:41:52.149000+00:00,2026-08-16T20:42:22.149000+00:00,,,,,,,,,,,,,,,,,,,,,,,,,,,,,,2026-08-17T09:41:54.021000+00:00,,,,,,,,,,,,,,,,,,,,,,,,,,,,,,,,,1.9849093539956428,0.6906672699573596,2.0,0.45807560441573203,0.0851187344060732,145.03016230705794,39.019021648128245,100.89484534531286,21.959662301628207,3.639435030290339,26753.99421236279,267.8342199324061,547.5139096543078,209.6597652773818
behavior_window,continuous,e92e7c09-c1b8-4f72-a7a8-f75077608d1b,683fb37f-6a47-4d27-b196-f268e545c7fc,2026-08-17T09:41:54.021000+00:00,window_aggregate,,,,,,,,,,2026-08-16T20:41:52.149000+00:00,2026-08-16T20:42:22.149000+00:00,,,,,,,,,,,,,,,,,,,,,,,,,,,,,,2026-08-17T09:41:54.021000+00:00,,,,,,,,,,,,,,,,,,,,,,,,,,,,,,,,,1.9849093539956428,0.6906672699573596,2.0,0.45807560441573203,0.0851187344060732,145.03016230705794,39.019021648128245,100.89484534531286,21.959662301628207,3.639435030290339,26753.99421236279,267.8342199324061,547.5139096543078,209.6597652773818
behavior_window,continuous,e92e7c09-c1b8-4f72-a7a8-f75077608d1b,43c7c9d4-9f4b-4823-bc49-2bdd58b9a92d,2026-08-17T09:41:54.022000+00:00,window_aggregate,,,,,,,,,,2026-08-15T08:41:52.149000+00:00,2026-08-15T08:42:22.149000+00:00,,,,,,,,,,,,,,,,,,,,,,,,,,,,,,2026-08-17T09:41:54.022000+00:00,,,,,,,,,,,,,,,,,,,,,,,,,,,,,,,,,0.7857342175482005,0.5107784188449725,9.0,0.4277293415205127,0.18816307641254088,106.00407445371805,16.54435417579286,102.59111895448258,5.041780393838023,5.2639675050038335,39028.6492921706,38.52837930059982,1290.2399719455716,270.29742199869463
behavior_window,continuous,e92e7c09-c1b8-4f72-a7a8-f75077608d1b,43c7c9d4-9f4b-4823-bc49-2bdd58b9a92d,2026-08-17T09:41:54.022000+00:00,window_aggregate,,,,,,,,,,2026-08-15T08:41:52.149000+00:00,2026-08-15T08:42:22.149000+00:00,,,,,,,,,,,,,,,,,,,,,,,,,,,,,,2026-08-17T09:41:54.022000+00:00,,,,,,,,,,,,,,,,,,,,,,,,,,,,,,,,,0.7857342175482005,0.5107784188449725,9.0,0.4277293415205127,0.18816307641254088,106.00407445371805,16.54435417579286,102.59111895448258,5.041780393838023,5.2639675050038335,39028.6492921706,38.52837930059982,1290.2399719455716,270.29742199869463
behavior_window,continuous,e92e7c09-c1b8-4f72-a7a8-f75077608d1b,43c7c9d4-9f4b-4823-bc49-2bdd58b9a92d,2026-08-17T09:41:54.022000+00:00,window_aggregate,,,,,,,,,,2026-08-15T08:41:52.149000+00:00,2026-08-15T08:42:22.149000+00:00,,,,,,,,,,,,,,,,,,,,,,,,,,,,,,2026-08-17T09:41:54.022000+00:00,,,,,,,,,,,,,,,,,,,,,,,,,,,,,,,,,0.7857342175482005,0.5107784188449725,9.0,0.4277293415205127,0.18816307641254088,106.00407445371805,16.54435417579286,102.59111895448258,5.041780393838023,5.2639675050038335,39028.6492921706,38.52837930059982,1290.2399719455716,270.29742199869463
behavior_window,continuous,e92e7c09-c1b8-4f72-a7a8-f75077608d1b,ab25bfe3-fb2a-4125-9fc1-f942cf986fdf,2026-08-17T09:41:54.021000+00:00,window_aggregate,,,,,,,,,,2026-08-14T20:41:52.149000+00:00,2026-08-14T20:42:22.149000+00:00,,,,,,,,,,,,,,,,,,,,,,,,,,,,,,2026-08-17T09:41:54.021000+00:00,,,,,,,,,,,,,,,,,,,,,,,,,,,,,,,,,2.5306519368818847,0.8879627388984183,7.0,0.4783661716498103,0.07638996516593777,113.98951882113492,21.3675161031734,84.30734907119947,16.980402181952513,4.90965186478488,43378.22384451256,89.43838045784192,913.969936266028,272.87261130606174
behavior_window,continuous,e92e7c09-c1b8-4f72-a7a8-f75077608d1b,ab25bfe3-fb2a-4125-9fc1-f942cf986fdf,2026-08-17T09:41:54.021000+00:00,window_aggregate,,,,,,,,,,2026-08-14T20:41:52.149000+00:00,2026-08-14T20:42:22.149000+00:00,,,,,,,,,,,,,,,,,,,,,,,,,,,,,,2026-08-17T09:41:54.021000+00:00,,,,,,,,,,,,,,,,,,,,,,,,,,,,,,,,,2.5306519368818847,0.8879627388984183,7.0,0.4783661716498103,0.07638996516593777,113.98951882113492,21.3675161031734,84.30734907119947,16.980402181952513,4.90965186478488,43378.22384451256,89.43838045784192,913.969936266028,272.87261130606174
behavior_window,continuous,e92e7c09-c1b8-4f72-a7a8-f75077608d1b,ab25bfe3-fb2a-4125-9fc1-f942cf986fdf,2026-08-17T09:41:54.021000+00:00,window_aggregate,,,,,,,,,,2026-08-14T20:41:52.149000+00:00,2026-08-14T20:42:22.149000+00:00,,,,,,,,,,,,,,,,,,,,,,,,,,,,,,2026-08-17T09:41:54.021000+00:00,,,,,,,,,,,,,,,,,,,,,,,,,,,,,,,,,2.5306519368818847,0.8879627388984183,7.0,0.4783661716498103,0.07638996516593777,113.98951882113492,21.3675161031734,84.30734907119947,16.980402181952513,4.90965186478488,43378.22384451256,89.43838045784192,913.969936266028,272.87261130606174
behavior_window,continuous,e92e7c09-c1b8-4f72-a7a8-f75077608d1b,683fb37f-6a47-4d27-b196-f268e545c7fc,2026-08-17T09:41:54.021000+00:00,window_aggregate,,,,,,,,,,2026-08-15T03:41:52.149000+00:00,2026-08-15T03:42:22.149000+00:00,,,,,,,,,,,,,,,,,,,,,,,,,,,,,,2026-08-17T09:41:54.021000+00:00,,,,,,,,,,,,,,,,,,,,,,,,,,,,,,,,,1.8716681714470234,0.5719428522730772,1.0,0.3589550624978858,0.16460179065428054,120.06349437847166,29.0906302868973,72.59299591385947,28.766742755813382,5.141084591831087,42586.03021449949,155.37945732229912,938.5862191906124,146.92083112256546
behavior_window,continuous,e92e7c09-c1b8-4f72-a7a8-f75077608d1b,683fb37f-6a47-4d27-b196-f268e545c7fc,2026-08-17T09:41:54.021000+00:00,window_aggregate,,,,,,,,,,2026-08-15T03:41:52.149000+00:00,2026-08-15T03:42:22.149000+00:00,,,,,,,,,,,,,,,,,,,,,,,,,,,,,,2026-08-17T09:41:54.021000+00:00,,,,,,,,,,,,,,,,,,,,,,,,,,,,,,,,,1.8716681714470234,0.5719428522730772,1.0,0.3589550624978858,0.16460179065428054,120.06349437847166,29.0906302868973,72.59299591385947,28.766742755813382,5.141084591831087,42586.03021449949,155.37945732229912,938.5862191906124,146.92083112256546
behavior_window,continuous,e92e7c09-c1b8-4f72-a7a8-f75077608d1b,683fb37f-6a47-4d27-b196-f268e545c7fc,2026-08-17T09:41:54.021000+00:00,window_aggregate,,,,,,,,,,2026-08-15T03:41:52.149000+00:00,2026-08-15T03:42:22.149000+00:00,,,,,,,,,,,,,,,,,,,,,,,,,,,,,,2026-08-17T09:41:54.021000+00:00,,,,,,,,,,,,,,,,,,,,,,,,,,,,,,,,,1.8716681714470234,0.5719428522730772,1.0,0.3589550624978858,0.16460179065428054,120.06349437847166,29.0906302868973,72.59299591385947,28.766742755813382,5.141084591831087,42586.03021449949,155.37945732229912,938.5862191906124,146.92083112256546
behavior_window,continuous,e92e7c09-c1b8-4f72-a7a8-f75077608d1b,43c7c9d4-9f4b-4823-bc49-2bdd58b9a92d,2026-08-17T09:41:54.022000+00:00,window_aggregate,,,,,,,,,,2026-08-15T22:41:52.149000+00:00,2026-08-15T22:42:22.149000+00:00,,,,,,,,,,,,,,,,,,,,,,,,,,,,,,2026-08-17T09:41:54.022000+00:00,,,,,,,,,,,,,,,,,,,,,,,,,,,,,,,,,2.6875553732222395,0.6956698974209343,5.0,0.15637340092580665,0.17999431901474555,100.11257095744514,16.452899646233288,60.459512446961256,19.933707094844713,3.771544939238296,46378.42079908921,236.8189492537774,1411.470861840634,270.3346319572097
behavior_window,continuous,e92e7c09-c1b8-4f72-a7a8-f75077608d1b,43c7c9d4-9f4b-4823-bc49-2bdd58b9a92d,2026-08-17T09:41:54.022000+00:00,window_aggregate,,,,,,,,,,2026-08-15T22:41:52.149000+00:00,2026-08-15T22:42:22.149000+00:00,,,,,,,,,,,,,,,,,,,,,,,,,,,,,,2026-08-17T09:41:54.022000+00:00,,,,,,,,,,,,,,,,,,,,,,,,,,,,,,,,,2.6875553732222395,0.6956698974209343,5.0,0.15637340092580665,0.17999431901474555,100.11257095744514,16.452899646233288,60.459512446961256,19.933707094844713,3.771544939238296,46378.42079908921,236.8189492537774,1411.470861840634,270.3346319572097
behavior_window,continuous,e92e7c09-c1b8-4f72-a7a8-f75077608d1b,43c7c9d4-9f4b-4823-bc49-2bdd58b9a92d,2026-08-17T09:41:54.022000+00:00,window_aggregate,,,,,,,,,,2026-08-15T22:41:52.149000+00:00,2026-08-15T22:42:22.149000+00:00,,,,,,,,,,,,,,,,,,,,,,,,,,,,,,2026-08-17T09:41:54.022000+00:00,,,,,,,,,,,,,,,,,,,,,,,,,,,,,,,,,2.6875553732222395,0.6956698974209343,5.0,0.15637340092580665,0.17999431901474555,100.11257095744514,16.452899646233288,60.459512446961256,19.933707094844713,3.771544939238296,46378.42079908921,236.8189492537774,1411.470861840634,270.3346319572097
behavior_window,continuous,e92e7c09-c1b8-4f72-a7a8-f75077608d1b,e9fb2cdf-79e4-478e-b6ac-0a722e9e07c6,2026-08-17T09:41:54.019000+00:00,window_aggregate,,,,,,,,,,2026-08-15T08:41:52.149000+00:00,2026-08-15T08:42:22.149000+00:00,,,,,,,,,,,,,,,,,,,,,,,,,,,,,,2026-08-17T09:41:54.019000+00:00,,,,,,,,,,,,,,,,,,,,,,,,,,,,,,,,,2.2426676677702218,0.18334748049371388,9.0,0.19087065418797403,0.1928809424030048,109.2150198455823,21.52346680877959,56.65970486117188,27.443316179143753,5.296657862886227,5858.074831823909,147.21349994223866,875.3002410772873,418.41508782586806
behavior_window,continuous,e92e7c09-c1b8-4f72-a7a8-f75077608d1b,e9fb2cdf-79e4-478e-b6ac-0a722e9e07c6,2026-08-17T09:41:54.019000+00:00,window_aggregate,,,,,,,,,,2026-08-15T08:41:52.149000+00:00,2026-08-15T08:42:22.149000+00:00,,,,,,,,,,,,,,,,,,,,,,,,,,,,,,2026-08-17T09:41:54.019000+00:00,,,,,,,,,,,,,,,,,,,,,,,,,,,,,,,,,2.2426676677702218,0.18334748049371388,9.0,0.19087065418797403,0.1928809424030048,109.2150198455823,21.52346680877959,56.65970486117188,27.443316179143753,5.296657862886227,5858.074831823909,147.21349994223866,875.3002410772873,418.41508782586806
behavior_window,continuous,e92e7c09-c1b8-4f72-a7a8-f75077608d1b,e9fb2cdf-79e4-478e-b6ac-0a722e9e07c6,2026-08-17T09:41:54.019000+00:00,window_aggregate,,,,,,,,,,2026-08-15T08:41:52.149000+00:00,2026-08-15T08:42:22.149000+00:00,,,,,,,,,,,,,,,,,,,,,,,,,,,,,,2026-08-17T09:41:54.019000+00:00,,,,,,,,,,,,,,,,,,,,,,,,,,,,,,,,,2.2426676677702218,0.18334748049371388,9.0,0.19087065418797403,0.1928809424030048,109.2150198455823,21.52346680877959,56.65970486117188,27.443316179143753,5.296657862886227,5858.074831823909,147.21349994223866,875.3002410772873,418.41508782586806
behavior_window,continuous,e92e7c09-c1b8-4f72-a7a8-f75077608d1b,a36c8d90-c089-40c7-921e-909160986f4f,2026-08-17T09:41:54.020000+00:00,window_aggregate,,,,,,,,,,2026-08-15T13:41:52.149000+00:00,2026-08-15T13:42:22.149000+00:00,,,,,,,,,,,,,,,,,,,,,,,,,,,,,,2026-08-17T09:41:54.020000+00:00,,,,,,,,,,,,,,,,,,,,,,,,,,,,,,,,,1.2589482339699427,0.38257635380735144,8.0,0.22671715694023906,0.13149727353790824,133.3995118468153,21.290742979393904,100.42358840408596,8.416662551401123,4.368599404285671,12441.216709550024,433.39961446619196,1475.971132277552,437.11733398343506
behavior_window,continuous,e92e7c09-c1b8-4f72-a7a8-f75077608d1b,a36c8d90-c089-40c7-921e-909160986f4f,2026-08-17T09:41:54.020000+00:00,window_aggregate,,,,,,,,,,2026-08-15T13:41:52.149000+00:00,2026-08-15T13:42:22.149000+00:00,,,,,,,,,,,,,,,,,,,,,,,,,,,,,,2026-08-17T09:41:54.020000+00:00,,,,,,,,,,,,,,,,,,,,,,,,,,,,,,,,,1.2589482339699427,0.38257635380735144,8.0,0.22671715694023906,0.13149727353790824,133.3995118468153,21.290742979393904,100.42358840408596,8.416662551401123,4.368599404285671,12441.216709550024,433.39961446619196,1475.971132277552,437.11733398343506
behavior_window,continuous,e92e7c09-c1b8-4f72-a7a8-f75077608d1b,a36c8d90-c089-40c7-921e-909160986f4f,2026-08-17T09:41:54.020000+00:00,window_aggregate,,,,,,,,,,2026-08-15T13:41:52.149000+00:00,2026-08-15T13:42:22.149000+00:00,,,,,,,,,,,,,,,,,,,,,,,,,,,,,,2026-08-17T09:41:54.020000+00:00,,,,,,,,,,,,,,,,,,,,,,,,,,,,,,,,,1.2589482339699427,0.38257635380735144,8.0,0.22671715694023906,0.13149727353790824,133.3995118468153,21.290742979393904,100.42358840408596,8.416662551401123,4.368599404285671,12441.216709550024,433.39961446619196,1475.971132277552,437.11733398343506
behavior_window,continuous,e92e7c09-c1b8-4f72-a7a8-f75077608d1b,ab25bfe3-fb2a-4125-9fc1-f942cf986fdf,2026-08-17T09:41:54.021000+00:00,window_aggregate,,,,,,,,,,2026-08-16T01:41:52.149000+00:00,2026-08-16T01:42:22.149000+00:00,,,,,,,,,,,,,,,,,,,,,,,,,,,,,,2026-08-17T09:41:54.021000+00:00,,,,,,,,,,,,,,,,,,,,,,,,,,,,,,,,,0.5691213013738909,0.3705425987422454,2.0,0.13548869588920925,0.18140203815735417,122.86247096537697,19.79859373511433,55.98833993690724,15.225863361646342,4.016338210173663,47986.187137217035,152.65060325809188,1260.6014060438106,210.97632942166905
behavior_window,continuous,e92e7c09-c1b8-4f72-a7a8-f75077608d1b,ab25bfe3-fb2a-4125-9fc1-f942cf986fdf,2026-08-17T09:41:54.021000+00:00,window_aggregate,,,,,,,,,,2026-08-16T01:41:52.149000+00:00,2026-08-16T01:42:22.149000+00:00,,,,,,,,,,,,,,,,,,,,,,,,,,,,,,2026-08-17T09:41:54.021000+00:00,,,,,,,,,,,,,,,,,,,,,,,,,,,,,,,,,0.5691213013738909,0.3705425987422454,2.0,0.13548869588920925,0.18140203815735417,122.86247096537697,19.79859373511433,55.98833993690724,15.225863361646342,4.016338210173663,47986.187137217035,152.65060325809188,1260.6014060438106,210.97632942166905
behavior_window,continuous,e92e7c09-c1b8-4f72-a7a8-f75077608d1b,ab25bfe3-fb2a-4125-9fc1-f942cf986fdf,2026-08-17T09:41:54.021000+00:00,window_aggregate,,,,,,,,,,2026-08-16T01:41:52.149000+00:00,2026-08-16T01:42:22.149000+00:00,,,,,,,,,,,,,,,,,,,,,,,,,,,,,,2026-08-17T09:41:54.021000+00:00,,,,,,,,,,,,,,,,,,,,,,,,,,,,,,,,,0.5691213013738909,0.3705425987422454,2.0,0.13548869588920925,0.18140203815735417,122.86247096537697,19.79859373511433,55.98833993690724,15.225863361646342,4.016338210173663,47986.187137217035,152.65060325809188,1260.6014060438106,210.97632942166905
behavior_window,continuous,e92e7c09-c1b8-4f72-a7a8-f75077608d1b,683fb37f-6a47-4d27-b196-f268e545c7fc,2026-08-17T09:41:54.021000+00:00,window_aggregate,,,,,,,,,,2026-08-15T05:41:52.149000+00:00,2026-08-15T05:42:22.149000+00:00,,,,,,,,,,,,,,,,,,,,,,,,,,,,,,2026-08-17T09:41:54.021000+00:00,,,,,,,,,,,,,,,,,,,,,,,,,,,,,,,,,0.6372874904704069,0.6092678550984836,0.0,0.2127205998458003,0.12213599977022169,105.36437127529683,18.852810248818415,66.26312649771187,13.198962681572178,3.8972447796784655,9242.909996669103,337.69712059903856,598.4263692946,400.8249625350112
behavior_window,continuous,e92e7c09-c1b8-4f72-a7a8-f75077608d1b,683fb37f-6a47-4d27-b196-f268e545c7fc,2026-08-17T09:41:54.021000+00:00,window_aggregate,,,,,,,,,,2026-08-15T05:41:52.149000+00:00,2026-08-15T05:42:22.149000+00:00,,,,,,,,,,,,,,,,,,,,,,,,,,,,,,2026-08-17T09:41:54.021000+00:00,,,,,,,,,,,,,,,,,,,,,,,,,,,,,,,,,0.6372874904704069,0.6092678550984836,0.0,0.2127205998458003,0.12213599977022169,105.36437127529683,18.852810248818415,66.26312649771187,13.198962681572178,3.8972447796784655,9242.909996669103,337.69712059903856,598.4263692946,400.8249625350112
behavior_window,continuous,e92e7c09-c1b8-4f72-a7a8-f75077608d1b,683fb37f-6a47-4d27-b196-f268e545c7fc,2026-08-17T09:41:54.021000+00:00,window_aggregate,,,,,,,,,,2026-08-15T05:41:52.149000+00:00,2026-08-15T05:42:22.149000+00:00,,,,,,,,,,,,,,,,,,,,,,,,,,,,,,2026-08-17T09:41:54.021000+00:00,,,,,,,,,,,,,,,,,,,,,,,,,,,,,,,,,0.6372874904704069,0.6092678550984836,0.0,0.2127205998458003,0.12213599977022169,105.36437127529683,18.852810248818415,66.26312649771187,13.198962681572178,3.8972447796784655,9242.909996669103,337.69712059903856,598.4263692946,400.8249625350112
behavior_window,continuous,e92e7c09-c1b8-4f72-a7a8-f75077608d1b,43c7c9d4-9f4b-4823-bc49-2bdd58b9a92d,2026-08-17T09:41:54.021000+00:00,window_aggregate,,,,,,,,,,2026-08-16T12:41:52.149000+00:00,2026-08-16T12:42:22.149000+00:00,,,,,,,,,,,,,,,,,,,,,,,,,,,,,,2026-08-17T09:41:54.021000+00:00,,,,,,,,,,,,,,,,,,,,,,,,,,,,,,,,,1.5303353273538876,0.24653741132614063,4.0,0.4334973665495251,0.056857082358794296,148.99929457916835,24.73721735397567,100.43012348306033,23.743478260876316,4.862020099680894,32556.43380106724,106.72116674679921,1069.2926628914802,412.6278380544662
behavior_window,continuous,e92e7c09-c1b8-4f72-a7a8-f75077608d1b,43c7c9d4-9f4b-4823-bc49-2bdd58b9a92d,2026-08-17T09:41:54.021000+00:00,window_aggregate,,,,,,,,,,2026-08-16T12:41:52.149000+00:00,2026-08-16T12:42:22.149000+00:00,,,,,,,,,,,,,,,,,,,,,,,,,,,,,,2026-08-17T09:41:54.021000+00:00,,,,,,,,,,,,,,,,,,,,,,,,,,,,,,,,,1.5303353273538876,0.24653741132614063,4.0,0.4334973665495251,0.056857082358794296,148.99929457916835,24.73721735397567,100.43012348306033,23.743478260876316,4.862020099680894,32556.43380106724,106.72116674679921,1069.2926628914802,412.6278380544662
behavior_window,continuous,e92e7c09-c1b8-4f72-a7a8-f75077608d1b,43c7c9d4-9f4b-4823-bc49-2bdd58b9a92d,2026-08-17T09:41:54.021000+00:00,window_aggregate,,,,,,,,,,2026-08-16T12:41:52.149000+00:00,2026-08-16T12:42:22.149000+00:00,,,,,,,,,,,,,,,,,,,,,,,,,,,,,,2026-08-17T09:41:54.021000+00:00,,,,,,,,,,,,,,,,,,,,,,,,,,,,,,,,,1.5303353273538876,0.24653741132614063,4.0,0.4334973665495251,0.056857082358794296,148.99929457916835,24.73721735397567,100.43012348306033,23.743478260876316,4.862020099680894,32556.43380106724,106.72116674679921,1069.2926628914802,412.6278380544662
behavior_window,continuous,e92e7c09-c1b8-4f72-a7a8-f75077608d1b,a90f9b8d-c3f1-4748-99d5-cc782623de81,2026-08-17T09:42:53.044000+00:00,window_aggregate,,,,,,,,,,2026-08-15T03:42:51.029000+00:00,2026-08-15T03:43:21.029000+00:00,,,,,,,,,,,,,,,,,,,,,,,,,,,,,,2026-08-17T09:42:53.044000+00:00,,,,,,,,,,,,,,,,,,,,,,,,,,,,,,,,,1.8716681714470234,0.5719428522730772,1.0,0.3589550624978858,0.16460179065428054,120.06349437847166,29.0906302868973,72.59299591385947,28.766742755813382,5.141084591831087,42586.03021449949,155.37945732229912,938.5862191906124,146.92083112256546
behavior_window,continuous,e92e7c09-c1b8-4f72-a7a8-f75077608d1b,a90f9b8d-c3f1-4748-99d5-cc782623de81,2026-08-17T09:42:53.044000+00:00,window_aggregate,,,,,,,,,,2026-08-15T03:42:51.029000+00:00,2026-08-15T03:43:21.029000+00:00,,,,,,,,,,,,,,,,,,,,,,,,,,,,,,2026-08-17T09:42:53.044000+00:00,,,,,,,,,,,,,,,,,,,,,,,,,,,,,,,,,1.8716681714470234,0.5719428522730772,1.0,0.3589550624978858,0.16460179065428054,120.06349437847166,29.0906302868973,72.59299591385947,28.766742755813382,5.141084591831087,42586.03021449949,155.37945732229912,938.5862191906124,146.92083112256546
behavior_window,continuous,e92e7c09-c1b8-4f72-a7a8-f75077608d1b,a90f9b8d-c3f1-4748-99d5-cc782623de81,2026-08-17T09:42:53.044000+00:00,window_aggregate,,,,,,,,,,2026-08-15T03:42:51.029000+00:00,2026-08-15T03:43:21.029000+00:00,,,,,,,,,,,,,,,,,,,,,,,,,,,,,,2026-08-17T09:42:53.044000+00:00,,,,,,,,,,,,,,,,,,,,,,,,,,,,,,,,,1.8716681714470234,0.5719428522730772,1.0,0.3589550624978858,0.16460179065428054,120.06349437847166,29.0906302868973,72.59299591385947,28.766742755813382,5.141084591831087,42586.03021449949,155.37945732229912,938.5862191906124,146.92083112256546
behavior_window,continuous,e92e7c09-c1b8-4f72-a7a8-f75077608d1b,a90f9b8d-c3f1-4748-99d5-cc782623de81,2026-08-17T09:42:53.044000+00:00,window_aggregate,,,,,,,,,,2026-08-16T09:42:51.029000+00:00,2026-08-16T09:43:21.029000+00:00,,,,,,,,,,,,,,,,,,,,,,,,,,,,,,2026-08-17T09:42:53.044000+00:00,,,,,,,,,,,,,,,,,,,,,,,,,,,,,,,,,2.6536884112430017,0.5334552650875835,5.0,0.4116488198907132,0.16865590420053606,89.00063815421305,28.592682697784866,105.2585144819152,19.964058625619757,5.446062243445201,32674.538075601282,264.89256037195537,1134.7261539870397,299.4909082818265
behavior_window,continuous,e92e7c09-c1b8-4f72-a7a8-f75077608d1b,a90f9b8d-c3f1-4748-99d5-cc782623de81,2026-08-17T09:42:53.044000+00:00,window_aggregate,,,,,,,,,,2026-08-16T09:42:51.029000+00:00,2026-08-16T09:43:21.029000+00:00,,,,,,,,,,,,,,,,,,,,,,,,,,,,,,2026-08-17T09:42:53.044000+00:00,,,,,,,,,,,,,,,,,,,,,,,,,,,,,,,,,2.6536884112430017,0.5334552650875835,5.0,0.4116488198907132,0.16865590420053606,89.00063815421305,28.592682697784866,105.2585144819152,19.964058625619757,5.446062243445201,32674.538075601282,264.89256037195537,1134.7261539870397,299.4909082818265
behavior_window,continuous,e92e7c09-c1b8-4f72-a7a8-f75077608d1b,a90f9b8d-c3f1-4748-99d5-cc782623de81,2026-08-17T09:42:53.044000+00:00,window_aggregate,,,,,,,,,,2026-08-16T09:42:51.029000+00:00,2026-08-16T09:43:21.029000+00:00,,,,,,,,,,,,,,,,,,,,,,,,,,,,,,2026-08-17T09:42:53.044000+00:00,,,,,,,,,,,,,,,,,,,,,,,,,,,,,,,,,2.6536884112430017,0.5334552650875835,5.0,0.4116488198907132,0.16865590420053606,89.00063815421305,28.592682697784866,105.2585144819152,19.964058625619757,5.446062243445201,32674.538075601282,264.89256037195537,1134.7261539870397,299.4909082818265
behavior_window,continuous,e92e7c09-c1b8-4f72-a7a8-f75077608d1b,a90f9b8d-c3f1-4748-99d5-cc782623de81,2026-08-17T09:42:53.045000+00:00,window_aggregate,,,,,,,,,,2026-08-17T00:42:51.029000+00:00,2026-08-17T00:43:21.029000+00:00,,,,,,,,,,,,,,,,,,,,,,,,,,,,,,2026-08-17T09:42:53.045000+00:00,,,,,,,,,,,,,,,,,,,,,,,,,,,,,,,,,0.959217505308416,0.9983946392183382,6.0,0.22637779543297368,0.18763515668874448,123.1010784773051,17.800640857244563,65.35985309141336,12.03376734469604,3.432556103368004,31888.961804504805,78.64607999750828,967.3671339459115,425.55539006893684
behavior_window,continuous,e92e7c09-c1b8-4f72-a7a8-f75077608d1b,a90f9b8d-c3f1-4748-99d5-cc782623de81,2026-08-17T09:42:53.045000+00:00,window_aggregate,,,,,,,,,,2026-08-17T00:42:51.029000+00:00,2026-08-17T00:43:21.029000+00:00,,,,,,,,,,,,,,,,,,,,,,,,,,,,,,2026-08-17T09:42:53.045000+00:00,,,,,,,,,,,,,,,,,,,,,,,,,,,,,,,,,0.959217505308416,0.9983946392183382,6.0,0.22637779543297368,0.18763515668874448,123.1010784773051,17.800640857244563,65.35985309141336,12.03376734469604,3.432556103368004,31888.961804504805,78.64607999750828,967.3671339459115,425.55539006893684
behavior_window,continuous,e92e7c09-c1b8-4f72-a7a8-f75077608d1b,a90f9b8d-c3f1-4748-99d5-cc782623de81,2026-08-17T09:42:53.045000+00:00,window_aggregate,,,,,,,,,,2026-08-17T00:42:51.029000+00:00,2026-08-17T00:43:21.029000+00:00,,,,,,,,,,,,,,,,,,,,,,,,,,,,,,2026-08-17T09:42:53.045000+00:00,,,,,,,,,,,,,,,,,,,,,,,,,,,,,,,,,0.959217505308416,0.9983946392183382,6.0,0.22637779543297368,0.18763515668874448,123.1010784773051,17.800640857244563,65.35985309141336,12.03376734469604,3.432556103368004,31888.961804504805,78.64607999750828,967.3671339459115,425.55539006893684
behavior_window,continuous,e92e7c09-c1b8-4f72-a7a8-f75077608d1b,024a219c-b4f9-4b79-9849-65b13577f642,2026-08-17T09:42:53.046000+00:00,window_aggregate,,,,,,,,,,2026-08-15T08:42:51.029000+00:00,2026-08-15T08:43:21.029000+00:00,,,,,,,,,,,,,,,,,,,,,,,,,,,,,,2026-08-17T09:42:53.046000+00:00,,,,,,,,,,,,,,,,,,,,,,,,,,,,,,,,,1.3876536549415734,0.24139948864884336,4.0,0.22531914207738182,0.10833130975463917,112.1618317912401,37.853581324830614,81.05846672215723,11.945488524279131,4.485559762148126,20709.630497055332,281.37535681633676,937.3168674283404,482.58222185131905
behavior_window,continuous,e92e7c09-c1b8-4f72-a7a8-f75077608d1b,024a219c-b4f9-4b79-9849-65b13577f642,2026-08-17T09:42:53.046000+00:00,window_aggregate,,,,,,,,,,2026-08-15T08:42:51.029000+00:00,2026-08-15T08:43:21.029000+00:00,,,,,,,,,,,,,,,,,,,,,,,,,,,,,,2026-08-17T09:42:53.046000+00:00,,,,,,,,,,,,,,,,,,,,,,,,,,,,,,,,,1.3876536549415734,0.24139948864884336,4.0,0.22531914207738182,0.10833130975463917,112.1618317912401,37.853581324830614,81.05846672215723,11.945488524279131,4.485559762148126,20709.630497055332,281.37535681633676,937.3168674283404,482.58222185131905
behavior_window,continuous,e92e7c09-c1b8-4f72-a7a8-f75077608d1b,024a219c-b4f9-4b79-9849-65b13577f642,2026-08-17T09:42:53.046000+00:00,window_aggregate,,,,,,,,,,2026-08-15T08:42:51.029000+00:00,2026-08-15T08:43:21.029000+00:00,,,,,,,,,,,,,,,,,,,,,,,,,,,,,,2026-08-17T09:42:53.046000+00:00,,,,,,,,,,,,,,,,,,,,,,,,,,,,,,,,,1.3876536549415734,0.24139948864884336,4.0,0.22531914207738182,0.10833130975463917,112.1618317912401,37.853581324830614,81.05846672215723,11.945488524279131,4.485559762148126,20709.630497055332,281.37535681633676,937.3168674283404,482.58222185131905
behavior_window,continuous,e92e7c09-c1b8-4f72-a7a8-f75077608d1b,eaa77718-5754-4734-b3cf-a779b607ee8f,2026-08-17T09:42:53.042000+00:00,window_aggregate,,,,,,,,,,2026-08-15T01:42:51.029000+00:00,2026-08-15T01:43:21.029000+00:00,,,,,,,,,,,,,,,,,,,,,,,,,,,,,,2026-08-17T09:42:53.042000+00:00,,,,,,,,,,,,,,,,,,,,,,,,,,,,,,,,,0.731659679458569,0.7376564119576695,6.0,0.38002508759709464,0.1112836177548187,126.24499980315414,23.09989050897491,87.07224699192119,26.312037771130328,5.95853556284691,5398.178824599574,377.6479826983185,709.0143716632108,388.32629454163776
behavior_window,continuous,e92e7c09-c1b8-4f72-a7a8-f75077608d1b,eaa77718-5754-4734-b3cf-a779b607ee8f,2026-08-17T09:42:53.042000+00:00,window_aggregate,,,,,,,,,,2026-08-15T01:42:51.029000+00:00,2026-08-15T01:43:21.029000+00:00,,,,,,,,,,,,,,,,,,,,,,,,,,,,,,2026-08-17T09:42:53.042000+00:00,,,,,,,,,,,,,,,,,,,,,,,,,,,,,,,,,0.731659679458569,0.7376564119576695,6.0,0.38002508759709464,0.1112836177548187,126.24499980315414,23.09989050897491,87.07224699192119,26.312037771130328,5.95853556284691,5398.178824599574,377.6479826983185,709.0143716632108,388.32629454163776
behavior_window,continuous,e92e7c09-c1b8-4f72-a7a8-f75077608d1b,eaa77718-5754-4734-b3cf-a779b607ee8f,2026-08-17T09:42:53.042000+00:00,window_aggregate,,,,,,,,,,2026-08-15T01:42:51.029000+00:00,2026-08-15T01:43:21.029000+00:00,,,,,,,,,,,,,,,,,,,,,,,,,,,,,,2026-08-17T09:42:53.042000+00:00,,,,,,,,,,,,,,,,,,,,,,,,,,,,,,,,,0.731659679458569,0.7376564119576695,6.0,0.38002508759709464,0.1112836177548187,126.24499980315414,23.09989050897491,87.07224699192119,26.312037771130328,5.95853556284691,5398.178824599574,377.6479826983185,709.0143716632108,388.32629454163776
behavior_window,continuous,e92e7c09-c1b8-4f72-a7a8-f75077608d1b,eaa77718-5754-4734-b3cf-a779b607ee8f,2026-08-17T09:42:53.042000+00:00,window_aggregate,,,,,,,,,,2026-08-16T00:42:51.029000+00:00,2026-08-16T00:43:21.029000+00:00,,,,,,,,,,,,,,,,,,,,,,,,,,,,,,2026-08-17T09:42:53.042000+00:00,,,,,,,,,,,,,,,,,,,,,,,,,,,,,,,,,0.7761881810086753,0.8675373584936712,7.0,0.21629741244496323,0.11064570353974243,121.62914254892678,18.540368223311475,51.57528020281463,20.657047686635835,5.357821085190777,45929.04973834424,307.28533929047353,1298.9296388184546,397.980815614588
behavior_window,continuous,e92e7c09-c1b8-4f72-a7a8-f75077608d1b,eaa77718-5754-4734-b3cf-a779b607ee8f,2026-08-17T09:42:53.042000+00:00,window_aggregate,,,,,,,,,,2026-08-16T00:42:51.029000+00:00,2026-08-16T00:43:21.029000+00:00,,,,,,,,,,,,,,,,,,,,,,,,,,,,,,2026-08-17T09:42:53.042000+00:00,,,,,,,,,,,,,,,,,,,,,,,,,,,,,,,,,0.7761881810086753,0.8675373584936712,7.0,0.21629741244496323,0.11064570353974243,121.62914254892678,18.540368223311475,51.57528020281463,20.657047686635835,5.357821085190777,45929.04973834424,307.28533929047353,1298.9296388184546,397.980815614588
behavior_window,continuous,e92e7c09-c1b8-4f72-a7a8-f75077608d1b,eaa77718-5754-4734-b3cf-a779b607ee8f,2026-08-17T09:42:53.042000+00:00,window_aggregate,,,,,,,,,,2026-08-16T00:42:51.029000+00:00,2026-08-16T00:43:21.029000+00:00,,,,,,,,,,,,,,,,,,,,,,,,,,,,,,2026-08-17T09:42:53.042000+00:00,,,,,,,,,,,,,,,,,,,,,,,,,,,,,,,,,0.7761881810086753,0.8675373584936712,7.0,0.21629741244496323,0.11064570353974243,121.62914254892678,18.540368223311475,51.57528020281463,20.657047686635835,5.357821085190777,45929.04973834424,307.28533929047353,1298.9296388184546,397.980815614588
behavior_window,continuous,e92e7c09-c1b8-4f72-a7a8-f75077608d1b,9c0d9803-ed7b-44ca-a30f-1c3ff96c03b1,2026-08-17T09:42:53.043000+00:00,window_aggregate,,,,,,,,,,2026-08-16T01:42:51.029000+00:00,2026-08-16T01:43:21.029000+00:00,,,,,,,,,,,,,,,,,,,,,,,,,,,,,,2026-08-17T09:42:53.043000+00:00,,,,,,,,,,,,,,,,,,,,,,,,,,,,,,,,,0.5691213013738909,0.3705425987422454,2.0,0.13548869588920925,0.18140203815735417,122.86247096537697,19.79859373511433,55.98833993690724,15.225863361646342,4.016338210173663,47986.187137217035,152.65060325809188,1260.6014060438106,210.97632942166905
behavior_window,continuous,e92e7c09-c1b8-4f72-a7a8-f75077608d1b,9c0d9803-ed7b-44ca-a30f-1c3ff96c03b1,2026-08-17T09:42:53.043000+00:00,window_aggregate,,,,,,,,,,2026-08-16T01:42:51.029000+00:00,2026-08-16T01:43:21.029000+00:00,,,,,,,,,,,,,,,,,,,,,,,,,,,,,,2026-08-17T09:42:53.043000+00:00,,,,,,,,,,,,,,,,,,,,,,,,,,,,,,,,,0.5691213013738909,0.3705425987422454,2.0,0.13548869588920925,0.18140203815735417,122.86247096537697,19.79859373511433,55.98833993690724,15.225863361646342,4.016338210173663,47986.187137217035,152.65060325809188,1260.6014060438106,210.97632942166905
behavior_window,continuous,e92e7c09-c1b8-4f72-a7a8-f75077608d1b,9c0d9803-ed7b-44ca-a30f-1c3ff96c03b1,2026-08-17T09:42:53.043000+00:00,window_aggregate,,,,,,,,,,2026-08-16T01:42:51.029000+00:00,2026-08-16T01:43:21.029000+00:00,,,,,,,,,,,,,,,,,,,,,,,,,,,,,,2026-08-17T09:42:53.043000+00:00,,,,,,,,,,,,,,,,,,,,,,,,,,,,,,,,,0.5691213013738909,0.3705425987422454,2.0,0.13548869588920925,0.18140203815735417,122.86247096537697,19.79859373511433,55.98833993690724,15.225863361646342,4.016338210173663,47986.187137217035,152.65060325809188,1260.6014060438106,210.97632942166905
behavior_window,continuous,e92e7c09-c1b8-4f72-a7a8-f75077608d1b,9c0d9803-ed7b-44ca-a30f-1c3ff96c03b1,2026-08-17T09:42:53.044000+00:00,window_aggregate,,,,,,,,,,2026-08-17T03:42:51.029000+00:00,2026-08-17T03:43:21.029000+00:00,,,,,,,,,,,,,,,,,,,,,,,,,,,,,,2026-08-17T09:42:53.044000+00:00,,,,,,,,,,,,,,,,,,,,,,,,,,,,,,,,,2.6218696292659085,0.3968086528223027,3.0,0.4561817527329436,0.1460135363054174,119.07503951530967,32.76665923405161,86.03400593439147,6.495312537229346,3.587812477350042,38648.35559319455,132.2886085509387,948.090635271811,468.001339607501
behavior_window,continuous,e92e7c09-c1b8-4f72-a7a8-f75077608d1b,9c0d9803-ed7b-44ca-a30f-1c3ff96c03b1,2026-08-17T09:42:53.044000+00:00,window_aggregate,,,,,,,,,,2026-08-17T03:42:51.029000+00:00,2026-08-17T03:43:21.029000+00:00,,,,,,,,,,,,,,,,,,,,,,,,,,,,,,2026-08-17T09:42:53.044000+00:00,,,,,,,,,,,,,,,,,,,,,,,,,,,,,,,,,2.6218696292659085,0.3968086528223027,3.0,0.4561817527329436,0.1460135363054174,119.07503951530967,32.76665923405161,86.03400593439147,6.495312537229346,3.587812477350042,38648.35559319455,132.2886085509387,948.090635271811,468.001339607501
behavior_window,continuous,e92e7c09-c1b8-4f72-a7a8-f75077608d1b,9c0d9803-ed7b-44ca-a30f-1c3ff96c03b1,2026-08-17T09:42:53.044000+00:00,window_aggregate,,,,,,,,,,2026-08-17T03:42:51.029000+00:00,2026-08-17T03:43:21.029000+00:00,,,,,,,,,,,,,,,,,,,,,,,,,,,,,,2026-08-17T09:42:53.044000+00:00,,,,,,,,,,,,,,,,,,,,,,,,,,,,,,,,,2.6218696292659085,0.3968086528223027,3.0,0.4561817527329436,0.1460135363054174,119.07503951530967,32.76665923405161,86.03400593439147,6.495312537229346,3.587812477350042,38648.35559319455,132.2886085509387,948.090635271811,468.001339607501
behavior_window,continuous,e92e7c09-c1b8-4f72-a7a8-f75077608d1b,a90f9b8d-c3f1-4748-99d5-cc782623de81,2026-08-17T09:42:53.045000+00:00,window_aggregate,,,,,,,,,,2026-08-15T08:42:51.029000+00:00,2026-08-15T08:43:21.029000+00:00,,,,,,,,,,,,,,,,,,,,,,,,,,,,,,2026-08-17T09:42:53.045000+00:00,,,,,,,,,,,,,,,,,,,,,,,,,,,,,,,,,2.0966632680063926,0.43522688396161446,9.0,0.48429570897607965,0.05911113421501432,96.77600722556727,28.605937291632312,62.48785753517262,21.175059430877635,5.8076244297672694,3046.1094370571395,382.0709142259597,1096.4618026429962,215.76858566377032
behavior_window,continuous,e92e7c09-c1b8-4f72-a7a8-f75077608d1b,a90f9b8d-c3f1-4748-99d5-cc782623de81,2026-08-17T09:42:53.045000+00:00,window_aggregate,,,,,,,,,,2026-08-15T08:42:51.029000+00:00,2026-08-15T08:43:21.029000+00:00,,,,,,,,,,,,,,,,,,,,,,,,,,,,,,2026-08-17T09:42:53.045000+00:00,,,,,,,,,,,,,,,,,,,,,,,,,,,,,,,,,2.0966632680063926,0.43522688396161446,9.0,0.48429570897607965,0.05911113421501432,96.77600722556727,28.605937291632312,62.48785753517262,21.175059430877635,5.8076244297672694,3046.1094370571395,382.0709142259597,1096.4618026429962,215.76858566377032
behavior_window,continuous,e92e7c09-c1b8-4f72-a7a8-f75077608d1b,a90f9b8d-c3f1-4748-99d5-cc782623de81,2026-08-17T09:42:53.045000+00:00,window_aggregate,,,,,,,,,,2026-08-15T08:42:51.029000+00:00,2026-08-15T08:43:21.029000+00:00,,,,,,,,,,,,,,,,,,,,,,,,,,,,,,2026-08-17T09:42:53.045000+00:00,,,,,,,,,,,,,,,,,,,,,,,,,,,,,,,,,2.0966632680063926,0.43522688396161446,9.0,0.48429570897607965,0.05911113421501432,96.77600722556727,28.605937291632312,62.48785753517262,21.175059430877635,5.8076244297672694,3046.1094370571395,382.0709142259597,1096.4618026429962,215.76858566377032
behavior_window,continuous,e92e7c09-c1b8-4f72-a7a8-f75077608d1b,eaa77718-5754-4734-b3cf-a779b607ee8f,2026-08-17T09:42:53.042000+00:00,window_aggregate,,,,,,,,,,2026-08-16T13:42:51.029000+00:00,2026-08-16T13:43:21.029000+00:00,,,,,,,,,,,,,,,,,,,,,,,,,,,,,,2026-08-17T09:42:53.042000+00:00,,,,,,,,,,,,,,,,,,,,,,,,,,,,,,,,,0.6939667985429074,0.5357841006973971,10.0,0.4055042279778516,0.0754716722449444,116.73464945535412,34.81849347870341,111.81594976060377,5.3441751341096335,4.8042177728023105,2331.5352053090633,198.10884862765766,1343.9884896853287,364.05424594227884
behavior_window,continuous,e92e7c09-c1b8-4f72-a7a8-f75077608d1b,eaa77718-5754-4734-b3cf-a779b607ee8f,2026-08-17T09:42:53.042000+00:00,window_aggregate,,,,,,,,,,2026-08-16T13:42:51.029000+00:00,2026-08-16T13:43:21.029000+00:00,,,,,,,,,,,,,,,,,,,,,,,,,,,,,,2026-08-17T09:42:53.042000+00:00,,,,,,,,,,,,,,,,,,,,,,,,,,,,,,,,,0.6939667985429074,0.5357841006973971,10.0,0.4055042279778516,0.0754716722449444,116.73464945535412,34.81849347870341,111.81594976060377,5.3441751341096335,4.8042177728023105,2331.5352053090633,198.10884862765766,1343.9884896853287,364.05424594227884
behavior_window,continuous,e92e7c09-c1b8-4f72-a7a8-f75077608d1b,eaa77718-5754-4734-b3cf-a779b607ee8f,2026-08-17T09:42:53.042000+00:00,window_aggregate,,,,,,,,,,2026-08-16T13:42:51.029000+00:00,2026-08-16T13:43:21.029000+00:00,,,,,,,,,,,,,,,,,,,,,,,,,,,,,,2026-08-17T09:42:53.042000+00:00,,,,,,,,,,,,,,,,,,,,,,,,,,,,,,,,,0.6939667985429074,0.5357841006973971,10.0,0.4055042279778516,0.0754716722449444,116.73464945535412,34.81849347870341,111.81594976060377,5.3441751341096335,4.8042177728023105,2331.5352053090633,198.10884862765766,1343.9884896853287,364.05424594227884
behavior_window,continuous,e92e7c09-c1b8-4f72-a7a8-f75077608d1b,39bd6af0-9893-459b-b1d7-4d8a06a62405,2026-08-17T09:42:53.043000+00:00,window_aggregate,,,,,,,,,,2026-08-16T03:42:51.029000+00:00,2026-08-16T03:43:21.029000+00:00,,,,,,,,,,,,,,,,,,,,,,,,,,,,,,2026-08-17T09:42:53.043000+00:00,,,,,,,,,,,,,,,,,,,,,,,,,,,,,,,,,1.5921944190225361,0.39482865129582023,3.0,0.3234720660047804,0.16578486492804526,133.86793480253445,19.485430611455676,88.6439184920003,16.698398319681505,5.822031016566662,38121.68850479266,125.94282773763481,1000.8901107221134,226.56320703924698
behavior_window,continuous,e92e7c09-c1b8-4f72-a7a8-f75077608d1b,39bd6af0-9893-459b-b1d7-4d8a06a62405,2026-08-17T09:42:53.043000+00:00,window_aggregate,,,,,,,,,,2026-08-16T03:42:51.029000+00:00,2026-08-16T03:43:21.029000+00:00,,,,,,,,,,,,,,,,,,,,,,,,,,,,,,2026-08-17T09:42:53.043000+00:00,,,,,,,,,,,,,,,,,,,,,,,,,,,,,,,,,1.5921944190225361,0.39482865129582023,3.0,0.3234720660047804,0.16578486492804526,133.86793480253445,19.485430611455676,88.6439184920003,16.698398319681505,5.822031016566662,38121.68850479266,125.94282773763481,1000.8901107221134,226.56320703924698
behavior_window,continuous,e92e7c09-c1b8-4f72-a7a8-f75077608d1b,39bd6af0-9893-459b-b1d7-4d8a06a62405,2026-08-17T09:42:53.043000+00:00,window_aggregate,,,,,,,,,,2026-08-16T03:42:51.029000+00:00,2026-08-16T03:43:21.029000+00:00,,,,,,,,,,,,,,,,,,,,,,,,,,,,,,2026-08-17T09:42:53.043000+00:00,,,,,,,,,,,,,,,,,,,,,,,,,,,,,,,,,1.5921944190225361,0.39482865129582023,3.0,0.3234720660047804,0.16578486492804526,133.86793480253445,19.485430611455676,88.6439184920003,16.698398319681505,5.822031016566662,38121.68850479266,125.94282773763481,1000.8901107221134,226.56320703924698
behavior_window,continuous,e92e7c09-c1b8-4f72-a7a8-f75077608d1b,39bd6af0-9893-459b-b1d7-4d8a06a62405,2026-08-17T09:42:53.043000+00:00,window_aggregate,,,,,,,,,,2026-08-14T15:42:51.029000+00:00,2026-08-14T15:43:21.029000+00:00,,,,,,,,,,,,,,,,,,,,,,,,,,,,,,2026-08-17T09:42:53.043000+00:00,,,,,,,,,,,,,,,,,,,,,,,,,,,,,,,,,1.1363065046143637,0.14062702953319178,3.0,0.13377446718181993,0.09864507780806875,120.92816216512202,13.628462740448976,70.65255001277559,18.719133954124555,3.7289535614475326,3275.030440461608,51.26337109414242,887.3002914292861,332.4885320757937
behavior_window,continuous,e92e7c09-c1b8-4f72-a7a8-f75077608d1b,39bd6af0-9893-459b-b1d7-4d8a06a62405,2026-08-17T09:42:53.043000+00:00,window_aggregate,,,,,,,,,,2026-08-14T15:42:51.029000+00:00,2026-08-14T15:43:21.029000+00:00,,,,,,,,,,,,,,,,,,,,,,,,,,,,,,2026-08-17T09:42:53.043000+00:00,,,,,,,,,,,,,,,,,,,,,,,,,,,,,,,,,1.1363065046143637,0.14062702953319178,3.0,0.13377446718181993,0.09864507780806875,120.92816216512202,13.628462740448976,70.65255001277559,18.719133954124555,3.7289535614475326,3275.030440461608,51.26337109414242,887.3002914292861,332.4885320757937
behavior_window,continuous,e92e7c09-c1b8-4f72-a7a8-f75077608d1b,39bd6af0-9893-459b-b1d7-4d8a06a62405,2026-08-17T09:42:53.043000+00:00,window_aggregate,,,,,,,,,,2026-08-14T15:42:51.029000+00:00,2026-08-14T15:43:21.029000+00:00,,,,,,,,,,,,,,,,,,,,,,,,,,,,,,2026-08-17T09:42:53.043000+00:00,,,,,,,,,,,,,,,,,,,,,,,,,,,,,,,,,1.1363065046143637,0.14062702953319178,3.0,0.13377446718181993,0.09864507780806875,120.92816216512202,13.628462740448976,70.65255001277559,18.719133954124555,3.7289535614475326,3275.030440461608,51.26337109414242,887.3002914292861,332.4885320757937
behavior_window,continuous,e92e7c09-c1b8-4f72-a7a8-f75077608d1b,a90f9b8d-c3f1-4748-99d5-cc782623de81,2026-08-17T09:42:53.044000+00:00,window_aggregate,,,,,,,,,,2026-08-15T16:42:51.029000+00:00,2026-08-15T16:43:21.029000+00:00,,,,,,,,,,,,,,,,,,,,,,,,,,,,,,2026-08-17T09:42:53.044000+00:00,,,,,,,,,,,,,,,,,,,,,,,,,,,,,,,,,1.1885820975600674,0.5261487637583111,9.0,0.49327951025137373,0.08646264991392177,105.19662869027265,31.709396463340678,76.50556373087363,6.677163379868688,3.9339599489681296,26945.311401944607,371.4524349190258,640.1923928438356,314.11610169648543
behavior_window,continuous,e92e7c09-c1b8-4f72-a7a8-f75077608d1b,a90f9b8d-c3f1-4748-99d5-cc782623de81,2026-08-17T09:42:53.044000+00:00,window_aggregate,,,,,,,,,,2026-08-15T16:42:51.029000+00:00,2026-08-15T16:43:21.029000+00:00,,,,,,,,,,,,,,,,,,,,,,,,,,,,,,2026-08-17T09:42:53.044000+00:00,,,,,,,,,,,,,,,,,,,,,,,,,,,,,,,,,1.1885820975600674,0.5261487637583111,9.0,0.49327951025137373,0.08646264991392177,105.19662869027265,31.709396463340678,76.50556373087363,6.677163379868688,3.9339599489681296,26945.311401944607,371.4524349190258,640.1923928438356,314.11610169648543
behavior_window,continuous,e92e7c09-c1b8-4f72-a7a8-f75077608d1b,a90f9b8d-c3f1-4748-99d5-cc782623de81,2026-08-17T09:42:53.044000+00:00,window_aggregate,,,,,,,,,,2026-08-15T16:42:51.029000+00:00,2026-08-15T16:43:21.029000+00:00,,,,,,,,,,,,,,,,,,,,,,,,,,,,,,2026-08-17T09:42:53.044000+00:00,,,,,,,,,,,,,,,,,,,,,,,,,,,,,,,,,1.1885820975600674,0.5261487637583111,9.0,0.49327951025137373,0.08646264991392177,105.19662869027265,31.709396463340678,76.50556373087363,6.677163379868688,3.9339599489681296,26945.311401944607,371.4524349190258,640.1923928438356,314.11610169648543
behavior_window,continuous,e92e7c09-c1b8-4f72-a7a8-f75077608d1b,a90f9b8d-c3f1-4748-99d5-cc782623de81,2026-08-17T09:42:53.045000+00:00,window_aggregate,,,,,,,,,,2026-08-16T08:42:51.029000+00:00,2026-08-16T08:43:21.029000+00:00,,,,,,,,,,,,,,,,,,,,,,,,,,,,,,2026-08-17T09:42:53.045000+00:00,,,,,,,,,,,,,,,,,,,,,,,,,,,,,,,,,0.7601102625234595,0.6154134431662951,9.0,0.11501635621714615,0.11341856749967406,90.48291490934604,17.990074135484505,68.26458874279739,14.156644655979376,5.6638447307573365,26285.30703708446,96.30850609290698,539.045374750542,469.77064054754305
behavior_window,continuous,e92e7c09-c1b8-4f72-a7a8-f75077608d1b,a90f9b8d-c3f1-4748-99d5-cc782623de81,2026-08-17T09:42:53.045000+00:00,window_aggregate,,,,,,,,,,2026-08-16T08:42:51.029000+00:00,2026-08-16T08:43:21.029000+00:00,,,,,,,,,,,,,,,,,,,,,,,,,,,,,,2026-08-17T09:42:53.045000+00:00,,,,,,,,,,,,,,,,,,,,,,,,,,,,,,,,,0.7601102625234595,0.6154134431662951,9.0,0.11501635621714615,0.11341856749967406,90.48291490934604,17.990074135484505,68.26458874279739,14.156644655979376,5.6638447307573365,26285.30703708446,96.30850609290698,539.045374750542,469.77064054754305
behavior_window,continuous,e92e7c09-c1b8-4f72-a7a8-f75077608d1b,a90f9b8d-c3f1-4748-99d5-cc782623de81,2026-08-17T09:42:53.045000+00:00,window_aggregate,,,,,,,,,,2026-08-16T08:42:51.029000+00:00,2026-08-16T08:43:21.029000+00:00,,,,,,,,,,,,,,,,,,,,,,,,,,,,,,2026-08-17T09:42:53.045000+00:00,,,,,,,,,,,,,,,,,,,,,,,,,,,,,,,,,0.7601102625234595,0.6154134431662951,9.0,0.11501635621714615,0.11341856749967406,90.48291490934604,17.990074135484505,68.26458874279739,14.156644655979376,5.6638447307573365,26285.30703708446,96.30850609290698,539.045374750542,469.77064054754305
behavior_window,continuous,e92e7c09-c1b8-4f72-a7a8-f75077608d1b,eaa77718-5754-4734-b3cf-a779b607ee8f,2026-08-17T09:42:53.042000+00:00,window_aggregate,,,,,,,,,,2026-08-17T06:42:51.029000+00:00,2026-08-17T06:43:21.029000+00:00,,,,,,,,,,,,,,,,,,,,,,,,,,,,,,2026-08-17T09:42:53.042000+00:00,,,,,,,,,,,,,,,,,,,,,,,,,,,,,,,,,0.8398550094592867,0.9354600161802867,8.0,0.4495884276002897,0.08414396688250911,134.91258927007652,17.77199888714577,51.00785461030416,14.746500018936807,3.0359193946085687,41260.29841025937,454.2109431931385,1341.6648433767346,333.1422809645135
behavior_window,continuous,e92e7c09-c1b8-4f72-a7a8-f75077608d1b,eaa77718-5754-4734-b3cf-a779b607ee8f,2026-08-17T09:42:53.042000+00:00,window_aggregate,,,,,,,,,,2026-08-17T06:42:51.029000+00:00,2026-08-17T06:43:21.029000+00:00,,,,,,,,,,,,,,,,,,,,,,,,,,,,,,2026-08-17T09:42:53.042000+00:00,,,,,,,,,,,,,,,,,,,,,,,,,,,,,,,,,0.8398550094592867,0.9354600161802867,8.0,0.4495884276002897,0.08414396688250911,134.91258927007652,17.77199888714577,51.00785461030416,14.746500018936807,3.0359193946085687,41260.29841025937,454.2109431931385,1341.6648433767346,333.1422809645135
behavior_window,continuous,e92e7c09-c1b8-4f72-a7a8-f75077608d1b,eaa77718-5754-4734-b3cf-a779b607ee8f,2026-08-17T09:42:53.042000+00:00,window_aggregate,,,,,,,,,,2026-08-17T06:42:51.029000+00:00,2026-08-17T06:43:21.029000+00:00,,,,,,,,,,,,,,,,,,,,,,,,,,,,,,2026-08-17T09:42:53.042000+00:00,,,,,,,,,,,,,,,,,,,,,,,,,,,,,,,,,0.8398550094592867,0.9354600161802867,8.0,0.4495884276002897,0.08414396688250911,134.91258927007652,17.77199888714577,51.00785461030416,14.746500018936807,3.0359193946085687,41260.29841025937,454.2109431931385,1341.6648433767346,333.1422809645135
behavior_window,continuous,e92e7c09-c1b8-4f72-a7a8-f75077608d1b,39bd6af0-9893-459b-b1d7-4d8a06a62405,2026-08-17T09:42:53.043000+00:00,window_aggregate,,,,,,,,,,2026-08-15T16:42:51.029000+00:00,2026-08-15T16:43:21.029000+00:00,,,,,,,,,,,,,,,,,,,,,,,,,,,,,,2026-08-17T09:42:53.043000+00:00,,,,,,,,,,,,,,,,,,,,,,,,,,,,,,,,,1.2891011826671863,0.7886083139343198,9.0,0.27040233534471203,0.1094387325944225,135.43618757180718,26.369865159555342,119.64881009646005,5.320474106097454,4.394894496645735,38966.1503817922,460.7361139531906,1382.509831642891,321.0562846808799
behavior_window,continuous,e92e7c09-c1b8-4f72-a7a8-f75077608d1b,39bd6af0-9893-459b-b1d7-4d8a06a62405,2026-08-17T09:42:53.043000+00:00,window_aggregate,,,,,,,,,,2026-08-15T16:42:51.029000+00:00,2026-08-15T16:43:21.029000+00:00,,,,,,,,,,,,,,,,,,,,,,,,,,,,,,2026-08-17T09:42:53.043000+00:00,,,,,,,,,,,,,,,,,,,,,,,,,,,,,,,,,1.2891011826671863,0.7886083139343198,9.0,0.27040233534471203,0.1094387325944225,135.43618757180718,26.369865159555342,119.64881009646005,5.320474106097454,4.394894496645735,38966.1503817922,460.7361139531906,1382.509831642891,321.0562846808799
behavior_window,continuous,e92e7c09-c1b8-4f72-a7a8-f75077608d1b,39bd6af0-9893-459b-b1d7-4d8a06a62405,2026-08-17T09:42:53.043000+00:00,window_aggregate,,,,,,,,,,2026-08-15T16:42:51.029000+00:00,2026-08-15T16:43:21.029000+00:00,,,,,,,,,,,,,,,,,,,,,,,,,,,,,,2026-08-17T09:42:53.043000+00:00,,,,,,,,,,,,,,,,,,,,,,,,,,,,,,,,,1.2891011826671863,0.7886083139343198,9.0,0.27040233534471203,0.1094387325944225,135.43618757180718,26.369865159555342,119.64881009646005,5.320474106097454,4.394894496645735,38966.1503817922,460.7361139531906,1382.509831642891,321.0562846808799
behavior_window,continuous,e92e7c09-c1b8-4f72-a7a8-f75077608d1b,39bd6af0-9893-459b-b1d7-4d8a06a62405,2026-08-17T09:42:53.043000+00:00,window_aggregate,,,,,,,,,,2026-08-16T23:42:51.029000+00:00,2026-08-16T23:43:21.029000+00:00,,,,,,,,,,,,,,,,,,,,,,,,,,,,,,2026-08-17T09:42:53.043000+00:00,,,,,,,,,,,,,,,,,,,,,,,,,,,,,,,,,2.824193068813451,0.16596922706343337,9.0,0.13511298960140464,0.10142883906964761,143.95363686536714,37.30920322575091,98.17346043863417,23.014098076951516,4.441956321673971,35317.86672959953,121.08733492228718,1305.209362536249,260.0482494245004
behavior_window,continuous,e92e7c09-c1b8-4f72-a7a8-f75077608d1b,39bd6af0-9893-459b-b1d7-4d8a06a62405,2026-08-17T09:42:53.043000+00:00,window_aggregate,,,,,,,,,,2026-08-16T23:42:51.029000+00:00,2026-08-16T23:43:21.029000+00:00,,,,,,,,,,,,,,,,,,,,,,,,,,,,,,2026-08-17T09:42:53.043000+00:00,,,,,,,,,,,,,,,,,,,,,,,,,,,,,,,,,2.824193068813451,0.16596922706343337,9.0,0.13511298960140464,0.10142883906964761,143.95363686536714,37.30920322575091,98.17346043863417,23.014098076951516,4.441956321673971,35317.86672959953,121.08733492228718,1305.209362536249,260.0482494245004
behavior_window,continuous,e92e7c09-c1b8-4f72-a7a8-f75077608d1b,39bd6af0-9893-459b-b1d7-4d8a06a62405,2026-08-17T09:42:53.043000+00:00,window_aggregate,,,,,,,,,,2026-08-16T23:42:51.029000+00:00,2026-08-16T23:43:21.029000+00:00,,,,,,,,,,,,,,,,,,,,,,,,,,,,,,2026-08-17T09:42:53.043000+00:00,,,,,,,,,,,,,,,,,,,,,,,,,,,,,,,,,2.824193068813451,0.16596922706343337,9.0,0.13511298960140464,0.10142883906964761,143.95363686536714,37.30920322575091,98.17346043863417,23.014098076951516,4.441956321673971,35317.86672959953,121.08733492228718,1305.209362536249,260.0482494245004
behavior_window,continuous,e92e7c09-c1b8-4f72-a7a8-f75077608d1b,a90f9b8d-c3f1-4748-99d5-cc782623de81,2026-08-17T09:42:53.044000+00:00,window_aggregate,,,,,,,,,,2026-08-15T08:42:51.029000+00:00,2026-08-15T08:43:21.029000+00:00,,,,,,,,,,,,,,,,,,,,,,,,,,,,,,2026-08-17T09:42:53.044000+00:00,,,,,,,,,,,,,,,,,,,,,,,,,,,,,,,,,2.337149346381752,0.7874325967431955,4.0,0.27802727248027936,0.17322550380503765,134.33088693998613,21.029123138198074,84.16396261769461,29.642083942843247,3.3802301663388374,27878.528603926967,432.5115430912301,962.5332210566182,489.75457768647897
behavior_window,continuous,e92e7c09-c1b8-4f72-a7a8-f75077608d1b,a90f9b8d-c3f1-4748-99d5-cc782623de81,2026-08-17T09:42:53.044000+00:00,window_aggregate,,,,,,,,,,2026-08-15T08:42:51.029000+00:00,2026-08-15T08:43:21.029000+00:00,,,,,,,,,,,,,,,,,,,,,,,,,,,,,,2026-08-17T09:42:53.044000+00:00,,,,,,,,,,,,,,,,,,,,,,,,,,,,,,,,,2.337149346381752,0.7874325967431955,4.0,0.27802727248027936,0.17322550380503765,134.33088693998613,21.029123138198074,84.16396261769461,29.642083942843247,3.3802301663388374,27878.528603926967,432.5115430912301,962.5332210566182,489.75457768647897
behavior_window,continuous,e92e7c09-c1b8-4f72-a7a8-f75077608d1b,a90f9b8d-c3f1-4748-99d5-cc782623de81,2026-08-17T09:42:53.044000+00:00,window_aggregate,,,,,,,,,,2026-08-15T08:42:51.029000+00:00,2026-08-15T08:43:21.029000+00:00,,,,,,,,,,,,,,,,,,,,,,,,,,,,,,2026-08-17T09:42:53.044000+00:00,,,,,,,,,,,,,,,,,,,,,,,,,,,,,,,,,2.337149346381752,0.7874325967431955,4.0,0.27802727248027936,0.17322550380503765,134.33088693998613,21.029123138198074,84.16396261769461,29.642083942843247,3.3802301663388374,27878.528603926967,432.5115430912301,962.5332210566182,489.75457768647897
behavior_window,continuous,e92e7c09-c1b8-4f72-a7a8-f75077608d1b,024a219c-b4f9-4b79-9849-65b13577f642,2026-08-17T09:42:53.045000+00:00,window_aggregate,,,,,,,,,,2026-08-15T02:42:51.029000+00:00,2026-08-15T02:43:21.029000+00:00,,,,,,,,,,,,,,,,,,,,,,,,,,,,,,2026-08-17T09:42:53.045000+00:00,,,,,,,,,,,,,,,,,,,,,,,,,,,,,,,,,2.992311152587495,0.7049823973075067,0.0,0.1925177953880991,0.1867451252801165,81.20606510615737,23.029936944546968,100.41910439249219,9.986436394409314,4.560695337188282,18753.57955471885,337.16421185804995,1470.797019419116,141.80923094867413
behavior_window,continuous,e92e7c09-c1b8-4f72-a7a8-f75077608d1b,024a219c-b4f9-4b79-9849-65b13577f642,2026-08-17T09:42:53.045000+00:00,window_aggregate,,,,,,,,,,2026-08-15T02:42:51.029000+00:00,2026-08-15T02:43:21.029000+00:00,,,,,,,,,,,,,,,,,,,,,,,,,,,,,,2026-08-17T09:42:53.045000+00:00,,,,,,,,,,,,,,,,,,,,,,,,,,,,,,,,,2.992311152587495,0.7049823973075067,0.0,0.1925177953880991,0.1867451252801165,81.20606510615737,23.029936944546968,100.41910439249219,9.986436394409314,4.560695337188282,18753.57955471885,337.16421185804995,1470.797019419116,141.80923094867413
behavior_window,continuous,e92e7c09-c1b8-4f72-a7a8-f75077608d1b,024a219c-b4f9-4b79-9849-65b13577f642,2026-08-17T09:42:53.045000+00:00,window_aggregate,,,,,,,,,,2026-08-15T02:42:51.029000+00:00,2026-08-15T02:43:21.029000+00:00,,,,,,,,,,,,,,,,,,,,,,,,,,,,,,2026-08-17T09:42:53.045000+00:00,,,,,,,,,,,,,,,,,,,,,,,,,,,,,,,,,2.992311152587495,0.7049823973075067,0.0,0.1925177953880991,0.1867451252801165,81.20606510615737,23.029936944546968,100.41910439249219,9.986436394409314,4.560695337188282,18753.57955471885,337.16421185804995,1470.797019419116,141.80923094867413
behavior_window,continuous,e92e7c09-c1b8-4f72-a7a8-f75077608d1b,39bd6af0-9893-459b-b1d7-4d8a06a62405,2026-08-17T09:42:53.043000+00:00,window_aggregate,,,,,,,,,,2026-08-14T23:42:51.029000+00:00,2026-08-14T23:43:21.029000+00:00,,,,,,,,,,,,,,,,,,,,,,,,,,,,,,2026-08-17T09:42:53.043000+00:00,,,,,,,,,,,,,,,,,,,,,,,,,,,,,,,,,0.5312654378832183,0.7106679572535455,5.0,0.3345083149127644,0.13486447438139132,99.14920499608624,27.859773063577215,103.33555109877045,7.092968179073948,4.745032832073953,27443.271361018073,489.94781947428885,596.5490357632593,363.348681189893
behavior_window,continuous,e92e7c09-c1b8-4f72-a7a8-f75077608d1b,39bd6af0-9893-459b-b1d7-4d8a06a62405,2026-08-17T09:42:53.043000+00:00,window_aggregate,,,,,,,,,,2026-08-14T23:42:51.029000+00:00,2026-08-14T23:43:21.029000+00:00,,,,,,,,,,,,,,,,,,,,,,,,,,,,,,2026-08-17T09:42:53.043000+00:00,,,,,,,,,,,,,,,,,,,,,,,,,,,,,,,,,0.5312654378832183,0.7106679572535455,5.0,0.3345083149127644,0.13486447438139132,99.14920499608624,27.859773063577215,103.33555109877045,7.092968179073948,4.745032832073953,27443.271361018073,489.94781947428885,596.5490357632593,363.348681189893
behavior_window,continuous,e92e7c09-c1b8-4f72-a7a8-f75077608d1b,39bd6af0-9893-459b-b1d7-4d8a06a62405,2026-08-17T09:42:53.043000+00:00,window_aggregate,,,,,,,,,,2026-08-14T23:42:51.029000+00:00,2026-08-14T23:43:21.029000+00:00,,,,,,,,,,,,,,,,,,,,,,,,,,,,,,2026-08-17T09:42:53.043000+00:00,,,,,,,,,,,,,,,,,,,,,,,,,,,,,,,,,0.5312654378832183,0.7106679572535455,5.0,0.3345083149127644,0.13486447438139132,99.14920499608624,27.859773063577215,103.33555109877045,7.092968179073948,4.745032832073953,27443.271361018073,489.94781947428885,596.5490357632593,363.348681189893
behavior_window,continuous,e92e7c09-c1b8-4f72-a7a8-f75077608d1b,024a219c-b4f9-4b79-9849-65b13577f642,2026-08-17T09:42:53.046000+00:00,window_aggregate,,,,,,,,,,2026-08-16T08:42:51.029000+00:00,2026-08-16T08:43:21.029000+00:00,,,,,,,,,,,,,,,,,,,,,,,,,,,,,,2026-08-17T09:42:53.046000+00:00,,,,,,,,,,,,,,,,,,,,,,,,,,,,,,,,,0.7850022490673196,0.7600613021676818,2.0,0.1656906477256427,0.15886198409641744,103.21579057900144,11.972341337578431,66.06731417268699,25.463713528904243,3.9515614798259535,48929.286767879246,128.31073823280514,704.3763619261774,293.0758114731468
behavior_window,continuous,e92e7c09-c1b8-4f72-a7a8-f75077608d1b,024a219c-b4f9-4b79-9849-65b13577f642,2026-08-17T09:42:53.046000+00:00,window_aggregate,,,,,,,,,,2026-08-16T08:42:51.029000+00:00,2026-08-16T08:43:21.029000+00:00,,,,,,,,,,,,,,,,,,,,,,,,,,,,,,2026-08-17T09:42:53.046000+00:00,,,,,,,,,,,,,,,,,,,,,,,,,,,,,,,,,0.7850022490673196,0.7600613021676818,2.0,0.1656906477256427,0.15886198409641744,103.21579057900144,11.972341337578431,66.06731417268699,25.463713528904243,3.9515614798259535,48929.286767879246,128.31073823280514,704.3763619261774,293.0758114731468
behavior_window,continuous,e92e7c09-c1b8-4f72-a7a8-f75077608d1b,024a219c-b4f9-4b79-9849-65b13577f642,2026-08-17T09:42:53.046000+00:00,window_aggregate,,,,,,,,,,2026-08-16T08:42:51.029000+00:00,2026-08-16T08:43:21.029000+00:00,,,,,,,,,,,,,,,,,,,,,,,,,,,,,,2026-08-17T09:42:53.046000+00:00,,,,,,,,,,,,,,,,,,,,,,,,,,,,,,,,,0.7850022490673196,0.7600613021676818,2.0,0.1656906477256427,0.15886198409641744,103.21579057900144,11.972341337578431,66.06731417268699,25.463713528904243,3.9515614798259535,48929.286767879246,128.31073823280514,704.3763619261774,293.0758114731468
behavior_window,continuous,e92e7c09-c1b8-4f72-a7a8-f75077608d1b,39bd6af0-9893-459b-b1d7-4d8a06a62405,2026-08-17T09:42:53.043000+00:00,window_aggregate,,,,,,,,,,2026-08-17T02:42:51.029000+00:00,2026-08-17T02:43:21.029000+00:00,,,,,,,,,,,,,,,,,,,,,,,,,,,,,,2026-08-17T09:42:53.043000+00:00,,,,,,,,,,,,,,,,,,,,,,,,,,,,,,,,,2.8568714283437098,0.9433131222878428,9.0,0.49946054074278157,0.18223720025020562,132.8160735189952,25.51783111265943,62.50170432791025,7.338784768472433,3.77392782592488,5704.670240775568,145.29609473379435,965.9734832444144,238.9743882751715
behavior_window,continuous,e92e7c09-c1b8-4f72-a7a8-f75077608d1b,39bd6af0-9893-459b-b1d7-4d8a06a62405,2026-08-17T09:42:53.043000+00:00,window_aggregate,,,,,,,,,,2026-08-17T02:42:51.029000+00:00,2026-08-17T02:43:21.029000+00:00,,,,,,,,,,,,,,,,,,,,,,,,,,,,,,2026-08-17T09:42:53.043000+00:00,,,,,,,,,,,,,,,,,,,,,,,,,,,,,,,,,2.8568714283437098,0.9433131222878428,9.0,0.49946054074278157,0.18223720025020562,132.8160735189952,25.51783111265943,62.50170432791025,7.338784768472433,3.77392782592488,5704.670240775568,145.29609473379435,965.9734832444144,238.9743882751715
behavior_window,continuous,e92e7c09-c1b8-4f72-a7a8-f75077608d1b,39bd6af0-9893-459b-b1d7-4d8a06a62405,2026-08-17T09:42:53.043000+00:00,window_aggregate,,,,,,,,,,2026-08-17T02:42:51.029000+00:00,2026-08-17T02:43:21.029000+00:00,,,,,,,,,,,,,,,,,,,,,,,,,,,,,,2026-08-17T09:42:53.043000+00:00,,,,,,,,,,,,,,,,,,,,,,,,,,,,,,,,,2.8568714283437098,0.9433131222878428,9.0,0.49946054074278157,0.18223720025020562,132.8160735189952,25.51783111265943,62.50170432791025,7.338784768472433,3.77392782592488,5704.670240775568,145.29609473379435,965.9734832444144,238.9743882751715
behavior_window,continuous,e92e7c09-c1b8-4f72-a7a8-f75077608d1b,a90f9b8d-c3f1-4748-99d5-cc782623de81,2026-08-17T09:42:53.044000+00:00,window_aggregate,,,,,,,,,,2026-08-16T22:42:51.029000+00:00,2026-08-16T22:43:21.029000+00:00,,,,,,,,,,,,,,,,,,,,,,,,,,,,,,2026-08-17T09:42:53.044000+00:00,,,,,,,,,,,,,,,,,,,,,,,,,,,,,,,,,1.484731770652888,0.1700003012633553,2.0,0.11077139894559318,0.11450764648415714,91.01047161702449,37.09345538141904,111.20874769354404,18.280606175856967,4.342153240593377,13146.35580892035,51.86761736751011,1194.7955739947847,354.1858936857784
behavior_window,continuous,e92e7c09-c1b8-4f72-a7a8-f75077608d1b,a90f9b8d-c3f1-4748-99d5-cc782623de81,2026-08-17T09:42:53.044000+00:00,window_aggregate,,,,,,,,,,2026-08-16T22:42:51.029000+00:00,2026-08-16T22:43:21.029000+00:00,,,,,,,,,,,,,,,,,,,,,,,,,,,,,,2026-08-17T09:42:53.044000+00:00,,,,,,,,,,,,,,,,,,,,,,,,,,,,,,,,,1.484731770652888,0.1700003012633553,2.0,0.11077139894559318,0.11450764648415714,91.01047161702449,37.09345538141904,111.20874769354404,18.280606175856967,4.342153240593377,13146.35580892035,51.86761736751011,1194.7955739947847,354.1858936857784
behavior_window,continuous,e92e7c09-c1b8-4f72-a7a8-f75077608d1b,a90f9b8d-c3f1-4748-99d5-cc782623de81,2026-08-17T09:42:53.044000+00:00,window_aggregate,,,,,,,,,,2026-08-16T22:42:51.029000+00:00,2026-08-16T22:43:21.029000+00:00,,,,,,,,,,,,,,,,,,,,,,,,,,,,,,2026-08-17T09:42:53.044000+00:00,,,,,,,,,,,,,,,,,,,,,,,,,,,,,,,,,1.484731770652888,0.1700003012633553,2.0,0.11077139894559318,0.11450764648415714,91.01047161702449,37.09345538141904,111.20874769354404,18.280606175856967,4.342153240593377,13146.35580892035,51.86761736751011,1194.7955739947847,354.1858936857784
behavior_window,continuous,e92e7c09-c1b8-4f72-a7a8-f75077608d1b,a90f9b8d-c3f1-4748-99d5-cc782623de81,2026-08-17T09:42:53.044000+00:00,window_aggregate,,,,,,,,,,2026-08-15T15:42:51.029000+00:00,2026-08-15T15:43:21.029000+00:00,,,,,,,,,,,,,,,,,,,,,,,,,,,,,,2026-08-17T09:42:53.044000+00:00,,,,,,,,,,,,,,,,,,,,,,,,,,,,,,,,,2.5582296886855045,0.24846676432743006,6.0,0.16033415163486753,0.10898138768974225,131.50044732655152,10.894877231427033,109.78199299470594,11.141542490449725,4.451313041491879,3772.0932194678835,361.39951801687226,1133.9273532520574,396.0768057909628
behavior_window,continuous,e92e7c09-c1b8-4f72-a7a8-f75077608d1b,a90f9b8d-c3f1-4748-99d5-cc782623de81,2026-08-17T09:42:53.044000+00:00,window_aggregate,,,,,,,,,,2026-08-15T15:42:51.029000+00:00,2026-08-15T15:43:21.029000+00:00,,,,,,,,,,,,,,,,,,,,,,,,,,,,,,2026-08-17T09:42:53.044000+00:00,,,,,,,,,,,,,,,,,,,,,,,,,,,,,,,,,2.5582296886855045,0.24846676432743006,6.0,0.16033415163486753,0.10898138768974225,131.50044732655152,10.894877231427033,109.78199299470594,11.141542490449725,4.451313041491879,3772.0932194678835,361.39951801687226,1133.9273532520574,396.0768057909628
behavior_window,continuous,e92e7c09-c1b8-4f72-a7a8-f75077608d1b,a90f9b8d-c3f1-4748-99d5-cc782623de81,2026-08-17T09:42:53.044000+00:00,window_aggregate,,,,,,,,,,2026-08-15T15:42:51.029000+00:00,2026-08-15T15:43:21.029000+00:00,,,,,,,,,,,,,,,,,,,,,,,,,,,,,,2026-08-17T09:42:53.044000+00:00,,,,,,,,,,,,,,,,,,,,,,,,,,,,,,,,,2.5582296886855045,0.24846676432743006,6.0,0.16033415163486753,0.10898138768974225,131.50044732655152,10.894877231427033,109.78199299470594,11.141542490449725,4.451313041491879,3772.0932194678835,361.39951801687226,1133.9273532520574,396.0768057909628
behavior_window,continuous,e92e7c09-c1b8-4f72-a7a8-f75077608d1b,024a219c-b4f9-4b79-9849-65b13577f642,2026-08-17T09:42:53.045000+00:00,window_aggregate,,,,,,,,,,2026-08-17T00:42:51.029000+00:00,2026-08-17T00:43:21.029000+00:00,,,,,,,,,,,,,,,,,,,,,,,,,,,,,,2026-08-17T09:42:53.045000+00:00,,,,,,,,,,,,,,,,,,,,,,,,,,,,,,,,,2.8944667731030793,0.7723034323295707,6.0,0.3773333336791084,0.10935138976813082,143.96190673447302,27.891089448311448,76.35086752303533,24.689808793140255,4.874964072335619,41464.695685570725,313.02123749469206,1371.4484653999803,170.79962838888832
behavior_window,continuous,e92e7c09-c1b8-4f72-a7a8-f75077608d1b,024a219c-b4f9-4b79-9849-65b13577f642,2026-08-17T09:42:53.045000+00:00,window_aggregate,,,,,,,,,,2026-08-17T00:42:51.029000+00:00,2026-08-17T00:43:21.029000+00:00,,,,,,,,,,,,,,,,,,,,,,,,,,,,,,2026-08-17T09:42:53.045000+00:00,,,,,,,,,,,,,,,,,,,,,,,,,,,,,,,,,2.8944667731030793,0.7723034323295707,6.0,0.3773333336791084,0.10935138976813082,143.96190673447302,27.891089448311448,76.35086752303533,24.689808793140255,4.874964072335619,41464.695685570725,313.02123749469206,1371.4484653999803,170.79962838888832
behavior_window,continuous,e92e7c09-c1b8-4f72-a7a8-f75077608d1b,024a219c-b4f9-4b79-9849-65b13577f642,2026-08-17T09:42:53.045000+00:00,window_aggregate,,,,,,,,,,2026-08-17T00:42:51.029000+00:00,2026-08-17T00:43:21.029000+00:00,,,,,,,,,,,,,,,,,,,,,,,,,,,,,,2026-08-17T09:42:53.045000+00:00,,,,,,,,,,,,,,,,,,,,,,,,,,,,,,,,,2.8944667731030793,0.7723034323295707,6.0,0.3773333336791084,0.10935138976813082,143.96190673447302,27.891089448311448,76.35086752303533,24.689808793140255,4.874964072335619,41464.695685570725,313.02123749469206,1371.4484653999803,170.79962838888832
behavior_window,continuous,e92e7c09-c1b8-4f72-a7a8-f75077608d1b,9c0d9803-ed7b-44ca-a30f-1c3ff96c03b1,2026-08-17T09:42:53.044000+00:00,window_aggregate,,,,,,,,,,2026-08-16T04:42:51.029000+00:00,2026-08-16T04:43:21.029000+00:00,,,,,,,,,,,,,,,,,,,,,,,,,,,,,,2026-08-17T09:42:53.044000+00:00,,,,,,,,,,,,,,,,,,,,,,,,,,,,,,,,,1.9108967843767084,0.3279319302780299,0.0,0.22972444640807355,0.08093225666783108,96.66153298973848,17.97225979136727,92.59439188034332,14.08956230484111,5.587451108373093,10795.65940658214,312.84731724405776,1253.9891111150414,246.5161529566202
behavior_window,continuous,e92e7c09-c1b8-4f72-a7a8-f75077608d1b,9c0d9803-ed7b-44ca-a30f-1c3ff96c03b1,2026-08-17T09:42:53.044000+00:00,window_aggregate,,,,,,,,,,2026-08-16T04:42:51.029000+00:00,2026-08-16T04:43:21.029000+00:00,,,,,,,,,,,,,,,,,,,,,,,,,,,,,,2026-08-17T09:42:53.044000+00:00,,,,,,,,,,,,,,,,,,,,,,,,,,,,,,,,,1.9108967843767084,0.3279319302780299,0.0,0.22972444640807355,0.08093225666783108,96.66153298973848,17.97225979136727,92.59439188034332,14.08956230484111,5.587451108373093,10795.65940658214,312.84731724405776,1253.9891111150414,246.5161529566202
behavior_window,continuous,e92e7c09-c1b8-4f72-a7a8-f75077608d1b,9c0d9803-ed7b-44ca-a30f-1c3ff96c03b1,2026-08-17T09:42:53.044000+00:00,window_aggregate,,,,,,,,,,2026-08-16T04:42:51.029000+00:00,2026-08-16T04:43:21.029000+00:00,,,,,,,,,,,,,,,,,,,,,,,,,,,,,,2026-08-17T09:42:53.044000+00:00,,,,,,,,,,,,,,,,,,,,,,,,,,,,,,,,,1.9108967843767084,0.3279319302780299,0.0,0.22972444640807355,0.08093225666783108,96.66153298973848,17.97225979136727,92.59439188034332,14.08956230484111,5.587451108373093,10795.65940658214,312.84731724405776,1253.9891111150414,246.5161529566202
behavior_window,continuous,e92e7c09-c1b8-4f72-a7a8-f75077608d1b,9c0d9803-ed7b-44ca-a30f-1c3ff96c03b1,2026-08-17T09:42:53.044000+00:00,window_aggregate,,,,,,,,,,2026-08-15T22:42:51.029000+00:00,2026-08-15T22:43:21.029000+00:00,,,,,,,,,,,,,,,,,,,,,,,,,,,,,,2026-08-17T09:42:53.044000+00:00,,,,,,,,,,,,,,,,,,,,,,,,,,,,,,,,,1.875776607445749,0.6647516487390123,9.0,0.4694023611124757,0.15610575638885993,102.55535863490957,26.781944821078795,59.180725848681874,29.899288071853704,4.58755713574094,30605.779459652524,491.04943684377736,1324.2916382294218,489.2910063262311
behavior_window,continuous,e92e7c09-c1b8-4f72-a7a8-f75077608d1b,9c0d9803-ed7b-44ca-a30f-1c3ff96c03b1,2026-08-17T09:42:53.044000+00:00,window_aggregate,,,,,,,,,,2026-08-15T22:42:51.029000+00:00,2026-08-15T22:43:21.029000+00:00,,,,,,,,,,,,,,,,,,,,,,,,,,,,,,2026-08-17T09:42:53.044000+00:00,,,,,,,,,,,,,,,,,,,,,,,,,,,,,,,,,1.875776607445749,0.6647516487390123,9.0,0.4694023611124757,0.15610575638885993,102.55535863490957,26.781944821078795,59.180725848681874,29.899288071853704,4.58755713574094,30605.779459652524,491.04943684377736,1324.2916382294218,489.2910063262311
behavior_window,continuous,e92e7c09-c1b8-4f72-a7a8-f75077608d1b,9c0d9803-ed7b-44ca-a30f-1c3ff96c03b1,2026-08-17T09:42:53.044000+00:00,window_aggregate,,,,,,,,,,2026-08-15T22:42:51.029000+00:00,2026-08-15T22:43:21.029000+00:00,,,,,,,,,,,,,,,,,,,,,,,,,,,,,,2026-08-17T09:42:53.044000+00:00,,,,,,,,,,,,,,,,,,,,,,,,,,,,,,,,,1.875776607445749,0.6647516487390123,9.0,0.4694023611124757,0.15610575638885993,102.55535863490957,26.781944821078795,59.180725848681874,29.899288071853704,4.58755713574094,30605.779459652524,491.04943684377736,1324.2916382294218,489.2910063262311
behavior_window,continuous,e92e7c09-c1b8-4f72-a7a8-f75077608d1b,9c0d9803-ed7b-44ca-a30f-1c3ff96c03b1,2026-08-17T09:42:53.044000+00:00,window_aggregate,,,,,,,,,,2026-08-14T20:42:51.029000+00:00,2026-08-14T20:43:21.029000+00:00,,,,,,,,,,,,,,,,,,,,,,,,,,,,,,2026-08-17T09:42:53.044000+00:00,,,,,,,,,,,,,,,,,,,,,,,,,,,,,,,,,2.5306519368818847,0.8879627388984183,7.0,0.4783661716498103,0.07638996516593777,113.98951882113492,21.3675161031734,84.30734907119947,16.980402181952513,4.90965186478488,43378.22384451256,89.43838045784192,913.969936266028,272.87261130606174
behavior_window,continuous,e92e7c09-c1b8-4f72-a7a8-f75077608d1b,9c0d9803-ed7b-44ca-a30f-1c3ff96c03b1,2026-08-17T09:42:53.044000+00:00,window_aggregate,,,,,,,,,,2026-08-14T20:42:51.029000+00:00,2026-08-14T20:43:21.029000+00:00,,,,,,,,,,,,,,,,,,,,,,,,,,,,,,2026-08-17T09:42:53.044000+00:00,,,,,,,,,,,,,,,,,,,,,,,,,,,,,,,,,2.5306519368818847,0.8879627388984183,7.0,0.4783661716498103,0.07638996516593777,113.98951882113492,21.3675161031734,84.30734907119947,16.980402181952513,4.90965186478488,43378.22384451256,89.43838045784192,913.969936266028,272.87261130606174
behavior_window,continuous,e92e7c09-c1b8-4f72-a7a8-f75077608d1b,9c0d9803-ed7b-44ca-a30f-1c3ff96c03b1,2026-08-17T09:42:53.044000+00:00,window_aggregate,,,,,,,,,,2026-08-14T20:42:51.029000+00:00,2026-08-14T20:43:21.029000+00:00,,,,,,,,,,,,,,,,,,,,,,,,,,,,,,2026-08-17T09:42:53.044000+00:00,,,,,,,,,,,,,,,,,,,,,,,,,,,,,,,,,2.5306519368818847,0.8879627388984183,7.0,0.4783661716498103,0.07638996516593777,113.98951882113492,21.3675161031734,84.30734907119947,16.980402181952513,4.90965186478488,43378.22384451256,89.43838045784192,913.969936266028,272.87261130606174
behavior_window,continuous,e92e7c09-c1b8-4f72-a7a8-f75077608d1b,024a219c-b4f9-4b79-9849-65b13577f642,2026-08-17T09:42:53.045000+00:00,window_aggregate,,,,,,,,,,2026-08-16T00:42:51.029000+00:00,2026-08-16T00:43:21.029000+00:00,,,,,,,,,,,,,,,,,,,,,,,,,,,,,,2026-08-17T09:42:53.045000+00:00,,,,,,,,,,,,,,,,,,,,,,,,,,,,,,,,,1.3662807480029002,0.23890224678084668,5.0,0.22803597186287394,0.18289454243370817,104.72443529381624,21.04712023196117,71.27751544597747,18.5962576747812,4.834571053698684,9235.579955739004,466.88614633550753,831.8355884292448,484.4843098263122
behavior_window,continuous,e92e7c09-c1b8-4f72-a7a8-f75077608d1b,024a219c-b4f9-4b79-9849-65b13577f642,2026-08-17T09:42:53.045000+00:00,window_aggregate,,,,,,,,,,2026-08-16T00:42:51.029000+00:00,2026-08-16T00:43:21.029000+00:00,,,,,,,,,,,,,,,,,,,,,,,,,,,,,,2026-08-17T09:42:53.045000+00:00,,,,,,,,,,,,,,,,,,,,,,,,,,,,,,,,,1.3662807480029002,0.23890224678084668,5.0,0.22803597186287394,0.18289454243370817,104.72443529381624,21.04712023196117,71.27751544597747,18.5962576747812,4.834571053698684,9235.579955739004,466.88614633550753,831.8355884292448,484.4843098263122
behavior_window,continuous,e92e7c09-c1b8-4f72-a7a8-f75077608d1b,024a219c-b4f9-4b79-9849-65b13577f642,2026-08-17T09:42:53.045000+00:00,window_aggregate,,,,,,,,,,2026-08-16T00:42:51.029000+00:00,2026-08-16T00:43:21.029000+00:00,,,,,,,,,,,,,,,,,,,,,,,,,,,,,,2026-08-17T09:42:53.045000+00:00,,,,,,,,,,,,,,,,,,,,,,,,,,,,,,,,,1.3662807480029002,0.23890224678084668,5.0,0.22803597186287394,0.18289454243370817,104.72443529381624,21.04712023196117,71.27751544597747,18.5962576747812,4.834571053698684,9235.579955739004,466.88614633550753,831.8355884292448,484.4843098263122
behavior_window,continuous,e92e7c09-c1b8-4f72-a7a8-f75077608d1b,024a219c-b4f9-4b79-9849-65b13577f642,2026-08-17T09:42:53.045000+00:00,window_aggregate,,,,,,,,,,2026-08-15T22:42:51.029000+00:00,2026-08-15T22:43:21.029000+00:00,,,,,,,,,,,,,,,,,,,,,,,,,,,,,,2026-08-17T09:42:53.045000+00:00,,,,,,,,,,,,,,,,,,,,,,,,,,,,,,,,,2.6875553732222395,0.6956698974209343,5.0,0.15637340092580665,0.17999431901474555,100.11257095744514,16.452899646233288,60.459512446961256,19.933707094844713,3.771544939238296,46378.42079908921,236.8189492537774,1411.470861840634,270.3346319572097
behavior_window,continuous,e92e7c09-c1b8-4f72-a7a8-f75077608d1b,024a219c-b4f9-4b79-9849-65b13577f642,2026-08-17T09:42:53.045000+00:00,window_aggregate,,,,,,,,,,2026-08-15T22:42:51.029000+00:00,2026-08-15T22:43:21.029000+00:00,,,,,,,,,,,,,,,,,,,,,,,,,,,,,,2026-08-17T09:42:53.045000+00:00,,,,,,,,,,,,,,,,,,,,,,,,,,,,,,,,,2.6875553732222395,0.6956698974209343,5.0,0.15637340092580665,0.17999431901474555,100.11257095744514,16.452899646233288,60.459512446961256,19.933707094844713,3.771544939238296,46378.42079908921,236.8189492537774,1411.470861840634,270.3346319572097
behavior_window,continuous,e92e7c09-c1b8-4f72-a7a8-f75077608d1b,024a219c-b4f9-4b79-9849-65b13577f642,2026-08-17T09:42:53.045000+00:00,window_aggregate,,,,,,,,,,2026-08-15T22:42:51.029000+00:00,2026-08-15T22:43:21.029000+00:00,,,,,,,,,,,,,,,,,,,,,,,,,,,,,,2026-08-17T09:42:53.045000+00:00,,,,,,,,,,,,,,,,,,,,,,,,,,,,,,,,,2.6875553732222395,0.6956698974209343,5.0,0.15637340092580665,0.17999431901474555,100.11257095744514,16.452899646233288,60.459512446961256,19.933707094844713,3.771544939238296,46378.42079908921,236.8189492537774,1411.470861840634,270.3346319572097
behavior_window,continuous,e92e7c09-c1b8-4f72-a7a8-f75077608d1b,eaa77718-5754-4734-b3cf-a779b607ee8f,2026-08-17T09:42:53.042000+00:00,window_aggregate,,,,,,,,,,2026-08-16T01:42:51.029000+00:00,2026-08-16T01:43:21.029000+00:00,,,,,,,,,,,,,,,,,,,,,,,,,,,,,,2026-08-17T09:42:53.042000+00:00,,,,,,,,,,,,,,,,,,,,,,,,,,,,,,,,,0.6359415346963797,0.3296528557005739,10.0,0.22482247388604995,0.13661181956116716,88.89745045849571,32.145993436386014,99.91740011354628,19.09725631495164,3.8796677552020333,10297.664851649632,1.8673895663330886,705.6629039703462,242.07868876960012
behavior_window,continuous,e92e7c09-c1b8-4f72-a7a8-f75077608d1b,eaa77718-5754-4734-b3cf-a779b607ee8f,2026-08-17T09:42:53.042000+00:00,window_aggregate,,,,,,,,,,2026-08-16T01:42:51.029000+00:00,2026-08-16T01:43:21.029000+00:00,,,,,,,,,,,,,,,,,,,,,,,,,,,,,,2026-08-17T09:42:53.042000+00:00,,,,,,,,,,,,,,,,,,,,,,,,,,,,,,,,,0.6359415346963797,0.3296528557005739,10.0,0.22482247388604995,0.13661181956116716,88.89745045849571,32.145993436386014,99.91740011354628,19.09725631495164,3.8796677552020333,10297.664851649632,1.8673895663330886,705.6629039703462,242.07868876960012
behavior_window,continuous,e92e7c09-c1b8-4f72-a7a8-f75077608d1b,eaa77718-5754-4734-b3cf-a779b607ee8f,2026-08-17T09:42:53.042000+00:00,window_aggregate,,,,,,,,,,2026-08-16T01:42:51.029000+00:00,2026-08-16T01:43:21.029000+00:00,,,,,,,,,,,,,,,,,,,,,,,,,,,,,,2026-08-17T09:42:53.042000+00:00,,,,,,,,,,,,,,,,,,,,,,,,,,,,,,,,,0.6359415346963797,0.3296528557005739,10.0,0.22482247388604995,0.13661181956116716,88.89745045849571,32.145993436386014,99.91740011354628,19.09725631495164,3.8796677552020333,10297.664851649632,1.8673895663330886,705.6629039703462,242.07868876960012
behavior_window,continuous,e92e7c09-c1b8-4f72-a7a8-f75077608d1b,39bd6af0-9893-459b-b1d7-4d8a06a62405,2026-08-17T09:42:53.043000+00:00,window_aggregate,,,,,,,,,,2026-08-15T02:42:51.029000+00:00,2026-08-15T02:43:21.029000+00:00,,,,,,,,,,,,,,,,,,,,,,,,,,,,,,2026-08-17T09:42:53.043000+00:00,,,,,,,,,,,,,,,,,,,,,,,,,,,,,,,,,1.8156678663550774,0.2418314965835426,1.0,0.46843149719287713,0.11217663858275567,98.08222325163634,35.75261989881231,90.57348666874123,16.55290443501394,3.5871306744591474,1860.0807733821712,432.56880815334944,1218.4003723150515,462.96919602641
behavior_window,continuous,e92e7c09-c1b8-4f72-a7a8-f75077608d1b,39bd6af0-9893-459b-b1d7-4d8a06a62405,2026-08-17T09:42:53.043000+00:00,window_aggregate,,,,,,,,,,2026-08-15T02:42:51.029000+00:00,2026-08-15T02:43:21.029000+00:00,,,,,,,,,,,,,,,,,,,,,,,,,,,,,,2026-08-17T09:42:53.043000+00:00,,,,,,,,,,,,,,,,,,,,,,,,,,,,,,,,,1.8156678663550774,0.2418314965835426,1.0,0.46843149719287713,0.11217663858275567,98.08222325163634,35.75261989881231,90.57348666874123,16.55290443501394,3.5871306744591474,1860.0807733821712,432.56880815334944,1218.4003723150515,462.96919602641
behavior_window,continuous,e92e7c09-c1b8-4f72-a7a8-f75077608d1b,39bd6af0-9893-459b-b1d7-4d8a06a62405,2026-08-17T09:42:53.043000+00:00,window_aggregate,,,,,,,,,,2026-08-15T02:42:51.029000+00:00,2026-08-15T02:43:21.029000+00:00,,,,,,,,,,,,,,,,,,,,,,,,,,,,,,2026-08-17T09:42:53.043000+00:00,,,,,,,,,,,,,,,,,,,,,,,,,,,,,,,,,1.8156678663550774,0.2418314965835426,1.0,0.46843149719287713,0.11217663858275567,98.08222325163634,35.75261989881231,90.57348666874123,16.55290443501394,3.5871306744591474,1860.0807733821712,432.56880815334944,1218.4003723150515,462.96919602641
behavior_window,continuous,e92e7c09-c1b8-4f72-a7a8-f75077608d1b,a90f9b8d-c3f1-4748-99d5-cc782623de81,2026-08-17T09:42:53.045000+00:00,window_aggregate,,,,,,,,,,2026-08-15T05:42:51.029000+00:00,2026-08-15T05:43:21.029000+00:00,,,,,,,,,,,,,,,,,,,,,,,,,,,,,,2026-08-17T09:42:53.045000+00:00,,,,,,,,,,,,,,,,,,,,,,,,,,,,,,,,,0.6372874904704069,0.6092678550984836,0.0,0.2127205998458003,0.12213599977022169,105.36437127529683,18.852810248818415,66.26312649771187,13.198962681572178,3.8972447796784655,9242.909996669103,337.69712059903856,598.4263692946,400.8249625350112
behavior_window,continuous,e92e7c09-c1b8-4f72-a7a8-f75077608d1b,a90f9b8d-c3f1-4748-99d5-cc782623de81,2026-08-17T09:42:53.045000+00:00,window_aggregate,,,,,,,,,,2026-08-15T05:42:51.029000+00:00,2026-08-15T05:43:21.029000+00:00,,,,,,,,,,,,,,,,,,,,,,,,,,,,,,2026-08-17T09:42:53.045000+00:00,,,,,,,,,,,,,,,,,,,,,,,,,,,,,,,,,0.6372874904704069,0.6092678550984836,0.0,0.2127205998458003,0.12213599977022169,105.36437127529683,18.852810248818415,66.26312649771187,13.198962681572178,3.8972447796784655,9242.909996669103,337.69712059903856,598.4263692946,400.8249625350112
behavior_window,continuous,e92e7c09-c1b8-4f72-a7a8-f75077608d1b,a90f9b8d-c3f1-4748-99d5-cc782623de81,2026-08-17T09:42:53.045000+00:00,window_aggregate,,,,,,,,,,2026-08-15T05:42:51.029000+00:00,2026-08-15T05:43:21.029000+00:00,,,,,,,,,,,,,,,,,,,,,,,,,,,,,,2026-08-17T09:42:53.045000+00:00,,,,,,,,,,,,,,,,,,,,,,,,,,,,,,,,,0.6372874904704069,0.6092678550984836,0.0,0.2127205998458003,0.12213599977022169,105.36437127529683,18.852810248818415,66.26312649771187,13.198962681572178,3.8972447796784655,9242.909996669103,337.69712059903856,598.4263692946,400.8249625350112
behavior_window,continuous,e92e7c09-c1b8-4f72-a7a8-f75077608d1b,024a219c-b4f9-4b79-9849-65b13577f642,2026-08-17T09:42:53.045000+00:00,window_aggregate,,,,,,,,,,2026-08-16T03:42:51.029000+00:00,2026-08-16T03:43:21.029000+00:00,,,,,,,,,,,,,,,,,,,,,,,,,,,,,,2026-08-17T09:42:53.045000+00:00,,,,,,,,,,,,,,,,,,,,,,,,,,,,,,,,,1.2376665113695402,0.13868673426290654,1.0,0.4467942005713451,0.16847526625248066,105.5298756585438,12.546143041361404,75.23729545424108,17.78449361025145,4.611111603786812,18742.655473834497,163.8303329415075,1011.8030086263528,467.5145031149829
behavior_window,continuous,e92e7c09-c1b8-4f72-a7a8-f75077608d1b,024a219c-b4f9-4b79-9849-65b13577f642,2026-08-17T09:42:53.045000+00:00,window_aggregate,,,,,,,,,,2026-08-16T03:42:51.029000+00:00,2026-08-16T03:43:21.029000+00:00,,,,,,,,,,,,,,,,,,,,,,,,,,,,,,2026-08-17T09:42:53.045000+00:00,,,,,,,,,,,,,,,,,,,,,,,,,,,,,,,,,1.2376665113695402,0.13868673426290654,1.0,0.4467942005713451,0.16847526625248066,105.5298756585438,12.546143041361404,75.23729545424108,17.78449361025145,4.611111603786812,18742.655473834497,163.8303329415075,1011.8030086263528,467.5145031149829
behavior_window,continuous,e92e7c09-c1b8-4f72-a7a8-f75077608d1b,024a219c-b4f9-4b79-9849-65b13577f642,2026-08-17T09:42:53.045000+00:00,window_aggregate,,,,,,,,,,2026-08-16T03:42:51.029000+00:00,2026-08-16T03:43:21.029000+00:00,,,,,,,,,,,,,,,,,,,,,,,,,,,,,,2026-08-17T09:42:53.045000+00:00,,,,,,,,,,,,,,,,,,,,,,,,,,,,,,,,,1.2376665113695402,0.13868673426290654,1.0,0.4467942005713451,0.16847526625248066,105.5298756585438,12.546143041361404,75.23729545424108,17.78449361025145,4.611111603786812,18742.655473834497,163.8303329415075,1011.8030086263528,467.5145031149829
behavior_window,continuous,e92e7c09-c1b8-4f72-a7a8-f75077608d1b,024a219c-b4f9-4b79-9849-65b13577f642,2026-08-17T09:42:53.046000+00:00,window_aggregate,,,,,,,,,,2026-08-15T10:42:51.029000+00:00,2026-08-15T10:43:21.029000+00:00,,,,,,,,,,,,,,,,,,,,,,,,,,,,,,2026-08-17T09:42:53.046000+00:00,,,,,,,,,,,,,,,,,,,,,,,,,,,,,,,,,2.4976866723330486,0.170152610148215,3.0,0.3037941983755817,0.14059124364266676,93.4403071822594,34.98661847122917,77.40115961310082,18.21479207177744,3.325809429970546,40756.13759644817,130.95244181868597,1169.3847964050792,147.2759085529539
behavior_window,continuous,e92e7c09-c1b8-4f72-a7a8-f75077608d1b,024a219c-b4f9-4b79-9849-65b13577f642,2026-08-17T09:42:53.046000+00:00,window_aggregate,,,,,,,,,,2026-08-15T10:42:51.029000+00:00,2026-08-15T10:43:21.029000+00:00,,,,,,,,,,,,,,,,,,,,,,,,,,,,,,2026-08-17T09:42:53.046000+00:00,,,,,,,,,,,,,,,,,,,,,,,,,,,,,,,,,2.4976866723330486,0.170152610148215,3.0,0.3037941983755817,0.14059124364266676,93.4403071822594,34.98661847122917,77.40115961310082,18.21479207177744,3.325809429970546,40756.13759644817,130.95244181868597,1169.3847964050792,147.2759085529539
behavior_window,continuous,e92e7c09-c1b8-4f72-a7a8-f75077608d1b,024a219c-b4f9-4b79-9849-65b13577f642,2026-08-17T09:42:53.046000+00:00,window_aggregate,,,,,,,,,,2026-08-15T10:42:51.029000+00:00,2026-08-15T10:43:21.029000+00:00,,,,,,,,,,,,,,,,,,,,,,,,,,,,,,2026-08-17T09:42:53.046000+00:00,,,,,,,,,,,,,,,,,,,,,,,,,,,,,,,,,2.4976866723330486,0.170152610148215,3.0,0.3037941983755817,0.14059124364266676,93.4403071822594,34.98661847122917,77.40115961310082,18.21479207177744,3.325809429970546,40756.13759644817,130.95244181868597,1169.3847964050792,147.2759085529539
behavior_window,continuous,e92e7c09-c1b8-4f72-a7a8-f75077608d1b,eaa77718-5754-4734-b3cf-a779b607ee8f,2026-08-17T09:42:53.042000+00:00,window_aggregate,,,,,,,,,,2026-08-14T15:42:51.029000+00:00,2026-08-14T15:43:21.029000+00:00,,,,,,,,,,,,,,,,,,,,,,,,,,,,,,2026-08-17T09:42:53.042000+00:00,,,,,,,,,,,,,,,,,,,,,,,,,,,,,,,,,1.9525634262562648,0.605091010263946,4.0,0.462789024225995,0.09182213724335098,123.10136417134275,38.375055141121706,64.97915830294241,11.354789771333717,3.74995472874035,34573.05070203727,486.9100253385471,574.5000072239156,237.86399605239424
behavior_window,continuous,e92e7c09-c1b8-4f72-a7a8-f75077608d1b,eaa77718-5754-4734-b3cf-a779b607ee8f,2026-08-17T09:42:53.042000+00:00,window_aggregate,,,,,,,,,,2026-08-14T15:42:51.029000+00:00,2026-08-14T15:43:21.029000+00:00,,,,,,,,,,,,,,,,,,,,,,,,,,,,,,2026-08-17T09:42:53.042000+00:00,,,,,,,,,,,,,,,,,,,,,,,,,,,,,,,,,1.9525634262562648,0.605091010263946,4.0,0.462789024225995,0.09182213724335098,123.10136417134275,38.375055141121706,64.97915830294241,11.354789771333717,3.74995472874035,34573.05070203727,486.9100253385471,574.5000072239156,237.86399605239424
behavior_window,continuous,e92e7c09-c1b8-4f72-a7a8-f75077608d1b,eaa77718-5754-4734-b3cf-a779b607ee8f,2026-08-17T09:42:53.042000+00:00,window_aggregate,,,,,,,,,,2026-08-14T15:42:51.029000+00:00,2026-08-14T15:43:21.029000+00:00,,,,,,,,,,,,,,,,,,,,,,,,,,,,,,2026-08-17T09:42:53.042000+00:00,,,,,,,,,,,,,,,,,,,,,,,,,,,,,,,,,1.9525634262562648,0.605091010263946,4.0,0.462789024225995,0.09182213724335098,123.10136417134275,38.375055141121706,64.97915830294241,11.354789771333717,3.74995472874035,34573.05070203727,486.9100253385471,574.5000072239156,237.86399605239424
behavior_window,continuous,e92e7c09-c1b8-4f72-a7a8-f75077608d1b,eaa77718-5754-4734-b3cf-a779b607ee8f,2026-08-17T09:42:53.042000+00:00,window_aggregate,,,,,,,,,,2026-08-16T06:42:51.029000+00:00,2026-08-16T06:43:21.029000+00:00,,,,,,,,,,,,,,,,,,,,,,,,,,,,,,2026-08-17T09:42:53.042000+00:00,,,,,,,,,,,,,,,,,,,,,,,,,,,,,,,,,1.6903849572522918,0.6873079687795721,8.0,0.10612542709927508,0.06379695944725916,106.88560893598788,17.39075875091384,112.24278582842587,25.139141128051286,4.066867960939223,36209.82379514441,478.51239640433363,764.7353864419242,116.73977782836067
behavior_window,continuous,e92e7c09-c1b8-4f72-a7a8-f75077608d1b,eaa77718-5754-4734-b3cf-a779b607ee8f,2026-08-17T09:42:53.042000+00:00,window_aggregate,,,,,,,,,,2026-08-16T06:42:51.029000+00:00,2026-08-16T06:43:21.029000+00:00,,,,,,,,,,,,,,,,,,,,,,,,,,,,,,2026-08-17T09:42:53.042000+00:00,,,,,,,,,,,,,,,,,,,,,,,,,,,,,,,,,1.6903849572522918,0.6873079687795721,8.0,0.10612542709927508,0.06379695944725916,106.88560893598788,17.39075875091384,112.24278582842587,25.139141128051286,4.066867960939223,36209.82379514441,478.51239640433363,764.7353864419242,116.73977782836067
behavior_window,continuous,e92e7c09-c1b8-4f72-a7a8-f75077608d1b,eaa77718-5754-4734-b3cf-a779b607ee8f,2026-08-17T09:42:53.042000+00:00,window_aggregate,,,,,,,,,,2026-08-16T06:42:51.029000+00:00,2026-08-16T06:43:21.029000+00:00,,,,,,,,,,,,,,,,,,,,,,,,,,,,,,2026-08-17T09:42:53.042000+00:00,,,,,,,,,,,,,,,,,,,,,,,,,,,,,,,,,1.6903849572522918,0.6873079687795721,8.0,0.10612542709927508,0.06379695944725916,106.88560893598788,17.39075875091384,112.24278582842587,25.139141128051286,4.066867960939223,36209.82379514441,478.51239640433363,764.7353864419242,116.73977782836067
behavior_window,continuous,e92e7c09-c1b8-4f72-a7a8-f75077608d1b,9c0d9803-ed7b-44ca-a30f-1c3ff96c03b1,2026-08-17T09:42:53.044000+00:00,window_aggregate,,,,,,,,,,2026-08-17T01:42:51.029000+00:00,2026-08-17T01:43:21.029000+00:00,,,,,,,,,,,,,,,,,,,,,,,,,,,,,,2026-08-17T09:42:53.044000+00:00,,,,,,,,,,,,,,,,,,,,,,,,,,,,,,,,,1.5633126976231586,0.3473527818877923,9.0,0.3224392913216372,0.14579332517166932,92.63936992987027,28.20010784504633,85.51738138557384,17.342974418354427,5.64642349334148,34386.95352289023,443.96093318782385,545.519991163202,386.54142293422274
behavior_window,continuous,e92e7c09-c1b8-4f72-a7a8-f75077608d1b,9c0d9803-ed7b-44ca-a30f-1c3ff96c03b1,2026-08-17T09:42:53.044000+00:00,window_aggregate,,,,,,,,,,2026-08-17T01:42:51.029000+00:00,2026-08-17T01:43:21.029000+00:00,,,,,,,,,,,,,,,,,,,,,,,,,,,,,,2026-08-17T09:42:53.044000+00:00,,,,,,,,,,,,,,,,,,,,,,,,,,,,,,,,,1.5633126976231586,0.3473527818877923,9.0,0.3224392913216372,0.14579332517166932,92.63936992987027,28.20010784504633,85.51738138557384,17.342974418354427,5.64642349334148,34386.95352289023,443.96093318782385,545.519991163202,386.54142293422274
behavior_window,continuous,e92e7c09-c1b8-4f72-a7a8-f75077608d1b,9c0d9803-ed7b-44ca-a30f-1c3ff96c03b1,2026-08-17T09:42:53.044000+00:00,window_aggregate,,,,,,,,,,2026-08-17T01:42:51.029000+00:00,2026-08-17T01:43:21.029000+00:00,,,,,,,,,,,,,,,,,,,,,,,,,,,,,,2026-08-17T09:42:53.044000+00:00,,,,,,,,,,,,,,,,,,,,,,,,,,,,,,,,,1.5633126976231586,0.3473527818877923,9.0,0.3224392913216372,0.14579332517166932,92.63936992987027,28.20010784504633,85.51738138557384,17.342974418354427,5.64642349334148,34386.95352289023,443.96093318782385,545.519991163202,386.54142293422274
behavior_window,continuous,e92e7c09-c1b8-4f72-a7a8-f75077608d1b,024a219c-b4f9-4b79-9849-65b13577f642,2026-08-17T09:42:53.045000+00:00,window_aggregate,,,,,,,,,,2026-08-17T00:42:51.029000+00:00,2026-08-17T00:43:21.029000+00:00,,,,,,,,,,,,,,,,,,,,,,,,,,,,,,2026-08-17T09:42:53.045000+00:00,,,,,,,,,,,,,,,,,,,,,,,,,,,,,,,,,1.2765521018055777,0.23006909611774568,9.0,0.13063716217093405,0.054042110143412626,99.9148184913779,22.279394730006278,65.68081867212963,17.92401826543691,3.0874592885111283,7656.319718849344,462.8624337611935,1149.8673789219538,495.3345643016848
behavior_window,continuous,e92e7c09-c1b8-4f72-a7a8-f75077608d1b,024a219c-b4f9-4b79-9849-65b13577f642,2026-08-17T09:42:53.045000+00:00,window_aggregate,,,,,,,,,,2026-08-17T00:42:51.029000+00:00,2026-08-17T00:43:21.029000+00:00,,,,,,,,,,,,,,,,,,,,,,,,,,,,,,2026-08-17T09:42:53.045000+00:00,,,,,,,,,,,,,,,,,,,,,,,,,,,,,,,,,1.2765521018055777,0.23006909611774568,9.0,0.13063716217093405,0.054042110143412626,99.9148184913779,22.279394730006278,65.68081867212963,17.92401826543691,3.0874592885111283,7656.319718849344,462.8624337611935,1149.8673789219538,495.3345643016848
behavior_window,continuous,e92e7c09-c1b8-4f72-a7a8-f75077608d1b,024a219c-b4f9-4b79-9849-65b13577f642,2026-08-17T09:42:53.045000+00:00,window_aggregate,,,,,,,,,,2026-08-17T00:42:51.029000+00:00,2026-08-17T00:43:21.029000+00:00,,,,,,,,,,,,,,,,,,,,,,,,,,,,,,2026-08-17T09:42:53.045000+00:00,,,,,,,,,,,,,,,,,,,,,,,,,,,,,,,,,1.2765521018055777,0.23006909611774568,9.0,0.13063716217093405,0.054042110143412626,99.9148184913779,22.279394730006278,65.68081867212963,17.92401826543691,3.0874592885111283,7656.319718849344,462.8624337611935,1149.8673789219538,495.3345643016848
behavior_window,continuous,e92e7c09-c1b8-4f72-a7a8-f75077608d1b,024a219c-b4f9-4b79-9849-65b13577f642,2026-08-17T09:42:53.046000+00:00,window_aggregate,,,,,,,,,,2026-08-16T15:42:51.029000+00:00,2026-08-16T15:43:21.029000+00:00,,,,,,,,,,,,,,,,,,,,,,,,,,,,,,2026-08-17T09:42:53.046000+00:00,,,,,,,,,,,,,,,,,,,,,,,,,,,,,,,,,2.5363300748258832,0.6603891962541873,5.0,0.41584907402295845,0.1957860907281187,148.20244120882464,20.797011151835612,63.041452499654234,17.537970654476496,3.380300875012245,39331.4074834054,490.6652913084681,1422.9406904125894,475.21703126437455
behavior_window,continuous,e92e7c09-c1b8-4f72-a7a8-f75077608d1b,024a219c-b4f9-4b79-9849-65b13577f642,2026-08-17T09:42:53.046000+00:00,window_aggregate,,,,,,,,,,2026-08-16T15:42:51.029000+00:00,2026-08-16T15:43:21.029000+00:00,,,,,,,,,,,,,,,,,,,,,,,,,,,,,,2026-08-17T09:42:53.046000+00:00,,,,,,,,,,,,,,,,,,,,,,,,,,,,,,,,,2.5363300748258832,0.6603891962541873,5.0,0.41584907402295845,0.1957860907281187,148.20244120882464,20.797011151835612,63.041452499654234,17.537970654476496,3.380300875012245,39331.4074834054,490.6652913084681,1422.9406904125894,475.21703126437455
behavior_window,continuous,e92e7c09-c1b8-4f72-a7a8-f75077608d1b,024a219c-b4f9-4b79-9849-65b13577f642,2026-08-17T09:42:53.046000+00:00,window_aggregate,,,,,,,,,,2026-08-16T15:42:51.029000+00:00,2026-08-16T15:43:21.029000+00:00,,,,,,,,,,,,,,,,,,,,,,,,,,,,,,2026-08-17T09:42:53.046000+00:00,,,,,,,,,,,,,,,,,,,,,,,,,,,,,,,,,2.5363300748258832,0.6603891962541873,5.0,0.41584907402295845,0.1957860907281187,148.20244120882464,20.797011151835612,63.041452499654234,17.537970654476496,3.380300875012245,39331.4074834054,490.6652913084681,1422.9406904125894,475.21703126437455
behavior_window,continuous,e92e7c09-c1b8-4f72-a7a8-f75077608d1b,eaa77718-5754-4734-b3cf-a779b607ee8f,2026-08-17T09:42:53.042000+00:00,window_aggregate,,,,,,,,,,2026-08-14T12:42:51.029000+00:00,2026-08-14T12:43:21.029000+00:00,,,,,,,,,,,,,,,,,,,,,,,,,,,,,,2026-08-17T09:42:53.042000+00:00,,,,,,,,,,,,,,,,,,,,,,,,,,,,,,,,,0.9067568085488721,0.9456277785139489,2.0,0.2509728411944929,0.1431237252409257,90.98254122667592,24.084040169564155,115.91511794281041,10.784588563417076,4.881294401229697,13716.110790953884,356.1601702169395,504.6246212266158,183.52968480757914
behavior_window,continuous,e92e7c09-c1b8-4f72-a7a8-f75077608d1b,eaa77718-5754-4734-b3cf-a779b607ee8f,2026-08-17T09:42:53.042000+00:00,window_aggregate,,,,,,,,,,2026-08-14T12:42:51.029000+00:00,2026-08-14T12:43:21.029000+00:00,,,,,,,,,,,,,,,,,,,,,,,,,,,,,,2026-08-17T09:42:53.042000+00:00,,,,,,,,,,,,,,,,,,,,,,,,,,,,,,,,,0.9067568085488721,0.9456277785139489,2.0,0.2509728411944929,0.1431237252409257,90.98254122667592,24.084040169564155,115.91511794281041,10.784588563417076,4.881294401229697,13716.110790953884,356.1601702169395,504.6246212266158,183.52968480757914
behavior_window,continuous,e92e7c09-c1b8-4f72-a7a8-f75077608d1b,eaa77718-5754-4734-b3cf-a779b607ee8f,2026-08-17T09:42:53.042000+00:00,window_aggregate,,,,,,,,,,2026-08-14T12:42:51.029000+00:00,2026-08-14T12:43:21.029000+00:00,,,,,,,,,,,,,,,,,,,,,,,,,,,,,,2026-08-17T09:42:53.042000+00:00,,,,,,,,,,,,,,,,,,,,,,,,,,,,,,,,,0.9067568085488721,0.9456277785139489,2.0,0.2509728411944929,0.1431237252409257,90.98254122667592,24.084040169564155,115.91511794281041,10.784588563417076,4.881294401229697,13716.110790953884,356.1601702169395,504.6246212266158,183.52968480757914
behavior_window,continuous,e92e7c09-c1b8-4f72-a7a8-f75077608d1b,39bd6af0-9893-459b-b1d7-4d8a06a62405,2026-08-17T09:42:53.043000+00:00,window_aggregate,,,,,,,,,,2026-08-14T19:42:51.029000+00:00,2026-08-14T19:43:21.029000+00:00,,,,,,,,,,,,,,,,,,,,,,,,,,,,,,2026-08-17T09:42:53.043000+00:00,,,,,,,,,,,,,,,,,,,,,,,,,,,,,,,,,1.4621945299790227,0.22044626436992554,5.0,0.11975749319856926,0.08916764151840667,103.15327016974237,19.305498701347723,59.61903911590737,9.533426783614164,3.3304816883908948,16631.646012100136,50.778028340684955,776.1915652197677,296.44135694597304
behavior_window,continuous,e92e7c09-c1b8-4f72-a7a8-f75077608d1b,39bd6af0-9893-459b-b1d7-4d8a06a62405,2026-08-17T09:42:53.043000+00:00,window_aggregate,,,,,,,,,,2026-08-14T19:42:51.029000+00:00,2026-08-14T19:43:21.029000+00:00,,,,,,,,,,,,,,,,,,,,,,,,,,,,,,2026-08-17T09:42:53.043000+00:00,,,,,,,,,,,,,,,,,,,,,,,,,,,,,,,,,1.4621945299790227,0.22044626436992554,5.0,0.11975749319856926,0.08916764151840667,103.15327016974237,19.305498701347723,59.61903911590737,9.533426783614164,3.3304816883908948,16631.646012100136,50.778028340684955,776.1915652197677,296.44135694597304
behavior_window,continuous,e92e7c09-c1b8-4f72-a7a8-f75077608d1b,39bd6af0-9893-459b-b1d7-4d8a06a62405,2026-08-17T09:42:53.043000+00:00,window_aggregate,,,,,,,,,,2026-08-14T19:42:51.029000+00:00,2026-08-14T19:43:21.029000+00:00,,,,,,,,,,,,,,,,,,,,,,,,,,,,,,2026-08-17T09:42:53.043000+00:00,,,,,,,,,,,,,,,,,,,,,,,,,,,,,,,,,1.4621945299790227,0.22044626436992554,5.0,0.11975749319856926,0.08916764151840667,103.15327016974237,19.305498701347723,59.61903911590737,9.533426783614164,3.3304816883908948,16631.646012100136,50.778028340684955,776.1915652197677,296.44135694597304
behavior_window,continuous,e92e7c09-c1b8-4f72-a7a8-f75077608d1b,eaa77718-5754-4734-b3cf-a779b607ee8f,2026-08-17T09:42:53.042000+00:00,window_aggregate,,,,,,,,,,2026-08-14T13:42:51.029000+00:00,2026-08-14T13:43:21.029000+00:00,,,,,,,,,,,,,,,,,,,,,,,,,,,,,,2026-08-17T09:42:53.042000+00:00,,,,,,,,,,,,,,,,,,,,,,,,,,,,,,,,,1.6624314350483385,0.36279687869163046,3.0,0.19381544400124923,0.16081587487920634,121.24325458330017,17.443814507023436,58.51910691851435,20.209295606928656,5.441515793674693,16020.183036108803,347.0894339387737,741.3407531164826,463.76712757393625
behavior_window,continuous,e92e7c09-c1b8-4f72-a7a8-f75077608d1b,eaa77718-5754-4734-b3cf-a779b607ee8f,2026-08-17T09:42:53.042000+00:00,window_aggregate,,,,,,,,,,2026-08-14T13:42:51.029000+00:00,2026-08-14T13:43:21.029000+00:00,,,,,,,,,,,,,,,,,,,,,,,,,,,,,,2026-08-17T09:42:53.042000+00:00,,,,,,,,,,,,,,,,,,,,,,,,,,,,,,,,,1.6624314350483385,0.36279687869163046,3.0,0.19381544400124923,0.16081587487920634,121.24325458330017,17.443814507023436,58.51910691851435,20.209295606928656,5.441515793674693,16020.183036108803,347.0894339387737,741.3407531164826,463.76712757393625
behavior_window,continuous,e92e7c09-c1b8-4f72-a7a8-f75077608d1b,eaa77718-5754-4734-b3cf-a779b607ee8f,2026-08-17T09:42:53.042000+00:00,window_aggregate,,,,,,,,,,2026-08-14T13:42:51.029000+00:00,2026-08-14T13:43:21.029000+00:00,,,,,,,,,,,,,,,,,,,,,,,,,,,,,,2026-08-17T09:42:53.042000+00:00,,,,,,,,,,,,,,,,,,,,,,,,,,,,,,,,,1.6624314350483385,0.36279687869163046,3.0,0.19381544400124923,0.16081587487920634,121.24325458330017,17.443814507023436,58.51910691851435,20.209295606928656,5.441515793674693,16020.183036108803,347.0894339387737,741.3407531164826,463.76712757393625
behavior_window,continuous,e92e7c09-c1b8-4f72-a7a8-f75077608d1b,eaa77718-5754-4734-b3cf-a779b607ee8f,2026-08-17T09:42:53.042000+00:00,window_aggregate,,,,,,,,,,2026-08-15T13:42:51.029000+00:00,2026-08-15T13:43:21.029000+00:00,,,,,,,,,,,,,,,,,,,,,,,,,,,,,,2026-08-17T09:42:53.042000+00:00,,,,,,,,,,,,,,,,,,,,,,,,,,,,,,,,,0.9239412124923179,0.8852251913444692,6.0,0.3134131245552757,0.16826600586625368,123.5267265627533,20.762158946548382,52.377801852130624,24.60310349665443,4.036912284452799,47430.078647853086,34.669487815976176,1477.594823477169,119.05230766205023
behavior_window,continuous,e92e7c09-c1b8-4f72-a7a8-f75077608d1b,eaa77718-5754-4734-b3cf-a779b607ee8f,2026-08-17T09:42:53.042000+00:00,window_aggregate,,,,,,,,,,2026-08-15T13:42:51.029000+00:00,2026-08-15T13:43:21.029000+00:00,,,,,,,,,,,,,,,,,,,,,,,,,,,,,,2026-08-17T09:42:53.042000+00:00,,,,,,,,,,,,,,,,,,,,,,,,,,,,,,,,,0.9239412124923179,0.8852251913444692,6.0,0.3134131245552757,0.16826600586625368,123.5267265627533,20.762158946548382,52.377801852130624,24.60310349665443,4.036912284452799,47430.078647853086,34.669487815976176,1477.594823477169,119.05230766205023
behavior_window,continuous,e92e7c09-c1b8-4f72-a7a8-f75077608d1b,eaa77718-5754-4734-b3cf-a779b607ee8f,2026-08-17T09:42:53.042000+00:00,window_aggregate,,,,,,,,,,2026-08-15T13:42:51.029000+00:00,2026-08-15T13:43:21.029000+00:00,,,,,,,,,,,,,,,,,,,,,,,,,,,,,,2026-08-17T09:42:53.042000+00:00,,,,,,,,,,,,,,,,,,,,,,,,,,,,,,,,,0.9239412124923179,0.8852251913444692,6.0,0.3134131245552757,0.16826600586625368,123.5267265627533,20.762158946548382,52.377801852130624,24.60310349665443,4.036912284452799,47430.078647853086,34.669487815976176,1477.594823477169,119.05230766205023
behavior_window,continuous,e92e7c09-c1b8-4f72-a7a8-f75077608d1b,eaa77718-5754-4734-b3cf-a779b607ee8f,2026-08-17T09:42:53.042000+00:00,window_aggregate,,,,,,,,,,2026-08-15T04:42:51.029000+00:00,2026-08-15T04:43:21.029000+00:00,,,,,,,,,,,,,,,,,,,,,,,,,,,,,,2026-08-17T09:42:53.042000+00:00,,,,,,,,,,,,,,,,,,,,,,,,,,,,,,,,,1.2518841326470516,0.1127688027078558,3.0,0.221421345586038,0.10140488748257159,80.09285546135374,28.28574962478121,117.06991537329344,22.302627011296774,5.055513812882937,20247.15484399636,230.3676153414133,1410.911751977057,234.21470167105883
behavior_window,continuous,e92e7c09-c1b8-4f72-a7a8-f75077608d1b,eaa77718-5754-4734-b3cf-a779b607ee8f,2026-08-17T09:42:53.042000+00:00,window_aggregate,,,,,,,,,,2026-08-15T04:42:51.029000+00:00,2026-08-15T04:43:21.029000+00:00,,,,,,,,,,,,,,,,,,,,,,,,,,,,,,2026-08-17T09:42:53.042000+00:00,,,,,,,,,,,,,,,,,,,,,,,,,,,,,,,,,1.2518841326470516,0.1127688027078558,3.0,0.221421345586038,0.10140488748257159,80.09285546135374,28.28574962478121,117.06991537329344,22.302627011296774,5.055513812882937,20247.15484399636,230.3676153414133,1410.911751977057,234.21470167105883
behavior_window,continuous,e92e7c09-c1b8-4f72-a7a8-f75077608d1b,eaa77718-5754-4734-b3cf-a779b607ee8f,2026-08-17T09:42:53.042000+00:00,window_aggregate,,,,,,,,,,2026-08-15T04:42:51.029000+00:00,2026-08-15T04:43:21.029000+00:00,,,,,,,,,,,,,,,,,,,,,,,,,,,,,,2026-08-17T09:42:53.042000+00:00,,,,,,,,,,,,,,,,,,,,,,,,,,,,,,,,,1.2518841326470516,0.1127688027078558,3.0,0.221421345586038,0.10140488748257159,80.09285546135374,28.28574962478121,117.06991537329344,22.302627011296774,5.055513812882937,20247.15484399636,230.3676153414133,1410.911751977057,234.21470167105883
behavior_window,continuous,e92e7c09-c1b8-4f72-a7a8-f75077608d1b,eaa77718-5754-4734-b3cf-a779b607ee8f,2026-08-17T09:42:53.041000+00:00,window_aggregate,,,,,,,,,,2026-08-16T01:42:51.029000+00:00,2026-08-16T01:43:21.029000+00:00,,,,,,,,,,,,,,,,,,,,,,,,,,,,,,2026-08-17T09:42:53.041000+00:00,,,,,,,,,,,,,,,,,,,,,,,,,,,,,,,,,1.0900811321725488,0.27624763109289074,2.0,0.25584337342200447,0.07115519477606741,114.98117991110735,23.341851485265487,55.16249734802683,19.057684101650658,4.3167361471822,20637.210557453225,211.71271030455858,1143.2424701759405,462.075892538882
behavior_window,continuous,e92e7c09-c1b8-4f72-a7a8-f75077608d1b,eaa77718-5754-4734-b3cf-a779b607ee8f,2026-08-17T09:42:53.041000+00:00,window_aggregate,,,,,,,,,,2026-08-16T01:42:51.029000+00:00,2026-08-16T01:43:21.029000+00:00,,,,,,,,,,,,,,,,,,,,,,,,,,,,,,2026-08-17T09:42:53.041000+00:00,,,,,,,,,,,,,,,,,,,,,,,,,,,,,,,,,1.0900811321725488,0.27624763109289074,2.0,0.25584337342200447,0.07115519477606741,114.98117991110735,23.341851485265487,55.16249734802683,19.057684101650658,4.3167361471822,20637.210557453225,211.71271030455858,1143.2424701759405,462.075892538882
behavior_window,continuous,e92e7c09-c1b8-4f72-a7a8-f75077608d1b,eaa77718-5754-4734-b3cf-a779b607ee8f,2026-08-17T09:42:53.041000+00:00,window_aggregate,,,,,,,,,,2026-08-16T01:42:51.029000+00:00,2026-08-16T01:43:21.029000+00:00,,,,,,,,,,,,,,,,,,,,,,,,,,,,,,2026-08-17T09:42:53.041000+00:00,,,,,,,,,,,,,,,,,,,,,,,,,,,,,,,,,1.0900811321725488,0.27624763109289074,2.0,0.25584337342200447,0.07115519477606741,114.98117991110735,23.341851485265487,55.16249734802683,19.057684101650658,4.3167361471822,20637.210557453225,211.71271030455858,1143.2424701759405,462.075892538882
behavior_window,continuous,e92e7c09-c1b8-4f72-a7a8-f75077608d1b,eaa77718-5754-4734-b3cf-a779b607ee8f,2026-08-17T09:42:53.041000+00:00,window_aggregate,,,,,,,,,,2026-08-15T08:42:51.029000+00:00,2026-08-15T08:43:21.029000+00:00,,,,,,,,,,,,,,,,,,,,,,,,,,,,,,2026-08-17T09:42:53.041000+00:00,,,,,,,,,,,,,,,,,,,,,,,,,,,,,,,,,2.2426676677702218,0.18334748049371388,9.0,0.19087065418797403,0.1928809424030048,109.2150198455823,21.52346680877959,56.65970486117188,27.443316179143753,5.296657862886227,5858.074831823909,147.21349994223866,875.3002410772873,418.41508782586806
behavior_window,continuous,e92e7c09-c1b8-4f72-a7a8-f75077608d1b,eaa77718-5754-4734-b3cf-a779b607ee8f,2026-08-17T09:42:53.041000+00:00,window_aggregate,,,,,,,,,,2026-08-15T08:42:51.029000+00:00,2026-08-15T08:43:21.029000+00:00,,,,,,,,,,,,,,,,,,,,,,,,,,,,,,2026-08-17T09:42:53.041000+00:00,,,,,,,,,,,,,,,,,,,,,,,,,,,,,,,,,2.2426676677702218,0.18334748049371388,9.0,0.19087065418797403,0.1928809424030048,109.2150198455823,21.52346680877959,56.65970486117188,27.443316179143753,5.296657862886227,5858.074831823909,147.21349994223866,875.3002410772873,418.41508782586806
behavior_window,continuous,e92e7c09-c1b8-4f72-a7a8-f75077608d1b,eaa77718-5754-4734-b3cf-a779b607ee8f,2026-08-17T09:42:53.041000+00:00,window_aggregate,,,,,,,,,,2026-08-15T08:42:51.029000+00:00,2026-08-15T08:43:21.029000+00:00,,,,,,,,,,,,,,,,,,,,,,,,,,,,,,2026-08-17T09:42:53.041000+00:00,,,,,,,,,,,,,,,,,,,,,,,,,,,,,,,,,2.2426676677702218,0.18334748049371388,9.0,0.19087065418797403,0.1928809424030048,109.2150198455823,21.52346680877959,56.65970486117188,27.443316179143753,5.296657862886227,5858.074831823909,147.21349994223866,875.3002410772873,418.41508782586806
behavior_window,continuous,e92e7c09-c1b8-4f72-a7a8-f75077608d1b,024a219c-b4f9-4b79-9849-65b13577f642,2026-08-17T09:42:53.045000+00:00,window_aggregate,,,,,,,,,,2026-08-16T12:42:51.029000+00:00,2026-08-16T12:43:21.029000+00:00,,,,,,,,,,,,,,,,,,,,,,,,,,,,,,2026-08-17T09:42:53.045000+00:00,,,,,,,,,,,,,,,,,,,,,,,,,,,,,,,,,1.5303353273538876,0.24653741132614063,4.0,0.4334973665495251,0.056857082358794296,148.99929457916835,24.73721735397567,100.43012348306033,23.743478260876316,4.862020099680894,32556.43380106724,106.72116674679921,1069.2926628914802,412.6278380544662
behavior_window,continuous,e92e7c09-c1b8-4f72-a7a8-f75077608d1b,024a219c-b4f9-4b79-9849-65b13577f642,2026-08-17T09:42:53.045000+00:00,window_aggregate,,,,,,,,,,2026-08-16T12:42:51.029000+00:00,2026-08-16T12:43:21.029000+00:00,,,,,,,,,,,,,,,,,,,,,,,,,,,,,,2026-08-17T09:42:53.045000+00:00,,,,,,,,,,,,,,,,,,,,,,,,,,,,,,,,,1.5303353273538876,0.24653741132614063,4.0,0.4334973665495251,0.056857082358794296,148.99929457916835,24.73721735397567,100.43012348306033,23.743478260876316,4.862020099680894,32556.43380106724,106.72116674679921,1069.2926628914802,412.6278380544662
behavior_window,continuous,e92e7c09-c1b8-4f72-a7a8-f75077608d1b,024a219c-b4f9-4b79-9849-65b13577f642,2026-08-17T09:42:53.045000+00:00,window_aggregate,,,,,,,,,,2026-08-16T12:42:51.029000+00:00,2026-08-16T12:43:21.029000+00:00,,,,,,,,,,,,,,,,,,,,,,,,,,,,,,2026-08-17T09:42:53.045000+00:00,,,,,,,,,,,,,,,,,,,,,,,,,,,,,,,,,1.5303353273538876,0.24653741132614063,4.0,0.4334973665495251,0.056857082358794296,148.99929457916835,24.73721735397567,100.43012348306033,23.743478260876316,4.862020099680894,32556.43380106724,106.72116674679921,1069.2926628914802,412.6278380544662
behavior_window,continuous,e92e7c09-c1b8-4f72-a7a8-f75077608d1b,024a219c-b4f9-4b79-9849-65b13577f642,2026-08-17T09:42:53.046000+00:00,window_aggregate,,,,,,,,,,2026-08-15T08:42:51.029000+00:00,2026-08-15T08:43:21.029000+00:00,,,,,,,,,,,,,,,,,,,,,,,,,,,,,,2026-08-17T09:42:53.046000+00:00,,,,,,,,,,,,,,,,,,,,,,,,,,,,,,,,,0.7857342175482005,0.5107784188449725,9.0,0.4277293415205127,0.18816307641254088,106.00407445371805,16.54435417579286,102.59111895448258,5.041780393838023,5.2639675050038335,39028.6492921706,38.52837930059982,1290.2399719455716,270.29742199869463
behavior_window,continuous,e92e7c09-c1b8-4f72-a7a8-f75077608d1b,024a219c-b4f9-4b79-9849-65b13577f642,2026-08-17T09:42:53.046000+00:00,window_aggregate,,,,,,,,,,2026-08-15T08:42:51.029000+00:00,2026-08-15T08:43:21.029000+00:00,,,,,,,,,,,,,,,,,,,,,,,,,,,,,,2026-08-17T09:42:53.046000+00:00,,,,,,,,,,,,,,,,,,,,,,,,,,,,,,,,,0.7857342175482005,0.5107784188449725,9.0,0.4277293415205127,0.18816307641254088,106.00407445371805,16.54435417579286,102.59111895448258,5.041780393838023,5.2639675050038335,39028.6492921706,38.52837930059982,1290.2399719455716,270.29742199869463
behavior_window,continuous,e92e7c09-c1b8-4f72-a7a8-f75077608d1b,024a219c-b4f9-4b79-9849-65b13577f642,2026-08-17T09:42:53.046000+00:00,window_aggregate,,,,,,,,,,2026-08-15T08:42:51.029000+00:00,2026-08-15T08:43:21.029000+00:00,,,,,,,,,,,,,,,,,,,,,,,,,,,,,,2026-08-17T09:42:53.046000+00:00,,,,,,,,,,,,,,,,,,,,,,,,,,,,,,,,,0.7857342175482005,0.5107784188449725,9.0,0.4277293415205127,0.18816307641254088,106.00407445371805,16.54435417579286,102.59111895448258,5.041780393838023,5.2639675050038335,39028.6492921706,38.52837930059982,1290.2399719455716,270.29742199869463
behavior_window,continuous,e92e7c09-c1b8-4f72-a7a8-f75077608d1b,eaa77718-5754-4734-b3cf-a779b607ee8f,2026-08-17T09:42:53.042000+00:00,window_aggregate,,,,,,,,,,2026-08-15T21:42:51.029000+00:00,2026-08-15T21:43:21.029000+00:00,,,,,,,,,,,,,,,,,,,,,,,,,,,,,,2026-08-17T09:42:53.042000+00:00,,,,,,,,,,,,,,,,,,,,,,,,,,,,,,,,,1.2373666350222625,0.5121748349786003,1.0,0.38711378426659404,0.10682419836758036,87.05690228703529,10.526498140860486,70.89347741104356,27.110838076167635,4.388192950080856,25727.939415930792,263.04215551067347,768.6968816146143,280.00038854225545
behavior_window,continuous,e92e7c09-c1b8-4f72-a7a8-f75077608d1b,eaa77718-5754-4734-b3cf-a779b607ee8f,2026-08-17T09:42:53.042000+00:00,window_aggregate,,,,,,,,,,2026-08-15T21:42:51.029000+00:00,2026-08-15T21:43:21.029000+00:00,,,,,,,,,,,,,,,,,,,,,,,,,,,,,,2026-08-17T09:42:53.042000+00:00,,,,,,,,,,,,,,,,,,,,,,,,,,,,,,,,,1.2373666350222625,0.5121748349786003,1.0,0.38711378426659404,0.10682419836758036,87.05690228703529,10.526498140860486,70.89347741104356,27.110838076167635,4.388192950080856,25727.939415930792,263.04215551067347,768.6968816146143,280.00038854225545
behavior_window,continuous,e92e7c09-c1b8-4f72-a7a8-f75077608d1b,eaa77718-5754-4734-b3cf-a779b607ee8f,2026-08-17T09:42:53.042000+00:00,window_aggregate,,,,,,,,,,2026-08-15T21:42:51.029000+00:00,2026-08-15T21:43:21.029000+00:00,,,,,,,,,,,,,,,,,,,,,,,,,,,,,,2026-08-17T09:42:53.042000+00:00,,,,,,,,,,,,,,,,,,,,,,,,,,,,,,,,,1.2373666350222625,0.5121748349786003,1.0,0.38711378426659404,0.10682419836758036,87.05690228703529,10.526498140860486,70.89347741104356,27.110838076167635,4.388192950080856,25727.939415930792,263.04215551067347,768.6968816146143,280.00038854225545
behavior_window,continuous,e92e7c09-c1b8-4f72-a7a8-f75077608d1b,39bd6af0-9893-459b-b1d7-4d8a06a62405,2026-08-17T09:42:53.043000+00:00,window_aggregate,,,,,,,,,,2026-08-14T10:42:51.029000+00:00,2026-08-14T10:43:21.029000+00:00,,,,,,,,,,,,,,,,,,,,,,,,,,,,,,2026-08-17T09:42:53.043000+00:00,,,,,,,,,,,,,,,,,,,,,,,,,,,,,,,,,1.1841051940631648,0.9028818005445716,10.0,0.16126859804096136,0.14541524928905764,115.53338342131737,22.183413117269083,65.45012481290604,13.729898880320755,3.806297662028637,49998.817337163375,69.89445875319849,938.6773172616568,280.6497549251284
behavior_window,continuous,e92e7c09-c1b8-4f72-a7a8-f75077608d1b,39bd6af0-9893-459b-b1d7-4d8a06a62405,2026-08-17T09:42:53.043000+00:00,window_aggregate,,,,,,,,,,2026-08-14T10:42:51.029000+00:00,2026-08-14T10:43:21.029000+00:00,,,,,,,,,,,,,,,,,,,,,,,,,,,,,,2026-08-17T09:42:53.043000+00:00,,,,,,,,,,,,,,,,,,,,,,,,,,,,,,,,,1.1841051940631648,0.9028818005445716,10.0,0.16126859804096136,0.14541524928905764,115.53338342131737,22.183413117269083,65.45012481290604,13.729898880320755,3.806297662028637,49998.817337163375,69.89445875319849,938.6773172616568,280.6497549251284
behavior_window,continuous,e92e7c09-c1b8-4f72-a7a8-f75077608d1b,39bd6af0-9893-459b-b1d7-4d8a06a62405,2026-08-17T09:42:53.043000+00:00,window_aggregate,,,,,,,,,,2026-08-14T10:42:51.029000+00:00,2026-08-14T10:43:21.029000+00:00,,,,,,,,,,,,,,,,,,,,,,,,,,,,,,2026-08-17T09:42:53.043000+00:00,,,,,,,,,,,,,,,,,,,,,,,,,,,,,,,,,1.1841051940631648,0.9028818005445716,10.0,0.16126859804096136,0.14541524928905764,115.53338342131737,22.183413117269083,65.45012481290604,13.729898880320755,3.806297662028637,49998.817337163375,69.89445875319849,938.6773172616568,280.6497549251284
behavior_window,continuous,e92e7c09-c1b8-4f72-a7a8-f75077608d1b,9c0d9803-ed7b-44ca-a30f-1c3ff96c03b1,2026-08-17T09:42:53.044000+00:00,window_aggregate,,,,,,,,,,2026-08-15T07:42:51.029000+00:00,2026-08-15T07:43:21.029000+00:00,,,,,,,,,,,,,,,,,,,,,,,,,,,,,,2026-08-17T09:42:53.044000+00:00,,,,,,,,,,,,,,,,,,,,,,,,,,,,,,,,,0.7948748036381679,0.4266592796364128,4.0,0.19039108173630515,0.11014808024203816,144.74405838785754,33.6299995088951,110.30114755628004,5.976113786609353,5.927007428756716,6506.191602143531,29.15268509033786,1474.6076540779995,424.9162714590788
behavior_window,continuous,e92e7c09-c1b8-4f72-a7a8-f75077608d1b,9c0d9803-ed7b-44ca-a30f-1c3ff96c03b1,2026-08-17T09:42:53.044000+00:00,window_aggregate,,,,,,,,,,2026-08-15T07:42:51.029000+00:00,2026-08-15T07:43:21.029000+00:00,,,,,,,,,,,,,,,,,,,,,,,,,,,,,,2026-08-17T09:42:53.044000+00:00,,,,,,,,,,,,,,,,,,,,,,,,,,,,,,,,,0.7948748036381679,0.4266592796364128,4.0,0.19039108173630515,0.11014808024203816,144.74405838785754,33.6299995088951,110.30114755628004,5.976113786609353,5.927007428756716,6506.191602143531,29.15268509033786,1474.6076540779995,424.9162714590788
behavior_window,continuous,e92e7c09-c1b8-4f72-a7a8-f75077608d1b,9c0d9803-ed7b-44ca-a30f-1c3ff96c03b1,2026-08-17T09:42:53.044000+00:00,window_aggregate,,,,,,,,,,2026-08-15T07:42:51.029000+00:00,2026-08-15T07:43:21.029000+00:00,,,,,,,,,,,,,,,,,,,,,,,,,,,,,,2026-08-17T09:42:53.044000+00:00,,,,,,,,,,,,,,,,,,,,,,,,,,,,,,,,,0.7948748036381679,0.4266592796364128,4.0,0.19039108173630515,0.11014808024203816,144.74405838785754,33.6299995088951,110.30114755628004,5.976113786609353,5.927007428756716,6506.191602143531,29.15268509033786,1474.6076540779995,424.9162714590788
behavior_window,continuous,e92e7c09-c1b8-4f72-a7a8-f75077608d1b,eaa77718-5754-4734-b3cf-a779b607ee8f,2026-08-17T09:42:53.042000+00:00,window_aggregate,,,,,,,,,,2026-08-16T12:42:51.029000+00:00,2026-08-16T12:43:21.029000+00:00,,,,,,,,,,,,,,,,,,,,,,,,,,,,,,2026-08-17T09:42:53.042000+00:00,,,,,,,,,,,,,,,,,,,,,,,,,,,,,,,,,2.309450934502171,0.7480528648873518,6.0,0.3277132499589782,0.06308113420797255,146.38843896333688,30.008272072755165,65.00019784142665,28.389233874098483,3.6133226631075726,1336.0112735418907,111.79610334351298,1459.0994861682775,426.9184607763414
behavior_window,continuous,e92e7c09-c1b8-4f72-a7a8-f75077608d1b,eaa77718-5754-4734-b3cf-a779b607ee8f,2026-08-17T09:42:53.042000+00:00,window_aggregate,,,,,,,,,,2026-08-16T12:42:51.029000+00:00,2026-08-16T12:43:21.029000+00:00,,,,,,,,,,,,,,,,,,,,,,,,,,,,,,2026-08-17T09:42:53.042000+00:00,,,,,,,,,,,,,,,,,,,,,,,,,,,,,,,,,2.309450934502171,0.7480528648873518,6.0,0.3277132499589782,0.06308113420797255,146.38843896333688,30.008272072755165,65.00019784142665,28.389233874098483,3.6133226631075726,1336.0112735418907,111.79610334351298,1459.0994861682775,426.9184607763414
behavior_window,continuous,e92e7c09-c1b8-4f72-a7a8-f75077608d1b,eaa77718-5754-4734-b3cf-a779b607ee8f,2026-08-17T09:42:53.042000+00:00,window_aggregate,,,,,,,,,,2026-08-16T12:42:51.029000+00:00,2026-08-16T12:43:21.029000+00:00,,,,,,,,,,,,,,,,,,,,,,,,,,,,,,2026-08-17T09:42:53.042000+00:00,,,,,,,,,,,,,,,,,,,,,,,,,,,,,,,,,2.309450934502171,0.7480528648873518,6.0,0.3277132499589782,0.06308113420797255,146.38843896333688,30.008272072755165,65.00019784142665,28.389233874098483,3.6133226631075726,1336.0112735418907,111.79610334351298,1459.0994861682775,426.9184607763414
behavior_window,continuous,e92e7c09-c1b8-4f72-a7a8-f75077608d1b,39bd6af0-9893-459b-b1d7-4d8a06a62405,2026-08-17T09:42:53.043000+00:00,window_aggregate,,,,,,,,,,2026-08-15T12:42:51.029000+00:00,2026-08-15T12:43:21.029000+00:00,,,,,,,,,,,,,,,,,,,,,,,,,,,,,,2026-08-17T09:42:53.043000+00:00,,,,,,,,,,,,,,,,,,,,,,,,,,,,,,,,,2.3318533065550016,0.451056581588848,8.0,0.4548605199430984,0.06376975424968336,146.5564267365413,16.142941974139475,87.65495283936664,11.9764256081564,5.108737769321843,39742.59934411263,330.11743845133924,611.5419410472182,478.85118736422083
behavior_window,continuous,e92e7c09-c1b8-4f72-a7a8-f75077608d1b,39bd6af0-9893-459b-b1d7-4d8a06a62405,2026-08-17T09:42:53.043000+00:00,window_aggregate,,,,,,,,,,2026-08-15T12:42:51.029000+00:00,2026-08-15T12:43:21.029000+00:00,,,,,,,,,,,,,,,,,,,,,,,,,,,,,,2026-08-17T09:42:53.043000+00:00,,,,,,,,,,,,,,,,,,,,,,,,,,,,,,,,,2.3318533065550016,0.451056581588848,8.0,0.4548605199430984,0.06376975424968336,146.5564267365413,16.142941974139475,87.65495283936664,11.9764256081564,5.108737769321843,39742.59934411263,330.11743845133924,611.5419410472182,478.85118736422083
behavior_window,continuous,e92e7c09-c1b8-4f72-a7a8-f75077608d1b,39bd6af0-9893-459b-b1d7-4d8a06a62405,2026-08-17T09:42:53.043000+00:00,window_aggregate,,,,,,,,,,2026-08-15T12:42:51.029000+00:00,2026-08-15T12:43:21.029000+00:00,,,,,,,,,,,,,,,,,,,,,,,,,,,,,,2026-08-17T09:42:53.043000+00:00,,,,,,,,,,,,,,,,,,,,,,,,,,,,,,,,,2.3318533065550016,0.451056581588848,8.0,0.4548605199430984,0.06376975424968336,146.5564267365413,16.142941974139475,87.65495283936664,11.9764256081564,5.108737769321843,39742.59934411263,330.11743845133924,611.5419410472182,478.85118736422083
behavior_window,continuous,e92e7c09-c1b8-4f72-a7a8-f75077608d1b,39bd6af0-9893-459b-b1d7-4d8a06a62405,2026-08-17T09:42:53.043000+00:00,window_aggregate,,,,,,,,,,2026-08-15T17:42:51.029000+00:00,2026-08-15T17:43:21.029000+00:00,,,,,,,,,,,,,,,,,,,,,,,,,,,,,,2026-08-17T09:42:53.043000+00:00,,,,,,,,,,,,,,,,,,,,,,,,,,,,,,,,,0.971801375160093,0.5383176725084806,10.0,0.2547835914154442,0.092139594579049,147.99429461506367,18.083728546401925,71.53999831347116,27.471299204702376,3.8242774540893905,38882.39255805064,227.69981518730597,634.1133190885417,218.65849742221837
behavior_window,continuous,e92e7c09-c1b8-4f72-a7a8-f75077608d1b,39bd6af0-9893-459b-b1d7-4d8a06a62405,2026-08-17T09:42:53.043000+00:00,window_aggregate,,,,,,,,,,2026-08-15T17:42:51.029000+00:00,2026-08-15T17:43:21.029000+00:00,,,,,,,,,,,,,,,,,,,,,,,,,,,,,,2026-08-17T09:42:53.043000+00:00,,,,,,,,,,,,,,,,,,,,,,,,,,,,,,,,,0.971801375160093,0.5383176725084806,10.0,0.2547835914154442,0.092139594579049,147.99429461506367,18.083728546401925,71.53999831347116,27.471299204702376,3.8242774540893905,38882.39255805064,227.69981518730597,634.1133190885417,218.65849742221837
behavior_window,continuous,e92e7c09-c1b8-4f72-a7a8-f75077608d1b,39bd6af0-9893-459b-b1d7-4d8a06a62405,2026-08-17T09:42:53.043000+00:00,window_aggregate,,,,,,,,,,2026-08-15T17:42:51.029000+00:00,2026-08-15T17:43:21.029000+00:00,,,,,,,,,,,,,,,,,,,,,,,,,,,,,,2026-08-17T09:42:53.043000+00:00,,,,,,,,,,,,,,,,,,,,,,,,,,,,,,,,,0.971801375160093,0.5383176725084806,10.0,0.2547835914154442,0.092139594579049,147.99429461506367,18.083728546401925,71.53999831347116,27.471299204702376,3.8242774540893905,38882.39255805064,227.69981518730597,634.1133190885417,218.65849742221837
behavior_window,continuous,e92e7c09-c1b8-4f72-a7a8-f75077608d1b,39bd6af0-9893-459b-b1d7-4d8a06a62405,2026-08-17T09:42:53.043000+00:00,window_aggregate,,,,,,,,,,2026-08-15T13:42:51.029000+00:00,2026-08-15T13:43:21.029000+00:00,,,,,,,,,,,,,,,,,,,,,,,,,,,,,,2026-08-17T09:42:53.043000+00:00,,,,,,,,,,,,,,,,,,,,,,,,,,,,,,,,,1.2589482339699427,0.38257635380735144,8.0,0.22671715694023906,0.13149727353790824,133.3995118468153,21.290742979393904,100.42358840408596,8.416662551401123,4.368599404285671,12441.216709550024,433.39961446619196,1475.971132277552,437.11733398343506
behavior_window,continuous,e92e7c09-c1b8-4f72-a7a8-f75077608d1b,39bd6af0-9893-459b-b1d7-4d8a06a62405,2026-08-17T09:42:53.043000+00:00,window_aggregate,,,,,,,,,,2026-08-15T13:42:51.029000+00:00,2026-08-15T13:43:21.029000+00:00,,,,,,,,,,,,,,,,,,,,,,,,,,,,,,2026-08-17T09:42:53.043000+00:00,,,,,,,,,,,,,,,,,,,,,,,,,,,,,,,,,1.2589482339699427,0.38257635380735144,8.0,0.22671715694023906,0.13149727353790824,133.3995118468153,21.290742979393904,100.42358840408596,8.416662551401123,4.368599404285671,12441.216709550024,433.39961446619196,1475.971132277552,437.11733398343506
behavior_window,continuous,e92e7c09-c1b8-4f72-a7a8-f75077608d1b,39bd6af0-9893-459b-b1d7-4d8a06a62405,2026-08-17T09:42:53.043000+00:00,window_aggregate,,,,,,,,,,2026-08-15T13:42:51.029000+00:00,2026-08-15T13:43:21.029000+00:00,,,,,,,,,,,,,,,,,,,,,,,,,,,,,,2026-08-17T09:42:53.043000+00:00,,,,,,,,,,,,,,,,,,,,,,,,,,,,,,,,,1.2589482339699427,0.38257635380735144,8.0,0.22671715694023906,0.13149727353790824,133.3995118468153,21.290742979393904,100.42358840408596,8.416662551401123,4.368599404285671,12441.216709550024,433.39961446619196,1475.971132277552,437.11733398343506
behavior_window,continuous,e92e7c09-c1b8-4f72-a7a8-f75077608d1b,9c0d9803-ed7b-44ca-a30f-1c3ff96c03b1,2026-08-17T09:42:53.043000+00:00,window_aggregate,,,,,,,,,,2026-08-14T21:42:51.029000+00:00,2026-08-14T21:43:21.029000+00:00,,,,,,,,,,,,,,,,,,,,,,,,,,,,,,2026-08-17T09:42:53.043000+00:00,,,,,,,,,,,,,,,,,,,,,,,,,,,,,,,,,2.459151448309928,0.9196411096287648,9.0,0.4392812334017807,0.15384462241729643,108.1359380904409,31.638230715599587,94.74240024139021,20.480489294975655,5.220647733168032,42650.22719601987,281.2543917358198,622.1866499619057,131.85923114452973
behavior_window,continuous,e92e7c09-c1b8-4f72-a7a8-f75077608d1b,9c0d9803-ed7b-44ca-a30f-1c3ff96c03b1,2026-08-17T09:42:53.043000+00:00,window_aggregate,,,,,,,,,,2026-08-14T21:42:51.029000+00:00,2026-08-14T21:43:21.029000+00:00,,,,,,,,,,,,,,,,,,,,,,,,,,,,,,2026-08-17T09:42:53.043000+00:00,,,,,,,,,,,,,,,,,,,,,,,,,,,,,,,,,2.459151448309928,0.9196411096287648,9.0,0.4392812334017807,0.15384462241729643,108.1359380904409,31.638230715599587,94.74240024139021,20.480489294975655,5.220647733168032,42650.22719601987,281.2543917358198,622.1866499619057,131.85923114452973
behavior_window,continuous,e92e7c09-c1b8-4f72-a7a8-f75077608d1b,9c0d9803-ed7b-44ca-a30f-1c3ff96c03b1,2026-08-17T09:42:53.043000+00:00,window_aggregate,,,,,,,,,,2026-08-14T21:42:51.029000+00:00,2026-08-14T21:43:21.029000+00:00,,,,,,,,,,,,,,,,,,,,,,,,,,,,,,2026-08-17T09:42:53.043000+00:00,,,,,,,,,,,,,,,,,,,,,,,,,,,,,,,,,2.459151448309928,0.9196411096287648,9.0,0.4392812334017807,0.15384462241729643,108.1359380904409,31.638230715599587,94.74240024139021,20.480489294975655,5.220647733168032,42650.22719601987,281.2543917358198,622.1866499619057,131.85923114452973
behavior_window,continuous,e92e7c09-c1b8-4f72-a7a8-f75077608d1b,9c0d9803-ed7b-44ca-a30f-1c3ff96c03b1,2026-08-17T09:42:53.044000+00:00,window_aggregate,,,,,,,,,,2026-08-16T07:42:51.029000+00:00,2026-08-16T07:43:21.029000+00:00,,,,,,,,,,,,,,,,,,,,,,,,,,,,,,2026-08-17T09:42:53.044000+00:00,,,,,,,,,,,,,,,,,,,,,,,,,,,,,,,,,1.7804712532496185,0.4916290783854357,8.0,0.21912629014354842,0.11189266298309666,85.8213973901208,14.476881968431897,89.47601248503045,12.869946823240292,5.42919413961113,35966.247083517745,80.73408231355073,1472.612829509254,184.73731459791475
behavior_window,continuous,e92e7c09-c1b8-4f72-a7a8-f75077608d1b,9c0d9803-ed7b-44ca-a30f-1c3ff96c03b1,2026-08-17T09:42:53.044000+00:00,window_aggregate,,,,,,,,,,2026-08-16T07:42:51.029000+00:00,2026-08-16T07:43:21.029000+00:00,,,,,,,,,,,,,,,,,,,,,,,,,,,,,,2026-08-17T09:42:53.044000+00:00,,,,,,,,,,,,,,,,,,,,,,,,,,,,,,,,,1.7804712532496185,0.4916290783854357,8.0,0.21912629014354842,0.11189266298309666,85.8213973901208,14.476881968431897,89.47601248503045,12.869946823240292,5.42919413961113,35966.247083517745,80.73408231355073,1472.612829509254,184.73731459791475
behavior_window,continuous,e92e7c09-c1b8-4f72-a7a8-f75077608d1b,9c0d9803-ed7b-44ca-a30f-1c3ff96c03b1,2026-08-17T09:42:53.044000+00:00,window_aggregate,,,,,,,,,,2026-08-16T07:42:51.029000+00:00,2026-08-16T07:43:21.029000+00:00,,,,,,,,,,,,,,,,,,,,,,,,,,,,,,2026-08-17T09:42:53.044000+00:00,,,,,,,,,,,,,,,,,,,,,,,,,,,,,,,,,1.7804712532496185,0.4916290783854357,8.0,0.21912629014354842,0.11189266298309666,85.8213973901208,14.476881968431897,89.47601248503045,12.869946823240292,5.42919413961113,35966.247083517745,80.73408231355073,1472.612829509254,184.73731459791475
behavior_window,continuous,e92e7c09-c1b8-4f72-a7a8-f75077608d1b,a90f9b8d-c3f1-4748-99d5-cc782623de81,2026-08-17T09:42:53.044000+00:00,window_aggregate,,,,,,,,,,2026-08-16T08:42:51.029000+00:00,2026-08-16T08:43:21.029000+00:00,,,,,,,,,,,,,,,,,,,,,,,,,,,,,,2026-08-17T09:42:53.044000+00:00,,,,,,,,,,,,,,,,,,,,,,,,,,,,,,,,,2.97007450051753,0.5479580338161048,1.0,0.16529006448607286,0.10380330801519345,92.18856284837031,20.896415009286578,84.61855479893461,26.77893095535697,3.4072498108421114,7382.3907249826425,120.55360286778021,929.4921675515159,117.02498268516749
behavior_window,continuous,e92e7c09-c1b8-4f72-a7a8-f75077608d1b,a90f9b8d-c3f1-4748-99d5-cc782623de81,2026-08-17T09:42:53.044000+00:00,window_aggregate,,,,,,,,,,2026-08-16T08:42:51.029000+00:00,2026-08-16T08:43:21.029000+00:00,,,,,,,,,,,,,,,,,,,,,,,,,,,,,,2026-08-17T09:42:53.044000+00:00,,,,,,,,,,,,,,,,,,,,,,,,,,,,,,,,,2.97007450051753,0.5479580338161048,1.0,0.16529006448607286,0.10380330801519345,92.18856284837031,20.896415009286578,84.61855479893461,26.77893095535697,3.4072498108421114,7382.3907249826425,120.55360286778021,929.4921675515159,117.02498268516749
behavior_window,continuous,e92e7c09-c1b8-4f72-a7a8-f75077608d1b,a90f9b8d-c3f1-4748-99d5-cc782623de81,2026-08-17T09:42:53.044000+00:00,window_aggregate,,,,,,,,,,2026-08-16T08:42:51.029000+00:00,2026-08-16T08:43:21.029000+00:00,,,,,,,,,,,,,,,,,,,,,,,,,,,,,,2026-08-17T09:42:53.044000+00:00,,,,,,,,,,,,,,,,,,,,,,,,,,,,,,,,,2.97007450051753,0.5479580338161048,1.0,0.16529006448607286,0.10380330801519345,92.18856284837031,20.896415009286578,84.61855479893461,26.77893095535697,3.4072498108421114,7382.3907249826425,120.55360286778021,929.4921675515159,117.02498268516749
behavior_window,continuous,e92e7c09-c1b8-4f72-a7a8-f75077608d1b,a90f9b8d-c3f1-4748-99d5-cc782623de81,2026-08-17T09:42:53.045000+00:00,window_aggregate,,,,,,,,,,2026-08-16T20:42:51.029000+00:00,2026-08-16T20:43:21.029000+00:00,,,,,,,,,,,,,,,,,,,,,,,,,,,,,,2026-08-17T09:42:53.045000+00:00,,,,,,,,,,,,,,,,,,,,,,,,,,,,,,,,,1.9849093539956428,0.6906672699573596,2.0,0.45807560441573203,0.0851187344060732,145.03016230705794,39.019021648128245,100.89484534531286,21.959662301628207,3.639435030290339,26753.99421236279,267.8342199324061,547.5139096543078,209.6597652773818
behavior_window,continuous,e92e7c09-c1b8-4f72-a7a8-f75077608d1b,a90f9b8d-c3f1-4748-99d5-cc782623de81,2026-08-17T09:42:53.045000+00:00,window_aggregate,,,,,,,,,,2026-08-16T20:42:51.029000+00:00,2026-08-16T20:43:21.029000+00:00,,,,,,,,,,,,,,,,,,,,,,,,,,,,,,2026-08-17T09:42:53.045000+00:00,,,,,,,,,,,,,,,,,,,,,,,,,,,,,,,,,1.9849093539956428,0.6906672699573596,2.0,0.45807560441573203,0.0851187344060732,145.03016230705794,39.019021648128245,100.89484534531286,21.959662301628207,3.639435030290339,26753.99421236279,267.8342199324061,547.5139096543078,209.6597652773818
behavior_window,continuous,e92e7c09-c1b8-4f72-a7a8-f75077608d1b,a90f9b8d-c3f1-4748-99d5-cc782623de81,2026-08-17T09:42:53.045000+00:00,window_aggregate,,,,,,,,,,2026-08-16T20:42:51.029000+00:00,2026-08-16T20:43:21.029000+00:00,,,,,,,,,,,,,,,,,,,,,,,,,,,,,,2026-08-17T09:42:53.045000+00:00,,,,,,,,,,,,,,,,,,,,,,,,,,,,,,,,,1.9849093539956428,0.6906672699573596,2.0,0.45807560441573203,0.0851187344060732,145.03016230705794,39.019021648128245,100.89484534531286,21.959662301628207,3.639435030290339,26753.99421236279,267.8342199324061,547.5139096543078,209.6597652773818
behavior_window,continuous,e92e7c09-c1b8-4f72-a7a8-f75077608d1b,a90f9b8d-c3f1-4748-99d5-cc782623de81,2026-08-17T09:42:53.045000+00:00,window_aggregate,,,,,,,,,,2026-08-17T02:42:51.029000+00:00,2026-08-17T02:43:21.029000+00:00,,,,,,,,,,,,,,,,,,,,,,,,,,,,,,2026-08-17T09:42:53.045000+00:00,,,,,,,,,,,,,,,,,,,,,,,,,,,,,,,,,0.9637702269423688,0.2527196920796785,9.0,0.3203802632959863,0.13441763765268583,140.69973444538437,28.253776481888124,83.41214007748383,18.86510715226278,3.5052991983258943,35231.39456869222,419.76826874479593,1433.6811981036062,422.99184338313125
behavior_window,continuous,e92e7c09-c1b8-4f72-a7a8-f75077608d1b,a90f9b8d-c3f1-4748-99d5-cc782623de81,2026-08-17T09:42:53.045000+00:00,window_aggregate,,,,,,,,,,2026-08-17T02:42:51.029000+00:00,2026-08-17T02:43:21.029000+00:00,,,,,,,,,,,,,,,,,,,,,,,,,,,,,,2026-08-17T09:42:53.045000+00:00,,,,,,,,,,,,,,,,,,,,,,,,,,,,,,,,,0.9637702269423688,0.2527196920796785,9.0,0.3203802632959863,0.13441763765268583,140.69973444538437,28.253776481888124,83.41214007748383,18.86510715226278,3.5052991983258943,35231.39456869222,419.76826874479593,1433.6811981036062,422.99184338313125
behavior_window,continuous,e92e7c09-c1b8-4f72-a7a8-f75077608d1b,a90f9b8d-c3f1-4748-99d5-cc782623de81,2026-08-17T09:42:53.045000+00:00,window_aggregate,,,,,,,,,,2026-08-17T02:42:51.029000+00:00,2026-08-17T02:43:21.029000+00:00,,,,,,,,,,,,,,,,,,,,,,,,,,,,,,2026-08-17T09:42:53.045000+00:00,,,,,,,,,,,,,,,,,,,,,,,,,,,,,,,,,0.9637702269423688,0.2527196920796785,9.0,0.3203802632959863,0.13441763765268583,140.69973444538437,28.253776481888124,83.41214007748383,18.86510715226278,3.5052991983258943,35231.39456869222,419.76826874479593,1433.6811981036062,422.99184338313125
behavior_window,continuous,e92e7c09-c1b8-4f72-a7a8-f75077608d1b,024a219c-b4f9-4b79-9849-65b13577f642,2026-08-17T09:42:53.045000+00:00,window_aggregate,,,,,,,,,,2026-08-16T09:42:51.029000+00:00,2026-08-16T09:43:21.029000+00:00,,,,,,,,,,,,,,,,,,,,,,,,,,,,,,2026-08-17T09:42:53.045000+00:00,,,,,,,,,,,,,,,,,,,,,,,,,,,,,,,,,2.9557153936262237,0.9172583290965813,10.0,0.389596603763645,0.1179720508674238,143.76066269479895,12.864049564800464,70.39207508901832,19.299098324482635,5.238364445823539,10775.563600108753,140.58289407803974,1285.1888789994096,210.05071676693402
behavior_window,continuous,e92e7c09-c1b8-4f72-a7a8-f75077608d1b,024a219c-b4f9-4b79-9849-65b13577f642,2026-08-17T09:42:53.045000+00:00,window_aggregate,,,,,,,,,,2026-08-16T09:42:51.029000+00:00,2026-08-16T09:43:21.029000+00:00,,,,,,,,,,,,,,,,,,,,,,,,,,,,,,2026-08-17T09:42:53.045000+00:00,,,,,,,,,,,,,,,,,,,,,,,,,,,,,,,,,2.9557153936262237,0.9172583290965813,10.0,0.389596603763645,0.1179720508674238,143.76066269479895,12.864049564800464,70.39207508901832,19.299098324482635,5.238364445823539,10775.563600108753,140.58289407803974,1285.1888789994096,210.05071676693402
behavior_window,continuous,e92e7c09-c1b8-4f72-a7a8-f75077608d1b,024a219c-b4f9-4b79-9849-65b13577f642,2026-08-17T09:42:53.045000+00:00,window_aggregate,,,,,,,,,,2026-08-16T09:42:51.029000+00:00,2026-08-16T09:43:21.029000+00:00,,,,,,,,,,,,,,,,,,,,,,,,,,,,,,2026-08-17T09:42:53.045000+00:00,,,,,,,,,,,,,,,,,,,,,,,,,,,,,,,,,2.9557153936262237,0.9172583290965813,10.0,0.389596603763645,0.1179720508674238,143.76066269479895,12.864049564800464,70.39207508901832,19.299098324482635,5.238364445823539,10775.563600108753,140.58289407803974,1285.1888789994096,210.05071676693402
behavior_window,continuous,e92e7c09-c1b8-4f72-a7a8-f75077608d1b,ee98be6a-039b-4299-8c10-326d03c2af79,2026-08-17T09:52:56.775000+00:00,window_aggregate,,,,,,,,,,2026-08-16T01:52:54.742000+00:00,2026-08-16T01:53:24.742000+00:00,,,,,,,,,,,,,,,,,,,,,,,,,,,,,,2026-08-17T09:52:56.775000+00:00,,,,,,,,,,,,,,,,,,,,,,,,,,,,,,,,,0.6359415346963797,0.3296528557005739,10.0,0.22482247388604995,0.13661181956116716,88.89745045849571,32.145993436386014,99.91740011354628,19.09725631495164,3.8796677552020333,10297.664851649632,1.8673895663330886,705.6629039703462,242.07868876960012
behavior_window,continuous,e92e7c09-c1b8-4f72-a7a8-f75077608d1b,ee98be6a-039b-4299-8c10-326d03c2af79,2026-08-17T09:52:56.775000+00:00,window_aggregate,,,,,,,,,,2026-08-16T01:52:54.742000+00:00,2026-08-16T01:53:24.742000+00:00,,,,,,,,,,,,,,,,,,,,,,,,,,,,,,2026-08-17T09:52:56.775000+00:00,,,,,,,,,,,,,,,,,,,,,,,,,,,,,,,,,0.6359415346963797,0.3296528557005739,10.0,0.22482247388604995,0.13661181956116716,88.89745045849571,32.145993436386014,99.91740011354628,19.09725631495164,3.8796677552020333,10297.664851649632,1.8673895663330886,705.6629039703462,242.07868876960012
behavior_window,continuous,e92e7c09-c1b8-4f72-a7a8-f75077608d1b,ee98be6a-039b-4299-8c10-326d03c2af79,2026-08-17T09:52:56.775000+00:00,window_aggregate,,,,,,,,,,2026-08-16T01:52:54.742000+00:00,2026-08-16T01:53:24.742000+00:00,,,,,,,,,,,,,,,,,,,,,,,,,,,,,,2026-08-17T09:52:56.775000+00:00,,,,,,,,,,,,,,,,,,,,,,,,,,,,,,,,,0.6359415346963797,0.3296528557005739,10.0,0.22482247388604995,0.13661181956116716,88.89745045849571,32.145993436386014,99.91740011354628,19.09725631495164,3.8796677552020333,10297.664851649632,1.8673895663330886,705.6629039703462,242.07868876960012
behavior_window,continuous,e92e7c09-c1b8-4f72-a7a8-f75077608d1b,e4d349cb-5353-4fcf-a3bd-bd5cd405127b,2026-08-17T09:52:56.776000+00:00,window_aggregate,,,,,,,,,,2026-08-17T03:52:54.742000+00:00,2026-08-17T03:53:24.742000+00:00,,,,,,,,,,,,,,,,,,,,,,,,,,,,,,2026-08-17T09:52:56.776000+00:00,,,,,,,,,,,,,,,,,,,,,,,,,,,,,,,,,2.6218696292659085,0.3968086528223027,3.0,0.4561817527329436,0.1460135363054174,119.07503951530967,32.76665923405161,86.03400593439147,6.495312537229346,3.587812477350042,38648.35559319455,132.2886085509387,948.090635271811,468.001339607501
behavior_window,continuous,e92e7c09-c1b8-4f72-a7a8-f75077608d1b,e4d349cb-5353-4fcf-a3bd-bd5cd405127b,2026-08-17T09:52:56.776000+00:00,window_aggregate,,,,,,,,,,2026-08-17T03:52:54.742000+00:00,2026-08-17T03:53:24.742000+00:00,,,,,,,,,,,,,,,,,,,,,,,,,,,,,,2026-08-17T09:52:56.776000+00:00,,,,,,,,,,,,,,,,,,,,,,,,,,,,,,,,,2.6218696292659085,0.3968086528223027,3.0,0.4561817527329436,0.1460135363054174,119.07503951530967,32.76665923405161,86.03400593439147,6.495312537229346,3.587812477350042,38648.35559319455,132.2886085509387,948.090635271811,468.001339607501
behavior_window,continuous,e92e7c09-c1b8-4f72-a7a8-f75077608d1b,e4d349cb-5353-4fcf-a3bd-bd5cd405127b,2026-08-17T09:52:56.776000+00:00,window_aggregate,,,,,,,,,,2026-08-17T03:52:54.742000+00:00,2026-08-17T03:53:24.742000+00:00,,,,,,,,,,,,,,,,,,,,,,,,,,,,,,2026-08-17T09:52:56.776000+00:00,,,,,,,,,,,,,,,,,,,,,,,,,,,,,,,,,2.6218696292659085,0.3968086528223027,3.0,0.4561817527329436,0.1460135363054174,119.07503951530967,32.76665923405161,86.03400593439147,6.495312537229346,3.587812477350042,38648.35559319455,132.2886085509387,948.090635271811,468.001339607501
behavior_window,continuous,e92e7c09-c1b8-4f72-a7a8-f75077608d1b,ee98be6a-039b-4299-8c10-326d03c2af79,2026-08-17T09:52:56.776000+00:00,window_aggregate,,,,,,,,,,2026-08-16T12:52:54.742000+00:00,2026-08-16T12:53:24.742000+00:00,,,,,,,,,,,,,,,,,,,,,,,,,,,,,,2026-08-17T09:52:56.776000+00:00,,,,,,,,,,,,,,,,,,,,,,,,,,,,,,,,,2.309450934502171,0.7480528648873518,6.0,0.3277132499589782,0.06308113420797255,146.38843896333688,30.008272072755165,65.00019784142665,28.389233874098483,3.6133226631075726,1336.0112735418907,111.79610334351298,1459.0994861682775,426.9184607763414
behavior_window,continuous,e92e7c09-c1b8-4f72-a7a8-f75077608d1b,ee98be6a-039b-4299-8c10-326d03c2af79,2026-08-17T09:52:56.776000+00:00,window_aggregate,,,,,,,,,,2026-08-16T12:52:54.742000+00:00,2026-08-16T12:53:24.742000+00:00,,,,,,,,,,,,,,,,,,,,,,,,,,,,,,2026-08-17T09:52:56.776000+00:00,,,,,,,,,,,,,,,,,,,,,,,,,,,,,,,,,2.309450934502171,0.7480528648873518,6.0,0.3277132499589782,0.06308113420797255,146.38843896333688,30.008272072755165,65.00019784142665,28.389233874098483,3.6133226631075726,1336.0112735418907,111.79610334351298,1459.0994861682775,426.9184607763414
behavior_window,continuous,e92e7c09-c1b8-4f72-a7a8-f75077608d1b,ee98be6a-039b-4299-8c10-326d03c2af79,2026-08-17T09:52:56.776000+00:00,window_aggregate,,,,,,,,,,2026-08-16T12:52:54.742000+00:00,2026-08-16T12:53:24.742000+00:00,,,,,,,,,,,,,,,,,,,,,,,,,,,,,,2026-08-17T09:52:56.776000+00:00,,,,,,,,,,,,,,,,,,,,,,,,,,,,,,,,,2.309450934502171,0.7480528648873518,6.0,0.3277132499589782,0.06308113420797255,146.38843896333688,30.008272072755165,65.00019784142665,28.389233874098483,3.6133226631075726,1336.0112735418907,111.79610334351298,1459.0994861682775,426.9184607763414
behavior_window,continuous,e92e7c09-c1b8-4f72-a7a8-f75077608d1b,ee98be6a-039b-4299-8c10-326d03c2af79,2026-08-17T09:52:56.776000+00:00,window_aggregate,,,,,,,,,,2026-08-16T13:52:54.742000+00:00,2026-08-16T13:53:24.742000+00:00,,,,,,,,,,,,,,,,,,,,,,,,,,,,,,2026-08-17T09:52:56.776000+00:00,,,,,,,,,,,,,,,,,,,,,,,,,,,,,,,,,0.6939667985429074,0.5357841006973971,10.0,0.4055042279778516,0.0754716722449444,116.73464945535412,34.81849347870341,111.81594976060377,5.3441751341096335,4.8042177728023105,2331.5352053090633,198.10884862765766,1343.9884896853287,364.05424594227884
behavior_window,continuous,e92e7c09-c1b8-4f72-a7a8-f75077608d1b,ee98be6a-039b-4299-8c10-326d03c2af79,2026-08-17T09:52:56.776000+00:00,window_aggregate,,,,,,,,,,2026-08-16T13:52:54.742000+00:00,2026-08-16T13:53:24.742000+00:00,,,,,,,,,,,,,,,,,,,,,,,,,,,,,,2026-08-17T09:52:56.776000+00:00,,,,,,,,,,,,,,,,,,,,,,,,,,,,,,,,,0.6939667985429074,0.5357841006973971,10.0,0.4055042279778516,0.0754716722449444,116.73464945535412,34.81849347870341,111.81594976060377,5.3441751341096335,4.8042177728023105,2331.5352053090633,198.10884862765766,1343.9884896853287,364.05424594227884
behavior_window,continuous,e92e7c09-c1b8-4f72-a7a8-f75077608d1b,ee98be6a-039b-4299-8c10-326d03c2af79,2026-08-17T09:52:56.776000+00:00,window_aggregate,,,,,,,,,,2026-08-16T13:52:54.742000+00:00,2026-08-16T13:53:24.742000+00:00,,,,,,,,,,,,,,,,,,,,,,,,,,,,,,2026-08-17T09:52:56.776000+00:00,,,,,,,,,,,,,,,,,,,,,,,,,,,,,,,,,0.6939667985429074,0.5357841006973971,10.0,0.4055042279778516,0.0754716722449444,116.73464945535412,34.81849347870341,111.81594976060377,5.3441751341096335,4.8042177728023105,2331.5352053090633,198.10884862765766,1343.9884896853287,364.05424594227884
behavior_window,continuous,e92e7c09-c1b8-4f72-a7a8-f75077608d1b,69d68992-ff33-49ca-bb69-3b9d7ac5f694,2026-08-17T09:52:56.776000+00:00,window_aggregate,,,,,,,,,,2026-08-14T19:52:54.742000+00:00,2026-08-14T19:53:24.742000+00:00,,,,,,,,,,,,,,,,,,,,,,,,,,,,,,2026-08-17T09:52:56.776000+00:00,,,,,,,,,,,,,,,,,,,,,,,,,,,,,,,,,1.4621945299790227,0.22044626436992554,5.0,0.11975749319856926,0.08916764151840667,103.15327016974237,19.305498701347723,59.61903911590737,9.533426783614164,3.3304816883908948,16631.646012100136,50.778028340684955,776.1915652197677,296.44135694597304
behavior_window,continuous,e92e7c09-c1b8-4f72-a7a8-f75077608d1b,69d68992-ff33-49ca-bb69-3b9d7ac5f694,2026-08-17T09:52:56.776000+00:00,window_aggregate,,,,,,,,,,2026-08-14T19:52:54.742000+00:00,2026-08-14T19:53:24.742000+00:00,,,,,,,,,,,,,,,,,,,,,,,,,,,,,,2026-08-17T09:52:56.776000+00:00,,,,,,,,,,,,,,,,,,,,,,,,,,,,,,,,,1.4621945299790227,0.22044626436992554,5.0,0.11975749319856926,0.08916764151840667,103.15327016974237,19.305498701347723,59.61903911590737,9.533426783614164,3.3304816883908948,16631.646012100136,50.778028340684955,776.1915652197677,296.44135694597304
behavior_window,continuous,e92e7c09-c1b8-4f72-a7a8-f75077608d1b,69d68992-ff33-49ca-bb69-3b9d7ac5f694,2026-08-17T09:52:56.776000+00:00,window_aggregate,,,,,,,,,,2026-08-14T19:52:54.742000+00:00,2026-08-14T19:53:24.742000+00:00,,,,,,,,,,,,,,,,,,,,,,,,,,,,,,2026-08-17T09:52:56.776000+00:00,,,,,,,,,,,,,,,,,,,,,,,,,,,,,,,,,1.4621945299790227,0.22044626436992554,5.0,0.11975749319856926,0.08916764151840667,103.15327016974237,19.305498701347723,59.61903911590737,9.533426783614164,3.3304816883908948,16631.646012100136,50.778028340684955,776.1915652197677,296.44135694597304
behavior_window,continuous,e92e7c09-c1b8-4f72-a7a8-f75077608d1b,dbcafd98-6f46-4010-b5d0-13b23c34f677,2026-08-17T09:52:56.777000+00:00,window_aggregate,,,,,,,,,,2026-08-17T00:52:54.742000+00:00,2026-08-17T00:53:24.742000+00:00,,,,,,,,,,,,,,,,,,,,,,,,,,,,,,2026-08-17T09:52:56.777000+00:00,,,,,,,,,,,,,,,,,,,,,,,,,,,,,,,,,0.959217505308416,0.9983946392183382,6.0,0.22637779543297368,0.18763515668874448,123.1010784773051,17.800640857244563,65.35985309141336,12.03376734469604,3.432556103368004,31888.961804504805,78.64607999750828,967.3671339459115,425.55539006893684
behavior_window,continuous,e92e7c09-c1b8-4f72-a7a8-f75077608d1b,dbcafd98-6f46-4010-b5d0-13b23c34f677,2026-08-17T09:52:56.777000+00:00,window_aggregate,,,,,,,,,,2026-08-17T00:52:54.742000+00:00,2026-08-17T00:53:24.742000+00:00,,,,,,,,,,,,,,,,,,,,,,,,,,,,,,2026-08-17T09:52:56.777000+00:00,,,,,,,,,,,,,,,,,,,,,,,,,,,,,,,,,0.959217505308416,0.9983946392183382,6.0,0.22637779543297368,0.18763515668874448,123.1010784773051,17.800640857244563,65.35985309141336,12.03376734469604,3.432556103368004,31888.961804504805,78.64607999750828,967.3671339459115,425.55539006893684
behavior_window,continuous,e92e7c09-c1b8-4f72-a7a8-f75077608d1b,dbcafd98-6f46-4010-b5d0-13b23c34f677,2026-08-17T09:52:56.777000+00:00,window_aggregate,,,,,,,,,,2026-08-17T00:52:54.742000+00:00,2026-08-17T00:53:24.742000+00:00,,,,,,,,,,,,,,,,,,,,,,,,,,,,,,2026-08-17T09:52:56.777000+00:00,,,,,,,,,,,,,,,,,,,,,,,,,,,,,,,,,0.959217505308416,0.9983946392183382,6.0,0.22637779543297368,0.18763515668874448,123.1010784773051,17.800640857244563,65.35985309141336,12.03376734469604,3.432556103368004,31888.961804504805,78.64607999750828,967.3671339459115,425.55539006893684
behavior_window,continuous,e92e7c09-c1b8-4f72-a7a8-f75077608d1b,e4d349cb-5353-4fcf-a3bd-bd5cd405127b,2026-08-17T09:52:56.776000+00:00,window_aggregate,,,,,,,,,,2026-08-16T04:52:54.742000+00:00,2026-08-16T04:53:24.742000+00:00,,,,,,,,,,,,,,,,,,,,,,,,,,,,,,2026-08-17T09:52:56.776000+00:00,,,,,,,,,,,,,,,,,,,,,,,,,,,,,,,,,1.9108967843767084,0.3279319302780299,0.0,0.22972444640807355,0.08093225666783108,96.66153298973848,17.97225979136727,92.59439188034332,14.08956230484111,5.587451108373093,10795.65940658214,312.84731724405776,1253.9891111150414,246.5161529566202
behavior_window,continuous,e92e7c09-c1b8-4f72-a7a8-f75077608d1b,e4d349cb-5353-4fcf-a3bd-bd5cd405127b,2026-08-17T09:52:56.776000+00:00,window_aggregate,,,,,,,,,,2026-08-16T04:52:54.742000+00:00,2026-08-16T04:53:24.742000+00:00,,,,,,,,,,,,,,,,,,,,,,,,,,,,,,2026-08-17T09:52:56.776000+00:00,,,,,,,,,,,,,,,,,,,,,,,,,,,,,,,,,1.9108967843767084,0.3279319302780299,0.0,0.22972444640807355,0.08093225666783108,96.66153298973848,17.97225979136727,92.59439188034332,14.08956230484111,5.587451108373093,10795.65940658214,312.84731724405776,1253.9891111150414,246.5161529566202
behavior_window,continuous,e92e7c09-c1b8-4f72-a7a8-f75077608d1b,e4d349cb-5353-4fcf-a3bd-bd5cd405127b,2026-08-17T09:52:56.776000+00:00,window_aggregate,,,,,,,,,,2026-08-16T04:52:54.742000+00:00,2026-08-16T04:53:24.742000+00:00,,,,,,,,,,,,,,,,,,,,,,,,,,,,,,2026-08-17T09:52:56.776000+00:00,,,,,,,,,,,,,,,,,,,,,,,,,,,,,,,,,1.9108967843767084,0.3279319302780299,0.0,0.22972444640807355,0.08093225666783108,96.66153298973848,17.97225979136727,92.59439188034332,14.08956230484111,5.587451108373093,10795.65940658214,312.84731724405776,1253.9891111150414,246.5161529566202
behavior_window,continuous,e92e7c09-c1b8-4f72-a7a8-f75077608d1b,7ce5291a-f895-4163-b747-7b6fd263d381,2026-08-17T09:52:56.777000+00:00,window_aggregate,,,,,,,,,,2026-08-16T03:52:54.742000+00:00,2026-08-16T03:53:24.742000+00:00,,,,,,,,,,,,,,,,,,,,,,,,,,,,,,2026-08-17T09:52:56.777000+00:00,,,,,,,,,,,,,,,,,,,,,,,,,,,,,,,,,1.2376665113695402,0.13868673426290654,1.0,0.4467942005713451,0.16847526625248066,105.5298756585438,12.546143041361404,75.23729545424108,17.78449361025145,4.611111603786812,18742.655473834497,163.8303329415075,1011.8030086263528,467.5145031149829
behavior_window,continuous,e92e7c09-c1b8-4f72-a7a8-f75077608d1b,7ce5291a-f895-4163-b747-7b6fd263d381,2026-08-17T09:52:56.777000+00:00,window_aggregate,,,,,,,,,,2026-08-16T03:52:54.742000+00:00,2026-08-16T03:53:24.742000+00:00,,,,,,,,,,,,,,,,,,,,,,,,,,,,,,2026-08-17T09:52:56.777000+00:00,,,,,,,,,,,,,,,,,,,,,,,,,,,,,,,,,1.2376665113695402,0.13868673426290654,1.0,0.4467942005713451,0.16847526625248066,105.5298756585438,12.546143041361404,75.23729545424108,17.78449361025145,4.611111603786812,18742.655473834497,163.8303329415075,1011.8030086263528,467.5145031149829
behavior_window,continuous,e92e7c09-c1b8-4f72-a7a8-f75077608d1b,7ce5291a-f895-4163-b747-7b6fd263d381,2026-08-17T09:52:56.777000+00:00,window_aggregate,,,,,,,,,,2026-08-16T03:52:54.742000+00:00,2026-08-16T03:53:24.742000+00:00,,,,,,,,,,,,,,,,,,,,,,,,,,,,,,2026-08-17T09:52:56.777000+00:00,,,,,,,,,,,,,,,,,,,,,,,,,,,,,,,,,1.2376665113695402,0.13868673426290654,1.0,0.4467942005713451,0.16847526625248066,105.5298756585438,12.546143041361404,75.23729545424108,17.78449361025145,4.611111603786812,18742.655473834497,163.8303329415075,1011.8030086263528,467.5145031149829
behavior_window,continuous,e92e7c09-c1b8-4f72-a7a8-f75077608d1b,7ce5291a-f895-4163-b747-7b6fd263d381,2026-08-17T09:52:56.777000+00:00,window_aggregate,,,,,,,,,,2026-08-16T15:52:54.742000+00:00,2026-08-16T15:53:24.742000+00:00,,,,,,,,,,,,,,,,,,,,,,,,,,,,,,2026-08-17T09:52:56.777000+00:00,,,,,,,,,,,,,,,,,,,,,,,,,,,,,,,,,2.5363300748258832,0.6603891962541873,5.0,0.41584907402295845,0.1957860907281187,148.20244120882464,20.797011151835612,63.041452499654234,17.537970654476496,3.380300875012245,39331.4074834054,490.6652913084681,1422.9406904125894,475.21703126437455
behavior_window,continuous,e92e7c09-c1b8-4f72-a7a8-f75077608d1b,7ce5291a-f895-4163-b747-7b6fd263d381,2026-08-17T09:52:56.777000+00:00,window_aggregate,,,,,,,,,,2026-08-16T15:52:54.742000+00:00,2026-08-16T15:53:24.742000+00:00,,,,,,,,,,,,,,,,,,,,,,,,,,,,,,2026-08-17T09:52:56.777000+00:00,,,,,,,,,,,,,,,,,,,,,,,,,,,,,,,,,2.5363300748258832,0.6603891962541873,5.0,0.41584907402295845,0.1957860907281187,148.20244120882464,20.797011151835612,63.041452499654234,17.537970654476496,3.380300875012245,39331.4074834054,490.6652913084681,1422.9406904125894,475.21703126437455
behavior_window,continuous,e92e7c09-c1b8-4f72-a7a8-f75077608d1b,7ce5291a-f895-4163-b747-7b6fd263d381,2026-08-17T09:52:56.777000+00:00,window_aggregate,,,,,,,,,,2026-08-16T15:52:54.742000+00:00,2026-08-16T15:53:24.742000+00:00,,,,,,,,,,,,,,,,,,,,,,,,,,,,,,2026-08-17T09:52:56.777000+00:00,,,,,,,,,,,,,,,,,,,,,,,,,,,,,,,,,2.5363300748258832,0.6603891962541873,5.0,0.41584907402295845,0.1957860907281187,148.20244120882464,20.797011151835612,63.041452499654234,17.537970654476496,3.380300875012245,39331.4074834054,490.6652913084681,1422.9406904125894,475.21703126437455
behavior_window,continuous,e92e7c09-c1b8-4f72-a7a8-f75077608d1b,7ce5291a-f895-4163-b747-7b6fd263d381,2026-08-17T09:52:56.777000+00:00,window_aggregate,,,,,,,,,,2026-08-15T10:52:54.742000+00:00,2026-08-15T10:53:24.742000+00:00,,,,,,,,,,,,,,,,,,,,,,,,,,,,,,2026-08-17T09:52:56.777000+00:00,,,,,,,,,,,,,,,,,,,,,,,,,,,,,,,,,2.4976866723330486,0.170152610148215,3.0,0.3037941983755817,0.14059124364266676,93.4403071822594,34.98661847122917,77.40115961310082,18.21479207177744,3.325809429970546,40756.13759644817,130.95244181868597,1169.3847964050792,147.2759085529539
behavior_window,continuous,e92e7c09-c1b8-4f72-a7a8-f75077608d1b,7ce5291a-f895-4163-b747-7b6fd263d381,2026-08-17T09:52:56.777000+00:00,window_aggregate,,,,,,,,,,2026-08-15T10:52:54.742000+00:00,2026-08-15T10:53:24.742000+00:00,,,,,,,,,,,,,,,,,,,,,,,,,,,,,,2026-08-17T09:52:56.777000+00:00,,,,,,,,,,,,,,,,,,,,,,,,,,,,,,,,,2.4976866723330486,0.170152610148215,3.0,0.3037941983755817,0.14059124364266676,93.4403071822594,34.98661847122917,77.40115961310082,18.21479207177744,3.325809429970546,40756.13759644817,130.95244181868597,1169.3847964050792,147.2759085529539
behavior_window,continuous,e92e7c09-c1b8-4f72-a7a8-f75077608d1b,7ce5291a-f895-4163-b747-7b6fd263d381,2026-08-17T09:52:56.777000+00:00,window_aggregate,,,,,,,,,,2026-08-15T10:52:54.742000+00:00,2026-08-15T10:53:24.742000+00:00,,,,,,,,,,,,,,,,,,,,,,,,,,,,,,2026-08-17T09:52:56.777000+00:00,,,,,,,,,,,,,,,,,,,,,,,,,,,,,,,,,2.4976866723330486,0.170152610148215,3.0,0.3037941983755817,0.14059124364266676,93.4403071822594,34.98661847122917,77.40115961310082,18.21479207177744,3.325809429970546,40756.13759644817,130.95244181868597,1169.3847964050792,147.2759085529539
behavior_window,continuous,e92e7c09-c1b8-4f72-a7a8-f75077608d1b,ee98be6a-039b-4299-8c10-326d03c2af79,2026-08-17T09:52:56.775000+00:00,window_aggregate,,,,,,,,,,2026-08-14T15:52:54.742000+00:00,2026-08-14T15:53:24.742000+00:00,,,,,,,,,,,,,,,,,,,,,,,,,,,,,,2026-08-17T09:52:56.775000+00:00,,,,,,,,,,,,,,,,,,,,,,,,,,,,,,,,,1.9525634262562648,0.605091010263946,4.0,0.462789024225995,0.09182213724335098,123.10136417134275,38.375055141121706,64.97915830294241,11.354789771333717,3.74995472874035,34573.05070203727,486.9100253385471,574.5000072239156,237.86399605239424
behavior_window,continuous,e92e7c09-c1b8-4f72-a7a8-f75077608d1b,ee98be6a-039b-4299-8c10-326d03c2af79,2026-08-17T09:52:56.775000+00:00,window_aggregate,,,,,,,,,,2026-08-14T15:52:54.742000+00:00,2026-08-14T15:53:24.742000+00:00,,,,,,,,,,,,,,,,,,,,,,,,,,,,,,2026-08-17T09:52:56.775000+00:00,,,,,,,,,,,,,,,,,,,,,,,,,,,,,,,,,1.9525634262562648,0.605091010263946,4.0,0.462789024225995,0.09182213724335098,123.10136417134275,38.375055141121706,64.97915830294241,11.354789771333717,3.74995472874035,34573.05070203727,486.9100253385471,574.5000072239156,237.86399605239424
behavior_window,continuous,e92e7c09-c1b8-4f72-a7a8-f75077608d1b,ee98be6a-039b-4299-8c10-326d03c2af79,2026-08-17T09:52:56.775000+00:00,window_aggregate,,,,,,,,,,2026-08-14T15:52:54.742000+00:00,2026-08-14T15:53:24.742000+00:00,,,,,,,,,,,,,,,,,,,,,,,,,,,,,,2026-08-17T09:52:56.775000+00:00,,,,,,,,,,,,,,,,,,,,,,,,,,,,,,,,,1.9525634262562648,0.605091010263946,4.0,0.462789024225995,0.09182213724335098,123.10136417134275,38.375055141121706,64.97915830294241,11.354789771333717,3.74995472874035,34573.05070203727,486.9100253385471,574.5000072239156,237.86399605239424
behavior_window,continuous,e92e7c09-c1b8-4f72-a7a8-f75077608d1b,e4d349cb-5353-4fcf-a3bd-bd5cd405127b,2026-08-17T09:52:56.776000+00:00,window_aggregate,,,,,,,,,,2026-08-17T01:52:54.742000+00:00,2026-08-17T01:53:24.742000+00:00,,,,,,,,,,,,,,,,,,,,,,,,,,,,,,2026-08-17T09:52:56.776000+00:00,,,,,,,,,,,,,,,,,,,,,,,,,,,,,,,,,1.5633126976231586,0.3473527818877923,9.0,0.3224392913216372,0.14579332517166932,92.63936992987027,28.20010784504633,85.51738138557384,17.342974418354427,5.64642349334148,34386.95352289023,443.96093318782385,545.519991163202,386.54142293422274
behavior_window,continuous,e92e7c09-c1b8-4f72-a7a8-f75077608d1b,e4d349cb-5353-4fcf-a3bd-bd5cd405127b,2026-08-17T09:52:56.776000+00:00,window_aggregate,,,,,,,,,,2026-08-17T01:52:54.742000+00:00,2026-08-17T01:53:24.742000+00:00,,,,,,,,,,,,,,,,,,,,,,,,,,,,,,2026-08-17T09:52:56.776000+00:00,,,,,,,,,,,,,,,,,,,,,,,,,,,,,,,,,1.5633126976231586,0.3473527818877923,9.0,0.3224392913216372,0.14579332517166932,92.63936992987027,28.20010784504633,85.51738138557384,17.342974418354427,5.64642349334148,34386.95352289023,443.96093318782385,545.519991163202,386.54142293422274
behavior_window,continuous,e92e7c09-c1b8-4f72-a7a8-f75077608d1b,e4d349cb-5353-4fcf-a3bd-bd5cd405127b,2026-08-17T09:52:56.776000+00:00,window_aggregate,,,,,,,,,,2026-08-17T01:52:54.742000+00:00,2026-08-17T01:53:24.742000+00:00,,,,,,,,,,,,,,,,,,,,,,,,,,,,,,2026-08-17T09:52:56.776000+00:00,,,,,,,,,,,,,,,,,,,,,,,,,,,,,,,,,1.5633126976231586,0.3473527818877923,9.0,0.3224392913216372,0.14579332517166932,92.63936992987027,28.20010784504633,85.51738138557384,17.342974418354427,5.64642349334148,34386.95352289023,443.96093318782385,545.519991163202,386.54142293422274
behavior_window,continuous,e92e7c09-c1b8-4f72-a7a8-f75077608d1b,ee98be6a-039b-4299-8c10-326d03c2af79,2026-08-17T09:52:56.775000+00:00,window_aggregate,,,,,,,,,,2026-08-15T08:52:54.742000+00:00,2026-08-15T08:53:24.742000+00:00,,,,,,,,,,,,,,,,,,,,,,,,,,,,,,2026-08-17T09:52:56.775000+00:00,,,,,,,,,,,,,,,,,,,,,,,,,,,,,,,,,2.2426676677702218,0.18334748049371388,9.0,0.19087065418797403,0.1928809424030048,109.2150198455823,21.52346680877959,56.65970486117188,27.443316179143753,5.296657862886227,5858.074831823909,147.21349994223866,875.3002410772873,418.41508782586806
behavior_window,continuous,e92e7c09-c1b8-4f72-a7a8-f75077608d1b,ee98be6a-039b-4299-8c10-326d03c2af79,2026-08-17T09:52:56.775000+00:00,window_aggregate,,,,,,,,,,2026-08-15T08:52:54.742000+00:00,2026-08-15T08:53:24.742000+00:00,,,,,,,,,,,,,,,,,,,,,,,,,,,,,,2026-08-17T09:52:56.775000+00:00,,,,,,,,,,,,,,,,,,,,,,,,,,,,,,,,,2.2426676677702218,0.18334748049371388,9.0,0.19087065418797403,0.1928809424030048,109.2150198455823,21.52346680877959,56.65970486117188,27.443316179143753,5.296657862886227,5858.074831823909,147.21349994223866,875.3002410772873,418.41508782586806
behavior_window,continuous,e92e7c09-c1b8-4f72-a7a8-f75077608d1b,ee98be6a-039b-4299-8c10-326d03c2af79,2026-08-17T09:52:56.775000+00:00,window_aggregate,,,,,,,,,,2026-08-15T08:52:54.742000+00:00,2026-08-15T08:53:24.742000+00:00,,,,,,,,,,,,,,,,,,,,,,,,,,,,,,2026-08-17T09:52:56.775000+00:00,,,,,,,,,,,,,,,,,,,,,,,,,,,,,,,,,2.2426676677702218,0.18334748049371388,9.0,0.19087065418797403,0.1928809424030048,109.2150198455823,21.52346680877959,56.65970486117188,27.443316179143753,5.296657862886227,5858.074831823909,147.21349994223866,875.3002410772873,418.41508782586806
behavior_window,continuous,e92e7c09-c1b8-4f72-a7a8-f75077608d1b,ee98be6a-039b-4299-8c10-326d03c2af79,2026-08-17T09:52:56.775000+00:00,window_aggregate,,,,,,,,,,2026-08-15T04:52:54.742000+00:00,2026-08-15T04:53:24.742000+00:00,,,,,,,,,,,,,,,,,,,,,,,,,,,,,,2026-08-17T09:52:56.775000+00:00,,,,,,,,,,,,,,,,,,,,,,,,,,,,,,,,,1.2518841326470516,0.1127688027078558,3.0,0.221421345586038,0.10140488748257159,80.09285546135374,28.28574962478121,117.06991537329344,22.302627011296774,5.055513812882937,20247.15484399636,230.3676153414133,1410.911751977057,234.21470167105883
behavior_window,continuous,e92e7c09-c1b8-4f72-a7a8-f75077608d1b,ee98be6a-039b-4299-8c10-326d03c2af79,2026-08-17T09:52:56.775000+00:00,window_aggregate,,,,,,,,,,2026-08-15T04:52:54.742000+00:00,2026-08-15T04:53:24.742000+00:00,,,,,,,,,,,,,,,,,,,,,,,,,,,,,,2026-08-17T09:52:56.775000+00:00,,,,,,,,,,,,,,,,,,,,,,,,,,,,,,,,,1.2518841326470516,0.1127688027078558,3.0,0.221421345586038,0.10140488748257159,80.09285546135374,28.28574962478121,117.06991537329344,22.302627011296774,5.055513812882937,20247.15484399636,230.3676153414133,1410.911751977057,234.21470167105883
behavior_window,continuous,e92e7c09-c1b8-4f72-a7a8-f75077608d1b,ee98be6a-039b-4299-8c10-326d03c2af79,2026-08-17T09:52:56.775000+00:00,window_aggregate,,,,,,,,,,2026-08-15T04:52:54.742000+00:00,2026-08-15T04:53:24.742000+00:00,,,,,,,,,,,,,,,,,,,,,,,,,,,,,,2026-08-17T09:52:56.775000+00:00,,,,,,,,,,,,,,,,,,,,,,,,,,,,,,,,,1.2518841326470516,0.1127688027078558,3.0,0.221421345586038,0.10140488748257159,80.09285546135374,28.28574962478121,117.06991537329344,22.302627011296774,5.055513812882937,20247.15484399636,230.3676153414133,1410.911751977057,234.21470167105883
behavior_window,continuous,e92e7c09-c1b8-4f72-a7a8-f75077608d1b,ee98be6a-039b-4299-8c10-326d03c2af79,2026-08-17T09:52:56.776000+00:00,window_aggregate,,,,,,,,,,2026-08-14T12:52:54.742000+00:00,2026-08-14T12:53:24.742000+00:00,,,,,,,,,,,,,,,,,,,,,,,,,,,,,,2026-08-17T09:52:56.776000+00:00,,,,,,,,,,,,,,,,,,,,,,,,,,,,,,,,,0.9067568085488721,0.9456277785139489,2.0,0.2509728411944929,0.1431237252409257,90.98254122667592,24.084040169564155,115.91511794281041,10.784588563417076,4.881294401229697,13716.110790953884,356.1601702169395,504.6246212266158,183.52968480757914
behavior_window,continuous,e92e7c09-c1b8-4f72-a7a8-f75077608d1b,ee98be6a-039b-4299-8c10-326d03c2af79,2026-08-17T09:52:56.776000+00:00,window_aggregate,,,,,,,,,,2026-08-14T12:52:54.742000+00:00,2026-08-14T12:53:24.742000+00:00,,,,,,,,,,,,,,,,,,,,,,,,,,,,,,2026-08-17T09:52:56.776000+00:00,,,,,,,,,,,,,,,,,,,,,,,,,,,,,,,,,0.9067568085488721,0.9456277785139489,2.0,0.2509728411944929,0.1431237252409257,90.98254122667592,24.084040169564155,115.91511794281041,10.784588563417076,4.881294401229697,13716.110790953884,356.1601702169395,504.6246212266158,183.52968480757914
behavior_window,continuous,e92e7c09-c1b8-4f72-a7a8-f75077608d1b,ee98be6a-039b-4299-8c10-326d03c2af79,2026-08-17T09:52:56.776000+00:00,window_aggregate,,,,,,,,,,2026-08-14T12:52:54.742000+00:00,2026-08-14T12:53:24.742000+00:00,,,,,,,,,,,,,,,,,,,,,,,,,,,,,,2026-08-17T09:52:56.776000+00:00,,,,,,,,,,,,,,,,,,,,,,,,,,,,,,,,,0.9067568085488721,0.9456277785139489,2.0,0.2509728411944929,0.1431237252409257,90.98254122667592,24.084040169564155,115.91511794281041,10.784588563417076,4.881294401229697,13716.110790953884,356.1601702169395,504.6246212266158,183.52968480757914
behavior_window,continuous,e92e7c09-c1b8-4f72-a7a8-f75077608d1b,69d68992-ff33-49ca-bb69-3b9d7ac5f694,2026-08-17T09:52:56.776000+00:00,window_aggregate,,,,,,,,,,2026-08-15T12:52:54.742000+00:00,2026-08-15T12:53:24.742000+00:00,,,,,,,,,,,,,,,,,,,,,,,,,,,,,,2026-08-17T09:52:56.776000+00:00,,,,,,,,,,,,,,,,,,,,,,,,,,,,,,,,,2.3318533065550016,0.451056581588848,8.0,0.4548605199430984,0.06376975424968336,146.5564267365413,16.142941974139475,87.65495283936664,11.9764256081564,5.108737769321843,39742.59934411263,330.11743845133924,611.5419410472182,478.85118736422083
behavior_window,continuous,e92e7c09-c1b8-4f72-a7a8-f75077608d1b,69d68992-ff33-49ca-bb69-3b9d7ac5f694,2026-08-17T09:52:56.776000+00:00,window_aggregate,,,,,,,,,,2026-08-15T12:52:54.742000+00:00,2026-08-15T12:53:24.742000+00:00,,,,,,,,,,,,,,,,,,,,,,,,,,,,,,2026-08-17T09:52:56.776000+00:00,,,,,,,,,,,,,,,,,,,,,,,,,,,,,,,,,2.3318533065550016,0.451056581588848,8.0,0.4548605199430984,0.06376975424968336,146.5564267365413,16.142941974139475,87.65495283936664,11.9764256081564,5.108737769321843,39742.59934411263,330.11743845133924,611.5419410472182,478.85118736422083
behavior_window,continuous,e92e7c09-c1b8-4f72-a7a8-f75077608d1b,69d68992-ff33-49ca-bb69-3b9d7ac5f694,2026-08-17T09:52:56.776000+00:00,window_aggregate,,,,,,,,,,2026-08-15T12:52:54.742000+00:00,2026-08-15T12:53:24.742000+00:00,,,,,,,,,,,,,,,,,,,,,,,,,,,,,,2026-08-17T09:52:56.776000+00:00,,,,,,,,,,,,,,,,,,,,,,,,,,,,,,,,,2.3318533065550016,0.451056581588848,8.0,0.4548605199430984,0.06376975424968336,146.5564267365413,16.142941974139475,87.65495283936664,11.9764256081564,5.108737769321843,39742.59934411263,330.11743845133924,611.5419410472182,478.85118736422083
behavior_window,continuous,e92e7c09-c1b8-4f72-a7a8-f75077608d1b,e4d349cb-5353-4fcf-a3bd-bd5cd405127b,2026-08-17T09:52:56.776000+00:00,window_aggregate,,,,,,,,,,2026-08-16T01:52:54.742000+00:00,2026-08-16T01:53:24.742000+00:00,,,,,,,,,,,,,,,,,,,,,,,,,,,,,,2026-08-17T09:52:56.776000+00:00,,,,,,,,,,,,,,,,,,,,,,,,,,,,,,,,,0.5691213013738909,0.3705425987422454,2.0,0.13548869588920925,0.18140203815735417,122.86247096537697,19.79859373511433,55.98833993690724,15.225863361646342,4.016338210173663,47986.187137217035,152.65060325809188,1260.6014060438106,210.97632942166905
behavior_window,continuous,e92e7c09-c1b8-4f72-a7a8-f75077608d1b,e4d349cb-5353-4fcf-a3bd-bd5cd405127b,2026-08-17T09:52:56.776000+00:00,window_aggregate,,,,,,,,,,2026-08-16T01:52:54.742000+00:00,2026-08-16T01:53:24.742000+00:00,,,,,,,,,,,,,,,,,,,,,,,,,,,,,,2026-08-17T09:52:56.776000+00:00,,,,,,,,,,,,,,,,,,,,,,,,,,,,,,,,,0.5691213013738909,0.3705425987422454,2.0,0.13548869588920925,0.18140203815735417,122.86247096537697,19.79859373511433,55.98833993690724,15.225863361646342,4.016338210173663,47986.187137217035,152.65060325809188,1260.6014060438106,210.97632942166905
behavior_window,continuous,e92e7c09-c1b8-4f72-a7a8-f75077608d1b,e4d349cb-5353-4fcf-a3bd-bd5cd405127b,2026-08-17T09:52:56.776000+00:00,window_aggregate,,,,,,,,,,2026-08-16T01:52:54.742000+00:00,2026-08-16T01:53:24.742000+00:00,,,,,,,,,,,,,,,,,,,,,,,,,,,,,,2026-08-17T09:52:56.776000+00:00,,,,,,,,,,,,,,,,,,,,,,,,,,,,,,,,,0.5691213013738909,0.3705425987422454,2.0,0.13548869588920925,0.18140203815735417,122.86247096537697,19.79859373511433,55.98833993690724,15.225863361646342,4.016338210173663,47986.187137217035,152.65060325809188,1260.6014060438106,210.97632942166905
behavior_window,continuous,e92e7c09-c1b8-4f72-a7a8-f75077608d1b,7ce5291a-f895-4163-b747-7b6fd263d381,2026-08-17T09:52:56.777000+00:00,window_aggregate,,,,,,,,,,2026-08-17T00:52:54.742000+00:00,2026-08-17T00:53:24.742000+00:00,,,,,,,,,,,,,,,,,,,,,,,,,,,,,,2026-08-17T09:52:56.777000+00:00,,,,,,,,,,,,,,,,,,,,,,,,,,,,,,,,,1.2765521018055777,0.23006909611774568,9.0,0.13063716217093405,0.054042110143412626,99.9148184913779,22.279394730006278,65.68081867212963,17.92401826543691,3.0874592885111283,7656.319718849344,462.8624337611935,1149.8673789219538,495.3345643016848
behavior_window,continuous,e92e7c09-c1b8-4f72-a7a8-f75077608d1b,7ce5291a-f895-4163-b747-7b6fd263d381,2026-08-17T09:52:56.777000+00:00,window_aggregate,,,,,,,,,,2026-08-17T00:52:54.742000+00:00,2026-08-17T00:53:24.742000+00:00,,,,,,,,,,,,,,,,,,,,,,,,,,,,,,2026-08-17T09:52:56.777000+00:00,,,,,,,,,,,,,,,,,,,,,,,,,,,,,,,,,1.2765521018055777,0.23006909611774568,9.0,0.13063716217093405,0.054042110143412626,99.9148184913779,22.279394730006278,65.68081867212963,17.92401826543691,3.0874592885111283,7656.319718849344,462.8624337611935,1149.8673789219538,495.3345643016848
behavior_window,continuous,e92e7c09-c1b8-4f72-a7a8-f75077608d1b,7ce5291a-f895-4163-b747-7b6fd263d381,2026-08-17T09:52:56.777000+00:00,window_aggregate,,,,,,,,,,2026-08-17T00:52:54.742000+00:00,2026-08-17T00:53:24.742000+00:00,,,,,,,,,,,,,,,,,,,,,,,,,,,,,,2026-08-17T09:52:56.777000+00:00,,,,,,,,,,,,,,,,,,,,,,,,,,,,,,,,,1.2765521018055777,0.23006909611774568,9.0,0.13063716217093405,0.054042110143412626,99.9148184913779,22.279394730006278,65.68081867212963,17.92401826543691,3.0874592885111283,7656.319718849344,462.8624337611935,1149.8673789219538,495.3345643016848
behavior_window,continuous,e92e7c09-c1b8-4f72-a7a8-f75077608d1b,7ce5291a-f895-4163-b747-7b6fd263d381,2026-08-17T09:52:56.777000+00:00,window_aggregate,,,,,,,,,,2026-08-16T12:52:54.742000+00:00,2026-08-16T12:53:24.742000+00:00,,,,,,,,,,,,,,,,,,,,,,,,,,,,,,2026-08-17T09:52:56.777000+00:00,,,,,,,,,,,,,,,,,,,,,,,,,,,,,,,,,1.5303353273538876,0.24653741132614063,4.0,0.4334973665495251,0.056857082358794296,148.99929457916835,24.73721735397567,100.43012348306033,23.743478260876316,4.862020099680894,32556.43380106724,106.72116674679921,1069.2926628914802,412.6278380544662
behavior_window,continuous,e92e7c09-c1b8-4f72-a7a8-f75077608d1b,7ce5291a-f895-4163-b747-7b6fd263d381,2026-08-17T09:52:56.777000+00:00,window_aggregate,,,,,,,,,,2026-08-16T12:52:54.742000+00:00,2026-08-16T12:53:24.742000+00:00,,,,,,,,,,,,,,,,,,,,,,,,,,,,,,2026-08-17T09:52:56.777000+00:00,,,,,,,,,,,,,,,,,,,,,,,,,,,,,,,,,1.5303353273538876,0.24653741132614063,4.0,0.4334973665495251,0.056857082358794296,148.99929457916835,24.73721735397567,100.43012348306033,23.743478260876316,4.862020099680894,32556.43380106724,106.72116674679921,1069.2926628914802,412.6278380544662
behavior_window,continuous,e92e7c09-c1b8-4f72-a7a8-f75077608d1b,7ce5291a-f895-4163-b747-7b6fd263d381,2026-08-17T09:52:56.777000+00:00,window_aggregate,,,,,,,,,,2026-08-16T12:52:54.742000+00:00,2026-08-16T12:53:24.742000+00:00,,,,,,,,,,,,,,,,,,,,,,,,,,,,,,2026-08-17T09:52:56.777000+00:00,,,,,,,,,,,,,,,,,,,,,,,,,,,,,,,,,1.5303353273538876,0.24653741132614063,4.0,0.4334973665495251,0.056857082358794296,148.99929457916835,24.73721735397567,100.43012348306033,23.743478260876316,4.862020099680894,32556.43380106724,106.72116674679921,1069.2926628914802,412.6278380544662
behavior_window,continuous,e92e7c09-c1b8-4f72-a7a8-f75077608d1b,ee98be6a-039b-4299-8c10-326d03c2af79,2026-08-17T09:52:56.776000+00:00,window_aggregate,,,,,,,,,,2026-08-16T06:52:54.742000+00:00,2026-08-16T06:53:24.742000+00:00,,,,,,,,,,,,,,,,,,,,,,,,,,,,,,2026-08-17T09:52:56.776000+00:00,,,,,,,,,,,,,,,,,,,,,,,,,,,,,,,,,1.6903849572522918,0.6873079687795721,8.0,0.10612542709927508,0.06379695944725916,106.88560893598788,17.39075875091384,112.24278582842587,25.139141128051286,4.066867960939223,36209.82379514441,478.51239640433363,764.7353864419242,116.73977782836067
behavior_window,continuous,e92e7c09-c1b8-4f72-a7a8-f75077608d1b,ee98be6a-039b-4299-8c10-326d03c2af79,2026-08-17T09:52:56.776000+00:00,window_aggregate,,,,,,,,,,2026-08-16T06:52:54.742000+00:00,2026-08-16T06:53:24.742000+00:00,,,,,,,,,,,,,,,,,,,,,,,,,,,,,,2026-08-17T09:52:56.776000+00:00,,,,,,,,,,,,,,,,,,,,,,,,,,,,,,,,,1.6903849572522918,0.6873079687795721,8.0,0.10612542709927508,0.06379695944725916,106.88560893598788,17.39075875091384,112.24278582842587,25.139141128051286,4.066867960939223,36209.82379514441,478.51239640433363,764.7353864419242,116.73977782836067
behavior_window,continuous,e92e7c09-c1b8-4f72-a7a8-f75077608d1b,ee98be6a-039b-4299-8c10-326d03c2af79,2026-08-17T09:52:56.776000+00:00,window_aggregate,,,,,,,,,,2026-08-16T06:52:54.742000+00:00,2026-08-16T06:53:24.742000+00:00,,,,,,,,,,,,,,,,,,,,,,,,,,,,,,2026-08-17T09:52:56.776000+00:00,,,,,,,,,,,,,,,,,,,,,,,,,,,,,,,,,1.6903849572522918,0.6873079687795721,8.0,0.10612542709927508,0.06379695944725916,106.88560893598788,17.39075875091384,112.24278582842587,25.139141128051286,4.066867960939223,36209.82379514441,478.51239640433363,764.7353864419242,116.73977782836067
behavior_window,continuous,e92e7c09-c1b8-4f72-a7a8-f75077608d1b,69d68992-ff33-49ca-bb69-3b9d7ac5f694,2026-08-17T09:52:56.776000+00:00,window_aggregate,,,,,,,,,,2026-08-16T23:52:54.742000+00:00,2026-08-16T23:53:24.742000+00:00,,,,,,,,,,,,,,,,,,,,,,,,,,,,,,2026-08-17T09:52:56.776000+00:00,,,,,,,,,,,,,,,,,,,,,,,,,,,,,,,,,2.824193068813451,0.16596922706343337,9.0,0.13511298960140464,0.10142883906964761,143.95363686536714,37.30920322575091,98.17346043863417,23.014098076951516,4.441956321673971,35317.86672959953,121.08733492228718,1305.209362536249,260.0482494245004
behavior_window,continuous,e92e7c09-c1b8-4f72-a7a8-f75077608d1b,69d68992-ff33-49ca-bb69-3b9d7ac5f694,2026-08-17T09:52:56.776000+00:00,window_aggregate,,,,,,,,,,2026-08-16T23:52:54.742000+00:00,2026-08-16T23:53:24.742000+00:00,,,,,,,,,,,,,,,,,,,,,,,,,,,,,,2026-08-17T09:52:56.776000+00:00,,,,,,,,,,,,,,,,,,,,,,,,,,,,,,,,,2.824193068813451,0.16596922706343337,9.0,0.13511298960140464,0.10142883906964761,143.95363686536714,37.30920322575091,98.17346043863417,23.014098076951516,4.441956321673971,35317.86672959953,121.08733492228718,1305.209362536249,260.0482494245004
behavior_window,continuous,e92e7c09-c1b8-4f72-a7a8-f75077608d1b,69d68992-ff33-49ca-bb69-3b9d7ac5f694,2026-08-17T09:52:56.776000+00:00,window_aggregate,,,,,,,,,,2026-08-16T23:52:54.742000+00:00,2026-08-16T23:53:24.742000+00:00,,,,,,,,,,,,,,,,,,,,,,,,,,,,,,2026-08-17T09:52:56.776000+00:00,,,,,,,,,,,,,,,,,,,,,,,,,,,,,,,,,2.824193068813451,0.16596922706343337,9.0,0.13511298960140464,0.10142883906964761,143.95363686536714,37.30920322575091,98.17346043863417,23.014098076951516,4.441956321673971,35317.86672959953,121.08733492228718,1305.209362536249,260.0482494245004
behavior_window,continuous,e92e7c09-c1b8-4f72-a7a8-f75077608d1b,dbcafd98-6f46-4010-b5d0-13b23c34f677,2026-08-17T09:52:56.776000+00:00,window_aggregate,,,,,,,,,,2026-08-15T03:52:54.742000+00:00,2026-08-15T03:53:24.742000+00:00,,,,,,,,,,,,,,,,,,,,,,,,,,,,,,2026-08-17T09:52:56.776000+00:00,,,,,,,,,,,,,,,,,,,,,,,,,,,,,,,,,1.8716681714470234,0.5719428522730772,1.0,0.3589550624978858,0.16460179065428054,120.06349437847166,29.0906302868973,72.59299591385947,28.766742755813382,5.141084591831087,42586.03021449949,155.37945732229912,938.5862191906124,146.92083112256546
behavior_window,continuous,e92e7c09-c1b8-4f72-a7a8-f75077608d1b,dbcafd98-6f46-4010-b5d0-13b23c34f677,2026-08-17T09:52:56.776000+00:00,window_aggregate,,,,,,,,,,2026-08-15T03:52:54.742000+00:00,2026-08-15T03:53:24.742000+00:00,,,,,,,,,,,,,,,,,,,,,,,,,,,,,,2026-08-17T09:52:56.776000+00:00,,,,,,,,,,,,,,,,,,,,,,,,,,,,,,,,,1.8716681714470234,0.5719428522730772,1.0,0.3589550624978858,0.16460179065428054,120.06349437847166,29.0906302868973,72.59299591385947,28.766742755813382,5.141084591831087,42586.03021449949,155.37945732229912,938.5862191906124,146.92083112256546
behavior_window,continuous,e92e7c09-c1b8-4f72-a7a8-f75077608d1b,dbcafd98-6f46-4010-b5d0-13b23c34f677,2026-08-17T09:52:56.776000+00:00,window_aggregate,,,,,,,,,,2026-08-15T03:52:54.742000+00:00,2026-08-15T03:53:24.742000+00:00,,,,,,,,,,,,,,,,,,,,,,,,,,,,,,2026-08-17T09:52:56.776000+00:00,,,,,,,,,,,,,,,,,,,,,,,,,,,,,,,,,1.8716681714470234,0.5719428522730772,1.0,0.3589550624978858,0.16460179065428054,120.06349437847166,29.0906302868973,72.59299591385947,28.766742755813382,5.141084591831087,42586.03021449949,155.37945732229912,938.5862191906124,146.92083112256546
behavior_window,continuous,e92e7c09-c1b8-4f72-a7a8-f75077608d1b,7ce5291a-f895-4163-b747-7b6fd263d381,2026-08-17T09:52:56.777000+00:00,window_aggregate,,,,,,,,,,2026-08-17T00:52:54.742000+00:00,2026-08-17T00:53:24.742000+00:00,,,,,,,,,,,,,,,,,,,,,,,,,,,,,,2026-08-17T09:52:56.777000+00:00,,,,,,,,,,,,,,,,,,,,,,,,,,,,,,,,,2.8944667731030793,0.7723034323295707,6.0,0.3773333336791084,0.10935138976813082,143.96190673447302,27.891089448311448,76.35086752303533,24.689808793140255,4.874964072335619,41464.695685570725,313.02123749469206,1371.4484653999803,170.79962838888832
behavior_window,continuous,e92e7c09-c1b8-4f72-a7a8-f75077608d1b,7ce5291a-f895-4163-b747-7b6fd263d381,2026-08-17T09:52:56.777000+00:00,window_aggregate,,,,,,,,,,2026-08-17T00:52:54.742000+00:00,2026-08-17T00:53:24.742000+00:00,,,,,,,,,,,,,,,,,,,,,,,,,,,,,,2026-08-17T09:52:56.777000+00:00,,,,,,,,,,,,,,,,,,,,,,,,,,,,,,,,,2.8944667731030793,0.7723034323295707,6.0,0.3773333336791084,0.10935138976813082,143.96190673447302,27.891089448311448,76.35086752303533,24.689808793140255,4.874964072335619,41464.695685570725,313.02123749469206,1371.4484653999803,170.79962838888832
behavior_window,continuous,e92e7c09-c1b8-4f72-a7a8-f75077608d1b,7ce5291a-f895-4163-b747-7b6fd263d381,2026-08-17T09:52:56.777000+00:00,window_aggregate,,,,,,,,,,2026-08-17T00:52:54.742000+00:00,2026-08-17T00:53:24.742000+00:00,,,,,,,,,,,,,,,,,,,,,,,,,,,,,,2026-08-17T09:52:56.777000+00:00,,,,,,,,,,,,,,,,,,,,,,,,,,,,,,,,,2.8944667731030793,0.7723034323295707,6.0,0.3773333336791084,0.10935138976813082,143.96190673447302,27.891089448311448,76.35086752303533,24.689808793140255,4.874964072335619,41464.695685570725,313.02123749469206,1371.4484653999803,170.79962838888832
behavior_window,continuous,e92e7c09-c1b8-4f72-a7a8-f75077608d1b,7ce5291a-f895-4163-b747-7b6fd263d381,2026-08-17T09:52:56.777000+00:00,window_aggregate,,,,,,,,,,2026-08-15T08:52:54.742000+00:00,2026-08-15T08:53:24.742000+00:00,,,,,,,,,,,,,,,,,,,,,,,,,,,,,,2026-08-17T09:52:56.777000+00:00,,,,,,,,,,,,,,,,,,,,,,,,,,,,,,,,,1.3876536549415734,0.24139948864884336,4.0,0.22531914207738182,0.10833130975463917,112.1618317912401,37.853581324830614,81.05846672215723,11.945488524279131,4.485559762148126,20709.630497055332,281.37535681633676,937.3168674283404,482.58222185131905
behavior_window,continuous,e92e7c09-c1b8-4f72-a7a8-f75077608d1b,7ce5291a-f895-4163-b747-7b6fd263d381,2026-08-17T09:52:56.777000+00:00,window_aggregate,,,,,,,,,,2026-08-15T08:52:54.742000+00:00,2026-08-15T08:53:24.742000+00:00,,,,,,,,,,,,,,,,,,,,,,,,,,,,,,2026-08-17T09:52:56.777000+00:00,,,,,,,,,,,,,,,,,,,,,,,,,,,,,,,,,1.3876536549415734,0.24139948864884336,4.0,0.22531914207738182,0.10833130975463917,112.1618317912401,37.853581324830614,81.05846672215723,11.945488524279131,4.485559762148126,20709.630497055332,281.37535681633676,937.3168674283404,482.58222185131905
behavior_window,continuous,e92e7c09-c1b8-4f72-a7a8-f75077608d1b,7ce5291a-f895-4163-b747-7b6fd263d381,2026-08-17T09:52:56.777000+00:00,window_aggregate,,,,,,,,,,2026-08-15T08:52:54.742000+00:00,2026-08-15T08:53:24.742000+00:00,,,,,,,,,,,,,,,,,,,,,,,,,,,,,,2026-08-17T09:52:56.777000+00:00,,,,,,,,,,,,,,,,,,,,,,,,,,,,,,,,,1.3876536549415734,0.24139948864884336,4.0,0.22531914207738182,0.10833130975463917,112.1618317912401,37.853581324830614,81.05846672215723,11.945488524279131,4.485559762148126,20709.630497055332,281.37535681633676,937.3168674283404,482.58222185131905
behavior_window,continuous,e92e7c09-c1b8-4f72-a7a8-f75077608d1b,ee98be6a-039b-4299-8c10-326d03c2af79,2026-08-17T09:52:56.775000+00:00,window_aggregate,,,,,,,,,,2026-08-15T21:52:54.742000+00:00,2026-08-15T21:53:24.742000+00:00,,,,,,,,,,,,,,,,,,,,,,,,,,,,,,2026-08-17T09:52:56.775000+00:00,,,,,,,,,,,,,,,,,,,,,,,,,,,,,,,,,1.2373666350222625,0.5121748349786003,1.0,0.38711378426659404,0.10682419836758036,87.05690228703529,10.526498140860486,70.89347741104356,27.110838076167635,4.388192950080856,25727.939415930792,263.04215551067347,768.6968816146143,280.00038854225545
behavior_window,continuous,e92e7c09-c1b8-4f72-a7a8-f75077608d1b,ee98be6a-039b-4299-8c10-326d03c2af79,2026-08-17T09:52:56.775000+00:00,window_aggregate,,,,,,,,,,2026-08-15T21:52:54.742000+00:00,2026-08-15T21:53:24.742000+00:00,,,,,,,,,,,,,,,,,,,,,,,,,,,,,,2026-08-17T09:52:56.775000+00:00,,,,,,,,,,,,,,,,,,,,,,,,,,,,,,,,,1.2373666350222625,0.5121748349786003,1.0,0.38711378426659404,0.10682419836758036,87.05690228703529,10.526498140860486,70.89347741104356,27.110838076167635,4.388192950080856,25727.939415930792,263.04215551067347,768.6968816146143,280.00038854225545
behavior_window,continuous,e92e7c09-c1b8-4f72-a7a8-f75077608d1b,ee98be6a-039b-4299-8c10-326d03c2af79,2026-08-17T09:52:56.775000+00:00,window_aggregate,,,,,,,,,,2026-08-15T21:52:54.742000+00:00,2026-08-15T21:53:24.742000+00:00,,,,,,,,,,,,,,,,,,,,,,,,,,,,,,2026-08-17T09:52:56.775000+00:00,,,,,,,,,,,,,,,,,,,,,,,,,,,,,,,,,1.2373666350222625,0.5121748349786003,1.0,0.38711378426659404,0.10682419836758036,87.05690228703529,10.526498140860486,70.89347741104356,27.110838076167635,4.388192950080856,25727.939415930792,263.04215551067347,768.6968816146143,280.00038854225545
behavior_window,continuous,e92e7c09-c1b8-4f72-a7a8-f75077608d1b,ee98be6a-039b-4299-8c10-326d03c2af79,2026-08-17T09:52:56.776000+00:00,window_aggregate,,,,,,,,,,2026-08-17T06:52:54.742000+00:00,2026-08-17T06:53:24.742000+00:00,,,,,,,,,,,,,,,,,,,,,,,,,,,,,,2026-08-17T09:52:56.776000+00:00,,,,,,,,,,,,,,,,,,,,,,,,,,,,,,,,,0.8398550094592867,0.9354600161802867,8.0,0.4495884276002897,0.08414396688250911,134.91258927007652,17.77199888714577,51.00785461030416,14.746500018936807,3.0359193946085687,41260.29841025937,454.2109431931385,1341.6648433767346,333.1422809645135
behavior_window,continuous,e92e7c09-c1b8-4f72-a7a8-f75077608d1b,ee98be6a-039b-4299-8c10-326d03c2af79,2026-08-17T09:52:56.776000+00:00,window_aggregate,,,,,,,,,,2026-08-17T06:52:54.742000+00:00,2026-08-17T06:53:24.742000+00:00,,,,,,,,,,,,,,,,,,,,,,,,,,,,,,2026-08-17T09:52:56.776000+00:00,,,,,,,,,,,,,,,,,,,,,,,,,,,,,,,,,0.8398550094592867,0.9354600161802867,8.0,0.4495884276002897,0.08414396688250911,134.91258927007652,17.77199888714577,51.00785461030416,14.746500018936807,3.0359193946085687,41260.29841025937,454.2109431931385,1341.6648433767346,333.1422809645135
behavior_window,continuous,e92e7c09-c1b8-4f72-a7a8-f75077608d1b,ee98be6a-039b-4299-8c10-326d03c2af79,2026-08-17T09:52:56.776000+00:00,window_aggregate,,,,,,,,,,2026-08-17T06:52:54.742000+00:00,2026-08-17T06:53:24.742000+00:00,,,,,,,,,,,,,,,,,,,,,,,,,,,,,,2026-08-17T09:52:56.776000+00:00,,,,,,,,,,,,,,,,,,,,,,,,,,,,,,,,,0.8398550094592867,0.9354600161802867,8.0,0.4495884276002897,0.08414396688250911,134.91258927007652,17.77199888714577,51.00785461030416,14.746500018936807,3.0359193946085687,41260.29841025937,454.2109431931385,1341.6648433767346,333.1422809645135
behavior_window,continuous,e92e7c09-c1b8-4f72-a7a8-f75077608d1b,69d68992-ff33-49ca-bb69-3b9d7ac5f694,2026-08-17T09:52:56.776000+00:00,window_aggregate,,,,,,,,,,2026-08-14T15:52:54.742000+00:00,2026-08-14T15:53:24.742000+00:00,,,,,,,,,,,,,,,,,,,,,,,,,,,,,,2026-08-17T09:52:56.776000+00:00,,,,,,,,,,,,,,,,,,,,,,,,,,,,,,,,,1.1363065046143637,0.14062702953319178,3.0,0.13377446718181993,0.09864507780806875,120.92816216512202,13.628462740448976,70.65255001277559,18.719133954124555,3.7289535614475326,3275.030440461608,51.26337109414242,887.3002914292861,332.4885320757937
behavior_window,continuous,e92e7c09-c1b8-4f72-a7a8-f75077608d1b,69d68992-ff33-49ca-bb69-3b9d7ac5f694,2026-08-17T09:52:56.776000+00:00,window_aggregate,,,,,,,,,,2026-08-14T15:52:54.742000+00:00,2026-08-14T15:53:24.742000+00:00,,,,,,,,,,,,,,,,,,,,,,,,,,,,,,2026-08-17T09:52:56.776000+00:00,,,,,,,,,,,,,,,,,,,,,,,,,,,,,,,,,1.1363065046143637,0.14062702953319178,3.0,0.13377446718181993,0.09864507780806875,120.92816216512202,13.628462740448976,70.65255001277559,18.719133954124555,3.7289535614475326,3275.030440461608,51.26337109414242,887.3002914292861,332.4885320757937
behavior_window,continuous,e92e7c09-c1b8-4f72-a7a8-f75077608d1b,69d68992-ff33-49ca-bb69-3b9d7ac5f694,2026-08-17T09:52:56.776000+00:00,window_aggregate,,,,,,,,,,2026-08-14T15:52:54.742000+00:00,2026-08-14T15:53:24.742000+00:00,,,,,,,,,,,,,,,,,,,,,,,,,,,,,,2026-08-17T09:52:56.776000+00:00,,,,,,,,,,,,,,,,,,,,,,,,,,,,,,,,,1.1363065046143637,0.14062702953319178,3.0,0.13377446718181993,0.09864507780806875,120.92816216512202,13.628462740448976,70.65255001277559,18.719133954124555,3.7289535614475326,3275.030440461608,51.26337109414242,887.3002914292861,332.4885320757937
behavior_window,continuous,e92e7c09-c1b8-4f72-a7a8-f75077608d1b,7ce5291a-f895-4163-b747-7b6fd263d381,2026-08-17T09:52:56.777000+00:00,window_aggregate,,,,,,,,,,2026-08-16T00:52:54.742000+00:00,2026-08-16T00:53:24.742000+00:00,,,,,,,,,,,,,,,,,,,,,,,,,,,,,,2026-08-17T09:52:56.777000+00:00,,,,,,,,,,,,,,,,,,,,,,,,,,,,,,,,,1.3662807480029002,0.23890224678084668,5.0,0.22803597186287394,0.18289454243370817,104.72443529381624,21.04712023196117,71.27751544597747,18.5962576747812,4.834571053698684,9235.579955739004,466.88614633550753,831.8355884292448,484.4843098263122
behavior_window,continuous,e92e7c09-c1b8-4f72-a7a8-f75077608d1b,7ce5291a-f895-4163-b747-7b6fd263d381,2026-08-17T09:52:56.777000+00:00,window_aggregate,,,,,,,,,,2026-08-16T00:52:54.742000+00:00,2026-08-16T00:53:24.742000+00:00,,,,,,,,,,,,,,,,,,,,,,,,,,,,,,2026-08-17T09:52:56.777000+00:00,,,,,,,,,,,,,,,,,,,,,,,,,,,,,,,,,1.3662807480029002,0.23890224678084668,5.0,0.22803597186287394,0.18289454243370817,104.72443529381624,21.04712023196117,71.27751544597747,18.5962576747812,4.834571053698684,9235.579955739004,466.88614633550753,831.8355884292448,484.4843098263122
behavior_window,continuous,e92e7c09-c1b8-4f72-a7a8-f75077608d1b,7ce5291a-f895-4163-b747-7b6fd263d381,2026-08-17T09:52:56.777000+00:00,window_aggregate,,,,,,,,,,2026-08-16T00:52:54.742000+00:00,2026-08-16T00:53:24.742000+00:00,,,,,,,,,,,,,,,,,,,,,,,,,,,,,,2026-08-17T09:52:56.777000+00:00,,,,,,,,,,,,,,,,,,,,,,,,,,,,,,,,,1.3662807480029002,0.23890224678084668,5.0,0.22803597186287394,0.18289454243370817,104.72443529381624,21.04712023196117,71.27751544597747,18.5962576747812,4.834571053698684,9235.579955739004,466.88614633550753,831.8355884292448,484.4843098263122
behavior_window,continuous,e92e7c09-c1b8-4f72-a7a8-f75077608d1b,69d68992-ff33-49ca-bb69-3b9d7ac5f694,2026-08-17T09:52:56.776000+00:00,window_aggregate,,,,,,,,,,2026-08-14T23:52:54.742000+00:00,2026-08-14T23:53:24.742000+00:00,,,,,,,,,,,,,,,,,,,,,,,,,,,,,,2026-08-17T09:52:56.776000+00:00,,,,,,,,,,,,,,,,,,,,,,,,,,,,,,,,,0.5312654378832183,0.7106679572535455,5.0,0.3345083149127644,0.13486447438139132,99.14920499608624,27.859773063577215,103.33555109877045,7.092968179073948,4.745032832073953,27443.271361018073,489.94781947428885,596.5490357632593,363.348681189893
behavior_window,continuous,e92e7c09-c1b8-4f72-a7a8-f75077608d1b,69d68992-ff33-49ca-bb69-3b9d7ac5f694,2026-08-17T09:52:56.776000+00:00,window_aggregate,,,,,,,,,,2026-08-14T23:52:54.742000+00:00,2026-08-14T23:53:24.742000+00:00,,,,,,,,,,,,,,,,,,,,,,,,,,,,,,2026-08-17T09:52:56.776000+00:00,,,,,,,,,,,,,,,,,,,,,,,,,,,,,,,,,0.5312654378832183,0.7106679572535455,5.0,0.3345083149127644,0.13486447438139132,99.14920499608624,27.859773063577215,103.33555109877045,7.092968179073948,4.745032832073953,27443.271361018073,489.94781947428885,596.5490357632593,363.348681189893
behavior_window,continuous,e92e7c09-c1b8-4f72-a7a8-f75077608d1b,69d68992-ff33-49ca-bb69-3b9d7ac5f694,2026-08-17T09:52:56.776000+00:00,window_aggregate,,,,,,,,,,2026-08-14T23:52:54.742000+00:00,2026-08-14T23:53:24.742000+00:00,,,,,,,,,,,,,,,,,,,,,,,,,,,,,,2026-08-17T09:52:56.776000+00:00,,,,,,,,,,,,,,,,,,,,,,,,,,,,,,,,,0.5312654378832183,0.7106679572535455,5.0,0.3345083149127644,0.13486447438139132,99.14920499608624,27.859773063577215,103.33555109877045,7.092968179073948,4.745032832073953,27443.271361018073,489.94781947428885,596.5490357632593,363.348681189893
behavior_window,continuous,e92e7c09-c1b8-4f72-a7a8-f75077608d1b,e4d349cb-5353-4fcf-a3bd-bd5cd405127b,2026-08-17T09:52:56.776000+00:00,window_aggregate,,,,,,,,,,2026-08-14T20:52:54.742000+00:00,2026-08-14T20:53:24.742000+00:00,,,,,,,,,,,,,,,,,,,,,,,,,,,,,,2026-08-17T09:52:56.776000+00:00,,,,,,,,,,,,,,,,,,,,,,,,,,,,,,,,,2.5306519368818847,0.8879627388984183,7.0,0.4783661716498103,0.07638996516593777,113.98951882113492,21.3675161031734,84.30734907119947,16.980402181952513,4.90965186478488,43378.22384451256,89.43838045784192,913.969936266028,272.87261130606174
behavior_window,continuous,e92e7c09-c1b8-4f72-a7a8-f75077608d1b,e4d349cb-5353-4fcf-a3bd-bd5cd405127b,2026-08-17T09:52:56.776000+00:00,window_aggregate,,,,,,,,,,2026-08-14T20:52:54.742000+00:00,2026-08-14T20:53:24.742000+00:00,,,,,,,,,,,,,,,,,,,,,,,,,,,,,,2026-08-17T09:52:56.776000+00:00,,,,,,,,,,,,,,,,,,,,,,,,,,,,,,,,,2.5306519368818847,0.8879627388984183,7.0,0.4783661716498103,0.07638996516593777,113.98951882113492,21.3675161031734,84.30734907119947,16.980402181952513,4.90965186478488,43378.22384451256,89.43838045784192,913.969936266028,272.87261130606174
behavior_window,continuous,e92e7c09-c1b8-4f72-a7a8-f75077608d1b,e4d349cb-5353-4fcf-a3bd-bd5cd405127b,2026-08-17T09:52:56.776000+00:00,window_aggregate,,,,,,,,,,2026-08-14T20:52:54.742000+00:00,2026-08-14T20:53:24.742000+00:00,,,,,,,,,,,,,,,,,,,,,,,,,,,,,,2026-08-17T09:52:56.776000+00:00,,,,,,,,,,,,,,,,,,,,,,,,,,,,,,,,,2.5306519368818847,0.8879627388984183,7.0,0.4783661716498103,0.07638996516593777,113.98951882113492,21.3675161031734,84.30734907119947,16.980402181952513,4.90965186478488,43378.22384451256,89.43838045784192,913.969936266028,272.87261130606174
behavior_window,continuous,e92e7c09-c1b8-4f72-a7a8-f75077608d1b,dbcafd98-6f46-4010-b5d0-13b23c34f677,2026-08-17T09:52:56.776000+00:00,window_aggregate,,,,,,,,,,2026-08-16T09:52:54.742000+00:00,2026-08-16T09:53:24.742000+00:00,,,,,,,,,,,,,,,,,,,,,,,,,,,,,,2026-08-17T09:52:56.776000+00:00,,,,,,,,,,,,,,,,,,,,,,,,,,,,,,,,,2.6536884112430017,0.5334552650875835,5.0,0.4116488198907132,0.16865590420053606,89.00063815421305,28.592682697784866,105.2585144819152,19.964058625619757,5.446062243445201,32674.538075601282,264.89256037195537,1134.7261539870397,299.4909082818265
behavior_window,continuous,e92e7c09-c1b8-4f72-a7a8-f75077608d1b,dbcafd98-6f46-4010-b5d0-13b23c34f677,2026-08-17T09:52:56.776000+00:00,window_aggregate,,,,,,,,,,2026-08-16T09:52:54.742000+00:00,2026-08-16T09:53:24.742000+00:00,,,,,,,,,,,,,,,,,,,,,,,,,,,,,,2026-08-17T09:52:56.776000+00:00,,,,,,,,,,,,,,,,,,,,,,,,,,,,,,,,,2.6536884112430017,0.5334552650875835,5.0,0.4116488198907132,0.16865590420053606,89.00063815421305,28.592682697784866,105.2585144819152,19.964058625619757,5.446062243445201,32674.538075601282,264.89256037195537,1134.7261539870397,299.4909082818265
behavior_window,continuous,e92e7c09-c1b8-4f72-a7a8-f75077608d1b,dbcafd98-6f46-4010-b5d0-13b23c34f677,2026-08-17T09:52:56.776000+00:00,window_aggregate,,,,,,,,,,2026-08-16T09:52:54.742000+00:00,2026-08-16T09:53:24.742000+00:00,,,,,,,,,,,,,,,,,,,,,,,,,,,,,,2026-08-17T09:52:56.776000+00:00,,,,,,,,,,,,,,,,,,,,,,,,,,,,,,,,,2.6536884112430017,0.5334552650875835,5.0,0.4116488198907132,0.16865590420053606,89.00063815421305,28.592682697784866,105.2585144819152,19.964058625619757,5.446062243445201,32674.538075601282,264.89256037195537,1134.7261539870397,299.4909082818265
behavior_window,continuous,e92e7c09-c1b8-4f72-a7a8-f75077608d1b,dbcafd98-6f46-4010-b5d0-13b23c34f677,2026-08-17T09:52:56.777000+00:00,window_aggregate,,,,,,,,,,2026-08-16T20:52:54.742000+00:00,2026-08-16T20:53:24.742000+00:00,,,,,,,,,,,,,,,,,,,,,,,,,,,,,,2026-08-17T09:52:56.777000+00:00,,,,,,,,,,,,,,,,,,,,,,,,,,,,,,,,,1.9849093539956428,0.6906672699573596,2.0,0.45807560441573203,0.0851187344060732,145.03016230705794,39.019021648128245,100.89484534531286,21.959662301628207,3.639435030290339,26753.99421236279,267.8342199324061,547.5139096543078,209.6597652773818
behavior_window,continuous,e92e7c09-c1b8-4f72-a7a8-f75077608d1b,dbcafd98-6f46-4010-b5d0-13b23c34f677,2026-08-17T09:52:56.777000+00:00,window_aggregate,,,,,,,,,,2026-08-16T20:52:54.742000+00:00,2026-08-16T20:53:24.742000+00:00,,,,,,,,,,,,,,,,,,,,,,,,,,,,,,2026-08-17T09:52:56.777000+00:00,,,,,,,,,,,,,,,,,,,,,,,,,,,,,,,,,1.9849093539956428,0.6906672699573596,2.0,0.45807560441573203,0.0851187344060732,145.03016230705794,39.019021648128245,100.89484534531286,21.959662301628207,3.639435030290339,26753.99421236279,267.8342199324061,547.5139096543078,209.6597652773818
behavior_window,continuous,e92e7c09-c1b8-4f72-a7a8-f75077608d1b,dbcafd98-6f46-4010-b5d0-13b23c34f677,2026-08-17T09:52:56.777000+00:00,window_aggregate,,,,,,,,,,2026-08-16T20:52:54.742000+00:00,2026-08-16T20:53:24.742000+00:00,,,,,,,,,,,,,,,,,,,,,,,,,,,,,,2026-08-17T09:52:56.777000+00:00,,,,,,,,,,,,,,,,,,,,,,,,,,,,,,,,,1.9849093539956428,0.6906672699573596,2.0,0.45807560441573203,0.0851187344060732,145.03016230705794,39.019021648128245,100.89484534531286,21.959662301628207,3.639435030290339,26753.99421236279,267.8342199324061,547.5139096543078,209.6597652773818
behavior_window,continuous,e92e7c09-c1b8-4f72-a7a8-f75077608d1b,7ce5291a-f895-4163-b747-7b6fd263d381,2026-08-17T09:52:56.777000+00:00,window_aggregate,,,,,,,,,,2026-08-16T09:52:54.742000+00:00,2026-08-16T09:53:24.742000+00:00,,,,,,,,,,,,,,,,,,,,,,,,,,,,,,2026-08-17T09:52:56.777000+00:00,,,,,,,,,,,,,,,,,,,,,,,,,,,,,,,,,2.9557153936262237,0.9172583290965813,10.0,0.389596603763645,0.1179720508674238,143.76066269479895,12.864049564800464,70.39207508901832,19.299098324482635,5.238364445823539,10775.563600108753,140.58289407803974,1285.1888789994096,210.05071676693402
behavior_window,continuous,e92e7c09-c1b8-4f72-a7a8-f75077608d1b,7ce5291a-f895-4163-b747-7b6fd263d381,2026-08-17T09:52:56.777000+00:00,window_aggregate,,,,,,,,,,2026-08-16T09:52:54.742000+00:00,2026-08-16T09:53:24.742000+00:00,,,,,,,,,,,,,,,,,,,,,,,,,,,,,,2026-08-17T09:52:56.777000+00:00,,,,,,,,,,,,,,,,,,,,,,,,,,,,,,,,,2.9557153936262237,0.9172583290965813,10.0,0.389596603763645,0.1179720508674238,143.76066269479895,12.864049564800464,70.39207508901832,19.299098324482635,5.238364445823539,10775.563600108753,140.58289407803974,1285.1888789994096,210.05071676693402
behavior_window,continuous,e92e7c09-c1b8-4f72-a7a8-f75077608d1b,7ce5291a-f895-4163-b747-7b6fd263d381,2026-08-17T09:52:56.777000+00:00,window_aggregate,,,,,,,,,,2026-08-16T09:52:54.742000+00:00,2026-08-16T09:53:24.742000+00:00,,,,,,,,,,,,,,,,,,,,,,,,,,,,,,2026-08-17T09:52:56.777000+00:00,,,,,,,,,,,,,,,,,,,,,,,,,,,,,,,,,2.9557153936262237,0.9172583290965813,10.0,0.389596603763645,0.1179720508674238,143.76066269479895,12.864049564800464,70.39207508901832,19.299098324482635,5.238364445823539,10775.563600108753,140.58289407803974,1285.1888789994096,210.05071676693402
behavior_window,continuous,e92e7c09-c1b8-4f72-a7a8-f75077608d1b,7ce5291a-f895-4163-b747-7b6fd263d381,2026-08-17T09:52:56.777000+00:00,window_aggregate,,,,,,,,,,2026-08-15T02:52:54.742000+00:00,2026-08-15T02:53:24.742000+00:00,,,,,,,,,,,,,,,,,,,,,,,,,,,,,,2026-08-17T09:52:56.777000+00:00,,,,,,,,,,,,,,,,,,,,,,,,,,,,,,,,,2.992311152587495,0.7049823973075067,0.0,0.1925177953880991,0.1867451252801165,81.20606510615737,23.029936944546968,100.41910439249219,9.986436394409314,4.560695337188282,18753.57955471885,337.16421185804995,1470.797019419116,141.80923094867413
behavior_window,continuous,e92e7c09-c1b8-4f72-a7a8-f75077608d1b,7ce5291a-f895-4163-b747-7b6fd263d381,2026-08-17T09:52:56.777000+00:00,window_aggregate,,,,,,,,,,2026-08-15T02:52:54.742000+00:00,2026-08-15T02:53:24.742000+00:00,,,,,,,,,,,,,,,,,,,,,,,,,,,,,,2026-08-17T09:52:56.777000+00:00,,,,,,,,,,,,,,,,,,,,,,,,,,,,,,,,,2.992311152587495,0.7049823973075067,0.0,0.1925177953880991,0.1867451252801165,81.20606510615737,23.029936944546968,100.41910439249219,9.986436394409314,4.560695337188282,18753.57955471885,337.16421185804995,1470.797019419116,141.80923094867413
behavior_window,continuous,e92e7c09-c1b8-4f72-a7a8-f75077608d1b,7ce5291a-f895-4163-b747-7b6fd263d381,2026-08-17T09:52:56.777000+00:00,window_aggregate,,,,,,,,,,2026-08-15T02:52:54.742000+00:00,2026-08-15T02:53:24.742000+00:00,,,,,,,,,,,,,,,,,,,,,,,,,,,,,,2026-08-17T09:52:56.777000+00:00,,,,,,,,,,,,,,,,,,,,,,,,,,,,,,,,,2.992311152587495,0.7049823973075067,0.0,0.1925177953880991,0.1867451252801165,81.20606510615737,23.029936944546968,100.41910439249219,9.986436394409314,4.560695337188282,18753.57955471885,337.16421185804995,1470.797019419116,141.80923094867413
behavior_window,continuous,e92e7c09-c1b8-4f72-a7a8-f75077608d1b,69d68992-ff33-49ca-bb69-3b9d7ac5f694,2026-08-17T09:52:56.776000+00:00,window_aggregate,,,,,,,,,,2026-08-14T10:52:54.742000+00:00,2026-08-14T10:53:24.742000+00:00,,,,,,,,,,,,,,,,,,,,,,,,,,,,,,2026-08-17T09:52:56.776000+00:00,,,,,,,,,,,,,,,,,,,,,,,,,,,,,,,,,1.1841051940631648,0.9028818005445716,10.0,0.16126859804096136,0.14541524928905764,115.53338342131737,22.183413117269083,65.45012481290604,13.729898880320755,3.806297662028637,49998.817337163375,69.89445875319849,938.6773172616568,280.6497549251284
behavior_window,continuous,e92e7c09-c1b8-4f72-a7a8-f75077608d1b,69d68992-ff33-49ca-bb69-3b9d7ac5f694,2026-08-17T09:52:56.776000+00:00,window_aggregate,,,,,,,,,,2026-08-14T10:52:54.742000+00:00,2026-08-14T10:53:24.742000+00:00,,,,,,,,,,,,,,,,,,,,,,,,,,,,,,2026-08-17T09:52:56.776000+00:00,,,,,,,,,,,,,,,,,,,,,,,,,,,,,,,,,1.1841051940631648,0.9028818005445716,10.0,0.16126859804096136,0.14541524928905764,115.53338342131737,22.183413117269083,65.45012481290604,13.729898880320755,3.806297662028637,49998.817337163375,69.89445875319849,938.6773172616568,280.6497549251284
behavior_window,continuous,e92e7c09-c1b8-4f72-a7a8-f75077608d1b,69d68992-ff33-49ca-bb69-3b9d7ac5f694,2026-08-17T09:52:56.776000+00:00,window_aggregate,,,,,,,,,,2026-08-14T10:52:54.742000+00:00,2026-08-14T10:53:24.742000+00:00,,,,,,,,,,,,,,,,,,,,,,,,,,,,,,2026-08-17T09:52:56.776000+00:00,,,,,,,,,,,,,,,,,,,,,,,,,,,,,,,,,1.1841051940631648,0.9028818005445716,10.0,0.16126859804096136,0.14541524928905764,115.53338342131737,22.183413117269083,65.45012481290604,13.729898880320755,3.806297662028637,49998.817337163375,69.89445875319849,938.6773172616568,280.6497549251284
behavior_window,continuous,e92e7c09-c1b8-4f72-a7a8-f75077608d1b,69d68992-ff33-49ca-bb69-3b9d7ac5f694,2026-08-17T09:52:56.776000+00:00,window_aggregate,,,,,,,,,,2026-08-15T02:52:54.742000+00:00,2026-08-15T02:53:24.742000+00:00,,,,,,,,,,,,,,,,,,,,,,,,,,,,,,2026-08-17T09:52:56.776000+00:00,,,,,,,,,,,,,,,,,,,,,,,,,,,,,,,,,1.8156678663550774,0.2418314965835426,1.0,0.46843149719287713,0.11217663858275567,98.08222325163634,35.75261989881231,90.57348666874123,16.55290443501394,3.5871306744591474,1860.0807733821712,432.56880815334944,1218.4003723150515,462.96919602641
behavior_window,continuous,e92e7c09-c1b8-4f72-a7a8-f75077608d1b,69d68992-ff33-49ca-bb69-3b9d7ac5f694,2026-08-17T09:52:56.776000+00:00,window_aggregate,,,,,,,,,,2026-08-15T02:52:54.742000+00:00,2026-08-15T02:53:24.742000+00:00,,,,,,,,,,,,,,,,,,,,,,,,,,,,,,2026-08-17T09:52:56.776000+00:00,,,,,,,,,,,,,,,,,,,,,,,,,,,,,,,,,1.8156678663550774,0.2418314965835426,1.0,0.46843149719287713,0.11217663858275567,98.08222325163634,35.75261989881231,90.57348666874123,16.55290443501394,3.5871306744591474,1860.0807733821712,432.56880815334944,1218.4003723150515,462.96919602641
behavior_window,continuous,e92e7c09-c1b8-4f72-a7a8-f75077608d1b,69d68992-ff33-49ca-bb69-3b9d7ac5f694,2026-08-17T09:52:56.776000+00:00,window_aggregate,,,,,,,,,,2026-08-15T02:52:54.742000+00:00,2026-08-15T02:53:24.742000+00:00,,,,,,,,,,,,,,,,,,,,,,,,,,,,,,2026-08-17T09:52:56.776000+00:00,,,,,,,,,,,,,,,,,,,,,,,,,,,,,,,,,1.8156678663550774,0.2418314965835426,1.0,0.46843149719287713,0.11217663858275567,98.08222325163634,35.75261989881231,90.57348666874123,16.55290443501394,3.5871306744591474,1860.0807733821712,432.56880815334944,1218.4003723150515,462.96919602641
behavior_window,continuous,e92e7c09-c1b8-4f72-a7a8-f75077608d1b,e4d349cb-5353-4fcf-a3bd-bd5cd405127b,2026-08-17T09:52:56.776000+00:00,window_aggregate,,,,,,,,,,2026-08-15T07:52:54.742000+00:00,2026-08-15T07:53:24.742000+00:00,,,,,,,,,,,,,,,,,,,,,,,,,,,,,,2026-08-17T09:52:56.776000+00:00,,,,,,,,,,,,,,,,,,,,,,,,,,,,,,,,,0.7948748036381679,0.4266592796364128,4.0,0.19039108173630515,0.11014808024203816,144.74405838785754,33.6299995088951,110.30114755628004,5.976113786609353,5.927007428756716,6506.191602143531,29.15268509033786,1474.6076540779995,424.9162714590788
behavior_window,continuous,e92e7c09-c1b8-4f72-a7a8-f75077608d1b,e4d349cb-5353-4fcf-a3bd-bd5cd405127b,2026-08-17T09:52:56.776000+00:00,window_aggregate,,,,,,,,,,2026-08-15T07:52:54.742000+00:00,2026-08-15T07:53:24.742000+00:00,,,,,,,,,,,,,,,,,,,,,,,,,,,,,,2026-08-17T09:52:56.776000+00:00,,,,,,,,,,,,,,,,,,,,,,,,,,,,,,,,,0.7948748036381679,0.4266592796364128,4.0,0.19039108173630515,0.11014808024203816,144.74405838785754,33.6299995088951,110.30114755628004,5.976113786609353,5.927007428756716,6506.191602143531,29.15268509033786,1474.6076540779995,424.9162714590788
behavior_window,continuous,e92e7c09-c1b8-4f72-a7a8-f75077608d1b,e4d349cb-5353-4fcf-a3bd-bd5cd405127b,2026-08-17T09:52:56.776000+00:00,window_aggregate,,,,,,,,,,2026-08-15T07:52:54.742000+00:00,2026-08-15T07:53:24.742000+00:00,,,,,,,,,,,,,,,,,,,,,,,,,,,,,,2026-08-17T09:52:56.776000+00:00,,,,,,,,,,,,,,,,,,,,,,,,,,,,,,,,,0.7948748036381679,0.4266592796364128,4.0,0.19039108173630515,0.11014808024203816,144.74405838785754,33.6299995088951,110.30114755628004,5.976113786609353,5.927007428756716,6506.191602143531,29.15268509033786,1474.6076540779995,424.9162714590788
behavior_window,continuous,e92e7c09-c1b8-4f72-a7a8-f75077608d1b,69d68992-ff33-49ca-bb69-3b9d7ac5f694,2026-08-17T09:52:56.776000+00:00,window_aggregate,,,,,,,,,,2026-08-16T03:52:54.742000+00:00,2026-08-16T03:53:24.742000+00:00,,,,,,,,,,,,,,,,,,,,,,,,,,,,,,2026-08-17T09:52:56.776000+00:00,,,,,,,,,,,,,,,,,,,,,,,,,,,,,,,,,1.5921944190225361,0.39482865129582023,3.0,0.3234720660047804,0.16578486492804526,133.86793480253445,19.485430611455676,88.6439184920003,16.698398319681505,5.822031016566662,38121.68850479266,125.94282773763481,1000.8901107221134,226.56320703924698
behavior_window,continuous,e92e7c09-c1b8-4f72-a7a8-f75077608d1b,69d68992-ff33-49ca-bb69-3b9d7ac5f694,2026-08-17T09:52:56.776000+00:00,window_aggregate,,,,,,,,,,2026-08-16T03:52:54.742000+00:00,2026-08-16T03:53:24.742000+00:00,,,,,,,,,,,,,,,,,,,,,,,,,,,,,,2026-08-17T09:52:56.776000+00:00,,,,,,,,,,,,,,,,,,,,,,,,,,,,,,,,,1.5921944190225361,0.39482865129582023,3.0,0.3234720660047804,0.16578486492804526,133.86793480253445,19.485430611455676,88.6439184920003,16.698398319681505,5.822031016566662,38121.68850479266,125.94282773763481,1000.8901107221134,226.56320703924698
behavior_window,continuous,e92e7c09-c1b8-4f72-a7a8-f75077608d1b,69d68992-ff33-49ca-bb69-3b9d7ac5f694,2026-08-17T09:52:56.776000+00:00,window_aggregate,,,,,,,,,,2026-08-16T03:52:54.742000+00:00,2026-08-16T03:53:24.742000+00:00,,,,,,,,,,,,,,,,,,,,,,,,,,,,,,2026-08-17T09:52:56.776000+00:00,,,,,,,,,,,,,,,,,,,,,,,,,,,,,,,,,1.5921944190225361,0.39482865129582023,3.0,0.3234720660047804,0.16578486492804526,133.86793480253445,19.485430611455676,88.6439184920003,16.698398319681505,5.822031016566662,38121.68850479266,125.94282773763481,1000.8901107221134,226.56320703924698
behavior_window,continuous,e92e7c09-c1b8-4f72-a7a8-f75077608d1b,dbcafd98-6f46-4010-b5d0-13b23c34f677,2026-08-17T09:52:56.777000+00:00,window_aggregate,,,,,,,,,,2026-08-15T05:52:54.742000+00:00,2026-08-15T05:53:24.742000+00:00,,,,,,,,,,,,,,,,,,,,,,,,,,,,,,2026-08-17T09:52:56.777000+00:00,,,,,,,,,,,,,,,,,,,,,,,,,,,,,,,,,0.6372874904704069,0.6092678550984836,0.0,0.2127205998458003,0.12213599977022169,105.36437127529683,18.852810248818415,66.26312649771187,13.198962681572178,3.8972447796784655,9242.909996669103,337.69712059903856,598.4263692946,400.8249625350112
behavior_window,continuous,e92e7c09-c1b8-4f72-a7a8-f75077608d1b,dbcafd98-6f46-4010-b5d0-13b23c34f677,2026-08-17T09:52:56.777000+00:00,window_aggregate,,,,,,,,,,2026-08-15T05:52:54.742000+00:00,2026-08-15T05:53:24.742000+00:00,,,,,,,,,,,,,,,,,,,,,,,,,,,,,,2026-08-17T09:52:56.777000+00:00,,,,,,,,,,,,,,,,,,,,,,,,,,,,,,,,,0.6372874904704069,0.6092678550984836,0.0,0.2127205998458003,0.12213599977022169,105.36437127529683,18.852810248818415,66.26312649771187,13.198962681572178,3.8972447796784655,9242.909996669103,337.69712059903856,598.4263692946,400.8249625350112
behavior_window,continuous,e92e7c09-c1b8-4f72-a7a8-f75077608d1b,dbcafd98-6f46-4010-b5d0-13b23c34f677,2026-08-17T09:52:56.777000+00:00,window_aggregate,,,,,,,,,,2026-08-15T05:52:54.742000+00:00,2026-08-15T05:53:24.742000+00:00,,,,,,,,,,,,,,,,,,,,,,,,,,,,,,2026-08-17T09:52:56.777000+00:00,,,,,,,,,,,,,,,,,,,,,,,,,,,,,,,,,0.6372874904704069,0.6092678550984836,0.0,0.2127205998458003,0.12213599977022169,105.36437127529683,18.852810248818415,66.26312649771187,13.198962681572178,3.8972447796784655,9242.909996669103,337.69712059903856,598.4263692946,400.8249625350112
behavior_window,continuous,e92e7c09-c1b8-4f72-a7a8-f75077608d1b,dbcafd98-6f46-4010-b5d0-13b23c34f677,2026-08-17T09:52:56.777000+00:00,window_aggregate,,,,,,,,,,2026-08-17T02:52:54.742000+00:00,2026-08-17T02:53:24.742000+00:00,,,,,,,,,,,,,,,,,,,,,,,,,,,,,,2026-08-17T09:52:56.777000+00:00,,,,,,,,,,,,,,,,,,,,,,,,,,,,,,,,,0.9637702269423688,0.2527196920796785,9.0,0.3203802632959863,0.13441763765268583,140.69973444538437,28.253776481888124,83.41214007748383,18.86510715226278,3.5052991983258943,35231.39456869222,419.76826874479593,1433.6811981036062,422.99184338313125
behavior_window,continuous,e92e7c09-c1b8-4f72-a7a8-f75077608d1b,dbcafd98-6f46-4010-b5d0-13b23c34f677,2026-08-17T09:52:56.777000+00:00,window_aggregate,,,,,,,,,,2026-08-17T02:52:54.742000+00:00,2026-08-17T02:53:24.742000+00:00,,,,,,,,,,,,,,,,,,,,,,,,,,,,,,2026-08-17T09:52:56.777000+00:00,,,,,,,,,,,,,,,,,,,,,,,,,,,,,,,,,0.9637702269423688,0.2527196920796785,9.0,0.3203802632959863,0.13441763765268583,140.69973444538437,28.253776481888124,83.41214007748383,18.86510715226278,3.5052991983258943,35231.39456869222,419.76826874479593,1433.6811981036062,422.99184338313125
behavior_window,continuous,e92e7c09-c1b8-4f72-a7a8-f75077608d1b,dbcafd98-6f46-4010-b5d0-13b23c34f677,2026-08-17T09:52:56.777000+00:00,window_aggregate,,,,,,,,,,2026-08-17T02:52:54.742000+00:00,2026-08-17T02:53:24.742000+00:00,,,,,,,,,,,,,,,,,,,,,,,,,,,,,,2026-08-17T09:52:56.777000+00:00,,,,,,,,,,,,,,,,,,,,,,,,,,,,,,,,,0.9637702269423688,0.2527196920796785,9.0,0.3203802632959863,0.13441763765268583,140.69973444538437,28.253776481888124,83.41214007748383,18.86510715226278,3.5052991983258943,35231.39456869222,419.76826874479593,1433.6811981036062,422.99184338313125
behavior_window,continuous,e92e7c09-c1b8-4f72-a7a8-f75077608d1b,ee98be6a-039b-4299-8c10-326d03c2af79,2026-08-17T09:52:56.775000+00:00,window_aggregate,,,,,,,,,,2026-08-16T00:52:54.742000+00:00,2026-08-16T00:53:24.742000+00:00,,,,,,,,,,,,,,,,,,,,,,,,,,,,,,2026-08-17T09:52:56.775000+00:00,,,,,,,,,,,,,,,,,,,,,,,,,,,,,,,,,0.7761881810086753,0.8675373584936712,7.0,0.21629741244496323,0.11064570353974243,121.62914254892678,18.540368223311475,51.57528020281463,20.657047686635835,5.357821085190777,45929.04973834424,307.28533929047353,1298.9296388184546,397.980815614588
behavior_window,continuous,e92e7c09-c1b8-4f72-a7a8-f75077608d1b,ee98be6a-039b-4299-8c10-326d03c2af79,2026-08-17T09:52:56.775000+00:00,window_aggregate,,,,,,,,,,2026-08-16T00:52:54.742000+00:00,2026-08-16T00:53:24.742000+00:00,,,,,,,,,,,,,,,,,,,,,,,,,,,,,,2026-08-17T09:52:56.775000+00:00,,,,,,,,,,,,,,,,,,,,,,,,,,,,,,,,,0.7761881810086753,0.8675373584936712,7.0,0.21629741244496323,0.11064570353974243,121.62914254892678,18.540368223311475,51.57528020281463,20.657047686635835,5.357821085190777,45929.04973834424,307.28533929047353,1298.9296388184546,397.980815614588
behavior_window,continuous,e92e7c09-c1b8-4f72-a7a8-f75077608d1b,ee98be6a-039b-4299-8c10-326d03c2af79,2026-08-17T09:52:56.775000+00:00,window_aggregate,,,,,,,,,,2026-08-16T00:52:54.742000+00:00,2026-08-16T00:53:24.742000+00:00,,,,,,,,,,,,,,,,,,,,,,,,,,,,,,2026-08-17T09:52:56.775000+00:00,,,,,,,,,,,,,,,,,,,,,,,,,,,,,,,,,0.7761881810086753,0.8675373584936712,7.0,0.21629741244496323,0.11064570353974243,121.62914254892678,18.540368223311475,51.57528020281463,20.657047686635835,5.357821085190777,45929.04973834424,307.28533929047353,1298.9296388184546,397.980815614588
behavior_window,continuous,e92e7c09-c1b8-4f72-a7a8-f75077608d1b,69d68992-ff33-49ca-bb69-3b9d7ac5f694,2026-08-17T09:52:56.776000+00:00,window_aggregate,,,,,,,,,,2026-08-15T13:52:54.742000+00:00,2026-08-15T13:53:24.742000+00:00,,,,,,,,,,,,,,,,,,,,,,,,,,,,,,2026-08-17T09:52:56.776000+00:00,,,,,,,,,,,,,,,,,,,,,,,,,,,,,,,,,1.2589482339699427,0.38257635380735144,8.0,0.22671715694023906,0.13149727353790824,133.3995118468153,21.290742979393904,100.42358840408596,8.416662551401123,4.368599404285671,12441.216709550024,433.39961446619196,1475.971132277552,437.11733398343506
behavior_window,continuous,e92e7c09-c1b8-4f72-a7a8-f75077608d1b,69d68992-ff33-49ca-bb69-3b9d7ac5f694,2026-08-17T09:52:56.776000+00:00,window_aggregate,,,,,,,,,,2026-08-15T13:52:54.742000+00:00,2026-08-15T13:53:24.742000+00:00,,,,,,,,,,,,,,,,,,,,,,,,,,,,,,2026-08-17T09:52:56.776000+00:00,,,,,,,,,,,,,,,,,,,,,,,,,,,,,,,,,1.2589482339699427,0.38257635380735144,8.0,0.22671715694023906,0.13149727353790824,133.3995118468153,21.290742979393904,100.42358840408596,8.416662551401123,4.368599404285671,12441.216709550024,433.39961446619196,1475.971132277552,437.11733398343506
behavior_window,continuous,e92e7c09-c1b8-4f72-a7a8-f75077608d1b,69d68992-ff33-49ca-bb69-3b9d7ac5f694,2026-08-17T09:52:56.776000+00:00,window_aggregate,,,,,,,,,,2026-08-15T13:52:54.742000+00:00,2026-08-15T13:53:24.742000+00:00,,,,,,,,,,,,,,,,,,,,,,,,,,,,,,2026-08-17T09:52:56.776000+00:00,,,,,,,,,,,,,,,,,,,,,,,,,,,,,,,,,1.2589482339699427,0.38257635380735144,8.0,0.22671715694023906,0.13149727353790824,133.3995118468153,21.290742979393904,100.42358840408596,8.416662551401123,4.368599404285671,12441.216709550024,433.39961446619196,1475.971132277552,437.11733398343506
behavior_window,continuous,e92e7c09-c1b8-4f72-a7a8-f75077608d1b,dbcafd98-6f46-4010-b5d0-13b23c34f677,2026-08-17T09:52:56.777000+00:00,window_aggregate,,,,,,,,,,2026-08-16T08:52:54.742000+00:00,2026-08-16T08:53:24.742000+00:00,,,,,,,,,,,,,,,,,,,,,,,,,,,,,,2026-08-17T09:52:56.777000+00:00,,,,,,,,,,,,,,,,,,,,,,,,,,,,,,,,,0.7601102625234595,0.6154134431662951,9.0,0.11501635621714615,0.11341856749967406,90.48291490934604,17.990074135484505,68.26458874279739,14.156644655979376,5.6638447307573365,26285.30703708446,96.30850609290698,539.045374750542,469.77064054754305
behavior_window,continuous,e92e7c09-c1b8-4f72-a7a8-f75077608d1b,dbcafd98-6f46-4010-b5d0-13b23c34f677,2026-08-17T09:52:56.777000+00:00,window_aggregate,,,,,,,,,,2026-08-16T08:52:54.742000+00:00,2026-08-16T08:53:24.742000+00:00,,,,,,,,,,,,,,,,,,,,,,,,,,,,,,2026-08-17T09:52:56.777000+00:00,,,,,,,,,,,,,,,,,,,,,,,,,,,,,,,,,0.7601102625234595,0.6154134431662951,9.0,0.11501635621714615,0.11341856749967406,90.48291490934604,17.990074135484505,68.26458874279739,14.156644655979376,5.6638447307573365,26285.30703708446,96.30850609290698,539.045374750542,469.77064054754305
behavior_window,continuous,e92e7c09-c1b8-4f72-a7a8-f75077608d1b,dbcafd98-6f46-4010-b5d0-13b23c34f677,2026-08-17T09:52:56.777000+00:00,window_aggregate,,,,,,,,,,2026-08-16T08:52:54.742000+00:00,2026-08-16T08:53:24.742000+00:00,,,,,,,,,,,,,,,,,,,,,,,,,,,,,,2026-08-17T09:52:56.777000+00:00,,,,,,,,,,,,,,,,,,,,,,,,,,,,,,,,,0.7601102625234595,0.6154134431662951,9.0,0.11501635621714615,0.11341856749967406,90.48291490934604,17.990074135484505,68.26458874279739,14.156644655979376,5.6638447307573365,26285.30703708446,96.30850609290698,539.045374750542,469.77064054754305
behavior_window,continuous,e92e7c09-c1b8-4f72-a7a8-f75077608d1b,69d68992-ff33-49ca-bb69-3b9d7ac5f694,2026-08-17T09:52:56.776000+00:00,window_aggregate,,,,,,,,,,2026-08-15T17:52:54.742000+00:00,2026-08-15T17:53:24.742000+00:00,,,,,,,,,,,,,,,,,,,,,,,,,,,,,,2026-08-17T09:52:56.776000+00:00,,,,,,,,,,,,,,,,,,,,,,,,,,,,,,,,,0.971801375160093,0.5383176725084806,10.0,0.2547835914154442,0.092139594579049,147.99429461506367,18.083728546401925,71.53999831347116,27.471299204702376,3.8242774540893905,38882.39255805064,227.69981518730597,634.1133190885417,218.65849742221837
behavior_window,continuous,e92e7c09-c1b8-4f72-a7a8-f75077608d1b,69d68992-ff33-49ca-bb69-3b9d7ac5f694,2026-08-17T09:52:56.776000+00:00,window_aggregate,,,,,,,,,,2026-08-15T17:52:54.742000+00:00,2026-08-15T17:53:24.742000+00:00,,,,,,,,,,,,,,,,,,,,,,,,,,,,,,2026-08-17T09:52:56.776000+00:00,,,,,,,,,,,,,,,,,,,,,,,,,,,,,,,,,0.971801375160093,0.5383176725084806,10.0,0.2547835914154442,0.092139594579049,147.99429461506367,18.083728546401925,71.53999831347116,27.471299204702376,3.8242774540893905,38882.39255805064,227.69981518730597,634.1133190885417,218.65849742221837
behavior_window,continuous,e92e7c09-c1b8-4f72-a7a8-f75077608d1b,69d68992-ff33-49ca-bb69-3b9d7ac5f694,2026-08-17T09:52:56.776000+00:00,window_aggregate,,,,,,,,,,2026-08-15T17:52:54.742000+00:00,2026-08-15T17:53:24.742000+00:00,,,,,,,,,,,,,,,,,,,,,,,,,,,,,,2026-08-17T09:52:56.776000+00:00,,,,,,,,,,,,,,,,,,,,,,,,,,,,,,,,,0.971801375160093,0.5383176725084806,10.0,0.2547835914154442,0.092139594579049,147.99429461506367,18.083728546401925,71.53999831347116,27.471299204702376,3.8242774540893905,38882.39255805064,227.69981518730597,634.1133190885417,218.65849742221837
behavior_window,continuous,e92e7c09-c1b8-4f72-a7a8-f75077608d1b,e4d349cb-5353-4fcf-a3bd-bd5cd405127b,2026-08-17T09:52:56.776000+00:00,window_aggregate,,,,,,,,,,2026-08-14T21:52:54.742000+00:00,2026-08-14T21:53:24.742000+00:00,,,,,,,,,,,,,,,,,,,,,,,,,,,,,,2026-08-17T09:52:56.776000+00:00,,,,,,,,,,,,,,,,,,,,,,,,,,,,,,,,,2.459151448309928,0.9196411096287648,9.0,0.4392812334017807,0.15384462241729643,108.1359380904409,31.638230715599587,94.74240024139021,20.480489294975655,5.220647733168032,42650.22719601987,281.2543917358198,622.1866499619057,131.85923114452973
behavior_window,continuous,e92e7c09-c1b8-4f72-a7a8-f75077608d1b,e4d349cb-5353-4fcf-a3bd-bd5cd405127b,2026-08-17T09:52:56.776000+00:00,window_aggregate,,,,,,,,,,2026-08-14T21:52:54.742000+00:00,2026-08-14T21:53:24.742000+00:00,,,,,,,,,,,,,,,,,,,,,,,,,,,,,,2026-08-17T09:52:56.776000+00:00,,,,,,,,,,,,,,,,,,,,,,,,,,,,,,,,,2.459151448309928,0.9196411096287648,9.0,0.4392812334017807,0.15384462241729643,108.1359380904409,31.638230715599587,94.74240024139021,20.480489294975655,5.220647733168032,42650.22719601987,281.2543917358198,622.1866499619057,131.85923114452973
behavior_window,continuous,e92e7c09-c1b8-4f72-a7a8-f75077608d1b,e4d349cb-5353-4fcf-a3bd-bd5cd405127b,2026-08-17T09:52:56.776000+00:00,window_aggregate,,,,,,,,,,2026-08-14T21:52:54.742000+00:00,2026-08-14T21:53:24.742000+00:00,,,,,,,,,,,,,,,,,,,,,,,,,,,,,,2026-08-17T09:52:56.776000+00:00,,,,,,,,,,,,,,,,,,,,,,,,,,,,,,,,,2.459151448309928,0.9196411096287648,9.0,0.4392812334017807,0.15384462241729643,108.1359380904409,31.638230715599587,94.74240024139021,20.480489294975655,5.220647733168032,42650.22719601987,281.2543917358198,622.1866499619057,131.85923114452973
behavior_window,continuous,e92e7c09-c1b8-4f72-a7a8-f75077608d1b,e4d349cb-5353-4fcf-a3bd-bd5cd405127b,2026-08-17T09:52:56.776000+00:00,window_aggregate,,,,,,,,,,2026-08-16T07:52:54.742000+00:00,2026-08-16T07:53:24.742000+00:00,,,,,,,,,,,,,,,,,,,,,,,,,,,,,,2026-08-17T09:52:56.776000+00:00,,,,,,,,,,,,,,,,,,,,,,,,,,,,,,,,,1.7804712532496185,0.4916290783854357,8.0,0.21912629014354842,0.11189266298309666,85.8213973901208,14.476881968431897,89.47601248503045,12.869946823240292,5.42919413961113,35966.247083517745,80.73408231355073,1472.612829509254,184.73731459791475
behavior_window,continuous,e92e7c09-c1b8-4f72-a7a8-f75077608d1b,e4d349cb-5353-4fcf-a3bd-bd5cd405127b,2026-08-17T09:52:56.776000+00:00,window_aggregate,,,,,,,,,,2026-08-16T07:52:54.742000+00:00,2026-08-16T07:53:24.742000+00:00,,,,,,,,,,,,,,,,,,,,,,,,,,,,,,2026-08-17T09:52:56.776000+00:00,,,,,,,,,,,,,,,,,,,,,,,,,,,,,,,,,1.7804712532496185,0.4916290783854357,8.0,0.21912629014354842,0.11189266298309666,85.8213973901208,14.476881968431897,89.47601248503045,12.869946823240292,5.42919413961113,35966.247083517745,80.73408231355073,1472.612829509254,184.73731459791475
behavior_window,continuous,e92e7c09-c1b8-4f72-a7a8-f75077608d1b,e4d349cb-5353-4fcf-a3bd-bd5cd405127b,2026-08-17T09:52:56.776000+00:00,window_aggregate,,,,,,,,,,2026-08-16T07:52:54.742000+00:00,2026-08-16T07:53:24.742000+00:00,,,,,,,,,,,,,,,,,,,,,,,,,,,,,,2026-08-17T09:52:56.776000+00:00,,,,,,,,,,,,,,,,,,,,,,,,,,,,,,,,,1.7804712532496185,0.4916290783854357,8.0,0.21912629014354842,0.11189266298309666,85.8213973901208,14.476881968431897,89.47601248503045,12.869946823240292,5.42919413961113,35966.247083517745,80.73408231355073,1472.612829509254,184.73731459791475
behavior_window,continuous,e92e7c09-c1b8-4f72-a7a8-f75077608d1b,dbcafd98-6f46-4010-b5d0-13b23c34f677,2026-08-17T09:52:56.776000+00:00,window_aggregate,,,,,,,,,,2026-08-15T16:52:54.742000+00:00,2026-08-15T16:53:24.742000+00:00,,,,,,,,,,,,,,,,,,,,,,,,,,,,,,2026-08-17T09:52:56.776000+00:00,,,,,,,,,,,,,,,,,,,,,,,,,,,,,,,,,1.1885820975600674,0.5261487637583111,9.0,0.49327951025137373,0.08646264991392177,105.19662869027265,31.709396463340678,76.50556373087363,6.677163379868688,3.9339599489681296,26945.311401944607,371.4524349190258,640.1923928438356,314.11610169648543
behavior_window,continuous,e92e7c09-c1b8-4f72-a7a8-f75077608d1b,dbcafd98-6f46-4010-b5d0-13b23c34f677,2026-08-17T09:52:56.776000+00:00,window_aggregate,,,,,,,,,,2026-08-15T16:52:54.742000+00:00,2026-08-15T16:53:24.742000+00:00,,,,,,,,,,,,,,,,,,,,,,,,,,,,,,2026-08-17T09:52:56.776000+00:00,,,,,,,,,,,,,,,,,,,,,,,,,,,,,,,,,1.1885820975600674,0.5261487637583111,9.0,0.49327951025137373,0.08646264991392177,105.19662869027265,31.709396463340678,76.50556373087363,6.677163379868688,3.9339599489681296,26945.311401944607,371.4524349190258,640.1923928438356,314.11610169648543
behavior_window,continuous,e92e7c09-c1b8-4f72-a7a8-f75077608d1b,dbcafd98-6f46-4010-b5d0-13b23c34f677,2026-08-17T09:52:56.776000+00:00,window_aggregate,,,,,,,,,,2026-08-15T16:52:54.742000+00:00,2026-08-15T16:53:24.742000+00:00,,,,,,,,,,,,,,,,,,,,,,,,,,,,,,2026-08-17T09:52:56.776000+00:00,,,,,,,,,,,,,,,,,,,,,,,,,,,,,,,,,1.1885820975600674,0.5261487637583111,9.0,0.49327951025137373,0.08646264991392177,105.19662869027265,31.709396463340678,76.50556373087363,6.677163379868688,3.9339599489681296,26945.311401944607,371.4524349190258,640.1923928438356,314.11610169648543
behavior_window,continuous,e92e7c09-c1b8-4f72-a7a8-f75077608d1b,dbcafd98-6f46-4010-b5d0-13b23c34f677,2026-08-17T09:52:56.777000+00:00,window_aggregate,,,,,,,,,,2026-08-15T15:52:54.742000+00:00,2026-08-15T15:53:24.742000+00:00,,,,,,,,,,,,,,,,,,,,,,,,,,,,,,2026-08-17T09:52:56.777000+00:00,,,,,,,,,,,,,,,,,,,,,,,,,,,,,,,,,2.5582296886855045,0.24846676432743006,6.0,0.16033415163486753,0.10898138768974225,131.50044732655152,10.894877231427033,109.78199299470594,11.141542490449725,4.451313041491879,3772.0932194678835,361.39951801687226,1133.9273532520574,396.0768057909628
behavior_window,continuous,e92e7c09-c1b8-4f72-a7a8-f75077608d1b,dbcafd98-6f46-4010-b5d0-13b23c34f677,2026-08-17T09:52:56.777000+00:00,window_aggregate,,,,,,,,,,2026-08-15T15:52:54.742000+00:00,2026-08-15T15:53:24.742000+00:00,,,,,,,,,,,,,,,,,,,,,,,,,,,,,,2026-08-17T09:52:56.777000+00:00,,,,,,,,,,,,,,,,,,,,,,,,,,,,,,,,,2.5582296886855045,0.24846676432743006,6.0,0.16033415163486753,0.10898138768974225,131.50044732655152,10.894877231427033,109.78199299470594,11.141542490449725,4.451313041491879,3772.0932194678835,361.39951801687226,1133.9273532520574,396.0768057909628
behavior_window,continuous,e92e7c09-c1b8-4f72-a7a8-f75077608d1b,dbcafd98-6f46-4010-b5d0-13b23c34f677,2026-08-17T09:52:56.777000+00:00,window_aggregate,,,,,,,,,,2026-08-15T15:52:54.742000+00:00,2026-08-15T15:53:24.742000+00:00,,,,,,,,,,,,,,,,,,,,,,,,,,,,,,2026-08-17T09:52:56.777000+00:00,,,,,,,,,,,,,,,,,,,,,,,,,,,,,,,,,2.5582296886855045,0.24846676432743006,6.0,0.16033415163486753,0.10898138768974225,131.50044732655152,10.894877231427033,109.78199299470594,11.141542490449725,4.451313041491879,3772.0932194678835,361.39951801687226,1133.9273532520574,396.0768057909628
behavior_window,continuous,e92e7c09-c1b8-4f72-a7a8-f75077608d1b,ee98be6a-039b-4299-8c10-326d03c2af79,2026-08-17T09:52:56.775000+00:00,window_aggregate,,,,,,,,,,2026-08-16T01:52:54.742000+00:00,2026-08-16T01:53:24.742000+00:00,,,,,,,,,,,,,,,,,,,,,,,,,,,,,,2026-08-17T09:52:56.775000+00:00,,,,,,,,,,,,,,,,,,,,,,,,,,,,,,,,,1.0900811321725488,0.27624763109289074,2.0,0.25584337342200447,0.07115519477606741,114.98117991110735,23.341851485265487,55.16249734802683,19.057684101650658,4.3167361471822,20637.210557453225,211.71271030455858,1143.2424701759405,462.075892538882
behavior_window,continuous,e92e7c09-c1b8-4f72-a7a8-f75077608d1b,ee98be6a-039b-4299-8c10-326d03c2af79,2026-08-17T09:52:56.775000+00:00,window_aggregate,,,,,,,,,,2026-08-16T01:52:54.742000+00:00,2026-08-16T01:53:24.742000+00:00,,,,,,,,,,,,,,,,,,,,,,,,,,,,,,2026-08-17T09:52:56.775000+00:00,,,,,,,,,,,,,,,,,,,,,,,,,,,,,,,,,1.0900811321725488,0.27624763109289074,2.0,0.25584337342200447,0.07115519477606741,114.98117991110735,23.341851485265487,55.16249734802683,19.057684101650658,4.3167361471822,20637.210557453225,211.71271030455858,1143.2424701759405,462.075892538882
behavior_window,continuous,e92e7c09-c1b8-4f72-a7a8-f75077608d1b,ee98be6a-039b-4299-8c10-326d03c2af79,2026-08-17T09:52:56.775000+00:00,window_aggregate,,,,,,,,,,2026-08-16T01:52:54.742000+00:00,2026-08-16T01:53:24.742000+00:00,,,,,,,,,,,,,,,,,,,,,,,,,,,,,,2026-08-17T09:52:56.775000+00:00,,,,,,,,,,,,,,,,,,,,,,,,,,,,,,,,,1.0900811321725488,0.27624763109289074,2.0,0.25584337342200447,0.07115519477606741,114.98117991110735,23.341851485265487,55.16249734802683,19.057684101650658,4.3167361471822,20637.210557453225,211.71271030455858,1143.2424701759405,462.075892538882
behavior_window,continuous,e92e7c09-c1b8-4f72-a7a8-f75077608d1b,ee98be6a-039b-4299-8c10-326d03c2af79,2026-08-17T09:52:56.776000+00:00,window_aggregate,,,,,,,,,,2026-08-14T13:52:54.742000+00:00,2026-08-14T13:53:24.742000+00:00,,,,,,,,,,,,,,,,,,,,,,,,,,,,,,2026-08-17T09:52:56.776000+00:00,,,,,,,,,,,,,,,,,,,,,,,,,,,,,,,,,1.6624314350483385,0.36279687869163046,3.0,0.19381544400124923,0.16081587487920634,121.24325458330017,17.443814507023436,58.51910691851435,20.209295606928656,5.441515793674693,16020.183036108803,347.0894339387737,741.3407531164826,463.76712757393625
behavior_window,continuous,e92e7c09-c1b8-4f72-a7a8-f75077608d1b,ee98be6a-039b-4299-8c10-326d03c2af79,2026-08-17T09:52:56.776000+00:00,window_aggregate,,,,,,,,,,2026-08-14T13:52:54.742000+00:00,2026-08-14T13:53:24.742000+00:00,,,,,,,,,,,,,,,,,,,,,,,,,,,,,,2026-08-17T09:52:56.776000+00:00,,,,,,,,,,,,,,,,,,,,,,,,,,,,,,,,,1.6624314350483385,0.36279687869163046,3.0,0.19381544400124923,0.16081587487920634,121.24325458330017,17.443814507023436,58.51910691851435,20.209295606928656,5.441515793674693,16020.183036108803,347.0894339387737,741.3407531164826,463.76712757393625
behavior_window,continuous,e92e7c09-c1b8-4f72-a7a8-f75077608d1b,ee98be6a-039b-4299-8c10-326d03c2af79,2026-08-17T09:52:56.776000+00:00,window_aggregate,,,,,,,,,,2026-08-14T13:52:54.742000+00:00,2026-08-14T13:53:24.742000+00:00,,,,,,,,,,,,,,,,,,,,,,,,,,,,,,2026-08-17T09:52:56.776000+00:00,,,,,,,,,,,,,,,,,,,,,,,,,,,,,,,,,1.6624314350483385,0.36279687869163046,3.0,0.19381544400124923,0.16081587487920634,121.24325458330017,17.443814507023436,58.51910691851435,20.209295606928656,5.441515793674693,16020.183036108803,347.0894339387737,741.3407531164826,463.76712757393625
behavior_window,continuous,e92e7c09-c1b8-4f72-a7a8-f75077608d1b,ee98be6a-039b-4299-8c10-326d03c2af79,2026-08-17T09:52:56.776000+00:00,window_aggregate,,,,,,,,,,2026-08-15T13:52:54.742000+00:00,2026-08-15T13:53:24.742000+00:00,,,,,,,,,,,,,,,,,,,,,,,,,,,,,,2026-08-17T09:52:56.776000+00:00,,,,,,,,,,,,,,,,,,,,,,,,,,,,,,,,,0.9239412124923179,0.8852251913444692,6.0,0.3134131245552757,0.16826600586625368,123.5267265627533,20.762158946548382,52.377801852130624,24.60310349665443,4.036912284452799,47430.078647853086,34.669487815976176,1477.594823477169,119.05230766205023
behavior_window,continuous,e92e7c09-c1b8-4f72-a7a8-f75077608d1b,ee98be6a-039b-4299-8c10-326d03c2af79,2026-08-17T09:52:56.776000+00:00,window_aggregate,,,,,,,,,,2026-08-15T13:52:54.742000+00:00,2026-08-15T13:53:24.742000+00:00,,,,,,,,,,,,,,,,,,,,,,,,,,,,,,2026-08-17T09:52:56.776000+00:00,,,,,,,,,,,,,,,,,,,,,,,,,,,,,,,,,0.9239412124923179,0.8852251913444692,6.0,0.3134131245552757,0.16826600586625368,123.5267265627533,20.762158946548382,52.377801852130624,24.60310349665443,4.036912284452799,47430.078647853086,34.669487815976176,1477.594823477169,119.05230766205023
behavior_window,continuous,e92e7c09-c1b8-4f72-a7a8-f75077608d1b,ee98be6a-039b-4299-8c10-326d03c2af79,2026-08-17T09:52:56.776000+00:00,window_aggregate,,,,,,,,,,2026-08-15T13:52:54.742000+00:00,2026-08-15T13:53:24.742000+00:00,,,,,,,,,,,,,,,,,,,,,,,,,,,,,,2026-08-17T09:52:56.776000+00:00,,,,,,,,,,,,,,,,,,,,,,,,,,,,,,,,,0.9239412124923179,0.8852251913444692,6.0,0.3134131245552757,0.16826600586625368,123.5267265627533,20.762158946548382,52.377801852130624,24.60310349665443,4.036912284452799,47430.078647853086,34.669487815976176,1477.594823477169,119.05230766205023
behavior_window,continuous,e92e7c09-c1b8-4f72-a7a8-f75077608d1b,dbcafd98-6f46-4010-b5d0-13b23c34f677,2026-08-17T09:52:56.777000+00:00,window_aggregate,,,,,,,,,,2026-08-15T08:52:54.742000+00:00,2026-08-15T08:53:24.742000+00:00,,,,,,,,,,,,,,,,,,,,,,,,,,,,,,2026-08-17T09:52:56.777000+00:00,,,,,,,,,,,,,,,,,,,,,,,,,,,,,,,,,2.0966632680063926,0.43522688396161446,9.0,0.48429570897607965,0.05911113421501432,96.77600722556727,28.605937291632312,62.48785753517262,21.175059430877635,5.8076244297672694,3046.1094370571395,382.0709142259597,1096.4618026429962,215.76858566377032
behavior_window,continuous,e92e7c09-c1b8-4f72-a7a8-f75077608d1b,dbcafd98-6f46-4010-b5d0-13b23c34f677,2026-08-17T09:52:56.777000+00:00,window_aggregate,,,,,,,,,,2026-08-15T08:52:54.742000+00:00,2026-08-15T08:53:24.742000+00:00,,,,,,,,,,,,,,,,,,,,,,,,,,,,,,2026-08-17T09:52:56.777000+00:00,,,,,,,,,,,,,,,,,,,,,,,,,,,,,,,,,2.0966632680063926,0.43522688396161446,9.0,0.48429570897607965,0.05911113421501432,96.77600722556727,28.605937291632312,62.48785753517262,21.175059430877635,5.8076244297672694,3046.1094370571395,382.0709142259597,1096.4618026429962,215.76858566377032
behavior_window,continuous,e92e7c09-c1b8-4f72-a7a8-f75077608d1b,dbcafd98-6f46-4010-b5d0-13b23c34f677,2026-08-17T09:52:56.777000+00:00,window_aggregate,,,,,,,,,,2026-08-15T08:52:54.742000+00:00,2026-08-15T08:53:24.742000+00:00,,,,,,,,,,,,,,,,,,,,,,,,,,,,,,2026-08-17T09:52:56.777000+00:00,,,,,,,,,,,,,,,,,,,,,,,,,,,,,,,,,2.0966632680063926,0.43522688396161446,9.0,0.48429570897607965,0.05911113421501432,96.77600722556727,28.605937291632312,62.48785753517262,21.175059430877635,5.8076244297672694,3046.1094370571395,382.0709142259597,1096.4618026429962,215.76858566377032
behavior_window,continuous,e92e7c09-c1b8-4f72-a7a8-f75077608d1b,7ce5291a-f895-4163-b747-7b6fd263d381,2026-08-17T09:52:56.777000+00:00,window_aggregate,,,,,,,,,,2026-08-15T08:52:54.742000+00:00,2026-08-15T08:53:24.742000+00:00,,,,,,,,,,,,,,,,,,,,,,,,,,,,,,2026-08-17T09:52:56.777000+00:00,,,,,,,,,,,,,,,,,,,,,,,,,,,,,,,,,0.7857342175482005,0.5107784188449725,9.0,0.4277293415205127,0.18816307641254088,106.00407445371805,16.54435417579286,102.59111895448258,5.041780393838023,5.2639675050038335,39028.6492921706,38.52837930059982,1290.2399719455716,270.29742199869463
behavior_window,continuous,e92e7c09-c1b8-4f72-a7a8-f75077608d1b,7ce5291a-f895-4163-b747-7b6fd263d381,2026-08-17T09:52:56.777000+00:00,window_aggregate,,,,,,,,,,2026-08-15T08:52:54.742000+00:00,2026-08-15T08:53:24.742000+00:00,,,,,,,,,,,,,,,,,,,,,,,,,,,,,,2026-08-17T09:52:56.777000+00:00,,,,,,,,,,,,,,,,,,,,,,,,,,,,,,,,,0.7857342175482005,0.5107784188449725,9.0,0.4277293415205127,0.18816307641254088,106.00407445371805,16.54435417579286,102.59111895448258,5.041780393838023,5.2639675050038335,39028.6492921706,38.52837930059982,1290.2399719455716,270.29742199869463
behavior_window,continuous,e92e7c09-c1b8-4f72-a7a8-f75077608d1b,7ce5291a-f895-4163-b747-7b6fd263d381,2026-08-17T09:52:56.777000+00:00,window_aggregate,,,,,,,,,,2026-08-15T08:52:54.742000+00:00,2026-08-15T08:53:24.742000+00:00,,,,,,,,,,,,,,,,,,,,,,,,,,,,,,2026-08-17T09:52:56.777000+00:00,,,,,,,,,,,,,,,,,,,,,,,,,,,,,,,,,0.7857342175482005,0.5107784188449725,9.0,0.4277293415205127,0.18816307641254088,106.00407445371805,16.54435417579286,102.59111895448258,5.041780393838023,5.2639675050038335,39028.6492921706,38.52837930059982,1290.2399719455716,270.29742199869463
behavior_window,continuous,e92e7c09-c1b8-4f72-a7a8-f75077608d1b,ee98be6a-039b-4299-8c10-326d03c2af79,2026-08-17T09:52:56.775000+00:00,window_aggregate,,,,,,,,,,2026-08-15T01:52:54.742000+00:00,2026-08-15T01:53:24.742000+00:00,,,,,,,,,,,,,,,,,,,,,,,,,,,,,,2026-08-17T09:52:56.775000+00:00,,,,,,,,,,,,,,,,,,,,,,,,,,,,,,,,,0.731659679458569,0.7376564119576695,6.0,0.38002508759709464,0.1112836177548187,126.24499980315414,23.09989050897491,87.07224699192119,26.312037771130328,5.95853556284691,5398.178824599574,377.6479826983185,709.0143716632108,388.32629454163776
behavior_window,continuous,e92e7c09-c1b8-4f72-a7a8-f75077608d1b,ee98be6a-039b-4299-8c10-326d03c2af79,2026-08-17T09:52:56.775000+00:00,window_aggregate,,,,,,,,,,2026-08-15T01:52:54.742000+00:00,2026-08-15T01:53:24.742000+00:00,,,,,,,,,,,,,,,,,,,,,,,,,,,,,,2026-08-17T09:52:56.775000+00:00,,,,,,,,,,,,,,,,,,,,,,,,,,,,,,,,,0.731659679458569,0.7376564119576695,6.0,0.38002508759709464,0.1112836177548187,126.24499980315414,23.09989050897491,87.07224699192119,26.312037771130328,5.95853556284691,5398.178824599574,377.6479826983185,709.0143716632108,388.32629454163776
behavior_window,continuous,e92e7c09-c1b8-4f72-a7a8-f75077608d1b,ee98be6a-039b-4299-8c10-326d03c2af79,2026-08-17T09:52:56.775000+00:00,window_aggregate,,,,,,,,,,2026-08-15T01:52:54.742000+00:00,2026-08-15T01:53:24.742000+00:00,,,,,,,,,,,,,,,,,,,,,,,,,,,,,,2026-08-17T09:52:56.775000+00:00,,,,,,,,,,,,,,,,,,,,,,,,,,,,,,,,,0.731659679458569,0.7376564119576695,6.0,0.38002508759709464,0.1112836177548187,126.24499980315414,23.09989050897491,87.07224699192119,26.312037771130328,5.95853556284691,5398.178824599574,377.6479826983185,709.0143716632108,388.32629454163776
behavior_window,continuous,e92e7c09-c1b8-4f72-a7a8-f75077608d1b,e4d349cb-5353-4fcf-a3bd-bd5cd405127b,2026-08-17T09:52:56.776000+00:00,window_aggregate,,,,,,,,,,2026-08-15T22:52:54.742000+00:00,2026-08-15T22:53:24.742000+00:00,,,,,,,,,,,,,,,,,,,,,,,,,,,,,,2026-08-17T09:52:56.776000+00:00,,,,,,,,,,,,,,,,,,,,,,,,,,,,,,,,,1.875776607445749,0.6647516487390123,9.0,0.4694023611124757,0.15610575638885993,102.55535863490957,26.781944821078795,59.180725848681874,29.899288071853704,4.58755713574094,30605.779459652524,491.04943684377736,1324.2916382294218,489.2910063262311
behavior_window,continuous,e92e7c09-c1b8-4f72-a7a8-f75077608d1b,e4d349cb-5353-4fcf-a3bd-bd5cd405127b,2026-08-17T09:52:56.776000+00:00,window_aggregate,,,,,,,,,,2026-08-15T22:52:54.742000+00:00,2026-08-15T22:53:24.742000+00:00,,,,,,,,,,,,,,,,,,,,,,,,,,,,,,2026-08-17T09:52:56.776000+00:00,,,,,,,,,,,,,,,,,,,,,,,,,,,,,,,,,1.875776607445749,0.6647516487390123,9.0,0.4694023611124757,0.15610575638885993,102.55535863490957,26.781944821078795,59.180725848681874,29.899288071853704,4.58755713574094,30605.779459652524,491.04943684377736,1324.2916382294218,489.2910063262311
behavior_window,continuous,e92e7c09-c1b8-4f72-a7a8-f75077608d1b,e4d349cb-5353-4fcf-a3bd-bd5cd405127b,2026-08-17T09:52:56.776000+00:00,window_aggregate,,,,,,,,,,2026-08-15T22:52:54.742000+00:00,2026-08-15T22:53:24.742000+00:00,,,,,,,,,,,,,,,,,,,,,,,,,,,,,,2026-08-17T09:52:56.776000+00:00,,,,,,,,,,,,,,,,,,,,,,,,,,,,,,,,,1.875776607445749,0.6647516487390123,9.0,0.4694023611124757,0.15610575638885993,102.55535863490957,26.781944821078795,59.180725848681874,29.899288071853704,4.58755713574094,30605.779459652524,491.04943684377736,1324.2916382294218,489.2910063262311
behavior_window,continuous,e92e7c09-c1b8-4f72-a7a8-f75077608d1b,dbcafd98-6f46-4010-b5d0-13b23c34f677,2026-08-17T09:52:56.776000+00:00,window_aggregate,,,,,,,,,,2026-08-16T22:52:54.742000+00:00,2026-08-16T22:53:24.742000+00:00,,,,,,,,,,,,,,,,,,,,,,,,,,,,,,2026-08-17T09:52:56.776000+00:00,,,,,,,,,,,,,,,,,,,,,,,,,,,,,,,,,1.484731770652888,0.1700003012633553,2.0,0.11077139894559318,0.11450764648415714,91.01047161702449,37.09345538141904,111.20874769354404,18.280606175856967,4.342153240593377,13146.35580892035,51.86761736751011,1194.7955739947847,354.1858936857784
behavior_window,continuous,e92e7c09-c1b8-4f72-a7a8-f75077608d1b,dbcafd98-6f46-4010-b5d0-13b23c34f677,2026-08-17T09:52:56.776000+00:00,window_aggregate,,,,,,,,,,2026-08-16T22:52:54.742000+00:00,2026-08-16T22:53:24.742000+00:00,,,,,,,,,,,,,,,,,,,,,,,,,,,,,,2026-08-17T09:52:56.776000+00:00,,,,,,,,,,,,,,,,,,,,,,,,,,,,,,,,,1.484731770652888,0.1700003012633553,2.0,0.11077139894559318,0.11450764648415714,91.01047161702449,37.09345538141904,111.20874769354404,18.280606175856967,4.342153240593377,13146.35580892035,51.86761736751011,1194.7955739947847,354.1858936857784
behavior_window,continuous,e92e7c09-c1b8-4f72-a7a8-f75077608d1b,dbcafd98-6f46-4010-b5d0-13b23c34f677,2026-08-17T09:52:56.776000+00:00,window_aggregate,,,,,,,,,,2026-08-16T22:52:54.742000+00:00,2026-08-16T22:53:24.742000+00:00,,,,,,,,,,,,,,,,,,,,,,,,,,,,,,2026-08-17T09:52:56.776000+00:00,,,,,,,,,,,,,,,,,,,,,,,,,,,,,,,,,1.484731770652888,0.1700003012633553,2.0,0.11077139894559318,0.11450764648415714,91.01047161702449,37.09345538141904,111.20874769354404,18.280606175856967,4.342153240593377,13146.35580892035,51.86761736751011,1194.7955739947847,354.1858936857784
behavior_window,continuous,e92e7c09-c1b8-4f72-a7a8-f75077608d1b,69d68992-ff33-49ca-bb69-3b9d7ac5f694,2026-08-17T09:52:56.776000+00:00,window_aggregate,,,,,,,,,,2026-08-15T16:52:54.742000+00:00,2026-08-15T16:53:24.742000+00:00,,,,,,,,,,,,,,,,,,,,,,,,,,,,,,2026-08-17T09:52:56.776000+00:00,,,,,,,,,,,,,,,,,,,,,,,,,,,,,,,,,1.2891011826671863,0.7886083139343198,9.0,0.27040233534471203,0.1094387325944225,135.43618757180718,26.369865159555342,119.64881009646005,5.320474106097454,4.394894496645735,38966.1503817922,460.7361139531906,1382.509831642891,321.0562846808799
behavior_window,continuous,e92e7c09-c1b8-4f72-a7a8-f75077608d1b,69d68992-ff33-49ca-bb69-3b9d7ac5f694,2026-08-17T09:52:56.776000+00:00,window_aggregate,,,,,,,,,,2026-08-15T16:52:54.742000+00:00,2026-08-15T16:53:24.742000+00:00,,,,,,,,,,,,,,,,,,,,,,,,,,,,,,2026-08-17T09:52:56.776000+00:00,,,,,,,,,,,,,,,,,,,,,,,,,,,,,,,,,1.2891011826671863,0.7886083139343198,9.0,0.27040233534471203,0.1094387325944225,135.43618757180718,26.369865159555342,119.64881009646005,5.320474106097454,4.394894496645735,38966.1503817922,460.7361139531906,1382.509831642891,321.0562846808799
behavior_window,continuous,e92e7c09-c1b8-4f72-a7a8-f75077608d1b,69d68992-ff33-49ca-bb69-3b9d7ac5f694,2026-08-17T09:52:56.776000+00:00,window_aggregate,,,,,,,,,,2026-08-15T16:52:54.742000+00:00,2026-08-15T16:53:24.742000+00:00,,,,,,,,,,,,,,,,,,,,,,,,,,,,,,2026-08-17T09:52:56.776000+00:00,,,,,,,,,,,,,,,,,,,,,,,,,,,,,,,,,1.2891011826671863,0.7886083139343198,9.0,0.27040233534471203,0.1094387325944225,135.43618757180718,26.369865159555342,119.64881009646005,5.320474106097454,4.394894496645735,38966.1503817922,460.7361139531906,1382.509831642891,321.0562846808799
behavior_window,continuous,e92e7c09-c1b8-4f72-a7a8-f75077608d1b,69d68992-ff33-49ca-bb69-3b9d7ac5f694,2026-08-17T09:52:56.776000+00:00,window_aggregate,,,,,,,,,,2026-08-17T02:52:54.742000+00:00,2026-08-17T02:53:24.742000+00:00,,,,,,,,,,,,,,,,,,,,,,,,,,,,,,2026-08-17T09:52:56.776000+00:00,,,,,,,,,,,,,,,,,,,,,,,,,,,,,,,,,2.8568714283437098,0.9433131222878428,9.0,0.49946054074278157,0.18223720025020562,132.8160735189952,25.51783111265943,62.50170432791025,7.338784768472433,3.77392782592488,5704.670240775568,145.29609473379435,965.9734832444144,238.9743882751715
behavior_window,continuous,e92e7c09-c1b8-4f72-a7a8-f75077608d1b,69d68992-ff33-49ca-bb69-3b9d7ac5f694,2026-08-17T09:52:56.776000+00:00,window_aggregate,,,,,,,,,,2026-08-17T02:52:54.742000+00:00,2026-08-17T02:53:24.742000+00:00,,,,,,,,,,,,,,,,,,,,,,,,,,,,,,2026-08-17T09:52:56.776000+00:00,,,,,,,,,,,,,,,,,,,,,,,,,,,,,,,,,2.8568714283437098,0.9433131222878428,9.0,0.49946054074278157,0.18223720025020562,132.8160735189952,25.51783111265943,62.50170432791025,7.338784768472433,3.77392782592488,5704.670240775568,145.29609473379435,965.9734832444144,238.9743882751715
behavior_window,continuous,e92e7c09-c1b8-4f72-a7a8-f75077608d1b,69d68992-ff33-49ca-bb69-3b9d7ac5f694,2026-08-17T09:52:56.776000+00:00,window_aggregate,,,,,,,,,,2026-08-17T02:52:54.742000+00:00,2026-08-17T02:53:24.742000+00:00,,,,,,,,,,,,,,,,,,,,,,,,,,,,,,2026-08-17T09:52:56.776000+00:00,,,,,,,,,,,,,,,,,,,,,,,,,,,,,,,,,2.8568714283437098,0.9433131222878428,9.0,0.49946054074278157,0.18223720025020562,132.8160735189952,25.51783111265943,62.50170432791025,7.338784768472433,3.77392782592488,5704.670240775568,145.29609473379435,965.9734832444144,238.9743882751715
behavior_window,continuous,e92e7c09-c1b8-4f72-a7a8-f75077608d1b,dbcafd98-6f46-4010-b5d0-13b23c34f677,2026-08-17T09:52:56.776000+00:00,window_aggregate,,,,,,,,,,2026-08-16T08:52:54.742000+00:00,2026-08-16T08:53:24.742000+00:00,,,,,,,,,,,,,,,,,,,,,,,,,,,,,,2026-08-17T09:52:56.776000+00:00,,,,,,,,,,,,,,,,,,,,,,,,,,,,,,,,,2.97007450051753,0.5479580338161048,1.0,0.16529006448607286,0.10380330801519345,92.18856284837031,20.896415009286578,84.61855479893461,26.77893095535697,3.4072498108421114,7382.3907249826425,120.55360286778021,929.4921675515159,117.02498268516749
behavior_window,continuous,e92e7c09-c1b8-4f72-a7a8-f75077608d1b,dbcafd98-6f46-4010-b5d0-13b23c34f677,2026-08-17T09:52:56.776000+00:00,window_aggregate,,,,,,,,,,2026-08-16T08:52:54.742000+00:00,2026-08-16T08:53:24.742000+00:00,,,,,,,,,,,,,,,,,,,,,,,,,,,,,,2026-08-17T09:52:56.776000+00:00,,,,,,,,,,,,,,,,,,,,,,,,,,,,,,,,,2.97007450051753,0.5479580338161048,1.0,0.16529006448607286,0.10380330801519345,92.18856284837031,20.896415009286578,84.61855479893461,26.77893095535697,3.4072498108421114,7382.3907249826425,120.55360286778021,929.4921675515159,117.02498268516749
behavior_window,continuous,e92e7c09-c1b8-4f72-a7a8-f75077608d1b,dbcafd98-6f46-4010-b5d0-13b23c34f677,2026-08-17T09:52:56.776000+00:00,window_aggregate,,,,,,,,,,2026-08-16T08:52:54.742000+00:00,2026-08-16T08:53:24.742000+00:00,,,,,,,,,,,,,,,,,,,,,,,,,,,,,,2026-08-17T09:52:56.776000+00:00,,,,,,,,,,,,,,,,,,,,,,,,,,,,,,,,,2.97007450051753,0.5479580338161048,1.0,0.16529006448607286,0.10380330801519345,92.18856284837031,20.896415009286578,84.61855479893461,26.77893095535697,3.4072498108421114,7382.3907249826425,120.55360286778021,929.4921675515159,117.02498268516749
behavior_window,continuous,e92e7c09-c1b8-4f72-a7a8-f75077608d1b,dbcafd98-6f46-4010-b5d0-13b23c34f677,2026-08-17T09:52:56.776000+00:00,window_aggregate,,,,,,,,,,2026-08-15T08:52:54.742000+00:00,2026-08-15T08:53:24.742000+00:00,,,,,,,,,,,,,,,,,,,,,,,,,,,,,,2026-08-17T09:52:56.776000+00:00,,,,,,,,,,,,,,,,,,,,,,,,,,,,,,,,,2.337149346381752,0.7874325967431955,4.0,0.27802727248027936,0.17322550380503765,134.33088693998613,21.029123138198074,84.16396261769461,29.642083942843247,3.3802301663388374,27878.528603926967,432.5115430912301,962.5332210566182,489.75457768647897
behavior_window,continuous,e92e7c09-c1b8-4f72-a7a8-f75077608d1b,dbcafd98-6f46-4010-b5d0-13b23c34f677,2026-08-17T09:52:56.776000+00:00,window_aggregate,,,,,,,,,,2026-08-15T08:52:54.742000+00:00,2026-08-15T08:53:24.742000+00:00,,,,,,,,,,,,,,,,,,,,,,,,,,,,,,2026-08-17T09:52:56.776000+00:00,,,,,,,,,,,,,,,,,,,,,,,,,,,,,,,,,2.337149346381752,0.7874325967431955,4.0,0.27802727248027936,0.17322550380503765,134.33088693998613,21.029123138198074,84.16396261769461,29.642083942843247,3.3802301663388374,27878.528603926967,432.5115430912301,962.5332210566182,489.75457768647897
behavior_window,continuous,e92e7c09-c1b8-4f72-a7a8-f75077608d1b,dbcafd98-6f46-4010-b5d0-13b23c34f677,2026-08-17T09:52:56.776000+00:00,window_aggregate,,,,,,,,,,2026-08-15T08:52:54.742000+00:00,2026-08-15T08:53:24.742000+00:00,,,,,,,,,,,,,,,,,,,,,,,,,,,,,,2026-08-17T09:52:56.776000+00:00,,,,,,,,,,,,,,,,,,,,,,,,,,,,,,,,,2.337149346381752,0.7874325967431955,4.0,0.27802727248027936,0.17322550380503765,134.33088693998613,21.029123138198074,84.16396261769461,29.642083942843247,3.3802301663388374,27878.528603926967,432.5115430912301,962.5332210566182,489.75457768647897
behavior_window,continuous,e92e7c09-c1b8-4f72-a7a8-f75077608d1b,7ce5291a-f895-4163-b747-7b6fd263d381,2026-08-17T09:52:56.777000+00:00,window_aggregate,,,,,,,,,,2026-08-15T22:52:54.742000+00:00,2026-08-15T22:53:24.742000+00:00,,,,,,,,,,,,,,,,,,,,,,,,,,,,,,2026-08-17T09:52:56.777000+00:00,,,,,,,,,,,,,,,,,,,,,,,,,,,,,,,,,2.6875553732222395,0.6956698974209343,5.0,0.15637340092580665,0.17999431901474555,100.11257095744514,16.452899646233288,60.459512446961256,19.933707094844713,3.771544939238296,46378.42079908921,236.8189492537774,1411.470861840634,270.3346319572097
behavior_window,continuous,e92e7c09-c1b8-4f72-a7a8-f75077608d1b,7ce5291a-f895-4163-b747-7b6fd263d381,2026-08-17T09:52:56.777000+00:00,window_aggregate,,,,,,,,,,2026-08-15T22:52:54.742000+00:00,2026-08-15T22:53:24.742000+00:00,,,,,,,,,,,,,,,,,,,,,,,,,,,,,,2026-08-17T09:52:56.777000+00:00,,,,,,,,,,,,,,,,,,,,,,,,,,,,,,,,,2.6875553732222395,0.6956698974209343,5.0,0.15637340092580665,0.17999431901474555,100.11257095744514,16.452899646233288,60.459512446961256,19.933707094844713,3.771544939238296,46378.42079908921,236.8189492537774,1411.470861840634,270.3346319572097
behavior_window,continuous,e92e7c09-c1b8-4f72-a7a8-f75077608d1b,7ce5291a-f895-4163-b747-7b6fd263d381,2026-08-17T09:52:56.777000+00:00,window_aggregate,,,,,,,,,,2026-08-15T22:52:54.742000+00:00,2026-08-15T22:53:24.742000+00:00,,,,,,,,,,,,,,,,,,,,,,,,,,,,,,2026-08-17T09:52:56.777000+00:00,,,,,,,,,,,,,,,,,,,,,,,,,,,,,,,,,2.6875553732222395,0.6956698974209343,5.0,0.15637340092580665,0.17999431901474555,100.11257095744514,16.452899646233288,60.459512446961256,19.933707094844713,3.771544939238296,46378.42079908921,236.8189492537774,1411.470861840634,270.3346319572097
behavior_window,continuous,e92e7c09-c1b8-4f72-a7a8-f75077608d1b,7ce5291a-f895-4163-b747-7b6fd263d381,2026-08-17T09:52:56.777000+00:00,window_aggregate,,,,,,,,,,2026-08-16T08:52:54.742000+00:00,2026-08-16T08:53:24.742000+00:00,,,,,,,,,,,,,,,,,,,,,,,,,,,,,,2026-08-17T09:52:56.777000+00:00,,,,,,,,,,,,,,,,,,,,,,,,,,,,,,,,,0.7850022490673196,0.7600613021676818,2.0,0.1656906477256427,0.15886198409641744,103.21579057900144,11.972341337578431,66.06731417268699,25.463713528904243,3.9515614798259535,48929.286767879246,128.31073823280514,704.3763619261774,293.0758114731468
behavior_window,continuous,e92e7c09-c1b8-4f72-a7a8-f75077608d1b,7ce5291a-f895-4163-b747-7b6fd263d381,2026-08-17T09:52:56.777000+00:00,window_aggregate,,,,,,,,,,2026-08-16T08:52:54.742000+00:00,2026-08-16T08:53:24.742000+00:00,,,,,,,,,,,,,,,,,,,,,,,,,,,,,,2026-08-17T09:52:56.777000+00:00,,,,,,,,,,,,,,,,,,,,,,,,,,,,,,,,,0.7850022490673196,0.7600613021676818,2.0,0.1656906477256427,0.15886198409641744,103.21579057900144,11.972341337578431,66.06731417268699,25.463713528904243,3.9515614798259535,48929.286767879246,128.31073823280514,704.3763619261774,293.0758114731468
behavior_window,continuous,e92e7c09-c1b8-4f72-a7a8-f75077608d1b,7ce5291a-f895-4163-b747-7b6fd263d381,2026-08-17T09:52:56.777000+00:00,window_aggregate,,,,,,,,,,2026-08-16T08:52:54.742000+00:00,2026-08-16T08:53:24.742000+00:00,,,,,,,,,,,,,,,,,,,,,,,,,,,,,,2026-08-17T09:52:56.777000+00:00,,,,,,,,,,,,,,,,,,,,,,,,,,,,,,,,,0.7850022490673196,0.7600613021676818,2.0,0.1656906477256427,0.15886198409641744,103.21579057900144,11.972341337578431,66.06731417268699,25.463713528904243,3.9515614798259535,48929.286767879246,128.31073823280514,704.3763619261774,293.0758114731468
behavior_window,continuous,e92e7c09-c1b8-4f72-a7a8-f75077608d1b,094e9c7b-c46e-46d7-b155-28108d1ea807,2026-09-06T15:48:40.221000+00:00,window_aggregate,,,,,,,,,,1970-01-01T00:00:41.007000+00:00,1970-01-01T00:01:11.011000+00:00,,,,,,,,,,,,,,,,,,,,,,,,,,,,,,2026-09-06T15:48:40.221000+00:00,,,,,,,,,,,,,,,,,,,,,,,,,,,,,,,,,-0.004442,0.019185,7.0,0.352283,0.553827,172.74,265.91,283.3,273.15,0.27,3342.75,556.0,0.7593,1.0098
behavior_window,continuous,e92e7c09-c1b8-4f72-a7a8-f75077608d1b,094e9c7b-c46e-46d7-b155-28108d1ea807,2026-09-06T15:48:40.221000+00:00,window_aggregate,,,,,,,,,,1970-01-01T00:00:41.007000+00:00,1970-01-01T00:01:11.011000+00:00,,,,,,,,,,,,,,,,,,,,,,,,,,,,,,2026-09-06T15:48:40.221000+00:00,,,,,,,,,,,,,,,,,,,,,,,,,,,,,,,,,-0.004442,0.019185,7.0,0.352283,0.553827,172.74,265.91,283.3,273.15,0.27,3342.75,556.0,0.7593,1.0098
behavior_window,continuous,e92e7c09-c1b8-4f72-a7a8-f75077608d1b,094e9c7b-c46e-46d7-b155-28108d1ea807,2026-09-06T15:48:40.221000+00:00,window_aggregate,,,,,,,,,,1970-01-01T00:00:41.007000+00:00,1970-01-01T00:01:11.011000+00:00,,,,,,,,,,,,,,,,,,,,,,,,,,,,,,2026-09-06T15:48:40.221000+00:00,,,,,,,,,,,,,,,,,,,,,,,,,,,,,,,,,-0.004442,0.019185,7.0,0.352283,0.553827,172.74,265.91,283.3,273.15,0.27,3342.75,556.0,0.7593,1.0098
behavior_window,continuous,e92e7c09-c1b8-4f72-a7a8-f75077608d1b,094e9c7b-c46e-46d7-b155-28108d1ea807,2026-09-06T15:49:09.976000+00:00,window_aggregate,,,,,,,,,,1970-01-01T00:01:11.011000+00:00,1970-01-01T00:01:41.010000+00:00,,,,,,,,,,,,,,,,,,,,,,,,,,,,,,2026-09-06T15:49:09.976000+00:00,,,,,,,,,,,,,,,,,,,,,,,,,,,,,,,,,-0.00634,0.028225,15.0,0.275334,0.505774,0.0,0.0,0.0,0.0,0.0,9293.52,722.0,1.4047,1.6964
behavior_window,continuous,e92e7c09-c1b8-4f72-a7a8-f75077608d1b,094e9c7b-c46e-46d7-b155-28108d1ea807,2026-09-06T15:49:09.976000+00:00,window_aggregate,,,,,,,,,,1970-01-01T00:01:11.011000+00:00,1970-01-01T00:01:41.010000+00:00,,,,,,,,,,,,,,,,,,,,,,,,,,,,,,2026-09-06T15:49:09.976000+00:00,,,,,,,,,,,,,,,,,,,,,,,,,,,,,,,,,-0.00634,0.028225,15.0,0.275334,0.505774,0.0,0.0,0.0,0.0,0.0,9293.52,722.0,1.4047,1.6964
behavior_window,continuous,e92e7c09-c1b8-4f72-a7a8-f75077608d1b,094e9c7b-c46e-46d7-b155-28108d1ea807,2026-09-06T15:49:09.976000+00:00,window_aggregate,,,,,,,,,,1970-01-01T00:01:11.011000+00:00,1970-01-01T00:01:41.010000+00:00,,,,,,,,,,,,,,,,,,,,,,,,,,,,,,2026-09-06T15:49:09.976000+00:00,,,,,,,,,,,,,,,,,,,,,,,,,,,,,,,,,-0.00634,0.028225,15.0,0.275334,0.505774,0.0,0.0,0.0,0.0,0.0,9293.52,722.0,1.4047,1.6964
behavior_window,continuous,e92e7c09-c1b8-4f72-a7a8-f75077608d1b,094e9c7b-c46e-46d7-b155-28108d1ea807,2026-09-06T15:49:39.993000+00:00,window_aggregate,,,,,,,,,,1970-01-01T00:01:41.010000+00:00,1970-01-01T00:02:11.010000+00:00,,,,,,,,,,,,,,,,,,,,,,,,,,,,,,2026-09-06T15:49:39.993000+00:00,,,,,,,,,,,,,,,,,,,,,,,,,,,,,,,,,-0.007156,0.027144,9.0,0.294907,0.591162,0.0,0.0,0.0,0.0,0.0,4462.26,0.0,1.4557,1.9654
behavior_window,continuous,e92e7c09-c1b8-4f72-a7a8-f75077608d1b,094e9c7b-c46e-46d7-b155-28108d1ea807,2026-09-06T15:49:39.993000+00:00,window_aggregate,,,,,,,,,,1970-01-01T00:01:41.010000+00:00,1970-01-01T00:02:11.010000+00:00,,,,,,,,,,,,,,,,,,,,,,,,,,,,,,2026-09-06T15:49:39.993000+00:00,,,,,,,,,,,,,,,,,,,,,,,,,,,,,,,,,-0.007156,0.027144,9.0,0.294907,0.591162,0.0,0.0,0.0,0.0,0.0,4462.26,0.0,1.4557,1.9654
behavior_window,continuous,e92e7c09-c1b8-4f72-a7a8-f75077608d1b,094e9c7b-c46e-46d7-b155-28108d1ea807,2026-09-06T15:49:39.993000+00:00,window_aggregate,,,,,,,,,,1970-01-01T00:01:41.010000+00:00,1970-01-01T00:02:11.010000+00:00,,,,,,,,,,,,,,,,,,,,,,,,,,,,,,2026-09-06T15:49:39.993000+00:00,,,,,,,,,,,,,,,,,,,,,,,,,,,,,,,,,-0.007156,0.027144,9.0,0.294907,0.591162,0.0,0.0,0.0,0.0,0.0,4462.26,0.0,1.4557,1.9654
behavior_window,continuous,e92e7c09-c1b8-4f72-a7a8-f75077608d1b,094e9c7b-c46e-46d7-b155-28108d1ea807,2026-09-06T15:50:09.976000+00:00,window_aggregate,,,,,,,,,,1970-01-01T00:02:11.010000+00:00,1970-01-01T00:02:41.008000+00:00,,,,,,,,,,,,,,,,,,,,,,,,,,,,,,2026-09-06T15:50:09.976000+00:00,,,,,,,,,,,,,,,,,,,,,,,,,,,,,,,,,-0.008248,0.026799,16.0,0.360692,0.699499,0.0,0.0,0.0,0.0,0.0,5822.21,1779.0,1.3672,1.7438
behavior_window,continuous,e92e7c09-c1b8-4f72-a7a8-f75077608d1b,094e9c7b-c46e-46d7-b155-28108d1ea807,2026-09-06T15:50:09.976000+00:00,window_aggregate,,,,,,,,,,1970-01-01T00:02:11.010000+00:00,1970-01-01T00:02:41.008000+00:00,,,,,,,,,,,,,,,,,,,,,,,,,,,,,,2026-09-06T15:50:09.976000+00:00,,,,,,,,,,,,,,,,,,,,,,,,,,,,,,,,,-0.008248,0.026799,16.0,0.360692,0.699499,0.0,0.0,0.0,0.0,0.0,5822.21,1779.0,1.3672,1.7438
behavior_window,continuous,e92e7c09-c1b8-4f72-a7a8-f75077608d1b,094e9c7b-c46e-46d7-b155-28108d1ea807,2026-09-06T15:50:09.976000+00:00,window_aggregate,,,,,,,,,,1970-01-01T00:02:11.010000+00:00,1970-01-01T00:02:41.008000+00:00,,,,,,,,,,,,,,,,,,,,,,,,,,,,,,2026-09-06T15:50:09.976000+00:00,,,,,,,,,,,,,,,,,,,,,,,,,,,,,,,,,-0.008248,0.026799,16.0,0.360692,0.699499,0.0,0.0,0.0,0.0,0.0,5822.21,1779.0,1.3672,1.7438
behavior_window,continuous,e92e7c09-c1b8-4f72-a7a8-f75077608d1b,094e9c7b-c46e-46d7-b155-28108d1ea807,2026-09-06T15:50:40.557000+00:00,window_aggregate,,,,,,,,,,1970-01-01T00:02:41.008000+00:00,1970-01-01T00:03:11.575000+00:00,,,,,,,,,,,,,,,,,,,,,,,,,,,,,,2026-09-06T15:50:40.557000+00:00,,,,,,,,,,,,,,,,,,,,,,,,,,,,,,,,,-0.006303,0.023063,3.0,0.372921,0.672613,0.0,0.0,0.0,0.0,0.0,2844.62,2233.0,1.4847,1.6905
behavior_window,continuous,e92e7c09-c1b8-4f72-a7a8-f75077608d1b,094e9c7b-c46e-46d7-b155-28108d1ea807,2026-09-06T15:50:40.557000+00:00,window_aggregate,,,,,,,,,,1970-01-01T00:02:41.008000+00:00,1970-01-01T00:03:11.575000+00:00,,,,,,,,,,,,,,,,,,,,,,,,,,,,,,2026-09-06T15:50:40.557000+00:00,,,,,,,,,,,,,,,,,,,,,,,,,,,,,,,,,-0.006303,0.023063,3.0,0.372921,0.672613,0.0,0.0,0.0,0.0,0.0,2844.62,2233.0,1.4847,1.6905
behavior_window,continuous,e92e7c09-c1b8-4f72-a7a8-f75077608d1b,094e9c7b-c46e-46d7-b155-28108d1ea807,2026-09-06T15:50:40.557000+00:00,window_aggregate,,,,,,,,,,1970-01-01T00:02:41.008000+00:00,1970-01-01T00:03:11.575000+00:00,,,,,,,,,,,,,,,,,,,,,,,,,,,,,,2026-09-06T15:50:40.557000+00:00,,,,,,,,,,,,,,,,,,,,,,,,,,,,,,,,,-0.006303,0.023063,3.0,0.372921,0.672613,0.0,0.0,0.0,0.0,0.0,2844.62,2233.0,1.4847,1.6905
