record_type,source,user_id,session_id,timestamp,event_type,key_code,key_char,dwell_time_ms,flight_time_ms,x,y,delta_x,delta_y,velocity,window_start,window_end,task_type,task_index,trial_index,text_length,backspace_count,correction_count,total_duration_ms,pause_duration_ms,target_id,target_size,click_duration_ms,page,device_id,typing_speed,mean_key_hold,std_key_hold,mean_flight_time,std_flight_time,backspace_rate,correction_rate,pause_mean,pause_std,mouse_speed_mean,mouse_speed_std,mouse_acceleration,click_interval_mean,scroll_speed,trajectory_length,direction_changes,target_acquisition_mean,feature_created_at,training_fv_backspace_rate,training_fv_click_interval_mean,training_fv_correction_rate,training_fv_direction_changes,training_fv_mean_flight_time,training_fv_mean_key_hold,training_fv_mouse_acceleration,training_fv_mouse_speed_mean,training_fv_mouse_speed_std,training_fv_pause_mean,training_fv_pause_std,training_fv_scroll_speed,training_fv_std_flight_time,training_fv_std_key_hold,training_fv_target_acquisition_mean,training_fv_total_duration_ms,training_fv_trajectory_length,training_fv_typing_speed,behavioral_fv_accelerationMean,behavioral_fv_accelerationStd,behavioral_fv_clickCount,behavioral_fv_curvatureMean,behavioral_fv_curvatureStd,behavioral_fv_dwellMeanMs,behavioral_fv_dwellStdMs,behavioral_fv_flightMeanMs,behavioral_fv_flightStdMs,behavioral_fv_keysPerSec,behavioral_fv_mouseTravelPx,behavioral_fv_scrollAmount,behavioral_fv_velocityMean,behavioral_fv_velocityStd,window_f_accelerationMean,window_f_accelerationStd,window_f_clickCount,window_f_curvatureMean,window_f_curvatureStd,window_f_dwellMeanMs,window_f_dwellStdMs,window_f_flightMeanMs,window_f_flightStdMs,window_f_keysPerSec,window_f_mouseTravelPx,window_f_scrollAmount,window_f_velocityMean,window_f_velocityStd
training_event,training,dba80c84-68fd-45b2-ba28-10f10075b239,d69b151d-4f81-49cf-9ed0-f421f647f0f3,2026-08-14T07:53:01.217000+00:00,mouse_move,,,,,1065.2740206746687,616.7191775720884,,,,,,controlled_typing,0,9,,,,15449.497650816213,,,,,training/controlled_typing,seed_device_dba80c84,,,,,,,,,,,,,,,,,,,,,,,,,,,,,,,,,,,,,,,,,,,,,,,,,,,,,,,,,,,,,,,,,,
training_event,training,dba80c84-68fd-45b2-ba28-10f10075b239,d69b151d-4f81-49cf-9ed0-f421f647f0f3,2026-08-15T22:53:01.217000+00:00,mouse_move,,,,,809.5659087411868,739.7675275082603,,,,,,controlled_typing,0,4,,,,6257.376724294481,,,,,training/controlled_typing,seed_device_dba80c84,,,,,,,,,,,,,,,,,,,,,,,,,,,,,,,,,,,,,,,,,,,,,,,,,,,,,,,,,,,,,,,,,,
training_event,training,dba80c84-68fd-45b2-ba28-10f10075b239,680db2e7-df01-4eb4-a5e2-8e6beb89c700,2026-08-13T03:53:01.217000+00:00,mouse_scroll,,,,,1072.2258768429697,189.68778733445077,,26.625139508525265,,,,repeated_typing,0,1,,,,8572.927132451265,,,,,training/repeated_typing,seed_device_dba80c84,,,,,,,,,,,,,,,,,,,,,,,,,,,,,,,,,,,,,,,,,,,,,,,,,,,,,,,,,,,,,,,,,,
training_event,training,dba80c84-68fd-45b2-ba28-10f10075b239,680db2e7-df01-4eb4-a5e2-8e6beb89c700,2026-08-17T04:53:01.217000+00:00,mouse_scroll,,,,,392.24235949951463,493.9421995932918,,6.49213124327477,,,,repeated_typing,0,5,,,,13072.946210662034,,,,,training/repeated_typing,seed_device_dba80c84,,,,,,,,,,,,,,,,,,,,,,,,,,,,,,,,,,,,,,,,,,,,,,,,,,,,,,,,,,,,,,,,,,
training_event,training,dba80c84-68fd-45b2-ba28-10f10075b239,680db2e7-df01-4eb4-a5e2-8e6beb89c700,2026-08-16T03:53:01.217000+00:00,mouse_move,,,,,190.89551557141297,372.36842508686533,,,,,,repeated_typing,0,9,,,,21523.362059747047,,,,,training/repeated_typing,seed_device_dba80c84,,,,,,,,,,,,,,,,,,,,,,,,,,,,,,,,,,,,,,,,,,,,,,,,,,,,,,,,,,,,,,,,,,
training_event,training,dba80c84-68fd-45b2-ba28-10f10075b239,680db2e7-df01-4eb4-a5e2-8e6beb89c700,2026-08-15T16:53:01.217000+00:00,keyup,72,S,151.85075263163617,143.39265376009578,,,,,,,,repeated_typing,4,1,47,0,0,13147.254658340791,2005.8385772905467,,,,training/repeated_typing,seed_device_dba80c84,,,,,,,,,,,,,,,,,,,,,,,,,,,,,,,,,,,,,,,,,,,,,,,,,,,,,,,,,,,,,,,,,,
training_event,training,dba80c84-68fd-45b2-ba28-10f10075b239,680db2e7-df01-4eb4-a5e2-8e6beb89c700,2026-08-12T07:53:01.217000+00:00,keyup,73,E,56.57793655814381,46.55040800388816,,,,,,,,repeated_typing,0,2,47,0,0,7457.144648270322,85.59691632940736,,,,training/repeated_typing,seed_device_dba80c84,,,,,,,,,,,,,,,,,,,,,,,,,,,,,,,,,,,,,,,,,,,,,,,,,,,,,,,,,,,,,,,,,,
training_event,training,dba80c84-68fd-45b2-ba28-10f10075b239,0a771abe-f3da-4340-9189-1a497d656d27,2026-08-13T20:53:01.217000+00:00,keydown,67,Y,144.65119245797678,43.493699574324616,,,,,,,,paragraph_typing,3,0,35,3,0,23970.92205769297,3675.8919916394234,,,,training/paragraph_typing,seed_device_dba80c84,,,,,,,,,,,,,,,,,,,,,,,,,,,,,,,,,,,,,,,,,,,,,,,,,,,,,,,,,,,,,,,,,,
training_event,training,dba80c84-68fd-45b2-ba28-10f10075b239,0a771abe-f3da-4340-9189-1a497d656d27,2026-08-13T08:53:01.217000+00:00,mouse_scroll,,,,,493.84658961591026,512.8289829159411,,24.962070916321764,,,,paragraph_typing,0,7,,,,9610.045796829365,,,,,training/paragraph_typing,seed_device_dba80c84,,,,,,,,,,,,,,,,,,,,,,,,,,,,,,,,,,,,,,,,,,,,,,,,,,,,,,,,,,,,,,,,,,
training_event,training,dba80c84-68fd-45b2-ba28-10f10075b239,0a771abe-f3da-4340-9189-1a497d656d27,2026-08-15T00:53:01.217000+00:00,keydown,68,D,116.16060444887434,112.02233617659076,,,,,,,,paragraph_typing,3,4,44,3,2,20022.25691364764,4863.730116393079,,,,training/paragraph_typing,seed_device_dba80c84,,,,,,,,,,,,,,,,,,,,,,,,,,,,,,,,,,,,,,,,,,,,,,,,,,,,,,,,,,,,,,,,,,
training_event,training,dba80c84-68fd-45b2-ba28-10f10075b239,0a771abe-f3da-4340-9189-1a497d656d27,2026-08-12T20:53:01.217000+00:00,keydown,81,C,132.2479793128801,46.26469544173848,,,,,,,,paragraph_typing,0,3,90,1,0,9071.366887744787,3986.3708385743266,,,,training/paragraph_typing,seed_device_dba80c84,,,,,,,,,,,,,,,,,,,,,,,,,,,,,,,,,,,,,,,,,,,,,,,,,,,,,,,,,,,,,,,,,,
training_event,training,dba80c84-68fd-45b2-ba28-10f10075b239,d69b151d-4f81-49cf-9ed0-f421f647f0f3,2026-08-15T22:53:01.217000+00:00,mouse_move,,,,,724.9344077167248,563.0505889642416,,,,,,controlled_typing,3,2,,,,27776.939007283112,,,,,training/controlled_typing,seed_device_dba80c84,,,,,,,,,,,,,,,,,,,,,,,,,,,,,,,,,,,,,,,,,,,,,,,,,,,,,,,,,,,,,,,,,,
training_event,training,dba80c84-68fd-45b2-ba28-10f10075b239,d69b151d-4f81-49cf-9ed0-f421f647f0f3,2026-08-15T01:53:01.217000+00:00,mouse_scroll,,,,,603.2536448534493,817.0314420574437,,-29.13048698193823,,,,controlled_typing,3,0,,,,29512.341023176567,,,,,training/controlled_typing,seed_device_dba80c84,,,,,,,,,,,,,,,,,,,,,,,,,,,,,,,,,,,,,,,,,,,,,,,,,,,,,,,,,,,,,,,,,,
training_event,training,dba80c84-68fd-45b2-ba28-10f10075b239,680db2e7-df01-4eb4-a5e2-8e6beb89c700,2026-08-16T01:53:01.217000+00:00,mouse_scroll,,,,,392.5269174814602,182.48076035869644,,-28.094074931676804,,,,repeated_typing,2,7,,,,22767.12944871213,,,,,training/repeated_typing,seed_device_dba80c84,,,,,,,,,,,,,,,,,,,,,,,,,,,,,,,,,,,,,,,,,,,,,,,,,,,,,,,,,,,,,,,,,,
training_event,training,dba80c84-68fd-45b2-ba28-10f10075b239,680db2e7-df01-4eb4-a5e2-8e6beb89c700,2026-08-12T20:53:01.217000+00:00,keydown,83,K,155.3602233195727,136.92350970023085,,,,,,,,repeated_typing,4,1,19,1,1,26120.60223037244,1332.2787765147775,,,,training/repeated_typing,seed_device_dba80c84,,,,,,,,,,,,,,,,,,,,,,,,,,,,,,,,,,,,,,,,,,,,,,,,,,,,,,,,,,,,,,,,,,
training_event,training,dba80c84-68fd-45b2-ba28-10f10075b239,680db2e7-df01-4eb4-a5e2-8e6beb89c700,2026-08-15T21:53:01.217000+00:00,keydown,78,X,111.14847949269524,138.86282271986514,,,,,,,,repeated_typing,4,1,40,0,0,22054.150266087476,4142.960146630198,,,,training/repeated_typing,seed_device_dba80c84,,,,,,,,,,,,,,,,,,,,,,,,,,,,,,,,,,,,,,,,,,,,,,,,,,,,,,,,,,,,,,,,,,
training_event,training,dba80c84-68fd-45b2-ba28-10f10075b239,680db2e7-df01-4eb4-a5e2-8e6beb89c700,2026-08-16T20:53:01.217000+00:00,mouse_click,,,,,385.4587959313232,651.8685464635961,,,,,,repeated_typing,4,0,,,,28305.275407302168,,target_9,large,144.9974012114833,training/repeated_typing,seed_device_dba80c84,,,,,,,,,,,,,,,,,,,,,,,,,,,,,,,,,,,,,,,,,,,,,,,,,,,,,,,,,,,,,,,,,,
training_event,training,dba80c84-68fd-45b2-ba28-10f10075b239,0a771abe-f3da-4340-9189-1a497d656d27,2026-08-16T04:53:01.217000+00:00,mouse_move,,,,,1679.8121508981662,416.68559010462525,,,,,,paragraph_typing,2,4,,,,11502.766360596845,,,,,training/paragraph_typing,seed_device_dba80c84,,,,,,,,,,,,,,,,,,,,,,,,,,,,,,,,,,,,,,,,,,,,,,,,,,,,,,,,,,,,,,,,,,
training_event,training,dba80c84-68fd-45b2-ba28-10f10075b239,0a771abe-f3da-4340-9189-1a497d656d27,2026-08-16T09:53:01.217000+00:00,keydown,81,J,63.09186380327164,143.62433825412842,,,,,,,,paragraph_typing,1,0,96,3,1,2295.232689209527,4261.591310434738,,,,training/paragraph_typing,seed_device_dba80c84,,,,,,,,,,,,,,,,,,,,,,,,,,,,,,,,,,,,,,,,,,,,,,,,,,,,,,,,,,,,,,,,,,
training_event,training,dba80c84-68fd-45b2-ba28-10f10075b239,0a771abe-f3da-4340-9189-1a497d656d27,2026-08-14T04:53:01.217000+00:00,keydown,74,K,75.61558019230631,90.86510772003706,,,,,,,,paragraph_typing,0,1,23,3,2,26949.439196247742,4378.624355182877,,,,training/paragraph_typing,seed_device_dba80c84,,,,,,,,,,,,,,,,,,,,,,,,,,,,,,,,,,,,,,,,,,,,,,,,,,,,,,,,,,,,,,,,,,
training_event,training,dba80c84-68fd-45b2-ba28-10f10075b239,d69b151d-4f81-49cf-9ed0-f421f647f0f3,2026-08-16T07:53:01.217000+00:00,mouse_click,,,,,758.7548835194006,222.0813561252645,,,,,,controlled_typing,4,8,,,,23067.646990050667,,target_1,large,260.6618477931021,training/controlled_typing,seed_device_dba80c84,,,,,,,,,,,,,,,,,,,,,,,,,,,,,,,,,,,,,,,,,,,,,,,,,,,,,,,,,,,,,,,,,,
training_event,training,dba80c84-68fd-45b2-ba28-10f10075b239,d69b151d-4f81-49cf-9ed0-f421f647f0f3,2026-08-14T05:53:01.217000+00:00,mouse_move,,,,,1515.5754773031865,281.7735958981906,,,,,,controlled_typing,4,8,,,,3179.4491134219943,,,,,training/controlled_typing,seed_device_dba80c84,,,,,,,,,,,,,,,,,,,,,,,,,,,,,,,,,,,,,,,,,,,,,,,,,,,,,,,,,,,,,,,,,,
training_event,training,dba80c84-68fd-45b2-ba28-10f10075b239,d69b151d-4f81-49cf-9ed0-f421f647f0f3,2026-08-16T00:53:01.217000+00:00,keyup,88,S,101.51118216345921,79.51798337167318,,,,,,,,controlled_typing,0,4,17,0,1,1934.1026311263602,4895.122831750578,,,,training/controlled_typing,seed_device_dba80c84,,,,,,,,,,,,,,,,,,,,,,,,,,,,,,,,,,,,,,,,,,,,,,,,,,,,,,,,,,,,,,,,,,
training_event,training,dba80c84-68fd-45b2-ba28-10f10075b239,680db2e7-df01-4eb4-a5e2-8e6beb89c700,2026-08-14T15:53:01.217000+00:00,mouse_scroll,,,,,1715.8285422764689,636.3138580362031,,3.9896689021223253,,,,repeated_typing,0,7,,,,28015.152862632352,,,,,training/repeated_typing,seed_device_dba80c84,,,,,,,,,,,,,,,,,,,,,,,,,,,,,,,,,,,,,,,,,,,,,,,,,,,,,,,,,,,,,,,,,,
training_event,training,dba80c84-68fd-45b2-ba28-10f10075b239,680db2e7-df01-4eb4-a5e2-8e6beb89c700,2026-08-12T16:53:01.217000+00:00,keydown,89,Z,63.67647921261812,82.32736686188792,,,,,,,,repeated_typing,4,7,26,0,2,29082.225140444058,3998.490133951497,,,,training/repeated_typing,seed_device_dba80c84,,,,,,,,,,,,,,,,,,,,,,,,,,,,,,,,,,,,,,,,,,,,,,,,,,,,,,,,,,,,,,,,,,
training_event,training,dba80c84-68fd-45b2-ba28-10f10075b239,680db2e7-df01-4eb4-a5e2-8e6beb89c700,2026-08-15T07:53:01.217000+00:00,mouse_move,,,,,1012.537372576912,182.87675144111066,,,,,,repeated_typing,0,0,,,,12090.243462752936,,,,,training/repeated_typing,seed_device_dba80c84,,,,,,,,,,,,,,,,,,,,,,,,,,,,,,,,,,,,,,,,,,,,,,,,,,,,,,,,,,,,,,,,,,
training_event,training,dba80c84-68fd-45b2-ba28-10f10075b239,680db2e7-df01-4eb4-a5e2-8e6beb89c700,2026-08-16T15:53:01.217000+00:00,keyup,77,H,68.748518334485,52.793447065183685,,,,,,,,repeated_typing,2,1,60,0,2,16515.737727840366,4040.1817337069533,,,,training/repeated_typing,seed_device_dba80c84,,,,,,,,,,,,,,,,,,,,,,,,,,,,,,,,,,,,,,,,,,,,,,,,,,,,,,,,,,,,,,,,,,
training_event,training,dba80c84-68fd-45b2-ba28-10f10075b239,680db2e7-df01-4eb4-a5e2-8e6beb89c700,2026-08-12T04:53:01.217000+00:00,keyup,81,P,85.55754737036693,84.06837302907905,,,,,,,,repeated_typing,0,5,56,0,2,22919.8860413207,1238.2644060676257,,,,training/repeated_typing,seed_device_dba80c84,,,,,,,,,,,,,,,,,,,,,,,,,,,,,,,,,,,,,,,,,,,,,,,,,,,,,,,,,,,,,,,,,,
training_event,training,dba80c84-68fd-45b2-ba28-10f10075b239,680db2e7-df01-4eb4-a5e2-8e6beb89c700,2026-08-13T11:53:01.217000+00:00,mouse_scroll,,,,,352.8214071563102,199.3556585217833,,-36.458788525887044,,,,repeated_typing,3,1,,,,9466.926339253854,,,,,training/repeated_typing,seed_device_dba80c84,,,,,,,,,,,,,,,,,,,,,,,,,,,,,,,,,,,,,,,,,,,,,,,,,,,,,,,,,,,,,,,,,,
training_event,training,dba80c84-68fd-45b2-ba28-10f10075b239,680db2e7-df01-4eb4-a5e2-8e6beb89c700,2026-08-17T09:53:01.217000+00:00,keyup,70,P,189.74773261139842,111.38297468117828,,,,,,,,repeated_typing,3,3,31,1,1,10100.07459308376,1182.7466166566414,,,,training/repeated_typing,seed_device_dba80c84,,,,,,,,,,,,,,,,,,,,,,,,,,,,,,,,,,,,,,,,,,,,,,,,,,,,,,,,,,,,,,,,,,
training_event,training,dba80c84-68fd-45b2-ba28-10f10075b239,0a771abe-f3da-4340-9189-1a497d656d27,2026-08-16T01:53:01.217000+00:00,keydown,77,L,109.23459285351646,67.11013304285777,,,,,,,,paragraph_typing,4,1,10,1,1,28759.361905110203,4906.908950625519,,,,training/paragraph_typing,seed_device_dba80c84,,,,,,,,,,,,,,,,,,,,,,,,,,,,,,,,,,,,,,,,,,,,,,,,,,,,,,,,,,,,,,,,,,
training_event,training,dba80c84-68fd-45b2-ba28-10f10075b239,0a771abe-f3da-4340-9189-1a497d656d27,2026-08-15T21:53:01.217000+00:00,mouse_scroll,,,,,1113.6249986264706,680.0979905396854,,-36.49368203234465,,,,paragraph_typing,2,9,,,,28765.66268835307,,,,,training/paragraph_typing,seed_device_dba80c84,,,,,,,,,,,,,,,,,,,,,,,,,,,,,,,,,,,,,,,,,,,,,,,,,,,,,,,,,,,,,,,,,,
training_event,training,dba80c84-68fd-45b2-ba28-10f10075b239,0a771abe-f3da-4340-9189-1a497d656d27,2026-08-17T01:53:01.217000+00:00,keyup,81,A,186.38784623342468,120.85941402577579,,,,,,,,paragraph_typing,4,3,34,1,2,24620.866549862683,3098.9961274662433,,,,training/paragraph_typing,seed_device_dba80c84,,,,,,,,,,,,,,,,,,,,,,,,,,,,,,,,,,,,,,,,,,,,,,,,,,,,,,,,,,,,,,,,,,
training_event,training,dba80c84-68fd-45b2-ba28-10f10075b239,0a771abe-f3da-4340-9189-1a497d656d27,2026-08-16T01:53:01.217000+00:00,keyup,86,O,104.25711713908998,53.67554876126732,,,,,,,,paragraph_typing,3,3,14,0,2,1836.9650979377116,515.987548519819,,,,training/paragraph_typing,seed_device_dba80c84,,,,,,,,,,,,,,,,,,,,,,,,,,,,,,,,,,,,,,,,,,,,,,,,,,,,,,,,,,,,,,,,,,
training_event,training,dba80c84-68fd-45b2-ba28-10f10075b239,0a771abe-f3da-4340-9189-1a497d656d27,2026-08-15T21:53:01.217000+00:00,mouse_click,,,,,451.0759094685869,652.9922910512498,,,,,,paragraph_typing,2,7,,,,13945.221075861527,,target_1,large,136.34434975321096,training/paragraph_typing,seed_device_dba80c84,,,,,,,,,,,,,,,,,,,,,,,,,,,,,,,,,,,,,,,,,,,,,,,,,,,,,,,,,,,,,,,,,,
training_event,training,dba80c84-68fd-45b2-ba28-10f10075b239,0a771abe-f3da-4340-9189-1a497d656d27,2026-08-12T06:53:01.217000+00:00,keydown,80,X,93.12378348923355,33.7364794189525,,,,,,,,paragraph_typing,1,2,80,3,0,12437.475822019194,2562.1279409685244,,,,training/paragraph_typing,seed_device_dba80c84,,,,,,,,,,,,,,,,,,,,,,,,,,,,,,,,,,,,,,,,,,,,,,,,,,,,,,,,,,,,,,,,,,
training_event,training,dba80c84-68fd-45b2-ba28-10f10075b239,680db2e7-df01-4eb4-a5e2-8e6beb89c700,2026-08-16T04:53:01.217000+00:00,keydown,86,R,80.14545622599807,39.218813811466426,,,,,,,,repeated_typing,2,5,66,0,0,4830.544411052055,2125.795518324383,,,,training/repeated_typing,seed_device_dba80c84,,,,,,,,,,,,,,,,,,,,,,,,,,,,,,,,,,,,,,,,,,,,,,,,,,,,,,,,,,,,,,,,,,
training_event,training,dba80c84-68fd-45b2-ba28-10f10075b239,680db2e7-df01-4eb4-a5e2-8e6beb89c700,2026-08-12T03:53:01.217000+00:00,mouse_click,,,,,1396.0490402748812,634.5510990720612,,,,,,repeated_typing,0,8,,,,20027.981244522616,,target_10,medium,271.50828909846246,training/repeated_typing,seed_device_dba80c84,,,,,,,,,,,,,,,,,,,,,,,,,,,,,,,,,,,,,,,,,,,,,,,,,,,,,,,,,,,,,,,,,,
training_event,training,dba80c84-68fd-45b2-ba28-10f10075b239,0a771abe-f3da-4340-9189-1a497d656d27,2026-08-17T04:53:01.217000+00:00,keydown,65,C,79.23405449602403,131.82559397294744,,,,,,,,paragraph_typing,3,4,24,1,2,22004.558307436364,2482.1909009426563,,,,training/paragraph_typing,seed_device_dba80c84,,,,,,,,,,,,,,,,,,,,,,,,,,,,,,,,,,,,,,,,,,,,,,,,,,,,,,,,,,,,,,,,,,
training_event,training,dba80c84-68fd-45b2-ba28-10f10075b239,0a771abe-f3da-4340-9189-1a497d656d27,2026-08-15T08:53:01.217000+00:00,mouse_move,,,,,1593.7248846837376,221.00504695860712,,,,,,paragraph_typing,3,9,,,,27974.197709845746,,,,,training/paragraph_typing,seed_device_dba80c84,,,,,,,,,,,,,,,,,,,,,,,,,,,,,,,,,,,,,,,,,,,,,,,,,,,,,,,,,,,,,,,,,,
training_event,training,dba80c84-68fd-45b2-ba28-10f10075b239,0a771abe-f3da-4340-9189-1a497d656d27,2026-08-15T13:53:01.217000+00:00,keydown,75,M,75.34703359904863,95.0360351227369,,,,,,,,paragraph_typing,0,9,50,2,0,14463.968987777327,1283.4591587899774,,,,training/paragraph_typing,seed_device_dba80c84,,,,,,,,,,,,,,,,,,,,,,,,,,,,,,,,,,,,,,,,,,,,,,,,,,,,,,,,,,,,,,,,,,
training_event,training,dba80c84-68fd-45b2-ba28-10f10075b239,0a771abe-f3da-4340-9189-1a497d656d27,2026-08-13T23:53:01.217000+00:00,mouse_move,,,,,614.4050838847658,102.0095217176654,,,,,,paragraph_typing,0,8,,,,11530.555482555466,,,,,training/paragraph_typing,seed_device_dba80c84,,,,,,,,,,,,,,,,,,,,,,,,,,,,,,,,,,,,,,,,,,,,,,,,,,,,,,,,,,,,,,,,,,
training_event,training,dba80c84-68fd-45b2-ba28-10f10075b239,d69b151d-4f81-49cf-9ed0-f421f647f0f3,2026-08-15T22:53:01.217000+00:00,mouse_click,,,,,378.77507041558124,560.8942526584182,,,,,,controlled_typing,2,7,,,,28320.304623430744,,target_8,medium,111.74290174687587,training/controlled_typing,seed_device_dba80c84,,,,,,,,,,,,,,,,,,,,,,,,,,,,,,,,,,,,,,,,,,,,,,,,,,,,,,,,,,,,,,,,,,
training_event,training,dba80c84-68fd-45b2-ba28-10f10075b239,d69b151d-4f81-49cf-9ed0-f421f647f0f3,2026-08-14T15:53:01.217000+00:00,mouse_move,,,,,1494.3835090785483,274.90361113436165,,,,,,controlled_typing,4,8,,,,1398.0162566966599,,,,,training/controlled_typing,seed_device_dba80c84,,,,,,,,,,,,,,,,,,,,,,,,,,,,,,,,,,,,,,,,,,,,,,,,,,,,,,,,,,,,,,,,,,
training_event,training,dba80c84-68fd-45b2-ba28-10f10075b239,d69b151d-4f81-49cf-9ed0-f421f647f0f3,2026-08-11T15:53:01.217000+00:00,mouse_scroll,,,,,698.3013482154221,267.74475175633665,,-35.910985908133355,,,,controlled_typing,2,0,,,,20194.90824312298,,,,,training/controlled_typing,seed_device_dba80c84,,,,,,,,,,,,,,,,,,,,,,,,,,,,,,,,,,,,,,,,,,,,,,,,,,,,,,,,,,,,,,,,,,
training_event,training,dba80c84-68fd-45b2-ba28-10f10075b239,680db2e7-df01-4eb4-a5e2-8e6beb89c700,2026-08-13T15:53:01.217000+00:00,keydown,79,M,73.73417093362313,121.23040772747288,,,,,,,,repeated_typing,4,8,77,1,0,27611.27786612709,4981.53818447366,,,,training/repeated_typing,seed_device_dba80c84,,,,,,,,,,,,,,,,,,,,,,,,,,,,,,,,,,,,,,,,,,,,,,,,,,,,,,,,,,,,,,,,,,
training_event,training,dba80c84-68fd-45b2-ba28-10f10075b239,680db2e7-df01-4eb4-a5e2-8e6beb89c700,2026-08-12T10:53:01.217000+00:00,mouse_scroll,,,,,743.9886858639511,644.3546310512326,,-35.76769729494502,,,,repeated_typing,0,6,,,,11954.986022503686,,,,,training/repeated_typing,seed_device_dba80c84,,,,,,,,,,,,,,,,,,,,,,,,,,,,,,,,,,,,,,,,,,,,,,,,,,,,,,,,,,,,,,,,,,
training_event,training,dba80c84-68fd-45b2-ba28-10f10075b239,680db2e7-df01-4eb4-a5e2-8e6beb89c700,2026-08-13T15:53:01.217000+00:00,keydown,70,Z,147.8964841329141,43.43445054855053,,,,,,,,repeated_typing,2,6,47,0,0,22688.360105133463,3833.595710135534,,,,training/repeated_typing,seed_device_dba80c84,,,,,,,,,,,,,,,,,,,,,,,,,,,,,,,,,,,,,,,,,,,,,,,,,,,,,,,,,,,,,,,,,,
training_event,training,dba80c84-68fd-45b2-ba28-10f10075b239,680db2e7-df01-4eb4-a5e2-8e6beb89c700,2026-08-16T20:53:01.217000+00:00,keyup,87,D,175.79189978164197,58.32727007552736,,,,,,,,repeated_typing,3,5,42,2,1,9631.366834495668,3265.93312611556,,,,training/repeated_typing,seed_device_dba80c84,,,,,,,,,,,,,,,,,,,,,,,,,,,,,,,,,,,,,,,,,,,,,,,,,,,,,,,,,,,,,,,,,,
training_event,training,dba80c84-68fd-45b2-ba28-10f10075b239,680db2e7-df01-4eb4-a5e2-8e6beb89c700,2026-08-14T23:53:01.217000+00:00,keyup,67,C,95.62212689445155,51.06317579133026,,,,,,,,repeated_typing,0,9,65,2,0,6419.937453207057,4299.792152329483,,,,training/repeated_typing,seed_device_dba80c84,,,,,,,,,,,,,,,,,,,,,,,,,,,,,,,,,,,,,,,,,,,,,,,,,,,,,,,,,,,,,,,,,,
training_event,training,dba80c84-68fd-45b2-ba28-10f10075b239,680db2e7-df01-4eb4-a5e2-8e6beb89c700,2026-08-12T12:53:01.217000+00:00,mouse_click,,,,,1092.294759942804,274.55732479175026,,,,,,repeated_typing,2,8,,,,13930.748544793876,,target_5,small,223.92960027209747,training/repeated_typing,seed_device_dba80c84,,,,,,,,,,,,,,,,,,,,,,,,,,,,,,,,,,,,,,,,,,,,,,,,,,,,,,,,,,,,,,,,,,
training_event,training,dba80c84-68fd-45b2-ba28-10f10075b239,680db2e7-df01-4eb4-a5e2-8e6beb89c700,2026-08-14T18:53:01.217000+00:00,keydown,81,J,170.85694502102314,33.48675956139949,,,,,,,,repeated_typing,0,3,85,0,1,1630.3078612028203,4760.366998072228,,,,training/repeated_typing,seed_device_dba80c84,,,,,,,,,,,,,,,,,,,,,,,,,,,,,,,,,,,,,,,,,,,,,,,,,,,,,,,,,,,,,,,,,,
training_event,training,dba80c84-68fd-45b2-ba28-10f10075b239,680db2e7-df01-4eb4-a5e2-8e6beb89c700,2026-08-12T03:53:01.217000+00:00,mouse_move,,,,,1781.2184137585537,554.307900013074,,,,,,repeated_typing,0,4,,,,15804.496034390851,,,,,training/repeated_typing,seed_device_dba80c84,,,,,,,,,,,,,,,,,,,,,,,,,,,,,,,,,,,,,,,,,,,,,,,,,,,,,,,,,,,,,,,,,,
training_event,training,dba80c84-68fd-45b2-ba28-10f10075b239,680db2e7-df01-4eb4-a5e2-8e6beb89c700,2026-08-15T14:53:01.217000+00:00,mouse_click,,,,,629.8652295987881,200.1091939239916,,,,,,repeated_typing,2,9,,,,19437.4711192389,,target_2,medium,118.6168448693859,training/repeated_typing,seed_device_dba80c84,,,,,,,,,,,,,,,,,,,,,,,,,,,,,,,,,,,,,,,,,,,,,,,,,,,,,,,,,,,,,,,,,,
training_event,training,dba80c84-68fd-45b2-ba28-10f10075b239,680db2e7-df01-4eb4-a5e2-8e6beb89c700,2026-08-14T07:53:01.217000+00:00,mouse_scroll,,,,,1169.0569502894252,199.94375043751972,,44.451695379237194,,,,repeated_typing,0,6,,,,6284.1361916487795,,,,,training/repeated_typing,seed_device_dba80c84,,,,,,,,,,,,,,,,,,,,,,,,,,,,,,,,,,,,,,,,,,,,,,,,,,,,,,,,,,,,,,,,,,
training_event,training,dba80c84-68fd-45b2-ba28-10f10075b239,680db2e7-df01-4eb4-a5e2-8e6beb89c700,2026-08-15T21:53:01.217000+00:00,keyup,68,X,137.51801368963527,44.773298986246104,,,,,,,,repeated_typing,1,9,97,1,0,13090.566230395003,1702.3348503191883,,,,training/repeated_typing,seed_device_dba80c84,,,,,,,,,,,,,,,,,,,,,,,,,,,,,,,,,,,,,,,,,,,,,,,,,,,,,,,,,,,,,,,,,,
training_event,training,dba80c84-68fd-45b2-ba28-10f10075b239,0a771abe-f3da-4340-9189-1a497d656d27,2026-08-17T03:53:01.217000+00:00,mouse_scroll,,,,,1592.633018494521,822.9535837290774,,-42.52116983046061,,,,paragraph_typing,4,0,,,,25645.186815046098,,,,,training/paragraph_typing,seed_device_dba80c84,,,,,,,,,,,,,,,,,,,,,,,,,,,,,,,,,,,,,,,,,,,,,,,,,,,,,,,,,,,,,,,,,,
training_event,training,dba80c84-68fd-45b2-ba28-10f10075b239,0a771abe-f3da-4340-9189-1a497d656d27,2026-08-13T12:53:01.217000+00:00,keyup,76,U,67.90747991269258,88.4863423787719,,,,,,,,paragraph_typing,3,3,82,3,1,16500.316363291564,1083.7355796820952,,,,training/paragraph_typing,seed_device_dba80c84,,,,,,,,,,,,,,,,,,,,,,,,,,,,,,,,,,,,,,,,,,,,,,,,,,,,,,,,,,,,,,,,,,
training_event,training,dba80c84-68fd-45b2-ba28-10f10075b239,0a771abe-f3da-4340-9189-1a497d656d27,2026-08-15T19:53:01.217000+00:00,keyup,86,T,185.95587798624285,52.47452734905501,,,,,,,,paragraph_typing,3,6,57,3,2,26274.341888409203,2640.502054842489,,,,training/paragraph_typing,seed_device_dba80c84,,,,,,,,,,,,,,,,,,,,,,,,,,,,,,,,,,,,,,,,,,,,,,,,,,,,,,,,,,,,,,,,,,
training_event,training,dba80c84-68fd-45b2-ba28-10f10075b239,0a771abe-f3da-4340-9189-1a497d656d27,2026-08-17T04:53:01.217000+00:00,mouse_click,,,,,631.5046909097459,839.3497028723482,,,,,,paragraph_typing,2,5,,,,25512.886214711856,,target_9,small,86.57188476894363,training/paragraph_typing,seed_device_dba80c84,,,,,,,,,,,,,,,,,,,,,,,,,,,,,,,,,,,,,,,,,,,,,,,,,,,,,,,,,,,,,,,,,,
training_event,training,dba80c84-68fd-45b2-ba28-10f10075b239,0a771abe-f3da-4340-9189-1a497d656d27,2026-08-12T16:53:01.217000+00:00,mouse_scroll,,,,,241.53197695427644,599.4089092779047,,43.85798675794018,,,,paragraph_typing,3,6,,,,21234.61512543019,,,,,training/paragraph_typing,seed_device_dba80c84,,,,,,,,,,,,,,,,,,,,,,,,,,,,,,,,,,,,,,,,,,,,,,,,,,,,,,,,,,,,,,,,,,
training_event,training,dba80c84-68fd-45b2-ba28-10f10075b239,0a771abe-f3da-4340-9189-1a497d656d27,2026-08-15T22:53:01.217000+00:00,mouse_click,,,,,1242.8419805550072,308.825187728947,,,,,,paragraph_typing,4,3,,,,9484.259400690862,,target_3,medium,108.268731525014,training/paragraph_typing,seed_device_dba80c84,,,,,,,,,,,,,,,,,,,,,,,,,,,,,,,,,,,,,,,,,,,,,,,,,,,,,,,,,,,,,,,,,,
training_event,training,dba80c84-68fd-45b2-ba28-10f10075b239,d69b151d-4f81-49cf-9ed0-f421f647f0f3,2026-08-16T16:53:01.217000+00:00,mouse_click,,,,,1711.1838677127091,564.6342115693446,,,,,,controlled_typing,2,8,,,,20570.692317017056,,target_14,medium,260.17716656194034,training/controlled_typing,seed_device_dba80c84,,,,,,,,,,,,,,,,,,,,,,,,,,,,,,,,,,,,,,,,,,,,,,,,,,,,,,,,,,,,,,,,,,
training_event,training,dba80c84-68fd-45b2-ba28-10f10075b239,d69b151d-4f81-49cf-9ed0-f421f647f0f3,2026-08-15T18:53:01.217000+00:00,keydown,71,U,165.45211325455722,141.8454649850321,,,,,,,,controlled_typing,2,6,49,3,1,29791.599601521593,1133.0630199565794,,,,training/controlled_typing,seed_device_dba80c84,,,,,,,,,,,,,,,,,,,,,,,,,,,,,,,,,,,,,,,,,,,,,,,,,,,,,,,,,,,,,,,,,,
training_event,training,dba80c84-68fd-45b2-ba28-10f10075b239,d69b151d-4f81-49cf-9ed0-f421f647f0f3,2026-08-12T10:53:01.217000+00:00,keydown,74,Z,140.99337880673085,44.58857870751753,,,,,,,,controlled_typing,4,5,15,0,1,2989.607768642046,2631.3404698175295,,,,training/controlled_typing,seed_device_dba80c84,,,,,,,,,,,,,,,,,,,,,,,,,,,,,,,,,,,,,,,,,,,,,,,,,,,,,,,,,,,,,,,,,,
training_event,training,dba80c84-68fd-45b2-ba28-10f10075b239,d69b151d-4f81-49cf-9ed0-f421f647f0f3,2026-08-13T14:53:01.217000+00:00,mouse_click,,,,,123.77378940253017,866.394316267874,,,,,,controlled_typing,0,9,,,,29735.415875374325,,target_4,large,190.37979129881666,training/controlled_typing,seed_device_dba80c84,,,,,,,,,,,,,,,,,,,,,,,,,,,,,,,,,,,,,,,,,,,,,,,,,,,,,,,,,,,,,,,,,,
training_event,training,dba80c84-68fd-45b2-ba28-10f10075b239,d69b151d-4f81-49cf-9ed0-f421f647f0f3,2026-08-13T18:53:01.217000+00:00,mouse_click,,,,,1346.2249123973943,693.1632401448483,,,,,,controlled_typing,0,8,,,,27488.67734585647,,target_15,medium,229.09779411920698,training/controlled_typing,seed_device_dba80c84,,,,,,,,,,,,,,,,,,,,,,,,,,,,,,,,,,,,,,,,,,,,,,,,,,,,,,,,,,,,,,,,,,
training_event,training,dba80c84-68fd-45b2-ba28-10f10075b239,680db2e7-df01-4eb4-a5e2-8e6beb89c700,2026-08-15T12:53:01.217000+00:00,keyup,74,J,93.76280705594922,67.5700951746,,,,,,,,repeated_typing,4,7,68,1,2,16411.75783183264,2635.2315195807173,,,,training/repeated_typing,seed_device_dba80c84,,,,,,,,,,,,,,,,,,,,,,,,,,,,,,,,,,,,,,,,,,,,,,,,,,,,,,,,,,,,,,,,,,
training_event,training,dba80c84-68fd-45b2-ba28-10f10075b239,680db2e7-df01-4eb4-a5e2-8e6beb89c700,2026-08-12T22:53:01.217000+00:00,keyup,75,Z,149.06378360034114,59.68417147583557,,,,,,,,repeated_typing,1,1,95,3,2,24121.053899885614,1446.6855548729156,,,,training/repeated_typing,seed_device_dba80c84,,,,,,,,,,,,,,,,,,,,,,,,,,,,,,,,,,,,,,,,,,,,,,,,,,,,,,,,,,,,,,,,,,
training_event,training,dba80c84-68fd-45b2-ba28-10f10075b239,680db2e7-df01-4eb4-a5e2-8e6beb89c700,2026-08-12T14:53:01.217000+00:00,mouse_move,,,,,1564.936691453642,479.04380195664913,,,,,,repeated_typing,3,4,,,,29341.514004746048,,,,,training/repeated_typing,seed_device_dba80c84,,,,,,,,,,,,,,,,,,,,,,,,,,,,,,,,,,,,,,,,,,,,,,,,,,,,,,,,,,,,,,,,,,
training_event,training,dba80c84-68fd-45b2-ba28-10f10075b239,680db2e7-df01-4eb4-a5e2-8e6beb89c700,2026-08-14T16:53:01.217000+00:00,mouse_move,,,,,629.527613986875,448.14127481090543,,,,,,repeated_typing,3,8,,,,28525.367926412997,,,,,training/repeated_typing,seed_device_dba80c84,,,,,,,,,,,,,,,,,,,,,,,,,,,,,,,,,,,,,,,,,,,,,,,,,,,,,,,,,,,,,,,,,,
training_event,training,dba80c84-68fd-45b2-ba28-10f10075b239,0a771abe-f3da-4340-9189-1a497d656d27,2026-08-15T12:53:01.217000+00:00,keydown,71,R,120.25367118710703,64.2630349883047,,,,,,,,paragraph_typing,1,9,34,3,1,21772.6063162581,1354.300978193892,,,,training/paragraph_typing,seed_device_dba80c84,,,,,,,,,,,,,,,,,,,,,,,,,,,,,,,,,,,,,,,,,,,,,,,,,,,,,,,,,,,,,,,,,,
training_event,training,dba80c84-68fd-45b2-ba28-10f10075b239,0a771abe-f3da-4340-9189-1a497d656d27,2026-08-16T08:53:01.217000+00:00,keydown,90,W,192.14307188190688,51.26068241351097,,,,,,,,paragraph_typing,0,4,71,3,2,17604.703693596515,710.1174493333284,,,,training/paragraph_typing,seed_device_dba80c84,,,,,,,,,,,,,,,,,,,,,,,,,,,,,,,,,,,,,,,,,,,,,,,,,,,,,,,,,,,,,,,,,,
training_event,training,dba80c84-68fd-45b2-ba28-10f10075b239,0a771abe-f3da-4340-9189-1a497d656d27,2026-08-16T04:53:01.217000+00:00,keydown,77,M,182.6206914458833,135.8759980489523,,,,,,,,paragraph_typing,0,6,40,2,2,11338.166248873064,1531.5392822988094,,,,training/paragraph_typing,seed_device_dba80c84,,,,,,,,,,,,,,,,,,,,,,,,,,,,,,,,,,,,,,,,,,,,,,,,,,,,,,,,,,,,,,,,,,
training_event,training,dba80c84-68fd-45b2-ba28-10f10075b239,0a771abe-f3da-4340-9189-1a497d656d27,2026-08-12T07:53:01.217000+00:00,keydown,68,Y,88.11433798770517,69.4292917499844,,,,,,,,paragraph_typing,0,0,17,0,0,20976.46224939545,3277.9846566380606,,,,training/paragraph_typing,seed_device_dba80c84,,,,,,,,,,,,,,,,,,,,,,,,,,,,,,,,,,,,,,,,,,,,,,,,,,,,,,,,,,,,,,,,,,
training_event,training,dba80c84-68fd-45b2-ba28-10f10075b239,0a771abe-f3da-4340-9189-1a497d656d27,2026-08-12T01:53:01.217000+00:00,keyup,70,O,82.89614884760607,146.85774280579864,,,,,,,,paragraph_typing,1,8,12,3,2,9283.41512621462,3290.941459573394,,,,training/paragraph_typing,seed_device_dba80c84,,,,,,,,,,,,,,,,,,,,,,,,,,,,,,,,,,,,,,,,,,,,,,,,,,,,,,,,,,,,,,,,,,
training_event,training,dba80c84-68fd-45b2-ba28-10f10075b239,0a771abe-f3da-4340-9189-1a497d656d27,2026-08-11T12:53:01.217000+00:00,mouse_click,,,,,1711.4190762496362,750.2170314056686,,,,,,paragraph_typing,1,7,,,,17185.05492251719,,target_14,small,254.6694867695875,training/paragraph_typing,seed_device_dba80c84,,,,,,,,,,,,,,,,,,,,,,,,,,,,,,,,,,,,,,,,,,,,,,,,,,,,,,,,,,,,,,,,,,
training_event,training,dba80c84-68fd-45b2-ba28-10f10075b239,0a771abe-f3da-4340-9189-1a497d656d27,2026-08-11T10:53:01.217000+00:00,mouse_click,,,,,1120.5161267296214,551.4348996510118,,,,,,paragraph_typing,1,4,,,,5606.9636180984335,,target_19,large,290.53739275697103,training/paragraph_typing,seed_device_dba80c84,,,,,,,,,,,,,,,,,,,,,,,,,,,,,,,,,,,,,,,,,,,,,,,,,,,,,,,,,,,,,,,,,,
training_event,training,dba80c84-68fd-45b2-ba28-10f10075b239,0a771abe-f3da-4340-9189-1a497d656d27,2026-08-16T08:53:01.217000+00:00,mouse_click,,,,,314.21753836813673,276.25492775297243,,,,,,paragraph_typing,3,6,,,,13033.831888851142,,target_1,small,120.758593783528,training/paragraph_typing,seed_device_dba80c84,,,,,,,,,,,,,,,,,,,,,,,,,,,,,,,,,,,,,,,,,,,,,,,,,,,,,,,,,,,,,,,,,,
training_event,training,dba80c84-68fd-45b2-ba28-10f10075b239,0a771abe-f3da-4340-9189-1a497d656d27,2026-08-12T10:53:01.217000+00:00,keyup,66,H,160.65510208494152,32.062317766944034,,,,,,,,paragraph_typing,1,2,17,0,1,19607.066413246066,298.8483642652312,,,,training/paragraph_typing,seed_device_dba80c84,,,,,,,,,,,,,,,,,,,,,,,,,,,,,,,,,,,,,,,,,,,,,,,,,,,,,,,,,,,,,,,,,,
training_event,training,dba80c84-68fd-45b2-ba28-10f10075b239,0a771abe-f3da-4340-9189-1a497d656d27,2026-08-11T20:53:01.217000+00:00,keyup,72,A,97.71166280535981,108.40278633404441,,,,,,,,paragraph_typing,0,4,20,3,2,13834.496123442048,3553.5030099060737,,,,training/paragraph_typing,seed_device_dba80c84,,,,,,,,,,,,,,,,,,,,,,,,,,,,,,,,,,,,,,,,,,,,,,,,,,,,,,,,,,,,,,,,,,
training_event,training,dba80c84-68fd-45b2-ba28-10f10075b239,0a771abe-f3da-4340-9189-1a497d656d27,2026-08-12T04:53:01.217000+00:00,keyup,70,E,194.64609162352318,56.97394886899539,,,,,,,,paragraph_typing,3,9,75,0,2,8954.844559203724,2718.709579355659,,,,training/paragraph_typing,seed_device_dba80c84,,,,,,,,,,,,,,,,,,,,,,,,,,,,,,,,,,,,,,,,,,,,,,,,,,,,,,,,,,,,,,,,,,
training_event,training,dba80c84-68fd-45b2-ba28-10f10075b239,0a771abe-f3da-4340-9189-1a497d656d27,2026-08-12T18:53:01.217000+00:00,mouse_scroll,,,,,331.01061153599034,178.3950539466556,,47.19471751150013,,,,paragraph_typing,1,4,,,,5262.368874514235,,,,,training/paragraph_typing,seed_device_dba80c84,,,,,,,,,,,,,,,,,,,,,,,,,,,,,,,,,,,,,,,,,,,,,,,,,,,,,,,,,,,,,,,,,,
training_event,training,dba80c84-68fd-45b2-ba28-10f10075b239,0a771abe-f3da-4340-9189-1a497d656d27,2026-08-12T23:53:01.217000+00:00,keyup,66,H,62.84912103756753,86.27398495447738,,,,,,,,paragraph_typing,2,9,31,3,0,19144.513444212334,2791.269337334134,,,,training/paragraph_typing,seed_device_dba80c84,,,,,,,,,,,,,,,,,,,,,,,,,,,,,,,,,,,,,,,,,,,,,,,,,,,,,,,,,,,,,,,,,,
training_event,training,dba80c84-68fd-45b2-ba28-10f10075b239,0a771abe-f3da-4340-9189-1a497d656d27,2026-08-16T00:53:01.217000+00:00,keyup,85,T,91.43410777273544,132.45434237302862,,,,,,,,paragraph_typing,1,2,23,1,1,14436.18408455628,3646.916708665112,,,,training/paragraph_typing,seed_device_dba80c84,,,,,,,,,,,,,,,,,,,,,,,,,,,,,,,,,,,,,,,,,,,,,,,,,,,,,,,,,,,,,,,,,,
training_event,training,dba80c84-68fd-45b2-ba28-10f10075b239,d69b151d-4f81-49cf-9ed0-f421f647f0f3,2026-08-13T23:53:01.217000+00:00,mouse_move,,,,,1690.1937563334784,133.69908859264027,,,,,,controlled_typing,3,6,,,,29834.86304020936,,,,,training/controlled_typing,seed_device_dba80c84,,,,,,,,,,,,,,,,,,,,,,,,,,,,,,,,,,,,,,,,,,,,,,,,,,,,,,,,,,,,,,,,,,
training_event,training,dba80c84-68fd-45b2-ba28-10f10075b239,d69b151d-4f81-49cf-9ed0-f421f647f0f3,2026-08-14T12:53:01.217000+00:00,mouse_click,,,,,1333.851162336749,613.7198891953086,,,,,,controlled_typing,4,8,,,,28304.4583209943,,target_14,medium,232.94703581534552,training/controlled_typing,seed_device_dba80c84,,,,,,,,,,,,,,,,,,,,,,,,,,,,,,,,,,,,,,,,,,,,,,,,,,,,,,,,,,,,,,,,,,
training_event,training,dba80c84-68fd-45b2-ba28-10f10075b239,680db2e7-df01-4eb4-a5e2-8e6beb89c700,2026-08-15T20:53:01.217000+00:00,keydown,82,A,195.22584863401516,37.80992191915885,,,,,,,,repeated_typing,2,5,15,1,1,6759.915459784316,1001.788489232992,,,,training/repeated_typing,seed_device_dba80c84,,,,,,,,,,,,,,,,,,,,,,,,,,,,,,,,,,,,,,,,,,,,,,,,,,,,,,,,,,,,,,,,,,
training_event,training,dba80c84-68fd-45b2-ba28-10f10075b239,0a771abe-f3da-4340-9189-1a497d656d27,2026-08-16T14:53:01.217000+00:00,mouse_move,,,,,905.1797299672211,612.1518513934665,,,,,,paragraph_typing,3,6,,,,6835.26313946751,,,,,training/paragraph_typing,seed_device_dba80c84,,,,,,,,,,,,,,,,,,,,,,,,,,,,,,,,,,,,,,,,,,,,,,,,,,,,,,,,,,,,,,,,,,
training_event,training,dba80c84-68fd-45b2-ba28-10f10075b239,0a771abe-f3da-4340-9189-1a497d656d27,2026-08-13T18:53:01.217000+00:00,mouse_click,,,,,1418.6716175415613,624.6243141761829,,,,,,paragraph_typing,1,1,,,,4691.651626239944,,target_14,small,252.87687863205838,training/paragraph_typing,seed_device_dba80c84,,,,,,,,,,,,,,,,,,,,,,,,,,,,,,,,,,,,,,,,,,,,,,,,,,,,,,,,,,,,,,,,,,
training_event,training,dba80c84-68fd-45b2-ba28-10f10075b239,0a771abe-f3da-4340-9189-1a497d656d27,2026-08-13T00:53:01.217000+00:00,mouse_scroll,,,,,1578.5334205642057,498.81737394690913,,-21.165999003485336,,,,paragraph_typing,1,8,,,,10756.381424882891,,,,,training/paragraph_typing,seed_device_dba80c84,,,,,,,,,,,,,,,,,,,,,,,,,,,,,,,,,,,,,,,,,,,,,,,,,,,,,,,,,,,,,,,,,,
training_event,training,dba80c84-68fd-45b2-ba28-10f10075b239,0a771abe-f3da-4340-9189-1a497d656d27,2026-08-13T13:53:01.217000+00:00,keydown,82,X,147.32516451122822,124.29297063275304,,,,,,,,paragraph_typing,4,9,73,0,0,28662.0717021775,4405.4058589988435,,,,training/paragraph_typing,seed_device_dba80c84,,,,,,,,,,,,,,,,,,,,,,,,,,,,,,,,,,,,,,,,,,,,,,,,,,,,,,,,,,,,,,,,,,
training_event,training,dba80c84-68fd-45b2-ba28-10f10075b239,d69b151d-4f81-49cf-9ed0-f421f647f0f3,2026-08-16T23:53:01.217000+00:00,keydown,78,J,96.23354217860047,116.40602226765891,,,,,,,,controlled_typing,0,6,74,2,2,16842.96536899059,4599.657804960275,,,,training/controlled_typing,seed_device_dba80c84,,,,,,,,,,,,,,,,,,,,,,,,,,,,,,,,,,,,,,,,,,,,,,,,,,,,,,,,,,,,,,,,,,
training_event,training,dba80c84-68fd-45b2-ba28-10f10075b239,d69b151d-4f81-49cf-9ed0-f421f647f0f3,2026-08-12T01:53:01.217000+00:00,keyup,86,U,94.76182675964776,146.6237258007116,,,,,,,,controlled_typing,1,5,60,1,1,12153.286597583316,4017.2027546480786,,,,training/controlled_typing,seed_device_dba80c84,,,,,,,,,,,,,,,,,,,,,,,,,,,,,,,,,,,,,,,,,,,,,,,,,,,,,,,,,,,,,,,,,,
training_event,training,dba80c84-68fd-45b2-ba28-10f10075b239,680db2e7-df01-4eb4-a5e2-8e6beb89c700,2026-08-11T22:53:01.217000+00:00,mouse_move,,,,,750.9868159521908,509.65953159253894,,,,,,repeated_typing,2,2,,,,6378.5516846130795,,,,,training/repeated_typing,seed_device_dba80c84,,,,,,,,,,,,,,,,,,,,,,,,,,,,,,,,,,,,,,,,,,,,,,,,,,,,,,,,,,,,,,,,,,
training_event,training,dba80c84-68fd-45b2-ba28-10f10075b239,680db2e7-df01-4eb4-a5e2-8e6beb89c700,2026-08-13T17:53:01.217000+00:00,mouse_scroll,,,,,1482.3637824287225,334.52786003128557,,-7.899634047866158,,,,repeated_typing,3,0,,,,23463.91411252153,,,,,training/repeated_typing,seed_device_dba80c84,,,,,,,,,,,,,,,,,,,,,,,,,,,,,,,,,,,,,,,,,,,,,,,,,,,,,,,,,,,,,,,,,,
training_event,training,dba80c84-68fd-45b2-ba28-10f10075b239,680db2e7-df01-4eb4-a5e2-8e6beb89c700,2026-08-12T23:53:01.217000+00:00,keydown,78,E,173.0937468343308,63.69394929537457,,,,,,,,repeated_typing,1,4,32,0,2,8050.546946285637,2932.0775996207162,,,,training/repeated_typing,seed_device_dba80c84,,,,,,,,,,,,,,,,,,,,,,,,,,,,,,,,,,,,,,,,,,,,,,,,,,,,,,,,,,,,,,,,,,
training_event,training,dba80c84-68fd-45b2-ba28-10f10075b239,680db2e7-df01-4eb4-a5e2-8e6beb89c700,2026-08-12T15:53:01.217000+00:00,mouse_scroll,,,,,1081.1345570181975,385.6791543032271,,-39.023618799971786,,,,repeated_typing,4,4,,,,27811.93362538247,,,,,training/repeated_typing,seed_device_dba80c84,,,,,,,,,,,,,,,,,,,,,,,,,,,,,,,,,,,,,,,,,,,,,,,,,,,,,,,,,,,,,,,,,,
training_event,training,dba80c84-68fd-45b2-ba28-10f10075b239,680db2e7-df01-4eb4-a5e2-8e6beb89c700,2026-08-16T09:53:01.217000+00:00,mouse_scroll,,,,,722.3621155289666,114.52074919517665,,-46.42698344535806,,,,repeated_typing,4,5,,,,4947.693288045906,,,,,training/repeated_typing,seed_device_dba80c84,,,,,,,,,,,,,,,,,,,,,,,,,,,,,,,,,,,,,,,,,,,,,,,,,,,,,,,,,,,,,,,,,,
training_event,training,dba80c84-68fd-45b2-ba28-10f10075b239,680db2e7-df01-4eb4-a5e2-8e6beb89c700,2026-08-13T23:53:01.217000+00:00,keyup,84,B,84.44102150070846,83.710616728289,,,,,,,,repeated_typing,4,9,38,3,0,7600.394131900669,2971.101292280906,,,,training/repeated_typing,seed_device_dba80c84,,,,,,,,,,,,,,,,,,,,,,,,,,,,,,,,,,,,,,,,,,,,,,,,,,,,,,,,,,,,,,,,,,
training_event,training,dba80c84-68fd-45b2-ba28-10f10075b239,680db2e7-df01-4eb4-a5e2-8e6beb89c700,2026-08-16T03:53:01.217000+00:00,mouse_click,,,,,108.4874248351532,199.69939969468786,,,,,,repeated_typing,2,8,,,,9696.189638869133,,target_20,large,278.3153383680213,training/repeated_typing,seed_device_dba80c84,,,,,,,,,,,,,,,,,,,,,,,,,,,,,,,,,,,,,,,,,,,,,,,,,,,,,,,,,,,,,,,,,,
training_event,training,dba80c84-68fd-45b2-ba28-10f10075b239,680db2e7-df01-4eb4-a5e2-8e6beb89c700,2026-08-15T09:53:01.217000+00:00,mouse_click,,,,,966.2894543768779,386.39333891577667,,,,,,repeated_typing,1,7,,,,17750.745065311337,,target_15,medium,78.35880042843178,training/repeated_typing,seed_device_dba80c84,,,,,,,,,,,,,,,,,,,,,,,,,,,,,,,,,,,,,,,,,,,,,,,,,,,,,,,,,,,,,,,,,,
training_event,training,dba80c84-68fd-45b2-ba28-10f10075b239,0a771abe-f3da-4340-9189-1a497d656d27,2026-08-16T05:53:01.217000+00:00,mouse_scroll,,,,,471.9936692124875,832.5324363424918,,-1.3951486211352773,,,,paragraph_typing,1,7,,,,24548.25429262341,,,,,training/paragraph_typing,seed_device_dba80c84,,,,,,,,,,,,,,,,,,,,,,,,,,,,,,,,,,,,,,,,,,,,,,,,,,,,,,,,,,,,,,,,,,
training_event,training,dba80c84-68fd-45b2-ba28-10f10075b239,0a771abe-f3da-4340-9189-1a497d656d27,2026-08-16T22:53:01.217000+00:00,mouse_move,,,,,1102.5439688434271,665.3040968931962,,,,,,paragraph_typing,0,9,,,,7915.270334540861,,,,,training/paragraph_typing,seed_device_dba80c84,,,,,,,,,,,,,,,,,,,,,,,,,,,,,,,,,,,,,,,,,,,,,,,,,,,,,,,,,,,,,,,,,,
training_event,training,dba80c84-68fd-45b2-ba28-10f10075b239,0a771abe-f3da-4340-9189-1a497d656d27,2026-08-14T00:53:01.217000+00:00,keydown,86,P,50.23652654065249,97.75804340607496,,,,,,,,paragraph_typing,4,9,24,1,1,21623.176052488852,4131.778861029476,,,,training/paragraph_typing,seed_device_dba80c84,,,,,,,,,,,,,,,,,,,,,,,,,,,,,,,,,,,,,,,,,,,,,,,,,,,,,,,,,,,,,,,,,,
training_event,training,dba80c84-68fd-45b2-ba28-10f10075b239,0a771abe-f3da-4340-9189-1a497d656d27,2026-08-12T05:53:01.217000+00:00,keydown,83,Y,137.99355905713324,124.34976306869721,,,,,,,,paragraph_typing,4,1,20,3,2,25686.531676140843,2832.4096415201743,,,,training/paragraph_typing,seed_device_dba80c84,,,,,,,,,,,,,,,,,,,,,,,,,,,,,,,,,,,,,,,,,,,,,,,,,,,,,,,,,,,,,,,,,,
training_event,training,dba80c84-68fd-45b2-ba28-10f10075b239,d69b151d-4f81-49cf-9ed0-f421f647f0f3,2026-08-16T08:53:01.217000+00:00,mouse_move,,,,,369.4900450345233,600.5492389709548,,,,,,controlled_typing,3,0,,,,24891.66253816647,,,,,training/controlled_typing,seed_device_dba80c84,,,,,,,,,,,,,,,,,,,,,,,,,,,,,,,,,,,,,,,,,,,,,,,,,,,,,,,,,,,,,,,,,,
training_event,training,dba80c84-68fd-45b2-ba28-10f10075b239,d69b151d-4f81-49cf-9ed0-f421f647f0f3,2026-08-16T16:53:01.217000+00:00,keydown,82,G,145.18483675598046,68.45396377546302,,,,,,,,controlled_typing,0,8,58,3,1,18865.189720183484,1735.9575962483814,,,,training/controlled_typing,seed_device_dba80c84,,,,,,,,,,,,,,,,,,,,,,,,,,,,,,,,,,,,,,,,,,,,,,,,,,,,,,,,,,,,,,,,,,
training_event,training,dba80c84-68fd-45b2-ba28-10f10075b239,d69b151d-4f81-49cf-9ed0-f421f647f0f3,2026-08-13T15:53:01.217000+00:00,mouse_move,,,,,256.28306692729177,261.60380367444054,,,,,,controlled_typing,1,5,,,,6701.241609714906,,,,,training/controlled_typing,seed_device_dba80c84,,,,,,,,,,,,,,,,,,,,,,,,,,,,,,,,,,,,,,,,,,,,,,,,,,,,,,,,,,,,,,,,,,
training_event,training,dba80c84-68fd-45b2-ba28-10f10075b239,d69b151d-4f81-49cf-9ed0-f421f647f0f3,2026-08-15T11:53:01.217000+00:00,mouse_scroll,,,,,1656.7955854470488,778.6164533957643,,-5.178617368547563,,,,controlled_typing,2,8,,,,23414.628182525346,,,,,training/controlled_typing,seed_device_dba80c84,,,,,,,,,,,,,,,,,,,,,,,,,,,,,,,,,,,,,,,,,,,,,,,,,,,,,,,,,,,,,,,,,,
training_event,training,dba80c84-68fd-45b2-ba28-10f10075b239,680db2e7-df01-4eb4-a5e2-8e6beb89c700,2026-08-14T06:53:01.217000+00:00,keyup,69,O,191.84509746459864,99.4167802364467,,,,,,,,repeated_typing,0,9,27,0,2,3250.5693550605733,4861.389290006067,,,,training/repeated_typing,seed_device_dba80c84,,,,,,,,,,,,,,,,,,,,,,,,,,,,,,,,,,,,,,,,,,,,,,,,,,,,,,,,,,,,,,,,,,
training_event,training,dba80c84-68fd-45b2-ba28-10f10075b239,680db2e7-df01-4eb4-a5e2-8e6beb89c700,2026-08-17T02:53:01.217000+00:00,keydown,79,N,193.48164667317565,52.34705002284953,,,,,,,,repeated_typing,4,2,66,3,1,18839.44937148488,970.8330836262608,,,,training/repeated_typing,seed_device_dba80c84,,,,,,,,,,,,,,,,,,,,,,,,,,,,,,,,,,,,,,,,,,,,,,,,,,,,,,,,,,,,,,,,,,
training_event,training,dba80c84-68fd-45b2-ba28-10f10075b239,680db2e7-df01-4eb4-a5e2-8e6beb89c700,2026-08-15T00:53:01.217000+00:00,mouse_move,,,,,152.95282132889594,410.25032395983976,,,,,,repeated_typing,1,6,,,,29214.37650106683,,,,,training/repeated_typing,seed_device_dba80c84,,,,,,,,,,,,,,,,,,,,,,,,,,,,,,,,,,,,,,,,,,,,,,,,,,,,,,,,,,,,,,,,,,
training_event,training,dba80c84-68fd-45b2-ba28-10f10075b239,680db2e7-df01-4eb4-a5e2-8e6beb89c700,2026-08-14T03:53:01.217000+00:00,mouse_move,,,,,164.7477797701178,823.2387985390977,,,,,,repeated_typing,4,9,,,,1277.0640230543968,,,,,training/repeated_typing,seed_device_dba80c84,,,,,,,,,,,,,,,,,,,,,,,,,,,,,,,,,,,,,,,,,,,,,,,,,,,,,,,,,,,,,,,,,,
training_event,training,dba80c84-68fd-45b2-ba28-10f10075b239,680db2e7-df01-4eb4-a5e2-8e6beb89c700,2026-08-17T04:53:01.217000+00:00,keydown,87,X,143.8453403296896,117.1419896688216,,,,,,,,repeated_typing,2,5,86,3,2,9593.853738844895,874.5759974939882,,,,training/repeated_typing,seed_device_dba80c84,,,,,,,,,,,,,,,,,,,,,,,,,,,,,,,,,,,,,,,,,,,,,,,,,,,,,,,,,,,,,,,,,,
training_event,training,dba80c84-68fd-45b2-ba28-10f10075b239,680db2e7-df01-4eb4-a5e2-8e6beb89c700,2026-08-13T22:53:01.217000+00:00,mouse_move,,,,,1183.1810058241374,831.937280860531,,,,,,repeated_typing,3,4,,,,2207.7707616146517,,,,,training/repeated_typing,seed_device_dba80c84,,,,,,,,,,,,,,,,,,,,,,,,,,,,,,,,,,,,,,,,,,,,,,,,,,,,,,,,,,,,,,,,,,
training_event,training,dba80c84-68fd-45b2-ba28-10f10075b239,680db2e7-df01-4eb4-a5e2-8e6beb89c700,2026-08-12T21:53:01.217000+00:00,mouse_scroll,,,,,271.82487140350185,861.2472775511653,,3.864051923738252,,,,repeated_typing,3,2,,,,25061.17730708899,,,,,training/repeated_typing,seed_device_dba80c84,,,,,,,,,,,,,,,,,,,,,,,,,,,,,,,,,,,,,,,,,,,,,,,,,,,,,,,,,,,,,,,,,,
training_event,training,dba80c84-68fd-45b2-ba28-10f10075b239,680db2e7-df01-4eb4-a5e2-8e6beb89c700,2026-08-14T06:53:01.217000+00:00,mouse_click,,,,,283.98392187074154,428.6134989951467,,,,,,repeated_typing,2,7,,,,28921.321173828637,,target_3,small,72.64957448298641,training/repeated_typing,seed_device_dba80c84,,,,,,,,,,,,,,,,,,,,,,,,,,,,,,,,,,,,,,,,,,,,,,,,,,,,,,,,,,,,,,,,,,
training_event,training,dba80c84-68fd-45b2-ba28-10f10075b239,0a771abe-f3da-4340-9189-1a497d656d27,2026-08-14T05:53:01.217000+00:00,keyup,87,M,159.7503166930327,69.77675190390252,,,,,,,,paragraph_typing,2,6,15,2,1,29930.395593269957,321.1876582831247,,,,training/paragraph_typing,seed_device_dba80c84,,,,,,,,,,,,,,,,,,,,,,,,,,,,,,,,,,,,,,,,,,,,,,,,,,,,,,,,,,,,,,,,,,
training_event,training,dba80c84-68fd-45b2-ba28-10f10075b239,0a771abe-f3da-4340-9189-1a497d656d27,2026-08-11T22:53:01.217000+00:00,keydown,83,U,133.06002766437615,65.97937782971684,,,,,,,,paragraph_typing,2,3,51,0,1,21314.04794425103,265.6810524689801,,,,training/paragraph_typing,seed_device_dba80c84,,,,,,,,,,,,,,,,,,,,,,,,,,,,,,,,,,,,,,,,,,,,,,,,,,,,,,,,,,,,,,,,,,
training_event,training,dba80c84-68fd-45b2-ba28-10f10075b239,0a771abe-f3da-4340-9189-1a497d656d27,2026-08-14T01:53:01.217000+00:00,mouse_move,,,,,1632.0213986555946,399.65746550632025,,,,,,paragraph_typing,4,1,,,,1935.9187238223815,,,,,training/paragraph_typing,seed_device_dba80c84,,,,,,,,,,,,,,,,,,,,,,,,,,,,,,,,,,,,,,,,,,,,,,,,,,,,,,,,,,,,,,,,,,
training_event,training,dba80c84-68fd-45b2-ba28-10f10075b239,0a771abe-f3da-4340-9189-1a497d656d27,2026-08-13T10:53:01.217000+00:00,mouse_scroll,,,,,375.9358889625397,192.8289349502765,,-20.485224466715202,,,,paragraph_typing,4,8,,,,22923.947346387293,,,,,training/paragraph_typing,seed_device_dba80c84,,,,,,,,,,,,,,,,,,,,,,,,,,,,,,,,,,,,,,,,,,,,,,,,,,,,,,,,,,,,,,,,,,
training_event,training,dba80c84-68fd-45b2-ba28-10f10075b239,0a771abe-f3da-4340-9189-1a497d656d27,2026-08-15T09:53:01.217000+00:00,keydown,65,J,72.72565374828557,146.0465813122355,,,,,,,,paragraph_typing,3,7,94,0,0,9906.331273436477,4517.1244192278755,,,,training/paragraph_typing,seed_device_dba80c84,,,,,,,,,,,,,,,,,,,,,,,,,,,,,,,,,,,,,,,,,,,,,,,,,,,,,,,,,,,,,,,,,,
training_event,training,dba80c84-68fd-45b2-ba28-10f10075b239,0a771abe-f3da-4340-9189-1a497d656d27,2026-08-16T10:53:01.217000+00:00,keyup,66,A,116.7431223966236,119.82958267155998,,,,,,,,paragraph_typing,4,4,82,2,2,24425.396467245333,1056.6799849437587,,,,training/paragraph_typing,seed_device_dba80c84,,,,,,,,,,,,,,,,,,,,,,,,,,,,,,,,,,,,,,,,,,,,,,,,,,,,,,,,,,,,,,,,,,
training_event,training,dba80c84-68fd-45b2-ba28-10f10075b239,0a771abe-f3da-4340-9189-1a497d656d27,2026-08-16T18:53:01.217000+00:00,mouse_scroll,,,,,1533.5866319631605,537.6413124037254,,-8.964701045702206,,,,paragraph_typing,4,3,,,,26845.240333407502,,,,,training/paragraph_typing,seed_device_dba80c84,,,,,,,,,,,,,,,,,,,,,,,,,,,,,,,,,,,,,,,,,,,,,,,,,,,,,,,,,,,,,,,,,,
training_event,training,dba80c84-68fd-45b2-ba28-10f10075b239,d69b151d-4f81-49cf-9ed0-f421f647f0f3,2026-08-14T19:53:01.217000+00:00,keydown,85,L,192.589059962222,96.1719362930823,,,,,,,,controlled_typing,1,2,10,0,0,1631.3688861476053,105.77231301410251,,,,training/controlled_typing,seed_device_dba80c84,,,,,,,,,,,,,,,,,,,,,,,,,,,,,,,,,,,,,,,,,,,,,,,,,,,,,,,,,,,,,,,,,,
training_event,training,dba80c84-68fd-45b2-ba28-10f10075b239,d69b151d-4f81-49cf-9ed0-f421f647f0f3,2026-08-13T00:53:01.217000+00:00,keydown,67,C,140.67773415011143,73.18173480906182,,,,,,,,controlled_typing,1,4,95,2,1,12174.598879067964,4580.567476264245,,,,training/controlled_typing,seed_device_dba80c84,,,,,,,,,,,,,,,,,,,,,,,,,,,,,,,,,,,,,,,,,,,,,,,,,,,,,,,,,,,,,,,,,,
training_event,training,dba80c84-68fd-45b2-ba28-10f10075b239,d69b151d-4f81-49cf-9ed0-f421f647f0f3,2026-08-11T17:53:01.217000+00:00,keyup,69,K,163.08294330489093,55.375574310222575,,,,,,,,controlled_typing,3,3,17,2,0,11802.249406917903,2381.346478864925,,,,training/controlled_typing,seed_device_dba80c84,,,,,,,,,,,,,,,,,,,,,,,,,,,,,,,,,,,,,,,,,,,,,,,,,,,,,,,,,,,,,,,,,,
training_event,training,dba80c84-68fd-45b2-ba28-10f10075b239,680db2e7-df01-4eb4-a5e2-8e6beb89c700,2026-08-16T12:53:01.217000+00:00,keydown,70,Q,152.27339537437092,110.70286004062724,,,,,,,,repeated_typing,1,7,46,2,1,6734.464999842277,444.3382890262054,,,,training/repeated_typing,seed_device_dba80c84,,,,,,,,,,,,,,,,,,,,,,,,,,,,,,,,,,,,,,,,,,,,,,,,,,,,,,,,,,,,,,,,,,
training_event,training,dba80c84-68fd-45b2-ba28-10f10075b239,680db2e7-df01-4eb4-a5e2-8e6beb89c700,2026-08-11T18:53:01.217000+00:00,mouse_scroll,,,,,220.08357921837904,887.9978581368941,,30.241586866957945,,,,repeated_typing,1,3,,,,4553.612781047252,,,,,training/repeated_typing,seed_device_dba80c84,,,,,,,,,,,,,,,,,,,,,,,,,,,,,,,,,,,,,,,,,,,,,,,,,,,,,,,,,,,,,,,,,,
training_event,training,dba80c84-68fd-45b2-ba28-10f10075b239,680db2e7-df01-4eb4-a5e2-8e6beb89c700,2026-08-14T02:53:01.217000+00:00,mouse_scroll,,,,,1064.4002414525953,610.9290501425724,,13.962197426976843,,,,repeated_typing,3,2,,,,17014.99639267401,,,,,training/repeated_typing,seed_device_dba80c84,,,,,,,,,,,,,,,,,,,,,,,,,,,,,,,,,,,,,,,,,,,,,,,,,,,,,,,,,,,,,,,,,,
training_event,training,dba80c84-68fd-45b2-ba28-10f10075b239,0a771abe-f3da-4340-9189-1a497d656d27,2026-08-15T13:53:01.217000+00:00,keyup,66,B,185.16601158934773,149.48899225655686,,,,,,,,paragraph_typing,1,8,37,3,2,15128.269822836612,1974.0493953541572,,,,training/paragraph_typing,seed_device_dba80c84,,,,,,,,,,,,,,,,,,,,,,,,,,,,,,,,,,,,,,,,,,,,,,,,,,,,,,,,,,,,,,,,,,
training_event,training,dba80c84-68fd-45b2-ba28-10f10075b239,0a771abe-f3da-4340-9189-1a497d656d27,2026-08-12T18:53:01.217000+00:00,keydown,78,R,74.612994567413,99.60639345497158,,,,,,,,paragraph_typing,0,9,12,0,0,25203.898596496994,363.78435245756623,,,,training/paragraph_typing,seed_device_dba80c84,,,,,,,,,,,,,,,,,,,,,,,,,,,,,,,,,,,,,,,,,,,,,,,,,,,,,,,,,,,,,,,,,,
training_event,training,dba80c84-68fd-45b2-ba28-10f10075b239,0a771abe-f3da-4340-9189-1a497d656d27,2026-08-15T10:53:01.217000+00:00,keydown,74,S,53.4232802208767,33.12278982348693,,,,,,,,paragraph_typing,1,8,15,0,2,25180.80639082879,2458.1798456441734,,,,training/paragraph_typing,seed_device_dba80c84,,,,,,,,,,,,,,,,,,,,,,,,,,,,,,,,,,,,,,,,,,,,,,,,,,,,,,,,,,,,,,,,,,
training_event,training,dba80c84-68fd-45b2-ba28-10f10075b239,0a771abe-f3da-4340-9189-1a497d656d27,2026-08-15T20:53:01.217000+00:00,mouse_click,,,,,1669.2567883972167,386.94655192169137,,,,,,paragraph_typing,4,2,,,,3903.548576528827,,target_6,large,274.03587338747934,training/paragraph_typing,seed_device_dba80c84,,,,,,,,,,,,,,,,,,,,,,,,,,,,,,,,,,,,,,,,,,,,,,,,,,,,,,,,,,,,,,,,,,
training_event,training,dba80c84-68fd-45b2-ba28-10f10075b239,0a771abe-f3da-4340-9189-1a497d656d27,2026-08-12T06:53:01.217000+00:00,keydown,71,C,70.6873485766816,113.86489343001247,,,,,,,,paragraph_typing,2,0,50,0,1,13882.77567653795,1230.692781611384,,,,training/paragraph_typing,seed_device_dba80c84,,,,,,,,,,,,,,,,,,,,,,,,,,,,,,,,,,,,,,,,,,,,,,,,,,,,,,,,,,,,,,,,,,
training_event,training,dba80c84-68fd-45b2-ba28-10f10075b239,0a771abe-f3da-4340-9189-1a497d656d27,2026-08-13T03:53:01.217000+00:00,mouse_move,,,,,397.01953445361426,844.7527637302318,,,,,,paragraph_typing,3,2,,,,4689.437724289388,,,,,training/paragraph_typing,seed_device_dba80c84,,,,,,,,,,,,,,,,,,,,,,,,,,,,,,,,,,,,,,,,,,,,,,,,,,,,,,,,,,,,,,,,,,
training_event,training,dba80c84-68fd-45b2-ba28-10f10075b239,0a771abe-f3da-4340-9189-1a497d656d27,2026-08-15T02:53:01.217000+00:00,mouse_scroll,,,,,1466.542411966905,620.3021951435937,,-6.75959380592419,,,,paragraph_typing,4,7,,,,29649.552241699697,,,,,training/paragraph_typing,seed_device_dba80c84,,,,,,,,,,,,,,,,,,,,,,,,,,,,,,,,,,,,,,,,,,,,,,,,,,,,,,,,,,,,,,,,,,
training_event,training,dba80c84-68fd-45b2-ba28-10f10075b239,0a771abe-f3da-4340-9189-1a497d656d27,2026-08-15T10:53:01.217000+00:00,mouse_click,,,,,1399.996167806214,874.4833575614507,,,,,,paragraph_typing,2,2,,,,18707.737304329145,,target_19,large,221.3939547944402,training/paragraph_typing,seed_device_dba80c84,,,,,,,,,,,,,,,,,,,,,,,,,,,,,,,,,,,,,,,,,,,,,,,,,,,,,,,,,,,,,,,,,,
training_event,training,dba80c84-68fd-45b2-ba28-10f10075b239,d69b151d-4f81-49cf-9ed0-f421f647f0f3,2026-08-17T09:53:01.217000+00:00,keydown,66,S,179.09624473261138,137.001775623054,,,,,,,,controlled_typing,2,2,23,2,1,21085.084453721483,616.4198636939955,,,,training/controlled_typing,seed_device_dba80c84,,,,,,,,,,,,,,,,,,,,,,,,,,,,,,,,,,,,,,,,,,,,,,,,,,,,,,,,,,,,,,,,,,
training_event,training,dba80c84-68fd-45b2-ba28-10f10075b239,d69b151d-4f81-49cf-9ed0-f421f647f0f3,2026-08-13T18:53:01.217000+00:00,keydown,87,U,147.62028737344124,86.15472136331505,,,,,,,,controlled_typing,1,0,18,1,2,11067.849127602803,114.86566251126706,,,,training/controlled_typing,seed_device_dba80c84,,,,,,,,,,,,,,,,,,,,,,,,,,,,,,,,,,,,,,,,,,,,,,,,,,,,,,,,,,,,,,,,,,
training_event,training,dba80c84-68fd-45b2-ba28-10f10075b239,d69b151d-4f81-49cf-9ed0-f421f647f0f3,2026-08-13T07:53:01.217000+00:00,mouse_scroll,,,,,1609.0074430911332,798.7137932224107,,43.61018988587621,,,,controlled_typing,3,8,,,,28076.696966508076,,,,,training/controlled_typing,seed_device_dba80c84,,,,,,,,,,,,,,,,,,,,,,,,,,,,,,,,,,,,,,,,,,,,,,,,,,,,,,,,,,,,,,,,,,
training_event,training,dba80c84-68fd-45b2-ba28-10f10075b239,680db2e7-df01-4eb4-a5e2-8e6beb89c700,2026-08-13T08:53:01.217000+00:00,mouse_click,,,,,555.9973057329495,502.4699253279653,,,,,,repeated_typing,2,2,,,,17358.807094717304,,target_17,large,203.53013717411616,training/repeated_typing,seed_device_dba80c84,,,,,,,,,,,,,,,,,,,,,,,,,,,,,,,,,,,,,,,,,,,,,,,,,,,,,,,,,,,,,,,,,,
training_event,training,dba80c84-68fd-45b2-ba28-10f10075b239,680db2e7-df01-4eb4-a5e2-8e6beb89c700,2026-08-12T10:53:01.217000+00:00,keyup,69,Q,108.0881257117718,148.98083178184987,,,,,,,,repeated_typing,4,1,34,0,0,14337.480558573749,3973.896300969613,,,,training/repeated_typing,seed_device_dba80c84,,,,,,,,,,,,,,,,,,,,,,,,,,,,,,,,,,,,,,,,,,,,,,,,,,,,,,,,,,,,,,,,,,
training_event,training,dba80c84-68fd-45b2-ba28-10f10075b239,0a771abe-f3da-4340-9189-1a497d656d27,2026-08-16T08:53:01.217000+00:00,mouse_scroll,,,,,771.7446662429305,291.2168159089879,,46.50525162168199,,,,paragraph_typing,1,9,,,,8024.6916159726425,,,,,training/paragraph_typing,seed_device_dba80c84,,,,,,,,,,,,,,,,,,,,,,,,,,,,,,,,,,,,,,,,,,,,,,,,,,,,,,,,,,,,,,,,,,
training_event,training,dba80c84-68fd-45b2-ba28-10f10075b239,0a771abe-f3da-4340-9189-1a497d656d27,2026-08-16T01:53:01.217000+00:00,keydown,86,G,58.671808862547294,132.6067041101349,,,,,,,,paragraph_typing,4,6,62,3,2,18599.83104153555,2805.200726683717,,,,training/paragraph_typing,seed_device_dba80c84,,,,,,,,,,,,,,,,,,,,,,,,,,,,,,,,,,,,,,,,,,,,,,,,,,,,,,,,,,,,,,,,,,
training_event,training,dba80c84-68fd-45b2-ba28-10f10075b239,0a771abe-f3da-4340-9189-1a497d656d27,2026-08-12T10:53:01.217000+00:00,keydown,69,E,139.11199591950825,117.287873410813,,,,,,,,paragraph_typing,0,7,30,0,2,28857.40475145393,4060.2682249870236,,,,training/paragraph_typing,seed_device_dba80c84,,,,,,,,,,,,,,,,,,,,,,,,,,,,,,,,,,,,,,,,,,,,,,,,,,,,,,,,,,,,,,,,,,
training_event,training,dba80c84-68fd-45b2-ba28-10f10075b239,d69b151d-4f81-49cf-9ed0-f421f647f0f3,2026-08-12T23:53:01.217000+00:00,keydown,82,G,179.32376300378067,102.32847981114735,,,,,,,,controlled_typing,0,0,85,3,0,9967.038856332565,716.9237392367012,,,,training/controlled_typing,seed_device_dba80c84,,,,,,,,,,,,,,,,,,,,,,,,,,,,,,,,,,,,,,,,,,,,,,,,,,,,,,,,,,,,,,,,,,
training_event,training,dba80c84-68fd-45b2-ba28-10f10075b239,d69b151d-4f81-49cf-9ed0-f421f647f0f3,2026-08-14T07:53:01.217000+00:00,mouse_move,,,,,165.74266043743515,317.368142972743,,,,,,controlled_typing,0,9,,,,16807.17994763167,,,,,training/controlled_typing,seed_device_dba80c84,,,,,,,,,,,,,,,,,,,,,,,,,,,,,,,,,,,,,,,,,,,,,,,,,,,,,,,,,,,,,,,,,,
training_event,training,dba80c84-68fd-45b2-ba28-10f10075b239,d69b151d-4f81-49cf-9ed0-f421f647f0f3,2026-08-17T07:53:01.217000+00:00,keyup,67,O,147.39439483606907,117.40255427316013,,,,,,,,controlled_typing,2,0,32,3,0,14574.822322113152,2250.6185815975327,,,,training/controlled_typing,seed_device_dba80c84,,,,,,,,,,,,,,,,,,,,,,,,,,,,,,,,,,,,,,,,,,,,,,,,,,,,,,,,,,,,,,,,,,
training_event,training,dba80c84-68fd-45b2-ba28-10f10075b239,680db2e7-df01-4eb4-a5e2-8e6beb89c700,2026-08-13T22:53:01.217000+00:00,mouse_click,,,,,701.7413996017955,549.6783962238251,,,,,,repeated_typing,4,7,,,,8938.873202834257,,target_12,small,138.84260173070496,training/repeated_typing,seed_device_dba80c84,,,,,,,,,,,,,,,,,,,,,,,,,,,,,,,,,,,,,,,,,,,,,,,,,,,,,,,,,,,,,,,,,,
training_event,training,dba80c84-68fd-45b2-ba28-10f10075b239,680db2e7-df01-4eb4-a5e2-8e6beb89c700,2026-08-16T08:53:01.217000+00:00,keyup,84,C,79.81590109106432,112.98554309794046,,,,,,,,repeated_typing,1,7,79,1,1,27000.9938197842,3532.667671662103,,,,training/repeated_typing,seed_device_dba80c84,,,,,,,,,,,,,,,,,,,,,,,,,,,,,,,,,,,,,,,,,,,,,,,,,,,,,,,,,,,,,,,,,,
training_event,training,dba80c84-68fd-45b2-ba28-10f10075b239,680db2e7-df01-4eb4-a5e2-8e6beb89c700,2026-08-13T06:53:01.217000+00:00,keyup,83,N,110.21615116884603,118.47321878933248,,,,,,,,repeated_typing,3,4,69,2,2,18616.943749628223,3361.7765631354914,,,,training/repeated_typing,seed_device_dba80c84,,,,,,,,,,,,,,,,,,,,,,,,,,,,,,,,,,,,,,,,,,,,,,,,,,,,,,,,,,,,,,,,,,
training_event,training,dba80c84-68fd-45b2-ba28-10f10075b239,680db2e7-df01-4eb4-a5e2-8e6beb89c700,2026-08-11T10:53:01.217000+00:00,keyup,87,D,137.28843187537763,42.569154746104445,,,,,,,,repeated_typing,4,1,70,3,2,25221.15115418088,3280.3094761438497,,,,training/repeated_typing,seed_device_dba80c84,,,,,,,,,,,,,,,,,,,,,,,,,,,,,,,,,,,,,,,,,,,,,,,,,,,,,,,,,,,,,,,,,,
training_event,training,dba80c84-68fd-45b2-ba28-10f10075b239,680db2e7-df01-4eb4-a5e2-8e6beb89c700,2026-08-16T03:53:01.217000+00:00,mouse_scroll,,,,,1093.268083047904,839.296345532278,,-40.82426931581974,,,,repeated_typing,1,9,,,,17607.65622899987,,,,,training/repeated_typing,seed_device_dba80c84,,,,,,,,,,,,,,,,,,,,,,,,,,,,,,,,,,,,,,,,,,,,,,,,,,,,,,,,,,,,,,,,,,
training_event,training,dba80c84-68fd-45b2-ba28-10f10075b239,680db2e7-df01-4eb4-a5e2-8e6beb89c700,2026-08-15T01:53:01.217000+00:00,mouse_move,,,,,242.1772573308719,210.35983476087694,,,,,,repeated_typing,3,4,,,,27574.478707676117,,,,,training/repeated_typing,seed_device_dba80c84,,,,,,,,,,,,,,,,,,,,,,,,,,,,,,,,,,,,,,,,,,,,,,,,,,,,,,,,,,,,,,,,,,
training_event,training,dba80c84-68fd-45b2-ba28-10f10075b239,0a771abe-f3da-4340-9189-1a497d656d27,2026-08-15T23:53:01.217000+00:00,mouse_move,,,,,992.7160243892541,139.2986632797104,,,,,,paragraph_typing,2,8,,,,15808.29373435984,,,,,training/paragraph_typing,seed_device_dba80c84,,,,,,,,,,,,,,,,,,,,,,,,,,,,,,,,,,,,,,,,,,,,,,,,,,,,,,,,,,,,,,,,,,
training_event,training,dba80c84-68fd-45b2-ba28-10f10075b239,0a771abe-f3da-4340-9189-1a497d656d27,2026-08-15T04:53:01.217000+00:00,mouse_move,,,,,1568.7977312594282,712.2971278738613,,,,,,paragraph_typing,4,1,,,,16216.037039068198,,,,,training/paragraph_typing,seed_device_dba80c84,,,,,,,,,,,,,,,,,,,,,,,,,,,,,,,,,,,,,,,,,,,,,,,,,,,,,,,,,,,,,,,,,,
training_event,training,dba80c84-68fd-45b2-ba28-10f10075b239,0a771abe-f3da-4340-9189-1a497d656d27,2026-08-14T03:53:01.217000+00:00,mouse_click,,,,,772.014027264285,693.2061106498579,,,,,,paragraph_typing,0,6,,,,1545.7119888961192,,target_2,small,126.94735281577289,training/paragraph_typing,seed_device_dba80c84,,,,,,,,,,,,,,,,,,,,,,,,,,,,,,,,,,,,,,,,,,,,,,,,,,,,,,,,,,,,,,,,,,
training_event,training,dba80c84-68fd-45b2-ba28-10f10075b239,0a771abe-f3da-4340-9189-1a497d656d27,2026-08-16T17:53:01.217000+00:00,mouse_move,,,,,703.1323789449883,726.383325068937,,,,,,paragraph_typing,2,5,,,,5046.985439872711,,,,,training/paragraph_typing,seed_device_dba80c84,,,,,,,,,,,,,,,,,,,,,,,,,,,,,,,,,,,,,,,,,,,,,,,,,,,,,,,,,,,,,,,,,,
training_event,training,dba80c84-68fd-45b2-ba28-10f10075b239,0a771abe-f3da-4340-9189-1a497d656d27,2026-08-14T19:53:01.217000+00:00,mouse_click,,,,,1710.0208497224012,338.6029967856157,,,,,,paragraph_typing,4,7,,,,17365.93066271612,,target_4,medium,151.63874167090862,training/paragraph_typing,seed_device_dba80c84,,,,,,,,,,,,,,,,,,,,,,,,,,,,,,,,,,,,,,,,,,,,,,,,,,,,,,,,,,,,,,,,,,
training_event,training,dba80c84-68fd-45b2-ba28-10f10075b239,d69b151d-4f81-49cf-9ed0-f421f647f0f3,2026-08-15T14:53:01.217000+00:00,mouse_scroll,,,,,1146.49656958267,246.12271126685118,,-44.11808644123836,,,,controlled_typing,4,3,,,,16623.14302948601,,,,,training/controlled_typing,seed_device_dba80c84,,,,,,,,,,,,,,,,,,,,,,,,,,,,,,,,,,,,,,,,,,,,,,,,,,,,,,,,,,,,,,,,,,
training_event,training,dba80c84-68fd-45b2-ba28-10f10075b239,d69b151d-4f81-49cf-9ed0-f421f647f0f3,2026-08-17T01:53:01.217000+00:00,mouse_scroll,,,,,820.9990809736889,896.1943841630275,,-11.877765844131893,,,,controlled_typing,3,1,,,,10232.930317305934,,,,,training/controlled_typing,seed_device_dba80c84,,,,,,,,,,,,,,,,,,,,,,,,,,,,,,,,,,,,,,,,,,,,,,,,,,,,,,,,,,,,,,,,,,
training_event,training,dba80c84-68fd-45b2-ba28-10f10075b239,d69b151d-4f81-49cf-9ed0-f421f647f0f3,2026-08-13T21:53:01.217000+00:00,keydown,76,P,64.9322426643253,147.7733275790648,,,,,,,,controlled_typing,4,2,42,2,0,25254.412891523516,1976.7196081777306,,,,training/controlled_typing,seed_device_dba80c84,,,,,,,,,,,,,,,,,,,,,,,,,,,,,,,,,,,,,,,,,,,,,,,,,,,,,,,,,,,,,,,,,,
training_event,training,dba80c84-68fd-45b2-ba28-10f10075b239,d69b151d-4f81-49cf-9ed0-f421f647f0f3,2026-08-14T16:53:01.217000+00:00,mouse_move,,,,,1185.238181626076,220.62173162361108,,,,,,controlled_typing,2,1,,,,18692.51209867764,,,,,training/controlled_typing,seed_device_dba80c84,,,,,,,,,,,,,,,,,,,,,,,,,,,,,,,,,,,,,,,,,,,,,,,,,,,,,,,,,,,,,,,,,,
training_event,training,dba80c84-68fd-45b2-ba28-10f10075b239,680db2e7-df01-4eb4-a5e2-8e6beb89c700,2026-08-17T02:53:01.217000+00:00,mouse_scroll,,,,,860.6988307633492,224.89199091874735,,11.137907226503238,,,,repeated_typing,0,2,,,,3605.7362253702818,,,,,training/repeated_typing,seed_device_dba80c84,,,,,,,,,,,,,,,,,,,,,,,,,,,,,,,,,,,,,,,,,,,,,,,,,,,,,,,,,,,,,,,,,,
training_event,training,dba80c84-68fd-45b2-ba28-10f10075b239,680db2e7-df01-4eb4-a5e2-8e6beb89c700,2026-08-14T15:53:01.217000+00:00,mouse_move,,,,,1040.5994373134445,653.385656590477,,,,,,repeated_typing,0,7,,,,21630.23684767273,,,,,training/repeated_typing,seed_device_dba80c84,,,,,,,,,,,,,,,,,,,,,,,,,,,,,,,,,,,,,,,,,,,,,,,,,,,,,,,,,,,,,,,,,,
training_event,training,dba80c84-68fd-45b2-ba28-10f10075b239,680db2e7-df01-4eb4-a5e2-8e6beb89c700,2026-08-13T12:53:01.217000+00:00,keydown,75,I,51.08474255183884,142.37803843485224,,,,,,,,repeated_typing,4,2,43,2,1,16130.626549126293,2993.8398965474134,,,,training/repeated_typing,seed_device_dba80c84,,,,,,,,,,,,,,,,,,,,,,,,,,,,,,,,,,,,,,,,,,,,,,,,,,,,,,,,,,,,,,,,,,
training_event,training,dba80c84-68fd-45b2-ba28-10f10075b239,680db2e7-df01-4eb4-a5e2-8e6beb89c700,2026-08-16T17:53:01.217000+00:00,mouse_move,,,,,282.55525896875156,717.2356732972696,,,,,,repeated_typing,4,8,,,,29195.574595102153,,,,,training/repeated_typing,seed_device_dba80c84,,,,,,,,,,,,,,,,,,,,,,,,,,,,,,,,,,,,,,,,,,,,,,,,,,,,,,,,,,,,,,,,,,
training_event,training,dba80c84-68fd-45b2-ba28-10f10075b239,680db2e7-df01-4eb4-a5e2-8e6beb89c700,2026-08-13T18:53:01.217000+00:00,mouse_scroll,,,,,1441.8363675297355,195.3983534631206,,-7.604202880635505,,,,repeated_typing,4,8,,,,10207.750988917769,,,,,training/repeated_typing,seed_device_dba80c84,,,,,,,,,,,,,,,,,,,,,,,,,,,,,,,,,,,,,,,,,,,,,,,,,,,,,,,,,,,,,,,,,,
training_event,training,dba80c84-68fd-45b2-ba28-10f10075b239,0a771abe-f3da-4340-9189-1a497d656d27,2026-08-17T00:53:01.217000+00:00,mouse_click,,,,,1270.932784047676,654.9493287903473,,,,,,paragraph_typing,2,3,,,,15247.416758514235,,target_6,medium,154.60715832365878,training/paragraph_typing,seed_device_dba80c84,,,,,,,,,,,,,,,,,,,,,,,,,,,,,,,,,,,,,,,,,,,,,,,,,,,,,,,,,,,,,,,,,,
training_event,training,dba80c84-68fd-45b2-ba28-10f10075b239,0a771abe-f3da-4340-9189-1a497d656d27,2026-08-14T03:53:01.217000+00:00,mouse_scroll,,,,,1617.7979444541586,694.0269626584168,,-44.577725937858105,,,,paragraph_typing,2,5,,,,17730.50162613213,,,,,training/paragraph_typing,seed_device_dba80c84,,,,,,,,,,,,,,,,,,,,,,,,,,,,,,,,,,,,,,,,,,,,,,,,,,,,,,,,,,,,,,,,,,
training_event,training,dba80c84-68fd-45b2-ba28-10f10075b239,0a771abe-f3da-4340-9189-1a497d656d27,2026-08-15T09:53:01.217000+00:00,mouse_scroll,,,,,706.4563264872766,811.6950984675369,,12.694809844019737,,,,paragraph_typing,2,4,,,,3818.7805380752425,,,,,training/paragraph_typing,seed_device_dba80c84,,,,,,,,,,,,,,,,,,,,,,,,,,,,,,,,,,,,,,,,,,,,,,,,,,,,,,,,,,,,,,,,,,
training_event,training,dba80c84-68fd-45b2-ba28-10f10075b239,0a771abe-f3da-4340-9189-1a497d656d27,2026-08-11T20:53:01.217000+00:00,mouse_scroll,,,,,320.6872403989054,418.6625308031768,,5.799190374364585,,,,paragraph_typing,4,6,,,,17843.570680633187,,,,,training/paragraph_typing,seed_device_dba80c84,,,,,,,,,,,,,,,,,,,,,,,,,,,,,,,,,,,,,,,,,,,,,,,,,,,,,,,,,,,,,,,,,,
training_event,training,dba80c84-68fd-45b2-ba28-10f10075b239,0a771abe-f3da-4340-9189-1a497d656d27,2026-08-16T12:53:01.217000+00:00,keydown,82,N,127.59675089453528,110.37496557945171,,,,,,,,paragraph_typing,4,9,82,1,1,8140.2060025780365,3058.2008616637368,,,,training/paragraph_typing,seed_device_dba80c84,,,,,,,,,,,,,,,,,,,,,,,,,,,,,,,,,,,,,,,,,,,,,,,,,,,,,,,,,,,,,,,,,,
training_event,training,dba80c84-68fd-45b2-ba28-10f10075b239,d69b151d-4f81-49cf-9ed0-f421f647f0f3,2026-08-15T14:53:01.217000+00:00,mouse_scroll,,,,,890.8011680314119,835.9697854709661,,-13.480273334166256,,,,controlled_typing,3,5,,,,4031.1934012788943,,,,,training/controlled_typing,seed_device_dba80c84,,,,,,,,,,,,,,,,,,,,,,,,,,,,,,,,,,,,,,,,,,,,,,,,,,,,,,,,,,,,,,,,,,
training_event,training,dba80c84-68fd-45b2-ba28-10f10075b239,680db2e7-df01-4eb4-a5e2-8e6beb89c700,2026-08-12T02:53:01.217000+00:00,keyup,72,O,134.4365864844807,74.9261431199073,,,,,,,,repeated_typing,2,9,62,1,1,21325.226300676244,2856.483152689803,,,,training/repeated_typing,seed_device_dba80c84,,,,,,,,,,,,,,,,,,,,,,,,,,,,,,,,,,,,,,,,,,,,,,,,,,,,,,,,,,,,,,,,,,
training_event,training,dba80c84-68fd-45b2-ba28-10f10075b239,680db2e7-df01-4eb4-a5e2-8e6beb89c700,2026-08-16T01:53:01.217000+00:00,mouse_scroll,,,,,1179.3954536916792,477.0163988219595,,-12.714117815093829,,,,repeated_typing,1,3,,,,27533.863527108202,,,,,training/repeated_typing,seed_device_dba80c84,,,,,,,,,,,,,,,,,,,,,,,,,,,,,,,,,,,,,,,,,,,,,,,,,,,,,,,,,,,,,,,,,,
training_event,training,dba80c84-68fd-45b2-ba28-10f10075b239,680db2e7-df01-4eb4-a5e2-8e6beb89c700,2026-08-15T06:53:01.217000+00:00,keydown,83,N,125.51844989754257,49.89076257223377,,,,,,,,repeated_typing,1,9,70,0,2,27991.62549302911,4184.470008262329,,,,training/repeated_typing,seed_device_dba80c84,,,,,,,,,,,,,,,,,,,,,,,,,,,,,,,,,,,,,,,,,,,,,,,,,,,,,,,,,,,,,,,,,,
training_event,training,dba80c84-68fd-45b2-ba28-10f10075b239,680db2e7-df01-4eb4-a5e2-8e6beb89c700,2026-08-15T23:53:01.217000+00:00,mouse_scroll,,,,,1169.607233103382,798.7862898187532,,8.896432606559848,,,,repeated_typing,1,7,,,,18464.17405657525,,,,,training/repeated_typing,seed_device_dba80c84,,,,,,,,,,,,,,,,,,,,,,,,,,,,,,,,,,,,,,,,,,,,,,,,,,,,,,,,,,,,,,,,,,
training_event,training,dba80c84-68fd-45b2-ba28-10f10075b239,680db2e7-df01-4eb4-a5e2-8e6beb89c700,2026-08-14T03:53:01.217000+00:00,mouse_click,,,,,642.627358926525,384.5866050831793,,,,,,repeated_typing,0,0,,,,27281.714165520923,,target_3,medium,210.79086558697557,training/repeated_typing,seed_device_dba80c84,,,,,,,,,,,,,,,,,,,,,,,,,,,,,,,,,,,,,,,,,,,,,,,,,,,,,,,,,,,,,,,,,,
training_event,training,dba80c84-68fd-45b2-ba28-10f10075b239,680db2e7-df01-4eb4-a5e2-8e6beb89c700,2026-08-15T19:53:01.217000+00:00,keyup,72,L,178.17661112789227,142.0461017595582,,,,,,,,repeated_typing,0,0,31,0,1,24403.7169917854,4847.271683342258,,,,training/repeated_typing,seed_device_dba80c84,,,,,,,,,,,,,,,,,,,,,,,,,,,,,,,,,,,,,,,,,,,,,,,,,,,,,,,,,,,,,,,,,,
training_event,training,dba80c84-68fd-45b2-ba28-10f10075b239,680db2e7-df01-4eb4-a5e2-8e6beb89c700,2026-08-13T01:53:01.217000+00:00,mouse_scroll,,,,,1017.0405774214654,453.8526511230679,,-36.34948033542973,,,,repeated_typing,2,1,,,,18918.02885729384,,,,,training/repeated_typing,seed_device_dba80c84,,,,,,,,,,,,,,,,,,,,,,,,,,,,,,,,,,,,,,,,,,,,,,,,,,,,,,,,,,,,,,,,,,
training_event,training,dba80c84-68fd-45b2-ba28-10f10075b239,680db2e7-df01-4eb4-a5e2-8e6beb89c700,2026-08-12T01:53:01.217000+00:00,keyup,89,L,194.31703647168803,108.37825565033485,,,,,,,,repeated_typing,0,4,51,3,0,8419.452520719882,2513.2172781867407,,,,training/repeated_typing,seed_device_dba80c84,,,,,,,,,,,,,,,,,,,,,,,,,,,,,,,,,,,,,,,,,,,,,,,,,,,,,,,,,,,,,,,,,,
training_event,training,dba80c84-68fd-45b2-ba28-10f10075b239,680db2e7-df01-4eb4-a5e2-8e6beb89c700,2026-08-14T05:53:01.217000+00:00,keydown,89,H,109.82432565840705,89.28221799289082,,,,,,,,repeated_typing,2,8,59,1,0,19834.25348786833,3480.965082556219,,,,training/repeated_typing,seed_device_dba80c84,,,,,,,,,,,,,,,,,,,,,,,,,,,,,,,,,,,,,,,,,,,,,,,,,,,,,,,,,,,,,,,,,,
training_event,training,dba80c84-68fd-45b2-ba28-10f10075b239,0a771abe-f3da-4340-9189-1a497d656d27,2026-08-15T22:53:01.217000+00:00,keyup,88,L,118.93280184243991,51.70132268523061,,,,,,,,paragraph_typing,3,9,18,1,1,9495.45187265089,2529.547549695359,,,,training/paragraph_typing,seed_device_dba80c84,,,,,,,,,,,,,,,,,,,,,,,,,,,,,,,,,,,,,,,,,,,,,,,,,,,,,,,,,,,,,,,,,,
training_event,training,dba80c84-68fd-45b2-ba28-10f10075b239,0a771abe-f3da-4340-9189-1a497d656d27,2026-08-13T18:53:01.217000+00:00,mouse_scroll,,,,,1156.7139285358116,713.0410966974209,,33.798954304150826,,,,paragraph_typing,2,3,,,,14402.147600615977,,,,,training/paragraph_typing,seed_device_dba80c84,,,,,,,,,,,,,,,,,,,,,,,,,,,,,,,,,,,,,,,,,,,,,,,,,,,,,,,,,,,,,,,,,,
training_event,training,dba80c84-68fd-45b2-ba28-10f10075b239,0a771abe-f3da-4340-9189-1a497d656d27,2026-08-11T10:53:01.217000+00:00,mouse_move,,,,,1757.2252136151906,726.499557044961,,,,,,paragraph_typing,1,6,,,,24758.152536887992,,,,,training/paragraph_typing,seed_device_dba80c84,,,,,,,,,,,,,,,,,,,,,,,,,,,,,,,,,,,,,,,,,,,,,,,,,,,,,,,,,,,,,,,,,,
training_event,training,dba80c84-68fd-45b2-ba28-10f10075b239,0a771abe-f3da-4340-9189-1a497d656d27,2026-08-15T08:53:01.217000+00:00,keyup,88,P,67.61307269150343,134.08899737832394,,,,,,,,paragraph_typing,3,9,12,3,2,3723.5659802099403,391.6078191510147,,,,training/paragraph_typing,seed_device_dba80c84,,,,,,,,,,,,,,,,,,,,,,,,,,,,,,,,,,,,,,,,,,,,,,,,,,,,,,,,,,,,,,,,,,
training_event,training,dba80c84-68fd-45b2-ba28-10f10075b239,0a771abe-f3da-4340-9189-1a497d656d27,2026-08-14T05:53:01.217000+00:00,keydown,79,Z,56.0075398307567,96.10544974617105,,,,,,,,paragraph_typing,1,0,42,2,0,9238.557746989552,2048.077758871159,,,,training/paragraph_typing,seed_device_dba80c84,,,,,,,,,,,,,,,,,,,,,,,,,,,,,,,,,,,,,,,,,,,,,,,,,,,,,,,,,,,,,,,,,,
training_event,training,dba80c84-68fd-45b2-ba28-10f10075b239,0a771abe-f3da-4340-9189-1a497d656d27,2026-08-15T19:53:01.217000+00:00,keydown,87,Z,194.76105660241345,93.89701076733522,,,,,,,,paragraph_typing,2,1,32,0,1,16591.589902714237,1549.8727770064618,,,,training/paragraph_typing,seed_device_dba80c84,,,,,,,,,,,,,,,,,,,,,,,,,,,,,,,,,,,,,,,,,,,,,,,,,,,,,,,,,,,,,,,,,,
training_event,training,dba80c84-68fd-45b2-ba28-10f10075b239,0a771abe-f3da-4340-9189-1a497d656d27,2026-08-12T14:53:01.217000+00:00,keyup,77,T,115.72209777836171,67.4163812279447,,,,,,,,paragraph_typing,2,9,77,1,0,12542.470001398515,1311.6186577900885,,,,training/paragraph_typing,seed_device_dba80c84,,,,,,,,,,,,,,,,,,,,,,,,,,,,,,,,,,,,,,,,,,,,,,,,,,,,,,,,,,,,,,,,,,
training_event,training,dba80c84-68fd-45b2-ba28-10f10075b239,0a771abe-f3da-4340-9189-1a497d656d27,2026-08-15T16:53:01.217000+00:00,mouse_click,,,,,144.0351938398247,218.18670476316422,,,,,,paragraph_typing,1,3,,,,8967.988254105303,,target_11,small,219.42050297505156,training/paragraph_typing,seed_device_dba80c84,,,,,,,,,,,,,,,,,,,,,,,,,,,,,,,,,,,,,,,,,,,,,,,,,,,,,,,,,,,,,,,,,,
training_event,training,dba80c84-68fd-45b2-ba28-10f10075b239,0a771abe-f3da-4340-9189-1a497d656d27,2026-08-15T07:53:01.217000+00:00,mouse_scroll,,,,,1121.799492410456,658.8645090385845,,-28.50198355397603,,,,paragraph_typing,0,0,,,,4816.1706764527935,,,,,training/paragraph_typing,seed_device_dba80c84,,,,,,,,,,,,,,,,,,,,,,,,,,,,,,,,,,,,,,,,,,,,,,,,,,,,,,,,,,,,,,,,,,
training_event,training,dba80c84-68fd-45b2-ba28-10f10075b239,d69b151d-4f81-49cf-9ed0-f421f647f0f3,2026-08-11T20:53:01.217000+00:00,mouse_click,,,,,1536.322498256927,282.79719058086874,,,,,,controlled_typing,0,5,,,,8074.255274435779,,target_13,medium,191.4820418065452,training/controlled_typing,seed_device_dba80c84,,,,,,,,,,,,,,,,,,,,,,,,,,,,,,,,,,,,,,,,,,,,,,,,,,,,,,,,,,,,,,,,,,
training_event,training,dba80c84-68fd-45b2-ba28-10f10075b239,d69b151d-4f81-49cf-9ed0-f421f647f0f3,2026-08-13T22:53:01.217000+00:00,keydown,88,Y,90.90606253704328,120.72294659408281,,,,,,,,controlled_typing,2,5,26,3,0,10986.921158799742,4730.790143474923,,,,training/controlled_typing,seed_device_dba80c84,,,,,,,,,,,,,,,,,,,,,,,,,,,,,,,,,,,,,,,,,,,,,,,,,,,,,,,,,,,,,,,,,,
training_event,training,dba80c84-68fd-45b2-ba28-10f10075b239,680db2e7-df01-4eb4-a5e2-8e6beb89c700,2026-08-13T05:53:01.217000+00:00,mouse_click,,,,,1706.6044992966822,843.8751946508565,,,,,,repeated_typing,4,1,,,,4450.506353453242,,target_14,medium,106.44975163614657,training/repeated_typing,seed_device_dba80c84,,,,,,,,,,,,,,,,,,,,,,,,,,,,,,,,,,,,,,,,,,,,,,,,,,,,,,,,,,,,,,,,,,
training_event,training,dba80c84-68fd-45b2-ba28-10f10075b239,680db2e7-df01-4eb4-a5e2-8e6beb89c700,2026-08-12T23:53:01.217000+00:00,keyup,89,A,160.39428246087144,45.57201069165209,,,,,,,,repeated_typing,4,0,47,0,0,2747.948355246871,1449.5728780866025,,,,training/repeated_typing,seed_device_dba80c84,,,,,,,,,,,,,,,,,,,,,,,,,,,,,,,,,,,,,,,,,,,,,,,,,,,,,,,,,,,,,,,,,,
training_event,training,dba80c84-68fd-45b2-ba28-10f10075b239,680db2e7-df01-4eb4-a5e2-8e6beb89c700,2026-08-12T01:53:01.217000+00:00,keydown,89,Z,158.48947543587127,53.79490774416776,,,,,,,,repeated_typing,2,4,30,3,0,19856.242136256995,2889.994606096451,,,,training/repeated_typing,seed_device_dba80c84,,,,,,,,,,,,,,,,,,,,,,,,,,,,,,,,,,,,,,,,,,,,,,,,,,,,,,,,,,,,,,,,,,
training_event,training,dba80c84-68fd-45b2-ba28-10f10075b239,680db2e7-df01-4eb4-a5e2-8e6beb89c700,2026-08-11T19:53:01.217000+00:00,mouse_move,,,,,641.6029779392908,508.9283590375116,,,,,,repeated_typing,4,0,,,,6246.2711296507305,,,,,training/repeated_typing,seed_device_dba80c84,,,,,,,,,,,,,,,,,,,,,,,,,,,,,,,,,,,,,,,,,,,,,,,,,,,,,,,,,,,,,,,,,,
training_event,training,dba80c84-68fd-45b2-ba28-10f10075b239,680db2e7-df01-4eb4-a5e2-8e6beb89c700,2026-08-16T19:53:01.217000+00:00,keydown,84,Z,176.87447701271248,60.46896910395065,,,,,,,,repeated_typing,2,8,91,1,1,15694.330729766769,1419.3356338773926,,,,training/repeated_typing,seed_device_dba80c84,,,,,,,,,,,,,,,,,,,,,,,,,,,,,,,,,,,,,,,,,,,,,,,,,,,,,,,,,,,,,,,,,,
training_event,training,dba80c84-68fd-45b2-ba28-10f10075b239,680db2e7-df01-4eb4-a5e2-8e6beb89c700,2026-08-16T00:53:01.217000+00:00,mouse_move,,,,,619.9772141067398,662.9459326654252,,,,,,repeated_typing,3,9,,,,22840.996464418524,,,,,training/repeated_typing,seed_device_dba80c84,,,,,,,,,,,,,,,,,,,,,,,,,,,,,,,,,,,,,,,,,,,,,,,,,,,,,,,,,,,,,,,,,,
training_event,training,dba80c84-68fd-45b2-ba28-10f10075b239,680db2e7-df01-4eb4-a5e2-8e6beb89c700,2026-08-15T08:53:01.217000+00:00,keydown,82,U,195.14755364935252,57.17118544307464,,,,,,,,repeated_typing,0,0,58,3,1,14538.032173924505,2070.1994522792056,,,,training/repeated_typing,seed_device_dba80c84,,,,,,,,,,,,,,,,,,,,,,,,,,,,,,,,,,,,,,,,,,,,,,,,,,,,,,,,,,,,,,,,,,
training_event,training,dba80c84-68fd-45b2-ba28-10f10075b239,680db2e7-df01-4eb4-a5e2-8e6beb89c700,2026-08-13T02:53:01.217000+00:00,mouse_click,,,,,379.9473074236859,634.2499394236085,,,,,,repeated_typing,4,1,,,,18725.187269029033,,target_19,medium,284.71114897469937,training/repeated_typing,seed_device_dba80c84,,,,,,,,,,,,,,,,,,,,,,,,,,,,,,,,,,,,,,,,,,,,,,,,,,,,,,,,,,,,,,,,,,
training_event,training,dba80c84-68fd-45b2-ba28-10f10075b239,680db2e7-df01-4eb4-a5e2-8e6beb89c700,2026-08-15T23:53:01.217000+00:00,mouse_move,,,,,574.7199893179904,444.3637102684584,,,,,,repeated_typing,3,5,,,,21456.778589646885,,,,,training/repeated_typing,seed_device_dba80c84,,,,,,,,,,,,,,,,,,,,,,,,,,,,,,,,,,,,,,,,,,,,,,,,,,,,,,,,,,,,,,,,,,
training_event,training,dba80c84-68fd-45b2-ba28-10f10075b239,0a771abe-f3da-4340-9189-1a497d656d27,2026-08-13T22:53:01.217000+00:00,keyup,75,G,61.052200616209504,133.17743475610922,,,,,,,,paragraph_typing,0,0,12,1,0,3080.725499522841,1352.6842787833755,,,,training/paragraph_typing,seed_device_dba80c84,,,,,,,,,,,,,,,,,,,,,,,,,,,,,,,,,,,,,,,,,,,,,,,,,,,,,,,,,,,,,,,,,,
training_event,training,dba80c84-68fd-45b2-ba28-10f10075b239,0a771abe-f3da-4340-9189-1a497d656d27,2026-08-16T04:53:01.217000+00:00,mouse_scroll,,,,,790.9552633610574,770.033804176872,,45.09462739942016,,,,paragraph_typing,1,0,,,,17136.94909051362,,,,,training/paragraph_typing,seed_device_dba80c84,,,,,,,,,,,,,,,,,,,,,,,,,,,,,,,,,,,,,,,,,,,,,,,,,,,,,,,,,,,,,,,,,,
training_event,training,dba80c84-68fd-45b2-ba28-10f10075b239,0a771abe-f3da-4340-9189-1a497d656d27,2026-08-16T13:53:01.217000+00:00,mouse_scroll,,,,,185.84178062324955,654.4014080623654,,37.97528948428035,,,,paragraph_typing,0,3,,,,15277.85234076018,,,,,training/paragraph_typing,seed_device_dba80c84,,,,,,,,,,,,,,,,,,,,,,,,,,,,,,,,,,,,,,,,,,,,,,,,,,,,,,,,,,,,,,,,,,
training_event,training,dba80c84-68fd-45b2-ba28-10f10075b239,0a771abe-f3da-4340-9189-1a497d656d27,2026-08-16T09:53:01.217000+00:00,mouse_move,,,,,1670.3277486225288,700.0703482178122,,,,,,paragraph_typing,0,0,,,,13763.576117518174,,,,,training/paragraph_typing,seed_device_dba80c84,,,,,,,,,,,,,,,,,,,,,,,,,,,,,,,,,,,,,,,,,,,,,,,,,,,,,,,,,,,,,,,,,,
training_event,training,dba80c84-68fd-45b2-ba28-10f10075b239,d69b151d-4f81-49cf-9ed0-f421f647f0f3,2026-08-16T23:53:01.217000+00:00,mouse_move,,,,,1505.9860281391486,335.2893728354485,,,,,,controlled_typing,4,5,,,,20230.71257174686,,,,,training/controlled_typing,seed_device_dba80c84,,,,,,,,,,,,,,,,,,,,,,,,,,,,,,,,,,,,,,,,,,,,,,,,,,,,,,,,,,,,,,,,,,
training_event,training,dba80c84-68fd-45b2-ba28-10f10075b239,680db2e7-df01-4eb4-a5e2-8e6beb89c700,2026-08-11T16:53:01.217000+00:00,mouse_click,,,,,507.35317674483906,310.48065076572885,,,,,,repeated_typing,4,9,,,,26131.948135419894,,target_19,large,241.0600241149824,training/repeated_typing,seed_device_dba80c84,,,,,,,,,,,,,,,,,,,,,,,,,,,,,,,,,,,,,,,,,,,,,,,,,,,,,,,,,,,,,,,,,,
training_event,training,dba80c84-68fd-45b2-ba28-10f10075b239,680db2e7-df01-4eb4-a5e2-8e6beb89c700,2026-08-16T20:53:01.217000+00:00,keyup,78,V,166.91179139409127,66.71643386586967,,,,,,,,repeated_typing,1,2,58,3,0,26349.45212099018,4942.351599776676,,,,training/repeated_typing,seed_device_dba80c84,,,,,,,,,,,,,,,,,,,,,,,,,,,,,,,,,,,,,,,,,,,,,,,,,,,,,,,,,,,,,,,,,,
training_event,training,dba80c84-68fd-45b2-ba28-10f10075b239,680db2e7-df01-4eb4-a5e2-8e6beb89c700,2026-08-16T02:53:01.217000+00:00,keyup,83,L,170.9635135318813,74.54376139986928,,,,,,,,repeated_typing,3,1,100,1,1,16688.991691221992,2278.573407585184,,,,training/repeated_typing,seed_device_dba80c84,,,,,,,,,,,,,,,,,,,,,,,,,,,,,,,,,,,,,,,,,,,,,,,,,,,,,,,,,,,,,,,,,,
training_event,training,dba80c84-68fd-45b2-ba28-10f10075b239,680db2e7-df01-4eb4-a5e2-8e6beb89c700,2026-08-11T12:53:01.217000+00:00,mouse_move,,,,,182.1590736349052,670.4296532104936,,,,,,repeated_typing,4,8,,,,27624.130982123756,,,,,training/repeated_typing,seed_device_dba80c84,,,,,,,,,,,,,,,,,,,,,,,,,,,,,,,,,,,,,,,,,,,,,,,,,,,,,,,,,,,,,,,,,,
training_event,training,dba80c84-68fd-45b2-ba28-10f10075b239,0a771abe-f3da-4340-9189-1a497d656d27,2026-08-12T12:53:01.217000+00:00,mouse_move,,,,,710.1449217248307,833.6554990028974,,,,,,paragraph_typing,3,8,,,,19524.206832515367,,,,,training/paragraph_typing,seed_device_dba80c84,,,,,,,,,,,,,,,,,,,,,,,,,,,,,,,,,,,,,,,,,,,,,,,,,,,,,,,,,,,,,,,,,,
training_event,training,dba80c84-68fd-45b2-ba28-10f10075b239,0a771abe-f3da-4340-9189-1a497d656d27,2026-08-11T23:53:01.217000+00:00,mouse_move,,,,,1279.734920368158,740.2865377167917,,,,,,paragraph_typing,0,3,,,,20946.00933818314,,,,,training/paragraph_typing,seed_device_dba80c84,,,,,,,,,,,,,,,,,,,,,,,,,,,,,,,,,,,,,,,,,,,,,,,,,,,,,,,,,,,,,,,,,,
training_event,training,dba80c84-68fd-45b2-ba28-10f10075b239,0a771abe-f3da-4340-9189-1a497d656d27,2026-08-15T21:53:01.217000+00:00,keydown,82,Z,160.44103254285082,107.96184245204891,,,,,,,,paragraph_typing,2,6,21,1,2,11436.043000248992,3212.7539362915554,,,,training/paragraph_typing,seed_device_dba80c84,,,,,,,,,,,,,,,,,,,,,,,,,,,,,,,,,,,,,,,,,,,,,,,,,,,,,,,,,,,,,,,,,,
training_event,training,dba80c84-68fd-45b2-ba28-10f10075b239,0a771abe-f3da-4340-9189-1a497d656d27,2026-08-12T08:53:01.217000+00:00,mouse_scroll,,,,,1363.1679746376774,349.83306153255865,,12.161814330757245,,,,paragraph_typing,1,7,,,,29718.63142318626,,,,,training/paragraph_typing,seed_device_dba80c84,,,,,,,,,,,,,,,,,,,,,,,,,,,,,,,,,,,,,,,,,,,,,,,,,,,,,,,,,,,,,,,,,,
training_event,training,dba80c84-68fd-45b2-ba28-10f10075b239,0a771abe-f3da-4340-9189-1a497d656d27,2026-08-12T06:53:01.217000+00:00,mouse_scroll,,,,,879.276515628872,573.821235977951,,22.26956138166102,,,,paragraph_typing,0,8,,,,7775.840523708245,,,,,training/paragraph_typing,seed_device_dba80c84,,,,,,,,,,,,,,,,,,,,,,,,,,,,,,,,,,,,,,,,,,,,,,,,,,,,,,,,,,,,,,,,,,
training_event,training,dba80c84-68fd-45b2-ba28-10f10075b239,9984d3f9-a3a4-4bba-b4c1-8f9104a5dc27,2026-09-05T16:56:16.686000+00:00,keydown,84,T,,,,,,,,,,controlled_typing,0,,,,,,,,,,/app/training,dev_07816792-ddc2-4c7e-b167-1da450c46a18,,,,,,,,,,,,,,,,,,,,,,,,,,,,,,,,,,,,,,,,,,,,,,,,,,,,,,,,,,,,,,,,,,
training_event,training,dba80c84-68fd-45b2-ba28-10f10075b239,9984d3f9-a3a4-4bba-b4c1-8f9104a5dc27,2026-09-05T16:56:16.792000+00:00,keyup,84,,106.4,,,,,,,,,controlled_typing,0,,,,,,,,,,/app/training,dev_07816792-ddc2-4c7e-b167-1da450c46a18,,,,,,,,,,,,,,,,,,,,,,,,,,,,,,,,,,,,,,,,,,,,,,,,,,,,,,,,,,,,,,,,,,
training_event,training,dba80c84-68fd-45b2-ba28-10f10075b239,9984d3f9-a3a4-4bba-b4c1-8f9104a5dc27,2026-09-05T16:56:16.940000+00:00,keydown,72,h,,254.4,,,,,,,,controlled_typing,0,,,,,,,,,,/app/training,dev_07816792-ddc2-4c7e-b167-1da450c46a18,,,,,,,,,,,,,,,,,,,,,,,,,,,,,,,,,,,,,,,,,,,,,,,,,,,,,,,,,,,,,,,,,,
training_event,training,dba80c84-68fd-45b2-ba28-10f10075b239,9984d3f9-a3a4-4bba-b4c1-8f9104a5dc27,2026-09-05T16:56:17.047000+00:00,keyup,72,,106.4,,,,,,,,,controlled_typing,0,,,,,,,,,,/app/training,dev_07816792-ddc2-4c7e-b167-1da450c46a18,,,,,,,,,,,,,,,,,,,,,,,,,,,,,,,,,,,,,,,,,,,,,,,,,,,,,,,,,,,,,,,,,,
training_event,training,dba80c84-68fd-45b2-ba28-10f10075b239,9984d3f9-a3a4-4bba-b4c1-8f9104a5dc27,2026-09-05T16:56:17.084000+00:00,keydown,69,e,,143.7,,,,,,,,controlled_typing,0,,,,,,,,,,/app/training,dev_07816792-ddc2-4c7e-b167-1da450c46a18,,,,,,,,,,,,,,,,,,,,,,,,,,,,,,,,,,,,,,,,,,,,,,,,,,,,,,,,,,,,,,,,,,
training_event,training,dba80c84-68fd-45b2-ba28-10f10075b239,9984d3f9-a3a4-4bba-b4c1-8f9104a5dc27,2026-09-05T16:56:17.213000+00:00,keyup,69,,128.8,,,,,,,,,controlled_typing,0,,,,,,,,,,/app/training,dev_07816792-ddc2-4c7e-b167-1da450c46a18,,,,,,,,,,,,,,,,,,,,,,,,,,,,,,,,,,,,,,,,,,,,,,,,,,,,,,,,,,,,,,,,,,
training_event,training,dba80c84-68fd-45b2-ba28-10f10075b239,9984d3f9-a3a4-4bba-b4c1-8f9104a5dc27,2026-09-05T16:56:17.247000+00:00,keydown,32, ,,162.7,,,,,,,,controlled_typing,0,,,,,,,,,,/app/training,dev_07816792-ddc2-4c7e-b167-1da450c46a18,,,,,,,,,,,,,,,,,,,,,,,,,,,,,,,,,,,,,,,,,,,,,,,,,,,,,,,,,,,,,,,,,,
training_event,training,dba80c84-68fd-45b2-ba28-10f10075b239,9984d3f9-a3a4-4bba-b4c1-8f9104a5dc27,2026-09-05T16:56:17.351000+00:00,keyup,32,,104.8,,,,,,,,,controlled_typing,0,,,,,,,,,,/app/training,dev_07816792-ddc2-4c7e-b167-1da450c46a18,,,,,,,,,,,,,,,,,,,,,,,,,,,,,,,,,,,,,,,,,,,,,,,,,,,,,,,,,,,,,,,,,,
training_event,training,dba80c84-68fd-45b2-ba28-10f10075b239,9984d3f9-a3a4-4bba-b4c1-8f9104a5dc27,2026-09-05T16:56:18.312000+00:00,keydown,81,q,,1065.1,,,,,,,,controlled_typing,0,,,,,,,,,,/app/training,dev_07816792-ddc2-4c7e-b167-1da450c46a18,,,,,,,,,,,,,,,,,,,,,,,,,,,,,,,,,,,,,,,,,,,,,,,,,,,,,,,,,,,,,,,,,,
training_event,training,dba80c84-68fd-45b2-ba28-10f10075b239,9984d3f9-a3a4-4bba-b4c1-8f9104a5dc27,2026-09-05T16:56:18.443000+00:00,keyup,81,,130.7,,,,,,,,,controlled_typing,0,,,,,,,,,,/app/training,dev_07816792-ddc2-4c7e-b167-1da450c46a18,,,,,,,,,,,,,,,,,,,,,,,,,,,,,,,,,,,,,,,,,,,,,,,,,,,,,,,,,,,,,,,,,,
training_event,training,dba80c84-68fd-45b2-ba28-10f10075b239,9984d3f9-a3a4-4bba-b4c1-8f9104a5dc27,2026-09-05T16:56:18.676000+00:00,keydown,85,u,,364.7,,,,,,,,controlled_typing,0,,,,,,,,,,/app/training,dev_07816792-ddc2-4c7e-b167-1da450c46a18,,,,,,,,,,,,,,,,,,,,,,,,,,,,,,,,,,,,,,,,,,,,,,,,,,,,,,,,,,,,,,,,,,
training_event,training,dba80c84-68fd-45b2-ba28-10f10075b239,9984d3f9-a3a4-4bba-b4c1-8f9104a5dc27,2026-09-05T16:56:18.751000+00:00,keyup,85,,74.7,,,,,,,,,controlled_typing,0,,,,,,,,,,/app/training,dev_07816792-ddc2-4c7e-b167-1da450c46a18,,,,,,,,,,,,,,,,,,,,,,,,,,,,,,,,,,,,,,,,,,,,,,,,,,,,,,,,,,,,,,,,,,
training_event,training,dba80c84-68fd-45b2-ba28-10f10075b239,9984d3f9-a3a4-4bba-b4c1-8f9104a5dc27,2026-09-05T16:56:18.885000+00:00,keydown,73,i,,208.1,,,,,,,,controlled_typing,0,,,,,,,,,,/app/training,dev_07816792-ddc2-4c7e-b167-1da450c46a18,,,,,,,,,,,,,,,,,,,,,,,,,,,,,,,,,,,,,,,,,,,,,,,,,,,,,,,,,,,,,,,,,,
training_event,training,dba80c84-68fd-45b2-ba28-10f10075b239,9984d3f9-a3a4-4bba-b4c1-8f9104a5dc27,2026-09-05T16:56:18.957000+00:00,keyup,73,,72.7,,,,,,,,,controlled_typing,0,,,,,,,,,,/app/training,dev_07816792-ddc2-4c7e-b167-1da450c46a18,,,,,,,,,,,,,,,,,,,,,,,,,,,,,,,,,,,,,,,,,,,,,,,,,,,,,,,,,,,,,,,,,,
training_event,training,dba80c84-68fd-45b2-ba28-10f10075b239,9984d3f9-a3a4-4bba-b4c1-8f9104a5dc27,2026-09-05T16:56:19.055000+00:00,keydown,67,c,,170.8,,,,,,,,controlled_typing,0,,,,,,,,,,/app/training,dev_07816792-ddc2-4c7e-b167-1da450c46a18,,,,,,,,,,,,,,,,,,,,,,,,,,,,,,,,,,,,,,,,,,,,,,,,,,,,,,,,,,,,,,,,,,
training_event,training,dba80c84-68fd-45b2-ba28-10f10075b239,9984d3f9-a3a4-4bba-b4c1-8f9104a5dc27,2026-09-05T16:56:19.166000+00:00,keyup,67,,110.9,,,,,,,,,controlled_typing,0,,,,,,,,,,/app/training,dev_07816792-ddc2-4c7e-b167-1da450c46a18,,,,,,,,,,,,,,,,,,,,,,,,,,,,,,,,,,,,,,,,,,,,,,,,,,,,,,,,,,,,,,,,,,
training_event,training,dba80c84-68fd-45b2-ba28-10f10075b239,9984d3f9-a3a4-4bba-b4c1-8f9104a5dc27,2026-09-05T16:56:19.225000+00:00,keydown,75,k,,169.2,,,,,,,,controlled_typing,0,,,,,,,,,,/app/training,dev_07816792-ddc2-4c7e-b167-1da450c46a18,,,,,,,,,,,,,,,,,,,,,,,,,,,,,,,,,,,,,,,,,,,,,,,,,,,,,,,,,,,,,,,,,,
training_event,training,dba80c84-68fd-45b2-ba28-10f10075b239,9984d3f9-a3a4-4bba-b4c1-8f9104a5dc27,2026-09-05T16:56:19.342000+00:00,keyup,75,,117.8,,,,,,,,,controlled_typing,0,,,,,,,,,,/app/training,dev_07816792-ddc2-4c7e-b167-1da450c46a18,,,,,,,,,,,,,,,,,,,,,,,,,,,,,,,,,,,,,,,,,,,,,,,,,,,,,,,,,,,,,,,,,,
training_event,training,dba80c84-68fd-45b2-ba28-10f10075b239,9984d3f9-a3a4-4bba-b4c1-8f9104a5dc27,2026-09-05T16:56:19.450000+00:00,keydown,32, ,,225.3,,,,,,,,controlled_typing,0,,,,,,,,,,/app/training,dev_07816792-ddc2-4c7e-b167-1da450c46a18,,,,,,,,,,,,,,,,,,,,,,,,,,,,,,,,,,,,,,,,,,,,,,,,,,,,,,,,,,,,,,,,,,
training_event,training,dba80c84-68fd-45b2-ba28-10f10075b239,9984d3f9-a3a4-4bba-b4c1-8f9104a5dc27,2026-09-05T16:56:19.586000+00:00,keyup,32,,136.1,,,,,,,,,controlled_typing,0,,,,,,,,,,/app/training,dev_07816792-ddc2-4c7e-b167-1da450c46a18,,,,,,,,,,,,,,,,,,,,,,,,,,,,,,,,,,,,,,,,,,,,,,,,,,,,,,,,,,,,,,,,,,
training_event,training,dba80c84-68fd-45b2-ba28-10f10075b239,9984d3f9-a3a4-4bba-b4c1-8f9104a5dc27,2026-09-05T16:56:19.809000+00:00,keydown,66,b,,359.4,,,,,,,,controlled_typing,0,,,,,,,,,,/app/training,dev_07816792-ddc2-4c7e-b167-1da450c46a18,,,,,,,,,,,,,,,,,,,,,,,,,,,,,,,,,,,,,,,,,,,,,,,,,,,,,,,,,,,,,,,,,,
training_event,training,dba80c84-68fd-45b2-ba28-10f10075b239,9984d3f9-a3a4-4bba-b4c1-8f9104a5dc27,2026-09-05T16:56:19.913000+00:00,keyup,66,,103.6,,,,,,,,,controlled_typing,0,,,,,,,,,,/app/training,dev_07816792-ddc2-4c7e-b167-1da450c46a18,,,,,,,,,,,,,,,,,,,,,,,,,,,,,,,,,,,,,,,,,,,,,,,,,,,,,,,,,,,,,,,,,,
training_event,training,dba80c84-68fd-45b2-ba28-10f10075b239,9984d3f9-a3a4-4bba-b4c1-8f9104a5dc27,2026-09-05T16:56:19.974000+00:00,keydown,82,r,,164.9,,,,,,,,controlled_typing,0,,,,,,,,,,/app/training,dev_07816792-ddc2-4c7e-b167-1da450c46a18,,,,,,,,,,,,,,,,,,,,,,,,,,,,,,,,,,,,,,,,,,,,,,,,,,,,,,,,,,,,,,,,,,
training_event,training,dba80c84-68fd-45b2-ba28-10f10075b239,9984d3f9-a3a4-4bba-b4c1-8f9104a5dc27,2026-09-05T16:56:20.098000+00:00,keyup,82,,123.8,,,,,,,,,controlled_typing,0,,,,,,,,,,/app/training,dev_07816792-ddc2-4c7e-b167-1da450c46a18,,,,,,,,,,,,,,,,,,,,,,,,,,,,,,,,,,,,,,,,,,,,,,,,,,,,,,,,,,,,,,,,,,
training_event,training,dba80c84-68fd-45b2-ba28-10f10075b239,9984d3f9-a3a4-4bba-b4c1-8f9104a5dc27,2026-09-05T16:56:20.166000+00:00,keydown,79,o,,191.6,,,,,,,,controlled_typing,0,,,,,,,,,,/app/training,dev_07816792-ddc2-4c7e-b167-1da450c46a18,,,,,,,,,,,,,,,,,,,,,,,,,,,,,,,,,,,,,,,,,,,,,,,,,,,,,,,,,,,,,,,,,,
training_event,training,dba80c84-68fd-45b2-ba28-10f10075b239,9984d3f9-a3a4-4bba-b4c1-8f9104a5dc27,2026-09-05T16:56:20.298000+00:00,keyup,79,,132.7,,,,,,,,,controlled_typing,0,,,,,,,,,,/app/training,dev_07816792-ddc2-4c7e-b167-1da450c46a18,,,,,,,,,,,,,,,,,,,,,,,,,,,,,,,,,,,,,,,,,,,,,,,,,,,,,,,,,,,,,,,,,,
training_event,training,dba80c84-68fd-45b2-ba28-10f10075b239,9984d3f9-a3a4-4bba-b4c1-8f9104a5dc27,2026-09-05T16:56:20.396000+00:00,keydown,87,w,,230.2,,,,,,,,controlled_typing,0,,,,,,,,,,/app/training,dev_07816792-ddc2-4c7e-b167-1da450c46a18,,,,,,,,,,,,,,,,,,,,,,,,,,,,,,,,,,,,,,,,,,,,,,,,,,,,,,,,,,,,,,,,,,
training_event,training,dba80c84-68fd-45b2-ba28-10f10075b239,9984d3f9-a3a4-4bba-b4c1-8f9104a5dc27,2026-09-05T16:56:20.541000+00:00,keyup,87,,145.4,,,,,,,,,controlled_typing,0,,,,,,,,,,/app/training,dev_07816792-ddc2-4c7e-b167-1da450c46a18,,,,,,,,,,,,,,,,,,,,,,,,,,,,,,,,,,,,,,,,,,,,,,,,,,,,,,,,,,,,,,,,,,
training_event,training,dba80c84-68fd-45b2-ba28-10f10075b239,9984d3f9-a3a4-4bba-b4c1-8f9104a5dc27,2026-09-05T16:56:20.584000+00:00,keydown,78,n,,188.2,,,,,,,,controlled_typing,0,,,,,,,,,,/app/training,dev_07816792-ddc2-4c7e-b167-1da450c46a18,,,,,,,,,,,,,,,,,,,,,,,,,,,,,,,,,,,,,,,,,,,,,,,,,,,,,,,,,,,,,,,,,,
training_event,training,dba80c84-68fd-45b2-ba28-10f10075b239,9984d3f9-a3a4-4bba-b4c1-8f9104a5dc27,2026-09-05T16:56:20.678000+00:00,keyup,78,,94.1,,,,,,,,,controlled_typing,0,,,,,,,,,,/app/training,dev_07816792-ddc2-4c7e-b167-1da450c46a18,,,,,,,,,,,,,,,,,,,,,,,,,,,,,,,,,,,,,,,,,,,,,,,,,,,,,,,,,,,,,,,,,,
training_event,training,dba80c84-68fd-45b2-ba28-10f10075b239,9984d3f9-a3a4-4bba-b4c1-8f9104a5dc27,2026-09-05T16:56:20.839000+00:00,keydown,32, ,,254.8,,,,,,,,controlled_typing,0,,,,,,,,,,/app/training,dev_07816792-ddc2-4c7e-b167-1da450c46a18,,,,,,,,,,,,,,,,,,,,,,,,,,,,,,,,,,,,,,,,,,,,,,,,,,,,,,,,,,,,,,,,,,
training_event,training,dba80c84-68fd-45b2-ba28-10f10075b239,9984d3f9-a3a4-4bba-b4c1-8f9104a5dc27,2026-09-05T16:56:20.916000+00:00,keyup,32,,77.3,,,,,,,,,controlled_typing,0,,,,,,,,,,/app/training,dev_07816792-ddc2-4c7e-b167-1da450c46a18,,,,,,,,,,,,,,,,,,,,,,,,,,,,,,,,,,,,,,,,,,,,,,,,,,,,,,,,,,,,,,,,,,
training_event,training,dba80c84-68fd-45b2-ba28-10f10075b239,9984d3f9-a3a4-4bba-b4c1-8f9104a5dc27,2026-09-05T16:56:21.732000+00:00,keydown,70,f,,893.2,,,,,,,,controlled_typing,0,,,,,,,,,,/app/training,dev_07816792-ddc2-4c7e-b167-1da450c46a18,,,,,,,,,,,,,,,,,,,,,,,,,,,,,,,,,,,,,,,,,,,,,,,,,,,,,,,,,,,,,,,,,,
training_event,training,dba80c84-68fd-45b2-ba28-10f10075b239,9984d3f9-a3a4-4bba-b4c1-8f9104a5dc27,2026-09-05T16:56:21.816000+00:00,keyup,70,,83.4,,,,,,,,,controlled_typing,0,,,,,,,,,,/app/training,dev_07816792-ddc2-4c7e-b167-1da450c46a18,,,,,,,,,,,,,,,,,,,,,,,,,,,,,,,,,,,,,,,,,,,,,,,,,,,,,,,,,,,,,,,,,,
training_event,training,dba80c84-68fd-45b2-ba28-10f10075b239,9984d3f9-a3a4-4bba-b4c1-8f9104a5dc27,2026-09-05T16:56:21.884000+00:00,keydown,79,o,,152.1,,,,,,,,controlled_typing,0,,,,,,,,,,/app/training,dev_07816792-ddc2-4c7e-b167-1da450c46a18,,,,,,,,,,,,,,,,,,,,,,,,,,,,,,,,,,,,,,,,,,,,,,,,,,,,,,,,,,,,,,,,,,
training_event,training,dba80c84-68fd-45b2-ba28-10f10075b239,9984d3f9-a3a4-4bba-b4c1-8f9104a5dc27,2026-09-05T16:56:21.978000+00:00,keyup,79,,93.3,,,,,,,,,controlled_typing,0,,,,,,,,,,/app/training,dev_07816792-ddc2-4c7e-b167-1da450c46a18,,,,,,,,,,,,,,,,,,,,,,,,,,,,,,,,,,,,,,,,,,,,,,,,,,,,,,,,,,,,,,,,,,
training_event,training,dba80c84-68fd-45b2-ba28-10f10075b239,9984d3f9-a3a4-4bba-b4c1-8f9104a5dc27,2026-09-05T16:56:22.466000+00:00,keydown,88,x,,581.4,,,,,,,,controlled_typing,0,,,,,,,,,,/app/training,dev_07816792-ddc2-4c7e-b167-1da450c46a18,,,,,,,,,,,,,,,,,,,,,,,,,,,,,,,,,,,,,,,,,,,,,,,,,,,,,,,,,,,,,,,,,,
training_event,training,dba80c84-68fd-45b2-ba28-10f10075b239,9984d3f9-a3a4-4bba-b4c1-8f9104a5dc27,2026-09-05T16:56:22.578000+00:00,keyup,88,,111.9,,,,,,,,,controlled_typing,0,,,,,,,,,,/app/training,dev_07816792-ddc2-4c7e-b167-1da450c46a18,,,,,,,,,,,,,,,,,,,,,,,,,,,,,,,,,,,,,,,,,,,,,,,,,,,,,,,,,,,,,,,,,,
training_event,training,dba80c84-68fd-45b2-ba28-10f10075b239,9984d3f9-a3a4-4bba-b4c1-8f9104a5dc27,2026-09-05T16:56:22.611000+00:00,keydown,32, ,,145.3,,,,,,,,controlled_typing,0,,,,,,,,,,/app/training,dev_07816792-ddc2-4c7e-b167-1da450c46a18,,,,,,,,,,,,,,,,,,,,,,,,,,,,,,,,,,,,,,,,,,,,,,,,,,,,,,,,,,,,,,,,,,
training_event,training,dba80c84-68fd-45b2-ba28-10f10075b239,9984d3f9-a3a4-4bba-b4c1-8f9104a5dc27,2026-09-05T16:56:22.748000+00:00,keyup,32,,137.1,,,,,,,,,controlled_typing,0,,,,,,,,,,/app/training,dev_07816792-ddc2-4c7e-b167-1da450c46a18,,,,,,,,,,,,,,,,,,,,,,,,,,,,,,,,,,,,,,,,,,,,,,,,,,,,,,,,,,,,,,,,,,
training_event,training,dba80c84-68fd-45b2-ba28-10f10075b239,9984d3f9-a3a4-4bba-b4c1-8f9104a5dc27,2026-09-05T16:56:23.074000+00:00,keydown,74,j,,463.2,,,,,,,,controlled_typing,0,,,,,,,,,,/app/training,dev_07816792-ddc2-4c7e-b167-1da450c46a18,,,,,,,,,,,,,,,,,,,,,,,,,,,,,,,,,,,,,,,,,,,,,,,,,,,,,,,,,,,,,,,,,,
training_event,training,dba80c84-68fd-45b2-ba28-10f10075b239,9984d3f9-a3a4-4bba-b4c1-8f9104a5dc27,2026-09-05T16:56:23.182000+00:00,keyup,74,,108.2,,,,,,,,,controlled_typing,0,,,,,,,,,,/app/training,dev_07816792-ddc2-4c7e-b167-1da450c46a18,,,,,,,,,,,,,,,,,,,,,,,,,,,,,,,,,,,,,,,,,,,,,,,,,,,,,,,,,,,,,,,,,,
training_event,training,dba80c84-68fd-45b2-ba28-10f10075b239,9984d3f9-a3a4-4bba-b4c1-8f9104a5dc27,2026-09-05T16:56:23.304000+00:00,keydown,85,u,,229.7,,,,,,,,controlled_typing,0,,,,,,,,,,/app/training,dev_07816792-ddc2-4c7e-b167-1da450c46a18,,,,,,,,,,,,,,,,,,,,,,,,,,,,,,,,,,,,,,,,,,,,,,,,,,,,,,,,,,,,,,,,,,
training_event,training,dba80c84-68fd-45b2-ba28-10f10075b239,9984d3f9-a3a4-4bba-b4c1-8f9104a5dc27,2026-09-05T16:56:23.386000+00:00,keyup,85,,82.1,,,,,,,,,controlled_typing,0,,,,,,,,,,/app/training,dev_07816792-ddc2-4c7e-b167-1da450c46a18,,,,,,,,,,,,,,,,,,,,,,,,,,,,,,,,,,,,,,,,,,,,,,,,,,,,,,,,,,,,,,,,,,
training_event,training,dba80c84-68fd-45b2-ba28-10f10075b239,9984d3f9-a3a4-4bba-b4c1-8f9104a5dc27,2026-09-05T16:56:23.616000+00:00,keydown,77,m,,312.1,,,,,,,,controlled_typing,0,,,,,,,,,,/app/training,dev_07816792-ddc2-4c7e-b167-1da450c46a18,,,,,,,,,,,,,,,,,,,,,,,,,,,,,,,,,,,,,,,,,,,,,,,,,,,,,,,,,,,,,,,,,,
training_event,training,dba80c84-68fd-45b2-ba28-10f10075b239,9984d3f9-a3a4-4bba-b4c1-8f9104a5dc27,2026-09-05T16:56:23.682000+00:00,keyup,77,,66.2,,,,,,,,,controlled_typing,0,,,,,,,,,,/app/training,dev_07816792-ddc2-4c7e-b167-1da450c46a18,,,,,,,,,,,,,,,,,,,,,,,,,,,,,,,,,,,,,,,,,,,,,,,,,,,,,,,,,,,,,,,,,,
training_event,training,dba80c84-68fd-45b2-ba28-10f10075b239,9984d3f9-a3a4-4bba-b4c1-8f9104a5dc27,2026-09-05T16:56:23.954000+00:00,keydown,80,p,,338.3,,,,,,,,controlled_typing,0,,,,,,,,,,/app/training,dev_07816792-ddc2-4c7e-b167-1da450c46a18,,,,,,,,,,,,,,,,,,,,,,,,,,,,,,,,,,,,,,,,,,,,,,,,,,,,,,,,,,,,,,,,,,
training_event,training,dba80c84-68fd-45b2-ba28-10f10075b239,9984d3f9-a3a4-4bba-b4c1-8f9104a5dc27,2026-09-05T16:56:24.086000+00:00,keyup,80,,131.4,,,,,,,,,controlled_typing,0,,,,,,,,,,/app/training,dev_07816792-ddc2-4c7e-b167-1da450c46a18,,,,,,,,,,,,,,,,,,,,,,,,,,,,,,,,,,,,,,,,,,,,,,,,,,,,,,,,,,,,,,,,,,
training_event,training,dba80c84-68fd-45b2-ba28-10f10075b239,9984d3f9-a3a4-4bba-b4c1-8f9104a5dc27,2026-09-05T16:56:24.139000+00:00,keydown,83,s,,184.7,,,,,,,,controlled_typing,0,,,,,,,,,,/app/training,dev_07816792-ddc2-4c7e-b167-1da450c46a18,,,,,,,,,,,,,,,,,,,,,,,,,,,,,,,,,,,,,,,,,,,,,,,,,,,,,,,,,,,,,,,,,,
training_event,training,dba80c84-68fd-45b2-ba28-10f10075b239,9984d3f9-a3a4-4bba-b4c1-8f9104a5dc27,2026-09-05T16:56:24.255000+00:00,keyup,83,,116.3,,,,,,,,,controlled_typing,0,,,,,,,,,,/app/training,dev_07816792-ddc2-4c7e-b167-1da450c46a18,,,,,,,,,,,,,,,,,,,,,,,,,,,,,,,,,,,,,,,,,,,,,,,,,,,,,,,,,,,,,,,,,,
training_event,training,dba80c84-68fd-45b2-ba28-10f10075b239,9984d3f9-a3a4-4bba-b4c1-8f9104a5dc27,2026-09-05T16:56:24.315000+00:00,keydown,32, ,,176.5,,,,,,,,controlled_typing,0,,,,,,,,,,/app/training,dev_07816792-ddc2-4c7e-b167-1da450c46a18,,,,,,,,,,,,,,,,,,,,,,,,,,,,,,,,,,,,,,,,,,,,,,,,,,,,,,,,,,,,,,,,,,
training_event,training,dba80c84-68fd-45b2-ba28-10f10075b239,9984d3f9-a3a4-4bba-b4c1-8f9104a5dc27,2026-09-05T16:56:24.416000+00:00,keyup,32,,100.8,,,,,,,,,controlled_typing,0,,,,,,,,,,/app/training,dev_07816792-ddc2-4c7e-b167-1da450c46a18,,,,,,,,,,,,,,,,,,,,,,,,,,,,,,,,,,,,,,,,,,,,,,,,,,,,,,,,,,,,,,,,,,
training_event,training,dba80c84-68fd-45b2-ba28-10f10075b239,9984d3f9-a3a4-4bba-b4c1-8f9104a5dc27,2026-09-05T16:56:24.816000+00:00,keydown,79,o,,500.1,,,,,,,,controlled_typing,0,,,,,,,,,,/app/training,dev_07816792-ddc2-4c7e-b167-1da450c46a18,,,,,,,,,,,,,,,,,,,,,,,,,,,,,,,,,,,,,,,,,,,,,,,,,,,,,,,,,,,,,,,,,,
training_event,training,dba80c84-68fd-45b2-ba28-10f10075b239,9984d3f9-a3a4-4bba-b4c1-8f9104a5dc27,2026-09-05T16:56:24.898000+00:00,keyup,79,,82.5,,,,,,,,,controlled_typing,0,,,,,,,,,,/app/training,dev_07816792-ddc2-4c7e-b167-1da450c46a18,,,,,,,,,,,,,,,,,,,,,,,,,,,,,,,,,,,,,,,,,,,,,,,,,,,,,,,,,,,,,,,,,,
training_event,training,dba80c84-68fd-45b2-ba28-10f10075b239,9984d3f9-a3a4-4bba-b4c1-8f9104a5dc27,2026-09-05T16:56:25.161000+00:00,keydown,86,v,,345.2,,,,,,,,controlled_typing,0,,,,,,,,,,/app/training,dev_07816792-ddc2-4c7e-b167-1da450c46a18,,,,,,,,,,,,,,,,,,,,,,,,,,,,,,,,,,,,,,,,,,,,,,,,,,,,,,,,,,,,,,,,,,
training_event,training,dba80c84-68fd-45b2-ba28-10f10075b239,9984d3f9-a3a4-4bba-b4c1-8f9104a5dc27,2026-09-05T16:56:25.266000+00:00,keyup,86,,105.6,,,,,,,,,controlled_typing,0,,,,,,,,,,/app/training,dev_07816792-ddc2-4c7e-b167-1da450c46a18,,,,,,,,,,,,,,,,,,,,,,,,,,,,,,,,,,,,,,,,,,,,,,,,,,,,,,,,,,,,,,,,,,
training_event,training,dba80c84-68fd-45b2-ba28-10f10075b239,9984d3f9-a3a4-4bba-b4c1-8f9104a5dc27,2026-09-05T16:56:25.319000+00:00,keydown,69,e,,158.0,,,,,,,,controlled_typing,0,,,,,,,,,,/app/training,dev_07816792-ddc2-4c7e-b167-1da450c46a18,,,,,,,,,,,,,,,,,,,,,,,,,,,,,,,,,,,,,,,,,,,,,,,,,,,,,,,,,,,,,,,,,,
training_event,training,dba80c84-68fd-45b2-ba28-10f10075b239,9984d3f9-a3a4-4bba-b4c1-8f9104a5dc27,2026-09-05T16:56:25.406000+00:00,keyup,69,,87.1,,,,,,,,,controlled_typing,0,,,,,,,,,,/app/training,dev_07816792-ddc2-4c7e-b167-1da450c46a18,,,,,,,,,,,,,,,,,,,,,,,,,,,,,,,,,,,,,,,,,,,,,,,,,,,,,,,,,,,,,,,,,,
training_event,training,dba80c84-68fd-45b2-ba28-10f10075b239,9984d3f9-a3a4-4bba-b4c1-8f9104a5dc27,2026-09-05T16:56:25.531000+00:00,keydown,82,r,,212.3,,,,,,,,controlled_typing,0,,,,,,,,,,/app/training,dev_07816792-ddc2-4c7e-b167-1da450c46a18,,,,,,,,,,,,,,,,,,,,,,,,,,,,,,,,,,,,,,,,,,,,,,,,,,,,,,,,,,,,,,,,,,
training_event,training,dba80c84-68fd-45b2-ba28-10f10075b239,9984d3f9-a3a4-4bba-b4c1-8f9104a5dc27,2026-09-05T16:56:25.616000+00:00,keyup,82,,85.3,,,,,,,,,controlled_typing,0,,,,,,,,,,/app/training,dev_07816792-ddc2-4c7e-b167-1da450c46a18,,,,,,,,,,,,,,,,,,,,,,,,,,,,,,,,,,,,,,,,,,,,,,,,,,,,,,,,,,,,,,,,,,
training_event,training,dba80c84-68fd-45b2-ba28-10f10075b239,9984d3f9-a3a4-4bba-b4c1-8f9104a5dc27,2026-09-05T16:56:25.635000+00:00,keydown,32, ,,103.9,,,,,,,,controlled_typing,0,,,,,,,,,,/app/training,dev_07816792-ddc2-4c7e-b167-1da450c46a18,,,,,,,,,,,,,,,,,,,,,,,,,,,,,,,,,,,,,,,,,,,,,,,,,,,,,,,,,,,,,,,,,,
training_event,training,dba80c84-68fd-45b2-ba28-10f10075b239,9984d3f9-a3a4-4bba-b4c1-8f9104a5dc27,2026-09-05T16:56:25.741000+00:00,keyup,32,,106.3,,,,,,,,,controlled_typing,0,,,,,,,,,,/app/training,dev_07816792-ddc2-4c7e-b167-1da450c46a18,,,,,,,,,,,,,,,,,,,,,,,,,,,,,,,,,,,,,,,,,,,,,,,,,,,,,,,,,,,,,,,,,,
training_event,training,dba80c84-68fd-45b2-ba28-10f10075b239,9984d3f9-a3a4-4bba-b4c1-8f9104a5dc27,2026-09-05T16:56:25.774000+00:00,keydown,84,t,,138.8,,,,,,,,controlled_typing,0,,,,,,,,,,/app/training,dev_07816792-ddc2-4c7e-b167-1da450c46a18,,,,,,,,,,,,,,,,,,,,,,,,,,,,,,,,,,,,,,,,,,,,,,,,,,,,,,,,,,,,,,,,,,
training_event,training,dba80c84-68fd-45b2-ba28-10f10075b239,9984d3f9-a3a4-4bba-b4c1-8f9104a5dc27,2026-09-05T16:56:25.878000+00:00,keyup,84,,103.9,,,,,,,,,controlled_typing,0,,,,,,,,,,/app/training,dev_07816792-ddc2-4c7e-b167-1da450c46a18,,,,,,,,,,,,,,,,,,,,,,,,,,,,,,,,,,,,,,,,,,,,,,,,,,,,,,,,,,,,,,,,,,
training_event,training,dba80c84-68fd-45b2-ba28-10f10075b239,9984d3f9-a3a4-4bba-b4c1-8f9104a5dc27,2026-09-05T16:56:25.896000+00:00,keydown,72,h,,122.0,,,,,,,,controlled_typing,0,,,,,,,,,,/app/training,dev_07816792-ddc2-4c7e-b167-1da450c46a18,,,,,,,,,,,,,,,,,,,,,,,,,,,,,,,,,,,,,,,,,,,,,,,,,,,,,,,,,,,,,,,,,,
training_event,training,dba80c84-68fd-45b2-ba28-10f10075b239,9984d3f9-a3a4-4bba-b4c1-8f9104a5dc27,2026-09-05T16:56:25.982000+00:00,keyup,72,,86.4,,,,,,,,,controlled_typing,0,,,,,,,,,,/app/training,dev_07816792-ddc2-4c7e-b167-1da450c46a18,,,,,,,,,,,,,,,,,,,,,,,,,,,,,,,,,,,,,,,,,,,,,,,,,,,,,,,,,,,,,,,,,,
training_event,training,dba80c84-68fd-45b2-ba28-10f10075b239,9984d3f9-a3a4-4bba-b4c1-8f9104a5dc27,2026-09-05T16:56:26.054000+00:00,keydown,69,e,,157.8,,,,,,,,controlled_typing,0,,,,,,,,,,/app/training,dev_07816792-ddc2-4c7e-b167-1da450c46a18,,,,,,,,,,,,,,,,,,,,,,,,,,,,,,,,,,,,,,,,,,,,,,,,,,,,,,,,,,,,,,,,,,
training_event,training,dba80c84-68fd-45b2-ba28-10f10075b239,9984d3f9-a3a4-4bba-b4c1-8f9104a5dc27,2026-09-05T16:56:26.165000+00:00,keydown,32, ,,111.8,,,,,,,,controlled_typing,0,,,,,,,,,,/app/training,dev_07816792-ddc2-4c7e-b167-1da450c46a18,,,,,,,,,,,,,,,,,,,,,,,,,,,,,,,,,,,,,,,,,,,,,,,,,,,,,,,,,,,,,,,,,,
training_event,training,dba80c84-68fd-45b2-ba28-10f10075b239,9984d3f9-a3a4-4bba-b4c1-8f9104a5dc27,2026-09-05T16:56:26.181000+00:00,keyup,69,,127.3,,,,,,,,,controlled_typing,0,,,,,,,,,,/app/training,dev_07816792-ddc2-4c7e-b167-1da450c46a18,,,,,,,,,,,,,,,,,,,,,,,,,,,,,,,,,,,,,,,,,,,,,,,,,,,,,,,,,,,,,,,,,,
training_event,training,dba80c84-68fd-45b2-ba28-10f10075b239,9984d3f9-a3a4-4bba-b4c1-8f9104a5dc27,2026-09-05T16:56:26.272000+00:00,keyup,32,,106.3,,,,,,,,,controlled_typing,0,,,,,,,,,,/app/training,dev_07816792-ddc2-4c7e-b167-1da450c46a18,,,,,,,,,,,,,,,,,,,,,,,,,,,,,,,,,,,,,,,,,,,,,,,,,,,,,,,,,,,,,,,,,,
training_event,training,dba80c84-68fd-45b2-ba28-10f10075b239,9984d3f9-a3a4-4bba-b4c1-8f9104a5dc27,2026-09-05T16:56:26.849000+00:00,keydown,76,l,,684.0,,,,,,,,controlled_typing,0,,,,,,,,,,/app/training,dev_07816792-ddc2-4c7e-b167-1da450c46a18,,,,,,,,,,,,,,,,,,,,,,,,,,,,,,,,,,,,,,,,,,,,,,,,,,,,,,,,,,,,,,,,,,
training_event,training,dba80c84-68fd-45b2-ba28-10f10075b239,9984d3f9-a3a4-4bba-b4c1-8f9104a5dc27,2026-09-05T16:56:26.982000+00:00,keyup,76,,133.0,,,,,,,,,controlled_typing,0,,,,,,,,,,/app/training,dev_07816792-ddc2-4c7e-b167-1da450c46a18,,,,,,,,,,,,,,,,,,,,,,,,,,,,,,,,,,,,,,,,,,,,,,,,,,,,,,,,,,,,,,,,,,
training_event,training,dba80c84-68fd-45b2-ba28-10f10075b239,9984d3f9-a3a4-4bba-b4c1-8f9104a5dc27,2026-09-05T16:56:27.019000+00:00,keydown,65,a,,169.2,,,,,,,,controlled_typing,0,,,,,,,,,,/app/training,dev_07816792-ddc2-4c7e-b167-1da450c46a18,,,,,,,,,,,,,,,,,,,,,,,,,,,,,,,,,,,,,,,,,,,,,,,,,,,,,,,,,,,,,,,,,,
training_event,training,dba80c84-68fd-45b2-ba28-10f10075b239,9984d3f9-a3a4-4bba-b4c1-8f9104a5dc27,2026-09-05T16:56:27.128000+00:00,keyup,65,,109.1,,,,,,,,,controlled_typing,0,,,,,,,,,,/app/training,dev_07816792-ddc2-4c7e-b167-1da450c46a18,,,,,,,,,,,,,,,,,,,,,,,,,,,,,,,,,,,,,,,,,,,,,,,,,,,,,,,,,,,,,,,,,,
training_event,training,dba80c84-68fd-45b2-ba28-10f10075b239,9984d3f9-a3a4-4bba-b4c1-8f9104a5dc27,2026-09-05T16:56:28.015000+00:00,keydown,90,z,,996.4,,,,,,,,controlled_typing,0,,,,,,,,,,/app/training,dev_07816792-ddc2-4c7e-b167-1da450c46a18,,,,,,,,,,,,,,,,,,,,,,,,,,,,,,,,,,,,,,,,,,,,,,,,,,,,,,,,,,,,,,,,,,
training_event,training,dba80c84-68fd-45b2-ba28-10f10075b239,9984d3f9-a3a4-4bba-b4c1-8f9104a5dc27,2026-09-05T16:56:28.141000+00:00,keyup,90,,126.2,,,,,,,,,controlled_typing,0,,,,,,,,,,/app/training,dev_07816792-ddc2-4c7e-b167-1da450c46a18,,,,,,,,,,,,,,,,,,,,,,,,,,,,,,,,,,,,,,,,,,,,,,,,,,,,,,,,,,,,,,,,,,
training_event,training,dba80c84-68fd-45b2-ba28-10f10075b239,9984d3f9-a3a4-4bba-b4c1-8f9104a5dc27,2026-09-05T16:56:28.196000+00:00,keydown,89,y,,180.6,,,,,,,,controlled_typing,0,,,,,,,,,,/app/training,dev_07816792-ddc2-4c7e-b167-1da450c46a18,,,,,,,,,,,,,,,,,,,,,,,,,,,,,,,,,,,,,,,,,,,,,,,,,,,,,,,,,,,,,,,,,,
training_event,training,dba80c84-68fd-45b2-ba28-10f10075b239,9984d3f9-a3a4-4bba-b4c1-8f9104a5dc27,2026-09-05T16:56:28.306000+00:00,keyup,89,,110.1,,,,,,,,,controlled_typing,0,,,,,,,,,,/app/training,dev_07816792-ddc2-4c7e-b167-1da450c46a18,,,,,,,,,,,,,,,,,,,,,,,,,,,,,,,,,,,,,,,,,,,,,,,,,,,,,,,,,,,,,,,,,,
training_event,training,dba80c84-68fd-45b2-ba28-10f10075b239,9984d3f9-a3a4-4bba-b4c1-8f9104a5dc27,2026-09-05T16:56:28.384000+00:00,keydown,32, ,,188.0,,,,,,,,controlled_typing,0,,,,,,,,,,/app/training,dev_07816792-ddc2-4c7e-b167-1da450c46a18,,,,,,,,,,,,,,,,,,,,,,,,,,,,,,,,,,,,,,,,,,,,,,,,,,,,,,,,,,,,,,,,,,
training_event,training,dba80c84-68fd-45b2-ba28-10f10075b239,9984d3f9-a3a4-4bba-b4c1-8f9104a5dc27,2026-09-05T16:56:28.521000+00:00,keyup,32,,136.9,,,,,,,,,controlled_typing,0,,,,,,,,,,/app/training,dev_07816792-ddc2-4c7e-b167-1da450c46a18,,,,,,,,,,,,,,,,,,,,,,,,,,,,,,,,,,,,,,,,,,,,,,,,,,,,,,,,,,,,,,,,,,
training_event,training,dba80c84-68fd-45b2-ba28-10f10075b239,9984d3f9-a3a4-4bba-b4c1-8f9104a5dc27,2026-09-05T16:56:29.131000+00:00,keydown,68,d,,747.1,,,,,,,,controlled_typing,0,,,,,,,,,,/app/training,dev_07816792-ddc2-4c7e-b167-1da450c46a18,,,,,,,,,,,,,,,,,,,,,,,,,,,,,,,,,,,,,,,,,,,,,,,,,,,,,,,,,,,,,,,,,,
training_event,training,dba80c84-68fd-45b2-ba28-10f10075b239,9984d3f9-a3a4-4bba-b4c1-8f9104a5dc27,2026-09-05T16:56:29.206000+00:00,keyup,68,,75.0,,,,,,,,,controlled_typing,0,,,,,,,,,,/app/training,dev_07816792-ddc2-4c7e-b167-1da450c46a18,,,,,,,,,,,,,,,,,,,,,,,,,,,,,,,,,,,,,,,,,,,,,,,,,,,,,,,,,,,,,,,,,,
training_event,training,dba80c84-68fd-45b2-ba28-10f10075b239,9984d3f9-a3a4-4bba-b4c1-8f9104a5dc27,2026-09-05T16:56:29.283000+00:00,keydown,79,o,,152.8,,,,,,,,controlled_typing,0,,,,,,,,,,/app/training,dev_07816792-ddc2-4c7e-b167-1da450c46a18,,,,,,,,,,,,,,,,,,,,,,,,,,,,,,,,,,,,,,,,,,,,,,,,,,,,,,,,,,,,,,,,,,
training_event,training,dba80c84-68fd-45b2-ba28-10f10075b239,9984d3f9-a3a4-4bba-b4c1-8f9104a5dc27,2026-09-05T16:56:29.386000+00:00,keyup,79,,102.4,,,,,,,,,controlled_typing,0,,,,,,,,,,/app/training,dev_07816792-ddc2-4c7e-b167-1da450c46a18,,,,,,,,,,,,,,,,,,,,,,,,,,,,,,,,,,,,,,,,,,,,,,,,,,,,,,,,,,,,,,,,,,
training_event,training,dba80c84-68fd-45b2-ba28-10f10075b239,9984d3f9-a3a4-4bba-b4c1-8f9104a5dc27,2026-09-05T16:56:29.596000+00:00,keydown,70,f,,312.6,,,,,,,,controlled_typing,0,,,,,,,,,,/app/training,dev_07816792-ddc2-4c7e-b167-1da450c46a18,,,,,,,,,,,,,,,,,,,,,,,,,,,,,,,,,,,,,,,,,,,,,,,,,,,,,,,,,,,,,,,,,,
training_event,training,dba80c84-68fd-45b2-ba28-10f10075b239,9984d3f9-a3a4-4bba-b4c1-8f9104a5dc27,2026-09-05T16:56:29.671000+00:00,keyup,70,,75.0,,,,,,,,,controlled_typing,0,,,,,,,,,,/app/training,dev_07816792-ddc2-4c7e-b167-1da450c46a18,,,,,,,,,,,,,,,,,,,,,,,,,,,,,,,,,,,,,,,,,,,,,,,,,,,,,,,,,,,,,,,,,,
training_event,training,dba80c84-68fd-45b2-ba28-10f10075b239,9984d3f9-a3a4-4bba-b4c1-8f9104a5dc27,2026-09-05T16:56:30.224000+00:00,keydown,8,,,627.6,,,,,,,,controlled_typing,0,,,,,,,,,,/app/training,dev_07816792-ddc2-4c7e-b167-1da450c46a18,,,,,,,,,,,,,,,,,,,,,,,,,,,,,,,,,,,,,,,,,,,,,,,,,,,,,,,,,,,,,,,,,,
training_event,training,dba80c84-68fd-45b2-ba28-10f10075b239,9984d3f9-a3a4-4bba-b4c1-8f9104a5dc27,2026-09-05T16:56:30.405000+00:00,keyup,8,,181.6,,,,,,,,,controlled_typing,0,,,,,,,,,,/app/training,dev_07816792-ddc2-4c7e-b167-1da450c46a18,,,,,,,,,,,,,,,,,,,,,,,,,,,,,,,,,,,,,,,,,,,,,,,,,,,,,,,,,,,,,,,,,,
training_event,training,dba80c84-68fd-45b2-ba28-10f10075b239,9984d3f9-a3a4-4bba-b4c1-8f9104a5dc27,2026-09-05T16:56:31.003000+00:00,keydown,71,g,,779.7,,,,,,,,controlled_typing,0,,,,,,,,,,/app/training,dev_07816792-ddc2-4c7e-b167-1da450c46a18,,,,,,,,,,,,,,,,,,,,,,,,,,,,,,,,,,,,,,,,,,,,,,,,,,,,,,,,,,,,,,,,,,
training_event,training,dba80c84-68fd-45b2-ba28-10f10075b239,9984d3f9-a3a4-4bba-b4c1-8f9104a5dc27,2026-09-05T16:56:31.112000+00:00,keyup,71,,108.4,,,,,,,,,controlled_typing,0,,,,,,,,,,/app/training,dev_07816792-ddc2-4c7e-b167-1da450c46a18,,,,,,,,,,,,,,,,,,,,,,,,,,,,,,,,,,,,,,,,,,,,,,,,,,,,,,,,,,,,,,,,,,
training_event,training,dba80c84-68fd-45b2-ba28-10f10075b239,9984d3f9-a3a4-4bba-b4c1-8f9104a5dc27,2026-09-05T16:56:31.499000+00:00,keydown,190,.,,495.5,,,,,,,,controlled_typing,0,,,,,,,,,,/app/training,dev_07816792-ddc2-4c7e-b167-1da450c46a18,,,,,,,,,,,,,,,,,,,,,,,,,,,,,,,,,,,,,,,,,,,,,,,,,,,,,,,,,,,,,,,,,,
training_event,training,dba80c84-68fd-45b2-ba28-10f10075b239,853df70f-5929-4d43-bcf6-86d507c0a9d4,2026-09-05T16:56:37.561000+00:00,keydown,65,A,,,,,,,,,,controlled_typing,1,,,,,,,,,,/app/training,dev_07816792-ddc2-4c7e-b167-1da450c46a18,,,,,,,,,,,,,,,,,,,,,,,,,,,,,,,,,,,,,,,,,,,,,,,,,,,,,,,,,,,,,,,,,,
training_event,training,dba80c84-68fd-45b2-ba28-10f10075b239,853df70f-5929-4d43-bcf6-86d507c0a9d4,2026-09-05T16:56:37.656000+00:00,keyup,65,,95.5,,,,,,,,,controlled_typing,1,,,,,,,,,,/app/training,dev_07816792-ddc2-4c7e-b167-1da450c46a18,,,,,,,,,,,,,,,,,,,,,,,,,,,,,,,,,,,,,,,,,,,,,,,,,,,,,,,,,,,,,,,,,,
training_event,training,dba80c84-68fd-45b2-ba28-10f10075b239,853df70f-5929-4d43-bcf6-86d507c0a9d4,2026-09-05T16:56:37.860000+00:00,keydown,68,d,,299.5,,,,,,,,controlled_typing,1,,,,,,,,,,/app/training,dev_07816792-ddc2-4c7e-b167-1da450c46a18,,,,,,,,,,,,,,,,,,,,,,,,,,,,,,,,,,,,,,,,,,,,,,,,,,,,,,,,,,,,,,,,,,
training_event,training,dba80c84-68fd-45b2-ba28-10f10075b239,853df70f-5929-4d43-bcf6-86d507c0a9d4,2026-09-05T16:56:37.956000+00:00,keyup,68,,96.1,,,,,,,,,controlled_typing,1,,,,,,,,,,/app/training,dev_07816792-ddc2-4c7e-b167-1da450c46a18,,,,,,,,,,,,,,,,,,,,,,,,,,,,,,,,,,,,,,,,,,,,,,,,,,,,,,,,,,,,,,,,,,
training_event,training,dba80c84-68fd-45b2-ba28-10f10075b239,853df70f-5929-4d43-bcf6-86d507c0a9d4,2026-09-05T16:56:38.149000+00:00,keydown,65,a,,288.9,,,,,,,,controlled_typing,1,,,,,,,,,,/app/training,dev_07816792-ddc2-4c7e-b167-1da450c46a18,,,,,,,,,,,,,,,,,,,,,,,,,,,,,,,,,,,,,,,,,,,,,,,,,,,,,,,,,,,,,,,,,,
training_event,training,dba80c84-68fd-45b2-ba28-10f10075b239,853df70f-5929-4d43-bcf6-86d507c0a9d4,2026-09-05T16:56:38.292000+00:00,keyup,65,,143.2,,,,,,,,,controlled_typing,1,,,,,,,,,,/app/training,dev_07816792-ddc2-4c7e-b167-1da450c46a18,,,,,,,,,,,,,,,,,,,,,,,,,,,,,,,,,,,,,,,,,,,,,,,,,,,,,,,,,,,,,,,,,,
training_event,training,dba80c84-68fd-45b2-ba28-10f10075b239,853df70f-5929-4d43-bcf6-86d507c0a9d4,2026-09-05T16:56:38.374000+00:00,keydown,80,p,,224.9,,,,,,,,controlled_typing,1,,,,,,,,,,/app/training,dev_07816792-ddc2-4c7e-b167-1da450c46a18,,,,,,,,,,,,,,,,,,,,,,,,,,,,,,,,,,,,,,,,,,,,,,,,,,,,,,,,,,,,,,,,,,
training_event,training,dba80c84-68fd-45b2-ba28-10f10075b239,853df70f-5929-4d43-bcf6-86d507c0a9d4,2026-09-05T16:56:38.477000+00:00,keyup,80,,103.0,,,,,,,,,controlled_typing,1,,,,,,,,,,/app/training,dev_07816792-ddc2-4c7e-b167-1da450c46a18,,,,,,,,,,,,,,,,,,,,,,,,,,,,,,,,,,,,,,,,,,,,,,,,,,,,,,,,,,,,,,,,,,
training_event,training,dba80c84-68fd-45b2-ba28-10f10075b239,853df70f-5929-4d43-bcf6-86d507c0a9d4,2026-09-05T16:56:38.569000+00:00,keydown,84,t,,195.0,,,,,,,,controlled_typing,1,,,,,,,,,,/app/training,dev_07816792-ddc2-4c7e-b167-1da450c46a18,,,,,,,,,,,,,,,,,,,,,,,,,,,,,,,,,,,,,,,,,,,,,,,,,,,,,,,,,,,,,,,,,,
training_event,training,dba80c84-68fd-45b2-ba28-10f10075b239,853df70f-5929-4d43-bcf6-86d507c0a9d4,2026-09-05T16:56:38.665000+00:00,keyup,84,,95.9,,,,,,,,,controlled_typing,1,,,,,,,,,,/app/training,dev_07816792-ddc2-4c7e-b167-1da450c46a18,,,,,,,,,,,,,,,,,,,,,,,,,,,,,,,,,,,,,,,,,,,,,,,,,,,,,,,,,,,,,,,,,,
training_event,training,dba80c84-68fd-45b2-ba28-10f10075b239,853df70f-5929-4d43-bcf6-86d507c0a9d4,2026-09-05T16:56:38.760000+00:00,keydown,73,i,,191.3,,,,,,,,controlled_typing,1,,,,,,,,,,/app/training,dev_07816792-ddc2-4c7e-b167-1da450c46a18,,,,,,,,,,,,,,,,,,,,,,,,,,,,,,,,,,,,,,,,,,,,,,,,,,,,,,,,,,,,,,,,,,
training_event,training,dba80c84-68fd-45b2-ba28-10f10075b239,853df70f-5929-4d43-bcf6-86d507c0a9d4,2026-09-05T16:56:38.862000+00:00,keyup,73,,102.0,,,,,,,,,controlled_typing,1,,,,,,,,,,/app/training,dev_07816792-ddc2-4c7e-b167-1da450c46a18,,,,,,,,,,,,,,,,,,,,,,,,,,,,,,,,,,,,,,,,,,,,,,,,,,,,,,,,,,,,,,,,,,
training_event,training,dba80c84-68fd-45b2-ba28-10f10075b239,853df70f-5929-4d43-bcf6-86d507c0a9d4,2026-09-05T16:56:39.060000+00:00,keydown,86,v,,300.0,,,,,,,,controlled_typing,1,,,,,,,,,,/app/training,dev_07816792-ddc2-4c7e-b167-1da450c46a18,,,,,,,,,,,,,,,,,,,,,,,,,,,,,,,,,,,,,,,,,,,,,,,,,,,,,,,,,,,,,,,,,,
training_event,training,dba80c84-68fd-45b2-ba28-10f10075b239,853df70f-5929-4d43-bcf6-86d507c0a9d4,2026-09-05T16:56:39.186000+00:00,keyup,86,,125.6,,,,,,,,,controlled_typing,1,,,,,,,,,,/app/training,dev_07816792-ddc2-4c7e-b167-1da450c46a18,,,,,,,,,,,,,,,,,,,,,,,,,,,,,,,,,,,,,,,,,,,,,,,,,,,,,,,,,,,,,,,,,,
training_event,training,dba80c84-68fd-45b2-ba28-10f10075b239,853df70f-5929-4d43-bcf6-86d507c0a9d4,2026-09-05T16:56:39.246000+00:00,keydown,69,e,,185.4,,,,,,,,controlled_typing,1,,,,,,,,,,/app/training,dev_07816792-ddc2-4c7e-b167-1da450c46a18,,,,,,,,,,,,,,,,,,,,,,,,,,,,,,,,,,,,,,,,,,,,,,,,,,,,,,,,,,,,,,,,,,
training_event,training,dba80c84-68fd-45b2-ba28-10f10075b239,853df70f-5929-4d43-bcf6-86d507c0a9d4,2026-09-05T16:56:39.362000+00:00,keyup,69,,116.5,,,,,,,,,controlled_typing,1,,,,,,,,,,/app/training,dev_07816792-ddc2-4c7e-b167-1da450c46a18,,,,,,,,,,,,,,,,,,,,,,,,,,,,,,,,,,,,,,,,,,,,,,,,,,,,,,,,,,,,,,,,,,
training_event,training,dba80c84-68fd-45b2-ba28-10f10075b239,853df70f-5929-4d43-bcf6-86d507c0a9d4,2026-09-05T16:56:40.426000+00:00,keydown,71,G,,1179.8,,,,,,,,controlled_typing,1,,,,,,,,,,/app/training,dev_07816792-ddc2-4c7e-b167-1da450c46a18,,,,,,,,,,,,,,,,,,,,,,,,,,,,,,,,,,,,,,,,,,,,,,,,,,,,,,,,,,,,,,,,,,
training_event,training,dba80c84-68fd-45b2-ba28-10f10075b239,853df70f-5929-4d43-bcf6-86d507c0a9d4,2026-09-05T16:56:40.501000+00:00,keyup,71,,75.4,,,,,,,,,controlled_typing,1,,,,,,,,,,/app/training,dev_07816792-ddc2-4c7e-b167-1da450c46a18,,,,,,,,,,,,,,,,,,,,,,,,,,,,,,,,,,,,,,,,,,,,,,,,,,,,,,,,,,,,,,,,,,
training_event,training,dba80c84-68fd-45b2-ba28-10f10075b239,853df70f-5929-4d43-bcf6-86d507c0a9d4,2026-09-05T16:56:40.810000+00:00,keydown,85,u,,384.7,,,,,,,,controlled_typing,1,,,,,,,,,,/app/training,dev_07816792-ddc2-4c7e-b167-1da450c46a18,,,,,,,,,,,,,,,,,,,,,,,,,,,,,,,,,,,,,,,,,,,,,,,,,,,,,,,,,,,,,,,,,,
training_event,training,dba80c84-68fd-45b2-ba28-10f10075b239,853df70f-5929-4d43-bcf6-86d507c0a9d4,2026-09-05T16:56:40.890000+00:00,keyup,85,,80.2,,,,,,,,,controlled_typing,1,,,,,,,,,,/app/training,dev_07816792-ddc2-4c7e-b167-1da450c46a18,,,,,,,,,,,,,,,,,,,,,,,,,,,,,,,,,,,,,,,,,,,,,,,,,,,,,,,,,,,,,,,,,,
training_event,training,dba80c84-68fd-45b2-ba28-10f10075b239,853df70f-5929-4d43-bcf6-86d507c0a9d4,2026-09-05T16:56:40.964000+00:00,keydown,65,a,,153.7,,,,,,,,controlled_typing,1,,,,,,,,,,/app/training,dev_07816792-ddc2-4c7e-b167-1da450c46a18,,,,,,,,,,,,,,,,,,,,,,,,,,,,,,,,,,,,,,,,,,,,,,,,,,,,,,,,,,,,,,,,,,
training_event,training,dba80c84-68fd-45b2-ba28-10f10075b239,853df70f-5929-4d43-bcf6-86d507c0a9d4,2026-09-05T16:56:41.046000+00:00,keyup,65,,82.3,,,,,,,,,controlled_typing,1,,,,,,,,,,/app/training,dev_07816792-ddc2-4c7e-b167-1da450c46a18,,,,,,,,,,,,,,,,,,,,,,,,,,,,,,,,,,,,,,,,,,,,,,,,,,,,,,,,,,,,,,,,,,
training_event,training,dba80c84-68fd-45b2-ba28-10f10075b239,853df70f-5929-4d43-bcf6-86d507c0a9d4,2026-09-05T16:56:42.418000+00:00,keydown,82,r,,1454.0,,,,,,,,controlled_typing,1,,,,,,,,,,/app/training,dev_07816792-ddc2-4c7e-b167-1da450c46a18,,,,,,,,,,,,,,,,,,,,,,,,,,,,,,,,,,,,,,,,,,,,,,,,,,,,,,,,,,,,,,,,,,
training_event,training,dba80c84-68fd-45b2-ba28-10f10075b239,853df70f-5929-4d43-bcf6-86d507c0a9d4,2026-09-05T16:56:42.521000+00:00,keyup,82,,102.7,,,,,,,,,controlled_typing,1,,,,,,,,,,/app/training,dev_07816792-ddc2-4c7e-b167-1da450c46a18,,,,,,,,,,,,,,,,,,,,,,,,,,,,,,,,,,,,,,,,,,,,,,,,,,,,,,,,,,,,,,,,,,
training_event,training,dba80c84-68fd-45b2-ba28-10f10075b239,853df70f-5929-4d43-bcf6-86d507c0a9d4,2026-09-05T16:56:42.710000+00:00,keydown,68,d,,292.3,,,,,,,,controlled_typing,1,,,,,,,,,,/app/training,dev_07816792-ddc2-4c7e-b167-1da450c46a18,,,,,,,,,,,,,,,,,,,,,,,,,,,,,,,,,,,,,,,,,,,,,,,,,,,,,,,,,,,,,,,,,,
training_event,training,dba80c84-68fd-45b2-ba28-10f10075b239,853df70f-5929-4d43-bcf6-86d507c0a9d4,2026-09-05T16:56:42.792000+00:00,keyup,68,,81.8,,,,,,,,,controlled_typing,1,,,,,,,,,,/app/training,dev_07816792-ddc2-4c7e-b167-1da450c46a18,,,,,,,,,,,,,,,,,,,,,,,,,,,,,,,,,,,,,,,,,,,,,,,,,,,,,,,,,,,,,,,,,,
training_event,training,dba80c84-68fd-45b2-ba28-10f10075b239,853df70f-5929-4d43-bcf6-86d507c0a9d4,2026-09-05T16:56:42.875000+00:00,keydown,73,i,,164.7,,,,,,,,controlled_typing,1,,,,,,,,,,/app/training,dev_07816792-ddc2-4c7e-b167-1da450c46a18,,,,,,,,,,,,,,,,,,,,,,,,,,,,,,,,,,,,,,,,,,,,,,,,,,,,,,,,,,,,,,,,,,
training_event,training,dba80c84-68fd-45b2-ba28-10f10075b239,853df70f-5929-4d43-bcf6-86d507c0a9d4,2026-09-05T16:56:43.001000+00:00,keyup,73,,126.1,,,,,,,,,controlled_typing,1,,,,,,,,,,/app/training,dev_07816792-ddc2-4c7e-b167-1da450c46a18,,,,,,,,,,,,,,,,,,,,,,,,,,,,,,,,,,,,,,,,,,,,,,,,,,,,,,,,,,,,,,,,,,
training_event,training,dba80c84-68fd-45b2-ba28-10f10075b239,853df70f-5929-4d43-bcf6-86d507c0a9d4,2026-09-05T16:56:43.026000+00:00,keydown,65,a,,151.1,,,,,,,,controlled_typing,1,,,,,,,,,,/app/training,dev_07816792-ddc2-4c7e-b167-1da450c46a18,,,,,,,,,,,,,,,,,,,,,,,,,,,,,,,,,,,,,,,,,,,,,,,,,,,,,,,,,,,,,,,,,,
training_event,training,dba80c84-68fd-45b2-ba28-10f10075b239,853df70f-5929-4d43-bcf6-86d507c0a9d4,2026-09-05T16:56:43.176000+00:00,keyup,65,,150.5,,,,,,,,,controlled_typing,1,,,,,,,,,,/app/training,dev_07816792-ddc2-4c7e-b167-1da450c46a18,,,,,,,,,,,,,,,,,,,,,,,,,,,,,,,,,,,,,,,,,,,,,,,,,,,,,,,,,,,,,,,,,,
training_event,training,dba80c84-68fd-45b2-ba28-10f10075b239,853df70f-5929-4d43-bcf6-86d507c0a9d4,2026-09-05T16:56:43.229000+00:00,keydown,78,n,,203.4,,,,,,,,controlled_typing,1,,,,,,,,,,/app/training,dev_07816792-ddc2-4c7e-b167-1da450c46a18,,,,,,,,,,,,,,,,,,,,,,,,,,,,,,,,,,,,,,,,,,,,,,,,,,,,,,,,,,,,,,,,,,
training_event,training,dba80c84-68fd-45b2-ba28-10f10075b239,853df70f-5929-4d43-bcf6-86d507c0a9d4,2026-09-05T16:56:43.346000+00:00,keyup,78,,116.9,,,,,,,,,controlled_typing,1,,,,,,,,,,/app/training,dev_07816792-ddc2-4c7e-b167-1da450c46a18,,,,,,,,,,,,,,,,,,,,,,,,,,,,,,,,,,,,,,,,,,,,,,,,,,,,,,,,,,,,,,,,,,
training_event,training,dba80c84-68fd-45b2-ba28-10f10075b239,853df70f-5929-4d43-bcf6-86d507c0a9d4,2026-09-05T16:56:43.488000+00:00,keydown,32, ,,259.1,,,,,,,,controlled_typing,1,,,,,,,,,,/app/training,dev_07816792-ddc2-4c7e-b167-1da450c46a18,,,,,,,,,,,,,,,,,,,,,,,,,,,,,,,,,,,,,,,,,,,,,,,,,,,,,,,,,,,,,,,,,,
training_event,training,dba80c84-68fd-45b2-ba28-10f10075b239,853df70f-5929-4d43-bcf6-86d507c0a9d4,2026-09-05T16:56:43.570000+00:00,keyup,32,,82.0,,,,,,,,,controlled_typing,1,,,,,,,,,,/app/training,dev_07816792-ddc2-4c7e-b167-1da450c46a18,,,,,,,,,,,,,,,,,,,,,,,,,,,,,,,,,,,,,,,,,,,,,,,,,,,,,,,,,,,,,,,,,,
training_event,training,dba80c84-68fd-45b2-ba28-10f10075b239,853df70f-5929-4d43-bcf6-86d507c0a9d4,2026-09-05T16:56:43.883000+00:00,keydown,67,c,,394.6,,,,,,,,controlled_typing,1,,,,,,,,,,/app/training,dev_07816792-ddc2-4c7e-b167-1da450c46a18,,,,,,,,,,,,,,,,,,,,,,,,,,,,,,,,,,,,,,,,,,,,,,,,,,,,,,,,,,,,,,,,,,
training_event,training,dba80c84-68fd-45b2-ba28-10f10075b239,853df70f-5929-4d43-bcf6-86d507c0a9d4,2026-09-05T16:56:43.996000+00:00,keyup,67,,112.8,,,,,,,,,controlled_typing,1,,,,,,,,,,/app/training,dev_07816792-ddc2-4c7e-b167-1da450c46a18,,,,,,,,,,,,,,,,,,,,,,,,,,,,,,,,,,,,,,,,,,,,,,,,,,,,,,,,,,,,,,,,,,
training_event,training,dba80c84-68fd-45b2-ba28-10f10075b239,853df70f-5929-4d43-bcf6-86d507c0a9d4,2026-09-05T16:56:44.014000+00:00,keydown,79,o,,130.7,,,,,,,,controlled_typing,1,,,,,,,,,,/app/training,dev_07816792-ddc2-4c7e-b167-1da450c46a18,,,,,,,,,,,,,,,,,,,,,,,,,,,,,,,,,,,,,,,,,,,,,,,,,,,,,,,,,,,,,,,,,,
training_event,training,dba80c84-68fd-45b2-ba28-10f10075b239,853df70f-5929-4d43-bcf6-86d507c0a9d4,2026-09-05T16:56:44.120000+00:00,keyup,79,,106.5,,,,,,,,,controlled_typing,1,,,,,,,,,,/app/training,dev_07816792-ddc2-4c7e-b167-1da450c46a18,,,,,,,,,,,,,,,,,,,,,,,,,,,,,,,,,,,,,,,,,,,,,,,,,,,,,,,,,,,,,,,,,,
training_event,training,dba80c84-68fd-45b2-ba28-10f10075b239,853df70f-5929-4d43-bcf6-86d507c0a9d4,2026-09-05T16:56:44.548000+00:00,keydown,78,n,,534.1,,,,,,,,controlled_typing,1,,,,,,,,,,/app/training,dev_07816792-ddc2-4c7e-b167-1da450c46a18,,,,,,,,,,,,,,,,,,,,,,,,,,,,,,,,,,,,,,,,,,,,,,,,,,,,,,,,,,,,,,,,,,
training_event,training,dba80c84-68fd-45b2-ba28-10f10075b239,853df70f-5929-4d43-bcf6-86d507c0a9d4,2026-09-05T16:56:44.680000+00:00,keyup,78,,132.3,,,,,,,,,controlled_typing,1,,,,,,,,,,/app/training,dev_07816792-ddc2-4c7e-b167-1da450c46a18,,,,,,,,,,,,,,,,,,,,,,,,,,,,,,,,,,,,,,,,,,,,,,,,,,,,,,,,,,,,,,,,,,
training_event,training,dba80c84-68fd-45b2-ba28-10f10075b239,853df70f-5929-4d43-bcf6-86d507c0a9d4,2026-09-05T16:56:44.948000+00:00,keydown,84,t,,399.9,,,,,,,,controlled_typing,1,,,,,,,,,,/app/training,dev_07816792-ddc2-4c7e-b167-1da450c46a18,,,,,,,,,,,,,,,,,,,,,,,,,,,,,,,,,,,,,,,,,,,,,,,,,,,,,,,,,,,,,,,,,,
training_event,training,dba80c84-68fd-45b2-ba28-10f10075b239,853df70f-5929-4d43-bcf6-86d507c0a9d4,2026-09-05T16:56:45.092000+00:00,keyup,84,,143.9,,,,,,,,,controlled_typing,1,,,,,,,,,,/app/training,dev_07816792-ddc2-4c7e-b167-1da450c46a18,,,,,,,,,,,,,,,,,,,,,,,,,,,,,,,,,,,,,,,,,,,,,,,,,,,,,,,,,,,,,,,,,,
training_event,training,dba80c84-68fd-45b2-ba28-10f10075b239,853df70f-5929-4d43-bcf6-86d507c0a9d4,2026-09-05T16:56:45.548000+00:00,keydown,73,i,,600.6,,,,,,,,controlled_typing,1,,,,,,,,,,/app/training,dev_07816792-ddc2-4c7e-b167-1da450c46a18,,,,,,,,,,,,,,,,,,,,,,,,,,,,,,,,,,,,,,,,,,,,,,,,,,,,,,,,,,,,,,,,,,
training_event,training,dba80c84-68fd-45b2-ba28-10f10075b239,853df70f-5929-4d43-bcf6-86d507c0a9d4,2026-09-05T16:56:45.646000+00:00,keyup,73,,97.8,,,,,,,,,controlled_typing,1,,,,,,,,,,/app/training,dev_07816792-ddc2-4c7e-b167-1da450c46a18,,,,,,,,,,,,,,,,,,,,,,,,,,,,,,,,,,,,,,,,,,,,,,,,,,,,,,,,,,,,,,,,,,
training_event,training,dba80c84-68fd-45b2-ba28-10f10075b239,853df70f-5929-4d43-bcf6-86d507c0a9d4,2026-09-05T16:56:45.975000+00:00,keydown,78,n,,426.5,,,,,,,,controlled_typing,1,,,,,,,,,,/app/training,dev_07816792-ddc2-4c7e-b167-1da450c46a18,,,,,,,,,,,,,,,,,,,,,,,,,,,,,,,,,,,,,,,,,,,,,,,,,,,,,,,,,,,,,,,,,,
training_event,training,dba80c84-68fd-45b2-ba28-10f10075b239,853df70f-5929-4d43-bcf6-86d507c0a9d4,2026-09-05T16:56:46.056000+00:00,keyup,78,,80.8,,,,,,,,,controlled_typing,1,,,,,,,,,,/app/training,dev_07816792-ddc2-4c7e-b167-1da450c46a18,,,,,,,,,,,,,,,,,,,,,,,,,,,,,,,,,,,,,,,,,,,,,,,,,,,,,,,,,,,,,,,,,,
training_event,training,dba80c84-68fd-45b2-ba28-10f10075b239,853df70f-5929-4d43-bcf6-86d507c0a9d4,2026-09-05T16:56:46.295000+00:00,keydown,85,u,,320.0,,,,,,,,controlled_typing,1,,,,,,,,,,/app/training,dev_07816792-ddc2-4c7e-b167-1da450c46a18,,,,,,,,,,,,,,,,,,,,,,,,,,,,,,,,,,,,,,,,,,,,,,,,,,,,,,,,,,,,,,,,,,
training_event,training,dba80c84-68fd-45b2-ba28-10f10075b239,853df70f-5929-4d43-bcf6-86d507c0a9d4,2026-09-05T16:56:46.396000+00:00,keyup,85,,101.3,,,,,,,,,controlled_typing,1,,,,,,,,,,/app/training,dev_07816792-ddc2-4c7e-b167-1da450c46a18,,,,,,,,,,,,,,,,,,,,,,,,,,,,,,,,,,,,,,,,,,,,,,,,,,,,,,,,,,,,,,,,,,
training_event,training,dba80c84-68fd-45b2-ba28-10f10075b239,853df70f-5929-4d43-bcf6-86d507c0a9d4,2026-09-05T16:56:47.949000+00:00,keydown,79,o,,1654.2,,,,,,,,controlled_typing,1,,,,,,,,,,/app/training,dev_07816792-ddc2-4c7e-b167-1da450c46a18,,,,,,,,,,,,,,,,,,,,,,,,,,,,,,,,,,,,,,,,,,,,,,,,,,,,,,,,,,,,,,,,,,
training_event,training,dba80c84-68fd-45b2-ba28-10f10075b239,853df70f-5929-4d43-bcf6-86d507c0a9d4,2026-09-05T16:56:48.030000+00:00,keyup,79,,81.2,,,,,,,,,controlled_typing,1,,,,,,,,,,/app/training,dev_07816792-ddc2-4c7e-b167-1da450c46a18,,,,,,,,,,,,,,,,,,,,,,,,,,,,,,,,,,,,,,,,,,,,,,,,,,,,,,,,,,,,,,,,,,
training_event,training,dba80c84-68fd-45b2-ba28-10f10075b239,853df70f-5929-4d43-bcf6-86d507c0a9d4,2026-09-05T16:56:48.219000+00:00,keydown,83,s,,269.7,,,,,,,,controlled_typing,1,,,,,,,,,,/app/training,dev_07816792-ddc2-4c7e-b167-1da450c46a18,,,,,,,,,,,,,,,,,,,,,,,,,,,,,,,,,,,,,,,,,,,,,,,,,,,,,,,,,,,,,,,,,,
training_event,training,dba80c84-68fd-45b2-ba28-10f10075b239,853df70f-5929-4d43-bcf6-86d507c0a9d4,2026-09-05T16:56:48.344000+00:00,keydown,76,l,,125.1,,,,,,,,controlled_typing,1,,,,,,,,,,/app/training,dev_07816792-ddc2-4c7e-b167-1da450c46a18,,,,,,,,,,,,,,,,,,,,,,,,,,,,,,,,,,,,,,,,,,,,,,,,,,,,,,,,,,,,,,,,,,
training_event,training,dba80c84-68fd-45b2-ba28-10f10075b239,853df70f-5929-4d43-bcf6-86d507c0a9d4,2026-09-05T16:56:48.359000+00:00,keyup,83,,140.0,,,,,,,,,controlled_typing,1,,,,,,,,,,/app/training,dev_07816792-ddc2-4c7e-b167-1da450c46a18,,,,,,,,,,,,,,,,,,,,,,,,,,,,,,,,,,,,,,,,,,,,,,,,,,,,,,,,,,,,,,,,,,
training_event,training,dba80c84-68fd-45b2-ba28-10f10075b239,853df70f-5929-4d43-bcf6-86d507c0a9d4,2026-09-05T16:56:48.450000+00:00,keyup,76,,106.4,,,,,,,,,controlled_typing,1,,,,,,,,,,/app/training,dev_07816792-ddc2-4c7e-b167-1da450c46a18,,,,,,,,,,,,,,,,,,,,,,,,,,,,,,,,,,,,,,,,,,,,,,,,,,,,,,,,,,,,,,,,,,
training_event,training,dba80c84-68fd-45b2-ba28-10f10075b239,853df70f-5929-4d43-bcf6-86d507c0a9d4,2026-09-05T16:56:48.652000+00:00,keydown,89,y,,308.5,,,,,,,,controlled_typing,1,,,,,,,,,,/app/training,dev_07816792-ddc2-4c7e-b167-1da450c46a18,,,,,,,,,,,,,,,,,,,,,,,,,,,,,,,,,,,,,,,,,,,,,,,,,,,,,,,,,,,,,,,,,,
training_event,training,dba80c84-68fd-45b2-ba28-10f10075b239,853df70f-5929-4d43-bcf6-86d507c0a9d4,2026-09-05T16:56:48.792000+00:00,keyup,89,,139.2,,,,,,,,,controlled_typing,1,,,,,,,,,,/app/training,dev_07816792-ddc2-4c7e-b167-1da450c46a18,,,,,,,,,,,,,,,,,,,,,,,,,,,,,,,,,,,,,,,,,,,,,,,,,,,,,,,,,,,,,,,,,,
training_event,training,dba80c84-68fd-45b2-ba28-10f10075b239,853df70f-5929-4d43-bcf6-86d507c0a9d4,2026-09-05T16:56:48.882000+00:00,keydown,32, ,,230.0,,,,,,,,controlled_typing,1,,,,,,,,,,/app/training,dev_07816792-ddc2-4c7e-b167-1da450c46a18,,,,,,,,,,,,,,,,,,,,,,,,,,,,,,,,,,,,,,,,,,,,,,,,,,,,,,,,,,,,,,,,,,
training_event,training,dba80c84-68fd-45b2-ba28-10f10075b239,853df70f-5929-4d43-bcf6-86d507c0a9d4,2026-09-05T16:56:49.015000+00:00,keyup,32,,132.3,,,,,,,,,controlled_typing,1,,,,,,,,,,/app/training,dev_07816792-ddc2-4c7e-b167-1da450c46a18,,,,,,,,,,,,,,,,,,,,,,,,,,,,,,,,,,,,,,,,,,,,,,,,,,,,,,,,,,,,,,,,,,
training_event,training,dba80c84-68fd-45b2-ba28-10f10075b239,853df70f-5929-4d43-bcf6-86d507c0a9d4,2026-09-05T16:56:49.948000+00:00,keydown,80,p,,1065.4,,,,,,,,controlled_typing,1,,,,,,,,,,/app/training,dev_07816792-ddc2-4c7e-b167-1da450c46a18,,,,,,,,,,,,,,,,,,,,,,,,,,,,,,,,,,,,,,,,,,,,,,,,,,,,,,,,,,,,,,,,,,
training_event,training,dba80c84-68fd-45b2-ba28-10f10075b239,853df70f-5929-4d43-bcf6-86d507c0a9d4,2026-09-05T16:56:50.065000+00:00,keyup,80,,117.5,,,,,,,,,controlled_typing,1,,,,,,,,,,/app/training,dev_07816792-ddc2-4c7e-b167-1da450c46a18,,,,,,,,,,,,,,,,,,,,,,,,,,,,,,,,,,,,,,,,,,,,,,,,,,,,,,,,,,,,,,,,,,
training_event,training,dba80c84-68fd-45b2-ba28-10f10075b239,853df70f-5929-4d43-bcf6-86d507c0a9d4,2026-09-05T16:56:50.229000+00:00,keydown,82,r,,281.2,,,,,,,,controlled_typing,1,,,,,,,,,,/app/training,dev_07816792-ddc2-4c7e-b167-1da450c46a18,,,,,,,,,,,,,,,,,,,,,,,,,,,,,,,,,,,,,,,,,,,,,,,,,,,,,,,,,,,,,,,,,,
training_event,training,dba80c84-68fd-45b2-ba28-10f10075b239,853df70f-5929-4d43-bcf6-86d507c0a9d4,2026-09-05T16:56:50.348000+00:00,keydown,79,o,,118.8,,,,,,,,controlled_typing,1,,,,,,,,,,/app/training,dev_07816792-ddc2-4c7e-b167-1da450c46a18,,,,,,,,,,,,,,,,,,,,,,,,,,,,,,,,,,,,,,,,,,,,,,,,,,,,,,,,,,,,,,,,,,
training_event,training,dba80c84-68fd-45b2-ba28-10f10075b239,853df70f-5929-4d43-bcf6-86d507c0a9d4,2026-09-05T16:56:50.362000+00:00,keyup,82,,133.4,,,,,,,,,controlled_typing,1,,,,,,,,,,/app/training,dev_07816792-ddc2-4c7e-b167-1da450c46a18,,,,,,,,,,,,,,,,,,,,,,,,,,,,,,,,,,,,,,,,,,,,,,,,,,,,,,,,,,,,,,,,,,
training_event,training,dba80c84-68fd-45b2-ba28-10f10075b239,853df70f-5929-4d43-bcf6-86d507c0a9d4,2026-09-05T16:56:50.451000+00:00,keyup,79,,103.3,,,,,,,,,controlled_typing,1,,,,,,,,,,/app/training,dev_07816792-ddc2-4c7e-b167-1da450c46a18,,,,,,,,,,,,,,,,,,,,,,,,,,,,,,,,,,,,,,,,,,,,,,,,,,,,,,,,,,,,,,,,,,
training_event,training,dba80c84-68fd-45b2-ba28-10f10075b239,853df70f-5929-4d43-bcf6-86d507c0a9d4,2026-09-05T16:56:51.104000+00:00,keydown,84,t,,755.9,,,,,,,,controlled_typing,1,,,,,,,,,,/app/training,dev_07816792-ddc2-4c7e-b167-1da450c46a18,,,,,,,,,,,,,,,,,,,,,,,,,,,,,,,,,,,,,,,,,,,,,,,,,,,,,,,,,,,,,,,,,,
training_event,training,dba80c84-68fd-45b2-ba28-10f10075b239,853df70f-5929-4d43-bcf6-86d507c0a9d4,2026-09-05T16:56:51.201000+00:00,keyup,84,,97.4,,,,,,,,,controlled_typing,1,,,,,,,,,,/app/training,dev_07816792-ddc2-4c7e-b167-1da450c46a18,,,,,,,,,,,,,,,,,,,,,,,,,,,,,,,,,,,,,,,,,,,,,,,,,,,,,,,,,,,,,,,,,,
training_event,training,dba80c84-68fd-45b2-ba28-10f10075b239,853df70f-5929-4d43-bcf6-86d507c0a9d4,2026-09-05T16:56:51.259000+00:00,keydown,69,e,,155.8,,,,,,,,controlled_typing,1,,,,,,,,,,/app/training,dev_07816792-ddc2-4c7e-b167-1da450c46a18,,,,,,,,,,,,,,,,,,,,,,,,,,,,,,,,,,,,,,,,,,,,,,,,,,,,,,,,,,,,,,,,,,
training_event,training,dba80c84-68fd-45b2-ba28-10f10075b239,853df70f-5929-4d43-bcf6-86d507c0a9d4,2026-09-05T16:56:51.420000+00:00,keyup,69,,160.9,,,,,,,,,controlled_typing,1,,,,,,,,,,/app/training,dev_07816792-ddc2-4c7e-b167-1da450c46a18,,,,,,,,,,,,,,,,,,,,,,,,,,,,,,,,,,,,,,,,,,,,,,,,,,,,,,,,,,,,,,,,,,
training_event,training,dba80c84-68fd-45b2-ba28-10f10075b239,853df70f-5929-4d43-bcf6-86d507c0a9d4,2026-09-05T16:56:51.429000+00:00,keydown,67,c,,169.1,,,,,,,,controlled_typing,1,,,,,,,,,,/app/training,dev_07816792-ddc2-4c7e-b167-1da450c46a18,,,,,,,,,,,,,,,,,,,,,,,,,,,,,,,,,,,,,,,,,,,,,,,,,,,,,,,,,,,,,,,,,,
training_event,training,dba80c84-68fd-45b2-ba28-10f10075b239,853df70f-5929-4d43-bcf6-86d507c0a9d4,2026-09-05T16:56:51.530000+00:00,keyup,67,,101.5,,,,,,,,,controlled_typing,1,,,,,,,,,,/app/training,dev_07816792-ddc2-4c7e-b167-1da450c46a18,,,,,,,,,,,,,,,,,,,,,,,,,,,,,,,,,,,,,,,,,,,,,,,,,,,,,,,,,,,,,,,,,,
training_event,training,dba80c84-68fd-45b2-ba28-10f10075b239,853df70f-5929-4d43-bcf6-86d507c0a9d4,2026-09-05T16:56:52.484000+00:00,keydown,84,t,,1055.3,,,,,,,,controlled_typing,1,,,,,,,,,,/app/training,dev_07816792-ddc2-4c7e-b167-1da450c46a18,,,,,,,,,,,,,,,,,,,,,,,,,,,,,,,,,,,,,,,,,,,,,,,,,,,,,,,,,,,,,,,,,,
training_event,training,dba80c84-68fd-45b2-ba28-10f10075b239,853df70f-5929-4d43-bcf6-86d507c0a9d4,2026-09-05T16:56:52.621000+00:00,keyup,84,,137.0,,,,,,,,,controlled_typing,1,,,,,,,,,,/app/training,dev_07816792-ddc2-4c7e-b167-1da450c46a18,,,,,,,,,,,,,,,,,,,,,,,,,,,,,,,,,,,,,,,,,,,,,,,,,,,,,,,,,,,,,,,,,,
training_event,training,dba80c84-68fd-45b2-ba28-10f10075b239,853df70f-5929-4d43-bcf6-86d507c0a9d4,2026-09-05T16:56:52.639000+00:00,keydown,83,s,,155.5,,,,,,,,controlled_typing,1,,,,,,,,,,/app/training,dev_07816792-ddc2-4c7e-b167-1da450c46a18,,,,,,,,,,,,,,,,,,,,,,,,,,,,,,,,,,,,,,,,,,,,,,,,,,,,,,,,,,,,,,,,,,
training_event,training,dba80c84-68fd-45b2-ba28-10f10075b239,853df70f-5929-4d43-bcf6-86d507c0a9d4,2026-09-05T16:56:52.770000+00:00,keyup,83,,130.6,,,,,,,,,controlled_typing,1,,,,,,,,,,/app/training,dev_07816792-ddc2-4c7e-b167-1da450c46a18,,,,,,,,,,,,,,,,,,,,,,,,,,,,,,,,,,,,,,,,,,,,,,,,,,,,,,,,,,,,,,,,,,
training_event,training,dba80c84-68fd-45b2-ba28-10f10075b239,853df70f-5929-4d43-bcf6-86d507c0a9d4,2026-09-05T16:56:52.813000+00:00,keydown,32, ,,173.4,,,,,,,,controlled_typing,1,,,,,,,,,,/app/training,dev_07816792-ddc2-4c7e-b167-1da450c46a18,,,,,,,,,,,,,,,,,,,,,,,,,,,,,,,,,,,,,,,,,,,,,,,,,,,,,,,,,,,,,,,,,,
training_event,training,dba80c84-68fd-45b2-ba28-10f10075b239,853df70f-5929-4d43-bcf6-86d507c0a9d4,2026-09-05T16:56:52.918000+00:00,keyup,32,,105.7,,,,,,,,,controlled_typing,1,,,,,,,,,,/app/training,dev_07816792-ddc2-4c7e-b167-1da450c46a18,,,,,,,,,,,,,,,,,,,,,,,,,,,,,,,,,,,,,,,,,,,,,,,,,,,,,,,,,,,,,,,,,,
training_event,training,dba80c84-68fd-45b2-ba28-10f10075b239,853df70f-5929-4d43-bcf6-86d507c0a9d4,2026-09-05T16:56:53.874000+00:00,keydown,89,y,,1061.6,,,,,,,,controlled_typing,1,,,,,,,,,,/app/training,dev_07816792-ddc2-4c7e-b167-1da450c46a18,,,,,,,,,,,,,,,,,,,,,,,,,,,,,,,,,,,,,,,,,,,,,,,,,,,,,,,,,,,,,,,,,,
training_event,training,dba80c84-68fd-45b2-ba28-10f10075b239,853df70f-5929-4d43-bcf6-86d507c0a9d4,2026-09-05T16:56:53.957000+00:00,keyup,89,,82.6,,,,,,,,,controlled_typing,1,,,,,,,,,,/app/training,dev_07816792-ddc2-4c7e-b167-1da450c46a18,,,,,,,,,,,,,,,,,,,,,,,,,,,,,,,,,,,,,,,,,,,,,,,,,,,,,,,,,,,,,,,,,,
training_event,training,dba80c84-68fd-45b2-ba28-10f10075b239,853df70f-5929-4d43-bcf6-86d507c0a9d4,2026-09-05T16:56:54.240000+00:00,keydown,79,o,,366.1,,,,,,,,controlled_typing,1,,,,,,,,,,/app/training,dev_07816792-ddc2-4c7e-b167-1da450c46a18,,,,,,,,,,,,,,,,,,,,,,,,,,,,,,,,,,,,,,,,,,,,,,,,,,,,,,,,,,,,,,,,,,
training_event,training,dba80c84-68fd-45b2-ba28-10f10075b239,853df70f-5929-4d43-bcf6-86d507c0a9d4,2026-09-05T16:56:54.330000+00:00,keyup,79,,89.5,,,,,,,,,controlled_typing,1,,,,,,,,,,/app/training,dev_07816792-ddc2-4c7e-b167-1da450c46a18,,,,,,,,,,,,,,,,,,,,,,,,,,,,,,,,,,,,,,,,,,,,,,,,,,,,,,,,,,,,,,,,,,
training_event,training,dba80c84-68fd-45b2-ba28-10f10075b239,853df70f-5929-4d43-bcf6-86d507c0a9d4,2026-09-05T16:56:54.454000+00:00,keydown,85,u,,213.5,,,,,,,,controlled_typing,1,,,,,,,,,,/app/training,dev_07816792-ddc2-4c7e-b167-1da450c46a18,,,,,,,,,,,,,,,,,,,,,,,,,,,,,,,,,,,,,,,,,,,,,,,,,,,,,,,,,,,,,,,,,,
training_event,training,dba80c84-68fd-45b2-ba28-10f10075b239,853df70f-5929-4d43-bcf6-86d507c0a9d4,2026-09-05T16:56:54.561000+00:00,keyup,85,,107.2,,,,,,,,,controlled_typing,1,,,,,,,,,,/app/training,dev_07816792-ddc2-4c7e-b167-1da450c46a18,,,,,,,,,,,,,,,,,,,,,,,,,,,,,,,,,,,,,,,,,,,,,,,,,,,,,,,,,,,,,,,,,,
training_event,training,dba80c84-68fd-45b2-ba28-10f10075b239,853df70f-5929-4d43-bcf6-86d507c0a9d4,2026-09-05T16:56:54.809000+00:00,keydown,82,r,,355.4,,,,,,,,controlled_typing,1,,,,,,,,,,/app/training,dev_07816792-ddc2-4c7e-b167-1da450c46a18,,,,,,,,,,,,,,,,,,,,,,,,,,,,,,,,,,,,,,,,,,,,,,,,,,,,,,,,,,,,,,,,,,
training_event,training,dba80c84-68fd-45b2-ba28-10f10075b239,853df70f-5929-4d43-bcf6-86d507c0a9d4,2026-09-05T16:56:54.884000+00:00,keyup,82,,75.1,,,,,,,,,controlled_typing,1,,,,,,,,,,/app/training,dev_07816792-ddc2-4c7e-b167-1da450c46a18,,,,,,,,,,,,,,,,,,,,,,,,,,,,,,,,,,,,,,,,,,,,,,,,,,,,,,,,,,,,,,,,,,
training_event,training,dba80c84-68fd-45b2-ba28-10f10075b239,853df70f-5929-4d43-bcf6-86d507c0a9d4,2026-09-05T16:56:54.898000+00:00,keydown,32, ,,88.8,,,,,,,,controlled_typing,1,,,,,,,,,,/app/training,dev_07816792-ddc2-4c7e-b167-1da450c46a18,,,,,,,,,,,,,,,,,,,,,,,,,,,,,,,,,,,,,,,,,,,,,,,,,,,,,,,,,,,,,,,,,,
training_event,training,dba80c84-68fd-45b2-ba28-10f10075b239,853df70f-5929-4d43-bcf6-86d507c0a9d4,2026-09-05T16:56:55.041000+00:00,keyup,32,,143.0,,,,,,,,,controlled_typing,1,,,,,,,,,,/app/training,dev_07816792-ddc2-4c7e-b167-1da450c46a18,,,,,,,,,,,,,,,,,,,,,,,,,,,,,,,,,,,,,,,,,,,,,,,,,,,,,,,,,,,,,,,,,,
training_event,training,dba80c84-68fd-45b2-ba28-10f10075b239,853df70f-5929-4d43-bcf6-86d507c0a9d4,2026-09-05T16:56:55.294000+00:00,keydown,65,a,,395.9,,,,,,,,controlled_typing,1,,,,,,,,,,/app/training,dev_07816792-ddc2-4c7e-b167-1da450c46a18,,,,,,,,,,,,,,,,,,,,,,,,,,,,,,,,,,,,,,,,,,,,,,,,,,,,,,,,,,,,,,,,,,
training_event,training,dba80c84-68fd-45b2-ba28-10f10075b239,853df70f-5929-4d43-bcf6-86d507c0a9d4,2026-09-05T16:56:55.430000+00:00,keyup,65,,135.7,,,,,,,,,controlled_typing,1,,,,,,,,,,/app/training,dev_07816792-ddc2-4c7e-b167-1da450c46a18,,,,,,,,,,,,,,,,,,,,,,,,,,,,,,,,,,,,,,,,,,,,,,,,,,,,,,,,,,,,,,,,,,
training_event,training,dba80c84-68fd-45b2-ba28-10f10075b239,853df70f-5929-4d43-bcf6-86d507c0a9d4,2026-09-05T16:56:55.613000+00:00,keydown,67,c,,319.3,,,,,,,,controlled_typing,1,,,,,,,,,,/app/training,dev_07816792-ddc2-4c7e-b167-1da450c46a18,,,,,,,,,,,,,,,,,,,,,,,,,,,,,,,,,,,,,,,,,,,,,,,,,,,,,,,,,,,,,,,,,,
training_event,training,dba80c84-68fd-45b2-ba28-10f10075b239,853df70f-5929-4d43-bcf6-86d507c0a9d4,2026-09-05T16:56:55.680000+00:00,keyup,67,,66.4,,,,,,,,,controlled_typing,1,,,,,,,,,,/app/training,dev_07816792-ddc2-4c7e-b167-1da450c46a18,,,,,,,,,,,,,,,,,,,,,,,,,,,,,,,,,,,,,,,,,,,,,,,,,,,,,,,,,,,,,,,,,,
training_event,training,dba80c84-68fd-45b2-ba28-10f10075b239,853df70f-5929-4d43-bcf6-86d507c0a9d4,2026-09-05T16:56:55.808000+00:00,keydown,67,c,,195.1,,,,,,,,controlled_typing,1,,,,,,,,,,/app/training,dev_07816792-ddc2-4c7e-b167-1da450c46a18,,,,,,,,,,,,,,,,,,,,,,,,,,,,,,,,,,,,,,,,,,,,,,,,,,,,,,,,,,,,,,,,,,
training_event,training,dba80c84-68fd-45b2-ba28-10f10075b239,853df70f-5929-4d43-bcf6-86d507c0a9d4,2026-09-05T16:56:55.861000+00:00,keyup,67,,52.6,,,,,,,,,controlled_typing,1,,,,,,,,,,/app/training,dev_07816792-ddc2-4c7e-b167-1da450c46a18,,,,,,,,,,,,,,,,,,,,,,,,,,,,,,,,,,,,,,,,,,,,,,,,,,,,,,,,,,,,,,,,,,
training_event,training,dba80c84-68fd-45b2-ba28-10f10075b239,853df70f-5929-4d43-bcf6-86d507c0a9d4,2026-09-05T16:56:55.918000+00:00,keydown,79,o,,110.0,,,,,,,,controlled_typing,1,,,,,,,,,,/app/training,dev_07816792-ddc2-4c7e-b167-1da450c46a18,,,,,,,,,,,,,,,,,,,,,,,,,,,,,,,,,,,,,,,,,,,,,,,,,,,,,,,,,,,,,,,,,,
training_event,training,dba80c84-68fd-45b2-ba28-10f10075b239,853df70f-5929-4d43-bcf6-86d507c0a9d4,2026-09-05T16:56:56.041000+00:00,keyup,79,,122.8,,,,,,,,,controlled_typing,1,,,,,,,,,,/app/training,dev_07816792-ddc2-4c7e-b167-1da450c46a18,,,,,,,,,,,,,,,,,,,,,,,,,,,,,,,,,,,,,,,,,,,,,,,,,,,,,,,,,,,,,,,,,,
training_event,training,dba80c84-68fd-45b2-ba28-10f10075b239,853df70f-5929-4d43-bcf6-86d507c0a9d4,2026-09-05T16:56:57.549000+00:00,keydown,8,,,1630.9,,,,,,,,controlled_typing,1,,,,,,,,,,/app/training,dev_07816792-ddc2-4c7e-b167-1da450c46a18,,,,,,,,,,,,,,,,,,,,,,,,,,,,,,,,,,,,,,,,,,,,,,,,,,,,,,,,,,,,,,,,,,
training_event,training,dba80c84-68fd-45b2-ba28-10f10075b239,853df70f-5929-4d43-bcf6-86d507c0a9d4,2026-09-05T16:56:57.692000+00:00,keyup,8,,142.4,,,,,,,,,controlled_typing,1,,,,,,,,,,/app/training,dev_07816792-ddc2-4c7e-b167-1da450c46a18,,,,,,,,,,,,,,,,,,,,,,,,,,,,,,,,,,,,,,,,,,,,,,,,,,,,,,,,,,,,,,,,,,
training_event,training,dba80c84-68fd-45b2-ba28-10f10075b239,853df70f-5929-4d43-bcf6-86d507c0a9d4,2026-09-05T16:56:58.574000+00:00,keydown,79,o,,1024.9,,,,,,,,controlled_typing,1,,,,,,,,,,/app/training,dev_07816792-ddc2-4c7e-b167-1da450c46a18,,,,,,,,,,,,,,,,,,,,,,,,,,,,,,,,,,,,,,,,,,,,,,,,,,,,,,,,,,,,,,,,,,
training_event,training,dba80c84-68fd-45b2-ba28-10f10075b239,853df70f-5929-4d43-bcf6-86d507c0a9d4,2026-09-05T16:56:58.657000+00:00,keyup,79,,82.4,,,,,,,,,controlled_typing,1,,,,,,,,,,/app/training,dev_07816792-ddc2-4c7e-b167-1da450c46a18,,,,,,,,,,,,,,,,,,,,,,,,,,,,,,,,,,,,,,,,,,,,,,,,,,,,,,,,,,,,,,,,,,
training_event,training,dba80c84-68fd-45b2-ba28-10f10075b239,853df70f-5929-4d43-bcf6-86d507c0a9d4,2026-09-05T16:56:58.840000+00:00,keydown,85,u,,265.8,,,,,,,,controlled_typing,1,,,,,,,,,,/app/training,dev_07816792-ddc2-4c7e-b167-1da450c46a18,,,,,,,,,,,,,,,,,,,,,,,,,,,,,,,,,,,,,,,,,,,,,,,,,,,,,,,,,,,,,,,,,,
training_event,training,dba80c84-68fd-45b2-ba28-10f10075b239,853df70f-5929-4d43-bcf6-86d507c0a9d4,2026-09-05T16:56:58.921000+00:00,keyup,85,,80.5,,,,,,,,,controlled_typing,1,,,,,,,,,,/app/training,dev_07816792-ddc2-4c7e-b167-1da450c46a18,,,,,,,,,,,,,,,,,,,,,,,,,,,,,,,,,,,,,,,,,,,,,,,,,,,,,,,,,,,,,,,,,,
training_event,training,dba80c84-68fd-45b2-ba28-10f10075b239,853df70f-5929-4d43-bcf6-86d507c0a9d4,2026-09-05T16:56:59.084000+00:00,keydown,78,n,,243.4,,,,,,,,controlled_typing,1,,,,,,,,,,/app/training,dev_07816792-ddc2-4c7e-b167-1da450c46a18,,,,,,,,,,,,,,,,,,,,,,,,,,,,,,,,,,,,,,,,,,,,,,,,,,,,,,,,,,,,,,,,,,
training_event,training,dba80c84-68fd-45b2-ba28-10f10075b239,853df70f-5929-4d43-bcf6-86d507c0a9d4,2026-09-05T16:56:59.185000+00:00,keyup,78,,101.7,,,,,,,,,controlled_typing,1,,,,,,,,,,/app/training,dev_07816792-ddc2-4c7e-b167-1da450c46a18,,,,,,,,,,,,,,,,,,,,,,,,,,,,,,,,,,,,,,,,,,,,,,,,,,,,,,,,,,,,,,,,,,
training_event,training,dba80c84-68fd-45b2-ba28-10f10075b239,853df70f-5929-4d43-bcf6-86d507c0a9d4,2026-09-05T16:56:59.240000+00:00,keydown,84,t,,156.3,,,,,,,,controlled_typing,1,,,,,,,,,,/app/training,dev_07816792-ddc2-4c7e-b167-1da450c46a18,,,,,,,,,,,,,,,,,,,,,,,,,,,,,,,,,,,,,,,,,,,,,,,,,,,,,,,,,,,,,,,,,,
training_event,training,dba80c84-68fd-45b2-ba28-10f10075b239,853df70f-5929-4d43-bcf6-86d507c0a9d4,2026-09-05T16:56:59.351000+00:00,keyup,84,,111.1,,,,,,,,,controlled_typing,1,,,,,,,,,,/app/training,dev_07816792-ddc2-4c7e-b167-1da450c46a18,,,,,,,,,,,,,,,,,,,,,,,,,,,,,,,,,,,,,,,,,,,,,,,,,,,,,,,,,,,,,,,,,,
training_event,training,dba80c84-68fd-45b2-ba28-10f10075b239,853df70f-5929-4d43-bcf6-86d507c0a9d4,2026-09-05T16:57:00.324000+00:00,keydown,190,.,,1084.6,,,,,,,,controlled_typing,1,,,,,,,,,,/app/training,dev_07816792-ddc2-4c7e-b167-1da450c46a18,,,,,,,,,,,,,,,,,,,,,,,,,,,,,,,,,,,,,,,,,,,,,,,,,,,,,,,,,,,,,,,,,,
training_event,training,dba80c84-68fd-45b2-ba28-10f10075b239,853df70f-5929-4d43-bcf6-86d507c0a9d4,2026-09-05T16:57:00.425000+00:00,keyup,190,,101.1,,,,,,,,,controlled_typing,1,,,,,,,,,,/app/training,dev_07816792-ddc2-4c7e-b167-1da450c46a18,,,,,,,,,,,,,,,,,,,,,,,,,,,,,,,,,,,,,,,,,,,,,,,,,,,,,,,,,,,,,,,,,,
training_event,training,dba80c84-68fd-45b2-ba28-10f10075b239,853df70f-5929-4d43-bcf6-86d507c0a9d4,2026-09-05T16:57:01.094000+00:00,keydown,13,,,769.5,,,,,,,,controlled_typing,1,,,,,,,,,,/app/training,dev_07816792-ddc2-4c7e-b167-1da450c46a18,,,,,,,,,,,,,,,,,,,,,,,,,,,,,,,,,,,,,,,,,,,,,,,,,,,,,,,,,,,,,,,,,,
training_event,training,dba80c84-68fd-45b2-ba28-10f10075b239,853df70f-5929-4d43-bcf6-86d507c0a9d4,2026-09-05T16:57:01.211000+00:00,keyup,13,,117.2,,,,,,,,,controlled_typing,1,,,,,,,,,,/app/training,dev_07816792-ddc2-4c7e-b167-1da450c46a18,,,,,,,,,,,,,,,,,,,,,,,,,,,,,,,,,,,,,,,,,,,,,,,,,,,,,,,,,,,,,,,,,,
training_event,training,dba80c84-68fd-45b2-ba28-10f10075b239,853df70f-5929-4d43-bcf6-86d507c0a9d4,2026-09-05T16:57:11.628000+00:00,keydown,8,,,2000.0,,,,,,,,controlled_typing,1,,,,,,,,,,/app/training,dev_07816792-ddc2-4c7e-b167-1da450c46a18,,,,,,,,,,,,,,,,,,,,,,,,,,,,,,,,,,,,,,,,,,,,,,,,,,,,,,,,,,,,,,,,,,
training_event,training,dba80c84-68fd-45b2-ba28-10f10075b239,853df70f-5929-4d43-bcf6-86d507c0a9d4,2026-09-05T16:57:11.749000+00:00,keyup,8,,121.1,,,,,,,,,controlled_typing,1,,,,,,,,,,/app/training,dev_07816792-ddc2-4c7e-b167-1da450c46a18,,,,,,,,,,,,,,,,,,,,,,,,,,,,,,,,,,,,,,,,,,,,,,,,,,,,,,,,,,,,,,,,,,
training_event,training,dba80c84-68fd-45b2-ba28-10f10075b239,853df70f-5929-4d43-bcf6-86d507c0a9d4,2026-09-05T16:57:18.125000+00:00,keydown,79,o,,2000.0,,,,,,,,controlled_typing,1,,,,,,,,,,/app/training,dev_07816792-ddc2-4c7e-b167-1da450c46a18,,,,,,,,,,,,,,,,,,,,,,,,,,,,,,,,,,,,,,,,,,,,,,,,,,,,,,,,,,,,,,,,,,
training_event,training,dba80c84-68fd-45b2-ba28-10f10075b239,853df70f-5929-4d43-bcf6-86d507c0a9d4,2026-09-05T16:57:18.224000+00:00,keyup,79,,99.2,,,,,,,,,controlled_typing,1,,,,,,,,,,/app/training,dev_07816792-ddc2-4c7e-b167-1da450c46a18,,,,,,,,,,,,,,,,,,,,,,,,,,,,,,,,,,,,,,,,,,,,,,,,,,,,,,,,,,,,,,,,,,
training_event,training,dba80c84-68fd-45b2-ba28-10f10075b239,853df70f-5929-4d43-bcf6-86d507c0a9d4,2026-09-05T16:57:18.442000+00:00,keydown,85,u,,317.5,,,,,,,,controlled_typing,1,,,,,,,,,,/app/training,dev_07816792-ddc2-4c7e-b167-1da450c46a18,,,,,,,,,,,,,,,,,,,,,,,,,,,,,,,,,,,,,,,,,,,,,,,,,,,,,,,,,,,,,,,,,,
training_event,training,dba80c84-68fd-45b2-ba28-10f10075b239,65ccb262-d755-4acb-8fd7-b15acbab4340,2026-09-05T16:57:30.198000+00:00,keydown,65,A,,,,,,,,,,repeated_typing,0,0,,,,,,,,,/app/training,dev_07816792-ddc2-4c7e-b167-1da450c46a18,,,,,,,,,,,,,,,,,,,,,,,,,,,,,,,,,,,,,,,,,,,,,,,,,,,,,,,,,,,,,,,,,,
training_event,training,dba80c84-68fd-45b2-ba28-10f10075b239,65ccb262-d755-4acb-8fd7-b15acbab4340,2026-09-05T16:57:30.340000+00:00,keyup,65,,141.7,,,,,,,,,repeated_typing,0,0,,,,,,,,,/app/training,dev_07816792-ddc2-4c7e-b167-1da450c46a18,,,,,,,,,,,,,,,,,,,,,,,,,,,,,,,,,,,,,,,,,,,,,,,,,,,,,,,,,,,,,,,,,,
training_event,training,dba80c84-68fd-45b2-ba28-10f10075b239,65ccb262-d755-4acb-8fd7-b15acbab4340,2026-09-05T16:57:30.983000+00:00,keydown,68,d,,784.5,,,,,,,,repeated_typing,0,0,,,,,,,,,/app/training,dev_07816792-ddc2-4c7e-b167-1da450c46a18,,,,,,,,,,,,,,,,,,,,,,,,,,,,,,,,,,,,,,,,,,,,,,,,,,,,,,,,,,,,,,,,,,
training_event,training,dba80c84-68fd-45b2-ba28-10f10075b239,65ccb262-d755-4acb-8fd7-b15acbab4340,2026-09-05T16:57:31.070000+00:00,keyup,68,,87.5,,,,,,,,,repeated_typing,0,0,,,,,,,,,/app/training,dev_07816792-ddc2-4c7e-b167-1da450c46a18,,,,,,,,,,,,,,,,,,,,,,,,,,,,,,,,,,,,,,,,,,,,,,,,,,,,,,,,,,,,,,,,,,
training_event,training,dba80c84-68fd-45b2-ba28-10f10075b239,65ccb262-d755-4acb-8fd7-b15acbab4340,2026-09-05T16:57:31.508000+00:00,keydown,65,a,,525.1,,,,,,,,repeated_typing,0,0,,,,,,,,,/app/training,dev_07816792-ddc2-4c7e-b167-1da450c46a18,,,,,,,,,,,,,,,,,,,,,,,,,,,,,,,,,,,,,,,,,,,,,,,,,,,,,,,,,,,,,,,,,,
training_event,training,dba80c84-68fd-45b2-ba28-10f10075b239,65ccb262-d755-4acb-8fd7-b15acbab4340,2026-09-05T16:57:31.602000+00:00,keyup,65,,94.1,,,,,,,,,repeated_typing,0,0,,,,,,,,,/app/training,dev_07816792-ddc2-4c7e-b167-1da450c46a18,,,,,,,,,,,,,,,,,,,,,,,,,,,,,,,,,,,,,,,,,,,,,,,,,,,,,,,,,,,,,,,,,,
training_event,training,dba80c84-68fd-45b2-ba28-10f10075b239,65ccb262-d755-4acb-8fd7-b15acbab4340,2026-09-05T16:57:31.739000+00:00,keydown,80,p,,231.1,,,,,,,,repeated_typing,0,0,,,,,,,,,/app/training,dev_07816792-ddc2-4c7e-b167-1da450c46a18,,,,,,,,,,,,,,,,,,,,,,,,,,,,,,,,,,,,,,,,,,,,,,,,,,,,,,,,,,,,,,,,,,
training_event,training,dba80c84-68fd-45b2-ba28-10f10075b239,65ccb262-d755-4acb-8fd7-b15acbab4340,2026-09-05T16:57:31.875000+00:00,keyup,80,,135.5,,,,,,,,,repeated_typing,0,0,,,,,,,,,/app/training,dev_07816792-ddc2-4c7e-b167-1da450c46a18,,,,,,,,,,,,,,,,,,,,,,,,,,,,,,,,,,,,,,,,,,,,,,,,,,,,,,,,,,,,,,,,,,
training_event,training,dba80c84-68fd-45b2-ba28-10f10075b239,65ccb262-d755-4acb-8fd7-b15acbab4340,2026-09-05T16:57:31.934000+00:00,keydown,84,t,,194.9,,,,,,,,repeated_typing,0,0,,,,,,,,,/app/training,dev_07816792-ddc2-4c7e-b167-1da450c46a18,,,,,,,,,,,,,,,,,,,,,,,,,,,,,,,,,,,,,,,,,,,,,,,,,,,,,,,,,,,,,,,,,,
training_event,training,dba80c84-68fd-45b2-ba28-10f10075b239,65ccb262-d755-4acb-8fd7-b15acbab4340,2026-09-05T16:57:32.045000+00:00,keyup,84,,111.0,,,,,,,,,repeated_typing,0,0,,,,,,,,,/app/training,dev_07816792-ddc2-4c7e-b167-1da450c46a18,,,,,,,,,,,,,,,,,,,,,,,,,,,,,,,,,,,,,,,,,,,,,,,,,,,,,,,,,,,,,,,,,,
training_event,training,dba80c84-68fd-45b2-ba28-10f10075b239,65ccb262-d755-4acb-8fd7-b15acbab4340,2026-09-05T16:57:32.074000+00:00,keydown,73,i,,139.9,,,,,,,,repeated_typing,0,0,,,,,,,,,/app/training,dev_07816792-ddc2-4c7e-b167-1da450c46a18,,,,,,,,,,,,,,,,,,,,,,,,,,,,,,,,,,,,,,,,,,,,,,,,,,,,,,,,,,,,,,,,,,
training_event,training,dba80c84-68fd-45b2-ba28-10f10075b239,65ccb262-d755-4acb-8fd7-b15acbab4340,2026-09-05T16:57:32.187000+00:00,keyup,73,,112.9,,,,,,,,,repeated_typing,0,0,,,,,,,,,/app/training,dev_07816792-ddc2-4c7e-b167-1da450c46a18,,,,,,,,,,,,,,,,,,,,,,,,,,,,,,,,,,,,,,,,,,,,,,,,,,,,,,,,,,,,,,,,,,
training_event,training,dba80c84-68fd-45b2-ba28-10f10075b239,65ccb262-d755-4acb-8fd7-b15acbab4340,2026-09-05T16:57:32.493000+00:00,keydown,86,v,,419.4,,,,,,,,repeated_typing,0,0,,,,,,,,,/app/training,dev_07816792-ddc2-4c7e-b167-1da450c46a18,,,,,,,,,,,,,,,,,,,,,,,,,,,,,,,,,,,,,,,,,,,,,,,,,,,,,,,,,,,,,,,,,,
training_event,training,dba80c84-68fd-45b2-ba28-10f10075b239,65ccb262-d755-4acb-8fd7-b15acbab4340,2026-09-05T16:57:32.645000+00:00,keyup,86,,152.1,,,,,,,,,repeated_typing,0,0,,,,,,,,,/app/training,dev_07816792-ddc2-4c7e-b167-1da450c46a18,,,,,,,,,,,,,,,,,,,,,,,,,,,,,,,,,,,,,,,,,,,,,,,,,,,,,,,,,,,,,,,,,,
training_event,training,dba80c84-68fd-45b2-ba28-10f10075b239,65ccb262-d755-4acb-8fd7-b15acbab4340,2026-09-05T16:57:32.720000+00:00,keydown,69,e,,226.5,,,,,,,,repeated_typing,0,0,,,,,,,,,/app/training,dev_07816792-ddc2-4c7e-b167-1da450c46a18,,,,,,,,,,,,,,,,,,,,,,,,,,,,,,,,,,,,,,,,,,,,,,,,,,,,,,,,,,,,,,,,,,
training_event,training,dba80c84-68fd-45b2-ba28-10f10075b239,65ccb262-d755-4acb-8fd7-b15acbab4340,2026-09-05T16:57:32.824000+00:00,keyup,69,,104.3,,,,,,,,,repeated_typing,0,0,,,,,,,,,/app/training,dev_07816792-ddc2-4c7e-b167-1da450c46a18,,,,,,,,,,,,,,,,,,,,,,,,,,,,,,,,,,,,,,,,,,,,,,,,,,,,,,,,,,,,,,,,,,
training_event,training,dba80c84-68fd-45b2-ba28-10f10075b239,65ccb262-d755-4acb-8fd7-b15acbab4340,2026-09-05T16:57:33.989000+00:00,keydown,71,G,,1268.9,,,,,,,,repeated_typing,0,0,,,,,,,,,/app/training,dev_07816792-ddc2-4c7e-b167-1da450c46a18,,,,,,,,,,,,,,,,,,,,,,,,,,,,,,,,,,,,,,,,,,,,,,,,,,,,,,,,,,,,,,,,,,
training_event,training,dba80c84-68fd-45b2-ba28-10f10075b239,65ccb262-d755-4acb-8fd7-b15acbab4340,2026-09-05T16:57:34.064000+00:00,keyup,71,,75.4,,,,,,,,,repeated_typing,0,0,,,,,,,,,/app/training,dev_07816792-ddc2-4c7e-b167-1da450c46a18,,,,,,,,,,,,,,,,,,,,,,,,,,,,,,,,,,,,,,,,,,,,,,,,,,,,,,,,,,,,,,,,,,
training_event,training,dba80c84-68fd-45b2-ba28-10f10075b239,65ccb262-d755-4acb-8fd7-b15acbab4340,2026-09-05T16:57:34.318000+00:00,keydown,85,u,,329.8,,,,,,,,repeated_typing,0,0,,,,,,,,,/app/training,dev_07816792-ddc2-4c7e-b167-1da450c46a18,,,,,,,,,,,,,,,,,,,,,,,,,,,,,,,,,,,,,,,,,,,,,,,,,,,,,,,,,,,,,,,,,,
training_event,training,dba80c84-68fd-45b2-ba28-10f10075b239,65ccb262-d755-4acb-8fd7-b15acbab4340,2026-09-05T16:57:34.410000+00:00,keyup,85,,91.9,,,,,,,,,repeated_typing,0,0,,,,,,,,,/app/training,dev_07816792-ddc2-4c7e-b167-1da450c46a18,,,,,,,,,,,,,,,,,,,,,,,,,,,,,,,,,,,,,,,,,,,,,,,,,,,,,,,,,,,,,,,,,,
training_event,training,dba80c84-68fd-45b2-ba28-10f10075b239,65ccb262-d755-4acb-8fd7-b15acbab4340,2026-09-05T16:57:34.458000+00:00,keydown,65,a,,139.0,,,,,,,,repeated_typing,0,0,,,,,,,,,/app/training,dev_07816792-ddc2-4c7e-b167-1da450c46a18,,,,,,,,,,,,,,,,,,,,,,,,,,,,,,,,,,,,,,,,,,,,,,,,,,,,,,,,,,,,,,,,,,
training_event,training,dba80c84-68fd-45b2-ba28-10f10075b239,65ccb262-d755-4acb-8fd7-b15acbab4340,2026-09-05T16:57:34.586000+00:00,keyup,65,,128.2,,,,,,,,,repeated_typing,0,0,,,,,,,,,/app/training,dev_07816792-ddc2-4c7e-b167-1da450c46a18,,,,,,,,,,,,,,,,,,,,,,,,,,,,,,,,,,,,,,,,,,,,,,,,,,,,,,,,,,,,,,,,,,
training_event,training,dba80c84-68fd-45b2-ba28-10f10075b239,65ccb262-d755-4acb-8fd7-b15acbab4340,2026-09-05T16:57:34.863000+00:00,keydown,82,r,,406.0,,,,,,,,repeated_typing,0,0,,,,,,,,,/app/training,dev_07816792-ddc2-4c7e-b167-1da450c46a18,,,,,,,,,,,,,,,,,,,,,,,,,,,,,,,,,,,,,,,,,,,,,,,,,,,,,,,,,,,,,,,,,,
training_event,training,dba80c84-68fd-45b2-ba28-10f10075b239,65ccb262-d755-4acb-8fd7-b15acbab4340,2026-09-05T16:57:34.974000+00:00,keyup,82,,110.7,,,,,,,,,repeated_typing,0,0,,,,,,,,,/app/training,dev_07816792-ddc2-4c7e-b167-1da450c46a18,,,,,,,,,,,,,,,,,,,,,,,,,,,,,,,,,,,,,,,,,,,,,,,,,,,,,,,,,,,,,,,,,,
training_event,training,dba80c84-68fd-45b2-ba28-10f10075b239,65ccb262-d755-4acb-8fd7-b15acbab4340,2026-09-05T16:57:35.148000+00:00,keydown,68,d,,284.1,,,,,,,,repeated_typing,0,0,,,,,,,,,/app/training,dev_07816792-ddc2-4c7e-b167-1da450c46a18,,,,,,,,,,,,,,,,,,,,,,,,,,,,,,,,,,,,,,,,,,,,,,,,,,,,,,,,,,,,,,,,,,
training_event,training,dba80c84-68fd-45b2-ba28-10f10075b239,65ccb262-d755-4acb-8fd7-b15acbab4340,2026-09-05T16:57:35.252000+00:00,keyup,68,,104.2,,,,,,,,,repeated_typing,0,0,,,,,,,,,/app/training,dev_07816792-ddc2-4c7e-b167-1da450c46a18,,,,,,,,,,,,,,,,,,,,,,,,,,,,,,,,,,,,,,,,,,,,,,,,,,,,,,,,,,,,,,,,,,
training_event,training,dba80c84-68fd-45b2-ba28-10f10075b239,65ccb262-d755-4acb-8fd7-b15acbab4340,2026-09-05T16:57:35.339000+00:00,keydown,73,i,,191.3,,,,,,,,repeated_typing,0,0,,,,,,,,,/app/training,dev_07816792-ddc2-4c7e-b167-1da450c46a18,,,,,,,,,,,,,,,,,,,,,,,,,,,,,,,,,,,,,,,,,,,,,,,,,,,,,,,,,,,,,,,,,,
training_event,training,dba80c84-68fd-45b2-ba28-10f10075b239,65ccb262-d755-4acb-8fd7-b15acbab4340,2026-09-05T16:57:35.445000+00:00,keyup,73,,106.4,,,,,,,,,repeated_typing,0,0,,,,,,,,,/app/training,dev_07816792-ddc2-4c7e-b167-1da450c46a18,,,,,,,,,,,,,,,,,,,,,,,,,,,,,,,,,,,,,,,,,,,,,,,,,,,,,,,,,,,,,,,,,,
training_event,training,dba80c84-68fd-45b2-ba28-10f10075b239,65ccb262-d755-4acb-8fd7-b15acbab4340,2026-09-05T16:57:35.528000+00:00,keydown,65,a,,189.4,,,,,,,,repeated_typing,0,0,,,,,,,,,/app/training,dev_07816792-ddc2-4c7e-b167-1da450c46a18,,,,,,,,,,,,,,,,,,,,,,,,,,,,,,,,,,,,,,,,,,,,,,,,,,,,,,,,,,,,,,,,,,
training_event,training,dba80c84-68fd-45b2-ba28-10f10075b239,65ccb262-d755-4acb-8fd7-b15acbab4340,2026-09-05T16:57:35.675000+00:00,keyup,65,,146.3,,,,,,,,,repeated_typing,0,0,,,,,,,,,/app/training,dev_07816792-ddc2-4c7e-b167-1da450c46a18,,,,,,,,,,,,,,,,,,,,,,,,,,,,,,,,,,,,,,,,,,,,,,,,,,,,,,,,,,,,,,,,,,
training_event,training,dba80c84-68fd-45b2-ba28-10f10075b239,65ccb262-d755-4acb-8fd7-b15acbab4340,2026-09-05T16:57:35.720000+00:00,keydown,78,n,,192.1,,,,,,,,repeated_typing,0,0,,,,,,,,,/app/training,dev_07816792-ddc2-4c7e-b167-1da450c46a18,,,,,,,,,,,,,,,,,,,,,,,,,,,,,,,,,,,,,,,,,,,,,,,,,,,,,,,,,,,,,,,,,,
training_event,training,dba80c84-68fd-45b2-ba28-10f10075b239,65ccb262-d755-4acb-8fd7-b15acbab4340,2026-09-05T16:57:35.790000+00:00,keyup,78,,69.8,,,,,,,,,repeated_typing,0,0,,,,,,,,,/app/training,dev_07816792-ddc2-4c7e-b167-1da450c46a18,,,,,,,,,,,,,,,,,,,,,,,,,,,,,,,,,,,,,,,,,,,,,,,,,,,,,,,,,,,,,,,,,,
training_event,training,dba80c84-68fd-45b2-ba28-10f10075b239,65ccb262-d755-4acb-8fd7-b15acbab4340,2026-09-05T16:57:35.939000+00:00,keydown,32, ,,218.7,,,,,,,,repeated_typing,0,0,,,,,,,,,/app/training,dev_07816792-ddc2-4c7e-b167-1da450c46a18,,,,,,,,,,,,,,,,,,,,,,,,,,,,,,,,,,,,,,,,,,,,,,,,,,,,,,,,,,,,,,,,,,
training_event,training,dba80c84-68fd-45b2-ba28-10f10075b239,65ccb262-d755-4acb-8fd7-b15acbab4340,2026-09-05T16:57:36.039000+00:00,keyup,32,,100.0,,,,,,,,,repeated_typing,0,0,,,,,,,,,/app/training,dev_07816792-ddc2-4c7e-b167-1da450c46a18,,,,,,,,,,,,,,,,,,,,,,,,,,,,,,,,,,,,,,,,,,,,,,,,,,,,,,,,,,,,,,,,,,
training_event,training,dba80c84-68fd-45b2-ba28-10f10075b239,65ccb262-d755-4acb-8fd7-b15acbab4340,2026-09-05T16:57:36.792000+00:00,keydown,66,B,,853.4,,,,,,,,repeated_typing,0,0,,,,,,,,,/app/training,dev_07816792-ddc2-4c7e-b167-1da450c46a18,,,,,,,,,,,,,,,,,,,,,,,,,,,,,,,,,,,,,,,,,,,,,,,,,,,,,,,,,,,,,,,,,,
training_event,training,dba80c84-68fd-45b2-ba28-10f10075b239,65ccb262-d755-4acb-8fd7-b15acbab4340,2026-09-05T16:57:36.878000+00:00,keyup,66,,85.3,,,,,,,,,repeated_typing,0,0,,,,,,,,,/app/training,dev_07816792-ddc2-4c7e-b167-1da450c46a18,,,,,,,,,,,,,,,,,,,,,,,,,,,,,,,,,,,,,,,,,,,,,,,,,,,,,,,,,,,,,,,,,,
training_event,training,dba80c84-68fd-45b2-ba28-10f10075b239,65ccb262-d755-4acb-8fd7-b15acbab4340,2026-09-05T16:57:37.440000+00:00,keydown,65,a,,647.9,,,,,,,,repeated_typing,0,0,,,,,,,,,/app/training,dev_07816792-ddc2-4c7e-b167-1da450c46a18,,,,,,,,,,,,,,,,,,,,,,,,,,,,,,,,,,,,,,,,,,,,,,,,,,,,,,,,,,,,,,,,,,
training_event,training,dba80c84-68fd-45b2-ba28-10f10075b239,65ccb262-d755-4acb-8fd7-b15acbab4340,2026-09-05T16:57:37.603000+00:00,keyup,65,,162.6,,,,,,,,,repeated_typing,0,0,,,,,,,,,/app/training,dev_07816792-ddc2-4c7e-b167-1da450c46a18,,,,,,,,,,,,,,,,,,,,,,,,,,,,,,,,,,,,,,,,,,,,,,,,,,,,,,,,,,,,,,,,,,
training_event,training,dba80c84-68fd-45b2-ba28-10f10075b239,65ccb262-d755-4acb-8fd7-b15acbab4340,2026-09-05T16:57:37.680000+00:00,keydown,78,n,,240.0,,,,,,,,repeated_typing,0,0,,,,,,,,,/app/training,dev_07816792-ddc2-4c7e-b167-1da450c46a18,,,,,,,,,,,,,,,,,,,,,,,,,,,,,,,,,,,,,,,,,,,,,,,,,,,,,,,,,,,,,,,,,,
training_event,training,dba80c84-68fd-45b2-ba28-10f10075b239,65ccb262-d755-4acb-8fd7-b15acbab4340,2026-09-05T16:57:37.777000+00:00,keyup,78,,97.1,,,,,,,,,repeated_typing,0,0,,,,,,,,,/app/training,dev_07816792-ddc2-4c7e-b167-1da450c46a18,,,,,,,,,,,,,,,,,,,,,,,,,,,,,,,,,,,,,,,,,,,,,,,,,,,,,,,,,,,,,,,,,,
training_event,training,dba80c84-68fd-45b2-ba28-10f10075b239,65ccb262-d755-4acb-8fd7-b15acbab4340,2026-09-05T16:57:38.210000+00:00,keydown,75,k,,530.1,,,,,,,,repeated_typing,0,0,,,,,,,,,/app/training,dev_07816792-ddc2-4c7e-b167-1da450c46a18,,,,,,,,,,,,,,,,,,,,,,,,,,,,,,,,,,,,,,,,,,,,,,,,,,,,,,,,,,,,,,,,,,
training_event,training,dba80c84-68fd-45b2-ba28-10f10075b239,65ccb262-d755-4acb-8fd7-b15acbab4340,2026-09-05T16:57:38.319000+00:00,keyup,75,,108.4,,,,,,,,,repeated_typing,0,0,,,,,,,,,/app/training,dev_07816792-ddc2-4c7e-b167-1da450c46a18,,,,,,,,,,,,,,,,,,,,,,,,,,,,,,,,,,,,,,,,,,,,,,,,,,,,,,,,,,,,,,,,,,
training_event,training,dba80c84-68fd-45b2-ba28-10f10075b239,65ccb262-d755-4acb-8fd7-b15acbab4340,2026-09-05T16:57:38.440000+00:00,keydown,73,i,,229.4,,,,,,,,repeated_typing,0,0,,,,,,,,,/app/training,dev_07816792-ddc2-4c7e-b167-1da450c46a18,,,,,,,,,,,,,,,,,,,,,,,,,,,,,,,,,,,,,,,,,,,,,,,,,,,,,,,,,,,,,,,,,,
training_event,training,dba80c84-68fd-45b2-ba28-10f10075b239,65ccb262-d755-4acb-8fd7-b15acbab4340,2026-09-05T16:57:38.519000+00:00,keyup,73,,78.8,,,,,,,,,repeated_typing,0,0,,,,,,,,,/app/training,dev_07816792-ddc2-4c7e-b167-1da450c46a18,,,,,,,,,,,,,,,,,,,,,,,,,,,,,,,,,,,,,,,,,,,,,,,,,,,,,,,,,,,,,,,,,,
training_event,training,dba80c84-68fd-45b2-ba28-10f10075b239,65ccb262-d755-4acb-8fd7-b15acbab4340,2026-09-05T16:57:38.686000+00:00,keydown,78,n,,246.2,,,,,,,,repeated_typing,0,0,,,,,,,,,/app/training,dev_07816792-ddc2-4c7e-b167-1da450c46a18,,,,,,,,,,,,,,,,,,,,,,,,,,,,,,,,,,,,,,,,,,,,,,,,,,,,,,,,,,,,,,,,,,
training_event,training,dba80c84-68fd-45b2-ba28-10f10075b239,65ccb262-d755-4acb-8fd7-b15acbab4340,2026-09-05T16:57:38.778000+00:00,keyup,78,,91.7,,,,,,,,,repeated_typing,0,0,,,,,,,,,/app/training,dev_07816792-ddc2-4c7e-b167-1da450c46a18,,,,,,,,,,,,,,,,,,,,,,,,,,,,,,,,,,,,,,,,,,,,,,,,,,,,,,,,,,,,,,,,,,
training_event,training,dba80c84-68fd-45b2-ba28-10f10075b239,65ccb262-d755-4acb-8fd7-b15acbab4340,2026-09-05T16:57:38.961000+00:00,keydown,71,g,,274.5,,,,,,,,repeated_typing,0,0,,,,,,,,,/app/training,dev_07816792-ddc2-4c7e-b167-1da450c46a18,,,,,,,,,,,,,,,,,,,,,,,,,,,,,,,,,,,,,,,,,,,,,,,,,,,,,,,,,,,,,,,,,,
training_event,training,dba80c84-68fd-45b2-ba28-10f10075b239,65ccb262-d755-4acb-8fd7-b15acbab4340,2026-09-05T16:57:39.073000+00:00,keyup,71,,112.0,,,,,,,,,repeated_typing,0,0,,,,,,,,,/app/training,dev_07816792-ddc2-4c7e-b167-1da450c46a18,,,,,,,,,,,,,,,,,,,,,,,,,,,,,,,,,,,,,,,,,,,,,,,,,,,,,,,,,,,,,,,,,,
training_event,training,dba80c84-68fd-45b2-ba28-10f10075b239,65ccb262-d755-4acb-8fd7-b15acbab4340,2026-09-05T16:57:39.096000+00:00,keydown,32, ,,134.9,,,,,,,,repeated_typing,0,0,,,,,,,,,/app/training,dev_07816792-ddc2-4c7e-b167-1da450c46a18,,,,,,,,,,,,,,,,,,,,,,,,,,,,,,,,,,,,,,,,,,,,,,,,,,,,,,,,,,,,,,,,,,
training_event,training,dba80c84-68fd-45b2-ba28-10f10075b239,65ccb262-d755-4acb-8fd7-b15acbab4340,2026-09-05T16:57:39.223000+00:00,keyup,32,,127.7,,,,,,,,,repeated_typing,0,0,,,,,,,,,/app/training,dev_07816792-ddc2-4c7e-b167-1da450c46a18,,,,,,,,,,,,,,,,,,,,,,,,,,,,,,,,,,,,,,,,,,,,,,,,,,,,,,,,,,,,,,,,,,
training_event,training,dba80c84-68fd-45b2-ba28-10f10075b239,65ccb262-d755-4acb-8fd7-b15acbab4340,2026-09-05T16:57:39.795000+00:00,keydown,83,S,,699.7,,,,,,,,repeated_typing,0,0,,,,,,,,,/app/training,dev_07816792-ddc2-4c7e-b167-1da450c46a18,,,,,,,,,,,,,,,,,,,,,,,,,,,,,,,,,,,,,,,,,,,,,,,,,,,,,,,,,,,,,,,,,,
training_event,training,dba80c84-68fd-45b2-ba28-10f10075b239,65ccb262-d755-4acb-8fd7-b15acbab4340,2026-09-05T16:57:39.877000+00:00,keyup,83,,82.3,,,,,,,,,repeated_typing,0,0,,,,,,,,,/app/training,dev_07816792-ddc2-4c7e-b167-1da450c46a18,,,,,,,,,,,,,,,,,,,,,,,,,,,,,,,,,,,,,,,,,,,,,,,,,,,,,,,,,,,,,,,,,,
training_event,training,dba80c84-68fd-45b2-ba28-10f10075b239,65ccb262-d755-4acb-8fd7-b15acbab4340,2026-09-05T16:57:40.025000+00:00,keydown,69,e,,230.0,,,,,,,,repeated_typing,0,0,,,,,,,,,/app/training,dev_07816792-ddc2-4c7e-b167-1da450c46a18,,,,,,,,,,,,,,,,,,,,,,,,,,,,,,,,,,,,,,,,,,,,,,,,,,,,,,,,,,,,,,,,,,
training_event,training,dba80c84-68fd-45b2-ba28-10f10075b239,65ccb262-d755-4acb-8fd7-b15acbab4340,2026-09-05T16:57:40.119000+00:00,keyup,69,,94.2,,,,,,,,,repeated_typing,0,0,,,,,,,,,/app/training,dev_07816792-ddc2-4c7e-b167-1da450c46a18,,,,,,,,,,,,,,,,,,,,,,,,,,,,,,,,,,,,,,,,,,,,,,,,,,,,,,,,,,,,,,,,,,
training_event,training,dba80c84-68fd-45b2-ba28-10f10075b239,65ccb262-d755-4acb-8fd7-b15acbab4340,2026-09-05T16:57:40.321000+00:00,keydown,67,c,,296.2,,,,,,,,repeated_typing,0,0,,,,,,,,,/app/training,dev_07816792-ddc2-4c7e-b167-1da450c46a18,,,,,,,,,,,,,,,,,,,,,,,,,,,,,,,,,,,,,,,,,,,,,,,,,,,,,,,,,,,,,,,,,,
training_event,training,dba80c84-68fd-45b2-ba28-10f10075b239,65ccb262-d755-4acb-8fd7-b15acbab4340,2026-09-05T16:57:40.448000+00:00,keyup,67,,126.6,,,,,,,,,repeated_typing,0,0,,,,,,,,,/app/training,dev_07816792-ddc2-4c7e-b167-1da450c46a18,,,,,,,,,,,,,,,,,,,,,,,,,,,,,,,,,,,,,,,,,,,,,,,,,,,,,,,,,,,,,,,,,,
training_event,training,dba80c84-68fd-45b2-ba28-10f10075b239,65ccb262-d755-4acb-8fd7-b15acbab4340,2026-09-05T16:57:40.496000+00:00,keydown,85,u,,174.3,,,,,,,,repeated_typing,0,0,,,,,,,,,/app/training,dev_07816792-ddc2-4c7e-b167-1da450c46a18,,,,,,,,,,,,,,,,,,,,,,,,,,,,,,,,,,,,,,,,,,,,,,,,,,,,,,,,,,,,,,,,,,
training_event,training,dba80c84-68fd-45b2-ba28-10f10075b239,65ccb262-d755-4acb-8fd7-b15acbab4340,2026-09-05T16:57:40.613000+00:00,keyup,85,,116.9,,,,,,,,,repeated_typing,0,0,,,,,,,,,/app/training,dev_07816792-ddc2-4c7e-b167-1da450c46a18,,,,,,,,,,,,,,,,,,,,,,,,,,,,,,,,,,,,,,,,,,,,,,,,,,,,,,,,,,,,,,,,,,
training_event,training,dba80c84-68fd-45b2-ba28-10f10075b239,65ccb262-d755-4acb-8fd7-b15acbab4340,2026-09-05T16:57:40.652000+00:00,keydown,82,r,,156.4,,,,,,,,repeated_typing,0,0,,,,,,,,,/app/training,dev_07816792-ddc2-4c7e-b167-1da450c46a18,,,,,,,,,,,,,,,,,,,,,,,,,,,,,,,,,,,,,,,,,,,,,,,,,,,,,,,,,,,,,,,,,,
training_event,training,dba80c84-68fd-45b2-ba28-10f10075b239,65ccb262-d755-4acb-8fd7-b15acbab4340,2026-09-05T16:57:40.797000+00:00,keyup,82,,145.3,,,,,,,,,repeated_typing,0,0,,,,,,,,,/app/training,dev_07816792-ddc2-4c7e-b167-1da450c46a18,,,,,,,,,,,,,,,,,,,,,,,,,,,,,,,,,,,,,,,,,,,,,,,,,,,,,,,,,,,,,,,,,,
training_event,training,dba80c84-68fd-45b2-ba28-10f10075b239,65ccb262-d755-4acb-8fd7-b15acbab4340,2026-09-05T16:57:40.856000+00:00,keydown,73,i,,204.0,,,,,,,,repeated_typing,0,0,,,,,,,,,/app/training,dev_07816792-ddc2-4c7e-b167-1da450c46a18,,,,,,,,,,,,,,,,,,,,,,,,,,,,,,,,,,,,,,,,,,,,,,,,,,,,,,,,,,,,,,,,,,
training_event,training,dba80c84-68fd-45b2-ba28-10f10075b239,65ccb262-d755-4acb-8fd7-b15acbab4340,2026-09-05T16:57:41.005000+00:00,keyup,73,,148.5,,,,,,,,,repeated_typing,0,0,,,,,,,,,/app/training,dev_07816792-ddc2-4c7e-b167-1da450c46a18,,,,,,,,,,,,,,,,,,,,,,,,,,,,,,,,,,,,,,,,,,,,,,,,,,,,,,,,,,,,,,,,,,
training_event,training,dba80c84-68fd-45b2-ba28-10f10075b239,65ccb262-d755-4acb-8fd7-b15acbab4340,2026-09-05T16:57:41.025000+00:00,keydown,84,t,,168.5,,,,,,,,repeated_typing,0,0,,,,,,,,,/app/training,dev_07816792-ddc2-4c7e-b167-1da450c46a18,,,,,,,,,,,,,,,,,,,,,,,,,,,,,,,,,,,,,,,,,,,,,,,,,,,,,,,,,,,,,,,,,,
training_event,training,dba80c84-68fd-45b2-ba28-10f10075b239,65ccb262-d755-4acb-8fd7-b15acbab4340,2026-09-05T16:57:41.173000+00:00,keyup,84,,148.1,,,,,,,,,repeated_typing,0,0,,,,,,,,,/app/training,dev_07816792-ddc2-4c7e-b167-1da450c46a18,,,,,,,,,,,,,,,,,,,,,,,,,,,,,,,,,,,,,,,,,,,,,,,,,,,,,,,,,,,,,,,,,,
training_event,training,dba80c84-68fd-45b2-ba28-10f10075b239,65ccb262-d755-4acb-8fd7-b15acbab4340,2026-09-05T16:57:41.261000+00:00,keydown,89,y,,236.4,,,,,,,,repeated_typing,0,0,,,,,,,,,/app/training,dev_07816792-ddc2-4c7e-b167-1da450c46a18,,,,,,,,,,,,,,,,,,,,,,,,,,,,,,,,,,,,,,,,,,,,,,,,,,,,,,,,,,,,,,,,,,
training_event,training,dba80c84-68fd-45b2-ba28-10f10075b239,7a62e08f-ca6e-49cd-aca0-99a5238f7a44,2026-09-05T16:57:54.650000+00:00,mouse_move,,,,,359.0,261.21,,,,,,mouse_tracking,,,,,,,,,,,/app/training,dev_07816792-ddc2-4c7e-b167-1da450c46a18,,,,,,,,,,,,,,,,,,,,,,,,,,,,,,,,,,,,,,,,,,,,,,,,,,,,,,,,,,,,,,,,,,
training_event,training,dba80c84-68fd-45b2-ba28-10f10075b239,7a62e08f-ca6e-49cd-aca0-99a5238f7a44,2026-09-05T16:57:54.666000+00:00,mouse_move,,,,,395.0,249.21,,,,,,mouse_tracking,,,,,,,,,,,/app/training,dev_07816792-ddc2-4c7e-b167-1da450c46a18,,,,,,,,,,,,,,,,,,,,,,,,,,,,,,,,,,,,,,,,,,,,,,,,,,,,,,,,,,,,,,,,,,
training_event,training,dba80c84-68fd-45b2-ba28-10f10075b239,7a62e08f-ca6e-49cd-aca0-99a5238f7a44,2026-09-05T16:57:54.682000+00:00,mouse_move,,,,,445.0,229.21,,,,,,mouse_tracking,,,,,,,,,,,/app/training,dev_07816792-ddc2-4c7e-b167-1da450c46a18,,,,,,,,,,,,,,,,,,,,,,,,,,,,,,,,,,,,,,,,,,,,,,,,,,,,,,,,,,,,,,,,,,
training_event,training,dba80c84-68fd-45b2-ba28-10f10075b239,7a62e08f-ca6e-49cd-aca0-99a5238f7a44,2026-09-05T16:57:54.700000+00:00,mouse_move,,,,,465.0,221.21,,,,,,mouse_tracking,,,,,,,,,,,/app/training,dev_07816792-ddc2-4c7e-b167-1da450c46a18,,,,,,,,,,,,,,,,,,,,,,,,,,,,,,,,,,,,,,,,,,,,,,,,,,,,,,,,,,,,,,,,,,
training_event,training,dba80c84-68fd-45b2-ba28-10f10075b239,7a62e08f-ca6e-49cd-aca0-99a5238f7a44,2026-09-05T16:57:54.716000+00:00,mouse_move,,,,,485.0,215.21,,,,,,mouse_tracking,,,,,,,,,,,/app/training,dev_07816792-ddc2-4c7e-b167-1da450c46a18,,,,,,,,,,,,,,,,,,,,,,,,,,,,,,,,,,,,,,,,,,,,,,,,,,,,,,,,,,,,,,,,,,
training_event,training,dba80c84-68fd-45b2-ba28-10f10075b239,7a62e08f-ca6e-49cd-aca0-99a5238f7a44,2026-09-05T16:57:54.733000+00:00,mouse_move,,,,,495.0,213.21,,,,,,mouse_tracking,,,,,,,,,,,/app/training,dev_07816792-ddc2-4c7e-b167-1da450c46a18,,,,,,,,,,,,,,,,,,,,,,,,,,,,,,,,,,,,,,,,,,,,,,,,,,,,,,,,,,,,,,,,,,
training_event,training,dba80c84-68fd-45b2-ba28-10f10075b239,7a62e08f-ca6e-49cd-aca0-99a5238f7a44,2026-09-05T16:57:54.749000+00:00,mouse_move,,,,,503.0,209.21,,,,,,mouse_tracking,,,,,,,,,,,/app/training,dev_07816792-ddc2-4c7e-b167-1da450c46a18,,,,,,,,,,,,,,,,,,,,,,,,,,,,,,,,,,,,,,,,,,,,,,,,,,,,,,,,,,,,,,,,,,
training_event,training,dba80c84-68fd-45b2-ba28-10f10075b239,7a62e08f-ca6e-49cd-aca0-99a5238f7a44,2026-09-05T16:57:54.766000+00:00,mouse_move,,,,,506.0,208.21,,,,,,mouse_tracking,,,,,,,,,,,/app/training,dev_07816792-ddc2-4c7e-b167-1da450c46a18,,,,,,,,,,,,,,,,,,,,,,,,,,,,,,,,,,,,,,,,,,,,,,,,,,,,,,,,,,,,,,,,,,
training_event,training,dba80c84-68fd-45b2-ba28-10f10075b239,7a62e08f-ca6e-49cd-aca0-99a5238f7a44,2026-09-05T16:57:54.783000+00:00,mouse_move,,,,,507.0,208.21,,,,,,mouse_tracking,,,,,,,,,,,/app/training,dev_07816792-ddc2-4c7e-b167-1da450c46a18,,,,,,,,,,,,,,,,,,,,,,,,,,,,,,,,,,,,,,,,,,,,,,,,,,,,,,,,,,,,,,,,,,
training_event,training,dba80c84-68fd-45b2-ba28-10f10075b239,7a62e08f-ca6e-49cd-aca0-99a5238f7a44,2026-09-05T16:57:54.966000+00:00,mouse_move,,,,,507.0,207.21,,,,,,mouse_tracking,,,,,,,,,,,/app/training,dev_07816792-ddc2-4c7e-b167-1da450c46a18,,,,,,,,,,,,,,,,,,,,,,,,,,,,,,,,,,,,,,,,,,,,,,,,,,,,,,,,,,,,,,,,,,
training_event,training,dba80c84-68fd-45b2-ba28-10f10075b239,7a62e08f-ca6e-49cd-aca0-99a5238f7a44,2026-09-05T16:57:55.883000+00:00,mouse_move,,,,,499.0,215.21,,,,,,mouse_tracking,,,,,,,,,,,/app/training,dev_07816792-ddc2-4c7e-b167-1da450c46a18,,,,,,,,,,,,,,,,,,,,,,,,,,,,,,,,,,,,,,,,,,,,,,,,,,,,,,,,,,,,,,,,,,
training_event,training,dba80c84-68fd-45b2-ba28-10f10075b239,7a62e08f-ca6e-49cd-aca0-99a5238f7a44,2026-09-05T16:57:55.899000+00:00,mouse_move,,,,,479.0,235.21,,,,,,mouse_tracking,,,,,,,,,,,/app/training,dev_07816792-ddc2-4c7e-b167-1da450c46a18,,,,,,,,,,,,,,,,,,,,,,,,,,,,,,,,,,,,,,,,,,,,,,,,,,,,,,,,,,,,,,,,,,
training_event,training,dba80c84-68fd-45b2-ba28-10f10075b239,7a62e08f-ca6e-49cd-aca0-99a5238f7a44,2026-09-05T16:57:55.917000+00:00,mouse_move,,,,,471.0,243.21,,,,,,mouse_tracking,,,,,,,,,,,/app/training,dev_07816792-ddc2-4c7e-b167-1da450c46a18,,,,,,,,,,,,,,,,,,,,,,,,,,,,,,,,,,,,,,,,,,,,,,,,,,,,,,,,,,,,,,,,,,
training_event,training,dba80c84-68fd-45b2-ba28-10f10075b239,7a62e08f-ca6e-49cd-aca0-99a5238f7a44,2026-09-05T16:57:55.932000+00:00,mouse_move,,,,,462.0,255.21,,,,,,mouse_tracking,,,,,,,,,,,/app/training,dev_07816792-ddc2-4c7e-b167-1da450c46a18,,,,,,,,,,,,,,,,,,,,,,,,,,,,,,,,,,,,,,,,,,,,,,,,,,,,,,,,,,,,,,,,,,
training_event,training,dba80c84-68fd-45b2-ba28-10f10075b239,7a62e08f-ca6e-49cd-aca0-99a5238f7a44,2026-09-05T16:57:55.949000+00:00,mouse_move,,,,,455.0,265.21,,,,,,mouse_tracking,,,,,,,,,,,/app/training,dev_07816792-ddc2-4c7e-b167-1da450c46a18,,,,,,,,,,,,,,,,,,,,,,,,,,,,,,,,,,,,,,,,,,,,,,,,,,,,,,,,,,,,,,,,,,
training_event,training,dba80c84-68fd-45b2-ba28-10f10075b239,7a62e08f-ca6e-49cd-aca0-99a5238f7a44,2026-09-05T16:57:55.966000+00:00,mouse_move,,,,,451.0,269.21,,,,,,mouse_tracking,,,,,,,,,,,/app/training,dev_07816792-ddc2-4c7e-b167-1da450c46a18,,,,,,,,,,,,,,,,,,,,,,,,,,,,,,,,,,,,,,,,,,,,,,,,,,,,,,,,,,,,,,,,,,
training_event,training,dba80c84-68fd-45b2-ba28-10f10075b239,7a62e08f-ca6e-49cd-aca0-99a5238f7a44,2026-09-05T16:57:55.983000+00:00,mouse_move,,,,,447.0,274.21,,,,,,mouse_tracking,,,,,,,,,,,/app/training,dev_07816792-ddc2-4c7e-b167-1da450c46a18,,,,,,,,,,,,,,,,,,,,,,,,,,,,,,,,,,,,,,,,,,,,,,,,,,,,,,,,,,,,,,,,,,
training_event,training,dba80c84-68fd-45b2-ba28-10f10075b239,7a62e08f-ca6e-49cd-aca0-99a5238f7a44,2026-09-05T16:57:56+00:00,mouse_move,,,,,444.0,277.21,,,,,,mouse_tracking,,,,,,,,,,,/app/training,dev_07816792-ddc2-4c7e-b167-1da450c46a18,,,,,,,,,,,,,,,,,,,,,,,,,,,,,,,,,,,,,,,,,,,,,,,,,,,,,,,,,,,,,,,,,,
training_event,training,dba80c84-68fd-45b2-ba28-10f10075b239,7a62e08f-ca6e-49cd-aca0-99a5238f7a44,2026-09-05T16:57:56.015000+00:00,mouse_move,,,,,442.0,281.21,,,,,,mouse_tracking,,,,,,,,,,,/app/training,dev_07816792-ddc2-4c7e-b167-1da450c46a18,,,,,,,,,,,,,,,,,,,,,,,,,,,,,,,,,,,,,,,,,,,,,,,,,,,,,,,,,,,,,,,,,,
training_event,training,dba80c84-68fd-45b2-ba28-10f10075b239,7a62e08f-ca6e-49cd-aca0-99a5238f7a44,2026-09-05T16:57:56.032000+00:00,mouse_move,,,,,439.0,284.21,,,,,,mouse_tracking,,,,,,,,,,,/app/training,dev_07816792-ddc2-4c7e-b167-1da450c46a18,,,,,,,,,,,,,,,,,,,,,,,,,,,,,,,,,,,,,,,,,,,,,,,,,,,,,,,,,,,,,,,,,,
training_event,training,dba80c84-68fd-45b2-ba28-10f10075b239,7a62e08f-ca6e-49cd-aca0-99a5238f7a44,2026-09-05T16:57:56.049000+00:00,mouse_move,,,,,437.0,287.21,,,,,,mouse_tracking,,,,,,,,,,,/app/training,dev_07816792-ddc2-4c7e-b167-1da450c46a18,,,,,,,,,,,,,,,,,,,,,,,,,,,,,,,,,,,,,,,,,,,,,,,,,,,,,,,,,,,,,,,,,,
training_event,training,dba80c84-68fd-45b2-ba28-10f10075b239,7a62e08f-ca6e-49cd-aca0-99a5238f7a44,2026-09-05T16:57:56.066000+00:00,mouse_move,,,,,435.0,291.21,,,,,,mouse_tracking,,,,,,,,,,,/app/training,dev_07816792-ddc2-4c7e-b167-1da450c46a18,,,,,,,,,,,,,,,,,,,,,,,,,,,,,,,,,,,,,,,,,,,,,,,,,,,,,,,,,,,,,,,,,,
training_event,training,dba80c84-68fd-45b2-ba28-10f10075b239,7a62e08f-ca6e-49cd-aca0-99a5238f7a44,2026-09-05T16:57:56.082000+00:00,mouse_move,,,,,433.0,291.21,,,,,,mouse_tracking,,,,,,,,,,,/app/training,dev_07816792-ddc2-4c7e-b167-1da450c46a18,,,,,,,,,,,,,,,,,,,,,,,,,,,,,,,,,,,,,,,,,,,,,,,,,,,,,,,,,,,,,,,,,,
training_event,training,dba80c84-68fd-45b2-ba28-10f10075b239,7a62e08f-ca6e-49cd-aca0-99a5238f7a44,2026-09-05T16:57:56.100000+00:00,mouse_move,,,,,433.0,293.21,,,,,,mouse_tracking,,,,,,,,,,,/app/training,dev_07816792-ddc2-4c7e-b167-1da450c46a18,,,,,,,,,,,,,,,,,,,,,,,,,,,,,,,,,,,,,,,,,,,,,,,,,,,,,,,,,,,,,,,,,,
training_event,training,dba80c84-68fd-45b2-ba28-10f10075b239,7a62e08f-ca6e-49cd-aca0-99a5238f7a44,2026-09-05T16:57:56.116000+00:00,mouse_move,,,,,431.0,295.21,,,,,,mouse_tracking,,,,,,,,,,,/app/training,dev_07816792-ddc2-4c7e-b167-1da450c46a18,,,,,,,,,,,,,,,,,,,,,,,,,,,,,,,,,,,,,,,,,,,,,,,,,,,,,,,,,,,,,,,,,,
training_event,training,dba80c84-68fd-45b2-ba28-10f10075b239,7a62e08f-ca6e-49cd-aca0-99a5238f7a44,2026-09-05T16:57:56.166000+00:00,mouse_move,,,,,430.0,297.21,,,,,,mouse_tracking,,,,,,,,,,,/app/training,dev_07816792-ddc2-4c7e-b167-1da450c46a18,,,,,,,,,,,,,,,,,,,,,,,,,,,,,,,,,,,,,,,,,,,,,,,,,,,,,,,,,,,,,,,,,,
training_event,training,dba80c84-68fd-45b2-ba28-10f10075b239,7a62e08f-ca6e-49cd-aca0-99a5238f7a44,2026-09-05T16:57:56.199000+00:00,mouse_move,,,,,429.0,298.21,,,,,,mouse_tracking,,,,,,,,,,,/app/training,dev_07816792-ddc2-4c7e-b167-1da450c46a18,,,,,,,,,,,,,,,,,,,,,,,,,,,,,,,,,,,,,,,,,,,,,,,,,,,,,,,,,,,,,,,,,,
training_event,training,dba80c84-68fd-45b2-ba28-10f10075b239,7a62e08f-ca6e-49cd-aca0-99a5238f7a44,2026-09-05T16:57:56.216000+00:00,mouse_move,,,,,429.0,299.21,,,,,,mouse_tracking,,,,,,,,,,,/app/training,dev_07816792-ddc2-4c7e-b167-1da450c46a18,,,,,,,,,,,,,,,,,,,,,,,,,,,,,,,,,,,,,,,,,,,,,,,,,,,,,,,,,,,,,,,,,,
training_event,training,dba80c84-68fd-45b2-ba28-10f10075b239,7a62e08f-ca6e-49cd-aca0-99a5238f7a44,2026-09-05T16:57:56.249000+00:00,mouse_move,,,,,428.0,300.21,,,,,,mouse_tracking,,,,,,,,,,,/app/training,dev_07816792-ddc2-4c7e-b167-1da450c46a18,,,,,,,,,,,,,,,,,,,,,,,,,,,,,,,,,,,,,,,,,,,,,,,,,,,,,,,,,,,,,,,,,,
training_event,training,dba80c84-68fd-45b2-ba28-10f10075b239,7a62e08f-ca6e-49cd-aca0-99a5238f7a44,2026-09-05T16:57:56.266000+00:00,mouse_move,,,,,428.0,301.21,,,,,,mouse_tracking,,,,,,,,,,,/app/training,dev_07816792-ddc2-4c7e-b167-1da450c46a18,,,,,,,,,,,,,,,,,,,,,,,,,,,,,,,,,,,,,,,,,,,,,,,,,,,,,,,,,,,,,,,,,,
training_event,training,dba80c84-68fd-45b2-ba28-10f10075b239,7a62e08f-ca6e-49cd-aca0-99a5238f7a44,2026-09-05T16:57:56.350000+00:00,mouse_move,,,,,429.0,301.21,,,,,,mouse_tracking,,,,,,,,,,,/app/training,dev_07816792-ddc2-4c7e-b167-1da450c46a18,,,,,,,,,,,,,,,,,,,,,,,,,,,,,,,,,,,,,,,,,,,,,,,,,,,,,,,,,,,,,,,,,,
training_event,training,dba80c84-68fd-45b2-ba28-10f10075b239,7a62e08f-ca6e-49cd-aca0-99a5238f7a44,2026-09-05T16:57:56.400000+00:00,mouse_move,,,,,431.0,301.21,,,,,,mouse_tracking,,,,,,,,,,,/app/training,dev_07816792-ddc2-4c7e-b167-1da450c46a18,,,,,,,,,,,,,,,,,,,,,,,,,,,,,,,,,,,,,,,,,,,,,,,,,,,,,,,,,,,,,,,,,,
training_event,training,dba80c84-68fd-45b2-ba28-10f10075b239,7a62e08f-ca6e-49cd-aca0-99a5238f7a44,2026-09-05T16:57:56.416000+00:00,mouse_move,,,,,432.0,301.21,,,,,,mouse_tracking,,,,,,,,,,,/app/training,dev_07816792-ddc2-4c7e-b167-1da450c46a18,,,,,,,,,,,,,,,,,,,,,,,,,,,,,,,,,,,,,,,,,,,,,,,,,,,,,,,,,,,,,,,,,,
training_event,training,dba80c84-68fd-45b2-ba28-10f10075b239,7a62e08f-ca6e-49cd-aca0-99a5238f7a44,2026-09-05T16:57:56.433000+00:00,mouse_move,,,,,433.0,302.21,,,,,,mouse_tracking,,,,,,,,,,,/app/training,dev_07816792-ddc2-4c7e-b167-1da450c46a18,,,,,,,,,,,,,,,,,,,,,,,,,,,,,,,,,,,,,,,,,,,,,,,,,,,,,,,,,,,,,,,,,,
training_event,training,dba80c84-68fd-45b2-ba28-10f10075b239,7a62e08f-ca6e-49cd-aca0-99a5238f7a44,2026-09-05T16:57:56.466000+00:00,mouse_move,,,,,435.0,302.21,,,,,,mouse_tracking,,,,,,,,,,,/app/training,dev_07816792-ddc2-4c7e-b167-1da450c46a18,,,,,,,,,,,,,,,,,,,,,,,,,,,,,,,,,,,,,,,,,,,,,,,,,,,,,,,,,,,,,,,,,,
training_event,training,dba80c84-68fd-45b2-ba28-10f10075b239,7a62e08f-ca6e-49cd-aca0-99a5238f7a44,2026-09-05T16:57:56.483000+00:00,mouse_move,,,,,435.0,303.21,,,,,,mouse_tracking,,,,,,,,,,,/app/training,dev_07816792-ddc2-4c7e-b167-1da450c46a18,,,,,,,,,,,,,,,,,,,,,,,,,,,,,,,,,,,,,,,,,,,,,,,,,,,,,,,,,,,,,,,,,,
training_event,training,dba80c84-68fd-45b2-ba28-10f10075b239,7a62e08f-ca6e-49cd-aca0-99a5238f7a44,2026-09-05T16:57:56.499000+00:00,mouse_move,,,,,436.0,303.21,,,,,,mouse_tracking,,,,,,,,,,,/app/training,dev_07816792-ddc2-4c7e-b167-1da450c46a18,,,,,,,,,,,,,,,,,,,,,,,,,,,,,,,,,,,,,,,,,,,,,,,,,,,,,,,,,,,,,,,,,,
training_event,training,dba80c84-68fd-45b2-ba28-10f10075b239,7a62e08f-ca6e-49cd-aca0-99a5238f7a44,2026-09-05T16:57:56.516000+00:00,mouse_move,,,,,437.0,303.21,,,,,,mouse_tracking,,,,,,,,,,,/app/training,dev_07816792-ddc2-4c7e-b167-1da450c46a18,,,,,,,,,,,,,,,,,,,,,,,,,,,,,,,,,,,,,,,,,,,,,,,,,,,,,,,,,,,,,,,,,,
training_event,training,dba80c84-68fd-45b2-ba28-10f10075b239,7a62e08f-ca6e-49cd-aca0-99a5238f7a44,2026-09-05T16:57:56.532000+00:00,mouse_move,,,,,437.0,304.21,,,,,,mouse_tracking,,,,,,,,,,,/app/training,dev_07816792-ddc2-4c7e-b167-1da450c46a18,,,,,,,,,,,,,,,,,,,,,,,,,,,,,,,,,,,,,,,,,,,,,,,,,,,,,,,,,,,,,,,,,,
training_event,training,dba80c84-68fd-45b2-ba28-10f10075b239,7a62e08f-ca6e-49cd-aca0-99a5238f7a44,2026-09-05T16:57:56.566000+00:00,mouse_move,,,,,438.0,304.21,,,,,,mouse_tracking,,,,,,,,,,,/app/training,dev_07816792-ddc2-4c7e-b167-1da450c46a18,,,,,,,,,,,,,,,,,,,,,,,,,,,,,,,,,,,,,,,,,,,,,,,,,,,,,,,,,,,,,,,,,,
training_event,training,dba80c84-68fd-45b2-ba28-10f10075b239,7a62e08f-ca6e-49cd-aca0-99a5238f7a44,2026-09-05T16:57:56.582000+00:00,mouse_move,,,,,439.0,304.21,,,,,,mouse_tracking,,,,,,,,,,,/app/training,dev_07816792-ddc2-4c7e-b167-1da450c46a18,,,,,,,,,,,,,,,,,,,,,,,,,,,,,,,,,,,,,,,,,,,,,,,,,,,,,,,,,,,,,,,,,,
training_event,training,dba80c84-68fd-45b2-ba28-10f10075b239,7a62e08f-ca6e-49cd-aca0-99a5238f7a44,2026-09-05T16:57:56.616000+00:00,mouse_move,,,,,441.0,304.21,,,,,,mouse_tracking,,,,,,,,,,,/app/training,dev_07816792-ddc2-4c7e-b167-1da450c46a18,,,,,,,,,,,,,,,,,,,,,,,,,,,,,,,,,,,,,,,,,,,,,,,,,,,,,,,,,,,,,,,,,,
training_event,training,dba80c84-68fd-45b2-ba28-10f10075b239,7a62e08f-ca6e-49cd-aca0-99a5238f7a44,2026-09-05T16:57:56.631000+00:00,mouse_move,,,,,443.0,304.21,,,,,,mouse_tracking,,,,,,,,,,,/app/training,dev_07816792-ddc2-4c7e-b167-1da450c46a18,,,,,,,,,,,,,,,,,,,,,,,,,,,,,,,,,,,,,,,,,,,,,,,,,,,,,,,,,,,,,,,,,,
training_event,training,dba80c84-68fd-45b2-ba28-10f10075b239,7a62e08f-ca6e-49cd-aca0-99a5238f7a44,2026-09-05T16:57:56.649000+00:00,mouse_move,,,,,445.0,304.21,,,,,,mouse_tracking,,,,,,,,,,,/app/training,dev_07816792-ddc2-4c7e-b167-1da450c46a18,,,,,,,,,,,,,,,,,,,,,,,,,,,,,,,,,,,,,,,,,,,,,,,,,,,,,,,,,,,,,,,,,,
training_event,training,dba80c84-68fd-45b2-ba28-10f10075b239,7a62e08f-ca6e-49cd-aca0-99a5238f7a44,2026-09-05T16:57:57.466000+00:00,mouse_move,,,,,430.0,309.21,,,,,,mouse_tracking,,,,,,,,,,,/app/training,dev_07816792-ddc2-4c7e-b167-1da450c46a18,,,,,,,,,,,,,,,,,,,,,,,,,,,,,,,,,,,,,,,,,,,,,,,,,,,,,,,,,,,,,,,,,,
training_event,training,dba80c84-68fd-45b2-ba28-10f10075b239,7a62e08f-ca6e-49cd-aca0-99a5238f7a44,2026-09-05T16:57:57.482000+00:00,mouse_move,,,,,401.0,317.21,,,,,,mouse_tracking,,,,,,,,,,,/app/training,dev_07816792-ddc2-4c7e-b167-1da450c46a18,,,,,,,,,,,,,,,,,,,,,,,,,,,,,,,,,,,,,,,,,,,,,,,,,,,,,,,,,,,,,,,,,,
training_event,training,dba80c84-68fd-45b2-ba28-10f10075b239,7a62e08f-ca6e-49cd-aca0-99a5238f7a44,2026-09-05T16:57:57.500000+00:00,mouse_move,,,,,391.0,321.21,,,,,,mouse_tracking,,,,,,,,,,,/app/training,dev_07816792-ddc2-4c7e-b167-1da450c46a18,,,,,,,,,,,,,,,,,,,,,,,,,,,,,,,,,,,,,,,,,,,,,,,,,,,,,,,,,,,,,,,,,,
training_event,training,dba80c84-68fd-45b2-ba28-10f10075b239,7a62e08f-ca6e-49cd-aca0-99a5238f7a44,2026-09-05T16:57:57.515000+00:00,mouse_move,,,,,379.0,325.21,,,,,,mouse_tracking,,,,,,,,,,,/app/training,dev_07816792-ddc2-4c7e-b167-1da450c46a18,,,,,,,,,,,,,,,,,,,,,,,,,,,,,,,,,,,,,,,,,,,,,,,,,,,,,,,,,,,,,,,,,,
training_event,training,dba80c84-68fd-45b2-ba28-10f10075b239,7a62e08f-ca6e-49cd-aca0-99a5238f7a44,2026-09-05T16:57:57.533000+00:00,mouse_move,,,,,372.0,327.21,,,,,,mouse_tracking,,,,,,,,,,,/app/training,dev_07816792-ddc2-4c7e-b167-1da450c46a18,,,,,,,,,,,,,,,,,,,,,,,,,,,,,,,,,,,,,,,,,,,,,,,,,,,,,,,,,,,,,,,,,,
training_event,training,dba80c84-68fd-45b2-ba28-10f10075b239,7a62e08f-ca6e-49cd-aca0-99a5238f7a44,2026-09-05T16:57:57.548000+00:00,mouse_move,,,,,369.0,329.21,,,,,,mouse_tracking,,,,,,,,,,,/app/training,dev_07816792-ddc2-4c7e-b167-1da450c46a18,,,,,,,,,,,,,,,,,,,,,,,,,,,,,,,,,,,,,,,,,,,,,,,,,,,,,,,,,,,,,,,,,,
training_event,training,dba80c84-68fd-45b2-ba28-10f10075b239,7a62e08f-ca6e-49cd-aca0-99a5238f7a44,2026-09-05T16:57:57.565000+00:00,mouse_move,,,,,364.0,330.21,,,,,,mouse_tracking,,,,,,,,,,,/app/training,dev_07816792-ddc2-4c7e-b167-1da450c46a18,,,,,,,,,,,,,,,,,,,,,,,,,,,,,,,,,,,,,,,,,,,,,,,,,,,,,,,,,,,,,,,,,,
training_event,training,dba80c84-68fd-45b2-ba28-10f10075b239,7a62e08f-ca6e-49cd-aca0-99a5238f7a44,2026-09-05T16:57:57.583000+00:00,mouse_move,,,,,361.0,331.21,,,,,,mouse_tracking,,,,,,,,,,,/app/training,dev_07816792-ddc2-4c7e-b167-1da450c46a18,,,,,,,,,,,,,,,,,,,,,,,,,,,,,,,,,,,,,,,,,,,,,,,,,,,,,,,,,,,,,,,,,,
training_event,training,dba80c84-68fd-45b2-ba28-10f10075b239,7a62e08f-ca6e-49cd-aca0-99a5238f7a44,2026-09-05T16:57:57.599000+00:00,mouse_move,,,,,359.0,331.21,,,,,,mouse_tracking,,,,,,,,,,,/app/training,dev_07816792-ddc2-4c7e-b167-1da450c46a18,,,,,,,,,,,,,,,,,,,,,,,,,,,,,,,,,,,,,,,,,,,,,,,,,,,,,,,,,,,,,,,,,,
training_event,training,dba80c84-68fd-45b2-ba28-10f10075b239,7a62e08f-ca6e-49cd-aca0-99a5238f7a44,2026-09-05T16:57:57.616000+00:00,mouse_move,,,,,357.0,331.21,,,,,,mouse_tracking,,,,,,,,,,,/app/training,dev_07816792-ddc2-4c7e-b167-1da450c46a18,,,,,,,,,,,,,,,,,,,,,,,,,,,,,,,,,,,,,,,,,,,,,,,,,,,,,,,,,,,,,,,,,,
training_event,training,dba80c84-68fd-45b2-ba28-10f10075b239,7a62e08f-ca6e-49cd-aca0-99a5238f7a44,2026-09-05T16:57:57.633000+00:00,mouse_move,,,,,357.0,332.21,,,,,,mouse_tracking,,,,,,,,,,,/app/training,dev_07816792-ddc2-4c7e-b167-1da450c46a18,,,,,,,,,,,,,,,,,,,,,,,,,,,,,,,,,,,,,,,,,,,,,,,,,,,,,,,,,,,,,,,,,,
training_event,training,dba80c84-68fd-45b2-ba28-10f10075b239,7a62e08f-ca6e-49cd-aca0-99a5238f7a44,2026-09-05T16:57:57.683000+00:00,mouse_move,,,,,356.0,332.21,,,,,,mouse_tracking,,,,,,,,,,,/app/training,dev_07816792-ddc2-4c7e-b167-1da450c46a18,,,,,,,,,,,,,,,,,,,,,,,,,,,,,,,,,,,,,,,,,,,,,,,,,,,,,,,,,,,,,,,,,,
training_event,training,dba80c84-68fd-45b2-ba28-10f10075b239,7a62e08f-ca6e-49cd-aca0-99a5238f7a44,2026-09-05T16:57:57.782000+00:00,mouse_move,,,,,356.0,333.21,,,,,,mouse_tracking,,,,,,,,,,,/app/training,dev_07816792-ddc2-4c7e-b167-1da450c46a18,,,,,,,,,,,,,,,,,,,,,,,,,,,,,,,,,,,,,,,,,,,,,,,,,,,,,,,,,,,,,,,,,,
training_event,training,dba80c84-68fd-45b2-ba28-10f10075b239,7a62e08f-ca6e-49cd-aca0-99a5238f7a44,2026-09-05T16:57:58.532000+00:00,mouse_move,,,,,343.0,329.21,,,,,,mouse_tracking,,,,,,,,,,,/app/training,dev_07816792-ddc2-4c7e-b167-1da450c46a18,,,,,,,,,,,,,,,,,,,,,,,,,,,,,,,,,,,,,,,,,,,,,,,,,,,,,,,,,,,,,,,,,,
training_event,training,dba80c84-68fd-45b2-ba28-10f10075b239,7a62e08f-ca6e-49cd-aca0-99a5238f7a44,2026-09-05T16:57:58.549000+00:00,mouse_move,,,,,333.0,328.21,,,,,,mouse_tracking,,,,,,,,,,,/app/training,dev_07816792-ddc2-4c7e-b167-1da450c46a18,,,,,,,,,,,,,,,,,,,,,,,,,,,,,,,,,,,,,,,,,,,,,,,,,,,,,,,,,,,,,,,,,,
training_event,training,dba80c84-68fd-45b2-ba28-10f10075b239,7a62e08f-ca6e-49cd-aca0-99a5238f7a44,2026-09-05T16:57:58.566000+00:00,mouse_move,,,,,317.0,323.21,,,,,,mouse_tracking,,,,,,,,,,,/app/training,dev_07816792-ddc2-4c7e-b167-1da450c46a18,,,,,,,,,,,,,,,,,,,,,,,,,,,,,,,,,,,,,,,,,,,,,,,,,,,,,,,,,,,,,,,,,,
training_event,training,dba80c84-68fd-45b2-ba28-10f10075b239,7a62e08f-ca6e-49cd-aca0-99a5238f7a44,2026-09-05T16:57:58.582000+00:00,mouse_move,,,,,313.0,321.21,,,,,,mouse_tracking,,,,,,,,,,,/app/training,dev_07816792-ddc2-4c7e-b167-1da450c46a18,,,,,,,,,,,,,,,,,,,,,,,,,,,,,,,,,,,,,,,,,,,,,,,,,,,,,,,,,,,,,,,,,,
training_event,training,dba80c84-68fd-45b2-ba28-10f10075b239,7a62e08f-ca6e-49cd-aca0-99a5238f7a44,2026-09-05T16:57:58.599000+00:00,mouse_move,,,,,310.0,320.21,,,,,,mouse_tracking,,,,,,,,,,,/app/training,dev_07816792-ddc2-4c7e-b167-1da450c46a18,,,,,,,,,,,,,,,,,,,,,,,,,,,,,,,,,,,,,,,,,,,,,,,,,,,,,,,,,,,,,,,,,,
training_event,training,dba80c84-68fd-45b2-ba28-10f10075b239,7a62e08f-ca6e-49cd-aca0-99a5238f7a44,2026-09-05T16:57:58.616000+00:00,mouse_move,,,,,309.0,320.21,,,,,,mouse_tracking,,,,,,,,,,,/app/training,dev_07816792-ddc2-4c7e-b167-1da450c46a18,,,,,,,,,,,,,,,,,,,,,,,,,,,,,,,,,,,,,,,,,,,,,,,,,,,,,,,,,,,,,,,,,,
training_event,training,dba80c84-68fd-45b2-ba28-10f10075b239,7a62e08f-ca6e-49cd-aca0-99a5238f7a44,2026-09-05T16:57:58.666000+00:00,mouse_move,,,,,308.0,320.21,,,,,,mouse_tracking,,,,,,,,,,,/app/training,dev_07816792-ddc2-4c7e-b167-1da450c46a18,,,,,,,,,,,,,,,,,,,,,,,,,,,,,,,,,,,,,,,,,,,,,,,,,,,,,,,,,,,,,,,,,,
training_event,training,dba80c84-68fd-45b2-ba28-10f10075b239,7a62e08f-ca6e-49cd-aca0-99a5238f7a44,2026-09-05T16:57:58.716000+00:00,mouse_move,,,,,307.0,320.21,,,,,,mouse_tracking,,,,,,,,,,,/app/training,dev_07816792-ddc2-4c7e-b167-1da450c46a18,,,,,,,,,,,,,,,,,,,,,,,,,,,,,,,,,,,,,,,,,,,,,,,,,,,,,,,,,,,,,,,,,,
training_event,training,dba80c84-68fd-45b2-ba28-10f10075b239,7a62e08f-ca6e-49cd-aca0-99a5238f7a44,2026-09-05T16:57:58.765000+00:00,mouse_move,,,,,306.0,320.21,,,,,,mouse_tracking,,,,,,,,,,,/app/training,dev_07816792-ddc2-4c7e-b167-1da450c46a18,,,,,,,,,,,,,,,,,,,,,,,,,,,,,,,,,,,,,,,,,,,,,,,,,,,,,,,,,,,,,,,,,,
training_event,training,dba80c84-68fd-45b2-ba28-10f10075b239,7a62e08f-ca6e-49cd-aca0-99a5238f7a44,2026-09-05T16:57:58.801000+00:00,mouse_move,,,,,303.0,320.21,,,,,,mouse_tracking,,,,,,,,,,,/app/training,dev_07816792-ddc2-4c7e-b167-1da450c46a18,,,,,,,,,,,,,,,,,,,,,,,,,,,,,,,,,,,,,,,,,,,,,,,,,,,,,,,,,,,,,,,,,,
training_event,training,dba80c84-68fd-45b2-ba28-10f10075b239,7a62e08f-ca6e-49cd-aca0-99a5238f7a44,2026-09-05T16:57:58.815000+00:00,mouse_move,,,,,299.0,319.21,,,,,,mouse_tracking,,,,,,,,,,,/app/training,dev_07816792-ddc2-4c7e-b167-1da450c46a18,,,,,,,,,,,,,,,,,,,,,,,,,,,,,,,,,,,,,,,,,,,,,,,,,,,,,,,,,,,,,,,,,,
training_event,training,dba80c84-68fd-45b2-ba28-10f10075b239,7a62e08f-ca6e-49cd-aca0-99a5238f7a44,2026-09-05T16:57:58.832000+00:00,mouse_move,,,,,283.0,314.21,,,,,,mouse_tracking,,,,,,,,,,,/app/training,dev_07816792-ddc2-4c7e-b167-1da450c46a18,,,,,,,,,,,,,,,,,,,,,,,,,,,,,,,,,,,,,,,,,,,,,,,,,,,,,,,,,,,,,,,,,,
training_event,training,dba80c84-68fd-45b2-ba28-10f10075b239,7a62e08f-ca6e-49cd-aca0-99a5238f7a44,2026-09-05T16:57:58.849000+00:00,mouse_move,,,,,280.0,313.21,,,,,,mouse_tracking,,,,,,,,,,,/app/training,dev_07816792-ddc2-4c7e-b167-1da450c46a18,,,,,,,,,,,,,,,,,,,,,,,,,,,,,,,,,,,,,,,,,,,,,,,,,,,,,,,,,,,,,,,,,,
training_event,training,dba80c84-68fd-45b2-ba28-10f10075b239,7a62e08f-ca6e-49cd-aca0-99a5238f7a44,2026-09-05T16:57:58.865000+00:00,mouse_move,,,,,277.0,312.21,,,,,,mouse_tracking,,,,,,,,,,,/app/training,dev_07816792-ddc2-4c7e-b167-1da450c46a18,,,,,,,,,,,,,,,,,,,,,,,,,,,,,,,,,,,,,,,,,,,,,,,,,,,,,,,,,,,,,,,,,,
training_event,training,dba80c84-68fd-45b2-ba28-10f10075b239,7a62e08f-ca6e-49cd-aca0-99a5238f7a44,2026-09-05T16:57:58.900000+00:00,mouse_move,,,,,276.0,311.21,,,,,,mouse_tracking,,,,,,,,,,,/app/training,dev_07816792-ddc2-4c7e-b167-1da450c46a18,,,,,,,,,,,,,,,,,,,,,,,,,,,,,,,,,,,,,,,,,,,,,,,,,,,,,,,,,,,,,,,,,,
training_event,training,dba80c84-68fd-45b2-ba28-10f10075b239,7a62e08f-ca6e-49cd-aca0-99a5238f7a44,2026-09-05T16:57:58.915000+00:00,mouse_move,,,,,275.0,311.21,,,,,,mouse_tracking,,,,,,,,,,,/app/training,dev_07816792-ddc2-4c7e-b167-1da450c46a18,,,,,,,,,,,,,,,,,,,,,,,,,,,,,,,,,,,,,,,,,,,,,,,,,,,,,,,,,,,,,,,,,,
training_event,training,dba80c84-68fd-45b2-ba28-10f10075b239,7a62e08f-ca6e-49cd-aca0-99a5238f7a44,2026-09-05T16:57:58.949000+00:00,mouse_move,,,,,274.0,309.21,,,,,,mouse_tracking,,,,,,,,,,,/app/training,dev_07816792-ddc2-4c7e-b167-1da450c46a18,,,,,,,,,,,,,,,,,,,,,,,,,,,,,,,,,,,,,,,,,,,,,,,,,,,,,,,,,,,,,,,,,,
training_event,training,dba80c84-68fd-45b2-ba28-10f10075b239,7a62e08f-ca6e-49cd-aca0-99a5238f7a44,2026-09-05T16:57:58.982000+00:00,mouse_move,,,,,273.0,309.21,,,,,,mouse_tracking,,,,,,,,,,,/app/training,dev_07816792-ddc2-4c7e-b167-1da450c46a18,,,,,,,,,,,,,,,,,,,,,,,,,,,,,,,,,,,,,,,,,,,,,,,,,,,,,,,,,,,,,,,,,,
training_event,training,dba80c84-68fd-45b2-ba28-10f10075b239,7a62e08f-ca6e-49cd-aca0-99a5238f7a44,2026-09-05T16:57:59.016000+00:00,mouse_move,,,,,273.0,308.21,,,,,,mouse_tracking,,,,,,,,,,,/app/training,dev_07816792-ddc2-4c7e-b167-1da450c46a18,,,,,,,,,,,,,,,,,,,,,,,,,,,,,,,,,,,,,,,,,,,,,,,,,,,,,,,,,,,,,,,,,,
training_event,training,dba80c84-68fd-45b2-ba28-10f10075b239,7a62e08f-ca6e-49cd-aca0-99a5238f7a44,2026-09-05T16:57:59.032000+00:00,mouse_move,,,,,273.0,307.21,,,,,,mouse_tracking,,,,,,,,,,,/app/training,dev_07816792-ddc2-4c7e-b167-1da450c46a18,,,,,,,,,,,,,,,,,,,,,,,,,,,,,,,,,,,,,,,,,,,,,,,,,,,,,,,,,,,,,,,,,,
training_event,training,dba80c84-68fd-45b2-ba28-10f10075b239,7a62e08f-ca6e-49cd-aca0-99a5238f7a44,2026-09-05T16:57:59.100000+00:00,mouse_move,,,,,272.0,305.21,,,,,,mouse_tracking,,,,,,,,,,,/app/training,dev_07816792-ddc2-4c7e-b167-1da450c46a18,,,,,,,,,,,,,,,,,,,,,,,,,,,,,,,,,,,,,,,,,,,,,,,,,,,,,,,,,,,,,,,,,,
training_event,training,dba80c84-68fd-45b2-ba28-10f10075b239,7a62e08f-ca6e-49cd-aca0-99a5238f7a44,2026-09-05T16:57:59.749000+00:00,mouse_move,,,,,267.0,291.21,,,,,,mouse_tracking,,,,,,,,,,,/app/training,dev_07816792-ddc2-4c7e-b167-1da450c46a18,,,,,,,,,,,,,,,,,,,,,,,,,,,,,,,,,,,,,,,,,,,,,,,,,,,,,,,,,,,,,,,,,,
training_event,training,dba80c84-68fd-45b2-ba28-10f10075b239,7a62e08f-ca6e-49cd-aca0-99a5238f7a44,2026-09-05T16:57:59.765000+00:00,mouse_move,,,,,261.0,281.21,,,,,,mouse_tracking,,,,,,,,,,,/app/training,dev_07816792-ddc2-4c7e-b167-1da450c46a18,,,,,,,,,,,,,,,,,,,,,,,,,,,,,,,,,,,,,,,,,,,,,,,,,,,,,,,,,,,,,,,,,,
training_event,training,dba80c84-68fd-45b2-ba28-10f10075b239,7a62e08f-ca6e-49cd-aca0-99a5238f7a44,2026-09-05T16:57:59.782000+00:00,mouse_move,,,,,257.0,273.21,,,,,,mouse_tracking,,,,,,,,,,,/app/training,dev_07816792-ddc2-4c7e-b167-1da450c46a18,,,,,,,,,,,,,,,,,,,,,,,,,,,,,,,,,,,,,,,,,,,,,,,,,,,,,,,,,,,,,,,,,,
training_event,training,dba80c84-68fd-45b2-ba28-10f10075b239,7a62e08f-ca6e-49cd-aca0-99a5238f7a44,2026-09-05T16:57:59.799000+00:00,mouse_move,,,,,253.0,271.21,,,,,,mouse_tracking,,,,,,,,,,,/app/training,dev_07816792-ddc2-4c7e-b167-1da450c46a18,,,,,,,,,,,,,,,,,,,,,,,,,,,,,,,,,,,,,,,,,,,,,,,,,,,,,,,,,,,,,,,,,,
training_event,training,dba80c84-68fd-45b2-ba28-10f10075b239,7a62e08f-ca6e-49cd-aca0-99a5238f7a44,2026-09-05T16:57:59.816000+00:00,mouse_move,,,,,251.0,267.21,,,,,,mouse_tracking,,,,,,,,,,,/app/training,dev_07816792-ddc2-4c7e-b167-1da450c46a18,,,,,,,,,,,,,,,,,,,,,,,,,,,,,,,,,,,,,,,,,,,,,,,,,,,,,,,,,,,,,,,,,,
training_event,training,dba80c84-68fd-45b2-ba28-10f10075b239,7a62e08f-ca6e-49cd-aca0-99a5238f7a44,2026-09-05T16:57:59.832000+00:00,mouse_move,,,,,239.0,253.21,,,,,,mouse_tracking,,,,,,,,,,,/app/training,dev_07816792-ddc2-4c7e-b167-1da450c46a18,,,,,,,,,,,,,,,,,,,,,,,,,,,,,,,,,,,,,,,,,,,,,,,,,,,,,,,,,,,,,,,,,,
training_event,training,dba80c84-68fd-45b2-ba28-10f10075b239,7a62e08f-ca6e-49cd-aca0-99a5238f7a44,2026-09-05T16:57:59.850000+00:00,mouse_move,,,,,235.0,244.21,,,,,,mouse_tracking,,,,,,,,,,,/app/training,dev_07816792-ddc2-4c7e-b167-1da450c46a18,,,,,,,,,,,,,,,,,,,,,,,,,,,,,,,,,,,,,,,,,,,,,,,,,,,,,,,,,,,,,,,,,,
training_event,training,dba80c84-68fd-45b2-ba28-10f10075b239,7a62e08f-ca6e-49cd-aca0-99a5238f7a44,2026-09-05T16:57:59.865000+00:00,mouse_move,,,,,230.0,235.21,,,,,,mouse_tracking,,,,,,,,,,,/app/training,dev_07816792-ddc2-4c7e-b167-1da450c46a18,,,,,,,,,,,,,,,,,,,,,,,,,,,,,,,,,,,,,,,,,,,,,,,,,,,,,,,,,,,,,,,,,,
training_event,training,dba80c84-68fd-45b2-ba28-10f10075b239,7a62e08f-ca6e-49cd-aca0-99a5238f7a44,2026-09-05T16:57:59.882000+00:00,mouse_move,,,,,224.0,223.21,,,,,,mouse_tracking,,,,,,,,,,,/app/training,dev_07816792-ddc2-4c7e-b167-1da450c46a18,,,,,,,,,,,,,,,,,,,,,,,,,,,,,,,,,,,,,,,,,,,,,,,,,,,,,,,,,,,,,,,,,,
training_event,training,dba80c84-68fd-45b2-ba28-10f10075b239,7a62e08f-ca6e-49cd-aca0-99a5238f7a44,2026-09-05T16:57:59.899000+00:00,mouse_move,,,,,223.0,219.21,,,,,,mouse_tracking,,,,,,,,,,,/app/training,dev_07816792-ddc2-4c7e-b167-1da450c46a18,,,,,,,,,,,,,,,,,,,,,,,,,,,,,,,,,,,,,,,,,,,,,,,,,,,,,,,,,,,,,,,,,,
training_event,training,dba80c84-68fd-45b2-ba28-10f10075b239,7a62e08f-ca6e-49cd-aca0-99a5238f7a44,2026-09-05T16:57:59.915000+00:00,mouse_move,,,,,223.0,216.21,,,,,,mouse_tracking,,,,,,,,,,,/app/training,dev_07816792-ddc2-4c7e-b167-1da450c46a18,,,,,,,,,,,,,,,,,,,,,,,,,,,,,,,,,,,,,,,,,,,,,,,,,,,,,,,,,,,,,,,,,,
training_event,training,dba80c84-68fd-45b2-ba28-10f10075b239,7a62e08f-ca6e-49cd-aca0-99a5238f7a44,2026-09-05T16:57:59.932000+00:00,mouse_move,,,,,223.0,212.21,,,,,,mouse_tracking,,,,,,,,,,,/app/training,dev_07816792-ddc2-4c7e-b167-1da450c46a18,,,,,,,,,,,,,,,,,,,,,,,,,,,,,,,,,,,,,,,,,,,,,,,,,,,,,,,,,,,,,,,,,,
training_event,training,dba80c84-68fd-45b2-ba28-10f10075b239,7a62e08f-ca6e-49cd-aca0-99a5238f7a44,2026-09-05T16:57:59.949000+00:00,mouse_move,,,,,223.0,211.21,,,,,,mouse_tracking,,,,,,,,,,,/app/training,dev_07816792-ddc2-4c7e-b167-1da450c46a18,,,,,,,,,,,,,,,,,,,,,,,,,,,,,,,,,,,,,,,,,,,,,,,,,,,,,,,,,,,,,,,,,,
training_event,training,dba80c84-68fd-45b2-ba28-10f10075b239,7a62e08f-ca6e-49cd-aca0-99a5238f7a44,2026-09-05T16:57:59.966000+00:00,mouse_move,,,,,223.0,210.21,,,,,,mouse_tracking,,,,,,,,,,,/app/training,dev_07816792-ddc2-4c7e-b167-1da450c46a18,,,,,,,,,,,,,,,,,,,,,,,,,,,,,,,,,,,,,,,,,,,,,,,,,,,,,,,,,,,,,,,,,,
training_event,training,dba80c84-68fd-45b2-ba28-10f10075b239,7a62e08f-ca6e-49cd-aca0-99a5238f7a44,2026-09-05T16:57:59.983000+00:00,mouse_move,,,,,223.0,209.21,,,,,,mouse_tracking,,,,,,,,,,,/app/training,dev_07816792-ddc2-4c7e-b167-1da450c46a18,,,,,,,,,,,,,,,,,,,,,,,,,,,,,,,,,,,,,,,,,,,,,,,,,,,,,,,,,,,,,,,,,,
training_event,training,dba80c84-68fd-45b2-ba28-10f10075b239,7a62e08f-ca6e-49cd-aca0-99a5238f7a44,2026-09-05T16:58:00.018000+00:00,mouse_move,,,,,223.0,208.21,,,,,,mouse_tracking,,,,,,,,,,,/app/training,dev_07816792-ddc2-4c7e-b167-1da450c46a18,,,,,,,,,,,,,,,,,,,,,,,,,,,,,,,,,,,,,,,,,,,,,,,,,,,,,,,,,,,,,,,,,,
training_event,training,dba80c84-68fd-45b2-ba28-10f10075b239,7a62e08f-ca6e-49cd-aca0-99a5238f7a44,2026-09-05T16:58:00.052000+00:00,mouse_move,,,,,223.0,207.21,,,,,,mouse_tracking,,,,,,,,,,,/app/training,dev_07816792-ddc2-4c7e-b167-1da450c46a18,,,,,,,,,,,,,,,,,,,,,,,,,,,,,,,,,,,,,,,,,,,,,,,,,,,,,,,,,,,,,,,,,,
training_event,training,dba80c84-68fd-45b2-ba28-10f10075b239,7a62e08f-ca6e-49cd-aca0-99a5238f7a44,2026-09-05T16:58:00.749000+00:00,mouse_move,,,,,231.0,199.21,,,,,,mouse_tracking,,,,,,,,,,,/app/training,dev_07816792-ddc2-4c7e-b167-1da450c46a18,,,,,,,,,,,,,,,,,,,,,,,,,,,,,,,,,,,,,,,,,,,,,,,,,,,,,,,,,,,,,,,,,,
training_event,training,dba80c84-68fd-45b2-ba28-10f10075b239,7a62e08f-ca6e-49cd-aca0-99a5238f7a44,2026-09-05T16:58:00.766000+00:00,mouse_move,,,,,255.0,175.21,,,,,,mouse_tracking,,,,,,,,,,,/app/training,dev_07816792-ddc2-4c7e-b167-1da450c46a18,,,,,,,,,,,,,,,,,,,,,,,,,,,,,,,,,,,,,,,,,,,,,,,,,,,,,,,,,,,,,,,,,,
training_event,training,dba80c84-68fd-45b2-ba28-10f10075b239,7a62e08f-ca6e-49cd-aca0-99a5238f7a44,2026-09-05T16:58:00.782000+00:00,mouse_move,,,,,280.0,141.21,,,,,,mouse_tracking,,,,,,,,,,,/app/training,dev_07816792-ddc2-4c7e-b167-1da450c46a18,,,,,,,,,,,,,,,,,,,,,,,,,,,,,,,,,,,,,,,,,,,,,,,,,,,,,,,,,,,,,,,,,,
training_event,training,dba80c84-68fd-45b2-ba28-10f10075b239,7a62e08f-ca6e-49cd-aca0-99a5238f7a44,2026-09-05T16:58:00.798000+00:00,mouse_move,,,,,288.0,128.21,,,,,,mouse_tracking,,,,,,,,,,,/app/training,dev_07816792-ddc2-4c7e-b167-1da450c46a18,,,,,,,,,,,,,,,,,,,,,,,,,,,,,,,,,,,,,,,,,,,,,,,,,,,,,,,,,,,,,,,,,,
training_event,training,dba80c84-68fd-45b2-ba28-10f10075b239,7a62e08f-ca6e-49cd-aca0-99a5238f7a44,2026-09-05T16:58:00.815000+00:00,mouse_move,,,,,294.0,121.21,,,,,,mouse_tracking,,,,,,,,,,,/app/training,dev_07816792-ddc2-4c7e-b167-1da450c46a18,,,,,,,,,,,,,,,,,,,,,,,,,,,,,,,,,,,,,,,,,,,,,,,,,,,,,,,,,,,,,,,,,,
training_event,training,dba80c84-68fd-45b2-ba28-10f10075b239,7a62e08f-ca6e-49cd-aca0-99a5238f7a44,2026-09-05T16:58:00.832000+00:00,mouse_move,,,,,294.0,117.21,,,,,,mouse_tracking,,,,,,,,,,,/app/training,dev_07816792-ddc2-4c7e-b167-1da450c46a18,,,,,,,,,,,,,,,,,,,,,,,,,,,,,,,,,,,,,,,,,,,,,,,,,,,,,,,,,,,,,,,,,,
training_event,training,dba80c84-68fd-45b2-ba28-10f10075b239,7a62e08f-ca6e-49cd-aca0-99a5238f7a44,2026-09-05T16:58:00.882000+00:00,mouse_move,,,,,294.0,116.21,,,,,,mouse_tracking,,,,,,,,,,,/app/training,dev_07816792-ddc2-4c7e-b167-1da450c46a18,,,,,,,,,,,,,,,,,,,,,,,,,,,,,,,,,,,,,,,,,,,,,,,,,,,,,,,,,,,,,,,,,,
training_event,training,dba80c84-68fd-45b2-ba28-10f10075b239,7a62e08f-ca6e-49cd-aca0-99a5238f7a44,2026-09-05T16:58:00.899000+00:00,mouse_move,,,,,293.0,116.21,,,,,,mouse_tracking,,,,,,,,,,,/app/training,dev_07816792-ddc2-4c7e-b167-1da450c46a18,,,,,,,,,,,,,,,,,,,,,,,,,,,,,,,,,,,,,,,,,,,,,,,,,,,,,,,,,,,,,,,,,,
training_event,training,dba80c84-68fd-45b2-ba28-10f10075b239,7a62e08f-ca6e-49cd-aca0-99a5238f7a44,2026-09-05T16:58:00.914000+00:00,mouse_move,,,,,290.0,115.21,,,,,,mouse_tracking,,,,,,,,,,,/app/training,dev_07816792-ddc2-4c7e-b167-1da450c46a18,,,,,,,,,,,,,,,,,,,,,,,,,,,,,,,,,,,,,,,,,,,,,,,,,,,,,,,,,,,,,,,,,,
training_event,training,dba80c84-68fd-45b2-ba28-10f10075b239,7a62e08f-ca6e-49cd-aca0-99a5238f7a44,2026-09-05T16:58:00.932000+00:00,mouse_move,,,,,263.0,105.21,,,,,,mouse_tracking,,,,,,,,,,,/app/training,dev_07816792-ddc2-4c7e-b167-1da450c46a18,,,,,,,,,,,,,,,,,,,,,,,,,,,,,,,,,,,,,,,,,,,,,,,,,,,,,,,,,,,,,,,,,,
training_event,training,dba80c84-68fd-45b2-ba28-10f10075b239,7a62e08f-ca6e-49cd-aca0-99a5238f7a44,2026-09-05T16:58:00.949000+00:00,mouse_move,,,,,255.0,102.21,,,,,,mouse_tracking,,,,,,,,,,,/app/training,dev_07816792-ddc2-4c7e-b167-1da450c46a18,,,,,,,,,,,,,,,,,,,,,,,,,,,,,,,,,,,,,,,,,,,,,,,,,,,,,,,,,,,,,,,,,,
training_event,training,dba80c84-68fd-45b2-ba28-10f10075b239,7a62e08f-ca6e-49cd-aca0-99a5238f7a44,2026-09-05T16:58:00.965000+00:00,mouse_move,,,,,249.0,100.21,,,,,,mouse_tracking,,,,,,,,,,,/app/training,dev_07816792-ddc2-4c7e-b167-1da450c46a18,,,,,,,,,,,,,,,,,,,,,,,,,,,,,,,,,,,,,,,,,,,,,,,,,,,,,,,,,,,,,,,,,,
training_event,training,dba80c84-68fd-45b2-ba28-10f10075b239,7a62e08f-ca6e-49cd-aca0-99a5238f7a44,2026-09-05T16:58:01.015000+00:00,mouse_move,,,,,248.0,100.21,,,,,,mouse_tracking,,,,,,,,,,,/app/training,dev_07816792-ddc2-4c7e-b167-1da450c46a18,,,,,,,,,,,,,,,,,,,,,,,,,,,,,,,,,,,,,,,,,,,,,,,,,,,,,,,,,,,,,,,,,,
training_event,training,dba80c84-68fd-45b2-ba28-10f10075b239,7a62e08f-ca6e-49cd-aca0-99a5238f7a44,2026-09-05T16:58:01.032000+00:00,mouse_move,,,,,247.0,100.21,,,,,,mouse_tracking,,,,,,,,,,,/app/training,dev_07816792-ddc2-4c7e-b167-1da450c46a18,,,,,,,,,,,,,,,,,,,,,,,,,,,,,,,,,,,,,,,,,,,,,,,,,,,,,,,,,,,,,,,,,,
training_event,training,dba80c84-68fd-45b2-ba28-10f10075b239,7a62e08f-ca6e-49cd-aca0-99a5238f7a44,2026-09-05T16:58:01.782000+00:00,mouse_move,,,,,261.0,100.21,,,,,,mouse_tracking,,,,,,,,,,,/app/training,dev_07816792-ddc2-4c7e-b167-1da450c46a18,,,,,,,,,,,,,,,,,,,,,,,,,,,,,,,,,,,,,,,,,,,,,,,,,,,,,,,,,,,,,,,,,,
training_event,training,dba80c84-68fd-45b2-ba28-10f10075b239,7a62e08f-ca6e-49cd-aca0-99a5238f7a44,2026-09-05T16:58:01.799000+00:00,mouse_move,,,,,295.0,100.21,,,,,,mouse_tracking,,,,,,,,,,,/app/training,dev_07816792-ddc2-4c7e-b167-1da450c46a18,,,,,,,,,,,,,,,,,,,,,,,,,,,,,,,,,,,,,,,,,,,,,,,,,,,,,,,,,,,,,,,,,,
training_event,training,dba80c84-68fd-45b2-ba28-10f10075b239,7a62e08f-ca6e-49cd-aca0-99a5238f7a44,2026-09-05T16:58:01.815000+00:00,mouse_move,,,,,317.0,100.21,,,,,,mouse_tracking,,,,,,,,,,,/app/training,dev_07816792-ddc2-4c7e-b167-1da450c46a18,,,,,,,,,,,,,,,,,,,,,,,,,,,,,,,,,,,,,,,,,,,,,,,,,,,,,,,,,,,,,,,,,,
training_event,training,dba80c84-68fd-45b2-ba28-10f10075b239,7a62e08f-ca6e-49cd-aca0-99a5238f7a44,2026-09-05T16:58:01.832000+00:00,mouse_move,,,,,328.0,100.21,,,,,,mouse_tracking,,,,,,,,,,,/app/training,dev_07816792-ddc2-4c7e-b167-1da450c46a18,,,,,,,,,,,,,,,,,,,,,,,,,,,,,,,,,,,,,,,,,,,,,,,,,,,,,,,,,,,,,,,,,,
training_event,training,dba80c84-68fd-45b2-ba28-10f10075b239,7a62e08f-ca6e-49cd-aca0-99a5238f7a44,2026-09-05T16:58:01.848000+00:00,mouse_move,,,,,339.0,100.21,,,,,,mouse_tracking,,,,,,,,,,,/app/training,dev_07816792-ddc2-4c7e-b167-1da450c46a18,,,,,,,,,,,,,,,,,,,,,,,,,,,,,,,,,,,,,,,,,,,,,,,,,,,,,,,,,,,,,,,,,,
training_event,training,dba80c84-68fd-45b2-ba28-10f10075b239,7a62e08f-ca6e-49cd-aca0-99a5238f7a44,2026-09-05T16:58:01.865000+00:00,mouse_move,,,,,340.0,100.21,,,,,,mouse_tracking,,,,,,,,,,,/app/training,dev_07816792-ddc2-4c7e-b167-1da450c46a18,,,,,,,,,,,,,,,,,,,,,,,,,,,,,,,,,,,,,,,,,,,,,,,,,,,,,,,,,,,,,,,,,,
training_event,training,dba80c84-68fd-45b2-ba28-10f10075b239,7a62e08f-ca6e-49cd-aca0-99a5238f7a44,2026-09-05T16:58:01.949000+00:00,mouse_move,,,,,340.0,99.21,,,,,,mouse_tracking,,,,,,,,,,,/app/training,dev_07816792-ddc2-4c7e-b167-1da450c46a18,,,,,,,,,,,,,,,,,,,,,,,,,,,,,,,,,,,,,,,,,,,,,,,,,,,,,,,,,,,,,,,,,,
training_event,training,dba80c84-68fd-45b2-ba28-10f10075b239,7a62e08f-ca6e-49cd-aca0-99a5238f7a44,2026-09-05T16:58:01.965000+00:00,mouse_move,,,,,339.0,99.21,,,,,,mouse_tracking,,,,,,,,,,,/app/training,dev_07816792-ddc2-4c7e-b167-1da450c46a18,,,,,,,,,,,,,,,,,,,,,,,,,,,,,,,,,,,,,,,,,,,,,,,,,,,,,,,,,,,,,,,,,,
training_event,training,dba80c84-68fd-45b2-ba28-10f10075b239,7a62e08f-ca6e-49cd-aca0-99a5238f7a44,2026-09-05T16:58:01.998000+00:00,mouse_move,,,,,339.0,98.21,,,,,,mouse_tracking,,,,,,,,,,,/app/training,dev_07816792-ddc2-4c7e-b167-1da450c46a18,,,,,,,,,,,,,,,,,,,,,,,,,,,,,,,,,,,,,,,,,,,,,,,,,,,,,,,,,,,,,,,,,,
training_event,training,dba80c84-68fd-45b2-ba28-10f10075b239,7a62e08f-ca6e-49cd-aca0-99a5238f7a44,2026-09-05T16:58:02.015000+00:00,mouse_move,,,,,338.0,97.21,,,,,,mouse_tracking,,,,,,,,,,,/app/training,dev_07816792-ddc2-4c7e-b167-1da450c46a18,,,,,,,,,,,,,,,,,,,,,,,,,,,,,,,,,,,,,,,,,,,,,,,,,,,,,,,,,,,,,,,,,,
training_event,training,dba80c84-68fd-45b2-ba28-10f10075b239,7a62e08f-ca6e-49cd-aca0-99a5238f7a44,2026-09-05T16:58:02.033000+00:00,mouse_move,,,,,337.0,97.21,,,,,,mouse_tracking,,,,,,,,,,,/app/training,dev_07816792-ddc2-4c7e-b167-1da450c46a18,,,,,,,,,,,,,,,,,,,,,,,,,,,,,,,,,,,,,,,,,,,,,,,,,,,,,,,,,,,,,,,,,,
training_event,training,dba80c84-68fd-45b2-ba28-10f10075b239,7a62e08f-ca6e-49cd-aca0-99a5238f7a44,2026-09-05T16:58:02.081000+00:00,mouse_move,,,,,337.0,96.21,,,,,,mouse_tracking,,,,,,,,,,,/app/training,dev_07816792-ddc2-4c7e-b167-1da450c46a18,,,,,,,,,,,,,,,,,,,,,,,,,,,,,,,,,,,,,,,,,,,,,,,,,,,,,,,,,,,,,,,,,,
training_event,training,dba80c84-68fd-45b2-ba28-10f10075b239,7a62e08f-ca6e-49cd-aca0-99a5238f7a44,2026-09-05T16:58:02.115000+00:00,mouse_move,,,,,337.0,95.21,,,,,,mouse_tracking,,,,,,,,,,,/app/training,dev_07816792-ddc2-4c7e-b167-1da450c46a18,,,,,,,,,,,,,,,,,,,,,,,,,,,,,,,,,,,,,,,,,,,,,,,,,,,,,,,,,,,,,,,,,,
training_event,training,dba80c84-68fd-45b2-ba28-10f10075b239,7a62e08f-ca6e-49cd-aca0-99a5238f7a44,2026-09-05T16:58:02.132000+00:00,mouse_move,,,,,341.0,91.21,,,,,,mouse_tracking,,,,,,,,,,,/app/training,dev_07816792-ddc2-4c7e-b167-1da450c46a18,,,,,,,,,,,,,,,,,,,,,,,,,,,,,,,,,,,,,,,,,,,,,,,,,,,,,,,,,,,,,,,,,,
training_event,training,dba80c84-68fd-45b2-ba28-10f10075b239,7a62e08f-ca6e-49cd-aca0-99a5238f7a44,2026-09-05T16:58:02.147000+00:00,mouse_move,,,,,357.0,73.21,,,,,,mouse_tracking,,,,,,,,,,,/app/training,dev_07816792-ddc2-4c7e-b167-1da450c46a18,,,,,,,,,,,,,,,,,,,,,,,,,,,,,,,,,,,,,,,,,,,,,,,,,,,,,,,,,,,,,,,,,,
training_event,training,dba80c84-68fd-45b2-ba28-10f10075b239,7a62e08f-ca6e-49cd-aca0-99a5238f7a44,2026-09-05T16:58:02.165000+00:00,mouse_move,,,,,364.0,67.21,,,,,,mouse_tracking,,,,,,,,,,,/app/training,dev_07816792-ddc2-4c7e-b167-1da450c46a18,,,,,,,,,,,,,,,,,,,,,,,,,,,,,,,,,,,,,,,,,,,,,,,,,,,,,,,,,,,,,,,,,,
training_event,training,dba80c84-68fd-45b2-ba28-10f10075b239,7a62e08f-ca6e-49cd-aca0-99a5238f7a44,2026-09-05T16:58:02.182000+00:00,mouse_move,,,,,368.0,65.21,,,,,,mouse_tracking,,,,,,,,,,,/app/training,dev_07816792-ddc2-4c7e-b167-1da450c46a18,,,,,,,,,,,,,,,,,,,,,,,,,,,,,,,,,,,,,,,,,,,,,,,,,,,,,,,,,,,,,,,,,,
training_event,training,dba80c84-68fd-45b2-ba28-10f10075b239,7a62e08f-ca6e-49cd-aca0-99a5238f7a44,2026-09-05T16:58:02.198000+00:00,mouse_move,,,,,369.0,64.21,,,,,,mouse_tracking,,,,,,,,,,,/app/training,dev_07816792-ddc2-4c7e-b167-1da450c46a18,,,,,,,,,,,,,,,,,,,,,,,,,,,,,,,,,,,,,,,,,,,,,,,,,,,,,,,,,,,,,,,,,,
training_event,training,dba80c84-68fd-45b2-ba28-10f10075b239,7a62e08f-ca6e-49cd-aca0-99a5238f7a44,2026-09-05T16:58:02.232000+00:00,mouse_move,,,,,370.0,64.21,,,,,,mouse_tracking,,,,,,,,,,,/app/training,dev_07816792-ddc2-4c7e-b167-1da450c46a18,,,,,,,,,,,,,,,,,,,,,,,,,,,,,,,,,,,,,,,,,,,,,,,,,,,,,,,,,,,,,,,,,,
training_event,training,dba80c84-68fd-45b2-ba28-10f10075b239,7a62e08f-ca6e-49cd-aca0-99a5238f7a44,2026-09-05T16:58:02.248000+00:00,mouse_move,,,,,371.0,63.21,,,,,,mouse_tracking,,,,,,,,,,,/app/training,dev_07816792-ddc2-4c7e-b167-1da450c46a18,,,,,,,,,,,,,,,,,,,,,,,,,,,,,,,,,,,,,,,,,,,,,,,,,,,,,,,,,,,,,,,,,,
training_event,training,dba80c84-68fd-45b2-ba28-10f10075b239,7a62e08f-ca6e-49cd-aca0-99a5238f7a44,2026-09-05T16:58:03.165000+00:00,mouse_move,,,,,403.0,73.21,,,,,,mouse_tracking,,,,,,,,,,,/app/training,dev_07816792-ddc2-4c7e-b167-1da450c46a18,,,,,,,,,,,,,,,,,,,,,,,,,,,,,,,,,,,,,,,,,,,,,,,,,,,,,,,,,,,,,,,,,,
training_event,training,dba80c84-68fd-45b2-ba28-10f10075b239,7a62e08f-ca6e-49cd-aca0-99a5238f7a44,2026-09-05T16:58:03.181000+00:00,mouse_move,,,,,427.0,83.21,,,,,,mouse_tracking,,,,,,,,,,,/app/training,dev_07816792-ddc2-4c7e-b167-1da450c46a18,,,,,,,,,,,,,,,,,,,,,,,,,,,,,,,,,,,,,,,,,,,,,,,,,,,,,,,,,,,,,,,,,,
training_event,training,dba80c84-68fd-45b2-ba28-10f10075b239,7a62e08f-ca6e-49cd-aca0-99a5238f7a44,2026-09-05T16:58:03.199000+00:00,mouse_move,,,,,445.0,90.21,,,,,,mouse_tracking,,,,,,,,,,,/app/training,dev_07816792-ddc2-4c7e-b167-1da450c46a18,,,,,,,,,,,,,,,,,,,,,,,,,,,,,,,,,,,,,,,,,,,,,,,,,,,,,,,,,,,,,,,,,,
training_event,training,dba80c84-68fd-45b2-ba28-10f10075b239,7a62e08f-ca6e-49cd-aca0-99a5238f7a44,2026-09-05T16:58:03.216000+00:00,mouse_move,,,,,459.0,96.21,,,,,,mouse_tracking,,,,,,,,,,,/app/training,dev_07816792-ddc2-4c7e-b167-1da450c46a18,,,,,,,,,,,,,,,,,,,,,,,,,,,,,,,,,,,,,,,,,,,,,,,,,,,,,,,,,,,,,,,,,,
training_event,training,dba80c84-68fd-45b2-ba28-10f10075b239,7a62e08f-ca6e-49cd-aca0-99a5238f7a44,2026-09-05T16:58:03.231000+00:00,mouse_move,,,,,463.0,98.21,,,,,,mouse_tracking,,,,,,,,,,,/app/training,dev_07816792-ddc2-4c7e-b167-1da450c46a18,,,,,,,,,,,,,,,,,,,,,,,,,,,,,,,,,,,,,,,,,,,,,,,,,,,,,,,,,,,,,,,,,,
training_event,training,dba80c84-68fd-45b2-ba28-10f10075b239,7a62e08f-ca6e-49cd-aca0-99a5238f7a44,2026-09-05T16:58:03.248000+00:00,mouse_move,,,,,465.0,98.21,,,,,,mouse_tracking,,,,,,,,,,,/app/training,dev_07816792-ddc2-4c7e-b167-1da450c46a18,,,,,,,,,,,,,,,,,,,,,,,,,,,,,,,,,,,,,,,,,,,,,,,,,,,,,,,,,,,,,,,,,,
training_event,training,dba80c84-68fd-45b2-ba28-10f10075b239,ebf6ba20-5d27-4b75-83b6-6be67ee67367,2026-09-06T10:41:54.458000+00:00,keydown,84,t,,,,,,,,,,controlled_typing,0,,,,,,,,,,/app/training,dev_07816792-ddc2-4c7e-b167-1da450c46a18,,,,,,,,,,,,,,,,,,,,,,,,,,,,,,,,,,,,,,,,,,,,,,,,,,,,,,,,,,,,,,,,,,
training_event,training,dba80c84-68fd-45b2-ba28-10f10075b239,ebf6ba20-5d27-4b75-83b6-6be67ee67367,2026-09-06T10:41:54.599000+00:00,keyup,84,,141.5,,,,,,,,,controlled_typing,0,,,,,,,,,,/app/training,dev_07816792-ddc2-4c7e-b167-1da450c46a18,,,,,,,,,,,,,,,,,,,,,,,,,,,,,,,,,,,,,,,,,,,,,,,,,,,,,,,,,,,,,,,,,,
training_event,training,dba80c84-68fd-45b2-ba28-10f10075b239,ebf6ba20-5d27-4b75-83b6-6be67ee67367,2026-09-06T10:41:54.987000+00:00,keydown,8,,,529.9,,,,,,,,controlled_typing,0,,,,,,,,,,/app/training,dev_07816792-ddc2-4c7e-b167-1da450c46a18,,,,,,,,,,,,,,,,,,,,,,,,,,,,,,,,,,,,,,,,,,,,,,,,,,,,,,,,,,,,,,,,,,
training_event,training,dba80c84-68fd-45b2-ba28-10f10075b239,ebf6ba20-5d27-4b75-83b6-6be67ee67367,2026-09-06T10:41:55.140000+00:00,keyup,8,,152.8,,,,,,,,,controlled_typing,0,,,,,,,,,,/app/training,dev_07816792-ddc2-4c7e-b167-1da450c46a18,,,,,,,,,,,,,,,,,,,,,,,,,,,,,,,,,,,,,,,,,,,,,,,,,,,,,,,,,,,,,,,,,,
training_event,training,dba80c84-68fd-45b2-ba28-10f10075b239,ebf6ba20-5d27-4b75-83b6-6be67ee67367,2026-09-06T10:41:55.633000+00:00,keydown,84,T,,645.3,,,,,,,,controlled_typing,0,,,,,,,,,,/app/training,dev_07816792-ddc2-4c7e-b167-1da450c46a18,,,,,,,,,,,,,,,,,,,,,,,,,,,,,,,,,,,,,,,,,,,,,,,,,,,,,,,,,,,,,,,,,,
training_event,training,dba80c84-68fd-45b2-ba28-10f10075b239,ebf6ba20-5d27-4b75-83b6-6be67ee67367,2026-09-06T10:41:55.769000+00:00,keyup,84,,136.8,,,,,,,,,controlled_typing,0,,,,,,,,,,/app/training,dev_07816792-ddc2-4c7e-b167-1da450c46a18,,,,,,,,,,,,,,,,,,,,,,,,,,,,,,,,,,,,,,,,,,,,,,,,,,,,,,,,,,,,,,,,,,
training_event,training,dba80c84-68fd-45b2-ba28-10f10075b239,ebf6ba20-5d27-4b75-83b6-6be67ee67367,2026-09-06T10:41:55.965000+00:00,keydown,72,h,,332.1,,,,,,,,controlled_typing,0,,,,,,,,,,/app/training,dev_07816792-ddc2-4c7e-b167-1da450c46a18,,,,,,,,,,,,,,,,,,,,,,,,,,,,,,,,,,,,,,,,,,,,,,,,,,,,,,,,,,,,,,,,,,
training_event,training,dba80c84-68fd-45b2-ba28-10f10075b239,ebf6ba20-5d27-4b75-83b6-6be67ee67367,2026-09-06T10:41:56.069000+00:00,keyup,72,,104.2,,,,,,,,,controlled_typing,0,,,,,,,,,,/app/training,dev_07816792-ddc2-4c7e-b167-1da450c46a18,,,,,,,,,,,,,,,,,,,,,,,,,,,,,,,,,,,,,,,,,,,,,,,,,,,,,,,,,,,,,,,,,,
training_event,training,dba80c84-68fd-45b2-ba28-10f10075b239,ebf6ba20-5d27-4b75-83b6-6be67ee67367,2026-09-06T10:41:56.098000+00:00,keydown,69,e,,132.7,,,,,,,,controlled_typing,0,,,,,,,,,,/app/training,dev_07816792-ddc2-4c7e-b167-1da450c46a18,,,,,,,,,,,,,,,,,,,,,,,,,,,,,,,,,,,,,,,,,,,,,,,,,,,,,,,,,,,,,,,,,,
training_event,training,dba80c84-68fd-45b2-ba28-10f10075b239,ebf6ba20-5d27-4b75-83b6-6be67ee67367,2026-09-06T10:41:56.240000+00:00,keyup,69,,142.6,,,,,,,,,controlled_typing,0,,,,,,,,,,/app/training,dev_07816792-ddc2-4c7e-b167-1da450c46a18,,,,,,,,,,,,,,,,,,,,,,,,,,,,,,,,,,,,,,,,,,,,,,,,,,,,,,,,,,,,,,,,,,
training_event,training,dba80c84-68fd-45b2-ba28-10f10075b239,ebf6ba20-5d27-4b75-83b6-6be67ee67367,2026-09-06T10:41:56.248000+00:00,keydown,32, ,,150.7,,,,,,,,controlled_typing,0,,,,,,,,,,/app/training,dev_07816792-ddc2-4c7e-b167-1da450c46a18,,,,,,,,,,,,,,,,,,,,,,,,,,,,,,,,,,,,,,,,,,,,,,,,,,,,,,,,,,,,,,,,,,
training_event,training,dba80c84-68fd-45b2-ba28-10f10075b239,ebf6ba20-5d27-4b75-83b6-6be67ee67367,2026-09-06T10:41:56.351000+00:00,keyup,32,,102.6,,,,,,,,,controlled_typing,0,,,,,,,,,,/app/training,dev_07816792-ddc2-4c7e-b167-1da450c46a18,,,,,,,,,,,,,,,,,,,,,,,,,,,,,,,,,,,,,,,,,,,,,,,,,,,,,,,,,,,,,,,,,,
training_event,training,dba80c84-68fd-45b2-ba28-10f10075b239,ebf6ba20-5d27-4b75-83b6-6be67ee67367,2026-09-06T10:41:57.052000+00:00,keydown,81,q,,804.1,,,,,,,,controlled_typing,0,,,,,,,,,,/app/training,dev_07816792-ddc2-4c7e-b167-1da450c46a18,,,,,,,,,,,,,,,,,,,,,,,,,,,,,,,,,,,,,,,,,,,,,,,,,,,,,,,,,,,,,,,,,,
training_event,training,dba80c84-68fd-45b2-ba28-10f10075b239,ebf6ba20-5d27-4b75-83b6-6be67ee67367,2026-09-06T10:41:57.190000+00:00,keyup,81,,137.4,,,,,,,,,controlled_typing,0,,,,,,,,,,/app/training,dev_07816792-ddc2-4c7e-b167-1da450c46a18,,,,,,,,,,,,,,,,,,,,,,,,,,,,,,,,,,,,,,,,,,,,,,,,,,,,,,,,,,,,,,,,,,
training_event,training,dba80c84-68fd-45b2-ba28-10f10075b239,ebf6ba20-5d27-4b75-83b6-6be67ee67367,2026-09-06T10:41:57.233000+00:00,keydown,85,u,,181.0,,,,,,,,controlled_typing,0,,,,,,,,,,/app/training,dev_07816792-ddc2-4c7e-b167-1da450c46a18,,,,,,,,,,,,,,,,,,,,,,,,,,,,,,,,,,,,,,,,,,,,,,,,,,,,,,,,,,,,,,,,,,
training_event,training,dba80c84-68fd-45b2-ba28-10f10075b239,ebf6ba20-5d27-4b75-83b6-6be67ee67367,2026-09-06T10:41:57.305000+00:00,keyup,85,,71.9,,,,,,,,,controlled_typing,0,,,,,,,,,,/app/training,dev_07816792-ddc2-4c7e-b167-1da450c46a18,,,,,,,,,,,,,,,,,,,,,,,,,,,,,,,,,,,,,,,,,,,,,,,,,,,,,,,,,,,,,,,,,,
training_event,training,dba80c84-68fd-45b2-ba28-10f10075b239,ebf6ba20-5d27-4b75-83b6-6be67ee67367,2026-09-06T10:41:57.424000+00:00,keydown,73,i,,190.6,,,,,,,,controlled_typing,0,,,,,,,,,,/app/training,dev_07816792-ddc2-4c7e-b167-1da450c46a18,,,,,,,,,,,,,,,,,,,,,,,,,,,,,,,,,,,,,,,,,,,,,,,,,,,,,,,,,,,,,,,,,,
training_event,training,dba80c84-68fd-45b2-ba28-10f10075b239,ebf6ba20-5d27-4b75-83b6-6be67ee67367,2026-09-06T10:41:57.531000+00:00,keyup,73,,107.4,,,,,,,,,controlled_typing,0,,,,,,,,,,/app/training,dev_07816792-ddc2-4c7e-b167-1da450c46a18,,,,,,,,,,,,,,,,,,,,,,,,,,,,,,,,,,,,,,,,,,,,,,,,,,,,,,,,,,,,,,,,,,
training_event,training,dba80c84-68fd-45b2-ba28-10f10075b239,ebf6ba20-5d27-4b75-83b6-6be67ee67367,2026-09-06T10:41:57.580000+00:00,keydown,67,c,,156.3,,,,,,,,controlled_typing,0,,,,,,,,,,/app/training,dev_07816792-ddc2-4c7e-b167-1da450c46a18,,,,,,,,,,,,,,,,,,,,,,,,,,,,,,,,,,,,,,,,,,,,,,,,,,,,,,,,,,,,,,,,,,
training_event,training,dba80c84-68fd-45b2-ba28-10f10075b239,ebf6ba20-5d27-4b75-83b6-6be67ee67367,2026-09-06T10:41:57.706000+00:00,keyup,67,,125.5,,,,,,,,,controlled_typing,0,,,,,,,,,,/app/training,dev_07816792-ddc2-4c7e-b167-1da450c46a18,,,,,,,,,,,,,,,,,,,,,,,,,,,,,,,,,,,,,,,,,,,,,,,,,,,,,,,,,,,,,,,,,,
training_event,training,dba80c84-68fd-45b2-ba28-10f10075b239,ebf6ba20-5d27-4b75-83b6-6be67ee67367,2026-09-06T10:41:57.783000+00:00,keydown,75,k,,202.9,,,,,,,,controlled_typing,0,,,,,,,,,,/app/training,dev_07816792-ddc2-4c7e-b167-1da450c46a18,,,,,,,,,,,,,,,,,,,,,,,,,,,,,,,,,,,,,,,,,,,,,,,,,,,,,,,,,,,,,,,,,,
training_event,training,dba80c84-68fd-45b2-ba28-10f10075b239,ebf6ba20-5d27-4b75-83b6-6be67ee67367,2026-09-06T10:41:57.887000+00:00,keyup,75,,103.7,,,,,,,,,controlled_typing,0,,,,,,,,,,/app/training,dev_07816792-ddc2-4c7e-b167-1da450c46a18,,,,,,,,,,,,,,,,,,,,,,,,,,,,,,,,,,,,,,,,,,,,,,,,,,,,,,,,,,,,,,,,,,
training_event,training,dba80c84-68fd-45b2-ba28-10f10075b239,ebf6ba20-5d27-4b75-83b6-6be67ee67367,2026-09-06T10:41:57.998000+00:00,keydown,32, ,,215.4,,,,,,,,controlled_typing,0,,,,,,,,,,/app/training,dev_07816792-ddc2-4c7e-b167-1da450c46a18,,,,,,,,,,,,,,,,,,,,,,,,,,,,,,,,,,,,,,,,,,,,,,,,,,,,,,,,,,,,,,,,,,
training_event,training,dba80c84-68fd-45b2-ba28-10f10075b239,ebf6ba20-5d27-4b75-83b6-6be67ee67367,2026-09-06T10:41:58.130000+00:00,keyup,32,,131.4,,,,,,,,,controlled_typing,0,,,,,,,,,,/app/training,dev_07816792-ddc2-4c7e-b167-1da450c46a18,,,,,,,,,,,,,,,,,,,,,,,,,,,,,,,,,,,,,,,,,,,,,,,,,,,,,,,,,,,,,,,,,,
training_event,training,dba80c84-68fd-45b2-ba28-10f10075b239,ebf6ba20-5d27-4b75-83b6-6be67ee67367,2026-09-06T10:41:58.719000+00:00,keydown,66,b,,720.3,,,,,,,,controlled_typing,0,,,,,,,,,,/app/training,dev_07816792-ddc2-4c7e-b167-1da450c46a18,,,,,,,,,,,,,,,,,,,,,,,,,,,,,,,,,,,,,,,,,,,,,,,,,,,,,,,,,,,,,,,,,,
training_event,training,dba80c84-68fd-45b2-ba28-10f10075b239,ebf6ba20-5d27-4b75-83b6-6be67ee67367,2026-09-06T10:41:58.826000+00:00,keyup,66,,107.0,,,,,,,,,controlled_typing,0,,,,,,,,,,/app/training,dev_07816792-ddc2-4c7e-b167-1da450c46a18,,,,,,,,,,,,,,,,,,,,,,,,,,,,,,,,,,,,,,,,,,,,,,,,,,,,,,,,,,,,,,,,,,
training_event,training,dba80c84-68fd-45b2-ba28-10f10075b239,ebf6ba20-5d27-4b75-83b6-6be67ee67367,2026-09-06T10:41:58.869000+00:00,keydown,82,r,,150.3,,,,,,,,controlled_typing,0,,,,,,,,,,/app/training,dev_07816792-ddc2-4c7e-b167-1da450c46a18,,,,,,,,,,,,,,,,,,,,,,,,,,,,,,,,,,,,,,,,,,,,,,,,,,,,,,,,,,,,,,,,,,
training_event,training,dba80c84-68fd-45b2-ba28-10f10075b239,ebf6ba20-5d27-4b75-83b6-6be67ee67367,2026-09-06T10:41:58.997000+00:00,keyup,82,,128.1,,,,,,,,,controlled_typing,0,,,,,,,,,,/app/training,dev_07816792-ddc2-4c7e-b167-1da450c46a18,,,,,,,,,,,,,,,,,,,,,,,,,,,,,,,,,,,,,,,,,,,,,,,,,,,,,,,,,,,,,,,,,,
training_event,training,dba80c84-68fd-45b2-ba28-10f10075b239,ebf6ba20-5d27-4b75-83b6-6be67ee67367,2026-09-06T10:41:59.061000+00:00,keydown,79,o,,192.1,,,,,,,,controlled_typing,0,,,,,,,,,,/app/training,dev_07816792-ddc2-4c7e-b167-1da450c46a18,,,,,,,,,,,,,,,,,,,,,,,,,,,,,,,,,,,,,,,,,,,,,,,,,,,,,,,,,,,,,,,,,,
training_event,training,dba80c84-68fd-45b2-ba28-10f10075b239,ebf6ba20-5d27-4b75-83b6-6be67ee67367,2026-09-06T10:41:59.206000+00:00,keyup,79,,145.1,,,,,,,,,controlled_typing,0,,,,,,,,,,/app/training,dev_07816792-ddc2-4c7e-b167-1da450c46a18,,,,,,,,,,,,,,,,,,,,,,,,,,,,,,,,,,,,,,,,,,,,,,,,,,,,,,,,,,,,,,,,,,
training_event,training,dba80c84-68fd-45b2-ba28-10f10075b239,ebf6ba20-5d27-4b75-83b6-6be67ee67367,2026-09-06T10:41:59.598000+00:00,keydown,87,w,,537.2,,,,,,,,controlled_typing,0,,,,,,,,,,/app/training,dev_07816792-ddc2-4c7e-b167-1da450c46a18,,,,,,,,,,,,,,,,,,,,,,,,,,,,,,,,,,,,,,,,,,,,,,,,,,,,,,,,,,,,,,,,,,
training_event,training,dba80c84-68fd-45b2-ba28-10f10075b239,ebf6ba20-5d27-4b75-83b6-6be67ee67367,2026-09-06T10:41:59.736000+00:00,keyup,87,,137.8,,,,,,,,,controlled_typing,0,,,,,,,,,,/app/training,dev_07816792-ddc2-4c7e-b167-1da450c46a18,,,,,,,,,,,,,,,,,,,,,,,,,,,,,,,,,,,,,,,,,,,,,,,,,,,,,,,,,,,,,,,,,,
training_event,training,dba80c84-68fd-45b2-ba28-10f10075b239,ebf6ba20-5d27-4b75-83b6-6be67ee67367,2026-09-06T10:41:59.810000+00:00,keydown,78,n,,211.9,,,,,,,,controlled_typing,0,,,,,,,,,,/app/training,dev_07816792-ddc2-4c7e-b167-1da450c46a18,,,,,,,,,,,,,,,,,,,,,,,,,,,,,,,,,,,,,,,,,,,,,,,,,,,,,,,,,,,,,,,,,,
training_event,training,dba80c84-68fd-45b2-ba28-10f10075b239,ebf6ba20-5d27-4b75-83b6-6be67ee67367,2026-09-06T10:41:59.900000+00:00,keyup,78,,89.4,,,,,,,,,controlled_typing,0,,,,,,,,,,/app/training,dev_07816792-ddc2-4c7e-b167-1da450c46a18,,,,,,,,,,,,,,,,,,,,,,,,,,,,,,,,,,,,,,,,,,,,,,,,,,,,,,,,,,,,,,,,,,
training_event,training,dba80c84-68fd-45b2-ba28-10f10075b239,ebf6ba20-5d27-4b75-83b6-6be67ee67367,2026-09-06T10:42:00.004000+00:00,keydown,32, ,,193.2,,,,,,,,controlled_typing,0,,,,,,,,,,/app/training,dev_07816792-ddc2-4c7e-b167-1da450c46a18,,,,,,,,,,,,,,,,,,,,,,,,,,,,,,,,,,,,,,,,,,,,,,,,,,,,,,,,,,,,,,,,,,
training_event,training,dba80c84-68fd-45b2-ba28-10f10075b239,ebf6ba20-5d27-4b75-83b6-6be67ee67367,2026-09-06T10:42:00.136000+00:00,keyup,32,,132.5,,,,,,,,,controlled_typing,0,,,,,,,,,,/app/training,dev_07816792-ddc2-4c7e-b167-1da450c46a18,,,,,,,,,,,,,,,,,,,,,,,,,,,,,,,,,,,,,,,,,,,,,,,,,,,,,,,,,,,,,,,,,,
training_event,training,dba80c84-68fd-45b2-ba28-10f10075b239,ebf6ba20-5d27-4b75-83b6-6be67ee67367,2026-09-06T10:42:00.669000+00:00,keydown,70,f,,665.9,,,,,,,,controlled_typing,0,,,,,,,,,,/app/training,dev_07816792-ddc2-4c7e-b167-1da450c46a18,,,,,,,,,,,,,,,,,,,,,,,,,,,,,,,,,,,,,,,,,,,,,,,,,,,,,,,,,,,,,,,,,,
training_event,training,dba80c84-68fd-45b2-ba28-10f10075b239,ebf6ba20-5d27-4b75-83b6-6be67ee67367,2026-09-06T10:42:00.797000+00:00,keyup,70,,127.8,,,,,,,,,controlled_typing,0,,,,,,,,,,/app/training,dev_07816792-ddc2-4c7e-b167-1da450c46a18,,,,,,,,,,,,,,,,,,,,,,,,,,,,,,,,,,,,,,,,,,,,,,,,,,,,,,,,,,,,,,,,,,
training_event,training,dba80c84-68fd-45b2-ba28-10f10075b239,ebf6ba20-5d27-4b75-83b6-6be67ee67367,2026-09-06T10:42:00.842000+00:00,keydown,79,o,,172.3,,,,,,,,controlled_typing,0,,,,,,,,,,/app/training,dev_07816792-ddc2-4c7e-b167-1da450c46a18,,,,,,,,,,,,,,,,,,,,,,,,,,,,,,,,,,,,,,,,,,,,,,,,,,,,,,,,,,,,,,,,,,
training_event,training,dba80c84-68fd-45b2-ba28-10f10075b239,ebf6ba20-5d27-4b75-83b6-6be67ee67367,2026-09-06T10:42:00.937000+00:00,keyup,79,,94.9,,,,,,,,,controlled_typing,0,,,,,,,,,,/app/training,dev_07816792-ddc2-4c7e-b167-1da450c46a18,,,,,,,,,,,,,,,,,,,,,,,,,,,,,,,,,,,,,,,,,,,,,,,,,,,,,,,,,,,,,,,,,,
training_event,training,dba80c84-68fd-45b2-ba28-10f10075b239,ebf6ba20-5d27-4b75-83b6-6be67ee67367,2026-09-06T10:42:01.285000+00:00,keydown,88,x,,443.8,,,,,,,,controlled_typing,0,,,,,,,,,,/app/training,dev_07816792-ddc2-4c7e-b167-1da450c46a18,,,,,,,,,,,,,,,,,,,,,,,,,,,,,,,,,,,,,,,,,,,,,,,,,,,,,,,,,,,,,,,,,,
training_event,training,dba80c84-68fd-45b2-ba28-10f10075b239,ebf6ba20-5d27-4b75-83b6-6be67ee67367,2026-09-06T10:42:01.386000+00:00,keyup,88,,100.7,,,,,,,,,controlled_typing,0,,,,,,,,,,/app/training,dev_07816792-ddc2-4c7e-b167-1da450c46a18,,,,,,,,,,,,,,,,,,,,,,,,,,,,,,,,,,,,,,,,,,,,,,,,,,,,,,,,,,,,,,,,,,
training_event,training,dba80c84-68fd-45b2-ba28-10f10075b239,ebf6ba20-5d27-4b75-83b6-6be67ee67367,2026-09-06T10:42:01.455000+00:00,keydown,32, ,,169.2,,,,,,,,controlled_typing,0,,,,,,,,,,/app/training,dev_07816792-ddc2-4c7e-b167-1da450c46a18,,,,,,,,,,,,,,,,,,,,,,,,,,,,,,,,,,,,,,,,,,,,,,,,,,,,,,,,,,,,,,,,,,
training_event,training,dba80c84-68fd-45b2-ba28-10f10075b239,ebf6ba20-5d27-4b75-83b6-6be67ee67367,2026-09-06T10:42:01.580000+00:00,keyup,32,,125.6,,,,,,,,,controlled_typing,0,,,,,,,,,,/app/training,dev_07816792-ddc2-4c7e-b167-1da450c46a18,,,,,,,,,,,,,,,,,,,,,,,,,,,,,,,,,,,,,,,,,,,,,,,,,,,,,,,,,,,,,,,,,,
training_event,training,dba80c84-68fd-45b2-ba28-10f10075b239,ebf6ba20-5d27-4b75-83b6-6be67ee67367,2026-09-06T10:42:01.781000+00:00,keydown,74,j,,325.9,,,,,,,,controlled_typing,0,,,,,,,,,,/app/training,dev_07816792-ddc2-4c7e-b167-1da450c46a18,,,,,,,,,,,,,,,,,,,,,,,,,,,,,,,,,,,,,,,,,,,,,,,,,,,,,,,,,,,,,,,,,,
training_event,training,dba80c84-68fd-45b2-ba28-10f10075b239,ebf6ba20-5d27-4b75-83b6-6be67ee67367,2026-09-06T10:42:01.872000+00:00,keyup,74,,91.4,,,,,,,,,controlled_typing,0,,,,,,,,,,/app/training,dev_07816792-ddc2-4c7e-b167-1da450c46a18,,,,,,,,,,,,,,,,,,,,,,,,,,,,,,,,,,,,,,,,,,,,,,,,,,,,,,,,,,,,,,,,,,
training_event,training,dba80c84-68fd-45b2-ba28-10f10075b239,ebf6ba20-5d27-4b75-83b6-6be67ee67367,2026-09-06T10:42:01.985000+00:00,keydown,85,u,,204.9,,,,,,,,controlled_typing,0,,,,,,,,,,/app/training,dev_07816792-ddc2-4c7e-b167-1da450c46a18,,,,,,,,,,,,,,,,,,,,,,,,,,,,,,,,,,,,,,,,,,,,,,,,,,,,,,,,,,,,,,,,,,
training_event,training,dba80c84-68fd-45b2-ba28-10f10075b239,ebf6ba20-5d27-4b75-83b6-6be67ee67367,2026-09-06T10:42:02.063000+00:00,keyup,85,,77.2,,,,,,,,,controlled_typing,0,,,,,,,,,,/app/training,dev_07816792-ddc2-4c7e-b167-1da450c46a18,,,,,,,,,,,,,,,,,,,,,,,,,,,,,,,,,,,,,,,,,,,,,,,,,,,,,,,,,,,,,,,,,,
training_event,training,dba80c84-68fd-45b2-ba28-10f10075b239,ebf6ba20-5d27-4b75-83b6-6be67ee67367,2026-09-06T10:42:02.198000+00:00,keydown,77,m,,212.8,,,,,,,,controlled_typing,0,,,,,,,,,,/app/training,dev_07816792-ddc2-4c7e-b167-1da450c46a18,,,,,,,,,,,,,,,,,,,,,,,,,,,,,,,,,,,,,,,,,,,,,,,,,,,,,,,,,,,,,,,,,,
training_event,training,dba80c84-68fd-45b2-ba28-10f10075b239,ebf6ba20-5d27-4b75-83b6-6be67ee67367,2026-09-06T10:42:02.271000+00:00,keyup,77,,72.5,,,,,,,,,controlled_typing,0,,,,,,,,,,/app/training,dev_07816792-ddc2-4c7e-b167-1da450c46a18,,,,,,,,,,,,,,,,,,,,,,,,,,,,,,,,,,,,,,,,,,,,,,,,,,,,,,,,,,,,,,,,,,
training_event,training,dba80c84-68fd-45b2-ba28-10f10075b239,ebf6ba20-5d27-4b75-83b6-6be67ee67367,2026-09-06T10:42:02.435000+00:00,keydown,80,p,,236.6,,,,,,,,controlled_typing,0,,,,,,,,,,/app/training,dev_07816792-ddc2-4c7e-b167-1da450c46a18,,,,,,,,,,,,,,,,,,,,,,,,,,,,,,,,,,,,,,,,,,,,,,,,,,,,,,,,,,,,,,,,,,
training_event,training,dba80c84-68fd-45b2-ba28-10f10075b239,ebf6ba20-5d27-4b75-83b6-6be67ee67367,2026-09-06T10:42:02.546000+00:00,keyup,80,,111.2,,,,,,,,,controlled_typing,0,,,,,,,,,,/app/training,dev_07816792-ddc2-4c7e-b167-1da450c46a18,,,,,,,,,,,,,,,,,,,,,,,,,,,,,,,,,,,,,,,,,,,,,,,,,,,,,,,,,,,,,,,,,,
training_event,training,dba80c84-68fd-45b2-ba28-10f10075b239,ebf6ba20-5d27-4b75-83b6-6be67ee67367,2026-09-06T10:42:02.626000+00:00,keydown,83,s,,190.7,,,,,,,,controlled_typing,0,,,,,,,,,,/app/training,dev_07816792-ddc2-4c7e-b167-1da450c46a18,,,,,,,,,,,,,,,,,,,,,,,,,,,,,,,,,,,,,,,,,,,,,,,,,,,,,,,,,,,,,,,,,,
training_event,training,dba80c84-68fd-45b2-ba28-10f10075b239,ebf6ba20-5d27-4b75-83b6-6be67ee67367,2026-09-06T10:42:02.730000+00:00,keyup,83,,104.5,,,,,,,,,controlled_typing,0,,,,,,,,,,/app/training,dev_07816792-ddc2-4c7e-b167-1da450c46a18,,,,,,,,,,,,,,,,,,,,,,,,,,,,,,,,,,,,,,,,,,,,,,,,,,,,,,,,,,,,,,,,,,
training_event,training,dba80c84-68fd-45b2-ba28-10f10075b239,ebf6ba20-5d27-4b75-83b6-6be67ee67367,2026-09-06T10:42:02.753000+00:00,keydown,32, ,,127.9,,,,,,,,controlled_typing,0,,,,,,,,,,/app/training,dev_07816792-ddc2-4c7e-b167-1da450c46a18,,,,,,,,,,,,,,,,,,,,,,,,,,,,,,,,,,,,,,,,,,,,,,,,,,,,,,,,,,,,,,,,,,
training_event,training,dba80c84-68fd-45b2-ba28-10f10075b239,ebf6ba20-5d27-4b75-83b6-6be67ee67367,2026-09-06T10:42:02.880000+00:00,keyup,32,,126.8,,,,,,,,,controlled_typing,0,,,,,,,,,,/app/training,dev_07816792-ddc2-4c7e-b167-1da450c46a18,,,,,,,,,,,,,,,,,,,,,,,,,,,,,,,,,,,,,,,,,,,,,,,,,,,,,,,,,,,,,,,,,,
training_event,training,dba80c84-68fd-45b2-ba28-10f10075b239,ebf6ba20-5d27-4b75-83b6-6be67ee67367,2026-09-06T10:42:03.519000+00:00,keydown,79,o,,765.6,,,,,,,,controlled_typing,0,,,,,,,,,,/app/training,dev_07816792-ddc2-4c7e-b167-1da450c46a18,,,,,,,,,,,,,,,,,,,,,,,,,,,,,,,,,,,,,,,,,,,,,,,,,,,,,,,,,,,,,,,,,,
training_event,training,dba80c84-68fd-45b2-ba28-10f10075b239,ebf6ba20-5d27-4b75-83b6-6be67ee67367,2026-09-06T10:42:03.616000+00:00,keyup,79,,96.9,,,,,,,,,controlled_typing,0,,,,,,,,,,/app/training,dev_07816792-ddc2-4c7e-b167-1da450c46a18,,,,,,,,,,,,,,,,,,,,,,,,,,,,,,,,,,,,,,,,,,,,,,,,,,,,,,,,,,,,,,,,,,
training_event,training,dba80c84-68fd-45b2-ba28-10f10075b239,ebf6ba20-5d27-4b75-83b6-6be67ee67367,2026-09-06T10:42:03.930000+00:00,keydown,86,v,,411.1,,,,,,,,controlled_typing,0,,,,,,,,,,/app/training,dev_07816792-ddc2-4c7e-b167-1da450c46a18,,,,,,,,,,,,,,,,,,,,,,,,,,,,,,,,,,,,,,,,,,,,,,,,,,,,,,,,,,,,,,,,,,
training_event,training,dba80c84-68fd-45b2-ba28-10f10075b239,ebf6ba20-5d27-4b75-83b6-6be67ee67367,2026-09-06T10:42:04.021000+00:00,keyup,86,,91.2,,,,,,,,,controlled_typing,0,,,,,,,,,,/app/training,dev_07816792-ddc2-4c7e-b167-1da450c46a18,,,,,,,,,,,,,,,,,,,,,,,,,,,,,,,,,,,,,,,,,,,,,,,,,,,,,,,,,,,,,,,,,,
training_event,training,dba80c84-68fd-45b2-ba28-10f10075b239,ebf6ba20-5d27-4b75-83b6-6be67ee67367,2026-09-06T10:42:04.089000+00:00,keydown,69,e,,158.9,,,,,,,,controlled_typing,0,,,,,,,,,,/app/training,dev_07816792-ddc2-4c7e-b167-1da450c46a18,,,,,,,,,,,,,,,,,,,,,,,,,,,,,,,,,,,,,,,,,,,,,,,,,,,,,,,,,,,,,,,,,,
training_event,training,dba80c84-68fd-45b2-ba28-10f10075b239,ebf6ba20-5d27-4b75-83b6-6be67ee67367,2026-09-06T10:42:04.159000+00:00,keyup,69,,70.0,,,,,,,,,controlled_typing,0,,,,,,,,,,/app/training,dev_07816792-ddc2-4c7e-b167-1da450c46a18,,,,,,,,,,,,,,,,,,,,,,,,,,,,,,,,,,,,,,,,,,,,,,,,,,,,,,,,,,,,,,,,,,
training_event,training,dba80c84-68fd-45b2-ba28-10f10075b239,ebf6ba20-5d27-4b75-83b6-6be67ee67367,2026-09-06T10:42:04.289000+00:00,keydown,82,r,,199.6,,,,,,,,controlled_typing,0,,,,,,,,,,/app/training,dev_07816792-ddc2-4c7e-b167-1da450c46a18,,,,,,,,,,,,,,,,,,,,,,,,,,,,,,,,,,,,,,,,,,,,,,,,,,,,,,,,,,,,,,,,,,
training_event,training,dba80c84-68fd-45b2-ba28-10f10075b239,ebf6ba20-5d27-4b75-83b6-6be67ee67367,2026-09-06T10:42:04.356000+00:00,keyup,82,,67.0,,,,,,,,,controlled_typing,0,,,,,,,,,,/app/training,dev_07816792-ddc2-4c7e-b167-1da450c46a18,,,,,,,,,,,,,,,,,,,,,,,,,,,,,,,,,,,,,,,,,,,,,,,,,,,,,,,,,,,,,,,,,,
training_event,training,dba80c84-68fd-45b2-ba28-10f10075b239,ebf6ba20-5d27-4b75-83b6-6be67ee67367,2026-09-06T10:42:04.480000+00:00,keydown,32, ,,191.5,,,,,,,,controlled_typing,0,,,,,,,,,,/app/training,dev_07816792-ddc2-4c7e-b167-1da450c46a18,,,,,,,,,,,,,,,,,,,,,,,,,,,,,,,,,,,,,,,,,,,,,,,,,,,,,,,,,,,,,,,,,,
training_event,training,dba80c84-68fd-45b2-ba28-10f10075b239,ebf6ba20-5d27-4b75-83b6-6be67ee67367,2026-09-06T10:42:04.587000+00:00,keyup,32,,107.2,,,,,,,,,controlled_typing,0,,,,,,,,,,/app/training,dev_07816792-ddc2-4c7e-b167-1da450c46a18,,,,,,,,,,,,,,,,,,,,,,,,,,,,,,,,,,,,,,,,,,,,,,,,,,,,,,,,,,,,,,,,,,
training_event,training,dba80c84-68fd-45b2-ba28-10f10075b239,ebf6ba20-5d27-4b75-83b6-6be67ee67367,2026-09-06T10:42:04.646000+00:00,keydown,84,t,,166.1,,,,,,,,controlled_typing,0,,,,,,,,,,/app/training,dev_07816792-ddc2-4c7e-b167-1da450c46a18,,,,,,,,,,,,,,,,,,,,,,,,,,,,,,,,,,,,,,,,,,,,,,,,,,,,,,,,,,,,,,,,,,
training_event,training,dba80c84-68fd-45b2-ba28-10f10075b239,ebf6ba20-5d27-4b75-83b6-6be67ee67367,2026-09-06T10:42:04.743000+00:00,keyup,84,,97.0,,,,,,,,,controlled_typing,0,,,,,,,,,,/app/training,dev_07816792-ddc2-4c7e-b167-1da450c46a18,,,,,,,,,,,,,,,,,,,,,,,,,,,,,,,,,,,,,,,,,,,,,,,,,,,,,,,,,,,,,,,,,,
training_event,training,dba80c84-68fd-45b2-ba28-10f10075b239,ebf6ba20-5d27-4b75-83b6-6be67ee67367,2026-09-06T10:42:04.770000+00:00,keydown,72,h,,123.5,,,,,,,,controlled_typing,0,,,,,,,,,,/app/training,dev_07816792-ddc2-4c7e-b167-1da450c46a18,,,,,,,,,,,,,,,,,,,,,,,,,,,,,,,,,,,,,,,,,,,,,,,,,,,,,,,,,,,,,,,,,,
training_event,training,dba80c84-68fd-45b2-ba28-10f10075b239,ebf6ba20-5d27-4b75-83b6-6be67ee67367,2026-09-06T10:42:04.856000+00:00,keyup,72,,85.8,,,,,,,,,controlled_typing,0,,,,,,,,,,/app/training,dev_07816792-ddc2-4c7e-b167-1da450c46a18,,,,,,,,,,,,,,,,,,,,,,,,,,,,,,,,,,,,,,,,,,,,,,,,,,,,,,,,,,,,,,,,,,
training_event,training,dba80c84-68fd-45b2-ba28-10f10075b239,ebf6ba20-5d27-4b75-83b6-6be67ee67367,2026-09-06T10:42:04.898000+00:00,keydown,69,e,,128.7,,,,,,,,controlled_typing,0,,,,,,,,,,/app/training,dev_07816792-ddc2-4c7e-b167-1da450c46a18,,,,,,,,,,,,,,,,,,,,,,,,,,,,,,,,,,,,,,,,,,,,,,,,,,,,,,,,,,,,,,,,,,
training_event,training,dba80c84-68fd-45b2-ba28-10f10075b239,ebf6ba20-5d27-4b75-83b6-6be67ee67367,2026-09-06T10:42:05.007000+00:00,keyup,69,,108.6,,,,,,,,,controlled_typing,0,,,,,,,,,,/app/training,dev_07816792-ddc2-4c7e-b167-1da450c46a18,,,,,,,,,,,,,,,,,,,,,,,,,,,,,,,,,,,,,,,,,,,,,,,,,,,,,,,,,,,,,,,,,,
training_event,training,dba80c84-68fd-45b2-ba28-10f10075b239,ebf6ba20-5d27-4b75-83b6-6be67ee67367,2026-09-06T10:42:05.019000+00:00,keydown,32, ,,120.9,,,,,,,,controlled_typing,0,,,,,,,,,,/app/training,dev_07816792-ddc2-4c7e-b167-1da450c46a18,,,,,,,,,,,,,,,,,,,,,,,,,,,,,,,,,,,,,,,,,,,,,,,,,,,,,,,,,,,,,,,,,,
training_event,training,dba80c84-68fd-45b2-ba28-10f10075b239,ebf6ba20-5d27-4b75-83b6-6be67ee67367,2026-09-06T10:42:05.128000+00:00,keyup,32,,108.3,,,,,,,,,controlled_typing,0,,,,,,,,,,/app/training,dev_07816792-ddc2-4c7e-b167-1da450c46a18,,,,,,,,,,,,,,,,,,,,,,,,,,,,,,,,,,,,,,,,,,,,,,,,,,,,,,,,,,,,,,,,,,
training_event,training,dba80c84-68fd-45b2-ba28-10f10075b239,ebf6ba20-5d27-4b75-83b6-6be67ee67367,2026-09-06T10:42:05.296000+00:00,keydown,76,l,,276.8,,,,,,,,controlled_typing,0,,,,,,,,,,/app/training,dev_07816792-ddc2-4c7e-b167-1da450c46a18,,,,,,,,,,,,,,,,,,,,,,,,,,,,,,,,,,,,,,,,,,,,,,,,,,,,,,,,,,,,,,,,,,
training_event,training,dba80c84-68fd-45b2-ba28-10f10075b239,ebf6ba20-5d27-4b75-83b6-6be67ee67367,2026-09-06T10:42:05.413000+00:00,keyup,76,,116.4,,,,,,,,,controlled_typing,0,,,,,,,,,,/app/training,dev_07816792-ddc2-4c7e-b167-1da450c46a18,,,,,,,,,,,,,,,,,,,,,,,,,,,,,,,,,,,,,,,,,,,,,,,,,,,,,,,,,,,,,,,,,,
training_event,training,dba80c84-68fd-45b2-ba28-10f10075b239,ebf6ba20-5d27-4b75-83b6-6be67ee67367,2026-09-06T10:42:05.455000+00:00,keydown,65,a,,158.5,,,,,,,,controlled_typing,0,,,,,,,,,,/app/training,dev_07816792-ddc2-4c7e-b167-1da450c46a18,,,,,,,,,,,,,,,,,,,,,,,,,,,,,,,,,,,,,,,,,,,,,,,,,,,,,,,,,,,,,,,,,,
training_event,training,dba80c84-68fd-45b2-ba28-10f10075b239,ebf6ba20-5d27-4b75-83b6-6be67ee67367,2026-09-06T10:42:05.563000+00:00,keyup,65,,108.1,,,,,,,,,controlled_typing,0,,,,,,,,,,/app/training,dev_07816792-ddc2-4c7e-b167-1da450c46a18,,,,,,,,,,,,,,,,,,,,,,,,,,,,,,,,,,,,,,,,,,,,,,,,,,,,,,,,,,,,,,,,,,
training_event,training,dba80c84-68fd-45b2-ba28-10f10075b239,ebf6ba20-5d27-4b75-83b6-6be67ee67367,2026-09-06T10:42:05.829000+00:00,keydown,90,z,,374.7,,,,,,,,controlled_typing,0,,,,,,,,,,/app/training,dev_07816792-ddc2-4c7e-b167-1da450c46a18,,,,,,,,,,,,,,,,,,,,,,,,,,,,,,,,,,,,,,,,,,,,,,,,,,,,,,,,,,,,,,,,,,
training_event,training,dba80c84-68fd-45b2-ba28-10f10075b239,ebf6ba20-5d27-4b75-83b6-6be67ee67367,2026-09-06T10:42:05.971000+00:00,keyup,90,,141.3,,,,,,,,,controlled_typing,0,,,,,,,,,,/app/training,dev_07816792-ddc2-4c7e-b167-1da450c46a18,,,,,,,,,,,,,,,,,,,,,,,,,,,,,,,,,,,,,,,,,,,,,,,,,,,,,,,,,,,,,,,,,,
training_event,training,dba80c84-68fd-45b2-ba28-10f10075b239,ebf6ba20-5d27-4b75-83b6-6be67ee67367,2026-09-06T10:42:06.184000+00:00,keydown,89,y,,354.4,,,,,,,,controlled_typing,0,,,,,,,,,,/app/training,dev_07816792-ddc2-4c7e-b167-1da450c46a18,,,,,,,,,,,,,,,,,,,,,,,,,,,,,,,,,,,,,,,,,,,,,,,,,,,,,,,,,,,,,,,,,,
training_event,training,dba80c84-68fd-45b2-ba28-10f10075b239,ebf6ba20-5d27-4b75-83b6-6be67ee67367,2026-09-06T10:42:06.257000+00:00,keyup,89,,72.9,,,,,,,,,controlled_typing,0,,,,,,,,,,/app/training,dev_07816792-ddc2-4c7e-b167-1da450c46a18,,,,,,,,,,,,,,,,,,,,,,,,,,,,,,,,,,,,,,,,,,,,,,,,,,,,,,,,,,,,,,,,,,
training_event,training,dba80c84-68fd-45b2-ba28-10f10075b239,ebf6ba20-5d27-4b75-83b6-6be67ee67367,2026-09-06T10:42:06.347000+00:00,keydown,32, ,,163.0,,,,,,,,controlled_typing,0,,,,,,,,,,/app/training,dev_07816792-ddc2-4c7e-b167-1da450c46a18,,,,,,,,,,,,,,,,,,,,,,,,,,,,,,,,,,,,,,,,,,,,,,,,,,,,,,,,,,,,,,,,,,
training_event,training,dba80c84-68fd-45b2-ba28-10f10075b239,ebf6ba20-5d27-4b75-83b6-6be67ee67367,2026-09-06T10:42:06.487000+00:00,keyup,32,,139.9,,,,,,,,,controlled_typing,0,,,,,,,,,,/app/training,dev_07816792-ddc2-4c7e-b167-1da450c46a18,,,,,,,,,,,,,,,,,,,,,,,,,,,,,,,,,,,,,,,,,,,,,,,,,,,,,,,,,,,,,,,,,,
training_event,training,dba80c84-68fd-45b2-ba28-10f10075b239,ebf6ba20-5d27-4b75-83b6-6be67ee67367,2026-09-06T10:42:06.656000+00:00,keydown,68,d,,309.2,,,,,,,,controlled_typing,0,,,,,,,,,,/app/training,dev_07816792-ddc2-4c7e-b167-1da450c46a18,,,,,,,,,,,,,,,,,,,,,,,,,,,,,,,,,,,,,,,,,,,,,,,,,,,,,,,,,,,,,,,,,,
training_event,training,dba80c84-68fd-45b2-ba28-10f10075b239,ebf6ba20-5d27-4b75-83b6-6be67ee67367,2026-09-06T10:42:06.794000+00:00,keyup,68,,138.0,,,,,,,,,controlled_typing,0,,,,,,,,,,/app/training,dev_07816792-ddc2-4c7e-b167-1da450c46a18,,,,,,,,,,,,,,,,,,,,,,,,,,,,,,,,,,,,,,,,,,,,,,,,,,,,,,,,,,,,,,,,,,
training_event,training,dba80c84-68fd-45b2-ba28-10f10075b239,ebf6ba20-5d27-4b75-83b6-6be67ee67367,2026-09-06T10:42:06.855000+00:00,keydown,79,o,,198.9,,,,,,,,controlled_typing,0,,,,,,,,,,/app/training,dev_07816792-ddc2-4c7e-b167-1da450c46a18,,,,,,,,,,,,,,,,,,,,,,,,,,,,,,,,,,,,,,,,,,,,,,,,,,,,,,,,,,,,,,,,,,
training_event,training,dba80c84-68fd-45b2-ba28-10f10075b239,ebf6ba20-5d27-4b75-83b6-6be67ee67367,2026-09-06T10:42:06.958000+00:00,keyup,79,,102.8,,,,,,,,,controlled_typing,0,,,,,,,,,,/app/training,dev_07816792-ddc2-4c7e-b167-1da450c46a18,,,,,,,,,,,,,,,,,,,,,,,,,,,,,,,,,,,,,,,,,,,,,,,,,,,,,,,,,,,,,,,,,,
training_event,training,dba80c84-68fd-45b2-ba28-10f10075b239,ebf6ba20-5d27-4b75-83b6-6be67ee67367,2026-09-06T10:42:07.179000+00:00,keydown,71,g,,323.7,,,,,,,,controlled_typing,0,,,,,,,,,,/app/training,dev_07816792-ddc2-4c7e-b167-1da450c46a18,,,,,,,,,,,,,,,,,,,,,,,,,,,,,,,,,,,,,,,,,,,,,,,,,,,,,,,,,,,,,,,,,,
training_event,training,dba80c84-68fd-45b2-ba28-10f10075b239,ebf6ba20-5d27-4b75-83b6-6be67ee67367,2026-09-06T10:42:07.266000+00:00,keyup,71,,87.7,,,,,,,,,controlled_typing,0,,,,,,,,,,/app/training,dev_07816792-ddc2-4c7e-b167-1da450c46a18,,,,,,,,,,,,,,,,,,,,,,,,,,,,,,,,,,,,,,,,,,,,,,,,,,,,,,,,,,,,,,,,,,
training_event,training,dba80c84-68fd-45b2-ba28-10f10075b239,ebf6ba20-5d27-4b75-83b6-6be67ee67367,2026-09-06T10:42:07.756000+00:00,keydown,190,.,,577.8,,,,,,,,controlled_typing,0,,,,,,,,,,/app/training,dev_07816792-ddc2-4c7e-b167-1da450c46a18,,,,,,,,,,,,,,,,,,,,,,,,,,,,,,,,,,,,,,,,,,,,,,,,,,,,,,,,,,,,,,,,,,
training_event,training,dba80c84-68fd-45b2-ba28-10f10075b239,33619645-b3e6-46ff-a945-a8eab11748cc,2026-09-06T10:42:30.563000+00:00,keydown,65,A,,,,,,,,,,repeated_typing,0,0,,,,,,,,,/app/training,dev_07816792-ddc2-4c7e-b167-1da450c46a18,,,,,,,,,,,,,,,,,,,,,,,,,,,,,,,,,,,,,,,,,,,,,,,,,,,,,,,,,,,,,,,,,,
training_event,training,dba80c84-68fd-45b2-ba28-10f10075b239,33619645-b3e6-46ff-a945-a8eab11748cc,2026-09-06T10:42:30.669000+00:00,keyup,65,,105.4,,,,,,,,,repeated_typing,0,0,,,,,,,,,/app/training,dev_07816792-ddc2-4c7e-b167-1da450c46a18,,,,,,,,,,,,,,,,,,,,,,,,,,,,,,,,,,,,,,,,,,,,,,,,,,,,,,,,,,,,,,,,,,
training_event,training,dba80c84-68fd-45b2-ba28-10f10075b239,33619645-b3e6-46ff-a945-a8eab11748cc,2026-09-06T10:42:30.813000+00:00,keydown,68,d,,249.8,,,,,,,,repeated_typing,0,0,,,,,,,,,/app/training,dev_07816792-ddc2-4c7e-b167-1da450c46a18,,,,,,,,,,,,,,,,,,,,,,,,,,,,,,,,,,,,,,,,,,,,,,,,,,,,,,,,,,,,,,,,,,
training_event,training,dba80c84-68fd-45b2-ba28-10f10075b239,33619645-b3e6-46ff-a945-a8eab11748cc,2026-09-06T10:42:30.924000+00:00,keyup,68,,111.2,,,,,,,,,repeated_typing,0,0,,,,,,,,,/app/training,dev_07816792-ddc2-4c7e-b167-1da450c46a18,,,,,,,,,,,,,,,,,,,,,,,,,,,,,,,,,,,,,,,,,,,,,,,,,,,,,,,,,,,,,,,,,,
training_event,training,dba80c84-68fd-45b2-ba28-10f10075b239,33619645-b3e6-46ff-a945-a8eab11748cc,2026-09-06T10:42:31.231000+00:00,keydown,65,a,,418.2,,,,,,,,repeated_typing,0,0,,,,,,,,,/app/training,dev_07816792-ddc2-4c7e-b167-1da450c46a18,,,,,,,,,,,,,,,,,,,,,,,,,,,,,,,,,,,,,,,,,,,,,,,,,,,,,,,,,,,,,,,,,,
training_event,training,dba80c84-68fd-45b2-ba28-10f10075b239,33619645-b3e6-46ff-a945-a8eab11748cc,2026-09-06T10:42:31.359000+00:00,keyup,65,,128.0,,,,,,,,,repeated_typing,0,0,,,,,,,,,/app/training,dev_07816792-ddc2-4c7e-b167-1da450c46a18,,,,,,,,,,,,,,,,,,,,,,,,,,,,,,,,,,,,,,,,,,,,,,,,,,,,,,,,,,,,,,,,,,
training_event,training,dba80c84-68fd-45b2-ba28-10f10075b239,33619645-b3e6-46ff-a945-a8eab11748cc,2026-09-06T10:42:31.488000+00:00,keydown,80,p,,256.8,,,,,,,,repeated_typing,0,0,,,,,,,,,/app/training,dev_07816792-ddc2-4c7e-b167-1da450c46a18,,,,,,,,,,,,,,,,,,,,,,,,,,,,,,,,,,,,,,,,,,,,,,,,,,,,,,,,,,,,,,,,,,
training_event,training,dba80c84-68fd-45b2-ba28-10f10075b239,33619645-b3e6-46ff-a945-a8eab11748cc,2026-09-06T10:42:31.595000+00:00,keyup,80,,106.5,,,,,,,,,repeated_typing,0,0,,,,,,,,,/app/training,dev_07816792-ddc2-4c7e-b167-1da450c46a18,,,,,,,,,,,,,,,,,,,,,,,,,,,,,,,,,,,,,,,,,,,,,,,,,,,,,,,,,,,,,,,,,,
training_event,training,dba80c84-68fd-45b2-ba28-10f10075b239,33619645-b3e6-46ff-a945-a8eab11748cc,2026-09-06T10:42:31.778000+00:00,keydown,84,t,,289.7,,,,,,,,repeated_typing,0,0,,,,,,,,,/app/training,dev_07816792-ddc2-4c7e-b167-1da450c46a18,,,,,,,,,,,,,,,,,,,,,,,,,,,,,,,,,,,,,,,,,,,,,,,,,,,,,,,,,,,,,,,,,,
training_event,training,dba80c84-68fd-45b2-ba28-10f10075b239,33619645-b3e6-46ff-a945-a8eab11748cc,2026-09-06T10:42:31.899000+00:00,keyup,84,,121.6,,,,,,,,,repeated_typing,0,0,,,,,,,,,/app/training,dev_07816792-ddc2-4c7e-b167-1da450c46a18,,,,,,,,,,,,,,,,,,,,,,,,,,,,,,,,,,,,,,,,,,,,,,,,,,,,,,,,,,,,,,,,,,
training_event,training,dba80c84-68fd-45b2-ba28-10f10075b239,33619645-b3e6-46ff-a945-a8eab11748cc,2026-09-06T10:42:31.976000+00:00,keydown,73,i,,197.7,,,,,,,,repeated_typing,0,0,,,,,,,,,/app/training,dev_07816792-ddc2-4c7e-b167-1da450c46a18,,,,,,,,,,,,,,,,,,,,,,,,,,,,,,,,,,,,,,,,,,,,,,,,,,,,,,,,,,,,,,,,,,
training_event,training,dba80c84-68fd-45b2-ba28-10f10075b239,33619645-b3e6-46ff-a945-a8eab11748cc,2026-09-06T10:42:32.061000+00:00,keyup,73,,84.9,,,,,,,,,repeated_typing,0,0,,,,,,,,,/app/training,dev_07816792-ddc2-4c7e-b167-1da450c46a18,,,,,,,,,,,,,,,,,,,,,,,,,,,,,,,,,,,,,,,,,,,,,,,,,,,,,,,,,,,,,,,,,,
training_event,training,dba80c84-68fd-45b2-ba28-10f10075b239,33619645-b3e6-46ff-a945-a8eab11748cc,2026-09-06T10:42:32.293000+00:00,keydown,86,v,,317.6,,,,,,,,repeated_typing,0,0,,,,,,,,,/app/training,dev_07816792-ddc2-4c7e-b167-1da450c46a18,,,,,,,,,,,,,,,,,,,,,,,,,,,,,,,,,,,,,,,,,,,,,,,,,,,,,,,,,,,,,,,,,,
training_event,training,dba80c84-68fd-45b2-ba28-10f10075b239,33619645-b3e6-46ff-a945-a8eab11748cc,2026-09-06T10:42:32.400000+00:00,keyup,86,,106.5,,,,,,,,,repeated_typing,0,0,,,,,,,,,/app/training,dev_07816792-ddc2-4c7e-b167-1da450c46a18,,,,,,,,,,,,,,,,,,,,,,,,,,,,,,,,,,,,,,,,,,,,,,,,,,,,,,,,,,,,,,,,,,
training_event,training,dba80c84-68fd-45b2-ba28-10f10075b239,33619645-b3e6-46ff-a945-a8eab11748cc,2026-09-06T10:42:32.429000+00:00,keydown,69,e,,136.2,,,,,,,,repeated_typing,0,0,,,,,,,,,/app/training,dev_07816792-ddc2-4c7e-b167-1da450c46a18,,,,,,,,,,,,,,,,,,,,,,,,,,,,,,,,,,,,,,,,,,,,,,,,,,,,,,,,,,,,,,,,,,
training_event,training,dba80c84-68fd-45b2-ba28-10f10075b239,33619645-b3e6-46ff-a945-a8eab11748cc,2026-09-06T10:42:32.534000+00:00,keyup,69,,104.6,,,,,,,,,repeated_typing,0,0,,,,,,,,,/app/training,dev_07816792-ddc2-4c7e-b167-1da450c46a18,,,,,,,,,,,,,,,,,,,,,,,,,,,,,,,,,,,,,,,,,,,,,,,,,,,,,,,,,,,,,,,,,,
training_event,training,dba80c84-68fd-45b2-ba28-10f10075b239,33619645-b3e6-46ff-a945-a8eab11748cc,2026-09-06T10:42:33.124000+00:00,keydown,71,G,,694.2,,,,,,,,repeated_typing,0,0,,,,,,,,,/app/training,dev_07816792-ddc2-4c7e-b167-1da450c46a18,,,,,,,,,,,,,,,,,,,,,,,,,,,,,,,,,,,,,,,,,,,,,,,,,,,,,,,,,,,,,,,,,,
training_event,training,dba80c84-68fd-45b2-ba28-10f10075b239,33619645-b3e6-46ff-a945-a8eab11748cc,2026-09-06T10:42:33.240000+00:00,keyup,71,,116.4,,,,,,,,,repeated_typing,0,0,,,,,,,,,/app/training,dev_07816792-ddc2-4c7e-b167-1da450c46a18,,,,,,,,,,,,,,,,,,,,,,,,,,,,,,,,,,,,,,,,,,,,,,,,,,,,,,,,,,,,,,,,,,
training_event,training,dba80c84-68fd-45b2-ba28-10f10075b239,33619645-b3e6-46ff-a945-a8eab11748cc,2026-09-06T10:42:33.444000+00:00,keydown,85,u,,320.0,,,,,,,,repeated_typing,0,0,,,,,,,,,/app/training,dev_07816792-ddc2-4c7e-b167-1da450c46a18,,,,,,,,,,,,,,,,,,,,,,,,,,,,,,,,,,,,,,,,,,,,,,,,,,,,,,,,,,,,,,,,,,
training_event,training,dba80c84-68fd-45b2-ba28-10f10075b239,33619645-b3e6-46ff-a945-a8eab11748cc,2026-09-06T10:42:33.560000+00:00,keyup,85,,116.8,,,,,,,,,repeated_typing,0,0,,,,,,,,,/app/training,dev_07816792-ddc2-4c7e-b167-1da450c46a18,,,,,,,,,,,,,,,,,,,,,,,,,,,,,,,,,,,,,,,,,,,,,,,,,,,,,,,,,,,,,,,,,,
training_event,training,dba80c84-68fd-45b2-ba28-10f10075b239,33619645-b3e6-46ff-a945-a8eab11748cc,2026-09-06T10:42:33.629000+00:00,keydown,65,a,,185.0,,,,,,,,repeated_typing,0,0,,,,,,,,,/app/training,dev_07816792-ddc2-4c7e-b167-1da450c46a18,,,,,,,,,,,,,,,,,,,,,,,,,,,,,,,,,,,,,,,,,,,,,,,,,,,,,,,,,,,,,,,,,,
training_event,training,dba80c84-68fd-45b2-ba28-10f10075b239,33619645-b3e6-46ff-a945-a8eab11748cc,2026-09-06T10:42:33.750000+00:00,keyup,65,,121.0,,,,,,,,,repeated_typing,0,0,,,,,,,,,/app/training,dev_07816792-ddc2-4c7e-b167-1da450c46a18,,,,,,,,,,,,,,,,,,,,,,,,,,,,,,,,,,,,,,,,,,,,,,,,,,,,,,,,,,,,,,,,,,
training_event,training,dba80c84-68fd-45b2-ba28-10f10075b239,33619645-b3e6-46ff-a945-a8eab11748cc,2026-09-06T10:42:33.914000+00:00,keydown,82,r,,285.1,,,,,,,,repeated_typing,0,0,,,,,,,,,/app/training,dev_07816792-ddc2-4c7e-b167-1da450c46a18,,,,,,,,,,,,,,,,,,,,,,,,,,,,,,,,,,,,,,,,,,,,,,,,,,,,,,,,,,,,,,,,,,
training_event,training,dba80c84-68fd-45b2-ba28-10f10075b239,33619645-b3e6-46ff-a945-a8eab11748cc,2026-09-06T10:42:33.994000+00:00,keyup,82,,80.6,,,,,,,,,repeated_typing,0,0,,,,,,,,,/app/training,dev_07816792-ddc2-4c7e-b167-1da450c46a18,,,,,,,,,,,,,,,,,,,,,,,,,,,,,,,,,,,,,,,,,,,,,,,,,,,,,,,,,,,,,,,,,,
training_event,training,dba80c84-68fd-45b2-ba28-10f10075b239,33619645-b3e6-46ff-a945-a8eab11748cc,2026-09-06T10:42:34.176000+00:00,keydown,68,d,,262.1,,,,,,,,repeated_typing,0,0,,,,,,,,,/app/training,dev_07816792-ddc2-4c7e-b167-1da450c46a18,,,,,,,,,,,,,,,,,,,,,,,,,,,,,,,,,,,,,,,,,,,,,,,,,,,,,,,,,,,,,,,,,,
training_event,training,dba80c84-68fd-45b2-ba28-10f10075b239,33619645-b3e6-46ff-a945-a8eab11748cc,2026-09-06T10:42:34.270000+00:00,keyup,68,,94.5,,,,,,,,,repeated_typing,0,0,,,,,,,,,/app/training,dev_07816792-ddc2-4c7e-b167-1da450c46a18,,,,,,,,,,,,,,,,,,,,,,,,,,,,,,,,,,,,,,,,,,,,,,,,,,,,,,,,,,,,,,,,,,
training_event,training,dba80c84-68fd-45b2-ba28-10f10075b239,33619645-b3e6-46ff-a945-a8eab11748cc,2026-09-06T10:42:34.369000+00:00,keydown,73,i,,193.6,,,,,,,,repeated_typing,0,0,,,,,,,,,/app/training,dev_07816792-ddc2-4c7e-b167-1da450c46a18,,,,,,,,,,,,,,,,,,,,,,,,,,,,,,,,,,,,,,,,,,,,,,,,,,,,,,,,,,,,,,,,,,
training_event,training,dba80c84-68fd-45b2-ba28-10f10075b239,33619645-b3e6-46ff-a945-a8eab11748cc,2026-09-06T10:42:34.530000+00:00,keyup,73,,160.3,,,,,,,,,repeated_typing,0,0,,,,,,,,,/app/training,dev_07816792-ddc2-4c7e-b167-1da450c46a18,,,,,,,,,,,,,,,,,,,,,,,,,,,,,,,,,,,,,,,,,,,,,,,,,,,,,,,,,,,,,,,,,,
training_event,training,dba80c84-68fd-45b2-ba28-10f10075b239,33619645-b3e6-46ff-a945-a8eab11748cc,2026-09-06T10:42:34.598000+00:00,keydown,65,a,,228.6,,,,,,,,repeated_typing,0,0,,,,,,,,,/app/training,dev_07816792-ddc2-4c7e-b167-1da450c46a18,,,,,,,,,,,,,,,,,,,,,,,,,,,,,,,,,,,,,,,,,,,,,,,,,,,,,,,,,,,,,,,,,,
training_event,training,dba80c84-68fd-45b2-ba28-10f10075b239,33619645-b3e6-46ff-a945-a8eab11748cc,2026-09-06T10:42:34.761000+00:00,keyup,65,,162.9,,,,,,,,,repeated_typing,0,0,,,,,,,,,/app/training,dev_07816792-ddc2-4c7e-b167-1da450c46a18,,,,,,,,,,,,,,,,,,,,,,,,,,,,,,,,,,,,,,,,,,,,,,,,,,,,,,,,,,,,,,,,,,
training_event,training,dba80c84-68fd-45b2-ba28-10f10075b239,33619645-b3e6-46ff-a945-a8eab11748cc,2026-09-06T10:42:34.770000+00:00,keydown,78,n,,171.9,,,,,,,,repeated_typing,0,0,,,,,,,,,/app/training,dev_07816792-ddc2-4c7e-b167-1da450c46a18,,,,,,,,,,,,,,,,,,,,,,,,,,,,,,,,,,,,,,,,,,,,,,,,,,,,,,,,,,,,,,,,,,
training_event,training,dba80c84-68fd-45b2-ba28-10f10075b239,33619645-b3e6-46ff-a945-a8eab11748cc,2026-09-06T10:42:34.872000+00:00,keyup,78,,101.8,,,,,,,,,repeated_typing,0,0,,,,,,,,,/app/training,dev_07816792-ddc2-4c7e-b167-1da450c46a18,,,,,,,,,,,,,,,,,,,,,,,,,,,,,,,,,,,,,,,,,,,,,,,,,,,,,,,,,,,,,,,,,,
training_event,training,dba80c84-68fd-45b2-ba28-10f10075b239,33619645-b3e6-46ff-a945-a8eab11748cc,2026-09-06T10:42:35.014000+00:00,keydown,32, ,,243.7,,,,,,,,repeated_typing,0,0,,,,,,,,,/app/training,dev_07816792-ddc2-4c7e-b167-1da450c46a18,,,,,,,,,,,,,,,,,,,,,,,,,,,,,,,,,,,,,,,,,,,,,,,,,,,,,,,,,,,,,,,,,,
training_event,training,dba80c84-68fd-45b2-ba28-10f10075b239,33619645-b3e6-46ff-a945-a8eab11748cc,2026-09-06T10:42:35.125000+00:00,keyup,32,,111.4,,,,,,,,,repeated_typing,0,0,,,,,,,,,/app/training,dev_07816792-ddc2-4c7e-b167-1da450c46a18,,,,,,,,,,,,,,,,,,,,,,,,,,,,,,,,,,,,,,,,,,,,,,,,,,,,,,,,,,,,,,,,,,
training_event,training,dba80c84-68fd-45b2-ba28-10f10075b239,33619645-b3e6-46ff-a945-a8eab11748cc,2026-09-06T10:42:35.764000+00:00,keydown,66,B,,750.2,,,,,,,,repeated_typing,0,0,,,,,,,,,/app/training,dev_07816792-ddc2-4c7e-b167-1da450c46a18,,,,,,,,,,,,,,,,,,,,,,,,,,,,,,,,,,,,,,,,,,,,,,,,,,,,,,,,,,,,,,,,,,
training_event,training,dba80c84-68fd-45b2-ba28-10f10075b239,33619645-b3e6-46ff-a945-a8eab11748cc,2026-09-06T10:42:35.860000+00:00,keyup,66,,96.5,,,,,,,,,repeated_typing,0,0,,,,,,,,,/app/training,dev_07816792-ddc2-4c7e-b167-1da450c46a18,,,,,,,,,,,,,,,,,,,,,,,,,,,,,,,,,,,,,,,,,,,,,,,,,,,,,,,,,,,,,,,,,,
training_event,training,dba80c84-68fd-45b2-ba28-10f10075b239,33619645-b3e6-46ff-a945-a8eab11748cc,2026-09-06T10:42:36.995000+00:00,keydown,65,a,,1231.2,,,,,,,,repeated_typing,0,0,,,,,,,,,/app/training,dev_07816792-ddc2-4c7e-b167-1da450c46a18,,,,,,,,,,,,,,,,,,,,,,,,,,,,,,,,,,,,,,,,,,,,,,,,,,,,,,,,,,,,,,,,,,
training_event,training,dba80c84-68fd-45b2-ba28-10f10075b239,33619645-b3e6-46ff-a945-a8eab11748cc,2026-09-06T10:42:37.126000+00:00,keyup,65,,130.8,,,,,,,,,repeated_typing,0,0,,,,,,,,,/app/training,dev_07816792-ddc2-4c7e-b167-1da450c46a18,,,,,,,,,,,,,,,,,,,,,,,,,,,,,,,,,,,,,,,,,,,,,,,,,,,,,,,,,,,,,,,,,,
training_event,training,dba80c84-68fd-45b2-ba28-10f10075b239,33619645-b3e6-46ff-a945-a8eab11748cc,2026-09-06T10:42:37.224000+00:00,keydown,78,n,,228.7,,,,,,,,repeated_typing,0,0,,,,,,,,,/app/training,dev_07816792-ddc2-4c7e-b167-1da450c46a18,,,,,,,,,,,,,,,,,,,,,,,,,,,,,,,,,,,,,,,,,,,,,,,,,,,,,,,,,,,,,,,,,,
training_event,training,dba80c84-68fd-45b2-ba28-10f10075b239,33619645-b3e6-46ff-a945-a8eab11748cc,2026-09-06T10:42:37.361000+00:00,keyup,78,,137.4,,,,,,,,,repeated_typing,0,0,,,,,,,,,/app/training,dev_07816792-ddc2-4c7e-b167-1da450c46a18,,,,,,,,,,,,,,,,,,,,,,,,,,,,,,,,,,,,,,,,,,,,,,,,,,,,,,,,,,,,,,,,,,
training_event,training,dba80c84-68fd-45b2-ba28-10f10075b239,33619645-b3e6-46ff-a945-a8eab11748cc,2026-09-06T10:42:37.560000+00:00,keydown,75,k,,336.4,,,,,,,,repeated_typing,0,0,,,,,,,,,/app/training,dev_07816792-ddc2-4c7e-b167-1da450c46a18,,,,,,,,,,,,,,,,,,,,,,,,,,,,,,,,,,,,,,,,,,,,,,,,,,,,,,,,,,,,,,,,,,
training_event,training,dba80c84-68fd-45b2-ba28-10f10075b239,33619645-b3e6-46ff-a945-a8eab11748cc,2026-09-06T10:42:37.661000+00:00,keyup,75,,100.9,,,,,,,,,repeated_typing,0,0,,,,,,,,,/app/training,dev_07816792-ddc2-4c7e-b167-1da450c46a18,,,,,,,,,,,,,,,,,,,,,,,,,,,,,,,,,,,,,,,,,,,,,,,,,,,,,,,,,,,,,,,,,,
training_event,training,dba80c84-68fd-45b2-ba28-10f10075b239,33619645-b3e6-46ff-a945-a8eab11748cc,2026-09-06T10:42:37.775000+00:00,keydown,73,i,,215.4,,,,,,,,repeated_typing,0,0,,,,,,,,,/app/training,dev_07816792-ddc2-4c7e-b167-1da450c46a18,,,,,,,,,,,,,,,,,,,,,,,,,,,,,,,,,,,,,,,,,,,,,,,,,,,,,,,,,,,,,,,,,,
training_event,training,dba80c84-68fd-45b2-ba28-10f10075b239,33619645-b3e6-46ff-a945-a8eab11748cc,2026-09-06T10:42:37.860000+00:00,keyup,73,,84.8,,,,,,,,,repeated_typing,0,0,,,,,,,,,/app/training,dev_07816792-ddc2-4c7e-b167-1da450c46a18,,,,,,,,,,,,,,,,,,,,,,,,,,,,,,,,,,,,,,,,,,,,,,,,,,,,,,,,,,,,,,,,,,
training_event,training,dba80c84-68fd-45b2-ba28-10f10075b239,33619645-b3e6-46ff-a945-a8eab11748cc,2026-09-06T10:42:37.984000+00:00,keydown,78,n,,208.9,,,,,,,,repeated_typing,0,0,,,,,,,,,/app/training,dev_07816792-ddc2-4c7e-b167-1da450c46a18,,,,,,,,,,,,,,,,,,,,,,,,,,,,,,,,,,,,,,,,,,,,,,,,,,,,,,,,,,,,,,,,,,
training_event,training,dba80c84-68fd-45b2-ba28-10f10075b239,33619645-b3e6-46ff-a945-a8eab11748cc,2026-09-06T10:42:38.086000+00:00,keyup,78,,101.6,,,,,,,,,repeated_typing,0,0,,,,,,,,,/app/training,dev_07816792-ddc2-4c7e-b167-1da450c46a18,,,,,,,,,,,,,,,,,,,,,,,,,,,,,,,,,,,,,,,,,,,,,,,,,,,,,,,,,,,,,,,,,,
training_event,training,dba80c84-68fd-45b2-ba28-10f10075b239,33619645-b3e6-46ff-a945-a8eab11748cc,2026-09-06T10:42:38.374000+00:00,keydown,71,g,,389.2,,,,,,,,repeated_typing,0,0,,,,,,,,,/app/training,dev_07816792-ddc2-4c7e-b167-1da450c46a18,,,,,,,,,,,,,,,,,,,,,,,,,,,,,,,,,,,,,,,,,,,,,,,,,,,,,,,,,,,,,,,,,,
training_event,training,dba80c84-68fd-45b2-ba28-10f10075b239,33619645-b3e6-46ff-a945-a8eab11748cc,2026-09-06T10:42:38.521000+00:00,keyup,71,,147.0,,,,,,,,,repeated_typing,0,0,,,,,,,,,/app/training,dev_07816792-ddc2-4c7e-b167-1da450c46a18,,,,,,,,,,,,,,,,,,,,,,,,,,,,,,,,,,,,,,,,,,,,,,,,,,,,,,,,,,,,,,,,,,
training_event,training,dba80c84-68fd-45b2-ba28-10f10075b239,33619645-b3e6-46ff-a945-a8eab11748cc,2026-09-06T10:42:38.555000+00:00,keydown,32, ,,181.0,,,,,,,,repeated_typing,0,0,,,,,,,,,/app/training,dev_07816792-ddc2-4c7e-b167-1da450c46a18,,,,,,,,,,,,,,,,,,,,,,,,,,,,,,,,,,,,,,,,,,,,,,,,,,,,,,,,,,,,,,,,,,
training_event,training,dba80c84-68fd-45b2-ba28-10f10075b239,33619645-b3e6-46ff-a945-a8eab11748cc,2026-09-06T10:42:38.671000+00:00,keyup,32,,116.6,,,,,,,,,repeated_typing,0,0,,,,,,,,,/app/training,dev_07816792-ddc2-4c7e-b167-1da450c46a18,,,,,,,,,,,,,,,,,,,,,,,,,,,,,,,,,,,,,,,,,,,,,,,,,,,,,,,,,,,,,,,,,,
training_event,training,dba80c84-68fd-45b2-ba28-10f10075b239,33619645-b3e6-46ff-a945-a8eab11748cc,2026-09-06T10:42:39.349000+00:00,keydown,83,S,,794.3,,,,,,,,repeated_typing,0,0,,,,,,,,,/app/training,dev_07816792-ddc2-4c7e-b167-1da450c46a18,,,,,,,,,,,,,,,,,,,,,,,,,,,,,,,,,,,,,,,,,,,,,,,,,,,,,,,,,,,,,,,,,,
training_event,training,dba80c84-68fd-45b2-ba28-10f10075b239,33619645-b3e6-46ff-a945-a8eab11748cc,2026-09-06T10:42:39.445000+00:00,keyup,83,,96.0,,,,,,,,,repeated_typing,0,0,,,,,,,,,/app/training,dev_07816792-ddc2-4c7e-b167-1da450c46a18,,,,,,,,,,,,,,,,,,,,,,,,,,,,,,,,,,,,,,,,,,,,,,,,,,,,,,,,,,,,,,,,,,
training_event,training,dba80c84-68fd-45b2-ba28-10f10075b239,33619645-b3e6-46ff-a945-a8eab11748cc,2026-09-06T10:42:39.569000+00:00,keydown,69,e,,220.2,,,,,,,,repeated_typing,0,0,,,,,,,,,/app/training,dev_07816792-ddc2-4c7e-b167-1da450c46a18,,,,,,,,,,,,,,,,,,,,,,,,,,,,,,,,,,,,,,,,,,,,,,,,,,,,,,,,,,,,,,,,,,
training_event,training,dba80c84-68fd-45b2-ba28-10f10075b239,33619645-b3e6-46ff-a945-a8eab11748cc,2026-09-06T10:42:39.665000+00:00,keyup,69,,96.0,,,,,,,,,repeated_typing,0,0,,,,,,,,,/app/training,dev_07816792-ddc2-4c7e-b167-1da450c46a18,,,,,,,,,,,,,,,,,,,,,,,,,,,,,,,,,,,,,,,,,,,,,,,,,,,,,,,,,,,,,,,,,,
training_event,training,dba80c84-68fd-45b2-ba28-10f10075b239,33619645-b3e6-46ff-a945-a8eab11748cc,2026-09-06T10:42:39.864000+00:00,keydown,67,c,,294.5,,,,,,,,repeated_typing,0,0,,,,,,,,,/app/training,dev_07816792-ddc2-4c7e-b167-1da450c46a18,,,,,,,,,,,,,,,,,,,,,,,,,,,,,,,,,,,,,,,,,,,,,,,,,,,,,,,,,,,,,,,,,,
training_event,training,dba80c84-68fd-45b2-ba28-10f10075b239,33619645-b3e6-46ff-a945-a8eab11748cc,2026-09-06T10:42:39.946000+00:00,keyup,67,,82.0,,,,,,,,,repeated_typing,0,0,,,,,,,,,/app/training,dev_07816792-ddc2-4c7e-b167-1da450c46a18,,,,,,,,,,,,,,,,,,,,,,,,,,,,,,,,,,,,,,,,,,,,,,,,,,,,,,,,,,,,,,,,,,
training_event,training,dba80c84-68fd-45b2-ba28-10f10075b239,33619645-b3e6-46ff-a945-a8eab11748cc,2026-09-06T10:42:40.128000+00:00,keydown,85,u,,264.9,,,,,,,,repeated_typing,0,0,,,,,,,,,/app/training,dev_07816792-ddc2-4c7e-b167-1da450c46a18,,,,,,,,,,,,,,,,,,,,,,,,,,,,,,,,,,,,,,,,,,,,,,,,,,,,,,,,,,,,,,,,,,
training_event,training,dba80c84-68fd-45b2-ba28-10f10075b239,33619645-b3e6-46ff-a945-a8eab11748cc,2026-09-06T10:42:40.241000+00:00,keyup,85,,112.7,,,,,,,,,repeated_typing,0,0,,,,,,,,,/app/training,dev_07816792-ddc2-4c7e-b167-1da450c46a18,,,,,,,,,,,,,,,,,,,,,,,,,,,,,,,,,,,,,,,,,,,,,,,,,,,,,,,,,,,,,,,,,,
training_event,training,dba80c84-68fd-45b2-ba28-10f10075b239,33619645-b3e6-46ff-a945-a8eab11748cc,2026-09-06T10:42:40.295000+00:00,keydown,82,r,,166.3,,,,,,,,repeated_typing,0,0,,,,,,,,,/app/training,dev_07816792-ddc2-4c7e-b167-1da450c46a18,,,,,,,,,,,,,,,,,,,,,,,,,,,,,,,,,,,,,,,,,,,,,,,,,,,,,,,,,,,,,,,,,,
training_event,training,dba80c84-68fd-45b2-ba28-10f10075b239,33619645-b3e6-46ff-a945-a8eab11748cc,2026-09-06T10:42:40.406000+00:00,keyup,82,,111.4,,,,,,,,,repeated_typing,0,0,,,,,,,,,/app/training,dev_07816792-ddc2-4c7e-b167-1da450c46a18,,,,,,,,,,,,,,,,,,,,,,,,,,,,,,,,,,,,,,,,,,,,,,,,,,,,,,,,,,,,,,,,,,
training_event,training,dba80c84-68fd-45b2-ba28-10f10075b239,33619645-b3e6-46ff-a945-a8eab11748cc,2026-09-06T10:42:40.478000+00:00,keydown,73,i,,183.1,,,,,,,,repeated_typing,0,0,,,,,,,,,/app/training,dev_07816792-ddc2-4c7e-b167-1da450c46a18,,,,,,,,,,,,,,,,,,,,,,,,,,,,,,,,,,,,,,,,,,,,,,,,,,,,,,,,,,,,,,,,,,
training_event,training,dba80c84-68fd-45b2-ba28-10f10075b239,33619645-b3e6-46ff-a945-a8eab11748cc,2026-09-06T10:42:40.616000+00:00,keyup,73,,137.9,,,,,,,,,repeated_typing,0,0,,,,,,,,,/app/training,dev_07816792-ddc2-4c7e-b167-1da450c46a18,,,,,,,,,,,,,,,,,,,,,,,,,,,,,,,,,,,,,,,,,,,,,,,,,,,,,,,,,,,,,,,,,,
training_event,training,dba80c84-68fd-45b2-ba28-10f10075b239,33619645-b3e6-46ff-a945-a8eab11748cc,2026-09-06T10:42:40.644000+00:00,keydown,84,t,,166.2,,,,,,,,repeated_typing,0,0,,,,,,,,,/app/training,dev_07816792-ddc2-4c7e-b167-1da450c46a18,,,,,,,,,,,,,,,,,,,,,,,,,,,,,,,,,,,,,,,,,,,,,,,,,,,,,,,,,,,,,,,,,,
training_event,training,dba80c84-68fd-45b2-ba28-10f10075b239,33619645-b3e6-46ff-a945-a8eab11748cc,2026-09-06T10:42:40.762000+00:00,keyup,84,,117.7,,,,,,,,,repeated_typing,0,0,,,,,,,,,/app/training,dev_07816792-ddc2-4c7e-b167-1da450c46a18,,,,,,,,,,,,,,,,,,,,,,,,,,,,,,,,,,,,,,,,,,,,,,,,,,,,,,,,,,,,,,,,,,
training_event,training,dba80c84-68fd-45b2-ba28-10f10075b239,33619645-b3e6-46ff-a945-a8eab11748cc,2026-09-06T10:42:40.850000+00:00,keydown,89,y,,205.7,,,,,,,,repeated_typing,0,0,,,,,,,,,/app/training,dev_07816792-ddc2-4c7e-b167-1da450c46a18,,,,,,,,,,,,,,,,,,,,,,,,,,,,,,,,,,,,,,,,,,,,,,,,,,,,,,,,,,,,,,,,,,
training_event,training,dba80c84-68fd-45b2-ba28-10f10075b239,e89e2e6c-6152-41b5-8fbd-c9fd64d70349,2026-09-06T10:51:55.961000+00:00,keydown,79,O,,,,,,,,,,paragraph_typing,0,,,,,,,,,,/app/training,dev_07816792-ddc2-4c7e-b167-1da450c46a18,,,,,,,,,,,,,,,,,,,,,,,,,,,,,,,,,,,,,,,,,,,,,,,,,,,,,,,,,,,,,,,,,,
training_event,training,dba80c84-68fd-45b2-ba28-10f10075b239,e89e2e6c-6152-41b5-8fbd-c9fd64d70349,2026-09-06T10:51:56.084000+00:00,keyup,79,,122.5,,,,,,,,,paragraph_typing,0,,,,,,,,,,/app/training,dev_07816792-ddc2-4c7e-b167-1da450c46a18,,,,,,,,,,,,,,,,,,,,,,,,,,,,,,,,,,,,,,,,,,,,,,,,,,,,,,,,,,,,,,,,,,
training_event,training,dba80c84-68fd-45b2-ba28-10f10075b239,e89e2e6c-6152-41b5-8fbd-c9fd64d70349,2026-09-06T10:51:56.332000+00:00,keydown,78,n,,370.9,,,,,,,,paragraph_typing,0,,,,,,,,,,/app/training,dev_07816792-ddc2-4c7e-b167-1da450c46a18,,,,,,,,,,,,,,,,,,,,,,,,,,,,,,,,,,,,,,,,,,,,,,,,,,,,,,,,,,,,,,,,,,
training_event,training,dba80c84-68fd-45b2-ba28-10f10075b239,e89e2e6c-6152-41b5-8fbd-c9fd64d70349,2026-09-06T10:51:56.374000+00:00,keyup,78,,41.7,,,,,,,,,paragraph_typing,0,,,,,,,,,,/app/training,dev_07816792-ddc2-4c7e-b167-1da450c46a18,,,,,,,,,,,,,,,,,,,,,,,,,,,,,,,,,,,,,,,,,,,,,,,,,,,,,,,,,,,,,,,,,,
training_event,training,dba80c84-68fd-45b2-ba28-10f10075b239,e89e2e6c-6152-41b5-8fbd-c9fd64d70349,2026-09-06T10:51:56.668000+00:00,keydown,76,l,,335.8,,,,,,,,paragraph_typing,0,,,,,,,,,,/app/training,dev_07816792-ddc2-4c7e-b167-1da450c46a18,,,,,,,,,,,,,,,,,,,,,,,,,,,,,,,,,,,,,,,,,,,,,,,,,,,,,,,,,,,,,,,,,,
training_event,training,dba80c84-68fd-45b2-ba28-10f10075b239,e89e2e6c-6152-41b5-8fbd-c9fd64d70349,2026-09-06T10:51:56.777000+00:00,keyup,76,,109.8,,,,,,,,,paragraph_typing,0,,,,,,,,,,/app/training,dev_07816792-ddc2-4c7e-b167-1da450c46a18,,,,,,,,,,,,,,,,,,,,,,,,,,,,,,,,,,,,,,,,,,,,,,,,,,,,,,,,,,,,,,,,,,
training_event,training,dba80c84-68fd-45b2-ba28-10f10075b239,e89e2e6c-6152-41b5-8fbd-c9fd64d70349,2026-09-06T10:51:56.907000+00:00,keydown,73,i,,239.3,,,,,,,,paragraph_typing,0,,,,,,,,,,/app/training,dev_07816792-ddc2-4c7e-b167-1da450c46a18,,,,,,,,,,,,,,,,,,,,,,,,,,,,,,,,,,,,,,,,,,,,,,,,,,,,,,,,,,,,,,,,,,
training_event,training,dba80c84-68fd-45b2-ba28-10f10075b239,e89e2e6c-6152-41b5-8fbd-c9fd64d70349,2026-09-06T10:51:56.988000+00:00,keyup,73,,81.0,,,,,,,,,paragraph_typing,0,,,,,,,,,,/app/training,dev_07816792-ddc2-4c7e-b167-1da450c46a18,,,,,,,,,,,,,,,,,,,,,,,,,,,,,,,,,,,,,,,,,,,,,,,,,,,,,,,,,,,,,,,,,,
training_event,training,dba80c84-68fd-45b2-ba28-10f10075b239,e89e2e6c-6152-41b5-8fbd-c9fd64d70349,2026-09-06T10:51:57.131000+00:00,keydown,78,n,,223.7,,,,,,,,paragraph_typing,0,,,,,,,,,,/app/training,dev_07816792-ddc2-4c7e-b167-1da450c46a18,,,,,,,,,,,,,,,,,,,,,,,,,,,,,,,,,,,,,,,,,,,,,,,,,,,,,,,,,,,,,,,,,,
training_event,training,dba80c84-68fd-45b2-ba28-10f10075b239,e89e2e6c-6152-41b5-8fbd-c9fd64d70349,2026-09-06T10:51:57.252000+00:00,keyup,78,,121.4,,,,,,,,,paragraph_typing,0,,,,,,,,,,/app/training,dev_07816792-ddc2-4c7e-b167-1da450c46a18,,,,,,,,,,,,,,,,,,,,,,,,,,,,,,,,,,,,,,,,,,,,,,,,,,,,,,,,,,,,,,,,,,
training_event,training,dba80c84-68fd-45b2-ba28-10f10075b239,e89e2e6c-6152-41b5-8fbd-c9fd64d70349,2026-09-06T10:51:57.275000+00:00,keydown,69,e,,144.2,,,,,,,,paragraph_typing,0,,,,,,,,,,/app/training,dev_07816792-ddc2-4c7e-b167-1da450c46a18,,,,,,,,,,,,,,,,,,,,,,,,,,,,,,,,,,,,,,,,,,,,,,,,,,,,,,,,,,,,,,,,,,
training_event,training,dba80c84-68fd-45b2-ba28-10f10075b239,e89e2e6c-6152-41b5-8fbd-c9fd64d70349,2026-09-06T10:51:57.433000+00:00,keyup,69,,157.6,,,,,,,,,paragraph_typing,0,,,,,,,,,,/app/training,dev_07816792-ddc2-4c7e-b167-1da450c46a18,,,,,,,,,,,,,,,,,,,,,,,,,,,,,,,,,,,,,,,,,,,,,,,,,,,,,,,,,,,,,,,,,,
training_event,training,dba80c84-68fd-45b2-ba28-10f10075b239,e89e2e6c-6152-41b5-8fbd-c9fd64d70349,2026-09-06T10:51:57.439000+00:00,keydown,32, ,,164.4,,,,,,,,paragraph_typing,0,,,,,,,,,,/app/training,dev_07816792-ddc2-4c7e-b167-1da450c46a18,,,,,,,,,,,,,,,,,,,,,,,,,,,,,,,,,,,,,,,,,,,,,,,,,,,,,,,,,,,,,,,,,,
training_event,training,dba80c84-68fd-45b2-ba28-10f10075b239,e89e2e6c-6152-41b5-8fbd-c9fd64d70349,2026-09-06T10:51:57.537000+00:00,keyup,32,,97.6,,,,,,,,,paragraph_typing,0,,,,,,,,,,/app/training,dev_07816792-ddc2-4c7e-b167-1da450c46a18,,,,,,,,,,,,,,,,,,,,,,,,,,,,,,,,,,,,,,,,,,,,,,,,,,,,,,,,,,,,,,,,,,
training_event,training,dba80c84-68fd-45b2-ba28-10f10075b239,e89e2e6c-6152-41b5-8fbd-c9fd64d70349,2026-09-06T10:51:58.344000+00:00,keydown,66,b,,905.1,,,,,,,,paragraph_typing,0,,,,,,,,,,/app/training,dev_07816792-ddc2-4c7e-b167-1da450c46a18,,,,,,,,,,,,,,,,,,,,,,,,,,,,,,,,,,,,,,,,,,,,,,,,,,,,,,,,,,,,,,,,,,
training_event,training,dba80c84-68fd-45b2-ba28-10f10075b239,e89e2e6c-6152-41b5-8fbd-c9fd64d70349,2026-09-06T10:51:58.461000+00:00,keyup,66,,116.6,,,,,,,,,paragraph_typing,0,,,,,,,,,,/app/training,dev_07816792-ddc2-4c7e-b167-1da450c46a18,,,,,,,,,,,,,,,,,,,,,,,,,,,,,,,,,,,,,,,,,,,,,,,,,,,,,,,,,,,,,,,,,,
training_event,training,dba80c84-68fd-45b2-ba28-10f10075b239,e89e2e6c-6152-41b5-8fbd-c9fd64d70349,2026-09-06T10:51:58.497000+00:00,keydown,65,a,,152.4,,,,,,,,paragraph_typing,0,,,,,,,,,,/app/training,dev_07816792-ddc2-4c7e-b167-1da450c46a18,,,,,,,,,,,,,,,,,,,,,,,,,,,,,,,,,,,,,,,,,,,,,,,,,,,,,,,,,,,,,,,,,,
training_event,training,dba80c84-68fd-45b2-ba28-10f10075b239,e89e2e6c-6152-41b5-8fbd-c9fd64d70349,2026-09-06T10:51:58.648000+00:00,keyup,65,,151.3,,,,,,,,,paragraph_typing,0,,,,,,,,,,/app/training,dev_07816792-ddc2-4c7e-b167-1da450c46a18,,,,,,,,,,,,,,,,,,,,,,,,,,,,,,,,,,,,,,,,,,,,,,,,,,,,,,,,,,,,,,,,,,
training_event,training,dba80c84-68fd-45b2-ba28-10f10075b239,e89e2e6c-6152-41b5-8fbd-c9fd64d70349,2026-09-06T10:51:58.821000+00:00,keydown,78,n,,324.1,,,,,,,,paragraph_typing,0,,,,,,,,,,/app/training,dev_07816792-ddc2-4c7e-b167-1da450c46a18,,,,,,,,,,,,,,,,,,,,,,,,,,,,,,,,,,,,,,,,,,,,,,,,,,,,,,,,,,,,,,,,,,
training_event,training,dba80c84-68fd-45b2-ba28-10f10075b239,e89e2e6c-6152-41b5-8fbd-c9fd64d70349,2026-09-06T10:51:58.898000+00:00,keyup,78,,76.9,,,,,,,,,paragraph_typing,0,,,,,,,,,,/app/training,dev_07816792-ddc2-4c7e-b167-1da450c46a18,,,,,,,,,,,,,,,,,,,,,,,,,,,,,,,,,,,,,,,,,,,,,,,,,,,,,,,,,,,,,,,,,,
training_event,training,dba80c84-68fd-45b2-ba28-10f10075b239,e89e2e6c-6152-41b5-8fbd-c9fd64d70349,2026-09-06T10:51:59.045000+00:00,keydown,75,k,,223.7,,,,,,,,paragraph_typing,0,,,,,,,,,,/app/training,dev_07816792-ddc2-4c7e-b167-1da450c46a18,,,,,,,,,,,,,,,,,,,,,,,,,,,,,,,,,,,,,,,,,,,,,,,,,,,,,,,,,,,,,,,,,,
training_event,training,dba80c84-68fd-45b2-ba28-10f10075b239,e89e2e6c-6152-41b5-8fbd-c9fd64d70349,2026-09-06T10:51:59.153000+00:00,keyup,75,,108.5,,,,,,,,,paragraph_typing,0,,,,,,,,,,/app/training,dev_07816792-ddc2-4c7e-b167-1da450c46a18,,,,,,,,,,,,,,,,,,,,,,,,,,,,,,,,,,,,,,,,,,,,,,,,,,,,,,,,,,,,,,,,,,
training_event,training,dba80c84-68fd-45b2-ba28-10f10075b239,e89e2e6c-6152-41b5-8fbd-c9fd64d70349,2026-09-06T10:51:59.265000+00:00,keydown,73,i,,220.4,,,,,,,,paragraph_typing,0,,,,,,,,,,/app/training,dev_07816792-ddc2-4c7e-b167-1da450c46a18,,,,,,,,,,,,,,,,,,,,,,,,,,,,,,,,,,,,,,,,,,,,,,,,,,,,,,,,,,,,,,,,,,
training_event,training,dba80c84-68fd-45b2-ba28-10f10075b239,e89e2e6c-6152-41b5-8fbd-c9fd64d70349,2026-09-06T10:51:59.364000+00:00,keyup,73,,99.2,,,,,,,,,paragraph_typing,0,,,,,,,,,,/app/training,dev_07816792-ddc2-4c7e-b167-1da450c46a18,,,,,,,,,,,,,,,,,,,,,,,,,,,,,,,,,,,,,,,,,,,,,,,,,,,,,,,,,,,,,,,,,,
training_event,training,dba80c84-68fd-45b2-ba28-10f10075b239,e89e2e6c-6152-41b5-8fbd-c9fd64d70349,2026-09-06T10:51:59.505000+00:00,keydown,78,n,,240.3,,,,,,,,paragraph_typing,0,,,,,,,,,,/app/training,dev_07816792-ddc2-4c7e-b167-1da450c46a18,,,,,,,,,,,,,,,,,,,,,,,,,,,,,,,,,,,,,,,,,,,,,,,,,,,,,,,,,,,,,,,,,,
training_event,training,dba80c84-68fd-45b2-ba28-10f10075b239,e89e2e6c-6152-41b5-8fbd-c9fd64d70349,2026-09-06T10:51:59.661000+00:00,keyup,78,,155.9,,,,,,,,,paragraph_typing,0,,,,,,,,,,/app/training,dev_07816792-ddc2-4c7e-b167-1da450c46a18,,,,,,,,,,,,,,,,,,,,,,,,,,,,,,,,,,,,,,,,,,,,,,,,,,,,,,,,,,,,,,,,,,
training_event,training,dba80c84-68fd-45b2-ba28-10f10075b239,e89e2e6c-6152-41b5-8fbd-c9fd64d70349,2026-09-06T10:51:59.736000+00:00,keydown,71,g,,230.7,,,,,,,,paragraph_typing,0,,,,,,,,,,/app/training,dev_07816792-ddc2-4c7e-b167-1da450c46a18,,,,,,,,,,,,,,,,,,,,,,,,,,,,,,,,,,,,,,,,,,,,,,,,,,,,,,,,,,,,,,,,,,
training_event,training,dba80c84-68fd-45b2-ba28-10f10075b239,e89e2e6c-6152-41b5-8fbd-c9fd64d70349,2026-09-06T10:51:59.853000+00:00,keyup,71,,117.1,,,,,,,,,paragraph_typing,0,,,,,,,,,,/app/training,dev_07816792-ddc2-4c7e-b167-1da450c46a18,,,,,,,,,,,,,,,,,,,,,,,,,,,,,,,,,,,,,,,,,,,,,,,,,,,,,,,,,,,,,,,,,,
training_event,training,dba80c84-68fd-45b2-ba28-10f10075b239,e89e2e6c-6152-41b5-8fbd-c9fd64d70349,2026-09-06T10:51:59.910000+00:00,keydown,32, ,,174.1,,,,,,,,paragraph_typing,0,,,,,,,,,,/app/training,dev_07816792-ddc2-4c7e-b167-1da450c46a18,,,,,,,,,,,,,,,,,,,,,,,,,,,,,,,,,,,,,,,,,,,,,,,,,,,,,,,,,,,,,,,,,,
training_event,training,dba80c84-68fd-45b2-ba28-10f10075b239,e89e2e6c-6152-41b5-8fbd-c9fd64d70349,2026-09-06T10:51:59.987000+00:00,keyup,32,,76.9,,,,,,,,,paragraph_typing,0,,,,,,,,,,/app/training,dev_07816792-ddc2-4c7e-b167-1da450c46a18,,,,,,,,,,,,,,,,,,,,,,,,,,,,,,,,,,,,,,,,,,,,,,,,,,,,,,,,,,,,,,,,,,
training_event,training,dba80c84-68fd-45b2-ba28-10f10075b239,e89e2e6c-6152-41b5-8fbd-c9fd64d70349,2026-09-06T10:52:00.490000+00:00,keydown,83,s,,579.7,,,,,,,,paragraph_typing,0,,,,,,,,,,/app/training,dev_07816792-ddc2-4c7e-b167-1da450c46a18,,,,,,,,,,,,,,,,,,,,,,,,,,,,,,,,,,,,,,,,,,,,,,,,,,,,,,,,,,,,,,,,,,
training_event,training,dba80c84-68fd-45b2-ba28-10f10075b239,e89e2e6c-6152-41b5-8fbd-c9fd64d70349,2026-09-06T10:52:00.623000+00:00,keyup,83,,133.3,,,,,,,,,paragraph_typing,0,,,,,,,,,,/app/training,dev_07816792-ddc2-4c7e-b167-1da450c46a18,,,,,,,,,,,,,,,,,,,,,,,,,,,,,,,,,,,,,,,,,,,,,,,,,,,,,,,,,,,,,,,,,,
training_event,training,dba80c84-68fd-45b2-ba28-10f10075b239,e89e2e6c-6152-41b5-8fbd-c9fd64d70349,2026-09-06T10:52:00.631000+00:00,keydown,72,h,,141.0,,,,,,,,paragraph_typing,0,,,,,,,,,,/app/training,dev_07816792-ddc2-4c7e-b167-1da450c46a18,,,,,,,,,,,,,,,,,,,,,,,,,,,,,,,,,,,,,,,,,,,,,,,,,,,,,,,,,,,,,,,,,,
training_event,training,dba80c84-68fd-45b2-ba28-10f10075b239,e89e2e6c-6152-41b5-8fbd-c9fd64d70349,2026-09-06T10:52:00.706000+00:00,keyup,72,,75.6,,,,,,,,,paragraph_typing,0,,,,,,,,,,/app/training,dev_07816792-ddc2-4c7e-b167-1da450c46a18,,,,,,,,,,,,,,,,,,,,,,,,,,,,,,,,,,,,,,,,,,,,,,,,,,,,,,,,,,,,,,,,,,
training_event,training,dba80c84-68fd-45b2-ba28-10f10075b239,e89e2e6c-6152-41b5-8fbd-c9fd64d70349,2026-09-06T10:52:00.879000+00:00,keydown,79,o,,248.3,,,,,,,,paragraph_typing,0,,,,,,,,,,/app/training,dev_07816792-ddc2-4c7e-b167-1da450c46a18,,,,,,,,,,,,,,,,,,,,,,,,,,,,,,,,,,,,,,,,,,,,,,,,,,,,,,,,,,,,,,,,,,
training_event,training,dba80c84-68fd-45b2-ba28-10f10075b239,e89e2e6c-6152-41b5-8fbd-c9fd64d70349,2026-09-06T10:52:00.976000+00:00,keyup,79,,97.2,,,,,,,,,paragraph_typing,0,,,,,,,,,,/app/training,dev_07816792-ddc2-4c7e-b167-1da450c46a18,,,,,,,,,,,,,,,,,,,,,,,,,,,,,,,,,,,,,,,,,,,,,,,,,,,,,,,,,,,,,,,,,,
training_event,training,dba80c84-68fd-45b2-ba28-10f10075b239,e89e2e6c-6152-41b5-8fbd-c9fd64d70349,2026-09-06T10:52:01.095000+00:00,keydown,85,u,,216.1,,,,,,,,paragraph_typing,0,,,,,,,,,,/app/training,dev_07816792-ddc2-4c7e-b167-1da450c46a18,,,,,,,,,,,,,,,,,,,,,,,,,,,,,,,,,,,,,,,,,,,,,,,,,,,,,,,,,,,,,,,,,,
training_event,training,dba80c84-68fd-45b2-ba28-10f10075b239,e89e2e6c-6152-41b5-8fbd-c9fd64d70349,2026-09-06T10:52:01.187000+00:00,keyup,85,,91.5,,,,,,,,,paragraph_typing,0,,,,,,,,,,/app/training,dev_07816792-ddc2-4c7e-b167-1da450c46a18,,,,,,,,,,,,,,,,,,,,,,,,,,,,,,,,,,,,,,,,,,,,,,,,,,,,,,,,,,,,,,,,,,
training_event,training,dba80c84-68fd-45b2-ba28-10f10075b239,e89e2e6c-6152-41b5-8fbd-c9fd64d70349,2026-09-06T10:52:01.324000+00:00,keydown,76,l,,229.3,,,,,,,,paragraph_typing,0,,,,,,,,,,/app/training,dev_07816792-ddc2-4c7e-b167-1da450c46a18,,,,,,,,,,,,,,,,,,,,,,,,,,,,,,,,,,,,,,,,,,,,,,,,,,,,,,,,,,,,,,,,,,
training_event,training,dba80c84-68fd-45b2-ba28-10f10075b239,e89e2e6c-6152-41b5-8fbd-c9fd64d70349,2026-09-06T10:52:01.476000+00:00,keyup,76,,151.5,,,,,,,,,paragraph_typing,0,,,,,,,,,,/app/training,dev_07816792-ddc2-4c7e-b167-1da450c46a18,,,,,,,,,,,,,,,,,,,,,,,,,,,,,,,,,,,,,,,,,,,,,,,,,,,,,,,,,,,,,,,,,,
training_event,training,dba80c84-68fd-45b2-ba28-10f10075b239,e89e2e6c-6152-41b5-8fbd-c9fd64d70349,2026-09-06T10:52:01.499000+00:00,keydown,68,d,,174.6,,,,,,,,paragraph_typing,0,,,,,,,,,,/app/training,dev_07816792-ddc2-4c7e-b167-1da450c46a18,,,,,,,,,,,,,,,,,,,,,,,,,,,,,,,,,,,,,,,,,,,,,,,,,,,,,,,,,,,,,,,,,,
training_event,training,dba80c84-68fd-45b2-ba28-10f10075b239,e89e2e6c-6152-41b5-8fbd-c9fd64d70349,2026-09-06T10:52:01.615000+00:00,keydown,32, ,,115.5,,,,,,,,paragraph_typing,0,,,,,,,,,,/app/training,dev_07816792-ddc2-4c7e-b167-1da450c46a18,,,,,,,,,,,,,,,,,,,,,,,,,,,,,,,,,,,,,,,,,,,,,,,,,,,,,,,,,,,,,,,,,,
training_event,training,dba80c84-68fd-45b2-ba28-10f10075b239,e89e2e6c-6152-41b5-8fbd-c9fd64d70349,2026-09-06T10:52:01.637000+00:00,keyup,68,,138.3,,,,,,,,,paragraph_typing,0,,,,,,,,,,/app/training,dev_07816792-ddc2-4c7e-b167-1da450c46a18,,,,,,,,,,,,,,,,,,,,,,,,,,,,,,,,,,,,,,,,,,,,,,,,,,,,,,,,,,,,,,,,,,
training_event,training,dba80c84-68fd-45b2-ba28-10f10075b239,e89e2e6c-6152-41b5-8fbd-c9fd64d70349,2026-09-06T10:52:01.747000+00:00,keyup,32,,132.9,,,,,,,,,paragraph_typing,0,,,,,,,,,,/app/training,dev_07816792-ddc2-4c7e-b167-1da450c46a18,,,,,,,,,,,,,,,,,,,,,,,,,,,,,,,,,,,,,,,,,,,,,,,,,,,,,,,,,,,,,,,,,,
training_event,training,dba80c84-68fd-45b2-ba28-10f10075b239,e89e2e6c-6152-41b5-8fbd-c9fd64d70349,2026-09-06T10:52:01.986000+00:00,keydown,66,b,,371.6,,,,,,,,paragraph_typing,0,,,,,,,,,,/app/training,dev_07816792-ddc2-4c7e-b167-1da450c46a18,,,,,,,,,,,,,,,,,,,,,,,,,,,,,,,,,,,,,,,,,,,,,,,,,,,,,,,,,,,,,,,,,,
training_event,training,dba80c84-68fd-45b2-ba28-10f10075b239,e89e2e6c-6152-41b5-8fbd-c9fd64d70349,2026-09-06T10:52:02.126000+00:00,keyup,66,,140.2,,,,,,,,,paragraph_typing,0,,,,,,,,,,/app/training,dev_07816792-ddc2-4c7e-b167-1da450c46a18,,,,,,,,,,,,,,,,,,,,,,,,,,,,,,,,,,,,,,,,,,,,,,,,,,,,,,,,,,,,,,,,,,
training_event,training,dba80c84-68fd-45b2-ba28-10f10075b239,e89e2e6c-6152-41b5-8fbd-c9fd64d70349,2026-09-06T10:52:02.188000+00:00,keydown,69,e,,202.2,,,,,,,,paragraph_typing,0,,,,,,,,,,/app/training,dev_07816792-ddc2-4c7e-b167-1da450c46a18,,,,,,,,,,,,,,,,,,,,,,,,,,,,,,,,,,,,,,,,,,,,,,,,,,,,,,,,,,,,,,,,,,
training_event,training,dba80c84-68fd-45b2-ba28-10f10075b239,e89e2e6c-6152-41b5-8fbd-c9fd64d70349,2026-09-06T10:52:02.347000+00:00,keyup,69,,158.9,,,,,,,,,paragraph_typing,0,,,,,,,,,,/app/training,dev_07816792-ddc2-4c7e-b167-1da450c46a18,,,,,,,,,,,,,,,,,,,,,,,,,,,,,,,,,,,,,,,,,,,,,,,,,,,,,,,,,,,,,,,,,,
training_event,training,dba80c84-68fd-45b2-ba28-10f10075b239,e89e2e6c-6152-41b5-8fbd-c9fd64d70349,2026-09-06T10:52:02.508000+00:00,keydown,32, ,,320.1,,,,,,,,paragraph_typing,0,,,,,,,,,,/app/training,dev_07816792-ddc2-4c7e-b167-1da450c46a18,,,,,,,,,,,,,,,,,,,,,,,,,,,,,,,,,,,,,,,,,,,,,,,,,,,,,,,,,,,,,,,,,,
training_event,training,dba80c84-68fd-45b2-ba28-10f10075b239,e89e2e6c-6152-41b5-8fbd-c9fd64d70349,2026-09-06T10:52:02.616000+00:00,keyup,32,,107.5,,,,,,,,,paragraph_typing,0,,,,,,,,,,/app/training,dev_07816792-ddc2-4c7e-b167-1da450c46a18,,,,,,,,,,,,,,,,,,,,,,,,,,,,,,,,,,,,,,,,,,,,,,,,,,,,,,,,,,,,,,,,,,
training_event,training,dba80c84-68fd-45b2-ba28-10f10075b239,e89e2e6c-6152-41b5-8fbd-c9fd64d70349,2026-09-06T10:52:02.774000+00:00,keydown,83,s,,265.5,,,,,,,,paragraph_typing,0,,,,,,,,,,/app/training,dev_07816792-ddc2-4c7e-b167-1da450c46a18,,,,,,,,,,,,,,,,,,,,,,,,,,,,,,,,,,,,,,,,,,,,,,,,,,,,,,,,,,,,,,,,,,
training_event,training,dba80c84-68fd-45b2-ba28-10f10075b239,e89e2e6c-6152-41b5-8fbd-c9fd64d70349,2026-09-06T10:52:02.936000+00:00,keyup,83,,162.3,,,,,,,,,paragraph_typing,0,,,,,,,,,,/app/training,dev_07816792-ddc2-4c7e-b167-1da450c46a18,,,,,,,,,,,,,,,,,,,,,,,,,,,,,,,,,,,,,,,,,,,,,,,,,,,,,,,,,,,,,,,,,,
training_event,training,dba80c84-68fd-45b2-ba28-10f10075b239,e89e2e6c-6152-41b5-8fbd-c9fd64d70349,2026-09-06T10:52:02.971000+00:00,keydown,73,i,,196.5,,,,,,,,paragraph_typing,0,,,,,,,,,,/app/training,dev_07816792-ddc2-4c7e-b167-1da450c46a18,,,,,,,,,,,,,,,,,,,,,,,,,,,,,,,,,,,,,,,,,,,,,,,,,,,,,,,,,,,,,,,,,,
training_event,training,dba80c84-68fd-45b2-ba28-10f10075b239,e89e2e6c-6152-41b5-8fbd-c9fd64d70349,2026-09-06T10:52:03.052000+00:00,keyup,73,,81.5,,,,,,,,,paragraph_typing,0,,,,,,,,,,/app/training,dev_07816792-ddc2-4c7e-b167-1da450c46a18,,,,,,,,,,,,,,,,,,,,,,,,,,,,,,,,,,,,,,,,,,,,,,,,,,,,,,,,,,,,,,,,,,
training_event,training,dba80c84-68fd-45b2-ba28-10f10075b239,e89e2e6c-6152-41b5-8fbd-c9fd64d70349,2026-09-06T10:52:03.194000+00:00,keydown,77,m,,223.7,,,,,,,,paragraph_typing,0,,,,,,,,,,/app/training,dev_07816792-ddc2-4c7e-b167-1da450c46a18,,,,,,,,,,,,,,,,,,,,,,,,,,,,,,,,,,,,,,,,,,,,,,,,,,,,,,,,,,,,,,,,,,
training_event,training,dba80c84-68fd-45b2-ba28-10f10075b239,e89e2e6c-6152-41b5-8fbd-c9fd64d70349,2026-09-06T10:52:03.287000+00:00,keyup,77,,92.5,,,,,,,,,paragraph_typing,0,,,,,,,,,,/app/training,dev_07816792-ddc2-4c7e-b167-1da450c46a18,,,,,,,,,,,,,,,,,,,,,,,,,,,,,,,,,,,,,,,,,,,,,,,,,,,,,,,,,,,,,,,,,,
training_event,training,dba80c84-68fd-45b2-ba28-10f10075b239,e89e2e6c-6152-41b5-8fbd-c9fd64d70349,2026-09-06T10:52:03.445000+00:00,keydown,80,p,,250.4,,,,,,,,paragraph_typing,0,,,,,,,,,,/app/training,dev_07816792-ddc2-4c7e-b167-1da450c46a18,,,,,,,,,,,,,,,,,,,,,,,,,,,,,,,,,,,,,,,,,,,,,,,,,,,,,,,,,,,,,,,,,,
training_event,training,dba80c84-68fd-45b2-ba28-10f10075b239,e89e2e6c-6152-41b5-8fbd-c9fd64d70349,2026-09-06T10:52:03.511000+00:00,keyup,80,,66.4,,,,,,,,,paragraph_typing,0,,,,,,,,,,/app/training,dev_07816792-ddc2-4c7e-b167-1da450c46a18,,,,,,,,,,,,,,,,,,,,,,,,,,,,,,,,,,,,,,,,,,,,,,,,,,,,,,,,,,,,,,,,,,
training_event,training,dba80c84-68fd-45b2-ba28-10f10075b239,e89e2e6c-6152-41b5-8fbd-c9fd64d70349,2026-09-06T10:52:03.649000+00:00,keydown,76,l,,204.4,,,,,,,,paragraph_typing,0,,,,,,,,,,/app/training,dev_07816792-ddc2-4c7e-b167-1da450c46a18,,,,,,,,,,,,,,,,,,,,,,,,,,,,,,,,,,,,,,,,,,,,,,,,,,,,,,,,,,,,,,,,,,
training_event,training,dba80c84-68fd-45b2-ba28-10f10075b239,e89e2e6c-6152-41b5-8fbd-c9fd64d70349,2026-09-06T10:52:03.781000+00:00,keyup,76,,132.0,,,,,,,,,paragraph_typing,0,,,,,,,,,,/app/training,dev_07816792-ddc2-4c7e-b167-1da450c46a18,,,,,,,,,,,,,,,,,,,,,,,,,,,,,,,,,,,,,,,,,,,,,,,,,,,,,,,,,,,,,,,,,,
training_event,training,dba80c84-68fd-45b2-ba28-10f10075b239,e89e2e6c-6152-41b5-8fbd-c9fd64d70349,2026-09-06T10:52:03.828000+00:00,keydown,69,e,,179.1,,,,,,,,paragraph_typing,0,,,,,,,,,,/app/training,dev_07816792-ddc2-4c7e-b167-1da450c46a18,,,,,,,,,,,,,,,,,,,,,,,,,,,,,,,,,,,,,,,,,,,,,,,,,,,,,,,,,,,,,,,,,,
training_event,training,dba80c84-68fd-45b2-ba28-10f10075b239,e89e2e6c-6152-41b5-8fbd-c9fd64d70349,2026-09-06T10:52:03.977000+00:00,keyup,69,,148.7,,,,,,,,,paragraph_typing,0,,,,,,,,,,/app/training,dev_07816792-ddc2-4c7e-b167-1da450c46a18,,,,,,,,,,,,,,,,,,,,,,,,,,,,,,,,,,,,,,,,,,,,,,,,,,,,,,,,,,,,,,,,,,
training_event,training,dba80c84-68fd-45b2-ba28-10f10075b239,e89e2e6c-6152-41b5-8fbd-c9fd64d70349,2026-09-06T10:52:03.981000+00:00,keydown,32, ,,152.7,,,,,,,,paragraph_typing,0,,,,,,,,,,/app/training,dev_07816792-ddc2-4c7e-b167-1da450c46a18,,,,,,,,,,,,,,,,,,,,,,,,,,,,,,,,,,,,,,,,,,,,,,,,,,,,,,,,,,,,,,,,,,
training_event,training,dba80c84-68fd-45b2-ba28-10f10075b239,e89e2e6c-6152-41b5-8fbd-c9fd64d70349,2026-09-06T10:52:04.121000+00:00,keyup,32,,140.2,,,,,,,,,paragraph_typing,0,,,,,,,,,,/app/training,dev_07816792-ddc2-4c7e-b167-1da450c46a18,,,,,,,,,,,,,,,,,,,,,,,,,,,,,,,,,,,,,,,,,,,,,,,,,,,,,,,,,,,,,,,,,,
training_event,training,dba80c84-68fd-45b2-ba28-10f10075b239,e89e2e6c-6152-41b5-8fbd-c9fd64d70349,2026-09-06T10:52:04.885000+00:00,keydown,8,,,903.8,,,,,,,,paragraph_typing,0,,,,,,,,,,/app/training,dev_07816792-ddc2-4c7e-b167-1da450c46a18,,,,,,,,,,,,,,,,,,,,,,,,,,,,,,,,,,,,,,,,,,,,,,,,,,,,,,,,,,,,,,,,,,
training_event,training,dba80c84-68fd-45b2-ba28-10f10075b239,e89e2e6c-6152-41b5-8fbd-c9fd64d70349,2026-09-06T10:52:05.031000+00:00,keyup,8,,146.8,,,,,,,,,paragraph_typing,0,,,,,,,,,,/app/training,dev_07816792-ddc2-4c7e-b167-1da450c46a18,,,,,,,,,,,,,,,,,,,,,,,,,,,,,,,,,,,,,,,,,,,,,,,,,,,,,,,,,,,,,,,,,,
training_event,training,dba80c84-68fd-45b2-ba28-10f10075b239,e89e2e6c-6152-41b5-8fbd-c9fd64d70349,2026-09-06T10:52:05.473000+00:00,keydown,188,",",,588.6,,,,,,,,paragraph_typing,0,,,,,,,,,,/app/training,dev_07816792-ddc2-4c7e-b167-1da450c46a18,,,,,,,,,,,,,,,,,,,,,,,,,,,,,,,,,,,,,,,,,,,,,,,,,,,,,,,,,,,,,,,,,,
training_event,training,dba80c84-68fd-45b2-ba28-10f10075b239,e89e2e6c-6152-41b5-8fbd-c9fd64d70349,2026-09-06T10:52:05.548000+00:00,keyup,188,,75.0,,,,,,,,,paragraph_typing,0,,,,,,,,,,/app/training,dev_07816792-ddc2-4c7e-b167-1da450c46a18,,,,,,,,,,,,,,,,,,,,,,,,,,,,,,,,,,,,,,,,,,,,,,,,,,,,,,,,,,,,,,,,,,
training_event,training,dba80c84-68fd-45b2-ba28-10f10075b239,e89e2e6c-6152-41b5-8fbd-c9fd64d70349,2026-09-06T10:52:06.637000+00:00,keydown,32, ,,1163.8,,,,,,,,paragraph_typing,0,,,,,,,,,,/app/training,dev_07816792-ddc2-4c7e-b167-1da450c46a18,,,,,,,,,,,,,,,,,,,,,,,,,,,,,,,,,,,,,,,,,,,,,,,,,,,,,,,,,,,,,,,,,,
training_event,training,dba80c84-68fd-45b2-ba28-10f10075b239,e89e2e6c-6152-41b5-8fbd-c9fd64d70349,2026-09-06T10:52:06.755000+00:00,keyup,32,,117.6,,,,,,,,,paragraph_typing,0,,,,,,,,,,/app/training,dev_07816792-ddc2-4c7e-b167-1da450c46a18,,,,,,,,,,,,,,,,,,,,,,,,,,,,,,,,,,,,,,,,,,,,,,,,,,,,,,,,,,,,,,,,,,
training_event,training,dba80c84-68fd-45b2-ba28-10f10075b239,e89e2e6c-6152-41b5-8fbd-c9fd64d70349,2026-09-06T10:52:06.829000+00:00,keydown,83,s,,192.1,,,,,,,,paragraph_typing,0,,,,,,,,,,/app/training,dev_07816792-ddc2-4c7e-b167-1da450c46a18,,,,,,,,,,,,,,,,,,,,,,,,,,,,,,,,,,,,,,,,,,,,,,,,,,,,,,,,,,,,,,,,,,
training_event,training,dba80c84-68fd-45b2-ba28-10f10075b239,e89e2e6c-6152-41b5-8fbd-c9fd64d70349,2026-09-06T10:52:06.875000+00:00,keyup,83,,45.5,,,,,,,,,paragraph_typing,0,,,,,,,,,,/app/training,dev_07816792-ddc2-4c7e-b167-1da450c46a18,,,,,,,,,,,,,,,,,,,,,,,,,,,,,,,,,,,,,,,,,,,,,,,,,,,,,,,,,,,,,,,,,,
training_event,training,dba80c84-68fd-45b2-ba28-10f10075b239,e89e2e6c-6152-41b5-8fbd-c9fd64d70349,2026-09-06T10:52:07.098000+00:00,keydown,69,e,,269.0,,,,,,,,paragraph_typing,0,,,,,,,,,,/app/training,dev_07816792-ddc2-4c7e-b167-1da450c46a18,,,,,,,,,,,,,,,,,,,,,,,,,,,,,,,,,,,,,,,,,,,,,,,,,,,,,,,,,,,,,,,,,,
training_event,training,dba80c84-68fd-45b2-ba28-10f10075b239,e89e2e6c-6152-41b5-8fbd-c9fd64d70349,2026-09-06T10:52:07.214000+00:00,keyup,69,,116.3,,,,,,,,,paragraph_typing,0,,,,,,,,,,/app/training,dev_07816792-ddc2-4c7e-b167-1da450c46a18,,,,,,,,,,,,,,,,,,,,,,,,,,,,,,,,,,,,,,,,,,,,,,,,,,,,,,,,,,,,,,,,,,
training_event,training,dba80c84-68fd-45b2-ba28-10f10075b239,e89e2e6c-6152-41b5-8fbd-c9fd64d70349,2026-09-06T10:52:07.579000+00:00,keydown,67,c,,480.5,,,,,,,,paragraph_typing,0,,,,,,,,,,/app/training,dev_07816792-ddc2-4c7e-b167-1da450c46a18,,,,,,,,,,,,,,,,,,,,,,,,,,,,,,,,,,,,,,,,,,,,,,,,,,,,,,,,,,,,,,,,,,
training_event,training,dba80c84-68fd-45b2-ba28-10f10075b239,e89e2e6c-6152-41b5-8fbd-c9fd64d70349,2026-09-06T10:52:07.689000+00:00,keyup,67,,110.3,,,,,,,,,paragraph_typing,0,,,,,,,,,,/app/training,dev_07816792-ddc2-4c7e-b167-1da450c46a18,,,,,,,,,,,,,,,,,,,,,,,,,,,,,,,,,,,,,,,,,,,,,,,,,,,,,,,,,,,,,,,,,,
training_event,training,dba80c84-68fd-45b2-ba28-10f10075b239,e89e2e6c-6152-41b5-8fbd-c9fd64d70349,2026-09-06T10:52:07.757000+00:00,keydown,85,u,,178.5,,,,,,,,paragraph_typing,0,,,,,,,,,,/app/training,dev_07816792-ddc2-4c7e-b167-1da450c46a18,,,,,,,,,,,,,,,,,,,,,,,,,,,,,,,,,,,,,,,,,,,,,,,,,,,,,,,,,,,,,,,,,,
training_event,training,dba80c84-68fd-45b2-ba28-10f10075b239,e89e2e6c-6152-41b5-8fbd-c9fd64d70349,2026-09-06T10:52:07.850000+00:00,keyup,85,,93.0,,,,,,,,,paragraph_typing,0,,,,,,,,,,/app/training,dev_07816792-ddc2-4c7e-b167-1da450c46a18,,,,,,,,,,,,,,,,,,,,,,,,,,,,,,,,,,,,,,,,,,,,,,,,,,,,,,,,,,,,,,,,,,
training_event,training,dba80c84-68fd-45b2-ba28-10f10075b239,e89e2e6c-6152-41b5-8fbd-c9fd64d70349,2026-09-06T10:52:07.929000+00:00,keydown,82,r,,171.8,,,,,,,,paragraph_typing,0,,,,,,,,,,/app/training,dev_07816792-ddc2-4c7e-b167-1da450c46a18,,,,,,,,,,,,,,,,,,,,,,,,,,,,,,,,,,,,,,,,,,,,,,,,,,,,,,,,,,,,,,,,,,
training_event,training,dba80c84-68fd-45b2-ba28-10f10075b239,e89e2e6c-6152-41b5-8fbd-c9fd64d70349,2026-09-06T10:52:08.039000+00:00,keyup,82,,110.1,,,,,,,,,paragraph_typing,0,,,,,,,,,,/app/training,dev_07816792-ddc2-4c7e-b167-1da450c46a18,,,,,,,,,,,,,,,,,,,,,,,,,,,,,,,,,,,,,,,,,,,,,,,,,,,,,,,,,,,,,,,,,,
training_event,training,dba80c84-68fd-45b2-ba28-10f10075b239,e89e2e6c-6152-41b5-8fbd-c9fd64d70349,2026-09-06T10:52:08.158000+00:00,keydown,69,e,,228.8,,,,,,,,paragraph_typing,0,,,,,,,,,,/app/training,dev_07816792-ddc2-4c7e-b167-1da450c46a18,,,,,,,,,,,,,,,,,,,,,,,,,,,,,,,,,,,,,,,,,,,,,,,,,,,,,,,,,,,,,,,,,,
training_event,training,dba80c84-68fd-45b2-ba28-10f10075b239,e89e2e6c-6152-41b5-8fbd-c9fd64d70349,2026-09-06T10:52:08.264000+00:00,keyup,69,,106.5,,,,,,,,,paragraph_typing,0,,,,,,,,,,/app/training,dev_07816792-ddc2-4c7e-b167-1da450c46a18,,,,,,,,,,,,,,,,,,,,,,,,,,,,,,,,,,,,,,,,,,,,,,,,,,,,,,,,,,,,,,,,,,
training_event,training,dba80c84-68fd-45b2-ba28-10f10075b239,e89e2e6c-6152-41b5-8fbd-c9fd64d70349,2026-09-06T10:52:08.863000+00:00,keydown,188,",",,705.5,,,,,,,,paragraph_typing,0,,,,,,,,,,/app/training,dev_07816792-ddc2-4c7e-b167-1da450c46a18,,,,,,,,,,,,,,,,,,,,,,,,,,,,,,,,,,,,,,,,,,,,,,,,,,,,,,,,,,,,,,,,,,
training_event,training,dba80c84-68fd-45b2-ba28-10f10075b239,e89e2e6c-6152-41b5-8fbd-c9fd64d70349,2026-09-06T10:52:08.954000+00:00,keyup,188,,90.6,,,,,,,,,paragraph_typing,0,,,,,,,,,,/app/training,dev_07816792-ddc2-4c7e-b167-1da450c46a18,,,,,,,,,,,,,,,,,,,,,,,,,,,,,,,,,,,,,,,,,,,,,,,,,,,,,,,,,,,,,,,,,,
training_event,training,dba80c84-68fd-45b2-ba28-10f10075b239,e89e2e6c-6152-41b5-8fbd-c9fd64d70349,2026-09-06T10:52:09.079000+00:00,keydown,32, ,,216.0,,,,,,,,paragraph_typing,0,,,,,,,,,,/app/training,dev_07816792-ddc2-4c7e-b167-1da450c46a18,,,,,,,,,,,,,,,,,,,,,,,,,,,,,,,,,,,,,,,,,,,,,,,,,,,,,,,,,,,,,,,,,,
training_event,training,dba80c84-68fd-45b2-ba28-10f10075b239,e89e2e6c-6152-41b5-8fbd-c9fd64d70349,2026-09-06T10:52:09.205000+00:00,keyup,32,,125.3,,,,,,,,,paragraph_typing,0,,,,,,,,,,/app/training,dev_07816792-ddc2-4c7e-b167-1da450c46a18,,,,,,,,,,,,,,,,,,,,,,,,,,,,,,,,,,,,,,,,,,,,,,,,,,,,,,,,,,,,,,,,,,
training_event,training,dba80c84-68fd-45b2-ba28-10f10075b239,e89e2e6c-6152-41b5-8fbd-c9fd64d70349,2026-09-06T10:52:09.817000+00:00,keydown,65,a,,737.6,,,,,,,,paragraph_typing,0,,,,,,,,,,/app/training,dev_07816792-ddc2-4c7e-b167-1da450c46a18,,,,,,,,,,,,,,,,,,,,,,,,,,,,,,,,,,,,,,,,,,,,,,,,,,,,,,,,,,,,,,,,,,
training_event,training,dba80c84-68fd-45b2-ba28-10f10075b239,e89e2e6c-6152-41b5-8fbd-c9fd64d70349,2026-09-06T10:52:09.964000+00:00,keyup,65,,147.4,,,,,,,,,paragraph_typing,0,,,,,,,,,,/app/training,dev_07816792-ddc2-4c7e-b167-1da450c46a18,,,,,,,,,,,,,,,,,,,,,,,,,,,,,,,,,,,,,,,,,,,,,,,,,,,,,,,,,,,,,,,,,,
training_event,training,dba80c84-68fd-45b2-ba28-10f10075b239,e89e2e6c-6152-41b5-8fbd-c9fd64d70349,2026-09-06T10:52:10.013000+00:00,keydown,78,n,,196.5,,,,,,,,paragraph_typing,0,,,,,,,,,,/app/training,dev_07816792-ddc2-4c7e-b167-1da450c46a18,,,,,,,,,,,,,,,,,,,,,,,,,,,,,,,,,,,,,,,,,,,,,,,,,,,,,,,,,,,,,,,,,,
training_event,training,dba80c84-68fd-45b2-ba28-10f10075b239,e89e2e6c-6152-41b5-8fbd-c9fd64d70349,2026-09-06T10:52:10.115000+00:00,keyup,78,,101.4,,,,,,,,,paragraph_typing,0,,,,,,,,,,/app/training,dev_07816792-ddc2-4c7e-b167-1da450c46a18,,,,,,,,,,,,,,,,,,,,,,,,,,,,,,,,,,,,,,,,,,,,,,,,,,,,,,,,,,,,,,,,,,
training_event,training,dba80c84-68fd-45b2-ba28-10f10075b239,e89e2e6c-6152-41b5-8fbd-c9fd64d70349,2026-09-06T10:52:10.137000+00:00,keydown,68,d,,124.1,,,,,,,,paragraph_typing,0,,,,,,,,,,/app/training,dev_07816792-ddc2-4c7e-b167-1da450c46a18,,,,,,,,,,,,,,,,,,,,,,,,,,,,,,,,,,,,,,,,,,,,,,,,,,,,,,,,,,,,,,,,,,
training_event,training,dba80c84-68fd-45b2-ba28-10f10075b239,e89e2e6c-6152-41b5-8fbd-c9fd64d70349,2026-09-06T10:52:10.245000+00:00,keyup,68,,107.9,,,,,,,,,paragraph_typing,0,,,,,,,,,,/app/training,dev_07816792-ddc2-4c7e-b167-1da450c46a18,,,,,,,,,,,,,,,,,,,,,,,,,,,,,,,,,,,,,,,,,,,,,,,,,,,,,,,,,,,,,,,,,,
training_event,training,dba80c84-68fd-45b2-ba28-10f10075b239,e89e2e6c-6152-41b5-8fbd-c9fd64d70349,2026-09-06T10:52:10.287000+00:00,keydown,32, ,,149.7,,,,,,,,paragraph_typing,0,,,,,,,,,,/app/training,dev_07816792-ddc2-4c7e-b167-1da450c46a18,,,,,,,,,,,,,,,,,,,,,,,,,,,,,,,,,,,,,,,,,,,,,,,,,,,,,,,,,,,,,,,,,,
training_event,training,dba80c84-68fd-45b2-ba28-10f10075b239,e89e2e6c-6152-41b5-8fbd-c9fd64d70349,2026-09-06T10:52:10.385000+00:00,keyup,32,,98.4,,,,,,,,,paragraph_typing,0,,,,,,,,,,/app/training,dev_07816792-ddc2-4c7e-b167-1da450c46a18,,,,,,,,,,,,,,,,,,,,,,,,,,,,,,,,,,,,,,,,,,,,,,,,,,,,,,,,,,,,,,,,,,
training_event,training,dba80c84-68fd-45b2-ba28-10f10075b239,e89e2e6c-6152-41b5-8fbd-c9fd64d70349,2026-09-06T10:52:10.607000+00:00,keydown,67,c,,320.1,,,,,,,,paragraph_typing,0,,,,,,,,,,/app/training,dev_07816792-ddc2-4c7e-b167-1da450c46a18,,,,,,,,,,,,,,,,,,,,,,,,,,,,,,,,,,,,,,,,,,,,,,,,,,,,,,,,,,,,,,,,,,
training_event,training,dba80c84-68fd-45b2-ba28-10f10075b239,e89e2e6c-6152-41b5-8fbd-c9fd64d70349,2026-09-06T10:52:10.736000+00:00,keyup,67,,129.0,,,,,,,,,paragraph_typing,0,,,,,,,,,,/app/training,dev_07816792-ddc2-4c7e-b167-1da450c46a18,,,,,,,,,,,,,,,,,,,,,,,,,,,,,,,,,,,,,,,,,,,,,,,,,,,,,,,,,,,,,,,,,,
training_event,training,dba80c84-68fd-45b2-ba28-10f10075b239,e89e2e6c-6152-41b5-8fbd-c9fd64d70349,2026-09-06T10:52:10.783000+00:00,keydown,79,o,,176.2,,,,,,,,paragraph_typing,0,,,,,,,,,,/app/training,dev_07816792-ddc2-4c7e-b167-1da450c46a18,,,,,,,,,,,,,,,,,,,,,,,,,,,,,,,,,,,,,,,,,,,,,,,,,,,,,,,,,,,,,,,,,,
training_event,training,dba80c84-68fd-45b2-ba28-10f10075b239,e89e2e6c-6152-41b5-8fbd-c9fd64d70349,2026-09-06T10:52:10.885000+00:00,keyup,79,,101.4,,,,,,,,,paragraph_typing,0,,,,,,,,,,/app/training,dev_07816792-ddc2-4c7e-b167-1da450c46a18,,,,,,,,,,,,,,,,,,,,,,,,,,,,,,,,,,,,,,,,,,,,,,,,,,,,,,,,,,,,,,,,,,
training_event,training,dba80c84-68fd-45b2-ba28-10f10075b239,e89e2e6c-6152-41b5-8fbd-c9fd64d70349,2026-09-06T10:52:11.068000+00:00,keydown,78,n,,284.5,,,,,,,,paragraph_typing,0,,,,,,,,,,/app/training,dev_07816792-ddc2-4c7e-b167-1da450c46a18,,,,,,,,,,,,,,,,,,,,,,,,,,,,,,,,,,,,,,,,,,,,,,,,,,,,,,,,,,,,,,,,,,
training_event,training,dba80c84-68fd-45b2-ba28-10f10075b239,e89e2e6c-6152-41b5-8fbd-c9fd64d70349,2026-09-06T10:52:11.224000+00:00,keyup,78,,156.0,,,,,,,,,paragraph_typing,0,,,,,,,,,,/app/training,dev_07816792-ddc2-4c7e-b167-1da450c46a18,,,,,,,,,,,,,,,,,,,,,,,,,,,,,,,,,,,,,,,,,,,,,,,,,,,,,,,,,,,,,,,,,,
training_event,training,dba80c84-68fd-45b2-ba28-10f10075b239,e89e2e6c-6152-41b5-8fbd-c9fd64d70349,2026-09-06T10:52:11.843000+00:00,keydown,86,v,,775.4,,,,,,,,paragraph_typing,0,,,,,,,,,,/app/training,dev_07816792-ddc2-4c7e-b167-1da450c46a18,,,,,,,,,,,,,,,,,,,,,,,,,,,,,,,,,,,,,,,,,,,,,,,,,,,,,,,,,,,,,,,,,,
training_event,training,dba80c84-68fd-45b2-ba28-10f10075b239,e89e2e6c-6152-41b5-8fbd-c9fd64d70349,2026-09-06T10:52:11.958000+00:00,keyup,86,,114.4,,,,,,,,,paragraph_typing,0,,,,,,,,,,/app/training,dev_07816792-ddc2-4c7e-b167-1da450c46a18,,,,,,,,,,,,,,,,,,,,,,,,,,,,,,,,,,,,,,,,,,,,,,,,,,,,,,,,,,,,,,,,,,
training_event,training,dba80c84-68fd-45b2-ba28-10f10075b239,e89e2e6c-6152-41b5-8fbd-c9fd64d70349,2026-09-06T10:52:12.037000+00:00,keydown,73,i,,193.8,,,,,,,,paragraph_typing,0,,,,,,,,,,/app/training,dev_07816792-ddc2-4c7e-b167-1da450c46a18,,,,,,,,,,,,,,,,,,,,,,,,,,,,,,,,,,,,,,,,,,,,,,,,,,,,,,,,,,,,,,,,,,
training_event,training,dba80c84-68fd-45b2-ba28-10f10075b239,e89e2e6c-6152-41b5-8fbd-c9fd64d70349,2026-09-06T10:52:12.124000+00:00,keyup,73,,86.9,,,,,,,,,paragraph_typing,0,,,,,,,,,,/app/training,dev_07816792-ddc2-4c7e-b167-1da450c46a18,,,,,,,,,,,,,,,,,,,,,,,,,,,,,,,,,,,,,,,,,,,,,,,,,,,,,,,,,,,,,,,,,,
training_event,training,dba80c84-68fd-45b2-ba28-10f10075b239,e89e2e6c-6152-41b5-8fbd-c9fd64d70349,2026-09-06T10:52:15.447000+00:00,keydown,8,,,2000.0,,,,,,,,paragraph_typing,0,,,,,,,,,,/app/training,dev_07816792-ddc2-4c7e-b167-1da450c46a18,,,,,,,,,,,,,,,,,,,,,,,,,,,,,,,,,,,,,,,,,,,,,,,,,,,,,,,,,,,,,,,,,,
training_event,training,dba80c84-68fd-45b2-ba28-10f10075b239,e89e2e6c-6152-41b5-8fbd-c9fd64d70349,2026-09-06T10:52:15.574000+00:00,keyup,8,,126.9,,,,,,,,,paragraph_typing,0,,,,,,,,,,/app/training,dev_07816792-ddc2-4c7e-b167-1da450c46a18,,,,,,,,,,,,,,,,,,,,,,,,,,,,,,,,,,,,,,,,,,,,,,,,,,,,,,,,,,,,,,,,,,
training_event,training,dba80c84-68fd-45b2-ba28-10f10075b239,e89e2e6c-6152-41b5-8fbd-c9fd64d70349,2026-09-06T10:52:16.146000+00:00,keydown,69,e,,698.8,,,,,,,,paragraph_typing,0,,,,,,,,,,/app/training,dev_07816792-ddc2-4c7e-b167-1da450c46a18,,,,,,,,,,,,,,,,,,,,,,,,,,,,,,,,,,,,,,,,,,,,,,,,,,,,,,,,,,,,,,,,,,
training_event,training,dba80c84-68fd-45b2-ba28-10f10075b239,e89e2e6c-6152-41b5-8fbd-c9fd64d70349,2026-09-06T10:52:16.273000+00:00,keyup,69,,127.4,,,,,,,,,paragraph_typing,0,,,,,,,,,,/app/training,dev_07816792-ddc2-4c7e-b167-1da450c46a18,,,,,,,,,,,,,,,,,,,,,,,,,,,,,,,,,,,,,,,,,,,,,,,,,,,,,,,,,,,,,,,,,,
training_event,training,dba80c84-68fd-45b2-ba28-10f10075b239,e89e2e6c-6152-41b5-8fbd-c9fd64d70349,2026-09-06T10:52:16.441000+00:00,keydown,78,n,,295.1,,,,,,,,paragraph_typing,0,,,,,,,,,,/app/training,dev_07816792-ddc2-4c7e-b167-1da450c46a18,,,,,,,,,,,,,,,,,,,,,,,,,,,,,,,,,,,,,,,,,,,,,,,,,,,,,,,,,,,,,,,,,,
training_event,training,dba80c84-68fd-45b2-ba28-10f10075b239,e89e2e6c-6152-41b5-8fbd-c9fd64d70349,2026-09-06T10:52:16.517000+00:00,keyup,78,,76.8,,,,,,,,,paragraph_typing,0,,,,,,,,,,/app/training,dev_07816792-ddc2-4c7e-b167-1da450c46a18,,,,,,,,,,,,,,,,,,,,,,,,,,,,,,,,,,,,,,,,,,,,,,,,,,,,,,,,,,,,,,,,,,
training_event,training,dba80c84-68fd-45b2-ba28-10f10075b239,e89e2e6c-6152-41b5-8fbd-c9fd64d70349,2026-09-06T10:52:16.795000+00:00,keydown,73,i,,354.2,,,,,,,,paragraph_typing,0,,,,,,,,,,/app/training,dev_07816792-ddc2-4c7e-b167-1da450c46a18,,,,,,,,,,,,,,,,,,,,,,,,,,,,,,,,,,,,,,,,,,,,,,,,,,,,,,,,,,,,,,,,,,
training_event,training,dba80c84-68fd-45b2-ba28-10f10075b239,e89e2e6c-6152-41b5-8fbd-c9fd64d70349,2026-09-06T10:52:16.917000+00:00,keyup,73,,122.0,,,,,,,,,paragraph_typing,0,,,,,,,,,,/app/training,dev_07816792-ddc2-4c7e-b167-1da450c46a18,,,,,,,,,,,,,,,,,,,,,,,,,,,,,,,,,,,,,,,,,,,,,,,,,,,,,,,,,,,,,,,,,,
training_event,training,dba80c84-68fd-45b2-ba28-10f10075b239,e89e2e6c-6152-41b5-8fbd-c9fd64d70349,2026-09-06T10:52:18.736000+00:00,keydown,69,e,,1941.2,,,,,,,,paragraph_typing,0,,,,,,,,,,/app/training,dev_07816792-ddc2-4c7e-b167-1da450c46a18,,,,,,,,,,,,,,,,,,,,,,,,,,,,,,,,,,,,,,,,,,,,,,,,,,,,,,,,,,,,,,,,,,
training_event,training,dba80c84-68fd-45b2-ba28-10f10075b239,e89e2e6c-6152-41b5-8fbd-c9fd64d70349,2026-09-06T10:52:18.878000+00:00,keyup,69,,141.9,,,,,,,,,paragraph_typing,0,,,,,,,,,,/app/training,dev_07816792-ddc2-4c7e-b167-1da450c46a18,,,,,,,,,,,,,,,,,,,,,,,,,,,,,,,,,,,,,,,,,,,,,,,,,,,,,,,,,,,,,,,,,,
training_event,training,dba80c84-68fd-45b2-ba28-10f10075b239,e89e2e6c-6152-41b5-8fbd-c9fd64d70349,2026-09-06T10:52:18.925000+00:00,keydown,78,n,,189.0,,,,,,,,paragraph_typing,0,,,,,,,,,,/app/training,dev_07816792-ddc2-4c7e-b167-1da450c46a18,,,,,,,,,,,,,,,,,,,,,,,,,,,,,,,,,,,,,,,,,,,,,,,,,,,,,,,,,,,,,,,,,,
training_event,training,dba80c84-68fd-45b2-ba28-10f10075b239,e89e2e6c-6152-41b5-8fbd-c9fd64d70349,2026-09-06T10:52:19.042000+00:00,keyup,78,,116.7,,,,,,,,,paragraph_typing,0,,,,,,,,,,/app/training,dev_07816792-ddc2-4c7e-b167-1da450c46a18,,,,,,,,,,,,,,,,,,,,,,,,,,,,,,,,,,,,,,,,,,,,,,,,,,,,,,,,,,,,,,,,,,
training_event,training,dba80c84-68fd-45b2-ba28-10f10075b239,e89e2e6c-6152-41b5-8fbd-c9fd64d70349,2026-09-06T10:52:19.114000+00:00,keydown,84,t,,189.3,,,,,,,,paragraph_typing,0,,,,,,,,,,/app/training,dev_07816792-ddc2-4c7e-b167-1da450c46a18,,,,,,,,,,,,,,,,,,,,,,,,,,,,,,,,,,,,,,,,,,,,,,,,,,,,,,,,,,,,,,,,,,
training_event,training,dba80c84-68fd-45b2-ba28-10f10075b239,e89e2e6c-6152-41b5-8fbd-c9fd64d70349,2026-09-06T10:52:19.313000+00:00,keyup,84,,199.1,,,,,,,,,paragraph_typing,0,,,,,,,,,,/app/training,dev_07816792-ddc2-4c7e-b167-1da450c46a18,,,,,,,,,,,,,,,,,,,,,,,,,,,,,,,,,,,,,,,,,,,,,,,,,,,,,,,,,,,,,,,,,,
training_event,training,dba80c84-68fd-45b2-ba28-10f10075b239,e89e2e6c-6152-41b5-8fbd-c9fd64d70349,2026-09-06T10:52:20.335000+00:00,keydown,190,.,,1220.8,,,,,,,,paragraph_typing,0,,,,,,,,,,/app/training,dev_07816792-ddc2-4c7e-b167-1da450c46a18,,,,,,,,,,,,,,,,,,,,,,,,,,,,,,,,,,,,,,,,,,,,,,,,,,,,,,,,,,,,,,,,,,
training_event,training,dba80c84-68fd-45b2-ba28-10f10075b239,e89e2e6c-6152-41b5-8fbd-c9fd64d70349,2026-09-06T10:52:20.427000+00:00,keyup,190,,91.6,,,,,,,,,paragraph_typing,0,,,,,,,,,,/app/training,dev_07816792-ddc2-4c7e-b167-1da450c46a18,,,,,,,,,,,,,,,,,,,,,,,,,,,,,,,,,,,,,,,,,,,,,,,,,,,,,,,,,,,,,,,,,,
training_event,training,dba80c84-68fd-45b2-ba28-10f10075b239,e89e2e6c-6152-41b5-8fbd-c9fd64d70349,2026-09-06T10:52:21.404000+00:00,keydown,32, ,,1068.9,,,,,,,,paragraph_typing,0,,,,,,,,,,/app/training,dev_07816792-ddc2-4c7e-b167-1da450c46a18,,,,,,,,,,,,,,,,,,,,,,,,,,,,,,,,,,,,,,,,,,,,,,,,,,,,,,,,,,,,,,,,,,
training_event,training,dba80c84-68fd-45b2-ba28-10f10075b239,e89e2e6c-6152-41b5-8fbd-c9fd64d70349,2026-09-06T10:52:21.603000+00:00,keyup,32,,199.1,,,,,,,,,paragraph_typing,0,,,,,,,,,,/app/training,dev_07816792-ddc2-4c7e-b167-1da450c46a18,,,,,,,,,,,,,,,,,,,,,,,,,,,,,,,,,,,,,,,,,,,,,,,,,,,,,,,,,,,,,,,,,,
training_event,training,dba80c84-68fd-45b2-ba28-10f10075b239,e89e2e6c-6152-41b5-8fbd-c9fd64d70349,2026-09-06T10:52:22.200000+00:00,keydown,65,A,,795.6,,,,,,,,paragraph_typing,0,,,,,,,,,,/app/training,dev_07816792-ddc2-4c7e-b167-1da450c46a18,,,,,,,,,,,,,,,,,,,,,,,,,,,,,,,,,,,,,,,,,,,,,,,,,,,,,,,,,,,,,,,,,,
training_event,training,dba80c84-68fd-45b2-ba28-10f10075b239,e89e2e6c-6152-41b5-8fbd-c9fd64d70349,2026-09-06T10:52:22.331000+00:00,keyup,65,,131.3,,,,,,,,,paragraph_typing,0,,,,,,,,,,/app/training,dev_07816792-ddc2-4c7e-b167-1da450c46a18,,,,,,,,,,,,,,,,,,,,,,,,,,,,,,,,,,,,,,,,,,,,,,,,,,,,,,,,,,,,,,,,,,
training_event,training,dba80c84-68fd-45b2-ba28-10f10075b239,e89e2e6c-6152-41b5-8fbd-c9fd64d70349,2026-09-06T10:52:22.585000+00:00,keydown,68,d,,385.5,,,,,,,,paragraph_typing,0,,,,,,,,,,/app/training,dev_07816792-ddc2-4c7e-b167-1da450c46a18,,,,,,,,,,,,,,,,,,,,,,,,,,,,,,,,,,,,,,,,,,,,,,,,,,,,,,,,,,,,,,,,,,
training_event,training,dba80c84-68fd-45b2-ba28-10f10075b239,e89e2e6c-6152-41b5-8fbd-c9fd64d70349,2026-09-06T10:52:22.691000+00:00,keyup,68,,105.3,,,,,,,,,paragraph_typing,0,,,,,,,,,,/app/training,dev_07816792-ddc2-4c7e-b167-1da450c46a18,,,,,,,,,,,,,,,,,,,,,,,,,,,,,,,,,,,,,,,,,,,,,,,,,,,,,,,,,,,,,,,,,,
training_event,training,dba80c84-68fd-45b2-ba28-10f10075b239,e89e2e6c-6152-41b5-8fbd-c9fd64d70349,2026-09-06T10:52:22.899000+00:00,keydown,65,a,,314.2,,,,,,,,paragraph_typing,0,,,,,,,,,,/app/training,dev_07816792-ddc2-4c7e-b167-1da450c46a18,,,,,,,,,,,,,,,,,,,,,,,,,,,,,,,,,,,,,,,,,,,,,,,,,,,,,,,,,,,,,,,,,,
training_event,training,dba80c84-68fd-45b2-ba28-10f10075b239,e89e2e6c-6152-41b5-8fbd-c9fd64d70349,2026-09-06T10:52:23.031000+00:00,keyup,65,,131.3,,,,,,,,,paragraph_typing,0,,,,,,,,,,/app/training,dev_07816792-ddc2-4c7e-b167-1da450c46a18,,,,,,,,,,,,,,,,,,,,,,,,,,,,,,,,,,,,,,,,,,,,,,,,,,,,,,,,,,,,,,,,,,
training_event,training,dba80c84-68fd-45b2-ba28-10f10075b239,e89e2e6c-6152-41b5-8fbd-c9fd64d70349,2026-09-06T10:52:23.289000+00:00,keydown,80,p,,389.9,,,,,,,,paragraph_typing,0,,,,,,,,,,/app/training,dev_07816792-ddc2-4c7e-b167-1da450c46a18,,,,,,,,,,,,,,,,,,,,,,,,,,,,,,,,,,,,,,,,,,,,,,,,,,,,,,,,,,,,,,,,,,
training_event,training,dba80c84-68fd-45b2-ba28-10f10075b239,e89e2e6c-6152-41b5-8fbd-c9fd64d70349,2026-09-06T10:52:23.416000+00:00,keyup,80,,127.0,,,,,,,,,paragraph_typing,0,,,,,,,,,,/app/training,dev_07816792-ddc2-4c7e-b167-1da450c46a18,,,,,,,,,,,,,,,,,,,,,,,,,,,,,,,,,,,,,,,,,,,,,,,,,,,,,,,,,,,,,,,,,,
training_event,training,dba80c84-68fd-45b2-ba28-10f10075b239,e89e2e6c-6152-41b5-8fbd-c9fd64d70349,2026-09-06T10:52:23.528000+00:00,keydown,84,t,,238.9,,,,,,,,paragraph_typing,0,,,,,,,,,,/app/training,dev_07816792-ddc2-4c7e-b167-1da450c46a18,,,,,,,,,,,,,,,,,,,,,,,,,,,,,,,,,,,,,,,,,,,,,,,,,,,,,,,,,,,,,,,,,,
training_event,training,dba80c84-68fd-45b2-ba28-10f10075b239,e89e2e6c-6152-41b5-8fbd-c9fd64d70349,2026-09-06T10:52:23.671000+00:00,keyup,84,,142.5,,,,,,,,,paragraph_typing,0,,,,,,,,,,/app/training,dev_07816792-ddc2-4c7e-b167-1da450c46a18,,,,,,,,,,,,,,,,,,,,,,,,,,,,,,,,,,,,,,,,,,,,,,,,,,,,,,,,,,,,,,,,,,
training_event,training,dba80c84-68fd-45b2-ba28-10f10075b239,e89e2e6c-6152-41b5-8fbd-c9fd64d70349,2026-09-06T10:52:23.684000+00:00,keydown,79,o,,156.3,,,,,,,,paragraph_typing,0,,,,,,,,,,/app/training,dev_07816792-ddc2-4c7e-b167-1da450c46a18,,,,,,,,,,,,,,,,,,,,,,,,,,,,,,,,,,,,,,,,,,,,,,,,,,,,,,,,,,,,,,,,,,
training_event,training,dba80c84-68fd-45b2-ba28-10f10075b239,e89e2e6c-6152-41b5-8fbd-c9fd64d70349,2026-09-06T10:52:23.796000+00:00,keyup,79,,111.2,,,,,,,,,paragraph_typing,0,,,,,,,,,,/app/training,dev_07816792-ddc2-4c7e-b167-1da450c46a18,,,,,,,,,,,,,,,,,,,,,,,,,,,,,,,,,,,,,,,,,,,,,,,,,,,,,,,,,,,,,,,,,,
training_event,training,dba80c84-68fd-45b2-ba28-10f10075b239,e89e2e6c-6152-41b5-8fbd-c9fd64d70349,2026-09-06T10:52:24.203000+00:00,keydown,8,,,518.8,,,,,,,,paragraph_typing,0,,,,,,,,,,/app/training,dev_07816792-ddc2-4c7e-b167-1da450c46a18,,,,,,,,,,,,,,,,,,,,,,,,,,,,,,,,,,,,,,,,,,,,,,,,,,,,,,,,,,,,,,,,,,
training_event,training,dba80c84-68fd-45b2-ba28-10f10075b239,e89e2e6c-6152-41b5-8fbd-c9fd64d70349,2026-09-06T10:52:24.330000+00:00,keyup,8,,127.2,,,,,,,,,paragraph_typing,0,,,,,,,,,,/app/training,dev_07816792-ddc2-4c7e-b167-1da450c46a18,,,,,,,,,,,,,,,,,,,,,,,,,,,,,,,,,,,,,,,,,,,,,,,,,,,,,,,,,,,,,,,,,,
training_event,training,dba80c84-68fd-45b2-ba28-10f10075b239,e89e2e6c-6152-41b5-8fbd-c9fd64d70349,2026-09-06T10:52:24.784000+00:00,keydown,73,i,,580.8,,,,,,,,paragraph_typing,0,,,,,,,,,,/app/training,dev_07816792-ddc2-4c7e-b167-1da450c46a18,,,,,,,,,,,,,,,,,,,,,,,,,,,,,,,,,,,,,,,,,,,,,,,,,,,,,,,,,,,,,,,,,,
training_event,training,dba80c84-68fd-45b2-ba28-10f10075b239,e89e2e6c-6152-41b5-8fbd-c9fd64d70349,2026-09-06T10:52:24.875000+00:00,keyup,73,,90.6,,,,,,,,,paragraph_typing,0,,,,,,,,,,/app/training,dev_07816792-ddc2-4c7e-b167-1da450c46a18,,,,,,,,,,,,,,,,,,,,,,,,,,,,,,,,,,,,,,,,,,,,,,,,,,,,,,,,,,,,,,,,,,
training_event,training,dba80c84-68fd-45b2-ba28-10f10075b239,e89e2e6c-6152-41b5-8fbd-c9fd64d70349,2026-09-06T10:52:25.160000+00:00,keydown,86,v,,375.5,,,,,,,,paragraph_typing,0,,,,,,,,,,/app/training,dev_07816792-ddc2-4c7e-b167-1da450c46a18,,,,,,,,,,,,,,,,,,,,,,,,,,,,,,,,,,,,,,,,,,,,,,,,,,,,,,,,,,,,,,,,,,
training_event,training,dba80c84-68fd-45b2-ba28-10f10075b239,e89e2e6c-6152-41b5-8fbd-c9fd64d70349,2026-09-06T10:52:25.254000+00:00,keyup,86,,94.8,,,,,,,,,paragraph_typing,0,,,,,,,,,,/app/training,dev_07816792-ddc2-4c7e-b167-1da450c46a18,,,,,,,,,,,,,,,,,,,,,,,,,,,,,,,,,,,,,,,,,,,,,,,,,,,,,,,,,,,,,,,,,,
training_event,training,dba80c84-68fd-45b2-ba28-10f10075b239,e89e2e6c-6152-41b5-8fbd-c9fd64d70349,2026-09-06T10:52:25.304000+00:00,keydown,69,e,,144.1,,,,,,,,paragraph_typing,0,,,,,,,,,,/app/training,dev_07816792-ddc2-4c7e-b167-1da450c46a18,,,,,,,,,,,,,,,,,,,,,,,,,,,,,,,,,,,,,,,,,,,,,,,,,,,,,,,,,,,,,,,,,,
training_event,training,dba80c84-68fd-45b2-ba28-10f10075b239,e89e2e6c-6152-41b5-8fbd-c9fd64d70349,2026-09-06T10:52:25.445000+00:00,keyup,69,,141.2,,,,,,,,,paragraph_typing,0,,,,,,,,,,/app/training,dev_07816792-ddc2-4c7e-b167-1da450c46a18,,,,,,,,,,,,,,,,,,,,,,,,,,,,,,,,,,,,,,,,,,,,,,,,,,,,,,,,,,,,,,,,,,
training_event,training,dba80c84-68fd-45b2-ba28-10f10075b239,e89e2e6c-6152-41b5-8fbd-c9fd64d70349,2026-09-06T10:52:26.449000+00:00,keydown,71,G,,1145.4,,,,,,,,paragraph_typing,0,,,,,,,,,,/app/training,dev_07816792-ddc2-4c7e-b167-1da450c46a18,,,,,,,,,,,,,,,,,,,,,,,,,,,,,,,,,,,,,,,,,,,,,,,,,,,,,,,,,,,,,,,,,,
training_event,training,dba80c84-68fd-45b2-ba28-10f10075b239,e89e2e6c-6152-41b5-8fbd-c9fd64d70349,2026-09-06T10:52:26.594000+00:00,keyup,71,,145.3,,,,,,,,,paragraph_typing,0,,,,,,,,,,/app/training,dev_07816792-ddc2-4c7e-b167-1da450c46a18,,,,,,,,,,,,,,,,,,,,,,,,,,,,,,,,,,,,,,,,,,,,,,,,,,,,,,,,,,,,,,,,,,
training_event,training,dba80c84-68fd-45b2-ba28-10f10075b239,e89e2e6c-6152-41b5-8fbd-c9fd64d70349,2026-09-06T10:52:27.394000+00:00,keydown,85,u,,944.5,,,,,,,,paragraph_typing,0,,,,,,,,,,/app/training,dev_07816792-ddc2-4c7e-b167-1da450c46a18,,,,,,,,,,,,,,,,,,,,,,,,,,,,,,,,,,,,,,,,,,,,,,,,,,,,,,,,,,,,,,,,,,
training_event,training,dba80c84-68fd-45b2-ba28-10f10075b239,e89e2e6c-6152-41b5-8fbd-c9fd64d70349,2026-09-06T10:52:27.469000+00:00,keyup,85,,75.3,,,,,,,,,paragraph_typing,0,,,,,,,,,,/app/training,dev_07816792-ddc2-4c7e-b167-1da450c46a18,,,,,,,,,,,,,,,,,,,,,,,,,,,,,,,,,,,,,,,,,,,,,,,,,,,,,,,,,,,,,,,,,,
training_event,training,dba80c84-68fd-45b2-ba28-10f10075b239,e89e2e6c-6152-41b5-8fbd-c9fd64d70349,2026-09-06T10:52:27.548000+00:00,keydown,65,a,,154.7,,,,,,,,paragraph_typing,0,,,,,,,,,,/app/training,dev_07816792-ddc2-4c7e-b167-1da450c46a18,,,,,,,,,,,,,,,,,,,,,,,,,,,,,,,,,,,,,,,,,,,,,,,,,,,,,,,,,,,,,,,,,,
training_event,training,dba80c84-68fd-45b2-ba28-10f10075b239,e89e2e6c-6152-41b5-8fbd-c9fd64d70349,2026-09-06T10:52:27.670000+00:00,keyup,65,,121.5,,,,,,,,,paragraph_typing,0,,,,,,,,,,/app/training,dev_07816792-ddc2-4c7e-b167-1da450c46a18,,,,,,,,,,,,,,,,,,,,,,,,,,,,,,,,,,,,,,,,,,,,,,,,,,,,,,,,,,,,,,,,,,
training_event,training,dba80c84-68fd-45b2-ba28-10f10075b239,e89e2e6c-6152-41b5-8fbd-c9fd64d70349,2026-09-06T10:52:27.802000+00:00,keydown,68,d,,253.3,,,,,,,,paragraph_typing,0,,,,,,,,,,/app/training,dev_07816792-ddc2-4c7e-b167-1da450c46a18,,,,,,,,,,,,,,,,,,,,,,,,,,,,,,,,,,,,,,,,,,,,,,,,,,,,,,,,,,,,,,,,,,
training_event,training,dba80c84-68fd-45b2-ba28-10f10075b239,e89e2e6c-6152-41b5-8fbd-c9fd64d70349,2026-09-06T10:52:27.904000+00:00,keyup,68,,102.2,,,,,,,,,paragraph_typing,0,,,,,,,,,,/app/training,dev_07816792-ddc2-4c7e-b167-1da450c46a18,,,,,,,,,,,,,,,,,,,,,,,,,,,,,,,,,,,,,,,,,,,,,,,,,,,,,,,,,,,,,,,,,,
training_event,training,dba80c84-68fd-45b2-ba28-10f10075b239,e89e2e6c-6152-41b5-8fbd-c9fd64d70349,2026-09-06T10:52:28.048000+00:00,keydown,82,r,,246.5,,,,,,,,paragraph_typing,0,,,,,,,,,,/app/training,dev_07816792-ddc2-4c7e-b167-1da450c46a18,,,,,,,,,,,,,,,,,,,,,,,,,,,,,,,,,,,,,,,,,,,,,,,,,,,,,,,,,,,,,,,,,,
training_event,training,dba80c84-68fd-45b2-ba28-10f10075b239,e89e2e6c-6152-41b5-8fbd-c9fd64d70349,2026-09-06T10:52:28.144000+00:00,keyup,82,,96.4,,,,,,,,,paragraph_typing,0,,,,,,,,,,/app/training,dev_07816792-ddc2-4c7e-b167-1da450c46a18,,,,,,,,,,,,,,,,,,,,,,,,,,,,,,,,,,,,,,,,,,,,,,,,,,,,,,,,,,,,,,,,,,
training_event,training,dba80c84-68fd-45b2-ba28-10f10075b239,e89e2e6c-6152-41b5-8fbd-c9fd64d70349,2026-09-06T10:52:29.453000+00:00,keydown,8,,,1405.1,,,,,,,,paragraph_typing,0,,,,,,,,,,/app/training,dev_07816792-ddc2-4c7e-b167-1da450c46a18,,,,,,,,,,,,,,,,,,,,,,,,,,,,,,,,,,,,,,,,,,,,,,,,,,,,,,,,,,,,,,,,,,
training_event,training,dba80c84-68fd-45b2-ba28-10f10075b239,e89e2e6c-6152-41b5-8fbd-c9fd64d70349,2026-09-06T10:52:29.579000+00:00,keyup,8,,126.0,,,,,,,,,paragraph_typing,0,,,,,,,,,,/app/training,dev_07816792-ddc2-4c7e-b167-1da450c46a18,,,,,,,,,,,,,,,,,,,,,,,,,,,,,,,,,,,,,,,,,,,,,,,,,,,,,,,,,,,,,,,,,,
training_event,training,dba80c84-68fd-45b2-ba28-10f10075b239,e89e2e6c-6152-41b5-8fbd-c9fd64d70349,2026-09-06T10:52:29.843000+00:00,keydown,8,,,389.7,,,,,,,,paragraph_typing,0,,,,,,,,,,/app/training,dev_07816792-ddc2-4c7e-b167-1da450c46a18,,,,,,,,,,,,,,,,,,,,,,,,,,,,,,,,,,,,,,,,,,,,,,,,,,,,,,,,,,,,,,,,,,
training_event,training,dba80c84-68fd-45b2-ba28-10f10075b239,e89e2e6c-6152-41b5-8fbd-c9fd64d70349,2026-09-06T10:52:30.015000+00:00,keyup,8,,172.4,,,,,,,,,paragraph_typing,0,,,,,,,,,,/app/training,dev_07816792-ddc2-4c7e-b167-1da450c46a18,,,,,,,,,,,,,,,,,,,,,,,,,,,,,,,,,,,,,,,,,,,,,,,,,,,,,,,,,,,,,,,,,,
training_event,training,dba80c84-68fd-45b2-ba28-10f10075b239,e89e2e6c-6152-41b5-8fbd-c9fd64d70349,2026-09-06T10:52:31.536000+00:00,keydown,82,r,,1693.0,,,,,,,,paragraph_typing,0,,,,,,,,,,/app/training,dev_07816792-ddc2-4c7e-b167-1da450c46a18,,,,,,,,,,,,,,,,,,,,,,,,,,,,,,,,,,,,,,,,,,,,,,,,,,,,,,,,,,,,,,,,,,
training_event,training,dba80c84-68fd-45b2-ba28-10f10075b239,e89e2e6c-6152-41b5-8fbd-c9fd64d70349,2026-09-06T10:52:31.649000+00:00,keyup,82,,112.8,,,,,,,,,paragraph_typing,0,,,,,,,,,,/app/training,dev_07816792-ddc2-4c7e-b167-1da450c46a18,,,,,,,,,,,,,,,,,,,,,,,,,,,,,,,,,,,,,,,,,,,,,,,,,,,,,,,,,,,,,,,,,,
training_event,training,dba80c84-68fd-45b2-ba28-10f10075b239,e89e2e6c-6152-41b5-8fbd-c9fd64d70349,2026-09-06T10:52:31.793000+00:00,keydown,68,d,,257.6,,,,,,,,paragraph_typing,0,,,,,,,,,,/app/training,dev_07816792-ddc2-4c7e-b167-1da450c46a18,,,,,,,,,,,,,,,,,,,,,,,,,,,,,,,,,,,,,,,,,,,,,,,,,,,,,,,,,,,,,,,,,,
training_event,training,dba80c84-68fd-45b2-ba28-10f10075b239,e89e2e6c-6152-41b5-8fbd-c9fd64d70349,2026-09-06T10:52:31.909000+00:00,keyup,68,,115.7,,,,,,,,,paragraph_typing,0,,,,,,,,,,/app/training,dev_07816792-ddc2-4c7e-b167-1da450c46a18,,,,,,,,,,,,,,,,,,,,,,,,,,,,,,,,,,,,,,,,,,,,,,,,,,,,,,,,,,,,,,,,,,
training_event,training,dba80c84-68fd-45b2-ba28-10f10075b239,e89e2e6c-6152-41b5-8fbd-c9fd64d70349,2026-09-06T10:52:31.951000+00:00,keydown,73,i,,157.7,,,,,,,,paragraph_typing,0,,,,,,,,,,/app/training,dev_07816792-ddc2-4c7e-b167-1da450c46a18,,,,,,,,,,,,,,,,,,,,,,,,,,,,,,,,,,,,,,,,,,,,,,,,,,,,,,,,,,,,,,,,,,
training_event,training,dba80c84-68fd-45b2-ba28-10f10075b239,e89e2e6c-6152-41b5-8fbd-c9fd64d70349,2026-09-06T10:52:32.085000+00:00,keyup,73,,133.4,,,,,,,,,paragraph_typing,0,,,,,,,,,,/app/training,dev_07816792-ddc2-4c7e-b167-1da450c46a18,,,,,,,,,,,,,,,,,,,,,,,,,,,,,,,,,,,,,,,,,,,,,,,,,,,,,,,,,,,,,,,,,,
training_event,training,dba80c84-68fd-45b2-ba28-10f10075b239,e89e2e6c-6152-41b5-8fbd-c9fd64d70349,2026-09-06T10:52:32.116000+00:00,keydown,65,a,,165.1,,,,,,,,paragraph_typing,0,,,,,,,,,,/app/training,dev_07816792-ddc2-4c7e-b167-1da450c46a18,,,,,,,,,,,,,,,,,,,,,,,,,,,,,,,,,,,,,,,,,,,,,,,,,,,,,,,,,,,,,,,,,,
training_event,training,dba80c84-68fd-45b2-ba28-10f10075b239,e89e2e6c-6152-41b5-8fbd-c9fd64d70349,2026-09-06T10:52:32.259000+00:00,keyup,65,,142.8,,,,,,,,,paragraph_typing,0,,,,,,,,,,/app/training,dev_07816792-ddc2-4c7e-b167-1da450c46a18,,,,,,,,,,,,,,,,,,,,,,,,,,,,,,,,,,,,,,,,,,,,,,,,,,,,,,,,,,,,,,,,,,
training_event,training,dba80c84-68fd-45b2-ba28-10f10075b239,e89e2e6c-6152-41b5-8fbd-c9fd64d70349,2026-09-06T10:52:32.298000+00:00,keydown,78,n,,182.1,,,,,,,,paragraph_typing,0,,,,,,,,,,/app/training,dev_07816792-ddc2-4c7e-b167-1da450c46a18,,,,,,,,,,,,,,,,,,,,,,,,,,,,,,,,,,,,,,,,,,,,,,,,,,,,,,,,,,,,,,,,,,
training_event,training,dba80c84-68fd-45b2-ba28-10f10075b239,e89e2e6c-6152-41b5-8fbd-c9fd64d70349,2026-09-06T10:52:32.419000+00:00,keyup,78,,120.3,,,,,,,,,paragraph_typing,0,,,,,,,,,,/app/training,dev_07816792-ddc2-4c7e-b167-1da450c46a18,,,,,,,,,,,,,,,,,,,,,,,,,,,,,,,,,,,,,,,,,,,,,,,,,,,,,,,,,,,,,,,,,,
training_event,training,dba80c84-68fd-45b2-ba28-10f10075b239,e89e2e6c-6152-41b5-8fbd-c9fd64d70349,2026-09-06T10:52:32.556000+00:00,keydown,32, ,,258.0,,,,,,,,paragraph_typing,0,,,,,,,,,,/app/training,dev_07816792-ddc2-4c7e-b167-1da450c46a18,,,,,,,,,,,,,,,,,,,,,,,,,,,,,,,,,,,,,,,,,,,,,,,,,,,,,,,,,,,,,,,,,,
training_event,training,dba80c84-68fd-45b2-ba28-10f10075b239,e89e2e6c-6152-41b5-8fbd-c9fd64d70349,2026-09-06T10:52:32.674000+00:00,keyup,32,,117.1,,,,,,,,,paragraph_typing,0,,,,,,,,,,/app/training,dev_07816792-ddc2-4c7e-b167-1da450c46a18,,,,,,,,,,,,,,,,,,,,,,,,,,,,,,,,,,,,,,,,,,,,,,,,,,,,,,,,,,,,,,,,,,
training_event,training,dba80c84-68fd-45b2-ba28-10f10075b239,e89e2e6c-6152-41b5-8fbd-c9fd64d70349,2026-09-06T10:52:33.542000+00:00,keydown,67,c,,985.9,,,,,,,,paragraph_typing,0,,,,,,,,,,/app/training,dev_07816792-ddc2-4c7e-b167-1da450c46a18,,,,,,,,,,,,,,,,,,,,,,,,,,,,,,,,,,,,,,,,,,,,,,,,,,,,,,,,,,,,,,,,,,
training_event,training,dba80c84-68fd-45b2-ba28-10f10075b239,e89e2e6c-6152-41b5-8fbd-c9fd64d70349,2026-09-06T10:52:33.617000+00:00,keyup,67,,75.1,,,,,,,,,paragraph_typing,0,,,,,,,,,,/app/training,dev_07816792-ddc2-4c7e-b167-1da450c46a18,,,,,,,,,,,,,,,,,,,,,,,,,,,,,,,,,,,,,,,,,,,,,,,,,,,,,,,,,,,,,,,,,,
training_event,training,dba80c84-68fd-45b2-ba28-10f10075b239,e89e2e6c-6152-41b5-8fbd-c9fd64d70349,2026-09-06T10:52:33.717000+00:00,keydown,79,o,,174.6,,,,,,,,paragraph_typing,0,,,,,,,,,,/app/training,dev_07816792-ddc2-4c7e-b167-1da450c46a18,,,,,,,,,,,,,,,,,,,,,,,,,,,,,,,,,,,,,,,,,,,,,,,,,,,,,,,,,,,,,,,,,,
training_event,training,dba80c84-68fd-45b2-ba28-10f10075b239,e89e2e6c-6152-41b5-8fbd-c9fd64d70349,2026-09-06T10:52:33.811000+00:00,keyup,79,,94.1,,,,,,,,,paragraph_typing,0,,,,,,,,,,/app/training,dev_07816792-ddc2-4c7e-b167-1da450c46a18,,,,,,,,,,,,,,,,,,,,,,,,,,,,,,,,,,,,,,,,,,,,,,,,,,,,,,,,,,,,,,,,,,
training_event,training,dba80c84-68fd-45b2-ba28-10f10075b239,e89e2e6c-6152-41b5-8fbd-c9fd64d70349,2026-09-06T10:52:34.581000+00:00,keydown,78,n,,864.3,,,,,,,,paragraph_typing,0,,,,,,,,,,/app/training,dev_07816792-ddc2-4c7e-b167-1da450c46a18,,,,,,,,,,,,,,,,,,,,,,,,,,,,,,,,,,,,,,,,,,,,,,,,,,,,,,,,,,,,,,,,,,
training_event,training,dba80c84-68fd-45b2-ba28-10f10075b239,e89e2e6c-6152-41b5-8fbd-c9fd64d70349,2026-09-06T10:52:34.667000+00:00,keyup,78,,86.1,,,,,,,,,paragraph_typing,0,,,,,,,,,,/app/training,dev_07816792-ddc2-4c7e-b167-1da450c46a18,,,,,,,,,,,,,,,,,,,,,,,,,,,,,,,,,,,,,,,,,,,,,,,,,,,,,,,,,,,,,,,,,,
training_event,training,dba80c84-68fd-45b2-ba28-10f10075b239,e89e2e6c-6152-41b5-8fbd-c9fd64d70349,2026-09-06T10:52:34.734000+00:00,keydown,84,t,,152.7,,,,,,,,paragraph_typing,0,,,,,,,,,,/app/training,dev_07816792-ddc2-4c7e-b167-1da450c46a18,,,,,,,,,,,,,,,,,,,,,,,,,,,,,,,,,,,,,,,,,,,,,,,,,,,,,,,,,,,,,,,,,,
training_event,training,dba80c84-68fd-45b2-ba28-10f10075b239,e89e2e6c-6152-41b5-8fbd-c9fd64d70349,2026-09-06T10:52:34.852000+00:00,keyup,84,,118.3,,,,,,,,,paragraph_typing,0,,,,,,,,,,/app/training,dev_07816792-ddc2-4c7e-b167-1da450c46a18,,,,,,,,,,,,,,,,,,,,,,,,,,,,,,,,,,,,,,,,,,,,,,,,,,,,,,,,,,,,,,,,,,
training_event,training,dba80c84-68fd-45b2-ba28-10f10075b239,e89e2e6c-6152-41b5-8fbd-c9fd64d70349,2026-09-06T10:52:34.901000+00:00,keydown,73,i,,167.5,,,,,,,,paragraph_typing,0,,,,,,,,,,/app/training,dev_07816792-ddc2-4c7e-b167-1da450c46a18,,,,,,,,,,,,,,,,,,,,,,,,,,,,,,,,,,,,,,,,,,,,,,,,,,,,,,,,,,,,,,,,,,
training_event,training,dba80c84-68fd-45b2-ba28-10f10075b239,e89e2e6c-6152-41b5-8fbd-c9fd64d70349,2026-09-06T10:52:34.976000+00:00,keyup,73,,74.4,,,,,,,,,paragraph_typing,0,,,,,,,,,,/app/training,dev_07816792-ddc2-4c7e-b167-1da450c46a18,,,,,,,,,,,,,,,,,,,,,,,,,,,,,,,,,,,,,,,,,,,,,,,,,,,,,,,,,,,,,,,,,,
training_event,training,dba80c84-68fd-45b2-ba28-10f10075b239,e89e2e6c-6152-41b5-8fbd-c9fd64d70349,2026-09-06T10:52:35.147000+00:00,keydown,78,n,,245.4,,,,,,,,paragraph_typing,0,,,,,,,,,,/app/training,dev_07816792-ddc2-4c7e-b167-1da450c46a18,,,,,,,,,,,,,,,,,,,,,,,,,,,,,,,,,,,,,,,,,,,,,,,,,,,,,,,,,,,,,,,,,,
training_event,training,dba80c84-68fd-45b2-ba28-10f10075b239,e89e2e6c-6152-41b5-8fbd-c9fd64d70349,2026-09-06T10:52:35.228000+00:00,keyup,78,,80.9,,,,,,,,,paragraph_typing,0,,,,,,,,,,/app/training,dev_07816792-ddc2-4c7e-b167-1da450c46a18,,,,,,,,,,,,,,,,,,,,,,,,,,,,,,,,,,,,,,,,,,,,,,,,,,,,,,,,,,,,,,,,,,
training_event,training,dba80c84-68fd-45b2-ba28-10f10075b239,e89e2e6c-6152-41b5-8fbd-c9fd64d70349,2026-09-06T10:52:35.355000+00:00,keydown,85,u,,208.7,,,,,,,,paragraph_typing,0,,,,,,,,,,/app/training,dev_07816792-ddc2-4c7e-b167-1da450c46a18,,,,,,,,,,,,,,,,,,,,,,,,,,,,,,,,,,,,,,,,,,,,,,,,,,,,,,,,,,,,,,,,,,
training_event,training,dba80c84-68fd-45b2-ba28-10f10075b239,e89e2e6c-6152-41b5-8fbd-c9fd64d70349,2026-09-06T10:52:35.434000+00:00,keyup,85,,78.4,,,,,,,,,paragraph_typing,0,,,,,,,,,,/app/training,dev_07816792-ddc2-4c7e-b167-1da450c46a18,,,,,,,,,,,,,,,,,,,,,,,,,,,,,,,,,,,,,,,,,,,,,,,,,,,,,,,,,,,,,,,,,,
training_event,training,dba80c84-68fd-45b2-ba28-10f10075b239,e89e2e6c-6152-41b5-8fbd-c9fd64d70349,2026-09-06T10:52:35.610000+00:00,keydown,79,o,,254.9,,,,,,,,paragraph_typing,0,,,,,,,,,,/app/training,dev_07816792-ddc2-4c7e-b167-1da450c46a18,,,,,,,,,,,,,,,,,,,,,,,,,,,,,,,,,,,,,,,,,,,,,,,,,,,,,,,,,,,,,,,,,,
training_event,training,dba80c84-68fd-45b2-ba28-10f10075b239,e89e2e6c-6152-41b5-8fbd-c9fd64d70349,2026-09-06T10:52:35.737000+00:00,keyup,79,,126.6,,,,,,,,,paragraph_typing,0,,,,,,,,,,/app/training,dev_07816792-ddc2-4c7e-b167-1da450c46a18,,,,,,,,,,,,,,,,,,,,,,,,,,,,,,,,,,,,,,,,,,,,,,,,,,,,,,,,,,,,,,,,,,
training_event,training,dba80c84-68fd-45b2-ba28-10f10075b239,e89e2e6c-6152-41b5-8fbd-c9fd64d70349,2026-09-06T10:52:35.877000+00:00,keydown,85,u,,266.3,,,,,,,,paragraph_typing,0,,,,,,,,,,/app/training,dev_07816792-ddc2-4c7e-b167-1da450c46a18,,,,,,,,,,,,,,,,,,,,,,,,,,,,,,,,,,,,,,,,,,,,,,,,,,,,,,,,,,,,,,,,,,
training_event,training,dba80c84-68fd-45b2-ba28-10f10075b239,e89e2e6c-6152-41b5-8fbd-c9fd64d70349,2026-09-06T10:52:35.988000+00:00,keyup,85,,110.8,,,,,,,,,paragraph_typing,0,,,,,,,,,,/app/training,dev_07816792-ddc2-4c7e-b167-1da450c46a18,,,,,,,,,,,,,,,,,,,,,,,,,,,,,,,,,,,,,,,,,,,,,,,,,,,,,,,,,,,,,,,,,,
training_event,training,dba80c84-68fd-45b2-ba28-10f10075b239,e89e2e6c-6152-41b5-8fbd-c9fd64d70349,2026-09-06T10:52:36.126000+00:00,keydown,68,d,,249.5,,,,,,,,paragraph_typing,0,,,,,,,,,,/app/training,dev_07816792-ddc2-4c7e-b167-1da450c46a18,,,,,,,,,,,,,,,,,,,,,,,,,,,,,,,,,,,,,,,,,,,,,,,,,,,,,,,,,,,,,,,,,,
training_event,training,dba80c84-68fd-45b2-ba28-10f10075b239,e89e2e6c-6152-41b5-8fbd-c9fd64d70349,2026-09-06T10:52:36.242000+00:00,keyup,68,,116.2,,,,,,,,,paragraph_typing,0,,,,,,,,,,/app/training,dev_07816792-ddc2-4c7e-b167-1da450c46a18,,,,,,,,,,,,,,,,,,,,,,,,,,,,,,,,,,,,,,,,,,,,,,,,,,,,,,,,,,,,,,,,,,
training_event,training,dba80c84-68fd-45b2-ba28-10f10075b239,e89e2e6c-6152-41b5-8fbd-c9fd64d70349,2026-09-06T10:52:36.621000+00:00,keydown,8,,,494.8,,,,,,,,paragraph_typing,0,,,,,,,,,,/app/training,dev_07816792-ddc2-4c7e-b167-1da450c46a18,,,,,,,,,,,,,,,,,,,,,,,,,,,,,,,,,,,,,,,,,,,,,,,,,,,,,,,,,,,,,,,,,,
training_event,training,dba80c84-68fd-45b2-ba28-10f10075b239,e89e2e6c-6152-41b5-8fbd-c9fd64d70349,2026-09-06T10:52:36.751000+00:00,keyup,8,,130.3,,,,,,,,,paragraph_typing,0,,,,,,,,,,/app/training,dev_07816792-ddc2-4c7e-b167-1da450c46a18,,,,,,,,,,,,,,,,,,,,,,,,,,,,,,,,,,,,,,,,,,,,,,,,,,,,,,,,,,,,,,,,,,
training_event,training,dba80c84-68fd-45b2-ba28-10f10075b239,e89e2e6c-6152-41b5-8fbd-c9fd64d70349,2026-09-06T10:52:36.780000+00:00,keydown,83,s,,159.5,,,,,,,,paragraph_typing,0,,,,,,,,,,/app/training,dev_07816792-ddc2-4c7e-b167-1da450c46a18,,,,,,,,,,,,,,,,,,,,,,,,,,,,,,,,,,,,,,,,,,,,,,,,,,,,,,,,,,,,,,,,,,
training_event,training,dba80c84-68fd-45b2-ba28-10f10075b239,e89e2e6c-6152-41b5-8fbd-c9fd64d70349,2026-09-06T10:52:36.927000+00:00,keyup,83,,146.8,,,,,,,,,paragraph_typing,0,,,,,,,,,,/app/training,dev_07816792-ddc2-4c7e-b167-1da450c46a18,,,,,,,,,,,,,,,,,,,,,,,,,,,,,,,,,,,,,,,,,,,,,,,,,,,,,,,,,,,,,,,,,,
training_event,training,dba80c84-68fd-45b2-ba28-10f10075b239,e89e2e6c-6152-41b5-8fbd-c9fd64d70349,2026-09-06T10:52:37.010000+00:00,keydown,76,l,,229.3,,,,,,,,paragraph_typing,0,,,,,,,,,,/app/training,dev_07816792-ddc2-4c7e-b167-1da450c46a18,,,,,,,,,,,,,,,,,,,,,,,,,,,,,,,,,,,,,,,,,,,,,,,,,,,,,,,,,,,,,,,,,,
training_event,training,dba80c84-68fd-45b2-ba28-10f10075b239,e89e2e6c-6152-41b5-8fbd-c9fd64d70349,2026-09-06T10:52:37.187000+00:00,keyup,76,,177.0,,,,,,,,,paragraph_typing,0,,,,,,,,,,/app/training,dev_07816792-ddc2-4c7e-b167-1da450c46a18,,,,,,,,,,,,,,,,,,,,,,,,,,,,,,,,,,,,,,,,,,,,,,,,,,,,,,,,,,,,,,,,,,
training_event,training,dba80c84-68fd-45b2-ba28-10f10075b239,e89e2e6c-6152-41b5-8fbd-c9fd64d70349,2026-09-06T10:52:37.435000+00:00,keydown,89,y,,424.7,,,,,,,,paragraph_typing,0,,,,,,,,,,/app/training,dev_07816792-ddc2-4c7e-b167-1da450c46a18,,,,,,,,,,,,,,,,,,,,,,,,,,,,,,,,,,,,,,,,,,,,,,,,,,,,,,,,,,,,,,,,,,
training_event,training,dba80c84-68fd-45b2-ba28-10f10075b239,e89e2e6c-6152-41b5-8fbd-c9fd64d70349,2026-09-06T10:52:37.482000+00:00,keyup,89,,47.3,,,,,,,,,paragraph_typing,0,,,,,,,,,,/app/training,dev_07816792-ddc2-4c7e-b167-1da450c46a18,,,,,,,,,,,,,,,,,,,,,,,,,,,,,,,,,,,,,,,,,,,,,,,,,,,,,,,,,,,,,,,,,,
training_event,training,dba80c84-68fd-45b2-ba28-10f10075b239,e89e2e6c-6152-41b5-8fbd-c9fd64d70349,2026-09-06T10:52:37.693000+00:00,keydown,32, ,,258.7,,,,,,,,paragraph_typing,0,,,,,,,,,,/app/training,dev_07816792-ddc2-4c7e-b167-1da450c46a18,,,,,,,,,,,,,,,,,,,,,,,,,,,,,,,,,,,,,,,,,,,,,,,,,,,,,,,,,,,,,,,,,,
training_event,training,dba80c84-68fd-45b2-ba28-10f10075b239,e89e2e6c-6152-41b5-8fbd-c9fd64d70349,2026-09-06T10:52:37.827000+00:00,keyup,32,,133.6,,,,,,,,,paragraph_typing,0,,,,,,,,,,/app/training,dev_07816792-ddc2-4c7e-b167-1da450c46a18,,,,,,,,,,,,,,,,,,,,,,,,,,,,,,,,,,,,,,,,,,,,,,,,,,,,,,,,,,,,,,,,,,
training_event,training,dba80c84-68fd-45b2-ba28-10f10075b239,e89e2e6c-6152-41b5-8fbd-c9fd64d70349,2026-09-06T10:52:38.754000+00:00,keydown,76,l,,1061.1,,,,,,,,paragraph_typing,0,,,,,,,,,,/app/training,dev_07816792-ddc2-4c7e-b167-1da450c46a18,,,,,,,,,,,,,,,,,,,,,,,,,,,,,,,,,,,,,,,,,,,,,,,,,,,,,,,,,,,,,,,,,,
training_event,training,dba80c84-68fd-45b2-ba28-10f10075b239,e89e2e6c-6152-41b5-8fbd-c9fd64d70349,2026-09-06T10:52:38.855000+00:00,keydown,69,e,,100.5,,,,,,,,paragraph_typing,0,,,,,,,,,,/app/training,dev_07816792-ddc2-4c7e-b167-1da450c46a18,,,,,,,,,,,,,,,,,,,,,,,,,,,,,,,,,,,,,,,,,,,,,,,,,,,,,,,,,,,,,,,,,,
training_event,training,dba80c84-68fd-45b2-ba28-10f10075b239,e89e2e6c-6152-41b5-8fbd-c9fd64d70349,2026-09-06T10:52:38.867000+00:00,keyup,76,,112.9,,,,,,,,,paragraph_typing,0,,,,,,,,,,/app/training,dev_07816792-ddc2-4c7e-b167-1da450c46a18,,,,,,,,,,,,,,,,,,,,,,,,,,,,,,,,,,,,,,,,,,,,,,,,,,,,,,,,,,,,,,,,,,
training_event,training,dba80c84-68fd-45b2-ba28-10f10075b239,e89e2e6c-6152-41b5-8fbd-c9fd64d70349,2026-09-06T10:52:38.966000+00:00,keyup,69,,111.5,,,,,,,,,paragraph_typing,0,,,,,,,,,,/app/training,dev_07816792-ddc2-4c7e-b167-1da450c46a18,,,,,,,,,,,,,,,,,,,,,,,,,,,,,,,,,,,,,,,,,,,,,,,,,,,,,,,,,,,,,,,,,,
training_event,training,dba80c84-68fd-45b2-ba28-10f10075b239,e89e2e6c-6152-41b5-8fbd-c9fd64d70349,2026-09-06T10:52:39.166000+00:00,keydown,65,a,,311.4,,,,,,,,paragraph_typing,0,,,,,,,,,,/app/training,dev_07816792-ddc2-4c7e-b167-1da450c46a18,,,,,,,,,,,,,,,,,,,,,,,,,,,,,,,,,,,,,,,,,,,,,,,,,,,,,,,,,,,,,,,,,,
training_event,training,dba80c84-68fd-45b2-ba28-10f10075b239,e89e2e6c-6152-41b5-8fbd-c9fd64d70349,2026-09-06T10:52:39.286000+00:00,keyup,65,,119.7,,,,,,,,,paragraph_typing,0,,,,,,,,,,/app/training,dev_07816792-ddc2-4c7e-b167-1da450c46a18,,,,,,,,,,,,,,,,,,,,,,,,,,,,,,,,,,,,,,,,,,,,,,,,,,,,,,,,,,,,,,,,,,
training_event,training,dba80c84-68fd-45b2-ba28-10f10075b239,e89e2e6c-6152-41b5-8fbd-c9fd64d70349,2026-09-06T10:52:39.404000+00:00,keydown,82,r,,238.0,,,,,,,,paragraph_typing,0,,,,,,,,,,/app/training,dev_07816792-ddc2-4c7e-b167-1da450c46a18,,,,,,,,,,,,,,,,,,,,,,,,,,,,,,,,,,,,,,,,,,,,,,,,,,,,,,,,,,,,,,,,,,
training_event,training,dba80c84-68fd-45b2-ba28-10f10075b239,e89e2e6c-6152-41b5-8fbd-c9fd64d70349,2026-09-06T10:52:39.503000+00:00,keyup,82,,98.6,,,,,,,,,paragraph_typing,0,,,,,,,,,,/app/training,dev_07816792-ddc2-4c7e-b167-1da450c46a18,,,,,,,,,,,,,,,,,,,,,,,,,,,,,,,,,,,,,,,,,,,,,,,,,,,,,,,,,,,,,,,,,,
training_event,training,dba80c84-68fd-45b2-ba28-10f10075b239,e89e2e6c-6152-41b5-8fbd-c9fd64d70349,2026-09-06T10:52:39.654000+00:00,keydown,83,s,,250.2,,,,,,,,paragraph_typing,0,,,,,,,,,,/app/training,dev_07816792-ddc2-4c7e-b167-1da450c46a18,,,,,,,,,,,,,,,,,,,,,,,,,,,,,,,,,,,,,,,,,,,,,,,,,,,,,,,,,,,,,,,,,,
training_event,training,dba80c84-68fd-45b2-ba28-10f10075b239,e89e2e6c-6152-41b5-8fbd-c9fd64d70349,2026-09-06T10:52:39.801000+00:00,keyup,83,,146.4,,,,,,,,,paragraph_typing,0,,,,,,,,,,/app/training,dev_07816792-ddc2-4c7e-b167-1da450c46a18,,,,,,,,,,,,,,,,,,,,,,,,,,,,,,,,,,,,,,,,,,,,,,,,,,,,,,,,,,,,,,,,,,
training_event,training,dba80c84-68fd-45b2-ba28-10f10075b239,e89e2e6c-6152-41b5-8fbd-c9fd64d70349,2026-09-06T10:52:39.869000+00:00,keydown,32, ,,214.8,,,,,,,,paragraph_typing,0,,,,,,,,,,/app/training,dev_07816792-ddc2-4c7e-b167-1da450c46a18,,,,,,,,,,,,,,,,,,,,,,,,,,,,,,,,,,,,,,,,,,,,,,,,,,,,,,,,,,,,,,,,,,
training_event,training,dba80c84-68fd-45b2-ba28-10f10075b239,e89e2e6c-6152-41b5-8fbd-c9fd64d70349,2026-09-06T10:52:39.971000+00:00,keyup,32,,101.5,,,,,,,,,paragraph_typing,0,,,,,,,,,,/app/training,dev_07816792-ddc2-4c7e-b167-1da450c46a18,,,,,,,,,,,,,,,,,,,,,,,,,,,,,,,,,,,,,,,,,,,,,,,,,,,,,,,,,,,,,,,,,,
training_event,training,dba80c84-68fd-45b2-ba28-10f10075b239,e89e2e6c-6152-41b5-8fbd-c9fd64d70349,2026-09-06T10:52:40.119000+00:00,keydown,72,h,,250.1,,,,,,,,paragraph_typing,0,,,,,,,,,,/app/training,dev_07816792-ddc2-4c7e-b167-1da450c46a18,,,,,,,,,,,,,,,,,,,,,,,,,,,,,,,,,,,,,,,,,,,,,,,,,,,,,,,,,,,,,,,,,,
training_event,training,dba80c84-68fd-45b2-ba28-10f10075b239,e89e2e6c-6152-41b5-8fbd-c9fd64d70349,2026-09-06T10:52:40.208000+00:00,keyup,72,,88.8,,,,,,,,,paragraph_typing,0,,,,,,,,,,/app/training,dev_07816792-ddc2-4c7e-b167-1da450c46a18,,,,,,,,,,,,,,,,,,,,,,,,,,,,,,,,,,,,,,,,,,,,,,,,,,,,,,,,,,,,,,,,,,
training_event,training,dba80c84-68fd-45b2-ba28-10f10075b239,e89e2e6c-6152-41b5-8fbd-c9fd64d70349,2026-09-06T10:52:40.381000+00:00,keydown,79,o,,261.5,,,,,,,,paragraph_typing,0,,,,,,,,,,/app/training,dev_07816792-ddc2-4c7e-b167-1da450c46a18,,,,,,,,,,,,,,,,,,,,,,,,,,,,,,,,,,,,,,,,,,,,,,,,,,,,,,,,,,,,,,,,,,
training_event,training,dba80c84-68fd-45b2-ba28-10f10075b239,e89e2e6c-6152-41b5-8fbd-c9fd64d70349,2026-09-06T10:52:40.522000+00:00,keyup,79,,141.4,,,,,,,,,paragraph_typing,0,,,,,,,,,,/app/training,dev_07816792-ddc2-4c7e-b167-1da450c46a18,,,,,,,,,,,,,,,,,,,,,,,,,,,,,,,,,,,,,,,,,,,,,,,,,,,,,,,,,,,,,,,,,,
training_event,training,dba80c84-68fd-45b2-ba28-10f10075b239,e89e2e6c-6152-41b5-8fbd-c9fd64d70349,2026-09-06T10:52:40.561000+00:00,keydown,87,w,,180.4,,,,,,,,paragraph_typing,0,,,,,,,,,,/app/training,dev_07816792-ddc2-4c7e-b167-1da450c46a18,,,,,,,,,,,,,,,,,,,,,,,,,,,,,,,,,,,,,,,,,,,,,,,,,,,,,,,,,,,,,,,,,,
training_event,training,dba80c84-68fd-45b2-ba28-10f10075b239,e89e2e6c-6152-41b5-8fbd-c9fd64d70349,2026-09-06T10:52:40.710000+00:00,keydown,32, ,,148.9,,,,,,,,paragraph_typing,0,,,,,,,,,,/app/training,dev_07816792-ddc2-4c7e-b167-1da450c46a18,,,,,,,,,,,,,,,,,,,,,,,,,,,,,,,,,,,,,,,,,,,,,,,,,,,,,,,,,,,,,,,,,,
training_event,training,dba80c84-68fd-45b2-ba28-10f10075b239,e89e2e6c-6152-41b5-8fbd-c9fd64d70349,2026-09-06T10:52:40.721000+00:00,keyup,87,,159.7,,,,,,,,,paragraph_typing,0,,,,,,,,,,/app/training,dev_07816792-ddc2-4c7e-b167-1da450c46a18,,,,,,,,,,,,,,,,,,,,,,,,,,,,,,,,,,,,,,,,,,,,,,,,,,,,,,,,,,,,,,,,,,
training_event,training,dba80c84-68fd-45b2-ba28-10f10075b239,e89e2e6c-6152-41b5-8fbd-c9fd64d70349,2026-09-06T10:52:40.856000+00:00,keyup,32,,145.8,,,,,,,,,paragraph_typing,0,,,,,,,,,,/app/training,dev_07816792-ddc2-4c7e-b167-1da450c46a18,,,,,,,,,,,,,,,,,,,,,,,,,,,,,,,,,,,,,,,,,,,,,,,,,,,,,,,,,,,,,,,,,,
training_event,training,dba80c84-68fd-45b2-ba28-10f10075b239,e89e2e6c-6152-41b5-8fbd-c9fd64d70349,2026-09-06T10:52:41.119000+00:00,keydown,65,a,,408.7,,,,,,,,paragraph_typing,0,,,,,,,,,,/app/training,dev_07816792-ddc2-4c7e-b167-1da450c46a18,,,,,,,,,,,,,,,,,,,,,,,,,,,,,,,,,,,,,,,,,,,,,,,,,,,,,,,,,,,,,,,,,,
training_event,training,dba80c84-68fd-45b2-ba28-10f10075b239,e89e2e6c-6152-41b5-8fbd-c9fd64d70349,2026-09-06T10:52:41.272000+00:00,keyup,65,,153.6,,,,,,,,,paragraph_typing,0,,,,,,,,,,/app/training,dev_07816792-ddc2-4c7e-b167-1da450c46a18,,,,,,,,,,,,,,,,,,,,,,,,,,,,,,,,,,,,,,,,,,,,,,,,,,,,,,,,,,,,,,,,,,
training_event,training,dba80c84-68fd-45b2-ba28-10f10075b239,e89e2e6c-6152-41b5-8fbd-c9fd64d70349,2026-09-06T10:52:41.311000+00:00,keydown,32, ,,192.3,,,,,,,,paragraph_typing,0,,,,,,,,,,/app/training,dev_07816792-ddc2-4c7e-b167-1da450c46a18,,,,,,,,,,,,,,,,,,,,,,,,,,,,,,,,,,,,,,,,,,,,,,,,,,,,,,,,,,,,,,,,,,
training_event,training,dba80c84-68fd-45b2-ba28-10f10075b239,e89e2e6c-6152-41b5-8fbd-c9fd64d70349,2026-09-06T10:52:41.412000+00:00,keyup,32,,100.8,,,,,,,,,paragraph_typing,0,,,,,,,,,,/app/training,dev_07816792-ddc2-4c7e-b167-1da450c46a18,,,,,,,,,,,,,,,,,,,,,,,,,,,,,,,,,,,,,,,,,,,,,,,,,,,,,,,,,,,,,,,,,,
training_event,training,dba80c84-68fd-45b2-ba28-10f10075b239,e89e2e6c-6152-41b5-8fbd-c9fd64d70349,2026-09-06T10:52:41.739000+00:00,keydown,85,u,,428.1,,,,,,,,paragraph_typing,0,,,,,,,,,,/app/training,dev_07816792-ddc2-4c7e-b167-1da450c46a18,,,,,,,,,,,,,,,,,,,,,,,,,,,,,,,,,,,,,,,,,,,,,,,,,,,,,,,,,,,,,,,,,,
training_event,training,dba80c84-68fd-45b2-ba28-10f10075b239,e89e2e6c-6152-41b5-8fbd-c9fd64d70349,2026-09-06T10:52:41.836000+00:00,keyup,85,,97.0,,,,,,,,,paragraph_typing,0,,,,,,,,,,/app/training,dev_07816792-ddc2-4c7e-b167-1da450c46a18,,,,,,,,,,,,,,,,,,,,,,,,,,,,,,,,,,,,,,,,,,,,,,,,,,,,,,,,,,,,,,,,,,
training_event,training,dba80c84-68fd-45b2-ba28-10f10075b239,e89e2e6c-6152-41b5-8fbd-c9fd64d70349,2026-09-06T10:52:41.855000+00:00,keydown,83,s,,115.8,,,,,,,,paragraph_typing,0,,,,,,,,,,/app/training,dev_07816792-ddc2-4c7e-b167-1da450c46a18,,,,,,,,,,,,,,,,,,,,,,,,,,,,,,,,,,,,,,,,,,,,,,,,,,,,,,,,,,,,,,,,,,
training_event,training,dba80c84-68fd-45b2-ba28-10f10075b239,e89e2e6c-6152-41b5-8fbd-c9fd64d70349,2026-09-06T10:52:41.966000+00:00,keyup,83,,111.0,,,,,,,,,paragraph_typing,0,,,,,,,,,,/app/training,dev_07816792-ddc2-4c7e-b167-1da450c46a18,,,,,,,,,,,,,,,,,,,,,,,,,,,,,,,,,,,,,,,,,,,,,,,,,,,,,,,,,,,,,,,,,,
training_event,training,dba80c84-68fd-45b2-ba28-10f10075b239,e89e2e6c-6152-41b5-8fbd-c9fd64d70349,2026-09-06T10:52:42.066000+00:00,keydown,69,e,,210.7,,,,,,,,paragraph_typing,0,,,,,,,,,,/app/training,dev_07816792-ddc2-4c7e-b167-1da450c46a18,,,,,,,,,,,,,,,,,,,,,,,,,,,,,,,,,,,,,,,,,,,,,,,,,,,,,,,,,,,,,,,,,,
training_event,training,dba80c84-68fd-45b2-ba28-10f10075b239,e89e2e6c-6152-41b5-8fbd-c9fd64d70349,2026-09-06T10:52:42.167000+00:00,keyup,69,,101.2,,,,,,,,,paragraph_typing,0,,,,,,,,,,/app/training,dev_07816792-ddc2-4c7e-b167-1da450c46a18,,,,,,,,,,,,,,,,,,,,,,,,,,,,,,,,,,,,,,,,,,,,,,,,,,,,,,,,,,,,,,,,,,
training_event,training,dba80c84-68fd-45b2-ba28-10f10075b239,e89e2e6c-6152-41b5-8fbd-c9fd64d70349,2026-09-06T10:52:42.275000+00:00,keydown,82,r,,209.4,,,,,,,,paragraph_typing,0,,,,,,,,,,/app/training,dev_07816792-ddc2-4c7e-b167-1da450c46a18,,,,,,,,,,,,,,,,,,,,,,,,,,,,,,,,,,,,,,,,,,,,,,,,,,,,,,,,,,,,,,,,,,
training_event,training,dba80c84-68fd-45b2-ba28-10f10075b239,e89e2e6c-6152-41b5-8fbd-c9fd64d70349,2026-09-06T10:52:42.363000+00:00,keyup,82,,88.4,,,,,,,,,paragraph_typing,0,,,,,,,,,,/app/training,dev_07816792-ddc2-4c7e-b167-1da450c46a18,,,,,,,,,,,,,,,,,,,,,,,,,,,,,,,,,,,,,,,,,,,,,,,,,,,,,,,,,,,,,,,,,,
training_event,training,dba80c84-68fd-45b2-ba28-10f10075b239,e89e2e6c-6152-41b5-8fbd-c9fd64d70349,2026-09-06T10:52:42.369000+00:00,keydown,32, ,,94.3,,,,,,,,paragraph_typing,0,,,,,,,,,,/app/training,dev_07816792-ddc2-4c7e-b167-1da450c46a18,,,,,,,,,,,,,,,,,,,,,,,,,,,,,,,,,,,,,,,,,,,,,,,,,,,,,,,,,,,,,,,,,,
training_event,training,dba80c84-68fd-45b2-ba28-10f10075b239,e89e2e6c-6152-41b5-8fbd-c9fd64d70349,2026-09-06T10:52:42.476000+00:00,keyup,32,,106.5,,,,,,,,,paragraph_typing,0,,,,,,,,,,/app/training,dev_07816792-ddc2-4c7e-b167-1da450c46a18,,,,,,,,,,,,,,,,,,,,,,,,,,,,,,,,,,,,,,,,,,,,,,,,,,,,,,,,,,,,,,,,,,
training_event,training,dba80c84-68fd-45b2-ba28-10f10075b239,e89e2e6c-6152-41b5-8fbd-c9fd64d70349,2026-09-06T10:52:42.600000+00:00,keydown,73,i,,230.9,,,,,,,,paragraph_typing,0,,,,,,,,,,/app/training,dev_07816792-ddc2-4c7e-b167-1da450c46a18,,,,,,,,,,,,,,,,,,,,,,,,,,,,,,,,,,,,,,,,,,,,,,,,,,,,,,,,,,,,,,,,,,
training_event,training,dba80c84-68fd-45b2-ba28-10f10075b239,e89e2e6c-6152-41b5-8fbd-c9fd64d70349,2026-09-06T10:52:42.682000+00:00,keyup,73,,81.6,,,,,,,,,paragraph_typing,0,,,,,,,,,,/app/training,dev_07816792-ddc2-4c7e-b167-1da450c46a18,,,,,,,,,,,,,,,,,,,,,,,,,,,,,,,,,,,,,,,,,,,,,,,,,,,,,,,,,,,,,,,,,,
training_event,training,dba80c84-68fd-45b2-ba28-10f10075b239,e89e2e6c-6152-41b5-8fbd-c9fd64d70349,2026-09-06T10:52:42.846000+00:00,keydown,78,n,,245.2,,,,,,,,paragraph_typing,0,,,,,,,,,,/app/training,dev_07816792-ddc2-4c7e-b167-1da450c46a18,,,,,,,,,,,,,,,,,,,,,,,,,,,,,,,,,,,,,,,,,,,,,,,,,,,,,,,,,,,,,,,,,,
training_event,training,dba80c84-68fd-45b2-ba28-10f10075b239,e89e2e6c-6152-41b5-8fbd-c9fd64d70349,2026-09-06T10:52:42.963000+00:00,keyup,78,,117.5,,,,,,,,,paragraph_typing,0,,,,,,,,,,/app/training,dev_07816792-ddc2-4c7e-b167-1da450c46a18,,,,,,,,,,,,,,,,,,,,,,,,,,,,,,,,,,,,,,,,,,,,,,,,,,,,,,,,,,,,,,,,,,
training_event,training,dba80c84-68fd-45b2-ba28-10f10075b239,e89e2e6c-6152-41b5-8fbd-c9fd64d70349,2026-09-06T10:52:43+00:00,keydown,84,t,,154.6,,,,,,,,paragraph_typing,0,,,,,,,,,,/app/training,dev_07816792-ddc2-4c7e-b167-1da450c46a18,,,,,,,,,,,,,,,,,,,,,,,,,,,,,,,,,,,,,,,,,,,,,,,,,,,,,,,,,,,,,,,,,,
training_event,training,dba80c84-68fd-45b2-ba28-10f10075b239,e89e2e6c-6152-41b5-8fbd-c9fd64d70349,2026-09-06T10:52:43.109000+00:00,keyup,84,,108.5,,,,,,,,,paragraph_typing,0,,,,,,,,,,/app/training,dev_07816792-ddc2-4c7e-b167-1da450c46a18,,,,,,,,,,,,,,,,,,,,,,,,,,,,,,,,,,,,,,,,,,,,,,,,,,,,,,,,,,,,,,,,,,
training_event,training,dba80c84-68fd-45b2-ba28-10f10075b239,e89e2e6c-6152-41b5-8fbd-c9fd64d70349,2026-09-06T10:52:43.255000+00:00,keydown,69,e,,254.5,,,,,,,,paragraph_typing,0,,,,,,,,,,/app/training,dev_07816792-ddc2-4c7e-b167-1da450c46a18,,,,,,,,,,,,,,,,,,,,,,,,,,,,,,,,,,,,,,,,,,,,,,,,,,,,,,,,,,,,,,,,,,
training_event,training,dba80c84-68fd-45b2-ba28-10f10075b239,e89e2e6c-6152-41b5-8fbd-c9fd64d70349,2026-09-06T10:52:43.337000+00:00,keyup,69,,82.1,,,,,,,,,paragraph_typing,0,,,,,,,,,,/app/training,dev_07816792-ddc2-4c7e-b167-1da450c46a18,,,,,,,,,,,,,,,,,,,,,,,,,,,,,,,,,,,,,,,,,,,,,,,,,,,,,,,,,,,,,,,,,,
training_event,training,dba80c84-68fd-45b2-ba28-10f10075b239,e89e2e6c-6152-41b5-8fbd-c9fd64d70349,2026-09-06T10:52:43.429000+00:00,keydown,82,r,,174.1,,,,,,,,paragraph_typing,0,,,,,,,,,,/app/training,dev_07816792-ddc2-4c7e-b167-1da450c46a18,,,,,,,,,,,,,,,,,,,,,,,,,,,,,,,,,,,,,,,,,,,,,,,,,,,,,,,,,,,,,,,,,,
training_event,training,dba80c84-68fd-45b2-ba28-10f10075b239,e89e2e6c-6152-41b5-8fbd-c9fd64d70349,2026-09-06T10:52:43.506000+00:00,keyup,82,,77.3,,,,,,,,,paragraph_typing,0,,,,,,,,,,/app/training,dev_07816792-ddc2-4c7e-b167-1da450c46a18,,,,,,,,,,,,,,,,,,,,,,,,,,,,,,,,,,,,,,,,,,,,,,,,,,,,,,,,,,,,,,,,,,
training_event,training,dba80c84-68fd-45b2-ba28-10f10075b239,e89e2e6c-6152-41b5-8fbd-c9fd64d70349,2026-09-06T10:52:43.689000+00:00,keydown,65,a,,260.7,,,,,,,,paragraph_typing,0,,,,,,,,,,/app/training,dev_07816792-ddc2-4c7e-b167-1da450c46a18,,,,,,,,,,,,,,,,,,,,,,,,,,,,,,,,,,,,,,,,,,,,,,,,,,,,,,,,,,,,,,,,,,
training_event,training,dba80c84-68fd-45b2-ba28-10f10075b239,e89e2e6c-6152-41b5-8fbd-c9fd64d70349,2026-09-06T10:52:43.850000+00:00,keyup,65,,161.1,,,,,,,,,paragraph_typing,0,,,,,,,,,,/app/training,dev_07816792-ddc2-4c7e-b167-1da450c46a18,,,,,,,,,,,,,,,,,,,,,,,,,,,,,,,,,,,,,,,,,,,,,,,,,,,,,,,,,,,,,,,,,,
training_event,training,dba80c84-68fd-45b2-ba28-10f10075b239,e89e2e6c-6152-41b5-8fbd-c9fd64d70349,2026-09-06T10:52:43.949000+00:00,keydown,67,c,,259.8,,,,,,,,paragraph_typing,0,,,,,,,,,,/app/training,dev_07816792-ddc2-4c7e-b167-1da450c46a18,,,,,,,,,,,,,,,,,,,,,,,,,,,,,,,,,,,,,,,,,,,,,,,,,,,,,,,,,,,,,,,,,,
training_event,training,dba80c84-68fd-45b2-ba28-10f10075b239,e89e2e6c-6152-41b5-8fbd-c9fd64d70349,2026-09-06T10:52:44.065000+00:00,keyup,67,,115.9,,,,,,,,,paragraph_typing,0,,,,,,,,,,/app/training,dev_07816792-ddc2-4c7e-b167-1da450c46a18,,,,,,,,,,,,,,,,,,,,,,,,,,,,,,,,,,,,,,,,,,,,,,,,,,,,,,,,,,,,,,,,,,
training_event,training,dba80c84-68fd-45b2-ba28-10f10075b239,e89e2e6c-6152-41b5-8fbd-c9fd64d70349,2026-09-06T10:52:44.209000+00:00,keydown,84,t,,260.1,,,,,,,,paragraph_typing,0,,,,,,,,,,/app/training,dev_07816792-ddc2-4c7e-b167-1da450c46a18,,,,,,,,,,,,,,,,,,,,,,,,,,,,,,,,,,,,,,,,,,,,,,,,,,,,,,,,,,,,,,,,,,
training_event,training,dba80c84-68fd-45b2-ba28-10f10075b239,e89e2e6c-6152-41b5-8fbd-c9fd64d70349,2026-09-06T10:52:44.326000+00:00,keyup,84,,116.7,,,,,,,,,paragraph_typing,0,,,,,,,,,,/app/training,dev_07816792-ddc2-4c7e-b167-1da450c46a18,,,,,,,,,,,,,,,,,,,,,,,,,,,,,,,,,,,,,,,,,,,,,,,,,,,,,,,,,,,,,,,,,,
training_event,training,dba80c84-68fd-45b2-ba28-10f10075b239,e89e2e6c-6152-41b5-8fbd-c9fd64d70349,2026-09-06T10:52:44.395000+00:00,keydown,83,s,,185.3,,,,,,,,paragraph_typing,0,,,,,,,,,,/app/training,dev_07816792-ddc2-4c7e-b167-1da450c46a18,,,,,,,,,,,,,,,,,,,,,,,,,,,,,,,,,,,,,,,,,,,,,,,,,,,,,,,,,,,,,,,,,,
training_event,training,dba80c84-68fd-45b2-ba28-10f10075b239,e89e2e6c-6152-41b5-8fbd-c9fd64d70349,2026-09-06T10:52:44.498000+00:00,keydown,32, ,,103.7,,,,,,,,paragraph_typing,0,,,,,,,,,,/app/training,dev_07816792-ddc2-4c7e-b167-1da450c46a18,,,,,,,,,,,,,,,,,,,,,,,,,,,,,,,,,,,,,,,,,,,,,,,,,,,,,,,,,,,,,,,,,,
training_event,training,dba80c84-68fd-45b2-ba28-10f10075b239,e89e2e6c-6152-41b5-8fbd-c9fd64d70349,2026-09-06T10:52:44.516000+00:00,keyup,83,,120.9,,,,,,,,,paragraph_typing,0,,,,,,,,,,/app/training,dev_07816792-ddc2-4c7e-b167-1da450c46a18,,,,,,,,,,,,,,,,,,,,,,,,,,,,,,,,,,,,,,,,,,,,,,,,,,,,,,,,,,,,,,,,,,
training_event,training,dba80c84-68fd-45b2-ba28-10f10075b239,e89e2e6c-6152-41b5-8fbd-c9fd64d70349,2026-09-06T10:52:44.641000+00:00,keyup,32,,142.7,,,,,,,,,paragraph_typing,0,,,,,,,,,,/app/training,dev_07816792-ddc2-4c7e-b167-1da450c46a18,,,,,,,,,,,,,,,,,,,,,,,,,,,,,,,,,,,,,,,,,,,,,,,,,,,,,,,,,,,,,,,,,,
training_event,training,dba80c84-68fd-45b2-ba28-10f10075b239,e89e2e6c-6152-41b5-8fbd-c9fd64d70349,2026-09-06T10:52:44.949000+00:00,keydown,87,w,,450.9,,,,,,,,paragraph_typing,0,,,,,,,,,,/app/training,dev_07816792-ddc2-4c7e-b167-1da450c46a18,,,,,,,,,,,,,,,,,,,,,,,,,,,,,,,,,,,,,,,,,,,,,,,,,,,,,,,,,,,,,,,,,,
training_event,training,dba80c84-68fd-45b2-ba28-10f10075b239,e89e2e6c-6152-41b5-8fbd-c9fd64d70349,2026-09-06T10:52:45.096000+00:00,keyup,87,,147.2,,,,,,,,,paragraph_typing,0,,,,,,,,,,/app/training,dev_07816792-ddc2-4c7e-b167-1da450c46a18,,,,,,,,,,,,,,,,,,,,,,,,,,,,,,,,,,,,,,,,,,,,,,,,,,,,,,,,,,,,,,,,,,
training_event,training,dba80c84-68fd-45b2-ba28-10f10075b239,e89e2e6c-6152-41b5-8fbd-c9fd64d70349,2026-09-06T10:52:45.295000+00:00,keydown,73,i,,346.2,,,,,,,,paragraph_typing,0,,,,,,,,,,/app/training,dev_07816792-ddc2-4c7e-b167-1da450c46a18,,,,,,,,,,,,,,,,,,,,,,,,,,,,,,,,,,,,,,,,,,,,,,,,,,,,,,,,,,,,,,,,,,
training_event,training,dba80c84-68fd-45b2-ba28-10f10075b239,e89e2e6c-6152-41b5-8fbd-c9fd64d70349,2026-09-06T10:52:45.426000+00:00,keyup,73,,130.2,,,,,,,,,paragraph_typing,0,,,,,,,,,,/app/training,dev_07816792-ddc2-4c7e-b167-1da450c46a18,,,,,,,,,,,,,,,,,,,,,,,,,,,,,,,,,,,,,,,,,,,,,,,,,,,,,,,,,,,,,,,,,,
training_event,training,dba80c84-68fd-45b2-ba28-10f10075b239,e89e2e6c-6152-41b5-8fbd-c9fd64d70349,2026-09-06T10:52:45.503000+00:00,keydown,84,t,,207.6,,,,,,,,paragraph_typing,0,,,,,,,,,,/app/training,dev_07816792-ddc2-4c7e-b167-1da450c46a18,,,,,,,,,,,,,,,,,,,,,,,,,,,,,,,,,,,,,,,,,,,,,,,,,,,,,,,,,,,,,,,,,,
training_event,training,dba80c84-68fd-45b2-ba28-10f10075b239,e89e2e6c-6152-41b5-8fbd-c9fd64d70349,2026-09-06T10:52:45.628000+00:00,keydown,72,h,,125.5,,,,,,,,paragraph_typing,0,,,,,,,,,,/app/training,dev_07816792-ddc2-4c7e-b167-1da450c46a18,,,,,,,,,,,,,,,,,,,,,,,,,,,,,,,,,,,,,,,,,,,,,,,,,,,,,,,,,,,,,,,,,,
training_event,training,dba80c84-68fd-45b2-ba28-10f10075b239,e89e2e6c-6152-41b5-8fbd-c9fd64d70349,2026-09-06T10:52:45.650000+00:00,keyup,84,,147.0,,,,,,,,,paragraph_typing,0,,,,,,,,,,/app/training,dev_07816792-ddc2-4c7e-b167-1da450c46a18,,,,,,,,,,,,,,,,,,,,,,,,,,,,,,,,,,,,,,,,,,,,,,,,,,,,,,,,,,,,,,,,,,
training_event,training,dba80c84-68fd-45b2-ba28-10f10075b239,e89e2e6c-6152-41b5-8fbd-c9fd64d70349,2026-09-06T10:52:45.725000+00:00,keyup,72,,97.0,,,,,,,,,paragraph_typing,0,,,,,,,,,,/app/training,dev_07816792-ddc2-4c7e-b167-1da450c46a18,,,,,,,,,,,,,,,,,,,,,,,,,,,,,,,,,,,,,,,,,,,,,,,,,,,,,,,,,,,,,,,,,,
training_event,training,dba80c84-68fd-45b2-ba28-10f10075b239,e89e2e6c-6152-41b5-8fbd-c9fd64d70349,2026-09-06T10:52:45.888000+00:00,keydown,32, ,,259.2,,,,,,,,paragraph_typing,0,,,,,,,,,,/app/training,dev_07816792-ddc2-4c7e-b167-1da450c46a18,,,,,,,,,,,,,,,,,,,,,,,,,,,,,,,,,,,,,,,,,,,,,,,,,,,,,,,,,,,,,,,,,,
training_event,training,dba80c84-68fd-45b2-ba28-10f10075b239,e89e2e6c-6152-41b5-8fbd-c9fd64d70349,2026-09-06T10:52:45.985000+00:00,keyup,32,,97.1,,,,,,,,,paragraph_typing,0,,,,,,,,,,/app/training,dev_07816792-ddc2-4c7e-b167-1da450c46a18,,,,,,,,,,,,,,,,,,,,,,,,,,,,,,,,,,,,,,,,,,,,,,,,,,,,,,,,,,,,,,,,,,
training_event,training,dba80c84-68fd-45b2-ba28-10f10075b239,e89e2e6c-6152-41b5-8fbd-c9fd64d70349,2026-09-06T10:52:46.003000+00:00,keydown,84,t,,115.3,,,,,,,,paragraph_typing,0,,,,,,,,,,/app/training,dev_07816792-ddc2-4c7e-b167-1da450c46a18,,,,,,,,,,,,,,,,,,,,,,,,,,,,,,,,,,,,,,,,,,,,,,,,,,,,,,,,,,,,,,,,,,
training_event,training,dba80c84-68fd-45b2-ba28-10f10075b239,e89e2e6c-6152-41b5-8fbd-c9fd64d70349,2026-09-06T10:52:46.146000+00:00,keyup,84,,143.1,,,,,,,,,paragraph_typing,0,,,,,,,,,,/app/training,dev_07816792-ddc2-4c7e-b167-1da450c46a18,,,,,,,,,,,,,,,,,,,,,,,,,,,,,,,,,,,,,,,,,,,,,,,,,,,,,,,,,,,,,,,,,,
training_event,training,dba80c84-68fd-45b2-ba28-10f10075b239,e89e2e6c-6152-41b5-8fbd-c9fd64d70349,2026-09-06T10:52:46.168000+00:00,keydown,72,h,,164.7,,,,,,,,paragraph_typing,0,,,,,,,,,,/app/training,dev_07816792-ddc2-4c7e-b167-1da450c46a18,,,,,,,,,,,,,,,,,,,,,,,,,,,,,,,,,,,,,,,,,,,,,,,,,,,,,,,,,,,,,,,,,,
training_event,training,dba80c84-68fd-45b2-ba28-10f10075b239,e89e2e6c-6152-41b5-8fbd-c9fd64d70349,2026-09-06T10:52:46.250000+00:00,keyup,72,,82.6,,,,,,,,,paragraph_typing,0,,,,,,,,,,/app/training,dev_07816792-ddc2-4c7e-b167-1da450c46a18,,,,,,,,,,,,,,,,,,,,,,,,,,,,,,,,,,,,,,,,,,,,,,,,,,,,,,,,,,,,,,,,,,
training_event,training,dba80c84-68fd-45b2-ba28-10f10075b239,e89e2e6c-6152-41b5-8fbd-c9fd64d70349,2026-09-06T10:52:46.339000+00:00,keydown,69,e,,171.0,,,,,,,,paragraph_typing,0,,,,,,,,,,/app/training,dev_07816792-ddc2-4c7e-b167-1da450c46a18,,,,,,,,,,,,,,,,,,,,,,,,,,,,,,,,,,,,,,,,,,,,,,,,,,,,,,,,,,,,,,,,,,
training_event,training,dba80c84-68fd-45b2-ba28-10f10075b239,e89e2e6c-6152-41b5-8fbd-c9fd64d70349,2026-09-06T10:52:46.465000+00:00,keydown,32, ,,126.6,,,,,,,,paragraph_typing,0,,,,,,,,,,/app/training,dev_07816792-ddc2-4c7e-b167-1da450c46a18,,,,,,,,,,,,,,,,,,,,,,,,,,,,,,,,,,,,,,,,,,,,,,,,,,,,,,,,,,,,,,,,,,
training_event,training,dba80c84-68fd-45b2-ba28-10f10075b239,e89e2e6c-6152-41b5-8fbd-c9fd64d70349,2026-09-06T10:52:46.491000+00:00,keyup,69,,152.4,,,,,,,,,paragraph_typing,0,,,,,,,,,,/app/training,dev_07816792-ddc2-4c7e-b167-1da450c46a18,,,,,,,,,,,,,,,,,,,,,,,,,,,,,,,,,,,,,,,,,,,,,,,,,,,,,,,,,,,,,,,,,,
training_event,training,dba80c84-68fd-45b2-ba28-10f10075b239,e89e2e6c-6152-41b5-8fbd-c9fd64d70349,2026-09-06T10:52:46.592000+00:00,keyup,32,,126.5,,,,,,,,,paragraph_typing,0,,,,,,,,,,/app/training,dev_07816792-ddc2-4c7e-b167-1da450c46a18,,,,,,,,,,,,,,,,,,,,,,,,,,,,,,,,,,,,,,,,,,,,,,,,,,,,,,,,,,,,,,,,,,
training_event,training,dba80c84-68fd-45b2-ba28-10f10075b239,e89e2e6c-6152-41b5-8fbd-c9fd64d70349,2026-09-06T10:52:47.034000+00:00,keydown,66,b,,568.9,,,,,,,,paragraph_typing,0,,,,,,,,,,/app/training,dev_07816792-ddc2-4c7e-b167-1da450c46a18,,,,,,,,,,,,,,,,,,,,,,,,,,,,,,,,,,,,,,,,,,,,,,,,,,,,,,,,,,,,,,,,,,
training_event,training,dba80c84-68fd-45b2-ba28-10f10075b239,e89e2e6c-6152-41b5-8fbd-c9fd64d70349,2026-09-06T10:52:47.130000+00:00,keyup,66,,96.1,,,,,,,,,paragraph_typing,0,,,,,,,,,,/app/training,dev_07816792-ddc2-4c7e-b167-1da450c46a18,,,,,,,,,,,,,,,,,,,,,,,,,,,,,,,,,,,,,,,,,,,,,,,,,,,,,,,,,,,,,,,,,,
training_event,training,dba80c84-68fd-45b2-ba28-10f10075b239,e89e2e6c-6152-41b5-8fbd-c9fd64d70349,2026-09-06T10:52:47.169000+00:00,keydown,65,a,,134.4,,,,,,,,paragraph_typing,0,,,,,,,,,,/app/training,dev_07816792-ddc2-4c7e-b167-1da450c46a18,,,,,,,,,,,,,,,,,,,,,,,,,,,,,,,,,,,,,,,,,,,,,,,,,,,,,,,,,,,,,,,,,,
training_event,training,dba80c84-68fd-45b2-ba28-10f10075b239,e89e2e6c-6152-41b5-8fbd-c9fd64d70349,2026-09-06T10:52:47.275000+00:00,keyup,65,,106.7,,,,,,,,,paragraph_typing,0,,,,,,,,,,/app/training,dev_07816792-ddc2-4c7e-b167-1da450c46a18,,,,,,,,,,,,,,,,,,,,,,,,,,,,,,,,,,,,,,,,,,,,,,,,,,,,,,,,,,,,,,,,,,
training_event,training,dba80c84-68fd-45b2-ba28-10f10075b239,e89e2e6c-6152-41b5-8fbd-c9fd64d70349,2026-09-06T10:52:47.298000+00:00,keydown,78,n,,129.8,,,,,,,,paragraph_typing,0,,,,,,,,,,/app/training,dev_07816792-ddc2-4c7e-b167-1da450c46a18,,,,,,,,,,,,,,,,,,,,,,,,,,,,,,,,,,,,,,,,,,,,,,,,,,,,,,,,,,,,,,,,,,
training_event,training,dba80c84-68fd-45b2-ba28-10f10075b239,e89e2e6c-6152-41b5-8fbd-c9fd64d70349,2026-09-06T10:52:47.385000+00:00,keyup,78,,86.5,,,,,,,,,paragraph_typing,0,,,,,,,,,,/app/training,dev_07816792-ddc2-4c7e-b167-1da450c46a18,,,,,,,,,,,,,,,,,,,,,,,,,,,,,,,,,,,,,,,,,,,,,,,,,,,,,,,,,,,,,,,,,,
training_event,training,dba80c84-68fd-45b2-ba28-10f10075b239,e89e2e6c-6152-41b5-8fbd-c9fd64d70349,2026-09-06T10:52:47.610000+00:00,keydown,75,k,,311.3,,,,,,,,paragraph_typing,0,,,,,,,,,,/app/training,dev_07816792-ddc2-4c7e-b167-1da450c46a18,,,,,,,,,,,,,,,,,,,,,,,,,,,,,,,,,,,,,,,,,,,,,,,,,,,,,,,,,,,,,,,,,,
training_event,training,dba80c84-68fd-45b2-ba28-10f10075b239,e89e2e6c-6152-41b5-8fbd-c9fd64d70349,2026-09-06T10:52:47.700000+00:00,keyup,75,,90.2,,,,,,,,,paragraph_typing,0,,,,,,,,,,/app/training,dev_07816792-ddc2-4c7e-b167-1da450c46a18,,,,,,,,,,,,,,,,,,,,,,,,,,,,,,,,,,,,,,,,,,,,,,,,,,,,,,,,,,,,,,,,,,
training_event,training,dba80c84-68fd-45b2-ba28-10f10075b239,e89e2e6c-6152-41b5-8fbd-c9fd64d70349,2026-09-06T10:52:47.834000+00:00,keydown,73,i,,224.0,,,,,,,,paragraph_typing,0,,,,,,,,,,/app/training,dev_07816792-ddc2-4c7e-b167-1da450c46a18,,,,,,,,,,,,,,,,,,,,,,,,,,,,,,,,,,,,,,,,,,,,,,,,,,,,,,,,,,,,,,,,,,
training_event,training,dba80c84-68fd-45b2-ba28-10f10075b239,e89e2e6c-6152-41b5-8fbd-c9fd64d70349,2026-09-06T10:52:47.911000+00:00,keyup,73,,77.3,,,,,,,,,paragraph_typing,0,,,,,,,,,,/app/training,dev_07816792-ddc2-4c7e-b167-1da450c46a18,,,,,,,,,,,,,,,,,,,,,,,,,,,,,,,,,,,,,,,,,,,,,,,,,,,,,,,,,,,,,,,,,,
training_event,training,dba80c84-68fd-45b2-ba28-10f10075b239,e89e2e6c-6152-41b5-8fbd-c9fd64d70349,2026-09-06T10:52:48.099000+00:00,keydown,78,n,,265.0,,,,,,,,paragraph_typing,0,,,,,,,,,,/app/training,dev_07816792-ddc2-4c7e-b167-1da450c46a18,,,,,,,,,,,,,,,,,,,,,,,,,,,,,,,,,,,,,,,,,,,,,,,,,,,,,,,,,,,,,,,,,,
training_event,training,dba80c84-68fd-45b2-ba28-10f10075b239,e89e2e6c-6152-41b5-8fbd-c9fd64d70349,2026-09-06T10:52:48.220000+00:00,keyup,78,,121.4,,,,,,,,,paragraph_typing,0,,,,,,,,,,/app/training,dev_07816792-ddc2-4c7e-b167-1da450c46a18,,,,,,,,,,,,,,,,,,,,,,,,,,,,,,,,,,,,,,,,,,,,,,,,,,,,,,,,,,,,,,,,,,
training_event,training,dba80c84-68fd-45b2-ba28-10f10075b239,e89e2e6c-6152-41b5-8fbd-c9fd64d70349,2026-09-06T10:52:48.367000+00:00,keydown,71,g,,268.8,,,,,,,,paragraph_typing,0,,,,,,,,,,/app/training,dev_07816792-ddc2-4c7e-b167-1da450c46a18,,,,,,,,,,,,,,,,,,,,,,,,,,,,,,,,,,,,,,,,,,,,,,,,,,,,,,,,,,,,,,,,,,
training_event,training,dba80c84-68fd-45b2-ba28-10f10075b239,e89e2e6c-6152-41b5-8fbd-c9fd64d70349,2026-09-06T10:52:48.456000+00:00,keyup,71,,89.0,,,,,,,,,paragraph_typing,0,,,,,,,,,,/app/training,dev_07816792-ddc2-4c7e-b167-1da450c46a18,,,,,,,,,,,,,,,,,,,,,,,,,,,,,,,,,,,,,,,,,,,,,,,,,,,,,,,,,,,,,,,,,,
training_event,training,dba80c84-68fd-45b2-ba28-10f10075b239,e89e2e6c-6152-41b5-8fbd-c9fd64d70349,2026-09-06T10:52:48.544000+00:00,keydown,32, ,,176.2,,,,,,,,paragraph_typing,0,,,,,,,,,,/app/training,dev_07816792-ddc2-4c7e-b167-1da450c46a18,,,,,,,,,,,,,,,,,,,,,,,,,,,,,,,,,,,,,,,,,,,,,,,,,,,,,,,,,,,,,,,,,,
training_event,training,dba80c84-68fd-45b2-ba28-10f10075b239,e89e2e6c-6152-41b5-8fbd-c9fd64d70349,2026-09-06T10:52:48.661000+00:00,keyup,32,,117.8,,,,,,,,,paragraph_typing,0,,,,,,,,,,/app/training,dev_07816792-ddc2-4c7e-b167-1da450c46a18,,,,,,,,,,,,,,,,,,,,,,,,,,,,,,,,,,,,,,,,,,,,,,,,,,,,,,,,,,,,,,,,,,
training_event,training,dba80c84-68fd-45b2-ba28-10f10075b239,e89e2e6c-6152-41b5-8fbd-c9fd64d70349,2026-09-06T10:52:48.883000+00:00,keydown,65,a,,339.5,,,,,,,,paragraph_typing,0,,,,,,,,,,/app/training,dev_07816792-ddc2-4c7e-b167-1da450c46a18,,,,,,,,,,,,,,,,,,,,,,,,,,,,,,,,,,,,,,,,,,,,,,,,,,,,,,,,,,,,,,,,,,
training_event,training,dba80c84-68fd-45b2-ba28-10f10075b239,e89e2e6c-6152-41b5-8fbd-c9fd64d70349,2026-09-06T10:52:49.016000+00:00,keyup,65,,132.6,,,,,,,,,paragraph_typing,0,,,,,,,,,,/app/training,dev_07816792-ddc2-4c7e-b167-1da450c46a18,,,,,,,,,,,,,,,,,,,,,,,,,,,,,,,,,,,,,,,,,,,,,,,,,,,,,,,,,,,,,,,,,,
training_event,training,dba80c84-68fd-45b2-ba28-10f10075b239,e89e2e6c-6152-41b5-8fbd-c9fd64d70349,2026-09-06T10:52:49.029000+00:00,keydown,80,p,,145.6,,,,,,,,paragraph_typing,0,,,,,,,,,,/app/training,dev_07816792-ddc2-4c7e-b167-1da450c46a18,,,,,,,,,,,,,,,,,,,,,,,,,,,,,,,,,,,,,,,,,,,,,,,,,,,,,,,,,,,,,,,,,,
training_event,training,dba80c84-68fd-45b2-ba28-10f10075b239,e89e2e6c-6152-41b5-8fbd-c9fd64d70349,2026-09-06T10:52:49.111000+00:00,keyup,80,,82.3,,,,,,,,,paragraph_typing,0,,,,,,,,,,/app/training,dev_07816792-ddc2-4c7e-b167-1da450c46a18,,,,,,,,,,,,,,,,,,,,,,,,,,,,,,,,,,,,,,,,,,,,,,,,,,,,,,,,,,,,,,,,,,
training_event,training,dba80c84-68fd-45b2-ba28-10f10075b239,e89e2e6c-6152-41b5-8fbd-c9fd64d70349,2026-09-06T10:52:50.464000+00:00,keydown,80,p,,1435.2,,,,,,,,paragraph_typing,0,,,,,,,,,,/app/training,dev_07816792-ddc2-4c7e-b167-1da450c46a18,,,,,,,,,,,,,,,,,,,,,,,,,,,,,,,,,,,,,,,,,,,,,,,,,,,,,,,,,,,,,,,,,,
training_event,training,dba80c84-68fd-45b2-ba28-10f10075b239,e89e2e6c-6152-41b5-8fbd-c9fd64d70349,2026-09-06T10:52:50.524000+00:00,keyup,80,,60.3,,,,,,,,,paragraph_typing,0,,,,,,,,,,/app/training,dev_07816792-ddc2-4c7e-b167-1da450c46a18,,,,,,,,,,,,,,,,,,,,,,,,,,,,,,,,,,,,,,,,,,,,,,,,,,,,,,,,,,,,,,,,,,
training_event,training,dba80c84-68fd-45b2-ba28-10f10075b239,e89e2e6c-6152-41b5-8fbd-c9fd64d70349,2026-09-06T10:52:50.698000+00:00,keydown,76,l,,234.4,,,,,,,,paragraph_typing,0,,,,,,,,,,/app/training,dev_07816792-ddc2-4c7e-b167-1da450c46a18,,,,,,,,,,,,,,,,,,,,,,,,,,,,,,,,,,,,,,,,,,,,,,,,,,,,,,,,,,,,,,,,,,
training_event,training,dba80c84-68fd-45b2-ba28-10f10075b239,e89e2e6c-6152-41b5-8fbd-c9fd64d70349,2026-09-06T10:52:50.795000+00:00,keyup,76,,97.0,,,,,,,,,paragraph_typing,0,,,,,,,,,,/app/training,dev_07816792-ddc2-4c7e-b167-1da450c46a18,,,,,,,,,,,,,,,,,,,,,,,,,,,,,,,,,,,,,,,,,,,,,,,,,,,,,,,,,,,,,,,,,,
training_event,training,dba80c84-68fd-45b2-ba28-10f10075b239,e89e2e6c-6152-41b5-8fbd-c9fd64d70349,2026-09-06T10:52:51.898000+00:00,keydown,73,i,,1199.7,,,,,,,,paragraph_typing,0,,,,,,,,,,/app/training,dev_07816792-ddc2-4c7e-b167-1da450c46a18,,,,,,,,,,,,,,,,,,,,,,,,,,,,,,,,,,,,,,,,,,,,,,,,,,,,,,,,,,,,,,,,,,
training_event,training,dba80c84-68fd-45b2-ba28-10f10075b239,e89e2e6c-6152-41b5-8fbd-c9fd64d70349,2026-09-06T10:52:52+00:00,keyup,73,,102.2,,,,,,,,,paragraph_typing,0,,,,,,,,,,/app/training,dev_07816792-ddc2-4c7e-b167-1da450c46a18,,,,,,,,,,,,,,,,,,,,,,,,,,,,,,,,,,,,,,,,,,,,,,,,,,,,,,,,,,,,,,,,,,
training_event,training,dba80c84-68fd-45b2-ba28-10f10075b239,e89e2e6c-6152-41b5-8fbd-c9fd64d70349,2026-09-06T10:52:52.324000+00:00,keydown,67,c,,426.0,,,,,,,,paragraph_typing,0,,,,,,,,,,/app/training,dev_07816792-ddc2-4c7e-b167-1da450c46a18,,,,,,,,,,,,,,,,,,,,,,,,,,,,,,,,,,,,,,,,,,,,,,,,,,,,,,,,,,,,,,,,,,
training_event,training,dba80c84-68fd-45b2-ba28-10f10075b239,e89e2e6c-6152-41b5-8fbd-c9fd64d70349,2026-09-06T10:52:52.419000+00:00,keyup,67,,95.1,,,,,,,,,paragraph_typing,0,,,,,,,,,,/app/training,dev_07816792-ddc2-4c7e-b167-1da450c46a18,,,,,,,,,,,,,,,,,,,,,,,,,,,,,,,,,,,,,,,,,,,,,,,,,,,,,,,,,,,,,,,,,,
training_event,training,dba80c84-68fd-45b2-ba28-10f10075b239,e89e2e6c-6152-41b5-8fbd-c9fd64d70349,2026-09-06T10:52:52.503000+00:00,keydown,65,a,,179.1,,,,,,,,paragraph_typing,0,,,,,,,,,,/app/training,dev_07816792-ddc2-4c7e-b167-1da450c46a18,,,,,,,,,,,,,,,,,,,,,,,,,,,,,,,,,,,,,,,,,,,,,,,,,,,,,,,,,,,,,,,,,,
training_event,training,dba80c84-68fd-45b2-ba28-10f10075b239,e89e2e6c-6152-41b5-8fbd-c9fd64d70349,2026-09-06T10:52:52.600000+00:00,keyup,65,,96.4,,,,,,,,,paragraph_typing,0,,,,,,,,,,/app/training,dev_07816792-ddc2-4c7e-b167-1da450c46a18,,,,,,,,,,,,,,,,,,,,,,,,,,,,,,,,,,,,,,,,,,,,,,,,,,,,,,,,,,,,,,,,,,
training_event,training,dba80c84-68fd-45b2-ba28-10f10075b239,e89e2e6c-6152-41b5-8fbd-c9fd64d70349,2026-09-06T10:52:52.607000+00:00,keydown,84,t,,104.2,,,,,,,,paragraph_typing,0,,,,,,,,,,/app/training,dev_07816792-ddc2-4c7e-b167-1da450c46a18,,,,,,,,,,,,,,,,,,,,,,,,,,,,,,,,,,,,,,,,,,,,,,,,,,,,,,,,,,,,,,,,,,
training_event,training,dba80c84-68fd-45b2-ba28-10f10075b239,e89e2e6c-6152-41b5-8fbd-c9fd64d70349,2026-09-06T10:52:52.689000+00:00,keyup,84,,81.2,,,,,,,,,paragraph_typing,0,,,,,,,,,,/app/training,dev_07816792-ddc2-4c7e-b167-1da450c46a18,,,,,,,,,,,,,,,,,,,,,,,,,,,,,,,,,,,,,,,,,,,,,,,,,,,,,,,,,,,,,,,,,,
training_event,training,dba80c84-68fd-45b2-ba28-10f10075b239,e89e2e6c-6152-41b5-8fbd-c9fd64d70349,2026-09-06T10:52:53.807000+00:00,keydown,73,i,,1200.0,,,,,,,,paragraph_typing,0,,,,,,,,,,/app/training,dev_07816792-ddc2-4c7e-b167-1da450c46a18,,,,,,,,,,,,,,,,,,,,,,,,,,,,,,,,,,,,,,,,,,,,,,,,,,,,,,,,,,,,,,,,,,
training_event,training,dba80c84-68fd-45b2-ba28-10f10075b239,e89e2e6c-6152-41b5-8fbd-c9fd64d70349,2026-09-06T10:52:53.874000+00:00,keyup,73,,66.8,,,,,,,,,paragraph_typing,0,,,,,,,,,,/app/training,dev_07816792-ddc2-4c7e-b167-1da450c46a18,,,,,,,,,,,,,,,,,,,,,,,,,,,,,,,,,,,,,,,,,,,,,,,,,,,,,,,,,,,,,,,,,,
training_event,training,dba80c84-68fd-45b2-ba28-10f10075b239,e89e2e6c-6152-41b5-8fbd-c9fd64d70349,2026-09-06T10:52:54.014000+00:00,keydown,79,o,,206.6,,,,,,,,paragraph_typing,0,,,,,,,,,,/app/training,dev_07816792-ddc2-4c7e-b167-1da450c46a18,,,,,,,,,,,,,,,,,,,,,,,,,,,,,,,,,,,,,,,,,,,,,,,,,,,,,,,,,,,,,,,,,,
training_event,training,dba80c84-68fd-45b2-ba28-10f10075b239,e89e2e6c-6152-41b5-8fbd-c9fd64d70349,2026-09-06T10:52:54.100000+00:00,keyup,79,,85.5,,,,,,,,,paragraph_typing,0,,,,,,,,,,/app/training,dev_07816792-ddc2-4c7e-b167-1da450c46a18,,,,,,,,,,,,,,,,,,,,,,,,,,,,,,,,,,,,,,,,,,,,,,,,,,,,,,,,,,,,,,,,,,
training_event,training,dba80c84-68fd-45b2-ba28-10f10075b239,e89e2e6c-6152-41b5-8fbd-c9fd64d70349,2026-09-06T10:52:54.278000+00:00,keydown,78,n,,264.3,,,,,,,,paragraph_typing,0,,,,,,,,,,/app/training,dev_07816792-ddc2-4c7e-b167-1da450c46a18,,,,,,,,,,,,,,,,,,,,,,,,,,,,,,,,,,,,,,,,,,,,,,,,,,,,,,,,,,,,,,,,,,
training_event,training,dba80c84-68fd-45b2-ba28-10f10075b239,e89e2e6c-6152-41b5-8fbd-c9fd64d70349,2026-09-06T10:52:54.388000+00:00,keyup,78,,110.0,,,,,,,,,paragraph_typing,0,,,,,,,,,,/app/training,dev_07816792-ddc2-4c7e-b167-1da450c46a18,,,,,,,,,,,,,,,,,,,,,,,,,,,,,,,,,,,,,,,,,,,,,,,,,,,,,,,,,,,,,,,,,,
training_event,training,dba80c84-68fd-45b2-ba28-10f10075b239,e89e2e6c-6152-41b5-8fbd-c9fd64d70349,2026-09-06T10:52:54.683000+00:00,keydown,32, ,,404.6,,,,,,,,paragraph_typing,0,,,,,,,,,,/app/training,dev_07816792-ddc2-4c7e-b167-1da450c46a18,,,,,,,,,,,,,,,,,,,,,,,,,,,,,,,,,,,,,,,,,,,,,,,,,,,,,,,,,,,,,,,,,,
training_event,training,dba80c84-68fd-45b2-ba28-10f10075b239,e89e2e6c-6152-41b5-8fbd-c9fd64d70349,2026-09-06T10:52:54.814000+00:00,keyup,32,,130.8,,,,,,,,,paragraph_typing,0,,,,,,,,,,/app/training,dev_07816792-ddc2-4c7e-b167-1da450c46a18,,,,,,,,,,,,,,,,,,,,,,,,,,,,,,,,,,,,,,,,,,,,,,,,,,,,,,,,,,,,,,,,,,
training_event,training,dba80c84-68fd-45b2-ba28-10f10075b239,e89e2e6c-6152-41b5-8fbd-c9fd64d70349,2026-09-06T10:52:54.916000+00:00,keydown,65,a,,233.6,,,,,,,,paragraph_typing,0,,,,,,,,,,/app/training,dev_07816792-ddc2-4c7e-b167-1da450c46a18,,,,,,,,,,,,,,,,,,,,,,,,,,,,,,,,,,,,,,,,,,,,,,,,,,,,,,,,,,,,,,,,,,
training_event,training,dba80c84-68fd-45b2-ba28-10f10075b239,e89e2e6c-6152-41b5-8fbd-c9fd64d70349,2026-09-06T10:52:55.041000+00:00,keydown,78,n,,125.0,,,,,,,,paragraph_typing,0,,,,,,,,,,/app/training,dev_07816792-ddc2-4c7e-b167-1da450c46a18,,,,,,,,,,,,,,,,,,,,,,,,,,,,,,,,,,,,,,,,,,,,,,,,,,,,,,,,,,,,,,,,,,
training_event,training,dba80c84-68fd-45b2-ba28-10f10075b239,e89e2e6c-6152-41b5-8fbd-c9fd64d70349,2026-09-06T10:52:55.061000+00:00,keyup,65,,144.9,,,,,,,,,paragraph_typing,0,,,,,,,,,,/app/training,dev_07816792-ddc2-4c7e-b167-1da450c46a18,,,,,,,,,,,,,,,,,,,,,,,,,,,,,,,,,,,,,,,,,,,,,,,,,,,,,,,,,,,,,,,,,,
training_event,training,dba80c84-68fd-45b2-ba28-10f10075b239,e89e2e6c-6152-41b5-8fbd-c9fd64d70349,2026-09-06T10:52:55.149000+00:00,keyup,78,,107.5,,,,,,,,,paragraph_typing,0,,,,,,,,,,/app/training,dev_07816792-ddc2-4c7e-b167-1da450c46a18,,,,,,,,,,,,,,,,,,,,,,,,,,,,,,,,,,,,,,,,,,,,,,,,,,,,,,,,,,,,,,,,,,
training_event,training,dba80c84-68fd-45b2-ba28-10f10075b239,e89e2e6c-6152-41b5-8fbd-c9fd64d70349,2026-09-06T10:52:55.237000+00:00,keydown,68,d,,195.3,,,,,,,,paragraph_typing,0,,,,,,,,,,/app/training,dev_07816792-ddc2-4c7e-b167-1da450c46a18,,,,,,,,,,,,,,,,,,,,,,,,,,,,,,,,,,,,,,,,,,,,,,,,,,,,,,,,,,,,,,,,,,
training_event,training,dba80c84-68fd-45b2-ba28-10f10075b239,e89e2e6c-6152-41b5-8fbd-c9fd64d70349,2026-09-06T10:52:55.364000+00:00,keyup,68,,126.9,,,,,,,,,paragraph_typing,0,,,,,,,,,,/app/training,dev_07816792-ddc2-4c7e-b167-1da450c46a18,,,,,,,,,,,,,,,,,,,,,,,,,,,,,,,,,,,,,,,,,,,,,,,,,,,,,,,,,,,,,,,,,,
training_event,training,dba80c84-68fd-45b2-ba28-10f10075b239,e89e2e6c-6152-41b5-8fbd-c9fd64d70349,2026-09-06T10:52:55.381000+00:00,keydown,32, ,,143.8,,,,,,,,paragraph_typing,0,,,,,,,,,,/app/training,dev_07816792-ddc2-4c7e-b167-1da450c46a18,,,,,,,,,,,,,,,,,,,,,,,,,,,,,,,,,,,,,,,,,,,,,,,,,,,,,,,,,,,,,,,,,,
training_event,training,dba80c84-68fd-45b2-ba28-10f10075b239,e89e2e6c-6152-41b5-8fbd-c9fd64d70349,2026-09-06T10:52:55.483000+00:00,keyup,32,,102.7,,,,,,,,,paragraph_typing,0,,,,,,,,,,/app/training,dev_07816792-ddc2-4c7e-b167-1da450c46a18,,,,,,,,,,,,,,,,,,,,,,,,,,,,,,,,,,,,,,,,,,,,,,,,,,,,,,,,,,,,,,,,,,
training_event,training,dba80c84-68fd-45b2-ba28-10f10075b239,e89e2e6c-6152-41b5-8fbd-c9fd64d70349,2026-09-06T10:52:55.792000+00:00,keydown,68,d,,411.7,,,,,,,,paragraph_typing,0,,,,,,,,,,/app/training,dev_07816792-ddc2-4c7e-b167-1da450c46a18,,,,,,,,,,,,,,,,,,,,,,,,,,,,,,,,,,,,,,,,,,,,,,,,,,,,,,,,,,,,,,,,,,
training_event,training,dba80c84-68fd-45b2-ba28-10f10075b239,e89e2e6c-6152-41b5-8fbd-c9fd64d70349,2026-09-06T10:52:55.874000+00:00,keyup,68,,81.3,,,,,,,,,paragraph_typing,0,,,,,,,,,,/app/training,dev_07816792-ddc2-4c7e-b167-1da450c46a18,,,,,,,,,,,,,,,,,,,,,,,,,,,,,,,,,,,,,,,,,,,,,,,,,,,,,,,,,,,,,,,,,,
training_event,training,dba80c84-68fd-45b2-ba28-10f10075b239,e89e2e6c-6152-41b5-8fbd-c9fd64d70349,2026-09-06T10:52:55.997000+00:00,keydown,69,e,,204.4,,,,,,,,paragraph_typing,0,,,,,,,,,,/app/training,dev_07816792-ddc2-4c7e-b167-1da450c46a18,,,,,,,,,,,,,,,,,,,,,,,,,,,,,,,,,,,,,,,,,,,,,,,,,,,,,,,,,,,,,,,,,,
training_event,training,dba80c84-68fd-45b2-ba28-10f10075b239,e89e2e6c-6152-41b5-8fbd-c9fd64d70349,2026-09-06T10:52:56.095000+00:00,keyup,69,,98.0,,,,,,,,,paragraph_typing,0,,,,,,,,,,/app/training,dev_07816792-ddc2-4c7e-b167-1da450c46a18,,,,,,,,,,,,,,,,,,,,,,,,,,,,,,,,,,,,,,,,,,,,,,,,,,,,,,,,,,,,,,,,,,
training_event,training,dba80c84-68fd-45b2-ba28-10f10075b239,e89e2e6c-6152-41b5-8fbd-c9fd64d70349,2026-09-06T10:52:56.131000+00:00,keydown,84,t,,134.2,,,,,,,,paragraph_typing,0,,,,,,,,,,/app/training,dev_07816792-ddc2-4c7e-b167-1da450c46a18,,,,,,,,,,,,,,,,,,,,,,,,,,,,,,,,,,,,,,,,,,,,,,,,,,,,,,,,,,,,,,,,,,
training_event,training,dba80c84-68fd-45b2-ba28-10f10075b239,e89e2e6c-6152-41b5-8fbd-c9fd64d70349,2026-09-06T10:52:56.215000+00:00,keyup,84,,83.9,,,,,,,,,paragraph_typing,0,,,,,,,,,,/app/training,dev_07816792-ddc2-4c7e-b167-1da450c46a18,,,,,,,,,,,,,,,,,,,,,,,,,,,,,,,,,,,,,,,,,,,,,,,,,,,,,,,,,,,,,,,,,,
training_event,training,dba80c84-68fd-45b2-ba28-10f10075b239,e89e2e6c-6152-41b5-8fbd-c9fd64d70349,2026-09-06T10:52:56.314000+00:00,keydown,69,e,,182.9,,,,,,,,paragraph_typing,0,,,,,,,,,,/app/training,dev_07816792-ddc2-4c7e-b167-1da450c46a18,,,,,,,,,,,,,,,,,,,,,,,,,,,,,,,,,,,,,,,,,,,,,,,,,,,,,,,,,,,,,,,,,,
training_event,training,dba80c84-68fd-45b2-ba28-10f10075b239,e89e2e6c-6152-41b5-8fbd-c9fd64d70349,2026-09-06T10:52:56.439000+00:00,keyup,69,,125.5,,,,,,,,,paragraph_typing,0,,,,,,,,,,/app/training,dev_07816792-ddc2-4c7e-b167-1da450c46a18,,,,,,,,,,,,,,,,,,,,,,,,,,,,,,,,,,,,,,,,,,,,,,,,,,,,,,,,,,,,,,,,,,
training_event,training,dba80c84-68fd-45b2-ba28-10f10075b239,e89e2e6c-6152-41b5-8fbd-c9fd64d70349,2026-09-06T10:52:56.552000+00:00,keydown,67,c,,238.3,,,,,,,,paragraph_typing,0,,,,,,,,,,/app/training,dev_07816792-ddc2-4c7e-b167-1da450c46a18,,,,,,,,,,,,,,,,,,,,,,,,,,,,,,,,,,,,,,,,,,,,,,,,,,,,,,,,,,,,,,,,,,
training_event,training,dba80c84-68fd-45b2-ba28-10f10075b239,e89e2e6c-6152-41b5-8fbd-c9fd64d70349,2026-09-06T10:52:56.648000+00:00,keyup,67,,95.6,,,,,,,,,paragraph_typing,0,,,,,,,,,,/app/training,dev_07816792-ddc2-4c7e-b167-1da450c46a18,,,,,,,,,,,,,,,,,,,,,,,,,,,,,,,,,,,,,,,,,,,,,,,,,,,,,,,,,,,,,,,,,,
training_event,training,dba80c84-68fd-45b2-ba28-10f10075b239,e89e2e6c-6152-41b5-8fbd-c9fd64d70349,2026-09-06T10:52:56.817000+00:00,keydown,84,t,,264.5,,,,,,,,paragraph_typing,0,,,,,,,,,,/app/training,dev_07816792-ddc2-4c7e-b167-1da450c46a18,,,,,,,,,,,,,,,,,,,,,,,,,,,,,,,,,,,,,,,,,,,,,,,,,,,,,,,,,,,,,,,,,,
training_event,training,dba80c84-68fd-45b2-ba28-10f10075b239,e89e2e6c-6152-41b5-8fbd-c9fd64d70349,2026-09-06T10:52:56.928000+00:00,keyup,84,,111.5,,,,,,,,,paragraph_typing,0,,,,,,,,,,/app/training,dev_07816792-ddc2-4c7e-b167-1da450c46a18,,,,,,,,,,,,,,,,,,,,,,,,,,,,,,,,,,,,,,,,,,,,,,,,,,,,,,,,,,,,,,,,,,
training_event,training,dba80c84-68fd-45b2-ba28-10f10075b239,e89e2e6c-6152-41b5-8fbd-c9fd64d70349,2026-09-06T10:52:57.242000+00:00,keydown,83,s,,425.2,,,,,,,,paragraph_typing,0,,,,,,,,,,/app/training,dev_07816792-ddc2-4c7e-b167-1da450c46a18,,,,,,,,,,,,,,,,,,,,,,,,,,,,,,,,,,,,,,,,,,,,,,,,,,,,,,,,,,,,,,,,,,
training_event,training,dba80c84-68fd-45b2-ba28-10f10075b239,e89e2e6c-6152-41b5-8fbd-c9fd64d70349,2026-09-06T10:52:57.397000+00:00,keyup,83,,155.2,,,,,,,,,paragraph_typing,0,,,,,,,,,,/app/training,dev_07816792-ddc2-4c7e-b167-1da450c46a18,,,,,,,,,,,,,,,,,,,,,,,,,,,,,,,,,,,,,,,,,,,,,,,,,,,,,,,,,,,,,,,,,,
training_event,training,dba80c84-68fd-45b2-ba28-10f10075b239,e89e2e6c-6152-41b5-8fbd-c9fd64d70349,2026-09-06T10:52:57.473000+00:00,keydown,32, ,,230.8,,,,,,,,paragraph_typing,0,,,,,,,,,,/app/training,dev_07816792-ddc2-4c7e-b167-1da450c46a18,,,,,,,,,,,,,,,,,,,,,,,,,,,,,,,,,,,,,,,,,,,,,,,,,,,,,,,,,,,,,,,,,,
training_event,training,dba80c84-68fd-45b2-ba28-10f10075b239,e89e2e6c-6152-41b5-8fbd-c9fd64d70349,2026-09-06T10:52:57.589000+00:00,keyup,32,,116.2,,,,,,,,,paragraph_typing,0,,,,,,,,,,/app/training,dev_07816792-ddc2-4c7e-b167-1da450c46a18,,,,,,,,,,,,,,,,,,,,,,,,,,,,,,,,,,,,,,,,,,,,,,,,,,,,,,,,,,,,,,,,,,
training_event,training,dba80c84-68fd-45b2-ba28-10f10075b239,e89e2e6c-6152-41b5-8fbd-c9fd64d70349,2026-09-06T10:52:57.948000+00:00,keydown,85,u,,475.7,,,,,,,,paragraph_typing,0,,,,,,,,,,/app/training,dev_07816792-ddc2-4c7e-b167-1da450c46a18,,,,,,,,,,,,,,,,,,,,,,,,,,,,,,,,,,,,,,,,,,,,,,,,,,,,,,,,,,,,,,,,,,
training_event,training,dba80c84-68fd-45b2-ba28-10f10075b239,e89e2e6c-6152-41b5-8fbd-c9fd64d70349,2026-09-06T10:52:58.029000+00:00,keyup,85,,80.6,,,,,,,,,paragraph_typing,0,,,,,,,,,,/app/training,dev_07816792-ddc2-4c7e-b167-1da450c46a18,,,,,,,,,,,,,,,,,,,,,,,,,,,,,,,,,,,,,,,,,,,,,,,,,,,,,,,,,,,,,,,,,,
training_event,training,dba80c84-68fd-45b2-ba28-10f10075b239,e89e2e6c-6152-41b5-8fbd-c9fd64d70349,2026-09-06T10:52:58.216000+00:00,keydown,78,n,,268.2,,,,,,,,paragraph_typing,0,,,,,,,,,,/app/training,dev_07816792-ddc2-4c7e-b167-1da450c46a18,,,,,,,,,,,,,,,,,,,,,,,,,,,,,,,,,,,,,,,,,,,,,,,,,,,,,,,,,,,,,,,,,,
training_event,training,dba80c84-68fd-45b2-ba28-10f10075b239,e89e2e6c-6152-41b5-8fbd-c9fd64d70349,2026-09-06T10:52:58.329000+00:00,keyup,78,,112.3,,,,,,,,,paragraph_typing,0,,,,,,,,,,/app/training,dev_07816792-ddc2-4c7e-b167-1da450c46a18,,,,,,,,,,,,,,,,,,,,,,,,,,,,,,,,,,,,,,,,,,,,,,,,,,,,,,,,,,,,,,,,,,
training_event,training,dba80c84-68fd-45b2-ba28-10f10075b239,e89e2e6c-6152-41b5-8fbd-c9fd64d70349,2026-09-06T10:52:58.462000+00:00,keydown,83,s,,245.5,,,,,,,,paragraph_typing,0,,,,,,,,,,/app/training,dev_07816792-ddc2-4c7e-b167-1da450c46a18,,,,,,,,,,,,,,,,,,,,,,,,,,,,,,,,,,,,,,,,,,,,,,,,,,,,,,,,,,,,,,,,,,
training_event,training,dba80c84-68fd-45b2-ba28-10f10075b239,e89e2e6c-6152-41b5-8fbd-c9fd64d70349,2026-09-06T10:52:58.548000+00:00,keyup,83,,85.5,,,,,,,,,paragraph_typing,0,,,,,,,,,,/app/training,dev_07816792-ddc2-4c7e-b167-1da450c46a18,,,,,,,,,,,,,,,,,,,,,,,,,,,,,,,,,,,,,,,,,,,,,,,,,,,,,,,,,,,,,,,,,,
training_event,training,dba80c84-68fd-45b2-ba28-10f10075b239,e89e2e6c-6152-41b5-8fbd-c9fd64d70349,2026-09-06T10:52:58.800000+00:00,keydown,85,u,,338.2,,,,,,,,paragraph_typing,0,,,,,,,,,,/app/training,dev_07816792-ddc2-4c7e-b167-1da450c46a18,,,,,,,,,,,,,,,,,,,,,,,,,,,,,,,,,,,,,,,,,,,,,,,,,,,,,,,,,,,,,,,,,,
training_event,training,dba80c84-68fd-45b2-ba28-10f10075b239,e89e2e6c-6152-41b5-8fbd-c9fd64d70349,2026-09-06T10:52:58.894000+00:00,keyup,85,,93.5,,,,,,,,,paragraph_typing,0,,,,,,,,,,/app/training,dev_07816792-ddc2-4c7e-b167-1da450c46a18,,,,,,,,,,,,,,,,,,,,,,,,,,,,,,,,,,,,,,,,,,,,,,,,,,,,,,,,,,,,,,,,,,
training_event,training,dba80c84-68fd-45b2-ba28-10f10075b239,e89e2e6c-6152-41b5-8fbd-c9fd64d70349,2026-09-06T10:52:58.926000+00:00,keydown,65,a,,126.0,,,,,,,,paragraph_typing,0,,,,,,,,,,/app/training,dev_07816792-ddc2-4c7e-b167-1da450c46a18,,,,,,,,,,,,,,,,,,,,,,,,,,,,,,,,,,,,,,,,,,,,,,,,,,,,,,,,,,,,,,,,,,
training_event,training,dba80c84-68fd-45b2-ba28-10f10075b239,e89e2e6c-6152-41b5-8fbd-c9fd64d70349,2026-09-06T10:52:59.059000+00:00,keyup,65,,132.6,,,,,,,,,paragraph_typing,0,,,,,,,,,,/app/training,dev_07816792-ddc2-4c7e-b167-1da450c46a18,,,,,,,,,,,,,,,,,,,,,,,,,,,,,,,,,,,,,,,,,,,,,,,,,,,,,,,,,,,,,,,,,,
training_event,training,dba80c84-68fd-45b2-ba28-10f10075b239,e89e2e6c-6152-41b5-8fbd-c9fd64d70349,2026-09-06T10:52:59.360000+00:00,keydown,76,l,,434.1,,,,,,,,paragraph_typing,0,,,,,,,,,,/app/training,dev_07816792-ddc2-4c7e-b167-1da450c46a18,,,,,,,,,,,,,,,,,,,,,,,,,,,,,,,,,,,,,,,,,,,,,,,,,,,,,,,,,,,,,,,,,,
training_event,training,dba80c84-68fd-45b2-ba28-10f10075b239,e89e2e6c-6152-41b5-8fbd-c9fd64d70349,2026-09-06T10:52:59.478000+00:00,keyup,76,,117.9,,,,,,,,,paragraph_typing,0,,,,,,,,,,/app/training,dev_07816792-ddc2-4c7e-b167-1da450c46a18,,,,,,,,,,,,,,,,,,,,,,,,,,,,,,,,,,,,,,,,,,,,,,,,,,,,,,,,,,,,,,,,,,
training_event,training,dba80c84-68fd-45b2-ba28-10f10075b239,e89e2e6c-6152-41b5-8fbd-c9fd64d70349,2026-09-06T10:52:59.550000+00:00,keydown,32, ,,189.9,,,,,,,,paragraph_typing,0,,,,,,,,,,/app/training,dev_07816792-ddc2-4c7e-b167-1da450c46a18,,,,,,,,,,,,,,,,,,,,,,,,,,,,,,,,,,,,,,,,,,,,,,,,,,,,,,,,,,,,,,,,,,
training_event,training,dba80c84-68fd-45b2-ba28-10f10075b239,e89e2e6c-6152-41b5-8fbd-c9fd64d70349,2026-09-06T10:52:59.697000+00:00,keyup,32,,147.3,,,,,,,,,paragraph_typing,0,,,,,,,,,,/app/training,dev_07816792-ddc2-4c7e-b167-1da450c46a18,,,,,,,,,,,,,,,,,,,,,,,,,,,,,,,,,,,,,,,,,,,,,,,,,,,,,,,,,,,,,,,,,,
training_event,training,dba80c84-68fd-45b2-ba28-10f10075b239,e89e2e6c-6152-41b5-8fbd-c9fd64d70349,2026-09-06T10:53:00.564000+00:00,keydown,66,b,,1014.2,,,,,,,,paragraph_typing,0,,,,,,,,,,/app/training,dev_07816792-ddc2-4c7e-b167-1da450c46a18,,,,,,,,,,,,,,,,,,,,,,,,,,,,,,,,,,,,,,,,,,,,,,,,,,,,,,,,,,,,,,,,,,
training_event,training,dba80c84-68fd-45b2-ba28-10f10075b239,e89e2e6c-6152-41b5-8fbd-c9fd64d70349,2026-09-06T10:53:00.678000+00:00,keyup,66,,113.5,,,,,,,,,paragraph_typing,0,,,,,,,,,,/app/training,dev_07816792-ddc2-4c7e-b167-1da450c46a18,,,,,,,,,,,,,,,,,,,,,,,,,,,,,,,,,,,,,,,,,,,,,,,,,,,,,,,,,,,,,,,,,,
training_event,training,dba80c84-68fd-45b2-ba28-10f10075b239,e89e2e6c-6152-41b5-8fbd-c9fd64d70349,2026-09-06T10:53:00.751000+00:00,keydown,69,e,,186.5,,,,,,,,paragraph_typing,0,,,,,,,,,,/app/training,dev_07816792-ddc2-4c7e-b167-1da450c46a18,,,,,,,,,,,,,,,,,,,,,,,,,,,,,,,,,,,,,,,,,,,,,,,,,,,,,,,,,,,,,,,,,,
training_event,training,dba80c84-68fd-45b2-ba28-10f10075b239,e89e2e6c-6152-41b5-8fbd-c9fd64d70349,2026-09-06T10:53:00.878000+00:00,keyup,69,,126.8,,,,,,,,,paragraph_typing,0,,,,,,,,,,/app/training,dev_07816792-ddc2-4c7e-b167-1da450c46a18,,,,,,,,,,,,,,,,,,,,,,,,,,,,,,,,,,,,,,,,,,,,,,,,,,,,,,,,,,,,,,,,,,
training_event,training,dba80c84-68fd-45b2-ba28-10f10075b239,e89e2e6c-6152-41b5-8fbd-c9fd64d70349,2026-09-06T10:53:00.977000+00:00,keydown,72,h,,225.8,,,,,,,,paragraph_typing,0,,,,,,,,,,/app/training,dev_07816792-ddc2-4c7e-b167-1da450c46a18,,,,,,,,,,,,,,,,,,,,,,,,,,,,,,,,,,,,,,,,,,,,,,,,,,,,,,,,,,,,,,,,,,
training_event,training,dba80c84-68fd-45b2-ba28-10f10075b239,e89e2e6c-6152-41b5-8fbd-c9fd64d70349,2026-09-06T10:53:01.078000+00:00,keyup,72,,100.8,,,,,,,,,paragraph_typing,0,,,,,,,,,,/app/training,dev_07816792-ddc2-4c7e-b167-1da450c46a18,,,,,,,,,,,,,,,,,,,,,,,,,,,,,,,,,,,,,,,,,,,,,,,,,,,,,,,,,,,,,,,,,,
training_event,training,dba80c84-68fd-45b2-ba28-10f10075b239,e89e2e6c-6152-41b5-8fbd-c9fd64d70349,2026-09-06T10:53:01.151000+00:00,keydown,65,a,,174.3,,,,,,,,paragraph_typing,0,,,,,,,,,,/app/training,dev_07816792-ddc2-4c7e-b167-1da450c46a18,,,,,,,,,,,,,,,,,,,,,,,,,,,,,,,,,,,,,,,,,,,,,,,,,,,,,,,,,,,,,,,,,,
training_event,training,dba80c84-68fd-45b2-ba28-10f10075b239,e89e2e6c-6152-41b5-8fbd-c9fd64d70349,2026-09-06T10:53:01.278000+00:00,keyup,65,,127.5,,,,,,,,,paragraph_typing,0,,,,,,,,,,/app/training,dev_07816792-ddc2-4c7e-b167-1da450c46a18,,,,,,,,,,,,,,,,,,,,,,,,,,,,,,,,,,,,,,,,,,,,,,,,,,,,,,,,,,,,,,,,,,
training_event,training,dba80c84-68fd-45b2-ba28-10f10075b239,e89e2e6c-6152-41b5-8fbd-c9fd64d70349,2026-09-06T10:53:01.530000+00:00,keydown,86,v,,378.8,,,,,,,,paragraph_typing,0,,,,,,,,,,/app/training,dev_07816792-ddc2-4c7e-b167-1da450c46a18,,,,,,,,,,,,,,,,,,,,,,,,,,,,,,,,,,,,,,,,,,,,,,,,,,,,,,,,,,,,,,,,,,
training_event,training,dba80c84-68fd-45b2-ba28-10f10075b239,e89e2e6c-6152-41b5-8fbd-c9fd64d70349,2026-09-06T10:53:01.629000+00:00,keyup,86,,99.4,,,,,,,,,paragraph_typing,0,,,,,,,,,,/app/training,dev_07816792-ddc2-4c7e-b167-1da450c46a18,,,,,,,,,,,,,,,,,,,,,,,,,,,,,,,,,,,,,,,,,,,,,,,,,,,,,,,,,,,,,,,,,,
training_event,training,dba80c84-68fd-45b2-ba28-10f10075b239,e89e2e6c-6152-41b5-8fbd-c9fd64d70349,2026-09-06T10:53:02.111000+00:00,keydown,73,i,,581.1,,,,,,,,paragraph_typing,0,,,,,,,,,,/app/training,dev_07816792-ddc2-4c7e-b167-1da450c46a18,,,,,,,,,,,,,,,,,,,,,,,,,,,,,,,,,,,,,,,,,,,,,,,,,,,,,,,,,,,,,,,,,,
training_event,training,dba80c84-68fd-45b2-ba28-10f10075b239,e89e2e6c-6152-41b5-8fbd-c9fd64d70349,2026-09-06T10:53:02.187000+00:00,keyup,73,,76.1,,,,,,,,,paragraph_typing,0,,,,,,,,,,/app/training,dev_07816792-ddc2-4c7e-b167-1da450c46a18,,,,,,,,,,,,,,,,,,,,,,,,,,,,,,,,,,,,,,,,,,,,,,,,,,,,,,,,,,,,,,,,,,
training_event,training,dba80c84-68fd-45b2-ba28-10f10075b239,e89e2e6c-6152-41b5-8fbd-c9fd64d70349,2026-09-06T10:53:02.331000+00:00,keydown,79,o,,219.8,,,,,,,,paragraph_typing,0,,,,,,,,,,/app/training,dev_07816792-ddc2-4c7e-b167-1da450c46a18,,,,,,,,,,,,,,,,,,,,,,,,,,,,,,,,,,,,,,,,,,,,,,,,,,,,,,,,,,,,,,,,,,
training_event,training,dba80c84-68fd-45b2-ba28-10f10075b239,e89e2e6c-6152-41b5-8fbd-c9fd64d70349,2026-09-06T10:53:02.442000+00:00,keyup,79,,111.4,,,,,,,,,paragraph_typing,0,,,,,,,,,,/app/training,dev_07816792-ddc2-4c7e-b167-1da450c46a18,,,,,,,,,,,,,,,,,,,,,,,,,,,,,,,,,,,,,,,,,,,,,,,,,,,,,,,,,,,,,,,,,,
training_event,training,dba80c84-68fd-45b2-ba28-10f10075b239,e89e2e6c-6152-41b5-8fbd-c9fd64d70349,2026-09-06T10:53:02.600000+00:00,keydown,85,u,,269.5,,,,,,,,paragraph_typing,0,,,,,,,,,,/app/training,dev_07816792-ddc2-4c7e-b167-1da450c46a18,,,,,,,,,,,,,,,,,,,,,,,,,,,,,,,,,,,,,,,,,,,,,,,,,,,,,,,,,,,,,,,,,,
training_event,training,dba80c84-68fd-45b2-ba28-10f10075b239,e89e2e6c-6152-41b5-8fbd-c9fd64d70349,2026-09-06T10:53:02.716000+00:00,keyup,85,,116.2,,,,,,,,,paragraph_typing,0,,,,,,,,,,/app/training,dev_07816792-ddc2-4c7e-b167-1da450c46a18,,,,,,,,,,,,,,,,,,,,,,,,,,,,,,,,,,,,,,,,,,,,,,,,,,,,,,,,,,,,,,,,,,
training_event,training,dba80c84-68fd-45b2-ba28-10f10075b239,e89e2e6c-6152-41b5-8fbd-c9fd64d70349,2026-09-06T10:53:02.820000+00:00,keydown,82,r,,220.2,,,,,,,,paragraph_typing,0,,,,,,,,,,/app/training,dev_07816792-ddc2-4c7e-b167-1da450c46a18,,,,,,,,,,,,,,,,,,,,,,,,,,,,,,,,,,,,,,,,,,,,,,,,,,,,,,,,,,,,,,,,,,
training_event,training,dba80c84-68fd-45b2-ba28-10f10075b239,e89e2e6c-6152-41b5-8fbd-c9fd64d70349,2026-09-06T10:53:02.917000+00:00,keyup,82,,96.8,,,,,,,,,paragraph_typing,0,,,,,,,,,,/app/training,dev_07816792-ddc2-4c7e-b167-1da450c46a18,,,,,,,,,,,,,,,,,,,,,,,,,,,,,,,,,,,,,,,,,,,,,,,,,,,,,,,,,,,,,,,,,,
training_event,training,dba80c84-68fd-45b2-ba28-10f10075b239,e89e2e6c-6152-41b5-8fbd-c9fd64d70349,2026-09-06T10:53:03.134000+00:00,keydown,65,a,,313.8,,,,,,,,paragraph_typing,0,,,,,,,,,,/app/training,dev_07816792-ddc2-4c7e-b167-1da450c46a18,,,,,,,,,,,,,,,,,,,,,,,,,,,,,,,,,,,,,,,,,,,,,,,,,,,,,,,,,,,,,,,,,,
training_event,training,dba80c84-68fd-45b2-ba28-10f10075b239,e89e2e6c-6152-41b5-8fbd-c9fd64d70349,2026-09-06T10:53:03.196000+00:00,keyup,65,,62.2,,,,,,,,,paragraph_typing,0,,,,,,,,,,/app/training,dev_07816792-ddc2-4c7e-b167-1da450c46a18,,,,,,,,,,,,,,,,,,,,,,,,,,,,,,,,,,,,,,,,,,,,,,,,,,,,,,,,,,,,,,,,,,
training_event,training,dba80c84-68fd-45b2-ba28-10f10075b239,e89e2e6c-6152-41b5-8fbd-c9fd64d70349,2026-09-06T10:53:03.446000+00:00,keydown,76,l,,311.9,,,,,,,,paragraph_typing,0,,,,,,,,,,/app/training,dev_07816792-ddc2-4c7e-b167-1da450c46a18,,,,,,,,,,,,,,,,,,,,,,,,,,,,,,,,,,,,,,,,,,,,,,,,,,,,,,,,,,,,,,,,,,
training_event,training,dba80c84-68fd-45b2-ba28-10f10075b239,e89e2e6c-6152-41b5-8fbd-c9fd64d70349,2026-09-06T10:53:03.607000+00:00,keyup,76,,160.5,,,,,,,,,paragraph_typing,0,,,,,,,,,,/app/training,dev_07816792-ddc2-4c7e-b167-1da450c46a18,,,,,,,,,,,,,,,,,,,,,,,,,,,,,,,,,,,,,,,,,,,,,,,,,,,,,,,,,,,,,,,,,,
training_event,training,dba80c84-68fd-45b2-ba28-10f10075b239,e89e2e6c-6152-41b5-8fbd-c9fd64d70349,2026-09-06T10:53:03.691000+00:00,keydown,32, ,,244.7,,,,,,,,paragraph_typing,0,,,,,,,,,,/app/training,dev_07816792-ddc2-4c7e-b167-1da450c46a18,,,,,,,,,,,,,,,,,,,,,,,,,,,,,,,,,,,,,,,,,,,,,,,,,,,,,,,,,,,,,,,,,,
training_event,training,dba80c84-68fd-45b2-ba28-10f10075b239,e89e2e6c-6152-41b5-8fbd-c9fd64d70349,2026-09-06T10:53:03.836000+00:00,keyup,32,,144.7,,,,,,,,,paragraph_typing,0,,,,,,,,,,/app/training,dev_07816792-ddc2-4c7e-b167-1da450c46a18,,,,,,,,,,,,,,,,,,,,,,,,,,,,,,,,,,,,,,,,,,,,,,,,,,,,,,,,,,,,,,,,,,
training_event,training,dba80c84-68fd-45b2-ba28-10f10075b239,e89e2e6c-6152-41b5-8fbd-c9fd64d70349,2026-09-06T10:53:05.125000+00:00,keydown,67,c,,1434.3,,,,,,,,paragraph_typing,0,,,,,,,,,,/app/training,dev_07816792-ddc2-4c7e-b167-1da450c46a18,,,,,,,,,,,,,,,,,,,,,,,,,,,,,,,,,,,,,,,,,,,,,,,,,,,,,,,,,,,,,,,,,,
training_event,training,dba80c84-68fd-45b2-ba28-10f10075b239,e89e2e6c-6152-41b5-8fbd-c9fd64d70349,2026-09-06T10:53:05.231000+00:00,keyup,67,,105.6,,,,,,,,,paragraph_typing,0,,,,,,,,,,/app/training,dev_07816792-ddc2-4c7e-b167-1da450c46a18,,,,,,,,,,,,,,,,,,,,,,,,,,,,,,,,,,,,,,,,,,,,,,,,,,,,,,,,,,,,,,,,,,
training_event,training,dba80c84-68fd-45b2-ba28-10f10075b239,e89e2e6c-6152-41b5-8fbd-c9fd64d70349,2026-09-06T10:53:05.275000+00:00,keydown,72,h,,149.7,,,,,,,,paragraph_typing,0,,,,,,,,,,/app/training,dev_07816792-ddc2-4c7e-b167-1da450c46a18,,,,,,,,,,,,,,,,,,,,,,,,,,,,,,,,,,,,,,,,,,,,,,,,,,,,,,,,,,,,,,,,,,
training_event,training,dba80c84-68fd-45b2-ba28-10f10075b239,e89e2e6c-6152-41b5-8fbd-c9fd64d70349,2026-09-06T10:53:05.366000+00:00,keyup,72,,91.4,,,,,,,,,paragraph_typing,0,,,,,,,,,,/app/training,dev_07816792-ddc2-4c7e-b167-1da450c46a18,,,,,,,,,,,,,,,,,,,,,,,,,,,,,,,,,,,,,,,,,,,,,,,,,,,,,,,,,,,,,,,,,,
training_event,training,dba80c84-68fd-45b2-ba28-10f10075b239,e89e2e6c-6152-41b5-8fbd-c9fd64d70349,2026-09-06T10:53:05.459000+00:00,keydown,65,a,,184.5,,,,,,,,paragraph_typing,0,,,,,,,,,,/app/training,dev_07816792-ddc2-4c7e-b167-1da450c46a18,,,,,,,,,,,,,,,,,,,,,,,,,,,,,,,,,,,,,,,,,,,,,,,,,,,,,,,,,,,,,,,,,,
training_event,training,dba80c84-68fd-45b2-ba28-10f10075b239,e89e2e6c-6152-41b5-8fbd-c9fd64d70349,2026-09-06T10:53:05.558000+00:00,keydown,78,n,,98.6,,,,,,,,paragraph_typing,0,,,,,,,,,,/app/training,dev_07816792-ddc2-4c7e-b167-1da450c46a18,,,,,,,,,,,,,,,,,,,,,,,,,,,,,,,,,,,,,,,,,,,,,,,,,,,,,,,,,,,,,,,,,,
training_event,training,dba80c84-68fd-45b2-ba28-10f10075b239,e89e2e6c-6152-41b5-8fbd-c9fd64d70349,2026-09-06T10:53:05.566000+00:00,keyup,65,,106.8,,,,,,,,,paragraph_typing,0,,,,,,,,,,/app/training,dev_07816792-ddc2-4c7e-b167-1da450c46a18,,,,,,,,,,,,,,,,,,,,,,,,,,,,,,,,,,,,,,,,,,,,,,,,,,,,,,,,,,,,,,,,,,
training_event,training,dba80c84-68fd-45b2-ba28-10f10075b239,e89e2e6c-6152-41b5-8fbd-c9fd64d70349,2026-09-06T10:53:05.652000+00:00,keyup,78,,93.8,,,,,,,,,paragraph_typing,0,,,,,,,,,,/app/training,dev_07816792-ddc2-4c7e-b167-1da450c46a18,,,,,,,,,,,,,,,,,,,,,,,,,,,,,,,,,,,,,,,,,,,,,,,,,,,,,,,,,,,,,,,,,,
training_event,training,dba80c84-68fd-45b2-ba28-10f10075b239,e89e2e6c-6152-41b5-8fbd-c9fd64d70349,2026-09-06T10:53:05.790000+00:00,keydown,71,g,,231.9,,,,,,,,paragraph_typing,0,,,,,,,,,,/app/training,dev_07816792-ddc2-4c7e-b167-1da450c46a18,,,,,,,,,,,,,,,,,,,,,,,,,,,,,,,,,,,,,,,,,,,,,,,,,,,,,,,,,,,,,,,,,,
training_event,training,dba80c84-68fd-45b2-ba28-10f10075b239,e89e2e6c-6152-41b5-8fbd-c9fd64d70349,2026-09-06T10:53:05.876000+00:00,keydown,69,e,,86.6,,,,,,,,paragraph_typing,0,,,,,,,,,,/app/training,dev_07816792-ddc2-4c7e-b167-1da450c46a18,,,,,,,,,,,,,,,,,,,,,,,,,,,,,,,,,,,,,,,,,,,,,,,,,,,,,,,,,,,,,,,,,,
training_event,training,dba80c84-68fd-45b2-ba28-10f10075b239,e89e2e6c-6152-41b5-8fbd-c9fd64d70349,2026-09-06T10:53:05.885000+00:00,keyup,71,,95.5,,,,,,,,,paragraph_typing,0,,,,,,,,,,/app/training,dev_07816792-ddc2-4c7e-b167-1da450c46a18,,,,,,,,,,,,,,,,,,,,,,,,,,,,,,,,,,,,,,,,,,,,,,,,,,,,,,,,,,,,,,,,,,
training_event,training,dba80c84-68fd-45b2-ba28-10f10075b239,e89e2e6c-6152-41b5-8fbd-c9fd64d70349,2026-09-06T10:53:05.965000+00:00,keyup,69,,88.8,,,,,,,,,paragraph_typing,0,,,,,,,,,,/app/training,dev_07816792-ddc2-4c7e-b167-1da450c46a18,,,,,,,,,,,,,,,,,,,,,,,,,,,,,,,,,,,,,,,,,,,,,,,,,,,,,,,,,,,,,,,,,,
training_event,training,dba80c84-68fd-45b2-ba28-10f10075b239,e89e2e6c-6152-41b5-8fbd-c9fd64d70349,2026-09-06T10:53:06.125000+00:00,keydown,83,s,,248.5,,,,,,,,paragraph_typing,0,,,,,,,,,,/app/training,dev_07816792-ddc2-4c7e-b167-1da450c46a18,,,,,,,,,,,,,,,,,,,,,,,,,,,,,,,,,,,,,,,,,,,,,,,,,,,,,,,,,,,,,,,,,,
training_event,training,dba80c84-68fd-45b2-ba28-10f10075b239,e89e2e6c-6152-41b5-8fbd-c9fd64d70349,2026-09-06T10:53:06.231000+00:00,keyup,83,,105.9,,,,,,,,,paragraph_typing,0,,,,,,,,,,/app/training,dev_07816792-ddc2-4c7e-b167-1da450c46a18,,,,,,,,,,,,,,,,,,,,,,,,,,,,,,,,,,,,,,,,,,,,,,,,,,,,,,,,,,,,,,,,,,
training_event,training,dba80c84-68fd-45b2-ba28-10f10075b239,e89e2e6c-6152-41b5-8fbd-c9fd64d70349,2026-09-06T10:53:07.014000+00:00,keydown,190,.,,889.6,,,,,,,,paragraph_typing,0,,,,,,,,,,/app/training,dev_07816792-ddc2-4c7e-b167-1da450c46a18,,,,,,,,,,,,,,,,,,,,,,,,,,,,,,,,,,,,,,,,,,,,,,,,,,,,,,,,,,,,,,,,,,
training_event,training,dba80c84-68fd-45b2-ba28-10f10075b239,e89e2e6c-6152-41b5-8fbd-c9fd64d70349,2026-09-06T10:53:07.075000+00:00,keyup,190,,61.0,,,,,,,,,paragraph_typing,0,,,,,,,,,,/app/training,dev_07816792-ddc2-4c7e-b167-1da450c46a18,,,,,,,,,,,,,,,,,,,,,,,,,,,,,,,,,,,,,,,,,,,,,,,,,,,,,,,,,,,,,,,,,,
training_event,training,dba80c84-68fd-45b2-ba28-10f10075b239,e89e2e6c-6152-41b5-8fbd-c9fd64d70349,2026-09-06T10:53:12.770000+00:00,keydown,39,,,2000.0,,,,,,,,paragraph_typing,0,,,,,,,,,,/app/training,dev_07816792-ddc2-4c7e-b167-1da450c46a18,,,,,,,,,,,,,,,,,,,,,,,,,,,,,,,,,,,,,,,,,,,,,,,,,,,,,,,,,,,,,,,,,,
training_event,training,dba80c84-68fd-45b2-ba28-10f10075b239,e89e2e6c-6152-41b5-8fbd-c9fd64d70349,2026-09-06T10:53:12.947000+00:00,keyup,39,,176.6,,,,,,,,,paragraph_typing,0,,,,,,,,,,/app/training,dev_07816792-ddc2-4c7e-b167-1da450c46a18,,,,,,,,,,,,,,,,,,,,,,,,,,,,,,,,,,,,,,,,,,,,,,,,,,,,,,,,,,,,,,,,,,
training_event,training,dba80c84-68fd-45b2-ba28-10f10075b239,e89e2e6c-6152-41b5-8fbd-c9fd64d70349,2026-09-06T10:53:13.613000+00:00,keydown,78,n,,842.3,,,,,,,,paragraph_typing,0,,,,,,,,,,/app/training,dev_07816792-ddc2-4c7e-b167-1da450c46a18,,,,,,,,,,,,,,,,,,,,,,,,,,,,,,,,,,,,,,,,,,,,,,,,,,,,,,,,,,,,,,,,,,
training_event,training,dba80c84-68fd-45b2-ba28-10f10075b239,e89e2e6c-6152-41b5-8fbd-c9fd64d70349,2026-09-06T10:53:13.730000+00:00,keyup,78,,116.9,,,,,,,,,paragraph_typing,0,,,,,,,,,,/app/training,dev_07816792-ddc2-4c7e-b167-1da450c46a18,,,,,,,,,,,,,,,,,,,,,,,,,,,,,,,,,,,,,,,,,,,,,,,,,,,,,,,,,,,,,,,,,,
training_event,training,dba80c84-68fd-45b2-ba28-10f10075b239,e89e2e6c-6152-41b5-8fbd-c9fd64d70349,2026-09-06T10:53:20.408000+00:00,keydown,85,u,,2000.0,,,,,,,,paragraph_typing,0,,,,,,,,,,/app/training,dev_07816792-ddc2-4c7e-b167-1da450c46a18,,,,,,,,,,,,,,,,,,,,,,,,,,,,,,,,,,,,,,,,,,,,,,,,,,,,,,,,,,,,,,,,,,
training_event,training,dba80c84-68fd-45b2-ba28-10f10075b239,e89e2e6c-6152-41b5-8fbd-c9fd64d70349,2026-09-06T10:53:20.498000+00:00,keyup,85,,90.4,,,,,,,,,paragraph_typing,0,,,,,,,,,,/app/training,dev_07816792-ddc2-4c7e-b167-1da450c46a18,,,,,,,,,,,,,,,,,,,,,,,,,,,,,,,,,,,,,,,,,,,,,,,,,,,,,,,,,,,,,,,,,,
training_event,training,dba80c84-68fd-45b2-ba28-10f10075b239,e89e2e6c-6152-41b5-8fbd-c9fd64d70349,2026-09-06T10:53:27.358000+00:00,keydown,8,,,2000.0,,,,,,,,paragraph_typing,0,,,,,,,,,,/app/training,dev_07816792-ddc2-4c7e-b167-1da450c46a18,,,,,,,,,,,,,,,,,,,,,,,,,,,,,,,,,,,,,,,,,,,,,,,,,,,,,,,,,,,,,,,,,,
training_event,training,dba80c84-68fd-45b2-ba28-10f10075b239,5e7a57d0-7966-4fec-a570-3c59d1f9fed2,2026-09-06T10:53:35.171000+00:00,keydown,84,T,,,,,,,,,,controlled_typing,0,,,,,,,,,,/app/training,dev_07816792-ddc2-4c7e-b167-1da450c46a18,,,,,,,,,,,,,,,,,,,,,,,,,,,,,,,,,,,,,,,,,,,,,,,,,,,,,,,,,,,,,,,,,,
training_event,training,dba80c84-68fd-45b2-ba28-10f10075b239,5e7a57d0-7966-4fec-a570-3c59d1f9fed2,2026-09-06T10:53:35.271000+00:00,keyup,84,,100.0,,,,,,,,,controlled_typing,0,,,,,,,,,,/app/training,dev_07816792-ddc2-4c7e-b167-1da450c46a18,,,,,,,,,,,,,,,,,,,,,,,,,,,,,,,,,,,,,,,,,,,,,,,,,,,,,,,,,,,,,,,,,,
training_event,training,dba80c84-68fd-45b2-ba28-10f10075b239,5e7a57d0-7966-4fec-a570-3c59d1f9fed2,2026-09-06T10:53:35.520000+00:00,keydown,72,h,,349.3,,,,,,,,controlled_typing,0,,,,,,,,,,/app/training,dev_07816792-ddc2-4c7e-b167-1da450c46a18,,,,,,,,,,,,,,,,,,,,,,,,,,,,,,,,,,,,,,,,,,,,,,,,,,,,,,,,,,,,,,,,,,
training_event,training,dba80c84-68fd-45b2-ba28-10f10075b239,5e7a57d0-7966-4fec-a570-3c59d1f9fed2,2026-09-06T10:53:35.628000+00:00,keyup,72,,108.7,,,,,,,,,controlled_typing,0,,,,,,,,,,/app/training,dev_07816792-ddc2-4c7e-b167-1da450c46a18,,,,,,,,,,,,,,,,,,,,,,,,,,,,,,,,,,,,,,,,,,,,,,,,,,,,,,,,,,,,,,,,,,
training_event,training,dba80c84-68fd-45b2-ba28-10f10075b239,5e7a57d0-7966-4fec-a570-3c59d1f9fed2,2026-09-06T10:53:35.638000+00:00,keydown,69,e,,118.7,,,,,,,,controlled_typing,0,,,,,,,,,,/app/training,dev_07816792-ddc2-4c7e-b167-1da450c46a18,,,,,,,,,,,,,,,,,,,,,,,,,,,,,,,,,,,,,,,,,,,,,,,,,,,,,,,,,,,,,,,,,,
training_event,training,dba80c84-68fd-45b2-ba28-10f10075b239,5e7a57d0-7966-4fec-a570-3c59d1f9fed2,2026-09-06T10:53:35.739000+00:00,keyup,69,,100.4,,,,,,,,,controlled_typing,0,,,,,,,,,,/app/training,dev_07816792-ddc2-4c7e-b167-1da450c46a18,,,,,,,,,,,,,,,,,,,,,,,,,,,,,,,,,,,,,,,,,,,,,,,,,,,,,,,,,,,,,,,,,,
training_event,training,dba80c84-68fd-45b2-ba28-10f10075b239,5e7a57d0-7966-4fec-a570-3c59d1f9fed2,2026-09-06T10:53:35.834000+00:00,keydown,32, ,,196.0,,,,,,,,controlled_typing,0,,,,,,,,,,/app/training,dev_07816792-ddc2-4c7e-b167-1da450c46a18,,,,,,,,,,,,,,,,,,,,,,,,,,,,,,,,,,,,,,,,,,,,,,,,,,,,,,,,,,,,,,,,,,
training_event,training,dba80c84-68fd-45b2-ba28-10f10075b239,5e7a57d0-7966-4fec-a570-3c59d1f9fed2,2026-09-06T10:53:35.956000+00:00,keyup,32,,121.1,,,,,,,,,controlled_typing,0,,,,,,,,,,/app/training,dev_07816792-ddc2-4c7e-b167-1da450c46a18,,,,,,,,,,,,,,,,,,,,,,,,,,,,,,,,,,,,,,,,,,,,,,,,,,,,,,,,,,,,,,,,,,
training_event,training,dba80c84-68fd-45b2-ba28-10f10075b239,5e7a57d0-7966-4fec-a570-3c59d1f9fed2,2026-09-06T10:53:36.293000+00:00,keydown,81,q,,458.3,,,,,,,,controlled_typing,0,,,,,,,,,,/app/training,dev_07816792-ddc2-4c7e-b167-1da450c46a18,,,,,,,,,,,,,,,,,,,,,,,,,,,,,,,,,,,,,,,,,,,,,,,,,,,,,,,,,,,,,,,,,,
training_event,training,dba80c84-68fd-45b2-ba28-10f10075b239,5e7a57d0-7966-4fec-a570-3c59d1f9fed2,2026-09-06T10:53:36.429000+00:00,keyup,81,,136.3,,,,,,,,,controlled_typing,0,,,,,,,,,,/app/training,dev_07816792-ddc2-4c7e-b167-1da450c46a18,,,,,,,,,,,,,,,,,,,,,,,,,,,,,,,,,,,,,,,,,,,,,,,,,,,,,,,,,,,,,,,,,,
training_event,training,dba80c84-68fd-45b2-ba28-10f10075b239,5e7a57d0-7966-4fec-a570-3c59d1f9fed2,2026-09-06T10:53:36.477000+00:00,keydown,85,u,,184.6,,,,,,,,controlled_typing,0,,,,,,,,,,/app/training,dev_07816792-ddc2-4c7e-b167-1da450c46a18,,,,,,,,,,,,,,,,,,,,,,,,,,,,,,,,,,,,,,,,,,,,,,,,,,,,,,,,,,,,,,,,,,
training_event,training,dba80c84-68fd-45b2-ba28-10f10075b239,5e7a57d0-7966-4fec-a570-3c59d1f9fed2,2026-09-06T10:53:36.586000+00:00,keyup,85,,108.4,,,,,,,,,controlled_typing,0,,,,,,,,,,/app/training,dev_07816792-ddc2-4c7e-b167-1da450c46a18,,,,,,,,,,,,,,,,,,,,,,,,,,,,,,,,,,,,,,,,,,,,,,,,,,,,,,,,,,,,,,,,,,
training_event,training,dba80c84-68fd-45b2-ba28-10f10075b239,5e7a57d0-7966-4fec-a570-3c59d1f9fed2,2026-09-06T10:53:36.762000+00:00,keydown,73,i,,284.6,,,,,,,,controlled_typing,0,,,,,,,,,,/app/training,dev_07816792-ddc2-4c7e-b167-1da450c46a18,,,,,,,,,,,,,,,,,,,,,,,,,,,,,,,,,,,,,,,,,,,,,,,,,,,,,,,,,,,,,,,,,,
training_event,training,dba80c84-68fd-45b2-ba28-10f10075b239,5e7a57d0-7966-4fec-a570-3c59d1f9fed2,2026-09-06T10:53:36.880000+00:00,keyup,73,,117.6,,,,,,,,,controlled_typing,0,,,,,,,,,,/app/training,dev_07816792-ddc2-4c7e-b167-1da450c46a18,,,,,,,,,,,,,,,,,,,,,,,,,,,,,,,,,,,,,,,,,,,,,,,,,,,,,,,,,,,,,,,,,,
training_event,training,dba80c84-68fd-45b2-ba28-10f10075b239,5e7a57d0-7966-4fec-a570-3c59d1f9fed2,2026-09-06T10:53:36.991000+00:00,keydown,67,c,,229.4,,,,,,,,controlled_typing,0,,,,,,,,,,/app/training,dev_07816792-ddc2-4c7e-b167-1da450c46a18,,,,,,,,,,,,,,,,,,,,,,,,,,,,,,,,,,,,,,,,,,,,,,,,,,,,,,,,,,,,,,,,,,
training_event,training,dba80c84-68fd-45b2-ba28-10f10075b239,5e7a57d0-7966-4fec-a570-3c59d1f9fed2,2026-09-06T10:53:37.115000+00:00,keyup,67,,123.5,,,,,,,,,controlled_typing,0,,,,,,,,,,/app/training,dev_07816792-ddc2-4c7e-b167-1da450c46a18,,,,,,,,,,,,,,,,,,,,,,,,,,,,,,,,,,,,,,,,,,,,,,,,,,,,,,,,,,,,,,,,,,
training_event,training,dba80c84-68fd-45b2-ba28-10f10075b239,5e7a57d0-7966-4fec-a570-3c59d1f9fed2,2026-09-06T10:53:37.184000+00:00,keydown,75,k,,192.9,,,,,,,,controlled_typing,0,,,,,,,,,,/app/training,dev_07816792-ddc2-4c7e-b167-1da450c46a18,,,,,,,,,,,,,,,,,,,,,,,,,,,,,,,,,,,,,,,,,,,,,,,,,,,,,,,,,,,,,,,,,,
training_event,training,dba80c84-68fd-45b2-ba28-10f10075b239,5e7a57d0-7966-4fec-a570-3c59d1f9fed2,2026-09-06T10:53:37.299000+00:00,keyup,75,,114.8,,,,,,,,,controlled_typing,0,,,,,,,,,,/app/training,dev_07816792-ddc2-4c7e-b167-1da450c46a18,,,,,,,,,,,,,,,,,,,,,,,,,,,,,,,,,,,,,,,,,,,,,,,,,,,,,,,,,,,,,,,,,,
training_event,training,dba80c84-68fd-45b2-ba28-10f10075b239,5e7a57d0-7966-4fec-a570-3c59d1f9fed2,2026-09-06T10:53:37.385000+00:00,keydown,32, ,,200.4,,,,,,,,controlled_typing,0,,,,,,,,,,/app/training,dev_07816792-ddc2-4c7e-b167-1da450c46a18,,,,,,,,,,,,,,,,,,,,,,,,,,,,,,,,,,,,,,,,,,,,,,,,,,,,,,,,,,,,,,,,,,
training_event,training,dba80c84-68fd-45b2-ba28-10f10075b239,5e7a57d0-7966-4fec-a570-3c59d1f9fed2,2026-09-06T10:53:37.505000+00:00,keyup,32,,120.7,,,,,,,,,controlled_typing,0,,,,,,,,,,/app/training,dev_07816792-ddc2-4c7e-b167-1da450c46a18,,,,,,,,,,,,,,,,,,,,,,,,,,,,,,,,,,,,,,,,,,,,,,,,,,,,,,,,,,,,,,,,,,
training_event,training,dba80c84-68fd-45b2-ba28-10f10075b239,5e7a57d0-7966-4fec-a570-3c59d1f9fed2,2026-09-06T10:53:37.708000+00:00,keydown,66,b,,322.8,,,,,,,,controlled_typing,0,,,,,,,,,,/app/training,dev_07816792-ddc2-4c7e-b167-1da450c46a18,,,,,,,,,,,,,,,,,,,,,,,,,,,,,,,,,,,,,,,,,,,,,,,,,,,,,,,,,,,,,,,,,,
training_event,training,dba80c84-68fd-45b2-ba28-10f10075b239,5e7a57d0-7966-4fec-a570-3c59d1f9fed2,2026-09-06T10:53:37.824000+00:00,keyup,66,,116.3,,,,,,,,,controlled_typing,0,,,,,,,,,,/app/training,dev_07816792-ddc2-4c7e-b167-1da450c46a18,,,,,,,,,,,,,,,,,,,,,,,,,,,,,,,,,,,,,,,,,,,,,,,,,,,,,,,,,,,,,,,,,,
training_event,training,dba80c84-68fd-45b2-ba28-10f10075b239,5e7a57d0-7966-4fec-a570-3c59d1f9fed2,2026-09-06T10:53:37.876000+00:00,keydown,82,r,,168.6,,,,,,,,controlled_typing,0,,,,,,,,,,/app/training,dev_07816792-ddc2-4c7e-b167-1da450c46a18,,,,,,,,,,,,,,,,,,,,,,,,,,,,,,,,,,,,,,,,,,,,,,,,,,,,,,,,,,,,,,,,,,
training_event,training,dba80c84-68fd-45b2-ba28-10f10075b239,5e7a57d0-7966-4fec-a570-3c59d1f9fed2,2026-09-06T10:53:37.978000+00:00,keyup,82,,101.9,,,,,,,,,controlled_typing,0,,,,,,,,,,/app/training,dev_07816792-ddc2-4c7e-b167-1da450c46a18,,,,,,,,,,,,,,,,,,,,,,,,,,,,,,,,,,,,,,,,,,,,,,,,,,,,,,,,,,,,,,,,,,
training_event,training,dba80c84-68fd-45b2-ba28-10f10075b239,5e7a57d0-7966-4fec-a570-3c59d1f9fed2,2026-09-06T10:53:38.134000+00:00,keydown,79,o,,258.3,,,,,,,,controlled_typing,0,,,,,,,,,,/app/training,dev_07816792-ddc2-4c7e-b167-1da450c46a18,,,,,,,,,,,,,,,,,,,,,,,,,,,,,,,,,,,,,,,,,,,,,,,,,,,,,,,,,,,,,,,,,,
training_event,training,dba80c84-68fd-45b2-ba28-10f10075b239,5e7a57d0-7966-4fec-a570-3c59d1f9fed2,2026-09-06T10:53:38.256000+00:00,keyup,79,,121.1,,,,,,,,,controlled_typing,0,,,,,,,,,,/app/training,dev_07816792-ddc2-4c7e-b167-1da450c46a18,,,,,,,,,,,,,,,,,,,,,,,,,,,,,,,,,,,,,,,,,,,,,,,,,,,,,,,,,,,,,,,,,,
training_event,training,dba80c84-68fd-45b2-ba28-10f10075b239,5e7a57d0-7966-4fec-a570-3c59d1f9fed2,2026-09-06T10:53:38.263000+00:00,keydown,87,w,,128.7,,,,,,,,controlled_typing,0,,,,,,,,,,/app/training,dev_07816792-ddc2-4c7e-b167-1da450c46a18,,,,,,,,,,,,,,,,,,,,,,,,,,,,,,,,,,,,,,,,,,,,,,,,,,,,,,,,,,,,,,,,,,
training_event,training,dba80c84-68fd-45b2-ba28-10f10075b239,5e7a57d0-7966-4fec-a570-3c59d1f9fed2,2026-09-06T10:53:38.409000+00:00,keyup,87,,145.6,,,,,,,,,controlled_typing,0,,,,,,,,,,/app/training,dev_07816792-ddc2-4c7e-b167-1da450c46a18,,,,,,,,,,,,,,,,,,,,,,,,,,,,,,,,,,,,,,,,,,,,,,,,,,,,,,,,,,,,,,,,,,
training_event,training,dba80c84-68fd-45b2-ba28-10f10075b239,5e7a57d0-7966-4fec-a570-3c59d1f9fed2,2026-09-06T10:53:38.504000+00:00,keydown,78,n,,241.4,,,,,,,,controlled_typing,0,,,,,,,,,,/app/training,dev_07816792-ddc2-4c7e-b167-1da450c46a18,,,,,,,,,,,,,,,,,,,,,,,,,,,,,,,,,,,,,,,,,,,,,,,,,,,,,,,,,,,,,,,,,,
training_event,training,dba80c84-68fd-45b2-ba28-10f10075b239,5e7a57d0-7966-4fec-a570-3c59d1f9fed2,2026-09-06T10:53:38.615000+00:00,keyup,78,,110.2,,,,,,,,,controlled_typing,0,,,,,,,,,,/app/training,dev_07816792-ddc2-4c7e-b167-1da450c46a18,,,,,,,,,,,,,,,,,,,,,,,,,,,,,,,,,,,,,,,,,,,,,,,,,,,,,,,,,,,,,,,,,,
training_event,training,dba80c84-68fd-45b2-ba28-10f10075b239,5e7a57d0-7966-4fec-a570-3c59d1f9fed2,2026-09-06T10:53:38.748000+00:00,keydown,32, ,,243.9,,,,,,,,controlled_typing,0,,,,,,,,,,/app/training,dev_07816792-ddc2-4c7e-b167-1da450c46a18,,,,,,,,,,,,,,,,,,,,,,,,,,,,,,,,,,,,,,,,,,,,,,,,,,,,,,,,,,,,,,,,,,
training_event,training,dba80c84-68fd-45b2-ba28-10f10075b239,5e7a57d0-7966-4fec-a570-3c59d1f9fed2,2026-09-06T10:53:38.855000+00:00,keyup,32,,107.1,,,,,,,,,controlled_typing,0,,,,,,,,,,/app/training,dev_07816792-ddc2-4c7e-b167-1da450c46a18,,,,,,,,,,,,,,,,,,,,,,,,,,,,,,,,,,,,,,,,,,,,,,,,,,,,,,,,,,,,,,,,,,
training_event,training,dba80c84-68fd-45b2-ba28-10f10075b239,5e7a57d0-7966-4fec-a570-3c59d1f9fed2,2026-09-06T10:53:39.792000+00:00,keydown,70,f,,1043.2,,,,,,,,controlled_typing,0,,,,,,,,,,/app/training,dev_07816792-ddc2-4c7e-b167-1da450c46a18,,,,,,,,,,,,,,,,,,,,,,,,,,,,,,,,,,,,,,,,,,,,,,,,,,,,,,,,,,,,,,,,,,
training_event,training,dba80c84-68fd-45b2-ba28-10f10075b239,5e7a57d0-7966-4fec-a570-3c59d1f9fed2,2026-09-06T10:53:39.873000+00:00,keyup,70,,81.9,,,,,,,,,controlled_typing,0,,,,,,,,,,/app/training,dev_07816792-ddc2-4c7e-b167-1da450c46a18,,,,,,,,,,,,,,,,,,,,,,,,,,,,,,,,,,,,,,,,,,,,,,,,,,,,,,,,,,,,,,,,,,
training_event,training,dba80c84-68fd-45b2-ba28-10f10075b239,5e7a57d0-7966-4fec-a570-3c59d1f9fed2,2026-09-06T10:53:39.955000+00:00,keydown,79,o,,163.4,,,,,,,,controlled_typing,0,,,,,,,,,,/app/training,dev_07816792-ddc2-4c7e-b167-1da450c46a18,,,,,,,,,,,,,,,,,,,,,,,,,,,,,,,,,,,,,,,,,,,,,,,,,,,,,,,,,,,,,,,,,,
training_event,training,dba80c84-68fd-45b2-ba28-10f10075b239,5e7a57d0-7966-4fec-a570-3c59d1f9fed2,2026-09-06T10:53:40.055000+00:00,keyup,79,,100.4,,,,,,,,,controlled_typing,0,,,,,,,,,,/app/training,dev_07816792-ddc2-4c7e-b167-1da450c46a18,,,,,,,,,,,,,,,,,,,,,,,,,,,,,,,,,,,,,,,,,,,,,,,,,,,,,,,,,,,,,,,,,,
training_event,training,dba80c84-68fd-45b2-ba28-10f10075b239,5e7a57d0-7966-4fec-a570-3c59d1f9fed2,2026-09-06T10:53:40.405000+00:00,keydown,88,x,,449.8,,,,,,,,controlled_typing,0,,,,,,,,,,/app/training,dev_07816792-ddc2-4c7e-b167-1da450c46a18,,,,,,,,,,,,,,,,,,,,,,,,,,,,,,,,,,,,,,,,,,,,,,,,,,,,,,,,,,,,,,,,,,
training_event,training,dba80c84-68fd-45b2-ba28-10f10075b239,5e7a57d0-7966-4fec-a570-3c59d1f9fed2,2026-09-06T10:53:40.508000+00:00,keyup,88,,103.3,,,,,,,,,controlled_typing,0,,,,,,,,,,/app/training,dev_07816792-ddc2-4c7e-b167-1da450c46a18,,,,,,,,,,,,,,,,,,,,,,,,,,,,,,,,,,,,,,,,,,,,,,,,,,,,,,,,,,,,,,,,,,
training_event,training,dba80c84-68fd-45b2-ba28-10f10075b239,5e7a57d0-7966-4fec-a570-3c59d1f9fed2,2026-09-06T10:53:40.543000+00:00,keydown,32, ,,137.9,,,,,,,,controlled_typing,0,,,,,,,,,,/app/training,dev_07816792-ddc2-4c7e-b167-1da450c46a18,,,,,,,,,,,,,,,,,,,,,,,,,,,,,,,,,,,,,,,,,,,,,,,,,,,,,,,,,,,,,,,,,,
training_event,training,dba80c84-68fd-45b2-ba28-10f10075b239,5e7a57d0-7966-4fec-a570-3c59d1f9fed2,2026-09-06T10:53:40.651000+00:00,keyup,32,,108.7,,,,,,,,,controlled_typing,0,,,,,,,,,,/app/training,dev_07816792-ddc2-4c7e-b167-1da450c46a18,,,,,,,,,,,,,,,,,,,,,,,,,,,,,,,,,,,,,,,,,,,,,,,,,,,,,,,,,,,,,,,,,,
training_event,training,dba80c84-68fd-45b2-ba28-10f10075b239,5e7a57d0-7966-4fec-a570-3c59d1f9fed2,2026-09-06T10:53:40.812000+00:00,keydown,74,j,,269.3,,,,,,,,controlled_typing,0,,,,,,,,,,/app/training,dev_07816792-ddc2-4c7e-b167-1da450c46a18,,,,,,,,,,,,,,,,,,,,,,,,,,,,,,,,,,,,,,,,,,,,,,,,,,,,,,,,,,,,,,,,,,
training_event,training,dba80c84-68fd-45b2-ba28-10f10075b239,5e7a57d0-7966-4fec-a570-3c59d1f9fed2,2026-09-06T10:53:40.893000+00:00,keyup,74,,81.3,,,,,,,,,controlled_typing,0,,,,,,,,,,/app/training,dev_07816792-ddc2-4c7e-b167-1da450c46a18,,,,,,,,,,,,,,,,,,,,,,,,,,,,,,,,,,,,,,,,,,,,,,,,,,,,,,,,,,,,,,,,,,
training_event,training,dba80c84-68fd-45b2-ba28-10f10075b239,5e7a57d0-7966-4fec-a570-3c59d1f9fed2,2026-09-06T10:53:41.018000+00:00,keydown,85,u,,206.4,,,,,,,,controlled_typing,0,,,,,,,,,,/app/training,dev_07816792-ddc2-4c7e-b167-1da450c46a18,,,,,,,,,,,,,,,,,,,,,,,,,,,,,,,,,,,,,,,,,,,,,,,,,,,,,,,,,,,,,,,,,,
training_event,training,dba80c84-68fd-45b2-ba28-10f10075b239,5e7a57d0-7966-4fec-a570-3c59d1f9fed2,2026-09-06T10:53:41.093000+00:00,keyup,85,,75.0,,,,,,,,,controlled_typing,0,,,,,,,,,,/app/training,dev_07816792-ddc2-4c7e-b167-1da450c46a18,,,,,,,,,,,,,,,,,,,,,,,,,,,,,,,,,,,,,,,,,,,,,,,,,,,,,,,,,,,,,,,,,,
training_event,training,dba80c84-68fd-45b2-ba28-10f10075b239,5e7a57d0-7966-4fec-a570-3c59d1f9fed2,2026-09-06T10:53:41.288000+00:00,keydown,77,m,,269.7,,,,,,,,controlled_typing,0,,,,,,,,,,/app/training,dev_07816792-ddc2-4c7e-b167-1da450c46a18,,,,,,,,,,,,,,,,,,,,,,,,,,,,,,,,,,,,,,,,,,,,,,,,,,,,,,,,,,,,,,,,,,
training_event,training,dba80c84-68fd-45b2-ba28-10f10075b239,5e7a57d0-7966-4fec-a570-3c59d1f9fed2,2026-09-06T10:53:41.398000+00:00,keyup,77,,110.1,,,,,,,,,controlled_typing,0,,,,,,,,,,/app/training,dev_07816792-ddc2-4c7e-b167-1da450c46a18,,,,,,,,,,,,,,,,,,,,,,,,,,,,,,,,,,,,,,,,,,,,,,,,,,,,,,,,,,,,,,,,,,
training_event,training,dba80c84-68fd-45b2-ba28-10f10075b239,5e7a57d0-7966-4fec-a570-3c59d1f9fed2,2026-09-06T10:53:42.726000+00:00,keydown,80,p,,1437.7,,,,,,,,controlled_typing,0,,,,,,,,,,/app/training,dev_07816792-ddc2-4c7e-b167-1da450c46a18,,,,,,,,,,,,,,,,,,,,,,,,,,,,,,,,,,,,,,,,,,,,,,,,,,,,,,,,,,,,,,,,,,
training_event,training,dba80c84-68fd-45b2-ba28-10f10075b239,5e7a57d0-7966-4fec-a570-3c59d1f9fed2,2026-09-06T10:53:42.858000+00:00,keyup,80,,132.7,,,,,,,,,controlled_typing,0,,,,,,,,,,/app/training,dev_07816792-ddc2-4c7e-b167-1da450c46a18,,,,,,,,,,,,,,,,,,,,,,,,,,,,,,,,,,,,,,,,,,,,,,,,,,,,,,,,,,,,,,,,,,
training_event,training,dba80c84-68fd-45b2-ba28-10f10075b239,5e7a57d0-7966-4fec-a570-3c59d1f9fed2,2026-09-06T10:53:42.876000+00:00,keydown,83,s,,149.8,,,,,,,,controlled_typing,0,,,,,,,,,,/app/training,dev_07816792-ddc2-4c7e-b167-1da450c46a18,,,,,,,,,,,,,,,,,,,,,,,,,,,,,,,,,,,,,,,,,,,,,,,,,,,,,,,,,,,,,,,,,,
training_event,training,dba80c84-68fd-45b2-ba28-10f10075b239,5e7a57d0-7966-4fec-a570-3c59d1f9fed2,2026-09-06T10:53:42.973000+00:00,keydown,32, ,,97.5,,,,,,,,controlled_typing,0,,,,,,,,,,/app/training,dev_07816792-ddc2-4c7e-b167-1da450c46a18,,,,,,,,,,,,,,,,,,,,,,,,,,,,,,,,,,,,,,,,,,,,,,,,,,,,,,,,,,,,,,,,,,
training_event,training,dba80c84-68fd-45b2-ba28-10f10075b239,5e7a57d0-7966-4fec-a570-3c59d1f9fed2,2026-09-06T10:53:42.993000+00:00,keyup,83,,117.7,,,,,,,,,controlled_typing,0,,,,,,,,,,/app/training,dev_07816792-ddc2-4c7e-b167-1da450c46a18,,,,,,,,,,,,,,,,,,,,,,,,,,,,,,,,,,,,,,,,,,,,,,,,,,,,,,,,,,,,,,,,,,
training_event,training,dba80c84-68fd-45b2-ba28-10f10075b239,5e7a57d0-7966-4fec-a570-3c59d1f9fed2,2026-09-06T10:53:43.087000+00:00,keyup,32,,114.2,,,,,,,,,controlled_typing,0,,,,,,,,,,/app/training,dev_07816792-ddc2-4c7e-b167-1da450c46a18,,,,,,,,,,,,,,,,,,,,,,,,,,,,,,,,,,,,,,,,,,,,,,,,,,,,,,,,,,,,,,,,,,
training_event,training,dba80c84-68fd-45b2-ba28-10f10075b239,5e7a57d0-7966-4fec-a570-3c59d1f9fed2,2026-09-06T10:53:43.220000+00:00,keydown,79,o,,247.4,,,,,,,,controlled_typing,0,,,,,,,,,,/app/training,dev_07816792-ddc2-4c7e-b167-1da450c46a18,,,,,,,,,,,,,,,,,,,,,,,,,,,,,,,,,,,,,,,,,,,,,,,,,,,,,,,,,,,,,,,,,,
training_event,training,dba80c84-68fd-45b2-ba28-10f10075b239,5e7a57d0-7966-4fec-a570-3c59d1f9fed2,2026-09-06T10:53:43.323000+00:00,keyup,79,,102.1,,,,,,,,,controlled_typing,0,,,,,,,,,,/app/training,dev_07816792-ddc2-4c7e-b167-1da450c46a18,,,,,,,,,,,,,,,,,,,,,,,,,,,,,,,,,,,,,,,,,,,,,,,,,,,,,,,,,,,,,,,,,,
training_event,training,dba80c84-68fd-45b2-ba28-10f10075b239,5e7a57d0-7966-4fec-a570-3c59d1f9fed2,2026-09-06T10:53:43.554000+00:00,keydown,86,v,,333.8,,,,,,,,controlled_typing,0,,,,,,,,,,/app/training,dev_07816792-ddc2-4c7e-b167-1da450c46a18,,,,,,,,,,,,,,,,,,,,,,,,,,,,,,,,,,,,,,,,,,,,,,,,,,,,,,,,,,,,,,,,,,
training_event,training,dba80c84-68fd-45b2-ba28-10f10075b239,5e7a57d0-7966-4fec-a570-3c59d1f9fed2,2026-09-06T10:53:43.669000+00:00,keyup,86,,114.3,,,,,,,,,controlled_typing,0,,,,,,,,,,/app/training,dev_07816792-ddc2-4c7e-b167-1da450c46a18,,,,,,,,,,,,,,,,,,,,,,,,,,,,,,,,,,,,,,,,,,,,,,,,,,,,,,,,,,,,,,,,,,
training_event,training,dba80c84-68fd-45b2-ba28-10f10075b239,5e7a57d0-7966-4fec-a570-3c59d1f9fed2,2026-09-06T10:53:43.691000+00:00,keydown,69,e,,136.3,,,,,,,,controlled_typing,0,,,,,,,,,,/app/training,dev_07816792-ddc2-4c7e-b167-1da450c46a18,,,,,,,,,,,,,,,,,,,,,,,,,,,,,,,,,,,,,,,,,,,,,,,,,,,,,,,,,,,,,,,,,,
training_event,training,dba80c84-68fd-45b2-ba28-10f10075b239,5e7a57d0-7966-4fec-a570-3c59d1f9fed2,2026-09-06T10:53:43.793000+00:00,keyup,69,,102.9,,,,,,,,,controlled_typing,0,,,,,,,,,,/app/training,dev_07816792-ddc2-4c7e-b167-1da450c46a18,,,,,,,,,,,,,,,,,,,,,,,,,,,,,,,,,,,,,,,,,,,,,,,,,,,,,,,,,,,,,,,,,,
training_event,training,dba80c84-68fd-45b2-ba28-10f10075b239,5e7a57d0-7966-4fec-a570-3c59d1f9fed2,2026-09-06T10:53:43.911000+00:00,keydown,82,r,,220.5,,,,,,,,controlled_typing,0,,,,,,,,,,/app/training,dev_07816792-ddc2-4c7e-b167-1da450c46a18,,,,,,,,,,,,,,,,,,,,,,,,,,,,,,,,,,,,,,,,,,,,,,,,,,,,,,,,,,,,,,,,,,
training_event,training,dba80c84-68fd-45b2-ba28-10f10075b239,5e7a57d0-7966-4fec-a570-3c59d1f9fed2,2026-09-06T10:53:44+00:00,keyup,82,,88.9,,,,,,,,,controlled_typing,0,,,,,,,,,,/app/training,dev_07816792-ddc2-4c7e-b167-1da450c46a18,,,,,,,,,,,,,,,,,,,,,,,,,,,,,,,,,,,,,,,,,,,,,,,,,,,,,,,,,,,,,,,,,,
training_event,training,dba80c84-68fd-45b2-ba28-10f10075b239,5e7a57d0-7966-4fec-a570-3c59d1f9fed2,2026-09-06T10:53:44.063000+00:00,keydown,32, ,,151.8,,,,,,,,controlled_typing,0,,,,,,,,,,/app/training,dev_07816792-ddc2-4c7e-b167-1da450c46a18,,,,,,,,,,,,,,,,,,,,,,,,,,,,,,,,,,,,,,,,,,,,,,,,,,,,,,,,,,,,,,,,,,
training_event,training,dba80c84-68fd-45b2-ba28-10f10075b239,5e7a57d0-7966-4fec-a570-3c59d1f9fed2,2026-09-06T10:53:44.168000+00:00,keyup,32,,105.5,,,,,,,,,controlled_typing,0,,,,,,,,,,/app/training,dev_07816792-ddc2-4c7e-b167-1da450c46a18,,,,,,,,,,,,,,,,,,,,,,,,,,,,,,,,,,,,,,,,,,,,,,,,,,,,,,,,,,,,,,,,,,
training_event,training,dba80c84-68fd-45b2-ba28-10f10075b239,5e7a57d0-7966-4fec-a570-3c59d1f9fed2,2026-09-06T10:53:44.190000+00:00,keydown,84,t,,127.6,,,,,,,,controlled_typing,0,,,,,,,,,,/app/training,dev_07816792-ddc2-4c7e-b167-1da450c46a18,,,,,,,,,,,,,,,,,,,,,,,,,,,,,,,,,,,,,,,,,,,,,,,,,,,,,,,,,,,,,,,,,,
training_event,training,dba80c84-68fd-45b2-ba28-10f10075b239,5e7a57d0-7966-4fec-a570-3c59d1f9fed2,2026-09-06T10:53:44.297000+00:00,keyup,84,,106.9,,,,,,,,,controlled_typing,0,,,,,,,,,,/app/training,dev_07816792-ddc2-4c7e-b167-1da450c46a18,,,,,,,,,,,,,,,,,,,,,,,,,,,,,,,,,,,,,,,,,,,,,,,,,,,,,,,,,,,,,,,,,,
training_event,training,dba80c84-68fd-45b2-ba28-10f10075b239,5e7a57d0-7966-4fec-a570-3c59d1f9fed2,2026-09-06T10:53:44.354000+00:00,keydown,72,h,,163.3,,,,,,,,controlled_typing,0,,,,,,,,,,/app/training,dev_07816792-ddc2-4c7e-b167-1da450c46a18,,,,,,,,,,,,,,,,,,,,,,,,,,,,,,,,,,,,,,,,,,,,,,,,,,,,,,,,,,,,,,,,,,
training_event,training,dba80c84-68fd-45b2-ba28-10f10075b239,5e7a57d0-7966-4fec-a570-3c59d1f9fed2,2026-09-06T10:53:44.438000+00:00,keyup,72,,84.4,,,,,,,,,controlled_typing,0,,,,,,,,,,/app/training,dev_07816792-ddc2-4c7e-b167-1da450c46a18,,,,,,,,,,,,,,,,,,,,,,,,,,,,,,,,,,,,,,,,,,,,,,,,,,,,,,,,,,,,,,,,,,
training_event,training,dba80c84-68fd-45b2-ba28-10f10075b239,5e7a57d0-7966-4fec-a570-3c59d1f9fed2,2026-09-06T10:53:44.486000+00:00,keydown,69,e,,131.7,,,,,,,,controlled_typing,0,,,,,,,,,,/app/training,dev_07816792-ddc2-4c7e-b167-1da450c46a18,,,,,,,,,,,,,,,,,,,,,,,,,,,,,,,,,,,,,,,,,,,,,,,,,,,,,,,,,,,,,,,,,,
training_event,training,dba80c84-68fd-45b2-ba28-10f10075b239,5e7a57d0-7966-4fec-a570-3c59d1f9fed2,2026-09-06T10:53:44.588000+00:00,keyup,69,,102.9,,,,,,,,,controlled_typing,0,,,,,,,,,,/app/training,dev_07816792-ddc2-4c7e-b167-1da450c46a18,,,,,,,,,,,,,,,,,,,,,,,,,,,,,,,,,,,,,,,,,,,,,,,,,,,,,,,,,,,,,,,,,,
training_event,training,dba80c84-68fd-45b2-ba28-10f10075b239,5e7a57d0-7966-4fec-a570-3c59d1f9fed2,2026-09-06T10:53:44.607000+00:00,keydown,32, ,,121.2,,,,,,,,controlled_typing,0,,,,,,,,,,/app/training,dev_07816792-ddc2-4c7e-b167-1da450c46a18,,,,,,,,,,,,,,,,,,,,,,,,,,,,,,,,,,,,,,,,,,,,,,,,,,,,,,,,,,,,,,,,,,
training_event,training,dba80c84-68fd-45b2-ba28-10f10075b239,5e7a57d0-7966-4fec-a570-3c59d1f9fed2,2026-09-06T10:53:44.723000+00:00,keyup,32,,116.3,,,,,,,,,controlled_typing,0,,,,,,,,,,/app/training,dev_07816792-ddc2-4c7e-b167-1da450c46a18,,,,,,,,,,,,,,,,,,,,,,,,,,,,,,,,,,,,,,,,,,,,,,,,,,,,,,,,,,,,,,,,,,
training_event,training,dba80c84-68fd-45b2-ba28-10f10075b239,5e7a57d0-7966-4fec-a570-3c59d1f9fed2,2026-09-06T10:53:44.881000+00:00,keydown,76,l,,274.7,,,,,,,,controlled_typing,0,,,,,,,,,,/app/training,dev_07816792-ddc2-4c7e-b167-1da450c46a18,,,,,,,,,,,,,,,,,,,,,,,,,,,,,,,,,,,,,,,,,,,,,,,,,,,,,,,,,,,,,,,,,,
training_event,training,dba80c84-68fd-45b2-ba28-10f10075b239,5e7a57d0-7966-4fec-a570-3c59d1f9fed2,2026-09-06T10:53:45.007000+00:00,keyup,76,,126.0,,,,,,,,,controlled_typing,0,,,,,,,,,,/app/training,dev_07816792-ddc2-4c7e-b167-1da450c46a18,,,,,,,,,,,,,,,,,,,,,,,,,,,,,,,,,,,,,,,,,,,,,,,,,,,,,,,,,,,,,,,,,,
training_event,training,dba80c84-68fd-45b2-ba28-10f10075b239,5e7a57d0-7966-4fec-a570-3c59d1f9fed2,2026-09-06T10:53:45.041000+00:00,keydown,65,a,,159.9,,,,,,,,controlled_typing,0,,,,,,,,,,/app/training,dev_07816792-ddc2-4c7e-b167-1da450c46a18,,,,,,,,,,,,,,,,,,,,,,,,,,,,,,,,,,,,,,,,,,,,,,,,,,,,,,,,,,,,,,,,,,
training_event,training,dba80c84-68fd-45b2-ba28-10f10075b239,5e7a57d0-7966-4fec-a570-3c59d1f9fed2,2026-09-06T10:53:45.136000+00:00,keyup,65,,94.4,,,,,,,,,controlled_typing,0,,,,,,,,,,/app/training,dev_07816792-ddc2-4c7e-b167-1da450c46a18,,,,,,,,,,,,,,,,,,,,,,,,,,,,,,,,,,,,,,,,,,,,,,,,,,,,,,,,,,,,,,,,,,
training_event,training,dba80c84-68fd-45b2-ba28-10f10075b239,5e7a57d0-7966-4fec-a570-3c59d1f9fed2,2026-09-06T10:53:45.354000+00:00,keydown,90,z,,312.5,,,,,,,,controlled_typing,0,,,,,,,,,,/app/training,dev_07816792-ddc2-4c7e-b167-1da450c46a18,,,,,,,,,,,,,,,,,,,,,,,,,,,,,,,,,,,,,,,,,,,,,,,,,,,,,,,,,,,,,,,,,,
training_event,training,dba80c84-68fd-45b2-ba28-10f10075b239,5e7a57d0-7966-4fec-a570-3c59d1f9fed2,2026-09-06T10:53:45.457000+00:00,keyup,90,,103.3,,,,,,,,,controlled_typing,0,,,,,,,,,,/app/training,dev_07816792-ddc2-4c7e-b167-1da450c46a18,,,,,,,,,,,,,,,,,,,,,,,,,,,,,,,,,,,,,,,,,,,,,,,,,,,,,,,,,,,,,,,,,,
training_event,training,dba80c84-68fd-45b2-ba28-10f10075b239,5e7a57d0-7966-4fec-a570-3c59d1f9fed2,2026-09-06T10:53:45.841000+00:00,keydown,89,y,,487.3,,,,,,,,controlled_typing,0,,,,,,,,,,/app/training,dev_07816792-ddc2-4c7e-b167-1da450c46a18,,,,,,,,,,,,,,,,,,,,,,,,,,,,,,,,,,,,,,,,,,,,,,,,,,,,,,,,,,,,,,,,,,
training_event,training,dba80c84-68fd-45b2-ba28-10f10075b239,5e7a57d0-7966-4fec-a570-3c59d1f9fed2,2026-09-06T10:53:45.957000+00:00,keyup,89,,115.6,,,,,,,,,controlled_typing,0,,,,,,,,,,/app/training,dev_07816792-ddc2-4c7e-b167-1da450c46a18,,,,,,,,,,,,,,,,,,,,,,,,,,,,,,,,,,,,,,,,,,,,,,,,,,,,,,,,,,,,,,,,,,
training_event,training,dba80c84-68fd-45b2-ba28-10f10075b239,5e7a57d0-7966-4fec-a570-3c59d1f9fed2,2026-09-06T10:53:45.971000+00:00,keydown,32, ,,130.1,,,,,,,,controlled_typing,0,,,,,,,,,,/app/training,dev_07816792-ddc2-4c7e-b167-1da450c46a18,,,,,,,,,,,,,,,,,,,,,,,,,,,,,,,,,,,,,,,,,,,,,,,,,,,,,,,,,,,,,,,,,,
training_event,training,dba80c84-68fd-45b2-ba28-10f10075b239,5e7a57d0-7966-4fec-a570-3c59d1f9fed2,2026-09-06T10:53:46.118000+00:00,keyup,32,,146.6,,,,,,,,,controlled_typing,0,,,,,,,,,,/app/training,dev_07816792-ddc2-4c7e-b167-1da450c46a18,,,,,,,,,,,,,,,,,,,,,,,,,,,,,,,,,,,,,,,,,,,,,,,,,,,,,,,,,,,,,,,,,,
training_event,training,dba80c84-68fd-45b2-ba28-10f10075b239,5e7a57d0-7966-4fec-a570-3c59d1f9fed2,2026-09-06T10:53:46.784000+00:00,keydown,68,d,,812.9,,,,,,,,controlled_typing,0,,,,,,,,,,/app/training,dev_07816792-ddc2-4c7e-b167-1da450c46a18,,,,,,,,,,,,,,,,,,,,,,,,,,,,,,,,,,,,,,,,,,,,,,,,,,,,,,,,,,,,,,,,,,
training_event,training,dba80c84-68fd-45b2-ba28-10f10075b239,5e7a57d0-7966-4fec-a570-3c59d1f9fed2,2026-09-06T10:53:46.870000+00:00,keyup,68,,85.6,,,,,,,,,controlled_typing,0,,,,,,,,,,/app/training,dev_07816792-ddc2-4c7e-b167-1da450c46a18,,,,,,,,,,,,,,,,,,,,,,,,,,,,,,,,,,,,,,,,,,,,,,,,,,,,,,,,,,,,,,,,,,
training_event,training,dba80c84-68fd-45b2-ba28-10f10075b239,5e7a57d0-7966-4fec-a570-3c59d1f9fed2,2026-09-06T10:53:46.988000+00:00,keydown,79,o,,204.0,,,,,,,,controlled_typing,0,,,,,,,,,,/app/training,dev_07816792-ddc2-4c7e-b167-1da450c46a18,,,,,,,,,,,,,,,,,,,,,,,,,,,,,,,,,,,,,,,,,,,,,,,,,,,,,,,,,,,,,,,,,,
training_event,training,dba80c84-68fd-45b2-ba28-10f10075b239,5e7a57d0-7966-4fec-a570-3c59d1f9fed2,2026-09-06T10:53:47.168000+00:00,keyup,79,,179.9,,,,,,,,,controlled_typing,0,,,,,,,,,,/app/training,dev_07816792-ddc2-4c7e-b167-1da450c46a18,,,,,,,,,,,,,,,,,,,,,,,,,,,,,,,,,,,,,,,,,,,,,,,,,,,,,,,,,,,,,,,,,,
training_event,training,dba80c84-68fd-45b2-ba28-10f10075b239,5e7a57d0-7966-4fec-a570-3c59d1f9fed2,2026-09-06T10:53:47.330000+00:00,keydown,71,g,,342.1,,,,,,,,controlled_typing,0,,,,,,,,,,/app/training,dev_07816792-ddc2-4c7e-b167-1da450c46a18,,,,,,,,,,,,,,,,,,,,,,,,,,,,,,,,,,,,,,,,,,,,,,,,,,,,,,,,,,,,,,,,,,
training_event,training,dba80c84-68fd-45b2-ba28-10f10075b239,5e7a57d0-7966-4fec-a570-3c59d1f9fed2,2026-09-06T10:53:47.485000+00:00,keyup,71,,154.7,,,,,,,,,controlled_typing,0,,,,,,,,,,/app/training,dev_07816792-ddc2-4c7e-b167-1da450c46a18,,,,,,,,,,,,,,,,,,,,,,,,,,,,,,,,,,,,,,,,,,,,,,,,,,,,,,,,,,,,,,,,,,
training_event,training,dba80c84-68fd-45b2-ba28-10f10075b239,5e7a57d0-7966-4fec-a570-3c59d1f9fed2,2026-09-06T10:53:50.260000+00:00,keydown,190,.,,2000.0,,,,,,,,controlled_typing,0,,,,,,,,,,/app/training,dev_07816792-ddc2-4c7e-b167-1da450c46a18,,,,,,,,,,,,,,,,,,,,,,,,,,,,,,,,,,,,,,,,,,,,,,,,,,,,,,,,,,,,,,,,,,
training_event,training,dba80c84-68fd-45b2-ba28-10f10075b239,8221f473-6c5d-4482-8bc5-d31cc7f2b5e8,2026-09-06T10:53:55.474000+00:00,keydown,65,A,,,,,,,,,,controlled_typing,1,,,,,,,,,,/app/training,dev_07816792-ddc2-4c7e-b167-1da450c46a18,,,,,,,,,,,,,,,,,,,,,,,,,,,,,,,,,,,,,,,,,,,,,,,,,,,,,,,,,,,,,,,,,,
training_event,training,dba80c84-68fd-45b2-ba28-10f10075b239,8221f473-6c5d-4482-8bc5-d31cc7f2b5e8,2026-09-06T10:53:55.611000+00:00,keyup,65,,137.3,,,,,,,,,controlled_typing,1,,,,,,,,,,/app/training,dev_07816792-ddc2-4c7e-b167-1da450c46a18,,,,,,,,,,,,,,,,,,,,,,,,,,,,,,,,,,,,,,,,,,,,,,,,,,,,,,,,,,,,,,,,,,
training_event,training,dba80c84-68fd-45b2-ba28-10f10075b239,8221f473-6c5d-4482-8bc5-d31cc7f2b5e8,2026-09-06T10:53:55.750000+00:00,keydown,68,d,,276.1,,,,,,,,controlled_typing,1,,,,,,,,,,/app/training,dev_07816792-ddc2-4c7e-b167-1da450c46a18,,,,,,,,,,,,,,,,,,,,,,,,,,,,,,,,,,,,,,,,,,,,,,,,,,,,,,,,,,,,,,,,,,
training_event,training,dba80c84-68fd-45b2-ba28-10f10075b239,8221f473-6c5d-4482-8bc5-d31cc7f2b5e8,2026-09-06T10:53:55.841000+00:00,keyup,68,,90.4,,,,,,,,,controlled_typing,1,,,,,,,,,,/app/training,dev_07816792-ddc2-4c7e-b167-1da450c46a18,,,,,,,,,,,,,,,,,,,,,,,,,,,,,,,,,,,,,,,,,,,,,,,,,,,,,,,,,,,,,,,,,,
training_event,training,dba80c84-68fd-45b2-ba28-10f10075b239,8221f473-6c5d-4482-8bc5-d31cc7f2b5e8,2026-09-06T10:53:56.100000+00:00,keydown,65,a,,350.1,,,,,,,,controlled_typing,1,,,,,,,,,,/app/training,dev_07816792-ddc2-4c7e-b167-1da450c46a18,,,,,,,,,,,,,,,,,,,,,,,,,,,,,,,,,,,,,,,,,,,,,,,,,,,,,,,,,,,,,,,,,,
training_event,training,dba80c84-68fd-45b2-ba28-10f10075b239,8221f473-6c5d-4482-8bc5-d31cc7f2b5e8,2026-09-06T10:53:56.220000+00:00,keyup,65,,119.6,,,,,,,,,controlled_typing,1,,,,,,,,,,/app/training,dev_07816792-ddc2-4c7e-b167-1da450c46a18,,,,,,,,,,,,,,,,,,,,,,,,,,,,,,,,,,,,,,,,,,,,,,,,,,,,,,,,,,,,,,,,,,
training_event,training,dba80c84-68fd-45b2-ba28-10f10075b239,8221f473-6c5d-4482-8bc5-d31cc7f2b5e8,2026-09-06T10:53:56.254000+00:00,keydown,80,p,,153.5,,,,,,,,controlled_typing,1,,,,,,,,,,/app/training,dev_07816792-ddc2-4c7e-b167-1da450c46a18,,,,,,,,,,,,,,,,,,,,,,,,,,,,,,,,,,,,,,,,,,,,,,,,,,,,,,,,,,,,,,,,,,
training_event,training,dba80c84-68fd-45b2-ba28-10f10075b239,8221f473-6c5d-4482-8bc5-d31cc7f2b5e8,2026-09-06T10:53:56.366000+00:00,keyup,80,,112.2,,,,,,,,,controlled_typing,1,,,,,,,,,,/app/training,dev_07816792-ddc2-4c7e-b167-1da450c46a18,,,,,,,,,,,,,,,,,,,,,,,,,,,,,,,,,,,,,,,,,,,,,,,,,,,,,,,,,,,,,,,,,,
training_event,training,dba80c84-68fd-45b2-ba28-10f10075b239,8221f473-6c5d-4482-8bc5-d31cc7f2b5e8,2026-09-06T10:53:56.438000+00:00,keydown,84,t,,184.0,,,,,,,,controlled_typing,1,,,,,,,,,,/app/training,dev_07816792-ddc2-4c7e-b167-1da450c46a18,,,,,,,,,,,,,,,,,,,,,,,,,,,,,,,,,,,,,,,,,,,,,,,,,,,,,,,,,,,,,,,,,,
training_event,training,dba80c84-68fd-45b2-ba28-10f10075b239,8221f473-6c5d-4482-8bc5-d31cc7f2b5e8,2026-09-06T10:53:56.583000+00:00,keyup,84,,145.1,,,,,,,,,controlled_typing,1,,,,,,,,,,/app/training,dev_07816792-ddc2-4c7e-b167-1da450c46a18,,,,,,,,,,,,,,,,,,,,,,,,,,,,,,,,,,,,,,,,,,,,,,,,,,,,,,,,,,,,,,,,,,
training_event,training,dba80c84-68fd-45b2-ba28-10f10075b239,8221f473-6c5d-4482-8bc5-d31cc7f2b5e8,2026-09-06T10:53:56.623000+00:00,keydown,73,i,,185.5,,,,,,,,controlled_typing,1,,,,,,,,,,/app/training,dev_07816792-ddc2-4c7e-b167-1da450c46a18,,,,,,,,,,,,,,,,,,,,,,,,,,,,,,,,,,,,,,,,,,,,,,,,,,,,,,,,,,,,,,,,,,
training_event,training,dba80c84-68fd-45b2-ba28-10f10075b239,8221f473-6c5d-4482-8bc5-d31cc7f2b5e8,2026-09-06T10:53:56.716000+00:00,keyup,73,,92.5,,,,,,,,,controlled_typing,1,,,,,,,,,,/app/training,dev_07816792-ddc2-4c7e-b167-1da450c46a18,,,,,,,,,,,,,,,,,,,,,,,,,,,,,,,,,,,,,,,,,,,,,,,,,,,,,,,,,,,,,,,,,,
training_event,training,dba80c84-68fd-45b2-ba28-10f10075b239,8221f473-6c5d-4482-8bc5-d31cc7f2b5e8,2026-09-06T10:53:56.958000+00:00,keydown,86,v,,335.0,,,,,,,,controlled_typing,1,,,,,,,,,,/app/training,dev_07816792-ddc2-4c7e-b167-1da450c46a18,,,,,,,,,,,,,,,,,,,,,,,,,,,,,,,,,,,,,,,,,,,,,,,,,,,,,,,,,,,,,,,,,,
training_event,training,dba80c84-68fd-45b2-ba28-10f10075b239,8221f473-6c5d-4482-8bc5-d31cc7f2b5e8,2026-09-06T10:53:57.074000+00:00,keyup,86,,115.8,,,,,,,,,controlled_typing,1,,,,,,,,,,/app/training,dev_07816792-ddc2-4c7e-b167-1da450c46a18,,,,,,,,,,,,,,,,,,,,,,,,,,,,,,,,,,,,,,,,,,,,,,,,,,,,,,,,,,,,,,,,,,
training_event,training,dba80c84-68fd-45b2-ba28-10f10075b239,8221f473-6c5d-4482-8bc5-d31cc7f2b5e8,2026-09-06T10:53:57.103000+00:00,keydown,69,e,,145.0,,,,,,,,controlled_typing,1,,,,,,,,,,/app/training,dev_07816792-ddc2-4c7e-b167-1da450c46a18,,,,,,,,,,,,,,,,,,,,,,,,,,,,,,,,,,,,,,,,,,,,,,,,,,,,,,,,,,,,,,,,,,
training_event,training,dba80c84-68fd-45b2-ba28-10f10075b239,8221f473-6c5d-4482-8bc5-d31cc7f2b5e8,2026-09-06T10:53:57.235000+00:00,keyup,69,,132.0,,,,,,,,,controlled_typing,1,,,,,,,,,,/app/training,dev_07816792-ddc2-4c7e-b167-1da450c46a18,,,,,,,,,,,,,,,,,,,,,,,,,,,,,,,,,,,,,,,,,,,,,,,,,,,,,,,,,,,,,,,,,,
training_event,training,dba80c84-68fd-45b2-ba28-10f10075b239,8221f473-6c5d-4482-8bc5-d31cc7f2b5e8,2026-09-06T10:53:57.303000+00:00,keydown,32, ,,200.1,,,,,,,,controlled_typing,1,,,,,,,,,,/app/training,dev_07816792-ddc2-4c7e-b167-1da450c46a18,,,,,,,,,,,,,,,,,,,,,,,,,,,,,,,,,,,,,,,,,,,,,,,,,,,,,,,,,,,,,,,,,,
training_event,training,dba80c84-68fd-45b2-ba28-10f10075b239,8221f473-6c5d-4482-8bc5-d31cc7f2b5e8,2026-09-06T10:53:57.424000+00:00,keyup,32,,120.4,,,,,,,,,controlled_typing,1,,,,,,,,,,/app/training,dev_07816792-ddc2-4c7e-b167-1da450c46a18,,,,,,,,,,,,,,,,,,,,,,,,,,,,,,,,,,,,,,,,,,,,,,,,,,,,,,,,,,,,,,,,,,
training_event,training,dba80c84-68fd-45b2-ba28-10f10075b239,8221f473-6c5d-4482-8bc5-d31cc7f2b5e8,2026-09-06T10:53:57.793000+00:00,keydown,8,,,489.6,,,,,,,,controlled_typing,1,,,,,,,,,,/app/training,dev_07816792-ddc2-4c7e-b167-1da450c46a18,,,,,,,,,,,,,,,,,,,,,,,,,,,,,,,,,,,,,,,,,,,,,,,,,,,,,,,,,,,,,,,,,,
training_event,training,dba80c84-68fd-45b2-ba28-10f10075b239,8221f473-6c5d-4482-8bc5-d31cc7f2b5e8,2026-09-06T10:53:57.954000+00:00,keyup,8,,160.7,,,,,,,,,controlled_typing,1,,,,,,,,,,/app/training,dev_07816792-ddc2-4c7e-b167-1da450c46a18,,,,,,,,,,,,,,,,,,,,,,,,,,,,,,,,,,,,,,,,,,,,,,,,,,,,,,,,,,,,,,,,,,
training_event,training,dba80c84-68fd-45b2-ba28-10f10075b239,8221f473-6c5d-4482-8bc5-d31cc7f2b5e8,2026-09-06T10:53:58.636000+00:00,keydown,71,G,,842.7,,,,,,,,controlled_typing,1,,,,,,,,,,/app/training,dev_07816792-ddc2-4c7e-b167-1da450c46a18,,,,,,,,,,,,,,,,,,,,,,,,,,,,,,,,,,,,,,,,,,,,,,,,,,,,,,,,,,,,,,,,,,
training_event,training,dba80c84-68fd-45b2-ba28-10f10075b239,8221f473-6c5d-4482-8bc5-d31cc7f2b5e8,2026-09-06T10:53:58.729000+00:00,keyup,71,,93.3,,,,,,,,,controlled_typing,1,,,,,,,,,,/app/training,dev_07816792-ddc2-4c7e-b167-1da450c46a18,,,,,,,,,,,,,,,,,,,,,,,,,,,,,,,,,,,,,,,,,,,,,,,,,,,,,,,,,,,,,,,,,,
training_event,training,dba80c84-68fd-45b2-ba28-10f10075b239,8221f473-6c5d-4482-8bc5-d31cc7f2b5e8,2026-09-06T10:53:58.953000+00:00,keydown,85,u,,317.8,,,,,,,,controlled_typing,1,,,,,,,,,,/app/training,dev_07816792-ddc2-4c7e-b167-1da450c46a18,,,,,,,,,,,,,,,,,,,,,,,,,,,,,,,,,,,,,,,,,,,,,,,,,,,,,,,,,,,,,,,,,,
training_event,training,dba80c84-68fd-45b2-ba28-10f10075b239,8221f473-6c5d-4482-8bc5-d31cc7f2b5e8,2026-09-06T10:53:59.050000+00:00,keyup,85,,96.2,,,,,,,,,controlled_typing,1,,,,,,,,,,/app/training,dev_07816792-ddc2-4c7e-b167-1da450c46a18,,,,,,,,,,,,,,,,,,,,,,,,,,,,,,,,,,,,,,,,,,,,,,,,,,,,,,,,,,,,,,,,,,
training_event,training,dba80c84-68fd-45b2-ba28-10f10075b239,8221f473-6c5d-4482-8bc5-d31cc7f2b5e8,2026-09-06T10:53:59.101000+00:00,keydown,65,a,,147.6,,,,,,,,controlled_typing,1,,,,,,,,,,/app/training,dev_07816792-ddc2-4c7e-b167-1da450c46a18,,,,,,,,,,,,,,,,,,,,,,,,,,,,,,,,,,,,,,,,,,,,,,,,,,,,,,,,,,,,,,,,,,
training_event,training,dba80c84-68fd-45b2-ba28-10f10075b239,8221f473-6c5d-4482-8bc5-d31cc7f2b5e8,2026-09-06T10:53:59.210000+00:00,keyup,65,,108.7,,,,,,,,,controlled_typing,1,,,,,,,,,,/app/training,dev_07816792-ddc2-4c7e-b167-1da450c46a18,,,,,,,,,,,,,,,,,,,,,,,,,,,,,,,,,,,,,,,,,,,,,,,,,,,,,,,,,,,,,,,,,,
training_event,training,dba80c84-68fd-45b2-ba28-10f10075b239,8221f473-6c5d-4482-8bc5-d31cc7f2b5e8,2026-09-06T10:53:59.333000+00:00,keydown,82,r,,232.3,,,,,,,,controlled_typing,1,,,,,,,,,,/app/training,dev_07816792-ddc2-4c7e-b167-1da450c46a18,,,,,,,,,,,,,,,,,,,,,,,,,,,,,,,,,,,,,,,,,,,,,,,,,,,,,,,,,,,,,,,,,,
training_event,training,dba80c84-68fd-45b2-ba28-10f10075b239,8221f473-6c5d-4482-8bc5-d31cc7f2b5e8,2026-09-06T10:53:59.450000+00:00,keyup,82,,116.4,,,,,,,,,controlled_typing,1,,,,,,,,,,/app/training,dev_07816792-ddc2-4c7e-b167-1da450c46a18,,,,,,,,,,,,,,,,,,,,,,,,,,,,,,,,,,,,,,,,,,,,,,,,,,,,,,,,,,,,,,,,,,
training_event,training,dba80c84-68fd-45b2-ba28-10f10075b239,8221f473-6c5d-4482-8bc5-d31cc7f2b5e8,2026-09-06T10:53:59.627000+00:00,keydown,68,d,,294.0,,,,,,,,controlled_typing,1,,,,,,,,,,/app/training,dev_07816792-ddc2-4c7e-b167-1da450c46a18,,,,,,,,,,,,,,,,,,,,,,,,,,,,,,,,,,,,,,,,,,,,,,,,,,,,,,,,,,,,,,,,,,
training_event,training,dba80c84-68fd-45b2-ba28-10f10075b239,8221f473-6c5d-4482-8bc5-d31cc7f2b5e8,2026-09-06T10:53:59.699000+00:00,keyup,68,,72.1,,,,,,,,,controlled_typing,1,,,,,,,,,,/app/training,dev_07816792-ddc2-4c7e-b167-1da450c46a18,,,,,,,,,,,,,,,,,,,,,,,,,,,,,,,,,,,,,,,,,,,,,,,,,,,,,,,,,,,,,,,,,,
training_event,training,dba80c84-68fd-45b2-ba28-10f10075b239,8221f473-6c5d-4482-8bc5-d31cc7f2b5e8,2026-09-06T10:53:59.750000+00:00,keydown,73,i,,122.9,,,,,,,,controlled_typing,1,,,,,,,,,,/app/training,dev_07816792-ddc2-4c7e-b167-1da450c46a18,,,,,,,,,,,,,,,,,,,,,,,,,,,,,,,,,,,,,,,,,,,,,,,,,,,,,,,,,,,,,,,,,,
training_event,training,dba80c84-68fd-45b2-ba28-10f10075b239,8221f473-6c5d-4482-8bc5-d31cc7f2b5e8,2026-09-06T10:53:59.865000+00:00,keyup,73,,114.7,,,,,,,,,controlled_typing,1,,,,,,,,,,/app/training,dev_07816792-ddc2-4c7e-b167-1da450c46a18,,,,,,,,,,,,,,,,,,,,,,,,,,,,,,,,,,,,,,,,,,,,,,,,,,,,,,,,,,,,,,,,,,
training_event,training,dba80c84-68fd-45b2-ba28-10f10075b239,8221f473-6c5d-4482-8bc5-d31cc7f2b5e8,2026-09-06T10:53:59.935000+00:00,keydown,65,a,,185.2,,,,,,,,controlled_typing,1,,,,,,,,,,/app/training,dev_07816792-ddc2-4c7e-b167-1da450c46a18,,,,,,,,,,,,,,,,,,,,,,,,,,,,,,,,,,,,,,,,,,,,,,,,,,,,,,,,,,,,,,,,,,
training_event,training,dba80c84-68fd-45b2-ba28-10f10075b239,8221f473-6c5d-4482-8bc5-d31cc7f2b5e8,2026-09-06T10:54:00.093000+00:00,keyup,65,,157.9,,,,,,,,,controlled_typing,1,,,,,,,,,,/app/training,dev_07816792-ddc2-4c7e-b167-1da450c46a18,,,,,,,,,,,,,,,,,,,,,,,,,,,,,,,,,,,,,,,,,,,,,,,,,,,,,,,,,,,,,,,,,,
training_event,training,dba80c84-68fd-45b2-ba28-10f10075b239,8221f473-6c5d-4482-8bc5-d31cc7f2b5e8,2026-09-06T10:54:00.103000+00:00,keydown,78,n,,167.3,,,,,,,,controlled_typing,1,,,,,,,,,,/app/training,dev_07816792-ddc2-4c7e-b167-1da450c46a18,,,,,,,,,,,,,,,,,,,,,,,,,,,,,,,,,,,,,,,,,,,,,,,,,,,,,,,,,,,,,,,,,,
training_event,training,dba80c84-68fd-45b2-ba28-10f10075b239,8221f473-6c5d-4482-8bc5-d31cc7f2b5e8,2026-09-06T10:54:00.209000+00:00,keyup,78,,106.3,,,,,,,,,controlled_typing,1,,,,,,,,,,/app/training,dev_07816792-ddc2-4c7e-b167-1da450c46a18,,,,,,,,,,,,,,,,,,,,,,,,,,,,,,,,,,,,,,,,,,,,,,,,,,,,,,,,,,,,,,,,,,
training_event,training,dba80c84-68fd-45b2-ba28-10f10075b239,8221f473-6c5d-4482-8bc5-d31cc7f2b5e8,2026-09-06T10:54:00.337000+00:00,keydown,32, ,,234.0,,,,,,,,controlled_typing,1,,,,,,,,,,/app/training,dev_07816792-ddc2-4c7e-b167-1da450c46a18,,,,,,,,,,,,,,,,,,,,,,,,,,,,,,,,,,,,,,,,,,,,,,,,,,,,,,,,,,,,,,,,,,
training_event,training,dba80c84-68fd-45b2-ba28-10f10075b239,8221f473-6c5d-4482-8bc5-d31cc7f2b5e8,2026-09-06T10:54:00.434000+00:00,keyup,32,,97.7,,,,,,,,,controlled_typing,1,,,,,,,,,,/app/training,dev_07816792-ddc2-4c7e-b167-1da450c46a18,,,,,,,,,,,,,,,,,,,,,,,,,,,,,,,,,,,,,,,,,,,,,,,,,,,,,,,,,,,,,,,,,,
training_event,training,dba80c84-68fd-45b2-ba28-10f10075b239,8221f473-6c5d-4482-8bc5-d31cc7f2b5e8,2026-09-06T10:54:00.703000+00:00,keydown,67,c,,366.6,,,,,,,,controlled_typing,1,,,,,,,,,,/app/training,dev_07816792-ddc2-4c7e-b167-1da450c46a18,,,,,,,,,,,,,,,,,,,,,,,,,,,,,,,,,,,,,,,,,,,,,,,,,,,,,,,,,,,,,,,,,,
training_event,training,dba80c84-68fd-45b2-ba28-10f10075b239,8221f473-6c5d-4482-8bc5-d31cc7f2b5e8,2026-09-06T10:54:00.851000+00:00,keyup,67,,147.7,,,,,,,,,controlled_typing,1,,,,,,,,,,/app/training,dev_07816792-ddc2-4c7e-b167-1da450c46a18,,,,,,,,,,,,,,,,,,,,,,,,,,,,,,,,,,,,,,,,,,,,,,,,,,,,,,,,,,,,,,,,,,
training_event,training,dba80c84-68fd-45b2-ba28-10f10075b239,8221f473-6c5d-4482-8bc5-d31cc7f2b5e8,2026-09-06T10:54:01.199000+00:00,keydown,79,o,,495.2,,,,,,,,controlled_typing,1,,,,,,,,,,/app/training,dev_07816792-ddc2-4c7e-b167-1da450c46a18,,,,,,,,,,,,,,,,,,,,,,,,,,,,,,,,,,,,,,,,,,,,,,,,,,,,,,,,,,,,,,,,,,
training_event,training,dba80c84-68fd-45b2-ba28-10f10075b239,8221f473-6c5d-4482-8bc5-d31cc7f2b5e8,2026-09-06T10:54:01.294000+00:00,keyup,79,,95.1,,,,,,,,,controlled_typing,1,,,,,,,,,,/app/training,dev_07816792-ddc2-4c7e-b167-1da450c46a18,,,,,,,,,,,,,,,,,,,,,,,,,,,,,,,,,,,,,,,,,,,,,,,,,,,,,,,,,,,,,,,,,,
training_event,training,dba80c84-68fd-45b2-ba28-10f10075b239,8221f473-6c5d-4482-8bc5-d31cc7f2b5e8,2026-09-06T10:54:02.257000+00:00,keydown,78,n,,1058.4,,,,,,,,controlled_typing,1,,,,,,,,,,/app/training,dev_07816792-ddc2-4c7e-b167-1da450c46a18,,,,,,,,,,,,,,,,,,,,,,,,,,,,,,,,,,,,,,,,,,,,,,,,,,,,,,,,,,,,,,,,,,
training_event,training,dba80c84-68fd-45b2-ba28-10f10075b239,8221f473-6c5d-4482-8bc5-d31cc7f2b5e8,2026-09-06T10:54:02.353000+00:00,keyup,78,,95.8,,,,,,,,,controlled_typing,1,,,,,,,,,,/app/training,dev_07816792-ddc2-4c7e-b167-1da450c46a18,,,,,,,,,,,,,,,,,,,,,,,,,,,,,,,,,,,,,,,,,,,,,,,,,,,,,,,,,,,,,,,,,,
training_event,training,dba80c84-68fd-45b2-ba28-10f10075b239,8221f473-6c5d-4482-8bc5-d31cc7f2b5e8,2026-09-06T10:54:02.626000+00:00,keydown,84,t,,369.0,,,,,,,,controlled_typing,1,,,,,,,,,,/app/training,dev_07816792-ddc2-4c7e-b167-1da450c46a18,,,,,,,,,,,,,,,,,,,,,,,,,,,,,,,,,,,,,,,,,,,,,,,,,,,,,,,,,,,,,,,,,,
training_event,training,dba80c84-68fd-45b2-ba28-10f10075b239,8221f473-6c5d-4482-8bc5-d31cc7f2b5e8,2026-09-06T10:54:02.799000+00:00,keyup,84,,173.4,,,,,,,,,controlled_typing,1,,,,,,,,,,/app/training,dev_07816792-ddc2-4c7e-b167-1da450c46a18,,,,,,,,,,,,,,,,,,,,,,,,,,,,,,,,,,,,,,,,,,,,,,,,,,,,,,,,,,,,,,,,,,
training_event,training,dba80c84-68fd-45b2-ba28-10f10075b239,8221f473-6c5d-4482-8bc5-d31cc7f2b5e8,2026-09-06T10:54:03.526000+00:00,keydown,73,i,,900.1,,,,,,,,controlled_typing,1,,,,,,,,,,/app/training,dev_07816792-ddc2-4c7e-b167-1da450c46a18,,,,,,,,,,,,,,,,,,,,,,,,,,,,,,,,,,,,,,,,,,,,,,,,,,,,,,,,,,,,,,,,,,
training_event,training,dba80c84-68fd-45b2-ba28-10f10075b239,8221f473-6c5d-4482-8bc5-d31cc7f2b5e8,2026-09-06T10:54:03.604000+00:00,keyup,73,,77.7,,,,,,,,,controlled_typing,1,,,,,,,,,,/app/training,dev_07816792-ddc2-4c7e-b167-1da450c46a18,,,,,,,,,,,,,,,,,,,,,,,,,,,,,,,,,,,,,,,,,,,,,,,,,,,,,,,,,,,,,,,,,,
training_event,training,dba80c84-68fd-45b2-ba28-10f10075b239,8221f473-6c5d-4482-8bc5-d31cc7f2b5e8,2026-09-06T10:54:03.785000+00:00,keydown,78,n,,258.6,,,,,,,,controlled_typing,1,,,,,,,,,,/app/training,dev_07816792-ddc2-4c7e-b167-1da450c46a18,,,,,,,,,,,,,,,,,,,,,,,,,,,,,,,,,,,,,,,,,,,,,,,,,,,,,,,,,,,,,,,,,,
training_event,training,dba80c84-68fd-45b2-ba28-10f10075b239,8221f473-6c5d-4482-8bc5-d31cc7f2b5e8,2026-09-06T10:54:03.887000+00:00,keyup,78,,102.4,,,,,,,,,controlled_typing,1,,,,,,,,,,/app/training,dev_07816792-ddc2-4c7e-b167-1da450c46a18,,,,,,,,,,,,,,,,,,,,,,,,,,,,,,,,,,,,,,,,,,,,,,,,,,,,,,,,,,,,,,,,,,
training_event,training,dba80c84-68fd-45b2-ba28-10f10075b239,8221f473-6c5d-4482-8bc5-d31cc7f2b5e8,2026-09-06T10:54:04.662000+00:00,keydown,79,o,,876.9,,,,,,,,controlled_typing,1,,,,,,,,,,/app/training,dev_07816792-ddc2-4c7e-b167-1da450c46a18,,,,,,,,,,,,,,,,,,,,,,,,,,,,,,,,,,,,,,,,,,,,,,,,,,,,,,,,,,,,,,,,,,
training_event,training,dba80c84-68fd-45b2-ba28-10f10075b239,8221f473-6c5d-4482-8bc5-d31cc7f2b5e8,2026-09-06T10:54:04.773000+00:00,keyup,79,,111.2,,,,,,,,,controlled_typing,1,,,,,,,,,,/app/training,dev_07816792-ddc2-4c7e-b167-1da450c46a18,,,,,,,,,,,,,,,,,,,,,,,,,,,,,,,,,,,,,,,,,,,,,,,,,,,,,,,,,,,,,,,,,,
training_event,training,dba80c84-68fd-45b2-ba28-10f10075b239,8221f473-6c5d-4482-8bc5-d31cc7f2b5e8,2026-09-06T10:54:04.916000+00:00,keydown,85,u,,254.0,,,,,,,,controlled_typing,1,,,,,,,,,,/app/training,dev_07816792-ddc2-4c7e-b167-1da450c46a18,,,,,,,,,,,,,,,,,,,,,,,,,,,,,,,,,,,,,,,,,,,,,,,,,,,,,,,,,,,,,,,,,,
training_event,training,dba80c84-68fd-45b2-ba28-10f10075b239,8221f473-6c5d-4482-8bc5-d31cc7f2b5e8,2026-09-06T10:54:05.034000+00:00,keyup,85,,118.4,,,,,,,,,controlled_typing,1,,,,,,,,,,/app/training,dev_07816792-ddc2-4c7e-b167-1da450c46a18,,,,,,,,,,,,,,,,,,,,,,,,,,,,,,,,,,,,,,,,,,,,,,,,,,,,,,,,,,,,,,,,,,
training_event,training,dba80c84-68fd-45b2-ba28-10f10075b239,8221f473-6c5d-4482-8bc5-d31cc7f2b5e8,2026-09-06T10:54:05.185000+00:00,keydown,83,s,,269.1,,,,,,,,controlled_typing,1,,,,,,,,,,/app/training,dev_07816792-ddc2-4c7e-b167-1da450c46a18,,,,,,,,,,,,,,,,,,,,,,,,,,,,,,,,,,,,,,,,,,,,,,,,,,,,,,,,,,,,,,,,,,
training_event,training,dba80c84-68fd-45b2-ba28-10f10075b239,8221f473-6c5d-4482-8bc5-d31cc7f2b5e8,2026-09-06T10:54:05.313000+00:00,keyup,83,,127.9,,,,,,,,,controlled_typing,1,,,,,,,,,,/app/training,dev_07816792-ddc2-4c7e-b167-1da450c46a18,,,,,,,,,,,,,,,,,,,,,,,,,,,,,,,,,,,,,,,,,,,,,,,,,,,,,,,,,,,,,,,,,,
training_event,training,dba80c84-68fd-45b2-ba28-10f10075b239,8221f473-6c5d-4482-8bc5-d31cc7f2b5e8,2026-09-06T10:54:05.345000+00:00,keydown,76,l,,160.2,,,,,,,,controlled_typing,1,,,,,,,,,,/app/training,dev_07816792-ddc2-4c7e-b167-1da450c46a18,,,,,,,,,,,,,,,,,,,,,,,,,,,,,,,,,,,,,,,,,,,,,,,,,,,,,,,,,,,,,,,,,,
training_event,training,dba80c84-68fd-45b2-ba28-10f10075b239,8221f473-6c5d-4482-8bc5-d31cc7f2b5e8,2026-09-06T10:54:05.473000+00:00,keyup,76,,128.2,,,,,,,,,controlled_typing,1,,,,,,,,,,/app/training,dev_07816792-ddc2-4c7e-b167-1da450c46a18,,,,,,,,,,,,,,,,,,,,,,,,,,,,,,,,,,,,,,,,,,,,,,,,,,,,,,,,,,,,,,,,,,
training_event,training,dba80c84-68fd-45b2-ba28-10f10075b239,8221f473-6c5d-4482-8bc5-d31cc7f2b5e8,2026-09-06T10:54:05.670000+00:00,keydown,89,y,,324.9,,,,,,,,controlled_typing,1,,,,,,,,,,/app/training,dev_07816792-ddc2-4c7e-b167-1da450c46a18,,,,,,,,,,,,,,,,,,,,,,,,,,,,,,,,,,,,,,,,,,,,,,,,,,,,,,,,,,,,,,,,,,
training_event,training,dba80c84-68fd-45b2-ba28-10f10075b239,8221f473-6c5d-4482-8bc5-d31cc7f2b5e8,2026-09-06T10:54:05.822000+00:00,keyup,89,,152.2,,,,,,,,,controlled_typing,1,,,,,,,,,,/app/training,dev_07816792-ddc2-4c7e-b167-1da450c46a18,,,,,,,,,,,,,,,,,,,,,,,,,,,,,,,,,,,,,,,,,,,,,,,,,,,,,,,,,,,,,,,,,,
training_event,training,dba80c84-68fd-45b2-ba28-10f10075b239,8221f473-6c5d-4482-8bc5-d31cc7f2b5e8,2026-09-06T10:54:05.860000+00:00,keydown,32, ,,189.7,,,,,,,,controlled_typing,1,,,,,,,,,,/app/training,dev_07816792-ddc2-4c7e-b167-1da450c46a18,,,,,,,,,,,,,,,,,,,,,,,,,,,,,,,,,,,,,,,,,,,,,,,,,,,,,,,,,,,,,,,,,,
training_event,training,dba80c84-68fd-45b2-ba28-10f10075b239,8221f473-6c5d-4482-8bc5-d31cc7f2b5e8,2026-09-06T10:54:06.022000+00:00,keyup,32,,162.2,,,,,,,,,controlled_typing,1,,,,,,,,,,/app/training,dev_07816792-ddc2-4c7e-b167-1da450c46a18,,,,,,,,,,,,,,,,,,,,,,,,,,,,,,,,,,,,,,,,,,,,,,,,,,,,,,,,,,,,,,,,,,
training_event,training,dba80c84-68fd-45b2-ba28-10f10075b239,8221f473-6c5d-4482-8bc5-d31cc7f2b5e8,2026-09-06T10:54:06.697000+00:00,keydown,80,p,,837.4,,,,,,,,controlled_typing,1,,,,,,,,,,/app/training,dev_07816792-ddc2-4c7e-b167-1da450c46a18,,,,,,,,,,,,,,,,,,,,,,,,,,,,,,,,,,,,,,,,,,,,,,,,,,,,,,,,,,,,,,,,,,
training_event,training,dba80c84-68fd-45b2-ba28-10f10075b239,8221f473-6c5d-4482-8bc5-d31cc7f2b5e8,2026-09-06T10:54:06.827000+00:00,keyup,80,,130.6,,,,,,,,,controlled_typing,1,,,,,,,,,,/app/training,dev_07816792-ddc2-4c7e-b167-1da450c46a18,,,,,,,,,,,,,,,,,,,,,,,,,,,,,,,,,,,,,,,,,,,,,,,,,,,,,,,,,,,,,,,,,,
training_event,training,dba80c84-68fd-45b2-ba28-10f10075b239,8221f473-6c5d-4482-8bc5-d31cc7f2b5e8,2026-09-06T10:54:06.940000+00:00,keydown,82,r,,243.4,,,,,,,,controlled_typing,1,,,,,,,,,,/app/training,dev_07816792-ddc2-4c7e-b167-1da450c46a18,,,,,,,,,,,,,,,,,,,,,,,,,,,,,,,,,,,,,,,,,,,,,,,,,,,,,,,,,,,,,,,,,,
training_event,training,dba80c84-68fd-45b2-ba28-10f10075b239,8221f473-6c5d-4482-8bc5-d31cc7f2b5e8,2026-09-06T10:54:07.048000+00:00,keyup,82,,108.3,,,,,,,,,controlled_typing,1,,,,,,,,,,/app/training,dev_07816792-ddc2-4c7e-b167-1da450c46a18,,,,,,,,,,,,,,,,,,,,,,,,,,,,,,,,,,,,,,,,,,,,,,,,,,,,,,,,,,,,,,,,,,
training_event,training,dba80c84-68fd-45b2-ba28-10f10075b239,8221f473-6c5d-4482-8bc5-d31cc7f2b5e8,2026-09-06T10:54:07.405000+00:00,keydown,79,o,,465.1,,,,,,,,controlled_typing,1,,,,,,,,,,/app/training,dev_07816792-ddc2-4c7e-b167-1da450c46a18,,,,,,,,,,,,,,,,,,,,,,,,,,,,,,,,,,,,,,,,,,,,,,,,,,,,,,,,,,,,,,,,,,
training_event,training,dba80c84-68fd-45b2-ba28-10f10075b239,8221f473-6c5d-4482-8bc5-d31cc7f2b5e8,2026-09-06T10:54:07.502000+00:00,keyup,79,,96.2,,,,,,,,,controlled_typing,1,,,,,,,,,,/app/training,dev_07816792-ddc2-4c7e-b167-1da450c46a18,,,,,,,,,,,,,,,,,,,,,,,,,,,,,,,,,,,,,,,,,,,,,,,,,,,,,,,,,,,,,,,,,,
training_event,training,dba80c84-68fd-45b2-ba28-10f10075b239,8221f473-6c5d-4482-8bc5-d31cc7f2b5e8,2026-09-06T10:54:07.681000+00:00,keydown,84,t,,275.4,,,,,,,,controlled_typing,1,,,,,,,,,,/app/training,dev_07816792-ddc2-4c7e-b167-1da450c46a18,,,,,,,,,,,,,,,,,,,,,,,,,,,,,,,,,,,,,,,,,,,,,,,,,,,,,,,,,,,,,,,,,,
training_event,training,dba80c84-68fd-45b2-ba28-10f10075b239,8221f473-6c5d-4482-8bc5-d31cc7f2b5e8,2026-09-06T10:54:07.784000+00:00,keyup,84,,103.6,,,,,,,,,controlled_typing,1,,,,,,,,,,/app/training,dev_07816792-ddc2-4c7e-b167-1da450c46a18,,,,,,,,,,,,,,,,,,,,,,,,,,,,,,,,,,,,,,,,,,,,,,,,,,,,,,,,,,,,,,,,,,
training_event,training,dba80c84-68fd-45b2-ba28-10f10075b239,8221f473-6c5d-4482-8bc5-d31cc7f2b5e8,2026-09-06T10:54:07.984000+00:00,keydown,69,e,,303.0,,,,,,,,controlled_typing,1,,,,,,,,,,/app/training,dev_07816792-ddc2-4c7e-b167-1da450c46a18,,,,,,,,,,,,,,,,,,,,,,,,,,,,,,,,,,,,,,,,,,,,,,,,,,,,,,,,,,,,,,,,,,
training_event,training,dba80c84-68fd-45b2-ba28-10f10075b239,8221f473-6c5d-4482-8bc5-d31cc7f2b5e8,2026-09-06T10:54:08.056000+00:00,keyup,69,,72.4,,,,,,,,,controlled_typing,1,,,,,,,,,,/app/training,dev_07816792-ddc2-4c7e-b167-1da450c46a18,,,,,,,,,,,,,,,,,,,,,,,,,,,,,,,,,,,,,,,,,,,,,,,,,,,,,,,,,,,,,,,,,,
training_event,training,dba80c84-68fd-45b2-ba28-10f10075b239,8221f473-6c5d-4482-8bc5-d31cc7f2b5e8,2026-09-06T10:54:08.260000+00:00,keydown,67,c,,276.5,,,,,,,,controlled_typing,1,,,,,,,,,,/app/training,dev_07816792-ddc2-4c7e-b167-1da450c46a18,,,,,,,,,,,,,,,,,,,,,,,,,,,,,,,,,,,,,,,,,,,,,,,,,,,,,,,,,,,,,,,,,,
training_event,training,dba80c84-68fd-45b2-ba28-10f10075b239,8221f473-6c5d-4482-8bc5-d31cc7f2b5e8,2026-09-06T10:54:08.393000+00:00,keyup,67,,132.2,,,,,,,,,controlled_typing,1,,,,,,,,,,/app/training,dev_07816792-ddc2-4c7e-b167-1da450c46a18,,,,,,,,,,,,,,,,,,,,,,,,,,,,,,,,,,,,,,,,,,,,,,,,,,,,,,,,,,,,,,,,,,
training_event,training,dba80c84-68fd-45b2-ba28-10f10075b239,8221f473-6c5d-4482-8bc5-d31cc7f2b5e8,2026-09-06T10:54:08.504000+00:00,keydown,84,t,,243.6,,,,,,,,controlled_typing,1,,,,,,,,,,/app/training,dev_07816792-ddc2-4c7e-b167-1da450c46a18,,,,,,,,,,,,,,,,,,,,,,,,,,,,,,,,,,,,,,,,,,,,,,,,,,,,,,,,,,,,,,,,,,
training_event,training,dba80c84-68fd-45b2-ba28-10f10075b239,8221f473-6c5d-4482-8bc5-d31cc7f2b5e8,2026-09-06T10:54:08.621000+00:00,keyup,84,,116.9,,,,,,,,,controlled_typing,1,,,,,,,,,,/app/training,dev_07816792-ddc2-4c7e-b167-1da450c46a18,,,,,,,,,,,,,,,,,,,,,,,,,,,,,,,,,,,,,,,,,,,,,,,,,,,,,,,,,,,,,,,,,,
training_event,training,dba80c84-68fd-45b2-ba28-10f10075b239,8221f473-6c5d-4482-8bc5-d31cc7f2b5e8,2026-09-06T10:54:08.669000+00:00,keydown,83,s,,165.0,,,,,,,,controlled_typing,1,,,,,,,,,,/app/training,dev_07816792-ddc2-4c7e-b167-1da450c46a18,,,,,,,,,,,,,,,,,,,,,,,,,,,,,,,,,,,,,,,,,,,,,,,,,,,,,,,,,,,,,,,,,,
training_event,training,dba80c84-68fd-45b2-ba28-10f10075b239,8221f473-6c5d-4482-8bc5-d31cc7f2b5e8,2026-09-06T10:54:08.822000+00:00,keyup,83,,152.7,,,,,,,,,controlled_typing,1,,,,,,,,,,/app/training,dev_07816792-ddc2-4c7e-b167-1da450c46a18,,,,,,,,,,,,,,,,,,,,,,,,,,,,,,,,,,,,,,,,,,,,,,,,,,,,,,,,,,,,,,,,,,
training_event,training,dba80c84-68fd-45b2-ba28-10f10075b239,8221f473-6c5d-4482-8bc5-d31cc7f2b5e8,2026-09-06T10:54:08.851000+00:00,keydown,32, ,,181.9,,,,,,,,controlled_typing,1,,,,,,,,,,/app/training,dev_07816792-ddc2-4c7e-b167-1da450c46a18,,,,,,,,,,,,,,,,,,,,,,,,,,,,,,,,,,,,,,,,,,,,,,,,,,,,,,,,,,,,,,,,,,
training_event,training,dba80c84-68fd-45b2-ba28-10f10075b239,8221f473-6c5d-4482-8bc5-d31cc7f2b5e8,2026-09-06T10:54:08.986000+00:00,keyup,32,,135.5,,,,,,,,,controlled_typing,1,,,,,,,,,,/app/training,dev_07816792-ddc2-4c7e-b167-1da450c46a18,,,,,,,,,,,,,,,,,,,,,,,,,,,,,,,,,,,,,,,,,,,,,,,,,,,,,,,,,,,,,,,,,,
training_event,training,dba80c84-68fd-45b2-ba28-10f10075b239,8221f473-6c5d-4482-8bc5-d31cc7f2b5e8,2026-09-06T10:54:09.540000+00:00,keydown,89,y,,689.7,,,,,,,,controlled_typing,1,,,,,,,,,,/app/training,dev_07816792-ddc2-4c7e-b167-1da450c46a18,,,,,,,,,,,,,,,,,,,,,,,,,,,,,,,,,,,,,,,,,,,,,,,,,,,,,,,,,,,,,,,,,,
training_event,training,dba80c84-68fd-45b2-ba28-10f10075b239,8221f473-6c5d-4482-8bc5-d31cc7f2b5e8,2026-09-06T10:54:09.627000+00:00,keyup,89,,86.5,,,,,,,,,controlled_typing,1,,,,,,,,,,/app/training,dev_07816792-ddc2-4c7e-b167-1da450c46a18,,,,,,,,,,,,,,,,,,,,,,,,,,,,,,,,,,,,,,,,,,,,,,,,,,,,,,,,,,,,,,,,,,
training_event,training,dba80c84-68fd-45b2-ba28-10f10075b239,8221f473-6c5d-4482-8bc5-d31cc7f2b5e8,2026-09-06T10:54:09.844000+00:00,keydown,79,o,,303.6,,,,,,,,controlled_typing,1,,,,,,,,,,/app/training,dev_07816792-ddc2-4c7e-b167-1da450c46a18,,,,,,,,,,,,,,,,,,,,,,,,,,,,,,,,,,,,,,,,,,,,,,,,,,,,,,,,,,,,,,,,,,
training_event,training,dba80c84-68fd-45b2-ba28-10f10075b239,8221f473-6c5d-4482-8bc5-d31cc7f2b5e8,2026-09-06T10:54:09.968000+00:00,keyup,79,,123.6,,,,,,,,,controlled_typing,1,,,,,,,,,,/app/training,dev_07816792-ddc2-4c7e-b167-1da450c46a18,,,,,,,,,,,,,,,,,,,,,,,,,,,,,,,,,,,,,,,,,,,,,,,,,,,,,,,,,,,,,,,,,,
training_event,training,dba80c84-68fd-45b2-ba28-10f10075b239,8221f473-6c5d-4482-8bc5-d31cc7f2b5e8,2026-09-06T10:54:10.101000+00:00,keydown,85,u,,256.9,,,,,,,,controlled_typing,1,,,,,,,,,,/app/training,dev_07816792-ddc2-4c7e-b167-1da450c46a18,,,,,,,,,,,,,,,,,,,,,,,,,,,,,,,,,,,,,,,,,,,,,,,,,,,,,,,,,,,,,,,,,,
training_event,training,dba80c84-68fd-45b2-ba28-10f10075b239,8221f473-6c5d-4482-8bc5-d31cc7f2b5e8,2026-09-06T10:54:10.207000+00:00,keyup,85,,105.7,,,,,,,,,controlled_typing,1,,,,,,,,,,/app/training,dev_07816792-ddc2-4c7e-b167-1da450c46a18,,,,,,,,,,,,,,,,,,,,,,,,,,,,,,,,,,,,,,,,,,,,,,,,,,,,,,,,,,,,,,,,,,
training_event,training,dba80c84-68fd-45b2-ba28-10f10075b239,8221f473-6c5d-4482-8bc5-d31cc7f2b5e8,2026-09-06T10:54:10.274000+00:00,keydown,82,r,,173.3,,,,,,,,controlled_typing,1,,,,,,,,,,/app/training,dev_07816792-ddc2-4c7e-b167-1da450c46a18,,,,,,,,,,,,,,,,,,,,,,,,,,,,,,,,,,,,,,,,,,,,,,,,,,,,,,,,,,,,,,,,,,
training_event,training,dba80c84-68fd-45b2-ba28-10f10075b239,8221f473-6c5d-4482-8bc5-d31cc7f2b5e8,2026-09-06T10:54:10.386000+00:00,keyup,82,,111.6,,,,,,,,,controlled_typing,1,,,,,,,,,,/app/training,dev_07816792-ddc2-4c7e-b167-1da450c46a18,,,,,,,,,,,,,,,,,,,,,,,,,,,,,,,,,,,,,,,,,,,,,,,,,,,,,,,,,,,,,,,,,,
training_event,training,dba80c84-68fd-45b2-ba28-10f10075b239,8221f473-6c5d-4482-8bc5-d31cc7f2b5e8,2026-09-06T10:54:10.418000+00:00,keydown,32, ,,143.6,,,,,,,,controlled_typing,1,,,,,,,,,,/app/training,dev_07816792-ddc2-4c7e-b167-1da450c46a18,,,,,,,,,,,,,,,,,,,,,,,,,,,,,,,,,,,,,,,,,,,,,,,,,,,,,,,,,,,,,,,,,,
training_event,training,dba80c84-68fd-45b2-ba28-10f10075b239,8221f473-6c5d-4482-8bc5-d31cc7f2b5e8,2026-09-06T10:54:10.485000+00:00,keyup,32,,66.6,,,,,,,,,controlled_typing,1,,,,,,,,,,/app/training,dev_07816792-ddc2-4c7e-b167-1da450c46a18,,,,,,,,,,,,,,,,,,,,,,,,,,,,,,,,,,,,,,,,,,,,,,,,,,,,,,,,,,,,,,,,,,
training_event,training,dba80c84-68fd-45b2-ba28-10f10075b239,8221f473-6c5d-4482-8bc5-d31cc7f2b5e8,2026-09-06T10:54:10.700000+00:00,keydown,65,a,,282.6,,,,,,,,controlled_typing,1,,,,,,,,,,/app/training,dev_07816792-ddc2-4c7e-b167-1da450c46a18,,,,,,,,,,,,,,,,,,,,,,,,,,,,,,,,,,,,,,,,,,,,,,,,,,,,,,,,,,,,,,,,,,
training_event,training,dba80c84-68fd-45b2-ba28-10f10075b239,8221f473-6c5d-4482-8bc5-d31cc7f2b5e8,2026-09-06T10:54:10.782000+00:00,keyup,65,,81.2,,,,,,,,,controlled_typing,1,,,,,,,,,,/app/training,dev_07816792-ddc2-4c7e-b167-1da450c46a18,,,,,,,,,,,,,,,,,,,,,,,,,,,,,,,,,,,,,,,,,,,,,,,,,,,,,,,,,,,,,,,,,,
training_event,training,dba80c84-68fd-45b2-ba28-10f10075b239,8221f473-6c5d-4482-8bc5-d31cc7f2b5e8,2026-09-06T10:54:11.019000+00:00,keydown,67,c,,318.3,,,,,,,,controlled_typing,1,,,,,,,,,,/app/training,dev_07816792-ddc2-4c7e-b167-1da450c46a18,,,,,,,,,,,,,,,,,,,,,,,,,,,,,,,,,,,,,,,,,,,,,,,,,,,,,,,,,,,,,,,,,,
training_event,training,dba80c84-68fd-45b2-ba28-10f10075b239,8221f473-6c5d-4482-8bc5-d31cc7f2b5e8,2026-09-06T10:54:11.077000+00:00,keyup,67,,58.0,,,,,,,,,controlled_typing,1,,,,,,,,,,/app/training,dev_07816792-ddc2-4c7e-b167-1da450c46a18,,,,,,,,,,,,,,,,,,,,,,,,,,,,,,,,,,,,,,,,,,,,,,,,,,,,,,,,,,,,,,,,,,
training_event,training,dba80c84-68fd-45b2-ba28-10f10075b239,8221f473-6c5d-4482-8bc5-d31cc7f2b5e8,2026-09-06T10:54:11.169000+00:00,keydown,67,c,,150.2,,,,,,,,controlled_typing,1,,,,,,,,,,/app/training,dev_07816792-ddc2-4c7e-b167-1da450c46a18,,,,,,,,,,,,,,,,,,,,,,,,,,,,,,,,,,,,,,,,,,,,,,,,,,,,,,,,,,,,,,,,,,
training_event,training,dba80c84-68fd-45b2-ba28-10f10075b239,8221f473-6c5d-4482-8bc5-d31cc7f2b5e8,2026-09-06T10:54:11.282000+00:00,keyup,67,,112.7,,,,,,,,,controlled_typing,1,,,,,,,,,,/app/training,dev_07816792-ddc2-4c7e-b167-1da450c46a18,,,,,,,,,,,,,,,,,,,,,,,,,,,,,,,,,,,,,,,,,,,,,,,,,,,,,,,,,,,,,,,,,,
training_event,training,dba80c84-68fd-45b2-ba28-10f10075b239,8221f473-6c5d-4482-8bc5-d31cc7f2b5e8,2026-09-06T10:54:11.350000+00:00,keydown,79,o,,180.9,,,,,,,,controlled_typing,1,,,,,,,,,,/app/training,dev_07816792-ddc2-4c7e-b167-1da450c46a18,,,,,,,,,,,,,,,,,,,,,,,,,,,,,,,,,,,,,,,,,,,,,,,,,,,,,,,,,,,,,,,,,,
training_event,training,dba80c84-68fd-45b2-ba28-10f10075b239,8221f473-6c5d-4482-8bc5-d31cc7f2b5e8,2026-09-06T10:54:11.436000+00:00,keyup,79,,85.7,,,,,,,,,controlled_typing,1,,,,,,,,,,/app/training,dev_07816792-ddc2-4c7e-b167-1da450c46a18,,,,,,,,,,,,,,,,,,,,,,,,,,,,,,,,,,,,,,,,,,,,,,,,,,,,,,,,,,,,,,,,,,
training_event,training,dba80c84-68fd-45b2-ba28-10f10075b239,8221f473-6c5d-4482-8bc5-d31cc7f2b5e8,2026-09-06T10:54:11.609000+00:00,keydown,85,u,,259.2,,,,,,,,controlled_typing,1,,,,,,,,,,/app/training,dev_07816792-ddc2-4c7e-b167-1da450c46a18,,,,,,,,,,,,,,,,,,,,,,,,,,,,,,,,,,,,,,,,,,,,,,,,,,,,,,,,,,,,,,,,,,
training_event,training,dba80c84-68fd-45b2-ba28-10f10075b239,8221f473-6c5d-4482-8bc5-d31cc7f2b5e8,2026-09-06T10:54:11.661000+00:00,keyup,85,,52.1,,,,,,,,,controlled_typing,1,,,,,,,,,,/app/training,dev_07816792-ddc2-4c7e-b167-1da450c46a18,,,,,,,,,,,,,,,,,,,,,,,,,,,,,,,,,,,,,,,,,,,,,,,,,,,,,,,,,,,,,,,,,,
training_event,training,dba80c84-68fd-45b2-ba28-10f10075b239,8221f473-6c5d-4482-8bc5-d31cc7f2b5e8,2026-09-06T10:54:12.354000+00:00,keydown,78,n,,744.5,,,,,,,,controlled_typing,1,,,,,,,,,,/app/training,dev_07816792-ddc2-4c7e-b167-1da450c46a18,,,,,,,,,,,,,,,,,,,,,,,,,,,,,,,,,,,,,,,,,,,,,,,,,,,,,,,,,,,,,,,,,,
training_event,training,dba80c84-68fd-45b2-ba28-10f10075b239,8221f473-6c5d-4482-8bc5-d31cc7f2b5e8,2026-09-06T10:54:12.460000+00:00,keyup,78,,106.0,,,,,,,,,controlled_typing,1,,,,,,,,,,/app/training,dev_07816792-ddc2-4c7e-b167-1da450c46a18,,,,,,,,,,,,,,,,,,,,,,,,,,,,,,,,,,,,,,,,,,,,,,,,,,,,,,,,,,,,,,,,,,
training_event,training,dba80c84-68fd-45b2-ba28-10f10075b239,8221f473-6c5d-4482-8bc5-d31cc7f2b5e8,2026-09-06T10:54:12.473000+00:00,keydown,84,t,,119.8,,,,,,,,controlled_typing,1,,,,,,,,,,/app/training,dev_07816792-ddc2-4c7e-b167-1da450c46a18,,,,,,,,,,,,,,,,,,,,,,,,,,,,,,,,,,,,,,,,,,,,,,,,,,,,,,,,,,,,,,,,,,
training_event,training,dba80c84-68fd-45b2-ba28-10f10075b239,8221f473-6c5d-4482-8bc5-d31cc7f2b5e8,2026-09-06T10:54:12.647000+00:00,keyup,84,,173.3,,,,,,,,,controlled_typing,1,,,,,,,,,,/app/training,dev_07816792-ddc2-4c7e-b167-1da450c46a18,,,,,,,,,,,,,,,,,,,,,,,,,,,,,,,,,,,,,,,,,,,,,,,,,,,,,,,,,,,,,,,,,,
training_event,training,dba80c84-68fd-45b2-ba28-10f10075b239,8221f473-6c5d-4482-8bc5-d31cc7f2b5e8,2026-09-06T10:54:13.368000+00:00,keydown,190,.,,895.0,,,,,,,,controlled_typing,1,,,,,,,,,,/app/training,dev_07816792-ddc2-4c7e-b167-1da450c46a18,,,,,,,,,,,,,,,,,,,,,,,,,,,,,,,,,,,,,,,,,,,,,,,,,,,,,,,,,,,,,,,,,,
training_event,training,dba80c84-68fd-45b2-ba28-10f10075b239,8221f473-6c5d-4482-8bc5-d31cc7f2b5e8,2026-09-06T10:54:13.477000+00:00,keyup,190,,108.4,,,,,,,,,controlled_typing,1,,,,,,,,,,/app/training,dev_07816792-ddc2-4c7e-b167-1da450c46a18,,,,,,,,,,,,,,,,,,,,,,,,,,,,,,,,,,,,,,,,,,,,,,,,,,,,,,,,,,,,,,,,,,
training_event,training,dba80c84-68fd-45b2-ba28-10f10075b239,8221f473-6c5d-4482-8bc5-d31cc7f2b5e8,2026-09-06T10:54:22.142000+00:00,keydown,85,u,,2000.0,,,,,,,,controlled_typing,1,,,,,,,,,,/app/training,dev_07816792-ddc2-4c7e-b167-1da450c46a18,,,,,,,,,,,,,,,,,,,,,,,,,,,,,,,,,,,,,,,,,,,,,,,,,,,,,,,,,,,,,,,,,,
training_event,training,dba80c84-68fd-45b2-ba28-10f10075b239,075af8bc-1463-48f5-a239-c00b1a5f2ffd,2026-09-06T10:54:48.851000+00:00,keydown,83,S,,,,,,,,,,controlled_typing,2,,,,,,,,,,/app/training,dev_07816792-ddc2-4c7e-b167-1da450c46a18,,,,,,,,,,,,,,,,,,,,,,,,,,,,,,,,,,,,,,,,,,,,,,,,,,,,,,,,,,,,,,,,,,
training_event,training,dba80c84-68fd-45b2-ba28-10f10075b239,075af8bc-1463-48f5-a239-c00b1a5f2ffd,2026-09-06T10:54:48.975000+00:00,keyup,83,,124.5,,,,,,,,,controlled_typing,2,,,,,,,,,,/app/training,dev_07816792-ddc2-4c7e-b167-1da450c46a18,,,,,,,,,,,,,,,,,,,,,,,,,,,,,,,,,,,,,,,,,,,,,,,,,,,,,,,,,,,,,,,,,,
training_event,training,dba80c84-68fd-45b2-ba28-10f10075b239,075af8bc-1463-48f5-a239-c00b1a5f2ffd,2026-09-06T10:54:49.548000+00:00,keydown,69,e,,697.1,,,,,,,,controlled_typing,2,,,,,,,,,,/app/training,dev_07816792-ddc2-4c7e-b167-1da450c46a18,,,,,,,,,,,,,,,,,,,,,,,,,,,,,,,,,,,,,,,,,,,,,,,,,,,,,,,,,,,,,,,,,,
training_event,training,dba80c84-68fd-45b2-ba28-10f10075b239,075af8bc-1463-48f5-a239-c00b1a5f2ffd,2026-09-06T10:54:49.643000+00:00,keyup,69,,95.7,,,,,,,,,controlled_typing,2,,,,,,,,,,/app/training,dev_07816792-ddc2-4c7e-b167-1da450c46a18,,,,,,,,,,,,,,,,,,,,,,,,,,,,,,,,,,,,,,,,,,,,,,,,,,,,,,,,,,,,,,,,,,
training_event,training,dba80c84-68fd-45b2-ba28-10f10075b239,075af8bc-1463-48f5-a239-c00b1a5f2ffd,2026-09-06T10:54:49.812000+00:00,keydown,67,c,,264.5,,,,,,,,controlled_typing,2,,,,,,,,,,/app/training,dev_07816792-ddc2-4c7e-b167-1da450c46a18,,,,,,,,,,,,,,,,,,,,,,,,,,,,,,,,,,,,,,,,,,,,,,,,,,,,,,,,,,,,,,,,,,
training_event,training,dba80c84-68fd-45b2-ba28-10f10075b239,075af8bc-1463-48f5-a239-c00b1a5f2ffd,2026-09-06T10:54:49.939000+00:00,keyup,67,,126.6,,,,,,,,,controlled_typing,2,,,,,,,,,,/app/training,dev_07816792-ddc2-4c7e-b167-1da450c46a18,,,,,,,,,,,,,,,,,,,,,,,,,,,,,,,,,,,,,,,,,,,,,,,,,,,,,,,,,,,,,,,,,,
training_event,training,dba80c84-68fd-45b2-ba28-10f10075b239,075af8bc-1463-48f5-a239-c00b1a5f2ffd,2026-09-06T10:54:50.018000+00:00,keydown,85,u,,205.6,,,,,,,,controlled_typing,2,,,,,,,,,,/app/training,dev_07816792-ddc2-4c7e-b167-1da450c46a18,,,,,,,,,,,,,,,,,,,,,,,,,,,,,,,,,,,,,,,,,,,,,,,,,,,,,,,,,,,,,,,,,,
training_event,training,dba80c84-68fd-45b2-ba28-10f10075b239,075af8bc-1463-48f5-a239-c00b1a5f2ffd,2026-09-06T10:54:50.128000+00:00,keyup,85,,110.4,,,,,,,,,controlled_typing,2,,,,,,,,,,/app/training,dev_07816792-ddc2-4c7e-b167-1da450c46a18,,,,,,,,,,,,,,,,,,,,,,,,,,,,,,,,,,,,,,,,,,,,,,,,,,,,,,,,,,,,,,,,,,
training_event,training,dba80c84-68fd-45b2-ba28-10f10075b239,075af8bc-1463-48f5-a239-c00b1a5f2ffd,2026-09-06T10:54:50.211000+00:00,keydown,82,r,,193.5,,,,,,,,controlled_typing,2,,,,,,,,,,/app/training,dev_07816792-ddc2-4c7e-b167-1da450c46a18,,,,,,,,,,,,,,,,,,,,,,,,,,,,,,,,,,,,,,,,,,,,,,,,,,,,,,,,,,,,,,,,,,
training_event,training,dba80c84-68fd-45b2-ba28-10f10075b239,075af8bc-1463-48f5-a239-c00b1a5f2ffd,2026-09-06T10:54:50.383000+00:00,keyup,82,,171.9,,,,,,,,,controlled_typing,2,,,,,,,,,,/app/training,dev_07816792-ddc2-4c7e-b167-1da450c46a18,,,,,,,,,,,,,,,,,,,,,,,,,,,,,,,,,,,,,,,,,,,,,,,,,,,,,,,,,,,,,,,,,,
training_event,training,dba80c84-68fd-45b2-ba28-10f10075b239,075af8bc-1463-48f5-a239-c00b1a5f2ffd,2026-09-06T10:54:50.396000+00:00,keydown,73,i,,185.1,,,,,,,,controlled_typing,2,,,,,,,,,,/app/training,dev_07816792-ddc2-4c7e-b167-1da450c46a18,,,,,,,,,,,,,,,,,,,,,,,,,,,,,,,,,,,,,,,,,,,,,,,,,,,,,,,,,,,,,,,,,,
training_event,training,dba80c84-68fd-45b2-ba28-10f10075b239,075af8bc-1463-48f5-a239-c00b1a5f2ffd,2026-09-06T10:54:50.549000+00:00,keyup,73,,152.2,,,,,,,,,controlled_typing,2,,,,,,,,,,/app/training,dev_07816792-ddc2-4c7e-b167-1da450c46a18,,,,,,,,,,,,,,,,,,,,,,,,,,,,,,,,,,,,,,,,,,,,,,,,,,,,,,,,,,,,,,,,,,
training_event,training,dba80c84-68fd-45b2-ba28-10f10075b239,075af8bc-1463-48f5-a239-c00b1a5f2ffd,2026-09-06T10:54:50.561000+00:00,keydown,84,t,,165.0,,,,,,,,controlled_typing,2,,,,,,,,,,/app/training,dev_07816792-ddc2-4c7e-b167-1da450c46a18,,,,,,,,,,,,,,,,,,,,,,,,,,,,,,,,,,,,,,,,,,,,,,,,,,,,,,,,,,,,,,,,,,
training_event,training,dba80c84-68fd-45b2-ba28-10f10075b239,075af8bc-1463-48f5-a239-c00b1a5f2ffd,2026-09-06T10:54:50.709000+00:00,keyup,84,,147.8,,,,,,,,,controlled_typing,2,,,,,,,,,,/app/training,dev_07816792-ddc2-4c7e-b167-1da450c46a18,,,,,,,,,,,,,,,,,,,,,,,,,,,,,,,,,,,,,,,,,,,,,,,,,,,,,,,,,,,,,,,,,,
training_event,training,dba80c84-68fd-45b2-ba28-10f10075b239,075af8bc-1463-48f5-a239-c00b1a5f2ffd,2026-09-06T10:54:50.783000+00:00,keydown,89,y,,221.1,,,,,,,,controlled_typing,2,,,,,,,,,,/app/training,dev_07816792-ddc2-4c7e-b167-1da450c46a18,,,,,,,,,,,,,,,,,,,,,,,,,,,,,,,,,,,,,,,,,,,,,,,,,,,,,,,,,,,,,,,,,,
training_event,training,dba80c84-68fd-45b2-ba28-10f10075b239,075af8bc-1463-48f5-a239-c00b1a5f2ffd,2026-09-06T10:54:50.882000+00:00,keyup,89,,99.9,,,,,,,,,controlled_typing,2,,,,,,,,,,/app/training,dev_07816792-ddc2-4c7e-b167-1da450c46a18,,,,,,,,,,,,,,,,,,,,,,,,,,,,,,,,,,,,,,,,,,,,,,,,,,,,,,,,,,,,,,,,,,
training_event,training,dba80c84-68fd-45b2-ba28-10f10075b239,075af8bc-1463-48f5-a239-c00b1a5f2ffd,2026-09-06T10:54:50.947000+00:00,keydown,32, ,,164.8,,,,,,,,controlled_typing,2,,,,,,,,,,/app/training,dev_07816792-ddc2-4c7e-b167-1da450c46a18,,,,,,,,,,,,,,,,,,,,,,,,,,,,,,,,,,,,,,,,,,,,,,,,,,,,,,,,,,,,,,,,,,
training_event,training,dba80c84-68fd-45b2-ba28-10f10075b239,075af8bc-1463-48f5-a239-c00b1a5f2ffd,2026-09-06T10:54:51.099000+00:00,keyup,32,,151.4,,,,,,,,,controlled_typing,2,,,,,,,,,,/app/training,dev_07816792-ddc2-4c7e-b167-1da450c46a18,,,,,,,,,,,,,,,,,,,,,,,,,,,,,,,,,,,,,,,,,,,,,,,,,,,,,,,,,,,,,,,,,,
training_event,training,dba80c84-68fd-45b2-ba28-10f10075b239,075af8bc-1463-48f5-a239-c00b1a5f2ffd,2026-09-06T10:54:51.511000+00:00,keydown,83,s,,564.0,,,,,,,,controlled_typing,2,,,,,,,,,,/app/training,dev_07816792-ddc2-4c7e-b167-1da450c46a18,,,,,,,,,,,,,,,,,,,,,,,,,,,,,,,,,,,,,,,,,,,,,,,,,,,,,,,,,,,,,,,,,,
training_event,training,dba80c84-68fd-45b2-ba28-10f10075b239,075af8bc-1463-48f5-a239-c00b1a5f2ffd,2026-09-06T10:54:51.643000+00:00,keyup,83,,131.3,,,,,,,,,controlled_typing,2,,,,,,,,,,/app/training,dev_07816792-ddc2-4c7e-b167-1da450c46a18,,,,,,,,,,,,,,,,,,,,,,,,,,,,,,,,,,,,,,,,,,,,,,,,,,,,,,,,,,,,,,,,,,
training_event,training,dba80c84-68fd-45b2-ba28-10f10075b239,075af8bc-1463-48f5-a239-c00b1a5f2ffd,2026-09-06T10:54:51.661000+00:00,keydown,72,h,,150.2,,,,,,,,controlled_typing,2,,,,,,,,,,/app/training,dev_07816792-ddc2-4c7e-b167-1da450c46a18,,,,,,,,,,,,,,,,,,,,,,,,,,,,,,,,,,,,,,,,,,,,,,,,,,,,,,,,,,,,,,,,,,
training_event,training,dba80c84-68fd-45b2-ba28-10f10075b239,075af8bc-1463-48f5-a239-c00b1a5f2ffd,2026-09-06T10:54:51.743000+00:00,keyup,72,,82.0,,,,,,,,,controlled_typing,2,,,,,,,,,,/app/training,dev_07816792-ddc2-4c7e-b167-1da450c46a18,,,,,,,,,,,,,,,,,,,,,,,,,,,,,,,,,,,,,,,,,,,,,,,,,,,,,,,,,,,,,,,,,,
training_event,training,dba80c84-68fd-45b2-ba28-10f10075b239,075af8bc-1463-48f5-a239-c00b1a5f2ffd,2026-09-06T10:54:51.908000+00:00,keydown,79,o,,246.6,,,,,,,,controlled_typing,2,,,,,,,,,,/app/training,dev_07816792-ddc2-4c7e-b167-1da450c46a18,,,,,,,,,,,,,,,,,,,,,,,,,,,,,,,,,,,,,,,,,,,,,,,,,,,,,,,,,,,,,,,,,,
training_event,training,dba80c84-68fd-45b2-ba28-10f10075b239,075af8bc-1463-48f5-a239-c00b1a5f2ffd,2026-09-06T10:54:52.009000+00:00,keyup,79,,100.7,,,,,,,,,controlled_typing,2,,,,,,,,,,/app/training,dev_07816792-ddc2-4c7e-b167-1da450c46a18,,,,,,,,,,,,,,,,,,,,,,,,,,,,,,,,,,,,,,,,,,,,,,,,,,,,,,,,,,,,,,,,,,
training_event,training,dba80c84-68fd-45b2-ba28-10f10075b239,075af8bc-1463-48f5-a239-c00b1a5f2ffd,2026-09-06T10:54:52.137000+00:00,keydown,85,u,,229.2,,,,,,,,controlled_typing,2,,,,,,,,,,/app/training,dev_07816792-ddc2-4c7e-b167-1da450c46a18,,,,,,,,,,,,,,,,,,,,,,,,,,,,,,,,,,,,,,,,,,,,,,,,,,,,,,,,,,,,,,,,,,
training_event,training,dba80c84-68fd-45b2-ba28-10f10075b239,075af8bc-1463-48f5-a239-c00b1a5f2ffd,2026-09-06T10:54:52.217000+00:00,keyup,85,,80.0,,,,,,,,,controlled_typing,2,,,,,,,,,,/app/training,dev_07816792-ddc2-4c7e-b167-1da450c46a18,,,,,,,,,,,,,,,,,,,,,,,,,,,,,,,,,,,,,,,,,,,,,,,,,,,,,,,,,,,,,,,,,,
training_event,training,dba80c84-68fd-45b2-ba28-10f10075b239,075af8bc-1463-48f5-a239-c00b1a5f2ffd,2026-09-06T10:54:52.377000+00:00,keydown,76,l,,239.2,,,,,,,,controlled_typing,2,,,,,,,,,,/app/training,dev_07816792-ddc2-4c7e-b167-1da450c46a18,,,,,,,,,,,,,,,,,,,,,,,,,,,,,,,,,,,,,,,,,,,,,,,,,,,,,,,,,,,,,,,,,,
training_event,training,dba80c84-68fd-45b2-ba28-10f10075b239,075af8bc-1463-48f5-a239-c00b1a5f2ffd,2026-09-06T10:54:52.517000+00:00,keyup,76,,140.8,,,,,,,,,controlled_typing,2,,,,,,,,,,/app/training,dev_07816792-ddc2-4c7e-b167-1da450c46a18,,,,,,,,,,,,,,,,,,,,,,,,,,,,,,,,,,,,,,,,,,,,,,,,,,,,,,,,,,,,,,,,,,
training_event,training,dba80c84-68fd-45b2-ba28-10f10075b239,075af8bc-1463-48f5-a239-c00b1a5f2ffd,2026-09-06T10:54:52.752000+00:00,keydown,68,d,,375.3,,,,,,,,controlled_typing,2,,,,,,,,,,/app/training,dev_07816792-ddc2-4c7e-b167-1da450c46a18,,,,,,,,,,,,,,,,,,,,,,,,,,,,,,,,,,,,,,,,,,,,,,,,,,,,,,,,,,,,,,,,,,
training_event,training,dba80c84-68fd-45b2-ba28-10f10075b239,075af8bc-1463-48f5-a239-c00b1a5f2ffd,2026-09-06T10:54:52.868000+00:00,keyup,68,,116.6,,,,,,,,,controlled_typing,2,,,,,,,,,,/app/training,dev_07816792-ddc2-4c7e-b167-1da450c46a18,,,,,,,,,,,,,,,,,,,,,,,,,,,,,,,,,,,,,,,,,,,,,,,,,,,,,,,,,,,,,,,,,,
training_event,training,dba80c84-68fd-45b2-ba28-10f10075b239,075af8bc-1463-48f5-a239-c00b1a5f2ffd,2026-09-06T10:54:52.881000+00:00,keydown,32, ,,129.1,,,,,,,,controlled_typing,2,,,,,,,,,,/app/training,dev_07816792-ddc2-4c7e-b167-1da450c46a18,,,,,,,,,,,,,,,,,,,,,,,,,,,,,,,,,,,,,,,,,,,,,,,,,,,,,,,,,,,,,,,,,,
training_event,training,dba80c84-68fd-45b2-ba28-10f10075b239,075af8bc-1463-48f5-a239-c00b1a5f2ffd,2026-09-06T10:54:53.018000+00:00,keyup,32,,137.0,,,,,,,,,controlled_typing,2,,,,,,,,,,/app/training,dev_07816792-ddc2-4c7e-b167-1da450c46a18,,,,,,,,,,,,,,,,,,,,,,,,,,,,,,,,,,,,,,,,,,,,,,,,,,,,,,,,,,,,,,,,,,
training_event,training,dba80c84-68fd-45b2-ba28-10f10075b239,075af8bc-1463-48f5-a239-c00b1a5f2ffd,2026-09-06T10:54:53.076000+00:00,keydown,82,r,,195.3,,,,,,,,controlled_typing,2,,,,,,,,,,/app/training,dev_07816792-ddc2-4c7e-b167-1da450c46a18,,,,,,,,,,,,,,,,,,,,,,,,,,,,,,,,,,,,,,,,,,,,,,,,,,,,,,,,,,,,,,,,,,
training_event,training,dba80c84-68fd-45b2-ba28-10f10075b239,075af8bc-1463-48f5-a239-c00b1a5f2ffd,2026-09-06T10:54:53.168000+00:00,keyup,82,,91.4,,,,,,,,,controlled_typing,2,,,,,,,,,,/app/training,dev_07816792-ddc2-4c7e-b167-1da450c46a18,,,,,,,,,,,,,,,,,,,,,,,,,,,,,,,,,,,,,,,,,,,,,,,,,,,,,,,,,,,,,,,,,,
training_event,training,dba80c84-68fd-45b2-ba28-10f10075b239,075af8bc-1463-48f5-a239-c00b1a5f2ffd,2026-09-06T10:54:53.297000+00:00,keydown,69,e,,220.6,,,,,,,,controlled_typing,2,,,,,,,,,,/app/training,dev_07816792-ddc2-4c7e-b167-1da450c46a18,,,,,,,,,,,,,,,,,,,,,,,,,,,,,,,,,,,,,,,,,,,,,,,,,,,,,,,,,,,,,,,,,,
training_event,training,dba80c84-68fd-45b2-ba28-10f10075b239,075af8bc-1463-48f5-a239-c00b1a5f2ffd,2026-09-06T10:54:53.413000+00:00,keyup,69,,116.6,,,,,,,,,controlled_typing,2,,,,,,,,,,/app/training,dev_07816792-ddc2-4c7e-b167-1da450c46a18,,,,,,,,,,,,,,,,,,,,,,,,,,,,,,,,,,,,,,,,,,,,,,,,,,,,,,,,,,,,,,,,,,
training_event,training,dba80c84-68fd-45b2-ba28-10f10075b239,075af8bc-1463-48f5-a239-c00b1a5f2ffd,2026-09-06T10:54:53.462000+00:00,keydown,77,m,,164.8,,,,,,,,controlled_typing,2,,,,,,,,,,/app/training,dev_07816792-ddc2-4c7e-b167-1da450c46a18,,,,,,,,,,,,,,,,,,,,,,,,,,,,,,,,,,,,,,,,,,,,,,,,,,,,,,,,,,,,,,,,,,
training_event,training,dba80c84-68fd-45b2-ba28-10f10075b239,075af8bc-1463-48f5-a239-c00b1a5f2ffd,2026-09-06T10:54:53.602000+00:00,keyup,77,,140.5,,,,,,,,,controlled_typing,2,,,,,,,,,,/app/training,dev_07816792-ddc2-4c7e-b167-1da450c46a18,,,,,,,,,,,,,,,,,,,,,,,,,,,,,,,,,,,,,,,,,,,,,,,,,,,,,,,,,,,,,,,,,,
training_event,training,dba80c84-68fd-45b2-ba28-10f10075b239,075af8bc-1463-48f5-a239-c00b1a5f2ffd,2026-09-06T10:54:53.686000+00:00,keydown,65,a,,224.4,,,,,,,,controlled_typing,2,,,,,,,,,,/app/training,dev_07816792-ddc2-4c7e-b167-1da450c46a18,,,,,,,,,,,,,,,,,,,,,,,,,,,,,,,,,,,,,,,,,,,,,,,,,,,,,,,,,,,,,,,,,,
training_event,training,dba80c84-68fd-45b2-ba28-10f10075b239,075af8bc-1463-48f5-a239-c00b1a5f2ffd,2026-09-06T10:54:53.781000+00:00,keydown,73,i,,95.3,,,,,,,,controlled_typing,2,,,,,,,,,,/app/training,dev_07816792-ddc2-4c7e-b167-1da450c46a18,,,,,,,,,,,,,,,,,,,,,,,,,,,,,,,,,,,,,,,,,,,,,,,,,,,,,,,,,,,,,,,,,,
training_event,training,dba80c84-68fd-45b2-ba28-10f10075b239,075af8bc-1463-48f5-a239-c00b1a5f2ffd,2026-09-06T10:54:53.812000+00:00,keyup,65,,125.8,,,,,,,,,controlled_typing,2,,,,,,,,,,/app/training,dev_07816792-ddc2-4c7e-b167-1da450c46a18,,,,,,,,,,,,,,,,,,,,,,,,,,,,,,,,,,,,,,,,,,,,,,,,,,,,,,,,,,,,,,,,,,
training_event,training,dba80c84-68fd-45b2-ba28-10f10075b239,075af8bc-1463-48f5-a239-c00b1a5f2ffd,2026-09-06T10:54:53.869000+00:00,keyup,73,,88.0,,,,,,,,,controlled_typing,2,,,,,,,,,,/app/training,dev_07816792-ddc2-4c7e-b167-1da450c46a18,,,,,,,,,,,,,,,,,,,,,,,,,,,,,,,,,,,,,,,,,,,,,,,,,,,,,,,,,,,,,,,,,,
training_event,training,dba80c84-68fd-45b2-ba28-10f10075b239,075af8bc-1463-48f5-a239-c00b1a5f2ffd,2026-09-06T10:54:54.067000+00:00,keydown,78,n,,285.9,,,,,,,,controlled_typing,2,,,,,,,,,,/app/training,dev_07816792-ddc2-4c7e-b167-1da450c46a18,,,,,,,,,,,,,,,,,,,,,,,,,,,,,,,,,,,,,,,,,,,,,,,,,,,,,,,,,,,,,,,,,,
training_event,training,dba80c84-68fd-45b2-ba28-10f10075b239,075af8bc-1463-48f5-a239-c00b1a5f2ffd,2026-09-06T10:54:54.162000+00:00,keyup,78,,95.3,,,,,,,,,controlled_typing,2,,,,,,,,,,/app/training,dev_07816792-ddc2-4c7e-b167-1da450c46a18,,,,,,,,,,,,,,,,,,,,,,,,,,,,,,,,,,,,,,,,,,,,,,,,,,,,,,,,,,,,,,,,,,
training_event,training,dba80c84-68fd-45b2-ba28-10f10075b239,075af8bc-1463-48f5-a239-c00b1a5f2ffd,2026-09-06T10:54:54.300000+00:00,keydown,32, ,,233.3,,,,,,,,controlled_typing,2,,,,,,,,,,/app/training,dev_07816792-ddc2-4c7e-b167-1da450c46a18,,,,,,,,,,,,,,,,,,,,,,,,,,,,,,,,,,,,,,,,,,,,,,,,,,,,,,,,,,,,,,,,,,
training_event,training,dba80c84-68fd-45b2-ba28-10f10075b239,075af8bc-1463-48f5-a239-c00b1a5f2ffd,2026-09-06T10:54:54.373000+00:00,keyup,32,,72.8,,,,,,,,,controlled_typing,2,,,,,,,,,,/app/training,dev_07816792-ddc2-4c7e-b167-1da450c46a18,,,,,,,,,,,,,,,,,,,,,,,,,,,,,,,,,,,,,,,,,,,,,,,,,,,,,,,,,,,,,,,,,,
training_event,training,dba80c84-68fd-45b2-ba28-10f10075b239,075af8bc-1463-48f5-a239-c00b1a5f2ffd,2026-09-06T10:54:54.641000+00:00,keydown,73,i,,340.1,,,,,,,,controlled_typing,2,,,,,,,,,,/app/training,dev_07816792-ddc2-4c7e-b167-1da450c46a18,,,,,,,,,,,,,,,,,,,,,,,,,,,,,,,,,,,,,,,,,,,,,,,,,,,,,,,,,,,,,,,,,,
training_event,training,dba80c84-68fd-45b2-ba28-10f10075b239,075af8bc-1463-48f5-a239-c00b1a5f2ffd,2026-09-06T10:54:54.753000+00:00,keyup,73,,112.2,,,,,,,,,controlled_typing,2,,,,,,,,,,/app/training,dev_07816792-ddc2-4c7e-b167-1da450c46a18,,,,,,,,,,,,,,,,,,,,,,,,,,,,,,,,,,,,,,,,,,,,,,,,,,,,,,,,,,,,,,,,,,
training_event,training,dba80c84-68fd-45b2-ba28-10f10075b239,075af8bc-1463-48f5-a239-c00b1a5f2ffd,2026-09-06T10:54:54.916000+00:00,keydown,78,n,,275.9,,,,,,,,controlled_typing,2,,,,,,,,,,/app/training,dev_07816792-ddc2-4c7e-b167-1da450c46a18,,,,,,,,,,,,,,,,,,,,,,,,,,,,,,,,,,,,,,,,,,,,,,,,,,,,,,,,,,,,,,,,,,
training_event,training,dba80c84-68fd-45b2-ba28-10f10075b239,075af8bc-1463-48f5-a239-c00b1a5f2ffd,2026-09-06T10:54:55.039000+00:00,keyup,78,,122.7,,,,,,,,,controlled_typing,2,,,,,,,,,,/app/training,dev_07816792-ddc2-4c7e-b167-1da450c46a18,,,,,,,,,,,,,,,,,,,,,,,,,,,,,,,,,,,,,,,,,,,,,,,,,,,,,,,,,,,,,,,,,,
training_event,training,dba80c84-68fd-45b2-ba28-10f10075b239,075af8bc-1463-48f5-a239-c00b1a5f2ffd,2026-09-06T10:54:55.308000+00:00,keydown,86,v,,391.7,,,,,,,,controlled_typing,2,,,,,,,,,,/app/training,dev_07816792-ddc2-4c7e-b167-1da450c46a18,,,,,,,,,,,,,,,,,,,,,,,,,,,,,,,,,,,,,,,,,,,,,,,,,,,,,,,,,,,,,,,,,,
training_event,training,dba80c84-68fd-45b2-ba28-10f10075b239,075af8bc-1463-48f5-a239-c00b1a5f2ffd,2026-09-06T10:54:55.413000+00:00,keyup,86,,105.0,,,,,,,,,controlled_typing,2,,,,,,,,,,/app/training,dev_07816792-ddc2-4c7e-b167-1da450c46a18,,,,,,,,,,,,,,,,,,,,,,,,,,,,,,,,,,,,,,,,,,,,,,,,,,,,,,,,,,,,,,,,,,
training_event,training,dba80c84-68fd-45b2-ba28-10f10075b239,075af8bc-1463-48f5-a239-c00b1a5f2ffd,2026-09-06T10:54:55.451000+00:00,keydown,73,i,,142.6,,,,,,,,controlled_typing,2,,,,,,,,,,/app/training,dev_07816792-ddc2-4c7e-b167-1da450c46a18,,,,,,,,,,,,,,,,,,,,,,,,,,,,,,,,,,,,,,,,,,,,,,,,,,,,,,,,,,,,,,,,,,
training_event,training,dba80c84-68fd-45b2-ba28-10f10075b239,075af8bc-1463-48f5-a239-c00b1a5f2ffd,2026-09-06T10:54:55.558000+00:00,keyup,73,,107.6,,,,,,,,,controlled_typing,2,,,,,,,,,,/app/training,dev_07816792-ddc2-4c7e-b167-1da450c46a18,,,,,,,,,,,,,,,,,,,,,,,,,,,,,,,,,,,,,,,,,,,,,,,,,,,,,,,,,,,,,,,,,,
training_event,training,dba80c84-68fd-45b2-ba28-10f10075b239,075af8bc-1463-48f5-a239-c00b1a5f2ffd,2026-09-06T10:54:55.657000+00:00,keydown,83,s,,206.3,,,,,,,,controlled_typing,2,,,,,,,,,,/app/training,dev_07816792-ddc2-4c7e-b167-1da450c46a18,,,,,,,,,,,,,,,,,,,,,,,,,,,,,,,,,,,,,,,,,,,,,,,,,,,,,,,,,,,,,,,,,,
training_event,training,dba80c84-68fd-45b2-ba28-10f10075b239,075af8bc-1463-48f5-a239-c00b1a5f2ffd,2026-09-06T10:54:55.772000+00:00,keyup,83,,115.0,,,,,,,,,controlled_typing,2,,,,,,,,,,/app/training,dev_07816792-ddc2-4c7e-b167-1da450c46a18,,,,,,,,,,,,,,,,,,,,,,,,,,,,,,,,,,,,,,,,,,,,,,,,,,,,,,,,,,,,,,,,,,
training_event,training,dba80c84-68fd-45b2-ba28-10f10075b239,075af8bc-1463-48f5-a239-c00b1a5f2ffd,2026-09-06T10:54:55.846000+00:00,keydown,73,i,,188.9,,,,,,,,controlled_typing,2,,,,,,,,,,/app/training,dev_07816792-ddc2-4c7e-b167-1da450c46a18,,,,,,,,,,,,,,,,,,,,,,,,,,,,,,,,,,,,,,,,,,,,,,,,,,,,,,,,,,,,,,,,,,
training_event,training,dba80c84-68fd-45b2-ba28-10f10075b239,075af8bc-1463-48f5-a239-c00b1a5f2ffd,2026-09-06T10:54:55.944000+00:00,keyup,73,,97.7,,,,,,,,,controlled_typing,2,,,,,,,,,,/app/training,dev_07816792-ddc2-4c7e-b167-1da450c46a18,,,,,,,,,,,,,,,,,,,,,,,,,,,,,,,,,,,,,,,,,,,,,,,,,,,,,,,,,,,,,,,,,,
training_event,training,dba80c84-68fd-45b2-ba28-10f10075b239,075af8bc-1463-48f5-a239-c00b1a5f2ffd,2026-09-06T10:54:56.484000+00:00,keydown,66,b,,638.1,,,,,,,,controlled_typing,2,,,,,,,,,,/app/training,dev_07816792-ddc2-4c7e-b167-1da450c46a18,,,,,,,,,,,,,,,,,,,,,,,,,,,,,,,,,,,,,,,,,,,,,,,,,,,,,,,,,,,,,,,,,,
training_event,training,dba80c84-68fd-45b2-ba28-10f10075b239,075af8bc-1463-48f5-a239-c00b1a5f2ffd,2026-09-06T10:54:56.578000+00:00,keyup,66,,93.8,,,,,,,,,controlled_typing,2,,,,,,,,,,/app/training,dev_07816792-ddc2-4c7e-b167-1da450c46a18,,,,,,,,,,,,,,,,,,,,,,,,,,,,,,,,,,,,,,,,,,,,,,,,,,,,,,,,,,,,,,,,,,
training_event,training,dba80c84-68fd-45b2-ba28-10f10075b239,075af8bc-1463-48f5-a239-c00b1a5f2ffd,2026-09-06T10:54:56.761000+00:00,keydown,76,l,,276.7,,,,,,,,controlled_typing,2,,,,,,,,,,/app/training,dev_07816792-ddc2-4c7e-b167-1da450c46a18,,,,,,,,,,,,,,,,,,,,,,,,,,,,,,,,,,,,,,,,,,,,,,,,,,,,,,,,,,,,,,,,,,
training_event,training,dba80c84-68fd-45b2-ba28-10f10075b239,075af8bc-1463-48f5-a239-c00b1a5f2ffd,2026-09-06T10:54:56.899000+00:00,keydown,69,e,,138.4,,,,,,,,controlled_typing,2,,,,,,,,,,/app/training,dev_07816792-ddc2-4c7e-b167-1da450c46a18,,,,,,,,,,,,,,,,,,,,,,,,,,,,,,,,,,,,,,,,,,,,,,,,,,,,,,,,,,,,,,,,,,
training_event,training,dba80c84-68fd-45b2-ba28-10f10075b239,075af8bc-1463-48f5-a239-c00b1a5f2ffd,2026-09-06T10:54:56.914000+00:00,keyup,76,,153.5,,,,,,,,,controlled_typing,2,,,,,,,,,,/app/training,dev_07816792-ddc2-4c7e-b167-1da450c46a18,,,,,,,,,,,,,,,,,,,,,,,,,,,,,,,,,,,,,,,,,,,,,,,,,,,,,,,,,,,,,,,,,,
training_event,training,dba80c84-68fd-45b2-ba28-10f10075b239,075af8bc-1463-48f5-a239-c00b1a5f2ffd,2026-09-06T10:54:57.037000+00:00,keyup,69,,138.1,,,,,,,,,controlled_typing,2,,,,,,,,,,/app/training,dev_07816792-ddc2-4c7e-b167-1da450c46a18,,,,,,,,,,,,,,,,,,,,,,,,,,,,,,,,,,,,,,,,,,,,,,,,,,,,,,,,,,,,,,,,,,
training_event,training,dba80c84-68fd-45b2-ba28-10f10075b239,075af8bc-1463-48f5-a239-c00b1a5f2ffd,2026-09-06T10:54:57.040000+00:00,keydown,32, ,,141.3,,,,,,,,controlled_typing,2,,,,,,,,,,/app/training,dev_07816792-ddc2-4c7e-b167-1da450c46a18,,,,,,,,,,,,,,,,,,,,,,,,,,,,,,,,,,,,,,,,,,,,,,,,,,,,,,,,,,,,,,,,,,
training_event,training,dba80c84-68fd-45b2-ba28-10f10075b239,075af8bc-1463-48f5-a239-c00b1a5f2ffd,2026-09-06T10:54:57.152000+00:00,keyup,32,,111.7,,,,,,,,,controlled_typing,2,,,,,,,,,,/app/training,dev_07816792-ddc2-4c7e-b167-1da450c46a18,,,,,,,,,,,,,,,,,,,,,,,,,,,,,,,,,,,,,,,,,,,,,,,,,,,,,,,,,,,,,,,,,,
training_event,training,dba80c84-68fd-45b2-ba28-10f10075b239,075af8bc-1463-48f5-a239-c00b1a5f2ffd,2026-09-06T10:54:57.897000+00:00,keydown,68,d,,856.4,,,,,,,,controlled_typing,2,,,,,,,,,,/app/training,dev_07816792-ddc2-4c7e-b167-1da450c46a18,,,,,,,,,,,,,,,,,,,,,,,,,,,,,,,,,,,,,,,,,,,,,,,,,,,,,,,,,,,,,,,,,,
training_event,training,dba80c84-68fd-45b2-ba28-10f10075b239,075af8bc-1463-48f5-a239-c00b1a5f2ffd,2026-09-06T10:54:57.967000+00:00,keyup,68,,70.5,,,,,,,,,controlled_typing,2,,,,,,,,,,/app/training,dev_07816792-ddc2-4c7e-b167-1da450c46a18,,,,,,,,,,,,,,,,,,,,,,,,,,,,,,,,,,,,,,,,,,,,,,,,,,,,,,,,,,,,,,,,,,
training_event,training,dba80c84-68fd-45b2-ba28-10f10075b239,075af8bc-1463-48f5-a239-c00b1a5f2ffd,2026-09-06T10:54:58.050000+00:00,keydown,85,u,,152.8,,,,,,,,controlled_typing,2,,,,,,,,,,/app/training,dev_07816792-ddc2-4c7e-b167-1da450c46a18,,,,,,,,,,,,,,,,,,,,,,,,,,,,,,,,,,,,,,,,,,,,,,,,,,,,,,,,,,,,,,,,,,
training_event,training,dba80c84-68fd-45b2-ba28-10f10075b239,075af8bc-1463-48f5-a239-c00b1a5f2ffd,2026-09-06T10:54:58.148000+00:00,keyup,85,,98.1,,,,,,,,,controlled_typing,2,,,,,,,,,,/app/training,dev_07816792-ddc2-4c7e-b167-1da450c46a18,,,,,,,,,,,,,,,,,,,,,,,,,,,,,,,,,,,,,,,,,,,,,,,,,,,,,,,,,,,,,,,,,,
training_event,training,dba80c84-68fd-45b2-ba28-10f10075b239,075af8bc-1463-48f5-a239-c00b1a5f2ffd,2026-09-06T10:54:58.176000+00:00,keydown,82,r,,125.9,,,,,,,,controlled_typing,2,,,,,,,,,,/app/training,dev_07816792-ddc2-4c7e-b167-1da450c46a18,,,,,,,,,,,,,,,,,,,,,,,,,,,,,,,,,,,,,,,,,,,,,,,,,,,,,,,,,,,,,,,,,,
training_event,training,dba80c84-68fd-45b2-ba28-10f10075b239,075af8bc-1463-48f5-a239-c00b1a5f2ffd,2026-09-06T10:54:58.298000+00:00,keyup,82,,122.2,,,,,,,,,controlled_typing,2,,,,,,,,,,/app/training,dev_07816792-ddc2-4c7e-b167-1da450c46a18,,,,,,,,,,,,,,,,,,,,,,,,,,,,,,,,,,,,,,,,,,,,,,,,,,,,,,,,,,,,,,,,,,
training_event,training,dba80c84-68fd-45b2-ba28-10f10075b239,075af8bc-1463-48f5-a239-c00b1a5f2ffd,2026-09-06T10:54:58.328000+00:00,keydown,73,i,,152.1,,,,,,,,controlled_typing,2,,,,,,,,,,/app/training,dev_07816792-ddc2-4c7e-b167-1da450c46a18,,,,,,,,,,,,,,,,,,,,,,,,,,,,,,,,,,,,,,,,,,,,,,,,,,,,,,,,,,,,,,,,,,
training_event,training,dba80c84-68fd-45b2-ba28-10f10075b239,075af8bc-1463-48f5-a239-c00b1a5f2ffd,2026-09-06T10:54:58.428000+00:00,keyup,73,,100.6,,,,,,,,,controlled_typing,2,,,,,,,,,,/app/training,dev_07816792-ddc2-4c7e-b167-1da450c46a18,,,,,,,,,,,,,,,,,,,,,,,,,,,,,,,,,,,,,,,,,,,,,,,,,,,,,,,,,,,,,,,,,,
training_event,training,dba80c84-68fd-45b2-ba28-10f10075b239,075af8bc-1463-48f5-a239-c00b1a5f2ffd,2026-09-06T10:54:58.591000+00:00,keydown,78,n,,263.0,,,,,,,,controlled_typing,2,,,,,,,,,,/app/training,dev_07816792-ddc2-4c7e-b167-1da450c46a18,,,,,,,,,,,,,,,,,,,,,,,,,,,,,,,,,,,,,,,,,,,,,,,,,,,,,,,,,,,,,,,,,,
training_event,training,dba80c84-68fd-45b2-ba28-10f10075b239,075af8bc-1463-48f5-a239-c00b1a5f2ffd,2026-09-06T10:54:58.734000+00:00,keyup,78,,143.0,,,,,,,,,controlled_typing,2,,,,,,,,,,/app/training,dev_07816792-ddc2-4c7e-b167-1da450c46a18,,,,,,,,,,,,,,,,,,,,,,,,,,,,,,,,,,,,,,,,,,,,,,,,,,,,,,,,,,,,,,,,,,
training_event,training,dba80c84-68fd-45b2-ba28-10f10075b239,075af8bc-1463-48f5-a239-c00b1a5f2ffd,2026-09-06T10:54:58.786000+00:00,keydown,71,g,,195.1,,,,,,,,controlled_typing,2,,,,,,,,,,/app/training,dev_07816792-ddc2-4c7e-b167-1da450c46a18,,,,,,,,,,,,,,,,,,,,,,,,,,,,,,,,,,,,,,,,,,,,,,,,,,,,,,,,,,,,,,,,,,
training_event,training,dba80c84-68fd-45b2-ba28-10f10075b239,075af8bc-1463-48f5-a239-c00b1a5f2ffd,2026-09-06T10:54:58.898000+00:00,keyup,71,,111.8,,,,,,,,,controlled_typing,2,,,,,,,,,,/app/training,dev_07816792-ddc2-4c7e-b167-1da450c46a18,,,,,,,,,,,,,,,,,,,,,,,,,,,,,,,,,,,,,,,,,,,,,,,,,,,,,,,,,,,,,,,,,,
training_event,training,dba80c84-68fd-45b2-ba28-10f10075b239,075af8bc-1463-48f5-a239-c00b1a5f2ffd,2026-09-06T10:54:58.920000+00:00,keydown,32, ,,134.4,,,,,,,,controlled_typing,2,,,,,,,,,,/app/training,dev_07816792-ddc2-4c7e-b167-1da450c46a18,,,,,,,,,,,,,,,,,,,,,,,,,,,,,,,,,,,,,,,,,,,,,,,,,,,,,,,,,,,,,,,,,,
training_event,training,dba80c84-68fd-45b2-ba28-10f10075b239,075af8bc-1463-48f5-a239-c00b1a5f2ffd,2026-09-06T10:54:59.013000+00:00,keyup,32,,93.0,,,,,,,,,controlled_typing,2,,,,,,,,,,/app/training,dev_07816792-ddc2-4c7e-b167-1da450c46a18,,,,,,,,,,,,,,,,,,,,,,,,,,,,,,,,,,,,,,,,,,,,,,,,,,,,,,,,,,,,,,,,,,
training_event,training,dba80c84-68fd-45b2-ba28-10f10075b239,075af8bc-1463-48f5-a239-c00b1a5f2ffd,2026-09-06T10:54:59.726000+00:00,keydown,69,e,,806.2,,,,,,,,controlled_typing,2,,,,,,,,,,/app/training,dev_07816792-ddc2-4c7e-b167-1da450c46a18,,,,,,,,,,,,,,,,,,,,,,,,,,,,,,,,,,,,,,,,,,,,,,,,,,,,,,,,,,,,,,,,,,
training_event,training,dba80c84-68fd-45b2-ba28-10f10075b239,075af8bc-1463-48f5-a239-c00b1a5f2ffd,2026-09-06T10:54:59.864000+00:00,keyup,69,,137.6,,,,,,,,,controlled_typing,2,,,,,,,,,,/app/training,dev_07816792-ddc2-4c7e-b167-1da450c46a18,,,,,,,,,,,,,,,,,,,,,,,,,,,,,,,,,,,,,,,,,,,,,,,,,,,,,,,,,,,,,,,,,,
training_event,training,dba80c84-68fd-45b2-ba28-10f10075b239,075af8bc-1463-48f5-a239-c00b1a5f2ffd,2026-09-06T10:54:59.935000+00:00,keydown,86,v,,208.9,,,,,,,,controlled_typing,2,,,,,,,,,,/app/training,dev_07816792-ddc2-4c7e-b167-1da450c46a18,,,,,,,,,,,,,,,,,,,,,,,,,,,,,,,,,,,,,,,,,,,,,,,,,,,,,,,,,,,,,,,,,,
training_event,training,dba80c84-68fd-45b2-ba28-10f10075b239,075af8bc-1463-48f5-a239-c00b1a5f2ffd,2026-09-06T10:55:00.046000+00:00,keyup,86,,110.8,,,,,,,,,controlled_typing,2,,,,,,,,,,/app/training,dev_07816792-ddc2-4c7e-b167-1da450c46a18,,,,,,,,,,,,,,,,,,,,,,,,,,,,,,,,,,,,,,,,,,,,,,,,,,,,,,,,,,,,,,,,,,
training_event,training,dba80c84-68fd-45b2-ba28-10f10075b239,075af8bc-1463-48f5-a239-c00b1a5f2ffd,2026-09-06T10:55:00.091000+00:00,keydown,69,e,,155.4,,,,,,,,controlled_typing,2,,,,,,,,,,/app/training,dev_07816792-ddc2-4c7e-b167-1da450c46a18,,,,,,,,,,,,,,,,,,,,,,,,,,,,,,,,,,,,,,,,,,,,,,,,,,,,,,,,,,,,,,,,,,
training_event,training,dba80c84-68fd-45b2-ba28-10f10075b239,075af8bc-1463-48f5-a239-c00b1a5f2ffd,2026-09-06T10:55:00.182000+00:00,keyup,69,,91.4,,,,,,,,,controlled_typing,2,,,,,,,,,,/app/training,dev_07816792-ddc2-4c7e-b167-1da450c46a18,,,,,,,,,,,,,,,,,,,,,,,,,,,,,,,,,,,,,,,,,,,,,,,,,,,,,,,,,,,,,,,,,,
training_event,training,dba80c84-68fd-45b2-ba28-10f10075b239,075af8bc-1463-48f5-a239-c00b1a5f2ffd,2026-09-06T10:55:00.315000+00:00,keydown,82,r,,224.3,,,,,,,,controlled_typing,2,,,,,,,,,,/app/training,dev_07816792-ddc2-4c7e-b167-1da450c46a18,,,,,,,,,,,,,,,,,,,,,,,,,,,,,,,,,,,,,,,,,,,,,,,,,,,,,,,,,,,,,,,,,,
training_event,training,dba80c84-68fd-45b2-ba28-10f10075b239,075af8bc-1463-48f5-a239-c00b1a5f2ffd,2026-09-06T10:55:00.443000+00:00,keyup,82,,128.0,,,,,,,,,controlled_typing,2,,,,,,,,,,/app/training,dev_07816792-ddc2-4c7e-b167-1da450c46a18,,,,,,,,,,,,,,,,,,,,,,,,,,,,,,,,,,,,,,,,,,,,,,,,,,,,,,,,,,,,,,,,,,
training_event,training,dba80c84-68fd-45b2-ba28-10f10075b239,075af8bc-1463-48f5-a239-c00b1a5f2ffd,2026-09-06T10:55:00.543000+00:00,keydown,89,y,,228.0,,,,,,,,controlled_typing,2,,,,,,,,,,/app/training,dev_07816792-ddc2-4c7e-b167-1da450c46a18,,,,,,,,,,,,,,,,,,,,,,,,,,,,,,,,,,,,,,,,,,,,,,,,,,,,,,,,,,,,,,,,,,
training_event,training,dba80c84-68fd-45b2-ba28-10f10075b239,075af8bc-1463-48f5-a239-c00b1a5f2ffd,2026-09-06T10:55:00.633000+00:00,keyup,89,,90.2,,,,,,,,,controlled_typing,2,,,,,,,,,,/app/training,dev_07816792-ddc2-4c7e-b167-1da450c46a18,,,,,,,,,,,,,,,,,,,,,,,,,,,,,,,,,,,,,,,,,,,,,,,,,,,,,,,,,,,,,,,,,,
training_event,training,dba80c84-68fd-45b2-ba28-10f10075b239,075af8bc-1463-48f5-a239-c00b1a5f2ffd,2026-09-06T10:55:01.381000+00:00,keydown,68,d,,837.5,,,,,,,,controlled_typing,2,,,,,,,,,,/app/training,dev_07816792-ddc2-4c7e-b167-1da450c46a18,,,,,,,,,,,,,,,,,,,,,,,,,,,,,,,,,,,,,,,,,,,,,,,,,,,,,,,,,,,,,,,,,,
training_event,training,dba80c84-68fd-45b2-ba28-10f10075b239,075af8bc-1463-48f5-a239-c00b1a5f2ffd,2026-09-06T10:55:01.491000+00:00,keyup,68,,110.4,,,,,,,,,controlled_typing,2,,,,,,,,,,/app/training,dev_07816792-ddc2-4c7e-b167-1da450c46a18,,,,,,,,,,,,,,,,,,,,,,,,,,,,,,,,,,,,,,,,,,,,,,,,,,,,,,,,,,,,,,,,,,
training_event,training,dba80c84-68fd-45b2-ba28-10f10075b239,075af8bc-1463-48f5-a239-c00b1a5f2ffd,2026-09-06T10:55:01.524000+00:00,keydown,65,a,,143.6,,,,,,,,controlled_typing,2,,,,,,,,,,/app/training,dev_07816792-ddc2-4c7e-b167-1da450c46a18,,,,,,,,,,,,,,,,,,,,,,,,,,,,,,,,,,,,,,,,,,,,,,,,,,,,,,,,,,,,,,,,,,
training_event,training,dba80c84-68fd-45b2-ba28-10f10075b239,075af8bc-1463-48f5-a239-c00b1a5f2ffd,2026-09-06T10:55:01.662000+00:00,keyup,65,,137.9,,,,,,,,,controlled_typing,2,,,,,,,,,,/app/training,dev_07816792-ddc2-4c7e-b167-1da450c46a18,,,,,,,,,,,,,,,,,,,,,,,,,,,,,,,,,,,,,,,,,,,,,,,,,,,,,,,,,,,,,,,,,,
training_event,training,dba80c84-68fd-45b2-ba28-10f10075b239,075af8bc-1463-48f5-a239-c00b1a5f2ffd,2026-09-06T10:55:01.925000+00:00,keydown,89,y,,400.9,,,,,,,,controlled_typing,2,,,,,,,,,,/app/training,dev_07816792-ddc2-4c7e-b167-1da450c46a18,,,,,,,,,,,,,,,,,,,,,,,,,,,,,,,,,,,,,,,,,,,,,,,,,,,,,,,,,,,,,,,,,,
training_event,training,dba80c84-68fd-45b2-ba28-10f10075b239,075af8bc-1463-48f5-a239-c00b1a5f2ffd,2026-09-06T10:55:02.026000+00:00,keyup,89,,101.5,,,,,,,,,controlled_typing,2,,,,,,,,,,/app/training,dev_07816792-ddc2-4c7e-b167-1da450c46a18,,,,,,,,,,,,,,,,,,,,,,,,,,,,,,,,,,,,,,,,,,,,,,,,,,,,,,,,,,,,,,,,,,
training_event,training,dba80c84-68fd-45b2-ba28-10f10075b239,075af8bc-1463-48f5-a239-c00b1a5f2ffd,2026-09-06T10:55:02.100000+00:00,keydown,32, ,,174.9,,,,,,,,controlled_typing,2,,,,,,,,,,/app/training,dev_07816792-ddc2-4c7e-b167-1da450c46a18,,,,,,,,,,,,,,,,,,,,,,,,,,,,,,,,,,,,,,,,,,,,,,,,,,,,,,,,,,,,,,,,,,
training_event,training,dba80c84-68fd-45b2-ba28-10f10075b239,075af8bc-1463-48f5-a239-c00b1a5f2ffd,2026-09-06T10:55:02.233000+00:00,keyup,32,,133.6,,,,,,,,,controlled_typing,2,,,,,,,,,,/app/training,dev_07816792-ddc2-4c7e-b167-1da450c46a18,,,,,,,,,,,,,,,,,,,,,,,,,,,,,,,,,,,,,,,,,,,,,,,,,,,,,,,,,,,,,,,,,,
training_event,training,dba80c84-68fd-45b2-ba28-10f10075b239,075af8bc-1463-48f5-a239-c00b1a5f2ffd,2026-09-06T10:55:02.369000+00:00,keydown,66,b,,269.0,,,,,,,,controlled_typing,2,,,,,,,,,,/app/training,dev_07816792-ddc2-4c7e-b167-1da450c46a18,,,,,,,,,,,,,,,,,,,,,,,,,,,,,,,,,,,,,,,,,,,,,,,,,,,,,,,,,,,,,,,,,,
training_event,training,dba80c84-68fd-45b2-ba28-10f10075b239,075af8bc-1463-48f5-a239-c00b1a5f2ffd,2026-09-06T10:55:02.467000+00:00,keyup,66,,98.0,,,,,,,,,controlled_typing,2,,,,,,,,,,/app/training,dev_07816792-ddc2-4c7e-b167-1da450c46a18,,,,,,,,,,,,,,,,,,,,,,,,,,,,,,,,,,,,,,,,,,,,,,,,,,,,,,,,,,,,,,,,,,
training_event,training,dba80c84-68fd-45b2-ba28-10f10075b239,075af8bc-1463-48f5-a239-c00b1a5f2ffd,2026-09-06T10:55:02.496000+00:00,keydown,65,a,,126.8,,,,,,,,controlled_typing,2,,,,,,,,,,/app/training,dev_07816792-ddc2-4c7e-b167-1da450c46a18,,,,,,,,,,,,,,,,,,,,,,,,,,,,,,,,,,,,,,,,,,,,,,,,,,,,,,,,,,,,,,,,,,
training_event,training,dba80c84-68fd-45b2-ba28-10f10075b239,075af8bc-1463-48f5-a239-c00b1a5f2ffd,2026-09-06T10:55:02.612000+00:00,keyup,65,,116.0,,,,,,,,,controlled_typing,2,,,,,,,,,,/app/training,dev_07816792-ddc2-4c7e-b167-1da450c46a18,,,,,,,,,,,,,,,,,,,,,,,,,,,,,,,,,,,,,,,,,,,,,,,,,,,,,,,,,,,,,,,,,,
training_event,training,dba80c84-68fd-45b2-ba28-10f10075b239,075af8bc-1463-48f5-a239-c00b1a5f2ffd,2026-09-06T10:55:02.657000+00:00,keydown,78,n,,161.0,,,,,,,,controlled_typing,2,,,,,,,,,,/app/training,dev_07816792-ddc2-4c7e-b167-1da450c46a18,,,,,,,,,,,,,,,,,,,,,,,,,,,,,,,,,,,,,,,,,,,,,,,,,,,,,,,,,,,,,,,,,,
training_event,training,dba80c84-68fd-45b2-ba28-10f10075b239,075af8bc-1463-48f5-a239-c00b1a5f2ffd,2026-09-06T10:55:02.741000+00:00,keyup,78,,84.0,,,,,,,,,controlled_typing,2,,,,,,,,,,/app/training,dev_07816792-ddc2-4c7e-b167-1da450c46a18,,,,,,,,,,,,,,,,,,,,,,,,,,,,,,,,,,,,,,,,,,,,,,,,,,,,,,,,,,,,,,,,,,
training_event,training,dba80c84-68fd-45b2-ba28-10f10075b239,075af8bc-1463-48f5-a239-c00b1a5f2ffd,2026-09-06T10:55:02.905000+00:00,keydown,75,k,,248.2,,,,,,,,controlled_typing,2,,,,,,,,,,/app/training,dev_07816792-ddc2-4c7e-b167-1da450c46a18,,,,,,,,,,,,,,,,,,,,,,,,,,,,,,,,,,,,,,,,,,,,,,,,,,,,,,,,,,,,,,,,,,
training_event,training,dba80c84-68fd-45b2-ba28-10f10075b239,075af8bc-1463-48f5-a239-c00b1a5f2ffd,2026-09-06T10:55:03.002000+00:00,keyup,75,,97.1,,,,,,,,,controlled_typing,2,,,,,,,,,,/app/training,dev_07816792-ddc2-4c7e-b167-1da450c46a18,,,,,,,,,,,,,,,,,,,,,,,,,,,,,,,,,,,,,,,,,,,,,,,,,,,,,,,,,,,,,,,,,,
training_event,training,dba80c84-68fd-45b2-ba28-10f10075b239,075af8bc-1463-48f5-a239-c00b1a5f2ffd,2026-09-06T10:55:03.100000+00:00,keydown,73,i,,195.0,,,,,,,,controlled_typing,2,,,,,,,,,,/app/training,dev_07816792-ddc2-4c7e-b167-1da450c46a18,,,,,,,,,,,,,,,,,,,,,,,,,,,,,,,,,,,,,,,,,,,,,,,,,,,,,,,,,,,,,,,,,,
training_event,training,dba80c84-68fd-45b2-ba28-10f10075b239,075af8bc-1463-48f5-a239-c00b1a5f2ffd,2026-09-06T10:55:03.187000+00:00,keyup,73,,87.2,,,,,,,,,controlled_typing,2,,,,,,,,,,/app/training,dev_07816792-ddc2-4c7e-b167-1da450c46a18,,,,,,,,,,,,,,,,,,,,,,,,,,,,,,,,,,,,,,,,,,,,,,,,,,,,,,,,,,,,,,,,,,
training_event,training,dba80c84-68fd-45b2-ba28-10f10075b239,075af8bc-1463-48f5-a239-c00b1a5f2ffd,2026-09-06T10:55:03.330000+00:00,keydown,78,n,,230.1,,,,,,,,controlled_typing,2,,,,,,,,,,/app/training,dev_07816792-ddc2-4c7e-b167-1da450c46a18,,,,,,,,,,,,,,,,,,,,,,,,,,,,,,,,,,,,,,,,,,,,,,,,,,,,,,,,,,,,,,,,,,
training_event,training,dba80c84-68fd-45b2-ba28-10f10075b239,075af8bc-1463-48f5-a239-c00b1a5f2ffd,2026-09-06T10:55:03.426000+00:00,keyup,78,,96.4,,,,,,,,,controlled_typing,2,,,,,,,,,,/app/training,dev_07816792-ddc2-4c7e-b167-1da450c46a18,,,,,,,,,,,,,,,,,,,,,,,,,,,,,,,,,,,,,,,,,,,,,,,,,,,,,,,,,,,,,,,,,,
training_event,training,dba80c84-68fd-45b2-ba28-10f10075b239,075af8bc-1463-48f5-a239-c00b1a5f2ffd,2026-09-06T10:55:03.566000+00:00,keydown,71,g,,235.6,,,,,,,,controlled_typing,2,,,,,,,,,,/app/training,dev_07816792-ddc2-4c7e-b167-1da450c46a18,,,,,,,,,,,,,,,,,,,,,,,,,,,,,,,,,,,,,,,,,,,,,,,,,,,,,,,,,,,,,,,,,,
training_event,training,dba80c84-68fd-45b2-ba28-10f10075b239,075af8bc-1463-48f5-a239-c00b1a5f2ffd,2026-09-06T10:55:03.638000+00:00,keyup,71,,72.0,,,,,,,,,controlled_typing,2,,,,,,,,,,/app/training,dev_07816792-ddc2-4c7e-b167-1da450c46a18,,,,,,,,,,,,,,,,,,,,,,,,,,,,,,,,,,,,,,,,,,,,,,,,,,,,,,,,,,,,,,,,,,
training_event,training,dba80c84-68fd-45b2-ba28-10f10075b239,075af8bc-1463-48f5-a239-c00b1a5f2ffd,2026-09-06T10:55:04.109000+00:00,keydown,190,.,,543.7,,,,,,,,controlled_typing,2,,,,,,,,,,/app/training,dev_07816792-ddc2-4c7e-b167-1da450c46a18,,,,,,,,,,,,,,,,,,,,,,,,,,,,,,,,,,,,,,,,,,,,,,,,,,,,,,,,,,,,,,,,,,
training_event,training,dba80c84-68fd-45b2-ba28-10f10075b239,55acf030-f5ff-445c-9885-151dfbd20e71,2026-09-06T10:55:08.997000+00:00,keydown,80,P,,,,,,,,,,controlled_typing,3,,,,,,,,,,/app/training,dev_07816792-ddc2-4c7e-b167-1da450c46a18,,,,,,,,,,,,,,,,,,,,,,,,,,,,,,,,,,,,,,,,,,,,,,,,,,,,,,,,,,,,,,,,,,
training_event,training,dba80c84-68fd-45b2-ba28-10f10075b239,55acf030-f5ff-445c-9885-151dfbd20e71,2026-09-06T10:55:09.115000+00:00,keyup,80,,118.1,,,,,,,,,controlled_typing,3,,,,,,,,,,/app/training,dev_07816792-ddc2-4c7e-b167-1da450c46a18,,,,,,,,,,,,,,,,,,,,,,,,,,,,,,,,,,,,,,,,,,,,,,,,,,,,,,,,,,,,,,,,,,
training_event,training,dba80c84-68fd-45b2-ba28-10f10075b239,55acf030-f5ff-445c-9885-151dfbd20e71,2026-09-06T10:55:09.264000+00:00,keydown,76,l,,267.1,,,,,,,,controlled_typing,3,,,,,,,,,,/app/training,dev_07816792-ddc2-4c7e-b167-1da450c46a18,,,,,,,,,,,,,,,,,,,,,,,,,,,,,,,,,,,,,,,,,,,,,,,,,,,,,,,,,,,,,,,,,,
training_event,training,dba80c84-68fd-45b2-ba28-10f10075b239,55acf030-f5ff-445c-9885-151dfbd20e71,2026-09-06T10:55:09.341000+00:00,keyup,76,,76.2,,,,,,,,,controlled_typing,3,,,,,,,,,,/app/training,dev_07816792-ddc2-4c7e-b167-1da450c46a18,,,,,,,,,,,,,,,,,,,,,,,,,,,,,,,,,,,,,,,,,,,,,,,,,,,,,,,,,,,,,,,,,,
training_event,training,dba80c84-68fd-45b2-ba28-10f10075b239,55acf030-f5ff-445c-9885-151dfbd20e71,2026-09-06T10:55:09.807000+00:00,keydown,83,s,,542.5,,,,,,,,controlled_typing,3,,,,,,,,,,/app/training,dev_07816792-ddc2-4c7e-b167-1da450c46a18,,,,,,,,,,,,,,,,,,,,,,,,,,,,,,,,,,,,,,,,,,,,,,,,,,,,,,,,,,,,,,,,,,
training_event,training,dba80c84-68fd-45b2-ba28-10f10075b239,55acf030-f5ff-445c-9885-151dfbd20e71,2026-09-06T10:55:09.920000+00:00,keyup,83,,112.9,,,,,,,,,controlled_typing,3,,,,,,,,,,/app/training,dev_07816792-ddc2-4c7e-b167-1da450c46a18,,,,,,,,,,,,,,,,,,,,,,,,,,,,,,,,,,,,,,,,,,,,,,,,,,,,,,,,,,,,,,,,,,
training_event,training,dba80c84-68fd-45b2-ba28-10f10075b239,55acf030-f5ff-445c-9885-151dfbd20e71,2026-09-06T10:55:10.037000+00:00,keydown,69,e,,229.7,,,,,,,,controlled_typing,3,,,,,,,,,,/app/training,dev_07816792-ddc2-4c7e-b167-1da450c46a18,,,,,,,,,,,,,,,,,,,,,,,,,,,,,,,,,,,,,,,,,,,,,,,,,,,,,,,,,,,,,,,,,,
training_event,training,dba80c84-68fd-45b2-ba28-10f10075b239,55acf030-f5ff-445c-9885-151dfbd20e71,2026-09-06T10:55:10.165000+00:00,keyup,69,,128.4,,,,,,,,,controlled_typing,3,,,,,,,,,,/app/training,dev_07816792-ddc2-4c7e-b167-1da450c46a18,,,,,,,,,,,,,,,,,,,,,,,,,,,,,,,,,,,,,,,,,,,,,,,,,,,,,,,,,,,,,,,,,,
training_event,training,dba80c84-68fd-45b2-ba28-10f10075b239,55acf030-f5ff-445c-9885-151dfbd20e71,2026-09-06T10:55:10.269000+00:00,keydown,32, ,,232.5,,,,,,,,controlled_typing,3,,,,,,,,,,/app/training,dev_07816792-ddc2-4c7e-b167-1da450c46a18,,,,,,,,,,,,,,,,,,,,,,,,,,,,,,,,,,,,,,,,,,,,,,,,,,,,,,,,,,,,,,,,,,
training_event,training,dba80c84-68fd-45b2-ba28-10f10075b239,55acf030-f5ff-445c-9885-151dfbd20e71,2026-09-06T10:55:10.379000+00:00,keyup,32,,110.1,,,,,,,,,controlled_typing,3,,,,,,,,,,/app/training,dev_07816792-ddc2-4c7e-b167-1da450c46a18,,,,,,,,,,,,,,,,,,,,,,,,,,,,,,,,,,,,,,,,,,,,,,,,,,,,,,,,,,,,,,,,,,
training_event,training,dba80c84-68fd-45b2-ba28-10f10075b239,55acf030-f5ff-445c-9885-151dfbd20e71,2026-09-06T10:55:11.345000+00:00,keydown,8,,,1076.4,,,,,,,,controlled_typing,3,,,,,,,,,,/app/training,dev_07816792-ddc2-4c7e-b167-1da450c46a18,,,,,,,,,,,,,,,,,,,,,,,,,,,,,,,,,,,,,,,,,,,,,,,,,,,,,,,,,,,,,,,,,,
training_event,training,dba80c84-68fd-45b2-ba28-10f10075b239,55acf030-f5ff-445c-9885-151dfbd20e71,2026-09-06T10:55:11.431000+00:00,keyup,8,,85.3,,,,,,,,,controlled_typing,3,,,,,,,,,,/app/training,dev_07816792-ddc2-4c7e-b167-1da450c46a18,,,,,,,,,,,,,,,,,,,,,,,,,,,,,,,,,,,,,,,,,,,,,,,,,,,,,,,,,,,,,,,,,,
training_event,training,dba80c84-68fd-45b2-ba28-10f10075b239,55acf030-f5ff-445c-9885-151dfbd20e71,2026-09-06T10:55:11.533000+00:00,keydown,8,,,187.8,,,,,,,,controlled_typing,3,,,,,,,,,,/app/training,dev_07816792-ddc2-4c7e-b167-1da450c46a18,,,,,,,,,,,,,,,,,,,,,,,,,,,,,,,,,,,,,,,,,,,,,,,,,,,,,,,,,,,,,,,,,,
training_event,training,dba80c84-68fd-45b2-ba28-10f10075b239,55acf030-f5ff-445c-9885-151dfbd20e71,2026-09-06T10:55:11.640000+00:00,keyup,8,,106.5,,,,,,,,,controlled_typing,3,,,,,,,,,,/app/training,dev_07816792-ddc2-4c7e-b167-1da450c46a18,,,,,,,,,,,,,,,,,,,,,,,,,,,,,,,,,,,,,,,,,,,,,,,,,,,,,,,,,,,,,,,,,,
training_event,training,dba80c84-68fd-45b2-ba28-10f10075b239,55acf030-f5ff-445c-9885-151dfbd20e71,2026-09-06T10:55:11.792000+00:00,keydown,8,,,258.9,,,,,,,,controlled_typing,3,,,,,,,,,,/app/training,dev_07816792-ddc2-4c7e-b167-1da450c46a18,,,,,,,,,,,,,,,,,,,,,,,,,,,,,,,,,,,,,,,,,,,,,,,,,,,,,,,,,,,,,,,,,,
training_event,training,dba80c84-68fd-45b2-ba28-10f10075b239,55acf030-f5ff-445c-9885-151dfbd20e71,2026-09-06T10:55:11.899000+00:00,keyup,8,,106.6,,,,,,,,,controlled_typing,3,,,,,,,,,,/app/training,dev_07816792-ddc2-4c7e-b167-1da450c46a18,,,,,,,,,,,,,,,,,,,,,,,,,,,,,,,,,,,,,,,,,,,,,,,,,,,,,,,,,,,,,,,,,,
training_event,training,dba80c84-68fd-45b2-ba28-10f10075b239,55acf030-f5ff-445c-9885-151dfbd20e71,2026-09-06T10:55:12.530000+00:00,keydown,69,e,,737.7,,,,,,,,controlled_typing,3,,,,,,,,,,/app/training,dev_07816792-ddc2-4c7e-b167-1da450c46a18,,,,,,,,,,,,,,,,,,,,,,,,,,,,,,,,,,,,,,,,,,,,,,,,,,,,,,,,,,,,,,,,,,
training_event,training,dba80c84-68fd-45b2-ba28-10f10075b239,55acf030-f5ff-445c-9885-151dfbd20e71,2026-09-06T10:55:12.609000+00:00,keyup,69,,79.0,,,,,,,,,controlled_typing,3,,,,,,,,,,/app/training,dev_07816792-ddc2-4c7e-b167-1da450c46a18,,,,,,,,,,,,,,,,,,,,,,,,,,,,,,,,,,,,,,,,,,,,,,,,,,,,,,,,,,,,,,,,,,
training_event,training,dba80c84-68fd-45b2-ba28-10f10075b239,55acf030-f5ff-445c-9885-151dfbd20e71,2026-09-06T10:55:12.794000+00:00,keydown,65,a,,263.7,,,,,,,,controlled_typing,3,,,,,,,,,,/app/training,dev_07816792-ddc2-4c7e-b167-1da450c46a18,,,,,,,,,,,,,,,,,,,,,,,,,,,,,,,,,,,,,,,,,,,,,,,,,,,,,,,,,,,,,,,,,,
training_event,training,dba80c84-68fd-45b2-ba28-10f10075b239,55acf030-f5ff-445c-9885-151dfbd20e71,2026-09-06T10:55:12.911000+00:00,keyup,65,,116.9,,,,,,,,,controlled_typing,3,,,,,,,,,,/app/training,dev_07816792-ddc2-4c7e-b167-1da450c46a18,,,,,,,,,,,,,,,,,,,,,,,,,,,,,,,,,,,,,,,,,,,,,,,,,,,,,,,,,,,,,,,,,,
training_event,training,dba80c84-68fd-45b2-ba28-10f10075b239,55acf030-f5ff-445c-9885-151dfbd20e71,2026-09-06T10:55:13.028000+00:00,keydown,83,s,,233.9,,,,,,,,controlled_typing,3,,,,,,,,,,/app/training,dev_07816792-ddc2-4c7e-b167-1da450c46a18,,,,,,,,,,,,,,,,,,,,,,,,,,,,,,,,,,,,,,,,,,,,,,,,,,,,,,,,,,,,,,,,,,
training_event,training,dba80c84-68fd-45b2-ba28-10f10075b239,55acf030-f5ff-445c-9885-151dfbd20e71,2026-09-06T10:55:13.125000+00:00,keyup,83,,97.1,,,,,,,,,controlled_typing,3,,,,,,,,,,/app/training,dev_07816792-ddc2-4c7e-b167-1da450c46a18,,,,,,,,,,,,,,,,,,,,,,,,,,,,,,,,,,,,,,,,,,,,,,,,,,,,,,,,,,,,,,,,,,
training_event,training,dba80c84-68fd-45b2-ba28-10f10075b239,55acf030-f5ff-445c-9885-151dfbd20e71,2026-09-06T10:55:13.263000+00:00,keydown,69,e,,235.6,,,,,,,,controlled_typing,3,,,,,,,,,,/app/training,dev_07816792-ddc2-4c7e-b167-1da450c46a18,,,,,,,,,,,,,,,,,,,,,,,,,,,,,,,,,,,,,,,,,,,,,,,,,,,,,,,,,,,,,,,,,,
training_event,training,dba80c84-68fd-45b2-ba28-10f10075b239,55acf030-f5ff-445c-9885-151dfbd20e71,2026-09-06T10:55:13.364000+00:00,keyup,69,,100.8,,,,,,,,,controlled_typing,3,,,,,,,,,,/app/training,dev_07816792-ddc2-4c7e-b167-1da450c46a18,,,,,,,,,,,,,,,,,,,,,,,,,,,,,,,,,,,,,,,,,,,,,,,,,,,,,,,,,,,,,,,,,,
training_event,training,dba80c84-68fd-45b2-ba28-10f10075b239,55acf030-f5ff-445c-9885-151dfbd20e71,2026-09-06T10:55:13.475000+00:00,keydown,32, ,,212.3,,,,,,,,controlled_typing,3,,,,,,,,,,/app/training,dev_07816792-ddc2-4c7e-b167-1da450c46a18,,,,,,,,,,,,,,,,,,,,,,,,,,,,,,,,,,,,,,,,,,,,,,,,,,,,,,,,,,,,,,,,,,
training_event,training,dba80c84-68fd-45b2-ba28-10f10075b239,55acf030-f5ff-445c-9885-151dfbd20e71,2026-09-06T10:55:13.584000+00:00,keyup,32,,108.9,,,,,,,,,controlled_typing,3,,,,,,,,,,/app/training,dev_07816792-ddc2-4c7e-b167-1da450c46a18,,,,,,,,,,,,,,,,,,,,,,,,,,,,,,,,,,,,,,,,,,,,,,,,,,,,,,,,,,,,,,,,,,
training_event,training,dba80c84-68fd-45b2-ba28-10f10075b239,55acf030-f5ff-445c-9885-151dfbd20e71,2026-09-06T10:55:14.011000+00:00,keydown,84,t,,535.4,,,,,,,,controlled_typing,3,,,,,,,,,,/app/training,dev_07816792-ddc2-4c7e-b167-1da450c46a18,,,,,,,,,,,,,,,,,,,,,,,,,,,,,,,,,,,,,,,,,,,,,,,,,,,,,,,,,,,,,,,,,,
training_event,training,dba80c84-68fd-45b2-ba28-10f10075b239,55acf030-f5ff-445c-9885-151dfbd20e71,2026-09-06T10:55:14.094000+00:00,keyup,84,,83.5,,,,,,,,,controlled_typing,3,,,,,,,,,,/app/training,dev_07816792-ddc2-4c7e-b167-1da450c46a18,,,,,,,,,,,,,,,,,,,,,,,,,,,,,,,,,,,,,,,,,,,,,,,,,,,,,,,,,,,,,,,,,,
training_event,training,dba80c84-68fd-45b2-ba28-10f10075b239,55acf030-f5ff-445c-9885-151dfbd20e71,2026-09-06T10:55:14.139000+00:00,keydown,89,y,,128.3,,,,,,,,controlled_typing,3,,,,,,,,,,/app/training,dev_07816792-ddc2-4c7e-b167-1da450c46a18,,,,,,,,,,,,,,,,,,,,,,,,,,,,,,,,,,,,,,,,,,,,,,,,,,,,,,,,,,,,,,,,,,
training_event,training,dba80c84-68fd-45b2-ba28-10f10075b239,55acf030-f5ff-445c-9885-151dfbd20e71,2026-09-06T10:55:14.219000+00:00,keyup,89,,80.4,,,,,,,,,controlled_typing,3,,,,,,,,,,/app/training,dev_07816792-ddc2-4c7e-b167-1da450c46a18,,,,,,,,,,,,,,,,,,,,,,,,,,,,,,,,,,,,,,,,,,,,,,,,,,,,,,,,,,,,,,,,,,
training_event,training,dba80c84-68fd-45b2-ba28-10f10075b239,55acf030-f5ff-445c-9885-151dfbd20e71,2026-09-06T10:55:14.572000+00:00,keydown,80,p,,433.3,,,,,,,,controlled_typing,3,,,,,,,,,,/app/training,dev_07816792-ddc2-4c7e-b167-1da450c46a18,,,,,,,,,,,,,,,,,,,,,,,,,,,,,,,,,,,,,,,,,,,,,,,,,,,,,,,,,,,,,,,,,,
training_event,training,dba80c84-68fd-45b2-ba28-10f10075b239,55acf030-f5ff-445c-9885-151dfbd20e71,2026-09-06T10:55:14.690000+00:00,keyup,80,,117.2,,,,,,,,,controlled_typing,3,,,,,,,,,,/app/training,dev_07816792-ddc2-4c7e-b167-1da450c46a18,,,,,,,,,,,,,,,,,,,,,,,,,,,,,,,,,,,,,,,,,,,,,,,,,,,,,,,,,,,,,,,,,,
training_event,training,dba80c84-68fd-45b2-ba28-10f10075b239,55acf030-f5ff-445c-9885-151dfbd20e71,2026-09-06T10:55:14.723000+00:00,keydown,69,e,,150.8,,,,,,,,controlled_typing,3,,,,,,,,,,/app/training,dev_07816792-ddc2-4c7e-b167-1da450c46a18,,,,,,,,,,,,,,,,,,,,,,,,,,,,,,,,,,,,,,,,,,,,,,,,,,,,,,,,,,,,,,,,,,
training_event,training,dba80c84-68fd-45b2-ba28-10f10075b239,55acf030-f5ff-445c-9885-151dfbd20e71,2026-09-06T10:55:14.839000+00:00,keyup,69,,116.0,,,,,,,,,controlled_typing,3,,,,,,,,,,/app/training,dev_07816792-ddc2-4c7e-b167-1da450c46a18,,,,,,,,,,,,,,,,,,,,,,,,,,,,,,,,,,,,,,,,,,,,,,,,,,,,,,,,,,,,,,,,,,
training_event,training,dba80c84-68fd-45b2-ba28-10f10075b239,55acf030-f5ff-445c-9885-151dfbd20e71,2026-09-06T10:55:14.864000+00:00,keydown,32, ,,140.3,,,,,,,,controlled_typing,3,,,,,,,,,,/app/training,dev_07816792-ddc2-4c7e-b167-1da450c46a18,,,,,,,,,,,,,,,,,,,,,,,,,,,,,,,,,,,,,,,,,,,,,,,,,,,,,,,,,,,,,,,,,,
training_event,training,dba80c84-68fd-45b2-ba28-10f10075b239,55acf030-f5ff-445c-9885-151dfbd20e71,2026-09-06T10:55:15.009000+00:00,keyup,32,,145.4,,,,,,,,,controlled_typing,3,,,,,,,,,,/app/training,dev_07816792-ddc2-4c7e-b167-1da450c46a18,,,,,,,,,,,,,,,,,,,,,,,,,,,,,,,,,,,,,,,,,,,,,,,,,,,,,,,,,,,,,,,,,,
training_event,training,dba80c84-68fd-45b2-ba28-10f10075b239,55acf030-f5ff-445c-9885-151dfbd20e71,2026-09-06T10:55:15.017000+00:00,keydown,84,t,,153.4,,,,,,,,controlled_typing,3,,,,,,,,,,/app/training,dev_07816792-ddc2-4c7e-b167-1da450c46a18,,,,,,,,,,,,,,,,,,,,,,,,,,,,,,,,,,,,,,,,,,,,,,,,,,,,,,,,,,,,,,,,,,
training_event,training,dba80c84-68fd-45b2-ba28-10f10075b239,55acf030-f5ff-445c-9885-151dfbd20e71,2026-09-06T10:55:15.124000+00:00,keyup,84,,107.3,,,,,,,,,controlled_typing,3,,,,,,,,,,/app/training,dev_07816792-ddc2-4c7e-b167-1da450c46a18,,,,,,,,,,,,,,,,,,,,,,,,,,,,,,,,,,,,,,,,,,,,,,,,,,,,,,,,,,,,,,,,,,
training_event,training,dba80c84-68fd-45b2-ba28-10f10075b239,55acf030-f5ff-445c-9885-151dfbd20e71,2026-09-06T10:55:15.168000+00:00,keydown,72,h,,150.7,,,,,,,,controlled_typing,3,,,,,,,,,,/app/training,dev_07816792-ddc2-4c7e-b167-1da450c46a18,,,,,,,,,,,,,,,,,,,,,,,,,,,,,,,,,,,,,,,,,,,,,,,,,,,,,,,,,,,,,,,,,,
training_event,training,dba80c84-68fd-45b2-ba28-10f10075b239,55acf030-f5ff-445c-9885-151dfbd20e71,2026-09-06T10:55:15.249000+00:00,keyup,72,,81.7,,,,,,,,,controlled_typing,3,,,,,,,,,,/app/training,dev_07816792-ddc2-4c7e-b167-1da450c46a18,,,,,,,,,,,,,,,,,,,,,,,,,,,,,,,,,,,,,,,,,,,,,,,,,,,,,,,,,,,,,,,,,,
training_event,training,dba80c84-68fd-45b2-ba28-10f10075b239,55acf030-f5ff-445c-9885-151dfbd20e71,2026-09-06T10:55:15.378000+00:00,keydown,73,i,,210.8,,,,,,,,controlled_typing,3,,,,,,,,,,/app/training,dev_07816792-ddc2-4c7e-b167-1da450c46a18,,,,,,,,,,,,,,,,,,,,,,,,,,,,,,,,,,,,,,,,,,,,,,,,,,,,,,,,,,,,,,,,,,
training_event,training,dba80c84-68fd-45b2-ba28-10f10075b239,55acf030-f5ff-445c-9885-151dfbd20e71,2026-09-06T10:55:15.498000+00:00,keyup,73,,119.9,,,,,,,,,controlled_typing,3,,,,,,,,,,/app/training,dev_07816792-ddc2-4c7e-b167-1da450c46a18,,,,,,,,,,,,,,,,,,,,,,,,,,,,,,,,,,,,,,,,,,,,,,,,,,,,,,,,,,,,,,,,,,
training_event,training,dba80c84-68fd-45b2-ba28-10f10075b239,55acf030-f5ff-445c-9885-151dfbd20e71,2026-09-06T10:55:15.506000+00:00,keydown,83,s,,127.2,,,,,,,,controlled_typing,3,,,,,,,,,,/app/training,dev_07816792-ddc2-4c7e-b167-1da450c46a18,,,,,,,,,,,,,,,,,,,,,,,,,,,,,,,,,,,,,,,,,,,,,,,,,,,,,,,,,,,,,,,,,,
training_event,training,dba80c84-68fd-45b2-ba28-10f10075b239,55acf030-f5ff-445c-9885-151dfbd20e71,2026-09-06T10:55:15.616000+00:00,keydown,32, ,,110.8,,,,,,,,controlled_typing,3,,,,,,,,,,/app/training,dev_07816792-ddc2-4c7e-b167-1da450c46a18,,,,,,,,,,,,,,,,,,,,,,,,,,,,,,,,,,,,,,,,,,,,,,,,,,,,,,,,,,,,,,,,,,
training_event,training,dba80c84-68fd-45b2-ba28-10f10075b239,55acf030-f5ff-445c-9885-151dfbd20e71,2026-09-06T10:55:15.629000+00:00,keyup,83,,123.4,,,,,,,,,controlled_typing,3,,,,,,,,,,/app/training,dev_07816792-ddc2-4c7e-b167-1da450c46a18,,,,,,,,,,,,,,,,,,,,,,,,,,,,,,,,,,,,,,,,,,,,,,,,,,,,,,,,,,,,,,,,,,
training_event,training,dba80c84-68fd-45b2-ba28-10f10075b239,55acf030-f5ff-445c-9885-151dfbd20e71,2026-09-06T10:55:15.759000+00:00,keyup,32,,142.5,,,,,,,,,controlled_typing,3,,,,,,,,,,/app/training,dev_07816792-ddc2-4c7e-b167-1da450c46a18,,,,,,,,,,,,,,,,,,,,,,,,,,,,,,,,,,,,,,,,,,,,,,,,,,,,,,,,,,,,,,,,,,
training_event,training,dba80c84-68fd-45b2-ba28-10f10075b239,55acf030-f5ff-445c-9885-151dfbd20e71,2026-09-06T10:55:15.789000+00:00,keydown,83,s,,172.8,,,,,,,,controlled_typing,3,,,,,,,,,,/app/training,dev_07816792-ddc2-4c7e-b167-1da450c46a18,,,,,,,,,,,,,,,,,,,,,,,,,,,,,,,,,,,,,,,,,,,,,,,,,,,,,,,,,,,,,,,,,,
training_event,training,dba80c84-68fd-45b2-ba28-10f10075b239,55acf030-f5ff-445c-9885-151dfbd20e71,2026-09-06T10:55:15.893000+00:00,keyup,83,,103.8,,,,,,,,,controlled_typing,3,,,,,,,,,,/app/training,dev_07816792-ddc2-4c7e-b167-1da450c46a18,,,,,,,,,,,,,,,,,,,,,,,,,,,,,,,,,,,,,,,,,,,,,,,,,,,,,,,,,,,,,,,,,,
training_event,training,dba80c84-68fd-45b2-ba28-10f10075b239,55acf030-f5ff-445c-9885-151dfbd20e71,2026-09-06T10:55:16.012000+00:00,keydown,69,e,,222.7,,,,,,,,controlled_typing,3,,,,,,,,,,/app/training,dev_07816792-ddc2-4c7e-b167-1da450c46a18,,,,,,,,,,,,,,,,,,,,,,,,,,,,,,,,,,,,,,,,,,,,,,,,,,,,,,,,,,,,,,,,,,
training_event,training,dba80c84-68fd-45b2-ba28-10f10075b239,55acf030-f5ff-445c-9885-151dfbd20e71,2026-09-06T10:55:16.104000+00:00,keyup,69,,91.9,,,,,,,,,controlled_typing,3,,,,,,,,,,/app/training,dev_07816792-ddc2-4c7e-b167-1da450c46a18,,,,,,,,,,,,,,,,,,,,,,,,,,,,,,,,,,,,,,,,,,,,,,,,,,,,,,,,,,,,,,,,,,
training_event,training,dba80c84-68fd-45b2-ba28-10f10075b239,55acf030-f5ff-445c-9885-151dfbd20e71,2026-09-06T10:55:16.177000+00:00,keydown,78,n,,165.3,,,,,,,,controlled_typing,3,,,,,,,,,,/app/training,dev_07816792-ddc2-4c7e-b167-1da450c46a18,,,,,,,,,,,,,,,,,,,,,,,,,,,,,,,,,,,,,,,,,,,,,,,,,,,,,,,,,,,,,,,,,,
training_event,training,dba80c84-68fd-45b2-ba28-10f10075b239,55acf030-f5ff-445c-9885-151dfbd20e71,2026-09-06T10:55:16.305000+00:00,keyup,78,,127.6,,,,,,,,,controlled_typing,3,,,,,,,,,,/app/training,dev_07816792-ddc2-4c7e-b167-1da450c46a18,,,,,,,,,,,,,,,,,,,,,,,,,,,,,,,,,,,,,,,,,,,,,,,,,,,,,,,,,,,,,,,,,,
training_event,training,dba80c84-68fd-45b2-ba28-10f10075b239,55acf030-f5ff-445c-9885-151dfbd20e71,2026-09-06T10:55:16.316000+00:00,keydown,84,t,,138.6,,,,,,,,controlled_typing,3,,,,,,,,,,/app/training,dev_07816792-ddc2-4c7e-b167-1da450c46a18,,,,,,,,,,,,,,,,,,,,,,,,,,,,,,,,,,,,,,,,,,,,,,,,,,,,,,,,,,,,,,,,,,
training_event,training,dba80c84-68fd-45b2-ba28-10f10075b239,55acf030-f5ff-445c-9885-151dfbd20e71,2026-09-06T10:55:16.444000+00:00,keyup,84,,128.7,,,,,,,,,controlled_typing,3,,,,,,,,,,/app/training,dev_07816792-ddc2-4c7e-b167-1da450c46a18,,,,,,,,,,,,,,,,,,,,,,,,,,,,,,,,,,,,,,,,,,,,,,,,,,,,,,,,,,,,,,,,,,
training_event,training,dba80c84-68fd-45b2-ba28-10f10075b239,55acf030-f5ff-445c-9885-151dfbd20e71,2026-09-06T10:55:16.563000+00:00,keydown,69,e,,247.2,,,,,,,,controlled_typing,3,,,,,,,,,,/app/training,dev_07816792-ddc2-4c7e-b167-1da450c46a18,,,,,,,,,,,,,,,,,,,,,,,,,,,,,,,,,,,,,,,,,,,,,,,,,,,,,,,,,,,,,,,,,,
training_event,training,dba80c84-68fd-45b2-ba28-10f10075b239,55acf030-f5ff-445c-9885-151dfbd20e71,2026-09-06T10:55:16.697000+00:00,keyup,69,,134.4,,,,,,,,,controlled_typing,3,,,,,,,,,,/app/training,dev_07816792-ddc2-4c7e-b167-1da450c46a18,,,,,,,,,,,,,,,,,,,,,,,,,,,,,,,,,,,,,,,,,,,,,,,,,,,,,,,,,,,,,,,,,,
training_event,training,dba80c84-68fd-45b2-ba28-10f10075b239,55acf030-f5ff-445c-9885-151dfbd20e71,2026-09-06T10:55:16.708000+00:00,keydown,78,n,,145.0,,,,,,,,controlled_typing,3,,,,,,,,,,/app/training,dev_07816792-ddc2-4c7e-b167-1da450c46a18,,,,,,,,,,,,,,,,,,,,,,,,,,,,,,,,,,,,,,,,,,,,,,,,,,,,,,,,,,,,,,,,,,
training_event,training,dba80c84-68fd-45b2-ba28-10f10075b239,55acf030-f5ff-445c-9885-151dfbd20e71,2026-09-06T10:55:16.833000+00:00,keyup,78,,124.9,,,,,,,,,controlled_typing,3,,,,,,,,,,/app/training,dev_07816792-ddc2-4c7e-b167-1da450c46a18,,,,,,,,,,,,,,,,,,,,,,,,,,,,,,,,,,,,,,,,,,,,,,,,,,,,,,,,,,,,,,,,,,
training_event,training,dba80c84-68fd-45b2-ba28-10f10075b239,55acf030-f5ff-445c-9885-151dfbd20e71,2026-09-06T10:55:17.047000+00:00,keydown,67,c,,338.5,,,,,,,,controlled_typing,3,,,,,,,,,,/app/training,dev_07816792-ddc2-4c7e-b167-1da450c46a18,,,,,,,,,,,,,,,,,,,,,,,,,,,,,,,,,,,,,,,,,,,,,,,,,,,,,,,,,,,,,,,,,,
training_event,training,dba80c84-68fd-45b2-ba28-10f10075b239,55acf030-f5ff-445c-9885-151dfbd20e71,2026-09-06T10:55:17.153000+00:00,keyup,67,,106.7,,,,,,,,,controlled_typing,3,,,,,,,,,,/app/training,dev_07816792-ddc2-4c7e-b167-1da450c46a18,,,,,,,,,,,,,,,,,,,,,,,,,,,,,,,,,,,,,,,,,,,,,,,,,,,,,,,,,,,,,,,,,,
training_event,training,dba80c84-68fd-45b2-ba28-10f10075b239,55acf030-f5ff-445c-9885-151dfbd20e71,2026-09-06T10:55:17.207000+00:00,keydown,69,e,,160.8,,,,,,,,controlled_typing,3,,,,,,,,,,/app/training,dev_07816792-ddc2-4c7e-b167-1da450c46a18,,,,,,,,,,,,,,,,,,,,,,,,,,,,,,,,,,,,,,,,,,,,,,,,,,,,,,,,,,,,,,,,,,
training_event,training,dba80c84-68fd-45b2-ba28-10f10075b239,55acf030-f5ff-445c-9885-151dfbd20e71,2026-09-06T10:55:17.324000+00:00,keyup,69,,117.0,,,,,,,,,controlled_typing,3,,,,,,,,,,/app/training,dev_07816792-ddc2-4c7e-b167-1da450c46a18,,,,,,,,,,,,,,,,,,,,,,,,,,,,,,,,,,,,,,,,,,,,,,,,,,,,,,,,,,,,,,,,,,
training_event,training,dba80c84-68fd-45b2-ba28-10f10075b239,55acf030-f5ff-445c-9885-151dfbd20e71,2026-09-06T10:55:17.371000+00:00,keydown,32, ,,164.2,,,,,,,,controlled_typing,3,,,,,,,,,,/app/training,dev_07816792-ddc2-4c7e-b167-1da450c46a18,,,,,,,,,,,,,,,,,,,,,,,,,,,,,,,,,,,,,,,,,,,,,,,,,,,,,,,,,,,,,,,,,,
training_event,training,dba80c84-68fd-45b2-ba28-10f10075b239,55acf030-f5ff-445c-9885-151dfbd20e71,2026-09-06T10:55:17.514000+00:00,keyup,32,,142.3,,,,,,,,,controlled_typing,3,,,,,,,,,,/app/training,dev_07816792-ddc2-4c7e-b167-1da450c46a18,,,,,,,,,,,,,,,,,,,,,,,,,,,,,,,,,,,,,,,,,,,,,,,,,,,,,,,,,,,,,,,,,,
training_event,training,dba80c84-68fd-45b2-ba28-10f10075b239,55acf030-f5ff-445c-9885-151dfbd20e71,2026-09-06T10:55:17.981000+00:00,keydown,78,n,,609.9,,,,,,,,controlled_typing,3,,,,,,,,,,/app/training,dev_07816792-ddc2-4c7e-b167-1da450c46a18,,,,,,,,,,,,,,,,,,,,,,,,,,,,,,,,,,,,,,,,,,,,,,,,,,,,,,,,,,,,,,,,,,
training_event,training,dba80c84-68fd-45b2-ba28-10f10075b239,55acf030-f5ff-445c-9885-151dfbd20e71,2026-09-06T10:55:18.097000+00:00,keyup,78,,116.0,,,,,,,,,controlled_typing,3,,,,,,,,,,/app/training,dev_07816792-ddc2-4c7e-b167-1da450c46a18,,,,,,,,,,,,,,,,,,,,,,,,,,,,,,,,,,,,,,,,,,,,,,,,,,,,,,,,,,,,,,,,,,
training_event,training,dba80c84-68fd-45b2-ba28-10f10075b239,55acf030-f5ff-445c-9885-151dfbd20e71,2026-09-06T10:55:18.124000+00:00,keydown,65,a,,142.8,,,,,,,,controlled_typing,3,,,,,,,,,,/app/training,dev_07816792-ddc2-4c7e-b167-1da450c46a18,,,,,,,,,,,,,,,,,,,,,,,,,,,,,,,,,,,,,,,,,,,,,,,,,,,,,,,,,,,,,,,,,,
training_event,training,dba80c84-68fd-45b2-ba28-10f10075b239,55acf030-f5ff-445c-9885-151dfbd20e71,2026-09-06T10:55:18.255000+00:00,keyup,65,,130.5,,,,,,,,,controlled_typing,3,,,,,,,,,,/app/training,dev_07816792-ddc2-4c7e-b167-1da450c46a18,,,,,,,,,,,,,,,,,,,,,,,,,,,,,,,,,,,,,,,,,,,,,,,,,,,,,,,,,,,,,,,,,,
training_event,training,dba80c84-68fd-45b2-ba28-10f10075b239,55acf030-f5ff-445c-9885-151dfbd20e71,2026-09-06T10:55:18.362000+00:00,keydown,84,t,,238.1,,,,,,,,controlled_typing,3,,,,,,,,,,/app/training,dev_07816792-ddc2-4c7e-b167-1da450c46a18,,,,,,,,,,,,,,,,,,,,,,,,,,,,,,,,,,,,,,,,,,,,,,,,,,,,,,,,,,,,,,,,,,
training_event,training,dba80c84-68fd-45b2-ba28-10f10075b239,55acf030-f5ff-445c-9885-151dfbd20e71,2026-09-06T10:55:18.502000+00:00,keyup,84,,139.8,,,,,,,,,controlled_typing,3,,,,,,,,,,/app/training,dev_07816792-ddc2-4c7e-b167-1da450c46a18,,,,,,,,,,,,,,,,,,,,,,,,,,,,,,,,,,,,,,,,,,,,,,,,,,,,,,,,,,,,,,,,,,
training_event,training,dba80c84-68fd-45b2-ba28-10f10075b239,55acf030-f5ff-445c-9885-151dfbd20e71,2026-09-06T10:55:18.731000+00:00,keydown,85,u,,369.1,,,,,,,,controlled_typing,3,,,,,,,,,,/app/training,dev_07816792-ddc2-4c7e-b167-1da450c46a18,,,,,,,,,,,,,,,,,,,,,,,,,,,,,,,,,,,,,,,,,,,,,,,,,,,,,,,,,,,,,,,,,,
training_event,training,dba80c84-68fd-45b2-ba28-10f10075b239,55acf030-f5ff-445c-9885-151dfbd20e71,2026-09-06T10:55:18.838000+00:00,keyup,85,,106.5,,,,,,,,,controlled_typing,3,,,,,,,,,,/app/training,dev_07816792-ddc2-4c7e-b167-1da450c46a18,,,,,,,,,,,,,,,,,,,,,,,,,,,,,,,,,,,,,,,,,,,,,,,,,,,,,,,,,,,,,,,,,,
training_event,training,dba80c84-68fd-45b2-ba28-10f10075b239,55acf030-f5ff-445c-9885-151dfbd20e71,2026-09-06T10:55:18.877000+00:00,keydown,82,r,,145.4,,,,,,,,controlled_typing,3,,,,,,,,,,/app/training,dev_07816792-ddc2-4c7e-b167-1da450c46a18,,,,,,,,,,,,,,,,,,,,,,,,,,,,,,,,,,,,,,,,,,,,,,,,,,,,,,,,,,,,,,,,,,
training_event,training,dba80c84-68fd-45b2-ba28-10f10075b239,55acf030-f5ff-445c-9885-151dfbd20e71,2026-09-06T10:55:18.929000+00:00,keyup,82,,52.5,,,,,,,,,controlled_typing,3,,,,,,,,,,/app/training,dev_07816792-ddc2-4c7e-b167-1da450c46a18,,,,,,,,,,,,,,,,,,,,,,,,,,,,,,,,,,,,,,,,,,,,,,,,,,,,,,,,,,,,,,,,,,
training_event,training,dba80c84-68fd-45b2-ba28-10f10075b239,55acf030-f5ff-445c-9885-151dfbd20e71,2026-09-06T10:55:19.153000+00:00,keydown,65,a,,276.0,,,,,,,,controlled_typing,3,,,,,,,,,,/app/training,dev_07816792-ddc2-4c7e-b167-1da450c46a18,,,,,,,,,,,,,,,,,,,,,,,,,,,,,,,,,,,,,,,,,,,,,,,,,,,,,,,,,,,,,,,,,,
training_event,training,dba80c84-68fd-45b2-ba28-10f10075b239,55acf030-f5ff-445c-9885-151dfbd20e71,2026-09-06T10:55:19.264000+00:00,keyup,65,,111.3,,,,,,,,,controlled_typing,3,,,,,,,,,,/app/training,dev_07816792-ddc2-4c7e-b167-1da450c46a18,,,,,,,,,,,,,,,,,,,,,,,,,,,,,,,,,,,,,,,,,,,,,,,,,,,,,,,,,,,,,,,,,,
training_event,training,dba80c84-68fd-45b2-ba28-10f10075b239,55acf030-f5ff-445c-9885-151dfbd20e71,2026-09-06T10:55:19.322000+00:00,keydown,76,l,,169.0,,,,,,,,controlled_typing,3,,,,,,,,,,/app/training,dev_07816792-ddc2-4c7e-b167-1da450c46a18,,,,,,,,,,,,,,,,,,,,,,,,,,,,,,,,,,,,,,,,,,,,,,,,,,,,,,,,,,,,,,,,,,
training_event,training,dba80c84-68fd-45b2-ba28-10f10075b239,55acf030-f5ff-445c-9885-151dfbd20e71,2026-09-06T10:55:19.408000+00:00,keyup,76,,86.1,,,,,,,,,controlled_typing,3,,,,,,,,,,/app/training,dev_07816792-ddc2-4c7e-b167-1da450c46a18,,,,,,,,,,,,,,,,,,,,,,,,,,,,,,,,,,,,,,,,,,,,,,,,,,,,,,,,,,,,,,,,,,
training_event,training,dba80c84-68fd-45b2-ba28-10f10075b239,55acf030-f5ff-445c-9885-151dfbd20e71,2026-09-06T10:55:19.488000+00:00,keydown,76,l,,166.2,,,,,,,,controlled_typing,3,,,,,,,,,,/app/training,dev_07816792-ddc2-4c7e-b167-1da450c46a18,,,,,,,,,,,,,,,,,,,,,,,,,,,,,,,,,,,,,,,,,,,,,,,,,,,,,,,,,,,,,,,,,,
training_event,training,dba80c84-68fd-45b2-ba28-10f10075b239,55acf030-f5ff-445c-9885-151dfbd20e71,2026-09-06T10:55:19.578000+00:00,keyup,76,,90.1,,,,,,,,,controlled_typing,3,,,,,,,,,,/app/training,dev_07816792-ddc2-4c7e-b167-1da450c46a18,,,,,,,,,,,,,,,,,,,,,,,,,,,,,,,,,,,,,,,,,,,,,,,,,,,,,,,,,,,,,,,,,,
training_event,training,dba80c84-68fd-45b2-ba28-10f10075b239,55acf030-f5ff-445c-9885-151dfbd20e71,2026-09-06T10:55:19.754000+00:00,keydown,89,y,,266.1,,,,,,,,controlled_typing,3,,,,,,,,,,/app/training,dev_07816792-ddc2-4c7e-b167-1da450c46a18,,,,,,,,,,,,,,,,,,,,,,,,,,,,,,,,,,,,,,,,,,,,,,,,,,,,,,,,,,,,,,,,,,
training_event,training,dba80c84-68fd-45b2-ba28-10f10075b239,55acf030-f5ff-445c-9885-151dfbd20e71,2026-09-06T10:55:19.863000+00:00,keyup,89,,109.0,,,,,,,,,controlled_typing,3,,,,,,,,,,/app/training,dev_07816792-ddc2-4c7e-b167-1da450c46a18,,,,,,,,,,,,,,,,,,,,,,,,,,,,,,,,,,,,,,,,,,,,,,,,,,,,,,,,,,,,,,,,,,
training_event,training,dba80c84-68fd-45b2-ba28-10f10075b239,55acf030-f5ff-445c-9885-151dfbd20e71,2026-09-06T10:55:20.007000+00:00,keydown,32, ,,252.9,,,,,,,,controlled_typing,3,,,,,,,,,,/app/training,dev_07816792-ddc2-4c7e-b167-1da450c46a18,,,,,,,,,,,,,,,,,,,,,,,,,,,,,,,,,,,,,,,,,,,,,,,,,,,,,,,,,,,,,,,,,,
training_event,training,dba80c84-68fd-45b2-ba28-10f10075b239,55acf030-f5ff-445c-9885-151dfbd20e71,2026-09-06T10:55:20.139000+00:00,keyup,32,,131.8,,,,,,,,,controlled_typing,3,,,,,,,,,,/app/training,dev_07816792-ddc2-4c7e-b167-1da450c46a18,,,,,,,,,,,,,,,,,,,,,,,,,,,,,,,,,,,,,,,,,,,,,,,,,,,,,,,,,,,,,,,,,,
training_event,training,dba80c84-68fd-45b2-ba28-10f10075b239,55acf030-f5ff-445c-9885-151dfbd20e71,2026-09-06T10:55:20.446000+00:00,keydown,87,w,,439.0,,,,,,,,controlled_typing,3,,,,,,,,,,/app/training,dev_07816792-ddc2-4c7e-b167-1da450c46a18,,,,,,,,,,,,,,,,,,,,,,,,,,,,,,,,,,,,,,,,,,,,,,,,,,,,,,,,,,,,,,,,,,
training_event,training,dba80c84-68fd-45b2-ba28-10f10075b239,55acf030-f5ff-445c-9885-151dfbd20e71,2026-09-06T10:55:20.591000+00:00,keyup,87,,145.2,,,,,,,,,controlled_typing,3,,,,,,,,,,/app/training,dev_07816792-ddc2-4c7e-b167-1da450c46a18,,,,,,,,,,,,,,,,,,,,,,,,,,,,,,,,,,,,,,,,,,,,,,,,,,,,,,,,,,,,,,,,,,
training_event,training,dba80c84-68fd-45b2-ba28-10f10075b239,55acf030-f5ff-445c-9885-151dfbd20e71,2026-09-06T10:55:20.647000+00:00,keydown,73,i,,201.0,,,,,,,,controlled_typing,3,,,,,,,,,,/app/training,dev_07816792-ddc2-4c7e-b167-1da450c46a18,,,,,,,,,,,,,,,,,,,,,,,,,,,,,,,,,,,,,,,,,,,,,,,,,,,,,,,,,,,,,,,,,,
training_event,training,dba80c84-68fd-45b2-ba28-10f10075b239,55acf030-f5ff-445c-9885-151dfbd20e71,2026-09-06T10:55:20.763000+00:00,keyup,73,,115.9,,,,,,,,,controlled_typing,3,,,,,,,,,,/app/training,dev_07816792-ddc2-4c7e-b167-1da450c46a18,,,,,,,,,,,,,,,,,,,,,,,,,,,,,,,,,,,,,,,,,,,,,,,,,,,,,,,,,,,,,,,,,,
training_event,training,dba80c84-68fd-45b2-ba28-10f10075b239,55acf030-f5ff-445c-9885-151dfbd20e71,2026-09-06T10:55:20.821000+00:00,keydown,84,t,,174.0,,,,,,,,controlled_typing,3,,,,,,,,,,/app/training,dev_07816792-ddc2-4c7e-b167-1da450c46a18,,,,,,,,,,,,,,,,,,,,,,,,,,,,,,,,,,,,,,,,,,,,,,,,,,,,,,,,,,,,,,,,,,
training_event,training,dba80c84-68fd-45b2-ba28-10f10075b239,55acf030-f5ff-445c-9885-151dfbd20e71,2026-09-06T10:55:20.954000+00:00,keyup,84,,133.4,,,,,,,,,controlled_typing,3,,,,,,,,,,/app/training,dev_07816792-ddc2-4c7e-b167-1da450c46a18,,,,,,,,,,,,,,,,,,,,,,,,,,,,,,,,,,,,,,,,,,,,,,,,,,,,,,,,,,,,,,,,,,
training_event,training,dba80c84-68fd-45b2-ba28-10f10075b239,55acf030-f5ff-445c-9885-151dfbd20e71,2026-09-06T10:55:20.963000+00:00,keydown,72,h,,142.0,,,,,,,,controlled_typing,3,,,,,,,,,,/app/training,dev_07816792-ddc2-4c7e-b167-1da450c46a18,,,,,,,,,,,,,,,,,,,,,,,,,,,,,,,,,,,,,,,,,,,,,,,,,,,,,,,,,,,,,,,,,,
training_event,training,dba80c84-68fd-45b2-ba28-10f10075b239,55acf030-f5ff-445c-9885-151dfbd20e71,2026-09-06T10:55:21.037000+00:00,keyup,72,,74.1,,,,,,,,,controlled_typing,3,,,,,,,,,,/app/training,dev_07816792-ddc2-4c7e-b167-1da450c46a18,,,,,,,,,,,,,,,,,,,,,,,,,,,,,,,,,,,,,,,,,,,,,,,,,,,,,,,,,,,,,,,,,,
training_event,training,dba80c84-68fd-45b2-ba28-10f10075b239,55acf030-f5ff-445c-9885-151dfbd20e71,2026-09-06T10:55:21.208000+00:00,keydown,79,o,,244.9,,,,,,,,controlled_typing,3,,,,,,,,,,/app/training,dev_07816792-ddc2-4c7e-b167-1da450c46a18,,,,,,,,,,,,,,,,,,,,,,,,,,,,,,,,,,,,,,,,,,,,,,,,,,,,,,,,,,,,,,,,,,
training_event,training,dba80c84-68fd-45b2-ba28-10f10075b239,55acf030-f5ff-445c-9885-151dfbd20e71,2026-09-06T10:55:21.322000+00:00,keyup,79,,114.4,,,,,,,,,controlled_typing,3,,,,,,,,,,/app/training,dev_07816792-ddc2-4c7e-b167-1da450c46a18,,,,,,,,,,,,,,,,,,,,,,,,,,,,,,,,,,,,,,,,,,,,,,,,,,,,,,,,,,,,,,,,,,
training_event,training,dba80c84-68fd-45b2-ba28-10f10075b239,55acf030-f5ff-445c-9885-151dfbd20e71,2026-09-06T10:55:21.441000+00:00,keydown,85,u,,233.2,,,,,,,,controlled_typing,3,,,,,,,,,,/app/training,dev_07816792-ddc2-4c7e-b167-1da450c46a18,,,,,,,,,,,,,,,,,,,,,,,,,,,,,,,,,,,,,,,,,,,,,,,,,,,,,,,,,,,,,,,,,,
training_event,training,dba80c84-68fd-45b2-ba28-10f10075b239,55acf030-f5ff-445c-9885-151dfbd20e71,2026-09-06T10:55:21.547000+00:00,keyup,85,,105.7,,,,,,,,,controlled_typing,3,,,,,,,,,,/app/training,dev_07816792-ddc2-4c7e-b167-1da450c46a18,,,,,,,,,,,,,,,,,,,,,,,,,,,,,,,,,,,,,,,,,,,,,,,,,,,,,,,,,,,,,,,,,,
training_event,training,dba80c84-68fd-45b2-ba28-10f10075b239,55acf030-f5ff-445c-9885-151dfbd20e71,2026-09-06T10:55:21.641000+00:00,keydown,84,t,,199.7,,,,,,,,controlled_typing,3,,,,,,,,,,/app/training,dev_07816792-ddc2-4c7e-b167-1da450c46a18,,,,,,,,,,,,,,,,,,,,,,,,,,,,,,,,,,,,,,,,,,,,,,,,,,,,,,,,,,,,,,,,,,
training_event,training,dba80c84-68fd-45b2-ba28-10f10075b239,55acf030-f5ff-445c-9885-151dfbd20e71,2026-09-06T10:55:21.773000+00:00,keyup,84,,131.7,,,,,,,,,controlled_typing,3,,,,,,,,,,/app/training,dev_07816792-ddc2-4c7e-b167-1da450c46a18,,,,,,,,,,,,,,,,,,,,,,,,,,,,,,,,,,,,,,,,,,,,,,,,,,,,,,,,,,,,,,,,,,
training_event,training,dba80c84-68fd-45b2-ba28-10f10075b239,55acf030-f5ff-445c-9885-151dfbd20e71,2026-09-06T10:55:21.790000+00:00,keydown,32, ,,149.5,,,,,,,,controlled_typing,3,,,,,,,,,,/app/training,dev_07816792-ddc2-4c7e-b167-1da450c46a18,,,,,,,,,,,,,,,,,,,,,,,,,,,,,,,,,,,,,,,,,,,,,,,,,,,,,,,,,,,,,,,,,,
training_event,training,dba80c84-68fd-45b2-ba28-10f10075b239,55acf030-f5ff-445c-9885-151dfbd20e71,2026-09-06T10:55:21.917000+00:00,keyup,32,,127.0,,,,,,,,,controlled_typing,3,,,,,,,,,,/app/training,dev_07816792-ddc2-4c7e-b167-1da450c46a18,,,,,,,,,,,,,,,,,,,,,,,,,,,,,,,,,,,,,,,,,,,,,,,,,,,,,,,,,,,,,,,,,,
training_event,training,dba80c84-68fd-45b2-ba28-10f10075b239,55acf030-f5ff-445c-9885-151dfbd20e71,2026-09-06T10:55:22.395000+00:00,keydown,84,t,,605.0,,,,,,,,controlled_typing,3,,,,,,,,,,/app/training,dev_07816792-ddc2-4c7e-b167-1da450c46a18,,,,,,,,,,,,,,,,,,,,,,,,,,,,,,,,,,,,,,,,,,,,,,,,,,,,,,,,,,,,,,,,,,
training_event,training,dba80c84-68fd-45b2-ba28-10f10075b239,55acf030-f5ff-445c-9885-151dfbd20e71,2026-09-06T10:55:22.517000+00:00,keyup,84,,121.5,,,,,,,,,controlled_typing,3,,,,,,,,,,/app/training,dev_07816792-ddc2-4c7e-b167-1da450c46a18,,,,,,,,,,,,,,,,,,,,,,,,,,,,,,,,,,,,,,,,,,,,,,,,,,,,,,,,,,,,,,,,,,
training_event,training,dba80c84-68fd-45b2-ba28-10f10075b239,55acf030-f5ff-445c-9885-151dfbd20e71,2026-09-06T10:55:22.536000+00:00,keydown,89,y,,141.1,,,,,,,,controlled_typing,3,,,,,,,,,,/app/training,dev_07816792-ddc2-4c7e-b167-1da450c46a18,,,,,,,,,,,,,,,,,,,,,,,,,,,,,,,,,,,,,,,,,,,,,,,,,,,,,,,,,,,,,,,,,,
training_event,training,dba80c84-68fd-45b2-ba28-10f10075b239,55acf030-f5ff-445c-9885-151dfbd20e71,2026-09-06T10:55:22.630000+00:00,keyup,89,,93.2,,,,,,,,,controlled_typing,3,,,,,,,,,,/app/training,dev_07816792-ddc2-4c7e-b167-1da450c46a18,,,,,,,,,,,,,,,,,,,,,,,,,,,,,,,,,,,,,,,,,,,,,,,,,,,,,,,,,,,,,,,,,,
training_event,training,dba80c84-68fd-45b2-ba28-10f10075b239,55acf030-f5ff-445c-9885-151dfbd20e71,2026-09-06T10:55:23.127000+00:00,keydown,80,p,,590.8,,,,,,,,controlled_typing,3,,,,,,,,,,/app/training,dev_07816792-ddc2-4c7e-b167-1da450c46a18,,,,,,,,,,,,,,,,,,,,,,,,,,,,,,,,,,,,,,,,,,,,,,,,,,,,,,,,,,,,,,,,,,
training_event,training,dba80c84-68fd-45b2-ba28-10f10075b239,55acf030-f5ff-445c-9885-151dfbd20e71,2026-09-06T10:55:23.264000+00:00,keyup,80,,136.6,,,,,,,,,controlled_typing,3,,,,,,,,,,/app/training,dev_07816792-ddc2-4c7e-b167-1da450c46a18,,,,,,,,,,,,,,,,,,,,,,,,,,,,,,,,,,,,,,,,,,,,,,,,,,,,,,,,,,,,,,,,,,
training_event,training,dba80c84-68fd-45b2-ba28-10f10075b239,55acf030-f5ff-445c-9885-151dfbd20e71,2026-09-06T10:55:23.436000+00:00,keydown,73,i,,309.0,,,,,,,,controlled_typing,3,,,,,,,,,,/app/training,dev_07816792-ddc2-4c7e-b167-1da450c46a18,,,,,,,,,,,,,,,,,,,,,,,,,,,,,,,,,,,,,,,,,,,,,,,,,,,,,,,,,,,,,,,,,,
training_event,training,dba80c84-68fd-45b2-ba28-10f10075b239,55acf030-f5ff-445c-9885-151dfbd20e71,2026-09-06T10:55:23.522000+00:00,keyup,73,,85.6,,,,,,,,,controlled_typing,3,,,,,,,,,,/app/training,dev_07816792-ddc2-4c7e-b167-1da450c46a18,,,,,,,,,,,,,,,,,,,,,,,,,,,,,,,,,,,,,,,,,,,,,,,,,,,,,,,,,,,,,,,,,,
training_event,training,dba80c84-68fd-45b2-ba28-10f10075b239,55acf030-f5ff-445c-9885-151dfbd20e71,2026-09-06T10:55:23.711000+00:00,keydown,78,n,,274.8,,,,,,,,controlled_typing,3,,,,,,,,,,/app/training,dev_07816792-ddc2-4c7e-b167-1da450c46a18,,,,,,,,,,,,,,,,,,,,,,,,,,,,,,,,,,,,,,,,,,,,,,,,,,,,,,,,,,,,,,,,,,
training_event,training,dba80c84-68fd-45b2-ba28-10f10075b239,55acf030-f5ff-445c-9885-151dfbd20e71,2026-09-06T10:55:23.943000+00:00,keyup,78,,231.7,,,,,,,,,controlled_typing,3,,,,,,,,,,/app/training,dev_07816792-ddc2-4c7e-b167-1da450c46a18,,,,,,,,,,,,,,,,,,,,,,,,,,,,,,,,,,,,,,,,,,,,,,,,,,,,,,,,,,,,,,,,,,
training_event,training,dba80c84-68fd-45b2-ba28-10f10075b239,55acf030-f5ff-445c-9885-151dfbd20e71,2026-09-06T10:55:24.790000+00:00,keydown,8,,,1079.0,,,,,,,,controlled_typing,3,,,,,,,,,,/app/training,dev_07816792-ddc2-4c7e-b167-1da450c46a18,,,,,,,,,,,,,,,,,,,,,,,,,,,,,,,,,,,,,,,,,,,,,,,,,,,,,,,,,,,,,,,,,,
training_event,training,dba80c84-68fd-45b2-ba28-10f10075b239,55acf030-f5ff-445c-9885-151dfbd20e71,2026-09-06T10:55:24.923000+00:00,keyup,8,,132.8,,,,,,,,,controlled_typing,3,,,,,,,,,,/app/training,dev_07816792-ddc2-4c7e-b167-1da450c46a18,,,,,,,,,,,,,,,,,,,,,,,,,,,,,,,,,,,,,,,,,,,,,,,,,,,,,,,,,,,,,,,,,,
training_event,training,dba80c84-68fd-45b2-ba28-10f10075b239,55acf030-f5ff-445c-9885-151dfbd20e71,2026-09-06T10:55:25.010000+00:00,keydown,8,,,220.4,,,,,,,,controlled_typing,3,,,,,,,,,,/app/training,dev_07816792-ddc2-4c7e-b167-1da450c46a18,,,,,,,,,,,,,,,,,,,,,,,,,,,,,,,,,,,,,,,,,,,,,,,,,,,,,,,,,,,,,,,,,,
training_event,training,dba80c84-68fd-45b2-ba28-10f10075b239,55acf030-f5ff-445c-9885-151dfbd20e71,2026-09-06T10:55:25.097000+00:00,keyup,8,,86.2,,,,,,,,,controlled_typing,3,,,,,,,,,,/app/training,dev_07816792-ddc2-4c7e-b167-1da450c46a18,,,,,,,,,,,,,,,,,,,,,,,,,,,,,,,,,,,,,,,,,,,,,,,,,,,,,,,,,,,,,,,,,,
training_event,training,dba80c84-68fd-45b2-ba28-10f10075b239,55acf030-f5ff-445c-9885-151dfbd20e71,2026-09-06T10:55:25.380000+00:00,keydown,8,,,369.8,,,,,,,,controlled_typing,3,,,,,,,,,,/app/training,dev_07816792-ddc2-4c7e-b167-1da450c46a18,,,,,,,,,,,,,,,,,,,,,,,,,,,,,,,,,,,,,,,,,,,,,,,,,,,,,,,,,,,,,,,,,,
training_event,training,dba80c84-68fd-45b2-ba28-10f10075b239,55acf030-f5ff-445c-9885-151dfbd20e71,2026-09-06T10:55:25.476000+00:00,keyup,8,,96.0,,,,,,,,,controlled_typing,3,,,,,,,,,,/app/training,dev_07816792-ddc2-4c7e-b167-1da450c46a18,,,,,,,,,,,,,,,,,,,,,,,,,,,,,,,,,,,,,,,,,,,,,,,,,,,,,,,,,,,,,,,,,,
training_event,training,dba80c84-68fd-45b2-ba28-10f10075b239,55acf030-f5ff-445c-9885-151dfbd20e71,2026-09-06T10:55:26.126000+00:00,keydown,82,r,,746.2,,,,,,,,controlled_typing,3,,,,,,,,,,/app/training,dev_07816792-ddc2-4c7e-b167-1da450c46a18,,,,,,,,,,,,,,,,,,,,,,,,,,,,,,,,,,,,,,,,,,,,,,,,,,,,,,,,,,,,,,,,,,
training_event,training,dba80c84-68fd-45b2-ba28-10f10075b239,55acf030-f5ff-445c-9885-151dfbd20e71,2026-09-06T10:55:26.216000+00:00,keyup,82,,89.9,,,,,,,,,controlled_typing,3,,,,,,,,,,/app/training,dev_07816792-ddc2-4c7e-b167-1da450c46a18,,,,,,,,,,,,,,,,,,,,,,,,,,,,,,,,,,,,,,,,,,,,,,,,,,,,,,,,,,,,,,,,,,
training_event,training,dba80c84-68fd-45b2-ba28-10f10075b239,55acf030-f5ff-445c-9885-151dfbd20e71,2026-09-06T10:55:26.290000+00:00,keydown,89,y,,163.6,,,,,,,,controlled_typing,3,,,,,,,,,,/app/training,dev_07816792-ddc2-4c7e-b167-1da450c46a18,,,,,,,,,,,,,,,,,,,,,,,,,,,,,,,,,,,,,,,,,,,,,,,,,,,,,,,,,,,,,,,,,,
training_event,training,dba80c84-68fd-45b2-ba28-10f10075b239,55acf030-f5ff-445c-9885-151dfbd20e71,2026-09-06T10:55:26.336000+00:00,keyup,89,,45.6,,,,,,,,,controlled_typing,3,,,,,,,,,,/app/training,dev_07816792-ddc2-4c7e-b167-1da450c46a18,,,,,,,,,,,,,,,,,,,,,,,,,,,,,,,,,,,,,,,,,,,,,,,,,,,,,,,,,,,,,,,,,,
training_event,training,dba80c84-68fd-45b2-ba28-10f10075b239,55acf030-f5ff-445c-9885-151dfbd20e71,2026-09-06T10:55:26.529000+00:00,keydown,73,i,,239.2,,,,,,,,controlled_typing,3,,,,,,,,,,/app/training,dev_07816792-ddc2-4c7e-b167-1da450c46a18,,,,,,,,,,,,,,,,,,,,,,,,,,,,,,,,,,,,,,,,,,,,,,,,,,,,,,,,,,,,,,,,,,
training_event,training,dba80c84-68fd-45b2-ba28-10f10075b239,55acf030-f5ff-445c-9885-151dfbd20e71,2026-09-06T10:55:26.592000+00:00,keyup,73,,62.8,,,,,,,,,controlled_typing,3,,,,,,,,,,/app/training,dev_07816792-ddc2-4c7e-b167-1da450c46a18,,,,,,,,,,,,,,,,,,,,,,,,,,,,,,,,,,,,,,,,,,,,,,,,,,,,,,,,,,,,,,,,,,
training_event,training,dba80c84-68fd-45b2-ba28-10f10075b239,55acf030-f5ff-445c-9885-151dfbd20e71,2026-09-06T10:55:26.794000+00:00,keydown,78,n,,264.8,,,,,,,,controlled_typing,3,,,,,,,,,,/app/training,dev_07816792-ddc2-4c7e-b167-1da450c46a18,,,,,,,,,,,,,,,,,,,,,,,,,,,,,,,,,,,,,,,,,,,,,,,,,,,,,,,,,,,,,,,,,,
training_event,training,dba80c84-68fd-45b2-ba28-10f10075b239,55acf030-f5ff-445c-9885-151dfbd20e71,2026-09-06T10:55:26.904000+00:00,keyup,78,,109.6,,,,,,,,,controlled_typing,3,,,,,,,,,,/app/training,dev_07816792-ddc2-4c7e-b167-1da450c46a18,,,,,,,,,,,,,,,,,,,,,,,,,,,,,,,,,,,,,,,,,,,,,,,,,,,,,,,,,,,,,,,,,,
training_event,training,dba80c84-68fd-45b2-ba28-10f10075b239,55acf030-f5ff-445c-9885-151dfbd20e71,2026-09-06T10:55:27.049000+00:00,keydown,71,g,,255.2,,,,,,,,controlled_typing,3,,,,,,,,,,/app/training,dev_07816792-ddc2-4c7e-b167-1da450c46a18,,,,,,,,,,,,,,,,,,,,,,,,,,,,,,,,,,,,,,,,,,,,,,,,,,,,,,,,,,,,,,,,,,
training_event,training,dba80c84-68fd-45b2-ba28-10f10075b239,55acf030-f5ff-445c-9885-151dfbd20e71,2026-09-06T10:55:27.167000+00:00,keyup,71,,117.7,,,,,,,,,controlled_typing,3,,,,,,,,,,/app/training,dev_07816792-ddc2-4c7e-b167-1da450c46a18,,,,,,,,,,,,,,,,,,,,,,,,,,,,,,,,,,,,,,,,,,,,,,,,,,,,,,,,,,,,,,,,,,
training_event,training,dba80c84-68fd-45b2-ba28-10f10075b239,55acf030-f5ff-445c-9885-151dfbd20e71,2026-09-06T10:55:27.260000+00:00,keydown,32, ,,211.0,,,,,,,,controlled_typing,3,,,,,,,,,,/app/training,dev_07816792-ddc2-4c7e-b167-1da450c46a18,,,,,,,,,,,,,,,,,,,,,,,,,,,,,,,,,,,,,,,,,,,,,,,,,,,,,,,,,,,,,,,,,,
training_event,training,dba80c84-68fd-45b2-ba28-10f10075b239,55acf030-f5ff-445c-9885-151dfbd20e71,2026-09-06T10:55:27.391000+00:00,keyup,32,,131.4,,,,,,,,,controlled_typing,3,,,,,,,,,,/app/training,dev_07816792-ddc2-4c7e-b167-1da450c46a18,,,,,,,,,,,,,,,,,,,,,,,,,,,,,,,,,,,,,,,,,,,,,,,,,,,,,,,,,,,,,,,,,,
training_event,training,dba80c84-68fd-45b2-ba28-10f10075b239,55acf030-f5ff-445c-9885-151dfbd20e71,2026-09-06T10:55:28.087000+00:00,keydown,8,,,827.2,,,,,,,,controlled_typing,3,,,,,,,,,,/app/training,dev_07816792-ddc2-4c7e-b167-1da450c46a18,,,,,,,,,,,,,,,,,,,,,,,,,,,,,,,,,,,,,,,,,,,,,,,,,,,,,,,,,,,,,,,,,,
training_event,training,dba80c84-68fd-45b2-ba28-10f10075b239,55acf030-f5ff-445c-9885-151dfbd20e71,2026-09-06T10:55:28.180000+00:00,keyup,8,,92.6,,,,,,,,,controlled_typing,3,,,,,,,,,,/app/training,dev_07816792-ddc2-4c7e-b167-1da450c46a18,,,,,,,,,,,,,,,,,,,,,,,,,,,,,,,,,,,,,,,,,,,,,,,,,,,,,,,,,,,,,,,,,,
training_event,training,dba80c84-68fd-45b2-ba28-10f10075b239,55acf030-f5ff-445c-9885-151dfbd20e71,2026-09-06T10:55:28.304000+00:00,keydown,8,,,216.9,,,,,,,,controlled_typing,3,,,,,,,,,,/app/training,dev_07816792-ddc2-4c7e-b167-1da450c46a18,,,,,,,,,,,,,,,,,,,,,,,,,,,,,,,,,,,,,,,,,,,,,,,,,,,,,,,,,,,,,,,,,,
training_event,training,dba80c84-68fd-45b2-ba28-10f10075b239,55acf030-f5ff-445c-9885-151dfbd20e71,2026-09-06T10:55:28.381000+00:00,keyup,8,,76.6,,,,,,,,,controlled_typing,3,,,,,,,,,,/app/training,dev_07816792-ddc2-4c7e-b167-1da450c46a18,,,,,,,,,,,,,,,,,,,,,,,,,,,,,,,,,,,,,,,,,,,,,,,,,,,,,,,,,,,,,,,,,,
training_event,training,dba80c84-68fd-45b2-ba28-10f10075b239,55acf030-f5ff-445c-9885-151dfbd20e71,2026-09-06T10:55:28.520000+00:00,keydown,8,,,215.5,,,,,,,,controlled_typing,3,,,,,,,,,,/app/training,dev_07816792-ddc2-4c7e-b167-1da450c46a18,,,,,,,,,,,,,,,,,,,,,,,,,,,,,,,,,,,,,,,,,,,,,,,,,,,,,,,,,,,,,,,,,,
training_event,training,dba80c84-68fd-45b2-ba28-10f10075b239,55acf030-f5ff-445c-9885-151dfbd20e71,2026-09-06T10:55:28.588000+00:00,keyup,8,,68.1,,,,,,,,,controlled_typing,3,,,,,,,,,,/app/training,dev_07816792-ddc2-4c7e-b167-1da450c46a18,,,,,,,,,,,,,,,,,,,,,,,,,,,,,,,,,,,,,,,,,,,,,,,,,,,,,,,,,,,,,,,,,,
training_event,training,dba80c84-68fd-45b2-ba28-10f10075b239,55acf030-f5ff-445c-9885-151dfbd20e71,2026-09-06T10:55:28.691000+00:00,keydown,8,,,170.8,,,,,,,,controlled_typing,3,,,,,,,,,,/app/training,dev_07816792-ddc2-4c7e-b167-1da450c46a18,,,,,,,,,,,,,,,,,,,,,,,,,,,,,,,,,,,,,,,,,,,,,,,,,,,,,,,,,,,,,,,,,,
training_event,training,dba80c84-68fd-45b2-ba28-10f10075b239,55acf030-f5ff-445c-9885-151dfbd20e71,2026-09-06T10:55:28.767000+00:00,keyup,8,,76.2,,,,,,,,,controlled_typing,3,,,,,,,,,,/app/training,dev_07816792-ddc2-4c7e-b167-1da450c46a18,,,,,,,,,,,,,,,,,,,,,,,,,,,,,,,,,,,,,,,,,,,,,,,,,,,,,,,,,,,,,,,,,,
training_event,training,dba80c84-68fd-45b2-ba28-10f10075b239,55acf030-f5ff-445c-9885-151dfbd20e71,2026-09-06T10:55:28.874000+00:00,keydown,8,,,183.3,,,,,,,,controlled_typing,3,,,,,,,,,,/app/training,dev_07816792-ddc2-4c7e-b167-1da450c46a18,,,,,,,,,,,,,,,,,,,,,,,,,,,,,,,,,,,,,,,,,,,,,,,,,,,,,,,,,,,,,,,,,,
training_event,training,dba80c84-68fd-45b2-ba28-10f10075b239,55acf030-f5ff-445c-9885-151dfbd20e71,2026-09-06T10:55:28.945000+00:00,keyup,8,,71.6,,,,,,,,,controlled_typing,3,,,,,,,,,,/app/training,dev_07816792-ddc2-4c7e-b167-1da450c46a18,,,,,,,,,,,,,,,,,,,,,,,,,,,,,,,,,,,,,,,,,,,,,,,,,,,,,,,,,,,,,,,,,,
training_event,training,dba80c84-68fd-45b2-ba28-10f10075b239,55acf030-f5ff-445c-9885-151dfbd20e71,2026-09-06T10:55:29.055000+00:00,keydown,8,,,181.1,,,,,,,,controlled_typing,3,,,,,,,,,,/app/training,dev_07816792-ddc2-4c7e-b167-1da450c46a18,,,,,,,,,,,,,,,,,,,,,,,,,,,,,,,,,,,,,,,,,,,,,,,,,,,,,,,,,,,,,,,,,,
training_event,training,dba80c84-68fd-45b2-ba28-10f10075b239,55acf030-f5ff-445c-9885-151dfbd20e71,2026-09-06T10:55:29.124000+00:00,keyup,8,,69.2,,,,,,,,,controlled_typing,3,,,,,,,,,,/app/training,dev_07816792-ddc2-4c7e-b167-1da450c46a18,,,,,,,,,,,,,,,,,,,,,,,,,,,,,,,,,,,,,,,,,,,,,,,,,,,,,,,,,,,,,,,,,,
training_event,training,dba80c84-68fd-45b2-ba28-10f10075b239,55acf030-f5ff-445c-9885-151dfbd20e71,2026-09-06T10:55:30.273000+00:00,keydown,8,,,1217.5,,,,,,,,controlled_typing,3,,,,,,,,,,/app/training,dev_07816792-ddc2-4c7e-b167-1da450c46a18,,,,,,,,,,,,,,,,,,,,,,,,,,,,,,,,,,,,,,,,,,,,,,,,,,,,,,,,,,,,,,,,,,
training_event,training,dba80c84-68fd-45b2-ba28-10f10075b239,55acf030-f5ff-445c-9885-151dfbd20e71,2026-09-06T10:55:30.422000+00:00,keyup,8,,149.7,,,,,,,,,controlled_typing,3,,,,,,,,,,/app/training,dev_07816792-ddc2-4c7e-b167-1da450c46a18,,,,,,,,,,,,,,,,,,,,,,,,,,,,,,,,,,,,,,,,,,,,,,,,,,,,,,,,,,,,,,,,,,
training_event,training,dba80c84-68fd-45b2-ba28-10f10075b239,55acf030-f5ff-445c-9885-151dfbd20e71,2026-09-06T10:55:30.944000+00:00,keydown,82,r,,671.4,,,,,,,,controlled_typing,3,,,,,,,,,,/app/training,dev_07816792-ddc2-4c7e-b167-1da450c46a18,,,,,,,,,,,,,,,,,,,,,,,,,,,,,,,,,,,,,,,,,,,,,,,,,,,,,,,,,,,,,,,,,,
training_event,training,dba80c84-68fd-45b2-ba28-10f10075b239,55acf030-f5ff-445c-9885-151dfbd20e71,2026-09-06T10:55:31.030000+00:00,keyup,82,,86.0,,,,,,,,,controlled_typing,3,,,,,,,,,,/app/training,dev_07816792-ddc2-4c7e-b167-1da450c46a18,,,,,,,,,,,,,,,,,,,,,,,,,,,,,,,,,,,,,,,,,,,,,,,,,,,,,,,,,,,,,,,,,,
training_event,training,dba80c84-68fd-45b2-ba28-10f10075b239,55acf030-f5ff-445c-9885-151dfbd20e71,2026-09-06T10:55:31.234000+00:00,keydown,89,y,,289.9,,,,,,,,controlled_typing,3,,,,,,,,,,/app/training,dev_07816792-ddc2-4c7e-b167-1da450c46a18,,,,,,,,,,,,,,,,,,,,,,,,,,,,,,,,,,,,,,,,,,,,,,,,,,,,,,,,,,,,,,,,,,
training_event,training,dba80c84-68fd-45b2-ba28-10f10075b239,55acf030-f5ff-445c-9885-151dfbd20e71,2026-09-06T10:55:31.337000+00:00,keyup,89,,103.1,,,,,,,,,controlled_typing,3,,,,,,,,,,/app/training,dev_07816792-ddc2-4c7e-b167-1da450c46a18,,,,,,,,,,,,,,,,,,,,,,,,,,,,,,,,,,,,,,,,,,,,,,,,,,,,,,,,,,,,,,,,,,
training_event,training,dba80c84-68fd-45b2-ba28-10f10075b239,55acf030-f5ff-445c-9885-151dfbd20e71,2026-09-06T10:55:31.513000+00:00,keydown,73,i,,279.6,,,,,,,,controlled_typing,3,,,,,,,,,,/app/training,dev_07816792-ddc2-4c7e-b167-1da450c46a18,,,,,,,,,,,,,,,,,,,,,,,,,,,,,,,,,,,,,,,,,,,,,,,,,,,,,,,,,,,,,,,,,,
training_event,training,dba80c84-68fd-45b2-ba28-10f10075b239,55acf030-f5ff-445c-9885-151dfbd20e71,2026-09-06T10:55:31.639000+00:00,keyup,73,,125.6,,,,,,,,,controlled_typing,3,,,,,,,,,,/app/training,dev_07816792-ddc2-4c7e-b167-1da450c46a18,,,,,,,,,,,,,,,,,,,,,,,,,,,,,,,,,,,,,,,,,,,,,,,,,,,,,,,,,,,,,,,,,,
training_event,training,dba80c84-68fd-45b2-ba28-10f10075b239,55acf030-f5ff-445c-9885-151dfbd20e71,2026-09-06T10:55:31.814000+00:00,keydown,78,n,,300.2,,,,,,,,controlled_typing,3,,,,,,,,,,/app/training,dev_07816792-ddc2-4c7e-b167-1da450c46a18,,,,,,,,,,,,,,,,,,,,,,,,,,,,,,,,,,,,,,,,,,,,,,,,,,,,,,,,,,,,,,,,,,
training_event,training,dba80c84-68fd-45b2-ba28-10f10075b239,55acf030-f5ff-445c-9885-151dfbd20e71,2026-09-06T10:55:31.940000+00:00,keyup,78,,126.9,,,,,,,,,controlled_typing,3,,,,,,,,,,/app/training,dev_07816792-ddc2-4c7e-b167-1da450c46a18,,,,,,,,,,,,,,,,,,,,,,,,,,,,,,,,,,,,,,,,,,,,,,,,,,,,,,,,,,,,,,,,,,
training_event,training,dba80c84-68fd-45b2-ba28-10f10075b239,55acf030-f5ff-445c-9885-151dfbd20e71,2026-09-06T10:55:32.439000+00:00,keydown,71,g,,625.3,,,,,,,,controlled_typing,3,,,,,,,,,,/app/training,dev_07816792-ddc2-4c7e-b167-1da450c46a18,,,,,,,,,,,,,,,,,,,,,,,,,,,,,,,,,,,,,,,,,,,,,,,,,,,,,,,,,,,,,,,,,,
training_event,training,dba80c84-68fd-45b2-ba28-10f10075b239,55acf030-f5ff-445c-9885-151dfbd20e71,2026-09-06T10:55:32.564000+00:00,keyup,71,,125.5,,,,,,,,,controlled_typing,3,,,,,,,,,,/app/training,dev_07816792-ddc2-4c7e-b167-1da450c46a18,,,,,,,,,,,,,,,,,,,,,,,,,,,,,,,,,,,,,,,,,,,,,,,,,,,,,,,,,,,,,,,,,,
training_event,training,dba80c84-68fd-45b2-ba28-10f10075b239,55acf030-f5ff-445c-9885-151dfbd20e71,2026-09-06T10:55:32.644000+00:00,keydown,32, ,,204.8,,,,,,,,controlled_typing,3,,,,,,,,,,/app/training,dev_07816792-ddc2-4c7e-b167-1da450c46a18,,,,,,,,,,,,,,,,,,,,,,,,,,,,,,,,,,,,,,,,,,,,,,,,,,,,,,,,,,,,,,,,,,
training_event,training,dba80c84-68fd-45b2-ba28-10f10075b239,55acf030-f5ff-445c-9885-151dfbd20e71,2026-09-06T10:55:32.765000+00:00,keyup,32,,120.8,,,,,,,,,controlled_typing,3,,,,,,,,,,/app/training,dev_07816792-ddc2-4c7e-b167-1da450c46a18,,,,,,,,,,,,,,,,,,,,,,,,,,,,,,,,,,,,,,,,,,,,,,,,,,,,,,,,,,,,,,,,,,
training_event,training,dba80c84-68fd-45b2-ba28-10f10075b239,55acf030-f5ff-445c-9885-151dfbd20e71,2026-09-06T10:55:32.928000+00:00,keydown,84,t,,284.7,,,,,,,,controlled_typing,3,,,,,,,,,,/app/training,dev_07816792-ddc2-4c7e-b167-1da450c46a18,,,,,,,,,,,,,,,,,,,,,,,,,,,,,,,,,,,,,,,,,,,,,,,,,,,,,,,,,,,,,,,,,,
training_event,training,dba80c84-68fd-45b2-ba28-10f10075b239,55acf030-f5ff-445c-9885-151dfbd20e71,2026-09-06T10:55:33.119000+00:00,keyup,84,,190.9,,,,,,,,,controlled_typing,3,,,,,,,,,,/app/training,dev_07816792-ddc2-4c7e-b167-1da450c46a18,,,,,,,,,,,,,,,,,,,,,,,,,,,,,,,,,,,,,,,,,,,,,,,,,,,,,,,,,,,,,,,,,,
training_event,training,dba80c84-68fd-45b2-ba28-10f10075b239,55acf030-f5ff-445c-9885-151dfbd20e71,2026-09-06T10:55:33.128000+00:00,keydown,79,o,,199.6,,,,,,,,controlled_typing,3,,,,,,,,,,/app/training,dev_07816792-ddc2-4c7e-b167-1da450c46a18,,,,,,,,,,,,,,,,,,,,,,,,,,,,,,,,,,,,,,,,,,,,,,,,,,,,,,,,,,,,,,,,,,
training_event,training,dba80c84-68fd-45b2-ba28-10f10075b239,55acf030-f5ff-445c-9885-151dfbd20e71,2026-09-06T10:55:33.246000+00:00,keyup,79,,117.8,,,,,,,,,controlled_typing,3,,,,,,,,,,/app/training,dev_07816792-ddc2-4c7e-b167-1da450c46a18,,,,,,,,,,,,,,,,,,,,,,,,,,,,,,,,,,,,,,,,,,,,,,,,,,,,,,,,,,,,,,,,,,
training_event,training,dba80c84-68fd-45b2-ba28-10f10075b239,55acf030-f5ff-445c-9885-151dfbd20e71,2026-09-06T10:55:33.320000+00:00,keydown,32, ,,191.7,,,,,,,,controlled_typing,3,,,,,,,,,,/app/training,dev_07816792-ddc2-4c7e-b167-1da450c46a18,,,,,,,,,,,,,,,,,,,,,,,,,,,,,,,,,,,,,,,,,,,,,,,,,,,,,,,,,,,,,,,,,,
training_event,training,dba80c84-68fd-45b2-ba28-10f10075b239,55acf030-f5ff-445c-9885-151dfbd20e71,2026-09-06T10:55:33.449000+00:00,keyup,32,,129.2,,,,,,,,,controlled_typing,3,,,,,,,,,,/app/training,dev_07816792-ddc2-4c7e-b167-1da450c46a18,,,,,,,,,,,,,,,,,,,,,,,,,,,,,,,,,,,,,,,,,,,,,,,,,,,,,,,,,,,,,,,,,,
training_event,training,dba80c84-68fd-45b2-ba28-10f10075b239,55acf030-f5ff-445c-9885-151dfbd20e71,2026-09-06T10:55:34.328000+00:00,keydown,67,c,,1008.4,,,,,,,,controlled_typing,3,,,,,,,,,,/app/training,dev_07816792-ddc2-4c7e-b167-1da450c46a18,,,,,,,,,,,,,,,,,,,,,,,,,,,,,,,,,,,,,,,,,,,,,,,,,,,,,,,,,,,,,,,,,,
training_event,training,dba80c84-68fd-45b2-ba28-10f10075b239,55acf030-f5ff-445c-9885-151dfbd20e71,2026-09-06T10:55:34.461000+00:00,keyup,67,,133.2,,,,,,,,,controlled_typing,3,,,,,,,,,,/app/training,dev_07816792-ddc2-4c7e-b167-1da450c46a18,,,,,,,,,,,,,,,,,,,,,,,,,,,,,,,,,,,,,,,,,,,,,,,,,,,,,,,,,,,,,,,,,,
training_event,training,dba80c84-68fd-45b2-ba28-10f10075b239,55acf030-f5ff-445c-9885-151dfbd20e71,2026-09-06T10:55:34.510000+00:00,keydown,72,h,,181.8,,,,,,,,controlled_typing,3,,,,,,,,,,/app/training,dev_07816792-ddc2-4c7e-b167-1da450c46a18,,,,,,,,,,,,,,,,,,,,,,,,,,,,,,,,,,,,,,,,,,,,,,,,,,,,,,,,,,,,,,,,,,
training_event,training,dba80c84-68fd-45b2-ba28-10f10075b239,55acf030-f5ff-445c-9885-151dfbd20e71,2026-09-06T10:55:34.590000+00:00,keyup,72,,80.1,,,,,,,,,controlled_typing,3,,,,,,,,,,/app/training,dev_07816792-ddc2-4c7e-b167-1da450c46a18,,,,,,,,,,,,,,,,,,,,,,,,,,,,,,,,,,,,,,,,,,,,,,,,,,,,,,,,,,,,,,,,,,
training_event,training,dba80c84-68fd-45b2-ba28-10f10075b239,55acf030-f5ff-445c-9885-151dfbd20e71,2026-09-06T10:55:35.070000+00:00,keydown,65,a,,559.9,,,,,,,,controlled_typing,3,,,,,,,,,,/app/training,dev_07816792-ddc2-4c7e-b167-1da450c46a18,,,,,,,,,,,,,,,,,,,,,,,,,,,,,,,,,,,,,,,,,,,,,,,,,,,,,,,,,,,,,,,,,,
training_event,training,dba80c84-68fd-45b2-ba28-10f10075b239,55acf030-f5ff-445c-9885-151dfbd20e71,2026-09-06T10:55:35.165000+00:00,keyup,65,,95.5,,,,,,,,,controlled_typing,3,,,,,,,,,,/app/training,dev_07816792-ddc2-4c7e-b167-1da450c46a18,,,,,,,,,,,,,,,,,,,,,,,,,,,,,,,,,,,,,,,,,,,,,,,,,,,,,,,,,,,,,,,,,,
training_event,training,dba80c84-68fd-45b2-ba28-10f10075b239,55acf030-f5ff-445c-9885-151dfbd20e71,2026-09-06T10:55:35.197000+00:00,keydown,78,n,,127.5,,,,,,,,controlled_typing,3,,,,,,,,,,/app/training,dev_07816792-ddc2-4c7e-b167-1da450c46a18,,,,,,,,,,,,,,,,,,,,,,,,,,,,,,,,,,,,,,,,,,,,,,,,,,,,,,,,,,,,,,,,,,
training_event,training,dba80c84-68fd-45b2-ba28-10f10075b239,55acf030-f5ff-445c-9885-151dfbd20e71,2026-09-06T10:55:35.279000+00:00,keyup,78,,82.2,,,,,,,,,controlled_typing,3,,,,,,,,,,/app/training,dev_07816792-ddc2-4c7e-b167-1da450c46a18,,,,,,,,,,,,,,,,,,,,,,,,,,,,,,,,,,,,,,,,,,,,,,,,,,,,,,,,,,,,,,,,,,
training_event,training,dba80c84-68fd-45b2-ba28-10f10075b239,55acf030-f5ff-445c-9885-151dfbd20e71,2026-09-06T10:55:35.439000+00:00,keydown,71,g,,241.6,,,,,,,,controlled_typing,3,,,,,,,,,,/app/training,dev_07816792-ddc2-4c7e-b167-1da450c46a18,,,,,,,,,,,,,,,,,,,,,,,,,,,,,,,,,,,,,,,,,,,,,,,,,,,,,,,,,,,,,,,,,,
training_event,training,dba80c84-68fd-45b2-ba28-10f10075b239,55acf030-f5ff-445c-9885-151dfbd20e71,2026-09-06T10:55:35.520000+00:00,keyup,71,,81.0,,,,,,,,,controlled_typing,3,,,,,,,,,,/app/training,dev_07816792-ddc2-4c7e-b167-1da450c46a18,,,,,,,,,,,,,,,,,,,,,,,,,,,,,,,,,,,,,,,,,,,,,,,,,,,,,,,,,,,,,,,,,,
training_event,training,dba80c84-68fd-45b2-ba28-10f10075b239,55acf030-f5ff-445c-9885-151dfbd20e71,2026-09-06T10:55:35.528000+00:00,keydown,69,e,,89.0,,,,,,,,controlled_typing,3,,,,,,,,,,/app/training,dev_07816792-ddc2-4c7e-b167-1da450c46a18,,,,,,,,,,,,,,,,,,,,,,,,,,,,,,,,,,,,,,,,,,,,,,,,,,,,,,,,,,,,,,,,,,
training_event,training,dba80c84-68fd-45b2-ba28-10f10075b239,55acf030-f5ff-445c-9885-151dfbd20e71,2026-09-06T10:55:35.656000+00:00,keyup,69,,128.3,,,,,,,,,controlled_typing,3,,,,,,,,,,/app/training,dev_07816792-ddc2-4c7e-b167-1da450c46a18,,,,,,,,,,,,,,,,,,,,,,,,,,,,,,,,,,,,,,,,,,,,,,,,,,,,,,,,,,,,,,,,,,
training_event,training,dba80c84-68fd-45b2-ba28-10f10075b239,55acf030-f5ff-445c-9885-151dfbd20e71,2026-09-06T10:55:35.692000+00:00,keydown,32, ,,164.5,,,,,,,,controlled_typing,3,,,,,,,,,,/app/training,dev_07816792-ddc2-4c7e-b167-1da450c46a18,,,,,,,,,,,,,,,,,,,,,,,,,,,,,,,,,,,,,,,,,,,,,,,,,,,,,,,,,,,,,,,,,,
training_event,training,dba80c84-68fd-45b2-ba28-10f10075b239,55acf030-f5ff-445c-9885-151dfbd20e71,2026-09-06T10:55:35.804000+00:00,keyup,32,,111.7,,,,,,,,,controlled_typing,3,,,,,,,,,,/app/training,dev_07816792-ddc2-4c7e-b167-1da450c46a18,,,,,,,,,,,,,,,,,,,,,,,,,,,,,,,,,,,,,,,,,,,,,,,,,,,,,,,,,,,,,,,,,,
training_event,training,dba80c84-68fd-45b2-ba28-10f10075b239,55acf030-f5ff-445c-9885-151dfbd20e71,2026-09-06T10:55:35.847000+00:00,keydown,84,t,,154.6,,,,,,,,controlled_typing,3,,,,,,,,,,/app/training,dev_07816792-ddc2-4c7e-b167-1da450c46a18,,,,,,,,,,,,,,,,,,,,,,,,,,,,,,,,,,,,,,,,,,,,,,,,,,,,,,,,,,,,,,,,,,
training_event,training,dba80c84-68fd-45b2-ba28-10f10075b239,55acf030-f5ff-445c-9885-151dfbd20e71,2026-09-06T10:55:35.950000+00:00,keyup,84,,102.7,,,,,,,,,controlled_typing,3,,,,,,,,,,/app/training,dev_07816792-ddc2-4c7e-b167-1da450c46a18,,,,,,,,,,,,,,,,,,,,,,,,,,,,,,,,,,,,,,,,,,,,,,,,,,,,,,,,,,,,,,,,,,
training_event,training,dba80c84-68fd-45b2-ba28-10f10075b239,55acf030-f5ff-445c-9885-151dfbd20e71,2026-09-06T10:55:35.978000+00:00,keydown,72,h,,131.2,,,,,,,,controlled_typing,3,,,,,,,,,,/app/training,dev_07816792-ddc2-4c7e-b167-1da450c46a18,,,,,,,,,,,,,,,,,,,,,,,,,,,,,,,,,,,,,,,,,,,,,,,,,,,,,,,,,,,,,,,,,,
training_event,training,dba80c84-68fd-45b2-ba28-10f10075b239,55acf030-f5ff-445c-9885-151dfbd20e71,2026-09-06T10:55:36.079000+00:00,keyup,72,,100.9,,,,,,,,,controlled_typing,3,,,,,,,,,,/app/training,dev_07816792-ddc2-4c7e-b167-1da450c46a18,,,,,,,,,,,,,,,,,,,,,,,,,,,,,,,,,,,,,,,,,,,,,,,,,,,,,,,,,,,,,,,,,,
training_event,training,dba80c84-68fd-45b2-ba28-10f10075b239,55acf030-f5ff-445c-9885-151dfbd20e71,2026-09-06T10:55:36.249000+00:00,keydown,32, ,,270.8,,,,,,,,controlled_typing,3,,,,,,,,,,/app/training,dev_07816792-ddc2-4c7e-b167-1da450c46a18,,,,,,,,,,,,,,,,,,,,,,,,,,,,,,,,,,,,,,,,,,,,,,,,,,,,,,,,,,,,,,,,,,
training_event,training,dba80c84-68fd-45b2-ba28-10f10075b239,55acf030-f5ff-445c-9885-151dfbd20e71,2026-09-06T10:55:36.379000+00:00,keyup,32,,130.0,,,,,,,,,controlled_typing,3,,,,,,,,,,/app/training,dev_07816792-ddc2-4c7e-b167-1da450c46a18,,,,,,,,,,,,,,,,,,,,,,,,,,,,,,,,,,,,,,,,,,,,,,,,,,,,,,,,,,,,,,,,,,
training_event,training,dba80c84-68fd-45b2-ba28-10f10075b239,55acf030-f5ff-445c-9885-151dfbd20e71,2026-09-06T10:55:36.797000+00:00,keydown,8,,,548.1,,,,,,,,controlled_typing,3,,,,,,,,,,/app/training,dev_07816792-ddc2-4c7e-b167-1da450c46a18,,,,,,,,,,,,,,,,,,,,,,,,,,,,,,,,,,,,,,,,,,,,,,,,,,,,,,,,,,,,,,,,,,
training_event,training,dba80c84-68fd-45b2-ba28-10f10075b239,55acf030-f5ff-445c-9885-151dfbd20e71,2026-09-06T10:55:36.933000+00:00,keyup,8,,136.4,,,,,,,,,controlled_typing,3,,,,,,,,,,/app/training,dev_07816792-ddc2-4c7e-b167-1da450c46a18,,,,,,,,,,,,,,,,,,,,,,,,,,,,,,,,,,,,,,,,,,,,,,,,,,,,,,,,,,,,,,,,,,
training_event,training,dba80c84-68fd-45b2-ba28-10f10075b239,55acf030-f5ff-445c-9885-151dfbd20e71,2026-09-06T10:55:37.027000+00:00,keydown,69,e,,229.9,,,,,,,,controlled_typing,3,,,,,,,,,,/app/training,dev_07816792-ddc2-4c7e-b167-1da450c46a18,,,,,,,,,,,,,,,,,,,,,,,,,,,,,,,,,,,,,,,,,,,,,,,,,,,,,,,,,,,,,,,,,,
training_event,training,dba80c84-68fd-45b2-ba28-10f10075b239,55acf030-f5ff-445c-9885-151dfbd20e71,2026-09-06T10:55:37.139000+00:00,keyup,69,,112.5,,,,,,,,,controlled_typing,3,,,,,,,,,,/app/training,dev_07816792-ddc2-4c7e-b167-1da450c46a18,,,,,,,,,,,,,,,,,,,,,,,,,,,,,,,,,,,,,,,,,,,,,,,,,,,,,,,,,,,,,,,,,,
training_event,training,dba80c84-68fd-45b2-ba28-10f10075b239,55acf030-f5ff-445c-9885-151dfbd20e71,2026-09-06T10:55:37.153000+00:00,keydown,32, ,,126.0,,,,,,,,controlled_typing,3,,,,,,,,,,/app/training,dev_07816792-ddc2-4c7e-b167-1da450c46a18,,,,,,,,,,,,,,,,,,,,,,,,,,,,,,,,,,,,,,,,,,,,,,,,,,,,,,,,,,,,,,,,,,
training_event,training,dba80c84-68fd-45b2-ba28-10f10075b239,55acf030-f5ff-445c-9885-151dfbd20e71,2026-09-06T10:55:37.236000+00:00,keyup,32,,83.2,,,,,,,,,controlled_typing,3,,,,,,,,,,/app/training,dev_07816792-ddc2-4c7e-b167-1da450c46a18,,,,,,,,,,,,,,,,,,,,,,,,,,,,,,,,,,,,,,,,,,,,,,,,,,,,,,,,,,,,,,,,,,
training_event,training,dba80c84-68fd-45b2-ba28-10f10075b239,55acf030-f5ff-445c-9885-151dfbd20e71,2026-09-06T10:55:37.507000+00:00,keydown,84,t,,354.0,,,,,,,,controlled_typing,3,,,,,,,,,,/app/training,dev_07816792-ddc2-4c7e-b167-1da450c46a18,,,,,,,,,,,,,,,,,,,,,,,,,,,,,,,,,,,,,,,,,,,,,,,,,,,,,,,,,,,,,,,,,,
training_event,training,dba80c84-68fd-45b2-ba28-10f10075b239,55acf030-f5ff-445c-9885-151dfbd20e71,2026-09-06T10:55:37.626000+00:00,keyup,84,,118.7,,,,,,,,,controlled_typing,3,,,,,,,,,,/app/training,dev_07816792-ddc2-4c7e-b167-1da450c46a18,,,,,,,,,,,,,,,,,,,,,,,,,,,,,,,,,,,,,,,,,,,,,,,,,,,,,,,,,,,,,,,,,,
training_event,training,dba80c84-68fd-45b2-ba28-10f10075b239,55acf030-f5ff-445c-9885-151dfbd20e71,2026-09-06T10:55:38.019000+00:00,keydown,89,y,,511.7,,,,,,,,controlled_typing,3,,,,,,,,,,/app/training,dev_07816792-ddc2-4c7e-b167-1da450c46a18,,,,,,,,,,,,,,,,,,,,,,,,,,,,,,,,,,,,,,,,,,,,,,,,,,,,,,,,,,,,,,,,,,
training_event,training,dba80c84-68fd-45b2-ba28-10f10075b239,55acf030-f5ff-445c-9885-151dfbd20e71,2026-09-06T10:55:38.099000+00:00,keyup,89,,80.3,,,,,,,,,controlled_typing,3,,,,,,,,,,/app/training,dev_07816792-ddc2-4c7e-b167-1da450c46a18,,,,,,,,,,,,,,,,,,,,,,,,,,,,,,,,,,,,,,,,,,,,,,,,,,,,,,,,,,,,,,,,,,
training_event,training,dba80c84-68fd-45b2-ba28-10f10075b239,55acf030-f5ff-445c-9885-151dfbd20e71,2026-09-06T10:55:38.358000+00:00,keydown,80,p,,338.9,,,,,,,,controlled_typing,3,,,,,,,,,,/app/training,dev_07816792-ddc2-4c7e-b167-1da450c46a18,,,,,,,,,,,,,,,,,,,,,,,,,,,,,,,,,,,,,,,,,,,,,,,,,,,,,,,,,,,,,,,,,,
training_event,training,dba80c84-68fd-45b2-ba28-10f10075b239,55acf030-f5ff-445c-9885-151dfbd20e71,2026-09-06T10:55:38.455000+00:00,keyup,80,,97.1,,,,,,,,,controlled_typing,3,,,,,,,,,,/app/training,dev_07816792-ddc2-4c7e-b167-1da450c46a18,,,,,,,,,,,,,,,,,,,,,,,,,,,,,,,,,,,,,,,,,,,,,,,,,,,,,,,,,,,,,,,,,,
training_event,training,dba80c84-68fd-45b2-ba28-10f10075b239,55acf030-f5ff-445c-9885-151dfbd20e71,2026-09-06T10:55:38.593000+00:00,keydown,73,i,,235.1,,,,,,,,controlled_typing,3,,,,,,,,,,/app/training,dev_07816792-ddc2-4c7e-b167-1da450c46a18,,,,,,,,,,,,,,,,,,,,,,,,,,,,,,,,,,,,,,,,,,,,,,,,,,,,,,,,,,,,,,,,,,
training_event,training,dba80c84-68fd-45b2-ba28-10f10075b239,55acf030-f5ff-445c-9885-151dfbd20e71,2026-09-06T10:55:38.665000+00:00,keyup,73,,72.2,,,,,,,,,controlled_typing,3,,,,,,,,,,/app/training,dev_07816792-ddc2-4c7e-b167-1da450c46a18,,,,,,,,,,,,,,,,,,,,,,,,,,,,,,,,,,,,,,,,,,,,,,,,,,,,,,,,,,,,,,,,,,
training_event,training,dba80c84-68fd-45b2-ba28-10f10075b239,55acf030-f5ff-445c-9885-151dfbd20e71,2026-09-06T10:55:38.828000+00:00,keydown,78,n,,235.2,,,,,,,,controlled_typing,3,,,,,,,,,,/app/training,dev_07816792-ddc2-4c7e-b167-1da450c46a18,,,,,,,,,,,,,,,,,,,,,,,,,,,,,,,,,,,,,,,,,,,,,,,,,,,,,,,,,,,,,,,,,,
training_event,training,dba80c84-68fd-45b2-ba28-10f10075b239,55acf030-f5ff-445c-9885-151dfbd20e71,2026-09-06T10:55:38.928000+00:00,keyup,78,,100.4,,,,,,,,,controlled_typing,3,,,,,,,,,,/app/training,dev_07816792-ddc2-4c7e-b167-1da450c46a18,,,,,,,,,,,,,,,,,,,,,,,,,,,,,,,,,,,,,,,,,,,,,,,,,,,,,,,,,,,,,,,,,,
training_event,training,dba80c84-68fd-45b2-ba28-10f10075b239,55acf030-f5ff-445c-9885-151dfbd20e71,2026-09-06T10:55:39.153000+00:00,keydown,71,g,,324.8,,,,,,,,controlled_typing,3,,,,,,,,,,/app/training,dev_07816792-ddc2-4c7e-b167-1da450c46a18,,,,,,,,,,,,,,,,,,,,,,,,,,,,,,,,,,,,,,,,,,,,,,,,,,,,,,,,,,,,,,,,,,
training_event,training,dba80c84-68fd-45b2-ba28-10f10075b239,55acf030-f5ff-445c-9885-151dfbd20e71,2026-09-06T10:55:39.300000+00:00,keyup,71,,147.4,,,,,,,,,controlled_typing,3,,,,,,,,,,/app/training,dev_07816792-ddc2-4c7e-b167-1da450c46a18,,,,,,,,,,,,,,,,,,,,,,,,,,,,,,,,,,,,,,,,,,,,,,,,,,,,,,,,,,,,,,,,,,
training_event,training,dba80c84-68fd-45b2-ba28-10f10075b239,55acf030-f5ff-445c-9885-151dfbd20e71,2026-09-06T10:55:39.337000+00:00,keydown,32, ,,184.2,,,,,,,,controlled_typing,3,,,,,,,,,,/app/training,dev_07816792-ddc2-4c7e-b167-1da450c46a18,,,,,,,,,,,,,,,,,,,,,,,,,,,,,,,,,,,,,,,,,,,,,,,,,,,,,,,,,,,,,,,,,,
training_event,training,dba80c84-68fd-45b2-ba28-10f10075b239,55acf030-f5ff-445c-9885-151dfbd20e71,2026-09-06T10:55:39.444000+00:00,keyup,32,,107.0,,,,,,,,,controlled_typing,3,,,,,,,,,,/app/training,dev_07816792-ddc2-4c7e-b167-1da450c46a18,,,,,,,,,,,,,,,,,,,,,,,,,,,,,,,,,,,,,,,,,,,,,,,,,,,,,,,,,,,,,,,,,,
training_event,training,dba80c84-68fd-45b2-ba28-10f10075b239,55acf030-f5ff-445c-9885-151dfbd20e71,2026-09-06T10:55:39.912000+00:00,keydown,83,s,,575.2,,,,,,,,controlled_typing,3,,,,,,,,,,/app/training,dev_07816792-ddc2-4c7e-b167-1da450c46a18,,,,,,,,,,,,,,,,,,,,,,,,,,,,,,,,,,,,,,,,,,,,,,,,,,,,,,,,,,,,,,,,,,
training_event,training,dba80c84-68fd-45b2-ba28-10f10075b239,55acf030-f5ff-445c-9885-151dfbd20e71,2026-09-06T10:55:40.039000+00:00,keyup,83,,126.5,,,,,,,,,controlled_typing,3,,,,,,,,,,/app/training,dev_07816792-ddc2-4c7e-b167-1da450c46a18,,,,,,,,,,,,,,,,,,,,,,,,,,,,,,,,,,,,,,,,,,,,,,,,,,,,,,,,,,,,,,,,,,
training_event,training,dba80c84-68fd-45b2-ba28-10f10075b239,55acf030-f5ff-445c-9885-151dfbd20e71,2026-09-06T10:55:40.118000+00:00,keydown,84,t,,206.0,,,,,,,,controlled_typing,3,,,,,,,,,,/app/training,dev_07816792-ddc2-4c7e-b167-1da450c46a18,,,,,,,,,,,,,,,,,,,,,,,,,,,,,,,,,,,,,,,,,,,,,,,,,,,,,,,,,,,,,,,,,,
training_event,training,dba80c84-68fd-45b2-ba28-10f10075b239,55acf030-f5ff-445c-9885-151dfbd20e71,2026-09-06T10:55:40.214000+00:00,keyup,84,,96.4,,,,,,,,,controlled_typing,3,,,,,,,,,,/app/training,dev_07816792-ddc2-4c7e-b167-1da450c46a18,,,,,,,,,,,,,,,,,,,,,,,,,,,,,,,,,,,,,,,,,,,,,,,,,,,,,,,,,,,,,,,,,,
training_event,training,dba80c84-68fd-45b2-ba28-10f10075b239,55acf030-f5ff-445c-9885-151dfbd20e71,2026-09-06T10:55:40.368000+00:00,keydown,89,y,,249.5,,,,,,,,controlled_typing,3,,,,,,,,,,/app/training,dev_07816792-ddc2-4c7e-b167-1da450c46a18,,,,,,,,,,,,,,,,,,,,,,,,,,,,,,,,,,,,,,,,,,,,,,,,,,,,,,,,,,,,,,,,,,
training_event,training,dba80c84-68fd-45b2-ba28-10f10075b239,55acf030-f5ff-445c-9885-151dfbd20e71,2026-09-06T10:55:40.474000+00:00,keyup,89,,106.2,,,,,,,,,controlled_typing,3,,,,,,,,,,/app/training,dev_07816792-ddc2-4c7e-b167-1da450c46a18,,,,,,,,,,,,,,,,,,,,,,,,,,,,,,,,,,,,,,,,,,,,,,,,,,,,,,,,,,,,,,,,,,
training_event,training,dba80c84-68fd-45b2-ba28-10f10075b239,55acf030-f5ff-445c-9885-151dfbd20e71,2026-09-06T10:55:40.826000+00:00,keydown,76,l,,458.3,,,,,,,,controlled_typing,3,,,,,,,,,,/app/training,dev_07816792-ddc2-4c7e-b167-1da450c46a18,,,,,,,,,,,,,,,,,,,,,,,,,,,,,,,,,,,,,,,,,,,,,,,,,,,,,,,,,,,,,,,,,,
training_event,training,dba80c84-68fd-45b2-ba28-10f10075b239,55acf030-f5ff-445c-9885-151dfbd20e71,2026-09-06T10:55:40.954000+00:00,keyup,76,,128.5,,,,,,,,,controlled_typing,3,,,,,,,,,,/app/training,dev_07816792-ddc2-4c7e-b167-1da450c46a18,,,,,,,,,,,,,,,,,,,,,,,,,,,,,,,,,,,,,,,,,,,,,,,,,,,,,,,,,,,,,,,,,,
training_event,training,dba80c84-68fd-45b2-ba28-10f10075b239,55acf030-f5ff-445c-9885-151dfbd20e71,2026-09-06T10:55:40.962000+00:00,keydown,69,e,,136.3,,,,,,,,controlled_typing,3,,,,,,,,,,/app/training,dev_07816792-ddc2-4c7e-b167-1da450c46a18,,,,,,,,,,,,,,,,,,,,,,,,,,,,,,,,,,,,,,,,,,,,,,,,,,,,,,,,,,,,,,,,,,
training_event,training,dba80c84-68fd-45b2-ba28-10f10075b239,55acf030-f5ff-445c-9885-151dfbd20e71,2026-09-06T10:55:41.085000+00:00,keyup,69,,122.8,,,,,,,,,controlled_typing,3,,,,,,,,,,/app/training,dev_07816792-ddc2-4c7e-b167-1da450c46a18,,,,,,,,,,,,,,,,,,,,,,,,,,,,,,,,,,,,,,,,,,,,,,,,,,,,,,,,,,,,,,,,,,
training_event,training,dba80c84-68fd-45b2-ba28-10f10075b239,55acf030-f5ff-445c-9885-151dfbd20e71,2026-09-06T10:55:41.351000+00:00,keydown,190,.,,388.7,,,,,,,,controlled_typing,3,,,,,,,,,,/app/training,dev_07816792-ddc2-4c7e-b167-1da450c46a18,,,,,,,,,,,,,,,,,,,,,,,,,,,,,,,,,,,,,,,,,,,,,,,,,,,,,,,,,,,,,,,,,,
training_event,training,dba80c84-68fd-45b2-ba28-10f10075b239,55acf030-f5ff-445c-9885-151dfbd20e71,2026-09-06T10:55:41.454000+00:00,keyup,190,,103.3,,,,,,,,,controlled_typing,3,,,,,,,,,,/app/training,dev_07816792-ddc2-4c7e-b167-1da450c46a18,,,,,,,,,,,,,,,,,,,,,,,,,,,,,,,,,,,,,,,,,,,,,,,,,,,,,,,,,,,,,,,,,,
training_event,training,dba80c84-68fd-45b2-ba28-10f10075b239,55acf030-f5ff-445c-9885-151dfbd20e71,2026-09-06T10:55:49.417000+00:00,keydown,8,,,2000.0,,,,,,,,controlled_typing,3,,,,,,,,,,/app/training,dev_07816792-ddc2-4c7e-b167-1da450c46a18,,,,,,,,,,,,,,,,,,,,,,,,,,,,,,,,,,,,,,,,,,,,,,,,,,,,,,,,,,,,,,,,,,
training_event,training,dba80c84-68fd-45b2-ba28-10f10075b239,55acf030-f5ff-445c-9885-151dfbd20e71,2026-09-06T10:55:49.538000+00:00,keyup,8,,121.1,,,,,,,,,controlled_typing,3,,,,,,,,,,/app/training,dev_07816792-ddc2-4c7e-b167-1da450c46a18,,,,,,,,,,,,,,,,,,,,,,,,,,,,,,,,,,,,,,,,,,,,,,,,,,,,,,,,,,,,,,,,,,
training_event,training,dba80c84-68fd-45b2-ba28-10f10075b239,55acf030-f5ff-445c-9885-151dfbd20e71,2026-09-06T10:55:49.616000+00:00,keydown,8,,,198.7,,,,,,,,controlled_typing,3,,,,,,,,,,/app/training,dev_07816792-ddc2-4c7e-b167-1da450c46a18,,,,,,,,,,,,,,,,,,,,,,,,,,,,,,,,,,,,,,,,,,,,,,,,,,,,,,,,,,,,,,,,,,
training_event,training,dba80c84-68fd-45b2-ba28-10f10075b239,55acf030-f5ff-445c-9885-151dfbd20e71,2026-09-06T10:55:49.696000+00:00,keyup,8,,80.4,,,,,,,,,controlled_typing,3,,,,,,,,,,/app/training,dev_07816792-ddc2-4c7e-b167-1da450c46a18,,,,,,,,,,,,,,,,,,,,,,,,,,,,,,,,,,,,,,,,,,,,,,,,,,,,,,,,,,,,,,,,,,
training_event,training,dba80c84-68fd-45b2-ba28-10f10075b239,55acf030-f5ff-445c-9885-151dfbd20e71,2026-09-06T10:55:49.786000+00:00,keydown,8,,,169.9,,,,,,,,controlled_typing,3,,,,,,,,,,/app/training,dev_07816792-ddc2-4c7e-b167-1da450c46a18,,,,,,,,,,,,,,,,,,,,,,,,,,,,,,,,,,,,,,,,,,,,,,,,,,,,,,,,,,,,,,,,,,
training_event,training,dba80c84-68fd-45b2-ba28-10f10075b239,55acf030-f5ff-445c-9885-151dfbd20e71,2026-09-06T10:55:49.867000+00:00,keyup,8,,81.6,,,,,,,,,controlled_typing,3,,,,,,,,,,/app/training,dev_07816792-ddc2-4c7e-b167-1da450c46a18,,,,,,,,,,,,,,,,,,,,,,,,,,,,,,,,,,,,,,,,,,,,,,,,,,,,,,,,,,,,,,,,,,
training_event,training,dba80c84-68fd-45b2-ba28-10f10075b239,55acf030-f5ff-445c-9885-151dfbd20e71,2026-09-06T10:55:50.481000+00:00,keydown,89,y,,695.0,,,,,,,,controlled_typing,3,,,,,,,,,,/app/training,dev_07816792-ddc2-4c7e-b167-1da450c46a18,,,,,,,,,,,,,,,,,,,,,,,,,,,,,,,,,,,,,,,,,,,,,,,,,,,,,,,,,,,,,,,,,,
training_event,training,dba80c84-68fd-45b2-ba28-10f10075b239,55acf030-f5ff-445c-9885-151dfbd20e71,2026-09-06T10:55:50.572000+00:00,keyup,89,,91.5,,,,,,,,,controlled_typing,3,,,,,,,,,,/app/training,dev_07816792-ddc2-4c7e-b167-1da450c46a18,,,,,,,,,,,,,,,,,,,,,,,,,,,,,,,,,,,,,,,,,,,,,,,,,,,,,,,,,,,,,,,,,,
training_event,training,dba80c84-68fd-45b2-ba28-10f10075b239,55acf030-f5ff-445c-9885-151dfbd20e71,2026-09-06T10:55:50.843000+00:00,keydown,79,o,,362.6,,,,,,,,controlled_typing,3,,,,,,,,,,/app/training,dev_07816792-ddc2-4c7e-b167-1da450c46a18,,,,,,,,,,,,,,,,,,,,,,,,,,,,,,,,,,,,,,,,,,,,,,,,,,,,,,,,,,,,,,,,,,
training_event,training,dba80c84-68fd-45b2-ba28-10f10075b239,55acf030-f5ff-445c-9885-151dfbd20e71,2026-09-06T10:55:50.945000+00:00,keyup,79,,102.1,,,,,,,,,controlled_typing,3,,,,,,,,,,/app/training,dev_07816792-ddc2-4c7e-b167-1da450c46a18,,,,,,,,,,,,,,,,,,,,,,,,,,,,,,,,,,,,,,,,,,,,,,,,,,,,,,,,,,,,,,,,,,
training_event,training,dba80c84-68fd-45b2-ba28-10f10075b239,55acf030-f5ff-445c-9885-151dfbd20e71,2026-09-06T10:55:51.071000+00:00,keydown,85,u,,227.6,,,,,,,,controlled_typing,3,,,,,,,,,,/app/training,dev_07816792-ddc2-4c7e-b167-1da450c46a18,,,,,,,,,,,,,,,,,,,,,,,,,,,,,,,,,,,,,,,,,,,,,,,,,,,,,,,,,,,,,,,,,,
training_event,training,dba80c84-68fd-45b2-ba28-10f10075b239,55acf030-f5ff-445c-9885-151dfbd20e71,2026-09-06T10:55:51.182000+00:00,keyup,85,,110.7,,,,,,,,,controlled_typing,3,,,,,,,,,,/app/training,dev_07816792-ddc2-4c7e-b167-1da450c46a18,,,,,,,,,,,,,,,,,,,,,,,,,,,,,,,,,,,,,,,,,,,,,,,,,,,,,,,,,,,,,,,,,,
training_event,training,dba80c84-68fd-45b2-ba28-10f10075b239,55acf030-f5ff-445c-9885-151dfbd20e71,2026-09-06T10:55:51.221000+00:00,keydown,82,r,,150.1,,,,,,,,controlled_typing,3,,,,,,,,,,/app/training,dev_07816792-ddc2-4c7e-b167-1da450c46a18,,,,,,,,,,,,,,,,,,,,,,,,,,,,,,,,,,,,,,,,,,,,,,,,,,,,,,,,,,,,,,,,,,
training_feature,training,dba80c84-68fd-45b2-ba28-10f10075b239,0a771abe-f3da-4340-9189-1a497d656d27,2026-08-17T09:53:01.746000+00:00,derived,,,,,,,,,,,,paragraph_typing,0,0,,,,,,,,,,,,,2.5704533879460665,83.40506945913877,36.273027002388176,107.68048856268271,23.541896213287465,0.03194143933641418,0.011249353354045786,171.8343556957297,115.46817165954305,973.3506823297666,433.56703339349036,1.70312421791975,703.5883097801172,394.4754441147707,23038.483284316804,11,723.1202340582837,2026-08-17T09:53:01.746000+00:00,,,,,,105.49864354141822,,1096.9513959632616,,,,,,,,,,2.7050239141366292,,,,,,,,,,,,,,,,,,,,,,,,,,,,
training_feature,training,dba80c84-68fd-45b2-ba28-10f10075b239,680db2e7-df01-4eb4-a5e2-8e6beb89c700,2026-08-17T09:53:01.746000+00:00,derived,,,,,,,,,,,,repeated_typing,0,0,,,,,,,,,,,,,5.68324506808538,91.28283236865511,36.78761724564653,86.22685909662346,7.810190877928159,0.03738499986322486,0.012783784659869145,280.2650779992715,160.32976785194717,1114.9075630208977,243.79499250654635,1.1240242840126633,746.7821946492483,194.2880260990038,3454.803121015152,9,483.49606019715395,2026-08-17T09:53:01.746000+00:00,,,,,,110.88765065059104,,1802.1763470415258,,,,,,,,,,5.957266478817672,,,,,,,,,,,,,,,,,,,,,,,,,,,,
training_feature,training,dba80c84-68fd-45b2-ba28-10f10075b239,d69b151d-4f81-49cf-9ed0-f421f647f0f3,2026-08-17T09:53:01.746000+00:00,derived,,,,,,,,,,,,controlled_typing,0,0,,,,,,,,,,,,,3.7204764152792595,141.4972427572684,38.94818025792806,96.85876046384867,29.292461380049485,0.03417696139885443,0.03811327653243197,410.29199334843776,105.59507421534693,1857.836992115805,222.505552062885,1.2957391980493458,638.7529354805934,349.29234960669487,32464.745637376975,8,477.5353002752878,2026-08-17T09:53:01.746000+00:00,,,,,,124.5410294731964,,896.2878778558579,,,,,,,,,,2.5619473594583413,,,,,,,,,,,,,,,,,,,,,,,,,,,,
training_feature,training,dba80c84-68fd-45b2-ba28-10f10075b239,9984d3f9-a3a4-4bba-b4c1-8f9104a5dc27,2026-09-05T16:56:36.465000+00:00,derived,,,,,,,,,,,,controlled_typing,0,,,,,,,,,,,,,,2.4355,107.67,23.23,329.18,246.37,0.0217,0.0,714.59,155.8,,,,,,,,,2026-09-05T16:56:36.465000+00:00,0.0217,,0.0,,329.18,107.67,,,,714.59,155.8,,246.37,23.23,,18887.0,,2.4355,,,,,,,,,,,,,,,,,,,,,,,,,,,,
training_feature,training,dba80c84-68fd-45b2-ba28-10f10075b239,853df70f-5929-4d43-bcf6-86d507c0a9d4,2026-09-05T16:57:23.893000+00:00,derived,,,,,,,,,,,,controlled_typing,1,,,,,,,,,,,,,,1.3753,108.38,23.72,497.33,486.11,0.0351,0.0,2177.58,2780.59,,,,,,,,,2026-09-05T16:57:23.893000+00:00,0.0351,,0.0,,497.33,108.38,,,,2177.58,2780.59,,486.11,23.72,,41445.1,,1.3753,,,,,,,,,,,,,,,,,,,,,,,,,,,,
training_feature,training,dba80c84-68fd-45b2-ba28-10f10075b239,65ccb262-d755-4acb-8fd7-b15acbab4340,2026-09-05T16:57:45.415000+00:00,derived,,,,,,,,,,,,repeated_typing,0,0,,,,,,,,,,,,,2.429,112.42,24.79,345.71,253.12,0.0,0.0,739.08,223.43,,,,,,,,,2026-09-05T16:57:45.415000+00:00,0.0,,0.0,,345.71,112.42,,,,739.08,223.43,,253.12,24.79,,13585.9,,2.429,,,,,,,,,,,,,,,,,,,,,,,,,,,,
training_feature,training,dba80c84-68fd-45b2-ba28-10f10075b239,7a62e08f-ca6e-49cd-aca0-99a5238f7a44,2026-09-05T16:58:09.207000+00:00,derived,,,,,,,,,,,,mouse_tracking,,,,,,,,,,,,,,,,,,,,,,,,0.3994,0.5879,-0.000147,1194.97,0.0,1018.17,5,1194.97,2026-09-05T16:58:09.207000+00:00,,1194.97,,5.0,,,-0.000147,0.3994,0.5879,,,0.0,,,1194.97,,1018.17,,,,,,,,,,,,,,,,,,,,,,,,,,,,,
training_feature,training,dba80c84-68fd-45b2-ba28-10f10075b239,ebf6ba20-5d27-4b75-83b6-6be67ee67367,2026-09-06T10:42:10.534000+00:00,derived,,,,,,,,,,,,controlled_typing,0,,,,,,,,,,,,,,3.3546,110.43,23.23,295.53,188.23,0.0217,0.0,615.65,62.02,,,,,,,,,2026-09-06T10:42:10.534000+00:00,0.0217,,0.0,,295.53,110.43,,,,615.65,62.02,,188.23,23.23,,13712.7,,3.3546,,,,,,,,,,,,,,,,,,,,,,,,,,,,
training_feature,training,dba80c84-68fd-45b2-ba28-10f10075b239,33619645-b3e6-46ff-a945-a8eab11748cc,2026-09-06T10:42:42.693000+00:00,derived,,,,,,,,,,,,repeated_typing,0,0,,,,,,,,,,,,,3.1268,112.62,20.35,321.45,228.59,0.0,0.0,760.2,218.46,,,,,,,,,2026-09-06T10:42:42.693000+00:00,0.0,,0.0,,321.45,112.62,,,,760.2,218.46,,228.59,20.35,,10554.0,,3.1268,,,,,,,,,,,,,,,,,,,,,,,,,,,,
training_feature,training,dba80c84-68fd-45b2-ba28-10f10075b239,e89e2e6c-6152-41b5-8fbd-c9fd64d70349,2026-09-06T10:53:32.905000+00:00,derived,,,,,,,,,,,,paragraph_typing,0,,,,,,,,,,,,,,2.1562,112.64,27.76,388.25,390.31,0.0354,0.0,1546.54,1679.73,,,,,,,,,2026-09-06T10:53:32.905000+00:00,0.0354,,0.0,,388.25,112.64,,,,1546.54,1679.73,,390.31,27.76,,91829.1,,2.1562,,,,,,,,,,,,,,,,,,,,,,,,,,,,
training_feature,training,dba80c84-68fd-45b2-ba28-10f10075b239,5e7a57d0-7966-4fec-a570-3c59d1f9fed2,2026-09-06T10:53:52.397000+00:00,derived,,,,,,,,,,,,controlled_typing,0,,,,,,,,,,,,,,2.8077,111.84,19.92,329.3,358.75,0.0,0.0,1426.27,813.46,,,,,,,,,2026-09-06T10:53:52.397000+00:00,0.0,,0.0,,329.3,111.84,,,,1426.27,813.46,,358.75,19.92,,15671.3,,2.8077,,,,,,,,,,,,,,,,,,,,,,,,,,,,
training_feature,training,dba80c84-68fd-45b2-ba28-10f10075b239,8221f473-6c5d-4482-8bc5-d31cc7f2b5e8,2026-09-06T10:54:25.337000+00:00,derived,,,,,,,,,,,,controlled_typing,1,,,,,,,,,,,,,,1.9837,113.23,27.9,375.36,325.81,0.0185,0.0,1606.16,2497.91,,,,,,,,,2026-09-06T10:54:25.337000+00:00,0.0185,,0.0,,375.36,113.23,,,,1606.16,2497.91,,325.81,27.9,,27221.6,,1.9837,,,,,,,,,,,,,,,,,,,,,,,,,,,,
training_feature,training,dba80c84-68fd-45b2-ba28-10f10075b239,075af8bc-1463-48f5-a239-c00b1a5f2ffd,2026-09-06T10:55:07.382000+00:00,derived,,,,,,,,,,,,controlled_typing,2,,,,,,,,,,,,,,3.5752,112.28,23.11,272.48,180.92,0.0,0.0,663.64,88.88,,,,,,,,,2026-09-06T10:55:07.382000+00:00,0.0,,0.0,,272.48,112.28,,,,663.64,88.88,,180.92,23.11,,15943.0,,3.5752,,,,,,,,,,,,,,,,,,,,,,,,,,,,
training_feature,training,dba80c84-68fd-45b2-ba28-10f10075b239,55acf030-f5ff-445c-9885-151dfbd20e71,2026-09-06T10:55:54.976000+00:00,derived,,,,,,,,,,,,controlled_typing,3,,,,,,,,,,,,,,2.6419,108.97,26.19,322.83,270.54,0.1504,0.0,1491.62,2164.61,,,,,,,,,2026-09-06T10:55:54.976000+00:00,0.1504,,0.0,,322.83,108.97,,,,1491.62,2164.61,,270.54,26.19,,42772.9,,2.6419,,,,,,,,,,,,,,,,,,,,,,,,,,,,
behavioral_event,continuous,dba80c84-68fd-45b2-ba28-10f10075b239,8ba454a9-5ea9-4382-b9d1-d3842fef3cab,2026-08-15T09:53:01.217000+00:00,mouse_click,,,,,578.369148979309,697.1215919030641,-42.59987143131586,-42.18550390195412,1612.1314610218799,,,,,,,,,,,,,,,,,,,,,,,,,,,,,,,,,,,,,,,,,,,,,,,,,,,,,,,,,,,,,,,,,,,,,,,,,,,,,,
behavioral_event,continuous,dba80c84-68fd-45b2-ba28-10f10075b239,8ba454a9-5ea9-4382-b9d1-d3842fef3cab,2026-08-17T08:53:01.217000+00:00,mouse_move,,,,,714.8965127620733,572.2742477351193,37.02169245480384,23.372990182186243,1665.2067244543578,,,,,,,,,,,,,,,,,,,,,,,,,,,,,,,,,,,,,,,,,,,,,,,,,,,,,,,,,,,,,,,,,,,,,,,,,,,,,,
behavioral_event,continuous,dba80c84-68fd-45b2-ba28-10f10075b239,8ba454a9-5ea9-4382-b9d1-d3842fef3cab,2026-08-15T05:53:01.217000+00:00,mouse_move,,,,,646.1528758661811,180.79020635271723,-9.871309916487562,-24.814937162443073,1987.2278175618037,,,,,,,,,,,,,,,,,,,,,,,,,,,,,,,,,,,,,,,,,,,,,,,,,,,,,,,,,,,,,,,,,,,,,,,,,,,,,,
behavioral_event,continuous,dba80c84-68fd-45b2-ba28-10f10075b239,8ba454a9-5ea9-4382-b9d1-d3842fef3cab,2026-08-16T10:53:01.217000+00:00,keystroke,67,,136.67775493489512,69.14600032306524,,,,,,,,,,,,,,,,,,,,,,,,,,,,,,,,,,,,,,,,,,,,,,,,,,,,,,,,,,,,,103.72919496517034,,67.57150457369808,,,,,,,,,,,,,,,,,,,,
behavioral_event,continuous,dba80c84-68fd-45b2-ba28-10f10075b239,8ba454a9-5ea9-4382-b9d1-d3842fef3cab,2026-08-15T07:53:01.217000+00:00,mouse_move,,,,,793.1616966412847,868.2369551420372,-41.64278783608904,-2.935085039957322,250.14649010501844,,,,,,,,,,,,,,,,,,,,,,,,,,,,,,,,,,,,,,,,,,,,,,,,,,,,,,,,,,,,,,,,,,,,,,,,,,,,,,
behavioral_event,continuous,dba80c84-68fd-45b2-ba28-10f10075b239,15fa92b6-bb21-469b-8ebe-486f21886538,2026-08-17T02:53:01.217000+00:00,mouse_move,,,,,1244.8268799270006,117.36495310274594,-43.50590707001748,13.679148870193025,1551.096564997162,,,,,,,,,,,,,,,,,,,,,,,,,,,,,,,,,,,,,,,,,,,,,,,,,,,,,,0.4103063893333716,,,,,,,,,1266.2809385227097,,,,,,,,,,,,,,,
behavioral_event,continuous,dba80c84-68fd-45b2-ba28-10f10075b239,d840a02c-5fc4-4737-90f0-cd5b47cac023,2026-08-15T00:53:01.217000+00:00,mouse_click,,,,,911.2872092887525,242.4711072571557,26.462505935859298,44.52731839179107,853.4173212718486,,,,,,,,,,,,,,,,,,,,,,,,,,,,,,,,,,,,,,,,,,,,,,,,,,,,,,,,,,,,,,,,,,,,,,,,,,,,,,
behavioral_event,continuous,dba80c84-68fd-45b2-ba28-10f10075b239,d840a02c-5fc4-4737-90f0-cd5b47cac023,2026-08-15T18:53:01.217000+00:00,mouse_click,,,,,987.1262584376058,437.06664838417055,-34.72503588607344,42.42111230506028,1500.6383425647748,,,,,,,,,,,,,,,,,,,,,,,,,,,,,,,,,,,,,,,,,,,,,,,,,,,,,,,,,,,,,,,,,,,,,,,,,,,,,,
behavioral_event,continuous,dba80c84-68fd-45b2-ba28-10f10075b239,d840a02c-5fc4-4737-90f0-cd5b47cac023,2026-08-16T02:53:01.217000+00:00,mouse_move,,,,,983.6134914244554,380.77376935359536,-35.06827190543048,4.720983628789085,1776.567598590717,,,,,,,,,,,,,,,,,,,,,,,,,,,,,,,,,,,,,,,,,,,,,,,,,,,,,,,,,,,,,,,,,,,,,,,,,,,,,,
behavioral_event,continuous,dba80c84-68fd-45b2-ba28-10f10075b239,05bc7ce0-dbdf-4bb8-babe-c66084786cd0,2026-08-17T06:53:01.217000+00:00,keystroke,68,,196.9937661655771,43.093249114907124,,,,,,,,,,,,,,,,,,,,,,,,,,,,,,,,,,,,,,,,,,,,,,,,,,,,,,,,,,,,,117.24256792663542,,97.09769969824806,,,,,,,,,,,,,,,,,,,,
behavioral_event,continuous,dba80c84-68fd-45b2-ba28-10f10075b239,05bc7ce0-dbdf-4bb8-babe-c66084786cd0,2026-08-16T10:53:01.217000+00:00,mouse_click,,,,,1709.0384130128668,811.3395331130889,47.92387720808637,-35.75686762401084,969.7117605416825,,,,,,,,,,,,,,,,,,,,,,,,,,,,,,,,,,,,,,,,,,,,,,,,,,,,,,0.21088817191466194,,,,,,,,,1490.261531712374,,,,,,,,,,,,,,,
behavioral_event,continuous,dba80c84-68fd-45b2-ba28-10f10075b239,05bc7ce0-dbdf-4bb8-babe-c66084786cd0,2026-08-14T18:53:01.217000+00:00,keystroke,70,,148.67968232029457,31.47105997532266,,,,,,,,,,,,,,,,,,,,,,,,,,,,,,,,,,,,,,,,,,,,,,,,,,,,,,,,,,,,,,,,,,,,,,,,,,,,,,,,,,,
behavioral_event,continuous,dba80c84-68fd-45b2-ba28-10f10075b239,05bc7ce0-dbdf-4bb8-babe-c66084786cd0,2026-08-16T08:53:01.217000+00:00,keystroke,72,,145.67293251746435,140.37368319109942,,,,,,,,,,,,,,,,,,,,,,,,,,,,,,,,,,,,,,,,,,,,,,,,,,,,,,,,,,,,,138.78106856565782,,86.34789916824872,,,,,,,,,,,,,,,,,,,,
behavioral_event,continuous,dba80c84-68fd-45b2-ba28-10f10075b239,8ba454a9-5ea9-4382-b9d1-d3842fef3cab,2026-08-16T06:53:01.217000+00:00,keystroke,70,,177.94768974605756,102.88150467331508,,,,,,,,,,,,,,,,,,,,,,,,,,,,,,,,,,,,,,,,,,,,,,,,,,,,,,,,,,,,,,,,,,,,,,,,,,,,,,,,,,,
behavioral_event,continuous,dba80c84-68fd-45b2-ba28-10f10075b239,8ba454a9-5ea9-4382-b9d1-d3842fef3cab,2026-08-15T11:53:01.217000+00:00,mouse_scroll,,,,,,,,46.36603640480135,,,,,,,,,,,,,,,,,,,,,,,,,,,,,,,,,,,,,,,,,,,,,,,,,,,,,,,,,,,,,,,,,,,,,,,,,,,,,,,
behavioral_event,continuous,dba80c84-68fd-45b2-ba28-10f10075b239,8ba454a9-5ea9-4382-b9d1-d3842fef3cab,2026-08-15T08:53:01.217000+00:00,mouse_scroll,,,,,,,,88.90079367994036,,,,,,,,,,,,,,,,,,,,,,,,,,,,,,,,,,,,,,,,,,,,,,,,,,,,,,,,,,,,,,,,,,,,,,,,,,,,,,,
behavioral_event,continuous,dba80c84-68fd-45b2-ba28-10f10075b239,15fa92b6-bb21-469b-8ebe-486f21886538,2026-08-17T02:53:01.217000+00:00,mouse_scroll,,,,,,,,-82.00201424413054,,,,,,,,,,,,,,,,,,,,,,,,,,,,,,,,,,,,,,,,,,,,,,,,,,,,,,,,,,,,,,,31.925860551578864,,,,,,,,,,,,,,,,
behavioral_event,continuous,dba80c84-68fd-45b2-ba28-10f10075b239,27cc7537-a40e-47c3-a98f-89dbe78e8cb9,2026-08-17T09:53:01.217000+00:00,mouse_move,,,,,725.2498526994341,114.78483399892596,-32.13691292387924,-38.706650722472034,948.9163548720926,,,,,,,,,,,,,,,,,,,,,,,,,,,,,,,,,,,,,,,,,,,,,,,,,,,,,,,,,,,,,,,,,,,,,,,,,,,,,,
behavioral_event,continuous,dba80c84-68fd-45b2-ba28-10f10075b239,27cc7537-a40e-47c3-a98f-89dbe78e8cb9,2026-08-14T21:53:01.217000+00:00,mouse_scroll,,,,,,,,-34.0910771909916,,,,,,,,,,,,,,,,,,,,,,,,,,,,,,,,,,,,,,,,,,,,,,,,,,,,,,,,,,,,,,,,,,,,,,,,,,,,,,,
behavioral_event,continuous,dba80c84-68fd-45b2-ba28-10f10075b239,d840a02c-5fc4-4737-90f0-cd5b47cac023,2026-08-16T16:53:01.217000+00:00,mouse_click,,,,,890.0325752040383,893.4304014025299,-29.84528584444356,-29.98743509727665,1274.9782706071378,,,,,,,,,,,,,,,,,,,,,,,,,,,,,,,,,,,,,,,,,,,,,,,,,,,,,,,,,,,,,,,,,,,,,,,,,,,,,,
behavioral_event,continuous,dba80c84-68fd-45b2-ba28-10f10075b239,d840a02c-5fc4-4737-90f0-cd5b47cac023,2026-08-16T08:53:01.217000+00:00,mouse_scroll,,,,,,,,-67.11247940892477,,,,,,,,,,,,,,,,,,,,,,,,,,,,,,,,,,,,,,,,,,,,,,,,,,,,,,,,,,,,,,,86.16104240779586,,,,,,,,,,,,,,,,
behavioral_event,continuous,dba80c84-68fd-45b2-ba28-10f10075b239,05bc7ce0-dbdf-4bb8-babe-c66084786cd0,2026-08-15T00:53:01.217000+00:00,mouse_move,,,,,212.3656219832572,451.76851307799444,-27.44793408786438,29.551053907653596,1197.3259536742053,,,,,,,,,,,,,,,,,,,,,,,,,,,,,,,,,,,,,,,,,,,,,,,,,,,,,,,,,,,,,,,,,,,,,,,,,,,,,,
behavioral_event,continuous,dba80c84-68fd-45b2-ba28-10f10075b239,8ba454a9-5ea9-4382-b9d1-d3842fef3cab,2026-08-15T10:53:01.217000+00:00,mouse_click,,,,,215.76689087901627,325.1916863462774,38.98811147093963,-26.005453237836306,1620.7917540255842,,,,,,,,,,,,,,,,,,,,,,,,,,,,,,,,,,,,,,,,,,,,,,,,,,,,,,,,,,,,,,,,,,,,,,,,,,,,,,
behavioral_event,continuous,dba80c84-68fd-45b2-ba28-10f10075b239,15fa92b6-bb21-469b-8ebe-486f21886538,2026-08-15T05:53:01.217000+00:00,mouse_scroll,,,,,,,,-55.75965166528134,,,,,,,,,,,,,,,,,,,,,,,,,,,,,,,,,,,,,,,,,,,,,,,,,,,,,,,,,,,,,,,,,,,,,,,,,,,,,,,
behavioral_event,continuous,dba80c84-68fd-45b2-ba28-10f10075b239,15fa92b6-bb21-469b-8ebe-486f21886538,2026-08-15T05:53:01.217000+00:00,mouse_move,,,,,493.48398200312334,879.840075978278,-35.81407529437293,48.906153358499765,1382.8213728426012,,,,,,,,,,,,,,,,,,,,,,,,,,,,,,,,,,,,,,,,,,,,,,,,,,,,,,,,,,,,,,,,,,,,,,,,,,,,,,
behavioral_event,continuous,dba80c84-68fd-45b2-ba28-10f10075b239,27cc7537-a40e-47c3-a98f-89dbe78e8cb9,2026-08-16T01:53:01.217000+00:00,keystroke,68,,127.95089932385528,56.504394761975576,,,,,,,,,,,,,,,,,,,,,,,,,,,,,,,,,,,,,,,,,,,,,,,,,,,,,,,,,,,,,,,,,,,,,,,,,,,,,,,,,,,
behavioral_event,continuous,dba80c84-68fd-45b2-ba28-10f10075b239,27cc7537-a40e-47c3-a98f-89dbe78e8cb9,2026-08-16T09:53:01.217000+00:00,mouse_click,,,,,523.6637882408927,741.2310978285492,-10.391298706877585,-13.807097797446175,293.08698284573154,,,,,,,,,,,,,,,,,,,,,,,,,,,,,,,,,,,,,,,,,,,,,,,,,,,,,,,,,,,,,,,,,,,,,,,,,,,,,,
behavioral_event,continuous,dba80c84-68fd-45b2-ba28-10f10075b239,27cc7537-a40e-47c3-a98f-89dbe78e8cb9,2026-08-14T14:53:01.217000+00:00,mouse_scroll,,,,,,,,71.40224120760203,,,,,,,,,,,,,,,,,,,,,,,,,,,,,,,,,,,,,,,,,,,,,,,,,,,,,,,,,,,,,,,,,,,,,,,,,,,,,,,
behavioral_event,continuous,dba80c84-68fd-45b2-ba28-10f10075b239,d840a02c-5fc4-4737-90f0-cd5b47cac023,2026-08-15T23:53:01.217000+00:00,mouse_move,,,,,1714.0894790231378,397.0852563461272,-16.1283545233183,-17.37167826978059,1287.7216671143053,,,,,,,,,,,,,,,,,,,,,,,,,,,,,,,,,,,,,,,,,,,,,,,,,,,,,,,,,,,,,,,,,,,,,,,,,,,,,,
behavioral_event,continuous,dba80c84-68fd-45b2-ba28-10f10075b239,d840a02c-5fc4-4737-90f0-cd5b47cac023,2026-08-16T00:53:01.217000+00:00,mouse_move,,,,,161.65122850290876,215.82488756881838,-34.43533155266493,49.83239141225846,1413.1185260827083,,,,,,,,,,,,,,,,,,,,,,,,,,,,,,,,,,,,,,,,,,,,,,,,,,,,,,0.12420994899644172,,,,,,,,,1128.7696772317572,,,,,,,,,,,,,,,
behavioral_event,continuous,dba80c84-68fd-45b2-ba28-10f10075b239,d840a02c-5fc4-4737-90f0-cd5b47cac023,2026-08-16T08:53:01.217000+00:00,keystroke,89,,194.6124467597147,81.62980879659702,,,,,,,,,,,,,,,,,,,,,,,,,,,,,,,,,,,,,,,,,,,,,,,,,,,,,,,,,,,,,142.2313870373614,,86.6805345435976,,,,,,,,,,,,,,,,,,,,
behavioral_event,continuous,dba80c84-68fd-45b2-ba28-10f10075b239,05bc7ce0-dbdf-4bb8-babe-c66084786cd0,2026-08-15T15:53:01.217000+00:00,mouse_scroll,,,,,,,,-89.87711958024344,,,,,,,,,,,,,,,,,,,,,,,,,,,,,,,,,,,,,,,,,,,,,,,,,,,,,,,,,,,,,,,,,,,,,,,,,,,,,,,
behavioral_event,continuous,dba80c84-68fd-45b2-ba28-10f10075b239,05bc7ce0-dbdf-4bb8-babe-c66084786cd0,2026-08-15T16:53:01.217000+00:00,mouse_scroll,,,,,,,,18.32146738133696,,,,,,,,,,,,,,,,,,,,,,,,,,,,,,,,,,,,,,,,,,,,,,,,,,,,,,,,,,,,,,,,,,,,,,,,,,,,,,,
behavioral_event,continuous,dba80c84-68fd-45b2-ba28-10f10075b239,8ba454a9-5ea9-4382-b9d1-d3842fef3cab,2026-08-17T00:53:01.217000+00:00,keystroke,90,,121.86434392296108,70.21615438543222,,,,,,,,,,,,,,,,,,,,,,,,,,,,,,,,,,,,,,,,,,,,,,,,,,,,,,,,,,,,,92.73218415971444,,119.1763280234347,,,,,,,,,,,,,,,,,,,,
behavioral_event,continuous,dba80c84-68fd-45b2-ba28-10f10075b239,15fa92b6-bb21-469b-8ebe-486f21886538,2026-08-16T12:53:01.217000+00:00,mouse_scroll,,,,,,,,69.98130557840153,,,,,,,,,,,,,,,,,,,,,,,,,,,,,,,,,,,,,,,,,,,,,,,,,,,,,,,,,,,,,,,40.26519448016519,,,,,,,,,,,,,,,,
behavioral_event,continuous,dba80c84-68fd-45b2-ba28-10f10075b239,15fa92b6-bb21-469b-8ebe-486f21886538,2026-08-17T08:53:01.217000+00:00,mouse_click,,,,,493.5945179065489,867.1452680807407,-25.968556514449524,32.79294540606949,1724.7223117549452,,,,,,,,,,,,,,,,,,,,,,,,,,,,,,,,,,,,,,,,,,,,,,,,,,,,,,0.1879836867842466,,,,,,,,,1430.086878872365,,,,,,,,,,,,,,,
behavioral_event,continuous,dba80c84-68fd-45b2-ba28-10f10075b239,27cc7537-a40e-47c3-a98f-89dbe78e8cb9,2026-08-14T22:53:01.217000+00:00,keystroke,85,,98.6832756302197,96.77698004808498,,,,,,,,,,,,,,,,,,,,,,,,,,,,,,,,,,,,,,,,,,,,,,,,,,,,,,,,,,,,,106.90283904294975,,54.16292873387186,,,,,,,,,,,,,,,,,,,,
behavioral_event,continuous,dba80c84-68fd-45b2-ba28-10f10075b239,d840a02c-5fc4-4737-90f0-cd5b47cac023,2026-08-15T03:53:01.217000+00:00,mouse_move,,,,,767.1221548555224,260.1354321575589,-46.29780507959725,15.151534466441191,1121.1490755537486,,,,,,,,,,,,,,,,,,,,,,,,,,,,,,,,,,,,,,,,,,,,,,,,,,,,,,0.14404629467264074,,,,,,,,,1431.3419988837345,,,,,,,,,,,,,,,
behavioral_event,continuous,dba80c84-68fd-45b2-ba28-10f10075b239,8ba454a9-5ea9-4382-b9d1-d3842fef3cab,2026-08-15T12:53:01.217000+00:00,mouse_click,,,,,1017.1687747524289,363.67192994276695,-26.667152484785493,48.13815195217509,1194.0439860159447,,,,,,,,,,,,,,,,,,,,,,,,,,,,,,,,,,,,,,,,,,,,,,,,,,,,,,0.1105890822991686,,,,,,,,,1250.574810038816,,,,,,,,,,,,,,,
behavioral_event,continuous,dba80c84-68fd-45b2-ba28-10f10075b239,15fa92b6-bb21-469b-8ebe-486f21886538,2026-08-16T12:53:01.217000+00:00,mouse_click,,,,,773.5840816504738,875.1429731204612,38.783866373375815,40.07788147955256,715.3477948874284,,,,,,,,,,,,,,,,,,,,,,,,,,,,,,,,,,,,,,,,,,,,,,,,,,,,,,,,,,,,,,,,,,,,,,,,,,,,,,
behavioral_event,continuous,dba80c84-68fd-45b2-ba28-10f10075b239,27cc7537-a40e-47c3-a98f-89dbe78e8cb9,2026-08-15T05:53:01.217000+00:00,mouse_move,,,,,1133.450746908214,764.1078841328618,-47.69934820690176,32.79426091251749,1621.340955670751,,,,,,,,,,,,,,,,,,,,,,,,,,,,,,,,,,,,,,,,,,,,,,,,,,,,,,,,,,,,,,,,,,,,,,,,,,,,,,
behavioral_event,continuous,dba80c84-68fd-45b2-ba28-10f10075b239,27cc7537-a40e-47c3-a98f-89dbe78e8cb9,2026-08-17T08:53:01.217000+00:00,mouse_scroll,,,,,,,,-50.483842223956586,,,,,,,,,,,,,,,,,,,,,,,,,,,,,,,,,,,,,,,,,,,,,,,,,,,,,,,,,,,,,,,2.729431038785407,,,,,,,,,,,,,,,,
behavioral_event,continuous,dba80c84-68fd-45b2-ba28-10f10075b239,d840a02c-5fc4-4737-90f0-cd5b47cac023,2026-08-14T09:53:01.217000+00:00,mouse_move,,,,,904.9501063160841,550.080782202147,-22.62264495996812,-11.259858269715053,318.083961861022,,,,,,,,,,,,,,,,,,,,,,,,,,,,,,,,,,,,,,,,,,,,,,,,,,,,,,,,,,,,,,,,,,,,,,,,,,,,,,
behavioral_event,continuous,dba80c84-68fd-45b2-ba28-10f10075b239,d840a02c-5fc4-4737-90f0-cd5b47cac023,2026-08-16T08:53:01.217000+00:00,keystroke,66,,104.13662374185319,49.46756761723704,,,,,,,,,,,,,,,,,,,,,,,,,,,,,,,,,,,,,,,,,,,,,,,,,,,,,,,,,,,,,,,,,,,,,,,,,,,,,,,,,,,
behavioral_event,continuous,dba80c84-68fd-45b2-ba28-10f10075b239,05bc7ce0-dbdf-4bb8-babe-c66084786cd0,2026-08-15T03:53:01.217000+00:00,mouse_click,,,,,454.61356773934483,883.1225524135858,-40.06513375102028,48.12687369301898,1363.6779757870668,,,,,,,,,,,,,,,,,,,,,,,,,,,,,,,,,,,,,,,,,,,,,,,,,,,,,,,,,,,,,,,,,,,,,,,,,,,,,,
behavioral_event,continuous,dba80c84-68fd-45b2-ba28-10f10075b239,05bc7ce0-dbdf-4bb8-babe-c66084786cd0,2026-08-15T18:53:01.217000+00:00,keystroke,78,,96.2430549970513,107.87829089950743,,,,,,,,,,,,,,,,,,,,,,,,,,,,,,,,,,,,,,,,,,,,,,,,,,,,,,,,,,,,,,,,,,,,,,,,,,,,,,,,,,,
behavioral_event,continuous,dba80c84-68fd-45b2-ba28-10f10075b239,05bc7ce0-dbdf-4bb8-babe-c66084786cd0,2026-08-14T10:53:01.217000+00:00,mouse_scroll,,,,,,,,70.1332632924611,,,,,,,,,,,,,,,,,,,,,,,,,,,,,,,,,,,,,,,,,,,,,,,,,,,,,,,,,,,,,,,,,,,,,,,,,,,,,,,
behavioral_event,continuous,dba80c84-68fd-45b2-ba28-10f10075b239,8ba454a9-5ea9-4382-b9d1-d3842fef3cab,2026-08-15T06:53:01.217000+00:00,keystroke,66,,176.35862824242582,100.89790044665766,,,,,,,,,,,,,,,,,,,,,,,,,,,,,,,,,,,,,,,,,,,,,,,,,,,,,,,,,,,,,,,,,,,,,,,,,,,,,,,,,,,
behavioral_event,continuous,dba80c84-68fd-45b2-ba28-10f10075b239,8ba454a9-5ea9-4382-b9d1-d3842fef3cab,2026-08-15T21:53:01.217000+00:00,mouse_scroll,,,,,,,,89.23199809386534,,,,,,,,,,,,,,,,,,,,,,,,,,,,,,,,,,,,,,,,,,,,,,,,,,,,,,,,,,,,,,,,,,,,,,,,,,,,,,,
behavioral_event,continuous,dba80c84-68fd-45b2-ba28-10f10075b239,8ba454a9-5ea9-4382-b9d1-d3842fef3cab,2026-08-16T09:53:01.217000+00:00,mouse_scroll,,,,,,,,23.592675188663776,,,,,,,,,,,,,,,,,,,,,,,,,,,,,,,,,,,,,,,,,,,,,,,,,,,,,,,,,,,,,,,,,,,,,,,,,,,,,,,
behavioral_event,continuous,dba80c84-68fd-45b2-ba28-10f10075b239,27cc7537-a40e-47c3-a98f-89dbe78e8cb9,2026-08-16T03:53:01.217000+00:00,mouse_move,,,,,178.66428171739736,375.3906776189634,30.135317421828972,-22.84801456185287,1295.46103384067,,,,,,,,,,,,,,,,,,,,,,,,,,,,,,,,,,,,,,,,,,,,,,,,,,,,,,0.13959087360081046,,,,,,,,,1068.1777017786608,,,,,,,,,,,,,,,
behavioral_event,continuous,dba80c84-68fd-45b2-ba28-10f10075b239,27cc7537-a40e-47c3-a98f-89dbe78e8cb9,2026-08-16T14:53:01.217000+00:00,keystroke,79,,186.77991536640738,35.03470123000655,,,,,,,,,,,,,,,,,,,,,,,,,,,,,,,,,,,,,,,,,,,,,,,,,,,,,,,,,,,,,144.3867422763576,,90.3927323829761,,,,,,,,,,,,,,,,,,,,
behavioral_event,continuous,dba80c84-68fd-45b2-ba28-10f10075b239,27cc7537-a40e-47c3-a98f-89dbe78e8cb9,2026-08-15T16:53:01.217000+00:00,mouse_click,,,,,101.77796539654761,590.3939459813249,36.092530335478415,4.539056933995823,367.689387202956,,,,,,,,,,,,,,,,,,,,,,,,,,,,,,,,,,,,,,,,,,,,,,,,,,,,,,,,,,,,,,,,,,,,,,,,,,,,,,
behavioral_event,continuous,dba80c84-68fd-45b2-ba28-10f10075b239,27cc7537-a40e-47c3-a98f-89dbe78e8cb9,2026-08-15T19:53:01.217000+00:00,mouse_move,,,,,315.42764218118054,740.8306460445315,39.085238299823416,28.58807305289315,1092.9632121679003,,,,,,,,,,,,,,,,,,,,,,,,,,,,,,,,,,,,,,,,,,,,,,,,,,,,,,0.33517186679201083,,,,,,,,,1358.6932775671435,,,,,,,,,,,,,,,
behavioral_event,continuous,dba80c84-68fd-45b2-ba28-10f10075b239,27cc7537-a40e-47c3-a98f-89dbe78e8cb9,2026-08-16T01:53:01.217000+00:00,mouse_scroll,,,,,,,,-80.87549771393864,,,,,,,,,,,,,,,,,,,,,,,,,,,,,,,,,,,,,,,,,,,,,,,,,,,,,,,,,,,,,,,83.89111723230079,,,,,,,,,,,,,,,,
behavioral_event,continuous,dba80c84-68fd-45b2-ba28-10f10075b239,d840a02c-5fc4-4737-90f0-cd5b47cac023,2026-08-17T04:53:01.217000+00:00,mouse_move,,,,,911.779813113295,320.15379920817225,40.724220729867895,-4.596451979243611,1818.698716446384,,,,,,,,,,,,,,,,,,,,,,,,,,,,,,,,,,,,,,,,,,,,,,,,,,,,,,,,,,,,,,,,,,,,,,,,,,,,,,
behavioral_event,continuous,dba80c84-68fd-45b2-ba28-10f10075b239,d840a02c-5fc4-4737-90f0-cd5b47cac023,2026-08-16T00:53:01.217000+00:00,mouse_move,,,,,827.8349260851099,842.4016777001303,-46.15030070533549,21.06967805937498,1774.9798445796582,,,,,,,,,,,,,,,,,,,,,,,,,,,,,,,,,,,,,,,,,,,,,,,,,,,,,,,,,,,,,,,,,,,,,,,,,,,,,,
behavioral_event,continuous,dba80c84-68fd-45b2-ba28-10f10075b239,05bc7ce0-dbdf-4bb8-babe-c66084786cd0,2026-08-15T11:53:01.217000+00:00,keystroke,89,,118.62739924305781,140.2732306755451,,,,,,,,,,,,,,,,,,,,,,,,,,,,,,,,,,,,,,,,,,,,,,,,,,,,,,,,,,,,,,,,,,,,,,,,,,,,,,,,,,,
behavioral_event,continuous,dba80c84-68fd-45b2-ba28-10f10075b239,05bc7ce0-dbdf-4bb8-babe-c66084786cd0,2026-08-15T16:53:01.217000+00:00,mouse_move,,,,,1042.029932184701,681.4999689166834,42.43937738969838,8.495516016876877,444.2982487031811,,,,,,,,,,,,,,,,,,,,,,,,,,,,,,,,,,,,,,,,,,,,,,,,,,,,,,0.28766203016898395,,,,,,,,,1150.1095872636788,,,,,,,,,,,,,,,
behavioral_event,continuous,dba80c84-68fd-45b2-ba28-10f10075b239,8ba454a9-5ea9-4382-b9d1-d3842fef3cab,2026-08-15T05:53:01.217000+00:00,mouse_click,,,,,1598.0834136938063,451.9098323387014,-24.351469912821976,-44.25519106023971,1966.0409189331292,,,,,,,,,,,,,,,,,,,,,,,,,,,,,,,,,,,,,,,,,,,,,,,,,,,,,,,,,,,,,,,,,,,,,,,,,,,,,,
behavioral_event,continuous,dba80c84-68fd-45b2-ba28-10f10075b239,8ba454a9-5ea9-4382-b9d1-d3842fef3cab,2026-08-16T04:53:01.217000+00:00,mouse_click,,,,,1318.527595969546,487.98087771357376,-4.122303422703268,5.546353586119871,281.5186477414429,,,,,,,,,,,,,,,,,,,,,,,,,,,,,,,,,,,,,,,,,,,,,,,,,,,,,,,,,,,,,,,,,,,,,,,,,,,,,,
behavioral_event,continuous,dba80c84-68fd-45b2-ba28-10f10075b239,27cc7537-a40e-47c3-a98f-89dbe78e8cb9,2026-08-15T23:53:01.217000+00:00,mouse_scroll,,,,,,,,-67.07435235670846,,,,,,,,,,,,,,,,,,,,,,,,,,,,,,,,,,,,,,,,,,,,,,,,,,,,,,,,,,,,,,,65.49266305166299,,,,,,,,,,,,,,,,
behavioral_event,continuous,dba80c84-68fd-45b2-ba28-10f10075b239,05bc7ce0-dbdf-4bb8-babe-c66084786cd0,2026-08-14T20:53:01.217000+00:00,mouse_move,,,,,1446.3119612106655,324.1970411160417,-9.570653368040993,20.52780378451928,696.4031675052412,,,,,,,,,,,,,,,,,,,,,,,,,,,,,,,,,,,,,,,,,,,,,,,,,,,,,,,,,,,,,,,,,,,,,,,,,,,,,,
behavioral_event,continuous,dba80c84-68fd-45b2-ba28-10f10075b239,05bc7ce0-dbdf-4bb8-babe-c66084786cd0,2026-08-14T18:53:01.217000+00:00,keystroke,69,,136.2826008002135,75.35713463144265,,,,,,,,,,,,,,,,,,,,,,,,,,,,,,,,,,,,,,,,,,,,,,,,,,,,,,,,,,,,,96.31418206682343,,105.16891787679889,,,,,,,,,,,,,,,,,,,,
behavioral_event,continuous,dba80c84-68fd-45b2-ba28-10f10075b239,05bc7ce0-dbdf-4bb8-babe-c66084786cd0,2026-08-15T08:53:01.217000+00:00,keystroke,80,,163.4759727149587,85.81220979323149,,,,,,,,,,,,,,,,,,,,,,,,,,,,,,,,,,,,,,,,,,,,,,,,,,,,,,,,,,,,,,,,,,,,,,,,,,,,,,,,,,,
behavioral_event,continuous,dba80c84-68fd-45b2-ba28-10f10075b239,05bc7ce0-dbdf-4bb8-babe-c66084786cd0,2026-08-17T03:53:01.217000+00:00,mouse_click,,,,,1617.6424160129302,154.12577334437447,24.341089457480464,-18.169558221752304,1695.9936806494413,,,,,,,,,,,,,,,,,,,,,,,,,,,,,,,,,,,,,,,,,,,,,,,,,,,,,,0.4421236864307675,,,,,,,,,1286.5215421043476,,,,,,,,,,,,,,,
behavioral_event,continuous,dba80c84-68fd-45b2-ba28-10f10075b239,15fa92b6-bb21-469b-8ebe-486f21886538,2026-08-16T00:53:01.217000+00:00,mouse_move,,,,,713.0789560007427,658.619835134436,-7.913023640364045,47.11577862196303,566.9586581316361,,,,,,,,,,,,,,,,,,,,,,,,,,,,,,,,,,,,,,,,,,,,,,,,,,,,,,,,,,,,,,,,,,,,,,,,,,,,,,
behavioral_event,continuous,dba80c84-68fd-45b2-ba28-10f10075b239,27cc7537-a40e-47c3-a98f-89dbe78e8cb9,2026-08-16T18:53:01.217000+00:00,mouse_move,,,,,596.9817743430746,459.9823924477912,-6.320180515515851,7.697734846506563,135.82272101874176,,,,,,,,,,,,,,,,,,,,,,,,,,,,,,,,,,,,,,,,,,,,,,,,,,,,,,,,,,,,,,,,,,,,,,,,,,,,,,
behavioral_event,continuous,dba80c84-68fd-45b2-ba28-10f10075b239,d840a02c-5fc4-4737-90f0-cd5b47cac023,2026-08-14T15:53:01.217000+00:00,mouse_scroll,,,,,,,,24.228955701798526,,,,,,,,,,,,,,,,,,,,,,,,,,,,,,,,,,,,,,,,,,,,,,,,,,,,,,,,,,,,,,,,,,,,,,,,,,,,,,,
behavioral_event,continuous,dba80c84-68fd-45b2-ba28-10f10075b239,d840a02c-5fc4-4737-90f0-cd5b47cac023,2026-08-15T10:53:01.217000+00:00,mouse_scroll,,,,,,,,-60.08489663782095,,,,,,,,,,,,,,,,,,,,,,,,,,,,,,,,,,,,,,,,,,,,,,,,,,,,,,,,,,,,,,,,,,,,,,,,,,,,,,,
behavioral_event,continuous,dba80c84-68fd-45b2-ba28-10f10075b239,05bc7ce0-dbdf-4bb8-babe-c66084786cd0,2026-08-15T03:53:01.217000+00:00,mouse_scroll,,,,,,,,-48.60358490585679,,,,,,,,,,,,,,,,,,,,,,,,,,,,,,,,,,,,,,,,,,,,,,,,,,,,,,,,,,,,,,,,,,,,,,,,,,,,,,,
behavioral_event,continuous,dba80c84-68fd-45b2-ba28-10f10075b239,05bc7ce0-dbdf-4bb8-babe-c66084786cd0,2026-08-15T23:53:01.217000+00:00,mouse_scroll,,,,,,,,47.698762383673966,,,,,,,,,,,,,,,,,,,,,,,,,,,,,,,,,,,,,,,,,,,,,,,,,,,,,,,,,,,,,,,56.75286155878388,,,,,,,,,,,,,,,,
behavioral_event,continuous,dba80c84-68fd-45b2-ba28-10f10075b239,05bc7ce0-dbdf-4bb8-babe-c66084786cd0,2026-08-16T13:53:01.217000+00:00,keystroke,71,,83.14512620173883,70.15729748788928,,,,,,,,,,,,,,,,,,,,,,,,,,,,,,,,,,,,,,,,,,,,,,,,,,,,,,,,,,,,,,,,,,,,,,,,,,,,,,,,,,,
behavioral_event,continuous,dba80c84-68fd-45b2-ba28-10f10075b239,8ba454a9-5ea9-4382-b9d1-d3842fef3cab,2026-08-16T08:53:01.217000+00:00,mouse_click,,,,,1366.3728517143563,219.88427287367412,12.697834631091595,-26.95630654327403,988.3908369902606,,,,,,,,,,,,,,,,,,,,,,,,,,,,,,,,,,,,,,,,,,,,,,,,,,,,,,,,,,,,,,,,,,,,,,,,,,,,,,
behavioral_event,continuous,dba80c84-68fd-45b2-ba28-10f10075b239,8ba454a9-5ea9-4382-b9d1-d3842fef3cab,2026-08-17T06:53:01.217000+00:00,mouse_click,,,,,1475.5941560777414,244.94446828246916,-37.93604361064047,-8.07719495789867,464.4258636988903,,,,,,,,,,,,,,,,,,,,,,,,,,,,,,,,,,,,,,,,,,,,,,,,,,,,,,,,,,,,,,,,,,,,,,,,,,,,,,
behavioral_event,continuous,dba80c84-68fd-45b2-ba28-10f10075b239,15fa92b6-bb21-469b-8ebe-486f21886538,2026-08-14T19:53:01.217000+00:00,mouse_scroll,,,,,,,,98.77860408842801,,,,,,,,,,,,,,,,,,,,,,,,,,,,,,,,,,,,,,,,,,,,,,,,,,,,,,,,,,,,,,,,,,,,,,,,,,,,,,,
behavioral_event,continuous,dba80c84-68fd-45b2-ba28-10f10075b239,27cc7537-a40e-47c3-a98f-89dbe78e8cb9,2026-08-14T22:53:01.217000+00:00,mouse_click,,,,,876.420298907052,460.0350127589858,-41.67184984066318,-30.0543630812961,717.9193072008579,,,,,,,,,,,,,,,,,,,,,,,,,,,,,,,,,,,,,,,,,,,,,,,,,,,,,,,,,,,,,,,,,,,,,,,,,,,,,,
behavioral_event,continuous,dba80c84-68fd-45b2-ba28-10f10075b239,27cc7537-a40e-47c3-a98f-89dbe78e8cb9,2026-08-15T21:53:01.217000+00:00,mouse_move,,,,,1346.6488303512172,140.25732498821614,-34.99972176163503,39.6834850113504,1290.846500742048,,,,,,,,,,,,,,,,,,,,,,,,,,,,,,,,,,,,,,,,,,,,,,,,,,,,,,,,,,,,,,,,,,,,,,,,,,,,,,
behavioral_event,continuous,dba80c84-68fd-45b2-ba28-10f10075b239,d840a02c-5fc4-4737-90f0-cd5b47cac023,2026-08-17T04:53:01.217000+00:00,mouse_move,,,,,719.1706983842781,707.9202702230205,-36.9094113798106,43.978004643318485,1458.764905230442,,,,,,,,,,,,,,,,,,,,,,,,,,,,,,,,,,,,,,,,,,,,,,,,,,,,,,0.34451429733507166,,,,,,,,,1106.7234678281898,,,,,,,,,,,,,,,
behavioral_event,continuous,dba80c84-68fd-45b2-ba28-10f10075b239,d840a02c-5fc4-4737-90f0-cd5b47cac023,2026-08-15T11:53:01.217000+00:00,mouse_scroll,,,,,,,,-64.86067334390168,,,,,,,,,,,,,,,,,,,,,,,,,,,,,,,,,,,,,,,,,,,,,,,,,,,,,,,,,,,,,,,27.10870468514169,,,,,,,,,,,,,,,,
behavioral_event,continuous,dba80c84-68fd-45b2-ba28-10f10075b239,05bc7ce0-dbdf-4bb8-babe-c66084786cd0,2026-08-14T15:53:01.217000+00:00,mouse_scroll,,,,,,,,-47.990663119540834,,,,,,,,,,,,,,,,,,,,,,,,,,,,,,,,,,,,,,,,,,,,,,,,,,,,,,,,,,,,,,,20.51928322254419,,,,,,,,,,,,,,,,
behavioral_event,continuous,dba80c84-68fd-45b2-ba28-10f10075b239,8ba454a9-5ea9-4382-b9d1-d3842fef3cab,2026-08-15T07:53:01.217000+00:00,mouse_move,,,,,702.5243967132939,287.44975084750865,-38.17027640830571,-35.86207717410986,1610.020928442896,,,,,,,,,,,,,,,,,,,,,,,,,,,,,,,,,,,,,,,,,,,,,,,,,,,,,,0.1171267498868307,,,,,,,,,1091.6025243031627,,,,,,,,,,,,,,,
behavioral_event,continuous,dba80c84-68fd-45b2-ba28-10f10075b239,8ba454a9-5ea9-4382-b9d1-d3842fef3cab,2026-08-14T22:53:01.217000+00:00,keystroke,76,,88.00853792143073,72.93591792534245,,,,,,,,,,,,,,,,,,,,,,,,,,,,,,,,,,,,,,,,,,,,,,,,,,,,,,,,,,,,,,,,,,,,,,,,,,,,,,,,,,,
behavioral_event,continuous,dba80c84-68fd-45b2-ba28-10f10075b239,15fa92b6-bb21-469b-8ebe-486f21886538,2026-08-16T04:53:01.217000+00:00,mouse_scroll,,,,,,,,-1.95354585707463,,,,,,,,,,,,,,,,,,,,,,,,,,,,,,,,,,,,,,,,,,,,,,,,,,,,,,,,,,,,,,,,,,,,,,,,,,,,,,,
behavioral_event,continuous,dba80c84-68fd-45b2-ba28-10f10075b239,15fa92b6-bb21-469b-8ebe-486f21886538,2026-08-16T19:53:01.217000+00:00,mouse_click,,,,,944.4168638254607,199.96829349376313,-38.80215741264126,-3.0344053270375255,808.894549591866,,,,,,,,,,,,,,,,,,,,,,,,,,,,,,,,,,,,,,,,,,,,,,,,,,,,,,,,,,,,,,,,,,,,,,,,,,,,,,
behavioral_event,continuous,dba80c84-68fd-45b2-ba28-10f10075b239,15fa92b6-bb21-469b-8ebe-486f21886538,2026-08-15T09:53:01.217000+00:00,mouse_scroll,,,,,,,,71.10067189103532,,,,,,,,,,,,,,,,,,,,,,,,,,,,,,,,,,,,,,,,,,,,,,,,,,,,,,,,,,,,,,,,,,,,,,,,,,,,,,,
behavioral_event,continuous,dba80c84-68fd-45b2-ba28-10f10075b239,15fa92b6-bb21-469b-8ebe-486f21886538,2026-08-15T02:53:01.217000+00:00,keystroke,67,,133.17851497465747,102.9122250192493,,,,,,,,,,,,,,,,,,,,,,,,,,,,,,,,,,,,,,,,,,,,,,,,,,,,,,,,,,,,,,,,,,,,,,,,,,,,,,,,,,,
behavioral_event,continuous,dba80c84-68fd-45b2-ba28-10f10075b239,27cc7537-a40e-47c3-a98f-89dbe78e8cb9,2026-08-16T13:53:01.217000+00:00,mouse_click,,,,,156.79078245939937,423.72016877852457,25.46434923834846,-45.897115605691084,1540.4078418827526,,,,,,,,,,,,,,,,,,,,,,,,,,,,,,,,,,,,,,,,,,,,,,,,,,,,,,0.11542809469949873,,,,,,,,,869.4783485899878,,,,,,,,,,,,,,,
behavioral_event,continuous,dba80c84-68fd-45b2-ba28-10f10075b239,d840a02c-5fc4-4737-90f0-cd5b47cac023,2026-08-16T05:53:01.217000+00:00,mouse_click,,,,,723.6396453912255,266.46989066938374,17.113927468991974,28.95401570890553,1585.6378971839213,,,,,,,,,,,,,,,,,,,,,,,,,,,,,,,,,,,,,,,,,,,,,,,,,,,,,,0.29874998951520015,,,,,,,,,1499.855021753852,,,,,,,,,,,,,,,
behavioral_event,continuous,dba80c84-68fd-45b2-ba28-10f10075b239,d840a02c-5fc4-4737-90f0-cd5b47cac023,2026-08-14T11:53:01.217000+00:00,mouse_scroll,,,,,,,,-96.39921955724296,,,,,,,,,,,,,,,,,,,,,,,,,,,,,,,,,,,,,,,,,,,,,,,,,,,,,,,,,,,,,,,,,,,,,,,,,,,,,,,
behavioral_event,continuous,dba80c84-68fd-45b2-ba28-10f10075b239,05bc7ce0-dbdf-4bb8-babe-c66084786cd0,2026-08-16T00:53:01.217000+00:00,mouse_scroll,,,,,,,,40.91129206195785,,,,,,,,,,,,,,,,,,,,,,,,,,,,,,,,,,,,,,,,,,,,,,,,,,,,,,,,,,,,,,,,,,,,,,,,,,,,,,,
behavioral_event,continuous,dba80c84-68fd-45b2-ba28-10f10075b239,05bc7ce0-dbdf-4bb8-babe-c66084786cd0,2026-08-17T02:53:01.217000+00:00,mouse_move,,,,,231.456641518641,137.17942501354497,12.24680684646129,-24.101248165335466,320.8092215891422,,,,,,,,,,,,,,,,,,,,,,,,,,,,,,,,,,,,,,,,,,,,,,,,,,,,,,0.2692161330438897,,,,,,,,,763.2020050442623,,,,,,,,,,,,,,,
behavioral_event,continuous,dba80c84-68fd-45b2-ba28-10f10075b239,05bc7ce0-dbdf-4bb8-babe-c66084786cd0,2026-08-15T22:53:01.217000+00:00,mouse_scroll,,,,,,,,38.49760644181018,,,,,,,,,,,,,,,,,,,,,,,,,,,,,,,,,,,,,,,,,,,,,,,,,,,,,,,,,,,,,,,60.441038719642684,,,,,,,,,,,,,,,,
behavioral_event,continuous,dba80c84-68fd-45b2-ba28-10f10075b239,8ba454a9-5ea9-4382-b9d1-d3842fef3cab,2026-08-16T00:53:01.217000+00:00,mouse_click,,,,,196.1681726790385,888.2927594142847,46.6762806257035,-38.29611654750079,942.9659522216418,,,,,,,,,,,,,,,,,,,,,,,,,,,,,,,,,,,,,,,,,,,,,,,,,,,,,,0.303082254933732,,,,,,,,,941.6293086986191,,,,,,,,,,,,,,,
behavioral_event,continuous,dba80c84-68fd-45b2-ba28-10f10075b239,8ba454a9-5ea9-4382-b9d1-d3842fef3cab,2026-08-15T08:53:01.217000+00:00,mouse_move,,,,,1317.564799317063,716.9114989023631,-4.6406207565225515,31.4043948746761,443.765527454869,,,,,,,,,,,,,,,,,,,,,,,,,,,,,,,,,,,,,,,,,,,,,,,,,,,,,,0.41985361729207205,,,,,,,,,1189.3543505166685,,,,,,,,,,,,,,,
behavioral_event,continuous,dba80c84-68fd-45b2-ba28-10f10075b239,15fa92b6-bb21-469b-8ebe-486f21886538,2026-08-15T00:53:01.217000+00:00,mouse_scroll,,,,,,,,-75.29285303931863,,,,,,,,,,,,,,,,,,,,,,,,,,,,,,,,,,,,,,,,,,,,,,,,,,,,,,,,,,,,,,,63.82048437723239,,,,,,,,,,,,,,,,
behavioral_event,continuous,dba80c84-68fd-45b2-ba28-10f10075b239,15fa92b6-bb21-469b-8ebe-486f21886538,2026-08-17T07:53:01.217000+00:00,keystroke,65,,57.12033420700951,109.73049605521763,,,,,,,,,,,,,,,,,,,,,,,,,,,,,,,,,,,,,,,,,,,,,,,,,,,,,,,,,,,,,,,,,,,,,,,,,,,,,,,,,,,
behavioral_event,continuous,dba80c84-68fd-45b2-ba28-10f10075b239,15fa92b6-bb21-469b-8ebe-486f21886538,2026-08-14T16:53:01.217000+00:00,mouse_click,,,,,959.0830069583823,614.9266309971929,44.58996359853843,11.882902539717534,1606.4751827682803,,,,,,,,,,,,,,,,,,,,,,,,,,,,,,,,,,,,,,,,,,,,,,,,,,,,,,,,,,,,,,,,,,,,,,,,,,,,,,
behavioral_event,continuous,dba80c84-68fd-45b2-ba28-10f10075b239,15fa92b6-bb21-469b-8ebe-486f21886538,2026-08-14T12:53:01.217000+00:00,mouse_click,,,,,1696.5506346334464,256.3283522597044,0.7478159985946888,40.55779145411199,1554.89370211698,,,,,,,,,,,,,,,,,,,,,,,,,,,,,,,,,,,,,,,,,,,,,,,,,,,,,,,,,,,,,,,,,,,,,,,,,,,,,,
behavioral_event,continuous,dba80c84-68fd-45b2-ba28-10f10075b239,27cc7537-a40e-47c3-a98f-89dbe78e8cb9,2026-08-14T23:53:01.217000+00:00,mouse_scroll,,,,,,,,91.1770377870599,,,,,,,,,,,,,,,,,,,,,,,,,,,,,,,,,,,,,,,,,,,,,,,,,,,,,,,,,,,,,,,91.74820347253565,,,,,,,,,,,,,,,,
behavioral_event,continuous,dba80c84-68fd-45b2-ba28-10f10075b239,27cc7537-a40e-47c3-a98f-89dbe78e8cb9,2026-08-14T11:53:01.217000+00:00,mouse_click,,,,,527.1896117468323,465.04018121779416,30.372300391666556,6.740462127652336e-05,518.5655373165612,,,,,,,,,,,,,,,,,,,,,,,,,,,,,,,,,,,,,,,,,,,,,,,,,,,,,,,,,,,,,,,,,,,,,,,,,,,,,,
behavioral_event,continuous,dba80c84-68fd-45b2-ba28-10f10075b239,05bc7ce0-dbdf-4bb8-babe-c66084786cd0,2026-08-16T04:53:01.217000+00:00,mouse_move,,,,,1541.8265862538701,423.19500183992653,-0.8817240487532203,-47.38600483818382,605.0517747810206,,,,,,,,,,,,,,,,,,,,,,,,,,,,,,,,,,,,,,,,,,,,,,,,,,,,,,,,,,,,,,,,,,,,,,,,,,,,,,
behavioral_event,continuous,dba80c84-68fd-45b2-ba28-10f10075b239,05bc7ce0-dbdf-4bb8-babe-c66084786cd0,2026-08-14T10:53:01.217000+00:00,mouse_click,,,,,119.2607727591917,234.76797500099255,21.85257750997073,48.126443243105555,1676.1956397593249,,,,,,,,,,,,,,,,,,,,,,,,,,,,,,,,,,,,,,,,,,,,,,,,,,,,,,,,,,,,,,,,,,,,,,,,,,,,,,
behavioral_event,continuous,dba80c84-68fd-45b2-ba28-10f10075b239,8ba454a9-5ea9-4382-b9d1-d3842fef3cab,2026-08-16T09:53:01.217000+00:00,mouse_move,,,,,567.0061824549416,408.6510771039878,-22.896334542858988,11.374391383118287,1669.927042990377,,,,,,,,,,,,,,,,,,,,,,,,,,,,,,,,,,,,,,,,,,,,,,,,,,,,,,,,,,,,,,,,,,,,,,,,,,,,,,
behavioral_event,continuous,dba80c84-68fd-45b2-ba28-10f10075b239,15fa92b6-bb21-469b-8ebe-486f21886538,2026-08-15T18:53:01.217000+00:00,keystroke,71,,65.95120335474566,31.270487968760634,,,,,,,,,,,,,,,,,,,,,,,,,,,,,,,,,,,,,,,,,,,,,,,,,,,,,,,,,,,,,,,,,,,,,,,,,,,,,,,,,,,
behavioral_event,continuous,dba80c84-68fd-45b2-ba28-10f10075b239,d840a02c-5fc4-4737-90f0-cd5b47cac023,2026-08-14T14:53:01.217000+00:00,mouse_move,,,,,616.0976207424118,229.76548821117095,40.03387656335178,-21.666754268619528,749.4598132372861,,,,,,,,,,,,,,,,,,,,,,,,,,,,,,,,,,,,,,,,,,,,,,,,,,,,,,,,,,,,,,,,,,,,,,,,,,,,,,
behavioral_event,continuous,dba80c84-68fd-45b2-ba28-10f10075b239,d840a02c-5fc4-4737-90f0-cd5b47cac023,2026-08-16T20:53:01.217000+00:00,mouse_move,,,,,1043.3679720366713,646.9658361819421,-11.08962410357541,5.171619505796208,1854.4977688577735,,,,,,,,,,,,,,,,,,,,,,,,,,,,,,,,,,,,,,,,,,,,,,,,,,,,,,,,,,,,,,,,,,,,,,,,,,,,,,
behavioral_event,continuous,dba80c84-68fd-45b2-ba28-10f10075b239,05bc7ce0-dbdf-4bb8-babe-c66084786cd0,2026-08-16T16:53:01.217000+00:00,mouse_click,,,,,123.04799207695964,610.2464983406289,36.03842509365687,-34.93401405449117,1027.972589514607,,,,,,,,,,,,,,,,,,,,,,,,,,,,,,,,,,,,,,,,,,,,,,,,,,,,,,0.4537309029569876,,,,,,,,,1470.0203368363013,,,,,,,,,,,,,,,
behavioral_event,continuous,dba80c84-68fd-45b2-ba28-10f10075b239,05bc7ce0-dbdf-4bb8-babe-c66084786cd0,2026-08-15T15:53:01.217000+00:00,mouse_click,,,,,1745.9211104738379,237.47732056457895,-45.81537469593795,39.70560990469238,1398.309810251858,,,,,,,,,,,,,,,,,,,,,,,,,,,,,,,,,,,,,,,,,,,,,,,,,,,,,,,,,,,,,,,,,,,,,,,,,,,,,,
behavioral_event,continuous,dba80c84-68fd-45b2-ba28-10f10075b239,05bc7ce0-dbdf-4bb8-babe-c66084786cd0,2026-08-16T21:53:01.217000+00:00,keystroke,76,,57.45809591335201,44.34637737249859,,,,,,,,,,,,,,,,,,,,,,,,,,,,,,,,,,,,,,,,,,,,,,,,,,,,,,,,,,,,,,,,,,,,,,,,,,,,,,,,,,,
behavioral_event,continuous,dba80c84-68fd-45b2-ba28-10f10075b239,8ba454a9-5ea9-4382-b9d1-d3842fef3cab,2026-08-17T05:53:01.217000+00:00,mouse_scroll,,,,,,,,-51.99317519083828,,,,,,,,,,,,,,,,,,,,,,,,,,,,,,,,,,,,,,,,,,,,,,,,,,,,,,,,,,,,,,,,,,,,,,,,,,,,,,,
behavioral_event,continuous,dba80c84-68fd-45b2-ba28-10f10075b239,8ba454a9-5ea9-4382-b9d1-d3842fef3cab,2026-08-15T09:53:01.217000+00:00,mouse_move,,,,,1291.7273902284903,185.66254898656584,14.549453495129072,37.38344767506844,1462.8353737249993,,,,,,,,,,,,,,,,,,,,,,,,,,,,,,,,,,,,,,,,,,,,,,,,,,,,,,0.30178038038762145,,,,,,,,,670.9899196406324,,,,,,,,,,,,,,,
behavioral_event,continuous,dba80c84-68fd-45b2-ba28-10f10075b239,15fa92b6-bb21-469b-8ebe-486f21886538,2026-08-14T09:53:01.217000+00:00,mouse_scroll,,,,,,,,-70.50675412248368,,,,,,,,,,,,,,,,,,,,,,,,,,,,,,,,,,,,,,,,,,,,,,,,,,,,,,,,,,,,,,,94.03112959596405,,,,,,,,,,,,,,,,
behavioral_event,continuous,dba80c84-68fd-45b2-ba28-10f10075b239,d840a02c-5fc4-4737-90f0-cd5b47cac023,2026-08-14T14:53:01.217000+00:00,mouse_click,,,,,1621.8274998663187,515.626150681078,36.79400145010382,-3.9596904046660413,600.6725286259413,,,,,,,,,,,,,,,,,,,,,,,,,,,,,,,,,,,,,,,,,,,,,,,,,,,,,,,,,,,,,,,,,,,,,,,,,,,,,,
behavioral_event,continuous,dba80c84-68fd-45b2-ba28-10f10075b239,05bc7ce0-dbdf-4bb8-babe-c66084786cd0,2026-08-16T00:53:01.217000+00:00,mouse_scroll,,,,,,,,-11.62134244282062,,,,,,,,,,,,,,,,,,,,,,,,,,,,,,,,,,,,,,,,,,,,,,,,,,,,,,,,,,,,,,,,,,,,,,,,,,,,,,,
behavioral_event,continuous,dba80c84-68fd-45b2-ba28-10f10075b239,05bc7ce0-dbdf-4bb8-babe-c66084786cd0,2026-08-17T03:53:01.217000+00:00,mouse_click,,,,,285.3336454448497,428.1412247701302,-43.88221883055585,-41.42220401959684,175.6235587148747,,,,,,,,,,,,,,,,,,,,,,,,,,,,,,,,,,,,,,,,,,,,,,,,,,,,,,0.26979004398020423,,,,,,,,,501.84658825225813,,,,,,,,,,,,,,,
behavioral_event,continuous,dba80c84-68fd-45b2-ba28-10f10075b239,05bc7ce0-dbdf-4bb8-babe-c66084786cd0,2026-08-16T06:53:01.217000+00:00,mouse_click,,,,,1349.1897657736552,719.3436313389652,27.080242826770885,44.25844903835974,967.9122424064856,,,,,,,,,,,,,,,,,,,,,,,,,,,,,,,,,,,,,,,,,,,,,,,,,,,,,,0.36982203841564976,,,,,,,,,1389.138531913375,,,,,,,,,,,,,,,
behavioral_event,continuous,dba80c84-68fd-45b2-ba28-10f10075b239,05bc7ce0-dbdf-4bb8-babe-c66084786cd0,2026-08-14T10:53:01.217000+00:00,mouse_move,,,,,1035.218313464839,799.7744522732168,33.454351128580356,38.81406178686113,1080.7303818303988,,,,,,,,,,,,,,,,,,,,,,,,,,,,,,,,,,,,,,,,,,,,,,,,,,,,,,,,,,,,,,,,,,,,,,,,,,,,,,
behavioral_event,continuous,dba80c84-68fd-45b2-ba28-10f10075b239,05bc7ce0-dbdf-4bb8-babe-c66084786cd0,2026-08-15T12:53:01.217000+00:00,mouse_move,,,,,1103.1809470560827,305.0384965384893,-31.166757810760824,3.306285791291927,922.0090394754453,,,,,,,,,,,,,,,,,,,,,,,,,,,,,,,,,,,,,,,,,,,,,,,,,,,,,,,,,,,,,,,,,,,,,,,,,,,,,,
behavioral_event,continuous,dba80c84-68fd-45b2-ba28-10f10075b239,8ba454a9-5ea9-4382-b9d1-d3842fef3cab,2026-08-16T21:53:01.217000+00:00,mouse_scroll,,,,,,,,-6.980737086942582,,,,,,,,,,,,,,,,,,,,,,,,,,,,,,,,,,,,,,,,,,,,,,,,,,,,,,,,,,,,,,,33.25814519544663,,,,,,,,,,,,,,,,
behavioral_event,continuous,dba80c84-68fd-45b2-ba28-10f10075b239,15fa92b6-bb21-469b-8ebe-486f21886538,2026-08-15T16:53:01.217000+00:00,mouse_click,,,,,1206.7664636387099,257.40905280704305,-35.69809484376284,-5.631504230713546,1859.0707488318983,,,,,,,,,,,,,,,,,,,,,,,,,,,,,,,,,,,,,,,,,,,,,,,,,,,,,,0.37382436566875354,,,,,,,,,603.6217311652865,,,,,,,,,,,,,,,
behavioral_event,continuous,dba80c84-68fd-45b2-ba28-10f10075b239,15fa92b6-bb21-469b-8ebe-486f21886538,2026-08-16T08:53:01.217000+00:00,mouse_scroll,,,,,,,,67.68533648032377,,,,,,,,,,,,,,,,,,,,,,,,,,,,,,,,,,,,,,,,,,,,,,,,,,,,,,,,,,,,,,,29.760551389854697,,,,,,,,,,,,,,,,
behavioral_event,continuous,dba80c84-68fd-45b2-ba28-10f10075b239,27cc7537-a40e-47c3-a98f-89dbe78e8cb9,2026-08-16T01:53:01.217000+00:00,mouse_move,,,,,497.39106851210056,551.3330475156861,14.968476730615905,34.05193129367167,138.7926620871379,,,,,,,,,,,,,,,,,,,,,,,,,,,,,,,,,,,,,,,,,,,,,,,,,,,,,,,,,,,,,,,,,,,,,,,,,,,,,,
behavioral_event,continuous,dba80c84-68fd-45b2-ba28-10f10075b239,27cc7537-a40e-47c3-a98f-89dbe78e8cb9,2026-08-16T02:53:01.217000+00:00,mouse_scroll,,,,,,,,-39.958238907323754,,,,,,,,,,,,,,,,,,,,,,,,,,,,,,,,,,,,,,,,,,,,,,,,,,,,,,,,,,,,,,,,,,,,,,,,,,,,,,,
behavioral_event,continuous,dba80c84-68fd-45b2-ba28-10f10075b239,d840a02c-5fc4-4737-90f0-cd5b47cac023,2026-08-17T01:53:01.217000+00:00,mouse_move,,,,,810.8180380021562,159.22391514927475,-5.456167998459705,-35.47509131512272,166.31150751330148,,,,,,,,,,,,,,,,,,,,,,,,,,,,,,,,,,,,,,,,,,,,,,,,,,,,,,,,,,,,,,,,,,,,,,,,,,,,,,
behavioral_event,continuous,dba80c84-68fd-45b2-ba28-10f10075b239,05bc7ce0-dbdf-4bb8-babe-c66084786cd0,2026-08-16T07:53:01.217000+00:00,mouse_scroll,,,,,,,,74.87457929526872,,,,,,,,,,,,,,,,,,,,,,,,,,,,,,,,,,,,,,,,,,,,,,,,,,,,,,,,,,,,,,,,,,,,,,,,,,,,,,,
behavioral_event,continuous,dba80c84-68fd-45b2-ba28-10f10075b239,05bc7ce0-dbdf-4bb8-babe-c66084786cd0,2026-08-15T12:53:01.217000+00:00,keystroke,82,,141.21308422518734,130.39689965950566,,,,,,,,,,,,,,,,,,,,,,,,,,,,,,,,,,,,,,,,,,,,,,,,,,,,,,,,,,,,,,,,,,,,,,,,,,,,,,,,,,,
behavioral_event,continuous,dba80c84-68fd-45b2-ba28-10f10075b239,05bc7ce0-dbdf-4bb8-babe-c66084786cd0,2026-08-17T02:53:01.217000+00:00,mouse_scroll,,,,,,,,79.0071183940417,,,,,,,,,,,,,,,,,,,,,,,,,,,,,,,,,,,,,,,,,,,,,,,,,,,,,,,,,,,,,,,,,,,,,,,,,,,,,,,
behavioral_event,continuous,dba80c84-68fd-45b2-ba28-10f10075b239,8ba454a9-5ea9-4382-b9d1-d3842fef3cab,2026-08-16T19:53:01.217000+00:00,keystroke,65,,72.1485803164056,128.4626307292587,,,,,,,,,,,,,,,,,,,,,,,,,,,,,,,,,,,,,,,,,,,,,,,,,,,,,,,,,,,,,90.35047043715156,,84.84399536561239,,,,,,,,,,,,,,,,,,,,
behavioral_event,continuous,dba80c84-68fd-45b2-ba28-10f10075b239,15fa92b6-bb21-469b-8ebe-486f21886538,2026-08-15T19:53:01.217000+00:00,mouse_click,,,,,126.01028041316127,748.0469151107105,31.71904960783833,-12.735775744170056,1232.1471626694292,,,,,,,,,,,,,,,,,,,,,,,,,,,,,,,,,,,,,,,,,,,,,,,,,,,,,,0.12916479117634616,,,,,,,,,779.1931258093546,,,,,,,,,,,,,,,
behavioral_event,continuous,dba80c84-68fd-45b2-ba28-10f10075b239,15fa92b6-bb21-469b-8ebe-486f21886538,2026-08-14T15:53:01.217000+00:00,mouse_scroll,,,,,,,,-69.11793512397703,,,,,,,,,,,,,,,,,,,,,,,,,,,,,,,,,,,,,,,,,,,,,,,,,,,,,,,,,,,,,,,46.279638688750964,,,,,,,,,,,,,,,,
behavioral_event,continuous,dba80c84-68fd-45b2-ba28-10f10075b239,15fa92b6-bb21-469b-8ebe-486f21886538,2026-08-15T11:53:01.217000+00:00,mouse_scroll,,,,,,,,-33.17072132951999,,,,,,,,,,,,,,,,,,,,,,,,,,,,,,,,,,,,,,,,,,,,,,,,,,,,,,,,,,,,,,,,,,,,,,,,,,,,,,,
behavioral_event,continuous,dba80c84-68fd-45b2-ba28-10f10075b239,15fa92b6-bb21-469b-8ebe-486f21886538,2026-08-14T15:53:01.217000+00:00,keystroke,70,,163.55103272423364,110.56690805587682,,,,,,,,,,,,,,,,,,,,,,,,,,,,,,,,,,,,,,,,,,,,,,,,,,,,,,,,,,,,,,,,,,,,,,,,,,,,,,,,,,,
behavioral_event,continuous,dba80c84-68fd-45b2-ba28-10f10075b239,27cc7537-a40e-47c3-a98f-89dbe78e8cb9,2026-08-17T09:53:01.217000+00:00,mouse_move,,,,,1583.4592923480445,833.6502306122615,1.1216002488496386,-22.860484617995358,392.29243386977464,,,,,,,,,,,,,,,,,,,,,,,,,,,,,,,,,,,,,,,,,,,,,,,,,,,,,,,,,,,,,,,,,,,,,,,,,,,,,,
behavioral_event,continuous,dba80c84-68fd-45b2-ba28-10f10075b239,27cc7537-a40e-47c3-a98f-89dbe78e8cb9,2026-08-16T21:53:01.217000+00:00,keystroke,89,,189.99514306778894,103.44035670227338,,,,,,,,,,,,,,,,,,,,,,,,,,,,,,,,,,,,,,,,,,,,,,,,,,,,,,,,,,,,,,,,,,,,,,,,,,,,,,,,,,,
behavioral_event,continuous,dba80c84-68fd-45b2-ba28-10f10075b239,d840a02c-5fc4-4737-90f0-cd5b47cac023,2026-08-14T15:53:01.217000+00:00,mouse_click,,,,,927.5184705557202,353.0850340969672,2.7947854233097402,-35.74876448868912,1967.3684170445167,,,,,,,,,,,,,,,,,,,,,,,,,,,,,,,,,,,,,,,,,,,,,,,,,,,,,,0.27654693659754354,,,,,,,,,1294.994984521241,,,,,,,,,,,,,,,
behavioral_event,continuous,dba80c84-68fd-45b2-ba28-10f10075b239,d840a02c-5fc4-4737-90f0-cd5b47cac023,2026-08-14T18:53:01.217000+00:00,mouse_move,,,,,1780.0626633572529,872.8105318745145,30.834048032592094,-35.76672519013033,1238.7354758146053,,,,,,,,,,,,,,,,,,,,,,,,,,,,,,,,,,,,,,,,,,,,,,,,,,,,,,,,,,,,,,,,,,,,,,,,,,,,,,
behavioral_event,continuous,dba80c84-68fd-45b2-ba28-10f10075b239,8ba454a9-5ea9-4382-b9d1-d3842fef3cab,2026-08-17T03:53:01.217000+00:00,mouse_scroll,,,,,,,,13.51076099819872,,,,,,,,,,,,,,,,,,,,,,,,,,,,,,,,,,,,,,,,,,,,,,,,,,,,,,,,,,,,,,,,,,,,,,,,,,,,,,,
behavioral_event,continuous,dba80c84-68fd-45b2-ba28-10f10075b239,8ba454a9-5ea9-4382-b9d1-d3842fef3cab,2026-08-15T15:53:01.217000+00:00,mouse_scroll,,,,,,,,-2.9325203310674084,,,,,,,,,,,,,,,,,,,,,,,,,,,,,,,,,,,,,,,,,,,,,,,,,,,,,,,,,,,,,,,96.16667559671333,,,,,,,,,,,,,,,,
behavioral_event,continuous,dba80c84-68fd-45b2-ba28-10f10075b239,15fa92b6-bb21-469b-8ebe-486f21886538,2026-08-16T21:53:01.217000+00:00,keystroke,78,,83.2766328207601,102.61067495145915,,,,,,,,,,,,,,,,,,,,,,,,,,,,,,,,,,,,,,,,,,,,,,,,,,,,,,,,,,,,,132.97144369152227,,73.09110831568219,,,,,,,,,,,,,,,,,,,,
behavioral_event,continuous,dba80c84-68fd-45b2-ba28-10f10075b239,15fa92b6-bb21-469b-8ebe-486f21886538,2026-08-15T04:53:01.217000+00:00,mouse_scroll,,,,,,,,6.627338400792198,,,,,,,,,,,,,,,,,,,,,,,,,,,,,,,,,,,,,,,,,,,,,,,,,,,,,,,,,,,,,,,36.26293575542876,,,,,,,,,,,,,,,,
behavioral_event,continuous,dba80c84-68fd-45b2-ba28-10f10075b239,15fa92b6-bb21-469b-8ebe-486f21886538,2026-08-14T09:53:01.217000+00:00,mouse_move,,,,,935.3690802489978,846.3135190747216,-8.875923450174085,-11.488454842610793,1122.6666429673555,,,,,,,,,,,,,,,,,,,,,,,,,,,,,,,,,,,,,,,,,,,,,,,,,,,,,,,,,,,,,,,,,,,,,,,,,,,,,,
behavioral_event,continuous,dba80c84-68fd-45b2-ba28-10f10075b239,27cc7537-a40e-47c3-a98f-89dbe78e8cb9,2026-08-16T21:53:01.217000+00:00,keystroke,90,,53.46097142318193,44.75205050035062,,,,,,,,,,,,,,,,,,,,,,,,,,,,,,,,,,,,,,,,,,,,,,,,,,,,,,,,,,,,,,,,,,,,,,,,,,,,,,,,,,,
behavioral_event,continuous,dba80c84-68fd-45b2-ba28-10f10075b239,d840a02c-5fc4-4737-90f0-cd5b47cac023,2026-08-17T02:53:01.217000+00:00,mouse_move,,,,,241.78858569383507,750.4478631710556,48.076138710236094,48.228152470251075,450.16666840369356,,,,,,,,,,,,,,,,,,,,,,,,,,,,,,,,,,,,,,,,,,,,,,,,,,,,,,0.36200545614792345,,,,,,,,,519.703968264526,,,,,,,,,,,,,,,
behavioral_event,continuous,dba80c84-68fd-45b2-ba28-10f10075b239,d840a02c-5fc4-4737-90f0-cd5b47cac023,2026-08-16T23:53:01.217000+00:00,keystroke,78,,189.30423234825938,118.6365385540385,,,,,,,,,,,,,,,,,,,,,,,,,,,,,,,,,,,,,,,,,,,,,,,,,,,,,,,,,,,,,,,,,,,,,,,,,,,,,,,,,,,
behavioral_event,continuous,dba80c84-68fd-45b2-ba28-10f10075b239,05bc7ce0-dbdf-4bb8-babe-c66084786cd0,2026-08-15T19:53:01.217000+00:00,keystroke,79,,178.0246833585517,53.98828217370941,,,,,,,,,,,,,,,,,,,,,,,,,,,,,,,,,,,,,,,,,,,,,,,,,,,,,,,,,,,,,,,,,,,,,,,,,,,,,,,,,,,
behavioral_event,continuous,dba80c84-68fd-45b2-ba28-10f10075b239,05bc7ce0-dbdf-4bb8-babe-c66084786cd0,2026-08-14T12:53:01.217000+00:00,mouse_scroll,,,,,,,,48.817012925724214,,,,,,,,,,,,,,,,,,,,,,,,,,,,,,,,,,,,,,,,,,,,,,,,,,,,,,,,,,,,,,,,,,,,,,,,,,,,,,,
behavioral_event,continuous,dba80c84-68fd-45b2-ba28-10f10075b239,05bc7ce0-dbdf-4bb8-babe-c66084786cd0,2026-08-16T04:53:01.217000+00:00,keystroke,68,,142.0702945588759,47.18317906357373,,,,,,,,,,,,,,,,,,,,,,,,,,,,,,,,,,,,,,,,,,,,,,,,,,,,,,,,,,,,,,,,,,,,,,,,,,,,,,,,,,,
behavioral_event,continuous,dba80c84-68fd-45b2-ba28-10f10075b239,05bc7ce0-dbdf-4bb8-babe-c66084786cd0,2026-08-16T12:53:01.217000+00:00,keystroke,82,,111.03968744984176,124.80500644980238,,,,,,,,,,,,,,,,,,,,,,,,,,,,,,,,,,,,,,,,,,,,,,,,,,,,,,,,,,,,,,,,,,,,,,,,,,,,,,,,,,,
behavior_window,continuous,dba80c84-68fd-45b2-ba28-10f10075b239,15fa92b6-bb21-469b-8ebe-486f21886538,2026-08-17T09:53:02.755000+00:00,window_aggregate,,,,,,,,,,2026-08-15T14:53:01.217000+00:00,2026-08-15T14:53:31.217000+00:00,,,,,,,,,,,,,,,,,,,,,,,,,,,,,,2026-08-17T09:53:02.755000+00:00,,,,,,,,,,,,,,,,,,,,,,,,,,,,,,,,,0.8224683307975464,0.1835252370520858,2.0,0.2201096496585412,0.15233234858506445,105.44719105763127,16.76531081668302,97.20439745738574,14.085774953386224,4.616213480140636,20865.10227327234,212.05925741337893,1099.5601645381084,173.33136909368164
behavior_window,continuous,dba80c84-68fd-45b2-ba28-10f10075b239,15fa92b6-bb21-469b-8ebe-486f21886538,2026-08-17T09:53:02.755000+00:00,window_aggregate,,,,,,,,,,2026-08-15T14:53:01.217000+00:00,2026-08-15T14:53:31.217000+00:00,,,,,,,,,,,,,,,,,,,,,,,,,,,,,,2026-08-17T09:53:02.755000+00:00,,,,,,,,,,,,,,,,,,,,,,,,,,,,,,,,,0.8224683307975464,0.1835252370520858,2.0,0.2201096496585412,0.15233234858506445,105.44719105763127,16.76531081668302,97.20439745738574,14.085774953386224,4.616213480140636,20865.10227327234,212.05925741337893,1099.5601645381084,173.33136909368164
behavior_window,continuous,dba80c84-68fd-45b2-ba28-10f10075b239,15fa92b6-bb21-469b-8ebe-486f21886538,2026-08-17T09:53:02.755000+00:00,window_aggregate,,,,,,,,,,2026-08-15T14:53:01.217000+00:00,2026-08-15T14:53:31.217000+00:00,,,,,,,,,,,,,,,,,,,,,,,,,,,,,,2026-08-17T09:53:02.755000+00:00,,,,,,,,,,,,,,,,,,,,,,,,,,,,,,,,,0.8224683307975464,0.1835252370520858,2.0,0.2201096496585412,0.15233234858506445,105.44719105763127,16.76531081668302,97.20439745738574,14.085774953386224,4.616213480140636,20865.10227327234,212.05925741337893,1099.5601645381084,173.33136909368164
behavior_window,continuous,dba80c84-68fd-45b2-ba28-10f10075b239,15fa92b6-bb21-469b-8ebe-486f21886538,2026-08-17T09:53:02.755000+00:00,window_aggregate,,,,,,,,,,2026-08-14T15:53:01.217000+00:00,2026-08-14T15:53:31.217000+00:00,,,,,,,,,,,,,,,,,,,,,,,,,,,,,,2026-08-17T09:53:02.755000+00:00,,,,,,,,,,,,,,,,,,,,,,,,,,,,,,,,,1.5571431422976905,0.4238614886253369,1.0,0.18818504171542041,0.15490411751046484,143.54154444919004,10.071767979361933,63.01418509906957,11.709746934039396,4.7817148939766785,27612.431663327,377.9546023799757,1274.8698003263867,448.40440397263956
behavior_window,continuous,dba80c84-68fd-45b2-ba28-10f10075b239,15fa92b6-bb21-469b-8ebe-486f21886538,2026-08-17T09:53:02.755000+00:00,window_aggregate,,,,,,,,,,2026-08-14T15:53:01.217000+00:00,2026-08-14T15:53:31.217000+00:00,,,,,,,,,,,,,,,,,,,,,,,,,,,,,,2026-08-17T09:53:02.755000+00:00,,,,,,,,,,,,,,,,,,,,,,,,,,,,,,,,,1.5571431422976905,0.4238614886253369,1.0,0.18818504171542041,0.15490411751046484,143.54154444919004,10.071767979361933,63.01418509906957,11.709746934039396,4.7817148939766785,27612.431663327,377.9546023799757,1274.8698003263867,448.40440397263956
behavior_window,continuous,dba80c84-68fd-45b2-ba28-10f10075b239,15fa92b6-bb21-469b-8ebe-486f21886538,2026-08-17T09:53:02.755000+00:00,window_aggregate,,,,,,,,,,2026-08-14T15:53:01.217000+00:00,2026-08-14T15:53:31.217000+00:00,,,,,,,,,,,,,,,,,,,,,,,,,,,,,,2026-08-17T09:53:02.755000+00:00,,,,,,,,,,,,,,,,,,,,,,,,,,,,,,,,,1.5571431422976905,0.4238614886253369,1.0,0.18818504171542041,0.15490411751046484,143.54154444919004,10.071767979361933,63.01418509906957,11.709746934039396,4.7817148939766785,27612.431663327,377.9546023799757,1274.8698003263867,448.40440397263956
behavior_window,continuous,dba80c84-68fd-45b2-ba28-10f10075b239,15fa92b6-bb21-469b-8ebe-486f21886538,2026-08-17T09:53:02.755000+00:00,window_aggregate,,,,,,,,,,2026-08-15T12:53:01.217000+00:00,2026-08-15T12:53:31.217000+00:00,,,,,,,,,,,,,,,,,,,,,,,,,,,,,,2026-08-17T09:53:02.755000+00:00,,,,,,,,,,,,,,,,,,,,,,,,,,,,,,,,,0.7695822720098471,0.17743650860595786,5.0,0.14608584614013187,0.14118201511790285,121.93485579652216,24.245913241105338,86.77291519125893,23.860963155537497,3.8598770774878632,29916.66277408674,72.4435024091919,726.6943380338043,424.62556627286466
behavior_window,continuous,dba80c84-68fd-45b2-ba28-10f10075b239,15fa92b6-bb21-469b-8ebe-486f21886538,2026-08-17T09:53:02.755000+00:00,window_aggregate,,,,,,,,,,2026-08-15T12:53:01.217000+00:00,2026-08-15T12:53:31.217000+00:00,,,,,,,,,,,,,,,,,,,,,,,,,,,,,,2026-08-17T09:53:02.755000+00:00,,,,,,,,,,,,,,,,,,,,,,,,,,,,,,,,,0.7695822720098471,0.17743650860595786,5.0,0.14608584614013187,0.14118201511790285,121.93485579652216,24.245913241105338,86.77291519125893,23.860963155537497,3.8598770774878632,29916.66277408674,72.4435024091919,726.6943380338043,424.62556627286466
behavior_window,continuous,dba80c84-68fd-45b2-ba28-10f10075b239,15fa92b6-bb21-469b-8ebe-486f21886538,2026-08-17T09:53:02.755000+00:00,window_aggregate,,,,,,,,,,2026-08-15T12:53:01.217000+00:00,2026-08-15T12:53:31.217000+00:00,,,,,,,,,,,,,,,,,,,,,,,,,,,,,,2026-08-17T09:53:02.755000+00:00,,,,,,,,,,,,,,,,,,,,,,,,,,,,,,,,,0.7695822720098471,0.17743650860595786,5.0,0.14608584614013187,0.14118201511790285,121.93485579652216,24.245913241105338,86.77291519125893,23.860963155537497,3.8598770774878632,29916.66277408674,72.4435024091919,726.6943380338043,424.62556627286466
behavior_window,continuous,dba80c84-68fd-45b2-ba28-10f10075b239,05bc7ce0-dbdf-4bb8-babe-c66084786cd0,2026-08-17T09:53:02.756000+00:00,window_aggregate,,,,,,,,,,2026-08-14T13:53:01.217000+00:00,2026-08-14T13:53:31.217000+00:00,,,,,,,,,,,,,,,,,,,,,,,,,,,,,,2026-08-17T09:53:02.756000+00:00,,,,,,,,,,,,,,,,,,,,,,,,,,,,,,,,,2.674918534290915,0.8022986319063171,5.0,0.4007323842336078,0.06623464547397966,139.1795488339415,27.553711492738575,78.42829006075847,18.076516266262352,3.5265273720472488,40525.56893159237,482.7170819519425,502.83168539772004,299.18487260512086
behavior_window,continuous,dba80c84-68fd-45b2-ba28-10f10075b239,05bc7ce0-dbdf-4bb8-babe-c66084786cd0,2026-08-17T09:53:02.756000+00:00,window_aggregate,,,,,,,,,,2026-08-14T13:53:01.217000+00:00,2026-08-14T13:53:31.217000+00:00,,,,,,,,,,,,,,,,,,,,,,,,,,,,,,2026-08-17T09:53:02.756000+00:00,,,,,,,,,,,,,,,,,,,,,,,,,,,,,,,,,2.674918534290915,0.8022986319063171,5.0,0.4007323842336078,0.06623464547397966,139.1795488339415,27.553711492738575,78.42829006075847,18.076516266262352,3.5265273720472488,40525.56893159237,482.7170819519425,502.83168539772004,299.18487260512086
behavior_window,continuous,dba80c84-68fd-45b2-ba28-10f10075b239,05bc7ce0-dbdf-4bb8-babe-c66084786cd0,2026-08-17T09:53:02.756000+00:00,window_aggregate,,,,,,,,,,2026-08-14T13:53:01.217000+00:00,2026-08-14T13:53:31.217000+00:00,,,,,,,,,,,,,,,,,,,,,,,,,,,,,,2026-08-17T09:53:02.756000+00:00,,,,,,,,,,,,,,,,,,,,,,,,,,,,,,,,,2.674918534290915,0.8022986319063171,5.0,0.4007323842336078,0.06623464547397966,139.1795488339415,27.553711492738575,78.42829006075847,18.076516266262352,3.5265273720472488,40525.56893159237,482.7170819519425,502.83168539772004,299.18487260512086
behavior_window,continuous,dba80c84-68fd-45b2-ba28-10f10075b239,27cc7537-a40e-47c3-a98f-89dbe78e8cb9,2026-08-17T09:53:02.756000+00:00,window_aggregate,,,,,,,,,,2026-08-16T18:53:01.217000+00:00,2026-08-16T18:53:31.217000+00:00,,,,,,,,,,,,,,,,,,,,,,,,,,,,,,2026-08-17T09:53:02.756000+00:00,,,,,,,,,,,,,,,,,,,,,,,,,,,,,,,,,0.6070429874739098,0.7194051344109789,3.0,0.16793423225309395,0.17307459672189504,135.81407354686473,16.812949367687054,72.42364715941949,16.67720060879681,4.77709301519673,24480.578495482754,345.0945274656629,1327.2209258674798,325.9447094081977
behavior_window,continuous,dba80c84-68fd-45b2-ba28-10f10075b239,27cc7537-a40e-47c3-a98f-89dbe78e8cb9,2026-08-17T09:53:02.756000+00:00,window_aggregate,,,,,,,,,,2026-08-16T18:53:01.217000+00:00,2026-08-16T18:53:31.217000+00:00,,,,,,,,,,,,,,,,,,,,,,,,,,,,,,2026-08-17T09:53:02.756000+00:00,,,,,,,,,,,,,,,,,,,,,,,,,,,,,,,,,0.6070429874739098,0.7194051344109789,3.0,0.16793423225309395,0.17307459672189504,135.81407354686473,16.812949367687054,72.42364715941949,16.67720060879681,4.77709301519673,24480.578495482754,345.0945274656629,1327.2209258674798,325.9447094081977
behavior_window,continuous,dba80c84-68fd-45b2-ba28-10f10075b239,27cc7537-a40e-47c3-a98f-89dbe78e8cb9,2026-08-17T09:53:02.756000+00:00,window_aggregate,,,,,,,,,,2026-08-16T18:53:01.217000+00:00,2026-08-16T18:53:31.217000+00:00,,,,,,,,,,,,,,,,,,,,,,,,,,,,,,2026-08-17T09:53:02.756000+00:00,,,,,,,,,,,,,,,,,,,,,,,,,,,,,,,,,0.6070429874739098,0.7194051344109789,3.0,0.16793423225309395,0.17307459672189504,135.81407354686473,16.812949367687054,72.42364715941949,16.67720060879681,4.77709301519673,24480.578495482754,345.0945274656629,1327.2209258674798,325.9447094081977
behavior_window,continuous,dba80c84-68fd-45b2-ba28-10f10075b239,05bc7ce0-dbdf-4bb8-babe-c66084786cd0,2026-08-17T09:53:02.756000+00:00,window_aggregate,,,,,,,,,,2026-08-15T15:53:01.217000+00:00,2026-08-15T15:53:31.217000+00:00,,,,,,,,,,,,,,,,,,,,,,,,,,,,,,2026-08-17T09:53:02.756000+00:00,,,,,,,,,,,,,,,,,,,,,,,,,,,,,,,,,2.1736650406436797,0.929687586768342,7.0,0.4794596037699502,0.09529108482799553,133.43313805891628,13.780397199516035,75.13582056653635,5.434368624220949,3.498315195917339,14629.216947886109,110.47104533807439,1026.3375155371739,483.48199528791747
behavior_window,continuous,dba80c84-68fd-45b2-ba28-10f10075b239,05bc7ce0-dbdf-4bb8-babe-c66084786cd0,2026-08-17T09:53:02.756000+00:00,window_aggregate,,,,,,,,,,2026-08-15T15:53:01.217000+00:00,2026-08-15T15:53:31.217000+00:00,,,,,,,,,,,,,,,,,,,,,,,,,,,,,,2026-08-17T09:53:02.756000+00:00,,,,,,,,,,,,,,,,,,,,,,,,,,,,,,,,,2.1736650406436797,0.929687586768342,7.0,0.4794596037699502,0.09529108482799553,133.43313805891628,13.780397199516035,75.13582056653635,5.434368624220949,3.498315195917339,14629.216947886109,110.47104533807439,1026.3375155371739,483.48199528791747
behavior_window,continuous,dba80c84-68fd-45b2-ba28-10f10075b239,05bc7ce0-dbdf-4bb8-babe-c66084786cd0,2026-08-17T09:53:02.756000+00:00,window_aggregate,,,,,,,,,,2026-08-15T15:53:01.217000+00:00,2026-08-15T15:53:31.217000+00:00,,,,,,,,,,,,,,,,,,,,,,,,,,,,,,2026-08-17T09:53:02.756000+00:00,,,,,,,,,,,,,,,,,,,,,,,,,,,,,,,,,2.1736650406436797,0.929687586768342,7.0,0.4794596037699502,0.09529108482799553,133.43313805891628,13.780397199516035,75.13582056653635,5.434368624220949,3.498315195917339,14629.216947886109,110.47104533807439,1026.3375155371739,483.48199528791747
behavior_window,continuous,dba80c84-68fd-45b2-ba28-10f10075b239,15fa92b6-bb21-469b-8ebe-486f21886538,2026-08-17T09:53:02.755000+00:00,window_aggregate,,,,,,,,,,2026-08-15T19:53:01.217000+00:00,2026-08-15T19:53:31.217000+00:00,,,,,,,,,,,,,,,,,,,,,,,,,,,,,,2026-08-17T09:53:02.755000+00:00,,,,,,,,,,,,,,,,,,,,,,,,,,,,,,,,,0.5624986347806988,0.16768584337223882,8.0,0.4747902935414233,0.1439050329827864,117.27030026324107,29.35880138297136,113.93290999785332,18.178529313565228,3.003919144779742,17257.08539839799,375.725935530211,767.5052534419998,361.42605422150064
behavior_window,continuous,dba80c84-68fd-45b2-ba28-10f10075b239,15fa92b6-bb21-469b-8ebe-486f21886538,2026-08-17T09:53:02.755000+00:00,window_aggregate,,,,,,,,,,2026-08-15T19:53:01.217000+00:00,2026-08-15T19:53:31.217000+00:00,,,,,,,,,,,,,,,,,,,,,,,,,,,,,,2026-08-17T09:53:02.755000+00:00,,,,,,,,,,,,,,,,,,,,,,,,,,,,,,,,,0.5624986347806988,0.16768584337223882,8.0,0.4747902935414233,0.1439050329827864,117.27030026324107,29.35880138297136,113.93290999785332,18.178529313565228,3.003919144779742,17257.08539839799,375.725935530211,767.5052534419998,361.42605422150064
behavior_window,continuous,dba80c84-68fd-45b2-ba28-10f10075b239,15fa92b6-bb21-469b-8ebe-486f21886538,2026-08-17T09:53:02.755000+00:00,window_aggregate,,,,,,,,,,2026-08-15T19:53:01.217000+00:00,2026-08-15T19:53:31.217000+00:00,,,,,,,,,,,,,,,,,,,,,,,,,,,,,,2026-08-17T09:53:02.755000+00:00,,,,,,,,,,,,,,,,,,,,,,,,,,,,,,,,,0.5624986347806988,0.16768584337223882,8.0,0.4747902935414233,0.1439050329827864,117.27030026324107,29.35880138297136,113.93290999785332,18.178529313565228,3.003919144779742,17257.08539839799,375.725935530211,767.5052534419998,361.42605422150064
behavior_window,continuous,dba80c84-68fd-45b2-ba28-10f10075b239,15fa92b6-bb21-469b-8ebe-486f21886538,2026-08-17T09:53:02.755000+00:00,window_aggregate,,,,,,,,,,2026-08-14T12:53:01.217000+00:00,2026-08-14T12:53:31.217000+00:00,,,,,,,,,,,,,,,,,,,,,,,,,,,,,,2026-08-17T09:53:02.755000+00:00,,,,,,,,,,,,,,,,,,,,,,,,,,,,,,,,,1.916967726875753,0.7837466926438604,3.0,0.3081587624870996,0.1379641570965173,115.00243106184666,18.69899520048473,89.51378040330687,18.106312047156855,3.651996192838887,19287.93694714967,24.524556829836786,1446.522029719014,388.45260993032724
behavior_window,continuous,dba80c84-68fd-45b2-ba28-10f10075b239,15fa92b6-bb21-469b-8ebe-486f21886538,2026-08-17T09:53:02.755000+00:00,window_aggregate,,,,,,,,,,2026-08-14T12:53:01.217000+00:00,2026-08-14T12:53:31.217000+00:00,,,,,,,,,,,,,,,,,,,,,,,,,,,,,,2026-08-17T09:53:02.755000+00:00,,,,,,,,,,,,,,,,,,,,,,,,,,,,,,,,,1.916967726875753,0.7837466926438604,3.0,0.3081587624870996,0.1379641570965173,115.00243106184666,18.69899520048473,89.51378040330687,18.106312047156855,3.651996192838887,19287.93694714967,24.524556829836786,1446.522029719014,388.45260993032724
behavior_window,continuous,dba80c84-68fd-45b2-ba28-10f10075b239,15fa92b6-bb21-469b-8ebe-486f21886538,2026-08-17T09:53:02.755000+00:00,window_aggregate,,,,,,,,,,2026-08-14T12:53:01.217000+00:00,2026-08-14T12:53:31.217000+00:00,,,,,,,,,,,,,,,,,,,,,,,,,,,,,,2026-08-17T09:53:02.755000+00:00,,,,,,,,,,,,,,,,,,,,,,,,,,,,,,,,,1.916967726875753,0.7837466926438604,3.0,0.3081587624870996,0.1379641570965173,115.00243106184666,18.69899520048473,89.51378040330687,18.106312047156855,3.651996192838887,19287.93694714967,24.524556829836786,1446.522029719014,388.45260993032724
behavior_window,continuous,dba80c84-68fd-45b2-ba28-10f10075b239,27cc7537-a40e-47c3-a98f-89dbe78e8cb9,2026-08-17T09:53:02.755000+00:00,window_aggregate,,,,,,,,,,2026-08-16T04:53:01.217000+00:00,2026-08-16T04:53:31.217000+00:00,,,,,,,,,,,,,,,,,,,,,,,,,,,,,,2026-08-17T09:53:02.755000+00:00,,,,,,,,,,,,,,,,,,,,,,,,,,,,,,,,,2.2682727775323963,0.55509429426721,8.0,0.19258714597896584,0.09761500907904068,85.95010574984974,32.70934522130035,61.57710145518873,17.777320535346433,3.1480829075276606,33345.751577026844,271.793073623531,682.4927252274143,360.7731291184338
behavior_window,continuous,dba80c84-68fd-45b2-ba28-10f10075b239,27cc7537-a40e-47c3-a98f-89dbe78e8cb9,2026-08-17T09:53:02.755000+00:00,window_aggregate,,,,,,,,,,2026-08-16T04:53:01.217000+00:00,2026-08-16T04:53:31.217000+00:00,,,,,,,,,,,,,,,,,,,,,,,,,,,,,,2026-08-17T09:53:02.755000+00:00,,,,,,,,,,,,,,,,,,,,,,,,,,,,,,,,,2.2682727775323963,0.55509429426721,8.0,0.19258714597896584,0.09761500907904068,85.95010574984974,32.70934522130035,61.57710145518873,17.777320535346433,3.1480829075276606,33345.751577026844,271.793073623531,682.4927252274143,360.7731291184338
behavior_window,continuous,dba80c84-68fd-45b2-ba28-10f10075b239,27cc7537-a40e-47c3-a98f-89dbe78e8cb9,2026-08-17T09:53:02.755000+00:00,window_aggregate,,,,,,,,,,2026-08-16T04:53:01.217000+00:00,2026-08-16T04:53:31.217000+00:00,,,,,,,,,,,,,,,,,,,,,,,,,,,,,,2026-08-17T09:53:02.755000+00:00,,,,,,,,,,,,,,,,,,,,,,,,,,,,,,,,,2.2682727775323963,0.55509429426721,8.0,0.19258714597896584,0.09761500907904068,85.95010574984974,32.70934522130035,61.57710145518873,17.777320535346433,3.1480829075276606,33345.751577026844,271.793073623531,682.4927252274143,360.7731291184338
behavior_window,continuous,dba80c84-68fd-45b2-ba28-10f10075b239,d840a02c-5fc4-4737-90f0-cd5b47cac023,2026-08-17T09:53:02.756000+00:00,window_aggregate,,,,,,,,,,2026-08-15T12:53:01.217000+00:00,2026-08-15T12:53:31.217000+00:00,,,,,,,,,,,,,,,,,,,,,,,,,,,,,,2026-08-17T09:53:02.756000+00:00,,,,,,,,,,,,,,,,,,,,,,,,,,,,,,,,,1.595599604926258,0.9731971484528301,8.0,0.3072609036503886,0.18032651255815424,124.27426135415988,37.210385322036146,104.32954118664952,12.479513049967458,3.7873369704950046,38209.08067159466,37.6643593383933,605.3054839708094,160.81520262737877
behavior_window,continuous,dba80c84-68fd-45b2-ba28-10f10075b239,d840a02c-5fc4-4737-90f0-cd5b47cac023,2026-08-17T09:53:02.756000+00:00,window_aggregate,,,,,,,,,,2026-08-15T12:53:01.217000+00:00,2026-08-15T12:53:31.217000+00:00,,,,,,,,,,,,,,,,,,,,,,,,,,,,,,2026-08-17T09:53:02.756000+00:00,,,,,,,,,,,,,,,,,,,,,,,,,,,,,,,,,1.595599604926258,0.9731971484528301,8.0,0.3072609036503886,0.18032651255815424,124.27426135415988,37.210385322036146,104.32954118664952,12.479513049967458,3.7873369704950046,38209.08067159466,37.6643593383933,605.3054839708094,160.81520262737877
behavior_window,continuous,dba80c84-68fd-45b2-ba28-10f10075b239,d840a02c-5fc4-4737-90f0-cd5b47cac023,2026-08-17T09:53:02.756000+00:00,window_aggregate,,,,,,,,,,2026-08-15T12:53:01.217000+00:00,2026-08-15T12:53:31.217000+00:00,,,,,,,,,,,,,,,,,,,,,,,,,,,,,,2026-08-17T09:53:02.756000+00:00,,,,,,,,,,,,,,,,,,,,,,,,,,,,,,,,,1.595599604926258,0.9731971484528301,8.0,0.3072609036503886,0.18032651255815424,124.27426135415988,37.210385322036146,104.32954118664952,12.479513049967458,3.7873369704950046,38209.08067159466,37.6643593383933,605.3054839708094,160.81520262737877
behavior_window,continuous,dba80c84-68fd-45b2-ba28-10f10075b239,d840a02c-5fc4-4737-90f0-cd5b47cac023,2026-08-17T09:53:02.756000+00:00,window_aggregate,,,,,,,,,,2026-08-17T06:53:01.217000+00:00,2026-08-17T06:53:31.217000+00:00,,,,,,,,,,,,,,,,,,,,,,,,,,,,,,2026-08-17T09:53:02.756000+00:00,,,,,,,,,,,,,,,,,,,,,,,,,,,,,,,,,2.321063545614714,0.4370171813142527,4.0,0.29643771368986815,0.10460876964482485,146.52483797971087,11.582945229064816,51.86718212132226,10.123648164109454,3.202105567837841,21731.296441914437,29.723618455327117,1102.414808696869,342.27371459337684
behavior_window,continuous,dba80c84-68fd-45b2-ba28-10f10075b239,d840a02c-5fc4-4737-90f0-cd5b47cac023,2026-08-17T09:53:02.756000+00:00,window_aggregate,,,,,,,,,,2026-08-17T06:53:01.217000+00:00,2026-08-17T06:53:31.217000+00:00,,,,,,,,,,,,,,,,,,,,,,,,,,,,,,2026-08-17T09:53:02.756000+00:00,,,,,,,,,,,,,,,,,,,,,,,,,,,,,,,,,2.321063545614714,0.4370171813142527,4.0,0.29643771368986815,0.10460876964482485,146.52483797971087,11.582945229064816,51.86718212132226,10.123648164109454,3.202105567837841,21731.296441914437,29.723618455327117,1102.414808696869,342.27371459337684
behavior_window,continuous,dba80c84-68fd-45b2-ba28-10f10075b239,d840a02c-5fc4-4737-90f0-cd5b47cac023,2026-08-17T09:53:02.756000+00:00,window_aggregate,,,,,,,,,,2026-08-17T06:53:01.217000+00:00,2026-08-17T06:53:31.217000+00:00,,,,,,,,,,,,,,,,,,,,,,,,,,,,,,2026-08-17T09:53:02.756000+00:00,,,,,,,,,,,,,,,,,,,,,,,,,,,,,,,,,2.321063545614714,0.4370171813142527,4.0,0.29643771368986815,0.10460876964482485,146.52483797971087,11.582945229064816,51.86718212132226,10.123648164109454,3.202105567837841,21731.296441914437,29.723618455327117,1102.414808696869,342.27371459337684
behavior_window,continuous,dba80c84-68fd-45b2-ba28-10f10075b239,05bc7ce0-dbdf-4bb8-babe-c66084786cd0,2026-08-17T09:53:02.756000+00:00,window_aggregate,,,,,,,,,,2026-08-16T16:53:01.217000+00:00,2026-08-16T16:53:31.217000+00:00,,,,,,,,,,,,,,,,,,,,,,,,,,,,,,2026-08-17T09:53:02.756000+00:00,,,,,,,,,,,,,,,,,,,,,,,,,,,,,,,,,0.8362623112925545,0.7685518732285832,3.0,0.20824251465440793,0.06342836916836905,89.66791456956494,20.921610288540364,85.51140011630838,25.39193073353813,4.552285754068704,32943.157723510216,159.0808034476957,883.7463442328167,424.26720850074815
behavior_window,continuous,dba80c84-68fd-45b2-ba28-10f10075b239,05bc7ce0-dbdf-4bb8-babe-c66084786cd0,2026-08-17T09:53:02.756000+00:00,window_aggregate,,,,,,,,,,2026-08-16T16:53:01.217000+00:00,2026-08-16T16:53:31.217000+00:00,,,,,,,,,,,,,,,,,,,,,,,,,,,,,,2026-08-17T09:53:02.756000+00:00,,,,,,,,,,,,,,,,,,,,,,,,,,,,,,,,,0.8362623112925545,0.7685518732285832,3.0,0.20824251465440793,0.06342836916836905,89.66791456956494,20.921610288540364,85.51140011630838,25.39193073353813,4.552285754068704,32943.157723510216,159.0808034476957,883.7463442328167,424.26720850074815
behavior_window,continuous,dba80c84-68fd-45b2-ba28-10f10075b239,05bc7ce0-dbdf-4bb8-babe-c66084786cd0,2026-08-17T09:53:02.756000+00:00,window_aggregate,,,,,,,,,,2026-08-16T16:53:01.217000+00:00,2026-08-16T16:53:31.217000+00:00,,,,,,,,,,,,,,,,,,,,,,,,,,,,,,2026-08-17T09:53:02.756000+00:00,,,,,,,,,,,,,,,,,,,,,,,,,,,,,,,,,0.8362623112925545,0.7685518732285832,3.0,0.20824251465440793,0.06342836916836905,89.66791456956494,20.921610288540364,85.51140011630838,25.39193073353813,4.552285754068704,32943.157723510216,159.0808034476957,883.7463442328167,424.26720850074815
behavior_window,continuous,dba80c84-68fd-45b2-ba28-10f10075b239,15fa92b6-bb21-469b-8ebe-486f21886538,2026-08-17T09:53:02.755000+00:00,window_aggregate,,,,,,,,,,2026-08-14T19:53:01.217000+00:00,2026-08-14T19:53:31.217000+00:00,,,,,,,,,,,,,,,,,,,,,,,,,,,,,,2026-08-17T09:53:02.755000+00:00,,,,,,,,,,,,,,,,,,,,,,,,,,,,,,,,,0.9301023051083888,0.7674518945610945,5.0,0.2184979586945438,0.12554733371409071,137.36223502679735,24.06895297478586,105.27193705866688,17.077365737986067,4.219700182736184,1080.4572972986587,108.37123524936709,988.3178164580632,109.44900757823763
behavior_window,continuous,dba80c84-68fd-45b2-ba28-10f10075b239,15fa92b6-bb21-469b-8ebe-486f21886538,2026-08-17T09:53:02.755000+00:00,window_aggregate,,,,,,,,,,2026-08-14T19:53:01.217000+00:00,2026-08-14T19:53:31.217000+00:00,,,,,,,,,,,,,,,,,,,,,,,,,,,,,,2026-08-17T09:53:02.755000+00:00,,,,,,,,,,,,,,,,,,,,,,,,,,,,,,,,,0.9301023051083888,0.7674518945610945,5.0,0.2184979586945438,0.12554733371409071,137.36223502679735,24.06895297478586,105.27193705866688,17.077365737986067,4.219700182736184,1080.4572972986587,108.37123524936709,988.3178164580632,109.44900757823763
behavior_window,continuous,dba80c84-68fd-45b2-ba28-10f10075b239,15fa92b6-bb21-469b-8ebe-486f21886538,2026-08-17T09:53:02.755000+00:00,window_aggregate,,,,,,,,,,2026-08-14T19:53:01.217000+00:00,2026-08-14T19:53:31.217000+00:00,,,,,,,,,,,,,,,,,,,,,,,,,,,,,,2026-08-17T09:53:02.755000+00:00,,,,,,,,,,,,,,,,,,,,,,,,,,,,,,,,,0.9301023051083888,0.7674518945610945,5.0,0.2184979586945438,0.12554733371409071,137.36223502679735,24.06895297478586,105.27193705866688,17.077365737986067,4.219700182736184,1080.4572972986587,108.37123524936709,988.3178164580632,109.44900757823763
behavior_window,continuous,dba80c84-68fd-45b2-ba28-10f10075b239,15fa92b6-bb21-469b-8ebe-486f21886538,2026-08-17T09:53:02.755000+00:00,window_aggregate,,,,,,,,,,2026-08-14T22:53:01.217000+00:00,2026-08-14T22:53:31.217000+00:00,,,,,,,,,,,,,,,,,,,,,,,,,,,,,,2026-08-17T09:53:02.755000+00:00,,,,,,,,,,,,,,,,,,,,,,,,,,,,,,,,,2.5095134063415085,0.8119345200658402,7.0,0.22985072542069532,0.11204691456989124,113.15049233302632,24.71088600819442,102.90536232764282,8.507685959732123,3.2509909320906285,26797.43608025397,101.39869599110018,1161.2005902262936,323.5747830545812
behavior_window,continuous,dba80c84-68fd-45b2-ba28-10f10075b239,15fa92b6-bb21-469b-8ebe-486f21886538,2026-08-17T09:53:02.755000+00:00,window_aggregate,,,,,,,,,,2026-08-14T22:53:01.217000+00:00,2026-08-14T22:53:31.217000+00:00,,,,,,,,,,,,,,,,,,,,,,,,,,,,,,2026-08-17T09:53:02.755000+00:00,,,,,,,,,,,,,,,,,,,,,,,,,,,,,,,,,2.5095134063415085,0.8119345200658402,7.0,0.22985072542069532,0.11204691456989124,113.15049233302632,24.71088600819442,102.90536232764282,8.507685959732123,3.2509909320906285,26797.43608025397,101.39869599110018,1161.2005902262936,323.5747830545812
behavior_window,continuous,dba80c84-68fd-45b2-ba28-10f10075b239,15fa92b6-bb21-469b-8ebe-486f21886538,2026-08-17T09:53:02.755000+00:00,window_aggregate,,,,,,,,,,2026-08-14T22:53:01.217000+00:00,2026-08-14T22:53:31.217000+00:00,,,,,,,,,,,,,,,,,,,,,,,,,,,,,,2026-08-17T09:53:02.755000+00:00,,,,,,,,,,,,,,,,,,,,,,,,,,,,,,,,,2.5095134063415085,0.8119345200658402,7.0,0.22985072542069532,0.11204691456989124,113.15049233302632,24.71088600819442,102.90536232764282,8.507685959732123,3.2509909320906285,26797.43608025397,101.39869599110018,1161.2005902262936,323.5747830545812
behavior_window,continuous,dba80c84-68fd-45b2-ba28-10f10075b239,d840a02c-5fc4-4737-90f0-cd5b47cac023,2026-08-17T09:53:02.756000+00:00,window_aggregate,,,,,,,,,,2026-08-14T16:53:01.217000+00:00,2026-08-14T16:53:31.217000+00:00,,,,,,,,,,,,,,,,,,,,,,,,,,,,,,2026-08-17T09:53:02.756000+00:00,,,,,,,,,,,,,,,,,,,,,,,,,,,,,,,,,0.833618230377894,0.7700689170322531,1.0,0.4115937941576232,0.19481204568402405,83.43173499407615,28.102684833582103,112.06173860716126,12.670651126200049,5.402878288053499,35483.980325335506,388.5455632437086,757.3009319022692,406.2847600541169
behavior_window,continuous,dba80c84-68fd-45b2-ba28-10f10075b239,d840a02c-5fc4-4737-90f0-cd5b47cac023,2026-08-17T09:53:02.756000+00:00,window_aggregate,,,,,,,,,,2026-08-14T16:53:01.217000+00:00,2026-08-14T16:53:31.217000+00:00,,,,,,,,,,,,,,,,,,,,,,,,,,,,,,2026-08-17T09:53:02.756000+00:00,,,,,,,,,,,,,,,,,,,,,,,,,,,,,,,,,0.833618230377894,0.7700689170322531,1.0,0.4115937941576232,0.19481204568402405,83.43173499407615,28.102684833582103,112.06173860716126,12.670651126200049,5.402878288053499,35483.980325335506,388.5455632437086,757.3009319022692,406.2847600541169
behavior_window,continuous,dba80c84-68fd-45b2-ba28-10f10075b239,d840a02c-5fc4-4737-90f0-cd5b47cac023,2026-08-17T09:53:02.756000+00:00,window_aggregate,,,,,,,,,,2026-08-14T16:53:01.217000+00:00,2026-08-14T16:53:31.217000+00:00,,,,,,,,,,,,,,,,,,,,,,,,,,,,,,2026-08-17T09:53:02.756000+00:00,,,,,,,,,,,,,,,,,,,,,,,,,,,,,,,,,0.833618230377894,0.7700689170322531,1.0,0.4115937941576232,0.19481204568402405,83.43173499407615,28.102684833582103,112.06173860716126,12.670651126200049,5.402878288053499,35483.980325335506,388.5455632437086,757.3009319022692,406.2847600541169
behavior_window,continuous,dba80c84-68fd-45b2-ba28-10f10075b239,d840a02c-5fc4-4737-90f0-cd5b47cac023,2026-08-17T09:53:02.756000+00:00,window_aggregate,,,,,,,,,,2026-08-16T03:53:01.217000+00:00,2026-08-16T03:53:31.217000+00:00,,,,,,,,,,,,,,,,,,,,,,,,,,,,,,2026-08-17T09:53:02.756000+00:00,,,,,,,,,,,,,,,,,,,,,,,,,,,,,,,,,2.218881775034812,0.874859706485812,2.0,0.10457969118553181,0.15579654612710347,82.33731234498634,28.062328100484855,56.96239526093219,21.01754710921835,4.158876166157345,45943.969324550606,155.6193723931827,740.1290276657501,143.2952961492495
behavior_window,continuous,dba80c84-68fd-45b2-ba28-10f10075b239,d840a02c-5fc4-4737-90f0-cd5b47cac023,2026-08-17T09:53:02.756000+00:00,window_aggregate,,,,,,,,,,2026-08-16T03:53:01.217000+00:00,2026-08-16T03:53:31.217000+00:00,,,,,,,,,,,,,,,,,,,,,,,,,,,,,,2026-08-17T09:53:02.756000+00:00,,,,,,,,,,,,,,,,,,,,,,,,,,,,,,,,,2.218881775034812,0.874859706485812,2.0,0.10457969118553181,0.15579654612710347,82.33731234498634,28.062328100484855,56.96239526093219,21.01754710921835,4.158876166157345,45943.969324550606,155.6193723931827,740.1290276657501,143.2952961492495
behavior_window,continuous,dba80c84-68fd-45b2-ba28-10f10075b239,d840a02c-5fc4-4737-90f0-cd5b47cac023,2026-08-17T09:53:02.756000+00:00,window_aggregate,,,,,,,,,,2026-08-16T03:53:01.217000+00:00,2026-08-16T03:53:31.217000+00:00,,,,,,,,,,,,,,,,,,,,,,,,,,,,,,2026-08-17T09:53:02.756000+00:00,,,,,,,,,,,,,,,,,,,,,,,,,,,,,,,,,2.218881775034812,0.874859706485812,2.0,0.10457969118553181,0.15579654612710347,82.33731234498634,28.062328100484855,56.96239526093219,21.01754710921835,4.158876166157345,45943.969324550606,155.6193723931827,740.1290276657501,143.2952961492495
behavior_window,continuous,dba80c84-68fd-45b2-ba28-10f10075b239,05bc7ce0-dbdf-4bb8-babe-c66084786cd0,2026-08-17T09:53:02.756000+00:00,window_aggregate,,,,,,,,,,2026-08-15T00:53:01.217000+00:00,2026-08-15T00:53:31.217000+00:00,,,,,,,,,,,,,,,,,,,,,,,,,,,,,,2026-08-17T09:53:02.756000+00:00,,,,,,,,,,,,,,,,,,,,,,,,,,,,,,,,,2.160914665614117,0.7086726684150112,4.0,0.3211682156855715,0.17408182424138435,148.6677815984214,26.942947437731853,68.08149147804784,28.967905044330003,4.123132912647919,40244.194192923685,88.79763312570165,1074.1233270040223,371.9246259474327
behavior_window,continuous,dba80c84-68fd-45b2-ba28-10f10075b239,05bc7ce0-dbdf-4bb8-babe-c66084786cd0,2026-08-17T09:53:02.756000+00:00,window_aggregate,,,,,,,,,,2026-08-15T00:53:01.217000+00:00,2026-08-15T00:53:31.217000+00:00,,,,,,,,,,,,,,,,,,,,,,,,,,,,,,2026-08-17T09:53:02.756000+00:00,,,,,,,,,,,,,,,,,,,,,,,,,,,,,,,,,2.160914665614117,0.7086726684150112,4.0,0.3211682156855715,0.17408182424138435,148.6677815984214,26.942947437731853,68.08149147804784,28.967905044330003,4.123132912647919,40244.194192923685,88.79763312570165,1074.1233270040223,371.9246259474327
behavior_window,continuous,dba80c84-68fd-45b2-ba28-10f10075b239,05bc7ce0-dbdf-4bb8-babe-c66084786cd0,2026-08-17T09:53:02.756000+00:00,window_aggregate,,,,,,,,,,2026-08-15T00:53:01.217000+00:00,2026-08-15T00:53:31.217000+00:00,,,,,,,,,,,,,,,,,,,,,,,,,,,,,,2026-08-17T09:53:02.756000+00:00,,,,,,,,,,,,,,,,,,,,,,,,,,,,,,,,,2.160914665614117,0.7086726684150112,4.0,0.3211682156855715,0.17408182424138435,148.6677815984214,26.942947437731853,68.08149147804784,28.967905044330003,4.123132912647919,40244.194192923685,88.79763312570165,1074.1233270040223,371.9246259474327
behavior_window,continuous,dba80c84-68fd-45b2-ba28-10f10075b239,27cc7537-a40e-47c3-a98f-89dbe78e8cb9,2026-08-17T09:53:02.755000+00:00,window_aggregate,,,,,,,,,,2026-08-15T07:53:01.217000+00:00,2026-08-15T07:53:31.217000+00:00,,,,,,,,,,,,,,,,,,,,,,,,,,,,,,2026-08-17T09:53:02.755000+00:00,,,,,,,,,,,,,,,,,,,,,,,,,,,,,,,,,2.78036193393664,0.46137095384376015,9.0,0.2811893720808991,0.06990149316997485,126.35545866964353,36.169191692789866,62.11817026267428,17.429873204448718,4.878032221367805,27412.917007468506,71.9548299352486,1213.9613965812327,351.13014575775003
behavior_window,continuous,dba80c84-68fd-45b2-ba28-10f10075b239,27cc7537-a40e-47c3-a98f-89dbe78e8cb9,2026-08-17T09:53:02.755000+00:00,window_aggregate,,,,,,,,,,2026-08-15T07:53:01.217000+00:00,2026-08-15T07:53:31.217000+00:00,,,,,,,,,,,,,,,,,,,,,,,,,,,,,,2026-08-17T09:53:02.755000+00:00,,,,,,,,,,,,,,,,,,,,,,,,,,,,,,,,,2.78036193393664,0.46137095384376015,9.0,0.2811893720808991,0.06990149316997485,126.35545866964353,36.169191692789866,62.11817026267428,17.429873204448718,4.878032221367805,27412.917007468506,71.9548299352486,1213.9613965812327,351.13014575775003
behavior_window,continuous,dba80c84-68fd-45b2-ba28-10f10075b239,27cc7537-a40e-47c3-a98f-89dbe78e8cb9,2026-08-17T09:53:02.755000+00:00,window_aggregate,,,,,,,,,,2026-08-15T07:53:01.217000+00:00,2026-08-15T07:53:31.217000+00:00,,,,,,,,,,,,,,,,,,,,,,,,,,,,,,2026-08-17T09:53:02.755000+00:00,,,,,,,,,,,,,,,,,,,,,,,,,,,,,,,,,2.78036193393664,0.46137095384376015,9.0,0.2811893720808991,0.06990149316997485,126.35545866964353,36.169191692789866,62.11817026267428,17.429873204448718,4.878032221367805,27412.917007468506,71.9548299352486,1213.9613965812327,351.13014575775003
behavior_window,continuous,dba80c84-68fd-45b2-ba28-10f10075b239,27cc7537-a40e-47c3-a98f-89dbe78e8cb9,2026-08-17T09:53:02.755000+00:00,window_aggregate,,,,,,,,,,2026-08-15T18:53:01.217000+00:00,2026-08-15T18:53:31.217000+00:00,,,,,,,,,,,,,,,,,,,,,,,,,,,,,,2026-08-17T09:53:02.755000+00:00,,,,,,,,,,,,,,,,,,,,,,,,,,,,,,,,,2.6773783107275153,0.4768012815746394,6.0,0.39829081001175015,0.13155108238838722,103.91453936527958,30.711468559930903,71.74971840762007,7.838387098518483,3.0286972121504254,39123.91481746313,497.15122945998047,1195.768146526941,331.5882969456558
behavior_window,continuous,dba80c84-68fd-45b2-ba28-10f10075b239,27cc7537-a40e-47c3-a98f-89dbe78e8cb9,2026-08-17T09:53:02.755000+00:00,window_aggregate,,,,,,,,,,2026-08-15T18:53:01.217000+00:00,2026-08-15T18:53:31.217000+00:00,,,,,,,,,,,,,,,,,,,,,,,,,,,,,,2026-08-17T09:53:02.755000+00:00,,,,,,,,,,,,,,,,,,,,,,,,,,,,,,,,,2.6773783107275153,0.4768012815746394,6.0,0.39829081001175015,0.13155108238838722,103.91453936527958,30.711468559930903,71.74971840762007,7.838387098518483,3.0286972121504254,39123.91481746313,497.15122945998047,1195.768146526941,331.5882969456558
behavior_window,continuous,dba80c84-68fd-45b2-ba28-10f10075b239,27cc7537-a40e-47c3-a98f-89dbe78e8cb9,2026-08-17T09:53:02.755000+00:00,window_aggregate,,,,,,,,,,2026-08-15T18:53:01.217000+00:00,2026-08-15T18:53:31.217000+00:00,,,,,,,,,,,,,,,,,,,,,,,,,,,,,,2026-08-17T09:53:02.755000+00:00,,,,,,,,,,,,,,,,,,,,,,,,,,,,,,,,,2.6773783107275153,0.4768012815746394,6.0,0.39829081001175015,0.13155108238838722,103.91453936527958,30.711468559930903,71.74971840762007,7.838387098518483,3.0286972121504254,39123.91481746313,497.15122945998047,1195.768146526941,331.5882969456558
behavior_window,continuous,dba80c84-68fd-45b2-ba28-10f10075b239,05bc7ce0-dbdf-4bb8-babe-c66084786cd0,2026-08-17T09:53:02.756000+00:00,window_aggregate,,,,,,,,,,2026-08-14T11:53:01.217000+00:00,2026-08-14T11:53:31.217000+00:00,,,,,,,,,,,,,,,,,,,,,,,,,,,,,,2026-08-17T09:53:02.756000+00:00,,,,,,,,,,,,,,,,,,,,,,,,,,,,,,,,,0.5782782629840975,0.4034360049410073,2.0,0.42015510381374643,0.14136968269623007,139.69971602644029,37.35588640124124,50.44601197888473,11.363399080183532,4.207627608396217,3436.517870802925,303.37445456017207,1251.868141499353,265.07851522047304
behavior_window,continuous,dba80c84-68fd-45b2-ba28-10f10075b239,05bc7ce0-dbdf-4bb8-babe-c66084786cd0,2026-08-17T09:53:02.756000+00:00,window_aggregate,,,,,,,,,,2026-08-14T11:53:01.217000+00:00,2026-08-14T11:53:31.217000+00:00,,,,,,,,,,,,,,,,,,,,,,,,,,,,,,2026-08-17T09:53:02.756000+00:00,,,,,,,,,,,,,,,,,,,,,,,,,,,,,,,,,0.5782782629840975,0.4034360049410073,2.0,0.42015510381374643,0.14136968269623007,139.69971602644029,37.35588640124124,50.44601197888473,11.363399080183532,4.207627608396217,3436.517870802925,303.37445456017207,1251.868141499353,265.07851522047304
behavior_window,continuous,dba80c84-68fd-45b2-ba28-10f10075b239,05bc7ce0-dbdf-4bb8-babe-c66084786cd0,2026-08-17T09:53:02.756000+00:00,window_aggregate,,,,,,,,,,2026-08-14T11:53:01.217000+00:00,2026-08-14T11:53:31.217000+00:00,,,,,,,,,,,,,,,,,,,,,,,,,,,,,,2026-08-17T09:53:02.756000+00:00,,,,,,,,,,,,,,,,,,,,,,,,,,,,,,,,,0.5782782629840975,0.4034360049410073,2.0,0.42015510381374643,0.14136968269623007,139.69971602644029,37.35588640124124,50.44601197888473,11.363399080183532,4.207627608396217,3436.517870802925,303.37445456017207,1251.868141499353,265.07851522047304
behavior_window,continuous,dba80c84-68fd-45b2-ba28-10f10075b239,27cc7537-a40e-47c3-a98f-89dbe78e8cb9,2026-08-17T09:53:02.755000+00:00,window_aggregate,,,,,,,,,,2026-08-15T10:53:01.217000+00:00,2026-08-15T10:53:31.217000+00:00,,,,,,,,,,,,,,,,,,,,,,,,,,,,,,2026-08-17T09:53:02.755000+00:00,,,,,,,,,,,,,,,,,,,,,,,,,,,,,,,,,1.5579117257412802,0.6324494663939186,7.0,0.1714679521793001,0.15656759185763447,106.28684322211207,23.995765913968846,59.22438837593815,11.334973091201594,3.359938820421099,40390.374399701635,432.99999633533713,1376.3553545703567,249.72402359960464
behavior_window,continuous,dba80c84-68fd-45b2-ba28-10f10075b239,27cc7537-a40e-47c3-a98f-89dbe78e8cb9,2026-08-17T09:53:02.755000+00:00,window_aggregate,,,,,,,,,,2026-08-15T10:53:01.217000+00:00,2026-08-15T10:53:31.217000+00:00,,,,,,,,,,,,,,,,,,,,,,,,,,,,,,2026-08-17T09:53:02.755000+00:00,,,,,,,,,,,,,,,,,,,,,,,,,,,,,,,,,1.5579117257412802,0.6324494663939186,7.0,0.1714679521793001,0.15656759185763447,106.28684322211207,23.995765913968846,59.22438837593815,11.334973091201594,3.359938820421099,40390.374399701635,432.99999633533713,1376.3553545703567,249.72402359960464
behavior_window,continuous,dba80c84-68fd-45b2-ba28-10f10075b239,27cc7537-a40e-47c3-a98f-89dbe78e8cb9,2026-08-17T09:53:02.755000+00:00,window_aggregate,,,,,,,,,,2026-08-15T10:53:01.217000+00:00,2026-08-15T10:53:31.217000+00:00,,,,,,,,,,,,,,,,,,,,,,,,,,,,,,2026-08-17T09:53:02.755000+00:00,,,,,,,,,,,,,,,,,,,,,,,,,,,,,,,,,1.5579117257412802,0.6324494663939186,7.0,0.1714679521793001,0.15656759185763447,106.28684322211207,23.995765913968846,59.22438837593815,11.334973091201594,3.359938820421099,40390.374399701635,432.99999633533713,1376.3553545703567,249.72402359960464
behavior_window,continuous,dba80c84-68fd-45b2-ba28-10f10075b239,05bc7ce0-dbdf-4bb8-babe-c66084786cd0,2026-08-17T09:53:02.756000+00:00,window_aggregate,,,,,,,,,,2026-08-15T19:53:01.217000+00:00,2026-08-15T19:53:31.217000+00:00,,,,,,,,,,,,,,,,,,,,,,,,,,,,,,2026-08-17T09:53:02.756000+00:00,,,,,,,,,,,,,,,,,,,,,,,,,,,,,,,,,0.7784535340498742,0.9460873266595502,9.0,0.40553240840582727,0.18102139050014315,89.48660178069969,36.123324565740404,81.66240931484836,13.886438881638977,3.890350226387414,12765.743569496284,267.28728427687867,1275.4665605486912,294.8349116385963
behavior_window,continuous,dba80c84-68fd-45b2-ba28-10f10075b239,05bc7ce0-dbdf-4bb8-babe-c66084786cd0,2026-08-17T09:53:02.756000+00:00,window_aggregate,,,,,,,,,,2026-08-15T19:53:01.217000+00:00,2026-08-15T19:53:31.217000+00:00,,,,,,,,,,,,,,,,,,,,,,,,,,,,,,2026-08-17T09:53:02.756000+00:00,,,,,,,,,,,,,,,,,,,,,,,,,,,,,,,,,0.7784535340498742,0.9460873266595502,9.0,0.40553240840582727,0.18102139050014315,89.48660178069969,36.123324565740404,81.66240931484836,13.886438881638977,3.890350226387414,12765.743569496284,267.28728427687867,1275.4665605486912,294.8349116385963
behavior_window,continuous,dba80c84-68fd-45b2-ba28-10f10075b239,05bc7ce0-dbdf-4bb8-babe-c66084786cd0,2026-08-17T09:53:02.756000+00:00,window_aggregate,,,,,,,,,,2026-08-15T19:53:01.217000+00:00,2026-08-15T19:53:31.217000+00:00,,,,,,,,,,,,,,,,,,,,,,,,,,,,,,2026-08-17T09:53:02.756000+00:00,,,,,,,,,,,,,,,,,,,,,,,,,,,,,,,,,0.7784535340498742,0.9460873266595502,9.0,0.40553240840582727,0.18102139050014315,89.48660178069969,36.123324565740404,81.66240931484836,13.886438881638977,3.890350226387414,12765.743569496284,267.28728427687867,1275.4665605486912,294.8349116385963
behavior_window,continuous,dba80c84-68fd-45b2-ba28-10f10075b239,8ba454a9-5ea9-4382-b9d1-d3842fef3cab,2026-08-17T09:53:02.755000+00:00,window_aggregate,,,,,,,,,,2026-08-14T20:53:01.217000+00:00,2026-08-14T20:53:31.217000+00:00,,,,,,,,,,,,,,,,,,,,,,,,,,,,,,2026-08-17T09:53:02.755000+00:00,,,,,,,,,,,,,,,,,,,,,,,,,,,,,,,,,2.128099684143695,0.10879798421688708,9.0,0.3552851993773086,0.055355335964717006,129.67106157756032,35.27706259220997,111.81894998284662,26.599972158004334,3.3778036524703694,24298.626167186005,197.26731230984856,1070.9793866683067,375.7625651639773
behavior_window,continuous,dba80c84-68fd-45b2-ba28-10f10075b239,8ba454a9-5ea9-4382-b9d1-d3842fef3cab,2026-08-17T09:53:02.755000+00:00,window_aggregate,,,,,,,,,,2026-08-14T20:53:01.217000+00:00,2026-08-14T20:53:31.217000+00:00,,,,,,,,,,,,,,,,,,,,,,,,,,,,,,2026-08-17T09:53:02.755000+00:00,,,,,,,,,,,,,,,,,,,,,,,,,,,,,,,,,2.128099684143695,0.10879798421688708,9.0,0.3552851993773086,0.055355335964717006,129.67106157756032,35.27706259220997,111.81894998284662,26.599972158004334,3.3778036524703694,24298.626167186005,197.26731230984856,1070.9793866683067,375.7625651639773
behavior_window,continuous,dba80c84-68fd-45b2-ba28-10f10075b239,8ba454a9-5ea9-4382-b9d1-d3842fef3cab,2026-08-17T09:53:02.755000+00:00,window_aggregate,,,,,,,,,,2026-08-14T20:53:01.217000+00:00,2026-08-14T20:53:31.217000+00:00,,,,,,,,,,,,,,,,,,,,,,,,,,,,,,2026-08-17T09:53:02.755000+00:00,,,,,,,,,,,,,,,,,,,,,,,,,,,,,,,,,2.128099684143695,0.10879798421688708,9.0,0.3552851993773086,0.055355335964717006,129.67106157756032,35.27706259220997,111.81894998284662,26.599972158004334,3.3778036524703694,24298.626167186005,197.26731230984856,1070.9793866683067,375.7625651639773
behavior_window,continuous,dba80c84-68fd-45b2-ba28-10f10075b239,27cc7537-a40e-47c3-a98f-89dbe78e8cb9,2026-08-17T09:53:02.755000+00:00,window_aggregate,,,,,,,,,,2026-08-15T10:53:01.217000+00:00,2026-08-15T10:53:31.217000+00:00,,,,,,,,,,,,,,,,,,,,,,,,,,,,,,2026-08-17T09:53:02.755000+00:00,,,,,,,,,,,,,,,,,,,,,,,,,,,,,,,,,2.856388017175798,0.6530434601694887,0.0,0.2669804410346712,0.15671326942805502,117.15136020518798,31.31737298267669,84.58161578390245,15.982346767154095,4.263330393402026,45300.07094641853,314.85367270469186,826.999127101778,477.77689909780986
behavior_window,continuous,dba80c84-68fd-45b2-ba28-10f10075b239,27cc7537-a40e-47c3-a98f-89dbe78e8cb9,2026-08-17T09:53:02.755000+00:00,window_aggregate,,,,,,,,,,2026-08-15T10:53:01.217000+00:00,2026-08-15T10:53:31.217000+00:00,,,,,,,,,,,,,,,,,,,,,,,,,,,,,,2026-08-17T09:53:02.755000+00:00,,,,,,,,,,,,,,,,,,,,,,,,,,,,,,,,,2.856388017175798,0.6530434601694887,0.0,0.2669804410346712,0.15671326942805502,117.15136020518798,31.31737298267669,84.58161578390245,15.982346767154095,4.263330393402026,45300.07094641853,314.85367270469186,826.999127101778,477.77689909780986
behavior_window,continuous,dba80c84-68fd-45b2-ba28-10f10075b239,27cc7537-a40e-47c3-a98f-89dbe78e8cb9,2026-08-17T09:53:02.755000+00:00,window_aggregate,,,,,,,,,,2026-08-15T10:53:01.217000+00:00,2026-08-15T10:53:31.217000+00:00,,,,,,,,,,,,,,,,,,,,,,,,,,,,,,2026-08-17T09:53:02.755000+00:00,,,,,,,,,,,,,,,,,,,,,,,,,,,,,,,,,2.856388017175798,0.6530434601694887,0.0,0.2669804410346712,0.15671326942805502,117.15136020518798,31.31737298267669,84.58161578390245,15.982346767154095,4.263330393402026,45300.07094641853,314.85367270469186,826.999127101778,477.77689909780986
behavior_window,continuous,dba80c84-68fd-45b2-ba28-10f10075b239,d840a02c-5fc4-4737-90f0-cd5b47cac023,2026-08-17T09:53:02.756000+00:00,window_aggregate,,,,,,,,,,2026-08-17T09:53:01.217000+00:00,2026-08-17T09:53:31.217000+00:00,,,,,,,,,,,,,,,,,,,,,,,,,,,,,,2026-08-17T09:53:02.756000+00:00,,,,,,,,,,,,,,,,,,,,,,,,,,,,,,,,,0.7380635652864643,0.29829867857436515,1.0,0.22265180285951713,0.1520914068701945,135.9725738290175,15.357220052622889,56.879502574091184,11.867623257653719,4.410469342625555,30425.801078181266,213.41077864345866,682.3497064772454,338.87987087755937
behavior_window,continuous,dba80c84-68fd-45b2-ba28-10f10075b239,d840a02c-5fc4-4737-90f0-cd5b47cac023,2026-08-17T09:53:02.756000+00:00,window_aggregate,,,,,,,,,,2026-08-17T09:53:01.217000+00:00,2026-08-17T09:53:31.217000+00:00,,,,,,,,,,,,,,,,,,,,,,,,,,,,,,2026-08-17T09:53:02.756000+00:00,,,,,,,,,,,,,,,,,,,,,,,,,,,,,,,,,0.7380635652864643,0.29829867857436515,1.0,0.22265180285951713,0.1520914068701945,135.9725738290175,15.357220052622889,56.879502574091184,11.867623257653719,4.410469342625555,30425.801078181266,213.41077864345866,682.3497064772454,338.87987087755937
behavior_window,continuous,dba80c84-68fd-45b2-ba28-10f10075b239,d840a02c-5fc4-4737-90f0-cd5b47cac023,2026-08-17T09:53:02.756000+00:00,window_aggregate,,,,,,,,,,2026-08-17T09:53:01.217000+00:00,2026-08-17T09:53:31.217000+00:00,,,,,,,,,,,,,,,,,,,,,,,,,,,,,,2026-08-17T09:53:02.756000+00:00,,,,,,,,,,,,,,,,,,,,,,,,,,,,,,,,,0.7380635652864643,0.29829867857436515,1.0,0.22265180285951713,0.1520914068701945,135.9725738290175,15.357220052622889,56.879502574091184,11.867623257653719,4.410469342625555,30425.801078181266,213.41077864345866,682.3497064772454,338.87987087755937
behavior_window,continuous,dba80c84-68fd-45b2-ba28-10f10075b239,8ba454a9-5ea9-4382-b9d1-d3842fef3cab,2026-08-17T09:53:02.755000+00:00,window_aggregate,,,,,,,,,,2026-08-16T19:53:01.217000+00:00,2026-08-16T19:53:31.217000+00:00,,,,,,,,,,,,,,,,,,,,,,,,,,,,,,2026-08-17T09:53:02.755000+00:00,,,,,,,,,,,,,,,,,,,,,,,,,,,,,,,,,2.1283552263982273,0.41543334455686176,9.0,0.3680288799100292,0.17469508129854194,83.85982106431582,23.874910092464194,73.02843601779571,20.31111758901823,3.7779985142003323,35775.41291811252,12.496173124212417,1101.2209948726713,395.56419227996247
behavior_window,continuous,dba80c84-68fd-45b2-ba28-10f10075b239,8ba454a9-5ea9-4382-b9d1-d3842fef3cab,2026-08-17T09:53:02.755000+00:00,window_aggregate,,,,,,,,,,2026-08-16T19:53:01.217000+00:00,2026-08-16T19:53:31.217000+00:00,,,,,,,,,,,,,,,,,,,,,,,,,,,,,,2026-08-17T09:53:02.755000+00:00,,,,,,,,,,,,,,,,,,,,,,,,,,,,,,,,,2.1283552263982273,0.41543334455686176,9.0,0.3680288799100292,0.17469508129854194,83.85982106431582,23.874910092464194,73.02843601779571,20.31111758901823,3.7779985142003323,35775.41291811252,12.496173124212417,1101.2209948726713,395.56419227996247
behavior_window,continuous,dba80c84-68fd-45b2-ba28-10f10075b239,8ba454a9-5ea9-4382-b9d1-d3842fef3cab,2026-08-17T09:53:02.755000+00:00,window_aggregate,,,,,,,,,,2026-08-16T19:53:01.217000+00:00,2026-08-16T19:53:31.217000+00:00,,,,,,,,,,,,,,,,,,,,,,,,,,,,,,2026-08-17T09:53:02.755000+00:00,,,,,,,,,,,,,,,,,,,,,,,,,,,,,,,,,2.1283552263982273,0.41543334455686176,9.0,0.3680288799100292,0.17469508129854194,83.85982106431582,23.874910092464194,73.02843601779571,20.31111758901823,3.7779985142003323,35775.41291811252,12.496173124212417,1101.2209948726713,395.56419227996247
behavior_window,continuous,dba80c84-68fd-45b2-ba28-10f10075b239,15fa92b6-bb21-469b-8ebe-486f21886538,2026-08-17T09:53:02.755000+00:00,window_aggregate,,,,,,,,,,2026-08-15T13:53:01.217000+00:00,2026-08-15T13:53:31.217000+00:00,,,,,,,,,,,,,,,,,,,,,,,,,,,,,,2026-08-17T09:53:02.755000+00:00,,,,,,,,,,,,,,,,,,,,,,,,,,,,,,,,,1.463149903838592,0.8884418518438548,9.0,0.2857236817816411,0.1920853117700928,144.0946934754312,20.00393539620231,67.37327505561747,11.048711226839915,5.636507889180811,44206.295071640765,495.8192935038442,954.3339032290997,244.61388083967242
behavior_window,continuous,dba80c84-68fd-45b2-ba28-10f10075b239,15fa92b6-bb21-469b-8ebe-486f21886538,2026-08-17T09:53:02.755000+00:00,window_aggregate,,,,,,,,,,2026-08-15T13:53:01.217000+00:00,2026-08-15T13:53:31.217000+00:00,,,,,,,,,,,,,,,,,,,,,,,,,,,,,,2026-08-17T09:53:02.755000+00:00,,,,,,,,,,,,,,,,,,,,,,,,,,,,,,,,,1.463149903838592,0.8884418518438548,9.0,0.2857236817816411,0.1920853117700928,144.0946934754312,20.00393539620231,67.37327505561747,11.048711226839915,5.636507889180811,44206.295071640765,495.8192935038442,954.3339032290997,244.61388083967242
behavior_window,continuous,dba80c84-68fd-45b2-ba28-10f10075b239,15fa92b6-bb21-469b-8ebe-486f21886538,2026-08-17T09:53:02.755000+00:00,window_aggregate,,,,,,,,,,2026-08-15T13:53:01.217000+00:00,2026-08-15T13:53:31.217000+00:00,,,,,,,,,,,,,,,,,,,,,,,,,,,,,,2026-08-17T09:53:02.755000+00:00,,,,,,,,,,,,,,,,,,,,,,,,,,,,,,,,,1.463149903838592,0.8884418518438548,9.0,0.2857236817816411,0.1920853117700928,144.0946934754312,20.00393539620231,67.37327505561747,11.048711226839915,5.636507889180811,44206.295071640765,495.8192935038442,954.3339032290997,244.61388083967242
behavior_window,continuous,dba80c84-68fd-45b2-ba28-10f10075b239,27cc7537-a40e-47c3-a98f-89dbe78e8cb9,2026-08-17T09:53:02.755000+00:00,window_aggregate,,,,,,,,,,2026-08-17T05:53:01.217000+00:00,2026-08-17T05:53:31.217000+00:00,,,,,,,,,,,,,,,,,,,,,,,,,,,,,,2026-08-17T09:53:02.755000+00:00,,,,,,,,,,,,,,,,,,,,,,,,,,,,,,,,,2.5501284977002743,0.6414777659425038,8.0,0.21128661832145765,0.19755656594393356,139.28523155399458,19.130065780092863,84.96978112510675,6.8501049225194715,3.608095233528754,48170.76051415241,331.6559753164639,552.6928578731003,107.98965654507407
behavior_window,continuous,dba80c84-68fd-45b2-ba28-10f10075b239,27cc7537-a40e-47c3-a98f-89dbe78e8cb9,2026-08-17T09:53:02.755000+00:00,window_aggregate,,,,,,,,,,2026-08-17T05:53:01.217000+00:00,2026-08-17T05:53:31.217000+00:00,,,,,,,,,,,,,,,,,,,,,,,,,,,,,,2026-08-17T09:53:02.755000+00:00,,,,,,,,,,,,,,,,,,,,,,,,,,,,,,,,,2.5501284977002743,0.6414777659425038,8.0,0.21128661832145765,0.19755656594393356,139.28523155399458,19.130065780092863,84.96978112510675,6.8501049225194715,3.608095233528754,48170.76051415241,331.6559753164639,552.6928578731003,107.98965654507407
behavior_window,continuous,dba80c84-68fd-45b2-ba28-10f10075b239,27cc7537-a40e-47c3-a98f-89dbe78e8cb9,2026-08-17T09:53:02.755000+00:00,window_aggregate,,,,,,,,,,2026-08-17T05:53:01.217000+00:00,2026-08-17T05:53:31.217000+00:00,,,,,,,,,,,,,,,,,,,,,,,,,,,,,,2026-08-17T09:53:02.755000+00:00,,,,,,,,,,,,,,,,,,,,,,,,,,,,,,,,,2.5501284977002743,0.6414777659425038,8.0,0.21128661832145765,0.19755656594393356,139.28523155399458,19.130065780092863,84.96978112510675,6.8501049225194715,3.608095233528754,48170.76051415241,331.6559753164639,552.6928578731003,107.98965654507407
behavior_window,continuous,dba80c84-68fd-45b2-ba28-10f10075b239,27cc7537-a40e-47c3-a98f-89dbe78e8cb9,2026-08-17T09:53:02.756000+00:00,window_aggregate,,,,,,,,,,2026-08-15T12:53:01.217000+00:00,2026-08-15T12:53:31.217000+00:00,,,,,,,,,,,,,,,,,,,,,,,,,,,,,,2026-08-17T09:53:02.756000+00:00,,,,,,,,,,,,,,,,,,,,,,,,,,,,,,,,,2.2917801416207,0.8959380578030799,8.0,0.14089000698042217,0.06340796359340072,144.1053963487425,26.4411246244045,63.468985965187684,5.750660256785657,3.2409263747984474,22441.913735820435,169.70136678440352,611.5613073772506,101.960282310286
behavior_window,continuous,dba80c84-68fd-45b2-ba28-10f10075b239,27cc7537-a40e-47c3-a98f-89dbe78e8cb9,2026-08-17T09:53:02.756000+00:00,window_aggregate,,,,,,,,,,2026-08-15T12:53:01.217000+00:00,2026-08-15T12:53:31.217000+00:00,,,,,,,,,,,,,,,,,,,,,,,,,,,,,,2026-08-17T09:53:02.756000+00:00,,,,,,,,,,,,,,,,,,,,,,,,,,,,,,,,,2.2917801416207,0.8959380578030799,8.0,0.14089000698042217,0.06340796359340072,144.1053963487425,26.4411246244045,63.468985965187684,5.750660256785657,3.2409263747984474,22441.913735820435,169.70136678440352,611.5613073772506,101.960282310286
behavior_window,continuous,dba80c84-68fd-45b2-ba28-10f10075b239,27cc7537-a40e-47c3-a98f-89dbe78e8cb9,2026-08-17T09:53:02.756000+00:00,window_aggregate,,,,,,,,,,2026-08-15T12:53:01.217000+00:00,2026-08-15T12:53:31.217000+00:00,,,,,,,,,,,,,,,,,,,,,,,,,,,,,,2026-08-17T09:53:02.756000+00:00,,,,,,,,,,,,,,,,,,,,,,,,,,,,,,,,,2.2917801416207,0.8959380578030799,8.0,0.14089000698042217,0.06340796359340072,144.1053963487425,26.4411246244045,63.468985965187684,5.750660256785657,3.2409263747984474,22441.913735820435,169.70136678440352,611.5613073772506,101.960282310286
behavior_window,continuous,dba80c84-68fd-45b2-ba28-10f10075b239,8ba454a9-5ea9-4382-b9d1-d3842fef3cab,2026-08-17T09:53:02.755000+00:00,window_aggregate,,,,,,,,,,2026-08-14T16:53:01.217000+00:00,2026-08-14T16:53:31.217000+00:00,,,,,,,,,,,,,,,,,,,,,,,,,,,,,,2026-08-17T09:53:02.755000+00:00,,,,,,,,,,,,,,,,,,,,,,,,,,,,,,,,,1.5026412543943473,0.48509844208801667,0.0,0.16314930201529126,0.11393935346390961,87.4787170510411,34.36676631616221,72.0766644858036,5.064849032248429,3.125911342345068,27211.860609951513,231.0827548111869,1033.01230159769,181.69553660599917
behavior_window,continuous,dba80c84-68fd-45b2-ba28-10f10075b239,8ba454a9-5ea9-4382-b9d1-d3842fef3cab,2026-08-17T09:53:02.755000+00:00,window_aggregate,,,,,,,,,,2026-08-14T16:53:01.217000+00:00,2026-08-14T16:53:31.217000+00:00,,,,,,,,,,,,,,,,,,,,,,,,,,,,,,2026-08-17T09:53:02.755000+00:00,,,,,,,,,,,,,,,,,,,,,,,,,,,,,,,,,1.5026412543943473,0.48509844208801667,0.0,0.16314930201529126,0.11393935346390961,87.4787170510411,34.36676631616221,72.0766644858036,5.064849032248429,3.125911342345068,27211.860609951513,231.0827548111869,1033.01230159769,181.69553660599917
behavior_window,continuous,dba80c84-68fd-45b2-ba28-10f10075b239,8ba454a9-5ea9-4382-b9d1-d3842fef3cab,2026-08-17T09:53:02.755000+00:00,window_aggregate,,,,,,,,,,2026-08-14T16:53:01.217000+00:00,2026-08-14T16:53:31.217000+00:00,,,,,,,,,,,,,,,,,,,,,,,,,,,,,,2026-08-17T09:53:02.755000+00:00,,,,,,,,,,,,,,,,,,,,,,,,,,,,,,,,,1.5026412543943473,0.48509844208801667,0.0,0.16314930201529126,0.11393935346390961,87.4787170510411,34.36676631616221,72.0766644858036,5.064849032248429,3.125911342345068,27211.860609951513,231.0827548111869,1033.01230159769,181.69553660599917
behavior_window,continuous,dba80c84-68fd-45b2-ba28-10f10075b239,8ba454a9-5ea9-4382-b9d1-d3842fef3cab,2026-08-17T09:53:02.755000+00:00,window_aggregate,,,,,,,,,,2026-08-15T00:53:01.217000+00:00,2026-08-15T00:53:31.217000+00:00,,,,,,,,,,,,,,,,,,,,,,,,,,,,,,2026-08-17T09:53:02.755000+00:00,,,,,,,,,,,,,,,,,,,,,,,,,,,,,,,,,2.3487736506944503,0.45292032391531634,3.0,0.20975883850287863,0.15109427670532594,107.37730382613773,23.11569928416106,75.75252110539819,10.634819510699613,4.551197080869597,15799.723670386707,114.9857170677439,686.7812911993212,430.6528175519565
behavior_window,continuous,dba80c84-68fd-45b2-ba28-10f10075b239,8ba454a9-5ea9-4382-b9d1-d3842fef3cab,2026-08-17T09:53:02.755000+00:00,window_aggregate,,,,,,,,,,2026-08-15T00:53:01.217000+00:00,2026-08-15T00:53:31.217000+00:00,,,,,,,,,,,,,,,,,,,,,,,,,,,,,,2026-08-17T09:53:02.755000+00:00,,,,,,,,,,,,,,,,,,,,,,,,,,,,,,,,,2.3487736506944503,0.45292032391531634,3.0,0.20975883850287863,0.15109427670532594,107.37730382613773,23.11569928416106,75.75252110539819,10.634819510699613,4.551197080869597,15799.723670386707,114.9857170677439,686.7812911993212,430.6528175519565
behavior_window,continuous,dba80c84-68fd-45b2-ba28-10f10075b239,8ba454a9-5ea9-4382-b9d1-d3842fef3cab,2026-08-17T09:53:02.755000+00:00,window_aggregate,,,,,,,,,,2026-08-15T00:53:01.217000+00:00,2026-08-15T00:53:31.217000+00:00,,,,,,,,,,,,,,,,,,,,,,,,,,,,,,2026-08-17T09:53:02.755000+00:00,,,,,,,,,,,,,,,,,,,,,,,,,,,,,,,,,2.3487736506944503,0.45292032391531634,3.0,0.20975883850287863,0.15109427670532594,107.37730382613773,23.11569928416106,75.75252110539819,10.634819510699613,4.551197080869597,15799.723670386707,114.9857170677439,686.7812911993212,430.6528175519565
behavior_window,continuous,dba80c84-68fd-45b2-ba28-10f10075b239,27cc7537-a40e-47c3-a98f-89dbe78e8cb9,2026-08-17T09:53:02.755000+00:00,window_aggregate,,,,,,,,,,2026-08-15T20:53:01.217000+00:00,2026-08-15T20:53:31.217000+00:00,,,,,,,,,,,,,,,,,,,,,,,,,,,,,,2026-08-17T09:53:02.755000+00:00,,,,,,,,,,,,,,,,,,,,,,,,,,,,,,,,,0.9171962588818406,0.26194617207846876,9.0,0.3186903982528181,0.15489930166010688,80.94789942119561,12.689234285332018,66.0454124714992,6.708432492874499,5.853134510708161,36480.20726824246,410.70551692459014,550.3706583935473,394.5061480828005
behavior_window,continuous,dba80c84-68fd-45b2-ba28-10f10075b239,27cc7537-a40e-47c3-a98f-89dbe78e8cb9,2026-08-17T09:53:02.755000+00:00,window_aggregate,,,,,,,,,,2026-08-15T20:53:01.217000+00:00,2026-08-15T20:53:31.217000+00:00,,,,,,,,,,,,,,,,,,,,,,,,,,,,,,2026-08-17T09:53:02.755000+00:00,,,,,,,,,,,,,,,,,,,,,,,,,,,,,,,,,0.9171962588818406,0.26194617207846876,9.0,0.3186903982528181,0.15489930166010688,80.94789942119561,12.689234285332018,66.0454124714992,6.708432492874499,5.853134510708161,36480.20726824246,410.70551692459014,550.3706583935473,394.5061480828005
behavior_window,continuous,dba80c84-68fd-45b2-ba28-10f10075b239,27cc7537-a40e-47c3-a98f-89dbe78e8cb9,2026-08-17T09:53:02.755000+00:00,window_aggregate,,,,,,,,,,2026-08-15T20:53:01.217000+00:00,2026-08-15T20:53:31.217000+00:00,,,,,,,,,,,,,,,,,,,,,,,,,,,,,,2026-08-17T09:53:02.755000+00:00,,,,,,,,,,,,,,,,,,,,,,,,,,,,,,,,,0.9171962588818406,0.26194617207846876,9.0,0.3186903982528181,0.15489930166010688,80.94789942119561,12.689234285332018,66.0454124714992,6.708432492874499,5.853134510708161,36480.20726824246,410.70551692459014,550.3706583935473,394.5061480828005
behavior_window,continuous,dba80c84-68fd-45b2-ba28-10f10075b239,d840a02c-5fc4-4737-90f0-cd5b47cac023,2026-08-17T09:53:02.756000+00:00,window_aggregate,,,,,,,,,,2026-08-14T16:53:01.217000+00:00,2026-08-14T16:53:31.217000+00:00,,,,,,,,,,,,,,,,,,,,,,,,,,,,,,2026-08-17T09:53:02.756000+00:00,,,,,,,,,,,,,,,,,,,,,,,,,,,,,,,,,1.6312332738036432,0.14774538327458872,6.0,0.4187122930776994,0.189758117815308,110.89308721565516,26.657228171268198,77.8464332590136,15.762787126046232,3.5797564789235627,39830.12531780757,100.7807219696652,1047.6255094337748,200.30556140384678
behavior_window,continuous,dba80c84-68fd-45b2-ba28-10f10075b239,d840a02c-5fc4-4737-90f0-cd5b47cac023,2026-08-17T09:53:02.756000+00:00,window_aggregate,,,,,,,,,,2026-08-14T16:53:01.217000+00:00,2026-08-14T16:53:31.217000+00:00,,,,,,,,,,,,,,,,,,,,,,,,,,,,,,2026-08-17T09:53:02.756000+00:00,,,,,,,,,,,,,,,,,,,,,,,,,,,,,,,,,1.6312332738036432,0.14774538327458872,6.0,0.4187122930776994,0.189758117815308,110.89308721565516,26.657228171268198,77.8464332590136,15.762787126046232,3.5797564789235627,39830.12531780757,100.7807219696652,1047.6255094337748,200.30556140384678
behavior_window,continuous,dba80c84-68fd-45b2-ba28-10f10075b239,d840a02c-5fc4-4737-90f0-cd5b47cac023,2026-08-17T09:53:02.756000+00:00,window_aggregate,,,,,,,,,,2026-08-14T16:53:01.217000+00:00,2026-08-14T16:53:31.217000+00:00,,,,,,,,,,,,,,,,,,,,,,,,,,,,,,2026-08-17T09:53:02.756000+00:00,,,,,,,,,,,,,,,,,,,,,,,,,,,,,,,,,1.6312332738036432,0.14774538327458872,6.0,0.4187122930776994,0.189758117815308,110.89308721565516,26.657228171268198,77.8464332590136,15.762787126046232,3.5797564789235627,39830.12531780757,100.7807219696652,1047.6255094337748,200.30556140384678
behavior_window,continuous,dba80c84-68fd-45b2-ba28-10f10075b239,05bc7ce0-dbdf-4bb8-babe-c66084786cd0,2026-08-17T09:53:02.756000+00:00,window_aggregate,,,,,,,,,,2026-08-16T13:53:01.217000+00:00,2026-08-16T13:53:31.217000+00:00,,,,,,,,,,,,,,,,,,,,,,,,,,,,,,2026-08-17T09:53:02.756000+00:00,,,,,,,,,,,,,,,,,,,,,,,,,,,,,,,,,1.125753362640714,0.3324151205884375,9.0,0.12885332262136268,0.18000623500773227,130.5268849788415,23.505448794742172,116.77102635709925,23.873040532288872,4.034317824180845,12163.927212011953,374.9903348135704,825.263913477886,365.3777413642707
behavior_window,continuous,dba80c84-68fd-45b2-ba28-10f10075b239,05bc7ce0-dbdf-4bb8-babe-c66084786cd0,2026-08-17T09:53:02.756000+00:00,window_aggregate,,,,,,,,,,2026-08-16T13:53:01.217000+00:00,2026-08-16T13:53:31.217000+00:00,,,,,,,,,,,,,,,,,,,,,,,,,,,,,,2026-08-17T09:53:02.756000+00:00,,,,,,,,,,,,,,,,,,,,,,,,,,,,,,,,,1.125753362640714,0.3324151205884375,9.0,0.12885332262136268,0.18000623500773227,130.5268849788415,23.505448794742172,116.77102635709925,23.873040532288872,4.034317824180845,12163.927212011953,374.9903348135704,825.263913477886,365.3777413642707
behavior_window,continuous,dba80c84-68fd-45b2-ba28-10f10075b239,05bc7ce0-dbdf-4bb8-babe-c66084786cd0,2026-08-17T09:53:02.756000+00:00,window_aggregate,,,,,,,,,,2026-08-16T13:53:01.217000+00:00,2026-08-16T13:53:31.217000+00:00,,,,,,,,,,,,,,,,,,,,,,,,,,,,,,2026-08-17T09:53:02.756000+00:00,,,,,,,,,,,,,,,,,,,,,,,,,,,,,,,,,1.125753362640714,0.3324151205884375,9.0,0.12885332262136268,0.18000623500773227,130.5268849788415,23.505448794742172,116.77102635709925,23.873040532288872,4.034317824180845,12163.927212011953,374.9903348135704,825.263913477886,365.3777413642707
behavior_window,continuous,dba80c84-68fd-45b2-ba28-10f10075b239,05bc7ce0-dbdf-4bb8-babe-c66084786cd0,2026-08-17T09:53:02.756000+00:00,window_aggregate,,,,,,,,,,2026-08-15T15:53:01.217000+00:00,2026-08-15T15:53:31.217000+00:00,,,,,,,,,,,,,,,,,,,,,,,,,,,,,,2026-08-17T09:53:02.756000+00:00,,,,,,,,,,,,,,,,,,,,,,,,,,,,,,,,,2.3034959117231475,0.9961085195578749,1.0,0.4487181700766574,0.17050514672333805,128.36721930239878,17.011894594110842,116.34298765746173,12.729773032480775,5.601499758080855,47264.06086737878,436.40763806749624,952.9592507697587,347.87562510928666
behavior_window,continuous,dba80c84-68fd-45b2-ba28-10f10075b239,05bc7ce0-dbdf-4bb8-babe-c66084786cd0,2026-08-17T09:53:02.756000+00:00,window_aggregate,,,,,,,,,,2026-08-15T15:53:01.217000+00:00,2026-08-15T15:53:31.217000+00:00,,,,,,,,,,,,,,,,,,,,,,,,,,,,,,2026-08-17T09:53:02.756000+00:00,,,,,,,,,,,,,,,,,,,,,,,,,,,,,,,,,2.3034959117231475,0.9961085195578749,1.0,0.4487181700766574,0.17050514672333805,128.36721930239878,17.011894594110842,116.34298765746173,12.729773032480775,5.601499758080855,47264.06086737878,436.40763806749624,952.9592507697587,347.87562510928666
behavior_window,continuous,dba80c84-68fd-45b2-ba28-10f10075b239,05bc7ce0-dbdf-4bb8-babe-c66084786cd0,2026-08-17T09:53:02.756000+00:00,window_aggregate,,,,,,,,,,2026-08-15T15:53:01.217000+00:00,2026-08-15T15:53:31.217000+00:00,,,,,,,,,,,,,,,,,,,,,,,,,,,,,,2026-08-17T09:53:02.756000+00:00,,,,,,,,,,,,,,,,,,,,,,,,,,,,,,,,,2.3034959117231475,0.9961085195578749,1.0,0.4487181700766574,0.17050514672333805,128.36721930239878,17.011894594110842,116.34298765746173,12.729773032480775,5.601499758080855,47264.06086737878,436.40763806749624,952.9592507697587,347.87562510928666
behavior_window,continuous,dba80c84-68fd-45b2-ba28-10f10075b239,27cc7537-a40e-47c3-a98f-89dbe78e8cb9,2026-08-17T09:53:02.755000+00:00,window_aggregate,,,,,,,,,,2026-08-16T01:53:01.217000+00:00,2026-08-16T01:53:31.217000+00:00,,,,,,,,,,,,,,,,,,,,,,,,,,,,,,2026-08-17T09:53:02.755000+00:00,,,,,,,,,,,,,,,,,,,,,,,,,,,,,,,,,2.490062130185021,0.9144871228001661,3.0,0.20251336669051656,0.12958941498761192,88.06476984986763,29.192250255121685,68.22186750340349,12.739831814039011,3.494100370074852,44011.26512958901,176.30813771484455,1255.3591041089976,170.73252881589713
behavior_window,continuous,dba80c84-68fd-45b2-ba28-10f10075b239,27cc7537-a40e-47c3-a98f-89dbe78e8cb9,2026-08-17T09:53:02.755000+00:00,window_aggregate,,,,,,,,,,2026-08-16T01:53:01.217000+00:00,2026-08-16T01:53:31.217000+00:00,,,,,,,,,,,,,,,,,,,,,,,,,,,,,,2026-08-17T09:53:02.755000+00:00,,,,,,,,,,,,,,,,,,,,,,,,,,,,,,,,,2.490062130185021,0.9144871228001661,3.0,0.20251336669051656,0.12958941498761192,88.06476984986763,29.192250255121685,68.22186750340349,12.739831814039011,3.494100370074852,44011.26512958901,176.30813771484455,1255.3591041089976,170.73252881589713
behavior_window,continuous,dba80c84-68fd-45b2-ba28-10f10075b239,27cc7537-a40e-47c3-a98f-89dbe78e8cb9,2026-08-17T09:53:02.755000+00:00,window_aggregate,,,,,,,,,,2026-08-16T01:53:01.217000+00:00,2026-08-16T01:53:31.217000+00:00,,,,,,,,,,,,,,,,,,,,,,,,,,,,,,2026-08-17T09:53:02.755000+00:00,,,,,,,,,,,,,,,,,,,,,,,,,,,,,,,,,2.490062130185021,0.9144871228001661,3.0,0.20251336669051656,0.12958941498761192,88.06476984986763,29.192250255121685,68.22186750340349,12.739831814039011,3.494100370074852,44011.26512958901,176.30813771484455,1255.3591041089976,170.73252881589713
behavior_window,continuous,dba80c84-68fd-45b2-ba28-10f10075b239,05bc7ce0-dbdf-4bb8-babe-c66084786cd0,2026-08-17T09:53:02.756000+00:00,window_aggregate,,,,,,,,,,2026-08-16T22:53:01.217000+00:00,2026-08-16T22:53:31.217000+00:00,,,,,,,,,,,,,,,,,,,,,,,,,,,,,,2026-08-17T09:53:02.756000+00:00,,,,,,,,,,,,,,,,,,,,,,,,,,,,,,,,,2.66383405407969,0.515043831344728,0.0,0.3027692411711649,0.153748877222073,110.75375753069008,13.554790743439487,90.72976434828502,27.268240512695805,3.974255885755783,37288.76013253163,155.08118159667677,537.6989928124614,250.9992990213987
behavior_window,continuous,dba80c84-68fd-45b2-ba28-10f10075b239,05bc7ce0-dbdf-4bb8-babe-c66084786cd0,2026-08-17T09:53:02.756000+00:00,window_aggregate,,,,,,,,,,2026-08-16T22:53:01.217000+00:00,2026-08-16T22:53:31.217000+00:00,,,,,,,,,,,,,,,,,,,,,,,,,,,,,,2026-08-17T09:53:02.756000+00:00,,,,,,,,,,,,,,,,,,,,,,,,,,,,,,,,,2.66383405407969,0.515043831344728,0.0,0.3027692411711649,0.153748877222073,110.75375753069008,13.554790743439487,90.72976434828502,27.268240512695805,3.974255885755783,37288.76013253163,155.08118159667677,537.6989928124614,250.9992990213987
behavior_window,continuous,dba80c84-68fd-45b2-ba28-10f10075b239,05bc7ce0-dbdf-4bb8-babe-c66084786cd0,2026-08-17T09:53:02.756000+00:00,window_aggregate,,,,,,,,,,2026-08-16T22:53:01.217000+00:00,2026-08-16T22:53:31.217000+00:00,,,,,,,,,,,,,,,,,,,,,,,,,,,,,,2026-08-17T09:53:02.756000+00:00,,,,,,,,,,,,,,,,,,,,,,,,,,,,,,,,,2.66383405407969,0.515043831344728,0.0,0.3027692411711649,0.153748877222073,110.75375753069008,13.554790743439487,90.72976434828502,27.268240512695805,3.974255885755783,37288.76013253163,155.08118159667677,537.6989928124614,250.9992990213987
behavior_window,continuous,dba80c84-68fd-45b2-ba28-10f10075b239,8ba454a9-5ea9-4382-b9d1-d3842fef3cab,2026-08-17T09:53:02.755000+00:00,window_aggregate,,,,,,,,,,2026-08-15T10:53:01.217000+00:00,2026-08-15T10:53:31.217000+00:00,,,,,,,,,,,,,,,,,,,,,,,,,,,,,,2026-08-17T09:53:02.755000+00:00,,,,,,,,,,,,,,,,,,,,,,,,,,,,,,,,,0.8628811017849762,0.5182357899440271,1.0,0.10971809667230725,0.05805903242240354,114.95731251437587,28.58081934161701,85.23535872734848,5.261564244993559,5.570628126106249,43105.24400036027,127.10399715067389,1022.8622406575421,234.32215041428228
behavior_window,continuous,dba80c84-68fd-45b2-ba28-10f10075b239,8ba454a9-5ea9-4382-b9d1-d3842fef3cab,2026-08-17T09:53:02.755000+00:00,window_aggregate,,,,,,,,,,2026-08-15T10:53:01.217000+00:00,2026-08-15T10:53:31.217000+00:00,,,,,,,,,,,,,,,,,,,,,,,,,,,,,,2026-08-17T09:53:02.755000+00:00,,,,,,,,,,,,,,,,,,,,,,,,,,,,,,,,,0.8628811017849762,0.5182357899440271,1.0,0.10971809667230725,0.05805903242240354,114.95731251437587,28.58081934161701,85.23535872734848,5.261564244993559,5.570628126106249,43105.24400036027,127.10399715067389,1022.8622406575421,234.32215041428228
behavior_window,continuous,dba80c84-68fd-45b2-ba28-10f10075b239,8ba454a9-5ea9-4382-b9d1-d3842fef3cab,2026-08-17T09:53:02.755000+00:00,window_aggregate,,,,,,,,,,2026-08-15T10:53:01.217000+00:00,2026-08-15T10:53:31.217000+00:00,,,,,,,,,,,,,,,,,,,,,,,,,,,,,,2026-08-17T09:53:02.755000+00:00,,,,,,,,,,,,,,,,,,,,,,,,,,,,,,,,,0.8628811017849762,0.5182357899440271,1.0,0.10971809667230725,0.05805903242240354,114.95731251437587,28.58081934161701,85.23535872734848,5.261564244993559,5.570628126106249,43105.24400036027,127.10399715067389,1022.8622406575421,234.32215041428228
behavior_window,continuous,dba80c84-68fd-45b2-ba28-10f10075b239,8ba454a9-5ea9-4382-b9d1-d3842fef3cab,2026-08-17T09:53:02.755000+00:00,window_aggregate,,,,,,,,,,2026-08-17T02:53:01.217000+00:00,2026-08-17T02:53:31.217000+00:00,,,,,,,,,,,,,,,,,,,,,,,,,,,,,,2026-08-17T09:53:02.755000+00:00,,,,,,,,,,,,,,,,,,,,,,,,,,,,,,,,,2.2285598814132803,0.41325808050727997,7.0,0.22222064019111165,0.11203819418158689,119.78680861820092,33.86362172622314,110.65635063028722,19.803996242989044,5.787315946644721,37602.09151902432,296.06285018535675,1145.2249130433331,459.50544256846456
behavior_window,continuous,dba80c84-68fd-45b2-ba28-10f10075b239,8ba454a9-5ea9-4382-b9d1-d3842fef3cab,2026-08-17T09:53:02.755000+00:00,window_aggregate,,,,,,,,,,2026-08-17T02:53:01.217000+00:00,2026-08-17T02:53:31.217000+00:00,,,,,,,,,,,,,,,,,,,,,,,,,,,,,,2026-08-17T09:53:02.755000+00:00,,,,,,,,,,,,,,,,,,,,,,,,,,,,,,,,,2.2285598814132803,0.41325808050727997,7.0,0.22222064019111165,0.11203819418158689,119.78680861820092,33.86362172622314,110.65635063028722,19.803996242989044,5.787315946644721,37602.09151902432,296.06285018535675,1145.2249130433331,459.50544256846456
behavior_window,continuous,dba80c84-68fd-45b2-ba28-10f10075b239,8ba454a9-5ea9-4382-b9d1-d3842fef3cab,2026-08-17T09:53:02.755000+00:00,window_aggregate,,,,,,,,,,2026-08-17T02:53:01.217000+00:00,2026-08-17T02:53:31.217000+00:00,,,,,,,,,,,,,,,,,,,,,,,,,,,,,,2026-08-17T09:53:02.755000+00:00,,,,,,,,,,,,,,,,,,,,,,,,,,,,,,,,,2.2285598814132803,0.41325808050727997,7.0,0.22222064019111165,0.11203819418158689,119.78680861820092,33.86362172622314,110.65635063028722,19.803996242989044,5.787315946644721,37602.09151902432,296.06285018535675,1145.2249130433331,459.50544256846456
behavior_window,continuous,dba80c84-68fd-45b2-ba28-10f10075b239,15fa92b6-bb21-469b-8ebe-486f21886538,2026-08-17T09:53:02.755000+00:00,window_aggregate,,,,,,,,,,2026-08-15T19:53:01.217000+00:00,2026-08-15T19:53:31.217000+00:00,,,,,,,,,,,,,,,,,,,,,,,,,,,,,,2026-08-17T09:53:02.755000+00:00,,,,,,,,,,,,,,,,,,,,,,,,,,,,,,,,,0.8646023823995148,0.845251710189131,10.0,0.14514138708244095,0.1031618925755072,104.33979108089437,28.38155144838704,89.39953665240775,10.411213455280622,3.6188922257185467,39625.95203538954,321.2147355197009,1375.9049533976295,282.7588750066413
behavior_window,continuous,dba80c84-68fd-45b2-ba28-10f10075b239,15fa92b6-bb21-469b-8ebe-486f21886538,2026-08-17T09:53:02.755000+00:00,window_aggregate,,,,,,,,,,2026-08-15T19:53:01.217000+00:00,2026-08-15T19:53:31.217000+00:00,,,,,,,,,,,,,,,,,,,,,,,,,,,,,,2026-08-17T09:53:02.755000+00:00,,,,,,,,,,,,,,,,,,,,,,,,,,,,,,,,,0.8646023823995148,0.845251710189131,10.0,0.14514138708244095,0.1031618925755072,104.33979108089437,28.38155144838704,89.39953665240775,10.411213455280622,3.6188922257185467,39625.95203538954,321.2147355197009,1375.9049533976295,282.7588750066413
behavior_window,continuous,dba80c84-68fd-45b2-ba28-10f10075b239,15fa92b6-bb21-469b-8ebe-486f21886538,2026-08-17T09:53:02.755000+00:00,window_aggregate,,,,,,,,,,2026-08-15T19:53:01.217000+00:00,2026-08-15T19:53:31.217000+00:00,,,,,,,,,,,,,,,,,,,,,,,,,,,,,,2026-08-17T09:53:02.755000+00:00,,,,,,,,,,,,,,,,,,,,,,,,,,,,,,,,,0.8646023823995148,0.845251710189131,10.0,0.14514138708244095,0.1031618925755072,104.33979108089437,28.38155144838704,89.39953665240775,10.411213455280622,3.6188922257185467,39625.95203538954,321.2147355197009,1375.9049533976295,282.7588750066413
behavior_window,continuous,dba80c84-68fd-45b2-ba28-10f10075b239,d840a02c-5fc4-4737-90f0-cd5b47cac023,2026-08-17T09:53:02.756000+00:00,window_aggregate,,,,,,,,,,2026-08-15T02:53:01.217000+00:00,2026-08-15T02:53:31.217000+00:00,,,,,,,,,,,,,,,,,,,,,,,,,,,,,,2026-08-17T09:53:02.756000+00:00,,,,,,,,,,,,,,,,,,,,,,,,,,,,,,,,,1.9431161027989223,0.8124473336529576,5.0,0.22800069564182862,0.11258776678656493,83.12928590653271,35.64829839018466,83.50574861388958,18.133504430050642,4.322286125175016,8865.011577326137,144.72748732674117,1467.8976262214,367.4027586626556
behavior_window,continuous,dba80c84-68fd-45b2-ba28-10f10075b239,d840a02c-5fc4-4737-90f0-cd5b47cac023,2026-08-17T09:53:02.756000+00:00,window_aggregate,,,,,,,,,,2026-08-15T02:53:01.217000+00:00,2026-08-15T02:53:31.217000+00:00,,,,,,,,,,,,,,,,,,,,,,,,,,,,,,2026-08-17T09:53:02.756000+00:00,,,,,,,,,,,,,,,,,,,,,,,,,,,,,,,,,1.9431161027989223,0.8124473336529576,5.0,0.22800069564182862,0.11258776678656493,83.12928590653271,35.64829839018466,83.50574861388958,18.133504430050642,4.322286125175016,8865.011577326137,144.72748732674117,1467.8976262214,367.4027586626556
behavior_window,continuous,dba80c84-68fd-45b2-ba28-10f10075b239,d840a02c-5fc4-4737-90f0-cd5b47cac023,2026-08-17T09:53:02.756000+00:00,window_aggregate,,,,,,,,,,2026-08-15T02:53:01.217000+00:00,2026-08-15T02:53:31.217000+00:00,,,,,,,,,,,,,,,,,,,,,,,,,,,,,,2026-08-17T09:53:02.756000+00:00,,,,,,,,,,,,,,,,,,,,,,,,,,,,,,,,,1.9431161027989223,0.8124473336529576,5.0,0.22800069564182862,0.11258776678656493,83.12928590653271,35.64829839018466,83.50574861388958,18.133504430050642,4.322286125175016,8865.011577326137,144.72748732674117,1467.8976262214,367.4027586626556
behavior_window,continuous,dba80c84-68fd-45b2-ba28-10f10075b239,05bc7ce0-dbdf-4bb8-babe-c66084786cd0,2026-08-17T09:53:02.756000+00:00,window_aggregate,,,,,,,,,,2026-08-16T18:53:01.217000+00:00,2026-08-16T18:53:31.217000+00:00,,,,,,,,,,,,,,,,,,,,,,,,,,,,,,2026-08-17T09:53:02.756000+00:00,,,,,,,,,,,,,,,,,,,,,,,,,,,,,,,,,1.8664050218354689,0.16423567125858837,1.0,0.1952211451960218,0.148754270374591,147.0707330761994,34.281737539459044,86.0785699809054,10.917886653714223,3.0563141011320227,46860.074113814284,393.77171670186215,559.9831951339064,196.02695933248566
behavior_window,continuous,dba80c84-68fd-45b2-ba28-10f10075b239,05bc7ce0-dbdf-4bb8-babe-c66084786cd0,2026-08-17T09:53:02.756000+00:00,window_aggregate,,,,,,,,,,2026-08-16T18:53:01.217000+00:00,2026-08-16T18:53:31.217000+00:00,,,,,,,,,,,,,,,,,,,,,,,,,,,,,,2026-08-17T09:53:02.756000+00:00,,,,,,,,,,,,,,,,,,,,,,,,,,,,,,,,,1.8664050218354689,0.16423567125858837,1.0,0.1952211451960218,0.148754270374591,147.0707330761994,34.281737539459044,86.0785699809054,10.917886653714223,3.0563141011320227,46860.074113814284,393.77171670186215,559.9831951339064,196.02695933248566
behavior_window,continuous,dba80c84-68fd-45b2-ba28-10f10075b239,05bc7ce0-dbdf-4bb8-babe-c66084786cd0,2026-08-17T09:53:02.756000+00:00,window_aggregate,,,,,,,,,,2026-08-16T18:53:01.217000+00:00,2026-08-16T18:53:31.217000+00:00,,,,,,,,,,,,,,,,,,,,,,,,,,,,,,2026-08-17T09:53:02.756000+00:00,,,,,,,,,,,,,,,,,,,,,,,,,,,,,,,,,1.8664050218354689,0.16423567125858837,1.0,0.1952211451960218,0.148754270374591,147.0707330761994,34.281737539459044,86.0785699809054,10.917886653714223,3.0563141011320227,46860.074113814284,393.77171670186215,559.9831951339064,196.02695933248566
behavior_window,continuous,dba80c84-68fd-45b2-ba28-10f10075b239,15fa92b6-bb21-469b-8ebe-486f21886538,2026-08-17T09:53:02.755000+00:00,window_aggregate,,,,,,,,,,2026-08-14T23:53:01.217000+00:00,2026-08-14T23:53:31.217000+00:00,,,,,,,,,,,,,,,,,,,,,,,,,,,,,,2026-08-17T09:53:02.755000+00:00,,,,,,,,,,,,,,,,,,,,,,,,,,,,,,,,,0.8833201815537746,0.569549343172592,8.0,0.4295987719870774,0.1997247956219731,80.93957429076553,15.503146461445969,104.91719765589426,17.473180324252702,3.2620262778568523,3375.197001684007,417.6548760387048,1453.9209708218123,431.39598554256554
behavior_window,continuous,dba80c84-68fd-45b2-ba28-10f10075b239,15fa92b6-bb21-469b-8ebe-486f21886538,2026-08-17T09:53:02.755000+00:00,window_aggregate,,,,,,,,,,2026-08-14T23:53:01.217000+00:00,2026-08-14T23:53:31.217000+00:00,,,,,,,,,,,,,,,,,,,,,,,,,,,,,,2026-08-17T09:53:02.755000+00:00,,,,,,,,,,,,,,,,,,,,,,,,,,,,,,,,,0.8833201815537746,0.569549343172592,8.0,0.4295987719870774,0.1997247956219731,80.93957429076553,15.503146461445969,104.91719765589426,17.473180324252702,3.2620262778568523,3375.197001684007,417.6548760387048,1453.9209708218123,431.39598554256554
behavior_window,continuous,dba80c84-68fd-45b2-ba28-10f10075b239,15fa92b6-bb21-469b-8ebe-486f21886538,2026-08-17T09:53:02.755000+00:00,window_aggregate,,,,,,,,,,2026-08-14T23:53:01.217000+00:00,2026-08-14T23:53:31.217000+00:00,,,,,,,,,,,,,,,,,,,,,,,,,,,,,,2026-08-17T09:53:02.755000+00:00,,,,,,,,,,,,,,,,,,,,,,,,,,,,,,,,,0.8833201815537746,0.569549343172592,8.0,0.4295987719870774,0.1997247956219731,80.93957429076553,15.503146461445969,104.91719765589426,17.473180324252702,3.2620262778568523,3375.197001684007,417.6548760387048,1453.9209708218123,431.39598554256554
behavior_window,continuous,dba80c84-68fd-45b2-ba28-10f10075b239,15fa92b6-bb21-469b-8ebe-486f21886538,2026-08-17T09:53:02.755000+00:00,window_aggregate,,,,,,,,,,2026-08-16T08:53:01.217000+00:00,2026-08-16T08:53:31.217000+00:00,,,,,,,,,,,,,,,,,,,,,,,,,,,,,,2026-08-17T09:53:02.755000+00:00,,,,,,,,,,,,,,,,,,,,,,,,,,,,,,,,,2.359986715556361,0.8407982683821391,7.0,0.33289861324285364,0.06447619709573212,116.5262074033297,13.897809741694807,116.98195316146737,20.908250174580303,4.483299507441557,11626.136240913174,298.4112131076044,1054.7898983933483,164.1060790393591
behavior_window,continuous,dba80c84-68fd-45b2-ba28-10f10075b239,15fa92b6-bb21-469b-8ebe-486f21886538,2026-08-17T09:53:02.755000+00:00,window_aggregate,,,,,,,,,,2026-08-16T08:53:01.217000+00:00,2026-08-16T08:53:31.217000+00:00,,,,,,,,,,,,,,,,,,,,,,,,,,,,,,2026-08-17T09:53:02.755000+00:00,,,,,,,,,,,,,,,,,,,,,,,,,,,,,,,,,2.359986715556361,0.8407982683821391,7.0,0.33289861324285364,0.06447619709573212,116.5262074033297,13.897809741694807,116.98195316146737,20.908250174580303,4.483299507441557,11626.136240913174,298.4112131076044,1054.7898983933483,164.1060790393591
behavior_window,continuous,dba80c84-68fd-45b2-ba28-10f10075b239,15fa92b6-bb21-469b-8ebe-486f21886538,2026-08-17T09:53:02.755000+00:00,window_aggregate,,,,,,,,,,2026-08-16T08:53:01.217000+00:00,2026-08-16T08:53:31.217000+00:00,,,,,,,,,,,,,,,,,,,,,,,,,,,,,,2026-08-17T09:53:02.755000+00:00,,,,,,,,,,,,,,,,,,,,,,,,,,,,,,,,,2.359986715556361,0.8407982683821391,7.0,0.33289861324285364,0.06447619709573212,116.5262074033297,13.897809741694807,116.98195316146737,20.908250174580303,4.483299507441557,11626.136240913174,298.4112131076044,1054.7898983933483,164.1060790393591
behavior_window,continuous,dba80c84-68fd-45b2-ba28-10f10075b239,27cc7537-a40e-47c3-a98f-89dbe78e8cb9,2026-08-17T09:53:02.755000+00:00,window_aggregate,,,,,,,,,,2026-08-15T18:53:01.217000+00:00,2026-08-15T18:53:31.217000+00:00,,,,,,,,,,,,,,,,,,,,,,,,,,,,,,2026-08-17T09:53:02.755000+00:00,,,,,,,,,,,,,,,,,,,,,,,,,,,,,,,,,2.398463489995553,0.8653212389148369,8.0,0.25946491084016343,0.14686861035197293,87.1237546847145,10.040639217189938,57.52864134112641,26.135697323636197,3.0953721648368857,36684.574051626696,302.4700809759717,678.0788318239822,444.70841815503843
behavior_window,continuous,dba80c84-68fd-45b2-ba28-10f10075b239,27cc7537-a40e-47c3-a98f-89dbe78e8cb9,2026-08-17T09:53:02.755000+00:00,window_aggregate,,,,,,,,,,2026-08-15T18:53:01.217000+00:00,2026-08-15T18:53:31.217000+00:00,,,,,,,,,,,,,,,,,,,,,,,,,,,,,,2026-08-17T09:53:02.755000+00:00,,,,,,,,,,,,,,,,,,,,,,,,,,,,,,,,,2.398463489995553,0.8653212389148369,8.0,0.25946491084016343,0.14686861035197293,87.1237546847145,10.040639217189938,57.52864134112641,26.135697323636197,3.0953721648368857,36684.574051626696,302.4700809759717,678.0788318239822,444.70841815503843
behavior_window,continuous,dba80c84-68fd-45b2-ba28-10f10075b239,27cc7537-a40e-47c3-a98f-89dbe78e8cb9,2026-08-17T09:53:02.755000+00:00,window_aggregate,,,,,,,,,,2026-08-15T18:53:01.217000+00:00,2026-08-15T18:53:31.217000+00:00,,,,,,,,,,,,,,,,,,,,,,,,,,,,,,2026-08-17T09:53:02.755000+00:00,,,,,,,,,,,,,,,,,,,,,,,,,,,,,,,,,2.398463489995553,0.8653212389148369,8.0,0.25946491084016343,0.14686861035197293,87.1237546847145,10.040639217189938,57.52864134112641,26.135697323636197,3.0953721648368857,36684.574051626696,302.4700809759717,678.0788318239822,444.70841815503843
behavior_window,continuous,dba80c84-68fd-45b2-ba28-10f10075b239,d840a02c-5fc4-4737-90f0-cd5b47cac023,2026-08-17T09:53:02.756000+00:00,window_aggregate,,,,,,,,,,2026-08-15T14:53:01.217000+00:00,2026-08-15T14:53:31.217000+00:00,,,,,,,,,,,,,,,,,,,,,,,,,,,,,,2026-08-17T09:53:02.756000+00:00,,,,,,,,,,,,,,,,,,,,,,,,,,,,,,,,,2.3959848704989213,0.11672777719334815,6.0,0.4583438743416358,0.08301758643398602,127.99497425838041,17.827452492706605,59.78353417213102,17.905237165533798,5.508857016862947,22677.037372765313,112.36325565386346,1004.9025112701589,474.66265769166216
behavior_window,continuous,dba80c84-68fd-45b2-ba28-10f10075b239,d840a02c-5fc4-4737-90f0-cd5b47cac023,2026-08-17T09:53:02.756000+00:00,window_aggregate,,,,,,,,,,2026-08-15T14:53:01.217000+00:00,2026-08-15T14:53:31.217000+00:00,,,,,,,,,,,,,,,,,,,,,,,,,,,,,,2026-08-17T09:53:02.756000+00:00,,,,,,,,,,,,,,,,,,,,,,,,,,,,,,,,,2.3959848704989213,0.11672777719334815,6.0,0.4583438743416358,0.08301758643398602,127.99497425838041,17.827452492706605,59.78353417213102,17.905237165533798,5.508857016862947,22677.037372765313,112.36325565386346,1004.9025112701589,474.66265769166216
behavior_window,continuous,dba80c84-68fd-45b2-ba28-10f10075b239,d840a02c-5fc4-4737-90f0-cd5b47cac023,2026-08-17T09:53:02.756000+00:00,window_aggregate,,,,,,,,,,2026-08-15T14:53:01.217000+00:00,2026-08-15T14:53:31.217000+00:00,,,,,,,,,,,,,,,,,,,,,,,,,,,,,,2026-08-17T09:53:02.756000+00:00,,,,,,,,,,,,,,,,,,,,,,,,,,,,,,,,,2.3959848704989213,0.11672777719334815,6.0,0.4583438743416358,0.08301758643398602,127.99497425838041,17.827452492706605,59.78353417213102,17.905237165533798,5.508857016862947,22677.037372765313,112.36325565386346,1004.9025112701589,474.66265769166216
behavior_window,continuous,dba80c84-68fd-45b2-ba28-10f10075b239,05bc7ce0-dbdf-4bb8-babe-c66084786cd0,2026-08-17T09:53:02.756000+00:00,window_aggregate,,,,,,,,,,2026-08-14T12:53:01.217000+00:00,2026-08-14T12:53:31.217000+00:00,,,,,,,,,,,,,,,,,,,,,,,,,,,,,,2026-08-17T09:53:02.756000+00:00,,,,,,,,,,,,,,,,,,,,,,,,,,,,,,,,,0.8856124033941188,0.782541839346951,6.0,0.48713218619070375,0.059407865773244806,94.09922643395656,12.32145897898516,99.75781437111291,15.586756087662746,4.600015767941826,33975.185540456856,415.49975170410653,1206.640247746619,109.53949060672979
behavior_window,continuous,dba80c84-68fd-45b2-ba28-10f10075b239,05bc7ce0-dbdf-4bb8-babe-c66084786cd0,2026-08-17T09:53:02.756000+00:00,window_aggregate,,,,,,,,,,2026-08-14T12:53:01.217000+00:00,2026-08-14T12:53:31.217000+00:00,,,,,,,,,,,,,,,,,,,,,,,,,,,,,,2026-08-17T09:53:02.756000+00:00,,,,,,,,,,,,,,,,,,,,,,,,,,,,,,,,,0.8856124033941188,0.782541839346951,6.0,0.48713218619070375,0.059407865773244806,94.09922643395656,12.32145897898516,99.75781437111291,15.586756087662746,4.600015767941826,33975.185540456856,415.49975170410653,1206.640247746619,109.53949060672979
behavior_window,continuous,dba80c84-68fd-45b2-ba28-10f10075b239,05bc7ce0-dbdf-4bb8-babe-c66084786cd0,2026-08-17T09:53:02.756000+00:00,window_aggregate,,,,,,,,,,2026-08-14T12:53:01.217000+00:00,2026-08-14T12:53:31.217000+00:00,,,,,,,,,,,,,,,,,,,,,,,,,,,,,,2026-08-17T09:53:02.756000+00:00,,,,,,,,,,,,,,,,,,,,,,,,,,,,,,,,,0.8856124033941188,0.782541839346951,6.0,0.48713218619070375,0.059407865773244806,94.09922643395656,12.32145897898516,99.75781437111291,15.586756087662746,4.600015767941826,33975.185540456856,415.49975170410653,1206.640247746619,109.53949060672979
behavior_window,continuous,dba80c84-68fd-45b2-ba28-10f10075b239,8ba454a9-5ea9-4382-b9d1-d3842fef3cab,2026-08-17T09:53:02.754000+00:00,window_aggregate,,,,,,,,,,2026-08-16T03:53:01.217000+00:00,2026-08-16T03:53:31.217000+00:00,,,,,,,,,,,,,,,,,,,,,,,,,,,,,,2026-08-17T09:53:02.754000+00:00,,,,,,,,,,,,,,,,,,,,,,,,,,,,,,,,,1.4449607681225125,0.32835829522539167,8.0,0.19527733390033683,0.12279541886124255,119.68629245830365,25.54969789281082,57.41182404277314,17.87847792777003,3.989373898580636,34465.5461405699,307.6609443132705,751.181975552517,193.14024114830582
behavior_window,continuous,dba80c84-68fd-45b2-ba28-10f10075b239,8ba454a9-5ea9-4382-b9d1-d3842fef3cab,2026-08-17T09:53:02.754000+00:00,window_aggregate,,,,,,,,,,2026-08-16T03:53:01.217000+00:00,2026-08-16T03:53:31.217000+00:00,,,,,,,,,,,,,,,,,,,,,,,,,,,,,,2026-08-17T09:53:02.754000+00:00,,,,,,,,,,,,,,,,,,,,,,,,,,,,,,,,,1.4449607681225125,0.32835829522539167,8.0,0.19527733390033683,0.12279541886124255,119.68629245830365,25.54969789281082,57.41182404277314,17.87847792777003,3.989373898580636,34465.5461405699,307.6609443132705,751.181975552517,193.14024114830582
behavior_window,continuous,dba80c84-68fd-45b2-ba28-10f10075b239,8ba454a9-5ea9-4382-b9d1-d3842fef3cab,2026-08-17T09:53:02.754000+00:00,window_aggregate,,,,,,,,,,2026-08-16T03:53:01.217000+00:00,2026-08-16T03:53:31.217000+00:00,,,,,,,,,,,,,,,,,,,,,,,,,,,,,,2026-08-17T09:53:02.754000+00:00,,,,,,,,,,,,,,,,,,,,,,,,,,,,,,,,,1.4449607681225125,0.32835829522539167,8.0,0.19527733390033683,0.12279541886124255,119.68629245830365,25.54969789281082,57.41182404277314,17.87847792777003,3.989373898580636,34465.5461405699,307.6609443132705,751.181975552517,193.14024114830582
behavior_window,continuous,dba80c84-68fd-45b2-ba28-10f10075b239,15fa92b6-bb21-469b-8ebe-486f21886538,2026-08-17T09:53:02.755000+00:00,window_aggregate,,,,,,,,,,2026-08-15T08:53:01.217000+00:00,2026-08-15T08:53:31.217000+00:00,,,,,,,,,,,,,,,,,,,,,,,,,,,,,,2026-08-17T09:53:02.755000+00:00,,,,,,,,,,,,,,,,,,,,,,,,,,,,,,,,,2.447798594861013,0.2688986472707837,9.0,0.16292614877704004,0.12824533254214404,83.3730552963953,29.41013036415784,64.90349912408519,5.654605148944961,4.297809953078252,3213.6558280693503,455.6954250590262,534.5059328845545,337.36505493340144
behavior_window,continuous,dba80c84-68fd-45b2-ba28-10f10075b239,15fa92b6-bb21-469b-8ebe-486f21886538,2026-08-17T09:53:02.755000+00:00,window_aggregate,,,,,,,,,,2026-08-15T08:53:01.217000+00:00,2026-08-15T08:53:31.217000+00:00,,,,,,,,,,,,,,,,,,,,,,,,,,,,,,2026-08-17T09:53:02.755000+00:00,,,,,,,,,,,,,,,,,,,,,,,,,,,,,,,,,2.447798594861013,0.2688986472707837,9.0,0.16292614877704004,0.12824533254214404,83.3730552963953,29.41013036415784,64.90349912408519,5.654605148944961,4.297809953078252,3213.6558280693503,455.6954250590262,534.5059328845545,337.36505493340144
behavior_window,continuous,dba80c84-68fd-45b2-ba28-10f10075b239,15fa92b6-bb21-469b-8ebe-486f21886538,2026-08-17T09:53:02.755000+00:00,window_aggregate,,,,,,,,,,2026-08-15T08:53:01.217000+00:00,2026-08-15T08:53:31.217000+00:00,,,,,,,,,,,,,,,,,,,,,,,,,,,,,,2026-08-17T09:53:02.755000+00:00,,,,,,,,,,,,,,,,,,,,,,,,,,,,,,,,,2.447798594861013,0.2688986472707837,9.0,0.16292614877704004,0.12824533254214404,83.3730552963953,29.41013036415784,64.90349912408519,5.654605148944961,4.297809953078252,3213.6558280693503,455.6954250590262,534.5059328845545,337.36505493340144
behavior_window,continuous,dba80c84-68fd-45b2-ba28-10f10075b239,27cc7537-a40e-47c3-a98f-89dbe78e8cb9,2026-08-17T09:53:02.755000+00:00,window_aggregate,,,,,,,,,,2026-08-14T11:53:01.217000+00:00,2026-08-14T11:53:31.217000+00:00,,,,,,,,,,,,,,,,,,,,,,,,,,,,,,2026-08-17T09:53:02.755000+00:00,,,,,,,,,,,,,,,,,,,,,,,,,,,,,,,,,2.884914240666009,0.7970440338447451,6.0,0.32928670855811104,0.07477485758019098,104.70389572182103,16.915040719180837,61.412331434980594,18.381920345066696,5.012540062449841,34871.36597076792,268.9185053245602,996.4185112112546,312.4867384648451
behavior_window,continuous,dba80c84-68fd-45b2-ba28-10f10075b239,27cc7537-a40e-47c3-a98f-89dbe78e8cb9,2026-08-17T09:53:02.755000+00:00,window_aggregate,,,,,,,,,,2026-08-14T11:53:01.217000+00:00,2026-08-14T11:53:31.217000+00:00,,,,,,,,,,,,,,,,,,,,,,,,,,,,,,2026-08-17T09:53:02.755000+00:00,,,,,,,,,,,,,,,,,,,,,,,,,,,,,,,,,2.884914240666009,0.7970440338447451,6.0,0.32928670855811104,0.07477485758019098,104.70389572182103,16.915040719180837,61.412331434980594,18.381920345066696,5.012540062449841,34871.36597076792,268.9185053245602,996.4185112112546,312.4867384648451
behavior_window,continuous,dba80c84-68fd-45b2-ba28-10f10075b239,27cc7537-a40e-47c3-a98f-89dbe78e8cb9,2026-08-17T09:53:02.755000+00:00,window_aggregate,,,,,,,,,,2026-08-14T11:53:01.217000+00:00,2026-08-14T11:53:31.217000+00:00,,,,,,,,,,,,,,,,,,,,,,,,,,,,,,2026-08-17T09:53:02.755000+00:00,,,,,,,,,,,,,,,,,,,,,,,,,,,,,,,,,2.884914240666009,0.7970440338447451,6.0,0.32928670855811104,0.07477485758019098,104.70389572182103,16.915040719180837,61.412331434980594,18.381920345066696,5.012540062449841,34871.36597076792,268.9185053245602,996.4185112112546,312.4867384648451
behavior_window,continuous,dba80c84-68fd-45b2-ba28-10f10075b239,d840a02c-5fc4-4737-90f0-cd5b47cac023,2026-08-17T09:53:02.756000+00:00,window_aggregate,,,,,,,,,,2026-08-14T14:53:01.217000+00:00,2026-08-14T14:53:31.217000+00:00,,,,,,,,,,,,,,,,,,,,,,,,,,,,,,2026-08-17T09:53:02.756000+00:00,,,,,,,,,,,,,,,,,,,,,,,,,,,,,,,,,1.003838535287879,0.4919889056927944,0.0,0.4843667970781561,0.17806096313106523,147.47314344609433,33.4538661434313,63.54326685339624,11.116048162965452,4.250673523273382,15791.808896960121,310.3443223433331,828.5180950636125,105.85260819561495
behavior_window,continuous,dba80c84-68fd-45b2-ba28-10f10075b239,d840a02c-5fc4-4737-90f0-cd5b47cac023,2026-08-17T09:53:02.756000+00:00,window_aggregate,,,,,,,,,,2026-08-14T14:53:01.217000+00:00,2026-08-14T14:53:31.217000+00:00,,,,,,,,,,,,,,,,,,,,,,,,,,,,,,2026-08-17T09:53:02.756000+00:00,,,,,,,,,,,,,,,,,,,,,,,,,,,,,,,,,1.003838535287879,0.4919889056927944,0.0,0.4843667970781561,0.17806096313106523,147.47314344609433,33.4538661434313,63.54326685339624,11.116048162965452,4.250673523273382,15791.808896960121,310.3443223433331,828.5180950636125,105.85260819561495
behavior_window,continuous,dba80c84-68fd-45b2-ba28-10f10075b239,d840a02c-5fc4-4737-90f0-cd5b47cac023,2026-08-17T09:53:02.756000+00:00,window_aggregate,,,,,,,,,,2026-08-14T14:53:01.217000+00:00,2026-08-14T14:53:31.217000+00:00,,,,,,,,,,,,,,,,,,,,,,,,,,,,,,2026-08-17T09:53:02.756000+00:00,,,,,,,,,,,,,,,,,,,,,,,,,,,,,,,,,1.003838535287879,0.4919889056927944,0.0,0.4843667970781561,0.17806096313106523,147.47314344609433,33.4538661434313,63.54326685339624,11.116048162965452,4.250673523273382,15791.808896960121,310.3443223433331,828.5180950636125,105.85260819561495
behavior_window,continuous,dba80c84-68fd-45b2-ba28-10f10075b239,05bc7ce0-dbdf-4bb8-babe-c66084786cd0,2026-08-17T09:53:02.756000+00:00,window_aggregate,,,,,,,,,,2026-08-15T00:53:01.217000+00:00,2026-08-15T00:53:31.217000+00:00,,,,,,,,,,,,,,,,,,,,,,,,,,,,,,2026-08-17T09:53:02.756000+00:00,,,,,,,,,,,,,,,,,,,,,,,,,,,,,,,,,1.2946767491372677,0.39297548186395126,9.0,0.43224334725906777,0.15777378511358064,80.11200341630469,30.15064687671054,100.63135726995387,13.120222734493154,4.485053088170482,39744.159723954996,475.22992319988964,1405.1393388764545,306.8211082292036
behavior_window,continuous,dba80c84-68fd-45b2-ba28-10f10075b239,05bc7ce0-dbdf-4bb8-babe-c66084786cd0,2026-08-17T09:53:02.756000+00:00,window_aggregate,,,,,,,,,,2026-08-15T00:53:01.217000+00:00,2026-08-15T00:53:31.217000+00:00,,,,,,,,,,,,,,,,,,,,,,,,,,,,,,2026-08-17T09:53:02.756000+00:00,,,,,,,,,,,,,,,,,,,,,,,,,,,,,,,,,1.2946767491372677,0.39297548186395126,9.0,0.43224334725906777,0.15777378511358064,80.11200341630469,30.15064687671054,100.63135726995387,13.120222734493154,4.485053088170482,39744.159723954996,475.22992319988964,1405.1393388764545,306.8211082292036
behavior_window,continuous,dba80c84-68fd-45b2-ba28-10f10075b239,05bc7ce0-dbdf-4bb8-babe-c66084786cd0,2026-08-17T09:53:02.756000+00:00,window_aggregate,,,,,,,,,,2026-08-15T00:53:01.217000+00:00,2026-08-15T00:53:31.217000+00:00,,,,,,,,,,,,,,,,,,,,,,,,,,,,,,2026-08-17T09:53:02.756000+00:00,,,,,,,,,,,,,,,,,,,,,,,,,,,,,,,,,1.2946767491372677,0.39297548186395126,9.0,0.43224334725906777,0.15777378511358064,80.11200341630469,30.15064687671054,100.63135726995387,13.120222734493154,4.485053088170482,39744.159723954996,475.22992319988964,1405.1393388764545,306.8211082292036
behavior_window,continuous,dba80c84-68fd-45b2-ba28-10f10075b239,15fa92b6-bb21-469b-8ebe-486f21886538,2026-08-17T09:53:02.755000+00:00,window_aggregate,,,,,,,,,,2026-08-16T10:53:01.217000+00:00,2026-08-16T10:53:31.217000+00:00,,,,,,,,,,,,,,,,,,,,,,,,,,,,,,2026-08-17T09:53:02.755000+00:00,,,,,,,,,,,,,,,,,,,,,,,,,,,,,,,,,1.9878682152647607,0.9029125348874102,9.0,0.14923975293793706,0.07021652581162031,133.39162158438657,37.57086694601283,114.74764415034143,24.31955994739685,4.305623391538066,33767.89919738971,444.8237953209983,1013.1032695385795,325.2985946648729
behavior_window,continuous,dba80c84-68fd-45b2-ba28-10f10075b239,15fa92b6-bb21-469b-8ebe-486f21886538,2026-08-17T09:53:02.755000+00:00,window_aggregate,,,,,,,,,,2026-08-16T10:53:01.217000+00:00,2026-08-16T10:53:31.217000+00:00,,,,,,,,,,,,,,,,,,,,,,,,,,,,,,2026-08-17T09:53:02.755000+00:00,,,,,,,,,,,,,,,,,,,,,,,,,,,,,,,,,1.9878682152647607,0.9029125348874102,9.0,0.14923975293793706,0.07021652581162031,133.39162158438657,37.57086694601283,114.74764415034143,24.31955994739685,4.305623391538066,33767.89919738971,444.8237953209983,1013.1032695385795,325.2985946648729
behavior_window,continuous,dba80c84-68fd-45b2-ba28-10f10075b239,15fa92b6-bb21-469b-8ebe-486f21886538,2026-08-17T09:53:02.755000+00:00,window_aggregate,,,,,,,,,,2026-08-16T10:53:01.217000+00:00,2026-08-16T10:53:31.217000+00:00,,,,,,,,,,,,,,,,,,,,,,,,,,,,,,2026-08-17T09:53:02.755000+00:00,,,,,,,,,,,,,,,,,,,,,,,,,,,,,,,,,1.9878682152647607,0.9029125348874102,9.0,0.14923975293793706,0.07021652581162031,133.39162158438657,37.57086694601283,114.74764415034143,24.31955994739685,4.305623391538066,33767.89919738971,444.8237953209983,1013.1032695385795,325.2985946648729
behavior_window,continuous,dba80c84-68fd-45b2-ba28-10f10075b239,27cc7537-a40e-47c3-a98f-89dbe78e8cb9,2026-08-17T09:53:02.756000+00:00,window_aggregate,,,,,,,,,,2026-08-14T17:53:01.217000+00:00,2026-08-14T17:53:31.217000+00:00,,,,,,,,,,,,,,,,,,,,,,,,,,,,,,2026-08-17T09:53:02.756000+00:00,,,,,,,,,,,,,,,,,,,,,,,,,,,,,,,,,0.7501741007233413,0.19275780305647117,3.0,0.4343258005586115,0.08017139736688,127.10568912416628,31.970952018815535,108.69398601792781,25.711825618230932,5.124382987747909,29154.223617043637,321.4249681587681,1089.8352169237705,432.86271747127716
behavior_window,continuous,dba80c84-68fd-45b2-ba28-10f10075b239,27cc7537-a40e-47c3-a98f-89dbe78e8cb9,2026-08-17T09:53:02.756000+00:00,window_aggregate,,,,,,,,,,2026-08-14T17:53:01.217000+00:00,2026-08-14T17:53:31.217000+00:00,,,,,,,,,,,,,,,,,,,,,,,,,,,,,,2026-08-17T09:53:02.756000+00:00,,,,,,,,,,,,,,,,,,,,,,,,,,,,,,,,,0.7501741007233413,0.19275780305647117,3.0,0.4343258005586115,0.08017139736688,127.10568912416628,31.970952018815535,108.69398601792781,25.711825618230932,5.124382987747909,29154.223617043637,321.4249681587681,1089.8352169237705,432.86271747127716
behavior_window,continuous,dba80c84-68fd-45b2-ba28-10f10075b239,27cc7537-a40e-47c3-a98f-89dbe78e8cb9,2026-08-17T09:53:02.756000+00:00,window_aggregate,,,,,,,,,,2026-08-14T17:53:01.217000+00:00,2026-08-14T17:53:31.217000+00:00,,,,,,,,,,,,,,,,,,,,,,,,,,,,,,2026-08-17T09:53:02.756000+00:00,,,,,,,,,,,,,,,,,,,,,,,,,,,,,,,,,0.7501741007233413,0.19275780305647117,3.0,0.4343258005586115,0.08017139736688,127.10568912416628,31.970952018815535,108.69398601792781,25.711825618230932,5.124382987747909,29154.223617043637,321.4249681587681,1089.8352169237705,432.86271747127716
behavior_window,continuous,dba80c84-68fd-45b2-ba28-10f10075b239,d840a02c-5fc4-4737-90f0-cd5b47cac023,2026-08-17T09:53:02.756000+00:00,window_aggregate,,,,,,,,,,2026-08-17T07:53:01.217000+00:00,2026-08-17T07:53:31.217000+00:00,,,,,,,,,,,,,,,,,,,,,,,,,,,,,,2026-08-17T09:53:02.756000+00:00,,,,,,,,,,,,,,,,,,,,,,,,,,,,,,,,,0.684072642030278,0.9360737044651783,9.0,0.32588296120449356,0.16697694846167602,111.79599683455116,33.38209253531464,57.01973100612423,9.400127526210978,4.867045246597325,26111.61031588147,298.8896507289437,1453.5765807537455,301.6001103405707
behavior_window,continuous,dba80c84-68fd-45b2-ba28-10f10075b239,d840a02c-5fc4-4737-90f0-cd5b47cac023,2026-08-17T09:53:02.756000+00:00,window_aggregate,,,,,,,,,,2026-08-17T07:53:01.217000+00:00,2026-08-17T07:53:31.217000+00:00,,,,,,,,,,,,,,,,,,,,,,,,,,,,,,2026-08-17T09:53:02.756000+00:00,,,,,,,,,,,,,,,,,,,,,,,,,,,,,,,,,0.684072642030278,0.9360737044651783,9.0,0.32588296120449356,0.16697694846167602,111.79599683455116,33.38209253531464,57.01973100612423,9.400127526210978,4.867045246597325,26111.61031588147,298.8896507289437,1453.5765807537455,301.6001103405707
behavior_window,continuous,dba80c84-68fd-45b2-ba28-10f10075b239,d840a02c-5fc4-4737-90f0-cd5b47cac023,2026-08-17T09:53:02.756000+00:00,window_aggregate,,,,,,,,,,2026-08-17T07:53:01.217000+00:00,2026-08-17T07:53:31.217000+00:00,,,,,,,,,,,,,,,,,,,,,,,,,,,,,,2026-08-17T09:53:02.756000+00:00,,,,,,,,,,,,,,,,,,,,,,,,,,,,,,,,,0.684072642030278,0.9360737044651783,9.0,0.32588296120449356,0.16697694846167602,111.79599683455116,33.38209253531464,57.01973100612423,9.400127526210978,4.867045246597325,26111.61031588147,298.8896507289437,1453.5765807537455,301.6001103405707
behavior_window,continuous,dba80c84-68fd-45b2-ba28-10f10075b239,8ba454a9-5ea9-4382-b9d1-d3842fef3cab,2026-08-17T09:53:02.755000+00:00,window_aggregate,,,,,,,,,,2026-08-17T05:53:01.217000+00:00,2026-08-17T05:53:31.217000+00:00,,,,,,,,,,,,,,,,,,,,,,,,,,,,,,2026-08-17T09:53:02.755000+00:00,,,,,,,,,,,,,,,,,,,,,,,,,,,,,,,,,0.674812833407836,0.9576352741091151,3.0,0.2748018975961325,0.05847326424423495,82.08957848615752,37.63637584775846,51.606003740767996,12.424497295498059,5.536876603457925,47540.586312704385,293.861170365333,986.1789699426804,430.91228024586286
behavior_window,continuous,dba80c84-68fd-45b2-ba28-10f10075b239,8ba454a9-5ea9-4382-b9d1-d3842fef3cab,2026-08-17T09:53:02.755000+00:00,window_aggregate,,,,,,,,,,2026-08-17T05:53:01.217000+00:00,2026-08-17T05:53:31.217000+00:00,,,,,,,,,,,,,,,,,,,,,,,,,,,,,,2026-08-17T09:53:02.755000+00:00,,,,,,,,,,,,,,,,,,,,,,,,,,,,,,,,,0.674812833407836,0.9576352741091151,3.0,0.2748018975961325,0.05847326424423495,82.08957848615752,37.63637584775846,51.606003740767996,12.424497295498059,5.536876603457925,47540.586312704385,293.861170365333,986.1789699426804,430.91228024586286
behavior_window,continuous,dba80c84-68fd-45b2-ba28-10f10075b239,8ba454a9-5ea9-4382-b9d1-d3842fef3cab,2026-08-17T09:53:02.755000+00:00,window_aggregate,,,,,,,,,,2026-08-17T05:53:01.217000+00:00,2026-08-17T05:53:31.217000+00:00,,,,,,,,,,,,,,,,,,,,,,,,,,,,,,2026-08-17T09:53:02.755000+00:00,,,,,,,,,,,,,,,,,,,,,,,,,,,,,,,,,0.674812833407836,0.9576352741091151,3.0,0.2748018975961325,0.05847326424423495,82.08957848615752,37.63637584775846,51.606003740767996,12.424497295498059,5.536876603457925,47540.586312704385,293.861170365333,986.1789699426804,430.91228024586286
behavior_window,continuous,dba80c84-68fd-45b2-ba28-10f10075b239,15fa92b6-bb21-469b-8ebe-486f21886538,2026-08-17T09:53:02.755000+00:00,window_aggregate,,,,,,,,,,2026-08-15T09:53:01.217000+00:00,2026-08-15T09:53:31.217000+00:00,,,,,,,,,,,,,,,,,,,,,,,,,,,,,,2026-08-17T09:53:02.755000+00:00,,,,,,,,,,,,,,,,,,,,,,,,,,,,,,,,,2.532648701714023,0.9556948925192505,5.0,0.2871115512176401,0.060585645630870356,98.81526437866071,36.68993051002738,105.52816557812605,6.20110052429514,4.422846005052649,25296.21750484036,454.0636725540775,779.6297509575807,430.05641066269357
behavior_window,continuous,dba80c84-68fd-45b2-ba28-10f10075b239,15fa92b6-bb21-469b-8ebe-486f21886538,2026-08-17T09:53:02.755000+00:00,window_aggregate,,,,,,,,,,2026-08-15T09:53:01.217000+00:00,2026-08-15T09:53:31.217000+00:00,,,,,,,,,,,,,,,,,,,,,,,,,,,,,,2026-08-17T09:53:02.755000+00:00,,,,,,,,,,,,,,,,,,,,,,,,,,,,,,,,,2.532648701714023,0.9556948925192505,5.0,0.2871115512176401,0.060585645630870356,98.81526437866071,36.68993051002738,105.52816557812605,6.20110052429514,4.422846005052649,25296.21750484036,454.0636725540775,779.6297509575807,430.05641066269357
behavior_window,continuous,dba80c84-68fd-45b2-ba28-10f10075b239,15fa92b6-bb21-469b-8ebe-486f21886538,2026-08-17T09:53:02.755000+00:00,window_aggregate,,,,,,,,,,2026-08-15T09:53:01.217000+00:00,2026-08-15T09:53:31.217000+00:00,,,,,,,,,,,,,,,,,,,,,,,,,,,,,,2026-08-17T09:53:02.755000+00:00,,,,,,,,,,,,,,,,,,,,,,,,,,,,,,,,,2.532648701714023,0.9556948925192505,5.0,0.2871115512176401,0.060585645630870356,98.81526437866071,36.68993051002738,105.52816557812605,6.20110052429514,4.422846005052649,25296.21750484036,454.0636725540775,779.6297509575807,430.05641066269357
behavior_window,continuous,dba80c84-68fd-45b2-ba28-10f10075b239,15fa92b6-bb21-469b-8ebe-486f21886538,2026-08-17T09:53:02.755000+00:00,window_aggregate,,,,,,,,,,2026-08-14T21:53:01.217000+00:00,2026-08-14T21:53:31.217000+00:00,,,,,,,,,,,,,,,,,,,,,,,,,,,,,,2026-08-17T09:53:02.755000+00:00,,,,,,,,,,,,,,,,,,,,,,,,,,,,,,,,,1.042550569292803,0.4568492082968165,8.0,0.19169597236173086,0.06812222886311553,98.92195273706722,22.645259182257455,76.34272059752918,15.52814330438796,5.159159376635469,31719.483522634047,472.1378508507366,934.9062597040974,359.2676187728938
behavior_window,continuous,dba80c84-68fd-45b2-ba28-10f10075b239,15fa92b6-bb21-469b-8ebe-486f21886538,2026-08-17T09:53:02.755000+00:00,window_aggregate,,,,,,,,,,2026-08-14T21:53:01.217000+00:00,2026-08-14T21:53:31.217000+00:00,,,,,,,,,,,,,,,,,,,,,,,,,,,,,,2026-08-17T09:53:02.755000+00:00,,,,,,,,,,,,,,,,,,,,,,,,,,,,,,,,,1.042550569292803,0.4568492082968165,8.0,0.19169597236173086,0.06812222886311553,98.92195273706722,22.645259182257455,76.34272059752918,15.52814330438796,5.159159376635469,31719.483522634047,472.1378508507366,934.9062597040974,359.2676187728938
behavior_window,continuous,dba80c84-68fd-45b2-ba28-10f10075b239,15fa92b6-bb21-469b-8ebe-486f21886538,2026-08-17T09:53:02.755000+00:00,window_aggregate,,,,,,,,,,2026-08-14T21:53:01.217000+00:00,2026-08-14T21:53:31.217000+00:00,,,,,,,,,,,,,,,,,,,,,,,,,,,,,,2026-08-17T09:53:02.755000+00:00,,,,,,,,,,,,,,,,,,,,,,,,,,,,,,,,,1.042550569292803,0.4568492082968165,8.0,0.19169597236173086,0.06812222886311553,98.92195273706722,22.645259182257455,76.34272059752918,15.52814330438796,5.159159376635469,31719.483522634047,472.1378508507366,934.9062597040974,359.2676187728938
behavior_window,continuous,dba80c84-68fd-45b2-ba28-10f10075b239,27cc7537-a40e-47c3-a98f-89dbe78e8cb9,2026-08-17T09:53:02.755000+00:00,window_aggregate,,,,,,,,,,2026-08-17T02:53:01.217000+00:00,2026-08-17T02:53:31.217000+00:00,,,,,,,,,,,,,,,,,,,,,,,,,,,,,,2026-08-17T09:53:02.755000+00:00,,,,,,,,,,,,,,,,,,,,,,,,,,,,,,,,,1.9349310499622314,0.7208495627746162,0.0,0.16892200351065972,0.058622234022842085,118.6622740208826,13.179302252511805,107.93065098259356,14.091312568622085,3.046192196621912,10784.043156642256,487.6965639508993,1042.753796187103,404.4996959731558
behavior_window,continuous,dba80c84-68fd-45b2-ba28-10f10075b239,27cc7537-a40e-47c3-a98f-89dbe78e8cb9,2026-08-17T09:53:02.755000+00:00,window_aggregate,,,,,,,,,,2026-08-17T02:53:01.217000+00:00,2026-08-17T02:53:31.217000+00:00,,,,,,,,,,,,,,,,,,,,,,,,,,,,,,2026-08-17T09:53:02.755000+00:00,,,,,,,,,,,,,,,,,,,,,,,,,,,,,,,,,1.9349310499622314,0.7208495627746162,0.0,0.16892200351065972,0.058622234022842085,118.6622740208826,13.179302252511805,107.93065098259356,14.091312568622085,3.046192196621912,10784.043156642256,487.6965639508993,1042.753796187103,404.4996959731558
behavior_window,continuous,dba80c84-68fd-45b2-ba28-10f10075b239,27cc7537-a40e-47c3-a98f-89dbe78e8cb9,2026-08-17T09:53:02.755000+00:00,window_aggregate,,,,,,,,,,2026-08-17T02:53:01.217000+00:00,2026-08-17T02:53:31.217000+00:00,,,,,,,,,,,,,,,,,,,,,,,,,,,,,,2026-08-17T09:53:02.755000+00:00,,,,,,,,,,,,,,,,,,,,,,,,,,,,,,,,,1.9349310499622314,0.7208495627746162,0.0,0.16892200351065972,0.058622234022842085,118.6622740208826,13.179302252511805,107.93065098259356,14.091312568622085,3.046192196621912,10784.043156642256,487.6965639508993,1042.753796187103,404.4996959731558
behavior_window,continuous,dba80c84-68fd-45b2-ba28-10f10075b239,27cc7537-a40e-47c3-a98f-89dbe78e8cb9,2026-08-17T09:53:02.756000+00:00,window_aggregate,,,,,,,,,,2026-08-14T23:53:01.217000+00:00,2026-08-14T23:53:31.217000+00:00,,,,,,,,,,,,,,,,,,,,,,,,,,,,,,2026-08-17T09:53:02.756000+00:00,,,,,,,,,,,,,,,,,,,,,,,,,,,,,,,,,2.8102098395605415,0.30226421047350704,2.0,0.32857234986114814,0.10946506623187055,106.32604184177224,26.967478501780867,59.44520792194034,28.391552887646842,5.724977592535742,29028.946798614226,181.65612389816437,721.6516426157881,232.15695255265868
behavior_window,continuous,dba80c84-68fd-45b2-ba28-10f10075b239,27cc7537-a40e-47c3-a98f-89dbe78e8cb9,2026-08-17T09:53:02.756000+00:00,window_aggregate,,,,,,,,,,2026-08-14T23:53:01.217000+00:00,2026-08-14T23:53:31.217000+00:00,,,,,,,,,,,,,,,,,,,,,,,,,,,,,,2026-08-17T09:53:02.756000+00:00,,,,,,,,,,,,,,,,,,,,,,,,,,,,,,,,,2.8102098395605415,0.30226421047350704,2.0,0.32857234986114814,0.10946506623187055,106.32604184177224,26.967478501780867,59.44520792194034,28.391552887646842,5.724977592535742,29028.946798614226,181.65612389816437,721.6516426157881,232.15695255265868
behavior_window,continuous,dba80c84-68fd-45b2-ba28-10f10075b239,27cc7537-a40e-47c3-a98f-89dbe78e8cb9,2026-08-17T09:53:02.756000+00:00,window_aggregate,,,,,,,,,,2026-08-14T23:53:01.217000+00:00,2026-08-14T23:53:31.217000+00:00,,,,,,,,,,,,,,,,,,,,,,,,,,,,,,2026-08-17T09:53:02.756000+00:00,,,,,,,,,,,,,,,,,,,,,,,,,,,,,,,,,2.8102098395605415,0.30226421047350704,2.0,0.32857234986114814,0.10946506623187055,106.32604184177224,26.967478501780867,59.44520792194034,28.391552887646842,5.724977592535742,29028.946798614226,181.65612389816437,721.6516426157881,232.15695255265868
behavior_window,continuous,dba80c84-68fd-45b2-ba28-10f10075b239,f3535aac-a602-48a9-8b38-38b3526dfb00,2026-08-31T19:03:36.144000+00:00,window_aggregate,,,,,,,,,,1970-01-01T00:00:35.387000+00:00,1970-01-01T00:01:05.646000+00:00,,,,,,,,,,,,,,,,,,,,,,,,,,,,,,2026-08-31T19:03:36.144000+00:00,,,,,,,,,,,,,,,,,,,,,,,,,,,,,,,,,-0.003993,0.221406,0.0,0.229322,0.47036,0.0,0.0,0.0,0.0,0.0,2088.03,0.0,3.0192,2.4962
behavior_window,continuous,dba80c84-68fd-45b2-ba28-10f10075b239,f3535aac-a602-48a9-8b38-38b3526dfb00,2026-08-31T19:03:36.144000+00:00,window_aggregate,,,,,,,,,,1970-01-01T00:00:35.387000+00:00,1970-01-01T00:01:05.646000+00:00,,,,,,,,,,,,,,,,,,,,,,,,,,,,,,2026-08-31T19:03:36.144000+00:00,,,,,,,,,,,,,,,,,,,,,,,,,,,,,,,,,-0.003993,0.221406,0.0,0.229322,0.47036,0.0,0.0,0.0,0.0,0.0,2088.03,0.0,3.0192,2.4962
behavior_window,continuous,dba80c84-68fd-45b2-ba28-10f10075b239,f3535aac-a602-48a9-8b38-38b3526dfb00,2026-08-31T19:03:36.144000+00:00,window_aggregate,,,,,,,,,,1970-01-01T00:00:35.387000+00:00,1970-01-01T00:01:05.646000+00:00,,,,,,,,,,,,,,,,,,,,,,,,,,,,,,2026-08-31T19:03:36.144000+00:00,,,,,,,,,,,,,,,,,,,,,,,,,,,,,,,,,-0.003993,0.221406,0.0,0.229322,0.47036,0.0,0.0,0.0,0.0,0.0,2088.03,0.0,3.0192,2.4962
behavior_window,continuous,dba80c84-68fd-45b2-ba28-10f10075b239,f3535aac-a602-48a9-8b38-38b3526dfb00,2026-08-31T19:04:35.857000+00:00,window_aggregate,,,,,,,,,,1970-01-01T00:01:35.642000+00:00,1970-01-01T00:02:05.388000+00:00,,,,,,,,,,,,,,,,,,,,,,,,,,,,,,2026-08-31T19:04:35.857000+00:00,,,,,,,,,,,,,,,,,,,,,,,,,,,,,,,,,-0.00536,0.014013,0.0,0.280169,0.659319,0.0,0.0,0.0,0.0,0.0,891.69,400.0,1.5896,1.9315
behavior_window,continuous,dba80c84-68fd-45b2-ba28-10f10075b239,f3535aac-a602-48a9-8b38-38b3526dfb00,2026-08-31T19:04:35.857000+00:00,window_aggregate,,,,,,,,,,1970-01-01T00:01:35.642000+00:00,1970-01-01T00:02:05.388000+00:00,,,,,,,,,,,,,,,,,,,,,,,,,,,,,,2026-08-31T19:04:35.857000+00:00,,,,,,,,,,,,,,,,,,,,,,,,,,,,,,,,,-0.00536,0.014013,0.0,0.280169,0.659319,0.0,0.0,0.0,0.0,0.0,891.69,400.0,1.5896,1.9315
behavior_window,continuous,dba80c84-68fd-45b2-ba28-10f10075b239,f3535aac-a602-48a9-8b38-38b3526dfb00,2026-08-31T19:04:35.857000+00:00,window_aggregate,,,,,,,,,,1970-01-01T00:01:35.642000+00:00,1970-01-01T00:02:05.388000+00:00,,,,,,,,,,,,,,,,,,,,,,,,,,,,,,2026-08-31T19:04:35.857000+00:00,,,,,,,,,,,,,,,,,,,,,,,,,,,,,,,,,-0.00536,0.014013,0.0,0.280169,0.659319,0.0,0.0,0.0,0.0,0.0,891.69,400.0,1.5896,1.9315
behavior_window,continuous,dba80c84-68fd-45b2-ba28-10f10075b239,f3535aac-a602-48a9-8b38-38b3526dfb00,2026-08-31T19:05:05.544000+00:00,window_aggregate,,,,,,,,,,1970-01-01T00:02:05.388000+00:00,1970-01-01T00:02:35.393000+00:00,,,,,,,,,,,,,,,,,,,,,,,,,,,,,,2026-08-31T19:05:05.544000+00:00,,,,,,,,,,,,,,,,,,,,,,,,,,,,,,,,,0.0,0.0,0.0,0.0,0.0,0.0,0.0,0.0,0.0,0.0,0.0,3028.0,0.0,0.0
behavior_window,continuous,dba80c84-68fd-45b2-ba28-10f10075b239,f3535aac-a602-48a9-8b38-38b3526dfb00,2026-08-31T19:05:05.544000+00:00,window_aggregate,,,,,,,,,,1970-01-01T00:02:05.388000+00:00,1970-01-01T00:02:35.393000+00:00,,,,,,,,,,,,,,,,,,,,,,,,,,,,,,2026-08-31T19:05:05.544000+00:00,,,,,,,,,,,,,,,,,,,,,,,,,,,,,,,,,0.0,0.0,0.0,0.0,0.0,0.0,0.0,0.0,0.0,0.0,0.0,3028.0,0.0,0.0
behavior_window,continuous,dba80c84-68fd-45b2-ba28-10f10075b239,f3535aac-a602-48a9-8b38-38b3526dfb00,2026-08-31T19:05:05.544000+00:00,window_aggregate,,,,,,,,,,1970-01-01T00:02:05.388000+00:00,1970-01-01T00:02:35.393000+00:00,,,,,,,,,,,,,,,,,,,,,,,,,,,,,,2026-08-31T19:05:05.544000+00:00,,,,,,,,,,,,,,,,,,,,,,,,,,,,,,,,,0.0,0.0,0.0,0.0,0.0,0.0,0.0,0.0,0.0,0.0,0.0,3028.0,0.0,0.0
behavior_window,continuous,dba80c84-68fd-45b2-ba28-10f10075b239,f3535aac-a602-48a9-8b38-38b3526dfb00,2026-08-31T19:09:05.561000+00:00,window_aggregate,,,,,,,,,,1970-01-01T00:06:05.391000+00:00,1970-01-01T00:06:35.394000+00:00,,,,,,,,,,,,,,,,,,,,,,,,,,,,,,2026-08-31T19:09:05.561000+00:00,,,,,,,,,,,,,,,,,,,,,,,,,,,,,,,,,-0.002035,0.013405,0.0,0.214911,0.274257,0.0,0.0,0.0,0.0,0.0,320.89,0.0,0.9412,1.5023
behavior_window,continuous,dba80c84-68fd-45b2-ba28-10f10075b239,f3535aac-a602-48a9-8b38-38b3526dfb00,2026-08-31T19:09:05.561000+00:00,window_aggregate,,,,,,,,,,1970-01-01T00:06:05.391000+00:00,1970-01-01T00:06:35.394000+00:00,,,,,,,,,,,,,,,,,,,,,,,,,,,,,,2026-08-31T19:09:05.561000+00:00,,,,,,,,,,,,,,,,,,,,,,,,,,,,,,,,,-0.002035,0.013405,0.0,0.214911,0.274257,0.0,0.0,0.0,0.0,0.0,320.89,0.0,0.9412,1.5023
behavior_window,continuous,dba80c84-68fd-45b2-ba28-10f10075b239,f3535aac-a602-48a9-8b38-38b3526dfb00,2026-08-31T19:09:05.561000+00:00,window_aggregate,,,,,,,,,,1970-01-01T00:06:05.391000+00:00,1970-01-01T00:06:35.394000+00:00,,,,,,,,,,,,,,,,,,,,,,,,,,,,,,2026-08-31T19:09:05.561000+00:00,,,,,,,,,,,,,,,,,,,,,,,,,,,,,,,,,-0.002035,0.013405,0.0,0.214911,0.274257,0.0,0.0,0.0,0.0,0.0,320.89,0.0,0.9412,1.5023
behavior_window,continuous,dba80c84-68fd-45b2-ba28-10f10075b239,f3535aac-a602-48a9-8b38-38b3526dfb00,2026-08-31T19:09:35.562000+00:00,window_aggregate,,,,,,,,,,1970-01-01T00:06:35.394000+00:00,1970-01-01T00:07:05.399000+00:00,,,,,,,,,,,,,,,,,,,,,,,,,,,,,,2026-08-31T19:09:35.562000+00:00,,,,,,,,,,,,,,,,,,,,,,,,,,,,,,,,,-0.001844,0.011494,3.0,0.269492,0.472297,0.0,0.0,0.0,0.0,0.0,1667.96,1908.0,0.4809,1.0307
behavior_window,continuous,dba80c84-68fd-45b2-ba28-10f10075b239,f3535aac-a602-48a9-8b38-38b3526dfb00,2026-08-31T19:09:35.562000+00:00,window_aggregate,,,,,,,,,,1970-01-01T00:06:35.394000+00:00,1970-01-01T00:07:05.399000+00:00,,,,,,,,,,,,,,,,,,,,,,,,,,,,,,2026-08-31T19:09:35.562000+00:00,,,,,,,,,,,,,,,,,,,,,,,,,,,,,,,,,-0.001844,0.011494,3.0,0.269492,0.472297,0.0,0.0,0.0,0.0,0.0,1667.96,1908.0,0.4809,1.0307
behavior_window,continuous,dba80c84-68fd-45b2-ba28-10f10075b239,f3535aac-a602-48a9-8b38-38b3526dfb00,2026-08-31T19:09:35.562000+00:00,window_aggregate,,,,,,,,,,1970-01-01T00:06:35.394000+00:00,1970-01-01T00:07:05.399000+00:00,,,,,,,,,,,,,,,,,,,,,,,,,,,,,,2026-08-31T19:09:35.562000+00:00,,,,,,,,,,,,,,,,,,,,,,,,,,,,,,,,,-0.001844,0.011494,3.0,0.269492,0.472297,0.0,0.0,0.0,0.0,0.0,1667.96,1908.0,0.4809,1.0307
behavior_window,continuous,dba80c84-68fd-45b2-ba28-10f10075b239,f3535aac-a602-48a9-8b38-38b3526dfb00,2026-08-31T19:10:05.870000+00:00,window_aggregate,,,,,,,,,,1970-01-01T00:07:05.399000+00:00,1970-01-01T00:07:35.395000+00:00,,,,,,,,,,,,,,,,,,,,,,,,,,,,,,2026-08-31T19:10:05.870000+00:00,,,,,,,,,,,,,,,,,,,,,,,,,,,,,,,,,-0.002807,0.023609,1.0,0.386926,0.680943,0.0,0.0,0.0,0.0,0.0,1392.55,1570.0,0.9732,1.0514
behavior_window,continuous,dba80c84-68fd-45b2-ba28-10f10075b239,f3535aac-a602-48a9-8b38-38b3526dfb00,2026-08-31T19:10:05.870000+00:00,window_aggregate,,,,,,,,,,1970-01-01T00:07:05.399000+00:00,1970-01-01T00:07:35.395000+00:00,,,,,,,,,,,,,,,,,,,,,,,,,,,,,,2026-08-31T19:10:05.870000+00:00,,,,,,,,,,,,,,,,,,,,,,,,,,,,,,,,,-0.002807,0.023609,1.0,0.386926,0.680943,0.0,0.0,0.0,0.0,0.0,1392.55,1570.0,0.9732,1.0514
behavior_window,continuous,dba80c84-68fd-45b2-ba28-10f10075b239,f3535aac-a602-48a9-8b38-38b3526dfb00,2026-08-31T19:10:05.870000+00:00,window_aggregate,,,,,,,,,,1970-01-01T00:07:05.399000+00:00,1970-01-01T00:07:35.395000+00:00,,,,,,,,,,,,,,,,,,,,,,,,,,,,,,2026-08-31T19:10:05.870000+00:00,,,,,,,,,,,,,,,,,,,,,,,,,,,,,,,,,-0.002807,0.023609,1.0,0.386926,0.680943,0.0,0.0,0.0,0.0,0.0,1392.55,1570.0,0.9732,1.0514
behavior_window,continuous,dba80c84-68fd-45b2-ba28-10f10075b239,f3535aac-a602-48a9-8b38-38b3526dfb00,2026-08-31T19:11:06.104000+00:00,window_aggregate,,,,,,,,,,1970-01-01T00:08:05.389000+00:00,1970-01-01T00:08:35.638000+00:00,,,,,,,,,,,,,,,,,,,,,,,,,,,,,,2026-08-31T19:11:06.104000+00:00,,,,,,,,,,,,,,,,,,,,,,,,,,,,,,,,,0.0,0.0,0.0,0.0,0.0,0.0,0.0,0.0,0.0,0.0,82.2,0.0,0.0,0.0
behavior_window,continuous,dba80c84-68fd-45b2-ba28-10f10075b239,f3535aac-a602-48a9-8b38-38b3526dfb00,2026-08-31T19:11:06.104000+00:00,window_aggregate,,,,,,,,,,1970-01-01T00:08:05.389000+00:00,1970-01-01T00:08:35.638000+00:00,,,,,,,,,,,,,,,,,,,,,,,,,,,,,,2026-08-31T19:11:06.104000+00:00,,,,,,,,,,,,,,,,,,,,,,,,,,,,,,,,,0.0,0.0,0.0,0.0,0.0,0.0,0.0,0.0,0.0,0.0,82.2,0.0,0.0,0.0
behavior_window,continuous,dba80c84-68fd-45b2-ba28-10f10075b239,f3535aac-a602-48a9-8b38-38b3526dfb00,2026-08-31T19:11:06.104000+00:00,window_aggregate,,,,,,,,,,1970-01-01T00:08:05.389000+00:00,1970-01-01T00:08:35.638000+00:00,,,,,,,,,,,,,,,,,,,,,,,,,,,,,,2026-08-31T19:11:06.104000+00:00,,,,,,,,,,,,,,,,,,,,,,,,,,,,,,,,,0.0,0.0,0.0,0.0,0.0,0.0,0.0,0.0,0.0,0.0,82.2,0.0,0.0,0.0
behavior_window,continuous,dba80c84-68fd-45b2-ba28-10f10075b239,f3535aac-a602-48a9-8b38-38b3526dfb00,2026-08-31T19:11:35.814000+00:00,window_aggregate,,,,,,,,,,1970-01-01T00:08:35.638000+00:00,1970-01-01T00:09:05.651000+00:00,,,,,,,,,,,,,,,,,,,,,,,,,,,,,,2026-08-31T19:11:35.814000+00:00,,,,,,,,,,,,,,,,,,,,,,,,,,,,,,,,,-0.008827,0.040042,0.0,0.352405,0.712027,0.0,0.0,0.0,0.0,0.0,879.95,0.0,2.7343,2.4488
behavior_window,continuous,dba80c84-68fd-45b2-ba28-10f10075b239,f3535aac-a602-48a9-8b38-38b3526dfb00,2026-08-31T19:11:35.814000+00:00,window_aggregate,,,,,,,,,,1970-01-01T00:08:35.638000+00:00,1970-01-01T00:09:05.651000+00:00,,,,,,,,,,,,,,,,,,,,,,,,,,,,,,2026-08-31T19:11:35.814000+00:00,,,,,,,,,,,,,,,,,,,,,,,,,,,,,,,,,-0.008827,0.040042,0.0,0.352405,0.712027,0.0,0.0,0.0,0.0,0.0,879.95,0.0,2.7343,2.4488
behavior_window,continuous,dba80c84-68fd-45b2-ba28-10f10075b239,f3535aac-a602-48a9-8b38-38b3526dfb00,2026-08-31T19:11:35.814000+00:00,window_aggregate,,,,,,,,,,1970-01-01T00:08:35.638000+00:00,1970-01-01T00:09:05.651000+00:00,,,,,,,,,,,,,,,,,,,,,,,,,,,,,,2026-08-31T19:11:35.814000+00:00,,,,,,,,,,,,,,,,,,,,,,,,,,,,,,,,,-0.008827,0.040042,0.0,0.352405,0.712027,0.0,0.0,0.0,0.0,0.0,879.95,0.0,2.7343,2.4488
behavior_window,continuous,dba80c84-68fd-45b2-ba28-10f10075b239,f3535aac-a602-48a9-8b38-38b3526dfb00,2026-08-31T19:13:35.541000+00:00,window_aggregate,,,,,,,,,,1970-01-01T00:10:48.653000+00:00,1970-01-01T00:11:05.388000+00:00,,,,,,,,,,,,,,,,,,,,,,,,,,,,,,2026-08-31T19:13:35.541000+00:00,,,,,,,,,,,,,,,,,,,,,,,,,,,,,,,,,-0.002785,0.033185,1.0,0.164245,0.19515,0.0,0.0,0.0,0.0,0.0,421.86,0.0,0.74,1.08
behavior_window,continuous,dba80c84-68fd-45b2-ba28-10f10075b239,f3535aac-a602-48a9-8b38-38b3526dfb00,2026-08-31T19:13:35.541000+00:00,window_aggregate,,,,,,,,,,1970-01-01T00:10:48.653000+00:00,1970-01-01T00:11:05.388000+00:00,,,,,,,,,,,,,,,,,,,,,,,,,,,,,,2026-08-31T19:13:35.541000+00:00,,,,,,,,,,,,,,,,,,,,,,,,,,,,,,,,,-0.002785,0.033185,1.0,0.164245,0.19515,0.0,0.0,0.0,0.0,0.0,421.86,0.0,0.74,1.08
behavior_window,continuous,dba80c84-68fd-45b2-ba28-10f10075b239,f3535aac-a602-48a9-8b38-38b3526dfb00,2026-08-31T19:13:35.541000+00:00,window_aggregate,,,,,,,,,,1970-01-01T00:10:48.653000+00:00,1970-01-01T00:11:05.388000+00:00,,,,,,,,,,,,,,,,,,,,,,,,,,,,,,2026-08-31T19:13:35.541000+00:00,,,,,,,,,,,,,,,,,,,,,,,,,,,,,,,,,-0.002785,0.033185,1.0,0.164245,0.19515,0.0,0.0,0.0,0.0,0.0,421.86,0.0,0.74,1.08
behavior_window,continuous,dba80c84-68fd-45b2-ba28-10f10075b239,f3535aac-a602-48a9-8b38-38b3526dfb00,2026-08-31T19:14:05.559000+00:00,window_aggregate,,,,,,,,,,1970-01-01T00:11:05.388000+00:00,1970-01-01T00:11:35.401000+00:00,,,,,,,,,,,,,,,,,,,,,,,,,,,,,,2026-08-31T19:14:05.559000+00:00,,,,,,,,,,,,,,,,,,,,,,,,,,,,,,,,,-0.00221,0.032148,5.0,0.329931,0.494526,0.0,0.0,0.0,0.0,0.0,5727.75,2867.0,1.0818,1.5097
behavior_window,continuous,dba80c84-68fd-45b2-ba28-10f10075b239,f3535aac-a602-48a9-8b38-38b3526dfb00,2026-08-31T19:14:05.559000+00:00,window_aggregate,,,,,,,,,,1970-01-01T00:11:05.388000+00:00,1970-01-01T00:11:35.401000+00:00,,,,,,,,,,,,,,,,,,,,,,,,,,,,,,2026-08-31T19:14:05.559000+00:00,,,,,,,,,,,,,,,,,,,,,,,,,,,,,,,,,-0.00221,0.032148,5.0,0.329931,0.494526,0.0,0.0,0.0,0.0,0.0,5727.75,2867.0,1.0818,1.5097
behavior_window,continuous,dba80c84-68fd-45b2-ba28-10f10075b239,f3535aac-a602-48a9-8b38-38b3526dfb00,2026-08-31T19:14:05.559000+00:00,window_aggregate,,,,,,,,,,1970-01-01T00:11:05.388000+00:00,1970-01-01T00:11:35.401000+00:00,,,,,,,,,,,,,,,,,,,,,,,,,,,,,,2026-08-31T19:14:05.559000+00:00,,,,,,,,,,,,,,,,,,,,,,,,,,,,,,,,,-0.00221,0.032148,5.0,0.329931,0.494526,0.0,0.0,0.0,0.0,0.0,5727.75,2867.0,1.0818,1.5097
behavior_window,continuous,dba80c84-68fd-45b2-ba28-10f10075b239,f3535aac-a602-48a9-8b38-38b3526dfb00,2026-08-31T19:14:35.795000+00:00,window_aggregate,,,,,,,,,,1970-01-01T00:11:35.401000+00:00,1970-01-01T00:12:05.645000+00:00,,,,,,,,,,,,,,,,,,,,,,,,,,,,,,2026-08-31T19:14:35.795000+00:00,,,,,,,,,,,,,,,,,,,,,,,,,,,,,,,,,-0.004529,0.025294,5.0,0.388505,0.606135,187.5,239.59,532.3,423.5,0.26,3143.32,3771.0,1.102,1.3801
behavior_window,continuous,dba80c84-68fd-45b2-ba28-10f10075b239,f3535aac-a602-48a9-8b38-38b3526dfb00,2026-08-31T19:14:35.795000+00:00,window_aggregate,,,,,,,,,,1970-01-01T00:11:35.401000+00:00,1970-01-01T00:12:05.645000+00:00,,,,,,,,,,,,,,,,,,,,,,,,,,,,,,2026-08-31T19:14:35.795000+00:00,,,,,,,,,,,,,,,,,,,,,,,,,,,,,,,,,-0.004529,0.025294,5.0,0.388505,0.606135,187.5,239.59,532.3,423.5,0.26,3143.32,3771.0,1.102,1.3801
behavior_window,continuous,dba80c84-68fd-45b2-ba28-10f10075b239,f3535aac-a602-48a9-8b38-38b3526dfb00,2026-08-31T19:14:35.795000+00:00,window_aggregate,,,,,,,,,,1970-01-01T00:11:35.401000+00:00,1970-01-01T00:12:05.645000+00:00,,,,,,,,,,,,,,,,,,,,,,,,,,,,,,2026-08-31T19:14:35.795000+00:00,,,,,,,,,,,,,,,,,,,,,,,,,,,,,,,,,-0.004529,0.025294,5.0,0.388505,0.606135,187.5,239.59,532.3,423.5,0.26,3143.32,3771.0,1.102,1.3801
behavior_window,continuous,dba80c84-68fd-45b2-ba28-10f10075b239,f3535aac-a602-48a9-8b38-38b3526dfb00,2026-08-31T19:15:05.799000+00:00,window_aggregate,,,,,,,,,,1970-01-01T00:12:05.645000+00:00,1970-01-01T00:12:35.642000+00:00,,,,,,,,,,,,,,,,,,,,,,,,,,,,,,2026-08-31T19:15:05.799000+00:00,,,,,,,,,,,,,,,,,,,,,,,,,,,,,,,,,-0.002254,0.018092,7.0,0.3338,0.580577,0.0,0.0,0.0,0.0,0.0,2733.01,2408.0,0.7832,1.0685
behavior_window,continuous,dba80c84-68fd-45b2-ba28-10f10075b239,f3535aac-a602-48a9-8b38-38b3526dfb00,2026-08-31T19:15:05.799000+00:00,window_aggregate,,,,,,,,,,1970-01-01T00:12:05.645000+00:00,1970-01-01T00:12:35.642000+00:00,,,,,,,,,,,,,,,,,,,,,,,,,,,,,,2026-08-31T19:15:05.799000+00:00,,,,,,,,,,,,,,,,,,,,,,,,,,,,,,,,,-0.002254,0.018092,7.0,0.3338,0.580577,0.0,0.0,0.0,0.0,0.0,2733.01,2408.0,0.7832,1.0685
behavior_window,continuous,dba80c84-68fd-45b2-ba28-10f10075b239,f3535aac-a602-48a9-8b38-38b3526dfb00,2026-08-31T19:15:05.799000+00:00,window_aggregate,,,,,,,,,,1970-01-01T00:12:05.645000+00:00,1970-01-01T00:12:35.642000+00:00,,,,,,,,,,,,,,,,,,,,,,,,,,,,,,2026-08-31T19:15:05.799000+00:00,,,,,,,,,,,,,,,,,,,,,,,,,,,,,,,,,-0.002254,0.018092,7.0,0.3338,0.580577,0.0,0.0,0.0,0.0,0.0,2733.01,2408.0,0.7832,1.0685
behavior_window,continuous,dba80c84-68fd-45b2-ba28-10f10075b239,f3535aac-a602-48a9-8b38-38b3526dfb00,2026-08-31T19:15:35.549000+00:00,window_aggregate,,,,,,,,,,1970-01-01T00:12:35.642000+00:00,1970-01-01T00:13:05.394000+00:00,,,,,,,,,,,,,,,,,,,,,,,,,,,,,,2026-08-31T19:15:35.549000+00:00,,,,,,,,,,,,,,,,,,,,,,,,,,,,,,,,,-0.008579,0.038754,4.0,0.357282,0.839047,0.0,0.0,0.0,0.0,0.0,317.55,2131.0,1.4413,1.6228
behavior_window,continuous,dba80c84-68fd-45b2-ba28-10f10075b239,f3535aac-a602-48a9-8b38-38b3526dfb00,2026-08-31T19:15:35.549000+00:00,window_aggregate,,,,,,,,,,1970-01-01T00:12:35.642000+00:00,1970-01-01T00:13:05.394000+00:00,,,,,,,,,,,,,,,,,,,,,,,,,,,,,,2026-08-31T19:15:35.549000+00:00,,,,,,,,,,,,,,,,,,,,,,,,,,,,,,,,,-0.008579,0.038754,4.0,0.357282,0.839047,0.0,0.0,0.0,0.0,0.0,317.55,2131.0,1.4413,1.6228
behavior_window,continuous,dba80c84-68fd-45b2-ba28-10f10075b239,f3535aac-a602-48a9-8b38-38b3526dfb00,2026-08-31T19:15:35.549000+00:00,window_aggregate,,,,,,,,,,1970-01-01T00:12:35.642000+00:00,1970-01-01T00:13:05.394000+00:00,,,,,,,,,,,,,,,,,,,,,,,,,,,,,,2026-08-31T19:15:35.549000+00:00,,,,,,,,,,,,,,,,,,,,,,,,,,,,,,,,,-0.008579,0.038754,4.0,0.357282,0.839047,0.0,0.0,0.0,0.0,0.0,317.55,2131.0,1.4413,1.6228
behavior_window,continuous,dba80c84-68fd-45b2-ba28-10f10075b239,f3535aac-a602-48a9-8b38-38b3526dfb00,2026-08-31T19:16:05.540000+00:00,window_aggregate,,,,,,,,,,1970-01-01T00:13:05.394000+00:00,1970-01-01T00:13:35.390000+00:00,,,,,,,,,,,,,,,,,,,,,,,,,,,,,,2026-08-31T19:16:05.540000+00:00,,,,,,,,,,,,,,,,,,,,,,,,,,,,,,,,,-0.002497,0.018154,6.0,0.334379,0.469846,127.63,25.7,768.34,758.72,0.27,4201.38,934.0,0.8093,1.1929
behavior_window,continuous,dba80c84-68fd-45b2-ba28-10f10075b239,f3535aac-a602-48a9-8b38-38b3526dfb00,2026-08-31T19:16:05.540000+00:00,window_aggregate,,,,,,,,,,1970-01-01T00:13:05.394000+00:00,1970-01-01T00:13:35.390000+00:00,,,,,,,,,,,,,,,,,,,,,,,,,,,,,,2026-08-31T19:16:05.540000+00:00,,,,,,,,,,,,,,,,,,,,,,,,,,,,,,,,,-0.002497,0.018154,6.0,0.334379,0.469846,127.63,25.7,768.34,758.72,0.27,4201.38,934.0,0.8093,1.1929
behavior_window,continuous,dba80c84-68fd-45b2-ba28-10f10075b239,f3535aac-a602-48a9-8b38-38b3526dfb00,2026-08-31T19:16:05.540000+00:00,window_aggregate,,,,,,,,,,1970-01-01T00:13:05.394000+00:00,1970-01-01T00:13:35.390000+00:00,,,,,,,,,,,,,,,,,,,,,,,,,,,,,,2026-08-31T19:16:05.540000+00:00,,,,,,,,,,,,,,,,,,,,,,,,,,,,,,,,,-0.002497,0.018154,6.0,0.334379,0.469846,127.63,25.7,768.34,758.72,0.27,4201.38,934.0,0.8093,1.1929
behavior_window,continuous,dba80c84-68fd-45b2-ba28-10f10075b239,8dec00b7-651f-4f45-8159-64f6f5015822,2026-09-01T15:01:45.403000+00:00,window_aggregate,,,,,,,,,,1970-01-01T00:01:11.570000+00:00,1970-01-01T00:01:41.579000+00:00,,,,,,,,,,,,,,,,,,,,,,,,,,,,,,2026-09-01T15:01:45.403000+00:00,,,,,,,,,,,,,,,,,,,,,,,,,,,,,,,,,-0.002493,0.032255,0.0,0.495167,0.788259,0.0,0.0,0.0,0.0,0.0,2361.02,226.0,1.5182,1.7546
behavior_window,continuous,dba80c84-68fd-45b2-ba28-10f10075b239,8dec00b7-651f-4f45-8159-64f6f5015822,2026-09-01T15:01:45.403000+00:00,window_aggregate,,,,,,,,,,1970-01-01T00:01:11.570000+00:00,1970-01-01T00:01:41.579000+00:00,,,,,,,,,,,,,,,,,,,,,,,,,,,,,,2026-09-01T15:01:45.403000+00:00,,,,,,,,,,,,,,,,,,,,,,,,,,,,,,,,,-0.002493,0.032255,0.0,0.495167,0.788259,0.0,0.0,0.0,0.0,0.0,2361.02,226.0,1.5182,1.7546
behavior_window,continuous,dba80c84-68fd-45b2-ba28-10f10075b239,8dec00b7-651f-4f45-8159-64f6f5015822,2026-09-01T15:01:45.403000+00:00,window_aggregate,,,,,,,,,,1970-01-01T00:01:11.570000+00:00,1970-01-01T00:01:41.579000+00:00,,,,,,,,,,,,,,,,,,,,,,,,,,,,,,2026-09-01T15:01:45.403000+00:00,,,,,,,,,,,,,,,,,,,,,,,,,,,,,,,,,-0.002493,0.032255,0.0,0.495167,0.788259,0.0,0.0,0.0,0.0,0.0,2361.02,226.0,1.5182,1.7546
behavior_window,continuous,dba80c84-68fd-45b2-ba28-10f10075b239,8dec00b7-651f-4f45-8159-64f6f5015822,2026-09-01T15:02:15.316000+00:00,window_aggregate,,,,,,,,,,1970-01-01T00:01:41.579000+00:00,1970-01-01T00:02:11.573000+00:00,,,,,,,,,,,,,,,,,,,,,,,,,,,,,,2026-09-01T15:02:15.316000+00:00,,,,,,,,,,,,,,,,,,,,,,,,,,,,,,,,,-0.002033,0.022559,4.0,0.407256,0.601795,0.0,0.0,0.0,0.0,0.0,2797.8,1722.0,0.8929,1.3102
behavior_window,continuous,dba80c84-68fd-45b2-ba28-10f10075b239,8dec00b7-651f-4f45-8159-64f6f5015822,2026-09-01T15:02:15.316000+00:00,window_aggregate,,,,,,,,,,1970-01-01T00:01:41.579000+00:00,1970-01-01T00:02:11.573000+00:00,,,,,,,,,,,,,,,,,,,,,,,,,,,,,,2026-09-01T15:02:15.316000+00:00,,,,,,,,,,,,,,,,,,,,,,,,,,,,,,,,,-0.002033,0.022559,4.0,0.407256,0.601795,0.0,0.0,0.0,0.0,0.0,2797.8,1722.0,0.8929,1.3102
behavior_window,continuous,dba80c84-68fd-45b2-ba28-10f10075b239,8dec00b7-651f-4f45-8159-64f6f5015822,2026-09-01T15:02:15.316000+00:00,window_aggregate,,,,,,,,,,1970-01-01T00:01:41.579000+00:00,1970-01-01T00:02:11.573000+00:00,,,,,,,,,,,,,,,,,,,,,,,,,,,,,,2026-09-01T15:02:15.316000+00:00,,,,,,,,,,,,,,,,,,,,,,,,,,,,,,,,,-0.002033,0.022559,4.0,0.407256,0.601795,0.0,0.0,0.0,0.0,0.0,2797.8,1722.0,0.8929,1.3102
behavior_window,continuous,dba80c84-68fd-45b2-ba28-10f10075b239,db6f35ed-6b4e-48c7-b48b-16ee244855bf,2026-09-01T15:03:29.324000+00:00,window_aggregate,,,,,,,,,,1970-01-01T00:02:55.559000+00:00,1970-01-01T00:03:25.567000+00:00,,,,,,,,,,,,,,,,,,,,,,,,,,,,,,2026-09-01T15:03:29.324000+00:00,,,,,,,,,,,,,,,,,,,,,,,,,,,,,,,,,-0.00486,0.019193,0.0,0.230741,0.326628,0.0,0.0,0.0,0.0,0.0,960.11,1.0,1.1839,1.0364
behavior_window,continuous,dba80c84-68fd-45b2-ba28-10f10075b239,db6f35ed-6b4e-48c7-b48b-16ee244855bf,2026-09-01T15:03:29.324000+00:00,window_aggregate,,,,,,,,,,1970-01-01T00:02:55.559000+00:00,1970-01-01T00:03:25.567000+00:00,,,,,,,,,,,,,,,,,,,,,,,,,,,,,,2026-09-01T15:03:29.324000+00:00,,,,,,,,,,,,,,,,,,,,,,,,,,,,,,,,,-0.00486,0.019193,0.0,0.230741,0.326628,0.0,0.0,0.0,0.0,0.0,960.11,1.0,1.1839,1.0364
behavior_window,continuous,dba80c84-68fd-45b2-ba28-10f10075b239,db6f35ed-6b4e-48c7-b48b-16ee244855bf,2026-09-01T15:03:29.324000+00:00,window_aggregate,,,,,,,,,,1970-01-01T00:02:55.559000+00:00,1970-01-01T00:03:25.567000+00:00,,,,,,,,,,,,,,,,,,,,,,,,,,,,,,2026-09-01T15:03:29.324000+00:00,,,,,,,,,,,,,,,,,,,,,,,,,,,,,,,,,-0.00486,0.019193,0.0,0.230741,0.326628,0.0,0.0,0.0,0.0,0.0,960.11,1.0,1.1839,1.0364
behavior_window,continuous,dba80c84-68fd-45b2-ba28-10f10075b239,db6f35ed-6b4e-48c7-b48b-16ee244855bf,2026-09-01T15:03:59.311000+00:00,window_aggregate,,,,,,,,,,1970-01-01T00:03:25.567000+00:00,1970-01-01T00:03:55.561000+00:00,,,,,,,,,,,,,,,,,,,,,,,,,,,,,,2026-09-01T15:03:59.311000+00:00,,,,,,,,,,,,,,,,,,,,,,,,,,,,,,,,,-0.010423,0.051398,0.0,0.22873,0.660945,0.0,0.0,0.0,0.0,0.0,749.46,0.0,2.3156,2.6289
behavior_window,continuous,dba80c84-68fd-45b2-ba28-10f10075b239,db6f35ed-6b4e-48c7-b48b-16ee244855bf,2026-09-01T15:03:59.311000+00:00,window_aggregate,,,,,,,,,,1970-01-01T00:03:25.567000+00:00,1970-01-01T00:03:55.561000+00:00,,,,,,,,,,,,,,,,,,,,,,,,,,,,,,2026-09-01T15:03:59.311000+00:00,,,,,,,,,,,,,,,,,,,,,,,,,,,,,,,,,-0.010423,0.051398,0.0,0.22873,0.660945,0.0,0.0,0.0,0.0,0.0,749.46,0.0,2.3156,2.6289
behavior_window,continuous,dba80c84-68fd-45b2-ba28-10f10075b239,db6f35ed-6b4e-48c7-b48b-16ee244855bf,2026-09-01T15:03:59.311000+00:00,window_aggregate,,,,,,,,,,1970-01-01T00:03:25.567000+00:00,1970-01-01T00:03:55.561000+00:00,,,,,,,,,,,,,,,,,,,,,,,,,,,,,,2026-09-01T15:03:59.311000+00:00,,,,,,,,,,,,,,,,,,,,,,,,,,,,,,,,,-0.010423,0.051398,0.0,0.22873,0.660945,0.0,0.0,0.0,0.0,0.0,749.46,0.0,2.3156,2.6289
behavior_window,continuous,dba80c84-68fd-45b2-ba28-10f10075b239,db6f35ed-6b4e-48c7-b48b-16ee244855bf,2026-09-01T15:04:29.740000+00:00,window_aggregate,,,,,,,,,,1970-01-01T00:03:55.561000+00:00,1970-01-01T00:04:25.987000+00:00,,,,,,,,,,,,,,,,,,,,,,,,,,,,,,2026-09-01T15:04:29.740000+00:00,,,,,,,,,,,,,,,,,,,,,,,,,,,,,,,,,-0.002891,0.029773,0.0,0.451379,0.730353,0.0,0.0,0.0,0.0,0.0,1660.44,0.0,1.8323,2.2295
behavior_window,continuous,dba80c84-68fd-45b2-ba28-10f10075b239,db6f35ed-6b4e-48c7-b48b-16ee244855bf,2026-09-01T15:04:29.740000+00:00,window_aggregate,,,,,,,,,,1970-01-01T00:03:55.561000+00:00,1970-01-01T00:04:25.987000+00:00,,,,,,,,,,,,,,,,,,,,,,,,,,,,,,2026-09-01T15:04:29.740000+00:00,,,,,,,,,,,,,,,,,,,,,,,,,,,,,,,,,-0.002891,0.029773,0.0,0.451379,0.730353,0.0,0.0,0.0,0.0,0.0,1660.44,0.0,1.8323,2.2295
behavior_window,continuous,dba80c84-68fd-45b2-ba28-10f10075b239,db6f35ed-6b4e-48c7-b48b-16ee244855bf,2026-09-01T15:04:29.740000+00:00,window_aggregate,,,,,,,,,,1970-01-01T00:03:55.561000+00:00,1970-01-01T00:04:25.987000+00:00,,,,,,,,,,,,,,,,,,,,,,,,,,,,,,2026-09-01T15:04:29.740000+00:00,,,,,,,,,,,,,,,,,,,,,,,,,,,,,,,,,-0.002891,0.029773,0.0,0.451379,0.730353,0.0,0.0,0.0,0.0,0.0,1660.44,0.0,1.8323,2.2295
behavior_window,continuous,dba80c84-68fd-45b2-ba28-10f10075b239,db6f35ed-6b4e-48c7-b48b-16ee244855bf,2026-09-01T15:11:59.705000+00:00,window_aggregate,,,,,,,,,,1970-01-01T00:11:25.562000+00:00,1970-01-01T00:11:55.563000+00:00,,,,,,,,,,,,,,,,,,,,,,,,,,,,,,2026-09-01T15:11:59.705000+00:00,,,,,,,,,,,,,,,,,,,,,,,,,,,,,,,,,0.0,0.0,0.0,0.0,0.0,1004.9,995.1,2000.0,0.0,0.07,0.0,0.0,0.0,0.0
behavior_window,continuous,dba80c84-68fd-45b2-ba28-10f10075b239,db6f35ed-6b4e-48c7-b48b-16ee244855bf,2026-09-01T15:11:59.705000+00:00,window_aggregate,,,,,,,,,,1970-01-01T00:11:25.562000+00:00,1970-01-01T00:11:55.563000+00:00,,,,,,,,,,,,,,,,,,,,,,,,,,,,,,2026-09-01T15:11:59.705000+00:00,,,,,,,,,,,,,,,,,,,,,,,,,,,,,,,,,0.0,0.0,0.0,0.0,0.0,1004.9,995.1,2000.0,0.0,0.07,0.0,0.0,0.0,0.0
behavior_window,continuous,dba80c84-68fd-45b2-ba28-10f10075b239,db6f35ed-6b4e-48c7-b48b-16ee244855bf,2026-09-01T15:11:59.705000+00:00,window_aggregate,,,,,,,,,,1970-01-01T00:11:25.562000+00:00,1970-01-01T00:11:55.563000+00:00,,,,,,,,,,,,,,,,,,,,,,,,,,,,,,2026-09-01T15:11:59.705000+00:00,,,,,,,,,,,,,,,,,,,,,,,,,,,,,,,,,0.0,0.0,0.0,0.0,0.0,1004.9,995.1,2000.0,0.0,0.07,0.0,0.0,0.0,0.0
behavior_window,continuous,dba80c84-68fd-45b2-ba28-10f10075b239,e361373e-1e90-4e5b-8754-8723673796d6,2026-09-01T15:33:24.601000+00:00,window_aggregate,,,,,,,,,,1970-01-01T00:17:18.409000+00:00,1970-01-01T00:17:48.412000+00:00,,,,,,,,,,,,,,,,,,,,,,,,,,,,,,2026-09-01T15:33:24.601000+00:00,,,,,,,,,,,,,,,,,,,,,,,,,,,,,,,,,-0.001744,0.009399,1.0,0.298453,0.467346,0.0,0.0,0.0,0.0,0.0,1876.27,288.0,0.6197,0.7011
behavior_window,continuous,dba80c84-68fd-45b2-ba28-10f10075b239,e361373e-1e90-4e5b-8754-8723673796d6,2026-09-01T15:33:24.601000+00:00,window_aggregate,,,,,,,,,,1970-01-01T00:17:18.409000+00:00,1970-01-01T00:17:48.412000+00:00,,,,,,,,,,,,,,,,,,,,,,,,,,,,,,2026-09-01T15:33:24.601000+00:00,,,,,,,,,,,,,,,,,,,,,,,,,,,,,,,,,-0.001744,0.009399,1.0,0.298453,0.467346,0.0,0.0,0.0,0.0,0.0,1876.27,288.0,0.6197,0.7011
behavior_window,continuous,dba80c84-68fd-45b2-ba28-10f10075b239,e361373e-1e90-4e5b-8754-8723673796d6,2026-09-01T15:33:24.601000+00:00,window_aggregate,,,,,,,,,,1970-01-01T00:17:18.409000+00:00,1970-01-01T00:17:48.412000+00:00,,,,,,,,,,,,,,,,,,,,,,,,,,,,,,2026-09-01T15:33:24.601000+00:00,,,,,,,,,,,,,,,,,,,,,,,,,,,,,,,,,-0.001744,0.009399,1.0,0.298453,0.467346,0.0,0.0,0.0,0.0,0.0,1876.27,288.0,0.6197,0.7011
behavior_window,continuous,dba80c84-68fd-45b2-ba28-10f10075b239,e361373e-1e90-4e5b-8754-8723673796d6,2026-09-01T15:33:54.259000+00:00,window_aggregate,,,,,,,,,,1970-01-01T00:17:48.412000+00:00,1970-01-01T00:18:18.417000+00:00,,,,,,,,,,,,,,,,,,,,,,,,,,,,,,2026-09-01T15:33:54.259000+00:00,,,,,,,,,,,,,,,,,,,,,,,,,,,,,,,,,-0.002123,0.007248,2.0,0.48731,0.692366,0.0,0.0,0.0,0.0,0.0,590.69,1197.0,0.5709,0.9548
behavior_window,continuous,dba80c84-68fd-45b2-ba28-10f10075b239,e361373e-1e90-4e5b-8754-8723673796d6,2026-09-01T15:33:54.259000+00:00,window_aggregate,,,,,,,,,,1970-01-01T00:17:48.412000+00:00,1970-01-01T00:18:18.417000+00:00,,,,,,,,,,,,,,,,,,,,,,,,,,,,,,2026-09-01T15:33:54.259000+00:00,,,,,,,,,,,,,,,,,,,,,,,,,,,,,,,,,-0.002123,0.007248,2.0,0.48731,0.692366,0.0,0.0,0.0,0.0,0.0,590.69,1197.0,0.5709,0.9548
behavior_window,continuous,dba80c84-68fd-45b2-ba28-10f10075b239,e361373e-1e90-4e5b-8754-8723673796d6,2026-09-01T15:33:54.259000+00:00,window_aggregate,,,,,,,,,,1970-01-01T00:17:48.412000+00:00,1970-01-01T00:18:18.417000+00:00,,,,,,,,,,,,,,,,,,,,,,,,,,,,,,2026-09-01T15:33:54.259000+00:00,,,,,,,,,,,,,,,,,,,,,,,,,,,,,,,,,-0.002123,0.007248,2.0,0.48731,0.692366,0.0,0.0,0.0,0.0,0.0,590.69,1197.0,0.5709,0.9548
behavior_window,continuous,dba80c84-68fd-45b2-ba28-10f10075b239,e361373e-1e90-4e5b-8754-8723673796d6,2026-09-01T15:34:24.563000+00:00,window_aggregate,,,,,,,,,,1970-01-01T00:18:18.417000+00:00,1970-01-01T00:18:48.420000+00:00,,,,,,,,,,,,,,,,,,,,,,,,,,,,,,2026-09-01T15:34:24.563000+00:00,,,,,,,,,,,,,,,,,,,,,,,,,,,,,,,,,-0.000884,0.021454,0.0,0.483718,0.690429,0.0,0.0,0.0,0.0,0.0,861.24,1958.0,0.9621,1.31
behavior_window,continuous,dba80c84-68fd-45b2-ba28-10f10075b239,e361373e-1e90-4e5b-8754-8723673796d6,2026-09-01T15:34:24.563000+00:00,window_aggregate,,,,,,,,,,1970-01-01T00:18:18.417000+00:00,1970-01-01T00:18:48.420000+00:00,,,,,,,,,,,,,,,,,,,,,,,,,,,,,,2026-09-01T15:34:24.563000+00:00,,,,,,,,,,,,,,,,,,,,,,,,,,,,,,,,,-0.000884,0.021454,0.0,0.483718,0.690429,0.0,0.0,0.0,0.0,0.0,861.24,1958.0,0.9621,1.31
behavior_window,continuous,dba80c84-68fd-45b2-ba28-10f10075b239,e361373e-1e90-4e5b-8754-8723673796d6,2026-09-01T15:34:24.563000+00:00,window_aggregate,,,,,,,,,,1970-01-01T00:18:18.417000+00:00,1970-01-01T00:18:48.420000+00:00,,,,,,,,,,,,,,,,,,,,,,,,,,,,,,2026-09-01T15:34:24.563000+00:00,,,,,,,,,,,,,,,,,,,,,,,,,,,,,,,,,-0.000884,0.021454,0.0,0.483718,0.690429,0.0,0.0,0.0,0.0,0.0,861.24,1958.0,0.9621,1.31
behavior_window,continuous,dba80c84-68fd-45b2-ba28-10f10075b239,e361373e-1e90-4e5b-8754-8723673796d6,2026-09-01T15:34:54.264000+00:00,window_aggregate,,,,,,,,,,1970-01-01T00:18:48.420000+00:00,1970-01-01T00:19:18.419000+00:00,,,,,,,,,,,,,,,,,,,,,,,,,,,,,,2026-09-01T15:34:54.264000+00:00,,,,,,,,,,,,,,,,,,,,,,,,,,,,,,,,,-0.001245,0.016568,1.0,0.577858,0.666052,0.0,0.0,0.0,0.0,0.0,4342.76,0.0,1.3357,1.3328
behavior_window,continuous,dba80c84-68fd-45b2-ba28-10f10075b239,e361373e-1e90-4e5b-8754-8723673796d6,2026-09-01T15:34:54.264000+00:00,window_aggregate,,,,,,,,,,1970-01-01T00:18:48.420000+00:00,1970-01-01T00:19:18.419000+00:00,,,,,,,,,,,,,,,,,,,,,,,,,,,,,,2026-09-01T15:34:54.264000+00:00,,,,,,,,,,,,,,,,,,,,,,,,,,,,,,,,,-0.001245,0.016568,1.0,0.577858,0.666052,0.0,0.0,0.0,0.0,0.0,4342.76,0.0,1.3357,1.3328
behavior_window,continuous,dba80c84-68fd-45b2-ba28-10f10075b239,e361373e-1e90-4e5b-8754-8723673796d6,2026-09-01T15:34:54.264000+00:00,window_aggregate,,,,,,,,,,1970-01-01T00:18:48.420000+00:00,1970-01-01T00:19:18.419000+00:00,,,,,,,,,,,,,,,,,,,,,,,,,,,,,,2026-09-01T15:34:54.264000+00:00,,,,,,,,,,,,,,,,,,,,,,,,,,,,,,,,,-0.001245,0.016568,1.0,0.577858,0.666052,0.0,0.0,0.0,0.0,0.0,4342.76,0.0,1.3357,1.3328
behavior_window,continuous,dba80c84-68fd-45b2-ba28-10f10075b239,e361373e-1e90-4e5b-8754-8723673796d6,2026-09-01T15:35:24.572000+00:00,window_aggregate,,,,,,,,,,1970-01-01T00:19:18.419000+00:00,1970-01-01T00:19:48.416000+00:00,,,,,,,,,,,,,,,,,,,,,,,,,,,,,,2026-09-01T15:35:24.572000+00:00,,,,,,,,,,,,,,,,,,,,,,,,,,,,,,,,,-0.014301,0.046425,0.0,0.967115,0.780138,0.0,0.0,0.0,0.0,0.0,353.26,0.0,0.7988,1.9401
behavior_window,continuous,dba80c84-68fd-45b2-ba28-10f10075b239,e361373e-1e90-4e5b-8754-8723673796d6,2026-09-01T15:35:24.572000+00:00,window_aggregate,,,,,,,,,,1970-01-01T00:19:18.419000+00:00,1970-01-01T00:19:48.416000+00:00,,,,,,,,,,,,,,,,,,,,,,,,,,,,,,2026-09-01T15:35:24.572000+00:00,,,,,,,,,,,,,,,,,,,,,,,,,,,,,,,,,-0.014301,0.046425,0.0,0.967115,0.780138,0.0,0.0,0.0,0.0,0.0,353.26,0.0,0.7988,1.9401
behavior_window,continuous,dba80c84-68fd-45b2-ba28-10f10075b239,e361373e-1e90-4e5b-8754-8723673796d6,2026-09-01T15:35:24.572000+00:00,window_aggregate,,,,,,,,,,1970-01-01T00:19:18.419000+00:00,1970-01-01T00:19:48.416000+00:00,,,,,,,,,,,,,,,,,,,,,,,,,,,,,,2026-09-01T15:35:24.572000+00:00,,,,,,,,,,,,,,,,,,,,,,,,,,,,,,,,,-0.014301,0.046425,0.0,0.967115,0.780138,0.0,0.0,0.0,0.0,0.0,353.26,0.0,0.7988,1.9401
behavior_window,continuous,dba80c84-68fd-45b2-ba28-10f10075b239,e361373e-1e90-4e5b-8754-8723673796d6,2026-09-01T15:36:24.734000+00:00,window_aggregate,,,,,,,,,,1970-01-01T00:20:18.416000+00:00,1970-01-01T00:20:48.920000+00:00,,,,,,,,,,,,,,,,,,,,,,,,,,,,,,2026-09-01T15:36:24.734000+00:00,,,,,,,,,,,,,,,,,,,,,,,,,,,,,,,,,-0.006986,0.051786,0.0,0.274136,0.404142,0.0,0.0,0.0,0.0,0.0,1380.46,0.0,2.0482,1.7905
behavior_window,continuous,dba80c84-68fd-45b2-ba28-10f10075b239,e361373e-1e90-4e5b-8754-8723673796d6,2026-09-01T15:36:24.734000+00:00,window_aggregate,,,,,,,,,,1970-01-01T00:20:18.416000+00:00,1970-01-01T00:20:48.920000+00:00,,,,,,,,,,,,,,,,,,,,,,,,,,,,,,2026-09-01T15:36:24.734000+00:00,,,,,,,,,,,,,,,,,,,,,,,,,,,,,,,,,-0.006986,0.051786,0.0,0.274136,0.404142,0.0,0.0,0.0,0.0,0.0,1380.46,0.0,2.0482,1.7905
behavior_window,continuous,dba80c84-68fd-45b2-ba28-10f10075b239,e361373e-1e90-4e5b-8754-8723673796d6,2026-09-01T15:36:24.734000+00:00,window_aggregate,,,,,,,,,,1970-01-01T00:20:18.416000+00:00,1970-01-01T00:20:48.920000+00:00,,,,,,,,,,,,,,,,,,,,,,,,,,,,,,2026-09-01T15:36:24.734000+00:00,,,,,,,,,,,,,,,,,,,,,,,,,,,,,,,,,-0.006986,0.051786,0.0,0.274136,0.404142,0.0,0.0,0.0,0.0,0.0,1380.46,0.0,2.0482,1.7905
behavior_window,continuous,dba80c84-68fd-45b2-ba28-10f10075b239,e361373e-1e90-4e5b-8754-8723673796d6,2026-09-01T15:41:54.737000+00:00,window_aggregate,,,,,,,,,,1970-01-01T00:25:48.421000+00:00,1970-01-01T00:26:18.920000+00:00,,,,,,,,,,,,,,,,,,,,,,,,,,,,,,2026-09-01T15:41:54.737000+00:00,,,,,,,,,,,,,,,,,,,,,,,,,,,,,,,,,0.008067,0.02216,0.0,0.15797,0.043667,0.0,0.0,0.0,0.0,0.0,112.71,0.0,1.7634,0.4499
behavior_window,continuous,dba80c84-68fd-45b2-ba28-10f10075b239,e361373e-1e90-4e5b-8754-8723673796d6,2026-09-01T15:41:54.737000+00:00,window_aggregate,,,,,,,,,,1970-01-01T00:25:48.421000+00:00,1970-01-01T00:26:18.920000+00:00,,,,,,,,,,,,,,,,,,,,,,,,,,,,,,2026-09-01T15:41:54.737000+00:00,,,,,,,,,,,,,,,,,,,,,,,,,,,,,,,,,0.008067,0.02216,0.0,0.15797,0.043667,0.0,0.0,0.0,0.0,0.0,112.71,0.0,1.7634,0.4499
behavior_window,continuous,dba80c84-68fd-45b2-ba28-10f10075b239,e361373e-1e90-4e5b-8754-8723673796d6,2026-09-01T15:41:54.737000+00:00,window_aggregate,,,,,,,,,,1970-01-01T00:25:48.421000+00:00,1970-01-01T00:26:18.920000+00:00,,,,,,,,,,,,,,,,,,,,,,,,,,,,,,2026-09-01T15:41:54.737000+00:00,,,,,,,,,,,,,,,,,,,,,,,,,,,,,,,,,0.008067,0.02216,0.0,0.15797,0.043667,0.0,0.0,0.0,0.0,0.0,112.71,0.0,1.7634,0.4499
behavior_window,continuous,dba80c84-68fd-45b2-ba28-10f10075b239,9bff92a1-dd3a-448a-8302-4bf76d6ddc6b,2026-09-05T16:48:13.920000+00:00,window_aggregate,,,,,,,,,,1970-01-01T00:00:09.888000+00:00,1970-01-01T00:00:40.537000+00:00,,,,,,,,,,,,,,,,,,,,,,,,,,,,,,2026-09-05T16:48:13.920000+00:00,,,,,,,,,,,,,,,,,,,,,,,,,,,,,,,,,-0.003504,0.029841,0.0,0.37673,0.719353,0.0,0.0,0.0,0.0,0.0,1161.43,0.0,1.3024,1.3492
behavior_window,continuous,dba80c84-68fd-45b2-ba28-10f10075b239,9bff92a1-dd3a-448a-8302-4bf76d6ddc6b,2026-09-05T16:48:13.920000+00:00,window_aggregate,,,,,,,,,,1970-01-01T00:00:09.888000+00:00,1970-01-01T00:00:40.537000+00:00,,,,,,,,,,,,,,,,,,,,,,,,,,,,,,2026-09-05T16:48:13.920000+00:00,,,,,,,,,,,,,,,,,,,,,,,,,,,,,,,,,-0.003504,0.029841,0.0,0.37673,0.719353,0.0,0.0,0.0,0.0,0.0,1161.43,0.0,1.3024,1.3492
behavior_window,continuous,dba80c84-68fd-45b2-ba28-10f10075b239,9bff92a1-dd3a-448a-8302-4bf76d6ddc6b,2026-09-05T16:48:13.920000+00:00,window_aggregate,,,,,,,,,,1970-01-01T00:00:09.888000+00:00,1970-01-01T00:00:40.537000+00:00,,,,,,,,,,,,,,,,,,,,,,,,,,,,,,2026-09-05T16:48:13.920000+00:00,,,,,,,,,,,,,,,,,,,,,,,,,,,,,,,,,-0.003504,0.029841,0.0,0.37673,0.719353,0.0,0.0,0.0,0.0,0.0,1161.43,0.0,1.3024,1.3492
behavior_window,continuous,dba80c84-68fd-45b2-ba28-10f10075b239,9bff92a1-dd3a-448a-8302-4bf76d6ddc6b,2026-09-05T16:49:43.519000+00:00,window_aggregate,,,,,,,,,,1970-01-01T00:02:02.538000+00:00,1970-01-01T00:02:09.888000+00:00,,,,,,,,,,,,,,,,,,,,,,,,,,,,,,2026-09-05T16:49:43.519000+00:00,,,,,,,,,,,,,,,,,,,,,,,,,,,,,,,,,-0.02281,0.026576,0.0,0.424939,0.691823,0.0,0.0,0.0,0.0,0.0,695.94,0.0,2.6615,2.1069
behavior_window,continuous,dba80c84-68fd-45b2-ba28-10f10075b239,9bff92a1-dd3a-448a-8302-4bf76d6ddc6b,2026-09-05T16:49:43.519000+00:00,window_aggregate,,,,,,,,,,1970-01-01T00:02:02.538000+00:00,1970-01-01T00:02:09.888000+00:00,,,,,,,,,,,,,,,,,,,,,,,,,,,,,,2026-09-05T16:49:43.519000+00:00,,,,,,,,,,,,,,,,,,,,,,,,,,,,,,,,,-0.02281,0.026576,0.0,0.424939,0.691823,0.0,0.0,0.0,0.0,0.0,695.94,0.0,2.6615,2.1069
behavior_window,continuous,dba80c84-68fd-45b2-ba28-10f10075b239,9bff92a1-dd3a-448a-8302-4bf76d6ddc6b,2026-09-05T16:49:43.519000+00:00,window_aggregate,,,,,,,,,,1970-01-01T00:02:02.538000+00:00,1970-01-01T00:02:09.888000+00:00,,,,,,,,,,,,,,,,,,,,,,,,,,,,,,2026-09-05T16:49:43.519000+00:00,,,,,,,,,,,,,,,,,,,,,,,,,,,,,,,,,-0.02281,0.026576,0.0,0.424939,0.691823,0.0,0.0,0.0,0.0,0.0,695.94,0.0,2.6615,2.1069
behavior_window,continuous,dba80c84-68fd-45b2-ba28-10f10075b239,9bff92a1-dd3a-448a-8302-4bf76d6ddc6b,2026-09-05T16:55:29.121000+00:00,window_aggregate,,,,,,,,,,1970-01-01T00:00:01.512000+00:00,1970-01-01T00:00:31.522000+00:00,,,,,,,,,,,,,,,,,,,,,,,,,,,,,,2026-09-05T16:55:29.121000+00:00,,,,,,,,,,,,,,,,,,,,,,,,,,,,,,,,,-0.00155,0.021777,6.0,0.29252,0.605367,170.29,229.04,416.61,438.44,0.53,7354.92,4889.0,1.1428,1.3459
behavior_window,continuous,dba80c84-68fd-45b2-ba28-10f10075b239,9bff92a1-dd3a-448a-8302-4bf76d6ddc6b,2026-09-05T16:55:29.121000+00:00,window_aggregate,,,,,,,,,,1970-01-01T00:00:01.512000+00:00,1970-01-01T00:00:31.522000+00:00,,,,,,,,,,,,,,,,,,,,,,,,,,,,,,2026-09-05T16:55:29.121000+00:00,,,,,,,,,,,,,,,,,,,,,,,,,,,,,,,,,-0.00155,0.021777,6.0,0.29252,0.605367,170.29,229.04,416.61,438.44,0.53,7354.92,4889.0,1.1428,1.3459
behavior_window,continuous,dba80c84-68fd-45b2-ba28-10f10075b239,9bff92a1-dd3a-448a-8302-4bf76d6ddc6b,2026-09-05T16:55:29.121000+00:00,window_aggregate,,,,,,,,,,1970-01-01T00:00:01.512000+00:00,1970-01-01T00:00:31.522000+00:00,,,,,,,,,,,,,,,,,,,,,,,,,,,,,,2026-09-05T16:55:29.121000+00:00,,,,,,,,,,,,,,,,,,,,,,,,,,,,,,,,,-0.00155,0.021777,6.0,0.29252,0.605367,170.29,229.04,416.61,438.44,0.53,7354.92,4889.0,1.1428,1.3459
behavior_window,continuous,dba80c84-68fd-45b2-ba28-10f10075b239,9bff92a1-dd3a-448a-8302-4bf76d6ddc6b,2026-09-05T16:55:59.117000+00:00,window_aggregate,,,,,,,,,,1970-01-01T00:00:31.522000+00:00,1970-01-01T00:01:01.519000+00:00,,,,,,,,,,,,,,,,,,,,,,,,,,,,,,2026-09-05T16:55:59.117000+00:00,,,,,,,,,,,,,,,,,,,,,,,,,,,,,,,,,-0.0037,0.021537,11.0,0.320687,0.557776,189.08,213.92,403.24,463.97,0.5,4640.95,2892.0,0.9853,1.3671
behavior_window,continuous,dba80c84-68fd-45b2-ba28-10f10075b239,9bff92a1-dd3a-448a-8302-4bf76d6ddc6b,2026-09-05T16:55:59.117000+00:00,window_aggregate,,,,,,,,,,1970-01-01T00:00:31.522000+00:00,1970-01-01T00:01:01.519000+00:00,,,,,,,,,,,,,,,,,,,,,,,,,,,,,,2026-09-05T16:55:59.117000+00:00,,,,,,,,,,,,,,,,,,,,,,,,,,,,,,,,,-0.0037,0.021537,11.0,0.320687,0.557776,189.08,213.92,403.24,463.97,0.5,4640.95,2892.0,0.9853,1.3671
behavior_window,continuous,dba80c84-68fd-45b2-ba28-10f10075b239,9bff92a1-dd3a-448a-8302-4bf76d6ddc6b,2026-09-05T16:55:59.117000+00:00,window_aggregate,,,,,,,,,,1970-01-01T00:00:31.522000+00:00,1970-01-01T00:01:01.519000+00:00,,,,,,,,,,,,,,,,,,,,,,,,,,,,,,2026-09-05T16:55:59.117000+00:00,,,,,,,,,,,,,,,,,,,,,,,,,,,,,,,,,-0.0037,0.021537,11.0,0.320687,0.557776,189.08,213.92,403.24,463.97,0.5,4640.95,2892.0,0.9853,1.3671
