user_id,session_id,window_start,window_end,dwellMeanMs,dwellStdMs,flightMeanMs,flightStdMs,velocityMean,accelerationMean,accelerationStd,curvatureMean,curvatureStd,clickCount,scrollAmount,mouseTravelPx
e92e7c09-c1b8-4f72-a7a8-f75077608d1b,683fb37f-6a47-4d27-b196-f268e545c7fc,2026-08-15T08:41:52.149000+00:00,2026-08-15T08:42:22.149000+00:00,0.6277488003365554,-0.9841019398484117,0.5420924263239633,1.6805196519283567,-0.9077263770027797,-0.36053227764243684,1.1045508746172799,-1.6329803667605565,-0.9246942730418635,1.5281331434145022,0.21098575966378647,0.8662713507335223
e92e7c09-c1b8-4f72-a7a8-f75077608d1b,43c7c9d4-9f4b-4823-bc49-2bdd58b9a92d,2026-08-17T00:41:52.149000+00:00,2026-08-17T00:42:22.149000+00:00,0.5328111450009878,-0.26334061075330506,1.0506669370859953,0.5243401783806316,-1.2907801090690816,0.9545676504602854,0.1534098436968443,-0.3849478696897755,1.43770385349647,0.6566644826982402,1.108156989916273,0.40794665244038264
e92e7c09-c1b8-4f72-a7a8-f75077608d1b,ab25bfe3-fb2a-4125-9fc1-f942cf986fdf,2026-08-14T21:41:52.149000+00:00,2026-08-14T21:42:22.149000+00:00,1.0304622318040921,0.6928662720076071,0.4415900488716857,0.9528695458085376,-1.6224814736663784,1.5294037515214536,1.1045508746172799,0.720321194620244,-0.3559506510681562,1.1613807724741203,-1.3363839125341521,0.19709077754869236
e92e7c09-c1b8-4f72-a7a8-f75077608d1b,683fb37f-6a47-4d27-b196-f268e545c7fc,2026-08-16T09:41:52.149000+00:00,2026-08-16T09:42:22.149000+00:00,0.6259884815861255,1.2396168322072207,0.36686395948672174,1.232306350156015,-0.19456445198704064,0.022704519998537898,-0.16363716660996755,1.088252463783719,-1.3139740688809685,0.9362475671952561,0.33582699678402905,0.08848735203879964
e92e7c09-c1b8-4f72-a7a8-f75077608d1b,43c7c9d4-9f4b-4823-bc49-2bdd58b9a92d,2026-08-16T08:41:52.149000+00:00,2026-08-16T08:42:22.149000+00:00,-1.5813291376215577,-0.7979999370545068,1.1626488116951765,-0.6203628367881778,-0.24920940982118506,0.9068051330924211,-1.1147781975304032,0.8449589050809386,-0.602281597056016,-1.0676798726526815,-1.0682318346922957,-0.8180892662396575
e92e7c09-c1b8-4f72-a7a8-f75077608d1b,e9fb2cdf-79e4-478e-b6ac-0a722e9e07c6,2026-08-16T01:41:52.149000+00:00,2026-08-16T01:42:22.149000+00:00,1.0978972847719088,0.9619232653436751,0.241440062747851,-0.7094864368476574,-0.6836121480663085,-0.7724280255010197,1.4215978849240918,0.2922362308141751,-1.3191402397409397,-0.585907350243336,-1.0640343638151044,-1.657370670181303
e92e7c09-c1b8-4f72-a7a8-f75077608d1b,a36c8d90-c089-40c7-921e-909160986f4f,2026-08-14T23:41:52.149000+00:00,2026-08-14T23:42:22.149000+00:00,0.528652072314354,1.1396387145365197,-1.4955472261040423,0.3632699326409924,0.3493876366583471,0.714097617070198,-0.16363716660996755,0.24882993154377006,-0.8058783126526632,0.307750561837403,-1.4200291687830535,1.5823159781857616
e92e7c09-c1b8-4f72-a7a8-f75077608d1b,a36c8d90-c089-40c7-921e-909160986f4f,2026-08-15T02:41:52.149000+00:00,2026-08-15T02:42:22.149000+00:00,1.576886853269879,0.47611740649168827,-0.1267206164855513,-1.0721322438785241,1.1979732457315866,-1.1150619572292422,-1.431825207837215,-0.31476505922945475,-0.8592975692605258,1.398880559432122,0.6088224237080605,1.2014565839502538
e92e7c09-c1b8-4f72-a7a8-f75077608d1b,43c7c9d4-9f4b-4823-bc49-2bdd58b9a92d,2026-08-16T00:41:52.149000+00:00,2026-08-16T00:42:22.149000+00:00,-0.3761240873844761,-0.5271127633543004,0.16894694530032386,0.4742666669994245,1.3812428863084454,-1.1264903886154427,-0.16363716660996755,1.441958531425943,-0.5267501462416092,-0.5597255945530571,-0.6523834808037837,1.4292416281840519
e92e7c09-c1b8-4f72-a7a8-f75077608d1b,43c7c9d4-9f4b-4823-bc49-2bdd58b9a92d,2026-08-15T02:41:52.149000+00:00,2026-08-15T02:42:22.149000+00:00,-0.11278976888310635,0.988007719096674,-1.0768703788103369,0.13475456143026635,-1.5377255711503692,0.6919154762109138,-1.7488722181440268,1.5376119565941377,-1.7042153264926314,-0.849107515977462,1.4322914898935435,0.5681982562827844
e92e7c09-c1b8-4f72-a7a8-f75077608d1b,43c7c9d4-9f4b-4823-bc49-2bdd58b9a92d,2026-08-15T10:41:52.149000+00:00,2026-08-15T10:42:22.149000+00:00,1.4751555824855884,-0.2087341491380823,0.11374992769697143,-1.3960811031520997,-1.4911594200714717,-1.3947162341404973,-0.7977311872235913,0.39109023779841023,-1.0916986454289381,0.057509391244216584,0.44890425131456285,-0.800554672939665
e92e7c09-c1b8-4f72-a7a8-f75077608d1b,a36c8d90-c089-40c7-921e-909160986f4f,2026-08-14T15:41:52.149000+00:00,2026-08-14T15:42:22.149000+00:00,-1.3613826351474538,-0.5596057729292384,0.18672680303990297,-0.8963204282388033,0.08651529078607278,-1.5099099167980699,-0.7977311872235913,-0.6509064143434402,0.2845018252607423,-1.3277147777908742,-0.47142439236205913,-1.3294994997088283
e92e7c09-c1b8-4f72-a7a8-f75077608d1b,683fb37f-6a47-4d27-b196-f268e545c7fc,2026-08-15T15:41:52.149000+00:00,2026-08-15T15:42:22.149000+00:00,-1.7244252061094258,1.474800128465876,-0.9097297217895421,-0.0008420295966835153,0.6281717364394027,-1.0891745433015216,0.1534098436968443,-0.3941391966989402,0.8138113630364542,-1.111321559380369,0.3332208302487307,0.729062722404959
e92e7c09-c1b8-4f72-a7a8-f75077608d1b,683fb37f-6a47-4d27-b196-f268e545c7fc,2026-08-16T08:41:52.149000+00:00,2026-08-16T08:42:22.149000+00:00,-0.7821248767328365,-0.6837599169631838,-0.473452778347789,1.502282059450501,1.2559091834349316,0.3424633244024756,1.1045508746172799,-0.28391394929178,-1.2397627501229869,-1.4805452080666142,-1.6076405597412908,-1.0305075436967628
e92e7c09-c1b8-4f72-a7a8-f75077608d1b,43c7c9d4-9f4b-4823-bc49-2bdd58b9a92d,2026-08-17T00:41:52.149000+00:00,2026-08-17T00:42:22.149000+00:00,-0.21246792941002313,-0.8180944916220136,0.07167576221313439,-1.6915536606342811,1.4736673213527083,-1.1609528152013584,1.1045508746172799,-1.758901437426777,-0.767547287796644,-1.3532757564855253,0.3852267431796986,1.4025338007337067
e92e7c09-c1b8-4f72-a7a8-f75077608d1b,43c7c9d4-9f4b-4823-bc49-2bdd58b9a92d,2026-08-16T15:41:52.149000+00:00,2026-08-16T15:42:22.149000+00:00,-0.40934062411619343,-0.9553196016167095,0.015815740732497665,-1.3285303707347162,1.302302527128023,0.517935661290436,-0.16363716660996755,1.7622011542360854,1.650009453304708,0.9704688513910578,1.2761554753694622,1.587078275092868
e92e7c09-c1b8-4f72-a7a8-f75077608d1b,43c7c9d4-9f4b-4823-bc49-2bdd58b9a92d,2026-08-15T08:41:52.149000+00:00,2026-08-15T08:42:22.149000+00:00,1.8559117585001217,-0.01858456869773156,-0.7934009544458989,0.04161217695725758,1.3650405560412389,-1.1167474307711236,-0.4806841769167794,-0.41028796783286847,-0.15439120565342002,-0.5818607800141441,-0.3082403580085645,0.19789369635521675
e92e7c09-c1b8-4f72-a7a8-f75077608d1b,a36c8d90-c089-40c7-921e-909160986f4f,2026-08-15T17:41:52.149000+00:00,2026-08-15T17:42:22.149000+00:00,-0.7696868029981121,-0.5134658352625596,1.4531409059094356,-0.7781514429988995,-0.8831095846308972,0.041675141599443945,1.4215978849240918,-0.8125109760555456,1.6395884349864416,-0.3418011877314127,-1.2974719729299589,-0.15838351720205482
e92e7c09-c1b8-4f72-a7a8-f75077608d1b,683fb37f-6a47-4d27-b196-f268e545c7fc,2026-08-15T16:41:52.149000+00:00,2026-08-15T16:42:22.149000+00:00,1.0399136266622695,-0.25529769334466695,-1.5557130304139655,-0.6421827077826671,-0.06998440256690842,-0.005801703348449363,1.1045508746172799,-0.953533575326778,-0.5031094229161622,1.601328051846414,-1.2776383925477262,0.7957900457504007
e92e7c09-c1b8-4f72-a7a8-f75077608d1b,e9fb2cdf-79e4-478e-b6ac-0a722e9e07c6,2026-08-15T21:41:52.149000+00:00,2026-08-15T21:42:22.149000+00:00,-1.7733489700401768,-0.5470795501289171,1.400983177662414,-0.07908932881592728,-0.36058823324835965,-0.06032081131513477,-1.431825207837215,-0.4477265510376494,-1.4112886908103321,0.736350037090739,-0.8583797669563722,0.07620508961680703
e92e7c09-c1b8-4f72-a7a8-f75077608d1b,e9fb2cdf-79e4-478e-b6ac-0a722e9e07c6,2026-08-15T04:41:52.149000+00:00,2026-08-15T04:42:22.149000+00:00,0.5852252526442319,1.8537115354786138,0.7052483363071522,0.7481600312475691,-0.7505990161096122,-1.6185984395459532,-0.7977311872235913,-0.5823491962005449,-1.7599490182670599,-0.613617811200344,1.2369098720131448,-0.14067570510763636
e92e7c09-c1b8-4f72-a7a8-f75077608d1b,e9fb2cdf-79e4-478e-b6ac-0a722e9e07c6,2026-08-14T12:41:52.149000+00:00,2026-08-14T12:42:22.149000+00:00,0.02720378303123161,1.7936716645155766,-0.9613799676802907,0.5321876185230372,-1.1823431802164341,1.6307904144263698,-1.1147781975304032,0.45400033445425664,-1.2147485766450268,-0.37284901536385173,-1.7199416781870587,0.6942859846513175
e92e7c09-c1b8-4f72-a7a8-f75077608d1b,a36c8d90-c089-40c7-921e-909160986f4f,2026-08-14T10:41:52.149000+00:00,2026-08-14T10:42:22.149000+00:00,-0.22521507462943724,-0.8300886554243663,-0.5352017116872726,-0.800440228357533,-0.35505681265265,1.4640175172124013,1.4215978849240918,0.5109247359805223,0.014408103829246012,-1.1037082209913442,-0.30380175564721335,-1.2058336400779002
e92e7c09-c1b8-4f72-a7a8-f75077608d1b,a36c8d90-c089-40c7-921e-909160986f4f,2026-08-17T02:41:52.149000+00:00,2026-08-17T02:42:22.149000+00:00,0.2176229773404448,-0.9833820216815768,-1.4599782455580022,-0.8405677407655112,-0.7100551425653234,1.6217598121751222,1.1045508746172799,1.4256293070286026,0.8796791939902145,1.651687576391734,-0.21474530988944626,-0.7053471251864161
e92e7c09-c1b8-4f72-a7a8-f75077608d1b,ab25bfe3-fb2a-4125-9fc1-f942cf986fdf,2026-08-16T04:41:52.149000+00:00,2026-08-16T04:42:22.149000+00:00,-0.7844907677089837,0.581187685425687,-0.48315940900464704,1.4075801270623316,-0.6458130234978131,-0.7791421944647627,-1.7488722181440268,-1.0909156490585628,-0.9304255131596416,-0.5459688633055203,0.7249342098296234,0.4067922379641316
e92e7c09-c1b8-4f72-a7a8-f75077608d1b,ab25bfe3-fb2a-4125-9fc1-f942cf986fdf,2026-08-17T01:41:52.149000+00:00,2026-08-17T01:42:22.149000+00:00,0.5738513220340149,0.2132419438662469,-0.01239967526586483,1.4806856905864036,0.5469476162618263,-0.7033719853554301,1.1045508746172799,0.5203166266598848,-1.1317981811845657,0.20941901491811513,-1.5865164822528761,1.277073046133905
e92e7c09-c1b8-4f72-a7a8-f75077608d1b,683fb37f-6a47-4d27-b196-f268e545c7fc,2026-08-17T00:41:52.149000+00:00,2026-08-17T00:42:22.149000+00:00,-0.8072831694333965,-0.834782034857818,-0.7806272533148241,-1.263751781263141,0.8792756625252357,1.836659660016241,0.1534098436968443,1.5597214803047987,0.39329054134862873,-0.5732354739717259,-0.21019838640643546,-1.1477438074203956
e92e7c09-c1b8-4f72-a7a8-f75077608d1b,e9fb2cdf-79e4-478e-b6ac-0a722e9e07c6,2026-08-14T13:41:52.149000+00:00,2026-08-14T13:42:22.149000+00:00,-0.8546726347139628,-1.1904439948432557,0.4023490723454207,1.2266703092754387,1.204770171338401,-0.6431170352716058,-0.7977311872235913,0.893496062501833,0.30027716802495047,-0.8385350123672672,-0.9476318463610509,0.6340779914384483
e92e7c09-c1b8-4f72-a7a8-f75077608d1b,e9fb2cdf-79e4-478e-b6ac-0a722e9e07c6,2026-08-16T13:41:52.149000+00:00,2026-08-16T13:42:22.149000+00:00,1.4528272048555235,1.5805489797755121,-1.748592742468892,0.43663899252223815,0.3553977651557409,0.031790442937578434,1.4215978849240918,-1.2265635819309548,0.07455040603855266,0.8861849234844901,1.0185660986795246,-0.35479675854764126
e92e7c09-c1b8-4f72-a7a8-f75077608d1b,e9fb2cdf-79e4-478e-b6ac-0a722e9e07c6,2026-08-15T13:41:52.149000+00:00,2026-08-15T13:42:22.149000+00:00,-0.4139692827659447,-1.5097408290733865,1.0381209205153097,-0.5145570656153927,-1.7315731701063024,1.3951304777490534,0.1534098436968443,1.078566888215264,0.41460093810047355,0.13587893653594213,1.4544699990933463,-1.439643194900571
e92e7c09-c1b8-4f72-a7a8-f75077608d1b,ab25bfe3-fb2a-4125-9fc1-f942cf986fdf,2026-08-16T07:41:52.149000+00:00,2026-08-16T07:42:22.149000+00:00,-1.2487056046452343,0.4190578680515153,-0.6596343956801237,1.211395677524521,-1.1720563706888123,-0.14047982311619245,0.787503864310468,-0.32181937797938437,-1.4731451878608728,-0.6323166189557156,1.438215750205447,-1.133884466191906
e92e7c09-c1b8-4f72-a7a8-f75077608d1b,683fb37f-6a47-4d27-b196-f268e545c7fc,2026-08-16T22:41:52.149000+00:00,2026-08-16T22:42:22.149000+00:00,1.7549608001927062,1.5489795176409233,0.12327304651245947,-0.13616280326283983,0.27133735125530895,-1.3953104653455404,-1.1147781975304032,-0.25685982805876334,-1.2133502203029913,-1.5151307080423502,0.5318094306540265,-1.3254887497090302
e92e7c09-c1b8-4f72-a7a8-f75077608d1b,683fb37f-6a47-4d27-b196-f268e545c7fc,2026-08-16T08:41:52.149000+00:00,2026-08-16T08:42:22.149000+00:00,-0.3961389767364315,0.16651042987474693,1.3529571353513759,-1.2951229183945647,-1.7488422918642117,0.07928689039634122,-1.431825207837215,-0.5227693486579847,-1.1543681823045977,-1.0709435972878545,-0.333769216551973,-0.8695780913015156
e92e7c09-c1b8-4f72-a7a8-f75077608d1b,683fb37f-6a47-4d27-b196-f268e545c7fc,2026-08-15T08:41:52.149000+00:00,2026-08-15T08:42:22.149000+00:00,-0.37851424901213754,0.14287541373945936,1.7672474530286237,-1.3286180252770634,1.4261359835729797,1.013593895771464,-0.4806841769167794,1.2017671890221342,0.9555194857945206,-0.15242488086230596,-0.2259695061048964,1.2010764809061698
e92e7c09-c1b8-4f72-a7a8-f75077608d1b,e9fb2cdf-79e4-478e-b6ac-0a722e9e07c6,2026-08-17T06:41:52.149000+00:00,2026-08-17T06:42:22.149000+00:00,-0.81108705792628,-1.580966702507331,-0.38810233889474016,-1.7554454803349313,0.09208404236124378,1.5911210171375152,0.787503864310468,-1.011132640891842,0.9846428575880193,1.2453579345273962,1.0109849723934272,1.3451085962708136
e92e7c09-c1b8-4f72-a7a8-f75077608d1b,e9fb2cdf-79e4-478e-b6ac-0a722e9e07c6,2026-08-16T01:41:52.149000+00:00,2026-08-16T01:42:22.149000+00:00,-0.07136496018071113,-1.3649598018286138,0.23571407294174945,-0.16767129555061364,1.1903639246465152,-0.9807878398575102,-1.1147781975304032,-1.3337904281068629,-0.013238386998840551,-0.3331666860821737,0.3636123220642134,-0.2644996551599897
e92e7c09-c1b8-4f72-a7a8-f75077608d1b,e9fb2cdf-79e4-478e-b6ac-0a722e9e07c6,2026-08-14T15:41:52.149000+00:00,2026-08-14T15:42:22.149000+00:00,1.9251677573817545,-0.8545750005960042,-0.8788734300973535,-0.8702861721979843,-0.7195136648608761,0.3021904818287292,-0.4806841769167794,-0.8203970241463213,0.3933048448390015,1.352908895602442,-1.4919663087962658,1.562152291016607
e92e7c09-c1b8-4f72-a7a8-f75077608d1b,a36c8d90-c089-40c7-921e-909160986f4f,2026-08-14T19:41:52.149000+00:00,2026-08-14T19:42:22.149000+00:00,-0.607425707922718,-1.13325666011569,-1.1424196164471079,-1.3902891026262127,-0.22054108322591787,-1.1984961726404184,-0.16363716660996755,-0.8863381084738756,-0.6054117291344812,-1.4419171177310948,-0.8339276191940975,-1.3327210147336253
e92e7c09-c1b8-4f72-a7a8-f75077608d1b,ab25bfe3-fb2a-4125-9fc1-f942cf986fdf,2026-08-15T22:41:52.149000+00:00,2026-08-15T22:42:22.149000+00:00,0.3855076435336892,-1.1560453079866833,1.8044641790580611,0.16805399338498328,1.422187198669284,0.5349557149753401,1.1045508746172799,0.7764906675991072,-0.6353466271532855,1.4067906070297123,0.954303169431885,1.5896280826358704
e92e7c09-c1b8-4f72-a7a8-f75077608d1b,ab25bfe3-fb2a-4125-9fc1-f942cf986fdf,2026-08-15T07:41:52.149000+00:00,2026-08-15T07:42:22.149000+00:00,1.2949854600306512,1.5017918519179647,-1.6571529674233765,1.8285136905109212,0.8738315343182455,-0.39395867851974065,-0.4806841769167794,-0.3651570547228452,1.4768628738787284,-0.866434770469616,1.4447240629888236,-1.4762615697354236
e92e7c09-c1b8-4f72-a7a8-f75077608d1b,43c7c9d4-9f4b-4823-bc49-2bdd58b9a92d,2026-08-16T09:41:52.149000+00:00,2026-08-16T09:42:22.149000+00:00,-1.4629029730511816,-0.5731483046310555,0.27064604322276303,0.9748322027906016,-0.95643222105895,1.5201073631440027,1.4215978849240918,-0.17079957208056518,1.4276284168246884,0.7565786396800885,0.8267265435223586,-0.7366315043581084
e92e7c09-c1b8-4f72-a7a8-f75077608d1b,e9fb2cdf-79e4-478e-b6ac-0a722e9e07c6,2026-08-16T12:41:52.149000+00:00,2026-08-16T12:42:22.149000+00:00,0.8139903583957323,-0.853481119416179,1.5859635135218049,-1.0396631468429256,0.8908865459697856,0.8599543655725491,0.1534098436968443,-1.534360466243843,1.559190044310125,0.25238823337082744,1.394127128784697,-0.9277069416780814
e92e7c09-c1b8-4f72-a7a8-f75077608d1b,a36c8d90-c089-40c7-921e-909160986f4f,2026-08-15T12:41:52.149000+00:00,2026-08-15T12:42:22.149000+00:00,-1.0274391742179643,0.3243778979931175,-0.7889244439822459,0.814139511821955,1.3332589277500846,-0.29877291077975626,0.787503864310468,-1.517254259662535,1.5676004805809136,1.2883119474726383,-1.371113329942696,0.5214245355579153
e92e7c09-c1b8-4f72-a7a8-f75077608d1b,a36c8d90-c089-40c7-921e-909160986f4f,2026-08-16T23:41:52.149000+00:00,2026-08-16T23:42:22.149000+00:00,1.783613883049357,0.8712528929604888,0.8081962315459108,-0.01244115816154812,-0.5305441720762114,-1.411037650805821,1.1045508746172799,-0.5817542080043604,1.4372898161784202,-1.31680925762927,0.8920453544963638,-0.8660353870568117
e92e7c09-c1b8-4f72-a7a8-f75077608d1b,ab25bfe3-fb2a-4125-9fc1-f942cf986fdf,2026-08-17T03:41:52.149000+00:00,2026-08-17T03:42:22.149000+00:00,1.1803267921529679,0.24010212767733596,-1.5820263443361364,-1.071287041762688,1.2408379572090547,-0.5104205248484995,-0.7977311872235913,0.5257869541514296,0.19172382332107057,1.299076601554637,-0.2730898730589604,-0.7916857217233915
e92e7c09-c1b8-4f72-a7a8-f75077608d1b,e9fb2cdf-79e4-478e-b6ac-0a722e9e07c6,2026-08-16T00:41:52.149000+00:00,2026-08-16T00:42:22.149000+00:00,-0.7090413094654068,-1.5514652865393346,0.4671375597763337,1.1229175302250478,0.6443904373617368,1.3261216196039143,0.47045685400365617,-0.3527954526569899,0.319596943986368,-0.655364707150013,0.8715571337330231,0.36987400766725875
e92e7c09-c1b8-4f72-a7a8-f75077608d1b,a36c8d90-c089-40c7-921e-909160986f4f,2026-08-15T16:41:52.149000+00:00,2026-08-15T16:42:22.149000+00:00,0.3307800854357759,1.9877926325775335,-1.7520222156641279,-0.07078170587731061,-0.010866665476743097,1.0181809416546705,1.1045508746172799,-0.38277816166584255,1.0108572067885406,-0.2145485363545257,1.1442457931365058,1.3884201230075903
e92e7c09-c1b8-4f72-a7a8-f75077608d1b,683fb37f-6a47-4d27-b196-f268e545c7fc,2026-08-17T02:41:52.149000+00:00,2026-08-17T02:42:22.149000+00:00,0.5809789570886947,0.10378688867885486,0.2078487210419668,-1.1735752528383123,0.8574389070202887,-1.0725817989878395,1.1045508746172799,0.23772993310288515,1.274380704327007,0.19264322445058576,1.3111974457765927,1.1164916190127994
e92e7c09-c1b8-4f72-a7a8-f75077608d1b,43c7c9d4-9f4b-4823-bc49-2bdd58b9a92d,2026-08-16T03:41:52.149000+00:00,2026-08-16T03:42:22.149000+00:00,-1.505123566193041,-0.32123710545756057,0.05148693053937101,0.19725346803614957,1.2366909956901295,-1.517479954472909,-1.431825207837215,1.0837651850687657,-0.4864251587247003,1.2225921603017327,-0.06522194298660201,-0.5823241142648217
e92e7c09-c1b8-4f72-a7a8-f75077608d1b,a36c8d90-c089-40c7-921e-909160986f4f,2026-08-16T03:41:52.149000+00:00,2026-08-16T03:42:22.149000+00:00,-0.5835292748211747,0.3757958944344182,-0.10566805381688892,1.698378886330911,-0.815775834791106,-0.5181454759841627,-0.7977311872235913,1.0169321595180154,0.9323414331649136,0.2178334762410021,-0.10082635354311954,-0.8338065282843133
e92e7c09-c1b8-4f72-a7a8-f75077608d1b,e9fb2cdf-79e4-478e-b6ac-0a722e9e07c6,2026-08-15T01:41:52.149000+00:00,2026-08-15T01:42:22.149000+00:00,-0.10349936190880245,0.29408203573492214,1.2853989830416663,1.8675977806450017,0.5621514762557381,0.8193927347900255,0.1534098436968443,-0.33694884395658437,0.550693365655664,0.6785953642383364,-1.0530998684362647,0.8369136642976144
e92e7c09-c1b8-4f72-a7a8-f75077608d1b,e9fb2cdf-79e4-478e-b6ac-0a722e9e07c6,2026-08-16T06:41:52.149000+00:00,2026-08-16T06:42:22.149000+00:00,-0.8617188741817932,1.6027409086436692,1.1156840830738486,-0.47742228445538476,-1.7512717185492799,0.6229589148633992,0.787503864310468,-1.5165784476012698,-0.4185493359036249,-1.5529834469273565,-0.8713045374237406,1.5064121206081293
e92e7c09-c1b8-4f72-a7a8-f75077608d1b,683fb37f-6a47-4d27-b196-f268e545c7fc,2026-08-16T20:41:52.149000+00:00,2026-08-16T20:42:22.149000+00:00,2.0106917900287895,1.0127422956251624,0.6556222914741722,-1.0072927531600702,-0.9597624167362576,0.6360651862986969,-1.1147781975304032,-0.9869181632164442,1.4911868852835917,1.3145066290293685,-1.5800111256375646,0.10801293556574157
e92e7c09-c1b8-4f72-a7a8-f75077608d1b,43c7c9d4-9f4b-4823-bc49-2bdd58b9a92d,2026-08-15T08:41:52.149000+00:00,2026-08-15T08:42:22.149000+00:00,-0.9741283422638207,1.1009344286557623,-1.7923484249485224,1.0065712289520665,-0.4432398616573973,-0.0657689113559915,1.1045508746172799,1.5728356845199019,-0.4626840335795729,1.0672625209061526,0.8432062346724443,-1.414029385261471
e92e7c09-c1b8-4f72-a7a8-f75077608d1b,ab25bfe3-fb2a-4125-9fc1-f942cf986fdf,2026-08-14T20:41:52.149000+00:00,2026-08-14T20:42:22.149000+00:00,-0.33357288844572164,0.15033031789756637,-0.06486287498184537,0.567341162922273,-0.42130393219088963,1.4058109852148124,0.47045685400365617,-1.2037520059424924,-0.06288665746721844,1.479822642286941,-0.38441203391279877,-1.0761087457296368
e92e7c09-c1b8-4f72-a7a8-f75077608d1b,683fb37f-6a47-4d27-b196-f268e545c7fc,2026-08-15T03:41:52.149000+00:00,2026-08-15T03:42:22.149000+00:00,0.6921200045836906,-0.4587187095911277,1.6405880044991308,0.8542384952532514,-1.4941840340079566,0.17286335894938107,-1.431825207837215,0.9875430745332521,0.24121157159342965,0.5069287711631033,-0.3040989721291077,-0.6384177153045585
e92e7c09-c1b8-4f72-a7a8-f75077608d1b,43c7c9d4-9f4b-4823-bc49-2bdd58b9a92d,2026-08-15T22:41:52.149000+00:00,2026-08-15T22:42:22.149000+00:00,-0.9862742537152261,-1.089559030546804,0.3624721769372948,-0.8435217042881009,-0.44292290048366806,0.6555828746384095,-0.16363716660996755,1.3699132554658269,-0.7576466594263527,-1.1435915057636,1.2387340233342394,-0.0978542784341985
e92e7c09-c1b8-4f72-a7a8-f75077608d1b,e9fb2cdf-79e4-478e-b6ac-0a722e9e07c6,2026-08-15T08:41:52.149000+00:00,2026-08-15T08:42:22.149000+00:00,-0.31286135594756237,-1.287117451714865,1.4490918395134313,1.0470960786097003,0.8184532733030466,-1.3432366128891609,1.1045508746172799,1.690033537279607,-0.30192559817610287,-0.8625274866138494,-0.5105757454838973,-0.6926201407128163
e92e7c09-c1b8-4f72-a7a8-f75077608d1b,a36c8d90-c089-40c7-921e-909160986f4f,2026-08-15T13:41:52.149000+00:00,2026-08-15T13:42:22.149000+00:00,-0.3437689888222057,0.9882408504410808,-1.3040123118274298,-0.10337861620967172,0.9777623972591016,-0.565947661049228,0.787503864310468,0.16518433638177699,0.9088894798370003,-0.5704705492267945,1.449172545695041,1.2069711507186915
e92e7c09-c1b8-4f72-a7a8-f75077608d1b,ab25bfe3-fb2a-4125-9fc1-f942cf986fdf,2026-08-16T01:41:52.149000+00:00,2026-08-16T01:42:22.149000+00:00,-0.5419386440659668,-1.3220228492832486,-0.31873978914558476,-0.54006187256815,-0.948547684629147,-0.6128972055890377,-1.1147781975304032,1.4048828076184166,0.3813444738788199,-1.3137482162626521,0.7465074771166946,-0.6565307793313657
e92e7c09-c1b8-4f72-a7a8-f75077608d1b,683fb37f-6a47-4d27-b196-f268e545c7fc,2026-08-15T05:41:52.149000+00:00,2026-08-15T05:42:22.149000+00:00,-0.6675464464577417,-0.7878193231934696,-0.6120267110524009,-0.6876969453744052,0.6686173965450115,0.3184863895926846,-1.7488722181440268,-0.06736173145613539,-0.49471126217903194,-0.6845065439573134,-1.4139041821490812,0.5717354956949536
e92e7c09-c1b8-4f72-a7a8-f75077608d1b,43c7c9d4-9f4b-4823-bc49-2bdd58b9a92d,2026-08-16T12:41:52.149000+00:00,2026-08-16T12:42:22.149000+00:00,0.11395106916507643,0.9885806202465862,0.9137355266609062,0.5082940846764158,0.7691564303768362,-1.0967018898510381,-0.4806841769167794,-1.6889739108951245,1.6899045263841235,1.114257111602697,0.12234374956997053,-0.9613923822862687
e92e7c09-c1b8-4f72-a7a8-f75077608d1b,a90f9b8d-c3f1-4748-99d5-cc782623de81,2026-08-15T03:42:51.029000+00:00,2026-08-15T03:43:21.029000+00:00,0.6921200045836906,-0.4587187095911277,1.6405880044991308,0.8542384952532514,-1.4941840340079566,0.17286335894938107,-1.431825207837215,0.9875430745332521,0.24121157159342965,0.5069287711631033,-0.3040989721291077,-0.6384177153045585
e92e7c09-c1b8-4f72-a7a8-f75077608d1b,a90f9b8d-c3f1-4748-99d5-cc782623de81,2026-08-16T09:42:51.029000+00:00,2026-08-16T09:43:21.029000+00:00,0.6259884815861255,1.2396168322072207,0.36686395948672174,1.232306350156015,-0.19456445198704064,0.022704519998537898,-0.16363716660996755,1.088252463783719,-1.3139740688809685,0.9362475671952561,0.33582699678402905,0.08848735203879964
e92e7c09-c1b8-4f72-a7a8-f75077608d1b,a90f9b8d-c3f1-4748-99d5-cc782623de81,2026-08-17T00:42:51.029000+00:00,2026-08-17T00:43:21.029000+00:00,-0.8072831694333965,-0.834782034857818,-0.7806272533148241,-1.263751781263141,0.8792756625252357,1.836659660016241,0.1534098436968443,1.5597214803047987,0.39329054134862873,-0.5732354739717259,-0.21019838640643546,-1.1477438074203956
e92e7c09-c1b8-4f72-a7a8-f75077608d1b,024a219c-b4f9-4b79-9849-65b13577f642,2026-08-15T08:42:51.029000+00:00,2026-08-15T08:43:21.029000+00:00,1.8559117585001217,-0.01858456869773156,-0.7934009544458989,0.04161217695725758,1.3650405560412389,-1.1167474307711236,-0.4806841769167794,-0.41028796783286847,-0.15439120565342002,-0.5818607800141441,-0.3082403580085645,0.19789369635521675
e92e7c09-c1b8-4f72-a7a8-f75077608d1b,eaa77718-5754-4734-b3cf-a779b607ee8f,2026-08-15T01:42:51.029000+00:00,2026-08-15T01:43:21.029000+00:00,-0.10349936190880245,0.29408203573492214,1.2853989830416663,1.8675977806450017,0.5621514762557381,0.8193927347900255,0.1534098436968443,-0.33694884395658437,0.550693365655664,0.6785953642383364,-1.0530998684362647,0.8369136642976144
e92e7c09-c1b8-4f72-a7a8-f75077608d1b,eaa77718-5754-4734-b3cf-a779b607ee8f,2026-08-16T00:42:51.029000+00:00,2026-08-16T00:43:21.029000+00:00,-0.7090413094654068,-1.5514652865393346,0.4671375597763337,1.1229175302250478,0.6443904373617368,1.3261216196039143,0.47045685400365617,-0.3527954526569899,0.319596943986368,-0.655364707150013,0.8715571337330231,0.36987400766725875
e92e7c09-c1b8-4f72-a7a8-f75077608d1b,9c0d9803-ed7b-44ca-a30f-1c3ff96c03b1,2026-08-16T01:42:51.029000+00:00,2026-08-16T01:43:21.029000+00:00,-0.5419386440659668,-1.3220228492832486,-0.31873978914558476,-0.54006187256815,-0.948547684629147,-0.6128972055890377,-1.1147781975304032,1.4048828076184166,0.3813444738788199,-1.3137482162626521,0.7465074771166946,-0.6565307793313657
e92e7c09-c1b8-4f72-a7a8-f75077608d1b,9c0d9803-ed7b-44ca-a30f-1c3ff96c03b1,2026-08-17T03:42:51.029000+00:00,2026-08-17T03:43:21.029000+00:00,1.1803267921529679,0.24010212767733596,-1.5820263443361364,-1.071287041762688,1.2408379572090547,-0.5104205248484995,-0.7977311872235913,0.5257869541514296,0.19172382332107057,1.299076601554637,-0.2730898730589604,-0.7916857217233915
e92e7c09-c1b8-4f72-a7a8-f75077608d1b,a90f9b8d-c3f1-4748-99d5-cc782623de81,2026-08-15T08:42:51.029000+00:00,2026-08-15T08:43:21.029000+00:00,0.6277488003365554,-0.9841019398484117,0.5420924263239633,1.6805196519283567,-0.9077263770027797,-0.36053227764243684,1.1045508746172799,-1.6329803667605565,-0.9246942730418635,1.5281331434145022,0.21098575966378647,0.8662713507335223
e92e7c09-c1b8-4f72-a7a8-f75077608d1b,eaa77718-5754-4734-b3cf-a779b607ee8f,2026-08-16T13:42:51.029000+00:00,2026-08-16T13:43:21.029000+00:00,1.4528272048555235,1.5805489797755121,-1.748592742468892,0.43663899252223815,0.3553977651557409,0.031790442937578434,1.4215978849240918,-1.2265635819309548,0.07455040603855266,0.8861849234844901,1.0185660986795246,-0.35479675854764126
e92e7c09-c1b8-4f72-a7a8-f75077608d1b,39bd6af0-9893-459b-b1d7-4d8a06a62405,2026-08-16T03:42:51.029000+00:00,2026-08-16T03:43:21.029000+00:00,-0.5835292748211747,0.3757958944344182,-0.10566805381688892,1.698378886330911,-0.815775834791106,-0.5181454759841627,-0.7977311872235913,1.0169321595180154,0.9323414331649136,0.2178334762410021,-0.10082635354311954,-0.8338065282843133
e92e7c09-c1b8-4f72-a7a8-f75077608d1b,39bd6af0-9893-459b-b1d7-4d8a06a62405,2026-08-14T15:42:51.029000+00:00,2026-08-14T15:43:21.029000+00:00,-1.3613826351474538,-0.5596057729292384,0.18672680303990297,-0.8963204282388033,0.08651529078607278,-1.5099099167980699,-0.7977311872235913,-0.6509064143434402,0.2845018252607423,-1.3277147777908742,-0.47142439236205913,-1.3294994997088283
e92e7c09-c1b8-4f72-a7a8-f75077608d1b,a90f9b8d-c3f1-4748-99d5-cc782623de81,2026-08-15T16:42:51.029000+00:00,2026-08-15T16:43:21.029000+00:00,1.0399136266622695,-0.25529769334466695,-1.5557130304139655,-0.6421827077826671,-0.06998440256690842,-0.005801703348449363,1.1045508746172799,-0.953533575326778,-0.5031094229161622,1.601328051846414,-1.2776383925477262,0.7957900457504007
e92e7c09-c1b8-4f72-a7a8-f75077608d1b,a90f9b8d-c3f1-4748-99d5-cc782623de81,2026-08-16T08:42:51.029000+00:00,2026-08-16T08:43:21.029000+00:00,-0.7821248767328365,-0.6837599169631838,-0.473452778347789,1.502282059450501,1.2559091834349316,0.3424633244024756,1.1045508746172799,-0.28391394929178,-1.2397627501229869,-1.4805452080666142,-1.6076405597412908,-1.0305075436967628
e92e7c09-c1b8-4f72-a7a8-f75077608d1b,eaa77718-5754-4734-b3cf-a779b607ee8f,2026-08-17T06:42:51.029000+00:00,2026-08-17T06:43:21.029000+00:00,-0.81108705792628,-1.580966702507331,-0.38810233889474016,-1.7554454803349313,0.09208404236124378,1.5911210171375152,0.787503864310468,-1.011132640891842,0.9846428575880193,1.2453579345273962,1.0109849723934272,1.3451085962708136
e92e7c09-c1b8-4f72-a7a8-f75077608d1b,39bd6af0-9893-459b-b1d7-4d8a06a62405,2026-08-15T16:42:51.029000+00:00,2026-08-15T16:43:21.029000+00:00,0.3307800854357759,1.9877926325775335,-1.7520222156641279,-0.07078170587731061,-0.010866665476743097,1.0181809416546705,1.1045508746172799,-0.38277816166584255,1.0108572067885406,-0.2145485363545257,1.1442457931365058,1.3884201230075903
e92e7c09-c1b8-4f72-a7a8-f75077608d1b,39bd6af0-9893-459b-b1d7-4d8a06a62405,2026-08-16T23:42:51.029000+00:00,2026-08-16T23:43:21.029000+00:00,1.783613883049357,0.8712528929604888,0.8081962315459108,-0.01244115816154812,-0.5305441720762114,-1.411037650805821,1.1045508746172799,-0.5817542080043604,1.4372898161784202,-1.31680925762927,0.8920453544963638,-0.8660353870568117
e92e7c09-c1b8-4f72-a7a8-f75077608d1b,a90f9b8d-c3f1-4748-99d5-cc782623de81,2026-08-15T08:42:51.029000+00:00,2026-08-15T08:43:21.029000+00:00,-0.37851424901213754,0.14287541373945936,1.7672474530286237,-1.3286180252770634,1.4261359835729797,1.013593895771464,-0.4806841769167794,1.2017671890221342,0.9555194857945206,-0.15242488086230596,-0.2259695061048964,1.2010764809061698
e92e7c09-c1b8-4f72-a7a8-f75077608d1b,024a219c-b4f9-4b79-9849-65b13577f642,2026-08-15T02:42:51.029000+00:00,2026-08-15T02:43:21.029000+00:00,-0.11278976888310635,0.988007719096674,-1.0768703788103369,0.13475456143026635,-1.5377255711503692,0.6919154762109138,-1.7488722181440268,1.5376119565941377,-1.7042153264926314,-0.849107515977462,1.4322914898935435,0.5681982562827844
e92e7c09-c1b8-4f72-a7a8-f75077608d1b,39bd6af0-9893-459b-b1d7-4d8a06a62405,2026-08-14T23:42:51.029000+00:00,2026-08-14T23:43:21.029000+00:00,0.528652072314354,1.1396387145365197,-1.4955472261040423,0.3632699326409924,0.3493876366583471,0.714097617070198,-0.16363716660996755,0.24882993154377006,-0.8058783126526632,0.307750561837403,-1.4200291687830535,1.5823159781857616
e92e7c09-c1b8-4f72-a7a8-f75077608d1b,024a219c-b4f9-4b79-9849-65b13577f642,2026-08-16T08:42:51.029000+00:00,2026-08-16T08:43:21.029000+00:00,-1.5813291376215577,-0.7979999370545068,1.1626488116951765,-0.6203628367881778,-0.24920940982118506,0.9068051330924211,-1.1147781975304032,0.8449589050809386,-0.602281597056016,-1.0676798726526815,-1.0682318346922957,-0.8180892662396575
e92e7c09-c1b8-4f72-a7a8-f75077608d1b,39bd6af0-9893-459b-b1d7-4d8a06a62405,2026-08-17T02:42:51.029000+00:00,2026-08-17T02:43:21.029000+00:00,0.2176229773404448,-0.9833820216815768,-1.4599782455580022,-0.8405677407655112,-0.7100551425653234,1.6217598121751222,1.1045508746172799,1.4256293070286026,0.8796791939902145,1.651687576391734,-0.21474530988944626,-0.7053471251864161
e92e7c09-c1b8-4f72-a7a8-f75077608d1b,a90f9b8d-c3f1-4748-99d5-cc782623de81,2026-08-16T22:42:51.029000+00:00,2026-08-16T22:43:21.029000+00:00,1.7549608001927062,1.5489795176409233,0.12327304651245947,-0.13616280326283983,0.27133735125530895,-1.3953104653455404,-1.1147781975304032,-0.25685982805876334,-1.2133502203029913,-1.5151307080423502,0.5318094306540265,-1.3254887497090302
e92e7c09-c1b8-4f72-a7a8-f75077608d1b,a90f9b8d-c3f1-4748-99d5-cc782623de81,2026-08-15T15:42:51.029000+00:00,2026-08-15T15:43:21.029000+00:00,-1.7244252061094258,1.474800128465876,-0.9097297217895421,-0.0008420295966835153,0.6281717364394027,-1.0891745433015216,0.1534098436968443,-0.3941391966989402,0.8138113630364542,-1.111321559380369,0.3332208302487307,0.729062722404959
e92e7c09-c1b8-4f72-a7a8-f75077608d1b,024a219c-b4f9-4b79-9849-65b13577f642,2026-08-17T00:42:51.029000+00:00,2026-08-17T00:43:21.029000+00:00,0.5328111450009878,-0.26334061075330506,1.0506669370859953,0.5243401783806316,-1.2907801090690816,0.9545676504602854,0.1534098436968443,-0.3849478696897755,1.43770385349647,0.6566644826982402,1.108156989916273,0.40794665244038264
e92e7c09-c1b8-4f72-a7a8-f75077608d1b,9c0d9803-ed7b-44ca-a30f-1c3ff96c03b1,2026-08-16T04:42:51.029000+00:00,2026-08-16T04:43:21.029000+00:00,-0.7844907677089837,0.581187685425687,-0.48315940900464704,1.4075801270623316,-0.6458130234978131,-0.7791421944647627,-1.7488722181440268,-1.0909156490585628,-0.9304255131596416,-0.5459688633055203,0.7249342098296234,0.4067922379641316
e92e7c09-c1b8-4f72-a7a8-f75077608d1b,9c0d9803-ed7b-44ca-a30f-1c3ff96c03b1,2026-08-15T22:42:51.029000+00:00,2026-08-15T22:43:21.029000+00:00,0.3855076435336892,-1.1560453079866833,1.8044641790580611,0.16805399338498328,1.422187198669284,0.5349557149753401,1.1045508746172799,0.7764906675991072,-0.6353466271532855,1.4067906070297123,0.954303169431885,1.5896280826358704
e92e7c09-c1b8-4f72-a7a8-f75077608d1b,9c0d9803-ed7b-44ca-a30f-1c3ff96c03b1,2026-08-14T20:42:51.029000+00:00,2026-08-14T20:43:21.029000+00:00,-0.33357288844572164,0.15033031789756637,-0.06486287498184537,0.567341162922273,-0.42130393219088963,1.4058109852148124,0.47045685400365617,-1.2037520059424924,-0.06288665746721844,1.479822642286941,-0.38441203391279877,-1.0761087457296368
e92e7c09-c1b8-4f72-a7a8-f75077608d1b,024a219c-b4f9-4b79-9849-65b13577f642,2026-08-16T00:42:51.029000+00:00,2026-08-16T00:43:21.029000+00:00,-0.3761240873844761,-0.5271127633543004,0.16894694530032386,0.4742666669994245,1.3812428863084454,-1.1264903886154427,-0.16363716660996755,1.441958531425943,-0.5267501462416092,-0.5597255945530571,-0.6523834808037837,1.4292416281840519
e92e7c09-c1b8-4f72-a7a8-f75077608d1b,024a219c-b4f9-4b79-9849-65b13577f642,2026-08-15T22:42:51.029000+00:00,2026-08-15T22:43:21.029000+00:00,-0.9862742537152261,-1.089559030546804,0.3624721769372948,-0.8435217042881009,-0.44292290048366806,0.6555828746384095,-0.16363716660996755,1.3699132554658269,-0.7576466594263527,-1.1435915057636,1.2387340233342394,-0.0978542784341985
e92e7c09-c1b8-4f72-a7a8-f75077608d1b,eaa77718-5754-4734-b3cf-a779b607ee8f,2026-08-16T01:42:51.029000+00:00,2026-08-16T01:43:21.029000+00:00,1.0978972847719088,0.9619232653436751,0.241440062747851,-0.7094864368476574,-0.6836121480663085,-0.7724280255010197,1.4215978849240918,0.2922362308141751,-1.3191402397409397,-0.585907350243336,-1.0640343638151044,-1.657370670181303
e92e7c09-c1b8-4f72-a7a8-f75077608d1b,39bd6af0-9893-459b-b1d7-4d8a06a62405,2026-08-15T02:42:51.029000+00:00,2026-08-15T02:43:21.029000+00:00,1.576886853269879,0.47611740649168827,-0.1267206164855513,-1.0721322438785241,1.1979732457315866,-1.1150619572292422,-1.431825207837215,-0.31476505922945475,-0.8592975692605258,1.398880559432122,0.6088224237080605,1.2014565839502538
e92e7c09-c1b8-4f72-a7a8-f75077608d1b,a90f9b8d-c3f1-4748-99d5-cc782623de81,2026-08-15T05:42:51.029000+00:00,2026-08-15T05:43:21.029000+00:00,-0.6675464464577417,-0.7878193231934696,-0.6120267110524009,-0.6876969453744052,0.6686173965450115,0.3184863895926846,-1.7488722181440268,-0.06736173145613539,-0.49471126217903194,-0.6845065439573134,-1.4139041821490812,0.5717354956949536
e92e7c09-c1b8-4f72-a7a8-f75077608d1b,024a219c-b4f9-4b79-9849-65b13577f642,2026-08-16T03:42:51.029000+00:00,2026-08-16T03:43:21.029000+00:00,-1.505123566193041,-0.32123710545756057,0.05148693053937101,0.19725346803614957,1.2366909956901295,-1.517479954472909,-1.431825207837215,1.0837651850687657,-0.4864251587247003,1.2225921603017327,-0.06522194298660201,-0.5823241142648217
e92e7c09-c1b8-4f72-a7a8-f75077608d1b,024a219c-b4f9-4b79-9849-65b13577f642,2026-08-15T10:42:51.029000+00:00,2026-08-15T10:43:21.029000+00:00,1.4751555824855884,-0.2087341491380823,0.11374992769697143,-1.3960811031520997,-1.4911594200714717,-1.3947162341404973,-0.7977311872235913,0.39109023779841023,-1.0916986454289381,0.057509391244216584,0.44890425131456285,-0.800554672939665
e92e7c09-c1b8-4f72-a7a8-f75077608d1b,eaa77718-5754-4734-b3cf-a779b607ee8f,2026-08-14T15:42:51.029000+00:00,2026-08-14T15:43:21.029000+00:00,1.9251677573817545,-0.8545750005960042,-0.8788734300973535,-0.8702861721979843,-0.7195136648608761,0.3021904818287292,-0.4806841769167794,-0.8203970241463213,0.3933048448390015,1.352908895602442,-1.4919663087962658,1.562152291016607
e92e7c09-c1b8-4f72-a7a8-f75077608d1b,eaa77718-5754-4734-b3cf-a779b607ee8f,2026-08-16T06:42:51.029000+00:00,2026-08-16T06:43:21.029000+00:00,-0.8617188741817932,1.6027409086436692,1.1156840830738486,-0.47742228445538476,-1.7512717185492799,0.6229589148633992,0.787503864310468,-1.5165784476012698,-0.4185493359036249,-1.5529834469273565,-0.8713045374237406,1.5064121206081293
e92e7c09-c1b8-4f72-a7a8-f75077608d1b,9c0d9803-ed7b-44ca-a30f-1c3ff96c03b1,2026-08-17T01:42:51.029000+00:00,2026-08-17T01:43:21.029000+00:00,0.5738513220340149,0.2132419438662469,-0.01239967526586483,1.4806856905864036,0.5469476162618263,-0.7033719853554301,1.1045508746172799,0.5203166266598848,-1.1317981811845657,0.20941901491811513,-1.5865164822528761,1.277073046133905
e92e7c09-c1b8-4f72-a7a8-f75077608d1b,024a219c-b4f9-4b79-9849-65b13577f642,2026-08-17T00:42:51.029000+00:00,2026-08-17T00:43:21.029000+00:00,-0.21246792941002313,-0.8180944916220136,0.07167576221313439,-1.6915536606342811,1.4736673213527083,-1.1609528152013584,1.1045508746172799,-1.758901437426777,-0.767547287796644,-1.3532757564855253,0.3852267431796986,1.4025338007337067
e92e7c09-c1b8-4f72-a7a8-f75077608d1b,024a219c-b4f9-4b79-9849-65b13577f642,2026-08-16T15:42:51.029000+00:00,2026-08-16T15:43:21.029000+00:00,-0.40934062411619343,-0.9553196016167095,0.015815740732497665,-1.3285303707347162,1.302302527128023,0.517935661290436,-0.16363716660996755,1.7622011542360854,1.650009453304708,0.9704688513910578,1.2761554753694622,1.587078275092868
e92e7c09-c1b8-4f72-a7a8-f75077608d1b,eaa77718-5754-4734-b3cf-a779b607ee8f,2026-08-14T12:42:51.029000+00:00,2026-08-14T12:43:21.029000+00:00,0.02720378303123161,1.7936716645155766,-0.9613799676802907,0.5321876185230372,-1.1823431802164341,1.6307904144263698,-1.1147781975304032,0.45400033445425664,-1.2147485766450268,-0.37284901536385173,-1.7199416781870587,0.6942859846513175
e92e7c09-c1b8-4f72-a7a8-f75077608d1b,39bd6af0-9893-459b-b1d7-4d8a06a62405,2026-08-14T19:42:51.029000+00:00,2026-08-14T19:43:21.029000+00:00,-0.607425707922718,-1.13325666011569,-1.1424196164471079,-1.3902891026262127,-0.22054108322591787,-1.1984961726404184,-0.16363716660996755,-0.8863381084738756,-0.6054117291344812,-1.4419171177310948,-0.8339276191940975,-1.3327210147336253
e92e7c09-c1b8-4f72-a7a8-f75077608d1b,eaa77718-5754-4734-b3cf-a779b607ee8f,2026-08-14T13:42:51.029000+00:00,2026-08-14T13:43:21.029000+00:00,-0.8546726347139628,-1.1904439948432557,0.4023490723454207,1.2266703092754387,1.204770171338401,-0.6431170352716058,-0.7977311872235913,0.893496062501833,0.30027716802495047,-0.8385350123672672,-0.9476318463610509,0.6340779914384483
e92e7c09-c1b8-4f72-a7a8-f75077608d1b,eaa77718-5754-4734-b3cf-a779b607ee8f,2026-08-15T13:42:51.029000+00:00,2026-08-15T13:43:21.029000+00:00,-0.4139692827659447,-1.5097408290733865,1.0381209205153097,-0.5145570656153927,-1.7315731701063024,1.3951304777490534,0.1534098436968443,1.078566888215264,0.41460093810047355,0.13587893653594213,1.4544699990933463,-1.439643194900571
e92e7c09-c1b8-4f72-a7a8-f75077608d1b,eaa77718-5754-4734-b3cf-a779b607ee8f,2026-08-15T04:42:51.029000+00:00,2026-08-15T04:43:21.029000+00:00,0.5852252526442319,1.8537115354786138,0.7052483363071522,0.7481600312475691,-0.7505990161096122,-1.6185984395459532,-0.7977311872235913,-0.5823491962005449,-1.7599490182670599,-0.613617811200344,1.2369098720131448,-0.14067570510763636
e92e7c09-c1b8-4f72-a7a8-f75077608d1b,eaa77718-5754-4734-b3cf-a779b607ee8f,2026-08-16T01:42:51.029000+00:00,2026-08-16T01:43:21.029000+00:00,-0.07136496018071113,-1.3649598018286138,0.23571407294174945,-0.16767129555061364,1.1903639246465152,-0.9807878398575102,-1.1147781975304032,-1.3337904281068629,-0.013238386998840551,-0.3331666860821737,0.3636123220642134,-0.2644996551599897
e92e7c09-c1b8-4f72-a7a8-f75077608d1b,eaa77718-5754-4734-b3cf-a779b607ee8f,2026-08-15T08:42:51.029000+00:00,2026-08-15T08:43:21.029000+00:00,-0.31286135594756237,-1.287117451714865,1.4490918395134313,1.0470960786097003,0.8184532733030466,-1.3432366128891609,1.1045508746172799,1.690033537279607,-0.30192559817610287,-0.8625274866138494,-0.5105757454838973,-0.6926201407128163
e92e7c09-c1b8-4f72-a7a8-f75077608d1b,024a219c-b4f9-4b79-9849-65b13577f642,2026-08-16T12:42:51.029000+00:00,2026-08-16T12:43:21.029000+00:00,0.11395106916507643,0.9885806202465862,0.9137355266609062,0.5082940846764158,0.7691564303768362,-1.0967018898510381,-0.4806841769167794,-1.6889739108951245,1.6899045263841235,1.114257111602697,0.12234374956997053,-0.9613923822862687
e92e7c09-c1b8-4f72-a7a8-f75077608d1b,024a219c-b4f9-4b79-9849-65b13577f642,2026-08-15T08:42:51.029000+00:00,2026-08-15T08:43:21.029000+00:00,-0.9741283422638207,1.1009344286557623,-1.7923484249485224,1.0065712289520665,-0.4432398616573973,-0.0657689113559915,1.1045508746172799,1.5728356845199019,-0.4626840335795729,1.0672625209061526,0.8432062346724443,-1.414029385261471
e92e7c09-c1b8-4f72-a7a8-f75077608d1b,eaa77718-5754-4734-b3cf-a779b607ee8f,2026-08-15T21:42:51.029000+00:00,2026-08-15T21:43:21.029000+00:00,-1.7733489700401768,-0.5470795501289171,1.400983177662414,-0.07908932881592728,-0.36058823324835965,-0.06032081131513477,-1.431825207837215,-0.4477265510376494,-1.4112886908103321,0.736350037090739,-0.8583797669563722,0.07620508961680703
e92e7c09-c1b8-4f72-a7a8-f75077608d1b,39bd6af0-9893-459b-b1d7-4d8a06a62405,2026-08-14T10:42:51.029000+00:00,2026-08-14T10:43:21.029000+00:00,-0.22521507462943724,-0.8300886554243663,-0.5352017116872726,-0.800440228357533,-0.35505681265265,1.4640175172124013,1.4215978849240918,0.5109247359805223,0.014408103829246012,-1.1037082209913442,-0.30380175564721335,-1.2058336400779002
e92e7c09-c1b8-4f72-a7a8-f75077608d1b,9c0d9803-ed7b-44ca-a30f-1c3ff96c03b1,2026-08-15T07:42:51.029000+00:00,2026-08-15T07:43:21.029000+00:00,1.2949854600306512,1.5017918519179647,-1.6571529674233765,1.8285136905109212,0.8738315343182455,-0.39395867851974065,-0.4806841769167794,-0.3651570547228452,1.4768628738787284,-0.866434770469616,1.4447240629888236,-1.4762615697354236
e92e7c09-c1b8-4f72-a7a8-f75077608d1b,eaa77718-5754-4734-b3cf-a779b607ee8f,2026-08-16T12:42:51.029000+00:00,2026-08-16T12:43:21.029000+00:00,0.8139903583957323,-0.853481119416179,1.5859635135218049,-1.0396631468429256,0.8908865459697856,0.8599543655725491,0.1534098436968443,-1.534360466243843,1.559190044310125,0.25238823337082744,1.394127128784697,-0.9277069416780814
e92e7c09-c1b8-4f72-a7a8-f75077608d1b,39bd6af0-9893-459b-b1d7-4d8a06a62405,2026-08-15T12:42:51.029000+00:00,2026-08-15T12:43:21.029000+00:00,-1.0274391742179643,0.3243778979931175,-0.7889244439822459,0.814139511821955,1.3332589277500846,-0.29877291077975626,0.787503864310468,-1.517254259662535,1.5676004805809136,1.2883119474726383,-1.371113329942696,0.5214245355579153
e92e7c09-c1b8-4f72-a7a8-f75077608d1b,39bd6af0-9893-459b-b1d7-4d8a06a62405,2026-08-15T17:42:51.029000+00:00,2026-08-15T17:43:21.029000+00:00,-0.7696868029981121,-0.5134658352625596,1.4531409059094356,-0.7781514429988995,-0.8831095846308972,0.041675141599443945,1.4215978849240918,-0.8125109760555456,1.6395884349864416,-0.3418011877314127,-1.2974719729299589,-0.15838351720205482
e92e7c09-c1b8-4f72-a7a8-f75077608d1b,39bd6af0-9893-459b-b1d7-4d8a06a62405,2026-08-15T13:42:51.029000+00:00,2026-08-15T13:43:21.029000+00:00,-0.3437689888222057,0.9882408504410808,-1.3040123118274298,-0.10337861620967172,0.9777623972591016,-0.565947661049228,0.787503864310468,0.16518433638177699,0.9088894798370003,-0.5704705492267945,1.449172545695041,1.2069711507186915
e92e7c09-c1b8-4f72-a7a8-f75077608d1b,9c0d9803-ed7b-44ca-a30f-1c3ff96c03b1,2026-08-14T21:42:51.029000+00:00,2026-08-14T21:43:21.029000+00:00,1.0304622318040921,0.6928662720076071,0.4415900488716857,0.9528695458085376,-1.6224814736663784,1.5294037515214536,1.1045508746172799,0.720321194620244,-0.3559506510681562,1.1613807724741203,-1.3363839125341521,0.19709077754869236
e92e7c09-c1b8-4f72-a7a8-f75077608d1b,9c0d9803-ed7b-44ca-a30f-1c3ff96c03b1,2026-08-16T07:42:51.029000+00:00,2026-08-16T07:43:21.029000+00:00,-1.2487056046452343,0.4190578680515153,-0.6596343956801237,1.211395677524521,-1.1720563706888123,-0.14047982311619245,0.787503864310468,-0.32181937797938437,-1.4731451878608728,-0.6323166189557156,1.438215750205447,-1.133884466191906
e92e7c09-c1b8-4f72-a7a8-f75077608d1b,a90f9b8d-c3f1-4748-99d5-cc782623de81,2026-08-16T08:42:51.029000+00:00,2026-08-16T08:43:21.029000+00:00,-0.3961389767364315,0.16651042987474693,1.3529571353513759,-1.2951229183945647,-1.7488422918642117,0.07928689039634122,-1.431825207837215,-0.5227693486579847,-1.1543681823045977,-1.0709435972878545,-0.333769216551973,-0.8695780913015156
e92e7c09-c1b8-4f72-a7a8-f75077608d1b,a90f9b8d-c3f1-4748-99d5-cc782623de81,2026-08-16T20:42:51.029000+00:00,2026-08-16T20:43:21.029000+00:00,2.0106917900287895,1.0127422956251624,0.6556222914741722,-1.0072927531600702,-0.9597624167362576,0.6360651862986969,-1.1147781975304032,-0.9869181632164442,1.4911868852835917,1.3145066290293685,-1.5800111256375646,0.10801293556574157
e92e7c09-c1b8-4f72-a7a8-f75077608d1b,a90f9b8d-c3f1-4748-99d5-cc782623de81,2026-08-17T02:42:51.029000+00:00,2026-08-17T02:43:21.029000+00:00,0.5809789570886947,0.10378688867885486,0.2078487210419668,-1.1735752528383123,0.8574389070202887,-1.0725817989878395,1.1045508746172799,0.23772993310288515,1.274380704327007,0.19264322445058576,1.3111974457765927,1.1164916190127994
e92e7c09-c1b8-4f72-a7a8-f75077608d1b,024a219c-b4f9-4b79-9849-65b13577f642,2026-08-16T09:42:51.029000+00:00,2026-08-16T09:43:21.029000+00:00,-1.4629029730511816,-0.5731483046310555,0.27064604322276303,0.9748322027906016,-0.95643222105895,1.5201073631440027,1.4215978849240918,-0.17079957208056518,1.4276284168246884,0.7565786396800885,0.8267265435223586,-0.7366315043581084
e92e7c09-c1b8-4f72-a7a8-f75077608d1b,ee98be6a-039b-4299-8c10-326d03c2af79,2026-08-16T01:52:54.742000+00:00,2026-08-16T01:53:24.742000+00:00,1.0978972847719088,0.9619232653436751,0.241440062747851,-0.7094864368476574,-0.6836121480663085,-0.7724280255010197,1.4215978849240918,0.2922362308141751,-1.3191402397409397,-0.585907350243336,-1.0640343638151044,-1.657370670181303
e92e7c09-c1b8-4f72-a7a8-f75077608d1b,e4d349cb-5353-4fcf-a3bd-bd5cd405127b,2026-08-17T03:52:54.742000+00:00,2026-08-17T03:53:24.742000+00:00,1.1803267921529679,0.24010212767733596,-1.5820263443361364,-1.071287041762688,1.2408379572090547,-0.5104205248484995,-0.7977311872235913,0.5257869541514296,0.19172382332107057,1.299076601554637,-0.2730898730589604,-0.7916857217233915
e92e7c09-c1b8-4f72-a7a8-f75077608d1b,ee98be6a-039b-4299-8c10-326d03c2af79,2026-08-16T12:52:54.742000+00:00,2026-08-16T12:53:24.742000+00:00,0.8139903583957323,-0.853481119416179,1.5859635135218049,-1.0396631468429256,0.8908865459697856,0.8599543655725491,0.1534098436968443,-1.534360466243843,1.559190044310125,0.25238823337082744,1.394127128784697,-0.9277069416780814
e92e7c09-c1b8-4f72-a7a8-f75077608d1b,ee98be6a-039b-4299-8c10-326d03c2af79,2026-08-16T13:52:54.742000+00:00,2026-08-16T13:53:24.742000+00:00,1.4528272048555235,1.5805489797755121,-1.748592742468892,0.43663899252223815,0.3553977651557409,0.031790442937578434,1.4215978849240918,-1.2265635819309548,0.07455040603855266,0.8861849234844901,1.0185660986795246,-0.35479675854764126
e92e7c09-c1b8-4f72-a7a8-f75077608d1b,69d68992-ff33-49ca-bb69-3b9d7ac5f694,2026-08-14T19:52:54.742000+00:00,2026-08-14T19:53:24.742000+00:00,-0.607425707922718,-1.13325666011569,-1.1424196164471079,-1.3902891026262127,-0.22054108322591787,-1.1984961726404184,-0.16363716660996755,-0.8863381084738756,-0.6054117291344812,-1.4419171177310948,-0.8339276191940975,-1.3327210147336253
e92e7c09-c1b8-4f72-a7a8-f75077608d1b,dbcafd98-6f46-4010-b5d0-13b23c34f677,2026-08-17T00:52:54.742000+00:00,2026-08-17T00:53:24.742000+00:00,-0.8072831694333965,-0.834782034857818,-0.7806272533148241,-1.263751781263141,0.8792756625252357,1.836659660016241,0.1534098436968443,1.5597214803047987,0.39329054134862873,-0.5732354739717259,-0.21019838640643546,-1.1477438074203956
e92e7c09-c1b8-4f72-a7a8-f75077608d1b,e4d349cb-5353-4fcf-a3bd-bd5cd405127b,2026-08-16T04:52:54.742000+00:00,2026-08-16T04:53:24.742000+00:00,-0.7844907677089837,0.581187685425687,-0.48315940900464704,1.4075801270623316,-0.6458130234978131,-0.7791421944647627,-1.7488722181440268,-1.0909156490585628,-0.9304255131596416,-0.5459688633055203,0.7249342098296234,0.4067922379641316
e92e7c09-c1b8-4f72-a7a8-f75077608d1b,7ce5291a-f895-4163-b747-7b6fd263d381,2026-08-16T03:52:54.742000+00:00,2026-08-16T03:53:24.742000+00:00,-1.505123566193041,-0.32123710545756057,0.05148693053937101,0.19725346803614957,1.2366909956901295,-1.517479954472909,-1.431825207837215,1.0837651850687657,-0.4864251587247003,1.2225921603017327,-0.06522194298660201,-0.5823241142648217
e92e7c09-c1b8-4f72-a7a8-f75077608d1b,7ce5291a-f895-4163-b747-7b6fd263d381,2026-08-16T15:52:54.742000+00:00,2026-08-16T15:53:24.742000+00:00,-0.40934062411619343,-0.9553196016167095,0.015815740732497665,-1.3285303707347162,1.302302527128023,0.517935661290436,-0.16363716660996755,1.7622011542360854,1.650009453304708,0.9704688513910578,1.2761554753694622,1.587078275092868
e92e7c09-c1b8-4f72-a7a8-f75077608d1b,7ce5291a-f895-4163-b747-7b6fd263d381,2026-08-15T10:52:54.742000+00:00,2026-08-15T10:53:24.742000+00:00,1.4751555824855884,-0.2087341491380823,0.11374992769697143,-1.3960811031520997,-1.4911594200714717,-1.3947162341404973,-0.7977311872235913,0.39109023779841023,-1.0916986454289381,0.057509391244216584,0.44890425131456285,-0.800554672939665
e92e7c09-c1b8-4f72-a7a8-f75077608d1b,ee98be6a-039b-4299-8c10-326d03c2af79,2026-08-14T15:52:54.742000+00:00,2026-08-14T15:53:24.742000+00:00,1.9251677573817545,-0.8545750005960042,-0.8788734300973535,-0.8702861721979843,-0.7195136648608761,0.3021904818287292,-0.4806841769167794,-0.8203970241463213,0.3933048448390015,1.352908895602442,-1.4919663087962658,1.562152291016607
e92e7c09-c1b8-4f72-a7a8-f75077608d1b,e4d349cb-5353-4fcf-a3bd-bd5cd405127b,2026-08-17T01:52:54.742000+00:00,2026-08-17T01:53:24.742000+00:00,0.5738513220340149,0.2132419438662469,-0.01239967526586483,1.4806856905864036,0.5469476162618263,-0.7033719853554301,1.1045508746172799,0.5203166266598848,-1.1317981811845657,0.20941901491811513,-1.5865164822528761,1.277073046133905
e92e7c09-c1b8-4f72-a7a8-f75077608d1b,ee98be6a-039b-4299-8c10-326d03c2af79,2026-08-15T08:52:54.742000+00:00,2026-08-15T08:53:24.742000+00:00,-0.31286135594756237,-1.287117451714865,1.4490918395134313,1.0470960786097003,0.8184532733030466,-1.3432366128891609,1.1045508746172799,1.690033537279607,-0.30192559817610287,-0.8625274866138494,-0.5105757454838973,-0.6926201407128163
e92e7c09-c1b8-4f72-a7a8-f75077608d1b,ee98be6a-039b-4299-8c10-326d03c2af79,2026-08-15T04:52:54.742000+00:00,2026-08-15T04:53:24.742000+00:00,0.5852252526442319,1.8537115354786138,0.7052483363071522,0.7481600312475691,-0.7505990161096122,-1.6185984395459532,-0.7977311872235913,-0.5823491962005449,-1.7599490182670599,-0.613617811200344,1.2369098720131448,-0.14067570510763636
e92e7c09-c1b8-4f72-a7a8-f75077608d1b,ee98be6a-039b-4299-8c10-326d03c2af79,2026-08-14T12:52:54.742000+00:00,2026-08-14T12:53:24.742000+00:00,0.02720378303123161,1.7936716645155766,-0.9613799676802907,0.5321876185230372,-1.1823431802164341,1.6307904144263698,-1.1147781975304032,0.45400033445425664,-1.2147485766450268,-0.37284901536385173,-1.7199416781870587,0.6942859846513175
e92e7c09-c1b8-4f72-a7a8-f75077608d1b,69d68992-ff33-49ca-bb69-3b9d7ac5f694,2026-08-15T12:52:54.742000+00:00,2026-08-15T12:53:24.742000+00:00,-1.0274391742179643,0.3243778979931175,-0.7889244439822459,0.814139511821955,1.3332589277500846,-0.29877291077975626,0.787503864310468,-1.517254259662535,1.5676004805809136,1.2883119474726383,-1.371113329942696,0.5214245355579153
e92e7c09-c1b8-4f72-a7a8-f75077608d1b,e4d349cb-5353-4fcf-a3bd-bd5cd405127b,2026-08-16T01:52:54.742000+00:00,2026-08-16T01:53:24.742000+00:00,-0.5419386440659668,-1.3220228492832486,-0.31873978914558476,-0.54006187256815,-0.948547684629147,-0.6128972055890377,-1.1147781975304032,1.4048828076184166,0.3813444738788199,-1.3137482162626521,0.7465074771166946,-0.6565307793313657
e92e7c09-c1b8-4f72-a7a8-f75077608d1b,7ce5291a-f895-4163-b747-7b6fd263d381,2026-08-17T00:52:54.742000+00:00,2026-08-17T00:53:24.742000+00:00,-0.21246792941002313,-0.8180944916220136,0.07167576221313439,-1.6915536606342811,1.4736673213527083,-1.1609528152013584,1.1045508746172799,-1.758901437426777,-0.767547287796644,-1.3532757564855253,0.3852267431796986,1.4025338007337067
e92e7c09-c1b8-4f72-a7a8-f75077608d1b,7ce5291a-f895-4163-b747-7b6fd263d381,2026-08-16T12:52:54.742000+00:00,2026-08-16T12:53:24.742000+00:00,0.11395106916507643,0.9885806202465862,0.9137355266609062,0.5082940846764158,0.7691564303768362,-1.0967018898510381,-0.4806841769167794,-1.6889739108951245,1.6899045263841235,1.114257111602697,0.12234374956997053,-0.9613923822862687
e92e7c09-c1b8-4f72-a7a8-f75077608d1b,ee98be6a-039b-4299-8c10-326d03c2af79,2026-08-16T06:52:54.742000+00:00,2026-08-16T06:53:24.742000+00:00,-0.8617188741817932,1.6027409086436692,1.1156840830738486,-0.47742228445538476,-1.7512717185492799,0.6229589148633992,0.787503864310468,-1.5165784476012698,-0.4185493359036249,-1.5529834469273565,-0.8713045374237406,1.5064121206081293
e92e7c09-c1b8-4f72-a7a8-f75077608d1b,69d68992-ff33-49ca-bb69-3b9d7ac5f694,2026-08-16T23:52:54.742000+00:00,2026-08-16T23:53:24.742000+00:00,1.783613883049357,0.8712528929604888,0.8081962315459108,-0.01244115816154812,-0.5305441720762114,-1.411037650805821,1.1045508746172799,-0.5817542080043604,1.4372898161784202,-1.31680925762927,0.8920453544963638,-0.8660353870568117
e92e7c09-c1b8-4f72-a7a8-f75077608d1b,dbcafd98-6f46-4010-b5d0-13b23c34f677,2026-08-15T03:52:54.742000+00:00,2026-08-15T03:53:24.742000+00:00,0.6921200045836906,-0.4587187095911277,1.6405880044991308,0.8542384952532514,-1.4941840340079566,0.17286335894938107,-1.431825207837215,0.9875430745332521,0.24121157159342965,0.5069287711631033,-0.3040989721291077,-0.6384177153045585
e92e7c09-c1b8-4f72-a7a8-f75077608d1b,7ce5291a-f895-4163-b747-7b6fd263d381,2026-08-17T00:52:54.742000+00:00,2026-08-17T00:53:24.742000+00:00,0.5328111450009878,-0.26334061075330506,1.0506669370859953,0.5243401783806316,-1.2907801090690816,0.9545676504602854,0.1534098436968443,-0.3849478696897755,1.43770385349647,0.6566644826982402,1.108156989916273,0.40794665244038264
e92e7c09-c1b8-4f72-a7a8-f75077608d1b,7ce5291a-f895-4163-b747-7b6fd263d381,2026-08-15T08:52:54.742000+00:00,2026-08-15T08:53:24.742000+00:00,1.8559117585001217,-0.01858456869773156,-0.7934009544458989,0.04161217695725758,1.3650405560412389,-1.1167474307711236,-0.4806841769167794,-0.41028796783286847,-0.15439120565342002,-0.5818607800141441,-0.3082403580085645,0.19789369635521675
e92e7c09-c1b8-4f72-a7a8-f75077608d1b,ee98be6a-039b-4299-8c10-326d03c2af79,2026-08-15T21:52:54.742000+00:00,2026-08-15T21:53:24.742000+00:00,-1.7733489700401768,-0.5470795501289171,1.400983177662414,-0.07908932881592728,-0.36058823324835965,-0.06032081131513477,-1.431825207837215,-0.4477265510376494,-1.4112886908103321,0.736350037090739,-0.8583797669563722,0.07620508961680703
e92e7c09-c1b8-4f72-a7a8-f75077608d1b,ee98be6a-039b-4299-8c10-326d03c2af79,2026-08-17T06:52:54.742000+00:00,2026-08-17T06:53:24.742000+00:00,-0.81108705792628,-1.580966702507331,-0.38810233889474016,-1.7554454803349313,0.09208404236124378,1.5911210171375152,0.787503864310468,-1.011132640891842,0.9846428575880193,1.2453579345273962,1.0109849723934272,1.3451085962708136
e92e7c09-c1b8-4f72-a7a8-f75077608d1b,69d68992-ff33-49ca-bb69-3b9d7ac5f694,2026-08-14T15:52:54.742000+00:00,2026-08-14T15:53:24.742000+00:00,-1.3613826351474538,-0.5596057729292384,0.18672680303990297,-0.8963204282388033,0.08651529078607278,-1.5099099167980699,-0.7977311872235913,-0.6509064143434402,0.2845018252607423,-1.3277147777908742,-0.47142439236205913,-1.3294994997088283
e92e7c09-c1b8-4f72-a7a8-f75077608d1b,7ce5291a-f895-4163-b747-7b6fd263d381,2026-08-16T00:52:54.742000+00:00,2026-08-16T00:53:24.742000+00:00,-0.3761240873844761,-0.5271127633543004,0.16894694530032386,0.4742666669994245,1.3812428863084454,-1.1264903886154427,-0.16363716660996755,1.441958531425943,-0.5267501462416092,-0.5597255945530571,-0.6523834808037837,1.4292416281840519
e92e7c09-c1b8-4f72-a7a8-f75077608d1b,69d68992-ff33-49ca-bb69-3b9d7ac5f694,2026-08-14T23:52:54.742000+00:00,2026-08-14T23:53:24.742000+00:00,0.528652072314354,1.1396387145365197,-1.4955472261040423,0.3632699326409924,0.3493876366583471,0.714097617070198,-0.16363716660996755,0.24882993154377006,-0.8058783126526632,0.307750561837403,-1.4200291687830535,1.5823159781857616
e92e7c09-c1b8-4f72-a7a8-f75077608d1b,e4d349cb-5353-4fcf-a3bd-bd5cd405127b,2026-08-14T20:52:54.742000+00:00,2026-08-14T20:53:24.742000+00:00,-0.33357288844572164,0.15033031789756637,-0.06486287498184537,0.567341162922273,-0.42130393219088963,1.4058109852148124,0.47045685400365617,-1.2037520059424924,-0.06288665746721844,1.479822642286941,-0.38441203391279877,-1.0761087457296368
e92e7c09-c1b8-4f72-a7a8-f75077608d1b,dbcafd98-6f46-4010-b5d0-13b23c34f677,2026-08-16T09:52:54.742000+00:00,2026-08-16T09:53:24.742000+00:00,0.6259884815861255,1.2396168322072207,0.36686395948672174,1.232306350156015,-0.19456445198704064,0.022704519998537898,-0.16363716660996755,1.088252463783719,-1.3139740688809685,0.9362475671952561,0.33582699678402905,0.08848735203879964
e92e7c09-c1b8-4f72-a7a8-f75077608d1b,dbcafd98-6f46-4010-b5d0-13b23c34f677,2026-08-16T20:52:54.742000+00:00,2026-08-16T20:53:24.742000+00:00,2.0106917900287895,1.0127422956251624,0.6556222914741722,-1.0072927531600702,-0.9597624167362576,0.6360651862986969,-1.1147781975304032,-0.9869181632164442,1.4911868852835917,1.3145066290293685,-1.5800111256375646,0.10801293556574157
e92e7c09-c1b8-4f72-a7a8-f75077608d1b,7ce5291a-f895-4163-b747-7b6fd263d381,2026-08-16T09:52:54.742000+00:00,2026-08-16T09:53:24.742000+00:00,-1.4629029730511816,-0.5731483046310555,0.27064604322276303,0.9748322027906016,-0.95643222105895,1.5201073631440027,1.4215978849240918,-0.17079957208056518,1.4276284168246884,0.7565786396800885,0.8267265435223586,-0.7366315043581084
e92e7c09-c1b8-4f72-a7a8-f75077608d1b,7ce5291a-f895-4163-b747-7b6fd263d381,2026-08-15T02:52:54.742000+00:00,2026-08-15T02:53:24.742000+00:00,-0.11278976888310635,0.988007719096674,-1.0768703788103369,0.13475456143026635,-1.5377255711503692,0.6919154762109138,-1.7488722181440268,1.5376119565941377,-1.7042153264926314,-0.849107515977462,1.4322914898935435,0.5681982562827844
e92e7c09-c1b8-4f72-a7a8-f75077608d1b,69d68992-ff33-49ca-bb69-3b9d7ac5f694,2026-08-14T10:52:54.742000+00:00,2026-08-14T10:53:24.742000+00:00,-0.22521507462943724,-0.8300886554243663,-0.5352017116872726,-0.800440228357533,-0.35505681265265,1.4640175172124013,1.4215978849240918,0.5109247359805223,0.014408103829246012,-1.1037082209913442,-0.30380175564721335,-1.2058336400779002
e92e7c09-c1b8-4f72-a7a8-f75077608d1b,69d68992-ff33-49ca-bb69-3b9d7ac5f694,2026-08-15T02:52:54.742000+00:00,2026-08-15T02:53:24.742000+00:00,1.576886853269879,0.47611740649168827,-0.1267206164855513,-1.0721322438785241,1.1979732457315866,-1.1150619572292422,-1.431825207837215,-0.31476505922945475,-0.8592975692605258,1.398880559432122,0.6088224237080605,1.2014565839502538
e92e7c09-c1b8-4f72-a7a8-f75077608d1b,e4d349cb-5353-4fcf-a3bd-bd5cd405127b,2026-08-15T07:52:54.742000+00:00,2026-08-15T07:53:24.742000+00:00,1.2949854600306512,1.5017918519179647,-1.6571529674233765,1.8285136905109212,0.8738315343182455,-0.39395867851974065,-0.4806841769167794,-0.3651570547228452,1.4768628738787284,-0.866434770469616,1.4447240629888236,-1.4762615697354236
e92e7c09-c1b8-4f72-a7a8-f75077608d1b,69d68992-ff33-49ca-bb69-3b9d7ac5f694,2026-08-16T03:52:54.742000+00:00,2026-08-16T03:53:24.742000+00:00,-0.5835292748211747,0.3757958944344182,-0.10566805381688892,1.698378886330911,-0.815775834791106,-0.5181454759841627,-0.7977311872235913,1.0169321595180154,0.9323414331649136,0.2178334762410021,-0.10082635354311954,-0.8338065282843133
e92e7c09-c1b8-4f72-a7a8-f75077608d1b,dbcafd98-6f46-4010-b5d0-13b23c34f677,2026-08-15T05:52:54.742000+00:00,2026-08-15T05:53:24.742000+00:00,-0.6675464464577417,-0.7878193231934696,-0.6120267110524009,-0.6876969453744052,0.6686173965450115,0.3184863895926846,-1.7488722181440268,-0.06736173145613539,-0.49471126217903194,-0.6845065439573134,-1.4139041821490812,0.5717354956949536
e92e7c09-c1b8-4f72-a7a8-f75077608d1b,dbcafd98-6f46-4010-b5d0-13b23c34f677,2026-08-17T02:52:54.742000+00:00,2026-08-17T02:53:24.742000+00:00,0.5809789570886947,0.10378688867885486,0.2078487210419668,-1.1735752528383123,0.8574389070202887,-1.0725817989878395,1.1045508746172799,0.23772993310288515,1.274380704327007,0.19264322445058576,1.3111974457765927,1.1164916190127994
e92e7c09-c1b8-4f72-a7a8-f75077608d1b,ee98be6a-039b-4299-8c10-326d03c2af79,2026-08-16T00:52:54.742000+00:00,2026-08-16T00:53:24.742000+00:00,-0.7090413094654068,-1.5514652865393346,0.4671375597763337,1.1229175302250478,0.6443904373617368,1.3261216196039143,0.47045685400365617,-0.3527954526569899,0.319596943986368,-0.655364707150013,0.8715571337330231,0.36987400766725875
e92e7c09-c1b8-4f72-a7a8-f75077608d1b,69d68992-ff33-49ca-bb69-3b9d7ac5f694,2026-08-15T13:52:54.742000+00:00,2026-08-15T13:53:24.742000+00:00,-0.3437689888222057,0.9882408504410808,-1.3040123118274298,-0.10337861620967172,0.9777623972591016,-0.565947661049228,0.787503864310468,0.16518433638177699,0.9088894798370003,-0.5704705492267945,1.449172545695041,1.2069711507186915
e92e7c09-c1b8-4f72-a7a8-f75077608d1b,dbcafd98-6f46-4010-b5d0-13b23c34f677,2026-08-16T08:52:54.742000+00:00,2026-08-16T08:53:24.742000+00:00,-0.7821248767328365,-0.6837599169631838,-0.473452778347789,1.502282059450501,1.2559091834349316,0.3424633244024756,1.1045508746172799,-0.28391394929178,-1.2397627501229869,-1.4805452080666142,-1.6076405597412908,-1.0305075436967628
e92e7c09-c1b8-4f72-a7a8-f75077608d1b,69d68992-ff33-49ca-bb69-3b9d7ac5f694,2026-08-15T17:52:54.742000+00:00,2026-08-15T17:53:24.742000+00:00,-0.7696868029981121,-0.5134658352625596,1.4531409059094356,-0.7781514429988995,-0.8831095846308972,0.041675141599443945,1.4215978849240918,-0.8125109760555456,1.6395884349864416,-0.3418011877314127,-1.2974719729299589,-0.15838351720205482
e92e7c09-c1b8-4f72-a7a8-f75077608d1b,e4d349cb-5353-4fcf-a3bd-bd5cd405127b,2026-08-14T21:52:54.742000+00:00,2026-08-14T21:53:24.742000+00:00,1.0304622318040921,0.6928662720076071,0.4415900488716857,0.9528695458085376,-1.6224814736663784,1.5294037515214536,1.1045508746172799,0.720321194620244,-0.3559506510681562,1.1613807724741203,-1.3363839125341521,0.19709077754869236
e92e7c09-c1b8-4f72-a7a8-f75077608d1b,e4d349cb-5353-4fcf-a3bd-bd5cd405127b,2026-08-16T07:52:54.742000+00:00,2026-08-16T07:53:24.742000+00:00,-1.2487056046452343,0.4190578680515153,-0.6596343956801237,1.211395677524521,-1.1720563706888123,-0.14047982311619245,0.787503864310468,-0.32181937797938437,-1.4731451878608728,-0.6323166189557156,1.438215750205447,-1.133884466191906
e92e7c09-c1b8-4f72-a7a8-f75077608d1b,dbcafd98-6f46-4010-b5d0-13b23c34f677,2026-08-15T16:52:54.742000+00:00,2026-08-15T16:53:24.742000+00:00,1.0399136266622695,-0.25529769334466695,-1.5557130304139655,-0.6421827077826671,-0.06998440256690842,-0.005801703348449363,1.1045508746172799,-0.953533575326778,-0.5031094229161622,1.601328051846414,-1.2776383925477262,0.7957900457504007
e92e7c09-c1b8-4f72-a7a8-f75077608d1b,dbcafd98-6f46-4010-b5d0-13b23c34f677,2026-08-15T15:52:54.742000+00:00,2026-08-15T15:53:24.742000+00:00,-1.7244252061094258,1.474800128465876,-0.9097297217895421,-0.0008420295966835153,0.6281717364394027,-1.0891745433015216,0.1534098436968443,-0.3941391966989402,0.8138113630364542,-1.111321559380369,0.3332208302487307,0.729062722404959
e92e7c09-c1b8-4f72-a7a8-f75077608d1b,ee98be6a-039b-4299-8c10-326d03c2af79,2026-08-16T01:52:54.742000+00:00,2026-08-16T01:53:24.742000+00:00,-0.07136496018071113,-1.3649598018286138,0.23571407294174945,-0.16767129555061364,1.1903639246465152,-0.9807878398575102,-1.1147781975304032,-1.3337904281068629,-0.013238386998840551,-0.3331666860821737,0.3636123220642134,-0.2644996551599897
e92e7c09-c1b8-4f72-a7a8-f75077608d1b,ee98be6a-039b-4299-8c10-326d03c2af79,2026-08-14T13:52:54.742000+00:00,2026-08-14T13:53:24.742000+00:00,-0.8546726347139628,-1.1904439948432557,0.4023490723454207,1.2266703092754387,1.204770171338401,-0.6431170352716058,-0.7977311872235913,0.893496062501833,0.30027716802495047,-0.8385350123672672,-0.9476318463610509,0.6340779914384483
e92e7c09-c1b8-4f72-a7a8-f75077608d1b,ee98be6a-039b-4299-8c10-326d03c2af79,2026-08-15T13:52:54.742000+00:00,2026-08-15T13:53:24.742000+00:00,-0.4139692827659447,-1.5097408290733865,1.0381209205153097,-0.5145570656153927,-1.7315731701063024,1.3951304777490534,0.1534098436968443,1.078566888215264,0.41460093810047355,0.13587893653594213,1.4544699990933463,-1.439643194900571
e92e7c09-c1b8-4f72-a7a8-f75077608d1b,dbcafd98-6f46-4010-b5d0-13b23c34f677,2026-08-15T08:52:54.742000+00:00,2026-08-15T08:53:24.742000+00:00,0.6277488003365554,-0.9841019398484117,0.5420924263239633,1.6805196519283567,-0.9077263770027797,-0.36053227764243684,1.1045508746172799,-1.6329803667605565,-0.9246942730418635,1.5281331434145022,0.21098575966378647,0.8662713507335223
e92e7c09-c1b8-4f72-a7a8-f75077608d1b,7ce5291a-f895-4163-b747-7b6fd263d381,2026-08-15T08:52:54.742000+00:00,2026-08-15T08:53:24.742000+00:00,-0.9741283422638207,1.1009344286557623,-1.7923484249485224,1.0065712289520665,-0.4432398616573973,-0.0657689113559915,1.1045508746172799,1.5728356845199019,-0.4626840335795729,1.0672625209061526,0.8432062346724443,-1.414029385261471
e92e7c09-c1b8-4f72-a7a8-f75077608d1b,ee98be6a-039b-4299-8c10-326d03c2af79,2026-08-15T01:52:54.742000+00:00,2026-08-15T01:53:24.742000+00:00,-0.10349936190880245,0.29408203573492214,1.2853989830416663,1.8675977806450017,0.5621514762557381,0.8193927347900255,0.1534098436968443,-0.33694884395658437,0.550693365655664,0.6785953642383364,-1.0530998684362647,0.8369136642976144
e92e7c09-c1b8-4f72-a7a8-f75077608d1b,e4d349cb-5353-4fcf-a3bd-bd5cd405127b,2026-08-15T22:52:54.742000+00:00,2026-08-15T22:53:24.742000+00:00,0.3855076435336892,-1.1560453079866833,1.8044641790580611,0.16805399338498328,1.422187198669284,0.5349557149753401,1.1045508746172799,0.7764906675991072,-0.6353466271532855,1.4067906070297123,0.954303169431885,1.5896280826358704
e92e7c09-c1b8-4f72-a7a8-f75077608d1b,dbcafd98-6f46-4010-b5d0-13b23c34f677,2026-08-16T22:52:54.742000+00:00,2026-08-16T22:53:24.742000+00:00,1.7549608001927062,1.5489795176409233,0.12327304651245947,-0.13616280326283983,0.27133735125530895,-1.3953104653455404,-1.1147781975304032,-0.25685982805876334,-1.2133502203029913,-1.5151307080423502,0.5318094306540265,-1.3254887497090302
e92e7c09-c1b8-4f72-a7a8-f75077608d1b,69d68992-ff33-49ca-bb69-3b9d7ac5f694,2026-08-15T16:52:54.742000+00:00,2026-08-15T16:53:24.742000+00:00,0.3307800854357759,1.9877926325775335,-1.7520222156641279,-0.07078170587731061,-0.010866665476743097,1.0181809416546705,1.1045508746172799,-0.38277816166584255,1.0108572067885406,-0.2145485363545257,1.1442457931365058,1.3884201230075903
e92e7c09-c1b8-4f72-a7a8-f75077608d1b,69d68992-ff33-49ca-bb69-3b9d7ac5f694,2026-08-17T02:52:54.742000+00:00,2026-08-17T02:53:24.742000+00:00,0.2176229773404448,-0.9833820216815768,-1.4599782455580022,-0.8405677407655112,-0.7100551425653234,1.6217598121751222,1.1045508746172799,1.4256293070286026,0.8796791939902145,1.651687576391734,-0.21474530988944626,-0.7053471251864161
e92e7c09-c1b8-4f72-a7a8-f75077608d1b,dbcafd98-6f46-4010-b5d0-13b23c34f677,2026-08-16T08:52:54.742000+00:00,2026-08-16T08:53:24.742000+00:00,-0.3961389767364315,0.16651042987474693,1.3529571353513759,-1.2951229183945647,-1.7488422918642117,0.07928689039634122,-1.431825207837215,-0.5227693486579847,-1.1543681823045977,-1.0709435972878545,-0.333769216551973,-0.8695780913015156
e92e7c09-c1b8-4f72-a7a8-f75077608d1b,dbcafd98-6f46-4010-b5d0-13b23c34f677,2026-08-15T08:52:54.742000+00:00,2026-08-15T08:53:24.742000+00:00,-0.37851424901213754,0.14287541373945936,1.7672474530286237,-1.3286180252770634,1.4261359835729797,1.013593895771464,-0.4806841769167794,1.2017671890221342,0.9555194857945206,-0.15242488086230596,-0.2259695061048964,1.2010764809061698
e92e7c09-c1b8-4f72-a7a8-f75077608d1b,7ce5291a-f895-4163-b747-7b6fd263d381,2026-08-15T22:52:54.742000+00:00,2026-08-15T22:53:24.742000+00:00,-0.9862742537152261,-1.089559030546804,0.3624721769372948,-0.8435217042881009,-0.44292290048366806,0.6555828746384095,-0.16363716660996755,1.3699132554658269,-0.7576466594263527,-1.1435915057636,1.2387340233342394,-0.0978542784341985
e92e7c09-c1b8-4f72-a7a8-f75077608d1b,7ce5291a-f895-4163-b747-7b6fd263d381,2026-08-16T08:52:54.742000+00:00,2026-08-16T08:53:24.742000+00:00,-1.5813291376215577,-0.7979999370545068,1.1626488116951765,-0.6203628367881778,-0.24920940982118506,0.9068051330924211,-1.1147781975304032,0.8449589050809386,-0.602281597056016,-1.0676798726526815,-1.0682318346922957,-0.8180892662396575
dba80c84-68fd-45b2-ba28-10f10075b239,15fa92b6-bb21-469b-8ebe-486f21886538,2026-08-15T14:53:01.217000+00:00,2026-08-15T14:53:31.217000+00:00,-0.17002978450721004,-0.008333758083561245,-0.17283171219641327,0.8670818812149792,-0.19258651175375271,-0.6229261110131208,-0.604484344928842,-0.44977884083085323,0.10771464726592987,-0.5564336752649911,0.8815601452648187,-0.3643594926536461
dba80c84-68fd-45b2-ba28-10f10075b239,15fa92b6-bb21-469b-8ebe-486f21886538,2026-08-14T15:53:01.217000+00:00,2026-08-14T15:53:31.217000+00:00,-0.23127501824878702,-0.15730509283793245,-0.19452319310763921,0.9460047134584401,1.3983831742555213,0.0709867166078663,-0.8955323628575438,-0.43884826524485815,0.4469899911693237,-0.7836381655477563,1.2217101336596259,-0.17562653955482407
dba80c84-68fd-45b2-ba28-10f10075b239,15fa92b6-bb21-469b-8ebe-486f21886538,2026-08-15T12:53:01.217000+00:00,2026-08-15T12:53:31.217000+00:00,-0.10158303588000402,-0.05378512353182183,-0.08359105233715165,0.5064069501517168,1.260850936806207,-0.6405058425143474,0.2686597088572632,-0.49717017586414536,0.2545568332181028,-1.0832542575931092,0.1580955964511286,-0.5231951353678372
dba80c84-68fd-45b2-ba28-10f10075b239,05bc7ce0-dbdf-4bb8-babe-c66084786cd0,2026-08-14T13:53:01.217000+00:00,2026-08-14T13:53:31.217000+00:00,-0.071317019509466,-0.09014377292211022,-0.13639902356436165,0.34744212760971704,0.5353260190141923,1.1636324845763164,0.2686597088572632,-0.8157127481665416,0.40814125295195647,0.7290416676342542,-0.2762608971540345,-0.05644216974894771
dba80c84-68fd-45b2-ba28-10f10075b239,27cc7537-a40e-47c3-a98f-89dbe78e8cb9,2026-08-16T18:53:01.217000+00:00,2026-08-16T18:53:31.217000+00:00,-0.16959389662806115,-0.1163068063177847,-0.14917380089255053,0.9438006732925903,0.6900997836435923,0.9242975492020256,-0.31343632700014024,-0.36161978857549043,0.37816770874489397,-0.92776130873244,1.3232860377175388,-0.2130102224958705
dba80c84-68fd-45b2-ba28-10f10075b239,05bc7ce0-dbdf-4bb8-babe-c66084786cd0,2026-08-15T15:53:01.217000+00:00,2026-08-15T15:53:31.217000+00:00,-0.19734143942969848,-0.10448950350874744,-0.25181302627028357,0.3339885576835433,1.6012652359791888,1.531437296781469,0.8507557447146668,-0.6922165804190821,0.35696265774475017,1.2893360279597788,0.739487616872913,-0.4799326165942976
dba80c84-68fd-45b2-ba28-10f10075b239,15fa92b6-bb21-469b-8ebe-486f21886538,2026-08-15T19:53:01.217000+00:00,2026-08-15T19:53:31.217000+00:00,-0.054800631262056115,0.06455461170752431,-0.13546771549465522,0.09822539589921579,0.8953170781764689,-0.6686585312544953,1.1418037626433684,-0.4855967594890754,0.2130134405151545,1.256104977719954,0.23728024788263483,-0.17816201079492566
dba80c84-68fd-45b2-ba28-10f10075b239,15fa92b6-bb21-469b-8ebe-486f21886538,2026-08-14T12:53:01.217000+00:00,2026-08-14T12:53:31.217000+00:00,-0.15233676976947644,-0.041842806685659,-0.13612700883758003,0.4072745753550472,1.0516334938109742,1.1100682446949248,-0.31343632700014024,-0.5108467702036926,0.19281537873622684,0.07020373985080053,1.5547637252280864,-0.5777107344064626
dba80c84-68fd-45b2-ba28-10f10075b239,27cc7537-a40e-47c3-a98f-89dbe78e8cb9,2026-08-16T04:53:01.217000+00:00,2026-08-16T04:53:31.217000+00:00,-0.024143497136357838,-0.1635666587603369,-0.13913047219755878,0.16697292016031764,0.8915406845845965,0.4498897187287616,1.1418037626433684,-0.6823393984408371,-0.0659299938418824,-0.7523087955159484,0.07233203864371113,-0.2964025554926048
dba80c84-68fd-45b2-ba28-10f10075b239,d840a02c-5fc4-4737-90f0-cd5b47cac023,2026-08-15T12:53:01.217000+00:00,2026-08-15T12:53:31.217000+00:00,0.017040560357491515,0.022711447501626847,-0.1874957646119297,0.4718146734912182,-0.2649776185072593,1.6570606381600408,1.1418037626433684,-0.33079757379226904,0.27539201099205923,0.06381376132062538,-0.07743291351995552,-0.5627620706505597
dba80c84-68fd-45b2-ba28-10f10075b239,d840a02c-5fc4-4737-90f0-cd5b47cac023,2026-08-17T06:53:01.217000+00:00,2026-08-17T06:53:31.217000+00:00,-0.21744790066212372,-0.2058740778650775,-0.20900317015804123,0.19273476266173384,0.784543618400932,0.1089705989948143,-0.022388309071438517,-0.6526143995345867,0.4735597540979289,-0.013213883391405952,0.8870989576244905,-0.5717959556999285
dba80c84-68fd-45b2-ba28-10f10075b239,05bc7ce0-dbdf-4bb8-babe-c66084786cd0,2026-08-16T16:53:01.217000+00:00,2026-08-16T16:53:31.217000+00:00,-0.13200006857940785,-0.05928171368337243,-0.06961438467014508,0.8365965996482654,1.2587782641706136,1.0661968768233505,-0.31343632700014024,-0.8276400309681596,-0.03281850214885242,-0.6408909805679953,0.462820649616444,-0.4246311058780356
dba80c84-68fd-45b2-ba28-10f10075b239,15fa92b6-bb21-469b-8ebe-486f21886538,2026-08-14T19:53:01.217000+00:00,2026-08-14T19:53:31.217000+00:00,-0.1032022042542286,0.02681759254249811,-0.14552057197838428,0.6779961705372752,-0.5620698407411974,1.0630209543294142,0.2686597088572632,-0.5636209619979394,0.3919559206912481,-0.567903931207391,0.6657187099763628,-0.48232149229824356
dba80c84-68fd-45b2-ba28-10f10075b239,15fa92b6-bb21-469b-8ebe-486f21886538,2026-08-14T22:53:01.217000+00:00,2026-08-14T22:53:31.217000+00:00,-0.09732858252160338,0.016506109455413125,-0.22375577956504203,0.21604677742135014,0.6763925840689866,1.1914537822608913,0.8507557447146668,-0.6210006707426947,0.17632167053096398,-0.48710733749792307,1.0011599036478034,-0.4902538904319896
dba80c84-68fd-45b2-ba28-10f10075b239,d840a02c-5fc4-4737-90f0-cd5b47cac023,2026-08-14T16:53:01.217000+00:00,2026-08-14T16:53:31.217000+00:00,-0.06629396947527623,0.05640166732963462,-0.1857508071037487,1.2422195506021876,1.154771230651664,1.070576974076838,-0.8955323628575438,-0.2692309170168733,-0.08835906870920023,0.8063413203014014,0.21748099476281108,-0.1635775979744028
dba80c84-68fd-45b2-ba28-10f10075b239,d840a02c-5fc4-4737-90f0-cd5b47cac023,2026-08-16T03:53:01.217000+00:00,2026-08-16T03:53:31.217000+00:00,-0.06666322946384408,-0.18367355175219777,-0.1095494603985013,0.6489909581613811,-0.36630939797697926,1.373135046537213,-0.604484344928842,-0.43505525011316065,-0.09810619886334758,-1.3786497342379351,0.18416267201058695,-0.4285690470239897
dba80c84-68fd-45b2-ba28-10f10075b239,05bc7ce0-dbdf-4bb8-babe-c66084786cd0,2026-08-15T00:53:01.217000+00:00,2026-08-15T00:53:31.217000+00:00,-0.07690544827117851,-0.1352261602190153,-0.03696822988157493,0.6319460354916899,0.9560388038436243,0.8933101481010387,-0.022388309071438517,-0.3573388532140999,0.4926452055749635,0.16279081838540863,0.832205527915266,-0.5045896501680415
dba80c84-68fd-45b2-ba28-10f10075b239,27cc7537-a40e-47c3-a98f-89dbe78e8cb9,2026-08-15T07:53:01.217000+00:00,2026-08-15T07:53:31.217000+00:00,0.007513744926076249,-0.16120914949422457,-0.14230242433131182,0.991935658068732,0.835767517955266,0.17928622990178167,1.4328517805720702,-0.8001278503526111,0.29392753849357073,-0.12173492424790971,1.1035307036819062,-0.5237510798346575
dba80c84-68fd-45b2-ba28-10f10075b239,27cc7537-a40e-47c3-a98f-89dbe78e8cb9,2026-08-15T18:53:01.217000+00:00,2026-08-15T18:53:31.217000+00:00,-0.04242386466163461,-0.11924320415681386,-0.2298660120007319,0.11004133879110495,0.7227412117515368,0.22383757110296357,0.5597077267859649,-0.5381037283010984,0.09406456835103306,0.7116652090868829,1.0682306828530175,-0.040020977911379665
dba80c84-68fd-45b2-ba28-10f10075b239,05bc7ce0-dbdf-4bb8-babe-c66084786cd0,2026-08-14T11:53:01.217000+00:00,2026-08-14T11:53:31.217000+00:00,0.0183718803807057,-0.2120663065302055,-0.19768510778178677,0.6722391093902098,0.33806138810243996,0.012013070118253748,-0.604484344928842,-0.49637254796309793,0.41277395799641037,0.8672713715032214,1.17708044774478,-0.2604735950488307
dba80c84-68fd-45b2-ba28-10f10075b239,27cc7537-a40e-47c3-a98f-89dbe78e8cb9,2026-08-15T10:53:01.217000+00:00,2026-08-15T10:53:31.217000+00:00,-0.10387185839039166,-0.17381774477398598,-0.19794461726246787,0.2680008708317137,0.24925395292932506,0.6732340784338655,0.8507557447146668,-0.4317781385676451,0.11519274445097293,-0.9026121499372498,1.4186206454127686,-0.11300344571349163
dba80c84-68fd-45b2-ba28-10f10075b239,05bc7ce0-dbdf-4bb8-babe-c66084786cd0,2026-08-15T19:53:01.217000+00:00,2026-08-15T19:53:31.217000+00:00,0.007094065395299745,-0.07605228214728339,-0.1746515116937327,0.520938712526338,0.5101666789279874,1.578787581250263,1.4328517805720702,-0.3278441918640044,-0.034433307318638404,0.7632029969554203,1.2228680162927086,-0.3015286241571965
dba80c84-68fd-45b2-ba28-10f10075b239,8ba454a9-5ea9-4382-b9d1-d3842fef3cab,2026-08-14T20:53:01.217000+00:00,2026-08-14T20:53:31.217000+00:00,-0.0006491452832805154,0.05534380477387508,-0.05858580786658432,0.27652009196827115,0.9782367083127247,-0.83868298903623,1.4328517805720702,-0.8619521726109113,0.3234569100848951,0.4055982446653877,0.8261053996256881,-0.38118773748491047
dba80c84-68fd-45b2-ba28-10f10075b239,27cc7537-a40e-47c3-a98f-89dbe78e8cb9,2026-08-15T10:53:01.217000+00:00,2026-08-15T10:53:31.217000+00:00,-0.03687990103907971,-0.06333290855694047,-0.15551733250049357,0.6988021547117573,1.5682680536191576,0.7326942570763675,-1.1865803807862454,-0.4311589773051616,0.21195413840061078,-0.22285857599558337,0.35271509174584215,-0.24741411625443158
dba80c84-68fd-45b2-ba28-10f10075b239,d840a02c-5fc4-4737-90f0-cd5b47cac023,2026-08-17T09:53:01.217000+00:00,2026-08-17T09:53:31.217000+00:00,-0.18291367127243366,-0.1840347262915854,-0.19308189223402575,0.7689684592579641,0.7649142771487274,-0.2915455439069435,-0.8955323628575438,-0.4508028953639775,0.379579341518482,-0.5383414053997667,0.0720545420532273,-0.36282191730468105
dba80c84-68fd-45b2-ba28-10f10075b239,8ba454a9-5ea9-4382-b9d1-d3842fef3cab,2026-08-16T19:53:01.217000+00:00,2026-08-16T19:53:31.217000+00:00,-0.10497767682122512,-0.11367166025514364,-0.11599866988920411,0.467361434074862,1.0927655224113313,0.04665248802658145,1.4328517805720702,-0.35473237774474475,-0.08454645513868086,0.49629384365040474,0.8847826231194273,-0.5913949783991156
dba80c84-68fd-45b2-ba28-10f10075b239,15fa92b6-bb21-469b-8ebe-486f21886538,2026-08-15T13:53:01.217000+00:00,2026-08-15T13:53:31.217000+00:00,-0.1403967001758547,-0.13831195403154642,-0.20055798870247316,1.3536307427455014,0.21969786712175218,1.4123502079157542,1.4328517805720702,-0.2808201274061701,0.45191643851386326,-0.08946466031305465,0.5997803624436426,-0.04153627182388042
dba80c84-68fd-45b2-ba28-10f10075b239,27cc7537-a40e-47c3-a98f-89dbe78e8cb9,2026-08-17T05:53:01.217000+00:00,2026-08-17T05:53:31.217000+00:00,-0.1483925179660797,-0.06164162017362848,-0.23888833992827904,0.3863394789915015,-0.5705104472733179,0.6993011108826037,1.1418037626433684,-0.2575661108004419,0.4090824827668349,-0.619226375531273,-0.17951620218852207,-0.22829876258722467
dba80c84-68fd-45b2-ba28-10f10075b239,27cc7537-a40e-47c3-a98f-89dbe78e8cb9,2026-08-15T12:53:01.217000+00:00,2026-08-15T12:53:31.217000+00:00,-0.08149707579131998,-0.1553234645472682,-0.24892550396234214,0.21124728146319244,-0.6053831916605468,1.433993690492954,1.1418037626433684,-0.8277267590864458,0.4520117602794309,-1.1202325656737087,-0.06529485704899901,-0.41254848666702915
dba80c84-68fd-45b2-ba28-10f10075b239,8ba454a9-5ea9-4382-b9d1-d3842fef3cab,2026-08-14T16:53:01.217000+00:00,2026-08-14T16:53:31.217000+00:00,-0.00897826329381753,-0.11781865630232058,-0.25518648277430217,0.15639994269189428,-0.1442097707669219,0.24779361633281924,-1.1865803807862454,-0.6129573950935324,-0.0523158993965562,-0.9618152159144956,0.7524385787000446,-0.34271716843485034
dba80c84-68fd-45b2-ba28-10f10075b239,8ba454a9-5ea9-4382-b9d1-d3842fef3cab,2026-08-15T00:53:01.217000+00:00,2026-08-15T00:53:31.217000+00:00,-0.11192437822341808,-0.10180245665875497,-0.2043365317949237,0.8360774429216277,1.2957114024247844,0.15488707883556094,-0.31343632700014024,-0.4550409147787564,0.12490458790034568,-0.6300994435909649,0.08065306252249117,-0.47479644277348393
dba80c84-68fd-45b2-ba28-10f10075b239,27cc7537-a40e-47c3-a98f-89dbe78e8cb9,2026-08-15T20:53:01.217000+00:00,2026-08-15T20:53:31.217000+00:00,-0.20732546871785446,-0.14409762916726612,-0.24018171053597737,1.4569337062308039,1.0866459976644456,-0.39650461857233743,1.4328517805720702,-0.43886873365313117,-0.11048056686213278,0.14515642024885123,-0.18402192215347785,-0.1383670442993254
dba80c84-68fd-45b2-ba28-10f10075b239,d840a02c-5fc4-4737-90f0-cd5b47cac023,2026-08-14T16:53:01.217000+00:00,2026-08-14T16:53:31.217000+00:00,-0.0795197503955288,-0.09267900094244044,-0.15752175910034322,0.37282554745548563,-0.03657295597595194,-0.7262317893869936,0.5597077267859649,-0.2907112063342996,0.15621680381612185,0.8570030205671001,0.7807923109607071,-0.4909569364519202
dba80c84-68fd-45b2-ba28-10f10075b239,05bc7ce0-dbdf-4bb8-babe-c66084786cd0,2026-08-16T13:53:01.217000+00:00,2026-08-16T13:53:31.217000+00:00,-0.10835820998391539,0.07692066482805267,-0.08348079429931414,0.5895926914005082,0.9181728788386687,-0.19304256488741364,1.4328517805720702,-0.3321588228293847,0.33107903129025423,-1.2058965380979634,0.3493482893942465,-0.17899887632349817
dba80c84-68fd-45b2-ba28-10f10075b239,05bc7ce0-dbdf-4bb8-babe-c66084786cd0,2026-08-15T15:53:01.217000+00:00,2026-08-15T15:53:31.217000+00:00,-0.16777356811291977,0.07505564288132534,-0.18521106527786055,1.336936378667766,0.8169439946081852,1.7232116836394606,-0.8955323628575438,-0.3725405082195734,0.3118446500799979,1.0705520796873276,0.5971131501367483,-0.10912669867551623
dba80c84-68fd-45b2-ba28-10f10075b239,27cc7537-a40e-47c3-a98f-89dbe78e8cb9,2026-08-16T01:53:01.217000+00:00,2026-08-16T01:53:31.217000+00:00,-0.05632455708175836,-0.13461452307427968,-0.1851192356081832,0.3319786292775446,-0.2076177055694406,1.4875496316279118,-0.31343632700014024,-0.5464412401152356,-0.04709640497900622,-0.681664798220186,1.1838538968242784,-0.40503220953218455
dba80c84-68fd-45b2-ba28-10f10075b239,05bc7ce0-dbdf-4bb8-babe-c66084786cd0,2026-08-16T22:53:01.217000+00:00,2026-08-16T22:53:31.217000+00:00,-0.1994057154748111,-0.03654460176593378,-0.052484983237693225,0.5609508920305386,0.25662990142344,0.3342536888242237,-1.1865803807862454,-0.4437582869686362,0.15497590792017124,0.031847013727906624,-0.2086085165010627,-0.4291813266414535
dba80c84-68fd-45b2-ba28-10f10075b239,8ba454a9-5ea9-4382-b9d1-d3842fef3cab,2026-08-15T10:53:01.217000+00:00,2026-08-15T10:53:31.217000+00:00,-0.06191908753065994,-0.06048446298863681,-0.2533906098942417,1.3222145912525392,0.16017247187325,0.34346969765680585,-0.8955323628575438,-0.8504608764060129,0.19241354462311752,-1.342080176310426,0.7327446064008402,-0.46100992702169763
dba80c84-68fd-45b2-ba28-10f10075b239,8ba454a9-5ea9-4382-b9d1-d3842fef3cab,2026-08-17T02:53:01.217000+00:00,2026-08-17T02:53:31.217000+00:00,-0.013581984935040578,0.050278203673763316,-0.1206283345680286,1.4255467387742573,1.4625894527696914,0.040371938930942736,0.8507557447146668,-0.6210377342838858,0.2354259284970073,-0.5414099503441108,0.9701625977441737,-0.26879173493290653
dba80c84-68fd-45b2-ba28-10f10075b239,15fa92b6-bb21-469b-8ebe-486f21886538,2026-08-15T19:53:01.217000+00:00,2026-08-15T19:53:31.217000+00:00,-0.06374236841414278,-0.04234058201037553,-0.2063778993391031,0.39148825194502457,0.44032119873749126,1.2876491146566464,1.723899798500772,-0.6587639408147609,0.09785193863601294,-1.0899758855979989,1.4177467404902737,-0.2401773720880085
dba80c84-68fd-45b2-ba28-10f10075b239,d840a02c-5fc4-4737-90f0-cd5b47cac023,2026-08-15T02:53:01.217000+00:00,2026-08-15T02:53:31.217000+00:00,0.002747624375595683,-0.06802060592060548,-0.13587876132127613,0.7269164361590427,0.9298851905772307,1.1929344075263253,0.2686597088572632,-0.618701931545399,-0.09105273611798488,-0.5002738288034465,1.5962383930039057,-0.44096033885810576
dba80c84-68fd-45b2-ba28-10f10075b239,05bc7ce0-dbdf-4bb8-babe-c66084786cd0,2026-08-16T18:53:01.217000+00:00,2026-08-16T18:53:31.217000+00:00,-0.009756267921637337,-0.05681047861539477,-0.2017523259356912,0.1232110335125056,-0.06131956989624192,-0.6786200691893274,-0.8955323628575438,-0.46498644908286296,0.47842159660494354,-0.7335628660253605,-0.1653708979472178,-0.15763199789922563
dba80c84-68fd-45b2-ba28-10f10075b239,15fa92b6-bb21-469b-8ebe-486f21886538,2026-08-14T23:53:01.217000+00:00,2026-08-14T23:53:31.217000+00:00,-0.18157845952662888,0.025271945450073652,-0.14190706049094493,0.22130921429405914,1.3000097435733153,0.4916251780848633,1.1418037626433684,-0.24835066451771665,-0.11055471201064532,0.9344810868909275,1.569119751460953,-0.13046101735194376
dba80c84-68fd-45b2-ba28-10f10075b239,15fa92b6-bb21-469b-8ebe-486f21886538,2026-08-16T08:53:01.217000+00:00,2026-08-16T08:53:31.217000+00:00,-0.19626712665323623,0.07783970116666579,-0.11054726528634451,0.8036990560958333,-0.2459438203955413,1.2747908780123365,0.8507557447146668,-0.8231865350696602,0.2063864121378089,0.24627497589064642,0.7946932400824697,-0.2661200899307347
dba80c84-68fd-45b2-ba28-10f10075b239,27cc7537-a40e-47c3-a98f-89dbe78e8cb9,2026-08-15T18:53:01.217000+00:00,2026-08-15T18:53:31.217000+00:00,-0.23155984324530152,-0.18120634173659675,-0.0628243137365729,0.14183669318564354,1.377006301025067,1.3455950272516535,1.1418037626433684,-0.4730009130586679,-0.05547725976065957,-0.2763459112226973,0.06376784430720261,-0.2615024671807466
dba80c84-68fd-45b2-ba28-10f10075b239,d840a02c-5fc4-4737-90f0-cd5b47cac023,2026-08-15T14:53:01.217000+00:00,2026-08-15T14:53:31.217000+00:00,-0.1603112965859809,-0.17138147164680584,-0.1379626824579831,1.2927577378075816,1.550255878509823,-0.8157876287619267,0.5597077267859649,-0.7443816099344857,0.3085293669978166,1.139057329149861,0.6978976813289627,-0.4777799194173224
dba80c84-68fd-45b2-ba28-10f10075b239,05bc7ce0-dbdf-4bb8-babe-c66084786cd0,2026-08-14T12:53:01.217000+00:00,2026-08-14T12:53:31.217000+00:00,-0.21069057523155363,0.002791821419597424,-0.15912879987502584,0.8593576612644416,-0.561546504255334,1.1065895220608901,0.5597077267859649,-0.8447280421888071,0.0066475793798551315,1.34394108939595,1.0893256163235703,-0.1329128220125614
dba80c84-68fd-45b2-ba28-10f10075b239,8ba454a9-5ea9-4382-b9d1-d3842fef3cab,2026-08-16T03:53:01.217000+00:00,2026-08-16T03:53:31.217000+00:00,-0.08965353939614477,-0.18171533035227735,-0.13820697566093584,0.5681602346118195,-0.07801579431934035,-0.20475566742774218,1.1418037626433684,-0.5753171968377768,0.2345307130206749,-0.7331629761991084,0.20560849886720486,-0.25559701536123913
dba80c84-68fd-45b2-ba28-10f10075b239,15fa92b6-bb21-469b-8ebe-486f21886538,2026-08-15T08:53:01.217000+00:00,2026-08-15T08:53:31.217000+00:00,-0.054330976323425574,-0.14907309857223228,-0.2498024201944685,0.7152444583820509,0.7561528722073114,-0.3764310271433155,1.4328517805720702,-0.5521538819544353,-0.08888168092960431,-0.9634033769294137,-0.21480395061133128,-0.08718370203275044
dba80c84-68fd-45b2-ba28-10f10075b239,27cc7537-a40e-47c3-a98f-89dbe78e8cb9,2026-08-14T11:53:01.217000+00:00,2026-08-14T11:53:31.217000+00:00,-0.1686597711825097,-0.16428458380802796,-0.13361089703906248,1.0560785528700072,0.6122614603943165,1.1484611029181238,0.5597077267859649,-0.7794149948865347,0.10109472178545985,0.2205693833800356,0.6814363356156954,-0.299672844746702
dba80c84-68fd-45b2-ba28-10f10075b239,d840a02c-5fc4-4737-90f0-cd5b47cac023,2026-08-14T14:53:01.217000+00:00,2026-08-14T14:53:31.217000+00:00,-0.01733120669322179,-0.1549998127680046,-0.19994324937587674,0.6927664598210789,-0.5828707251283309,0.26768816429348574,-1.1865803807862454,-0.3404266501109156,0.4820055376482019,1.3242600701374105,0.35566231670736154,-0.2525442361527798
dba80c84-68fd-45b2-ba28-10f10075b239,05bc7ce0-dbdf-4bb8-babe-c66084786cd0,2026-08-15T00:53:01.217000+00:00,2026-08-15T00:53:31.217000+00:00,-0.04755532581919442,0.00659796483402664,-0.1816465314470164,0.8045352879713593,0.5794925415469654,-0.018189161543756792,1.4328517805720702,-0.4266515556833042,-0.11792521099644389,0.9533022851890396,1.4744696686775238,-0.06496003130726423
dba80c84-68fd-45b2-ba28-10f10075b239,15fa92b6-bb21-469b-8ebe-486f21886538,2026-08-16T10:53:01.217000+00:00,2026-08-16T10:53:31.217000+00:00,0.020338930421980525,0.06810451753712664,-0.07940438304050706,0.7189704609491311,0.68636277986652,1.4541308070664407,1.4328517805720702,-0.7987888933150826,0.3565929043582326,-1.0608081938020864,0.7138094583245,-0.09955195013439623
dba80c84-68fd-45b2-ba28-10f10075b239,27cc7537-a40e-47c3-a98f-89dbe78e8cb9,2026-08-14T17:53:01.217000+00:00,2026-08-14T17:53:31.217000+00:00,-0.030899719570197347,0.041727918214456365,-0.06669396717994214,1.1094132055857953,1.3084930397899326,-0.5962693085525573,-0.31343632700014024,-0.7564785306269974,0.3006092294215865,0.9681229132544958,0.8626910123544508,-0.23993819824731458
dba80c84-68fd-45b2-ba28-10f10075b239,d840a02c-5fc4-4737-90f0-cd5b47cac023,2026-08-17T07:53:01.217000+00:00,2026-08-17T07:53:31.217000+00:00,-0.01798792788144987,-0.18342373223072533,-0.21560840964935293,0.9866962879233339,0.5492952909324568,1.5498756678533487,1.4328517805720702,-0.38753611587334763,0.16425828356814473,0.1963452273964188,1.5684515378905495,-0.26557578927439546
dba80c84-68fd-45b2-ba28-10f10075b239,8ba454a9-5ea9-4382-b9d1-d3842fef3cab,2026-08-17T05:53:01.217000+00:00,2026-08-17T05:53:31.217000+00:00,0.02093833018636164,-0.2070120670519358,-0.18799802013171843,1.306119467360885,1.2972120848920314,1.6121294879143264,-0.31343632700014024,-0.848700301342704,-0.1003125623442221,-0.16719399103085167,0.6615687463185501,-0.271296504034745
dba80c84-68fd-45b2-ba28-10f10075b239,15fa92b6-bb21-469b-8ebe-486f21886538,2026-08-15T09:53:01.217000+00:00,2026-08-15T09:53:31.217000+00:00,0.01227845195121096,0.027934014521570214,-0.24481329805198618,0.7748705312090545,1.2922618993436776,1.6065271051407213,0.2686597088572632,-0.8397222224083876,0.04864948394310479,-0.07958732154206655,0.2608051823260469,-0.08904008606237691
dba80c84-68fd-45b2-ba28-10f10075b239,15fa92b6-bb21-469b-8ebe-486f21886538,2026-08-14T21:53:01.217000+00:00,2026-08-14T21:53:31.217000+00:00,-0.11622885713731253,-0.09923087841897488,-0.15966389376247433,1.1259970585124253,0.8828331014411542,0.1662307827200822,1.1418037626433684,-0.8076901094659802,0.04959967015880979,-0.7586511959556994,0.5620852711849463,-0.06847776681556533
dba80c84-68fd-45b2-ba28-10f10075b239,27cc7537-a40e-47c3-a98f-89dbe78e8cb9,2026-08-17T02:53:01.217000+00:00,2026-08-17T02:53:31.217000+00:00,-0.20284139684012853,0.03840196522279976,-0.17278115762626328,0.1183841903265786,1.1444467623094916,0.9284679869264487,-1.1865803807862454,-0.8480671474815575,0.2254106157729704,-0.9207314317957817,0.7713398173948685,-0.05077719860250128
dba80c84-68fd-45b2-ba28-10f10075b239,27cc7537-a40e-47c3-a98f-89dbe78e8cb9,2026-08-14T23:53:01.217000+00:00,2026-08-14T23:53:31.217000+00:00,-0.07668099153905236,-0.1728556044350185,-0.042229923642355394,1.3958193826771645,0.14764938263779998,-0.28009602917438936,-0.604484344928842,-0.6319740860179093,0.11554185459412303,0.21548535841998936,0.1483113493947471,-0.39894800490478594
dba80c84-68fd-45b2-ba28-10f10075b239,f3535aac-a602-48a9-8b38-38b3526dfb00,1970-01-01T00:00:35.387000+00:00,1970-01-01T00:01:05.646000+00:00,-0.3234306672195537,-0.4318663375674963,-0.3014250267673396,-1.3342566671920204,-1.180664370610092,-0.5135545652826762,-1.1865803807862454,0.9019076376447441,-0.831417502898146,-0.490870227551973,-1.24603766009784,-0.6056114089845646
dba80c84-68fd-45b2-ba28-10f10075b239,f3535aac-a602-48a9-8b38-38b3526dfb00,1970-01-01T00:01:35.642000+00:00,1970-01-01T00:02:05.388000+00:00,-0.3234306672195537,-0.4318663375674963,-0.3014250267673396,-1.3342566671920204,-1.1839304871237837,-1.1123517176753805,-1.1865803807862454,1.7050243608287565,-0.831417502898146,-0.12899681823741455,-1.248811486084202,-0.15054631204209498
dba80c84-68fd-45b2-ba28-10f10075b239,f3535aac-a602-48a9-8b38-38b3526dfb00,1970-01-01T00:02:05.388000+00:00,1970-01-01T00:02:35.393000+00:00,-0.3234306672195537,-0.4318663375674963,-0.3014250267673396,-1.3342566671920204,-1.1951019127412714,-1.152810867677931,-1.1865803807862454,-1.0972243535111788,-0.831417502898146,-2.1229337508834023,-1.251895757060644,2.8392313748699305
dba80c84-68fd-45b2-ba28-10f10075b239,f3535aac-a602-48a9-8b38-38b3526dfb00,1970-01-01T00:06:05.391000+00:00,1970-01-01T00:06:35.394000+00:00,-0.3234306672195537,-0.4318663375674963,-0.3014250267673396,-1.3342566671920204,-1.18641289762082,-1.1141071706976848,-1.1865803807862454,0.06842736538169034,-0.831417502898146,-0.5934319854065584,-1.2500695644065,-0.6056114089845646
dba80c84-68fd-45b2-ba28-10f10075b239,f3535aac-a602-48a9-8b38-38b3526dfb00,1970-01-01T00:06:35.394000+00:00,1970-01-01T00:07:05.399000+00:00,-0.3234306672195537,-0.4318663375674963,-0.3014250267673396,-1.3342566671920204,-1.1891405415872747,-1.11962472123325,-0.31343632700014024,0.9101403076567968,-0.831417502898146,-0.204984042483713,-1.2509626758373356,1.5650491034310157
dba80c84-68fd-45b2-ba28-10f10075b239,f3535aac-a602-48a9-8b38-38b3526dfb00,1970-01-01T00:07:05.399000+00:00,1970-01-01T00:07:35.395000+00:00,-0.3234306672195537,-0.4318663375674963,-0.3014250267673396,-1.3342566671920204,-1.189020816756686,-1.0846455874088798,-0.8955323628575438,1.796931049698464,-0.831417502898146,0.6307829044245776,-1.250007475408484,1.1805190965146288
dba80c84-68fd-45b2-ba28-10f10075b239,f3535aac-a602-48a9-8b38-38b3526dfb00,1970-01-01T00:08:05.389000+00:00,1970-01-01T00:08:35.638000+00:00,-0.3234306672195537,-0.4318663375674963,-0.3014250267673396,-1.3342566671920204,-1.1951019127412714,-1.152810867677931,-1.1865803807862454,-1.0972243535111788,-0.831417502898146,-2.1229337508834023,-1.251895757060644,-0.6056114089845646
dba80c84-68fd-45b2-ba28-10f10075b239,f3535aac-a602-48a9-8b38-38b3526dfb00,1970-01-01T00:08:35.638000+00:00,1970-01-01T00:09:05.651000+00:00,-0.3234306672195537,-0.4318663375674963,-0.3014250267673396,-1.3342566671920204,-1.1809385231207152,-1.0371992724162362,-1.1865803807862454,1.9290447898402505,-0.831417502898146,0.3851001313416453,-1.2465904462083006,-0.6056114089845646
dba80c84-68fd-45b2-ba28-10f10075b239,f3535aac-a602-48a9-8b38-38b3526dfb00,1970-01-01T00:10:48.653000+00:00,1970-01-01T00:11:05.388000+00:00,-0.3234306672195537,-0.4318663375674963,-0.3014250267673396,-1.3342566671920204,-1.1888553998409934,-1.0569972023075862,-0.8955323628575438,-0.2677945378931875,-0.831417502898146,-0.954017234414984,-1.2504599489815253,-0.6056114089845646
dba80c84-68fd-45b2-ba28-10f10075b239,f3535aac-a602-48a9-8b38-38b3526dfb00,1970-01-01T00:11:05.388000+00:00,1970-01-01T00:11:35.401000+00:00,-0.3234306672195537,-0.4318663375674963,-0.3014250267673396,-1.3342566671920204,-1.1863700974398366,-1.059991289123589,0.2686597088572632,1.0046183777125095,-0.831417502898146,0.22515474614811556,-1.2497967608714675,2.6560676733505866
dba80c84-68fd-45b2-ba28-10f10075b239,f3535aac-a602-48a9-8b38-38b3526dfb00,1970-01-01T00:11:35.401000+00:00,1970-01-01T00:12:05.645000+00:00,1.8687933774714343,1.887436059817704,3.5648350051448756,-1.2102701953687147,-1.18711967898787,-1.079780557240158,0.2686597088572632,1.4789808286031492,0.8384921114748455,0.6420205017913384,-1.24975756719147,3.684514792440568
dba80c84-68fd-45b2-ba28-10f10075b239,f3535aac-a602-48a9-8b38-38b3526dfb00,1970-01-01T00:12:05.645000+00:00,1970-01-01T00:12:35.642000+00:00,-0.3234306672195537,-0.4318663375674963,-0.3014250267673396,-1.3342566671920204,-1.188921913635765,-1.1005745912313354,0.8507557447146668,1.3703537866991544,-0.831417502898146,0.25269006230517554,-1.250376128834204,2.1338804746091027
dba80c84-68fd-45b2-ba28-10f10075b239,f3535aac-a602-48a9-8b38-38b3526dfb00,1970-01-01T00:12:35.642000+00:00,1970-01-01T00:13:05.394000+00:00,-0.3234306672195537,-0.4318663375674963,-0.3014250267673396,-1.3342566671920204,-1.1857159487277795,-1.0409180610555915,-0.022388309071438517,2.468907332396219,-0.831417502898146,0.419809290529544,-1.2490992297843821,1.8187478949764424
dba80c84-68fd-45b2-ba28-10f10075b239,f3535aac-a602-48a9-8b38-38b3526dfb00,1970-01-01T00:13:05.394000+00:00,1970-01-01T00:13:35.390000+00:00,-0.08827829045692426,2.91589395551337,6.625160124147503,-1.2055014849139725,-1.1882024078905846,-1.1003955812191926,0.5597077267859649,0.8997230261908489,0.3052788388747868,0.2568107519032468,-1.250325487495197,0.45696559237610196
dba80c84-68fd-45b2-ba28-10f10075b239,8dec00b7-651f-4f45-8159-64f6f5015822,1970-01-01T00:01:11.570000+00:00,1970-01-01T00:01:41.579000+00:00,-0.3234306672195537,-0.4318663375674963,-0.3014250267673396,-1.3342566671920204,-1.184953642801616,-1.0596823524897296,-1.1865803807862454,2.2530473197105594,-0.831417502898146,1.4011241182153054,-1.2489500221610252,-0.34849962921206923
dba80c84-68fd-45b2-ba28-10f10075b239,8dec00b7-651f-4f45-8159-64f6f5015822,1970-01-01T00:01:41.579000+00:00,1970-01-01T00:02:11.573000+00:00,-0.3234306672195537,-0.4318663375674963,-0.3014250267673396,-1.3342566671920204,-1.1875239671839157,-1.0876772085822672,-0.022388309071438517,1.4605348875332949,-0.831417502898146,0.7754696393620366,-1.2501632799878803,1.3534438333527672
dba80c84-68fd-45b2-ba28-10f10075b239,db6f35ed-6b4e-48c7-b48b-16ee244855bf,1970-01-01T00:02:55.559000+00:00,1970-01-01T00:03:25.567000+00:00,-0.3234306672195537,-0.4318663375674963,-0.3014250267673396,-1.3342566671920204,-1.189107573880301,-1.097395719886669,-1.1865803807862454,0.29101547131932715,-0.831417502898146,-0.4807713354282025,-1.249598658162173,-0.6044737462422084
dba80c84-68fd-45b2-ba28-10f10075b239,db6f35ed-6b4e-48c7-b48b-16ee244855bf,1970-01-01T00:03:25.567000+00:00,1970-01-01T00:03:55.561000+00:00,-0.3234306672195537,-0.4318663375674963,-0.3014250267673396,-1.3342566671920204,-1.1798968592565116,-1.004411567611486,-1.1865803807862454,1.7119352134046975,-0.831417502898146,-0.49508343695103735,-1.2474028419417154,-0.6056114089845646
dba80c84-68fd-45b2-ba28-10f10075b239,db6f35ed-6b4e-48c7-b48b-16ee244855bf,1970-01-01T00:03:55.561000+00:00,1970-01-01T00:04:25.987000+00:00,-0.3234306672195537,-0.4318663375674963,-0.3014250267673396,-1.3342566671920204,-1.1822069122679661,-1.0668485274919652,-1.1865803807862454,2.0069342635836036,-0.831417502898146,1.0894889608399263,-1.2483405798398748,-0.6056114089845646
dba80c84-68fd-45b2-ba28-10f10075b239,db6f35ed-6b4e-48c7-b48b-16ee244855bf,1970-01-01T00:11:25.562000+00:00,1970-01-01T00:11:55.563000+00:00,8.781632761437743,8.282401546652682,-0.3014250267673396,-1.3008756940088229,-1.1951019127412714,-1.152810867677931,-1.1865803807862454,-1.0972243535111788,8.11840741168009,-2.1229337508834023,-1.251895757060644,-0.6056114089845646
dba80c84-68fd-45b2-ba28-10f10075b239,e361373e-1e90-4e5b-8754-8723673796d6,1970-01-01T00:17:18.409000+00:00,1970-01-01T00:17:48.412000+00:00,-0.3234306672195537,-0.4318663375674963,-0.3014250267673396,-1.3342566671920204,-1.1910468847835076,-1.125673527288723,-0.8955323628575438,0.889097484099919,-0.831417502898146,0.0011287234053056806,-1.2506933648084415,-0.27796453918598646
dba80c84-68fd-45b2-ba28-10f10075b239,e361373e-1e90-4e5b-8754-8723673796d6,1970-01-01T00:17:48.412000+00:00,1970-01-01T00:18:18.417000+00:00,-0.3234306672195537,-0.4318663375674963,-0.3014250267673396,-1.3342566671920204,-1.1895795326327663,-1.1318840198067768,-0.604484344928842,1.8454812766203414,-0.831417502898146,1.3452065738767114,-1.2507880505304156,0.7561708936157757
dba80c84-68fd-45b2-ba28-10f10075b239,e361373e-1e90-4e5b-8754-8723673796d6,1970-01-01T00:18:18.417000+00:00,1970-01-01T00:18:48.420000+00:00,-0.3234306672195537,-0.4318663375674963,-0.3014250267673396,-1.3342566671920204,-1.187525123945564,-1.0908676289599748,-1.1865803807862454,1.8372486066082885,-0.831417502898146,1.3196426411715783,-1.250029012529671,1.6219322405488243
dba80c84-68fd-45b2-ba28-10f10075b239,e361373e-1e90-4e5b-8754-8723673796d6,1970-01-01T00:18:48.420000+00:00,1970-01-01T00:19:18.419000+00:00,-0.3234306672195537,-0.4318663375674963,-0.3014250267673396,-1.3342566671920204,-1.1873932531176692,-1.1049747728201378,-0.8955323628575438,1.733641070788049,-0.831417502898146,1.989628338516014,-1.2493041234778348,-0.6056114089845646
dba80c84-68fd-45b2-ba28-10f10075b239,e361373e-1e90-4e5b-8754-8723673796d6,1970-01-01T00:19:18.419000+00:00,1970-01-01T00:19:48.416000+00:00,-0.3234306672195537,-0.4318663375674963,-0.3014250267673396,-1.3342566671920204,-1.183880746372911,-1.018769902940301,-1.1865803807862454,2.2185313087823824,-0.831417502898146,4.75993450583281,-1.250345860447671,-0.6056114089845646
dba80c84-68fd-45b2-ba28-10f10075b239,e361373e-1e90-4e5b-8754-8723673796d6,1970-01-01T00:20:18.416000+00:00,1970-01-01T00:20:48.920000+00:00,-0.3234306672195537,-0.4318663375674963,-0.3014250267673396,-1.3342566671920204,-1.1847460040857642,-1.003291311406463,-1.1865803807862454,0.6204667791738646,-0.831417502898146,-0.17193312280591877,-1.2479216731313862,-0.6056114089845646
dba80c84-68fd-45b2-ba28-10f10075b239,e361373e-1e90-4e5b-8754-8723673796d6,1970-01-01T00:25:48.421000+00:00,1970-01-01T00:26:18.920000+00:00,-0.3234306672195537,-0.4318663375674963,-0.3014250267673396,-1.3342566671920204,-1.1924997774136463,-1.0888292246281543,-1.1865803807862454,-0.9116301349173236,-0.831417502898146,-0.9986758306635111,-1.248474265213728,-0.6056114089845646
dba80c84-68fd-45b2-ba28-10f10075b239,9bff92a1-dd3a-448a-8302-4bf76d6ddc6b,1970-01-01T00:00:09.888000+00:00,1970-01-01T00:00:40.537000+00:00,-0.3234306672195537,-0.4318663375674963,-0.3014250267673396,-1.3342566671920204,-1.1872983986625167,-1.0666521939302602,-1.1865803807862454,1.9601818783835119,-0.831417502898146,0.5582189128150189,-1.249368734841395,-0.6056114089845646
dba80c84-68fd-45b2-ba28-10f10075b239,9bff92a1-dd3a-448a-8302-4bf76d6ddc6b,1970-01-01T00:02:02.538000+00:00,1970-01-01T00:02:09.888000+00:00,-0.3234306672195537,-0.4318663375674963,-0.3014250267673396,-1.3342566671920204,-1.1829160071583125,-1.076079092150365,-1.1865803807862454,1.843173408878191,-0.831417502898146,0.9013179194357743,-1.2467316986787866,-0.6056114089845646
dba80c84-68fd-45b2-ba28-10f10075b239,9bff92a1-dd3a-448a-8302-4bf76d6ddc6b,1970-01-01T00:00:01.512000+00:00,1970-01-01T00:00:31.522000+00:00,1.7722619543256855,1.383359234054988,3.7012267994229595,-1.081515013090667,-1.1873174852297121,-1.0899350445418756,0.5597077267859649,1.4757166620728155,0.6852166743369298,-0.04109589038632968,-1.2496784037189996,4.95642173839477
dba80c84-68fd-45b2-ba28-10f10075b239,9bff92a1-dd3a-448a-8302-4bf76d6ddc6b,1970-01-01T00:00:31.522000+00:00,1970-01-01T00:01:01.519000+00:00,1.6339154976466599,1.3251043532489761,3.934297917757597,-1.0958211444548944,-1.1871948684950029,-1.0906279865243644,2.0149478164294736,1.273444592613037,0.8525638831586287,0.15936605073434937,-1.2499839980061092,2.684509241909491
468f03a2-d7c9-4701-abf8-bb2c692f696b,e68dfd83-bb44-4626-993b-3362cea449d9,1970-01-01T00:00:03.207000+00:00,1970-01-01T00:00:33.219000+00:00,1.453658601670971,0.6460855254375332,-0.31868625370286396,-1.7756871329263404,-1.484546897207394,-1.0393334512798746,0.9573259380393859,1.2280919599211233,-0.08919855282814124,0.38930190647329765,-1.6227543010969452,6.782344086183491
468f03a2-d7c9-4701-abf8-bb2c692f696b,942fb1bf-f729-4da0-8e08-d14095bcdfcf,1970-01-01T00:00:12.020000+00:00,1970-01-01T00:00:42.024000+00:00,-1.7149067437352004,-0.9377005706611504,-0.31868625370286396,-1.810958553227217,-1.4732936462961639,-1.118303291834303,-1.4338230112716595,1.5521334249851497,-2.0618608769931903,-0.6097183217455034,-1.6187058763429873,-0.7422595723648108
468f03a2-d7c9-4701-abf8-bb2c692f696b,942fb1bf-f729-4da0-8e08-d14095bcdfcf,1970-01-01T00:00:42.024000+00:00,1970-01-01T00:01:12.028000+00:00,-1.7149067437352004,-0.9377005706611504,-0.31868625370286396,-1.810958553227217,-1.4785761286948582,-1.1759489807570769,-0.5371421552800174,1.9705748175434967,-2.0618608769931903,0.2699213505845208,-1.621599675009626,-0.7422595723648108
468f03a2-d7c9-4701-abf8-bb2c692f696b,942fb1bf-f729-4da0-8e08-d14095bcdfcf,1970-01-01T00:01:12.028000+00:00,1970-01-01T00:01:42.028000+00:00,-1.7149067437352004,-0.9377005706611504,-0.31868625370286396,-1.810958553227217,-1.4766377696862252,-1.1642690495866566,-0.5371421552800174,1.4952090312192534,-2.0618608769931903,-0.4807947643951213,-1.6202733331486527,-0.7422595723648108
468f03a2-d7c9-4701-abf8-bb2c692f696b,942fb1bf-f729-4da0-8e08-d14095bcdfcf,1970-01-01T00:01:42.028000+00:00,1970-01-01T00:02:12.022000+00:00,-1.7149067437352004,-0.9377005706611504,-0.31868625370286396,-1.810958553227217,-1.4806247691731924,-0.7829158548494909,-0.5371421552800174,0.8257794534289894,-2.0618608769931903,0.16515213119545413,-1.6217076525718142,-0.7422595723648108
468f03a2-d7c9-4701-abf8-bb2c692f696b,942fb1bf-f729-4da0-8e08-d14095bcdfcf,1970-01-01T00:02:12.022000+00:00,1970-01-01T00:02:42.455000+00:00,-1.7149067437352004,-0.9377005706611504,-0.31868625370286396,-1.810958553227217,-1.4840201410109384,-1.0873545884439186,-1.1349293926077788,0.778847303993836,-2.0618608769931903,-0.7665443039822333,-1.621957363788447,-0.7422595723648108
468f03a2-d7c9-4701-abf8-bb2c692f696b,942fb1bf-f729-4da0-8e08-d14095bcdfcf,1970-01-01T00:15:00.688000+00:00,1970-01-01T00:15:12.448000+00:00,-1.7149067437352004,-0.9377005706611504,-0.31868625370286396,-1.810958553227217,-1.4761603157938712,-1.154113442860313,-1.4338230112716595,1.5142192298836108,-2.0618608769931903,0.24012273042167986,-1.6204056318704791,-0.7422595723648108
468f03a2-d7c9-4701-abf8-bb2c692f696b,4328e952-1400-491c-b111-e77ab6ac9320,1970-01-01T00:12:38.987000+00:00,1970-01-01T00:13:09.004000+00:00,-1.7149067437352004,-0.9377005706611504,-0.31868625370286396,-1.810958553227217,-1.4826604353609736,-1.2001578754226832,-1.4338230112716595,1.6111218359487551,-2.0618608769931903,-0.41657222531088933,-1.6209876623804478,-0.7422595723648108
468f03a2-d7c9-4701-abf8-bb2c692f696b,6ae6b1ad-3ebd-4091-9109-dc16551befc8,1970-01-01T00:18:33.415000+00:00,1970-01-01T00:18:38.997000+00:00,-1.7149067437352004,-0.9377005706611504,-0.31868625370286396,-1.810958553227217,-1.4753494226343025,-1.1455313323343066,-1.4338230112716595,4.3023693873543,-2.0618608769931903,2.1202180685162615,-1.6168692094599448,-0.7422595723648108
468f03a2-d7c9-4701-abf8-bb2c692f696b,6ae6b1ad-3ebd-4091-9109-dc16551befc8,1970-01-01T00:20:38.986000+00:00,1970-01-01T00:21:08.999000+00:00,-1.7149067437352004,-0.9377005706611504,-0.31868625370286396,-1.810958553227217,-1.4854940204177702,-1.237053083203509,-1.4338230112716595,2.0993519442256097,-2.0618608769931903,-0.6891547266696394,-1.6219257043478832,-0.7422595723648108
468f03a2-d7c9-4701-abf8-bb2c692f696b,6ae6b1ad-3ebd-4091-9109-dc16551befc8,1970-01-01T00:25:08.999000+00:00,1970-01-01T00:25:38.997000+00:00,-1.7149067437352004,-0.9377005706611504,-0.31868625370286396,-1.810958553227217,-1.473064001353374,-1.2013707787437766,-1.4338230112716595,1.4206365977897248,-2.0618608769931903,-0.48804283792863407,-1.6191971218346504,-0.7422595723648108
468f03a2-d7c9-4701-abf8-bb2c692f696b,6ae6b1ad-3ebd-4091-9109-dc16551befc8,1970-01-01T00:28:38.997000+00:00,1970-01-01T00:29:08.984000+00:00,-1.7149067437352004,-0.9377005706611504,-0.31868625370286396,-1.810958553227217,-1.4710932066183584,-1.1638428943657317,-1.4338230112716595,2.9298210383185506,-2.0618608769931903,2.106226982807928,-1.6198076668076435,-0.7422595723648108
468f03a2-d7c9-4701-abf8-bb2c692f696b,1b8db34d-f938-4d87-b78e-315476e05b56,1970-01-01T00:29:08.984000+00:00,1970-01-01T00:29:38.111000+00:00,0.5787562301782221,0.17118363842419076,-0.31868625370286396,-1.7756871329263404,-1.47738054782039,-1.1052301609031672,-0.8360357739438982,1.0914651034043235,-0.7059150899618462,0.10589159844223349,-1.6216378340704383,-0.7422595723648108
468f03a2-d7c9-4701-abf8-bb2c692f696b,f434e8b4-c562-4c95-8413-8ee6bed06cb2,1970-01-01T00:00:01.696000+00:00,1970-01-01T00:00:31.708000+00:00,1.8390885653285873,7.378463113846384,8.117155339742222,-1.4229729299175733,-1.4761765336570625,-1.1986991133202871,0.06064508204774391,1.846646053406338,1.5331604722983354,0.271126409264909,-1.6216623648952457,-0.7422595723648108
468f03a2-d7c9-4701-abf8-bb2c692f696b,892182e1-215c-4a77-bb62-02b4c7028887,2026-08-16T09:52:58.211000+00:00,2026-08-16T09:53:28.211000+00:00,-0.43894642610808443,0.24596967183843588,-0.18093680769428155,1.205254157332476,0.5182569669816599,0.841202507938473,0.9573259380393859,-0.1755288544335264,0.7982175018908022,-1.3089216279861178,-0.06470313382239512,-0.6071456442875908
468f03a2-d7c9-4701-abf8-bb2c692f696b,bed84938-5c26-4776-a5c1-dfafb616181c,2026-08-15T04:52:58.211000+00:00,2026-08-15T04:53:28.211000+00:00,0.2733248786098269,0.1660892363021651,-0.11610921979525284,0.1428890293333815,0.29996257082787875,0.48903145014394184,-0.8360357739438982,-0.2312283552999398,-0.05067141872700799,-0.5471642305458871,1.1725344356701013,-0.6307775024717904
468f03a2-d7c9-4701-abf8-bb2c692f696b,bed84938-5c26-4776-a5c1-dfafb616181c,2026-08-17T04:52:58.211000+00:00,2026-08-17T04:53:28.211000+00:00,-0.7930452729338348,-0.013767554034941351,0.09407526242756588,0.3520515623959442,-0.3461845563287981,-0.6444280745209194,-1.4338230112716595,-0.23746263765490494,0.3431231848559367,1.5617483860307668,-0.21342435139687657,-0.43959497529356517
468f03a2-d7c9-4701-abf8-bb2c692f696b,e3b1241c-dc36-4812-ba05-47cbf46120c8,2026-08-14T21:52:58.211000+00:00,2026-08-14T21:53:28.211000+00:00,0.9458387323231946,-0.22322353343649756,0.06251832114998693,0.6514629956335379,0.21848970477651483,0.8102413024059371,0.3595387007116246,-0.20512940064932902,0.2730537403305111,-0.8194580815078318,0.5220924480842349,0.09285924774768156
468f03a2-d7c9-4701-abf8-bb2c692f696b,892182e1-215c-4a77-bb62-02b4c7028887,2026-08-14T22:52:58.211000+00:00,2026-08-14T22:53:28.211000+00:00,0.0020955493059048877,-0.1841628449719453,-0.0015384391707796334,0.7584197946680472,0.34401397897688757,1.5704819761422106,1.5551131753671474,-0.734737721205577,0.14538139847129702,0.7979669887058928,1.165776168254376,0.14386969124854837
468f03a2-d7c9-4701-abf8-bb2c692f696b,892182e1-215c-4a77-bb62-02b4c7028887,2026-08-14T12:52:58.211000+00:00,2026-08-14T12:53:28.211000+00:00,0.7850229150600977,0.12092815619988738,-0.0663399772443786,0.9384660110183488,0.5137541291886589,1.9426140272604624,1.2562195567032666,-0.15891716666289762,-0.1621080678711839,1.6720937913090381,-0.513191429919682,-0.023613276465425395
468f03a2-d7c9-4701-abf8-bb2c692f696b,c565b9ef-2cbb-424c-970f-c61fd2e45677,2026-08-16T05:52:58.211000+00:00,2026-08-16T05:53:28.211000+00:00,1.423328890570871,0.10012067537361431,-0.18398714979119585,0.0496250946799928,-0.6625678038124596,0.2801233410205758,1.2562195567032666,-0.4361286652488585,0.19054139798588668,1.7372170641213025,1.0449905765688967,0.5503774194589262
468f03a2-d7c9-4701-abf8-bb2c692f696b,e3b1241c-dc36-4812-ba05-47cbf46120c8,2026-08-16T11:52:58.211000+00:00,2026-08-16T11:53:28.211000+00:00,0.5491801813576027,0.2778476409087377,-0.22636454803181222,0.9545270652231987,0.674824646347694,-0.3312096747171517,0.06064508204774391,-0.24535354720048777,-0.2531774852554872,1.268726766008741,1.4141142786929979,0.44078536450943867
468f03a2-d7c9-4701-abf8-bb2c692f696b,c565b9ef-2cbb-424c-970f-c61fd2e45677,2026-08-15T09:52:58.211000+00:00,2026-08-15T09:53:28.211000+00:00,-0.35728068014512837,-0.24306923095947816,0.02850351433089985,0.7759434497479116,0.0008445396824891292,-0.8877645138825877,0.9573259380393859,-0.7421963514571824,0.66961106215165,0.519957982831749,1.2940719676917534,0.35075459288871363
468f03a2-d7c9-4701-abf8-bb2c692f696b,a245bcdd-43a0-45f4-9fb9-96b30280020e,2026-08-15T19:52:58.211000+00:00,2026-08-15T19:53:28.211000+00:00,-0.5593318612946423,0.427789897706127,-0.10307026063841093,0.1380459812385987,1.4256876003827552,-0.8457384052853849,-1.1349293926077788,-0.41972256992508,0.8514358860979021,-0.7822107287375007,-0.19968924773695473,-0.4207318567442041
468f03a2-d7c9-4701-abf8-bb2c692f696b,e3b1241c-dc36-4812-ba05-47cbf46120c8,2026-08-16T05:52:58.211000+00:00,2026-08-16T05:53:28.211000+00:00,-0.18164797348252296,0.13634290507590188,-0.05099382563245337,1.093843366404771,1.2620426590448677,-0.0844020725080191,-0.5371421552800174,-0.2324691740426834,0.9984864527063964,1.1953292955770896,1.457073587068131,0.1715976713410241
468f03a2-d7c9-4701-abf8-bb2c692f696b,892182e1-215c-4a77-bb62-02b4c7028887,2026-08-15T14:52:58.211000+00:00,2026-08-15T14:53:28.211000+00:00,1.329509636185623,0.20257424756746725,-0.08354538167761474,0.4651206220893213,-0.5712993479891232,0.33392294849381227,-1.4338230112716595,-0.14906915839796417,0.7495268951769036,0.6840214003291193,-0.513331288535036,0.6195428490195427
468f03a2-d7c9-4701-abf8-bb2c692f696b,c565b9ef-2cbb-424c-970f-c61fd2e45677,2026-08-17T09:52:58.211000+00:00,2026-08-17T09:53:28.211000+00:00,0.24869805664673061,0.1888526170244269,-0.18922964661267894,0.03878986827864224,0.06551578862936958,-0.4604059458039404,-1.4338230112716595,-0.768555185934292,1.0018218531259317,-1.5464175551815822,-0.11261766721835213,-0.07265640145680435
468f03a2-d7c9-4701-abf8-bb2c692f696b,a245bcdd-43a0-45f4-9fb9-96b30280020e,2026-08-14T12:52:58.211000+00:00,2026-08-14T12:53:28.211000+00:00,-0.007154180144787163,-0.010552179786007919,-0.11521890664035099,-0.25897636154159676,-0.7837850448793264,-0.2884932823655522,-0.5371421552800174,-0.5074461007781327,0.9729632528209387,0.14949496453642944,0.5384099612172578,-0.46232086161012625
468f03a2-d7c9-4701-abf8-bb2c692f696b,a245bcdd-43a0-45f4-9fb9-96b30280020e,2026-08-15T06:52:58.211000+00:00,2026-08-15T06:53:28.211000+00:00,-0.6557896223326234,0.3218706004967246,-0.24524354177656482,0.3008581953270857,-0.5870988204253468,0.9472100312363071,-0.5371421552800174,-0.26240778034302076,0.0636408271491804,-0.29198299276448797,0.7500532340758111,-0.1436519612259589
468f03a2-d7c9-4701-abf8-bb2c692f696b,bed84938-5c26-4776-a5c1-dfafb616181c,2026-08-16T22:52:58.211000+00:00,2026-08-16T22:53:28.211000+00:00,0.685243237365605,-0.23114219453292753,-0.11864935661310501,0.663303765860205,-0.784949070531463,1.522630644650151,1.5551131753671474,-0.42994868966720123,0.47470973436866837,1.671592274180579,1.2565215977033726,0.6384051575978267
468f03a2-d7c9-4701-abf8-bb2c692f696b,e3b1241c-dc36-4812-ba05-47cbf46120c8,2026-08-14T18:52:58.211000+00:00,2026-08-14T18:53:28.211000+00:00,1.3884434771168215,0.06416257979640719,-0.23921166777310648,1.16679428679948,1.6702809671488004,-0.5982092300116005,1.2562195567032666,-0.2641637665295738,1.0489700546520924,1.62037919677724,0.8900241104038216,-0.5265638123176687
468f03a2-d7c9-4701-abf8-bb2c692f696b,892182e1-215c-4a77-bb62-02b4c7028887,2026-08-16T23:52:58.211000+00:00,2026-08-16T23:53:28.211000+00:00,0.727386910041609,0.18118834904714679,0.024760240394044612,-0.2449368880983435,0.2814105114695013,-0.001777071910744044,0.06064508204774391,-0.10916936616670356,0.7255621058123021,-1.3050222640694478,1.0352908410478954,0.49309382930521634
468f03a2-d7c9-4701-abf8-bb2c692f696b,892182e1-215c-4a77-bb62-02b4c7028887,2026-08-15T05:52:58.211000+00:00,2026-08-15T05:53:28.211000+00:00,1.095958589529997,-0.20429065383949718,0.0278647613690833,0.44211431181645544,-0.7755677939558212,-0.6978276824571009,-0.23824853661613676,-0.4406968642403466,0.441218995809087,-1.0550558017483036,1.1253863767708228,-0.5020248656105831
468f03a2-d7c9-4701-abf8-bb2c692f696b,a245bcdd-43a0-45f4-9fb9-96b30280020e,2026-08-16T00:52:58.211000+00:00,2026-08-16T00:53:28.211000+00:00,-0.5557008770579217,-0.32705850975750295,-0.010753969108424096,0.16231734449502405,-0.544817320772853,1.7046145265201615,0.6584323193755053,-0.6736816218526299,0.7252042637025562,-0.4542777400760562,0.16269199746999338,0.8748157724784948
468f03a2-d7c9-4701-abf8-bb2c692f696b,a245bcdd-43a0-45f4-9fb9-96b30280020e,2026-08-14T18:52:58.211000+00:00,2026-08-14T18:53:28.211000+00:00,0.5972198659987088,-0.1527046383745067,0.011078177357476805,0.9775273261232447,1.214722337996706,0.6169408143418714,-1.1349293926077788,-0.22620962956646784,0.3710272949345562,-0.6415163626958601,0.5181451753736064,0.7780985047426899
468f03a2-d7c9-4701-abf8-bb2c692f696b,e3b1241c-dc36-4812-ba05-47cbf46120c8,2026-08-14T19:52:58.211000+00:00,2026-08-14T19:53:28.211000+00:00,0.33217080680237027,-0.3143484272451507,-0.08606355985293342,0.5286082057273719,-0.064145792816636,1.5116043044705891,1.5551131753671474,-0.378198250121714,0.40866917505484446,-1.5486286271116974,-0.4247598647034934,-0.15037301421290444
468f03a2-d7c9-4701-abf8-bb2c692f696b,892182e1-215c-4a77-bb62-02b4c7028887,2026-08-17T00:52:58.211000+00:00,2026-08-17T00:53:28.211000+00:00,0.8252347686000968,0.45404936738020135,0.0015279902559391344,-0.023902662869149882,1.041728790424921,0.2917243205896119,1.5551131753671474,-0.5107997932368155,0.4715318851113583,-0.014581703905893466,-0.27042771128756127,0.6032990136026251
468f03a2-d7c9-4701-abf8-bb2c692f696b,bed84938-5c26-4776-a5c1-dfafb616181c,2026-08-16T17:52:58.211000+00:00,2026-08-16T17:53:28.211000+00:00,-0.8233248516610643,-0.006641321852665573,-0.11118483488968298,-0.10200098886058422,0.8444731779857008,1.1061925946151983,1.5551131753671474,-0.664782564319405,0.6305754834208831,-0.58030075038527,1.1860712881552795,0.656867495179697
468f03a2-d7c9-4701-abf8-bb2c692f696b,bed84938-5c26-4776-a5c1-dfafb616181c,2026-08-15T11:52:58.211000+00:00,2026-08-15T11:53:28.211000+00:00,-0.8824954511997124,-0.10676787520647456,-0.17476596985748807,0.07982300198167126,1.5681001805716586,1.7414486770422624,0.9573259380393859,-0.6702663052841008,0.4602086454637749,-0.5806915775911483,0.1394421041337653,-0.5280962658244643
468f03a2-d7c9-4701-abf8-bb2c692f696b,e3b1241c-dc36-4812-ba05-47cbf46120c8,2026-08-16T14:52:58.211000+00:00,2026-08-16T14:53:28.211000+00:00,-0.2809904042478936,0.14977825425396785,-0.025139350524233106,0.710028139508638,1.68208283996975,-0.7804521074278481,-0.23824853661613676,-0.2772925414108658,0.05040284681244752,-1.5320931177656787,-0.3299945401749373,-0.31406316664696504
468f03a2-d7c9-4701-abf8-bb2c692f696b,c565b9ef-2cbb-424c-970f-c61fd2e45677,2026-08-14T20:52:58.211000+00:00,2026-08-14T20:53:28.211000+00:00,-0.3017055217091504,0.38460525711381127,-0.17409830275822744,0.8978936815506591,1.3685521871327835,0.5163861966126757,0.6584323193755053,-0.20417607976269536,0.1163474584548132,0.5023220504075249,-0.5200044576961349,0.4076804093106777
468f03a2-d7c9-4701-abf8-bb2c692f696b,bed84938-5c26-4776-a5c1-dfafb616181c,2026-08-17T01:52:58.211000+00:00,2026-08-17T01:53:28.211000+00:00,-0.12045656936423832,-0.018044606063546118,-0.07907464901832433,-0.019524453437425725,0.5459894193141512,-0.6973715102082745,-0.23824853661613676,-0.763262105286601,-0.19020806038803023,-0.191933021605998,-0.09027967816944887,0.5276864946153353
468f03a2-d7c9-4701-abf8-bb2c692f696b,c565b9ef-2cbb-424c-970f-c61fd2e45677,2026-08-15T20:52:58.211000+00:00,2026-08-15T20:53:28.211000+00:00,0.4231436346929877,-0.2556624157554216,-0.14608035667455094,-0.014692219615754933,-0.00497187787891916,-0.5513008717303668,1.2562195567032666,-0.7738428020270569,0.7526389458741783,0.8484972408709007,-0.20367023652818897,-0.45238104378479377
468f03a2-d7c9-4701-abf8-bb2c692f696b,c565b9ef-2cbb-424c-970f-c61fd2e45677,2026-08-14T13:52:58.211000+00:00,2026-08-14T13:53:28.211000+00:00,-0.4097972791954405,0.07284386463948923,0.04875473216129932,0.06126181256919608,1.1286538396011994,1.9646507193325793,0.3595387007116246,-0.7501020731971874,0.266053107969392,0.35852528556720614,-0.4519682991654681,-0.609244286000307
468f03a2-d7c9-4701-abf8-bb2c692f696b,c565b9ef-2cbb-424c-970f-c61fd2e45677,2026-08-15T15:52:58.211000+00:00,2026-08-15T15:53:28.211000+00:00,0.45562064494198934,-0.14201863461175696,-0.06009594849817145,0.6280650205508508,0.909629381620977,-0.26183141147447536,-0.23824853661613676,-0.27753028367645316,-0.02752489047298169,-0.8462177821083262,-0.5009423971427164,-0.09651748226279686
468f03a2-d7c9-4701-abf8-bb2c692f696b,e3b1241c-dc36-4812-ba05-47cbf46120c8,2026-08-16T10:52:58.211000+00:00,2026-08-16T10:53:28.211000+00:00,0.9494616341679046,-0.2513994214991731,-0.1457933284617425,1.1607042007889852,0.2037522374917375,1.6519640794861938,0.9573259380393859,-0.23055445465989222,0.07186470831236874,-0.7750792716594391,0.5804199924572832,0.8916220767976621
468f03a2-d7c9-4701-abf8-bb2c692f696b,e3b1241c-dc36-4812-ba05-47cbf46120c8,2026-08-17T04:52:58.211000+00:00,2026-08-17T04:53:28.211000+00:00,0.7913273470936081,-0.34721872748221716,-0.10610930175398829,-0.20050236516833372,-0.5804635134169485,-0.8292792329459302,0.3595387007116246,-0.5860471762550676,0.9342003197942348,0.1576487669871317,0.924465772048334,-0.5175851147568197
468f03a2-d7c9-4701-abf8-bb2c692f696b,e3b1241c-dc36-4812-ba05-47cbf46120c8,2026-08-15T11:52:58.211000+00:00,2026-08-15T11:53:28.211000+00:00,-0.7713696280847695,0.04275417657084268,-0.01915393940800746,-0.08255010713358464,-0.10465112343731145,-0.5589983379532938,-0.23824853661613676,-0.4985959843118504,0.4957523657328279,0.059838645445157546,0.3118683391676986,-0.3461273601240721
468f03a2-d7c9-4701-abf8-bb2c692f696b,c565b9ef-2cbb-424c-970f-c61fd2e45677,2026-08-16T00:52:58.211000+00:00,2026-08-16T00:53:28.211000+00:00,0.26854096895053586,-0.17435251908658708,-0.13258613994789872,1.1269439690473166,-0.1730412836367721,1.958206570778047,0.9573259380393859,-0.7221137713881954,-0.24281265825894646,-0.2802025713934225,0.844692998429922,-0.6387654211123353
468f03a2-d7c9-4701-abf8-bb2c692f696b,bed84938-5c26-4776-a5c1-dfafb616181c,2026-08-17T08:52:58.211000+00:00,2026-08-17T08:53:28.211000+00:00,-0.08692657261663776,-0.33400353387061443,-0.07244945943674909,1.018121990724626,-0.5926658196145123,-0.42950415539904285,-1.1349293926077788,-0.49602398490289407,1.0188522425876176,1.1202466957990727,0.6936472643170082,0.32356359822517616
468f03a2-d7c9-4701-abf8-bb2c692f696b,bed84938-5c26-4776-a5c1-dfafb616181c,2026-08-15T01:52:58.211000+00:00,2026-08-15T01:53:28.211000+00:00,0.3606047969296513,-0.20973206343190687,-0.025382208714789876,-0.1820721864125902,-0.4220302605965988,-0.5576251726380985,-0.23824853661613676,-0.7534346316442739,-0.13152574491990845,-1.7110666988533716,0.7834566236434796,0.5886915853282713
468f03a2-d7c9-4701-abf8-bb2c692f696b,e3b1241c-dc36-4812-ba05-47cbf46120c8,2026-08-14T20:52:58.211000+00:00,2026-08-14T20:53:28.211000+00:00,-0.9207983718648207,-0.18689866177601772,0.03400533581773026,0.5846924996120393,0.763600118546592,0.007281841467909993,-0.23824853661613676,-0.29514016263885523,0.007898855851204686,1.566144494896364,1.0458638434451466,-0.12669550803784985
468f03a2-d7c9-4701-abf8-bb2c692f696b,892182e1-215c-4a77-bb62-02b4c7028887,2026-08-14T14:52:58.211000+00:00,2026-08-14T14:53:28.211000+00:00,1.0767369927214059,-0.07525550698786417,0.06265706333437607,0.8499874736599607,0.42467890489249543,1.6315030671366655,0.9573259380393859,-0.12438489304516852,-0.010418056469385976,1.100405787352301,-0.45694619678051485,-0.5212638434894316
468f03a2-d7c9-4701-abf8-bb2c692f696b,bed84938-5c26-4776-a5c1-dfafb616181c,2026-08-16T23:52:58.211000+00:00,2026-08-16T23:53:28.211000+00:00,0.17285082942002594,-0.120116710802993,0.012090890120530006,-0.2380837362856583,0.5507084542432065,-0.6709413808117707,0.3595387007116246,-0.34808253589787613,0.1281742086420198,1.2583962977959,1.0690162918101376,0.8580295228656554
468f03a2-d7c9-4701-abf8-bb2c692f696b,a245bcdd-43a0-45f4-9fb9-96b30280020e,2026-08-15T15:52:58.211000+00:00,2026-08-15T15:53:28.211000+00:00,0.8777252061371539,0.41885317675479117,0.07445219477213383,0.19081549391587332,0.7841246815212932,-0.6246581592419328,-1.1349293926077788,-0.31107608616768745,0.46517486543322517,1.2023581385629558,0.315524456471674,0.6215714028390875
468f03a2-d7c9-4701-abf8-bb2c692f696b,a245bcdd-43a0-45f4-9fb9-96b30280020e,2026-08-15T14:52:58.211000+00:00,2026-08-15T14:53:28.211000+00:00,0.8745214365876908,0.3667847380818061,0.07622790798092191,0.24639087067478574,0.07473303242271843,-0.21921284425174745,-0.23824853661613676,-0.6761147102836672,0.4741277494275239,-0.7064045026222132,1.386392308765828,-0.7115140262933769
468f03a2-d7c9-4701-abf8-bb2c692f696b,a245bcdd-43a0-45f4-9fb9-96b30280020e,2026-08-15T09:52:58.211000+00:00,2026-08-15T09:53:28.211000+00:00,1.0841052765558548,0.36768609278404607,-0.1779842019386986,-0.218908655259867,1.313912383680301,-0.5996411617830142,1.2562195567032666,-0.6509706830913974,-0.359195347242675,-0.9161698561187939,0.16382293327122907,0.8108214808309907
468f03a2-d7c9-4701-abf8-bb2c692f696b,bed84938-5c26-4776-a5c1-dfafb616181c,2026-08-16T02:52:58.211000+00:00,2026-08-16T02:53:28.211000+00:00,-0.5798056811712715,0.37866966350539194,-0.13220417338911153,0.1908520689170675,-0.3913990010984311,-0.7325778379075301,0.9573259380393859,-0.26778002415804314,0.6191140955989896,0.1361755289225682,1.4954398487732103,-0.008633050101299498
468f03a2-d7c9-4701-abf8-bb2c692f696b,bed84938-5c26-4776-a5c1-dfafb616181c,2026-08-14T14:52:58.211000+00:00,2026-08-14T14:53:28.211000+00:00,0.37972544803107844,-0.006289577965252421,-0.2406129850190162,0.4611365766259687,-0.8398462566380317,0.5212777053083834,0.3595387007116246,-0.7373174409859462,0.6316246694871884,-0.8818982161078166,0.5344504234494549,-0.5376387343590376
468f03a2-d7c9-4701-abf8-bb2c692f696b,e3b1241c-dc36-4812-ba05-47cbf46120c8,2026-08-15T23:52:58.211000+00:00,2026-08-15T23:53:28.211000+00:00,0.6925376196458775,-0.04620467372686174,-0.2214542666257049,1.096687089660218,1.282965983508531,0.768961278001139,1.5551131753671474,-0.5944491891885059,-0.36670170692667486,-0.7686387557607403,0.8452333306921886,0.5923310908161336
468f03a2-d7c9-4701-abf8-bb2c692f696b,e3b1241c-dc36-4812-ba05-47cbf46120c8,2026-08-14T23:52:58.211000+00:00,2026-08-14T23:53:28.211000+00:00,0.38085756222285944,0.46318659434174536,-0.04488787252192803,0.07573053120079569,0.26539855427056463,-0.26533661491313193,-0.8360357739438982,-0.6701170263228581,1.0147343359353536,-0.3325366843958497,0.4421961934153943,-0.41470745075584425
468f03a2-d7c9-4701-abf8-bb2c692f696b,c565b9ef-2cbb-424c-970f-c61fd2e45677,2026-08-17T03:52:58.211000+00:00,2026-08-17T03:53:28.211000+00:00,0.33175922607833375,-0.05569069503671893,-0.02921157480629476,1.1938746843820875,0.11575377746777116,0.13625736440879094,0.9573259380393859,-0.32561229461764973,0.20722310709281253,-0.33109880017417603,-0.3962839009272445,-0.25864576125945926
468f03a2-d7c9-4701-abf8-bb2c692f696b,a245bcdd-43a0-45f4-9fb9-96b30280020e,2026-08-16T22:52:58.211000+00:00,2026-08-16T22:53:28.211000+00:00,1.2545803955394716,0.3665864455564085,-0.21791615219877328,0.9929379584231164,-0.31880230562631784,0.17574464960358613,0.06064508204774391,-0.2933724650757118,0.96565633203854,-1.5585069031172534,0.15746693044893662,-0.39257639937070793
468f03a2-d7c9-4701-abf8-bb2c692f696b,892182e1-215c-4a77-bb62-02b4c7028887,2026-08-14T13:52:58.211000+00:00,2026-08-14T13:53:28.211000+00:00,1.0298993818511426,0.44035081289786654,-0.07070383452154788,1.1078973892323727,0.6596240202941953,-0.4060943699223168,0.06064508204774391,-0.3958515309284655,-0.08085203640387781,-1.4246712647152016,-0.16061264614198223,-0.10704072197152914
468f03a2-d7c9-4701-abf8-bb2c692f696b,892182e1-215c-4a77-bb62-02b4c7028887,2026-08-14T11:52:58.211000+00:00,2026-08-14T11:53:28.211000+00:00,0.2987109954883631,-0.0015918949365419988,-0.15757264388982953,-0.23727614299748054,0.8625261714394471,-0.1366358928730093,0.9573259380393859,-0.7557324120192843,0.8113954707809777,1.4048198295409617,0.4843832458931526,0.23873072340195778
468f03a2-d7c9-4701-abf8-bb2c692f696b,892182e1-215c-4a77-bb62-02b4c7028887,2026-08-14T17:52:58.211000+00:00,2026-08-14T17:53:28.211000+00:00,-0.572569429569375,0.45141194192307593,-0.08302530706737965,1.2027556257348049,1.3180736580679455,1.6160765119755298,-0.8360357739438982,-0.7131778003315555,0.23583621036193783,-0.22461086539392086,-0.2018876866754158,0.8456238094023927
468f03a2-d7c9-4701-abf8-bb2c692f696b,892182e1-215c-4a77-bb62-02b4c7028887,2026-08-17T04:52:58.211000+00:00,2026-08-17T04:53:28.211000+00:00,1.2736008834831787,-0.10688122136646325,0.04479826548318625,0.31619237306859144,1.484692084055945,-0.21354182774906322,-1.4338230112716595,-0.5714705374512148,0.9354798370867963,-0.6237920955065925,0.85302422108574,0.08024197773213701
468f03a2-d7c9-4701-abf8-bb2c692f696b,a245bcdd-43a0-45f4-9fb9-96b30280020e,2026-08-16T23:52:58.211000+00:00,2026-08-16T23:53:28.211000+00:00,0.9470126873892598,0.001929611817835664,0.004228733247317457,0.3005090735990241,0.5819116991365179,1.8373685123145507,0.6584323193755053,-0.1126092731726947,0.9705570365371837,0.42415936137364385,-0.20056266194501174,-0.6470289485447979
468f03a2-d7c9-4701-abf8-bb2c692f696b,bed84938-5c26-4776-a5c1-dfafb616181c,2026-08-16T11:52:58.211000+00:00,2026-08-16T11:53:28.211000+00:00,-0.8403720253500733,-0.32516274699623815,0.08296562816800035,0.4190540893282969,0.9778928500663528,0.6537207773013236,0.6584323193755053,-0.6157627073046144,-0.1709715705522195,-0.6540497799980323,-0.08926637237532235,0.8740483296656606
4958d349-1ff1-4f6b-8344-fca7d4d717aa,e21d6bcf-d489-452a-8434-9fdeb4a8a4ff,2026-08-16T21:53:04.099000+00:00,2026-08-16T21:53:34.099000+00:00,-0.9270641434581312,0.32007267724735516,1.2878433429502452,1.2285099662080965,0.9498726060068348,1.0375801771702533,-0.9552479723233022,-1.2282165615291853,-0.21694003582096877,1.2322332239136238,0.49604361853880413,0.0747468907140966
4958d349-1ff1-4f6b-8344-fca7d4d717aa,b18da398-8da7-48c4-a227-ad674d8de565,2026-08-15T11:53:04.099000+00:00,2026-08-15T11:53:34.099000+00:00,1.6693292625731888,1.0649803624404781,-0.7838855643909508,0.5189438688550991,0.32558079701429776,-0.4695121180211778,0.02032442494304898,0.18378093268290713,0.7407581832849087,-0.38875435554826254,0.2175422416309937,0.33374458205346463
4958d349-1ff1-4f6b-8344-fca7d4d717aa,ab8aa270-082d-4529-9b11-ad17b456a161,2026-08-16T13:53:04.099000+00:00,2026-08-16T13:53:34.099000+00:00,1.2923966089317545,0.4758885036914955,-0.9428053818292208,0.10956122178307996,-0.3792772416022195,1.0830930991372236,0.02032442494304898,-0.8746133738675594,1.2288123570040275,0.16372733553928576,0.4491853185746727,1.6560905215227069
4958d349-1ff1-4f6b-8344-fca7d4d717aa,dd8db810-64d3-4a3e-b264-bbb8473ae07b,2026-08-15T14:53:04.099000+00:00,2026-08-15T14:53:34.099000+00:00,-0.8368433476504133,0.29890083179005256,-1.09048653826801,-1.164466800801534,1.4211730367079738,0.7660763851757084,-1.2804387714120857,0.8035465366549653,-0.25994293438489624,0.366025284853149,-1.09261396466615,1.1578190907060952
4958d349-1ff1-4f6b-8344-fca7d4d717aa,dd8db810-64d3-4a3e-b264-bbb8473ae07b,2026-08-16T14:53:04.099000+00:00,2026-08-16T14:53:34.099000+00:00,-0.25322879005742377,0.18310308495537073,-0.36819667428330805,0.34907508679538324,-0.4386052631451055,-0.7221272282265853,1.6462784203869676,1.2035165772134873,-1.0085437807430464,-0.9762238840602453,0.6034703789332915,1.0462599002235617
4958d349-1ff1-4f6b-8344-fca7d4d717aa,3049d141-ca28-439a-869d-c8f2d5b5b882,2026-08-14T10:53:04.099000+00:00,2026-08-14T10:53:34.099000+00:00,1.2680042700716658,1.214124008910446,0.9707785490654931,1.203347060189961,-1.1641149383948768,-1.3573662384401322,0.02032442494304898,-1.121417491768768,0.25672772753285833,1.3698925192254698,-0.181820001666763,-0.8211699373420414
4958d349-1ff1-4f6b-8344-fca7d4d717aa,e21d6bcf-d489-452a-8434-9fdeb4a8a4ff,2026-08-14T21:53:04.099000+00:00,2026-08-14T21:53:34.099000+00:00,0.005267703381793473,1.164276308241765,1.280993983700669,1.3041418547770567,1.342195067416872,-1.3915326007892455,0.6707060231206163,0.7929218256050194,-0.33426979849645483,-1.2340755439084432,0.21763460695052933,1.3624727737949962
4958d349-1ff1-4f6b-8344-fca7d4d717aa,e21d6bcf-d489-452a-8434-9fdeb4a8a4ff,2026-08-14T20:53:04.099000+00:00,2026-08-14T20:53:34.099000+00:00,0.7835027113842127,0.1774493296265005,0.8955288372337245,0.4372589231715086,-1.335742495277683,-1.1179098610406777,-0.9552479723233022,1.2337554037751435,0.6264390468045209,0.34320074496054975,1.2469899831379303,-1.3931804304665085
4958d349-1ff1-4f6b-8344-fca7d4d717aa,e21d6bcf-d489-452a-8434-9fdeb4a8a4ff,2026-08-16T23:53:04.099000+00:00,2026-08-16T23:53:34.099000+00:00,-0.9953626108713541,0.1873942194362935,-0.476968268336967,0.6239787716874922,0.4962878394004792,-0.2523239240744012,1.3210876212981837,0.7060252410508155,0.2303835507838185,-1.4101413653113128,0.15491373366195366,-0.16155271107348781
4958d349-1ff1-4f6b-8344-fca7d4d717aa,b18da398-8da7-48c4-a227-ad674d8de565,2026-08-14T19:53:04.099000+00:00,2026-08-14T19:53:34.099000+00:00,0.7946883042360376,0.5737320090001948,0.5735889152410385,-1.3190135852967184,0.4489562656444961,-0.8505128724259556,-1.2804387714120857,-1.5627381878840376,0.7791399240635098,0.20752703869969494,-1.1269970068548174,-1.4285354941398185
4958d349-1ff1-4f6b-8344-fca7d4d717aa,ab8aa270-082d-4529-9b11-ad17b456a161,2026-08-16T14:53:04.099000+00:00,2026-08-16T14:53:34.099000+00:00,-1.181776168998849,-0.009390976273609464,-0.376933598639178,-1.3228431032383028,0.3089537987884522,1.1092019110891398,0.9958968222094001,0.2146699580460068,0.36581333654831116,0.7695429942631705,0.7943194745731288,-0.9173302852754827
4958d349-1ff1-4f6b-8344-fca7d4d717aa,ab8aa270-082d-4529-9b11-ad17b456a161,2026-08-16T21:53:04.099000+00:00,2026-08-16T21:53:34.099000+00:00,-0.6325316784702368,-0.34131636924679043,0.5542092927129227,-1.3116532345484708,1.135854760819494,0.7895768806253463,-1.2804387714120857,-0.6210107198282494,0.5962195238330528,-0.07279413414815418,1.6312184623578718,-1.0954527799456357
4958d349-1ff1-4f6b-8344-fca7d4d717aa,e21d6bcf-d489-452a-8434-9fdeb4a8a4ff,2026-08-17T02:53:04.099000+00:00,2026-08-17T02:53:34.099000+00:00,-0.21793110402277482,1.343266773074746,1.3917571934509756,1.184758284837142,-0.2701220692706307,0.9574325925300982,1.3210876212981837,-1.7793435418232717,0.30812702580734036,0.48665173397786293,1.1282837181525518,0.30054543753816887
4958d349-1ff1-4f6b-8344-fca7d4d717aa,ab8aa270-082d-4529-9b11-ad17b456a161,2026-08-15T15:53:04.099000+00:00,2026-08-15T15:53:34.099000+00:00,-1.1532770727107384,0.09401879816240118,0.8722877919115661,-0.8102575645003206,1.5346779331118068,-1.674427812758209,-0.6300571732345184,-0.017366769290874683,0.33758214344323206,-0.3806262701313407,-1.2942202099282603,0.309410249898578
4958d349-1ff1-4f6b-8344-fca7d4d717aa,dd8db810-64d3-4a3e-b264-bbb8473ae07b,2026-08-14T18:53:04.099000+00:00,2026-08-14T18:53:34.099000+00:00,-0.346644041494767,-0.4267525065726453,-1.524006420692483,-0.7207489559924918,1.342071718188829,0.4512310164851459,0.6707060231206163,-0.4503007339467742,-0.47389351825145576,0.3783735313984182,-0.3691646346757176,1.72711159166526
4958d349-1ff1-4f6b-8344-fca7d4d717aa,dd8db810-64d3-4a3e-b264-bbb8473ae07b,2026-08-14T22:53:04.099000+00:00,2026-08-14T22:53:34.099000+00:00,0.8297754404715655,0.9304919965472588,1.4802169206978055,-0.07535265677034979,0.206701523901658,-0.4472037446892411,-0.6300571732345184,-0.06372708384079537,-0.6703306972251866,-0.9932120425833538,-0.5734783532048968,-1.0936968609202693
4958d349-1ff1-4f6b-8344-fca7d4d717aa,e21d6bcf-d489-452a-8434-9fdeb4a8a4ff,2026-08-15T18:53:04.099000+00:00,2026-08-15T18:53:34.099000+00:00,1.663522594378064,-1.3693808103005267,0.09485318895765893,-1.1095302374285199,-0.5588772457550338,0.7645384144310614,-0.6300571732345184,1.3923039094394472,0.515745460984564,0.24895811078696217,0.8455600016273362,1.7605314400765415
4958d349-1ff1-4f6b-8344-fca7d4d717aa,b18da398-8da7-48c4-a227-ad674d8de565,2026-08-16T19:53:04.099000+00:00,2026-08-16T19:53:34.099000+00:00,0.8566706843086892,1.0906989655862973,0.9956346504392298,-0.4152459018566355,1.3187755863869866,-0.13367813263604092,1.6462784203869676,-0.6076541664349969,-0.04274281840628757,1.563742396991097,1.4988838065495678,-0.4844848298154423
4958d349-1ff1-4f6b-8344-fca7d4d717aa,3049d141-ca28-439a-869d-c8f2d5b5b882,2026-08-17T09:53:04.099000+00:00,2026-08-17T09:53:34.099000+00:00,-0.6278342502752533,-1.0915036374793483,1.0186971098648936,-0.3417572094765181,-0.4968513300169398,0.4382023536876689,-0.6300571732345184,0.29955606629257114,0.3827673907861568,0.3322935744213937,-0.3172777827257353,0.6354338215517508
4958d349-1ff1-4f6b-8344-fca7d4d717aa,ab8aa270-082d-4529-9b11-ad17b456a161,2026-08-16T12:53:04.099000+00:00,2026-08-16T12:53:34.099000+00:00,-1.078803848780742,-0.8942296184640641,-0.8723057419919041,0.09782493959355527,-0.8597407406252854,0.8890264632558444,0.34551522403183266,1.0010689872049483,0.2558388602858874,-1.5109812193134242,1.4598752946974503,0.4956706767183121
4958d349-1ff1-4f6b-8344-fca7d4d717aa,ab8aa270-082d-4529-9b11-ad17b456a161,2026-08-16T05:53:04.099000+00:00,2026-08-16T05:53:34.099000+00:00,1.541483263004289,0.31535990836841715,-1.1127110091540073,0.009723262365939477,0.40876938943591834,0.566401993974369,0.34551522403183266,0.04920830924435069,1.0099619758412535,-0.5704429349799385,-1.1579945871747552,0.8999835269455974
4958d349-1ff1-4f6b-8344-fca7d4d717aa,3049d141-ca28-439a-869d-c8f2d5b5b882,2026-08-14T11:53:04.099000+00:00,2026-08-14T11:53:34.099000+00:00,0.278619138561958,0.8490043619487629,0.7108586517020242,-0.947702915355113,0.27473215307633675,0.8592172393276933,-1.6056295705008696,0.3053804421855746,-0.8832792498809294,-0.17792286975197485,-1.085225547683393,0.21100006120858472
4958d349-1ff1-4f6b-8344-fca7d4d717aa,b18da398-8da7-48c4-a227-ad674d8de565,2026-08-15T22:53:04.099000+00:00,2026-08-15T22:53:34.099000+00:00,-0.16613134466982996,1.2949346384913683,1.4067874798206526,0.8197389110104406,1.1668502647392318,0.7354923903428803,0.34551522403183266,-1.5313072333277944,1.5844959404728205,-1.3552799471487396,0.7237394976052395,-1.2438114673717025
4958d349-1ff1-4f6b-8344-fca7d4d717aa,ab8aa270-082d-4529-9b11-ad17b456a161,2026-08-16T01:53:04.099000+00:00,2026-08-16T01:53:34.099000+00:00,1.4628443885878666,0.15932747234950512,1.3982428225960115,0.6292489032479357,-1.2853234911831188,-1.1808194782959804,0.9958968222094001,-0.3299940256321039,-0.014803439223589053,-0.21895264676873905,-1.2417392834697139,1.2583689416191093
4958d349-1ff1-4f6b-8344-fca7d4d717aa,ab8aa270-082d-4529-9b11-ad17b456a161,2026-08-14T22:53:04.099000+00:00,2026-08-14T22:53:34.099000+00:00,-1.095876477672562,0.3455369097390615,1.65830825592615,1.0769665937110102,0.4689452961397667,-0.7382851837784875,0.34551522403183266,-0.14521224157322515,-0.80029569209264,-1.3677732970926202,0.04501428934004457,1.158051879457528
4958d349-1ff1-4f6b-8344-fca7d4d717aa,dd8db810-64d3-4a3e-b264-bbb8473ae07b,2026-08-15T11:53:04.099000+00:00,2026-08-15T11:53:34.099000+00:00,-0.2521896967314553,-0.9686501785639924,-0.7887242414018851,1.0763673280272914,0.5189211740273778,-0.22460697111874997,0.02032442494304898,0.9651806338316458,0.7863437395092547,-1.6435321680861272,-0.5559489895359839,-0.025639918532716743
4958d349-1ff1-4f6b-8344-fca7d4d717aa,3049d141-ca28-439a-869d-c8f2d5b5b882,2026-08-14T09:53:04.099000+00:00,2026-08-14T09:53:34.099000+00:00,-0.8000777906133998,-0.5508992465720958,-1.4476431206299372,1.4522089487478667,0.7954885933466705,-0.9559833081458442,-0.3048663741457347,-0.24490692576729614,-0.9052960122551758,-1.771914865737218,-1.239177469939326,-0.03168641927678963
4958d349-1ff1-4f6b-8344-fca7d4d717aa,b18da398-8da7-48c4-a227-ad674d8de565,2026-08-15T18:53:04.099000+00:00,2026-08-15T18:53:34.099000+00:00,1.3644904319853668,-0.9644365159553353,-0.00960677934313303,0.9424590469083101,-1.002309246223099,1.3641266972392587,-1.2804387714120857,-0.8920128797195683,0.18017932913973492,1.1989624621734645,-1.2372086360249204,-0.5755273438982171
4958d349-1ff1-4f6b-8344-fca7d4d717aa,ab8aa270-082d-4529-9b11-ad17b456a161,2026-08-15T11:53:04.099000+00:00,2026-08-15T11:53:34.099000+00:00,1.6131502216355746,-1.389243415604007,-1.3980069257267331,0.8719540813164962,0.3347479977537994,-0.4967933189903173,-1.2804387714120857,0.010277995720620445,-0.5556665432816537,-0.22051738088082645,1.0733584211135603,1.0506513793733965
4958d349-1ff1-4f6b-8344-fca7d4d717aa,dd8db810-64d3-4a3e-b264-bbb8473ae07b,2026-08-15T08:53:04.099000+00:00,2026-08-15T08:53:34.099000+00:00,-0.24080518214529256,-1.3777312643006117,-0.4117160994782665,0.8889240838384466,-0.6254913049912493,1.3627131151604048,1.6462784203869676,-0.6055553674747886,-1.1086611664876196,1.3535504552479467,0.10734273938890841,-1.4053056245068876
4958d349-1ff1-4f6b-8344-fca7d4d717aa,3049d141-ca28-439a-869d-c8f2d5b5b882,2026-08-17T05:53:04.099000+00:00,2026-08-17T05:53:34.099000+00:00,0.2702072848013009,-0.3863892211801796,-1.367852914688251,-1.0858880852394472,-0.29029227282597364,1.459009131013436,-0.3048663741457347,-0.06100950730051868,0.6352255412754385,0.12642918219184565,-0.822625792487717,0.6380765822330047
4958d349-1ff1-4f6b-8344-fca7d4d717aa,e21d6bcf-d489-452a-8434-9fdeb4a8a4ff,2026-08-14T12:53:04.099000+00:00,2026-08-14T12:53:34.099000+00:00,-0.9562681350126099,0.7158357997650754,-0.18716456613032595,0.2706254485006056,-0.4621774391722379,-1.6796197877610732,-1.2804387714120857,-0.32529983410203756,-0.6294640232991118,-1.0142104969897938,-0.40688401907595195,1.1402669947874373
4958d349-1ff1-4f6b-8344-fca7d4d717aa,b18da398-8da7-48c4-a227-ad674d8de565,2026-08-16T14:53:04.099000+00:00,2026-08-16T14:53:34.099000+00:00,-0.6819534882604188,-1.3696505084054011,-0.1810508109912653,0.9060562295527731,-1.8214286377700153,1.27169707471501,-1.2804387714120857,1.3380193178743929,-0.227224815779176,-0.10040483388040204,-1.0004194091105665,0.7450032077895569
4958d349-1ff1-4f6b-8344-fca7d4d717aa,ab8aa270-082d-4529-9b11-ad17b456a161,2026-08-15T12:53:04.099000+00:00,2026-08-15T12:53:34.099000+00:00,0.2367297895312888,-0.18253158464906838,0.7479938685547683,1.0948824495690612,-0.3260562772388197,-0.10352235693799144,1.3210876212981837,0.0995940005633807,-0.386382973423992,1.5857350495741136,-1.1943173022085762,-1.371394340245735
4958d349-1ff1-4f6b-8344-fca7d4d717aa,ab8aa270-082d-4529-9b11-ad17b456a161,2026-08-15T12:53:04.099000+00:00,2026-08-15T12:53:34.099000+00:00,1.2169417616891607,1.5227515168278887,-1.5916721354200902,-1.2772049250671096,1.3453199797714237,-1.298437072403528,-0.3048663741457347,-1.5093198831441559,1.205830996283541,1.4112591039844293,-0.40057529117317264,-1.5564930283355227
4958d349-1ff1-4f6b-8344-fca7d4d717aa,dd8db810-64d3-4a3e-b264-bbb8473ae07b,2026-08-16T16:53:04.099000+00:00,2026-08-16T16:53:34.099000+00:00,-0.9937251008288733,-0.6596999717464614,-0.5063402535355557,-0.3048981546169592,-0.5876227946952983,1.5188057200803669,1.3210876212981837,1.1181282664079926,1.5037755105298132,0.23323308320526792,0.7080396527000323,1.0644518110923133
4958d349-1ff1-4f6b-8344-fca7d4d717aa,ab8aa270-082d-4529-9b11-ad17b456a161,2026-08-16T14:53:04.099000+00:00,2026-08-16T14:53:34.099000+00:00,-0.20822574934190285,1.2642462395130583,-1.0456334110968912,-0.34879155200772355,0.21211982362426185,-0.7981969379713046,0.02032442494304898,-1.2648860756248597,-0.9143908424677197,0.24805342712041198,0.7872823261301966,0.15229273843589936
4958d349-1ff1-4f6b-8344-fca7d4d717aa,e21d6bcf-d489-452a-8434-9fdeb4a8a4ff,2026-08-15T17:53:04.099000+00:00,2026-08-15T17:53:34.099000+00:00,0.7088642401591809,0.2506415046484242,0.5807792682767744,-1.2830426266683101,-0.9226617542072784,-0.22837220616947615,0.6707060231206163,-0.5511000528698212,0.6406943325757118,-1.015164732909968,0.9202794970977225,1.7814385575368785
4958d349-1ff1-4f6b-8344-fca7d4d717aa,b18da398-8da7-48c4-a227-ad674d8de565,2026-08-15T06:53:04.099000+00:00,2026-08-15T06:53:34.099000+00:00,-1.2884279280232978,1.2297909698908083,-0.4331934203981383,0.49289499526909214,1.4916772476810867,-1.011029042730582,0.6707060231206163,-0.9219598004023764,0.13337763622820933,-0.5390914074321095,1.554717598251976,0.053165473047937936
4958d349-1ff1-4f6b-8344-fca7d4d717aa,dd8db810-64d3-4a3e-b264-bbb8473ae07b,2026-08-16T03:53:04.099000+00:00,2026-08-16T03:53:34.099000+00:00,-1.1992595932303092,0.32464865804865506,-0.5556552512647527,0.7257621730714263,0.8952804747016165,-0.6969901575560385,0.34551522403183266,0.12649724455605876,0.4406095061660185,-1.606864038189733,1.2268667389076935,0.9372776485541093
4958d349-1ff1-4f6b-8344-fca7d4d717aa,dd8db810-64d3-4a3e-b264-bbb8473ae07b,2026-08-14T23:53:04.099000+00:00,2026-08-14T23:53:34.099000+00:00,-0.05957119946125845,0.638488377379356,-0.8085071548119025,-0.3962510728305891,-1.2674948550280254,-1.652598009609836,-1.6056295705008696,-0.8647859154856685,-0.967074778492163,0.40514997350829374,-0.30116486127920816,-0.015826895858105698
4958d349-1ff1-4f6b-8344-fca7d4d717aa,e21d6bcf-d489-452a-8434-9fdeb4a8a4ff,2026-08-14T10:53:04.099000+00:00,2026-08-14T10:53:34.099000+00:00,0.44554170542063365,-1.1564893203790374,-1.5033420210207922,-0.12565982861540884,-0.6820270772547211,1.234242446926575,0.6707060231206163,1.2905782196910205,0.23506388847556284,1.2931390893232757,-0.8777820984901696,-1.1336802862680806
4958d349-1ff1-4f6b-8344-fca7d4d717aa,b18da398-8da7-48c4-a227-ad674d8de565,2026-08-15T08:53:04.099000+00:00,2026-08-15T08:53:34.099000+00:00,0.2056097969809358,-0.9782666508590294,1.804407268098991,1.2886523493428679,-0.5965828076746643,-0.483551493498798,1.6462784203869676,-1.0843129250129602,1.6352196554761262,-0.24599301042299906,1.0601638259015707,-0.6467402259852244
4958d349-1ff1-4f6b-8344-fca7d4d717aa,dd8db810-64d3-4a3e-b264-bbb8473ae07b,2026-08-15T13:53:04.099000+00:00,2026-08-15T13:53:34.099000+00:00,0.0405723939965174,1.1537442808384293,0.9342422705919247,-1.2359906105935743,0.25073685694929926,0.8418999297649554,-1.2804387714120857,-1.7772408986131203,0.21490490642048835,1.0229027774590351,1.0524079540293807,0.01997845729231095
4958d349-1ff1-4f6b-8344-fca7d4d717aa,dd8db810-64d3-4a3e-b264-bbb8473ae07b,2026-08-17T00:53:04.099000+00:00,2026-08-17T00:53:34.099000+00:00,-0.38635588212169997,-0.9716458122045477,-0.7698103670955659,0.6293418331521723,-0.30591083330869895,-0.9211771346340563,-0.3048663741457347,1.27217250251212,-0.15273684252781183,0.20525067210396974,1.5834671841395982,-0.19849807827154403
4958d349-1ff1-4f6b-8344-fca7d4d717aa,3049d141-ca28-439a-869d-c8f2d5b5b882,2026-08-14T15:53:04.099000+00:00,2026-08-14T15:53:34.099000+00:00,1.1044996056250496,-0.825637452642072,0.4219895732116785,-0.16374041980976925,1.1332454645540462,1.0263278441400772,0.34551522403183266,-1.1457947324262805,1.3279422931551348,-1.0661672704086733,-1.2290894402781214,0.6247153833142663
4958d349-1ff1-4f6b-8344-fca7d4d717aa,b18da398-8da7-48c4-a227-ad674d8de565,2026-08-16T11:53:04.099000+00:00,2026-08-16T11:53:34.099000+00:00,1.6319251723100792,-1.0338742573319186,1.1549452107169846,-0.531069201150229,-1.7725519242672538,-0.25125780096548195,1.3210876212981837,1.0973760637729078,-0.42602891985135344,1.6183022440383763,-0.9994511167537224,-1.3426987331092222
4958d349-1ff1-4f6b-8344-fca7d4d717aa,e21d6bcf-d489-452a-8434-9fdeb4a8a4ff,2026-08-14T18:53:04.099000+00:00,2026-08-14T18:53:34.099000+00:00,-0.8814658627250443,-1.0464935896018608,-0.1346899520384473,-1.0413904969361367,-0.5662208402348484,0.09963315822965911,0.34551522403183266,1.0070271315369772,-0.03807173491702928,1.5633819915162492,-0.4309296943474854,-0.7189375148118631
4958d349-1ff1-4f6b-8344-fca7d4d717aa,b18da398-8da7-48c4-a227-ad674d8de565,2026-08-15T12:53:04.099000+00:00,2026-08-15T12:53:34.099000+00:00,-0.9274638780811069,0.020073687159188214,-0.6559560580632773,1.1377937596947303,-1.057181762170554,0.48900764692489535,-1.2804387714120857,1.149535309070204,-1.3538959176269671,-0.3167186294190197,-0.14265063969784444,-0.25069960565687704
4958d349-1ff1-4f6b-8344-fca7d4d717aa,3049d141-ca28-439a-869d-c8f2d5b5b882,2026-08-15T19:53:04.099000+00:00,2026-08-15T19:53:34.099000+00:00,0.20137913318575074,-0.35305009832771195,-0.5396360201076895,-0.17313763015228367,1.0600126699361925,1.3040367062879095,-0.6300571732345184,0.3282111917883291,0.7467640442904424,0.9805525440369889,1.041806709153308,-0.6299823213962309
4958d349-1ff1-4f6b-8344-fca7d4d717aa,e21d6bcf-d489-452a-8434-9fdeb4a8a4ff,2026-08-15T01:53:04.099000+00:00,2026-08-15T01:53:34.099000+00:00,-1.3682887747839425,0.7229736141201113,1.360729356854494,-0.4507198806326236,1.3658713437113996,-1.056816058260166,1.6462784203869676,1.3530084801185358,-0.5960345685368904,-1.3579213854835719,-1.0405139976708737,-1.359865513232052
4958d349-1ff1-4f6b-8344-fca7d4d717aa,b18da398-8da7-48c4-a227-ad674d8de565,2026-08-16T10:53:04.099000+00:00,2026-08-16T10:53:34.099000+00:00,-0.8803940556559007,0.3888609588554253,-0.47328425176688527,1.418385419967287,-1.2670950193333692,0.1374414334287077,1.6462784203869676,0.9770235277944946,-0.176242798688959,-0.31078609725076317,1.3473800465741648,-0.34336516225794533
4958d349-1ff1-4f6b-8344-fca7d4d717aa,ab8aa270-082d-4529-9b11-ad17b456a161,2026-08-15T02:53:04.099000+00:00,2026-08-15T02:53:34.099000+00:00,0.31387211636967227,0.5221316820343135,0.1996284472118195,0.31000506547195844,1.1256023763461342,-1.6363185535122422,0.9958968222094001,0.9934360032663728,-0.9952174759910813,-0.612643571124931,0.17810003797082902,1.6318303867259452
4958d349-1ff1-4f6b-8344-fca7d4d717aa,ab8aa270-082d-4529-9b11-ad17b456a161,2026-08-14T17:53:04.099000+00:00,2026-08-14T17:53:34.099000+00:00,-0.2017865113097961,1.3294093755390242,0.6623226813837844,-1.0879726863853298,0.4800482675101263,-0.3912954353874906,-0.3048663741457347,-0.8483910089430983,0.8605913740487378,-0.5630077608535933,0.46704405525486026,0.10537487605284067
4958d349-1ff1-4f6b-8344-fca7d4d717aa,dd8db810-64d3-4a3e-b264-bbb8473ae07b,2026-08-16T21:53:04.099000+00:00,2026-08-16T21:53:34.099000+00:00,1.5703995042194834,-1.4310561304689444,0.3832088459792651,-0.40614829081468384,1.536208614340884,-0.12455918740930143,-1.2804387714120857,1.2753363626377507,0.7336287077893453,-0.9411205711490219,-0.6647709810774176,-0.5171195088531525
4958d349-1ff1-4f6b-8344-fca7d4d717aa,3049d141-ca28-439a-869d-c8f2d5b5b882,2026-08-16T19:53:04.099000+00:00,2026-08-16T19:53:34.099000+00:00,0.8989325943505209,-0.1340959949821496,0.24731164296269462,-1.080880005593196,-0.1282634506342453,-0.8182915243759942,0.6707060231206163,0.10554605128893473,-1.081270364329918,0.6283308665460067,-1.206556072399417,-1.2260297951020678
4958d349-1ff1-4f6b-8344-fca7d4d717aa,dd8db810-64d3-4a3e-b264-bbb8473ae07b,2026-08-14T21:53:04.099000+00:00,2026-08-14T21:53:34.099000+00:00,-0.9864618663128691,0.26658636416550163,1.2427222183592799,0.41200531364219367,-1.1742122285652483,0.6830619358019425,-1.6056295705008696,-1.8151491575992944,-1.1820479453576067,0.7137387702474741,-0.03954946383543593,-1.1772281366893864
4958d349-1ff1-4f6b-8344-fca7d4d717aa,e21d6bcf-d489-452a-8434-9fdeb4a8a4ff,2026-08-14T16:53:04.099000+00:00,2026-08-14T16:53:34.099000+00:00,1.56363787834701,-0.7220946482068015,-0.2824114221619448,-0.0038534995665095322,-0.7925702083111623,1.0271466902248867,0.34551522403183266,1.3737881324250223,1.2989493718334875,1.2339568777551162,-0.8884538803740082,1.2187837975753197
4958d349-1ff1-4f6b-8344-fca7d4d717aa,b18da398-8da7-48c4-a227-ad674d8de565,2026-08-17T09:53:04.099000+00:00,2026-08-17T09:53:34.099000+00:00,0.5306247135539617,-1.4845579777940785,0.3251542356916299,-0.24148873807773624,-0.9291126156343608,1.2760568453873518,-0.6300571732345184,0.003765694117420038,-0.05291794645433117,-1.6956060178995291,1.5147489433088488,0.6450200274285937
4958d349-1ff1-4f6b-8344-fca7d4d717aa,ab8aa270-082d-4529-9b11-ad17b456a161,2026-08-15T12:53:04.099000+00:00,2026-08-15T12:53:34.099000+00:00,-1.2355563173088207,1.1871787326864558,1.0694295324481184,0.42669191455533967,0.7557671968148825,1.221394187689063,0.02032442494304898,-1.2081165146240747,1.1179837929899796,-0.1842679904214806,-0.9841433944015437,0.10223934528917837
4958d349-1ff1-4f6b-8344-fca7d4d717aa,3049d141-ca28-439a-869d-c8f2d5b5b882,2026-08-17T05:53:04.099000+00:00,2026-08-17T05:53:34.099000+00:00,-0.7190734257397596,0.25008443357751137,-1.281160261256925,0.15907925012602686,-1.1656546231143932,-0.9699318275404631,-1.2804387714120857,-0.21849205260168786,-0.03454241156707369,1.3722660096022095,-0.43653762600398704,-0.8946071442242812
4958d349-1ff1-4f6b-8344-fca7d4d717aa,3049d141-ca28-439a-869d-c8f2d5b5b882,2026-08-17T08:53:04.099000+00:00,2026-08-17T08:53:34.099000+00:00,-1.053544119440712,1.2392734767257887,-0.9077625624404626,-0.3490827158912245,0.5546835622063253,0.10658638136000192,0.6707060231206163,0.3885998200951401,-1.0907303084276443,0.87004597471603,0.15283542046202378,-1.364766882725381
4958d349-1ff1-4f6b-8344-fca7d4d717aa,3049d141-ca28-439a-869d-c8f2d5b5b882,2026-08-15T09:53:04.099000+00:00,2026-08-15T09:53:34.099000+00:00,0.8669862220321904,0.7304840762181838,-0.5980834791709846,1.1634501176640277,0.30856436138775045,1.2417483451605231,-0.3048663741457347,-0.9877480422144657,-0.33099522351729715,1.3947942114532539,1.0526401035091872,0.7029438204689432
4958d349-1ff1-4f6b-8344-fca7d4d717aa,fabcc866-0af6-4c58-b795-fdb8040fd04f,1970-01-01T00:02:44.621000+00:00,1970-01-01T00:03:14.622000+00:00,-2.3962694998232066,-3.720697149488681,-2.298248728987172,-4.134834870737866,-2.783121253516303,-1.97695882661257,-0.6300571732345184,2.2001475662091576,-5.005961495857241,-1.0580905155480982,-2.8018741320095994,-1.5754445971046094
