user_id,session_id,window_start,window_end,dwellMeanMs,dwellStdMs,flightMeanMs,flightStdMs,velocityMean,accelerationMean,accelerationStd,curvatureMean,curvatureStd,clickCount,scrollAmount,mouseTravelPx
e92e7c09-c1b8-4f72-a7a8-f75077608d1b,683fb37f-6a47-4d27-b196-f268e545c7fc,2026-08-15T08:41:52.149000+00:00,2026-08-15T08:42:22.149000+00:00,28.605937291632312,62.48785753517262,21.175059430877635,5.807624429767269,215.76858566377032,0.4352268839616144,9.0,0.0591111342150143,96.77600722556728,0.4842957089760796,1096.4618026429962,382.0709142259597
e92e7c09-c1b8-4f72-a7a8-f75077608d1b,43c7c9d4-9f4b-4823-bc49-2bdd58b9a92d,2026-08-17T00:41:52.149000+00:00,2026-08-17T00:42:22.149000+00:00,27.891089448311448,76.35086752303533,24.68980879314025,4.874964072335619,170.79962838888832,0.7723034323295707,6.0,0.1093513897681308,143.96190673447302,0.3773333336791084,1371.4484653999805,313.02123749469206
e92e7c09-c1b8-4f72-a7a8-f75077608d1b,ab25bfe3-fb2a-4125-9fc1-f942cf986fdf,2026-08-14T21:41:52.149000+00:00,2026-08-14T21:42:22.149000+00:00,31.638230715599587,94.7424002413902,20.48048929497565,5.220647733168032,131.85923114452973,0.9196411096287648,9.0,0.1538446224172964,108.1359380904409,0.4392812334017807,622.1866499619057,281.2543917358198
e92e7c09-c1b8-4f72-a7a8-f75077608d1b,683fb37f-6a47-4d27-b196-f268e545c7fc,2026-08-16T09:41:52.149000+00:00,2026-08-16T09:42:22.149000+00:00,28.592682697784863,105.2585144819152,19.96405862561976,5.446062243445201,299.4909082818265,0.5334552650875835,5.0,0.168655904200536,89.00063815421305,0.4116488198907132,1134.7261539870397,264.89256037195537
e92e7c09-c1b8-4f72-a7a8-f75077608d1b,43c7c9d4-9f4b-4823-bc49-2bdd58b9a92d,2026-08-16T08:41:52.149000+00:00,2026-08-16T08:42:22.149000+00:00,11.972341337578433,66.06731417268699,25.463713528904243,3.9515614798259535,293.0758114731468,0.7600613021676818,2.0,0.1588619840964174,103.21579057900144,0.1656906477256427,704.3763619261774,128.31073823280514
e92e7c09-c1b8-4f72-a7a8-f75077608d1b,e9fb2cdf-79e4-478e-b6ac-0a722e9e07c6,2026-08-16T01:41:52.149000+00:00,2026-08-16T01:42:22.149000+00:00,32.145993436386014,99.91740011354628,19.09725631495164,3.879667755202033,242.0786887696001,0.3296528557005739,10.0,0.1366118195611671,88.89745045849571,0.2248224738860499,705.6629039703462,1.8673895663330888
e92e7c09-c1b8-4f72-a7a8-f75077608d1b,a36c8d90-c089-40c7-921e-909160986f4f,2026-08-14T23:41:52.149000+00:00,2026-08-14T23:42:22.149000+00:00,27.85977306357721,103.33555109877044,7.092968179073948,4.745032832073953,363.348681189893,0.7106679572535455,5.0,0.1348644743813913,99.14920499608624,0.3345083149127644,596.5490357632593,489.9478194742889
e92e7c09-c1b8-4f72-a7a8-f75077608d1b,a36c8d90-c089-40c7-921e-909160986f4f,2026-08-15T02:41:52.149000+00:00,2026-08-15T02:42:22.149000+00:00,35.75261989881231,90.57348666874124,16.55290443501394,3.587130674459148,462.96919602641,0.2418314965835426,1.0,0.1121766385827556,98.08222325163634,0.4684314971928771,1218.4003723150515,432.56880815334944
e92e7c09-c1b8-4f72-a7a8-f75077608d1b,43c7c9d4-9f4b-4823-bc49-2bdd58b9a92d,2026-08-16T00:41:52.149000+00:00,2026-08-16T00:42:22.149000+00:00,21.04712023196117,71.27751544597747,18.5962576747812,4.834571053698684,484.4843098263122,0.2389022467808466,5.0,0.1828945424337081,104.72443529381624,0.2280359718628739,831.8355884292448,466.88614633550753
e92e7c09-c1b8-4f72-a7a8-f75077608d1b,43c7c9d4-9f4b-4823-bc49-2bdd58b9a92d,2026-08-15T02:41:52.149000+00:00,2026-08-15T02:42:22.149000+00:00,23.029936944546968,100.4191043924922,9.986436394409314,4.560695337188282,141.80923094867413,0.7049823973075067,0.0,0.1867451252801165,81.20606510615737,0.1925177953880991,1470.797019419116,337.16421185804995
e92e7c09-c1b8-4f72-a7a8-f75077608d1b,43c7c9d4-9f4b-4823-bc49-2bdd58b9a92d,2026-08-15T10:41:52.149000+00:00,2026-08-15T10:42:22.149000+00:00,34.98661847122917,77.40115961310082,18.21479207177744,3.325809429970546,147.2759085529539,0.170152610148215,3.0,0.1405912436426667,93.4403071822594,0.3037941983755817,1169.3847964050792,130.95244181868597
e92e7c09-c1b8-4f72-a7a8-f75077608d1b,a36c8d90-c089-40c7-921e-909160986f4f,2026-08-14T15:41:52.149000+00:00,2026-08-14T15:42:22.149000+00:00,13.628462740448976,70.65255001277559,18.719133954124555,3.7289535614475326,332.4885320757937,0.1406270295331917,3.0,0.0986450778080687,120.92816216512202,0.1337744671818199,887.3002914292861,51.26337109414242
e92e7c09-c1b8-4f72-a7a8-f75077608d1b,683fb37f-6a47-4d27-b196-f268e545c7fc,2026-08-15T15:41:52.149000+00:00,2026-08-15T15:42:22.149000+00:00,10.894877231427031,109.78199299470594,11.141542490449725,4.451313041491879,396.0768057909628,0.24846676432743,6.0,0.1089813876897422,131.50044732655152,0.1603341516348675,1133.9273532520574,361.39951801687226
e92e7c09-c1b8-4f72-a7a8-f75077608d1b,683fb37f-6a47-4d27-b196-f268e545c7fc,2026-08-16T08:41:52.149000+00:00,2026-08-16T08:42:22.149000+00:00,17.990074135484505,68.26458874279739,14.156644655979376,5.6638447307573365,469.7706405475431,0.6154134431662951,9.0,0.113418567499674,90.48291490934604,0.1150163562171461,539.045374750542,96.30850609290698
e92e7c09-c1b8-4f72-a7a8-f75077608d1b,43c7c9d4-9f4b-4823-bc49-2bdd58b9a92d,2026-08-17T00:41:52.149000+00:00,2026-08-17T00:42:22.149000+00:00,22.27939473000628,65.68081867212963,17.92401826543691,3.0874592885111283,495.3345643016848,0.2300690961177456,9.0,0.0540421101434126,99.9148184913779,0.130637162170934,1149.8673789219538,462.8624337611935
e92e7c09-c1b8-4f72-a7a8-f75077608d1b,43c7c9d4-9f4b-4823-bc49-2bdd58b9a92d,2026-08-16T15:41:52.149000+00:00,2026-08-16T15:42:22.149000+00:00,20.79701115183561,63.04145249965424,17.537970654476496,3.380300875012245,475.21703126437455,0.6603891962541873,5.0,0.1957860907281187,148.20244120882464,0.4158490740229584,1422.9406904125894,490.6652913084681
e92e7c09-c1b8-4f72-a7a8-f75077608d1b,43c7c9d4-9f4b-4823-bc49-2bdd58b9a92d,2026-08-15T08:41:52.149000+00:00,2026-08-15T08:42:22.149000+00:00,37.85358132483061,81.05846672215723,11.945488524279131,4.485559762148126,482.5822218513191,0.2413994886488433,4.0,0.1083313097546391,112.1618317912401,0.2253191420773818,937.3168674283404,281.3753568163368
e92e7c09-c1b8-4f72-a7a8-f75077608d1b,a36c8d90-c089-40c7-921e-909160986f4f,2026-08-15T17:41:52.149000+00:00,2026-08-15T17:42:22.149000+00:00,18.083728546401925,71.53999831347116,27.471299204702376,3.8242774540893913,218.6584974222184,0.5383176725084806,10.0,0.092139594579049,147.9942946150637,0.2547835914154442,634.1133190885417,227.699815187306
e92e7c09-c1b8-4f72-a7a8-f75077608d1b,683fb37f-6a47-4d27-b196-f268e545c7fc,2026-08-15T16:41:52.149000+00:00,2026-08-15T16:42:22.149000+00:00,31.70939646334068,76.50556373087363,6.677163379868688,3.9339599489681296,314.11610169648543,0.5261487637583111,9.0,0.0864626499139217,105.19662869027265,0.4932795102513737,640.1923928438356,371.4524349190258
e92e7c09-c1b8-4f72-a7a8-f75077608d1b,e9fb2cdf-79e4-478e-b6ac-0a722e9e07c6,2026-08-15T21:41:52.149000+00:00,2026-08-15T21:42:22.149000+00:00,10.526498140860486,70.89347741104356,27.110838076167635,4.388192950080856,280.00038854225545,0.5121748349786003,1.0,0.1068241983675803,87.05690228703529,0.387113784266594,768.6968816146143,263.04215551067347
e92e7c09-c1b8-4f72-a7a8-f75077608d1b,e9fb2cdf-79e4-478e-b6ac-0a722e9e07c6,2026-08-15T04:41:52.149000+00:00,2026-08-15T04:42:22.149000+00:00,28.28574962478121,117.06991537329344,22.30262701129677,5.055513812882937,234.21470167105883,0.1127688027078558,3.0,0.1014048874825715,80.09285546135374,0.221421345586038,1410.911751977057,230.3676153414133
e92e7c09-c1b8-4f72-a7a8-f75077608d1b,e9fb2cdf-79e4-478e-b6ac-0a722e9e07c6,2026-08-14T12:41:52.149000+00:00,2026-08-14T12:42:22.149000+00:00,24.084040169564155,115.9151179428104,10.784588563417076,4.881294401229697,183.52968480757917,0.9456277785139487,2.0,0.1431237252409257,90.98254122667592,0.2509728411944929,504.6246212266158,356.1601702169395
e92e7c09-c1b8-4f72-a7a8-f75077608d1b,a36c8d90-c089-40c7-921e-909160986f4f,2026-08-14T10:41:52.149000+00:00,2026-08-14T10:42:22.149000+00:00,22.183413117269083,65.45012481290604,13.729898880320755,3.806297662028637,280.6497549251284,0.9028818005445716,10.0,0.1454152492890576,115.53338342131735,0.1612685980409613,938.6773172616568,69.89445875319849
e92e7c09-c1b8-4f72-a7a8-f75077608d1b,a36c8d90-c089-40c7-921e-909160986f4f,2026-08-17T02:41:52.149000+00:00,2026-08-17T02:42:22.149000+00:00,25.51783111265943,62.50170432791025,7.338784768472433,3.77392782592488,238.9743882751715,0.9433131222878428,9.0,0.1822372002502056,132.8160735189952,0.4994605407427815,965.9734832444144,145.29609473379435
e92e7c09-c1b8-4f72-a7a8-f75077608d1b,ab25bfe3-fb2a-4125-9fc1-f942cf986fdf,2026-08-16T04:41:52.149000+00:00,2026-08-16T04:42:22.149000+00:00,17.97225979136727,92.59439188034332,14.08956230484111,5.587451108373093,246.5161529566202,0.3279319302780299,0.0,0.080932256667831,96.66153298973848,0.2297244464080735,1253.9891111150414,312.84731724405776
e92e7c09-c1b8-4f72-a7a8-f75077608d1b,ab25bfe3-fb2a-4125-9fc1-f942cf986fdf,2026-08-17T01:41:52.149000+00:00,2026-08-17T01:42:22.149000+00:00,28.20010784504633,85.51738138557384,17.342974418354427,5.64642349334148,386.54142293422274,0.3473527818877923,9.0,0.1457933251716693,92.63936992987028,0.3224392913216372,545.519991163202,443.9609331878239
e92e7c09-c1b8-4f72-a7a8-f75077608d1b,683fb37f-6a47-4d27-b196-f268e545c7fc,2026-08-17T00:41:52.149000+00:00,2026-08-17T00:42:22.149000+00:00,17.800640857244563,65.35985309141336,12.03376734469604,3.432556103368004,425.5553900689368,0.9983946392183382,6.0,0.1876351566887444,123.1010784773051,0.2263777954329736,967.3671339459116,78.64607999750828
e92e7c09-c1b8-4f72-a7a8-f75077608d1b,e9fb2cdf-79e4-478e-b6ac-0a722e9e07c6,2026-08-14T13:41:52.149000+00:00,2026-08-14T13:42:22.149000+00:00,17.443814507023436,58.51910691851435,20.209295606928656,5.441515793674693,463.76712757393625,0.3627968786916304,3.0,0.1608158748792063,121.24325458330016,0.1938154440012492,741.3407531164826,347.0894339387737
e92e7c09-c1b8-4f72-a7a8-f75077608d1b,e9fb2cdf-79e4-478e-b6ac-0a722e9e07c6,2026-08-16T13:41:52.149000+00:00,2026-08-16T13:42:22.149000+00:00,34.81849347870341,111.81594976060376,5.3441751341096335,4.804217772802311,364.0542459422789,0.5357841006973971,10.0,0.0754716722449444,116.73464945535412,0.4055042279778516,1343.988489685329,198.1088486276577
e92e7c09-c1b8-4f72-a7a8-f75077608d1b,e9fb2cdf-79e4-478e-b6ac-0a722e9e07c6,2026-08-15T13:41:52.149000+00:00,2026-08-15T13:42:22.149000+00:00,20.762158946548382,52.377801852130624,24.60310349665443,4.036912284452799,119.05230766205024,0.8852251913444692,6.0,0.1682660058662536,123.5267265627533,0.3134131245552757,1477.594823477169,34.669487815976176
e92e7c09-c1b8-4f72-a7a8-f75077608d1b,ab25bfe3-fb2a-4125-9fc1-f942cf986fdf,2026-08-16T07:41:52.149000+00:00,2026-08-16T07:42:22.149000+00:00,14.476881968431895,89.47601248503045,12.869946823240292,5.42919413961113,184.73731459791475,0.4916290783854357,8.0,0.1118926629830966,85.8213973901208,0.2191262901435484,1472.612829509254,80.73408231355073
e92e7c09-c1b8-4f72-a7a8-f75077608d1b,683fb37f-6a47-4d27-b196-f268e545c7fc,2026-08-16T22:41:52.149000+00:00,2026-08-16T22:42:22.149000+00:00,37.09345538141904,111.20874769354404,18.280606175856967,4.342153240593377,354.1858936857784,0.1700003012633553,2.0,0.1145076464841571,91.01047161702448,0.1107713989455931,1194.7955739947847,51.86761736751011
e92e7c09-c1b8-4f72-a7a8-f75077608d1b,683fb37f-6a47-4d27-b196-f268e545c7fc,2026-08-16T08:41:52.149000+00:00,2026-08-16T08:42:22.149000+00:00,20.896415009286574,84.61855479893461,26.77893095535697,3.4072498108421114,117.02498268516749,0.5479580338161048,1.0,0.1038033080151934,92.18856284837032,0.1652900644860728,929.492167551516,120.5536028677802
e92e7c09-c1b8-4f72-a7a8-f75077608d1b,683fb37f-6a47-4d27-b196-f268e545c7fc,2026-08-15T08:41:52.149000+00:00,2026-08-15T08:42:22.149000+00:00,21.029123138198077,84.16396261769461,29.642083942843247,3.380230166338837,489.75457768647897,0.7874325967431955,4.0,0.1732255038050376,134.33088693998613,0.2780272724802793,962.5332210566182,432.5115430912301
e92e7c09-c1b8-4f72-a7a8-f75077608d1b,e9fb2cdf-79e4-478e-b6ac-0a722e9e07c6,2026-08-17T06:41:52.149000+00:00,2026-08-17T06:42:22.149000+00:00,17.77199888714577,51.00785461030416,14.746500018936809,3.0359193946085687,333.1422809645135,0.9354600161802868,8.0,0.0841439668825091,134.91258927007652,0.4495884276002897,1341.6648433767346,454.2109431931385
e92e7c09-c1b8-4f72-a7a8-f75077608d1b,e9fb2cdf-79e4-478e-b6ac-0a722e9e07c6,2026-08-16T01:41:52.149000+00:00,2026-08-16T01:42:22.149000+00:00,23.341851485265487,55.16249734802683,19.057684101650658,4.3167361471822,462.075892538882,0.2762476310928907,2.0,0.0711551947760674,114.98117991110736,0.2558433734220044,1143.2424701759403,211.71271030455856
e92e7c09-c1b8-4f72-a7a8-f75077608d1b,e9fb2cdf-79e4-478e-b6ac-0a722e9e07c6,2026-08-14T15:41:52.149000+00:00,2026-08-14T15:42:22.149000+00:00,38.375055141121706,64.97915830294241,11.354789771333715,3.74995472874035,237.86399605239424,0.605091010263946,4.0,0.0918221372433509,123.10136417134277,0.462789024225995,574.5000072239156,486.9100253385471
e92e7c09-c1b8-4f72-a7a8-f75077608d1b,a36c8d90-c089-40c7-921e-909160986f4f,2026-08-14T19:41:52.149000+00:00,2026-08-14T19:42:22.149000+00:00,19.305498701347723,59.61903911590737,9.533426783614164,3.3304816883908948,296.44135694597304,0.2204462643699255,5.0,0.0891676415184066,103.15327016974236,0.1197574931985692,776.1915652197677,50.77802834068496
e92e7c09-c1b8-4f72-a7a8-f75077608d1b,ab25bfe3-fb2a-4125-9fc1-f942cf986fdf,2026-08-15T22:41:52.149000+00:00,2026-08-15T22:42:22.149000+00:00,26.781944821078795,59.180725848681874,29.899288071853704,4.58755713574094,489.2910063262311,0.6647516487390123,9.0,0.1561057563888599,102.55535863490957,0.4694023611124757,1324.2916382294218,491.04943684377736
e92e7c09-c1b8-4f72-a7a8-f75077608d1b,ab25bfe3-fb2a-4125-9fc1-f942cf986fdf,2026-08-15T07:41:52.149000+00:00,2026-08-15T07:42:22.149000+00:00,33.6299995088951,110.30114755628004,5.976113786609353,5.927007428756716,424.9162714590788,0.4266592796364128,4.0,0.1101480802420381,144.74405838785754,0.1903910817363051,1474.6076540779995,29.15268509033786
e92e7c09-c1b8-4f72-a7a8-f75077608d1b,43c7c9d4-9f4b-4823-bc49-2bdd58b9a92d,2026-08-16T09:41:52.149000+00:00,2026-08-16T09:42:22.149000+00:00,12.864049564800464,70.39207508901832,19.299098324482635,5.238364445823539,210.050716766934,0.9172583290965812,10.0,0.1179720508674238,143.76066269479895,0.389596603763645,1285.1888789994096,140.58289407803974
e92e7c09-c1b8-4f72-a7a8-f75077608d1b,e9fb2cdf-79e4-478e-b6ac-0a722e9e07c6,2026-08-16T12:41:52.149000+00:00,2026-08-16T12:42:22.149000+00:00,30.008272072755165,65.00019784142665,28.389233874098483,3.613322663107573,426.9184607763414,0.7480528648873518,6.0,0.0630811342079725,146.38843896333688,0.3277132499589782,1459.0994861682775,111.79610334351298
e92e7c09-c1b8-4f72-a7a8-f75077608d1b,a36c8d90-c089-40c7-921e-909160986f4f,2026-08-15T12:41:52.149000+00:00,2026-08-15T12:42:22.149000+00:00,16.142941974139475,87.65495283936664,11.9764256081564,5.108737769321843,478.8511873642208,0.451056581588848,8.0,0.0637697542496833,146.5564267365413,0.4548605199430984,611.5419410472182,330.11743845133924
e92e7c09-c1b8-4f72-a7a8-f75077608d1b,a36c8d90-c089-40c7-921e-909160986f4f,2026-08-16T23:41:52.149000+00:00,2026-08-16T23:42:22.149000+00:00,37.30920322575091,98.17346043863417,23.01409807695152,4.441956321673971,260.0482494245004,0.1659692270634333,9.0,0.1014288390696476,143.95363686536714,0.1351129896014046,1305.209362536249,121.08733492228718
e92e7c09-c1b8-4f72-a7a8-f75077608d1b,ab25bfe3-fb2a-4125-9fc1-f942cf986fdf,2026-08-17T03:41:52.149000+00:00,2026-08-17T03:42:22.149000+00:00,32.76665923405161,86.03400593439147,6.495312537229346,3.587812477350042,468.001339607501,0.3968086528223027,3.0,0.1460135363054174,119.07503951530968,0.4561817527329436,948.090635271811,132.2886085509387
e92e7c09-c1b8-4f72-a7a8-f75077608d1b,e9fb2cdf-79e4-478e-b6ac-0a722e9e07c6,2026-08-16T00:41:52.149000+00:00,2026-08-16T00:42:22.149000+00:00,18.540368223311475,51.57528020281463,20.657047686635835,5.357821085190777,397.980815614588,0.8675373584936712,7.0,0.1106457035397424,121.62914254892678,0.2162974124449632,1298.9296388184546,307.2853392904736
e92e7c09-c1b8-4f72-a7a8-f75077608d1b,a36c8d90-c089-40c7-921e-909160986f4f,2026-08-15T16:41:52.149000+00:00,2026-08-15T16:42:22.149000+00:00,26.369865159555346,119.64881009646004,5.320474106097454,4.394894496645735,321.0562846808799,0.7886083139343198,9.0,0.1094387325944225,135.43618757180718,0.270402335344712,1382.509831642891,460.7361139531906
e92e7c09-c1b8-4f72-a7a8-f75077608d1b,683fb37f-6a47-4d27-b196-f268e545c7fc,2026-08-17T02:41:52.149000+00:00,2026-08-17T02:42:22.149000+00:00,28.253776481888124,83.41214007748383,18.86510715226278,3.5052991983258943,422.99184338313125,0.2527196920796785,9.0,0.1344176376526858,140.69973444538437,0.3203802632959863,1433.6811981036062,419.76826874479593
e92e7c09-c1b8-4f72-a7a8-f75077608d1b,43c7c9d4-9f4b-4823-bc49-2bdd58b9a92d,2026-08-16T03:41:52.149000+00:00,2026-08-16T03:42:22.149000+00:00,12.546143041361404,75.23729545424108,17.78449361025145,4.611111603786812,467.5145031149829,0.1386867342629065,1.0,0.1684752662524806,105.5298756585438,0.4467942005713451,1011.8030086263528,163.8303329415075
e92e7c09-c1b8-4f72-a7a8-f75077608d1b,a36c8d90-c089-40c7-921e-909160986f4f,2026-08-16T03:41:52.149000+00:00,2026-08-16T03:42:22.149000+00:00,19.48543061145568,88.6439184920003,16.698398319681505,5.822031016566662,226.56320703924695,0.3948286512958202,3.0,0.1657848649280452,133.86793480253445,0.3234720660047804,1000.8901107221134,125.9428277376348
e92e7c09-c1b8-4f72-a7a8-f75077608d1b,e9fb2cdf-79e4-478e-b6ac-0a722e9e07c6,2026-08-15T01:41:52.149000+00:00,2026-08-15T01:42:22.149000+00:00,23.09989050897491,87.07224699192119,26.312037771130328,5.95853556284691,388.32629454163776,0.7376564119576695,6.0,0.1112836177548187,126.24499980315414,0.3800250875970946,709.0143716632108,377.6479826983185
e92e7c09-c1b8-4f72-a7a8-f75077608d1b,e9fb2cdf-79e4-478e-b6ac-0a722e9e07c6,2026-08-16T06:41:52.149000+00:00,2026-08-16T06:42:22.149000+00:00,17.39075875091384,112.24278582842588,25.13914112805129,4.066867960939223,116.73977782836069,0.6873079687795721,8.0,0.0637969594472591,106.88560893598788,0.106125427099275,764.7353864419242,478.5123964043336
e92e7c09-c1b8-4f72-a7a8-f75077608d1b,683fb37f-6a47-4d27-b196-f268e545c7fc,2026-08-16T20:41:52.149000+00:00,2026-08-16T20:42:22.149000+00:00,39.019021648128245,100.89484534531286,21.959662301628207,3.639435030290339,209.6597652773818,0.6906672699573596,2.0,0.0851187344060732,145.03016230705794,0.458075604415732,547.5139096543078,267.8342199324061
e92e7c09-c1b8-4f72-a7a8-f75077608d1b,43c7c9d4-9f4b-4823-bc49-2bdd58b9a92d,2026-08-15T08:41:52.149000+00:00,2026-08-15T08:42:22.149000+00:00,16.54435417579286,102.59111895448258,5.041780393838023,5.2639675050038335,270.29742199869463,0.5107784188449725,9.0,0.1881630764125408,106.00407445371803,0.4277293415205127,1290.2399719455716,38.52837930059982
e92e7c09-c1b8-4f72-a7a8-f75077608d1b,ab25bfe3-fb2a-4125-9fc1-f942cf986fdf,2026-08-14T20:41:52.149000+00:00,2026-08-14T20:42:22.149000+00:00,21.3675161031734,84.30734907119947,16.980402181952513,4.90965186478488,272.87261130606174,0.8879627388984183,7.0,0.0763899651659377,113.98951882113492,0.4783661716498103,913.969936266028,89.43838045784192
e92e7c09-c1b8-4f72-a7a8-f75077608d1b,683fb37f-6a47-4d27-b196-f268e545c7fc,2026-08-15T03:41:52.149000+00:00,2026-08-15T03:42:22.149000+00:00,29.0906302868973,72.59299591385947,28.766742755813382,5.141084591831087,146.92083112256546,0.5719428522730772,1.0,0.1646017906542805,120.06349437847166,0.3589550624978858,938.5862191906124,155.37945732229912
e92e7c09-c1b8-4f72-a7a8-f75077608d1b,43c7c9d4-9f4b-4823-bc49-2bdd58b9a92d,2026-08-15T22:41:52.149000+00:00,2026-08-15T22:42:22.149000+00:00,16.452899646233288,60.459512446961256,19.933707094844717,3.771544939238296,270.3346319572097,0.6956698974209343,5.0,0.1799943190147455,100.11257095744514,0.1563734009258066,1411.470861840634,236.8189492537774
e92e7c09-c1b8-4f72-a7a8-f75077608d1b,e9fb2cdf-79e4-478e-b6ac-0a722e9e07c6,2026-08-15T08:41:52.149000+00:00,2026-08-15T08:42:22.149000+00:00,21.52346680877959,56.65970486117188,27.443316179143757,5.296657862886227,418.41508782586806,0.1833474804937138,9.0,0.1928809424030048,109.2150198455823,0.190870654187974,875.3002410772873,147.21349994223866
e92e7c09-c1b8-4f72-a7a8-f75077608d1b,a36c8d90-c089-40c7-921e-909160986f4f,2026-08-15T13:41:52.149000+00:00,2026-08-15T13:42:22.149000+00:00,21.290742979393904,100.42358840408596,8.416662551401123,4.368599404285671,437.1173339834351,0.3825763538073514,8.0,0.1314972735379082,133.3995118468153,0.226717156940239,1475.971132277552,433.399614466192
e92e7c09-c1b8-4f72-a7a8-f75077608d1b,ab25bfe3-fb2a-4125-9fc1-f942cf986fdf,2026-08-16T01:41:52.149000+00:00,2026-08-16T01:42:22.149000+00:00,19.79859373511433,55.98833993690724,15.225863361646342,4.016338210173663,210.97632942166905,0.3705425987422454,2.0,0.1814020381573541,122.86247096537696,0.1354886958892092,1260.6014060438106,152.65060325809188
e92e7c09-c1b8-4f72-a7a8-f75077608d1b,683fb37f-6a47-4d27-b196-f268e545c7fc,2026-08-15T05:41:52.149000+00:00,2026-08-15T05:42:22.149000+00:00,18.85281024881841,66.26312649771187,13.198962681572178,3.8972447796784655,400.8249625350112,0.6092678550984836,0.0,0.1221359997702216,105.36437127529685,0.2127205998458003,598.4263692946,337.69712059903856
e92e7c09-c1b8-4f72-a7a8-f75077608d1b,43c7c9d4-9f4b-4823-bc49-2bdd58b9a92d,2026-08-16T12:41:52.149000+00:00,2026-08-16T12:42:22.149000+00:00,24.73721735397567,100.43012348306031,23.74347826087632,4.862020099680894,412.6278380544662,0.2465374113261406,4.0,0.0568570823587942,148.99929457916835,0.4334973665495251,1069.2926628914802,106.7211667467992
e92e7c09-c1b8-4f72-a7a8-f75077608d1b,a90f9b8d-c3f1-4748-99d5-cc782623de81,2026-08-15T03:42:51.029000+00:00,2026-08-15T03:43:21.029000+00:00,29.0906302868973,72.59299591385947,28.766742755813382,5.141084591831087,146.92083112256546,0.5719428522730772,1.0,0.1646017906542805,120.06349437847166,0.3589550624978858,938.5862191906124,155.37945732229912
e92e7c09-c1b8-4f72-a7a8-f75077608d1b,a90f9b8d-c3f1-4748-99d5-cc782623de81,2026-08-16T09:42:51.029000+00:00,2026-08-16T09:43:21.029000+00:00,28.592682697784863,105.2585144819152,19.96405862561976,5.446062243445201,299.4909082818265,0.5334552650875835,5.0,0.168655904200536,89.00063815421305,0.4116488198907132,1134.7261539870397,264.89256037195537
e92e7c09-c1b8-4f72-a7a8-f75077608d1b,a90f9b8d-c3f1-4748-99d5-cc782623de81,2026-08-17T00:42:51.029000+00:00,2026-08-17T00:43:21.029000+00:00,17.800640857244563,65.35985309141336,12.03376734469604,3.432556103368004,425.5553900689368,0.9983946392183382,6.0,0.1876351566887444,123.1010784773051,0.2263777954329736,967.3671339459116,78.64607999750828
e92e7c09-c1b8-4f72-a7a8-f75077608d1b,024a219c-b4f9-4b79-9849-65b13577f642,2026-08-15T08:42:51.029000+00:00,2026-08-15T08:43:21.029000+00:00,37.85358132483061,81.05846672215723,11.945488524279131,4.485559762148126,482.5822218513191,0.2413994886488433,4.0,0.1083313097546391,112.1618317912401,0.2253191420773818,937.3168674283404,281.3753568163368
e92e7c09-c1b8-4f72-a7a8-f75077608d1b,eaa77718-5754-4734-b3cf-a779b607ee8f,2026-08-15T01:42:51.029000+00:00,2026-08-15T01:43:21.029000+00:00,23.09989050897491,87.07224699192119,26.312037771130328,5.95853556284691,388.32629454163776,0.7376564119576695,6.0,0.1112836177548187,126.24499980315414,0.3800250875970946,709.0143716632108,377.6479826983185
e92e7c09-c1b8-4f72-a7a8-f75077608d1b,eaa77718-5754-4734-b3cf-a779b607ee8f,2026-08-16T00:42:51.029000+00:00,2026-08-16T00:43:21.029000+00:00,18.540368223311475,51.57528020281463,20.657047686635835,5.357821085190777,397.980815614588,0.8675373584936712,7.0,0.1106457035397424,121.62914254892678,0.2162974124449632,1298.9296388184546,307.2853392904736
e92e7c09-c1b8-4f72-a7a8-f75077608d1b,9c0d9803-ed7b-44ca-a30f-1c3ff96c03b1,2026-08-16T01:42:51.029000+00:00,2026-08-16T01:43:21.029000+00:00,19.79859373511433,55.98833993690724,15.225863361646342,4.016338210173663,210.97632942166905,0.3705425987422454,2.0,0.1814020381573541,122.86247096537696,0.1354886958892092,1260.6014060438106,152.65060325809188
e92e7c09-c1b8-4f72-a7a8-f75077608d1b,9c0d9803-ed7b-44ca-a30f-1c3ff96c03b1,2026-08-17T03:42:51.029000+00:00,2026-08-17T03:43:21.029000+00:00,32.76665923405161,86.03400593439147,6.495312537229346,3.587812477350042,468.001339607501,0.3968086528223027,3.0,0.1460135363054174,119.07503951530968,0.4561817527329436,948.090635271811,132.2886085509387
e92e7c09-c1b8-4f72-a7a8-f75077608d1b,a90f9b8d-c3f1-4748-99d5-cc782623de81,2026-08-15T08:42:51.029000+00:00,2026-08-15T08:43:21.029000+00:00,28.605937291632312,62.48785753517262,21.175059430877635,5.807624429767269,215.76858566377032,0.4352268839616144,9.0,0.0591111342150143,96.77600722556728,0.4842957089760796,1096.4618026429962,382.0709142259597
e92e7c09-c1b8-4f72-a7a8-f75077608d1b,eaa77718-5754-4734-b3cf-a779b607ee8f,2026-08-16T13:42:51.029000+00:00,2026-08-16T13:43:21.029000+00:00,34.81849347870341,111.81594976060376,5.3441751341096335,4.804217772802311,364.0542459422789,0.5357841006973971,10.0,0.0754716722449444,116.73464945535412,0.4055042279778516,1343.988489685329,198.1088486276577
e92e7c09-c1b8-4f72-a7a8-f75077608d1b,39bd6af0-9893-459b-b1d7-4d8a06a62405,2026-08-16T03:42:51.029000+00:00,2026-08-16T03:43:21.029000+00:00,19.48543061145568,88.6439184920003,16.698398319681505,5.822031016566662,226.56320703924695,0.3948286512958202,3.0,0.1657848649280452,133.86793480253445,0.3234720660047804,1000.8901107221134,125.9428277376348
e92e7c09-c1b8-4f72-a7a8-f75077608d1b,39bd6af0-9893-459b-b1d7-4d8a06a62405,2026-08-14T15:42:51.029000+00:00,2026-08-14T15:43:21.029000+00:00,13.628462740448976,70.65255001277559,18.719133954124555,3.7289535614475326,332.4885320757937,0.1406270295331917,3.0,0.0986450778080687,120.92816216512202,0.1337744671818199,887.3002914292861,51.26337109414242
e92e7c09-c1b8-4f72-a7a8-f75077608d1b,a90f9b8d-c3f1-4748-99d5-cc782623de81,2026-08-15T16:42:51.029000+00:00,2026-08-15T16:43:21.029000+00:00,31.70939646334068,76.50556373087363,6.677163379868688,3.9339599489681296,314.11610169648543,0.5261487637583111,9.0,0.0864626499139217,105.19662869027265,0.4932795102513737,640.1923928438356,371.4524349190258
e92e7c09-c1b8-4f72-a7a8-f75077608d1b,a90f9b8d-c3f1-4748-99d5-cc782623de81,2026-08-16T08:42:51.029000+00:00,2026-08-16T08:43:21.029000+00:00,17.990074135484505,68.26458874279739,14.156644655979376,5.6638447307573365,469.7706405475431,0.6154134431662951,9.0,0.113418567499674,90.48291490934604,0.1150163562171461,539.045374750542,96.30850609290698
e92e7c09-c1b8-4f72-a7a8-f75077608d1b,eaa77718-5754-4734-b3cf-a779b607ee8f,2026-08-17T06:42:51.029000+00:00,2026-08-17T06:43:21.029000+00:00,17.77199888714577,51.00785461030416,14.746500018936809,3.0359193946085687,333.1422809645135,0.9354600161802868,8.0,0.0841439668825091,134.91258927007652,0.4495884276002897,1341.6648433767346,454.2109431931385
e92e7c09-c1b8-4f72-a7a8-f75077608d1b,39bd6af0-9893-459b-b1d7-4d8a06a62405,2026-08-15T16:42:51.029000+00:00,2026-08-15T16:43:21.029000+00:00,26.369865159555346,119.64881009646004,5.320474106097454,4.394894496645735,321.0562846808799,0.7886083139343198,9.0,0.1094387325944225,135.43618757180718,0.270402335344712,1382.509831642891,460.7361139531906
e92e7c09-c1b8-4f72-a7a8-f75077608d1b,39bd6af0-9893-459b-b1d7-4d8a06a62405,2026-08-16T23:42:51.029000+00:00,2026-08-16T23:43:21.029000+00:00,37.30920322575091,98.17346043863417,23.01409807695152,4.441956321673971,260.0482494245004,0.1659692270634333,9.0,0.1014288390696476,143.95363686536714,0.1351129896014046,1305.209362536249,121.08733492228718
e92e7c09-c1b8-4f72-a7a8-f75077608d1b,a90f9b8d-c3f1-4748-99d5-cc782623de81,2026-08-15T08:42:51.029000+00:00,2026-08-15T08:43:21.029000+00:00,21.029123138198077,84.16396261769461,29.642083942843247,3.380230166338837,489.75457768647897,0.7874325967431955,4.0,0.1732255038050376,134.33088693998613,0.2780272724802793,962.5332210566182,432.5115430912301
e92e7c09-c1b8-4f72-a7a8-f75077608d1b,024a219c-b4f9-4b79-9849-65b13577f642,2026-08-15T02:42:51.029000+00:00,2026-08-15T02:43:21.029000+00:00,23.029936944546968,100.4191043924922,9.986436394409314,4.560695337188282,141.80923094867413,0.7049823973075067,0.0,0.1867451252801165,81.20606510615737,0.1925177953880991,1470.797019419116,337.16421185804995
e92e7c09-c1b8-4f72-a7a8-f75077608d1b,39bd6af0-9893-459b-b1d7-4d8a06a62405,2026-08-14T23:42:51.029000+00:00,2026-08-14T23:43:21.029000+00:00,27.85977306357721,103.33555109877044,7.092968179073948,4.745032832073953,363.348681189893,0.7106679572535455,5.0,0.1348644743813913,99.14920499608624,0.3345083149127644,596.5490357632593,489.9478194742889
e92e7c09-c1b8-4f72-a7a8-f75077608d1b,024a219c-b4f9-4b79-9849-65b13577f642,2026-08-16T08:42:51.029000+00:00,2026-08-16T08:43:21.029000+00:00,11.972341337578433,66.06731417268699,25.463713528904243,3.9515614798259535,293.0758114731468,0.7600613021676818,2.0,0.1588619840964174,103.21579057900144,0.1656906477256427,704.3763619261774,128.31073823280514
e92e7c09-c1b8-4f72-a7a8-f75077608d1b,39bd6af0-9893-459b-b1d7-4d8a06a62405,2026-08-17T02:42:51.029000+00:00,2026-08-17T02:43:21.029000+00:00,25.51783111265943,62.50170432791025,7.338784768472433,3.77392782592488,238.9743882751715,0.9433131222878428,9.0,0.1822372002502056,132.8160735189952,0.4994605407427815,965.9734832444144,145.29609473379435
e92e7c09-c1b8-4f72-a7a8-f75077608d1b,a90f9b8d-c3f1-4748-99d5-cc782623de81,2026-08-16T22:42:51.029000+00:00,2026-08-16T22:43:21.029000+00:00,37.09345538141904,111.20874769354404,18.280606175856967,4.342153240593377,354.1858936857784,0.1700003012633553,2.0,0.1145076464841571,91.01047161702448,0.1107713989455931,1194.7955739947847,51.86761736751011
e92e7c09-c1b8-4f72-a7a8-f75077608d1b,a90f9b8d-c3f1-4748-99d5-cc782623de81,2026-08-15T15:42:51.029000+00:00,2026-08-15T15:43:21.029000+00:00,10.894877231427031,109.78199299470594,11.141542490449725,4.451313041491879,396.0768057909628,0.24846676432743,6.0,0.1089813876897422,131.50044732655152,0.1603341516348675,1133.9273532520574,361.39951801687226
e92e7c09-c1b8-4f72-a7a8-f75077608d1b,024a219c-b4f9-4b79-9849-65b13577f642,2026-08-17T00:42:51.029000+00:00,2026-08-17T00:43:21.029000+00:00,27.891089448311448,76.35086752303533,24.68980879314025,4.874964072335619,170.79962838888832,0.7723034323295707,6.0,0.1093513897681308,143.96190673447302,0.3773333336791084,1371.4484653999805,313.02123749469206
e92e7c09-c1b8-4f72-a7a8-f75077608d1b,9c0d9803-ed7b-44ca-a30f-1c3ff96c03b1,2026-08-16T04:42:51.029000+00:00,2026-08-16T04:43:21.029000+00:00,17.97225979136727,92.59439188034332,14.08956230484111,5.587451108373093,246.5161529566202,0.3279319302780299,0.0,0.080932256667831,96.66153298973848,0.2297244464080735,1253.9891111150414,312.84731724405776
e92e7c09-c1b8-4f72-a7a8-f75077608d1b,9c0d9803-ed7b-44ca-a30f-1c3ff96c03b1,2026-08-15T22:42:51.029000+00:00,2026-08-15T22:43:21.029000+00:00,26.781944821078795,59.180725848681874,29.899288071853704,4.58755713574094,489.2910063262311,0.6647516487390123,9.0,0.1561057563888599,102.55535863490957,0.4694023611124757,1324.2916382294218,491.04943684377736
e92e7c09-c1b8-4f72-a7a8-f75077608d1b,9c0d9803-ed7b-44ca-a30f-1c3ff96c03b1,2026-08-14T20:42:51.029000+00:00,2026-08-14T20:43:21.029000+00:00,21.3675161031734,84.30734907119947,16.980402181952513,4.90965186478488,272.87261130606174,0.8879627388984183,7.0,0.0763899651659377,113.98951882113492,0.4783661716498103,913.969936266028,89.43838045784192
e92e7c09-c1b8-4f72-a7a8-f75077608d1b,024a219c-b4f9-4b79-9849-65b13577f642,2026-08-16T00:42:51.029000+00:00,2026-08-16T00:43:21.029000+00:00,21.04712023196117,71.27751544597747,18.5962576747812,4.834571053698684,484.4843098263122,0.2389022467808466,5.0,0.1828945424337081,104.72443529381624,0.2280359718628739,831.8355884292448,466.88614633550753
e92e7c09-c1b8-4f72-a7a8-f75077608d1b,024a219c-b4f9-4b79-9849-65b13577f642,2026-08-15T22:42:51.029000+00:00,2026-08-15T22:43:21.029000+00:00,16.452899646233288,60.459512446961256,19.933707094844717,3.771544939238296,270.3346319572097,0.6956698974209343,5.0,0.1799943190147455,100.11257095744514,0.1563734009258066,1411.470861840634,236.8189492537774
e92e7c09-c1b8-4f72-a7a8-f75077608d1b,eaa77718-5754-4734-b3cf-a779b607ee8f,2026-08-16T01:42:51.029000+00:00,2026-08-16T01:43:21.029000+00:00,32.145993436386014,99.91740011354628,19.09725631495164,3.879667755202033,242.0786887696001,0.3296528557005739,10.0,0.1366118195611671,88.89745045849571,0.2248224738860499,705.6629039703462,1.8673895663330888
e92e7c09-c1b8-4f72-a7a8-f75077608d1b,39bd6af0-9893-459b-b1d7-4d8a06a62405,2026-08-15T02:42:51.029000+00:00,2026-08-15T02:43:21.029000+00:00,35.75261989881231,90.57348666874124,16.55290443501394,3.587130674459148,462.96919602641,0.2418314965835426,1.0,0.1121766385827556,98.08222325163634,0.4684314971928771,1218.4003723150515,432.56880815334944
e92e7c09-c1b8-4f72-a7a8-f75077608d1b,a90f9b8d-c3f1-4748-99d5-cc782623de81,2026-08-15T05:42:51.029000+00:00,2026-08-15T05:43:21.029000+00:00,18.85281024881841,66.26312649771187,13.198962681572178,3.8972447796784655,400.8249625350112,0.6092678550984836,0.0,0.1221359997702216,105.36437127529685,0.2127205998458003,598.4263692946,337.69712059903856
e92e7c09-c1b8-4f72-a7a8-f75077608d1b,024a219c-b4f9-4b79-9849-65b13577f642,2026-08-16T03:42:51.029000+00:00,2026-08-16T03:43:21.029000+00:00,12.546143041361404,75.23729545424108,17.78449361025145,4.611111603786812,467.5145031149829,0.1386867342629065,1.0,0.1684752662524806,105.5298756585438,0.4467942005713451,1011.8030086263528,163.8303329415075
e92e7c09-c1b8-4f72-a7a8-f75077608d1b,024a219c-b4f9-4b79-9849-65b13577f642,2026-08-15T10:42:51.029000+00:00,2026-08-15T10:43:21.029000+00:00,34.98661847122917,77.40115961310082,18.21479207177744,3.325809429970546,147.2759085529539,0.170152610148215,3.0,0.1405912436426667,93.4403071822594,0.3037941983755817,1169.3847964050792,130.95244181868597
e92e7c09-c1b8-4f72-a7a8-f75077608d1b,eaa77718-5754-4734-b3cf-a779b607ee8f,2026-08-14T15:42:51.029000+00:00,2026-08-14T15:43:21.029000+00:00,38.375055141121706,64.97915830294241,11.354789771333715,3.74995472874035,237.86399605239424,0.605091010263946,4.0,0.0918221372433509,123.10136417134277,0.462789024225995,574.5000072239156,486.9100253385471
e92e7c09-c1b8-4f72-a7a8-f75077608d1b,eaa77718-5754-4734-b3cf-a779b607ee8f,2026-08-16T06:42:51.029000+00:00,2026-08-16T06:43:21.029000+00:00,17.39075875091384,112.24278582842588,25.13914112805129,4.066867960939223,116.73977782836069,0.6873079687795721,8.0,0.0637969594472591,106.88560893598788,0.106125427099275,764.7353864419242,478.5123964043336
e92e7c09-c1b8-4f72-a7a8-f75077608d1b,9c0d9803-ed7b-44ca-a30f-1c3ff96c03b1,2026-08-17T01:42:51.029000+00:00,2026-08-17T01:43:21.029000+00:00,28.20010784504633,85.51738138557384,17.342974418354427,5.64642349334148,386.54142293422274,0.3473527818877923,9.0,0.1457933251716693,92.63936992987028,0.3224392913216372,545.519991163202,443.9609331878239
e92e7c09-c1b8-4f72-a7a8-f75077608d1b,024a219c-b4f9-4b79-9849-65b13577f642,2026-08-17T00:42:51.029000+00:00,2026-08-17T00:43:21.029000+00:00,22.27939473000628,65.68081867212963,17.92401826543691,3.0874592885111283,495.3345643016848,0.2300690961177456,9.0,0.0540421101434126,99.9148184913779,0.130637162170934,1149.8673789219538,462.8624337611935
e92e7c09-c1b8-4f72-a7a8-f75077608d1b,024a219c-b4f9-4b79-9849-65b13577f642,2026-08-16T15:42:51.029000+00:00,2026-08-16T15:43:21.029000+00:00,20.79701115183561,63.04145249965424,17.537970654476496,3.380300875012245,475.21703126437455,0.6603891962541873,5.0,0.1957860907281187,148.20244120882464,0.4158490740229584,1422.9406904125894,490.6652913084681
e92e7c09-c1b8-4f72-a7a8-f75077608d1b,eaa77718-5754-4734-b3cf-a779b607ee8f,2026-08-14T12:42:51.029000+00:00,2026-08-14T12:43:21.029000+00:00,24.084040169564155,115.9151179428104,10.784588563417076,4.881294401229697,183.52968480757917,0.9456277785139487,2.0,0.1431237252409257,90.98254122667592,0.2509728411944929,504.6246212266158,356.1601702169395
e92e7c09-c1b8-4f72-a7a8-f75077608d1b,39bd6af0-9893-459b-b1d7-4d8a06a62405,2026-08-14T19:42:51.029000+00:00,2026-08-14T19:43:21.029000+00:00,19.305498701347723,59.61903911590737,9.533426783614164,3.3304816883908948,296.44135694597304,0.2204462643699255,5.0,0.0891676415184066,103.15327016974236,0.1197574931985692,776.1915652197677,50.77802834068496
e92e7c09-c1b8-4f72-a7a8-f75077608d1b,eaa77718-5754-4734-b3cf-a779b607ee8f,2026-08-14T13:42:51.029000+00:00,2026-08-14T13:43:21.029000+00:00,17.443814507023436,58.51910691851435,20.209295606928656,5.441515793674693,463.76712757393625,0.3627968786916304,3.0,0.1608158748792063,121.24325458330016,0.1938154440012492,741.3407531164826,347.0894339387737
e92e7c09-c1b8-4f72-a7a8-f75077608d1b,eaa77718-5754-4734-b3cf-a779b607ee8f,2026-08-15T13:42:51.029000+00:00,2026-08-15T13:43:21.029000+00:00,20.762158946548382,52.377801852130624,24.60310349665443,4.036912284452799,119.05230766205024,0.8852251913444692,6.0,0.1682660058662536,123.5267265627533,0.3134131245552757,1477.594823477169,34.669487815976176
e92e7c09-c1b8-4f72-a7a8-f75077608d1b,eaa77718-5754-4734-b3cf-a779b607ee8f,2026-08-15T04:42:51.029000+00:00,2026-08-15T04:43:21.029000+00:00,28.28574962478121,117.06991537329344,22.30262701129677,5.055513812882937,234.21470167105883,0.1127688027078558,3.0,0.1014048874825715,80.09285546135374,0.221421345586038,1410.911751977057,230.3676153414133
e92e7c09-c1b8-4f72-a7a8-f75077608d1b,eaa77718-5754-4734-b3cf-a779b607ee8f,2026-08-16T01:42:51.029000+00:00,2026-08-16T01:43:21.029000+00:00,23.341851485265487,55.16249734802683,19.057684101650658,4.3167361471822,462.075892538882,0.2762476310928907,2.0,0.0711551947760674,114.98117991110736,0.2558433734220044,1143.2424701759403,211.71271030455856
e92e7c09-c1b8-4f72-a7a8-f75077608d1b,eaa77718-5754-4734-b3cf-a779b607ee8f,2026-08-15T08:42:51.029000+00:00,2026-08-15T08:43:21.029000+00:00,21.52346680877959,56.65970486117188,27.443316179143757,5.296657862886227,418.41508782586806,0.1833474804937138,9.0,0.1928809424030048,109.2150198455823,0.190870654187974,875.3002410772873,147.21349994223866
e92e7c09-c1b8-4f72-a7a8-f75077608d1b,024a219c-b4f9-4b79-9849-65b13577f642,2026-08-16T12:42:51.029000+00:00,2026-08-16T12:43:21.029000+00:00,24.73721735397567,100.43012348306031,23.74347826087632,4.862020099680894,412.6278380544662,0.2465374113261406,4.0,0.0568570823587942,148.99929457916835,0.4334973665495251,1069.2926628914802,106.7211667467992
e92e7c09-c1b8-4f72-a7a8-f75077608d1b,024a219c-b4f9-4b79-9849-65b13577f642,2026-08-15T08:42:51.029000+00:00,2026-08-15T08:43:21.029000+00:00,16.54435417579286,102.59111895448258,5.041780393838023,5.2639675050038335,270.29742199869463,0.5107784188449725,9.0,0.1881630764125408,106.00407445371803,0.4277293415205127,1290.2399719455716,38.52837930059982
e92e7c09-c1b8-4f72-a7a8-f75077608d1b,eaa77718-5754-4734-b3cf-a779b607ee8f,2026-08-15T21:42:51.029000+00:00,2026-08-15T21:43:21.029000+00:00,10.526498140860486,70.89347741104356,27.110838076167635,4.388192950080856,280.00038854225545,0.5121748349786003,1.0,0.1068241983675803,87.05690228703529,0.387113784266594,768.6968816146143,263.04215551067347
e92e7c09-c1b8-4f72-a7a8-f75077608d1b,39bd6af0-9893-459b-b1d7-4d8a06a62405,2026-08-14T10:42:51.029000+00:00,2026-08-14T10:43:21.029000+00:00,22.183413117269083,65.45012481290604,13.729898880320755,3.806297662028637,280.6497549251284,0.9028818005445716,10.0,0.1454152492890576,115.53338342131735,0.1612685980409613,938.6773172616568,69.89445875319849
e92e7c09-c1b8-4f72-a7a8-f75077608d1b,9c0d9803-ed7b-44ca-a30f-1c3ff96c03b1,2026-08-15T07:42:51.029000+00:00,2026-08-15T07:43:21.029000+00:00,33.6299995088951,110.30114755628004,5.976113786609353,5.927007428756716,424.9162714590788,0.4266592796364128,4.0,0.1101480802420381,144.74405838785754,0.1903910817363051,1474.6076540779995,29.15268509033786
e92e7c09-c1b8-4f72-a7a8-f75077608d1b,eaa77718-5754-4734-b3cf-a779b607ee8f,2026-08-16T12:42:51.029000+00:00,2026-08-16T12:43:21.029000+00:00,30.008272072755165,65.00019784142665,28.389233874098483,3.613322663107573,426.9184607763414,0.7480528648873518,6.0,0.0630811342079725,146.38843896333688,0.3277132499589782,1459.0994861682775,111.79610334351298
e92e7c09-c1b8-4f72-a7a8-f75077608d1b,39bd6af0-9893-459b-b1d7-4d8a06a62405,2026-08-15T12:42:51.029000+00:00,2026-08-15T12:43:21.029000+00:00,16.142941974139475,87.65495283936664,11.9764256081564,5.108737769321843,478.8511873642208,0.451056581588848,8.0,0.0637697542496833,146.5564267365413,0.4548605199430984,611.5419410472182,330.11743845133924
e92e7c09-c1b8-4f72-a7a8-f75077608d1b,39bd6af0-9893-459b-b1d7-4d8a06a62405,2026-08-15T17:42:51.029000+00:00,2026-08-15T17:43:21.029000+00:00,18.083728546401925,71.53999831347116,27.471299204702376,3.8242774540893913,218.6584974222184,0.5383176725084806,10.0,0.092139594579049,147.9942946150637,0.2547835914154442,634.1133190885417,227.699815187306
e92e7c09-c1b8-4f72-a7a8-f75077608d1b,39bd6af0-9893-459b-b1d7-4d8a06a62405,2026-08-15T13:42:51.029000+00:00,2026-08-15T13:43:21.029000+00:00,21.290742979393904,100.42358840408596,8.416662551401123,4.368599404285671,437.1173339834351,0.3825763538073514,8.0,0.1314972735379082,133.3995118468153,0.226717156940239,1475.971132277552,433.399614466192
e92e7c09-c1b8-4f72-a7a8-f75077608d1b,9c0d9803-ed7b-44ca-a30f-1c3ff96c03b1,2026-08-14T21:42:51.029000+00:00,2026-08-14T21:43:21.029000+00:00,31.638230715599587,94.7424002413902,20.48048929497565,5.220647733168032,131.85923114452973,0.9196411096287648,9.0,0.1538446224172964,108.1359380904409,0.4392812334017807,622.1866499619057,281.2543917358198
e92e7c09-c1b8-4f72-a7a8-f75077608d1b,9c0d9803-ed7b-44ca-a30f-1c3ff96c03b1,2026-08-16T07:42:51.029000+00:00,2026-08-16T07:43:21.029000+00:00,14.476881968431895,89.47601248503045,12.869946823240292,5.42919413961113,184.73731459791475,0.4916290783854357,8.0,0.1118926629830966,85.8213973901208,0.2191262901435484,1472.612829509254,80.73408231355073
e92e7c09-c1b8-4f72-a7a8-f75077608d1b,a90f9b8d-c3f1-4748-99d5-cc782623de81,2026-08-16T08:42:51.029000+00:00,2026-08-16T08:43:21.029000+00:00,20.896415009286574,84.61855479893461,26.77893095535697,3.4072498108421114,117.02498268516749,0.5479580338161048,1.0,0.1038033080151934,92.18856284837032,0.1652900644860728,929.492167551516,120.5536028677802
e92e7c09-c1b8-4f72-a7a8-f75077608d1b,a90f9b8d-c3f1-4748-99d5-cc782623de81,2026-08-16T20:42:51.029000+00:00,2026-08-16T20:43:21.029000+00:00,39.019021648128245,100.89484534531286,21.959662301628207,3.639435030290339,209.6597652773818,0.6906672699573596,2.0,0.0851187344060732,145.03016230705794,0.458075604415732,547.5139096543078,267.8342199324061
e92e7c09-c1b8-4f72-a7a8-f75077608d1b,a90f9b8d-c3f1-4748-99d5-cc782623de81,2026-08-17T02:42:51.029000+00:00,2026-08-17T02:43:21.029000+00:00,28.253776481888124,83.41214007748383,18.86510715226278,3.5052991983258943,422.99184338313125,0.2527196920796785,9.0,0.1344176376526858,140.69973444538437,0.3203802632959863,1433.6811981036062,419.76826874479593
e92e7c09-c1b8-4f72-a7a8-f75077608d1b,024a219c-b4f9-4b79-9849-65b13577f642,2026-08-16T09:42:51.029000+00:00,2026-08-16T09:43:21.029000+00:00,12.864049564800464,70.39207508901832,19.299098324482635,5.238364445823539,210.050716766934,0.9172583290965812,10.0,0.1179720508674238,143.76066269479895,0.389596603763645,1285.1888789994096,140.58289407803974
e92e7c09-c1b8-4f72-a7a8-f75077608d1b,ee98be6a-039b-4299-8c10-326d03c2af79,2026-08-16T01:52:54.742000+00:00,2026-08-16T01:53:24.742000+00:00,32.145993436386014,99.91740011354628,19.09725631495164,3.879667755202033,242.0786887696001,0.3296528557005739,10.0,0.1366118195611671,88.89745045849571,0.2248224738860499,705.6629039703462,1.8673895663330888
e92e7c09-c1b8-4f72-a7a8-f75077608d1b,e4d349cb-5353-4fcf-a3bd-bd5cd405127b,2026-08-17T03:52:54.742000+00:00,2026-08-17T03:53:24.742000+00:00,32.76665923405161,86.03400593439147,6.495312537229346,3.587812477350042,468.001339607501,0.3968086528223027,3.0,0.1460135363054174,119.07503951530968,0.4561817527329436,948.090635271811,132.2886085509387
e92e7c09-c1b8-4f72-a7a8-f75077608d1b,ee98be6a-039b-4299-8c10-326d03c2af79,2026-08-16T12:52:54.742000+00:00,2026-08-16T12:53:24.742000+00:00,30.008272072755165,65.00019784142665,28.389233874098483,3.613322663107573,426.9184607763414,0.7480528648873518,6.0,0.0630811342079725,146.38843896333688,0.3277132499589782,1459.0994861682775,111.79610334351298
e92e7c09-c1b8-4f72-a7a8-f75077608d1b,ee98be6a-039b-4299-8c10-326d03c2af79,2026-08-16T13:52:54.742000+00:00,2026-08-16T13:53:24.742000+00:00,34.81849347870341,111.81594976060376,5.3441751341096335,4.804217772802311,364.0542459422789,0.5357841006973971,10.0,0.0754716722449444,116.73464945535412,0.4055042279778516,1343.988489685329,198.1088486276577
e92e7c09-c1b8-4f72-a7a8-f75077608d1b,69d68992-ff33-49ca-bb69-3b9d7ac5f694,2026-08-14T19:52:54.742000+00:00,2026-08-14T19:53:24.742000+00:00,19.305498701347723,59.61903911590737,9.533426783614164,3.3304816883908948,296.44135694597304,0.2204462643699255,5.0,0.0891676415184066,103.15327016974236,0.1197574931985692,776.1915652197677,50.77802834068496
e92e7c09-c1b8-4f72-a7a8-f75077608d1b,dbcafd98-6f46-4010-b5d0-13b23c34f677,2026-08-17T00:52:54.742000+00:00,2026-08-17T00:53:24.742000+00:00,17.800640857244563,65.35985309141336,12.03376734469604,3.432556103368004,425.5553900689368,0.9983946392183382,6.0,0.1876351566887444,123.1010784773051,0.2263777954329736,967.3671339459116,78.64607999750828
e92e7c09-c1b8-4f72-a7a8-f75077608d1b,e4d349cb-5353-4fcf-a3bd-bd5cd405127b,2026-08-16T04:52:54.742000+00:00,2026-08-16T04:53:24.742000+00:00,17.97225979136727,92.59439188034332,14.08956230484111,5.587451108373093,246.5161529566202,0.3279319302780299,0.0,0.080932256667831,96.66153298973848,0.2297244464080735,1253.9891111150414,312.84731724405776
e92e7c09-c1b8-4f72-a7a8-f75077608d1b,7ce5291a-f895-4163-b747-7b6fd263d381,2026-08-16T03:52:54.742000+00:00,2026-08-16T03:53:24.742000+00:00,12.546143041361404,75.23729545424108,17.78449361025145,4.611111603786812,467.5145031149829,0.1386867342629065,1.0,0.1684752662524806,105.5298756585438,0.4467942005713451,1011.8030086263528,163.8303329415075
e92e7c09-c1b8-4f72-a7a8-f75077608d1b,7ce5291a-f895-4163-b747-7b6fd263d381,2026-08-16T15:52:54.742000+00:00,2026-08-16T15:53:24.742000+00:00,20.79701115183561,63.04145249965424,17.537970654476496,3.380300875012245,475.21703126437455,0.6603891962541873,5.0,0.1957860907281187,148.20244120882464,0.4158490740229584,1422.9406904125894,490.6652913084681
e92e7c09-c1b8-4f72-a7a8-f75077608d1b,7ce5291a-f895-4163-b747-7b6fd263d381,2026-08-15T10:52:54.742000+00:00,2026-08-15T10:53:24.742000+00:00,34.98661847122917,77.40115961310082,18.21479207177744,3.325809429970546,147.2759085529539,0.170152610148215,3.0,0.1405912436426667,93.4403071822594,0.3037941983755817,1169.3847964050792,130.95244181868597
e92e7c09-c1b8-4f72-a7a8-f75077608d1b,ee98be6a-039b-4299-8c10-326d03c2af79,2026-08-14T15:52:54.742000+00:00,2026-08-14T15:53:24.742000+00:00,38.375055141121706,64.97915830294241,11.354789771333715,3.74995472874035,237.86399605239424,0.605091010263946,4.0,0.0918221372433509,123.10136417134277,0.462789024225995,574.5000072239156,486.9100253385471
e92e7c09-c1b8-4f72-a7a8-f75077608d1b,e4d349cb-5353-4fcf-a3bd-bd5cd405127b,2026-08-17T01:52:54.742000+00:00,2026-08-17T01:53:24.742000+00:00,28.20010784504633,85.51738138557384,17.342974418354427,5.64642349334148,386.54142293422274,0.3473527818877923,9.0,0.1457933251716693,92.63936992987028,0.3224392913216372,545.519991163202,443.9609331878239
e92e7c09-c1b8-4f72-a7a8-f75077608d1b,ee98be6a-039b-4299-8c10-326d03c2af79,2026-08-15T08:52:54.742000+00:00,2026-08-15T08:53:24.742000+00:00,21.52346680877959,56.65970486117188,27.443316179143757,5.296657862886227,418.41508782586806,0.1833474804937138,9.0,0.1928809424030048,109.2150198455823,0.190870654187974,875.3002410772873,147.21349994223866
e92e7c09-c1b8-4f72-a7a8-f75077608d1b,ee98be6a-039b-4299-8c10-326d03c2af79,2026-08-15T04:52:54.742000+00:00,2026-08-15T04:53:24.742000+00:00,28.28574962478121,117.06991537329344,22.30262701129677,5.055513812882937,234.21470167105883,0.1127688027078558,3.0,0.1014048874825715,80.09285546135374,0.221421345586038,1410.911751977057,230.3676153414133
e92e7c09-c1b8-4f72-a7a8-f75077608d1b,ee98be6a-039b-4299-8c10-326d03c2af79,2026-08-14T12:52:54.742000+00:00,2026-08-14T12:53:24.742000+00:00,24.084040169564155,115.9151179428104,10.784588563417076,4.881294401229697,183.52968480757917,0.9456277785139487,2.0,0.1431237252409257,90.98254122667592,0.2509728411944929,504.6246212266158,356.1601702169395
e92e7c09-c1b8-4f72-a7a8-f75077608d1b,69d68992-ff33-49ca-bb69-3b9d7ac5f694,2026-08-15T12:52:54.742000+00:00,2026-08-15T12:53:24.742000+00:00,16.142941974139475,87.65495283936664,11.9764256081564,5.108737769321843,478.8511873642208,0.451056581588848,8.0,0.0637697542496833,146.5564267365413,0.4548605199430984,611.5419410472182,330.11743845133924
e92e7c09-c1b8-4f72-a7a8-f75077608d1b,e4d349cb-5353-4fcf-a3bd-bd5cd405127b,2026-08-16T01:52:54.742000+00:00,2026-08-16T01:53:24.742000+00:00,19.79859373511433,55.98833993690724,15.225863361646342,4.016338210173663,210.97632942166905,0.3705425987422454,2.0,0.1814020381573541,122.86247096537696,0.1354886958892092,1260.6014060438106,152.65060325809188
e92e7c09-c1b8-4f72-a7a8-f75077608d1b,7ce5291a-f895-4163-b747-7b6fd263d381,2026-08-17T00:52:54.742000+00:00,2026-08-17T00:53:24.742000+00:00,22.27939473000628,65.68081867212963,17.92401826543691,3.0874592885111283,495.3345643016848,0.2300690961177456,9.0,0.0540421101434126,99.9148184913779,0.130637162170934,1149.8673789219538,462.8624337611935
e92e7c09-c1b8-4f72-a7a8-f75077608d1b,7ce5291a-f895-4163-b747-7b6fd263d381,2026-08-16T12:52:54.742000+00:00,2026-08-16T12:53:24.742000+00:00,24.73721735397567,100.43012348306031,23.74347826087632,4.862020099680894,412.6278380544662,0.2465374113261406,4.0,0.0568570823587942,148.99929457916835,0.4334973665495251,1069.2926628914802,106.7211667467992
e92e7c09-c1b8-4f72-a7a8-f75077608d1b,ee98be6a-039b-4299-8c10-326d03c2af79,2026-08-16T06:52:54.742000+00:00,2026-08-16T06:53:24.742000+00:00,17.39075875091384,112.24278582842588,25.13914112805129,4.066867960939223,116.73977782836069,0.6873079687795721,8.0,0.0637969594472591,106.88560893598788,0.106125427099275,764.7353864419242,478.5123964043336
e92e7c09-c1b8-4f72-a7a8-f75077608d1b,69d68992-ff33-49ca-bb69-3b9d7ac5f694,2026-08-16T23:52:54.742000+00:00,2026-08-16T23:53:24.742000+00:00,37.30920322575091,98.17346043863417,23.01409807695152,4.441956321673971,260.0482494245004,0.1659692270634333,9.0,0.1014288390696476,143.95363686536714,0.1351129896014046,1305.209362536249,121.08733492228718
e92e7c09-c1b8-4f72-a7a8-f75077608d1b,dbcafd98-6f46-4010-b5d0-13b23c34f677,2026-08-15T03:52:54.742000+00:00,2026-08-15T03:53:24.742000+00:00,29.0906302868973,72.59299591385947,28.766742755813382,5.141084591831087,146.92083112256546,0.5719428522730772,1.0,0.1646017906542805,120.06349437847166,0.3589550624978858,938.5862191906124,155.37945732229912
e92e7c09-c1b8-4f72-a7a8-f75077608d1b,7ce5291a-f895-4163-b747-7b6fd263d381,2026-08-17T00:52:54.742000+00:00,2026-08-17T00:53:24.742000+00:00,27.891089448311448,76.35086752303533,24.68980879314025,4.874964072335619,170.79962838888832,0.7723034323295707,6.0,0.1093513897681308,143.96190673447302,0.3773333336791084,1371.4484653999805,313.02123749469206
e92e7c09-c1b8-4f72-a7a8-f75077608d1b,7ce5291a-f895-4163-b747-7b6fd263d381,2026-08-15T08:52:54.742000+00:00,2026-08-15T08:53:24.742000+00:00,37.85358132483061,81.05846672215723,11.945488524279131,4.485559762148126,482.5822218513191,0.2413994886488433,4.0,0.1083313097546391,112.1618317912401,0.2253191420773818,937.3168674283404,281.3753568163368
e92e7c09-c1b8-4f72-a7a8-f75077608d1b,ee98be6a-039b-4299-8c10-326d03c2af79,2026-08-15T21:52:54.742000+00:00,2026-08-15T21:53:24.742000+00:00,10.526498140860486,70.89347741104356,27.110838076167635,4.388192950080856,280.00038854225545,0.5121748349786003,1.0,0.1068241983675803,87.05690228703529,0.387113784266594,768.6968816146143,263.04215551067347
e92e7c09-c1b8-4f72-a7a8-f75077608d1b,ee98be6a-039b-4299-8c10-326d03c2af79,2026-08-17T06:52:54.742000+00:00,2026-08-17T06:53:24.742000+00:00,17.77199888714577,51.00785461030416,14.746500018936809,3.0359193946085687,333.1422809645135,0.9354600161802868,8.0,0.0841439668825091,134.91258927007652,0.4495884276002897,1341.6648433767346,454.2109431931385
e92e7c09-c1b8-4f72-a7a8-f75077608d1b,69d68992-ff33-49ca-bb69-3b9d7ac5f694,2026-08-14T15:52:54.742000+00:00,2026-08-14T15:53:24.742000+00:00,13.628462740448976,70.65255001277559,18.719133954124555,3.7289535614475326,332.4885320757937,0.1406270295331917,3.0,0.0986450778080687,120.92816216512202,0.1337744671818199,887.3002914292861,51.26337109414242
e92e7c09-c1b8-4f72-a7a8-f75077608d1b,7ce5291a-f895-4163-b747-7b6fd263d381,2026-08-16T00:52:54.742000+00:00,2026-08-16T00:53:24.742000+00:00,21.04712023196117,71.27751544597747,18.5962576747812,4.834571053698684,484.4843098263122,0.2389022467808466,5.0,0.1828945424337081,104.72443529381624,0.2280359718628739,831.8355884292448,466.88614633550753
e92e7c09-c1b8-4f72-a7a8-f75077608d1b,69d68992-ff33-49ca-bb69-3b9d7ac5f694,2026-08-14T23:52:54.742000+00:00,2026-08-14T23:53:24.742000+00:00,27.85977306357721,103.33555109877044,7.092968179073948,4.745032832073953,363.348681189893,0.7106679572535455,5.0,0.1348644743813913,99.14920499608624,0.3345083149127644,596.5490357632593,489.9478194742889
e92e7c09-c1b8-4f72-a7a8-f75077608d1b,e4d349cb-5353-4fcf-a3bd-bd5cd405127b,2026-08-14T20:52:54.742000+00:00,2026-08-14T20:53:24.742000+00:00,21.3675161031734,84.30734907119947,16.980402181952513,4.90965186478488,272.87261130606174,0.8879627388984183,7.0,0.0763899651659377,113.98951882113492,0.4783661716498103,913.969936266028,89.43838045784192
e92e7c09-c1b8-4f72-a7a8-f75077608d1b,dbcafd98-6f46-4010-b5d0-13b23c34f677,2026-08-16T09:52:54.742000+00:00,2026-08-16T09:53:24.742000+00:00,28.592682697784863,105.2585144819152,19.96405862561976,5.446062243445201,299.4909082818265,0.5334552650875835,5.0,0.168655904200536,89.00063815421305,0.4116488198907132,1134.7261539870397,264.89256037195537
e92e7c09-c1b8-4f72-a7a8-f75077608d1b,dbcafd98-6f46-4010-b5d0-13b23c34f677,2026-08-16T20:52:54.742000+00:00,2026-08-16T20:53:24.742000+00:00,39.019021648128245,100.89484534531286,21.959662301628207,3.639435030290339,209.6597652773818,0.6906672699573596,2.0,0.0851187344060732,145.03016230705794,0.458075604415732,547.5139096543078,267.8342199324061
e92e7c09-c1b8-4f72-a7a8-f75077608d1b,7ce5291a-f895-4163-b747-7b6fd263d381,2026-08-16T09:52:54.742000+00:00,2026-08-16T09:53:24.742000+00:00,12.864049564800464,70.39207508901832,19.299098324482635,5.238364445823539,210.050716766934,0.9172583290965812,10.0,0.1179720508674238,143.76066269479895,0.389596603763645,1285.1888789994096,140.58289407803974
e92e7c09-c1b8-4f72-a7a8-f75077608d1b,7ce5291a-f895-4163-b747-7b6fd263d381,2026-08-15T02:52:54.742000+00:00,2026-08-15T02:53:24.742000+00:00,23.029936944546968,100.4191043924922,9.986436394409314,4.560695337188282,141.80923094867413,0.7049823973075067,0.0,0.1867451252801165,81.20606510615737,0.1925177953880991,1470.797019419116,337.16421185804995
e92e7c09-c1b8-4f72-a7a8-f75077608d1b,69d68992-ff33-49ca-bb69-3b9d7ac5f694,2026-08-14T10:52:54.742000+00:00,2026-08-14T10:53:24.742000+00:00,22.183413117269083,65.45012481290604,13.729898880320755,3.806297662028637,280.6497549251284,0.9028818005445716,10.0,0.1454152492890576,115.53338342131735,0.1612685980409613,938.6773172616568,69.89445875319849
e92e7c09-c1b8-4f72-a7a8-f75077608d1b,69d68992-ff33-49ca-bb69-3b9d7ac5f694,2026-08-15T02:52:54.742000+00:00,2026-08-15T02:53:24.742000+00:00,35.75261989881231,90.57348666874124,16.55290443501394,3.587130674459148,462.96919602641,0.2418314965835426,1.0,0.1121766385827556,98.08222325163634,0.4684314971928771,1218.4003723150515,432.56880815334944
e92e7c09-c1b8-4f72-a7a8-f75077608d1b,e4d349cb-5353-4fcf-a3bd-bd5cd405127b,2026-08-15T07:52:54.742000+00:00,2026-08-15T07:53:24.742000+00:00,33.6299995088951,110.30114755628004,5.976113786609353,5.927007428756716,424.9162714590788,0.4266592796364128,4.0,0.1101480802420381,144.74405838785754,0.1903910817363051,1474.6076540779995,29.15268509033786
e92e7c09-c1b8-4f72-a7a8-f75077608d1b,69d68992-ff33-49ca-bb69-3b9d7ac5f694,2026-08-16T03:52:54.742000+00:00,2026-08-16T03:53:24.742000+00:00,19.48543061145568,88.6439184920003,16.698398319681505,5.822031016566662,226.56320703924695,0.3948286512958202,3.0,0.1657848649280452,133.86793480253445,0.3234720660047804,1000.8901107221134,125.9428277376348
e92e7c09-c1b8-4f72-a7a8-f75077608d1b,dbcafd98-6f46-4010-b5d0-13b23c34f677,2026-08-15T05:52:54.742000+00:00,2026-08-15T05:53:24.742000+00:00,18.85281024881841,66.26312649771187,13.198962681572178,3.8972447796784655,400.8249625350112,0.6092678550984836,0.0,0.1221359997702216,105.36437127529685,0.2127205998458003,598.4263692946,337.69712059903856
e92e7c09-c1b8-4f72-a7a8-f75077608d1b,dbcafd98-6f46-4010-b5d0-13b23c34f677,2026-08-17T02:52:54.742000+00:00,2026-08-17T02:53:24.742000+00:00,28.253776481888124,83.41214007748383,18.86510715226278,3.5052991983258943,422.99184338313125,0.2527196920796785,9.0,0.1344176376526858,140.69973444538437,0.3203802632959863,1433.6811981036062,419.76826874479593
e92e7c09-c1b8-4f72-a7a8-f75077608d1b,ee98be6a-039b-4299-8c10-326d03c2af79,2026-08-16T00:52:54.742000+00:00,2026-08-16T00:53:24.742000+00:00,18.540368223311475,51.57528020281463,20.657047686635835,5.357821085190777,397.980815614588,0.8675373584936712,7.0,0.1106457035397424,121.62914254892678,0.2162974124449632,1298.9296388184546,307.2853392904736
e92e7c09-c1b8-4f72-a7a8-f75077608d1b,69d68992-ff33-49ca-bb69-3b9d7ac5f694,2026-08-15T13:52:54.742000+00:00,2026-08-15T13:53:24.742000+00:00,21.290742979393904,100.42358840408596,8.416662551401123,4.368599404285671,437.1173339834351,0.3825763538073514,8.0,0.1314972735379082,133.3995118468153,0.226717156940239,1475.971132277552,433.399614466192
e92e7c09-c1b8-4f72-a7a8-f75077608d1b,dbcafd98-6f46-4010-b5d0-13b23c34f677,2026-08-16T08:52:54.742000+00:00,2026-08-16T08:53:24.742000+00:00,17.990074135484505,68.26458874279739,14.156644655979376,5.6638447307573365,469.7706405475431,0.6154134431662951,9.0,0.113418567499674,90.48291490934604,0.1150163562171461,539.045374750542,96.30850609290698
e92e7c09-c1b8-4f72-a7a8-f75077608d1b,69d68992-ff33-49ca-bb69-3b9d7ac5f694,2026-08-15T17:52:54.742000+00:00,2026-08-15T17:53:24.742000+00:00,18.083728546401925,71.53999831347116,27.471299204702376,3.8242774540893913,218.6584974222184,0.5383176725084806,10.0,0.092139594579049,147.9942946150637,0.2547835914154442,634.1133190885417,227.699815187306
e92e7c09-c1b8-4f72-a7a8-f75077608d1b,e4d349cb-5353-4fcf-a3bd-bd5cd405127b,2026-08-14T21:52:54.742000+00:00,2026-08-14T21:53:24.742000+00:00,31.638230715599587,94.7424002413902,20.48048929497565,5.220647733168032,131.85923114452973,0.9196411096287648,9.0,0.1538446224172964,108.1359380904409,0.4392812334017807,622.1866499619057,281.2543917358198
e92e7c09-c1b8-4f72-a7a8-f75077608d1b,e4d349cb-5353-4fcf-a3bd-bd5cd405127b,2026-08-16T07:52:54.742000+00:00,2026-08-16T07:53:24.742000+00:00,14.476881968431895,89.47601248503045,12.869946823240292,5.42919413961113,184.73731459791475,0.4916290783854357,8.0,0.1118926629830966,85.8213973901208,0.2191262901435484,1472.612829509254,80.73408231355073
e92e7c09-c1b8-4f72-a7a8-f75077608d1b,dbcafd98-6f46-4010-b5d0-13b23c34f677,2026-08-15T16:52:54.742000+00:00,2026-08-15T16:53:24.742000+00:00,31.70939646334068,76.50556373087363,6.677163379868688,3.9339599489681296,314.11610169648543,0.5261487637583111,9.0,0.0864626499139217,105.19662869027265,0.4932795102513737,640.1923928438356,371.4524349190258
e92e7c09-c1b8-4f72-a7a8-f75077608d1b,dbcafd98-6f46-4010-b5d0-13b23c34f677,2026-08-15T15:52:54.742000+00:00,2026-08-15T15:53:24.742000+00:00,10.894877231427031,109.78199299470594,11.141542490449725,4.451313041491879,396.0768057909628,0.24846676432743,6.0,0.1089813876897422,131.50044732655152,0.1603341516348675,1133.9273532520574,361.39951801687226
e92e7c09-c1b8-4f72-a7a8-f75077608d1b,ee98be6a-039b-4299-8c10-326d03c2af79,2026-08-16T01:52:54.742000+00:00,2026-08-16T01:53:24.742000+00:00,23.341851485265487,55.16249734802683,19.057684101650658,4.3167361471822,462.075892538882,0.2762476310928907,2.0,0.0711551947760674,114.98117991110736,0.2558433734220044,1143.2424701759403,211.71271030455856
e92e7c09-c1b8-4f72-a7a8-f75077608d1b,ee98be6a-039b-4299-8c10-326d03c2af79,2026-08-14T13:52:54.742000+00:00,2026-08-14T13:53:24.742000+00:00,17.443814507023436,58.51910691851435,20.209295606928656,5.441515793674693,463.76712757393625,0.3627968786916304,3.0,0.1608158748792063,121.24325458330016,0.1938154440012492,741.3407531164826,347.0894339387737
e92e7c09-c1b8-4f72-a7a8-f75077608d1b,ee98be6a-039b-4299-8c10-326d03c2af79,2026-08-15T13:52:54.742000+00:00,2026-08-15T13:53:24.742000+00:00,20.762158946548382,52.377801852130624,24.60310349665443,4.036912284452799,119.05230766205024,0.8852251913444692,6.0,0.1682660058662536,123.5267265627533,0.3134131245552757,1477.594823477169,34.669487815976176
e92e7c09-c1b8-4f72-a7a8-f75077608d1b,dbcafd98-6f46-4010-b5d0-13b23c34f677,2026-08-15T08:52:54.742000+00:00,2026-08-15T08:53:24.742000+00:00,28.605937291632312,62.48785753517262,21.175059430877635,5.807624429767269,215.76858566377032,0.4352268839616144,9.0,0.0591111342150143,96.77600722556728,0.4842957089760796,1096.4618026429962,382.0709142259597
e92e7c09-c1b8-4f72-a7a8-f75077608d1b,7ce5291a-f895-4163-b747-7b6fd263d381,2026-08-15T08:52:54.742000+00:00,2026-08-15T08:53:24.742000+00:00,16.54435417579286,102.59111895448258,5.041780393838023,5.2639675050038335,270.29742199869463,0.5107784188449725,9.0,0.1881630764125408,106.00407445371803,0.4277293415205127,1290.2399719455716,38.52837930059982
e92e7c09-c1b8-4f72-a7a8-f75077608d1b,ee98be6a-039b-4299-8c10-326d03c2af79,2026-08-15T01:52:54.742000+00:00,2026-08-15T01:53:24.742000+00:00,23.09989050897491,87.07224699192119,26.312037771130328,5.95853556284691,388.32629454163776,0.7376564119576695,6.0,0.1112836177548187,126.24499980315414,0.3800250875970946,709.0143716632108,377.6479826983185
e92e7c09-c1b8-4f72-a7a8-f75077608d1b,e4d349cb-5353-4fcf-a3bd-bd5cd405127b,2026-08-15T22:52:54.742000+00:00,2026-08-15T22:53:24.742000+00:00,26.781944821078795,59.180725848681874,29.899288071853704,4.58755713574094,489.2910063262311,0.6647516487390123,9.0,0.1561057563888599,102.55535863490957,0.4694023611124757,1324.2916382294218,491.04943684377736
e92e7c09-c1b8-4f72-a7a8-f75077608d1b,dbcafd98-6f46-4010-b5d0-13b23c34f677,2026-08-16T22:52:54.742000+00:00,2026-08-16T22:53:24.742000+00:00,37.09345538141904,111.20874769354404,18.280606175856967,4.342153240593377,354.1858936857784,0.1700003012633553,2.0,0.1145076464841571,91.01047161702448,0.1107713989455931,1194.7955739947847,51.86761736751011
e92e7c09-c1b8-4f72-a7a8-f75077608d1b,69d68992-ff33-49ca-bb69-3b9d7ac5f694,2026-08-15T16:52:54.742000+00:00,2026-08-15T16:53:24.742000+00:00,26.369865159555346,119.64881009646004,5.320474106097454,4.394894496645735,321.0562846808799,0.7886083139343198,9.0,0.1094387325944225,135.43618757180718,0.270402335344712,1382.509831642891,460.7361139531906
e92e7c09-c1b8-4f72-a7a8-f75077608d1b,69d68992-ff33-49ca-bb69-3b9d7ac5f694,2026-08-17T02:52:54.742000+00:00,2026-08-17T02:53:24.742000+00:00,25.51783111265943,62.50170432791025,7.338784768472433,3.77392782592488,238.9743882751715,0.9433131222878428,9.0,0.1822372002502056,132.8160735189952,0.4994605407427815,965.9734832444144,145.29609473379435
e92e7c09-c1b8-4f72-a7a8-f75077608d1b,dbcafd98-6f46-4010-b5d0-13b23c34f677,2026-08-16T08:52:54.742000+00:00,2026-08-16T08:53:24.742000+00:00,20.896415009286574,84.61855479893461,26.77893095535697,3.4072498108421114,117.02498268516749,0.5479580338161048,1.0,0.1038033080151934,92.18856284837032,0.1652900644860728,929.492167551516,120.5536028677802
e92e7c09-c1b8-4f72-a7a8-f75077608d1b,dbcafd98-6f46-4010-b5d0-13b23c34f677,2026-08-15T08:52:54.742000+00:00,2026-08-15T08:53:24.742000+00:00,21.029123138198077,84.16396261769461,29.642083942843247,3.380230166338837,489.75457768647897,0.7874325967431955,4.0,0.1732255038050376,134.33088693998613,0.2780272724802793,962.5332210566182,432.5115430912301
e92e7c09-c1b8-4f72-a7a8-f75077608d1b,7ce5291a-f895-4163-b747-7b6fd263d381,2026-08-15T22:52:54.742000+00:00,2026-08-15T22:53:24.742000+00:00,16.452899646233288,60.459512446961256,19.933707094844717,3.771544939238296,270.3346319572097,0.6956698974209343,5.0,0.1799943190147455,100.11257095744514,0.1563734009258066,1411.470861840634,236.8189492537774
e92e7c09-c1b8-4f72-a7a8-f75077608d1b,7ce5291a-f895-4163-b747-7b6fd263d381,2026-08-16T08:52:54.742000+00:00,2026-08-16T08:53:24.742000+00:00,11.972341337578433,66.06731417268699,25.463713528904243,3.9515614798259535,293.0758114731468,0.7600613021676818,2.0,0.1588619840964174,103.21579057900144,0.1656906477256427,704.3763619261774,128.31073823280514
dba80c84-68fd-45b2-ba28-10f10075b239,15fa92b6-bb21-469b-8ebe-486f21886538,2026-08-15T14:53:01.217000+00:00,2026-08-15T14:53:31.217000+00:00,16.76531081668302,97.20439745738574,14.085774953386224,4.616213480140636,173.33136909368164,0.1835252370520858,2.0,0.1523323485850644,105.44719105763129,0.2201096496585412,1099.5601645381084,212.05925741337893
dba80c84-68fd-45b2-ba28-10f10075b239,15fa92b6-bb21-469b-8ebe-486f21886538,2026-08-14T15:53:01.217000+00:00,2026-08-14T15:53:31.217000+00:00,10.071767979361931,63.01418509906957,11.709746934039396,4.781714893976679,448.4044039726396,0.4238614886253369,1.0,0.1549041175104648,143.54154444919004,0.1881850417154204,1274.869800326387,377.9546023799757
dba80c84-68fd-45b2-ba28-10f10075b239,15fa92b6-bb21-469b-8ebe-486f21886538,2026-08-15T12:53:01.217000+00:00,2026-08-15T12:53:31.217000+00:00,24.245913241105335,86.77291519125893,23.860963155537497,3.8598770774878632,424.6255662728647,0.1774365086059578,5.0,0.1411820151179028,121.93485579652216,0.1460858461401318,726.6943380338043,72.4435024091919
dba80c84-68fd-45b2-ba28-10f10075b239,05bc7ce0-dbdf-4bb8-babe-c66084786cd0,2026-08-14T13:53:01.217000+00:00,2026-08-14T13:53:31.217000+00:00,27.55371149273857,78.42829006075847,18.076516266262352,3.5265273720472488,299.18487260512086,0.8022986319063171,5.0,0.0662346454739796,139.1795488339415,0.4007323842336078,502.83168539772,482.7170819519425
dba80c84-68fd-45b2-ba28-10f10075b239,27cc7537-a40e-47c3-a98f-89dbe78e8cb9,2026-08-16T18:53:01.217000+00:00,2026-08-16T18:53:31.217000+00:00,16.812949367687054,72.42364715941949,16.67720060879681,4.77709301519673,325.9447094081977,0.7194051344109789,3.0,0.173074596721895,135.81407354686473,0.1679342322530939,1327.2209258674798,345.0945274656629
dba80c84-68fd-45b2-ba28-10f10075b239,05bc7ce0-dbdf-4bb8-babe-c66084786cd0,2026-08-15T15:53:01.217000+00:00,2026-08-15T15:53:31.217000+00:00,13.780397199516036,75.13582056653635,5.434368624220949,3.498315195917339,483.4819952879175,0.929687586768342,7.0,0.0952910848279955,133.43313805891628,0.4794596037699502,1026.337515537174,110.4710453380744
dba80c84-68fd-45b2-ba28-10f10075b239,15fa92b6-bb21-469b-8ebe-486f21886538,2026-08-15T19:53:01.217000+00:00,2026-08-15T19:53:31.217000+00:00,29.35880138297136,113.93290999785332,18.178529313565228,3.003919144779742,361.42605422150064,0.1676858433722388,8.0,0.1439050329827864,117.27030026324108,0.4747902935414233,767.5052534419998,375.725935530211
dba80c84-68fd-45b2-ba28-10f10075b239,15fa92b6-bb21-469b-8ebe-486f21886538,2026-08-14T12:53:01.217000+00:00,2026-08-14T12:53:31.217000+00:00,18.69899520048473,89.51378040330687,18.10631204715685,3.651996192838887,388.4526099303272,0.7837466926438604,3.0,0.1379641570965173,115.00243106184666,0.3081587624870996,1446.522029719014,24.524556829836783
dba80c84-68fd-45b2-ba28-10f10075b239,27cc7537-a40e-47c3-a98f-89dbe78e8cb9,2026-08-16T04:53:01.217000+00:00,2026-08-16T04:53:31.217000+00:00,32.70934522130035,61.57710145518873,17.777320535346433,3.1480829075276606,360.7731291184338,0.55509429426721,8.0,0.0976150090790406,85.95010574984974,0.1925871459789658,682.4927252274143,271.793073623531
dba80c84-68fd-45b2-ba28-10f10075b239,d840a02c-5fc4-4737-90f0-cd5b47cac023,2026-08-15T12:53:01.217000+00:00,2026-08-15T12:53:31.217000+00:00,37.21038532203615,104.32954118664952,12.479513049967458,3.7873369704950046,160.81520262737877,0.97319714845283,8.0,0.1803265125581542,124.27426135415988,0.3072609036503886,605.3054839708094,37.6643593383933
dba80c84-68fd-45b2-ba28-10f10075b239,d840a02c-5fc4-4737-90f0-cd5b47cac023,2026-08-17T06:53:01.217000+00:00,2026-08-17T06:53:31.217000+00:00,11.582945229064816,51.86718212132226,10.123648164109454,3.202105567837841,342.27371459337684,0.4370171813142527,4.0,0.1046087696448248,146.52483797971087,0.2964377136898681,1102.414808696869,29.72361845532712
dba80c84-68fd-45b2-ba28-10f10075b239,05bc7ce0-dbdf-4bb8-babe-c66084786cd0,2026-08-16T16:53:01.217000+00:00,2026-08-16T16:53:31.217000+00:00,20.921610288540364,85.51140011630838,25.39193073353813,4.552285754068704,424.26720850074815,0.7685518732285832,3.0,0.063428369168369,89.66791456956494,0.2082425146544079,883.7463442328167,159.0808034476957
dba80c84-68fd-45b2-ba28-10f10075b239,15fa92b6-bb21-469b-8ebe-486f21886538,2026-08-14T19:53:01.217000+00:00,2026-08-14T19:53:31.217000+00:00,24.06895297478586,105.27193705866688,17.077365737986067,4.219700182736184,109.44900757823764,0.7674518945610945,5.0,0.1255473337140907,137.36223502679735,0.2184979586945438,988.3178164580632,108.37123524936707
dba80c84-68fd-45b2-ba28-10f10075b239,15fa92b6-bb21-469b-8ebe-486f21886538,2026-08-14T22:53:01.217000+00:00,2026-08-14T22:53:31.217000+00:00,24.71088600819442,102.90536232764282,8.507685959732123,3.2509909320906285,323.5747830545812,0.8119345200658402,7.0,0.1120469145698912,113.15049233302632,0.2298507254206953,1161.2005902262936,101.39869599110018
dba80c84-68fd-45b2-ba28-10f10075b239,d840a02c-5fc4-4737-90f0-cd5b47cac023,2026-08-14T16:53:01.217000+00:00,2026-08-14T16:53:31.217000+00:00,28.102684833582103,112.06173860716126,12.670651126200047,5.402878288053499,406.2847600541169,0.7700689170322531,1.0,0.194812045684024,83.43173499407615,0.4115937941576232,757.3009319022692,388.5455632437086
dba80c84-68fd-45b2-ba28-10f10075b239,d840a02c-5fc4-4737-90f0-cd5b47cac023,2026-08-16T03:53:01.217000+00:00,2026-08-16T03:53:31.217000+00:00,28.06232810048485,56.96239526093219,21.01754710921835,4.158876166157345,143.2952961492495,0.874859706485812,2.0,0.1557965461271034,82.33731234498634,0.1045796911855318,740.1290276657501,155.6193723931827
dba80c84-68fd-45b2-ba28-10f10075b239,05bc7ce0-dbdf-4bb8-babe-c66084786cd0,2026-08-15T00:53:01.217000+00:00,2026-08-15T00:53:31.217000+00:00,26.942947437731853,68.08149147804784,28.967905044330003,4.123132912647919,371.9246259474327,0.7086726684150112,4.0,0.1740818242413843,148.6677815984214,0.3211682156855715,1074.1233270040225,88.79763312570165
dba80c84-68fd-45b2-ba28-10f10075b239,27cc7537-a40e-47c3-a98f-89dbe78e8cb9,2026-08-15T07:53:01.217000+00:00,2026-08-15T07:53:31.217000+00:00,36.169191692789866,62.11817026267428,17.429873204448718,4.878032221367805,351.13014575775003,0.4613709538437601,9.0,0.0699014931699748,126.35545866964353,0.2811893720808991,1213.9613965812327,71.9548299352486
dba80c84-68fd-45b2-ba28-10f10075b239,27cc7537-a40e-47c3-a98f-89dbe78e8cb9,2026-08-15T18:53:01.217000+00:00,2026-08-15T18:53:31.217000+00:00,30.711468559930903,71.74971840762007,7.838387098518483,3.0286972121504254,331.5882969456558,0.4768012815746394,6.0,0.1315510823883872,103.91453936527958,0.3982908100117501,1195.768146526941,497.15122945998047
dba80c84-68fd-45b2-ba28-10f10075b239,05bc7ce0-dbdf-4bb8-babe-c66084786cd0,2026-08-14T11:53:01.217000+00:00,2026-08-14T11:53:31.217000+00:00,37.35588640124124,50.44601197888473,11.363399080183532,4.207627608396217,265.07851522047304,0.4034360049410073,2.0,0.14136968269623,139.69971602644029,0.4201551038137464,1251.868141499353,303.37445456017207
dba80c84-68fd-45b2-ba28-10f10075b239,27cc7537-a40e-47c3-a98f-89dbe78e8cb9,2026-08-15T10:53:01.217000+00:00,2026-08-15T10:53:31.217000+00:00,23.99576591396885,59.22438837593815,11.334973091201594,3.359938820421099,249.72402359960464,0.6324494663939186,7.0,0.1565675918576344,106.28684322211208,0.1714679521793001,1376.355354570357,432.99999633533713
dba80c84-68fd-45b2-ba28-10f10075b239,05bc7ce0-dbdf-4bb8-babe-c66084786cd0,2026-08-15T19:53:01.217000+00:00,2026-08-15T19:53:31.217000+00:00,36.1233245657404,81.66240931484836,13.886438881638975,3.890350226387414,294.8349116385963,0.9460873266595502,9.0,0.1810213905001431,89.48660178069969,0.4055324084058272,1275.4665605486912,267.28728427687867
dba80c84-68fd-45b2-ba28-10f10075b239,8ba454a9-5ea9-4382-b9d1-d3842fef3cab,2026-08-14T20:53:01.217000+00:00,2026-08-14T20:53:31.217000+00:00,35.27706259220997,111.81894998284662,26.59997215800433,3.3778036524703694,375.7625651639773,0.108797984216887,9.0,0.055355335964717,129.67106157756032,0.3552851993773086,1070.9793866683067,197.26731230984856
dba80c84-68fd-45b2-ba28-10f10075b239,27cc7537-a40e-47c3-a98f-89dbe78e8cb9,2026-08-15T10:53:01.217000+00:00,2026-08-15T10:53:31.217000+00:00,31.31737298267669,84.58161578390245,15.982346767154096,4.263330393402026,477.77689909780986,0.6530434601694887,0.0,0.156713269428055,117.15136020518798,0.2669804410346712,826.999127101778,314.85367270469186
dba80c84-68fd-45b2-ba28-10f10075b239,d840a02c-5fc4-4737-90f0-cd5b47cac023,2026-08-17T09:53:01.217000+00:00,2026-08-17T09:53:31.217000+00:00,15.357220052622887,56.879502574091184,11.86762325765372,4.410469342625555,338.87987087755937,0.2982986785743651,1.0,0.1520914068701945,135.9725738290175,0.2226518028595171,682.3497064772454,213.41077864345863
dba80c84-68fd-45b2-ba28-10f10075b239,8ba454a9-5ea9-4382-b9d1-d3842fef3cab,2026-08-16T19:53:01.217000+00:00,2026-08-16T19:53:31.217000+00:00,23.874910092464194,73.02843601779571,20.31111758901823,3.777998514200332,395.56419227996247,0.4154333445568617,9.0,0.1746950812985419,83.85982106431582,0.3680288799100292,1101.220994872671,12.496173124212415
dba80c84-68fd-45b2-ba28-10f10075b239,15fa92b6-bb21-469b-8ebe-486f21886538,2026-08-15T13:53:01.217000+00:00,2026-08-15T13:53:31.217000+00:00,20.00393539620231,67.37327505561747,11.048711226839917,5.636507889180811,244.6138808396724,0.8884418518438548,9.0,0.1920853117700928,144.0946934754312,0.2857236817816411,954.3339032290996,495.8192935038442
dba80c84-68fd-45b2-ba28-10f10075b239,27cc7537-a40e-47c3-a98f-89dbe78e8cb9,2026-08-17T05:53:01.217000+00:00,2026-08-17T05:53:31.217000+00:00,19.130065780092863,84.96978112510675,6.850104922519472,3.608095233528754,107.98965654507408,0.6414777659425038,8.0,0.1975565659439335,139.28523155399458,0.2112866183214576,552.6928578731003,331.6559753164639
dba80c84-68fd-45b2-ba28-10f10075b239,27cc7537-a40e-47c3-a98f-89dbe78e8cb9,2026-08-15T12:53:01.217000+00:00,2026-08-15T12:53:31.217000+00:00,26.4411246244045,63.46898596518768,5.750660256785657,3.240926374798448,101.960282310286,0.8959380578030799,8.0,0.0634079635934007,144.1053963487425,0.1408900069804221,611.5613073772506,169.70136678440352
dba80c84-68fd-45b2-ba28-10f10075b239,8ba454a9-5ea9-4382-b9d1-d3842fef3cab,2026-08-14T16:53:01.217000+00:00,2026-08-14T16:53:31.217000+00:00,34.36676631616221,72.0766644858036,5.064849032248429,3.125911342345068,181.6955366059992,0.4850984420880166,0.0,0.1139393534639096,87.4787170510411,0.1631493020152912,1033.01230159769,231.0827548111869
dba80c84-68fd-45b2-ba28-10f10075b239,8ba454a9-5ea9-4382-b9d1-d3842fef3cab,2026-08-15T00:53:01.217000+00:00,2026-08-15T00:53:31.217000+00:00,23.11569928416106,75.75252110539819,10.634819510699613,4.551197080869597,430.6528175519565,0.4529203239153163,3.0,0.1510942767053259,107.37730382613772,0.2097588385028786,686.7812911993212,114.9857170677439
dba80c84-68fd-45b2-ba28-10f10075b239,27cc7537-a40e-47c3-a98f-89dbe78e8cb9,2026-08-15T20:53:01.217000+00:00,2026-08-15T20:53:31.217000+00:00,12.689234285332018,66.0454124714992,6.708432492874499,5.853134510708161,394.5061480828005,0.2619461720784687,9.0,0.1548993016601068,80.94789942119561,0.3186903982528181,550.3706583935473,410.7055169245901
dba80c84-68fd-45b2-ba28-10f10075b239,d840a02c-5fc4-4737-90f0-cd5b47cac023,2026-08-14T16:53:01.217000+00:00,2026-08-14T16:53:31.217000+00:00,26.6572281712682,77.8464332590136,15.762787126046232,3.5797564789235627,200.3055614038468,0.1477453832745887,6.0,0.189758117815308,110.89308721565516,0.4187122930776994,1047.6255094337748,100.7807219696652
dba80c84-68fd-45b2-ba28-10f10075b239,05bc7ce0-dbdf-4bb8-babe-c66084786cd0,2026-08-16T13:53:01.217000+00:00,2026-08-16T13:53:31.217000+00:00,23.50544879474217,116.77102635709925,23.873040532288872,4.034317824180845,365.3777413642707,0.3324151205884375,9.0,0.1800062350077322,130.5268849788415,0.1288533226213626,825.263913477886,374.9903348135704
dba80c84-68fd-45b2-ba28-10f10075b239,05bc7ce0-dbdf-4bb8-babe-c66084786cd0,2026-08-15T15:53:01.217000+00:00,2026-08-15T15:53:31.217000+00:00,17.011894594110842,116.34298765746172,12.729773032480775,5.601499758080855,347.87562510928666,0.9961085195578748,1.0,0.170505146723338,128.36721930239878,0.4487181700766574,952.9592507697588,436.4076380674962
dba80c84-68fd-45b2-ba28-10f10075b239,27cc7537-a40e-47c3-a98f-89dbe78e8cb9,2026-08-16T01:53:01.217000+00:00,2026-08-16T01:53:31.217000+00:00,29.192250255121685,68.22186750340349,12.739831814039013,3.494100370074852,170.73252881589713,0.914487122800166,3.0,0.1295894149876119,88.06476984986763,0.2025133666905165,1255.3591041089976,176.30813771484455
dba80c84-68fd-45b2-ba28-10f10075b239,05bc7ce0-dbdf-4bb8-babe-c66084786cd0,2026-08-16T22:53:01.217000+00:00,2026-08-16T22:53:31.217000+00:00,13.554790743439488,90.72976434828502,27.268240512695805,3.974255885755783,250.9992990213987,0.515043831344728,0.0,0.153748877222073,110.75375753069008,0.3027692411711649,537.6989928124614,155.08118159667677
dba80c84-68fd-45b2-ba28-10f10075b239,8ba454a9-5ea9-4382-b9d1-d3842fef3cab,2026-08-15T10:53:01.217000+00:00,2026-08-15T10:53:31.217000+00:00,28.58081934161701,85.23535872734848,5.261564244993559,5.570628126106249,234.32215041428228,0.5182357899440271,1.0,0.0580590324224035,114.95731251437589,0.1097180966723072,1022.862240657542,127.10399715067388
dba80c84-68fd-45b2-ba28-10f10075b239,8ba454a9-5ea9-4382-b9d1-d3842fef3cab,2026-08-17T02:53:01.217000+00:00,2026-08-17T02:53:31.217000+00:00,33.86362172622314,110.65635063028722,19.803996242989044,5.787315946644721,459.50544256846456,0.4132580805072799,7.0,0.1120381941815868,119.78680861820092,0.2222206401911116,1145.2249130433331,296.06285018535675
dba80c84-68fd-45b2-ba28-10f10075b239,15fa92b6-bb21-469b-8ebe-486f21886538,2026-08-15T19:53:01.217000+00:00,2026-08-15T19:53:31.217000+00:00,28.38155144838704,89.39953665240775,10.411213455280622,3.6188922257185463,282.7588750066413,0.845251710189131,10.0,0.1031618925755072,104.33979108089436,0.1451413870824409,1375.9049533976297,321.2147355197009
dba80c84-68fd-45b2-ba28-10f10075b239,d840a02c-5fc4-4737-90f0-cd5b47cac023,2026-08-15T02:53:01.217000+00:00,2026-08-15T02:53:31.217000+00:00,35.64829839018466,83.50574861388958,18.13350443005064,4.322286125175016,367.4027586626556,0.8124473336529576,5.0,0.1125877667865649,83.12928590653271,0.2280006956418286,1467.8976262214,144.72748732674117
dba80c84-68fd-45b2-ba28-10f10075b239,05bc7ce0-dbdf-4bb8-babe-c66084786cd0,2026-08-16T18:53:01.217000+00:00,2026-08-16T18:53:31.217000+00:00,34.281737539459044,86.0785699809054,10.917886653714223,3.0563141011320227,196.0269593324857,0.1642356712585883,1.0,0.148754270374591,147.0707330761994,0.1952211451960218,559.9831951339064,393.77171670186215
dba80c84-68fd-45b2-ba28-10f10075b239,15fa92b6-bb21-469b-8ebe-486f21886538,2026-08-14T23:53:01.217000+00:00,2026-08-14T23:53:31.217000+00:00,15.503146461445969,104.91719765589426,17.473180324252702,3.2620262778568523,431.3959855425656,0.569549343172592,8.0,0.1997247956219731,80.93957429076553,0.4295987719870774,1453.9209708218125,417.6548760387048
dba80c84-68fd-45b2-ba28-10f10075b239,15fa92b6-bb21-469b-8ebe-486f21886538,2026-08-16T08:53:01.217000+00:00,2026-08-16T08:53:31.217000+00:00,13.897809741694807,116.98195316146736,20.908250174580303,4.483299507441557,164.1060790393591,0.8407982683821391,7.0,0.0644761970957321,116.5262074033297,0.3328986132428536,1054.7898983933485,298.4112131076044
dba80c84-68fd-45b2-ba28-10f10075b239,27cc7537-a40e-47c3-a98f-89dbe78e8cb9,2026-08-15T18:53:01.217000+00:00,2026-08-15T18:53:31.217000+00:00,10.040639217189938,57.52864134112641,26.1356973236362,3.0953721648368857,444.7084181550384,0.8653212389148369,8.0,0.1468686103519729,87.1237546847145,0.2594649108401634,678.0788318239822,302.4700809759717
dba80c84-68fd-45b2-ba28-10f10075b239,d840a02c-5fc4-4737-90f0-cd5b47cac023,2026-08-15T14:53:01.217000+00:00,2026-08-15T14:53:31.217000+00:00,17.827452492706605,59.78353417213102,17.905237165533798,5.508857016862947,474.66265769166216,0.1167277771933481,6.0,0.083017586433986,127.9949742583804,0.4583438743416358,1004.9025112701588,112.36325565386346
dba80c84-68fd-45b2-ba28-10f10075b239,05bc7ce0-dbdf-4bb8-babe-c66084786cd0,2026-08-14T12:53:01.217000+00:00,2026-08-14T12:53:31.217000+00:00,12.32145897898516,99.75781437111291,15.586756087662746,4.600015767941826,109.5394906067298,0.782541839346951,6.0,0.0594078657732448,94.09922643395656,0.4871321861907037,1206.640247746619,415.4997517041065
dba80c84-68fd-45b2-ba28-10f10075b239,8ba454a9-5ea9-4382-b9d1-d3842fef3cab,2026-08-16T03:53:01.217000+00:00,2026-08-16T03:53:31.217000+00:00,25.54969789281082,57.41182404277314,17.87847792777003,3.989373898580636,193.14024114830585,0.3283582952253916,8.0,0.1227954188612425,119.68629245830364,0.1952773339003368,751.181975552517,307.6609443132705
dba80c84-68fd-45b2-ba28-10f10075b239,15fa92b6-bb21-469b-8ebe-486f21886538,2026-08-15T08:53:01.217000+00:00,2026-08-15T08:53:31.217000+00:00,29.41013036415784,64.90349912408519,5.654605148944961,4.297809953078252,337.36505493340144,0.2688986472707837,9.0,0.128245332542144,83.3730552963953,0.16292614877704,534.5059328845545,455.6954250590262
dba80c84-68fd-45b2-ba28-10f10075b239,27cc7537-a40e-47c3-a98f-89dbe78e8cb9,2026-08-14T11:53:01.217000+00:00,2026-08-14T11:53:31.217000+00:00,16.915040719180837,61.412331434980594,18.381920345066696,5.012540062449841,312.4867384648451,0.7970440338447451,6.0,0.0747748575801909,104.70389572182104,0.329286708558111,996.4185112112546,268.9185053245602
dba80c84-68fd-45b2-ba28-10f10075b239,d840a02c-5fc4-4737-90f0-cd5b47cac023,2026-08-14T14:53:01.217000+00:00,2026-08-14T14:53:31.217000+00:00,33.4538661434313,63.54326685339624,11.116048162965452,4.250673523273382,105.85260819561496,0.4919889056927944,0.0,0.1780609631310652,147.47314344609433,0.4843667970781561,828.5180950636125,310.3443223433331
dba80c84-68fd-45b2-ba28-10f10075b239,05bc7ce0-dbdf-4bb8-babe-c66084786cd0,2026-08-15T00:53:01.217000+00:00,2026-08-15T00:53:31.217000+00:00,30.15064687671054,100.63135726995388,13.120222734493154,4.485053088170482,306.8211082292036,0.3929754818639512,9.0,0.1577737851135806,80.11200341630469,0.4322433472590677,1405.1393388764543,475.2299231998896
dba80c84-68fd-45b2-ba28-10f10075b239,15fa92b6-bb21-469b-8ebe-486f21886538,2026-08-16T10:53:01.217000+00:00,2026-08-16T10:53:31.217000+00:00,37.57086694601283,114.74764415034144,24.31955994739685,4.305623391538066,325.2985946648729,0.9029125348874102,9.0,0.0702165258116203,133.39162158438657,0.149239752937937,1013.1032695385796,444.8237953209983
dba80c84-68fd-45b2-ba28-10f10075b239,27cc7537-a40e-47c3-a98f-89dbe78e8cb9,2026-08-14T17:53:01.217000+00:00,2026-08-14T17:53:31.217000+00:00,31.97095201881553,108.6939860179278,25.71182561823093,5.124382987747909,432.8627174712772,0.1927578030564711,3.0,0.08017139736688,127.10568912416628,0.4343258005586115,1089.8352169237703,321.4249681587681
dba80c84-68fd-45b2-ba28-10f10075b239,d840a02c-5fc4-4737-90f0-cd5b47cac023,2026-08-17T07:53:01.217000+00:00,2026-08-17T07:53:31.217000+00:00,33.38209253531464,57.01973100612423,9.400127526210978,4.867045246597325,301.6001103405707,0.9360737044651783,9.0,0.166976948461676,111.79599683455116,0.3258829612044935,1453.5765807537457,298.8896507289437
dba80c84-68fd-45b2-ba28-10f10075b239,8ba454a9-5ea9-4382-b9d1-d3842fef3cab,2026-08-17T05:53:01.217000+00:00,2026-08-17T05:53:31.217000+00:00,37.63637584775846,51.606003740768,12.42449729549806,5.536876603457925,430.91228024586286,0.9576352741091152,3.0,0.0584732642442349,82.08957848615752,0.2748018975961325,986.1789699426804,293.861170365333
dba80c84-68fd-45b2-ba28-10f10075b239,15fa92b6-bb21-469b-8ebe-486f21886538,2026-08-15T09:53:01.217000+00:00,2026-08-15T09:53:31.217000+00:00,36.68993051002738,105.52816557812604,6.20110052429514,4.422846005052649,430.0564106626936,0.9556948925192504,5.0,0.0605856456308703,98.81526437866071,0.2871115512176401,779.6297509575807,454.0636725540775
dba80c84-68fd-45b2-ba28-10f10075b239,15fa92b6-bb21-469b-8ebe-486f21886538,2026-08-14T21:53:01.217000+00:00,2026-08-14T21:53:31.217000+00:00,22.64525918225745,76.34272059752918,15.52814330438796,5.159159376635469,359.2676187728938,0.4568492082968165,8.0,0.0681222288631155,98.92195273706722,0.1916959723617308,934.9062597040974,472.1378508507366
dba80c84-68fd-45b2-ba28-10f10075b239,27cc7537-a40e-47c3-a98f-89dbe78e8cb9,2026-08-17T02:53:01.217000+00:00,2026-08-17T02:53:31.217000+00:00,13.179302252511803,107.93065098259356,14.091312568622085,3.046192196621912,404.4996959731558,0.7208495627746162,0.0,0.058622234022842,118.6622740208826,0.1689220035106597,1042.753796187103,487.6965639508993
dba80c84-68fd-45b2-ba28-10f10075b239,27cc7537-a40e-47c3-a98f-89dbe78e8cb9,2026-08-14T23:53:01.217000+00:00,2026-08-14T23:53:31.217000+00:00,26.967478501780867,59.44520792194034,28.39155288764684,5.724977592535742,232.15695255265868,0.302264210473507,2.0,0.1094650662318705,106.32604184177224,0.3285723498611481,721.6516426157881,181.6561238981644
dba80c84-68fd-45b2-ba28-10f10075b239,f3535aac-a602-48a9-8b38-38b3526dfb00,1970-01-01T00:00:35.387000+00:00,1970-01-01T00:01:05.646000+00:00,0.0,0.0,0.0,0.0,2.4962,0.221406,0.0,0.47036,0.0,0.229322,3.0192,0.0
dba80c84-68fd-45b2-ba28-10f10075b239,f3535aac-a602-48a9-8b38-38b3526dfb00,1970-01-01T00:01:35.642000+00:00,1970-01-01T00:02:05.388000+00:00,0.0,0.0,0.0,0.0,1.9315,0.014013,0.0,0.659319,0.0,0.280169,1.5896,400.0
dba80c84-68fd-45b2-ba28-10f10075b239,f3535aac-a602-48a9-8b38-38b3526dfb00,1970-01-01T00:02:05.388000+00:00,1970-01-01T00:02:35.393000+00:00,0.0,0.0,0.0,0.0,0.0,0.0,0.0,0.0,0.0,0.0,0.0,3028.0
dba80c84-68fd-45b2-ba28-10f10075b239,f3535aac-a602-48a9-8b38-38b3526dfb00,1970-01-01T00:06:05.391000+00:00,1970-01-01T00:06:35.394000+00:00,0.0,0.0,0.0,0.0,1.5023,0.013405,0.0,0.274257,0.0,0.214911,0.9412,0.0
dba80c84-68fd-45b2-ba28-10f10075b239,f3535aac-a602-48a9-8b38-38b3526dfb00,1970-01-01T00:06:35.394000+00:00,1970-01-01T00:07:05.399000+00:00,0.0,0.0,0.0,0.0,1.0307,0.011494,3.0,0.472297,0.0,0.269492,0.4809,1908.0
dba80c84-68fd-45b2-ba28-10f10075b239,f3535aac-a602-48a9-8b38-38b3526dfb00,1970-01-01T00:07:05.399000+00:00,1970-01-01T00:07:35.395000+00:00,0.0,0.0,0.0,0.0,1.0514,0.023609,1.0,0.680943,0.0,0.386926,0.9732,1570.0
dba80c84-68fd-45b2-ba28-10f10075b239,f3535aac-a602-48a9-8b38-38b3526dfb00,1970-01-01T00:08:05.389000+00:00,1970-01-01T00:08:35.638000+00:00,0.0,0.0,0.0,0.0,0.0,0.0,0.0,0.0,0.0,0.0,0.0,0.0
dba80c84-68fd-45b2-ba28-10f10075b239,f3535aac-a602-48a9-8b38-38b3526dfb00,1970-01-01T00:08:35.638000+00:00,1970-01-01T00:09:05.651000+00:00,0.0,0.0,0.0,0.0,2.4488,0.040042,0.0,0.712027,0.0,0.352405,2.7343,0.0
dba80c84-68fd-45b2-ba28-10f10075b239,f3535aac-a602-48a9-8b38-38b3526dfb00,1970-01-01T00:10:48.653000+00:00,1970-01-01T00:11:05.388000+00:00,0.0,0.0,0.0,0.0,1.08,0.033185,1.0,0.19515,0.0,0.164245,0.74,0.0
dba80c84-68fd-45b2-ba28-10f10075b239,f3535aac-a602-48a9-8b38-38b3526dfb00,1970-01-01T00:11:05.388000+00:00,1970-01-01T00:11:35.401000+00:00,0.0,0.0,0.0,0.0,1.5097,0.032148,5.0,0.494526,0.0,0.329931,1.0818,2867.0
dba80c84-68fd-45b2-ba28-10f10075b239,f3535aac-a602-48a9-8b38-38b3526dfb00,1970-01-01T00:11:35.401000+00:00,1970-01-01T00:12:05.645000+00:00,239.59,532.3,423.5,0.26,1.3801,0.025294,5.0,0.606135,187.5,0.388505,1.102,3771.0
dba80c84-68fd-45b2-ba28-10f10075b239,f3535aac-a602-48a9-8b38-38b3526dfb00,1970-01-01T00:12:05.645000+00:00,1970-01-01T00:12:35.642000+00:00,0.0,0.0,0.0,0.0,1.0685,0.018092,7.0,0.580577,0.0,0.3338,0.7832,2408.0
dba80c84-68fd-45b2-ba28-10f10075b239,f3535aac-a602-48a9-8b38-38b3526dfb00,1970-01-01T00:12:35.642000+00:00,1970-01-01T00:13:05.394000+00:00,0.0,0.0,0.0,0.0,1.6228,0.038754,4.0,0.839047,0.0,0.357282,1.4413,2131.0
dba80c84-68fd-45b2-ba28-10f10075b239,f3535aac-a602-48a9-8b38-38b3526dfb00,1970-01-01T00:13:05.394000+00:00,1970-01-01T00:13:35.390000+00:00,25.7,768.34,758.72,0.27,1.1929,0.018154,6.0,0.469846,127.63,0.334379,0.8093,934.0
dba80c84-68fd-45b2-ba28-10f10075b239,8dec00b7-651f-4f45-8159-64f6f5015822,1970-01-01T00:01:11.570000+00:00,1970-01-01T00:01:41.579000+00:00,0.0,0.0,0.0,0.0,1.7546,0.032255,0.0,0.788259,0.0,0.495167,1.5182,226.0
dba80c84-68fd-45b2-ba28-10f10075b239,8dec00b7-651f-4f45-8159-64f6f5015822,1970-01-01T00:01:41.579000+00:00,1970-01-01T00:02:11.573000+00:00,0.0,0.0,0.0,0.0,1.3102,0.022559,4.0,0.601795,0.0,0.407256,0.8929,1722.0
dba80c84-68fd-45b2-ba28-10f10075b239,db6f35ed-6b4e-48c7-b48b-16ee244855bf,1970-01-01T00:02:55.559000+00:00,1970-01-01T00:03:25.567000+00:00,0.0,0.0,0.0,0.0,1.0364,0.019193,0.0,0.326628,0.0,0.230741,1.1839,1.0
dba80c84-68fd-45b2-ba28-10f10075b239,db6f35ed-6b4e-48c7-b48b-16ee244855bf,1970-01-01T00:03:25.567000+00:00,1970-01-01T00:03:55.561000+00:00,0.0,0.0,0.0,0.0,2.6289,0.051398,0.0,0.660945,0.0,0.22873,2.3156,0.0
dba80c84-68fd-45b2-ba28-10f10075b239,db6f35ed-6b4e-48c7-b48b-16ee244855bf,1970-01-01T00:03:55.561000+00:00,1970-01-01T00:04:25.987000+00:00,0.0,0.0,0.0,0.0,2.2295,0.029773,0.0,0.730353,0.0,0.451379,1.8323,0.0
dba80c84-68fd-45b2-ba28-10f10075b239,db6f35ed-6b4e-48c7-b48b-16ee244855bf,1970-01-01T00:11:25.562000+00:00,1970-01-01T00:11:55.563000+00:00,995.1,2000.0,0.0,0.07,0.0,0.0,0.0,0.0,1004.9,0.0,0.0,0.0
dba80c84-68fd-45b2-ba28-10f10075b239,e361373e-1e90-4e5b-8754-8723673796d6,1970-01-01T00:17:18.409000+00:00,1970-01-01T00:17:48.412000+00:00,0.0,0.0,0.0,0.0,0.7011,0.009399,1.0,0.467346,0.0,0.298453,0.6197,288.0
dba80c84-68fd-45b2-ba28-10f10075b239,e361373e-1e90-4e5b-8754-8723673796d6,1970-01-01T00:17:48.412000+00:00,1970-01-01T00:18:18.417000+00:00,0.0,0.0,0.0,0.0,0.9548,0.007248,2.0,0.692366,0.0,0.48731,0.5709,1197.0
dba80c84-68fd-45b2-ba28-10f10075b239,e361373e-1e90-4e5b-8754-8723673796d6,1970-01-01T00:18:18.417000+00:00,1970-01-01T00:18:48.420000+00:00,0.0,0.0,0.0,0.0,1.31,0.021454,0.0,0.690429,0.0,0.483718,0.9621,1958.0
dba80c84-68fd-45b2-ba28-10f10075b239,e361373e-1e90-4e5b-8754-8723673796d6,1970-01-01T00:18:48.420000+00:00,1970-01-01T00:19:18.419000+00:00,0.0,0.0,0.0,0.0,1.3328,0.016568,1.0,0.666052,0.0,0.577858,1.3357,0.0
dba80c84-68fd-45b2-ba28-10f10075b239,e361373e-1e90-4e5b-8754-8723673796d6,1970-01-01T00:19:18.419000+00:00,1970-01-01T00:19:48.416000+00:00,0.0,0.0,0.0,0.0,1.9401,0.046425,0.0,0.780138,0.0,0.967115,0.7988,0.0
dba80c84-68fd-45b2-ba28-10f10075b239,e361373e-1e90-4e5b-8754-8723673796d6,1970-01-01T00:20:18.416000+00:00,1970-01-01T00:20:48.920000+00:00,0.0,0.0,0.0,0.0,1.7905,0.051786,0.0,0.404142,0.0,0.274136,2.0482,0.0
dba80c84-68fd-45b2-ba28-10f10075b239,e361373e-1e90-4e5b-8754-8723673796d6,1970-01-01T00:25:48.421000+00:00,1970-01-01T00:26:18.920000+00:00,0.0,0.0,0.0,0.0,0.4499,0.02216,0.0,0.043667,0.0,0.15797,1.7634,0.0
dba80c84-68fd-45b2-ba28-10f10075b239,9bff92a1-dd3a-448a-8302-4bf76d6ddc6b,1970-01-01T00:00:09.888000+00:00,1970-01-01T00:00:40.537000+00:00,0.0,0.0,0.0,0.0,1.3492,0.029841,0.0,0.719353,0.0,0.37673,1.3024,0.0
dba80c84-68fd-45b2-ba28-10f10075b239,9bff92a1-dd3a-448a-8302-4bf76d6ddc6b,1970-01-01T00:02:02.538000+00:00,1970-01-01T00:02:09.888000+00:00,0.0,0.0,0.0,0.0,2.1069,0.026576,0.0,0.691823,0.0,0.424939,2.6615,0.0
dba80c84-68fd-45b2-ba28-10f10075b239,9bff92a1-dd3a-448a-8302-4bf76d6ddc6b,1970-01-01T00:00:01.512000+00:00,1970-01-01T00:00:31.522000+00:00,229.04,416.61,438.44,0.53,1.3459,0.021777,6.0,0.605367,170.29,0.29252,1.1428,4889.0
dba80c84-68fd-45b2-ba28-10f10075b239,9bff92a1-dd3a-448a-8302-4bf76d6ddc6b,1970-01-01T00:00:31.522000+00:00,1970-01-01T00:01:01.519000+00:00,213.92,403.24,463.97,0.5,1.3671,0.021537,11.0,0.557776,189.08,0.320687,0.9853,2892.0
468f03a2-d7c9-4701-abf8-bb2c692f696b,e68dfd83-bb44-4626-993b-3362cea449d9,1970-01-01T00:00:03.207000+00:00,1970-01-01T00:00:33.219000+00:00,40.2,135.4,0.0,0.07,0.904,0.07434,8.0,0.484571,95.0,0.34111,0.7281,2271.11
468f03a2-d7c9-4701-abf8-bb2c692f696b,942fb1bf-f729-4da0-8e08-d14095bcdfcf,1970-01-01T00:00:12.020000+00:00,1970-01-01T00:00:42.024000+00:00,0.0,0.0,0.0,0.0,2.6387,0.05025,0.0,0.554748,0.0,0.228363,2.659,0.0
468f03a2-d7c9-4701-abf8-bb2c692f696b,942fb1bf-f729-4da0-8e08-d14095bcdfcf,1970-01-01T00:00:42.024000+00:00,1970-01-01T00:01:12.028000+00:00,0.0,0.0,0.0,0.0,1.8244,0.032665,3.0,0.645369,0.0,0.327637,1.2788,0.0
468f03a2-d7c9-4701-abf8-bb2c692f696b,942fb1bf-f729-4da0-8e08-d14095bcdfcf,1970-01-01T00:01:12.028000+00:00,1970-01-01T00:01:42.028000+00:00,0.0,0.0,0.0,0.0,2.1232,0.036228,3.0,0.54242,0.0,0.242913,1.9114,0.0
468f03a2-d7c9-4701-abf8-bb2c692f696b,942fb1bf-f729-4da0-8e08-d14095bcdfcf,1970-01-01T00:01:42.028000+00:00,1970-01-01T00:02:12.022000+00:00,0.0,0.0,0.0,0.0,1.5086,0.152561,3.0,0.397443,0.0,0.315813,1.2273,0.0
468f03a2-d7c9-4701-abf8-bb2c692f696b,942fb1bf-f729-4da0-8e08-d14095bcdfcf,1970-01-01T00:02:12.022000+00:00,1970-01-01T00:02:42.455000+00:00,0.0,0.0,0.0,0.0,0.9852,0.059691,1.0,0.387279,0.0,0.210664,1.1082,0.0
468f03a2-d7c9-4701-abf8-bb2c692f696b,942fb1bf-f729-4da0-8e08-d14095bcdfcf,1970-01-01T00:15:00.688000+00:00,1970-01-01T00:15:12.448000+00:00,0.0,0.0,0.0,0.0,2.1968,0.039326,0.0,0.546537,0.0,0.324274,1.8483,0.0
468f03a2-d7c9-4701-abf8-bb2c692f696b,4328e952-1400-491c-b111-e77ab6ac9320,1970-01-01T00:12:38.987000+00:00,1970-01-01T00:13:09.004000+00:00,0.0,0.0,0.0,0.0,1.1948,0.02528,0.0,0.567523,0.0,0.250161,1.5707,0.0
468f03a2-d7c9-4701-abf8-bb2c692f696b,6ae6b1ad-3ebd-4091-9109-dc16551befc8,1970-01-01T00:18:33.415000+00:00,1970-01-01T00:18:38.997000+00:00,0.0,0.0,0.0,0.0,2.3218,0.041944,0.0,1.150361,0.0,0.536457,3.535,0.0
468f03a2-d7c9-4701-abf8-bb2c692f696b,6ae6b1ad-3ebd-4091-9109-dc16551befc8,1970-01-01T00:20:38.986000+00:00,1970-01-01T00:21:08.999000+00:00,0.0,0.0,0.0,0.0,0.758,0.014025,0.0,0.673258,0.0,0.219398,1.1233,0.0
468f03a2-d7c9-4701-abf8-bb2c692f696b,6ae6b1ad-3ebd-4091-9109-dc16551befc8,1970-01-01T00:25:08.999000+00:00,1970-01-01T00:25:38.997000+00:00,0.0,0.0,0.0,0.0,2.6741,0.02491,0.0,0.52627,0.0,0.242095,2.4247,0.0
468f03a2-d7c9-4701-abf8-bb2c692f696b,6ae6b1ad-3ebd-4091-9109-dc16551befc8,1970-01-01T00:28:38.997000+00:00,1970-01-01T00:29:08.984000+00:00,0.0,0.0,0.0,0.0,2.9779,0.036358,0.0,0.853111,0.0,0.534878,2.1335,0.0
468f03a2-d7c9-4701-abf8-bb2c692f696b,1b8db34d-f938-4d87-b78e-315476e05b56,1970-01-01T00:29:08.984000+00:00,1970-01-01T00:29:38.111000+00:00,29.1,94.8,0.0,0.07,2.0087,0.054238,2.0,0.454982,65.3,0.309125,1.2606,0.0
468f03a2-d7c9-4701-abf8-bb2c692f696b,f434e8b4-c562-4c95-8413-8ee6bed06cb2,1970-01-01T00:00:01.696000+00:00,1970-01-01T00:00:31.708000+00:00,45.09,710.96,611.91,0.77,2.1943,0.025725,5.0,0.61853,173.13,0.327773,1.2489,0.0
468f03a2-d7c9-4701-abf8-bb2c692f696b,892182e1-215c-4a77-bb62-02b4c7028887,2026-08-16T09:52:58.211000+00:00,2026-08-16T09:53:28.211000+00:00,16.188274243097503,101.19355841627356,9.991921087352782,5.986004757906803,309.63823960907445,0.6480034510024926,8.0,0.1805916994820753,137.73641979449394,0.1494526106585693,743.8420719095153,40.780698508532
468f03a2-d7c9-4701-abf8-bb2c692f696b,bed84938-5c26-4776-a5c1-dfafb616181c,2026-08-15T04:52:58.211000+00:00,2026-08-15T04:53:28.211000+00:00,25.22495278001737,94.36447272202894,14.694314899739972,3.877624706137575,275.98793784338045,0.5405725543119647,2.0,0.1685289720421473,96.85540003211489,0.2354227030182841,1333.9436961517642,33.648023901844184
468f03a2-d7c9-4701-abf8-bb2c692f696b,bed84938-5c26-4776-a5c1-dfafb616181c,2026-08-17T04:52:58.211000+00:00,2026-08-17T04:53:28.211000+00:00,11.69577619093237,78.98827421161668,29.940450699267323,4.292730681158815,176.38370522468705,0.1948071360526098,0.0,0.1671788262120822,115.81986591261683,0.4734294661096636,672.909347092579,91.35160125989832
468f03a2-d7c9-4701-abf8-bb2c692f696b,e3b1241c-dc36-4812-ba05-47cbf46120c8,2026-08-14T21:52:58.211000+00:00,2026-08-14T21:53:28.211000+00:00,33.75722337322864,61.08160128347929,27.65140725016228,4.886945491559025,263.42881320871504,0.6385586371844284,6.0,0.1741811694859344,112.44544285583092,0.2046922794019942,1023.7147774589552,252.0593495168351
468f03a2-d7c9-4701-abf8-bb2c692f696b,892182e1-215c-4a77-bb62-02b4c7028887,2026-08-14T22:52:58.211000+00:00,2026-08-14T22:53:28.211000+00:00,21.783831057902475,64.42095198944156,23.004926899187275,5.099212983725468,282.7785069259401,0.8704724627883199,10.0,0.0594849743421054,106.29696405738324,0.3872309500318417,1330.7203341415734,267.4555529045899
468f03a2-d7c9-4701-abf8-bb2c692f696b,892182e1-215c-4a77-bb62-02b4c7028887,2026-08-14T12:52:58.211000+00:00,2026-08-14T12:53:28.211000+00:00,31.716932216428216,90.503591343596,18.30442266100583,5.456534436533759,308.94412261291615,0.9839925237191758,9.0,0.184189258863709,91.48880406735566,0.4858827809250113,529.9351566117474,216.90508406059143
468f03a2-d7c9-4701-abf8-bb2c692f696b,c565b9ef-2cbb-424c-970f-c61fd2e45677,2026-08-16T05:52:58.211000+00:00,2026-08-16T05:53:28.211000+00:00,39.81520301672437,88.72473186830621,9.770658654690084,3.69253220433166,127.61290790227008,0.4768444739024156,9.0,0.1241541293088443,108.47179139672622,0.4932324355489778,1273.1115324076436,390.1495589293519
468f03a2-d7c9-4701-abf8-bb2c692f696b,e3b1241c-dc36-4812-ba05-47cbf46120c8,2026-08-16T11:52:58.211000+00:00,2026-08-16T11:53:28.211000+00:00,28.72476482793304,103.9188487965535,6.696732541904266,5.488409359197748,333.77330560366806,0.2903554010395731,5.0,0.1654699080059787,87.10305869901407,0.4403597567489962,1449.165429848773,357.07198790890703
468f03a2-d7c9-4701-abf8-bb2c692f696b,c565b9ef-2cbb-424c-970f-c61fd2e45677,2026-08-15T09:52:58.211000+00:00,2026-08-15T09:53:28.211000+00:00,17.224378167061236,59.38496595423206,25.184077795227907,5.133990598154565,229.87859106696632,0.1205765844513015,8.0,0.0578696739821237,131.54295646042297,0.3558555278933151,1391.9111365373565,329.8984921323876
468f03a2-d7c9-4701-abf8-bb2c692f696b,a245bcdd-43a0-45f4-9fb9-96b30280020e,2026-08-15T19:52:58.211000+00:00,2026-08-15T19:53:28.211000+00:00,14.660928593901412,116.73761366661807,15.640120888304622,3.868013146304064,449.5195887568125,0.1333967819975892,1.0,0.1277071639530659,140.29932497990848,0.2088959252984182,679.460317721591,97.04495324395546
468f03a2-d7c9-4701-abf8-bb2c692f696b,e3b1241c-dc36-4812-ba05-47cbf46120c8,2026-08-16T05:52:58.211000+00:00,2026-08-16T05:53:28.211000+00:00,19.45265312376145,91.82141892331376,19.41758529319061,5.764897830586797,424.2935556772921,0.3656448418624923,3.0,0.1682602504546421,147.38102551054533,0.4320762962493906,1469.654912445788,275.8245376013828
468f03a2-d7c9-4701-abf8-bb2c692f696b,892182e1-215c-4a77-bb62-02b4c7028887,2026-08-15T14:52:58.211000+00:00,2026-08-15T14:53:28.211000+00:00,38.62490595317951,97.48362532571116,17.0563955483438,4.517128624621831,141.68203259927154,0.4932562145736786,0.0,0.1863220219527528,135.39156452902006,0.3743713272836401,529.8684509134081,411.0253825417968
468f03a2-d7c9-4701-abf8-bb2c692f696b,c565b9ef-2cbb-424c-970f-c61fd2e45677,2026-08-17T09:52:58.211000+00:00,2026-08-17T09:53:28.211000+00:00,24.91250909178737,96.31054470573083,9.390384061515364,3.6710285097930058,239.8477294460101,0.2509436693122484,0.0,0.0521611948937002,147.54165261634762,0.1226493963220099,720.9891900710163,202.10266566708108
468f03a2-d7c9-4701-abf8-bb2c692f696b,a245bcdd-43a0-45f4-9fb9-96b30280020e,2026-08-14T12:52:58.211000+00:00,2026-08-14T12:53:28.211000+00:00,21.6664785392123,79.26316087363374,14.75889547733632,3.0800787859198606,108.9271476950707,0.3033861718316299,3.0,0.1087090575735064,146.15187242163805,0.3140459701447062,1031.497430718782,84.49237119084741
468f03a2-d7c9-4701-abf8-bb2c692f696b,a245bcdd-43a0-45f4-9fb9-96b30280020e,2026-08-15T06:52:58.211000+00:00,2026-08-15T06:53:28.211000+00:00,13.437156453822736,107.68243072399709,5.327308408652641,4.19113183245209,139.24652795698492,0.6803413817658797,3.0,0.1617765074746391,102.36047975367056,0.2642218386148039,1132.4408890757788,180.67446385552788
468f03a2-d7c9-4701-abf8-bb2c692f696b,bed84938-5c26-4776-a5c1-dfafb616181c,2026-08-16T22:52:58.211000+00:00,2026-08-16T22:53:28.211000+00:00,30.451014488351685,60.40462431348459,14.510061188596357,4.910444798045589,108.74771196448138,0.8558752625464223,10.0,0.1254925140316398,122.15684617050287,0.4858261809182395,1374.001452199101,416.7184900567102
468f03a2-d7c9-4701-abf8-bb2c692f696b,e3b1241c-dc36-4812-ba05-47cbf46120c8,2026-08-14T18:52:58.211000+00:00,2026-08-14T18:53:28.211000+00:00,39.37260724609082,85.6506259943205,5.764841994433127,5.9096769289068805,487.22390341895465,0.2089063409694805,9.0,0.1613962171232503,149.8122283201144,0.4800463972112677,1199.2001303924246,65.1022724690823
468f03a2-d7c9-4701-abf8-bb2c692f696b,892182e1-215c-4a77-bb62-02b4c7028887,2026-08-16T23:52:58.211000+00:00,2026-08-16T23:53:28.211000+00:00,30.98569673627553,95.65531614508114,24.91255221839857,3.107941659959081,273.12811914540214,0.3908498600113701,5.0,0.1949630386783744,134.23746179093447,0.1498926834129485,1268.4852344137903,372.85996597036655
468f03a2-d7c9-4701-abf8-bb2c692f696b,892182e1-215c-4a77-bb62-02b4c7028887,2026-08-15T05:52:58.211000+00:00,2026-08-15T05:53:28.211000+00:00,35.66181349584133,62.70019858253912,25.137744620222715,4.471470079959807,110.19384522891662,0.1785174165071336,4.0,0.123164803758911,120.54399022238368,0.1781032920985912,1311.456385046472,72.50872864735774
468f03a2-d7c9-4701-abf8-bb2c692f696b,a245bcdd-43a0-45f4-9fb9-96b30280020e,2026-08-16T00:52:58.211000+00:00,2026-08-16T00:53:28.211000+00:00,14.706995362424204,52.20460973234995,22.336460705070287,3.916182327285629,145.76426385621613,0.9113900221491972,7.0,0.0727077694045989,134.2202287348714,0.2459056470520343,852.298393984717,488.0730139526863
468f03a2-d7c9-4701-abf8-bb2c692f696b,a245bcdd-43a0-45f4-9fb9-96b30280020e,2026-08-14T18:52:58.211000+00:00,2026-08-14T18:53:28.211000+00:00,29.334250545301103,67.1103563122762,23.920097452627285,5.534055898216286,416.9990803679103,0.5795917110165344,1.0,0.1696158672508462,117.16367951162744,0.2247743502191823,1021.8321220213058,458.8813695957208
468f03a2-d7c9-4701-abf8-bb2c692f696b,e3b1241c-dc36-4812-ba05-47cbf46120c8,2026-08-14T19:52:58.211000+00:00,2026-08-14T19:53:28.211000+00:00,25.971538712597216,53.291211752920574,16.873734649583376,4.643126693788132,219.8602656358924,0.8525116425484489,10.0,0.1367000013057332,118.97644724567992,0.1223998601065629,572.1126749437865,178.64588516330122
468f03a2-d7c9-4701-abf8-bb2c692f696b,892182e1-215c-4a77-bb62-02b4c7028887,2026-08-17T00:52:58.211000+00:00,2026-08-17T00:53:28.211000+00:00,32.22710522411184,118.98257098921862,23.227356257268333,3.5466083094463707,390.3319501901498,0.4803833894663322,10.0,0.1079827552293713,122.0038064557244,0.2955286752848718,645.7215408957817,406.1225944711181
468f03a2-d7c9-4701-abf8-bb2c692f696b,bed84938-5c26-4776-a5c1-dfafb616181c,2026-08-16T17:52:58.211000+00:00,2026-08-16T17:53:28.211000+00:00,11.31161524358142,79.59750536969854,15.051514633066954,3.391613620466848,359.9247981949126,0.7288395163057083,10.0,0.0746350201667374,129.663070615798,0.231682995756308,1340.4001106962305,422.2908765116336
468f03a2-d7c9-4701-abf8-bb2c692f696b,bed84938-5c26-4776-a5c1-dfafb616181c,2026-08-15T11:52:58.211000+00:00,2026-08-15T11:53:28.211000+00:00,10.560910163472448,71.03755187755662,10.439534682141757,3.752463261632036,471.47263190873895,0.9226263964390228,8.0,0.073447417556672,121.45849885120282,0.2316388879457387,841.2093354566972,64.63974040204579
468f03a2-d7c9-4701-abf8-bb2c692f696b,e3b1241c-dc36-4812-ba05-47cbf46120c8,2026-08-16T14:52:58.211000+00:00,2026-08-16T14:53:28.211000+00:00,18.192282804254603,92.97002496499528,21.29298938752118,5.003174439423512,489.0431740407508,0.1533125739549514,4.0,0.1585529450911899,101.7229615547452,0.1242660175872373,617.311085746235,129.24018102735187
468f03a2-d7c9-4701-abf8-bb2c692f696b,c565b9ef-2cbb-424c-970f-c61fd2e45677,2026-08-14T20:52:58.211000+00:00,2026-08-14T20:53:28.211000+00:00,17.929467419004666,113.04570075577558,10.487965199735406,5.376014201212595,440.7121070658269,0.5489172063690702,7.0,0.1743876282483896,104.89873980593492,0.3538651793329269,526.6856765959235,347.08010020116785
468f03a2-d7c9-4701-abf8-bb2c692f696b,bed84938-5c26-4776-a5c1-dfafb616181c,2026-08-17T01:52:58.211000+00:00,2026-08-17T01:53:28.211000+00:00,20.22899641398945,78.62262329063714,17.38068874318901,3.5552973459979573,313.91322516130845,0.1786565732965747,4.0,0.0533075065872966,90.13555710947588,0.2755132357052497,731.6433149901864,383.3008810906217
468f03a2-d7c9-4701-abf8-bb2c692f696b,c565b9ef-2cbb-424c-970f-c61fd2e45677,2026-08-15T20:52:58.211000+00:00,2026-08-15T20:53:28.211000+00:00,27.1257227935741,58.30835767640279,12.520300823650423,3.5648874437210294,228.98198442206285,0.2232158842465253,9.0,0.0510160666476325,135.5414354991397,0.3929336717384941,677.5615813675364,87.49245208356598
468f03a2-d7c9-4701-abf8-bb2c692f696b,c565b9ef-2cbb-424c-970f-c61fd2e45677,2026-08-14T13:52:58.211000+00:00,2026-08-14T13:53:28.211000+00:00,16.55809325522145,86.3928006924371,26.65303884260327,3.7156265465865417,403.73153436325407,0.9907148864375278,6.0,0.0561575479292474,112.10830452953992,0.3376366252080943,559.1355864969121,40.14727694954368
468f03a2-d7c9-4701-abf8-bb2c692f696b,c565b9ef-2cbb-424c-970f-c61fd2e45677,2026-08-15T15:52:58.211000+00:00,2026-08-15T15:53:28.211000+00:00,27.53776283999533,68.02391712269144,18.75734529922375,4.84050964514806,369.9686928292462,0.311519459999071,4.0,0.1585014577330247,97.9700967327087,0.2016722444934086,535.7773443332607,194.90080604916832
468f03a2-d7c9-4701-abf8-bb2c692f696b,e3b1241c-dc36-4812-ba05-47cbf46120c8,2026-08-16T10:52:58.211000+00:00,2026-08-16T10:53:28.211000+00:00,33.803187599394434,58.672806779547386,12.5411209672904,5.897590485630763,261.15701773373894,0.8953288365099265,8.0,0.1686749173309926,102.7565276230562,0.2097007642480897,1051.5341546919922,493.14556893821606
468f03a2-d7c9-4701-abf8-bb2c692f696b,e3b1241c-dc36-4812-ba05-47cbf46120c8,2026-08-17T04:52:58.211000+00:00,2026-08-17T04:53:28.211000+00:00,31.79691736431685,50.48108564873139,15.419678194065565,3.1961268415754667,140.26936723767508,0.1384177046545646,6.0,0.091686582771848,144.2851167217767,0.3149661885136059,1215.6271133576813,67.81226368493243
468f03a2-d7c9-4701-abf8-bb2c692f696b,e3b1241c-dc36-4812-ba05-47cbf46120c8,2026-08-15T11:52:58.211000+00:00,2026-08-15T11:53:28.211000+00:00,11.97077791188338,83.82039285622076,21.72715269838462,3.430216027437574,213.61632798783324,0.2208677477933118,4.0,0.1106257092684726,123.17022284176934,0.3039275754184988,923.44819068095,119.5624207422551
468f03a2-d7c9-4701-abf8-bb2c692f696b,c565b9ef-2cbb-424c-970f-c61fd2e45677,2026-08-16T00:52:58.211000+00:00,2026-08-16T00:53:28.211000+00:00,25.164258696942102,65.25964992229343,13.4991297959277,5.83058960498128,203.07391568103824,0.988749078508972,8.0,0.062218917438429,87.60221081066001,0.2655513483992971,1177.5794138347485,31.23707407286308
468f03a2-d7c9-4701-abf8-bb2c692f696b,bed84938-5c26-4776-a5c1-dfafb616181c,2026-08-17T08:52:58.211000+00:00,2026-08-17T08:53:28.211000+00:00,20.654395836856885,51.610870295419886,17.861259615929413,5.614620460058613,138.38836940621377,0.2603703583574276,1.0,0.1111827219411769,148.3618066685851,0.4236026561387541,1105.5380086651217,321.6915828129643
468f03a2-d7c9-4701-abf8-bb2c692f696b,bed84938-5c26-4776-a5c1-dfafb616181c,2026-08-15T01:52:58.211000+00:00,2026-08-15T01:53:28.211000+00:00,26.3322844377166,62.2350051699772,21.275373201425527,3.232703551611438,164.69201326551683,0.2212866362222463,4.0,0.0554358225349526,92.96159575845306,0.104067493296221,1148.3726671959366,401.713714225249
468f03a2-d7c9-4701-abf8-bb2c692f696b,e3b1241c-dc36-4812-ba05-47cbf46120c8,2026-08-14T20:52:58.211000+00:00,2026-08-14T20:53:28.211000+00:00,10.074956035062332,64.1870633373162,25.58316300192766,4.754432122898656,347.4581343556642,0.3936133102318548,4.0,0.1546877221183548,99.67604298593888,0.4739256002942068,1273.528037866885,185.79233745360068
468f03a2-d7c9-4701-abf8-bb2c692f696b,892182e1-215c-4a77-bb62-02b4c7028887,2026-08-14T14:52:58.211000+00:00,2026-08-14T14:53:28.211000+00:00,35.417946601057025,73.73158655011129,27.66147118143803,5.280939080229572,295.21308677221043,0.8890871398819535,8.0,0.191667843017106,98.79393222164848,0.4213634593322624,556.761373540256,66.70193309596768
468f03a2-d7c9-4701-abf8-bb2c692f696b,bed84938-5c26-4776-a5c1-dfafb616181c,2026-08-16T23:52:58.211000+00:00,2026-08-16T23:53:28.211000+00:00,23.950225470610334,69.89634199812858,23.993556521289907,3.121542490966049,314.6406691644687,0.1867191679870495,6.0,0.1432221001879509,105.46829560573973,0.4391938851613209,1284.5706199240803,483.0065119695678
468f03a2-d7c9-4701-abf8-bb2c692f696b,a245bcdd-43a0-45f4-9fb9-96b30280020e,2026-08-15T15:52:58.211000+00:00,2026-08-15T15:53:28.211000+00:00,32.89305822143568,115.97360139261748,28.51705373335397,3.972740028745977,350.62201647942305,0.2008380113301474,1.0,0.1512365116220009,121.69766340122152,0.4328695544214903,925.1919792731288,411.6376498550223
468f03a2-d7c9-4701-abf8-bb2c692f696b,a245bcdd-43a0-45f4-9fb9-96b30280020e,2026-08-15T14:52:58.211000+00:00,2026-08-15T14:53:28.211000+00:00,32.85241158112727,111.5222006550504,28.645858507312006,4.0830354560335245,241.26857689129065,0.3245203889257021,4.0,0.0721808403994138,122.12881878399509,0.2174512321224442,1435.9434101780255,9.279760145103175
468f03a2-d7c9-4701-abf8-bb2c692f696b,a245bcdd-43a0-45f4-9fb9-96b30280020e,2026-08-15T09:52:58.211000+00:00,2026-08-15T09:53:28.211000+00:00,35.51142897489359,111.59925867884787,10.206094026458544,3.1595975412122685,432.28932614707634,0.2084695256469324,9.0,0.0776262311487837,81.99742213597696,0.193777623077664,852.8377948804533,468.7579666360809
468f03a2-d7c9-4701-abf8-bb2c692f696b,bed84938-5c26-4776-a5c1-dfafb616181c,2026-08-16T02:52:58.211000+00:00,2026-08-16T02:53:28.211000+00:00,14.40117458244201,112.5382588881145,13.526836475148547,3.972812615845157,169.41385287174518,0.167916771515026,8.0,0.1606130515751531,129.11111003453595,0.3125427709453932,1487.9537371068895,221.42648391653995
468f03a2-d7c9-4701-abf8-bb2c692f696b,bed84938-5c26-4776-a5c1-dfafb616181c,2026-08-14T14:52:58.211000+00:00,2026-08-14T14:53:28.211000+00:00,26.57487062120553,79.62757642694109,5.663194751956345,4.509221849673283,100.28525524950398,0.5504093765906674,6.0,0.058926289684291,129.71359759909262,0.1976454372491618,1029.6089254505598,61.759589274227366
468f03a2-d7c9-4701-abf8-bb2c692f696b,e3b1241c-dc36-4812-ba05-47cbf46120c8,2026-08-15T23:52:58.211000+00:00,2026-08-15T23:53:28.211000+00:00,30.543559263573723,76.21518129388951,7.052909250763504,5.770541511112935,427.51890728754506,0.6259660349842734,10.0,0.0898669759461802,81.63592885796152,0.2104276252520208,1177.8371258162274,402.8122062766076
468f03a2-d7c9-4701-abf8-bb2c692f696b,e3b1241c-dc36-4812-ba05-47cbf46120c8,2026-08-14T23:52:58.211000+00:00,2026-08-14T23:53:28.211000+00:00,26.58923390097048,119.76372479126334,19.86049234952566,3.744341304755404,270.65985976221566,0.3104501865872925,2.0,0.0734797465972195,148.16349541826472,0.2596450473334969,985.6081835327018,98.86326677980269
468f03a2-d7c9-4701-abf8-bb2c692f696b,c565b9ef-2cbb-424c-970f-c61fd2e45677,2026-08-17T03:52:58.211000+00:00,2026-08-17T03:53:28.211000+00:00,25.96631693450441,75.40420859466042,20.997602764522878,5.963420946431897,247.5919661937224,0.4329577020380453,8.0,0.1480884345689872,109.27515360714848,0.2598073234594069,585.6943126911115,145.96651363712814
468f03a2-d7c9-4701-abf8-bb2c692f696b,a245bcdd-43a0-45f4-9fb9-96b30280020e,2026-08-16T22:52:58.211000+00:00,2026-08-16T22:53:28.211000+00:00,37.67426894695764,111.5052483607949,7.309553187826763,5.564639987311337,180.60470684175667,0.4450034234636443,5.0,0.1550705487787151,145.7999837756065,0.1212850218346851,849.8062933470319,105.54296107229833
468f03a2-d7c9-4701-abf8-bb2c692f696b,892182e1-215c-4a77-bb62-02b4c7028887,2026-08-14T13:52:58.211000+00:00,2026-08-14T13:53:28.211000+00:00,34.823711749718264,117.81146317265362,17.987881877624176,5.792789579474143,331.43011373644595,0.2675115875681621,5.0,0.1328768662420443,95.4019537711,0.136389387388744,698.0979396623143,191.7246341178071
468f03a2-d7c9-4701-abf8-bb2c692f696b,892182e1-215c-4a77-bb62-02b4c7028887,2026-08-14T11:52:58.211000+00:00,2026-08-14T11:53:28.211000+00:00,25.547029741439903,80.02918765692613,11.68668566006492,3.123145248373894,362.7076853793583,0.3497107495082682,8.0,0.0549381969198319,138.37104794611972,0.4557188898282382,1005.729337952002,296.08693982012267
468f03a2-d7c9-4701-abf8-bb2c692f696b,892182e1-215c-4a77-bb62-02b4c7028887,2026-08-14T17:52:58.211000+00:00,2026-08-14T17:53:28.211000+00:00,14.492981846198774,118.75709394545972,17.094120160787476,5.981046148065038,432.9307907991302,0.8843812203660641,2.0,0.0641541624871388,110.65311108992113,0.2718252935099992,678.4117701989713,479.262163272671
468f03a2-d7c9-4701-abf8-bb2c692f696b,892182e1-215c-4a77-bb62-02b4c7028887,2026-08-17T04:52:58.211000+00:00,2026-08-17T04:53:28.211000+00:00,37.91558434745761,71.0278617621425,26.366048920117603,4.2215641890952025,458.6151895423364,0.3262503504729273,0.0,0.0948434157442451,144.3467360578913,0.2267746680269121,1181.552998328419,248.25114786192805
468f03a2-d7c9-4701-abf8-bb2c692f696b,a245bcdd-43a0-45f4-9fb9-96b30280020e,2026-08-16T23:52:58.211000+00:00,2026-08-16T23:53:28.211000+00:00,33.772117493599,80.33024599789607,23.42325984620467,4.190438962112426,319.4506808973814,0.9518870460172224,7.0,0.1942180650253521,146.0359932140532,0.3450439278191158,679.0437419923055,28.74293874843048
468f03a2-d7c9-4701-abf8-bb2c692f696b,bed84938-5c26-4776-a5c1-dfafb616181c,2026-08-16T11:52:58.211000+00:00,2026-08-16T11:53:28.211000+00:00,11.095335537280992,52.36668103636477,29.13459200402427,4.425704540596739,380.49157547412,0.5908115552187336,7.0,0.0852511507444931,91.0619531337805,0.2233598591401703,732.126612143225,487.8413808825942
4958d349-1ff1-4f6b-8344-fca7d4d717aa,e21d6bcf-d489-452a-8434-9fdeb4a8a4ff,2026-08-16T21:53:04.099000+00:00,2026-08-16T21:53:34.099000+00:00,14.43956161358825,91.66111636750932,26.17213514268779,5.736922705744025,429.5295830967645,0.8564355285148392,2.0,0.0775641154007541,107.66117967869071,0.454324087427464,1093.0412423422308,244.6243960404632
4958d349-1ff1-4f6b-8344-fca7d4d717aa,b18da398-8da7-48c4-a227-ad674d8de565,2026-08-15T11:53:04.099000+00:00,2026-08-15T11:53:34.099000+00:00,39.95728954527679,108.55865642627872,11.052175070761075,4.977932564537932,357.9454066165196,0.4411455948160527,5.0,0.1425020524661517,129.19103100751292,0.2666600140225026,1000.866815074054,283.0182153562539
4958d349-1ff1-4f6b-8344-fca7d4d717aa,ab8aa270-082d-4529-9b11-ad17b456a161,2026-08-16T13:53:04.099000+00:00,2026-08-16T13:53:34.099000+00:00,36.252741196845385,95.1956538967436,9.892341230633654,4.540034820736992,277.1231348790937,0.8689769358370101,5.0,0.0938263691516418,140.162894159137,0.3306216173961506,1077.532748237428,479.0427853452856
4958d349-1ff1-4f6b-8344-fca7d4d717aa,dd8db810-64d3-4a3e-b264-bbb8473ae07b,2026-08-15T14:53:04.099000+00:00,2026-08-15T14:53:34.099000+00:00,15.326264574647148,91.1808526867284,8.81452975596724,3.1772657815040453,483.5710629312838,0.7816207397085161,1.0,0.1710051482230556,106.69443880529307,0.3540419431844042,567.2499357317968,405.1790254559108
4958d349-1ff1-4f6b-8344-fca7d4d717aa,dd8db810-64d3-4a3e-b264-bbb8473ae07b,2026-08-16T14:53:04.099000+00:00,2026-08-16T14:53:34.099000+00:00,21.062112409969775,88.55408818322219,14.085969404807104,4.7962317598306985,270.3203104576051,0.3715357157772976,10.0,0.189399819196836,89.86527007010551,0.1986478181743092,1128.5958245944948,388.6414903904343
4958d349-1ff1-4f6b-8344-fca7d4d717aa,3049d141-ca28-439a-869d-c8f2d5b5b882,2026-08-14T10:53:04.099000+00:00,2026-08-14T10:53:34.099000+00:00,36.013009781258134,111.94184174015268,23.858122432451665,5.710007105262116,187.13002687048595,0.1964911167993978,5.0,0.0824758176517662,118.30962437746508,0.4702611028787813,868.6915760960069,111.81368008202648
4958d349-1ff1-4f6b-8344-fca7d4d717aa,e21d6bcf-d489-452a-8434-9fdeb4a8a4ff,2026-08-14T21:53:04.099000+00:00,2026-08-14T21:53:34.099000+00:00,23.60265313679285,110.81109287605926,26.122146923667,5.817822650088577,474.5150849249262,0.1870763341746285,7.0,0.1705165164653311,105.02350917199644,0.1687959590765319,1000.8973848346856,435.5168886630799
4958d349-1ff1-4f6b-8344-fca7d4d717aa,e21d6bcf-d489-452a-8434-9fdeb4a8a4ff,2026-08-14T20:53:04.099000+00:00,2026-08-14T20:53:34.099000+00:00,31.2512587583408,88.42583798651856,23.3089325098278,4.890557944062008,167.4504200843605,0.2624750140107757,2.0,0.1907905065204619,126.62104187799363,0.3513995132336077,1341.5787965711154,27.01884115436798
4958d349-1ff1-4f6b-8344-fca7d4d717aa,e21d6bcf-d489-452a-8434-9fdeb4a8a4ff,2026-08-16T23:53:04.099000+00:00,2026-08-16T23:53:34.099000+00:00,13.768314449905962,88.65142858959773,13.292128978473617,5.090283557672637,377.5194629673681,0.500993336690985,9.0,0.1665201319376605,117.71738540544676,0.1484125646258344,980.1389216725876,209.5953416558121
4958d349-1ff1-4f6b-8344-fca7d4d717aa,b18da398-8da7-48c4-a227-ad674d8de565,2026-08-14T19:53:04.099000+00:00,2026-08-14T19:53:34.099000+00:00,31.361192374134333,97.41514308085038,20.95933997924149,3.0119542112013944,372.09220654652256,0.3361581441199094,1.0,0.062179424982895,130.05388441604924,0.3356923722946793,555.8703251292716,21.777806303626026
4958d349-1ff1-4f6b-8344-fca7d4d717aa,ab8aa270-082d-4529-9b11-ad17b456a161,2026-08-16T14:53:04.099000+00:00,2026-08-16T14:53:34.099000+00:00,11.936215181734411,84.18753891094744,14.022205296026224,3.007857952411583,356.03887835811366,0.8761714035010413,8.0,0.143922642512,120.76195946315566,0.400757771237857,1191.7603456484594,97.55886952828108
4958d349-1ff1-4f6b-8344-fca7d4d717aa,ab8aa270-082d-4529-9b11-ad17b456a161,2026-08-16T21:53:04.099000+00:00,2026-08-16T21:53:34.099000+00:00,17.334269053204974,76.65811917777205,20.81790298051265,3.0198272390624754,450.85515424877167,0.7880964673254031,1.0,0.1054895861581366,125.94168190444051,0.3032391852222977,1468.7452774174349,71.15398985125427
4958d349-1ff1-4f6b-8344-fca7d4d717aa,e21d6bcf-d489-452a-8434-9fdeb4a8a4ff,2026-08-17T02:53:04.099000+00:00,2026-08-17T02:53:34.099000+00:00,21.40902314651609,114.87132558646408,26.930522625202386,5.69012354926569,289.6393700873141,0.8343502951037692,9.0,0.0522177183227971,119.46512328952169,0.3680070414306443,1302.2910842098454,278.096773974412
4958d349-1ff1-4f6b-8344-fca7d4d717aa,ab8aa270-082d-4529-9b11-ad17b456a161,2026-08-15T15:53:04.099000+00:00,2026-08-15T15:53:34.099000+00:00,12.216308400154112,86.53329374840462,23.13931394822176,3.556147071463726,496.58605755159766,0.1091225590825913,3.0,0.133251245106248,120.12729879629644,0.2676010142113069,500.5251661918819,279.4108938118277
4958d349-1ff1-4f6b-8344-fca7d4d717aa,dd8db810-64d3-4a3e-b264-bbb8473ae07b,2026-08-14T18:53:04.099000+00:00,2026-08-14T18:53:34.099000+00:00,20.14401387940385,74.72007963055503,5.650600687150671,3.6518903033683383,474.5009411338629,0.6948628731159691,7.0,0.1133405592406292,101.88465199514084,0.355471517522576,806.6869122731657,489.5709492087015
4958d349-1ff1-4f6b-8344-fca7d4d717aa,dd8db810-64d3-4a3e-b264-bbb8473ae07b,2026-08-14T22:53:04.099000+00:00,2026-08-14T22:53:34.099000+00:00,31.70603379696357,105.5079125619166,27.57612231694107,4.3422409699346565,344.31416118968724,0.4472928247577803,3.0,0.1311191285827306,97.46858107176983,0.1966810745246422,739.0660617138074,71.41428729809424
4958d349-1ff1-4f6b-8344-fca7d4d717aa,e21d6bcf-d489-452a-8434-9fdeb4a8a4ff,2026-08-15T18:53:04.099000+00:00,2026-08-15T18:53:34.099000+00:00,39.90022077486296,53.33743069380492,17.465415151161935,3.2360288906032646,256.5293705401458,0.7811969409998285,3.0,0.1980821716436968,124.13255813832154,0.3404889073526544,1208.7192069890427,494.5251077374066
4958d349-1ff1-4f6b-8344-fca7d4d717aa,b18da398-8da7-48c4-a227-ad674d8de565,2026-08-16T19:53:04.099000+00:00,2026-08-16T19:53:34.099000+00:00,31.970364122752372,109.1420590888508,24.039528049269062,3.978672835767307,471.8296992783894,0.5336870230811859,10.0,0.1061038556785975,111.57727779604346,0.4927033832216251,1424.9470339678182,161.7238824388339
4958d349-1ff1-4f6b-8344-fca7d4d717aa,3049d141-ca28-439a-869d-c8f2d5b5b882,2026-08-17T09:53:04.099000+00:00,2026-08-17T09:53:34.099000+00:00,17.38043605331358,59.640816673701366,24.20784324940979,4.057280301956448,263.6415479459487,0.6912727329987304,3.0,0.1478265649889431,121.1431006826751,0.3501367743461326,823.8596850412567,327.74063002688564
4958d349-1ff1-4f6b-8344-fca7d4d717aa,ab8aa270-082d-4529-9b11-ad17b456a161,2026-08-16T12:53:04.099000+00:00,2026-08-16T12:53:34.099000+00:00,12.94824195923142,64.1157948557307,10.40686402154912,4.527481060756784,222.030975393794,0.8155005027045008,6.0,0.180089229827588,118.28964190355362,0.1367381890764055,1412.0365511598893,307.0221405994624
4958d349-1ff1-4f6b-8344-fca7d4d717aa,ab8aa270-082d-4529-9b11-ad17b456a161,2026-08-16T05:53:04.099000+00:00,2026-08-16T05:53:34.099000+00:00,38.70080066860052,91.55421157581164,8.652330391356724,4.433242758378851,367.4841940798093,0.7265990499633522,6.0,0.1363130410922648,135.24295583651005,0.2456256647533811,545.6111865770217,366.9574799393741
4958d349-1ff1-4f6b-8344-fca7d4d717aa,3049d141-ca28-439a-869d-c8f2d5b5b882,2026-08-14T11:53:04.099000+00:00,2026-08-14T11:53:34.099000+00:00,26.28919036819263,103.65944113748034,21.96116648608773,3.409128116298648,352.1148667167407,0.8072863603668136,0.0,0.1480944287470131,92.6813207554184,0.2910682796550413,569.695248969977,264.82256685085235
4958d349-1ff1-4f6b-8344-fca7d4d717aa,b18da398-8da7-48c4-a227-ad674d8de565,2026-08-15T22:53:04.099000+00:00,2026-08-15T22:53:34.099000+00:00,21.91811863375037,113.77495593357652,27.040217155685525,5.299679153574865,454.40924160139167,0.7731931037721543,6.0,0.0636249384184678,148.15895650885642,0.1547639502475424,1168.4007880554288,49.161297138404336
4958d349-1ff1-4f6b-8344-fca7d4d717aa,ab8aa270-082d-4529-9b11-ad17b456a161,2026-08-16T01:53:04.099000+00:00,2026-08-16T01:53:34.099000+00:00,37.92792649723996,88.01476045924356,26.977856257207414,5.095920774433919,173.23169549927889,0.2451398243463284,8.0,0.1188734794370936,112.20537824357764,0.286318203107003,517.8945572969791,420.08453595764536
4958d349-1ff1-4f6b-8344-fca7d4d717aa,ab8aa270-082d-4529-9b11-ad17b456a161,2026-08-14T22:53:04.099000+00:00,2026-08-14T22:53:34.099000+00:00,12.780449706282337,92.23874886767996,28.875874358951464,5.574823746789408,374.3842409221643,0.3670832769245032,6.0,0.1273716162349518,94.5468600519064,0.1533175770793281,943.7659656393538,405.2135340618178
4958d349-1ff1-4f6b-8344-fca7d4d717aa,dd8db810-64d3-4a3e-b264-bbb8473ae07b,2026-08-15T11:53:04.099000+00:00,2026-08-15T11:53:34.099000+00:00,21.072324768669382,62.42763346274068,11.01686127900626,5.574182739915486,380.1147054436116,0.5086309389745417,5.0,0.1784387200764806,130.21583217000034,0.1213925742823455,744.8676813485013,229.74305483630303
4958d349-1ff1-4f6b-8344-fca7d4d717aa,3049d141-ca28-439a-869d-c8f2d5b5b882,2026-08-14T09:53:04.099000+00:00,2026-08-14T09:53:34.099000+00:00,15.68760175858397,71.90392595942936,6.2079178360377085,5.976203194170537,411.82720057499466,0.3070950201181169,4.0,0.1227866455430868,92.18636565244026,0.1065295239411953,518.7424299271008,228.84672152977737
4958d349-1ff1-4f6b-8344-fca7d4d717aa,b18da398-8da7-48c4-a227-ad674d8de565,2026-08-15T18:53:04.099000+00:00,2026-08-15T18:53:34.099000+00:00,36.9612896617906,62.52321649153634,16.703041973751525,5.4309472251772455,205.68341337514724,0.9464177300705848,1.0,0.0930261637542397,116.58875280854636,0.450472283285006,519.3940465922011,148.227739605772
4958d349-1ff1-4f6b-8344-fca7d4d717aa,ab8aa270-082d-4529-9b11-ad17b456a161,2026-08-15T11:53:04.099000+00:00,2026-08-15T11:53:34.099000+00:00,39.4051538485911,52.88686591180771,6.57017434672278,5.355531313974769,358.99656010934746,0.4336280670721675,1.0,0.1345226312226277,100.0463264803958,0.2861370515787677,1284.112690072931,389.2924832859149
4958d349-1ff1-4f6b-8344-fca7d4d717aa,dd8db810-64d3-4a3e-b264-bbb8473ae07b,2026-08-15T08:53:04.099000+00:00,2026-08-15T08:53:34.099000+00:00,21.184213415886404,53.148008388490986,13.768354504049915,5.3736833433043145,248.8910954518886,0.9460282075379052,10.0,0.1062003796988947,87.61454809160645,0.4683691585278662,964.3945501352536,25.22140231718073
4958d349-1ff1-4f6b-8344-fca7d4d717aa,3049d141-ca28-439a-869d-c8f2d5b5b882,2026-08-17T05:53:04.099000+00:00,2026-08-17T05:53:34.099000+00:00,26.20651745923863,75.63568332934881,6.790245342157898,3.2613178108255525,287.3265615734907,0.9725632553028352,4.0,0.1312441102594448,126.8185695708372,0.3263035563102124,656.6067835005126,328.13239288610737
4958d349-1ff1-4f6b-8344-fca7d4d717aa,e21d6bcf-d489-452a-8434-9fdeb4a8a4ff,2026-08-14T12:53:04.099000+00:00,2026-08-14T12:53:34.099000+00:00,14.152540583079006,100.63863579636724,15.407183892528211,4.712317798511181,267.61741609883927,0.1076918736749458,1.0,0.1190893658783953,98.38729784118524,0.1942500531281494,794.2030865463339,402.5771026517752
4958d349-1ff1-4f6b-8344-fca7d4d717aa,b18da398-8da7-48c4-a227-ad674d8de565,2026-08-16T14:53:04.099000+00:00,2026-08-16T14:53:34.099000+00:00,16.848544396383723,53.33131284239665,15.451803501428088,5.392008809731456,111.7594082251995,0.9209480943141208,1.0,0.1955856166532509,107.42996928377468,0.3000426546338061,597.7631793284093,343.98319649920296
4958d349-1ff1-4f6b-8344-fca7d4d717aa,ab8aa270-082d-4529-9b11-ad17b456a161,2026-08-15T12:53:04.099000+00:00,2026-08-15T12:53:34.099000+00:00,25.877495819393864,80.26000476949805,22.23218794747981,5.593987511825896,283.22569597401906,0.5419966602084115,9.0,0.1386302851846118,103.85196171990836,0.4952495043770254,533.5896106256184,30.24841129921485
4958d349-1ff1-4f6b-8344-fca7d4d717aa,ab8aa270-082d-4529-9b11-ad17b456a161,2026-08-15T12:53:04.099000+00:00,2026-08-15T12:53:34.099000+00:00,35.511160102627954,118.94277055581004,5.1567605417076905,3.056675007543954,474.8734017797229,0.2127294649976796,4.0,0.0646361393365379,139.64625408424155,0.4750501721456137,796.291059638912,2.809380667867345
4958d349-1ff1-4f6b-8344-fca7d4d717aa,dd8db810-64d3-4a3e-b264-bbb8473ae07b,2026-08-16T16:53:04.099000+00:00,2026-08-16T16:53:34.099000+00:00,13.784408134188308,69.43588240369618,13.077765389752043,4.096706733626368,253.2332733965967,0.9890406280478568,9.0,0.1854728003629237,146.3442942058461,0.3386683981965227,1163.2046765374032,391.33825936660486
4958d349-1ff1-4f6b-8344-fca7d4d717aa,ab8aa270-082d-4529-9b11-ad17b456a161,2026-08-16T14:53:04.099000+00:00,2026-08-16T14:53:34.099000+00:00,21.504408768606996,113.0788180612158,9.141878324365951,4.049755990055177,344.93544841143,0.3505741696150848,5.0,0.0758776799726995,91.98190631605372,0.3403841708178661,1189.4312902788583,256.1197929713167
4958d349-1ff1-4f6b-8344-fca7d4d717aa,e21d6bcf-d489-452a-8434-9fdeb4a8a4ff,2026-08-15T17:53:04.099000+00:00,2026-08-15T17:53:34.099000+00:00,30.51770112507413,90.08613460313995,21.011816850331208,3.0504306872767613,214.81616194327327,0.507593401844556,7.0,0.1087047862627796,126.94151254106968,0.1941395798573865,1233.4488035792592,497.6243789549805
4958d349-1ff1-4f6b-8344-fca7d4d717aa,b18da398-8da7-48c4-a227-ad674d8de565,2026-08-15T06:53:04.099000+00:00,2026-08-15T06:53:34.099000+00:00,10.888026350296183,112.29723222145267,13.611608013903588,4.950069285394442,491.6554007492737,0.2919267789035382,7.0,0.0916489012176034,115.53661188333604,0.2492552763812793,1443.426108755602,241.4251665563386
4958d349-1ff1-4f6b-8344-fca7d4d717aa,dd8db810-64d3-4a3e-b264-bbb8473ae07b,2026-08-16T03:53:04.099000+00:00,2026-08-16T03:53:34.099000+00:00,11.76438557308715,91.76491824851432,12.717853050849772,5.199156569611928,423.2697976799224,0.3784624132632184,6.0,0.139867568658848,122.44343947398627,0.1256376966433595,1334.918691216183,372.4859607500472
4958d349-1ff1-4f6b-8344-fca7d4d717aa,dd8db810-64d3-4a3e-b264-bbb8473ae07b,2026-08-14T23:53:04.099000+00:00,2026-08-14T23:53:34.099000+00:00,22.965407071425886,98.8840812466093,10.87248096949476,3.998990728657689,175.27600910157946,0.1151379156278212,0.0,0.0942783351618734,90.79752768049312,0.3585714649011361,829.1925107616926,231.19773737637672
4958d349-1ff1-4f6b-8344-fca7d4d717aa,e21d6bcf-d489-452a-8434-9fdeb4a8a4ff,2026-08-14T10:53:04.099000+00:00,2026-08-14T10:53:34.099000+00:00,27.929729370049653,58.166676720695925,5.801414288698224,4.28842970752401,242.4084432035973,0.9106272069068926,7.0,0.1934037947585426,117.82260328375295,0.4613752474374771,638.3519333003023,65.48714408499589
4958d349-1ff1-4f6b-8344-fca7d4d717aa,b18da398-8da7-48c4-a227-ad674d8de565,2026-08-15T08:53:04.099000+00:00,2026-08-15T08:53:34.099000+00:00,25.571644055446463,62.20949270643031,29.942138976283218,5.801254240238439,252.20587700737403,0.4372769456763312,10.0,0.08418226120475,149.29926774790863,0.2831877011500451,1279.7457304901668,137.67114153856107
4958d349-1ff1-4f6b-8344-fca7d4d717aa,dd8db810-64d3-4a3e-b264-bbb8473ae07b,2026-08-15T13:53:04.099000+00:00,2026-08-15T13:53:34.099000+00:00,23.94963271535988,110.5721836011445,23.591472162843697,3.10076005963237,349.36345545695576,0.8025144533223035,1.0,0.0523144191406183,117.36941262522656,0.430089599287593,1277.1788022554776,236.50552314190264
4958d349-1ff1-4f6b-8344-fca7d4d717aa,dd8db810-64d3-4a3e-b264-bbb8473ae07b,2026-08-17T00:53:04.099000+00:00,2026-08-17T00:53:34.099000+00:00,19.753720196470184,62.359680291564096,11.15489913873956,5.096020177268133,285.53566543508543,0.3166861072307896,4.0,0.1925573135794284,109.10452078433444,0.3354288340459417,1452.941238062363,204.1185602010343
4958d349-1ff1-4f6b-8344-fca7d4d717aa,3049d141-ca28-439a-869d-c8f2d5b5b882,2026-08-14T15:53:04.099000+00:00,2026-08-14T15:53:34.099000+00:00,34.406062416032675,65.67174452940654,19.852932673588743,4.247696654753254,450.55596031147417,0.8533348686196435,6.0,0.0813547053791634,142.39141745070327,0.1882349424238451,522.0812225988287,326.1517286783473
4958d349-1ff1-4f6b-8344-fca7d4d717aa,b18da398-8da7-48c4-a227-ad674d8de565,2026-08-16T11:53:04.099000+00:00,2026-08-16T11:53:34.099000+00:00,39.58967676492957,60.94808572053739,25.202213621643143,3.854781992315598,117.36383749170275,0.5012871144487444,9.0,0.1845184040313371,102.96068791847178,0.4990198555197306,598.0836509699186,34.502248273045545
4958d349-1ff1-4f6b-8344-fca7d4d717aa,e21d6bcf-d489-452a-8434-9fdeb4a8a4ff,2026-08-14T18:53:04.099000+00:00,2026-08-14T18:53:34.099000+00:00,14.887708076753944,60.66182787035695,15.790155847520728,3.308914829560875,255.68732014693188,0.597977598266223,6.0,0.1803632456124926,111.6822876321922,0.4926616585592376,786.2447907165656,126.96861501036966
4958d349-1ff1-4f6b-8344-fca7d4d717aa,b18da398-8da7-48c4-a227-ad674d8de565,2026-08-15T12:53:04.099000+00:00,2026-08-15T12:53:34.099000+00:00,14.435632964204734,84.85591747727244,11.985834402752603,5.639887761926793,199.39147776279864,0.7052724906296027,1.0,0.186917214087572,82.10146721982595,0.2749996940838302,881.6552947893622,196.3802054686957
4958d349-1ff1-4f6b-8344-fca7d4d717aa,3049d141-ca28-439a-869d-c8f2d5b5b882,2026-08-15T19:53:04.099000+00:00,2026-08-15T19:53:34.099000+00:00,25.530064483011408,76.39195041468268,12.83476513071673,4.237644892089542,442.15875051542406,0.9298595083626192,3.0,0.1491444177072887,129.32604775075322,0.4251866515942674,1273.670152906483,140.15533341522928
4958d349-1ff1-4f6b-8344-fca7d4d717aa,e21d6bcf-d489-452a-8434-9fdeb4a8a4ff,2026-08-15T01:53:04.099000+00:00,2026-08-15T01:53:34.099000+00:00,10.10314245893422,100.80055049585783,26.70407424733081,3.940727956127807,477.2299159001998,0.279309843162963,10.0,0.1962749700539921,99.13881974722592,0.1544581471162641,584.4932422884826,31.95744468479189
4958d349-1ff1-4f6b-8344-fca7d4d717aa,b18da398-8da7-48c4-a227-ad674d8de565,2026-08-16T10:53:04.099000+00:00,2026-08-16T10:53:34.099000+00:00,14.898241950827932,93.22151474592708,13.3190157894104,5.940023724800414,175.32185610536374,0.608395935716939,10.0,0.1789833762150248,108.57608736825918,0.2756865119018116,1374.8044728797604,182.6434628029984
4958d349-1ff1-4f6b-8344-fca7d4d717aa,ab8aa270-082d-4529-9b11-ad17b456a161,2026-08-15T02:53:04.099000+00:00,2026-08-15T02:53:34.099000+00:00,26.635661705852566,96.24463751447873,18.230089388083133,4.754440359266589,449.679568586886,0.119623834814717,8.0,0.179738187964797,90.16485646835552,0.2407400361528961,987.8127951157472,475.44646281767234
4958d349-1ff1-4f6b-8344-fca7d4d717aa,ab8aa270-082d-4529-9b11-ad17b456a161,2026-08-14T17:53:04.099000+00:00,2026-08-14T17:53:34.099000+00:00,21.567694526385072,114.55698337383213,21.606939670666293,3.259088009086188,375.657358798424,0.4626987545320985,4.0,0.0950323389144428,131.88498065671698,0.2464864456012444,1083.4433790698722,249.16468877056943
4958d349-1ff1-4f6b-8344-fca7d4d717aa,dd8db810-64d3-4a3e-b264-bbb8473ae07b,2026-08-16T21:53:04.099000+00:00,2026-08-16T21:53:34.099000+00:00,38.984993647377294,51.938383249539285,19.56990189420608,3.988404130871636,496.7615725169695,0.5361998128888827,1.0,0.1927028198926932,129.03075447738084,0.2027117794127513,708.8513253222459,156.88611742277092
4958d349-1ff1-4f6b-8344-fca7d4d717aa,3049d141-ca28-439a-869d-c8f2d5b5b882,2026-08-16T19:53:04.099000+00:00,2026-08-16T19:53:34.099000+00:00,32.385720254768344,81.3587212050181,18.578092456100546,3.2666747227356048,305.9055331947531,0.3450369643076633,7.0,0.138904020723811,88.23031607202837,0.3844094392473171,529.5389964227988,51.79725234218413
4958d349-1ff1-4f6b-8344-fca7d4d717aa,dd8db810-64d3-4a3e-b264-bbb8473ae07b,2026-08-14T21:53:04.099000+00:00,2026-08-14T21:53:34.099000+00:00,13.855792247956623,90.44782895503997,25.842830666702376,4.863545322215896,185.97222503628512,0.7587455214578027,0.0,0.0505710136838851,85.96475235527618,0.394297235620758,915.7782565546064,59.03161047764844
4958d349-1ff1-4f6b-8344-fca7d4d717aa,e21d6bcf-d489-452a-8434-9fdeb4a8a4ff,2026-08-14T16:53:04.099000+00:00,2026-08-14T16:53:34.099000+00:00,38.91853941552289,68.0205170290334,14.712050154194245,4.4187203220692925,229.73305825021615,0.8535605074457161,6.0,0.1972306287993162,141.73963250092433,0.4545236373223139,634.8199386150504,414.2164339674413
4958d349-1ff1-4f6b-8344-fca7d4d717aa,b18da398-8da7-48c4-a227-ad674d8de565,2026-08-17T09:53:04.099000+00:00,2026-08-17T09:53:34.099000+00:00,28.765937414682824,50.724743457166575,19.146205827394503,4.164532863133452,214.07647643692155,0.9221494599366746,3.0,0.1342231296771979,111.34853246713324,0.1153639094747439,1430.1978514343405,329.1616892434993
4958d349-1ff1-4f6b-8344-fca7d4d717aa,ab8aa270-082d-4529-9b11-ad17b456a161,2026-08-15T12:53:04.099000+00:00,2026-08-15T12:53:34.099000+00:00,11.40765614691642,111.3306131363406,24.57810028501534,4.879254902116189,407.2725621536418,0.9070867782656504,5.0,0.0784885190107364,137.67137599756308,0.2903336958703335,603.1499833387506,248.6998776713793
4958d349-1ff1-4f6b-8344-fca7d4d717aa,3049d141-ca28-439a-869d-c8f2d5b5b882,2026-08-17T05:53:04.099000+00:00,2026-08-17T05:53:34.099000+00:00,16.4837243104758,90.07349796248845,7.422948517639126,4.593001972725319,186.95347952339895,0.3032514070142149,1.0,0.12400146878339,111.76162975218364,0.4705358852879311,784.3887572048598,100.92734809384446
4958d349-1ff1-4f6b-8344-fca7d4d717aa,3049d141-ca28-439a-869d-c8f2d5b5b882,2026-08-17T08:53:04.099000+00:00,2026-08-17T08:53:34.099000+00:00,13.196498213245034,112.51233409553268,10.148091888013704,4.049444545472527,384.2153857182545,0.599893608043465,7.0,0.1519216980923659,88.01764867227779,0.4123931464499138,979.451071109641,31.230865641736937
4958d349-1ff1-4f6b-8344-fca7d4d717aa,3049d141-ca28-439a-869d-c8f2d5b5b882,2026-08-15T09:53:04.099000+00:00,2026-08-15T09:53:34.099000+00:00,32.07174671157188,100.97091836382948,12.408201962045815,5.667331185211239,355.99422367064494,0.9126955102151052,4.0,0.0886232919485016,105.09712433704516,0.4731440077556305,1277.2556357906628,337.7483126708194
4958d349-1ff1-4f6b-8344-fca7d4d717aa,fabcc866-0af6-4c58-b795-fdb8040fd04f,1970-01-01T00:02:44.621000+00:00,1970-01-01T00:03:14.622000+00:00,0.0,0.0,0.0,0.0,1.4873,0.025758,3.0,0.235235,0.0,0.18917,1.5433,0.0
