user_id,session_id,window_start,window_end,label,dwellMeanMs,dwellStdMs,flightMeanMs,flightStdMs,velocityMean,accelerationMean,accelerationStd,curvatureMean,curvatureStd,clickCount,scrollAmount,mouseTravelPx
e92e7c09-c1b8-4f72-a7a8-f75077608d1b,683fb37f-6a47-4d27-b196-f268e545c7fc,2026-08-15T08:41:52.149000+00:00,2026-08-15T08:42:22.149000+00:00,genuine,0.1644666484642644,-0.17565948444605078,-0.06775258488137764,1.2054242723992252,-0.24667999257924506,-0.04267025106795251,1.265874497383305,-0.7865198369506229,-0.05028719853968262,1.4861706651095061,0.6117814317632707,0.057091875635047105
e92e7c09-c1b8-4f72-a7a8-f75077608d1b,43c7c9d4-9f4b-4823-bc49-2bdd58b9a92d,2026-08-17T00:41:52.149000+00:00,2026-08-17T00:42:22.149000+00:00,genuine,0.14067654559316956,-0.09540268046111625,-0.026332285209056894,0.7011029035205206,-0.5278147267424157,1.0337588261051345,0.35295671743166745,-0.5134589990447697,0.9565581911934693,0.6149089681259582,1.198722581942382,-0.06951525321236167
e92e7c09-c1b8-4f72-a7a8-f75077608d1b,683fb37f-6a47-4d27-b196-f268e545c7fc,2026-08-16T09:41:52.149000+00:00,2026-08-16T09:42:22.149000+00:00,genuine,0.16402553619947735,0.07195169334917015,-0.08202387739394316,1.0099152263807392,0.27673114121409875,0.27101483369864104,0.04865079078112163,-0.19113300320281987,-0.21619681527781862,0.8944256548723957,0.6934542015025735,-0.15776235173895592
e92e7c09-c1b8-4f72-a7a8-f75077608d1b,43c7c9d4-9f4b-4823-bc49-2bdd58b9a92d,2026-08-16T08:41:52.149000+00:00,2026-08-16T08:42:22.149000+00:00,genuine,-0.3890986487671762,-0.15493701869142187,-0.017212042833498958,0.20178752491577773,0.23662555182017847,0.9946644870400214,-0.8642669891705159,-0.2443639432243363,0.08712389773626579,-1.1090258753740443,-0.2250994454238111,-0.408194115830834
e92e7c09-c1b8-4f72-a7a8-f75077608d1b,e9fb2cdf-79e4-478e-b6ac-0a722e9e07c6,2026-08-16T01:41:52.149000+00:00,2026-08-16T01:42:22.149000+00:00,genuine,0.2822795517835236,0.041030503124348756,-0.092238890689065,0.16291212796423374,-0.08219577300418775,-0.3798131177690302,1.5701804240338508,-0.3652958235392178,-0.21839861829082635,-0.6273677683694651,-0.22235340509011853,-0.6400363212450223
e92e7c09-c1b8-4f72-a7a8-f75077608d1b,43c7c9d4-9f4b-4823-bc49-2bdd58b9a92d,2026-08-16T00:41:52.149000+00:00,2026-08-16T00:42:22.149000+00:00,genuine,-0.08709043058905706,-0.12477372062854585,-0.09814301404821289,0.679261016182005,1.433263867717843,-0.6696184889386735,0.04865079078112163,-0.11374457347085554,0.11931512417606031,-0.6011922305435007,0.046953985293894156,0.21260618834802517
e92e7c09-c1b8-4f72-a7a8-f75077608d1b,43c7c9d4-9f4b-4823-bc49-2bdd58b9a92d,2026-08-15T02:41:52.149000+00:00,2026-08-15T02:42:22.149000+00:00,genuine,-0.02110238291193902,0.043935008135094517,-0.19960725539273744,0.5311670448315774,-0.7090554797316269,0.8187740698116399,-1.4728788424716075,-0.09281626873015719,-0.3825162034859834,-0.8905054271068317,1.4107756101874467,-0.025247520028359786
e92e7c09-c1b8-4f72-a7a8-f75077608d1b,43c7c9d4-9f4b-4823-bc49-2bdd58b9a92d,2026-08-15T10:41:52.149000+00:00,2026-08-15T10:42:22.149000+00:00,genuine,0.37681542040024246,-0.08932224868813819,-0.10263847530663013,-0.13657802031954872,-0.6748791712697584,-0.8891653790286509,-0.55996106251997,-0.3436672537376933,-0.12146384760416289,0.01589616907990265,0.7674308200066795,-0.4033503783637355
e92e7c09-c1b8-4f72-a7a8-f75077608d1b,683fb37f-6a47-4d27-b196-f268e545c7fc,2026-08-15T15:41:52.149000+00:00,2026-08-15T15:42:22.149000+00:00,genuine,-0.4249566039456862,0.09813936317332503,-0.18599466578250182,0.4720202947235161,0.8805621452144808,-0.6390749081226155,0.35295671743166745,-0.5154699975247611,0.6906575072011142,-1.1526571977056332,0.691749213277131,0.019189509582192673
e92e7c09-c1b8-4f72-a7a8-f75077608d1b,683fb37f-6a47-4d27-b196-f268e545c7fc,2026-08-16T08:41:52.149000+00:00,2026-08-16T08:42:22.149000+00:00,genuine,-0.18882878203878584,-0.1422163877008343,-0.15046256310121536,1.1276776693149713,1.3412776676383926,0.5327422259577752,1.265874497383305,-0.4913534793363151,-0.18456822426340788,-1.5217931600435528,-0.5779876866214313,-0.4668723156392053
e92e7c09-c1b8-4f72-a7a8-f75077608d1b,43c7c9d4-9f4b-4823-bc49-2bdd58b9a92d,2026-08-17T00:41:52.149000+00:00,2026-08-17T00:42:22.149000+00:00,genuine,-0.04608039279173901,-0.1571745481786291,-0.10606516010094297,-0.2654620976317503,1.50109695953028,-0.6978265035954313,1.265874497383305,-0.8140704921994424,0.01668826839249767,-1.3945539334859756,0.7257721615422316,0.2052284464025595
e92e7c09-c1b8-4f72-a7a8-f75077608d1b,43c7c9d4-9f4b-4823-bc49-2bdd58b9a92d,2026-08-16T15:41:52.149000+00:00,2026-08-16T15:42:22.149000+00:00,genuine,-0.09541404910560794,-0.17245456988634497,-0.11061461899136871,-0.10711263140639082,1.3753271475266093,0.6763689737275907,0.04865079078112163,-0.04367771293401319,1.047042056711379,0.9286388119087999,1.3086293878622435,0.25620681638846815
e92e7c09-c1b8-4f72-a7a8-f75077608d1b,43c7c9d4-9f4b-4823-bc49-2bdd58b9a92d,2026-08-15T08:41:52.149000+00:00,2026-08-15T08:42:22.149000+00:00,genuine,0.47222781039632067,-0.06814908499416167,-0.1765203954407466,0.4905386684308824,1.4213724868718092,-0.6616437313577594,-0.25565513586942423,-0.5190032364326661,0.27801313466191285,-0.6233221591539241,0.27209691621780646,-0.12754005915211122
e92e7c09-c1b8-4f72-a7a8-f75077608d1b,683fb37f-6a47-4d27-b196-f268e545c7fc,2026-08-15T16:41:52.149000+00:00,2026-08-15T16:42:22.149000+00:00,genuine,0.2677496248920817,-0.09450710127300624,-0.23860607602885744,0.19226977489472674,0.368164212200864,0.24768206100557572,1.265874497383305,-0.6378616003928381,0.1293907134777931,1.5593481905968007,-0.36209595375826265,0.03762219465437199
e92e7c09-c1b8-4f72-a7a8-f75077608d1b,e9fb2cdf-79e4-478e-b6ac-0a722e9e07c6,2026-08-15T21:41:52.149000+00:00,2026-08-15T21:42:22.149000+00:00,genuine,-0.4372162428912636,-0.12699702316669845,0.0021988412192307516,0.43788910146489285,0.1548812603686971,0.20305735088066185,-1.1685729158210618,-0.5271945382808949,-0.2576719491015902,0.6945755981204563,-0.08781147870008517,-0.16115519089161343
e92e7c09-c1b8-4f72-a7a8-f75077608d1b,e9fb2cdf-79e4-478e-b6ac-0a722e9e07c6,2026-08-15T04:41:52.149000+00:00,2026-08-15T04:42:22.149000+00:00,genuine,0.15381081785133707,0.14033116411033716,-0.05446452867366887,0.7987323262551431,-0.13135946405659055,-1.0724163325191194,-0.55996106251997,-0.5566490375632143,-0.40626969786337624,-0.6550716484123296,1.28295440097379,-0.22106611173979288
e92e7c09-c1b8-4f72-a7a8-f75077608d1b,e9fb2cdf-79e4-478e-b6ac-0a722e9e07c6,2026-08-14T12:41:52.149000+00:00,2026-08-14T12:42:22.149000+00:00,genuine,0.01397812323243723,0.13364572198040095,-0.19020126406391843,0.7045259289636793,-0.44822958080998276,1.5872573323590182,-0.8642669891705159,-0.3299029617453756,-0.17390727555990795,-0.4143600323815534,-0.6514565467501825,0.009582820407323623
e92e7c09-c1b8-4f72-a7a8-f75077608d1b,683fb37f-6a47-4d27-b196-f268e545c7fc,2026-08-17T00:41:52.149000+00:00,2026-08-17T00:42:22.149000+00:00,genuine,-0.1951331126997012,-0.15903270681228873,-0.17548005520037355,-0.07885644137380766,1.0648549208693858,1.7557644072307577,0.35295671743166745,-0.08797885857913769,0.5114330801890596,-0.6146989015219821,0.33623725602984744,-0.49925753686364244
e92e7c09-c1b8-4f72-a7a8-f75077608d1b,e9fb2cdf-79e4-478e-b6ac-0a722e9e07c6,2026-08-14T13:41:52.149000+00:00,2026-08-14T13:42:22.149000+00:00,genuine,-0.20700827698563107,-0.1986356808554236,-0.07913383084734939,1.007456805420171,1.3037451979935415,-0.2739701267487206,-0.55996106251997,-0.23374435046050615,0.4717911226957639,-0.8799354343440259,-0.1462013561005417,-0.007048971819309107
e92e7c09-c1b8-4f72-a7a8-f75077608d1b,e9fb2cdf-79e4-478e-b6ac-0a722e9e07c6,2026-08-16T13:41:52.149000+00:00,2026-08-16T13:42:22.149000+00:00,genuine,0.37122022849365566,0.10991450216676227,-0.25431495507207835,0.6628479585778703,0.6803650671445269,0.2784517983243233,1.5701804240338508,-0.697598668579572,0.3755872072370165,0.8443749004607851,1.1401110494111055,-0.2802146845807939
e92e7c09-c1b8-4f72-a7a8-f75077608d1b,e9fb2cdf-79e4-478e-b6ac-0a722e9e07c6,2026-08-15T13:41:52.149000+00:00,2026-08-15T13:42:22.149000+00:00,genuine,-0.09657392887137156,-0.2341893966325867,-0.027354081927246834,0.24793962549700585,-0.8513261029851089,1.3943661286234967,0.35295671743166745,-0.19325213983310013,0.5205154928789222,0.09424710251057587,1.4252850809105848,-0.5798915142574272
e92e7c09-c1b8-4f72-a7a8-f75077608d1b,683fb37f-6a47-4d27-b196-f268e545c7fc,2026-08-16T22:41:52.149000+00:00,2026-08-16T22:42:22.149000+00:00,genuine,0.44693085446687225,0.10639924124450047,-0.10186287521892302,0.41299385516596904,0.6186705837412075,-0.8896517662103419,-0.8642669891705159,-0.48543422560691873,-0.17331130123180205,-1.556370446362854,0.8216684723928533,-0.548357611317669
e92e7c09-c1b8-4f72-a7a8-f75077608d1b,683fb37f-6a47-4d27-b196-f268e545c7fc,2026-08-16T08:41:52.149000+00:00,2026-08-16T08:42:22.149000+00:00,genuine,-0.09210589336779931,-0.04753874920148909,-0.0017125877307143094,-0.09254041966902359,-0.8640004344123277,0.31732835516574576,-1.1685729158210618,-0.543613380935315,-0.14817337364515626,-1.1122888249123453,0.255395603145149,-0.42241733428946254
e92e7c09-c1b8-4f72-a7a8-f75077608d1b,683fb37f-6a47-4d27-b196-f268e545c7fc,2026-08-15T08:41:52.149000+00:00,2026-08-15T08:42:22.149000+00:00,genuine,-0.08768937302975273,-0.050170509231583935,0.032028838051361405,-0.10715086600560003,1.4662122713194603,1.0820726959575715,-0.25565513586942423,-0.1662967701231484,0.7510529877443398,-0.19398824606384157,0.32591958330106185,0.14957808991152596
e92e7c09-c1b8-4f72-a7a8-f75077608d1b,e9fb2cdf-79e4-478e-b6ac-0a722e9e07c6,2026-08-17T06:41:52.149000+00:00,2026-08-17T06:42:22.149000+00:00,genuine,-0.1960863161281618,-0.2421204006030974,-0.1435112890902303,-0.2933314818482945,0.48711115193000915,1.5547873338416742,0.9615685707327591,-0.6504638756883174,0.7634652616512515,1.2034626120656202,1.1351513774644661,0.18936536879055563
e92e7c09-c1b8-4f72-a7a8-f75077608d1b,e9fb2cdf-79e4-478e-b6ac-0a722e9e07c6,2026-08-16T01:41:52.149000+00:00,2026-08-16T01:42:22.149000+00:00,genuine,-0.01072188155068203,-0.21806802322468022,-0.09270523772115281,0.3992499630407139,1.2931720172750953,-0.5503587606475034,-0.8642669891705159,-0.721059157414211,0.33817194663932193,-0.37468712719435077,0.7116317246198302,-0.25527110845294526
e92e7c09-c1b8-4f72-a7a8-f75077608d1b,e9fb2cdf-79e4-478e-b6ac-0a722e9e07c6,2026-08-14T15:41:52.149000+00:00,2026-08-14T15:42:22.149000+00:00,genuine,0.4895824346706492,-0.16123665437080228,-0.18348160855760873,0.09277185605785584,-0.10854498340255643,0.499778298395756,-0.25565513586942423,-0.6087322481471575,0.5114391762840307,1.3109880310307032,-0.5023120791048226,0.24932128896796416
e92e7c09-c1b8-4f72-a7a8-f75077608d1b,43c7c9d4-9f4b-4823-bc49-2bdd58b9a92d,2026-08-16T09:41:52.149000+00:00,2026-08-16T09:42:22.149000+00:00,genuine,-0.3594226405721123,-0.1298997800652077,-0.0898602412721247,0.897605920238363,-0.28242668651448183,1.4966615896290605,1.5701804240338508,-0.4666048396230166,0.9522640771537684,0.7147993966505342,1.014607103946751,-0.3856923100312201
e92e7c09-c1b8-4f72-a7a8-f75077608d1b,e9fb2cdf-79e4-478e-b6ac-0a722e9e07c6,2026-08-16T12:41:52.149000+00:00,2026-08-16T12:42:22.149000+00:00,genuine,0.21113628454743896,-0.16111485065591338,0.017264364132091838,0.01889022291714741,1.073376499847288,0.956316428943004,0.35295671743166745,-0.7649424880174097,1.0083351587430522,0.21072872973431417,1.3858079861155366,-0.4384747863028178
e92e7c09-c1b8-4f72-a7a8-f75077608d1b,e9fb2cdf-79e4-478e-b6ac-0a722e9e07c6,2026-08-16T00:41:52.149000+00:00,2026-08-16T00:42:22.149000+00:00,genuine,-0.1705150204724903,-0.23883541670753508,-0.0738572027271476,0.9622002126914442,0.8924655409800731,1.3378813399754523,0.6572626440822134,-0.5064242736219324,0.4800251401286909,-0.696808629956806,1.0439358622642136,-0.08003240024873964
e92e7c09-c1b8-4f72-a7a8-f75077608d1b,683fb37f-6a47-4d27-b196-f268e545c7fc,2026-08-17T02:41:52.149000+00:00,2026-08-17T02:42:22.149000+00:00,genuine,0.1527467531477141,-0.05452301812351865,-0.0949747010971963,-0.03952176081907482,1.048828264711375,-0.6254934972597058,1.265874497383305,-0.3772214227196265,0.8869504659202816,0.1509979095630368,1.3315543031089296,0.1262124573192696
e92e7c09-c1b8-4f72-a7a8-f75077608d1b,43c7c9d4-9f4b-4823-bc49-2bdd58b9a92d,2026-08-16T03:41:52.149000+00:00,2026-08-16T03:42:22.149000+00:00,genuine,-0.37000255483872446,-0.10184945755545327,-0.10770941760946093,0.5584288453167425,1.3271728576588944,-0.9896493311328829,-1.1685729158210618,-0.19211478860399983,0.13650148549100938,1.1807022444481623,0.4310827410168846,-0.34306660015260293
e92e7c09-c1b8-4f72-a7a8-f75077608d1b,e9fb2cdf-79e4-478e-b6ac-0a722e9e07c6,2026-08-15T01:41:52.149000+00:00,2026-08-15T01:42:22.149000+00:00,genuine,-0.018774331551793165,-0.03333364558082521,-0.007214788204315702,1.287027085907184,0.832107876942516,0.9231161238872068,0.35295671743166745,-0.5029571457547857,0.578517584788096,0.6368346413352104,-0.2151999152345887,0.04898213945217279
e92e7c09-c1b8-4f72-a7a8-f75077608d1b,e9fb2cdf-79e4-478e-b6ac-0a722e9e07c6,2026-08-16T06:41:52.149000+00:00,2026-08-16T06:42:22.149000+00:00,genuine,-0.20877397007339002,0.11238557436961666,-0.02103703424057883,0.2641376847915201,-0.8657834642279914,0.7623320868792702,0.9615685707327591,-0.761051905903887,0.16542991144683444,-1.594214195659954,-0.09626703254322755,0.23392368337707148
e92e7c09-c1b8-4f72-a7a8-f75077608d1b,683fb37f-6a47-4d27-b196-f268e545c7fc,2026-08-16T20:41:52.149000+00:00,2026-08-16T20:42:22.149000+00:00,genuine,0.5110136099765089,0.04668920426072395,-0.05850626809441593,0.033010073361461965,-0.2848708179719692,0.7730597672363295,-0.8642669891705159,-0.6451659162369285,0.9793524625649597,1.2725948845520094,-0.5599121495502357,-0.15236862524194905
e92e7c09-c1b8-4f72-a7a8-f75077608d1b,43c7c9d4-9f4b-4823-bc49-2bdd58b9a92d,2026-08-15T08:41:52.149000+00:00,2026-08-15T08:42:22.149000+00:00,genuine,-0.23694227484038807,0.056509401943272135,-0.2578785891951444,0.9114503704183258,0.094220727300438,0.19859799902913622,1.265874497383305,-0.08510956182616905,0.146619865678889,1.0254094940463228,1.0253883333844198,-0.5728159826325171
e92e7c09-c1b8-4f72-a7a8-f75077608d1b,683fb37f-6a47-4d27-b196-f268e545c7fc,2026-08-15T03:41:52.149000+00:00,2026-08-15T03:42:22.149000+00:00,genuine,0.18059720873102797,-0.11715803989620495,0.02171319658014094,0.8450033744789445,-0.6770990270335778,0.3939221025587554,-1.1685729158210618,-0.21316751775132975,0.44661758281234976,0.46520881709136125,0.2748062650126177,-0.35856183704644984
e92e7c09-c1b8-4f72-a7a8-f75077608d1b,43c7c9d4-9f4b-4823-bc49-2bdd58b9a92d,2026-08-15T22:41:52.149000+00:00,2026-08-15T22:42:22.149000+00:00,genuine,-0.23998587731688495,-0.18740213588328614,-0.08238156136245423,0.1044464216442906,0.094453354704525,0.7890352887910898,0.04865079078112163,-0.12950757921549846,0.020907879777262866,-1.18491948034964,1.2841477846205247,-0.2092371662248246
e92e7c09-c1b8-4f72-a7a8-f75077608d1b,e9fb2cdf-79e4-478e-b6ac-0a722e9e07c6,2026-08-15T08:41:52.149000+00:00,2026-08-15T08:42:22.149000+00:00,genuine,-0.07123763873875343,-0.209400274300568,0.006116999028039784,0.9291271655185096,1.0202155275056648,-0.8470285345101196,1.265874497383305,-0.05946748603852479,0.21513451938117303,-0.9039222106553282,0.13972646000814157,-0.37353465758844084
e92e7c09-c1b8-4f72-a7a8-f75077608d1b,683fb37f-6a47-4d27-b196-f268e545c7fc,2026-08-15T05:41:52.149000+00:00,2026-08-15T05:42:22.149000+00:00,genuine,-0.1601169644420871,-0.1538034069143897,-0.16174856681932687,0.1724166265463112,0.910246440001292,0.5131167440767309,-1.4728788424716075,-0.44397335887361983,0.1329699786852236,-0.7259435459147452,-0.45124281511735426,-0.024270396762499483
e92e7c09-c1b8-4f72-a7a8-f75077608d1b,43c7c9d4-9f4b-4823-bc49-2bdd58b9a92d,2026-08-16T12:41:52.149000+00:00,2026-08-16T12:42:22.149000+00:00,genuine,0.0357158294525666,0.04399880070197512,-0.037484515480806814,0.6941036545914294,0.9840350816022038,-0.6452361545242844,-0.25565513586942423,-0.7987708353137178,1.064045190074821,1.0723929240708356,0.553790669683204,-0.4477800167109656
e92e7c09-c1b8-4f72-a7a8-f75077608d1b,a90f9b8d-c3f1-4748-99d5-cc782623de81,2026-08-15T03:42:51.029000+00:00,2026-08-15T03:43:21.029000+00:00,genuine,0.18059720873102797,-0.11715803989620495,0.02171319658014094,0.8450033744789445,-0.6770990270335778,0.3939221025587554,-1.1685729158210618,-0.21316751775132975,0.44661758281234976,0.46520881709136125,0.2748062650126177,-0.35856183704644984
e92e7c09-c1b8-4f72-a7a8-f75077608d1b,a90f9b8d-c3f1-4748-99d5-cc782623de81,2026-08-16T09:42:51.029000+00:00,2026-08-16T09:43:21.029000+00:00,genuine,0.16402553619947735,0.07195169334917015,-0.08202387739394316,1.0099152263807392,0.27673114121409875,0.27101483369864104,0.04865079078112163,-0.19113300320281987,-0.21619681527781862,0.8944256548723957,0.6934542015025735,-0.15776235173895592
e92e7c09-c1b8-4f72-a7a8-f75077608d1b,a90f9b8d-c3f1-4748-99d5-cc782623de81,2026-08-17T00:42:51.029000+00:00,2026-08-17T00:43:21.029000+00:00,genuine,-0.1951331126997012,-0.15903270681228873,-0.17548005520037355,-0.07885644137380766,1.0648549208693858,1.7557644072307577,0.35295671743166745,-0.08797885857913769,0.5114330801890596,-0.6146989015219821,0.33623725602984744,-0.49925753686364244
e92e7c09-c1b8-4f72-a7a8-f75077608d1b,024a219c-b4f9-4b79-9849-65b13577f642,2026-08-15T08:42:51.029000+00:00,2026-08-15T08:43:21.029000+00:00,genuine,0.47222781039632067,-0.06814908499416167,-0.1765203954407466,0.4905386684308824,1.4213724868718092,-0.6616437313577594,-0.25565513586942423,-0.5190032364326661,0.27801313466191285,-0.6233221591539241,0.27209691621780646,-0.12754005915211122
e92e7c09-c1b8-4f72-a7a8-f75077608d1b,a90f9b8d-c3f1-4748-99d5-cc782623de81,2026-08-15T08:42:51.029000+00:00,2026-08-15T08:43:21.029000+00:00,genuine,0.1644666484642644,-0.17565948444605078,-0.06775258488137764,1.2054242723992252,-0.24667999257924506,-0.04267025106795251,1.265874497383305,-0.7865198369506229,-0.05028719853968262,1.4861706651095061,0.6117814317632707,0.057091875635047105
e92e7c09-c1b8-4f72-a7a8-f75077608d1b,39bd6af0-9893-459b-b1d7-4d8a06a62405,2026-08-16T03:42:51.029000+00:00,2026-08-16T03:43:21.029000+00:00,genuine,-0.1390633882914284,-0.024234804014600268,-0.12050873493521852,1.2132144068438238,-0.17919470506776905,-0.17167902524228326,-0.55996106251997,-0.20673739017848122,0.7411745869909038,0.17618217895985305,0.4077898700700414,-0.41253583563826945
e92e7c09-c1b8-4f72-a7a8-f75077608d1b,39bd6af0-9893-459b-b1d7-4d8a06a62405,2026-08-14T15:42:51.029000+00:00,2026-08-14T15:43:21.029000+00:00,genuine,-0.33398300575385953,-0.12839181859671847,-0.09669495281014351,0.0814158062882155,0.48302407650781887,-0.9834531414028382,-0.55996106251997,-0.5716488804956148,0.4650677296507155,-1.3689990252282787,0.16533978716078912,-0.5494655366463502
e92e7c09-c1b8-4f72-a7a8-f75077608d1b,a90f9b8d-c3f1-4748-99d5-cc782623de81,2026-08-15T16:42:51.029000+00:00,2026-08-15T16:43:21.029000+00:00,genuine,0.2677496248920817,-0.09450710127300624,-0.23860607602885744,0.19226977489472674,0.368164212200864,0.24768206100557572,1.265874497383305,-0.6378616003928381,0.1293907134777931,1.5593481905968007,-0.36209595375826265,0.03762219465437199
e92e7c09-c1b8-4f72-a7a8-f75077608d1b,a90f9b8d-c3f1-4748-99d5-cc782623de81,2026-08-16T08:42:51.029000+00:00,2026-08-16T08:43:21.029000+00:00,genuine,-0.18882878203878584,-0.1422163877008343,-0.15046256310121536,1.1276776693149713,1.3412776676383926,0.5327422259577752,1.265874497383305,-0.4913534793363151,-0.18456822426340788,-1.5217931600435528,-0.5779876866214313,-0.4668723156392053
e92e7c09-c1b8-4f72-a7a8-f75077608d1b,39bd6af0-9893-459b-b1d7-4d8a06a62405,2026-08-15T16:42:51.029000+00:00,2026-08-15T16:43:21.029000+00:00,genuine,0.0900502722433155,0.155261099851289,-0.2545942647984978,0.4415128570049175,0.4115525097420954,1.0858272620262763,1.265874497383305,-0.5129842820062176,0.7746377208319888,-0.2560971479060334,1.222332348903712,0.20132969902753073
e92e7c09-c1b8-4f72-a7a8-f75077608d1b,39bd6af0-9893-459b-b1d7-4d8a06a62405,2026-08-16T23:42:51.029000+00:00,2026-08-16T23:43:21.029000+00:00,genuine,0.4541109326594959,0.030934353386772875,-0.0460800489540014,0.4669607961513066,0.030145450005805294,-0.902524704129184,1.265874497383305,-0.5565188582804027,0.9563817300118536,-1.3580960950016447,1.0573395241901253,-0.4214387014240554
e92e7c09-c1b8-4f72-a7a8-f75077608d1b,a90f9b8d-c3f1-4748-99d5-cc782623de81,2026-08-15T08:42:51.029000+00:00,2026-08-15T08:43:21.029000+00:00,genuine,-0.08768937302975273,-0.050170509231583935,0.032028838051361405,-0.10715086600560003,1.4662122713194603,1.0820726959575715,-0.25565513586942423,-0.1662967701231484,0.7510529877443398,-0.19398824606384157,0.32591958330106185,0.14957808991152596
e92e7c09-c1b8-4f72-a7a8-f75077608d1b,024a219c-b4f9-4b79-9849-65b13577f642,2026-08-15T02:42:51.029000+00:00,2026-08-15T02:43:21.029000+00:00,genuine,-0.02110238291193902,0.043935008135094517,-0.19960725539273744,0.5311670448315774,-0.7090554797316269,0.8187740698116399,-1.4728788424716075,-0.09281626873015719,-0.3825162034859834,-0.8905054271068317,1.4107756101874467,-0.025247520028359786
e92e7c09-c1b8-4f72-a7a8-f75077608d1b,39bd6af0-9893-459b-b1d7-4d8a06a62405,2026-08-14T23:42:51.029000+00:00,2026-08-14T23:43:21.029000+00:00,genuine,0.13963433777042894,0.06081912578654307,-0.2337059373238933,0.6308446359456888,0.6759540518326885,0.8369304858410519,0.04865079078112163,-0.374792820193542,0.00035172662737982036,0.26607791028786926,-0.4552498614631936,0.254891284538727
e92e7c09-c1b8-4f72-a7a8-f75077608d1b,024a219c-b4f9-4b79-9849-65b13577f642,2026-08-16T08:42:51.029000+00:00,2026-08-16T08:43:21.029000+00:00,genuine,-0.3890986487671762,-0.15493701869142187,-0.017212042833498958,0.20178752491577773,0.23662555182017847,0.9946644870400214,-0.8642669891705159,-0.2443639432243363,0.08712389773626579,-1.1090258753740443,-0.2250994454238111,-0.408194115830834
e92e7c09-c1b8-4f72-a7a8-f75077608d1b,39bd6af0-9893-459b-b1d7-4d8a06a62405,2026-08-17T02:42:51.029000+00:00,2026-08-17T02:43:21.029000+00:00,genuine,0.061694618918317255,-0.17557932152821862,-0.23080906026442682,0.10573493001294289,-0.1016030874528876,1.5798656485486087,1.265874497383305,-0.11731729429884345,0.7187301344109462,1.609695755337199,0.33326259923200996,-0.3770503462892436
e92e7c09-c1b8-4f72-a7a8-f75077608d1b,a90f9b8d-c3f1-4748-99d5-cc782623de81,2026-08-16T22:42:51.029000+00:00,2026-08-16T22:43:21.029000+00:00,genuine,0.44693085446687225,0.10639924124450047,-0.10186287521892302,0.41299385516596904,0.6186705837412075,-0.8896517662103419,-0.8642669891705159,-0.48543422560691873,-0.17331130123180205,-1.556370446362854,0.8216684723928533,-0.548357611317669
e92e7c09-c1b8-4f72-a7a8-f75077608d1b,a90f9b8d-c3f1-4748-99d5-cc782623de81,2026-08-15T15:42:51.029000+00:00,2026-08-15T15:43:21.029000+00:00,genuine,-0.4249566039456862,0.09813936317332503,-0.18599466578250182,0.4720202947235161,0.8805621452144808,-0.6390749081226155,0.35295671743166745,-0.5154699975247611,0.6906575072011142,-1.1526571977056332,0.691749213277131,0.019189509582192673
e92e7c09-c1b8-4f72-a7a8-f75077608d1b,024a219c-b4f9-4b79-9849-65b13577f642,2026-08-17T00:42:51.029000+00:00,2026-08-17T00:43:21.029000+00:00,genuine,0.14067654559316956,-0.09540268046111625,-0.026332285209056894,0.7011029035205206,-0.5278147267424157,1.0337588261051345,0.35295671743166745,-0.5134589990447697,0.9565581911934693,0.6149089681259582,1.198722581942382,-0.06951525321236167
e92e7c09-c1b8-4f72-a7a8-f75077608d1b,024a219c-b4f9-4b79-9849-65b13577f642,2026-08-16T00:42:51.029000+00:00,2026-08-16T00:43:21.029000+00:00,genuine,-0.08709043058905706,-0.12477372062854585,-0.09814301404821289,0.679261016182005,1.433263867717843,-0.6696184889386735,0.04865079078112163,-0.11374457347085554,0.11931512417606031,-0.6011922305435007,0.046953985293894156,0.21260618834802517
e92e7c09-c1b8-4f72-a7a8-f75077608d1b,024a219c-b4f9-4b79-9849-65b13577f642,2026-08-15T22:42:51.029000+00:00,2026-08-15T22:43:21.029000+00:00,genuine,-0.23998587731688495,-0.18740213588328614,-0.08238156136245423,0.1044464216442906,0.094453354704525,0.7890352887910898,0.04865079078112163,-0.12950757921549846,0.020907879777262866,-1.18491948034964,1.2841477846205247,-0.2092371662248246
e92e7c09-c1b8-4f72-a7a8-f75077608d1b,39bd6af0-9893-459b-b1d7-4d8a06a62405,2026-08-15T02:42:51.029000+00:00,2026-08-15T02:43:21.029000+00:00,genuine,0.40230791216877226,-0.013063999472740407,-0.12222333807822647,0.004727318421876922,1.2987567284561456,-0.6602641459053411,-1.1685729158210618,-0.4981034878093952,-0.02241536399735363,1.3569487771216577,0.8720513794652853,0.14968308917352702
e92e7c09-c1b8-4f72-a7a8-f75077608d1b,a90f9b8d-c3f1-4748-99d5-cc782623de81,2026-08-15T05:42:51.029000+00:00,2026-08-15T05:43:21.029000+00:00,genuine,-0.1601169644420871,-0.1538034069143897,-0.16174856681932687,0.1724166265463112,0.910246440001292,0.5131167440767309,-1.4728788424716075,-0.44397335887361983,0.1329699786852236,-0.7259435459147452,-0.45124281511735426,-0.024270396762499483
e92e7c09-c1b8-4f72-a7a8-f75077608d1b,024a219c-b4f9-4b79-9849-65b13577f642,2026-08-16T03:42:51.029000+00:00,2026-08-16T03:43:21.029000+00:00,genuine,-0.37000255483872446,-0.10184945755545327,-0.10770941760946093,0.5584288453167425,1.3271728576588944,-0.9896493311328829,-1.1685729158210618,-0.19211478860399983,0.13650148549100938,1.1807022444481623,0.4310827410168846,-0.34306660015260293
e92e7c09-c1b8-4f72-a7a8-f75077608d1b,024a219c-b4f9-4b79-9849-65b13577f642,2026-08-15T10:42:51.029000+00:00,2026-08-15T10:43:21.029000+00:00,genuine,0.37681542040024246,-0.08932224868813819,-0.10263847530663013,-0.13657802031954872,-0.6748791712697584,-0.8891653790286509,-0.55996106251997,-0.3436672537376933,-0.12146384760416289,0.01589616907990265,0.7674308200066795,-0.4033503783637355
e92e7c09-c1b8-4f72-a7a8-f75077608d1b,024a219c-b4f9-4b79-9849-65b13577f642,2026-08-17T00:42:51.029000+00:00,2026-08-17T00:43:21.029000+00:00,genuine,-0.04608039279173901,-0.1571745481786291,-0.10606516010094297,-0.2654620976317503,1.50109695953028,-0.6978265035954313,1.265874497383305,-0.8140704921994424,0.01668826839249767,-1.3945539334859756,0.7257721615422316,0.2052284464025595
e92e7c09-c1b8-4f72-a7a8-f75077608d1b,024a219c-b4f9-4b79-9849-65b13577f642,2026-08-16T15:42:51.029000+00:00,2026-08-16T15:43:21.029000+00:00,genuine,-0.09541404910560794,-0.17245456988634497,-0.11061461899136871,-0.10711263140639082,1.3753271475266093,0.6763689737275907,0.04865079078112163,-0.04367771293401319,1.047042056711379,0.9286388119087999,1.3086293878622435,0.25620681638846815
e92e7c09-c1b8-4f72-a7a8-f75077608d1b,39bd6af0-9893-459b-b1d7-4d8a06a62405,2026-08-14T19:42:51.029000+00:00,2026-08-14T19:43:21.029000+00:00,genuine,-0.14505151386424278,-0.19226786875399846,-0.20494584198870947,-0.13405157031711243,0.25766610488511604,-0.7285563065088949,0.04865079078112163,-0.6231596991800142,0.08578984696088843,-1.4831742434329462,-0.07181456389943998,-0.5503554445421004
e92e7c09-c1b8-4f72-a7a8-f75077608d1b,024a219c-b4f9-4b79-9849-65b13577f642,2026-08-16T12:42:51.029000+00:00,2026-08-16T12:43:21.029000+00:00,genuine,0.0357158294525666,0.04399880070197512,-0.037484515480806814,0.6941036545914294,0.9840350816022038,-0.6452361545242844,-0.25565513586942423,-0.7987708353137178,1.064045190074821,1.0723929240708356,0.553790669683204,-0.4477800167109656
e92e7c09-c1b8-4f72-a7a8-f75077608d1b,024a219c-b4f9-4b79-9849-65b13577f642,2026-08-15T08:42:51.029000+00:00,2026-08-15T08:43:21.029000+00:00,genuine,-0.23694227484038807,0.056509401943272135,-0.2578785891951444,0.9114503704183258,0.094220727300438,0.19859799902913622,1.265874497383305,-0.08510956182616905,0.146619865678889,1.0254094940463228,1.0253883333844198,-0.5728159826325171
e92e7c09-c1b8-4f72-a7a8-f75077608d1b,39bd6af0-9893-459b-b1d7-4d8a06a62405,2026-08-14T10:42:51.029000+00:00,2026-08-14T10:43:21.029000+00:00,genuine,-0.04927465638515465,-0.15851009881708683,-0.1554916380336874,0.12323840801985754,0.15894093745454874,1.450751206847701,1.5701804240338508,-0.3174482982534122,0.3499547793125543,-1.1450456673964655,0.2750007079214548,-0.5153042106636417
e92e7c09-c1b8-4f72-a7a8-f75077608d1b,39bd6af0-9893-459b-b1d7-4d8a06a62405,2026-08-15T12:42:51.029000+00:00,2026-08-15T12:43:21.029000+00:00,genuine,-0.2503012541816187,-0.0299602000577931,-0.1761558108991168,0.8275123407100586,1.3980469874106531,0.007880719894914642,0.9615685707327591,-0.7611997688867412,1.0119196557377634,1.2464064239293375,-0.4232484800737619,-0.038168243062793865
e92e7c09-c1b8-4f72-a7a8-f75077608d1b,39bd6af0-9893-459b-b1d7-4d8a06a62405,2026-08-15T17:42:51.029000+00:00,2026-08-15T17:43:21.029000+00:00,genuine,-0.18571196761334574,-0.1232541346176948,0.006446770850981354,0.13296069681661127,-0.22861298317540174,0.2865425728969266,1.5701804240338508,-0.6070068356242567,1.0426006570454192,-0.38331957824926316,-0.3750713413868221,-0.2259576989830573
e92e7c09-c1b8-4f72-a7a8-f75077608d1b,39bd6af0-9893-459b-b1d7-4d8a06a62405,2026-08-15T13:42:51.029000+00:00,2026-08-15T13:43:21.029000+00:00,genuine,-0.07898267692187279,0.0439609673199946,-0.2181065838778027,0.42729420080477853,1.1371373180115487,-0.21080583291436622,0.9615685707327591,-0.39309389517009546,0.7311794507675923,-0.6119346334147151,1.4218194176282852,0.15120642725238106
e92e7c09-c1b8-4f72-a7a8-f75077608d1b,a90f9b8d-c3f1-4748-99d5-cc782623de81,2026-08-16T08:42:51.029000+00:00,2026-08-16T08:43:21.029000+00:00,genuine,-0.09210589336779931,-0.04753874920148909,-0.0017125877307143094,-0.09254041966902359,-0.8640004344123277,0.31732835516574576,-1.1685729158210618,-0.543613380935315,-0.14817337364515626,-1.1122888249123453,0.255395603145149,-0.42241733428946254
e92e7c09-c1b8-4f72-a7a8-f75077608d1b,a90f9b8d-c3f1-4748-99d5-cc782623de81,2026-08-16T20:42:51.029000+00:00,2026-08-16T20:43:21.029000+00:00,genuine,0.5110136099765089,0.04668920426072395,-0.05850626809441593,0.033010073361461965,-0.2848708179719692,0.7730597672363295,-0.8642669891705159,-0.6451659162369285,0.9793524625649597,1.2725948845520094,-0.5599121495502357,-0.15236862524194905
e92e7c09-c1b8-4f72-a7a8-f75077608d1b,a90f9b8d-c3f1-4748-99d5-cc782623de81,2026-08-17T02:42:51.029000+00:00,2026-08-17T02:43:21.029000+00:00,genuine,0.1527467531477141,-0.05452301812351865,-0.0949747010971963,-0.03952176081907482,1.048828264711375,-0.6254934972597058,1.265874497383305,-0.3772214227196265,0.8869504659202816,0.1509979095630368,1.3315543031089296,0.1262124573192696
e92e7c09-c1b8-4f72-a7a8-f75077608d1b,024a219c-b4f9-4b79-9849-65b13577f642,2026-08-16T09:42:51.029000+00:00,2026-08-16T09:43:21.029000+00:00,genuine,-0.3594226405721123,-0.1298997800652077,-0.0898602412721247,0.897605920238363,-0.28242668651448183,1.4966615896290605,1.5701804240338508,-0.4666048396230166,0.9522640771537684,0.7147993966505342,1.014607103946751,-0.3856923100312201
e92e7c09-c1b8-4f72-a7a8-f75077608d1b,dbcafd98-6f46-4010-b5d0-13b23c34f677,2026-08-17T00:52:54.742000+00:00,2026-08-17T00:53:24.742000+00:00,genuine,-0.1951331126997012,-0.15903270681228873,-0.17548005520037355,-0.07885644137380766,1.0648549208693858,1.7557644072307577,0.35295671743166745,-0.08797885857913769,0.5114330801890596,-0.6146989015219821,0.33623725602984744,-0.49925753686364244
e92e7c09-c1b8-4f72-a7a8-f75077608d1b,7ce5291a-f895-4163-b747-7b6fd263d381,2026-08-16T03:52:54.742000+00:00,2026-08-16T03:53:24.742000+00:00,genuine,-0.37000255483872446,-0.10184945755545327,-0.10770941760946093,0.5584288453167425,1.3271728576588944,-0.9896493311328829,-1.1685729158210618,-0.19211478860399983,0.13650148549100938,1.1807022444481623,0.4310827410168846,-0.34306660015260293
e92e7c09-c1b8-4f72-a7a8-f75077608d1b,7ce5291a-f895-4163-b747-7b6fd263d381,2026-08-16T15:52:54.742000+00:00,2026-08-16T15:53:24.742000+00:00,genuine,-0.09541404910560794,-0.17245456988634497,-0.11061461899136871,-0.10711263140639082,1.3753271475266093,0.6763689737275907,0.04865079078112163,-0.04367771293401319,1.047042056711379,0.9286388119087999,1.3086293878622435,0.25620681638846815
e92e7c09-c1b8-4f72-a7a8-f75077608d1b,7ce5291a-f895-4163-b747-7b6fd263d381,2026-08-15T10:52:54.742000+00:00,2026-08-15T10:53:24.742000+00:00,genuine,0.37681542040024246,-0.08932224868813819,-0.10263847530663013,-0.13657802031954872,-0.6748791712697584,-0.8891653790286509,-0.55996106251997,-0.3436672537376933,-0.12146384760416289,0.01589616907990265,0.7674308200066795,-0.4033503783637355
e92e7c09-c1b8-4f72-a7a8-f75077608d1b,7ce5291a-f895-4163-b747-7b6fd263d381,2026-08-17T00:52:54.742000+00:00,2026-08-17T00:53:24.742000+00:00,genuine,-0.04608039279173901,-0.1571745481786291,-0.10606516010094297,-0.2654620976317503,1.50109695953028,-0.6978265035954313,1.265874497383305,-0.8140704921994424,0.01668826839249767,-1.3945539334859756,0.7257721615422316,0.2052284464025595
e92e7c09-c1b8-4f72-a7a8-f75077608d1b,7ce5291a-f895-4163-b747-7b6fd263d381,2026-08-16T12:52:54.742000+00:00,2026-08-16T12:53:24.742000+00:00,genuine,0.0357158294525666,0.04399880070197512,-0.037484515480806814,0.6941036545914294,0.9840350816022038,-0.6452361545242844,-0.25565513586942423,-0.7987708353137178,1.064045190074821,1.0723929240708356,0.553790669683204,-0.4477800167109656
e92e7c09-c1b8-4f72-a7a8-f75077608d1b,dbcafd98-6f46-4010-b5d0-13b23c34f677,2026-08-15T03:52:54.742000+00:00,2026-08-15T03:53:24.742000+00:00,genuine,0.18059720873102797,-0.11715803989620495,0.02171319658014094,0.8450033744789445,-0.6770990270335778,0.3939221025587554,-1.1685729158210618,-0.21316751775132975,0.44661758281234976,0.46520881709136125,0.2748062650126177,-0.35856183704644984
e92e7c09-c1b8-4f72-a7a8-f75077608d1b,7ce5291a-f895-4163-b747-7b6fd263d381,2026-08-17T00:52:54.742000+00:00,2026-08-17T00:53:24.742000+00:00,genuine,0.14067654559316956,-0.09540268046111625,-0.026332285209056894,0.7011029035205206,-0.5278147267424157,1.0337588261051345,0.35295671743166745,-0.5134589990447697,0.9565581911934693,0.6149089681259582,1.198722581942382,-0.06951525321236167
e92e7c09-c1b8-4f72-a7a8-f75077608d1b,7ce5291a-f895-4163-b747-7b6fd263d381,2026-08-15T08:52:54.742000+00:00,2026-08-15T08:53:24.742000+00:00,genuine,0.47222781039632067,-0.06814908499416167,-0.1765203954407466,0.4905386684308824,1.4213724868718092,-0.6616437313577594,-0.25565513586942423,-0.5190032364326661,0.27801313466191285,-0.6233221591539241,0.27209691621780646,-0.12754005915211122
e92e7c09-c1b8-4f72-a7a8-f75077608d1b,7ce5291a-f895-4163-b747-7b6fd263d381,2026-08-16T00:52:54.742000+00:00,2026-08-16T00:53:24.742000+00:00,genuine,-0.08709043058905706,-0.12477372062854585,-0.09814301404821289,0.679261016182005,1.433263867717843,-0.6696184889386735,0.04865079078112163,-0.11374457347085554,0.11931512417606031,-0.6011922305435007,0.046953985293894156,0.21260618834802517
e92e7c09-c1b8-4f72-a7a8-f75077608d1b,dbcafd98-6f46-4010-b5d0-13b23c34f677,2026-08-16T09:52:54.742000+00:00,2026-08-16T09:53:24.742000+00:00,genuine,0.16402553619947735,0.07195169334917015,-0.08202387739394316,1.0099152263807392,0.27673114121409875,0.27101483369864104,0.04865079078112163,-0.19113300320281987,-0.21619681527781862,0.8944256548723957,0.6934542015025735,-0.15776235173895592
e92e7c09-c1b8-4f72-a7a8-f75077608d1b,dbcafd98-6f46-4010-b5d0-13b23c34f677,2026-08-16T20:52:54.742000+00:00,2026-08-16T20:53:24.742000+00:00,genuine,0.5110136099765089,0.04668920426072395,-0.05850626809441593,0.033010073361461965,-0.2848708179719692,0.7730597672363295,-0.8642669891705159,-0.6451659162369285,0.9793524625649597,1.2725948845520094,-0.5599121495502357,-0.15236862524194905
e92e7c09-c1b8-4f72-a7a8-f75077608d1b,7ce5291a-f895-4163-b747-7b6fd263d381,2026-08-16T09:52:54.742000+00:00,2026-08-16T09:53:24.742000+00:00,genuine,-0.3594226405721123,-0.1298997800652077,-0.0898602412721247,0.897605920238363,-0.28242668651448183,1.4966615896290605,1.5701804240338508,-0.4666048396230166,0.9522640771537684,0.7147993966505342,1.014607103946751,-0.3856923100312201
e92e7c09-c1b8-4f72-a7a8-f75077608d1b,7ce5291a-f895-4163-b747-7b6fd263d381,2026-08-15T02:52:54.742000+00:00,2026-08-15T02:53:24.742000+00:00,genuine,-0.02110238291193902,0.043935008135094517,-0.19960725539273744,0.5311670448315774,-0.7090554797316269,0.8187740698116399,-1.4728788424716075,-0.09281626873015719,-0.3825162034859834,-0.8905054271068317,1.4107756101874467,-0.025247520028359786
e92e7c09-c1b8-4f72-a7a8-f75077608d1b,dbcafd98-6f46-4010-b5d0-13b23c34f677,2026-08-15T05:52:54.742000+00:00,2026-08-15T05:53:24.742000+00:00,genuine,-0.1601169644420871,-0.1538034069143897,-0.16174856681932687,0.1724166265463112,0.910246440001292,0.5131167440767309,-1.4728788424716075,-0.44397335887361983,0.1329699786852236,-0.7259435459147452,-0.45124281511735426,-0.024270396762499483
e92e7c09-c1b8-4f72-a7a8-f75077608d1b,dbcafd98-6f46-4010-b5d0-13b23c34f677,2026-08-17T02:52:54.742000+00:00,2026-08-17T02:53:24.742000+00:00,genuine,0.1527467531477141,-0.05452301812351865,-0.0949747010971963,-0.03952176081907482,1.048828264711375,-0.6254934972597058,1.265874497383305,-0.3772214227196265,0.8869504659202816,0.1509979095630368,1.3315543031089296,0.1262124573192696
e92e7c09-c1b8-4f72-a7a8-f75077608d1b,dbcafd98-6f46-4010-b5d0-13b23c34f677,2026-08-16T08:52:54.742000+00:00,2026-08-16T08:53:24.742000+00:00,genuine,-0.18882878203878584,-0.1422163877008343,-0.15046256310121536,1.1276776693149713,1.3412776676383926,0.5327422259577752,1.265874497383305,-0.4913534793363151,-0.18456822426340788,-1.5217931600435528,-0.5779876866214313,-0.4668723156392053
e92e7c09-c1b8-4f72-a7a8-f75077608d1b,dbcafd98-6f46-4010-b5d0-13b23c34f677,2026-08-15T16:52:54.742000+00:00,2026-08-15T16:53:24.742000+00:00,genuine,0.2677496248920817,-0.09450710127300624,-0.23860607602885744,0.19226977489472674,0.368164212200864,0.24768206100557572,1.265874497383305,-0.6378616003928381,0.1293907134777931,1.5593481905968007,-0.36209595375826265,0.03762219465437199
e92e7c09-c1b8-4f72-a7a8-f75077608d1b,dbcafd98-6f46-4010-b5d0-13b23c34f677,2026-08-15T15:52:54.742000+00:00,2026-08-15T15:53:24.742000+00:00,genuine,-0.4249566039456862,0.09813936317332503,-0.18599466578250182,0.4720202947235161,0.8805621452144808,-0.6390749081226155,0.35295671743166745,-0.5154699975247611,0.6906575072011142,-1.1526571977056332,0.691749213277131,0.019189509582192673
e92e7c09-c1b8-4f72-a7a8-f75077608d1b,dbcafd98-6f46-4010-b5d0-13b23c34f677,2026-08-15T08:52:54.742000+00:00,2026-08-15T08:53:24.742000+00:00,genuine,0.1644666484642644,-0.17565948444605078,-0.06775258488137764,1.2054242723992252,-0.24667999257924506,-0.04267025106795251,1.265874497383305,-0.7865198369506229,-0.05028719853968262,1.4861706651095061,0.6117814317632707,0.057091875635047105
e92e7c09-c1b8-4f72-a7a8-f75077608d1b,7ce5291a-f895-4163-b747-7b6fd263d381,2026-08-15T08:52:54.742000+00:00,2026-08-15T08:53:24.742000+00:00,genuine,-0.23694227484038807,0.056509401943272135,-0.2578785891951444,0.9114503704183258,0.094220727300438,0.19859799902913622,1.265874497383305,-0.08510956182616905,0.146619865678889,1.0254094940463228,1.0253883333844198,-0.5728159826325171
e92e7c09-c1b8-4f72-a7a8-f75077608d1b,dbcafd98-6f46-4010-b5d0-13b23c34f677,2026-08-16T22:52:54.742000+00:00,2026-08-16T22:53:24.742000+00:00,genuine,0.44693085446687225,0.10639924124450047,-0.10186287521892302,0.41299385516596904,0.6186705837412075,-0.8896517662103419,-0.8642669891705159,-0.48543422560691873,-0.17331130123180205,-1.556370446362854,0.8216684723928533,-0.548357611317669
e92e7c09-c1b8-4f72-a7a8-f75077608d1b,dbcafd98-6f46-4010-b5d0-13b23c34f677,2026-08-16T08:52:54.742000+00:00,2026-08-16T08:53:24.742000+00:00,genuine,-0.09210589336779931,-0.04753874920148909,-0.0017125877307143094,-0.09254041966902359,-0.8640004344123277,0.31732835516574576,-1.1685729158210618,-0.543613380935315,-0.14817337364515626,-1.1122888249123453,0.255395603145149,-0.42241733428946254
e92e7c09-c1b8-4f72-a7a8-f75077608d1b,dbcafd98-6f46-4010-b5d0-13b23c34f677,2026-08-15T08:52:54.742000+00:00,2026-08-15T08:53:24.742000+00:00,genuine,-0.08768937302975273,-0.050170509231583935,0.032028838051361405,-0.10715086600560003,1.4662122713194603,1.0820726959575715,-0.25565513586942423,-0.1662967701231484,0.7510529877443398,-0.19398824606384157,0.32591958330106185,0.14957808991152596
e92e7c09-c1b8-4f72-a7a8-f75077608d1b,7ce5291a-f895-4163-b747-7b6fd263d381,2026-08-15T22:52:54.742000+00:00,2026-08-15T22:53:24.742000+00:00,genuine,-0.23998587731688495,-0.18740213588328614,-0.08238156136245423,0.1044464216442906,0.094453354704525,0.7890352887910898,0.04865079078112163,-0.12950757921549846,0.020907879777262866,-1.18491948034964,1.2841477846205247,-0.2092371662248246
e92e7c09-c1b8-4f72-a7a8-f75077608d1b,7ce5291a-f895-4163-b747-7b6fd263d381,2026-08-16T08:52:54.742000+00:00,2026-08-16T08:53:24.742000+00:00,genuine,-0.3890986487671762,-0.15493701869142187,-0.017212042833498958,0.20178752491577773,0.23662555182017847,0.9946644870400214,-0.8642669891705159,-0.2443639432243363,0.08712389773626579,-1.1090258753740443,-0.2250994454238111,-0.408194115830834
468f03a2-d7c9-4701-abf8-bb2c692f696b,e68dfd83-bb44-4626-993b-3362cea449d9,1970-01-01T00:00:03.207000+00:00,1970-01-01T00:00:33.219000+00:00,genuine,0.5503165144226433,0.24644910027289021,-0.3172945057429937,-1.8971055858446795,-1.5899599312805228,-1.1951358774888525,0.9615685707327591,1.525897290859018,-0.08818336467841847,0.319851915736856,-1.7269909045796545,3.5207694227608273
468f03a2-d7c9-4701-abf8-bb2c692f696b,942fb1bf-f729-4da0-8e08-d14095bcdfcf,1970-01-01T00:00:12.020000+00:00,1970-01-01T00:00:42.024000+00:00,genuine,-0.7875376098553013,-0.5374189968484542,-0.3172945057429937,-1.9349569810929186,-1.5791150184138139,-1.27206551437594,-1.4728788424716075,1.9073163384086353,-2.1152785990629335,-0.5985284238645371,-1.7228695240897127,-0.6434603029727454
468f03a2-d7c9-4701-abf8-bb2c692f696b,942fb1bf-f729-4da0-8e08-d14095bcdfcf,1970-01-01T00:00:42.024000+00:00,1970-01-01T00:01:12.028000+00:00,genuine,-0.7875376098553013,-0.5374189968484542,-0.3172945057429937,-1.9349569810929186,-1.5842058194441713,-1.3282219139051819,-0.55996106251997,2.3998505805106607,-2.1152785990629335,0.21010763592941475,-1.725815471239859,-0.6434603029727454
468f03a2-d7c9-4701-abf8-bb2c692f696b,942fb1bf-f729-4da0-8e08-d14095bcdfcf,1970-01-01T00:01:12.028000+00:00,1970-01-01T00:01:42.028000+00:00,genuine,-0.7875376098553013,-0.5374189968484542,-0.3172945057429937,-1.9349569810929186,-1.5823377961752645,-1.3168437363946508,-0.55996106251997,1.8403124194865998,-2.1152785990629335,-0.4800114438899014,-1.7244652276757506,-0.6434603029727454
468f03a2-d7c9-4701-abf8-bb2c692f696b,942fb1bf-f729-4da0-8e08-d14095bcdfcf,1970-01-01T00:01:42.028000+00:00,1970-01-01T00:02:12.022000+00:00,genuine,-0.7875376098553013,-0.5374189968484542,-0.3172945057429937,-1.9349569810929186,-1.5861801224840668,-0.9453428875783141,-0.55996106251997,1.052347854791602,-2.1152785990629335,0.11379528051909898,-1.725925394640984,-0.6434603029727454
468f03a2-d7c9-4701-abf8-bb2c692f696b,942fb1bf-f729-4da0-8e08-d14095bcdfcf,1970-01-01T00:02:12.022000+00:00,1970-01-01T00:02:42.455000+00:00,genuine,-0.7875376098553013,-0.5374189968484542,-0.3172945057429937,-1.9349569810929186,-1.5894522890802711,-1.2419163777279123,-1.1685729158210618,0.9971054933442005,-2.1152785990629335,-0.7426955735945084,-1.726179605846304,-0.6434603029727454
468f03a2-d7c9-4701-abf8-bb2c692f696b,942fb1bf-f729-4da0-8e08-d14095bcdfcf,1970-01-01T00:15:00.688000+00:00,1970-01-01T00:15:12.448000+00:00,genuine,-0.7875376098553013,-0.5374189968484542,-0.3172945057429937,-1.9349569810929186,-1.581877667284396,-1.3069505020618906,-1.4728788424716075,1.8626887282310858,-2.1152785990629335,0.18271432983630817,-1.7245999105225658,-0.6434603029727454
468f03a2-d7c9-4701-abf8-bb2c692f696b,6ae6b1ad-3ebd-4091-9109-dc16551befc8,1970-01-01T00:18:33.415000+00:00,1970-01-01T00:18:38.997000+00:00,genuine,-0.7875376098553013,-0.5374189968484542,-0.3172945057429937,-1.9349569810929186,-1.5810961983800675,-1.298590112299732,-1.4728788424716075,5.144532850487665,-2.1152785990629335,1.9110502997303394,-1.7209997590531034,-0.6434603029727454
468f03a2-d7c9-4701-abf8-bb2c692f696b,6ae6b1ad-3ebd-4091-9109-dc16551befc8,1970-01-01T00:20:38.986000+00:00,1970-01-01T00:21:08.999000+00:00,genuine,-0.7875376098553013,-0.5374189968484542,-0.3172945057429937,-1.9349569810929186,-1.5908726869607783,-1.3877473780635592,-1.4728788424716075,2.5514300982602265,-2.1152785990629335,-0.6715528036221049,-1.726147375878207,-0.6434603029727454
468f03a2-d7c9-4701-abf8-bb2c692f696b,6ae6b1ad-3ebd-4091-9109-dc16551befc8,1970-01-01T00:25:08.999000+00:00,1970-01-01T00:25:38.997000+00:00,genuine,-0.7875376098553013,-0.5374189968484542,-0.3172945057429937,-1.9349569810929186,-1.578893706420108,-1.3529869339989704,-1.4728788424716075,1.7525355464665746,-2.1152785990629335,-0.4866744603585784,-1.7233696222039565,-0.6434603029727454
468f03a2-d7c9-4701-abf8-bb2c692f696b,6ae6b1ad-3ebd-4091-9109-dc16551befc8,1970-01-01T00:28:38.997000+00:00,1970-01-01T00:29:08.984000+00:00,genuine,-0.7875376098553013,-0.5374189968484542,-0.3172945057429937,-1.9349569810929186,-1.576994424395028,-1.3164285909901128,-1.4728788424716075,3.528949227874506,-2.1152785990629335,1.898188560116597,-1.723991169668181,-0.6434603029727454
468f03a2-d7c9-4701-abf8-bb2c692f696b,1b8db34d-f938-4d87-b78e-315476e05b56,1970-01-01T00:29:08.984000+00:00,1970-01-01T00:29:38.111000+00:00,genuine,0.18090903234589734,0.011404456675204917,-0.3172945057429937,-1.8971055858446795,-1.5830536216916293,-1.2593301307351885,-0.8642669891705159,1.3650781022652392,-0.7219173484807353,0.05931819721529364,-1.7258543179563732,-0.6434603029727454
468f03a2-d7c9-4701-abf8-bb2c692f696b,f434e8b4-c562-4c95-8413-8ee6bed06cb2,1970-01-01T00:00:01.696000+00:00,1970-01-01T00:00:31.708000+00:00,genuine,0.7130554862564529,3.578525333501554,6.893886992608187,-1.5185916333622886,-1.5818932966624826,-1.3503842916551356,0.04865079078112163,2.253977918282521,1.5789424317685514,0.21121542350855887,-1.7258792908455607,-0.6434603029727454
468f03a2-d7c9-4701-abf8-bb2c692f696b,892182e1-215c-4a77-bb62-02b4c7028887,2026-08-16T09:52:58.211000+00:00,2026-08-16T09:53:28.211000+00:00,genuine,-0.24879259838588802,0.04841853695288966,-0.19954261988052474,1.3018806196123698,0.3401697323673991,0.6368160104735913,0.9615685707327591,-0.12626075634085754,0.8237197184802627,-1.2412927560548508,-0.14086245378932416,-0.5686862070613153
468f03a2-d7c9-4701-abf8-bb2c692f696b,bed84938-5c26-4776-a5c1-dfafb616181c,2026-08-15T04:52:58.211000+00:00,2026-08-15T04:53:28.211000+00:00,genuine,0.05194764167362012,0.008883068649890183,-0.14412627555235952,0.16180738142637174,0.12979641675812192,0.29374337150071794,-0.8642669891705159,-0.19182289223991222,-0.04859312717339782,-0.5410236347755438,1.118671090793504,-0.5817644356020529
468f03a2-d7c9-4701-abf8-bb2c692f696b,bed84938-5c26-4776-a5c1-dfafb616181c,2026-08-17T04:52:58.211000+00:00,2026-08-17T04:53:28.211000+00:00,genuine,-0.39830272394309585,-0.0801340027483144,0.03554500355551783,0.38626938614686646,-0.4929044674899542,-0.810432970334239,-1.4728788424716075,-0.19916107051137621,0.3560676981846362,1.3976597174669936,-0.2922637423899422,-0.4759611270368246
468f03a2-d7c9-4701-abf8-bb2c692f696b,e3b1241c-dc36-4812-ba05-47cbf46120c8,2026-08-14T21:52:58.211000+00:00,2026-08-14T21:53:28.211000+00:00,genuine,0.33590120890205594,-0.18380069132994922,0.008569291818320746,0.7075816668728065,0.051279893817507395,0.6066546946790781,0.35295671743166745,-0.16110263110632642,0.28406478347718406,-0.7913382052459156,0.45650763700703645,-0.1812928888417376
468f03a2-d7c9-4701-abf8-bb2c692f696b,892182e1-215c-4a77-bb62-02b4c7028887,2026-08-14T22:52:58.211000+00:00,2026-08-14T22:53:28.211000+00:00,genuine,-0.06257272867647533,-0.1644682653070285,-0.04618812861835009,0.8223619632205853,0.17224936540384006,1.3472543788967084,1.5701804240338508,-0.7844879782902225,0.152869498518789,0.6955299714987091,1.1117910341873514,-0.15306293617069636
468f03a2-d7c9-4701-abf8-bb2c692f696b,892182e1-215c-4a77-bb62-02b4c7028887,2026-08-14T12:52:58.211000+00:00,2026-08-14T12:53:28.211000+00:00,genuine,0.2680004144032185,-0.013468642866531223,-0.10158220486370537,1.0155778995194658,0.3358302855796903,1.7097723144222705,1.265874497383305,-0.10670765955920666,-0.16310471775266727,1.499098154758293,-0.5974328548312516,-0.24575054928056214
468f03a2-d7c9-4701-abf8-bb2c692f696b,c565b9ef-2cbb-424c-970f-c61fd2e45677,2026-08-16T05:52:58.211000+00:00,2026-08-16T05:53:28.211000+00:00,genuine,0.5375104887737622,-0.023766952999039956,-0.20215013333952592,0.06172153223578461,-0.7978073598641592,0.0902324505618333,1.265874497383305,-0.4330046220160566,0.19927562625764494,1.558964743754109,0.9888287929966398,0.071904602635283
468f03a2-d7c9-4701-abf8-bb2c692f696b,e3b1241c-dc36-4812-ba05-47cbf46120c8,2026-08-16T11:52:58.211000+00:00,2026-08-16T11:53:28.211000+00:00,genuine,0.16842122332788917,0.06419599769508423,-0.23837545914204533,1.032813760894633,0.4910561609969244,-0.5053066386348491,0.04865079078112163,-0.20844921270201128,-0.25668707075676406,1.1282905022047776,1.3646043888804706,0.011254698183979539
468f03a2-d7c9-4701-abf8-bb2c692f696b,c565b9ef-2cbb-424c-970f-c61fd2e45677,2026-08-15T09:52:58.211000+00:00,2026-08-15T09:53:28.211000+00:00,genuine,-0.21431110814072776,-0.19362298311019938,-0.020507468678745245,0.8411674093569654,-0.1584677488792088,-1.0474827578235235,0.9615685707327591,-0.7932672980789107,0.6915645604925734,0.43996156756142346,1.2423988228651002,-0.03856969555506341
468f03a2-d7c9-4701-abf8-bb2c692f696b,a245bcdd-43a0-45f4-9fb9-96b30280020e,2026-08-15T19:52:58.211000+00:00,2026-08-15T19:53:28.211000+00:00,genuine,-0.29962259032556376,0.13840737750412005,-0.132980226875647,0.15661008213765276,1.2146731296031799,-1.0065424032342065,-1.1685729158210618,-0.41369352165682505,0.8784065909806119,-0.7570974206048885,-0.2782811215703285,-0.4655219912965588
468f03a2-d7c9-4701-abf8-bb2c692f696b,e3b1241c-dc36-4812-ba05-47cbf46120c8,2026-08-16T05:52:58.211000+00:00,2026-08-16T05:53:28.211000+00:00,genuine,-0.1401542215525029,-0.0058393740537735755,-0.08846390678414011,1.1823205382107522,1.0569662461535252,-0.26487536657428296,-0.55996106251997,-0.19328342107360788,1.0295148162121093,1.0608176003386303,1.4083378571203278,-0.13771785167518785
468f03a2-d7c9-4701-abf8-bb2c692f696b,892182e1-215c-4a77-bb62-02b4c7028887,2026-08-15T14:52:58.211000+00:00,2026-08-15T14:53:28.211000+00:00,genuine,0.4978974580379557,0.026940706877951272,-0.11628984164733216,0.5076090325884468,-0.7098506921695471,0.1426421330244862,-1.4728788424716075,-0.09511587783482305,0.7736855612806465,0.5907819541976793,-0.5975752338067054,0.11018179979267029
468f03a2-d7c9-4701-abf8-bb2c692f696b,c565b9ef-2cbb-424c-970f-c61fd2e45677,2026-08-17T09:52:58.211000+00:00,2026-08-17T09:53:28.211000+00:00,genuine,0.04154953030787089,0.020149418300743707,-0.20663155889327497,0.05009374878892746,-0.09614317570984596,-0.6311650948770408,-1.4728788424716075,-0.8242934556072091,1.032942252429844,-1.4596182554900317,-0.18964044402607153,-0.2728917580670151
468f03a2-d7c9-4701-abf8-bb2c692f696b,a245bcdd-43a0-45f4-9fb9-96b30280020e,2026-08-14T12:52:58.211000+00:00,2026-08-14T12:53:28.211000+00:00,genuine,-0.06647821502284489,-0.07854260773591157,-0.1433652122157322,-0.26945298792764644,-0.9146260843094778,-0.46369383392784214,-0.55996106251997,-0.5169501390747523,1.0032873386452361,0.09940194430092439,0.4731192043098653,-0.48853797701290996
468f03a2-d7c9-4701-abf8-bb2c692f696b,a245bcdd-43a0-45f4-9fb9-96b30280020e,2026-08-15T06:52:58.211000+00:00,2026-08-15T06:53:28.211000+00:00,genuine,-0.34034967004647676,0.08598441574401688,-0.254513724529275,0.3313314121588049,-0.7250768613239044,0.7400848054635102,-0.55996106251997,-0.228523215764023,0.06887340828420575,-0.30644036489378707,0.6885764521527269,-0.3121817770236873
468f03a2-d7c9-4701-abf8-bb2c692f696b,bed84938-5c26-4776-a5c1-dfafb616181c,2026-08-16T22:52:58.211000+00:00,2026-08-16T22:53:28.211000+00:00,genuine,0.22587073148023956,-0.18771989848847742,-0.14629765198484368,0.7202885459854126,-0.915747871859726,1.3006392973617442,1.5701804240338508,-0.42573036654455426,0.49128519798621034,1.4986371195782833,1.204171766252794,0.12062048728266404
468f03a2-d7c9-4701-abf8-bb2c692f696b,e3b1241c-dc36-4812-ba05-47cbf46120c8,2026-08-14T18:52:58.211000+00:00,2026-08-14T18:53:28.211000+00:00,genuine,0.5227809221784869,-0.04156380323383108,-0.24935751838999395,1.2606075506992829,1.4503911253430242,-0.7654082001120929,1.265874497383305,-0.23059013204170686,1.081391443886843,1.4515579092788395,0.831069711609841,-0.5240909997560104
468f03a2-d7c9-4701-abf8-bb2c692f696b,892182e1-215c-4a77-bb62-02b4c7028887,2026-08-16T23:52:58.211000+00:00,2026-08-16T23:53:28.211000+00:00,genuine,0.24366493174300363,0.01635611870682916,-0.023707318682766824,-0.2543865785274974,0.11191754168222419,-0.18438500152963283,0.04865079078112163,-0.048151083538302844,0.7490594964347159,-1.2377081447958718,0.9789542607616593,0.04020299551557475
468f03a2-d7c9-4701-abf8-bb2c692f696b,892182e1-215c-4a77-bb62-02b4c7028887,2026-08-15T05:52:58.211000+00:00,2026-08-15T05:53:28.211000+00:00,genuine,0.3992858793149022,-0.1744301833179863,-0.021053491679443554,0.4829198951532802,-0.9067070064383567,-0.8624529873382232,-0.25565513586942423,-0.43838170580379415,0.4568703284474616,-1.0079187190454524,1.0706733875149272,-0.5105107746766802
468f03a2-d7c9-4701-abf8-bb2c692f696b,a245bcdd-43a0-45f4-9fb9-96b30280020e,2026-08-16T00:52:58.211000+00:00,2026-08-16T00:53:28.211000+00:00,genuine,-0.2980894904185893,-0.23519205377711322,-0.05406580842631148,0.18265680653932673,-0.6843295978689073,1.4779215845396365,0.6572626440822134,-0.712620758279677,0.7486917801629334,-0.4556348465883823,0.09063051312329812,0.25145370516871546
468f03a2-d7c9-4701-abf8-bb2c692f696b,a245bcdd-43a0-45f4-9fb9-96b30280020e,2026-08-14T18:52:58.211000+00:00,2026-08-14T18:53:28.211000+00:00,genuine,0.1887048795634455,-0.14889855888952258,-0.035403109640391874,1.0574964064675594,1.0113630011321355,0.41834816838419286,-1.1685729158210618,-0.18591550755136504,0.38474178389469404,-0.6277597595490151,0.4524892313982474,0.1979289031228795
468f03a2-d7c9-4701-abf8-bb2c692f696b,e3b1241c-dc36-4812-ba05-47cbf46120c8,2026-08-14T19:52:58.211000+00:00,2026-08-14T19:53:28.211000+00:00,genuine,0.07679398667436241,-0.22890141376091747,-0.11844244724883135,0.5757404999674273,-0.22109982726182878,1.2898978251711988,1.5701804240338508,-0.36481654689553594,0.42342234004989204,-1.4616508519607587,-0.5074076846164144,-0.3159013096271984
468f03a2-d7c9-4701-abf8-bb2c692f696b,892182e1-215c-4a77-bb62-02b4c7028887,2026-08-17T00:52:58.211000+00:00,2026-08-17T00:53:28.211000+00:00,genuine,0.2849789482943831,0.15140405715393923,-0.04356686328246041,-0.01718451092800936,0.8446467371193396,0.10153371620343427,1.5701804240338508,-0.5208976653060399,0.4880196603388524,-0.051430623677592414,-0.35029434678364435,0.10119221504208921
468f03a2-d7c9-4701-abf8-bb2c692f696b,bed84938-5c26-4776-a5c1-dfafb616181c,2026-08-16T17:52:58.211000+00:00,2026-08-16T17:53:28.211000+00:00,genuine,-0.4110875823460807,-0.0766069948561973,-0.13991678051520778,-0.10099544284146363,0.6545487870915987,0.8949600184087213,1.5701804240338508,-0.7021459567053131,0.651451848525982,-0.5714854087053461,1.132451887799325,0.13083782476031466
468f03a2-d7c9-4701-abf8-bb2c692f696b,bed84938-5c26-4776-a5c1-dfafb616181c,2026-08-15T11:52:58.211000+00:00,2026-08-15T11:53:28.211000+00:00,genuine,-0.43607101238439394,-0.12616293618066177,-0.19426762376483336,0.09412830562894751,1.3519180942320745,1.5138041164634093,0.9615685707327591,-0.7086006962410382,0.4763839714293857,-0.5718446887398455,0.06696163878014016,-0.524939082756243
468f03a2-d7c9-4701-abf8-bb2c692f696b,e3b1241c-dc36-4812-ba05-47cbf46120c8,2026-08-16T14:52:58.211000+00:00,2026-08-16T14:53:28.211000+00:00,genuine,-0.18209928697712344,0.0008102244117727385,-0.06636281461867675,0.7704306360857447,1.4617647526989603,-0.9429427916277868,-0.25565513586942423,-0.24604360127511593,0.05527014404341625,-1.4464500719767994,-0.41093461586216157,-0.40648992126807815
468f03a2-d7c9-4701-abf8-bb2c692f696b,c565b9ef-2cbb-424c-970f-c61fd2e45677,2026-08-14T20:52:58.211000+00:00,2026-08-14T20:53:28.211000+00:00,genuine,-0.19084577073534048,0.11703387124001499,-0.1936968841913227,0.9720378530534285,1.1596109450675987,0.32039140191591964,0.6572626440822134,-0.15998050698397956,0.1230344067639287,0.42374918952196816,-0.6043686586220604,-0.007066085841787326
468f03a2-d7c9-4701-abf8-bb2c692f696b,bed84938-5c26-4776-a5c1-dfafb616181c,2026-08-17T01:52:58.211000+00:00,2026-08-17T01:53:28.211000+00:00,genuine,-0.11431755307770096,-0.08225085719173321,-0.11246814060190236,-0.01248605154457364,0.3668958785715942,-0.862008600402479,-0.25565513586942423,-0.8180631363520895,-0.19198009100807187,-0.2144663248350911,-0.16689990718870534,0.05934710086829994
468f03a2-d7c9-4701-abf8-bb2c692f696b,c565b9ef-2cbb-424c-970f-c61fd2e45677,2026-08-15T20:52:58.211000+00:00,2026-08-15T20:53:28.211000+00:00,genuine,0.11520517903532936,-0.1998557665820392,-0.16974639956185764,-0.007300357553355945,-0.16407311057845964,-0.7197117298620671,1.265874497383305,-0.8305173427060778,0.7768834847469847,0.7419814735130211,-0.28233385084949564,-0.48303713115645036
468f03a2-d7c9-4701-abf8-bb2c692f696b,c565b9ef-2cbb-424c-970f-c61fd2e45677,2026-08-14T13:52:58.211000+00:00,2026-08-14T13:53:28.211000+00:00,genuine,-0.23648503891806666,-0.037267148371613455,-0.0031961896889725868,0.07420943333132228,0.9284176040170439,1.7312396835773605,0.35295671743166745,-0.8025728752391336,0.27687097827136453,0.291559552117839,-0.5351064360490093,-0.5698476271972224
468f03a2-d7c9-4701-abf8-bb2c692f696b,c565b9ef-2cbb-424c-970f-c61fd2e45677,2026-08-15T15:52:58.211000+00:00,2026-08-15T15:53:28.211000+00:00,genuine,0.12891785255454133,-0.1436097023602402,-0.09624464321427739,0.6824722157844071,0.7173407177722657,-0.4377207784932516,-0.25565513586942423,-0.24632344024104794,-0.024807902230683538,-0.8159378902482207,-0.5849630850378794,-0.2860968418813053
468f03a2-d7c9-4701-abf8-bb2c692f696b,e3b1241c-dc36-4812-ba05-47cbf46120c8,2026-08-16T10:52:58.211000+00:00,2026-08-16T10:53:28.211000+00:00,genuine,0.3374308962041741,-0.19774586979489348,-0.1695010402204355,1.254071997248001,0.037077193652003584,1.426631373696747,0.9615685707327591,-0.19102966492803336,0.07732421616441389,-0.7505416074309349,0.515886288708611,0.2607545687359407
468f03a2-d7c9-4701-abf8-bb2c692f696b,e3b1241c-dc36-4812-ba05-47cbf46120c8,2026-08-17T04:52:58.211000+00:00,2026-08-17T04:53:28.211000+00:00,genuine,0.27066231639286503,-0.24517001200288052,-0.13557807995558258,-0.20670183332178937,-0.7186823245880237,-0.9905084573297123,0.35295671743166745,-0.6094690003225387,0.9634547956668246,0.10689758017715668,0.8661320385566614,-0.5191220524229795
468f03a2-d7c9-4701-abf8-bb2c692f696b,e3b1241c-dc36-4812-ba05-47cbf46120c8,2026-08-15T11:52:58.211000+00:00,2026-08-15T11:53:28.211000+00:00,genuine,-0.3891506795013585,-0.05215952972755836,-0.061246326189722616,-0.08012180050171605,-0.260135372162022,-0.7272103303065274,-0.25565513586942423,-0.50653294449564,0.5129084718910599,0.016982591370245097,0.24249512753480654,-0.42423473198077977
468f03a2-d7c9-4701-abf8-bb2c692f696b,c565b9ef-2cbb-424c-970f-c61fd2e45677,2026-08-16T00:52:58.211000+00:00,2026-08-16T00:53:28.211000+00:00,genuine,0.04992774542084607,-0.15961281070817915,-0.1582111846202224,1.2178423284559483,-0.32604391131698346,1.7249620210562497,0.9615685707327591,-0.7696287228097289,-0.24603624058044346,-0.2956108470584013,0.7849216980413659,-0.5861850708619458
468f03a2-d7c9-4701-abf8-bb2c692f696b,bed84938-5c26-4776-a5c1-dfafb616181c,2026-08-17T08:52:58.211000+00:00,2026-08-17T08:53:28.211000+00:00,genuine,-0.10016028013370454,-0.2386293758052688,-0.1068047525445866,1.1010604218003468,-0.7304418551031944,-0.6010616592069234,-1.1685729158210618,-0.5035055246416146,1.0504425721219677,0.9917955910393464,0.6311540033217566,-0.05361760417434753
468f03a2-d7c9-4701-abf8-bb2c692f696b,bed84938-5c26-4776-a5c1-dfafb616181c,2026-08-15T01:52:58.211000+00:00,2026-08-15T01:53:28.211000+00:00,genuine,0.08879958757402917,-0.1771233168120653,-0.06657041625166935,-0.18692355462962093,-0.5659980171305851,-0.7258726410274018,-0.25565513586942423,-0.8064955252880712,-0.13167851756040783,-1.6109770890843993,0.7225817965592214,0.09310824280954764
468f03a2-d7c9-4701-abf8-bb2c692f696b,e3b1241c-dc36-4812-ba05-47cbf46120c8,2026-08-14T20:52:58.211000+00:00,2026-08-14T20:53:28.211000+00:00,genuine,-0.4522435431033832,-0.1658223114863474,-0.01580436551190877,0.6359271541179601,0.5766103060428869,-0.1755601272242186,-0.25565513586942423,-0.2670514765742262,0.01159331376972718,1.4017009769318898,0.9897177968154142,-0.3027978187963704
468f03a2-d7c9-4701-abf8-bb2c692f696b,892182e1-215c-4a77-bb62-02b4c7028887,2026-08-14T14:52:58.211000+00:00,2026-08-14T14:53:28.211000+00:00,genuine,0.3911700004352496,-0.1105664233863165,0.00868789232332374,0.9206274818733924,0.24998726530983906,1.40669897622272,0.9615685707327591,-0.0660608031132437,-0.007229028614402893,0.9735562203813227,-0.5401740392177541,-0.5211579166673174
468f03a2-d7c9-4701-abf8-bb2c692f696b,bed84938-5c26-4776-a5c1-dfafb616181c,2026-08-16T23:52:58.211000+00:00,2026-08-16T23:53:28.211000+00:00,genuine,0.009524776295014725,-0.13276971621465986,-0.03453741586708206,-0.24703214381107955,0.371443677516474,-0.8362612993686067,0.35295671743166745,-0.32936828402194634,0.13518749989551163,1.1187938987951893,1.0132874701538093,0.24216394017996973
468f03a2-d7c9-4701-abf8-bb2c692f696b,a245bcdd-43a0-45f4-9fb9-96b30280020e,2026-08-15T15:52:58.211000+00:00,2026-08-15T15:53:28.211000+00:00,genuine,0.30714183297211844,0.13398429886750118,0.01877068402257411,0.21323949100086315,0.5963901100163134,-0.7911738152818405,-1.1685729158210618,-0.2858091524568165,0.4814872274249291,1.0672790823247096,0.2462171308919917,0.11130443222607453
468f03a2-d7c9-4701-abf8-bb2c692f696b,a245bcdd-43a0-45f4-9fb9-96b30280020e,2026-08-15T14:52:58.211000+00:00,2026-08-15T14:53:28.211000+00:00,genuine,0.30578911467921677,0.10821390724503989,0.020288610846560494,0.2728800026056399,-0.08726039093959549,-0.3962032715808163,-0.25565513586942423,-0.7154846703774294,0.4906871539691347,-0.6874101953444105,1.336382847677588,-0.6264452517229527
468f03a2-d7c9-4701-abf8-bb2c692f696b,a245bcdd-43a0-45f4-9fb9-96b30280020e,2026-08-15T09:52:58.211000+00:00,2026-08-15T09:53:28.211000+00:00,genuine,0.39428108947466606,0.10866001748493694,-0.19701865404253063,-0.22645447598163304,1.1069538140597999,-0.766803137602767,1.265874497383305,-0.6858884244113698,-0.36563035018236256,-0.8802435045600513,0.09178182925978619,0.2160382941187184
468f03a2-d7c9-4701-abf8-bb2c692f696b,bed84938-5c26-4776-a5c1-dfafb616181c,2026-08-16T02:52:58.211000+00:00,2026-08-16T02:53:28.211000+00:00,genuine,-0.3082671917068747,0.11409614973925283,-0.15788466945855137,0.21327874132916283,-0.5364782505426324,-0.8963053646737051,0.9615685707327591,-0.23484671550108688,0.639674199432883,0.08715763987461031,1.4473955084472374,-0.23746026493411115
468f03a2-d7c9-4701-abf8-bb2c692f696b,bed84938-5c26-4776-a5c1-dfafb616181c,2026-08-14T14:52:58.211000+00:00,2026-08-14T14:53:28.211000+00:00,genuine,0.09687284444152951,-0.07643290517806477,-0.25055540159881057,0.50333356882107,-0.9686530460755707,0.3251565373796472,0.35295671743166745,-0.78752448555135,0.6525299854422383,-0.8487382361951702,0.46908831261811373,-0.5302200294920095
468f03a2-d7c9-4701-abf8-bb2c692f696b,e3b1241c-dc36-4812-ba05-47cbf46120c8,2026-08-15T23:52:58.211000+00:00,2026-08-15T23:53:28.211000+00:00,genuine,0.22895061728151264,-0.09618820561802986,-0.2341780201509039,1.185372269385747,1.077130342065033,0.5664411490285399,1.5701804240338508,-0.6193587462843352,-0.3733438375626483,-0.7446209633727049,0.7854717675076726,0.09512240031567874
468f03a2-d7c9-4701-abf8-bb2c692f696b,e3b1241c-dc36-4812-ba05-47cbf46120c8,2026-08-14T23:52:58.211000+00:00,2026-08-14T23:53:28.211000+00:00,genuine,0.09735085372191997,0.15592637284351016,-0.08324437585617274,0.08973648562999668,0.09648659803600636,-0.44113542420936347,-0.8642669891705159,-0.7084249846567041,1.0462110374856595,-0.3437206041126702,0.3751715902175621,-0.4621879937021319
468f03a2-d7c9-4701-abf8-bb2c692f696b,c565b9ef-2cbb-424c-970f-c61fd2e45677,2026-08-17T03:52:58.211000+00:00,2026-08-17T03:53:28.211000+00:00,genuine,0.07662020614308067,-0.10088315116132435,-0.06984386011658622,1.2896687799788211,-0.04772813406108516,-0.049916716049725654,0.9615685707327591,-0.30291926761097376,0.21641764423903,-0.3423987844312384,-0.4784185620138547,-0.3758210890863973
468f03a2-d7c9-4701-abf8-bb2c692f696b,a245bcdd-43a0-45f4-9fb9-96b30280020e,2026-08-16T22:52:58.211000+00:00,2026-08-16T22:53:28.211000+00:00,genuine,0.4662603028273795,0.10811576571889586,-0.23115354594617676,1.0740342699624759,-0.46651581541907305,-0.011449593786780784,0.04865079078112163,-0.26497077520239176,0.9957787934093987,-1.4707317636544426,0.08531128636524389,-0.44994033439385395
468f03a2-d7c9-4701-abf8-bb2c692f696b,892182e1-215c-4a77-bb62-02b4c7028887,2026-08-14T13:52:58.211000+00:00,2026-08-14T13:53:28.211000+00:00,genuine,0.3713938923095468,0.14462418968204308,-0.10531254599327569,1.1974025612293175,0.4764071083480486,-0.5782566708254677,0.04865079078112163,-0.38559567017874496,-0.07960653758536912,-1.3476992007747188,-0.23850032948093572,-0.2919205622517915
468f03a2-d7c9-4701-abf8-bb2c692f696b,892182e1-215c-4a77-bb62-02b4c7028887,2026-08-14T11:52:58.211000+00:00,2026-08-14T11:53:28.211000+00:00,genuine,0.06266634792173063,-0.07410786654711253,-0.1795703119744555,-0.24616547803777405,0.6719467054827869,-0.3157597143922895,0.9615685707327591,-0.8092001705159326,0.8372613153409666,1.2533982731724953,0.4181188859132534,-0.10056540303375419
468f03a2-d7c9-4701-abf8-bb2c692f696b,892182e1-215c-4a77-bb62-02b4c7028887,2026-08-14T17:52:58.211000+00:00,2026-08-14T17:53:28.211000+00:00,genuine,-0.3052118502527539,0.1500987081049301,-0.1158452680543425,1.2991993295980486,1.1109640914902477,1.3916709695985097,-0.8642669891705159,-0.7591104714844512,0.24582028683390272,-0.2445064465740686,-0.28051917807377325,0.23529843029840108
468f03a2-d7c9-4701-abf8-bb2c692f696b,892182e1-215c-4a77-bb62-02b4c7028887,2026-08-17T04:52:58.211000+00:00,2026-08-17T04:53:28.211000+00:00,genuine,0.4742912680963017,-0.12621903494233497,-0.0065782825118417656,0.34778722872500245,1.271536563043761,-0.39067876707036986,-1.4728788424716075,-0.5923112958665927,0.9647696194834967,-0.611466177036189,0.7934030557540126,-0.18827547732620195
468f03a2-d7c9-4701-abf8-bb2c692f696b,a245bcdd-43a0-45f4-9fb9-96b30280020e,2026-08-16T23:52:58.211000+00:00,2026-08-16T23:53:28.211000+00:00,genuine,0.33639688453302546,-0.07236495643737383,-0.04125819642622616,0.33095675345762754,0.4015146743062854,1.6072458411263901,0.6572626440822134,-0.05220009020979519,1.0008147261246099,0.35189571261381875,-0.2791702753759427,-0.5907582322050795
468f03a2-d7c9-4701-abf8-bb2c692f696b,bed84938-5c26-4776-a5c1-dfafb616181c,2026-08-16T11:52:58.211000+00:00,2026-08-16T11:53:28.211000+00:00,genuine,-0.41828536088020135,-0.2342537781148084,0.02604819305491786,0.4581729020221325,0.7831271623391994,0.4541779126932374,0.6572626440822134,-0.6444462201302251,-0.17221279662890698,-0.6392814922559267,-0.1658683408427642,0.2510289906828735
dba80c84-68fd-45b2-ba28-10f10075b239,15fa92b6-bb21-469b-8ebe-486f21886538,2026-08-15T14:53:01.217000+00:00,2026-08-15T14:53:31.217000+00:00,genuine,-0.2295888481413458,0.025324179419993393,-0.15129774194799575,0.561187604436403,-0.5119869136654664,-0.8464608820613917,-0.8642669891705159,-0.27985316843468194,0.13473717432820154,-0.6657560635306764,0.6183946837521334,-0.25463569151060567
dba80c84-68fd-45b2-ba28-10f10075b239,15fa92b6-bb21-469b-8ebe-486f21886538,2026-08-14T15:53:01.217000+00:00,2026-08-14T15:53:31.217000+00:00,genuine,-0.4523496414483386,-0.17261242841965185,-0.17929854156342587,0.6506798819971241,1.207701271751889,-0.0789648021803654,-1.1685729158210618,-0.2658753458711081,0.9475885660859735,-0.9257978587398139,0.992581701534834,0.049544346827796105
dba80c84-68fd-45b2-ba28-10f10075b239,15fa92b6-bb21-469b-8ebe-486f21886538,2026-08-15T12:53:01.217000+00:00,2026-08-15T12:53:31.217000+00:00,genuine,0.019365251500370106,-0.03506656027058171,-0.036099990144210864,0.15221063133009727,1.059041893804306,-0.8659047869374691,0.04865079078112163,-0.3404563513992629,0.48654840188962567,-1.2687167260212406,-0.17746317668645484,-0.5106303712791644
dba80c84-68fd-45b2-ba28-10f10075b239,05bc7ce0-dbdf-4bb8-babe-c66084786cd0,2026-08-14T13:53:01.217000+00:00,2026-08-14T13:53:31.217000+00:00,genuine,0.12944862297367618,-0.08337590607734942,-0.10426801548476089,-0.02804296090585668,0.27481788229441423,1.129546281970424,0.04865079078112163,-0.7478028373695135,0.8545129816220108,0.8055058620086455,-0.6552834516882573,0.2416332511851985
dba80c84-68fd-45b2-ba28-10f10075b239,27cc7537-a40e-47c3-a98f-89dbe78e8cb9,2026-08-16T18:53:01.217000+00:00,2026-08-16T18:53:31.217000+00:00,genuine,-0.22800343938673454,-0.11813844673440832,-0.12075854379687974,0.6481806739901339,0.44211372506648966,0.8648320161913843,-0.55996106251997,-0.1671169652856765,0.7827009930338825,-1.0907507645485228,1.1043217747812761,-0.010706764191931449
dba80c84-68fd-45b2-ba28-10f10075b239,05bc7ce0-dbdf-4bb8-babe-c66084786cd0,2026-08-15T15:53:01.217000+00:00,2026-08-15T15:53:31.217000+00:00,genuine,-0.328926634045332,-0.10243692378241563,-0.25325205100585546,-0.04329824989880164,1.4269976465649488,1.5363535065848348,0.6572626440822134,-0.5898781694071902,0.7318969616549639,1.4467781851184363,0.4621057008869883,-0.44090436740393946
dba80c84-68fd-45b2-ba28-10f10075b239,15fa92b6-bb21-469b-8ebe-486f21886538,2026-08-15T19:53:01.217000+00:00,2026-08-15T19:53:31.217000+00:00,genuine,0.18952193029557568,0.1221701712424961,-0.10306582137238993,-0.31063511190991316,0.6639342663093128,-0.8970428166526021,0.9615685707327591,-0.32565647564959427,0.38701684092082583,1.408744333101276,-0.0903549315468812,0.045457939412678776
dba80c84-68fd-45b2-ba28-10f10075b239,15fa92b6-bb21-469b-8ebe-486f21886538,2026-08-14T12:53:01.217000+00:00,2026-08-14T12:53:31.217000+00:00,genuine,-0.16523592207365984,-0.01919893251405213,-0.1039168808670633,0.039802323767211635,0.8328975693297076,1.0703020332775186,-0.55996106251997,-0.3579457331292706,0.33862540039078326,0.0514477125440115,1.3589622231950913,-0.5984929132112417
dba80c84-68fd-45b2-ba28-10f10075b239,27cc7537-a40e-47c3-a98f-89dbe78e8cb9,2026-08-16T04:53:01.217000+00:00,2026-08-16T04:53:31.217000+00:00,genuine,0.30102787289961785,-0.18093210361413548,-0.10779395021236222,-0.23268083242070134,0.6598523409900953,0.3401174761800758,0.9615685707327591,-0.5772474075562835,-0.28128860158540175,-0.8899405320835341,-0.27180864493660667,-0.1451098063294295
dba80c84-68fd-45b2-ba28-10f10075b239,d840a02c-5fc4-4737-90f0-cd5b47cac023,2026-08-15T12:53:01.217000+00:00,2026-08-15T12:53:31.217000+00:00,genuine,0.4508222774346876,0.06657360967681822,-0.17022707161974446,0.11298571331386521,-0.5902348728239831,1.6752980803292932,0.9615685707327591,-0.12770207392275176,0.5364662740704684,0.044134206168030175,-0.4365597921671229,-0.5744002201244253
dba80c84-68fd-45b2-ba28-10f10075b239,d840a02c-5fc4-4737-90f0-cd5b47cac023,2026-08-17T06:53:01.217000+00:00,2026-08-17T06:53:31.217000+00:00,genuine,-0.4020577330893833,-0.23714551566317288,-0.19799025456742378,-0.20346893145267275,0.5441986033931779,-0.036953068616380126,-0.25565513586942423,-0.5392356160321163,1.0112456197542778,-0.04402605416273881,0.6244877360809137,-0.588960091389847
dba80c84-68fd-45b2-ba28-10f10075b239,05bc7ce0-dbdf-4bb8-babe-c66084786cd0,2026-08-16T16:53:01.217000+00:00,2026-08-16T16:53:31.217000+00:00,genuine,-0.09126739564983856,-0.042369820398287614,-0.01805798221321829,0.5266196954811194,1.0568015301600377,1.0217784990233822,-0.55996106251997,-0.7630552311117231,-0.20195857484016594,-0.7624197749836775,0.1577541179713892,-0.3517751752112216
dba80c84-68fd-45b2-ba28-10f10075b239,15fa92b6-bb21-469b-8ebe-486f21886538,2026-08-14T19:53:01.217000+00:00,2026-08-14T19:53:31.217000+00:00,genuine,0.013476022094180315,0.07202940036317905,-0.11604271405738392,0.34677929670442476,-0.9113635461405861,1.0182657983395529,0.04865079078112163,-0.4254324160612422,0.8157354220657677,-0.6788840872904965,0.38095512549825433,-0.4447545074631133
dba80c84-68fd-45b2-ba28-10f10075b239,15fa92b6-bb21-469b-8ebe-486f21886538,2026-08-14T22:53:01.217000+00:00,2026-08-14T22:53:31.217000+00:00,genuine,0.03483952349358075,0.05832864385576925,-0.2170338994665766,-0.17703494225001,0.4272975350592906,1.1603177795709512,0.6572626440822134,-0.4988085508561349,0.29910901963747977,-0.5864101610540698,0.7499621641099948,-0.45753911729844465
dba80c84-68fd-45b2-ba28-10f10075b239,d840a02c-5fc4-4737-90f0-cd5b47cac023,2026-08-14T16:53:01.217000+00:00,2026-08-14T16:53:31.217000+00:00,genuine,0.14771843014198863,0.11133744186723996,-0.16797456494562754,0.9865641840391153,0.9443797358821789,1.026623066435509,-1.1685729158210618,-0.0489717456368792,-0.33502520534794883,0.8939774429337894,-0.11213539232006402,0.06896357093091637
dba80c84-68fd-45b2-ba28-10f10075b239,d840a02c-5fc4-4737-90f0-cd5b47cac023,2026-08-16T03:53:01.217000+00:00,2026-08-16T03:53:31.217000+00:00,genuine,0.1463753599475473,-0.20764791575051625,-0.06960882181117416,0.31388966967426646,-0.6997649697791922,1.3612647178167263,-0.8642669891705159,-0.26102490665363914,-0.35837782573081645,-1.6068049827620283,-0.14878770528062088,-0.35812193696683026
dba80c84-68fd-45b2-ba28-10f10075b239,05bc7ce0-dbdf-4bb8-babe-c66084786cd0,2026-08-15T00:53:01.217000+00:00,2026-08-15T00:53:31.217000+00:00,genuine,0.10912242372115231,-0.1432763884726759,0.024083835682487745,0.29456206944507657,0.7295687250587375,0.8305586782099477,-0.25565513586942423,-0.16164258249431512,1.0569714176178868,0.15741617331406357,0.5641014081092717,-0.4806439957763388
dba80c84-68fd-45b2-ba28-10f10075b239,27cc7537-a40e-47c3-a98f-89dbe78e8cb9,2026-08-15T07:53:01.217000+00:00,2026-08-15T07:53:31.217000+00:00,genuine,0.41617140203520836,-0.1777997064462225,-0.11188851602142093,0.7027619566876319,0.5995668078594446,0.04081890637431018,1.265874497383305,-0.727873151636068,0.5808745389128974,-0.16823137355219475,0.8625766744133998,-0.51152638443667
dba80c84-68fd-45b2-ba28-10f10075b239,27cc7537-a40e-47c3-a98f-89dbe78e8cb9,2026-08-15T18:53:01.217000+00:00,2026-08-15T18:53:31.217000+00:00,genuine,0.23453863082967338,-0.12204000691364301,-0.22492139201425734,-0.2972367630308385,0.4773960304215239,0.09009451905115963,0.35295671743166745,-0.3928014386601357,0.1020336907330699,0.7856180267400203,0.8237443652195573,0.26809921105442325
dba80c84-68fd-45b2-ba28-10f10075b239,05bc7ce0-dbdf-4bb8-babe-c66084786cd0,2026-08-14T11:53:01.217000+00:00,2026-08-14T11:53:31.217000+00:00,genuine,0.45566454656158867,-0.24537306319078128,-0.18338015035510935,0.34025124266148443,0.06159342040628349,-0.14419207669587422,-0.8642669891705159,-0.33943635925110177,0.865612228327247,0.9637135642445391,0.9434861564905358,-0.087203264913084
dba80c84-68fd-45b2-ba28-10f10075b239,27cc7537-a40e-47c3-a98f-89dbe78e8cb9,2026-08-15T10:53:01.217000+00:00,2026-08-15T10:53:31.217000+00:00,genuine,0.011040360125080405,-0.19455261118063957,-0.18371514237324746,-0.11812309106918628,-0.03439904154156353,0.5871455086850923,0.6572626440822134,-0.2568341956207319,0.15265354170882958,-1.061966859824801,1.2091960177977323,0.15047370109669156
dba80c84-68fd-45b2-ba28-10f10075b239,05bc7ce0-dbdf-4bb8-babe-c66084786cd0,2026-08-15T19:53:01.217000+00:00,2026-08-15T19:53:31.217000+00:00,genuine,0.41464494618715086,-0.06465269407168513,-0.15364685961650543,0.1686885056651735,0.24762300845136126,1.5887248654421753,1.265874497383305,-0.12392534247517438,-0.20582739894797358,0.8446044440496556,0.9938554474239937,-0.15337146777921537
dba80c84-68fd-45b2-ba28-10f10075b239,27cc7537-a40e-47c3-a98f-89dbe78e8cb9,2026-08-15T10:53:01.217000+00:00,2026-08-15T10:53:31.217000+00:00,genuine,0.2547031017473027,-0.04775259938924977,-0.12894719436136173,0.37037164454266386,1.3913308044147725,0.6529109077390376,-1.4728788424716075,-0.25604242338539596,0.3844789164486484,-0.2839701774193269,0.03663087308954386,-0.06615536259853758
dba80c84-68fd-45b2-ba28-10f10075b239,d840a02c-5fc4-4737-90f0-cd5b47cac023,2026-08-17T09:53:01.217000+00:00,2026-08-17T09:53:31.217000+00:00,genuine,-0.2764500430681003,-0.20812780447059995,-0.1774380149763864,0.44993470916366884,0.5229811367526821,-0.4799403681307018,-1.1685729158210618,-0.28116271086882194,0.7860830474191508,-0.6450489624988883,-0.27211390915880473,-0.2521575883446393
dba80c84-68fd-45b2-ba28-10f10075b239,15fa92b6-bb21-469b-8ebe-486f21886538,2026-08-15T13:53:01.217000+00:00,2026-08-15T13:53:31.217000+00:00,genuine,-0.1218075732483656,-0.1473764494726802,-0.18708865524273555,1.1128957036670915,-0.06634638285009452,1.4046382965025659,1.265874497383305,-0.06379181848657174,0.9593915740333196,-0.1312971679163436,0.30841867257281735,0.26565701877782016
dba80c84-68fd-45b2-ba28-10f10075b239,27cc7537-a40e-47c3-a98f-89dbe78e8cb9,2026-08-17T05:53:01.217000+00:00,2026-08-17T05:53:31.217000+00:00,genuine,-0.15088991329794782,-0.04550540273209858,-0.23656801021417942,0.016063572872573012,-0.9204870457639218,0.6159767169034616,0.9615685707327591,-0.034055002209327244,0.8567680230764989,-0.7376240379837846,-0.5488580213471438,-0.035347234415969556
dba80c84-68fd-45b2-ba28-10f10075b239,27cc7537-a40e-47c3-a98f-89dbe78e8cb9,2026-08-15T12:53:01.217000+00:00,2026-08-15T12:53:31.217000+00:00,genuine,0.0924217839085464,-0.16997946025500532,-0.24952464604624716,-0.18247719276522256,-0.9581811935802916,1.42857687692905,0.9615685707327591,-0.7631661374623666,0.9596199502805147,-1.3110394178179927,-0.4232071439016363,-0.33230167302473357
dba80c84-68fd-45b2-ba28-10f10075b239,27cc7537-a40e-47c3-a98f-89dbe78e8cb9,2026-08-15T20:53:01.217000+00:00,2026-08-15T20:53:31.217000+00:00,genuine,-0.3652404849159845,-0.1550638137049654,-0.23823757862045203,1.2300331304202692,0.8707427839482995,-0.5960294144015528,1.265874497383305,-0.2659015205017804,-0.38802490274564216,0.13723311908324276,-0.5538146051312769,0.1095953051220413
dba80c84-68fd-45b2-ba28-10f10075b239,d840a02c-5fc4-4737-90f0-cd5b47cac023,2026-08-14T16:53:01.217000+00:00,2026-08-14T16:53:31.217000+00:00,genuine,0.09961369986483229,-0.08674443623968965,-0.13153464091680558,0.0007398385668022097,-0.3433509735873023,-0.9607212041442451,0.35295671743166745,-0.07644035150589787,0.25094086010591865,0.951961153858885,0.5075435395712551,-0.4586722133571079
dba80c84-68fd-45b2-ba28-10f10075b239,05bc7ce0-dbdf-4bb8-babe-c66084786cd0,2026-08-16T13:53:01.217000+00:00,2026-08-16T13:53:31.217000+00:00,genuine,-0.00527737072470805,0.1386008128224892,-0.035957661769485616,0.24653671205115457,0.6886392312829887,-0.37099202873585063,1.265874497383305,-0.12944281459609905,0.6698837851440702,-1.40908419301687,0.03292717244456514,0.04410916706325243
dba80c84-68fd-45b2-ba28-10f10075b239,05bc7ce0-dbdf-4bb8-babe-c66084786cd0,2026-08-15T15:53:01.217000+00:00,2026-08-15T15:53:31.217000+00:00,genuine,-0.22138255153408593,0.1361227782510035,-0.16727783046389194,1.0939656092789976,0.5792203543772919,1.7484638528364083,-1.1685729158210618,-0.1810821842488123,0.6238011746116401,1.196373932099908,0.30548456628746967,0.15672183658801825
dba80c84-68fd-45b2-ba28-10f10075b239,27cc7537-a40e-47c3-a98f-89dbe78e8cb9,2026-08-16T01:53:01.217000+00:00,2026-08-16T01:53:31.217000+00:00,genuine,0.18397911653197288,-0.14246371278673062,-0.1671592906468131,-0.0455773504540369,-0.5282342165807064,1.4878119468676476,-0.55996106251997,-0.40346329812424575,-0.23616622769624088,-0.8090865319945534,0.9509373891750382,-0.32018772350240526
dba80c84-68fd-45b2-ba28-10f10075b239,05bc7ce0-dbdf-4bb8-babe-c66084786cd0,2026-08-16T22:53:01.217000+00:00,2026-08-16T22:53:31.217000+00:00,genuine,-0.3364348063768181,-0.012159264706961088,0.004053783184695169,0.2140591667554056,-0.026426336848871853,0.21221927901169452,-1.4728788424716075,-0.272154192936234,0.24796786494380285,0.007547383343083008,-0.5808614513174878,-0.3591087452292773
dba80c84-68fd-45b2-ba28-10f10075b239,15fa92b6-bb21-469b-8ebe-486f21886538,2026-08-15T19:53:01.217000+00:00,2026-08-15T19:53:31.217000+00:00,genuine,0.15699909807084966,-0.01986032122620352,-0.19460138119182688,0.021901875999257855,0.17212663152812546,1.2667137670463693,1.5701804240338508,-0.5470995383100777,0.11110764574503364,-1.2764098143530078,1.2082346657826486,-0.054491935084450105
dba80c84-68fd-45b2-ba28-10f10075b239,d840a02c-5fc4-4737-90f0-cd5b47cac023,2026-08-15T02:53:01.217000+00:00,2026-08-15T02:53:31.217000+00:00,genuine,0.39883609722925967,-0.053981092382701136,-0.10359642653812642,0.40225102604964397,0.7012991356783089,1.1619554119100008,0.04865079078112163,-0.49586896470470665,-0.34147881696903565,-0.6014795728928619,1.4045870439448984,-0.378092925409904
dba80c84-68fd-45b2-ba28-10f10075b239,05bc7ce0-dbdf-4bb8-babe-c66084786cd0,2026-08-16T18:53:01.217000+00:00,2026-08-16T18:53:31.217000+00:00,genuine,0.3533570158805025,-0.03908631698243654,-0.18863038481285807,-0.28230336616842167,-0.3700997293694155,-0.9080606866360429,-1.1685729158210618,-0.2993003830932852,1.0228938444760227,-0.8684852996119856,-0.5332972705305389,0.07854606741135468
dba80c84-68fd-45b2-ba28-10f10075b239,15fa92b6-bb21-469b-8ebe-486f21886538,2026-08-14T23:53:01.217000+00:00,2026-08-14T23:53:31.217000+00:00,genuine,-0.27159361899135825,0.06997571572045129,-0.11137815420174586,-0.17106775318860545,1.1013688708326066,0.3862786079142446,0.9615685707327591,-0.022270456009480095,-0.3882025430848048,1.0406369341267232,1.3747547818502792,0.12233741263677815
dba80c84-68fd-45b2-ba28-10f10075b239,15fa92b6-bb21-469b-8ebe-486f21886538,2026-08-16T08:53:01.217000+00:00,2026-08-16T08:53:31.217000+00:00,genuine,-0.32501915012006266,0.13982192650618136,-0.07089685441872817,0.4893164713700246,-0.5696611321523776,1.2524920293498287,0.6572626440822134,-0.7573601810233648,0.37113950312855326,0.2529660903168756,0.5228354619288819,-0.096303694919898
dba80c84-68fd-45b2-ba28-10f10075b239,27cc7537-a40e-47c3-a98f-89dbe78e8cb9,2026-08-15T18:53:01.217000+00:00,2026-08-15T18:53:31.217000+00:00,genuine,-0.4533856052009622,-0.20436976037840204,-0.009292909124680813,-0.2611833346409407,1.1845948878535333,1.3308043256749922,0.9615685707327591,-0.309549134818628,-0.2562454630306143,-0.34518790536168137,-0.2812298133853031,-0.08886149342799315
dba80c84-68fd-45b2-ba28-10f10075b239,d840a02c-5fc4-4737-90f0-cd5b47cac023,2026-08-15T14:53:01.217000+00:00,2026-08-15T14:53:31.217000+00:00,genuine,-0.19424082272254872,-0.1913155613189327,-0.10628648990457423,1.0438705090687208,1.3718613418589596,-1.059773639716539,0.35295671743166745,-0.6565858666234413,0.6158582677195041,1.2747800764032908,0.41635407812667113,-0.43743487519777224
dba80c84-68fd-45b2-ba28-10f10075b239,05bc7ce0-dbdf-4bb8-babe-c66084786cd0,2026-08-14T12:53:01.217000+00:00,2026-08-14T12:53:31.217000+00:00,genuine,-0.37748002995090313,0.040106617066380225,-0.13360911554073157,0.5524289471999119,-0.9107978687554975,1.066454423205561,0.35295671743166745,-0.7849070711111286,-0.10740393102564166,1.5092751814836722,0.8469501582960777,0.11838585026560892
dba80c84-68fd-45b2-ba28-10f10075b239,15fa92b6-bb21-469b-8ebe-486f21886538,2026-08-15T08:53:01.217000+00:00,2026-08-15T08:53:31.217000+00:00,genuine,0.19123015639446414,-0.1616746663099498,-0.2506566275737315,0.38901592227537896,0.5135108843035588,-0.5738271980457504,1.265874497383305,-0.41076852129107416,-0.33627730361662245,-1.1315440930050715,-0.5876768300994499,0.1920872640370395
dba80c84-68fd-45b2-ba28-10f10075b239,27cc7537-a40e-47c3-a98f-89dbe78e8cb9,2026-08-14T11:53:01.217000+00:00,2026-08-14T11:53:31.217000+00:00,genuine,-0.22460584397257866,-0.1818860028918548,-0.10066891718175086,0.7754949489273959,0.3579778386057992,1.1127661109092233,0.35295671743166745,-0.7013859263100093,0.11887685398124169,0.22354533188444045,0.39824553168748045,-0.15038051658090362
dba80c84-68fd-45b2-ba28-10f10075b239,d840a02c-5fc4-4737-90f0-cd5b47cac023,2026-08-14T14:53:01.217000+00:00,2026-08-14T14:53:31.217000+00:00,genuine,0.32580549444897366,-0.16954942762212108,-0.18629510902197738,0.36352764177345026,-0.9338473404211123,0.13859507565503,-1.4728788424716075,-0.14001556273898602,1.0314804144031904,1.4867497130249865,0.039873011430603164,-0.07442355340326198
dba80c84-68fd-45b2-ba28-10f10075b239,05bc7ce0-dbdf-4bb8-babe-c66084786cd0,2026-08-15T00:53:01.217000+00:00,2026-08-15T00:53:31.217000+00:00,genuine,0.21587451137990066,0.045163798823162585,-0.1626764942098866,0.4902646924738852,0.32255772778518277,-0.17759698503821228,1.265874497383305,-0.250278414056348,-0.4058611217767522,1.0621783138210115,1.270633560571538,0.22790505262300428
dba80c84-68fd-45b2-ba28-10f10075b239,15fa92b6-bb21-469b-8ebe-486f21886538,2026-08-16T10:53:01.217000+00:00,2026-08-16T10:53:31.217000+00:00,genuine,0.46281908906064795,0.12688689288038857,-0.03069556024331143,0.3932409158095248,0.43807437642219754,1.4508493547030161,1.265874497383305,-0.7261609175690166,0.731011089574252,-1.243026587959567,0.4338580633823543,0.1721534150723196
dba80c84-68fd-45b2-ba28-10f10075b239,27cc7537-a40e-47c3-a98f-89dbe78e8cb9,2026-08-14T17:53:01.217000+00:00,2026-08-14T17:53:31.217000+00:00,genuine,0.2764541815741672,0.09184058947656112,-0.014288113974565699,0.8359722456584879,1.1105385139787975,-0.8169773639935863,-0.55996106251997,-0.6720551902354752,0.5968828397450363,1.0791409307282376,0.5976374154505955,-0.054106459697999036
dba80c84-68fd-45b2-ba28-10f10075b239,d840a02c-5fc4-4737-90f0-cd5b47cac023,2026-08-17T07:53:01.217000+00:00,2026-08-17T07:53:31.217000+00:00,genuine,0.32341687211979014,-0.2073159832432731,-0.20651673499377524,0.6968209234787764,0.2899173477889327,1.5567471020823784,1.265874497383305,-0.2002582963728606,0.27020700521690844,0.19582011834853646,1.374019703644541,-0.09542644803855346
dba80c84-68fd-45b2-ba28-10f10075b239,15fa92b6-bb21-469b-8ebe-486f21886538,2026-08-15T09:53:01.217000+00:00,2026-08-15T09:53:31.217000+00:00,genuine,0.4335015655753285,0.07351277822120467,-0.24421633841411705,0.4566271940405542,1.0929941819234905,1.6194059178687223,0.04865079078112163,-0.7785057192220675,-0.006773846363680244,-0.11999228172021283,-0.06447598001595625,0.1890953383768348
dba80c84-68fd-45b2-ba28-10f10075b239,15fa92b6-bb21-469b-8ebe-486f21886538,2026-08-14T21:53:01.217000+00:00,2026-08-14T21:53:31.217000+00:00,genuine,-0.03390444089196491,-0.09544984526904755,-0.13429985015581875,0.8547770291026239,0.6504402648286205,0.026379045725818125,0.9615685707327591,-0.7375436319538545,-0.004497346754310504,-0.8971995840249612,0.2669516307842789,0.2222355343740151
dba80c84-68fd-45b2-ba28-10f10075b239,27cc7537-a40e-47c3-a98f-89dbe78e8cb9,2026-08-17T02:53:01.217000+00:00,2026-08-17T02:53:31.217000+00:00,genuine,-0.34893104583469137,0.08742143156213349,-0.15123248276194906,-0.2877766262866664,0.9332199593101406,0.869444691555603,-1.4728788424716075,-0.7891770586278843,0.4167185606103357,-1.0827048768267051,0.49714518443767786,0.2507634593031722
dba80c84-68fd-45b2-ba28-10f10075b239,27cc7537-a40e-47c3-a98f-89dbe78e8cb9,2026-08-14T23:53:01.217000+00:00,2026-08-14T23:53:31.217000+00:00,genuine,0.10993881638809014,-0.19327422567597238,0.01729169303273789,1.1607342995125483,-0.1442239996481031,-0.4672767347116421,-0.8642669891705159,-0.5128411560402468,0.15348995576259328,0.21772652532893122,-0.18822648214636015,-0.3103818386983258
dba80c84-68fd-45b2-ba28-10f10075b239,f3535aac-a602-48a9-8b38-38b3526dfb00,1970-01-01T00:00:35.387000+00:00,1970-01-01T00:01:05.646000+00:00,genuine,-0.7875376098553013,-0.5374189968484542,-0.3172945057429937,-1.9349569810929186,-1.5800058929647485,-0.7254914616135346,-1.4728788424716075,1.4486590777018924,-2.1152785990629335,-0.5907168923321884,-1.7221007006123308,-0.6434603029727454
dba80c84-68fd-45b2-ba28-10f10075b239,f3535aac-a602-48a9-8b38-38b3526dfb00,1970-01-01T00:01:35.642000+00:00,1970-01-01T00:02:05.388000+00:00,genuine,-0.7875376098553013,-0.5374189968484542,-0.3172945057429937,-1.9349569810929186,-1.5835362568869427,-1.3877856991778244,-1.4728788424716075,2.475670232438175,-2.1152785990629335,-0.17654281117958978,-1.725152088850158,0.089966034938421
dba80c84-68fd-45b2-ba28-10f10075b239,f3535aac-a602-48a9-8b38-38b3526dfb00,1970-01-01T00:02:05.388000+00:00,1970-01-01T00:02:35.393000+00:00,genuine,-0.7875376098553013,-0.5374189968484542,-0.3172945057429937,-1.9349569810929186,-1.5956115143966263,-1.4325351803608362,-1.4728788424716075,-1.1077947918769995,-2.1152785990629335,-2.458658533689126,-1.728544986683713,4.908577075014784
dba80c84-68fd-45b2-ba28-10f10075b239,f3535aac-a602-48a9-8b38-38b3526dfb00,1970-01-01T00:06:05.391000+00:00,1970-01-01T00:06:35.394000+00:00,genuine,-0.7875376098553013,-0.5374189968484542,-0.3172945057429937,-1.9349569810929186,-1.5862195085168451,-1.389727302300587,-1.4728788424716075,0.3828195650179279,-2.1152785990629335,-0.7081016482369635,-1.7265360564868446,-0.6434603029727454
dba80c84-68fd-45b2-ba28-10f10075b239,f3535aac-a602-48a9-8b38-38b3526dfb00,1970-01-01T00:06:35.394000+00:00,1970-01-01T00:07:05.399000+00:00,genuine,-0.7875376098553013,-0.5374189968484542,-0.3172945057429937,-1.9349569810929186,-1.5891678343990956,-1.395829939747296,-0.55996106251997,1.4591868673637987,-2.1152785990629335,-0.26351228163932766,-1.7275185369050539,2.854983328863518
dba80c84-68fd-45b2-ba28-10f10075b239,f3535aac-a602-48a9-8b38-38b3526dfb00,1970-01-01T00:07:05.399000+00:00,1970-01-01T00:07:35.395000+00:00,genuine,-0.7875376098553013,-0.5374189968484542,-0.3172945057429937,-1.9349569810929186,-1.5890384231485386,-1.3571415814705394,-1.1685729158210618,2.5931988455765667,-2.1152785990629335,0.6930460019580184,-1.7264677545676992,2.235238073328582
dba80c84-68fd-45b2-ba28-10f10075b239,f3535aac-a602-48a9-8b38-38b3526dfb00,1970-01-01T00:08:05.389000+00:00,1970-01-01T00:08:35.638000+00:00,genuine,-0.7875376098553013,-0.5374189968484542,-0.3172945057429937,-1.9349569810929186,-1.5956115143966263,-1.4325351803608362,-1.4728788424716075,-1.1077947918769995,-2.1152785990629335,-2.458658533689126,-1.728544986683713,-0.6434603029727454
dba80c84-68fd-45b2-ba28-10f10075b239,f3535aac-a602-48a9-8b38-38b3526dfb00,1970-01-01T00:08:35.638000+00:00,1970-01-01T00:09:05.651000+00:00,genuine,-0.7875376098553013,-0.5374189968484542,-0.3172945057429937,-1.9349569810929186,-1.5803022259732697,-1.3046640089107424,-1.4728788424716075,2.7621435094127564,-2.1152785990629335,0.4118553032841764,-1.7227088011362235,-0.6434603029727454
dba80c84-68fd-45b2-ba28-10f10075b239,f3535aac-a602-48a9-8b38-38b3526dfb00,1970-01-01T00:10:48.653000+00:00,1970-01-01T00:11:05.388000+00:00,genuine,-0.7875376098553013,-0.5374189968484542,-0.3172945057429937,-1.9349569810929186,-1.5888596230632281,-1.3265613322870298,-1.1685729158210618,-0.047134929966291296,-2.1152785990629335,-1.1208013944496713,-1.7269655048034722,-0.6434603029727454
dba80c84-68fd-45b2-ba28-10f10075b239,f3535aac-a602-48a9-8b38-38b3526dfb00,1970-01-01T00:11:05.388000+00:00,1970-01-01T00:11:35.401000+00:00,genuine,-0.7875376098553013,-0.5374189968484542,-0.3172945057429937,-1.9349569810929186,-1.5861732455577087,-1.3298729152447677,0.04865079078112163,1.5800037163026315,-2.1152785990629335,0.2287934058305701,-1.726235954929599,4.613372974005539
dba80c84-68fd-45b2-ba28-10f10075b239,f3535aac-a602-48a9-8b38-38b3526dfb00,1970-01-01T00:11:35.401000+00:00,1970-01-01T00:12:05.645000+00:00,genuine,7.186006410934566,2.5442131161330197,4.673529903976941,-1.7943660844566018,-1.5869834725177165,-1.3517606583424888,0.04865079078112163,2.1866098476272136,1.885567258274925,0.7059077415717606,-1.7261928393431383,6.270916497684775
dba80c84-68fd-45b2-ba28-10f10075b239,f3535aac-a602-48a9-8b38-38b3526dfb00,1970-01-01T00:12:05.645000+00:00,1970-01-01T00:12:35.642000+00:00,genuine,-0.7875376098553013,-0.5374189968484542,-0.3172945057429937,-1.9349569810929186,-1.5889315182024266,-1.374759713753896,0.6572626440822134,2.0476995491352135,-2.1152785990629335,0.2603083333578462,-1.726873297212626,3.7717662512524757
dba80c84-68fd-45b2-ba28-10f10075b239,f3535aac-a602-48a9-8b38-38b3526dfb00,1970-01-01T00:12:35.642000+00:00,1970-01-01T00:13:05.394000+00:00,genuine,-0.7875376098553013,-0.5374189968484542,-0.3172945057429937,-1.9349569810929186,-1.5854661724930723,-1.308777141841858,-0.25565513586942423,3.45250997449038,-2.1152785990629335,0.4515808916921692,-1.7254686255566982,3.263868512248993
dba80c84-68fd-45b2-ba28-10f10075b239,f3535aac-a602-48a9-8b38-38b3526dfb00,1970-01-01T00:13:05.394000+00:00,1970-01-01T00:13:35.390000+00:00,genuine,0.06775719098905619,3.910714044083701,8.624000172279931,-1.788958742278282,-1.5881538003488387,-1.3745617213301933,0.35295671743166745,1.445865436046642,0.6080705037212312,0.2650245760661152,-1.7268175884598227,1.069090196049828
dba80c84-68fd-45b2-ba28-10f10075b239,8dec00b7-651f-4f45-8159-64f6f5015822,1970-01-01T00:01:11.570000+00:00,1970-01-01T00:01:41.579000+00:00,genuine,-0.7875376098553013,-0.5374189968484542,-0.3172945057429937,-1.9349569810929186,-1.5846421916803484,-1.3295312186425712,-1.4728788424716075,3.1764720904692627,-2.1152785990629335,1.5747227325033493,-1.7253044875072516,-0.22907442205293635
dba80c84-68fd-45b2-ba28-10f10075b239,8dec00b7-651f-4f45-8159-64f6f5015822,1970-01-01T00:01:41.579000+00:00,1970-01-01T00:02:11.573000+00:00,genuine,-0.7875376098553013,-0.5374189968484542,-0.3172945057429937,-1.9349569810929186,-1.5874204699290169,-1.3604946789687313,-0.25565513586942423,2.1630215114719866,-2.1152785990629335,0.8586439540462898,-1.726639149696055,2.5139400817348254
dba80c84-68fd-45b2-ba28-10f10075b239,e361373e-1e90-4e5b-8754-8723673796d6,1970-01-01T00:17:18.409000+00:00,1970-01-01T00:17:48.412000+00:00,genuine,-0.7875376098553013,-0.5374189968484542,-0.3172945057429937,-1.9349569810929186,-1.591228411606029,-1.4025201676127361,-1.1685729158210618,1.4322776848051517,-2.1152785990629335,-0.027610545759916602,-1.7272222773307602,-0.11539333967670558
dba80c84-68fd-45b2-ba28-10f10075b239,e361373e-1e90-4e5b-8754-8723673796d6,1970-01-01T00:17:48.412000+00:00,1970-01-01T00:18:18.417000+00:00,genuine,-0.7875376098553013,-0.5374189968484542,-0.3172945057429937,-1.9349569810929186,-1.5896423423178037,-1.4093892273447461,-0.8642669891705159,2.655283998549183,-2.1152785990629335,1.5107235633170457,-1.7273264377574569,1.55131801322642
dba80c84-68fd-45b2-ba28-10f10075b239,e361373e-1e90-4e5b-8754-8723673796d6,1970-01-01T00:18:18.417000+00:00,1970-01-01T00:18:48.420000+00:00,genuine,-0.7875376098553013,-0.5374189968484542,-0.3172945057429937,-1.9349569810929186,-1.587421720279264,-1.3640234149073047,-1.4728788424716075,2.644756208887276,-2.1152785990629335,1.4814649384325855,-1.7264914467959027,2.9466616211024137
dba80c84-68fd-45b2-ba28-10f10075b239,e361373e-1e90-4e5b-8754-8723673796d6,1970-01-01T00:18:48.420000+00:00,1970-01-01T00:19:18.419000+00:00,genuine,-0.7875376098553013,-0.5374189968484542,-0.3172945057429937,-1.9349569810929186,-1.5872791803511144,-1.3796264952655575,-1.1685729158210618,2.5122647640817557,-2.1152785990629335,2.2482820171138376,-1.7256940218898784,-0.6434603029727454
dba80c84-68fd-45b2-ba28-10f10075b239,e361373e-1e90-4e5b-8754-8723673796d6,1970-01-01T00:19:18.419000+00:00,1970-01-01T00:19:48.416000+00:00,genuine,-0.7875376098553013,-0.5374189968484542,-0.3172945057429937,-1.9349569810929186,-1.5834824918263248,-1.2842803695479248,-1.4728788424716075,3.1323336393364065,-2.1152785990629335,5.41897370604764,-1.7268400000270423,-0.6434603029727454
dba80c84-68fd-45b2-ba28-10f10075b239,e361373e-1e90-4e5b-8754-8723673796d6,1970-01-01T00:20:18.416000+00:00,1970-01-01T00:20:48.920000+00:00,genuine,-0.7875376098553013,-0.5374189968484542,-0.3172945057429937,-1.9349569810929186,-1.5844177538110251,-1.2671604117500137,-1.4728788424716075,1.0887575930182989,-2.1152785990629335,-0.22568459401031,-1.7241732369714036,-0.6434603029727454
dba80c84-68fd-45b2-ba28-10f10075b239,e361373e-1e90-4e5b-8754-8723673796d6,1970-01-01T00:25:48.421000+00:00,1970-01-01T00:26:18.920000+00:00,genuine,-0.7875376098553013,-0.5374189968484542,-0.3172945057429937,-1.9349569810929186,-1.5927988515161673,-1.3617688560180443,-1.4728788424716075,-0.8704602584921424,-2.1152785990629335,-1.171914387531516,-1.7247811240517987,-0.6434603029727454
dba80c84-68fd-45b2-ba28-10f10075b239,9bff92a1-dd3a-448a-8302-4bf76d6ddc6b,1970-01-01T00:00:09.888000+00:00,1970-01-01T00:00:40.537000+00:00,genuine,-0.7875376098553013,-0.5374189968484542,-0.3172945057429937,-1.9349569810929186,-1.5871766516308665,-1.3372401494622237,-1.4728788424716075,2.801961055650819,-2.1152785990629335,0.6099945155098132,-1.7257650985744892,-0.6434603029727454
dba80c84-68fd-45b2-ba28-10f10075b239,9bff92a1-dd3a-448a-8302-4bf76d6ddc6b,1970-01-01T00:02:02.538000+00:00,1970-01-01T00:02:09.888000+00:00,genuine,-0.7875376098553013,-0.5374189968484542,-0.3172945057429937,-1.9349569810929186,-1.582439699720389,-1.347666685968506,-1.4728788424716075,2.652332738979531,-2.1152785990629335,1.0026807758257734,-1.7228641880022795,-0.6434603029727454
dba80c84-68fd-45b2-ba28-10f10075b239,9bff92a1-dd3a-448a-8302-4bf76d6ddc6b,1970-01-01T00:00:01.512000+00:00,1970-01-01T00:00:31.522000+00:00,genuine,6.834902903194957,1.8744516674183351,4.849593461665762,-1.6483678456419655,-1.5871972824099407,-1.362991938248337,0.35295671743166745,2.182435690445828,1.5183429531827406,-0.0759377789000896,-1.7261057543962277,8.320843112146484
dba80c84-68fd-45b2-ba28-10f10075b239,9bff92a1-dd3a-448a-8302-4bf76d6ddc6b,1970-01-01T00:00:31.522000+00:00,1970-01-01T00:01:01.519000+00:00,genuine,6.331710008690416,1.7970490347853043,5.150457091370957,-1.664589872176925,-1.5870647452837667,-1.363758360533638,1.8744863506843967,1.9237738227123282,1.9192810526994255,0.15349643243637554,-1.726441927904522,4.659212120124987
dba80c84-68fd-45b2-ba28-10f10075b239,3101621a-6611-4c9a-bcf2-4066b246e265,1970-01-01T00:04:12.884000+00:00,1970-01-01T00:04:43.221000+00:00,impostor,-0.7875376098553013,-0.5374189968484542,-0.3172945057429937,-1.9349569810929186,-1.587614899392414,-1.357381088434696,-1.4728788424716075,2.0679344282840404,-2.1152785990629335,0.1775256483075217,-1.7263373405908304,-0.6434603029727454
dba80c84-68fd-45b2-ba28-10f10075b239,3101621a-6611-4c9a-bcf2-4066b246e265,1970-01-01T00:04:43.221000+00:00,1970-01-01T00:05:12.897000+00:00,impostor,-0.7875376098553013,-0.5374189968484542,-0.3172945057429937,-1.918734954557959,-1.5874279720304985,-1.3651059863852923,0.9615685707327591,1.809500834771397,-0.1180563470798746,-0.05191670852584914,-1.726523249877005,0.027624796215971862
dba80c84-68fd-45b2-ba28-10f10075b239,3101621a-6611-4c9a-bcf2-4066b246e265,1970-01-01T00:05:12.897000+00:00,1970-01-01T00:05:43.218000+00:00,impostor,-0.7875376098553013,-0.5374189968484542,-0.3172945057429937,-1.9349569810929186,-1.5841639327108994,-1.3651890154661999,0.04865079078112163,1.4225108092127692,-2.1152785990629335,-0.24537226003083887,-1.7260549548438633,1.1259307372379435
dba80c84-68fd-45b2-ba28-10f10075b239,3101621a-6611-4c9a-bcf2-4066b246e265,1970-01-01T00:05:43.218000+00:00,1970-01-01T00:06:12.884000+00:00,impostor,-0.7875376098553013,-0.5374189968484542,-0.3172945057429937,-1.9349569810929186,-1.5880062590197017,-1.349327267586658,-0.55996106251997,1.9106263146110622,-2.1152785990629335,0.41580586928333063,-1.7266797039605475,-0.6434603029727454
dba80c84-68fd-45b2-ba28-10f10075b239,3101621a-6611-4c9a-bcf2-4066b246e265,1970-01-01T00:06:12.884000+00:00,1970-01-01T00:06:42.884000+00:00,impostor,-0.7875376098553013,-0.5374189968484542,-0.3172945057429937,-1.9349569810929186,-1.5836575408608944,-1.3354486373703325,0.9615685707327591,2.1308891973361117,-2.1152785990629335,0.1241156250983333,-1.7249597762590638,2.1087220300389062
dba80c84-68fd-45b2-ba28-10f10075b239,3101621a-6611-4c9a-bcf2-4066b246e265,1970-01-01T00:06:42.884000+00:00,1970-01-01T00:07:12.896000+00:00,impostor,-0.7875376098553013,-0.5374189968484542,-0.3172945057429937,-1.9349569810929186,-1.587570511958648,-1.3633240545719676,1.5701804240338508,1.6132284856383223,-2.1152785990629335,0.007806074785080806,-1.7266698855596705,4.672047081038432
dba80c84-68fd-45b2-ba28-10f10075b239,3101621a-6611-4c9a-bcf2-4066b246e265,1970-01-01T00:07:12.896000+00:00,1970-01-01T00:07:42.884000+00:00,impostor,-0.7875376098553013,-0.5374189968484542,-0.3172945057429937,-1.9349569810929186,-1.5846797021877561,-1.3383961697425526,-0.55996106251997,1.1882362374074953,-2.1152785990629335,-0.5285015869681836,-1.7252517669634109,-0.23090798789771427
dba80c84-68fd-45b2-ba28-10f10075b239,3101621a-6611-4c9a-bcf2-4066b246e265,1970-01-01T00:07:42.884000+00:00,1970-01-01T00:08:12.885000+00:00,impostor,-0.7875376098553013,-0.5374189968484542,-0.3172945057429937,-1.9349569810929186,-1.586446447086662,-1.3502342006242642,-0.25565513586942423,1.8623952328042697,-2.1152785990629335,-0.1597875240450315,-1.7256521869644017,1.138765698151389
dba80c84-68fd-45b2-ba28-10f10075b239,3101621a-6611-4c9a-bcf2-4066b246e265,1970-01-01T00:08:12.885000+00:00,1970-01-01T00:08:43.218000+00:00,impostor,-0.7875376098553013,-0.5374189968484542,-0.3172945057429937,-1.9349569810929186,-1.5885345319990276,-1.3750567023894502,0.35295671743166745,1.6630031359861484,-2.1152785990629335,0.32820919556187134,-1.7270167312428315,0.7152119880076903
dba80c84-68fd-45b2-ba28-10f10075b239,3101621a-6611-4c9a-bcf2-4066b246e265,1970-01-01T00:08:43.218000+00:00,1970-01-01T00:09:13.221000+00:00,impostor,-0.7875376098553013,-0.5374189968484542,-0.3172945057429937,-1.9349569810929186,-1.5863014064580185,-1.3449937882485186,-0.8642669891705159,1.0609244433752307,-2.1152785990629335,-0.6464565276563418,-1.7258190997793137,0.26048765850276717
dba80c84-68fd-45b2-ba28-10f10075b239,3101621a-6611-4c9a-bcf2-4066b246e265,1970-01-01T00:09:13.221000+00:00,1970-01-01T00:09:42.894000+00:00,impostor,-0.10563136591363265,1.4063886271505308,6.6487650381284364,-1.7727367157433225,-1.5879456170327257,-1.3546858367313874,1.265874497383305,1.2255916831205995,-0.05404281336246886,-0.2553586392369491,-1.7266784232995636,-0.3720925579456138
dba80c84-68fd-45b2-ba28-10f10075b239,3101621a-6611-4c9a-bcf2-4066b246e265,1970-01-01T00:09:42.894000+00:00,1970-01-01T00:10:13.221000+00:00,impostor,-0.7875376098553013,-0.5374189968484542,-0.3172945057429937,-1.9349569810929186,-1.5840520263637996,-1.3497775406792722,1.8744863506843967,1.9979846848928495,-2.1152785990629335,0.023551320303360754,-1.7259031965172618,1.4138005748680762
dba80c84-68fd-45b2-ba28-10f10075b239,3101621a-6611-4c9a-bcf2-4066b246e265,1970-01-01T00:10:13.221000+00:00,1970-01-01T00:10:42.891000+00:00,impostor,11.30173824052296,4.680687876558877,8.40798644989465,-1.8430321640614808,-1.5889390203039082,-1.3633208611457788,0.9615685707327591,1.9976422735615638,3.8768149137776926,0.507581182917298,-1.7268069162849562,0.06979681064586392
dba80c84-68fd-45b2-ba28-10f10075b239,3101621a-6611-4c9a-bcf2-4066b246e265,1970-01-01T00:10:42.891000+00:00,1970-01-01T00:11:13.212000+00:00,impostor,-0.7875376098553013,-0.5374189968484542,-0.3172945057429937,-1.9349569810929186,-1.5833768372304597,-1.3260887052110941,-1.1685729158210618,2.508465628834635,-2.1152785990629335,0.5720690819179298,-1.7250536913978889,-0.6434603029727454
dba80c84-68fd-45b2-ba28-10f10075b239,3101621a-6611-4c9a-bcf2-4066b246e265,1970-01-01T00:11:13.212000+00:00,1970-01-01T00:11:42.890000+00:00,impostor,-0.7875376098553013,11.0411348749587,-0.3172945057429937,-1.918734954557959,-1.5877111763614271,-1.3618582719513295,0.9615685707327591,1.7924781000160583,-0.8862187516887432,0.20410440471008107,-1.7266547310713602,1.7878480072027712
dba80c84-68fd-45b2-ba28-10f10075b239,3101621a-6611-4c9a-bcf2-4066b246e265,1970-01-01T00:11:42.890000+00:00,1970-01-01T00:12:12.888000+00:00,impostor,-0.7875376098553013,-0.5374189968484542,-0.3172945057429937,-1.9349569810929186,-1.586587111489441,-1.3668048891177096,0.04865079078112163,2.279506585315032,-2.1152785990629335,0.10913605628916814,-1.7262564455053426,-0.40326317730683836
dba80c84-68fd-45b2-ba28-10f10075b239,3101621a-6611-4c9a-bcf2-4066b246e265,1970-01-01T00:12:12.888000+00:00,1970-01-01T00:12:43.223000+00:00,impostor,-0.7875376098553013,-0.5374189968484542,-0.3172945057429937,-1.9349569810929186,-1.580063409076107,-1.3116288714284154,-1.1685729158210618,-0.40768862670947625,-2.1152785990629335,-1.6168784469868034,-1.7237736707444018,-0.6434603029727454
dba80c84-68fd-45b2-ba28-10f10075b239,9c78cf5f-3af1-4853-a943-f4b652c3fae4,1970-01-01T00:00:00.847000+00:00,1970-01-01T00:00:30.848000+00:00,impostor,1.2002740031576742,10.660779380269835,0.45696089855122046,-1.8808835593097197,-1.588085031085258,-1.3765001310267673,1.5701804240338508,2.394143724989235,-0.25035098342917955,0.8887334196151078,-1.7270316722876446,0.49885121832389623
4958d349-1ff1-4f6b-8344-fca7d4d717aa,e21d6bcf-d489-452a-8434-9fdeb4a8a4ff,2026-08-16T21:53:04.099000+00:00,2026-08-16T21:53:34.099000+00:00,genuine,-0.30698967310145725,-0.0067674099428585875,-0.008863500017810385,1.1671934309601435,1.0897005870377572,1.3024284653779543,-0.8642669891705159,-0.6862260297443319,0.18197891940958166,1.2420369145332424,0.6044804682290411,-0.19492536559352597
4958d349-1ff1-4f6b-8344-fca7d4d717aa,b18da398-8da7-48c4-a227-ad674d8de565,2026-08-15T11:53:04.099000+00:00,2026-08-15T11:53:34.099000+00:00,genuine,0.5422391218142644,0.09105712899288185,-0.18704783484889095,0.7567814906128776,0.6421741233475683,-0.023769284821725807,0.04865079078112163,-0.33328181575227006,0.6413795407323459,-0.28658021465537636,0.4077401470240978,-0.12452776984551753
4958d349-1ff1-4f6b-8344-fca7d4d717aa,dd8db810-64d3-4a3e-b264-bbb8473ae07b,2026-08-15T14:53:04.099000+00:00,2026-08-15T14:53:34.099000+00:00,genuine,-0.27748023993075793,-0.009547789393155738,-0.2134178345120988,-0.21690065388699156,1.4275544753143292,1.063512959497731,-1.1685729158210618,-0.17836462584939844,0.1613507529111703,0.42518901892717603,-0.5177868852565146,0.0994621191236144
4958d349-1ff1-4f6b-8344-fca7d4d717aa,dd8db810-64d3-4a3e-b264-bbb8473ae07b,2026-08-16T14:53:04.099000+00:00,2026-08-16T14:53:34.099000+00:00,genuine,-0.08659149160446214,-0.024754856549354446,-0.151295450394518,0.658529648100069,0.09436382025169028,-0.246063295540095,1.5701804240338508,-0.07838774050508471,-0.1977474338441096,-0.8405733454712766,0.6803694120492869,0.06913945967073956
4958d349-1ff1-4f6b-8344-fca7d4d717aa,3049d141-ca28-439a-869d-c8f2d5b5b882,2026-08-14T10:53:04.099000+00:00,2026-08-14T10:53:34.099000+00:00,genuine,0.4109736753068417,0.1106433257003801,-0.036133467240121196,1.1526392447860805,-0.42572113787312293,-0.8050553021160884,0.04865079078112163,-0.6595304344007243,0.4091937773305561,1.371851824574427,0.12562069434528444,-0.43844255819541683
4958d349-1ff1-4f6b-8344-fca7d4d717aa,e21d6bcf-d489-452a-8434-9fdeb4a8a4ff,2026-08-14T21:53:04.099000+00:00,2026-08-14T21:53:34.099000+00:00,genuine,-0.002042414756791949,0.1040971073811849,-0.009452596649893936,1.2109387990879463,1.3709387536323205,-0.8351207155114543,0.6572626440822134,-0.18102038855845937,0.12569671610435473,-1.0837315713748454,0.4078053961903152,0.15508858890382426
4958d349-1ff1-4f6b-8344-fca7d4d717aa,e21d6bcf-d489-452a-8434-9fdeb4a8a4ff,2026-08-14T20:53:04.099000+00:00,2026-08-14T20:53:34.099000+00:00,genuine,0.2525028234462776,-0.025497332455155883,-0.04260551085618585,0.7095350435514622,-0.5487531438952733,-0.5943405967252122,-0.8642669891705159,-0.0708292151418358,0.5865415121337296,0.40366511394003335,1.1349677161532121,-0.5939194786666163
4958d349-1ff1-4f6b-8344-fca7d4d717aa,e21d6bcf-d489-452a-8434-9fdeb4a8a4ff,2026-08-16T23:53:04.099000+00:00,2026-08-16T23:53:34.099000+00:00,genuine,-0.3293287473885772,-0.02419132597979307,-0.16065062908912872,0.8175335170082194,0.7645462543056604,0.1673500614194815,1.265874497383305,-0.2027411400893905,0.3965566741958706,-1.2497644477960426,0.3634978064252074,-0.2591534432880903
4958d349-1ff1-4f6b-8344-fca7d4d717aa,b18da398-8da7-48c4-a227-ad674d8de565,2026-08-14T19:53:04.099000+00:00,2026-08-14T19:53:34.099000+00:00,genuine,0.25616140905041107,0.02654424419725989,-0.0702947759200484,-0.30629027655317304,0.7306163972759974,-0.3590389593653251,-1.1685729158210618,-0.7698433682744136,0.6597909726525187,0.2757226460281599,-0.5420759241090612,-0.6035292611602274
4958d349-1ff1-4f6b-8344-fca7d4d717aa,e21d6bcf-d489-452a-8434-9fdeb4a8a4ff,2026-08-17T02:53:04.099000+00:00,2026-08-17T02:53:34.099000+00:00,genuine,-0.07504631847896975,0.1276029189659328,7.387603829326774e-05,1.1418875256866343,0.21514177514357252,1.2319009026182952,1.265874497383305,-0.8239862450896553,0.4338496335196764,0.5389416834765547,1.0511106488684308,-0.13355155667033952
4958d349-1ff1-4f6b-8344-fca7d4d717aa,dd8db810-64d3-4a3e-b264-bbb8473ae07b,2026-08-14T18:53:04.099000+00:00,2026-08-14T18:53:34.099000+00:00,genuine,-0.11714576786344566,-0.10484376319440325,-0.2507038189920804,0.03974506570717731,1.3708503301690782,0.7864581162406525,0.6572626440822134,-0.49177746206378803,0.058720269529432524,0.43683361227489853,-0.006724228625795821,0.25420026809183355
4958d349-1ff1-4f6b-8344-fca7d4d717aa,dd8db810-64d3-4a3e-b264-bbb8473ae07b,2026-08-14T22:53:04.099000+00:00,2026-08-14T22:53:34.099000+00:00,genuine,0.2676377155119526,0.07339552790158088,0.007682080761875543,0.41304129342270673,0.5569549679208536,-0.0041385597375191785,-0.55996106251997,-0.39514915100376646,-0.03550916545445587,-0.8565934497834984,-0.1510565369838728,-0.5125175049538024
4958d349-1ff1-4f6b-8344-fca7d4d717aa,e21d6bcf-d489-452a-8434-9fdeb4a8a4ff,2026-08-15T18:53:04.099000+00:00,2026-08-15T18:53:34.099000+00:00,genuine,0.5403398757977069,-0.22863383951245383,-0.11146966450967291,-0.18512543005084947,0.0081462945960356,1.0621595896026481,-0.55996106251997,-0.03119828240953012,0.5334426328754911,0.31479280749989014,0.8513875616111687,0.2632840439596824
4958d349-1ff1-4f6b-8344-fca7d4d717aa,b18da398-8da7-48c4-a227-ad674d8de565,2026-08-16T19:53:04.099000+00:00,2026-08-16T19:53:34.099000+00:00,genuine,0.2764346164206162,0.09443460857165514,-0.03399565477147287,0.21644756276509006,1.354150390601132,0.27175493574486415,1.5701804240338508,-0.5311096731875046,0.26554001236819136,1.5546553496588242,1.3129117977149756,-0.3469289158480205
4958d349-1ff1-4f6b-8344-fca7d4d717aa,3049d141-ca28-439a-869d-c8f2d5b5b882,2026-08-17T09:53:04.099000+00:00,2026-08-17T09:53:34.099000+00:00,genuine,-0.2091175089678721,-0.19214179244094137,-0.03201210905862932,0.25895330951062956,0.052609858473655985,0.7749932687689657,-0.55996106251997,-0.30434255509551494,0.4696540543308999,0.39337947823968433,0.029929938158923478,-0.042526277809452395
4958d349-1ff1-4f6b-8344-fca7d4d717aa,3049d141-ca28-439a-869d-c8f2d5b5b882,2026-08-14T11:53:04.099000+00:00,2026-08-14T11:53:34.099000+00:00,genuine,0.08736541895103017,0.06269421491741524,-0.05848854171775167,-0.09152475563713373,0.6057230383305786,1.1454742246585679,-1.4728788424716075,-0.3028866886510086,-0.13765898201270957,-0.0877627624775634,-0.5125675231602732,-0.15789068946860615
4958d349-1ff1-4f6b-8344-fca7d4d717aa,b18da398-8da7-48c4-a227-ad674d8de565,2026-08-15T22:53:04.099000+00:00,2026-08-15T22:53:34.099000+00:00,genuine,-0.05810364441808242,0.12125573142124622,0.0013665941973204682,0.9307608807758734,1.2452420228111793,1.036599926189268,0.35295671743166745,-0.7619868574828956,1.0461141869421766,-1.1980292558689527,0.7653305181711682,-0.5533198276547888
4958d349-1ff1-4f6b-8344-fca7d4d717aa,dd8db810-64d3-4a3e-b264-bbb8473ae07b,2026-08-15T11:53:04.099000+00:00,2026-08-15T11:53:34.099000+00:00,genuine,-0.0862516247834452,-0.1760081382795672,-0.18746399762076746,1.0791943628278442,0.7807710646606745,0.19174018057108,0.04865079078112163,-0.13796241577736623,0.6632465886551876,-1.4698556955248485,-0.13867335713380763,-0.2222112845499603
4958d349-1ff1-4f6b-8344-fca7d4d717aa,3049d141-ca28-439a-869d-c8f2d5b5b882,2026-08-14T09:53:04.099000+00:00,2026-08-14T09:53:34.099000+00:00,genuine,-0.2654549553092441,-0.12114725669061131,-0.24413599837668262,1.2965805787119096,0.9790296952514281,-0.45184990067965863,-0.25565513586942423,-0.44043703371041215,-0.14822025707040726,-1.5909226260845808,-0.6213230021135312,-0.22385477068634263
4958d349-1ff1-4f6b-8344-fca7d4d717aa,b18da398-8da7-48c4-a227-ad674d8de565,2026-08-15T18:53:04.099000+00:00,2026-08-15T18:53:34.099000+00:00,genuine,0.44253238548445756,-0.1754547816554967,-0.12045401082168146,1.0017420188000998,-0.309729980886079,1.589779984347827,-1.1685729158210618,-0.602188243059911,0.3724740872637882,1.2106620558103616,-0.6199321687143571,-0.37167498238296703
4958d349-1ff1-4f6b-8344-fca7d4d717aa,dd8db810-64d3-4a3e-b264-bbb8473ae07b,2026-08-15T08:53:04.099000+00:00,2026-08-15T08:53:34.099000+00:00,genuine,-0.08252797582475932,-0.22973045769575348,-0.15503844968516675,0.9707774784255172,-0.03960630111740361,1.588536072890858,1.5701804240338508,-0.5305850554368537,-0.24577298959716146,1.3564409977187204,0.32989246918331827,-0.5972152011265601
4958d349-1ff1-4f6b-8344-fca7d4d717aa,3049d141-ca28-439a-869d-c8f2d5b5b882,2026-08-17T05:53:04.099000+00:00,2026-08-17T05:53:34.099000+00:00,genuine,0.08461406839853845,-0.09954307981854844,-0.23727343797055278,-0.1714508455546351,0.20068267166181947,1.6732737893432277,-0.25565513586942423,-0.39446986303059167,0.5907563273423839,0.19924607448062698,-0.3270605042752692,-0.0418079548115309
4958d349-1ff1-4f6b-8344-fca7d4d717aa,e21d6bcf-d489-452a-8434-9fdeb4a8a4ff,2026-08-14T12:53:04.099000+00:00,2026-08-14T12:53:34.099000+00:00,genuine,-0.31654171960447464,0.04520593622825481,-0.1357253216677314,0.6131544978607762,0.07746599710720734,-1.0886291306512605,-1.1685729158210618,-0.46053212025203116,-0.015905729822549373,-0.8763953270457697,-0.033370142857707556,0.09469132233920259
4958d349-1ff1-4f6b-8344-fca7d4d717aa,b18da398-8da7-48c4-a227-ad674d8de565,2026-08-16T14:53:04.099000+00:00,2026-08-16T14:53:34.099000+00:00,genuine,-0.22681883849256465,-0.22866925744850902,-0.1351994925455362,0.9806866851804037,-0.8969194960434573,1.5084445825051058,-1.1685729158210618,-0.04476730967788186,0.17704538793932426,-0.01466201885947813,-0.4526583509751324,-0.012744462694276436
4958d349-1ff1-4f6b-8344-fca7d4d717aa,dd8db810-64d3-4a3e-b264-bbb8473ae07b,2026-08-16T16:53:04.099000+00:00,2026-08-16T16:53:34.099000+00:00,genuine,-0.32879315032658807,-0.13543544432462284,-0.16317684167743285,0.28027253020157,-0.012460084790600848,1.7258930629890434,1.265874497383305,-0.09973148251942315,1.0073932047690246,0.2999638558022338,0.7542397560219357,0.07408416315670263
4958d349-1ff1-4f6b-8344-fca7d4d717aa,e21d6bcf-d489-452a-8434-9fdeb4a8a4ff,2026-08-15T17:53:04.099000+00:00,2026-08-15T17:53:34.099000+00:00,genuine,0.22809005963878054,-0.0158854155457909,-0.0696763512466593,-0.28548472935762836,-0.25263430874975135,0.18842688232837893,0.6572626440822134,-0.5169733540778046,0.5933796653324823,-0.8772951867309066,0.9041712774488868,0.2689667618079292
4958d349-1ff1-4f6b-8344-fca7d4d717aa,b18da398-8da7-48c4-a227-ad674d8de565,2026-08-15T06:53:04.099000+00:00,2026-08-15T06:53:34.099000+00:00,genuine,-0.4251846009500604,0.11270077961700982,-0.156885661513172,0.7417148621589884,1.4780957442490965,-0.5002885594116344,0.6572626440822134,-0.609673803356726,0.35002366773331706,-0.4283504512525346,1.3523541812162172,-0.2007913635052233
4958d349-1ff1-4f6b-8344-fca7d4d717aa,dd8db810-64d3-4a3e-b264-bbb8473ae07b,2026-08-16T03:53:04.099000+00:00,2026-08-16T03:53:34.099000+00:00,genuine,-0.39601940690628157,-0.006166472107252947,-0.1674183039828705,0.8764048799622242,1.0505659658295092,-0.22394339838697802,0.35295671743166745,-0.3476005000016204,0.4974004813514495,-1.4352770644698538,1.1207521543577927,0.03951723231782853
4958d349-1ff1-4f6b-8344-fca7d4d717aa,dd8db810-64d3-4a3e-b264-bbb8473ae07b,2026-08-14T23:53:04.099000+00:00,2026-08-14T23:53:34.099000+00:00,genuine,-0.023249934078460696,0.035048334040556475,-0.1891654776042218,0.22743414268516485,-0.49982950809518456,-1.064850745276386,-1.4728788424716075,-0.5953825656204579,-0.17785506585215782,0.4620842240540899,0.041312507883126785,-0.2195440283294864
4958d349-1ff1-4f6b-8344-fca7d4d717aa,e21d6bcf-d489-452a-8434-9fdeb4a8a4ff,2026-08-14T10:53:04.099000+00:00,2026-08-14T10:53:34.099000+00:00,genuine,0.14196248038568784,-0.20067599687116974,-0.24892652453181752,0.38394370253253396,-0.08013423031432168,1.47548559036768,0.6572626440822134,-0.05662573094129485,0.39880179692941303,1.2994721165748009,-0.3660242949749208,-0.5233853123064468
4958d349-1ff1-4f6b-8344-fca7d4d717aa,b18da398-8da7-48c4-a227-ad674d8de565,2026-08-15T08:53:04.099000+00:00,2026-08-15T08:53:34.099000+00:00,genuine,0.06348551114337112,-0.17727101552885538,0.035564899409452407,1.2019796929469122,-0.018883111435375893,-0.03612353029961371,1.5701804240338508,-0.650255742198489,1.0704459709253118,-0.15195399030334886,1.0029890574037663,-0.39103120003605357
4958d349-1ff1-4f6b-8344-fca7d4d717aa,dd8db810-64d3-4a3e-b264-bbb8473ae07b,2026-08-15T13:53:04.099000+00:00,2026-08-15T13:53:34.099000+00:00,genuine,0.009505049427937506,0.10271399542614743,-0.039275863165547056,-0.2582699155629435,0.588521899590249,1.1302354917323292,-1.1685729158210618,-0.823460666426694,0.38913168509608215,1.0446349663841947,0.9975101160056987,-0.2098118536384197
4958d349-1ff1-4f6b-8344-fca7d4d717aa,dd8db810-64d3-4a3e-b264-bbb8473ae07b,2026-08-17T00:53:04.099000+00:00,2026-08-17T00:53:34.099000+00:00,genuine,-0.1301347234204714,-0.1764015380061813,-0.1858372615645161,0.8206355035181893,0.18948643451745395,-0.4212214719154272,-0.25565513586942423,-0.06122644121825763,0.2127767075868624,0.27357599603859395,1.3726636059840243,-0.26919548270288396
4958d349-1ff1-4f6b-8344-fca7d4d717aa,3049d141-ca28-439a-869d-c8f2d5b5b882,2026-08-14T15:53:04.099000+00:00,2026-08-14T15:53:34.099000+00:00,genuine,0.357494541971905,-0.157227080903809,-0.08333346443986941,0.3619179471026301,1.2211522667495691,1.2925267368662166,0.35295671743166745,-0.6656237922702878,0.923047334953663,-0.9253913926737597,-0.6141965662664028,-0.045439633052853874
4958d349-1ff1-4f6b-8344-fca7d4d717aa,b18da398-8da7-48c4-a227-ad674d8de565,2026-08-16T11:53:04.099000+00:00,2026-08-16T11:53:34.099000+00:00,genuine,0.5300049856370305,-0.1845736498990729,-0.020293743235619853,0.14945554443468514,-0.8618819984572113,0.16828821900478386,1.265874497383305,-0.10491872249517896,0.08168055681586071,1.60610615521655,-0.4519743250955445,-0.5801981589712412
4958d349-1ff1-4f6b-8344-fca7d4d717aa,e21d6bcf-d489-452a-8434-9fdeb4a8a4ff,2026-08-14T18:53:04.099000+00:00,2026-08-14T18:53:34.099000+00:00,genuine,-0.2920753797177061,-0.18623087586884388,-0.13121210848894788,-0.14571350885765616,0.002882005010641582,0.4770621422308295,0.35295671743166745,-0.12750242608087575,0.2677806959305135,1.554315481550465,-0.05035660780461958,-0.4106549871309749
4958d349-1ff1-4f6b-8344-fca7d4d717aa,b18da398-8da7-48c4-a227-ad674d8de565,2026-08-15T12:53:04.099000+00:00,2026-08-15T12:53:34.099000+00:00,genuine,-0.30712041836963083,-0.04616459092234358,-0.1760449309894668,1.1147233165127617,-0.34906559711877827,0.8197004614236042,-1.1685729158210618,-0.09188094876729715,-0.3634102523546634,-0.21864937652319563,0.15329090890838382,-0.2833842656348756
4958d349-1ff1-4f6b-8344-fca7d4d717aa,3049d141-ca28-439a-869d-c8f2d5b5b882,2026-08-15T19:53:04.099000+00:00,2026-08-15T19:53:34.099000+00:00,genuine,0.062101744912825066,-0.09516484022404202,-0.1660405291021358,0.35648261508083523,1.1686550000396838,1.5369025255064122,-0.55996106251997,-0.2971798931315943,0.6442605070142884,1.0046980211205139,0.9900211321261642,-0.38647627065912
4958d349-1ff1-4f6b-8344-fca7d4d717aa,e21d6bcf-d489-452a-8434-9fdeb4a8a4ff,2026-08-15T01:53:04.099000+00:00,2026-08-15T01:53:34.099000+00:00,genuine,-0.4513055002320983,0.04614330526359947,-0.002594752277699532,0.1959294679524962,1.387911201533793,-0.5405798124274155,1.5701804240338508,-0.04102060466718311,0.00013012780135197695,-1.2005201743284641,-0.4809821686866192,-0.5848642239123314
4958d349-1ff1-4f6b-8344-fca7d4d717aa,b18da398-8da7-48c4-a227-ad674d8de565,2026-08-16T10:53:04.099000+00:00,2026-08-16T10:53:34.099000+00:00,genuine,-0.29172481288003166,0.002266168400136685,-0.16033377583689065,1.2770171016404799,-0.4995428840326722,0.5103323338892239,1.5701804240338508,-0.13500215492829054,0.2015010774877499,-0.21305490411220415,1.2058857616778749,-0.3085714878052017
4958d349-1ff1-4f6b-8344-fca7d4d717aa,dd8db810-64d3-4a3e-b264-bbb8473ae07b,2026-08-16T21:53:04.099000+00:00,2026-08-16T21:53:34.099000+00:00,genuine,0.5098811596992554,-0.23673331261377573,-0.0866688999119947,0.22170960701182157,1.5100182599020104,0.2797793445235979,-1.1685729158210618,-0.060435599782774296,0.637959585043773,-0.8074703617795834,-0.21554792704701253,-0.35579927654653504
4958d349-1ff1-4f6b-8344-fca7d4d717aa,3049d141-ca28-439a-869d-c8f2d5b5b882,2026-08-16T19:53:04.099000+00:00,2026-08-16T19:53:34.099000+00:00,genuine,0.2902576491136935,-0.06641082864163361,-0.09835708587064336,-0.16855417998295813,0.31683378043316235,-0.3306851024525128,0.6572626440822134,-0.35283747986183406,-0.23263382813821562,0.6725473641346043,-0.598278432993572,-0.5484866302247736
4958d349-1ff1-4f6b-8344-fca7d4d717aa,dd8db810-64d3-4a3e-b264-bbb8473ae07b,2026-08-14T21:53:04.099000+00:00,2026-08-14T21:53:34.099000+00:00,genuine,-0.3264174903511436,-0.01379146677648956,-0.012744257554948598,0.6949283946059134,-0.4329594269195423,0.9904626384624361,-1.4728788424716075,-0.8329362502903529,-0.2809760745952982,0.7530883788964171,0.22612415189264407,-0.535221958238695
4958d349-1ff1-4f6b-8344-fca7d4d717aa,e21d6bcf-d489-452a-8434-9fdeb4a8a4ff,2026-08-14T16:53:04.099000+00:00,2026-08-14T16:53:34.099000+00:00,genuine,0.5076695659638789,-0.1436293864440346,-0.14391727073336782,0.4543962960795263,-0.15937758384600578,1.2932472978025966,0.35295671743166745,-0.035826503345895905,0.9091396490006057,1.2436623475842294,-0.3735631079566264,0.11603280269566192
4958d349-1ff1-4f6b-8344-fca7d4d717aa,b18da398-8da7-48c4-a227-ad674d8de565,2026-08-17T09:53:04.099000+00:00,2026-08-17T09:53:34.099000+00:00,genuine,0.16979144509381927,-0.24375940947225386,-0.09166203491210223,0.31694843928915434,-0.25725863852732206,1.512281054946438,-0.55996106251997,-0.37827859311379264,0.26065908009322686,-1.518962166059303,1.3241193261539264,-0.03992067216646268
4958d349-1ff1-4f6b-8344-fca7d4d717aa,3049d141-ca28-439a-869d-c8f2d5b5b882,2026-08-17T05:53:04.099000+00:00,2026-08-17T05:53:34.099000+00:00,genuine,-0.23896003392916534,-0.015958572558061972,-0.22981721494269203,0.5486363481294804,-0.4268248679682445,-0.464124195425098,-1.1685729158210618,-0.43383434731376386,0.269473685754941,1.374090063837835,-0.05431819064361832,-0.45840336470386067
4958d349-1ff1-4f6b-8344-fca7d4d717aa,3049d141-ca28-439a-869d-c8f2d5b5b882,2026-08-17T08:53:04.099000+00:00,2026-08-17T08:53:34.099000+00:00,genuine,-0.3483587650638487,0.11394606393549082,-0.19770219238578085,0.25471624785717467,0.806407497630487,0.4831807780313832,0.6572626440822134,-0.282085095131475,-0.23717169205972466,0.9004885645570256,0.3620296341272513,-0.5861964544292083
4958d349-1ff1-4f6b-8344-fca7d4d717aa,3049d141-ca28-439a-869d-c8f2d5b5b882,2026-08-15T09:53:04.099000+00:00,2026-08-15T09:53:34.099000+00:00,genuine,0.27980862424604314,0.0471296120322668,-0.17106745206433246,1.129562914537109,0.6299758129567115,1.482090564318413,-0.25565513586942423,-0.6261182937977267,0.12726750505434095,1.3953345173275755,0.9976741121903202,-0.024176532728158676
4958d349-1ff1-4f6b-8344-fca7d4d717aa,fabcc866-0af6-4c58-b795-fdb8040fd04f,1970-01-01T00:02:44.621000+00:00,1970-01-01T00:03:14.622000+00:00,genuine,-0.7875376098553013,-0.5374189968484542,-0.3172945057429937,-1.9349569810929186,-1.5863132847853643,-1.3502789085909068,-0.55996106251997,0.17073107343975918,-2.1152785990629335,-0.9177748840807505,-1.7252509131894216,-0.6434603029727454
